,Filtered_sequenced_variants,Filtered_sequenced_variants_rc,Usable_variants,Covered_variants_%,Usable_variants_rc,Usable_variants_%rc,Unsequenced_variants,Unexpected_variants,Unexpected_variants_rc
input1,802,181264,242,76.8,177367.0,97.89999999999999,72,560,3897.0
input2,1106,146737,241,76.5,132318.0,90.2,72,865,14419.0
input3,1065,135458,239,75.9,128717.0,95.0,72,826,6741.0
b1,344,151553,218,69.19999999999999,151031.0,99.7,72,126,522.0
b2,325,105092,212,67.30000000000001,104670.0,99.6,72,113,422.0
b3,340,119544,218,69.19999999999999,119070.0,99.6,72,122,474.0
