,rep_compared,Pearson,replicate1,replicate2
0,"('1', '2')",0.9116531668344898,1,2
1,"('1', '3')",0.9200219202078098,1,3
2,"('2', '3')",0.9179283083230676,2,3
