,total_readcount,WT,WT_%,single_mut_readcount,single_mut_readcount_%,ortho_mut_readcount,ortho_mut_readcount_%,double_mut_readcount,double_mut_readcount_%
input1,177367.0,4158.0,2.3,137696.0,77.60000000000001,35513.0,20.0,0.0,0.0
input2,132318.0,3244.0,2.5,105579.0,79.80000000000001,23495.0,17.8,0.0,0.0
input3,128717.0,3047.0,2.4,99987.0,77.7,25683.0,20.0,0.0,0.0
b1,151031.0,658.0,0.4,145705.0,96.5,4668.0,3.1,0.0,0.0
b2,104670.0,1191.0,1.0999999999999999,100940.0,96.39999999999999,2539.0,2.4,0.0,0.0
b3,119070.0,316.0,0.3,114971.0,96.6,3783.0,3.2,0.0,0.0
