,Total_reads,Reads_no_indels,Reads_no_indels_%,No_indels_acceptable_RC,Acceptable_RC_over_no_indels_%
input1,183699,182184,99.2,179070,98.3
input2,149172,147788,99.1,133827,90.60000000000001
input3,137538,136260,99.1,129999,95.39999999999999
b1,152649,152311,99.8,151095,99.2
b2,105775,105557,99.8,104717,99.2
b3,120399,120121,99.8,119122,99.2
