,total_readcount,WT,WT_%,single_mut_readcount,single_mut_readcount_%,ortho_mut_readcount,ortho_mut_readcount_%,double_mut_readcount,double_mut_readcount_%
input1,177367.0,4158.0,2.3,137696.0,77.60000000000001,35513.0,20.0,0.0,0.0
input2,132318.0,3244.0,2.5,105579.0,79.80000000000001,23495.0,17.8,0.0,0.0
input3,128717.0,3047.0,2.4,99987.0,77.7,25683.0,20.0,0.0,0.0
b2,144809.0,16251.0,11.200000000000001,64974.0,44.9,63584.0,43.9,0.0,0.0
b3,109097.0,1472.0,1.3,45283.0,41.5,62342.0,57.099999999999994,0.0,0.0
