,Filtered_sequenced_variants,Filtered_sequenced_variants_rc,Usable_variants,Covered_variants_%,Usable_variants_rc,Usable_variants_%rc,Unsequenced_variants,Unexpected_variants,Unexpected_variants_rc
input1,883,259796,276,82.6,250110.0,96.3,53,607,9686.0
input2,1988,241936,275,82.3,223168.0,92.2,53,1713,18768.0
input3,1941,197138,276,82.6,182291.0,92.5,53,1665,14847.0
b1,677,173682,224,67.10000000000001,169897.0,97.8,53,453,3785.0
b2,385,117824,229,68.60000000000001,115621.0,98.1,53,156,2203.0
b3,575,137558,211,63.2,134702.0,97.89999999999999,53,364,2856.0
