,rep_compared,Pearson,replicate1,replicate2
0,"('1', '2')",0.9480679407099252,1,2
1,"('1', '3')",0.9449351080169287,1,3
2,"('2', '3')",0.9529201088729717,2,3
