,total_readcount,WT,WT_%,single_mut_readcount,single_mut_readcount_%,ortho_mut_readcount,ortho_mut_readcount_%,double_mut_readcount,double_mut_readcount_%
input1,250110.0,5266.0,2.1,208453.0,83.3,36391.0,14.499999999999998,0.0,0.0
input2,223168.0,4684.0,2.1,187511.0,84.0,30973.0,13.900000000000002,0.0,0.0
input3,182291.0,3879.0,2.1,152268.0,83.5,26144.0,14.299999999999999,0.0,0.0
b1,169897.0,94.0,0.1,133666.0,78.7,36137.0,21.3,0.0,0.0
b2,115621.0,134.0,0.1,87701.0,75.9,27786.0,24.0,0.0,0.0
b3,134702.0,35.0,0.0,105949.0,78.7,28718.0,21.3,0.0,0.0
