,seq_type,nt_seq,aa_pos,alt_codons,mutated_codon,combination,aa_seq,WT,STOP,STOP_readthrough,Nham_nt,Nham_aa,Nmut_codons,b1,b2,b3,input1,input2,input3,barcode_valid,indel,constant_region,permitted,too_many_substitutions,mixed_substitutions,confidence_score,Location,input1_abundance,input2_abundance,input3_abundance,b1_abundance,b2_abundance,b3_abundance,input1_log10,input2_log10,input3_log10,b1_log10,b2_log10,b3_log10,alt_aa,mutation_type,Log2FC_1,Log2FC_2,Log2FC_3,selcoeff_1,selcoeff_2,selcoeff_3,median_s
0,single,aagttagttttatctttgagagatcca,0.0,aag,1.0,,KLVLSLRDP,,False,False,3.0,1.0,1.0,3708.0,2209.0,2786.0,1751.0,1309.0,1181.0,True,False,True,True,False,False,1.0,both,0.006993062849703064,0.005858160027567812,0.00646868084919922,0.021788950393117793,0.019059205190592052,0.020639636102323996,-2.155332568548468,-2.2322387688544216,-2.1891842754866357,-1.661763689875642,-1.7198952143239954,-1.6852979640286367,K,non-synonymous,0.28758009393707135,0.2958345865335816,0.29494655043989015,1.4713744948398226,1.4461248330369743,1.5220396790974382,1.4713744948398226
1,single,aatttagttttatctttgagagatcca,0.0,aat,1.0,,NLVLSLRDP,,False,False,2.0,1.0,1.0,7707.0,5428.0,5985.0,3714.0,3317.0,2646.0,True,False,True,True,False,False,1.0,both,0.014832801498456415,0.014844550658092003,0.01449291238525075,0.04528787504847865,0.046832668978964986,0.04433891675247994,-1.8287768152281523,-1.8284329438856954,-1.8388443332486681,-1.344018056362093,-1.3294510912077309,-1.353214921374152,N,non-synonymous,0.28244683859804054,0.2881193464218348,0.28425999390634454,1.4662412395007918,1.4384095929252274,1.5113531225638928,1.4662412395007918
2,single,aggttagttttatctttgagagatcca,0.0,agg,1.0,,RLVLSLRDP,,False,False,3.0,1.0,1.0,1251.0,840.0,886.0,565.0,424.0,428.0,True,False,True,True,False,False,1.0,both,0.0022564708795443926,0.001897524714811881,0.0023442806125802424,0.007351126467581004,0.007247502200134597,0.006563789514235126,-2.6465702668124753,-2.721812558812445,-2.6299904040869784,-2.1336461056546816,-2.1398116441335486,-2.1828453542295305,R,non-synonymous,0.29885753503135754,0.3360557548420815,0.2617334247880635,1.4826519359341088,1.4863460013454741,1.4888265534456115,1.4863460013454741
3,single,atgttagttttatctttgagagatcca,0.0,atg,1.0,,MLVLSLRDP,,False,False,2.0,1.0,1.0,17.0,6.0,6.0,1315.0,1235.0,911.0,True,False,True,True,False,False,1.0,both,0.005251786206373232,0.0055269882613034746,0.0049898122384593475,9.98954036361927e-05,5.1767872858104264e-05,4.445004185712275e-05,-2.2796929618061372,-2.257511457809493,-2.301915796127152,-4.000454493969827,-4.285939679811786,-4.352127825732937,M,non-synonymous,-1.0026093306238637,-1.17124382470095,-1.2000781764697672,0.18118507027888753,-0.020953578197557388,0.02701495218778094,0.02701495218778094
4,single,attttagttttatctttgagagatcca,0.0,att,1.0,,ILVLSLRDP,,False,False,1.0,1.0,1.0,2.0,2.0,1.0,4.0,3.0,3.0,True,False,True,True,False,False,3.0,both,1.5975015076420478e-05,1.34258824161218e-05,1.643187345266525e-05,1.1752400427787376e-05,1.7255957619368087e-05,7.408340309520458e-06,-4.796558723303951,-4.872057160685515,-4.784312918380488,-4.92987341968412,-4.763060934531449,-5.130279076116581,I,non-synonymous,-0.07767639850245663,0.06293599912184313,-0.20250902331112308,1.1061180024002946,1.2132262456252358,1.024584105346425,1.1061180024002946
5,single,cagttagttttatctttgagagatcca,0.0,cag,1.0,,QLVLSLRDP,,False,False,3.0,1.0,1.0,8.0,9.0,3.0,1201.0,1116.0,960.0,True,False,True,True,False,False,1.0,both,0.004796498276695249,0.0049944282587973095,0.00525819950485288,4.7009601711149503e-05,7.765180928715639e-05,2.2225020928561376e-05,-2.319075707229008,-2.3015142208036177,-2.2791629400605817,-4.327813428356158,-4.109848420756105,-4.653157821396919,Q,non-synonymous,-1.1703999330144337,-1.0441583496600995,-1.389602346977973,0.013394467888317552,0.10613189684329316,-0.16250921832042486,0.013394467888317552
6,single,catttagttttatctttgagagatcca,0.0,cat,1.0,,HLVLSLRDP,,False,False,2.0,1.0,1.0,1.0,2.0,1.0,3.0,3.0,5.0,True,False,True,True,False,False,2.0,both,1.1981261307315359e-05,1.34258824161218e-05,2.7386455754442085e-05,5.876200213893688e-06,1.7255957619368087e-05,7.408340309520458e-06,-4.921497459912252,-4.872057160685515,-4.562464168764132,-5.230903415348101,-4.763060934531449,-5.130279076116581,H,non-synonymous,-0.18027675077121905,0.06293599912184313,-0.33236673512197745,1.0035176501315322,1.2132262456252358,0.8947263935355707,1.0035176501315322
7,single,ccgttagttttatctttgagagatcca,0.0,ccg,1.0,,PLVLSLRDP,,False,False,3.0,1.0,1.0,761.0,513.0,620.0,561.0,529.0,408.0,True,False,True,True,False,False,1.0,both,0.002240495864467972,0.002367430599376144,0.002234734789562474,0.004471788362773096,0.004426153129367914,0.004593170991902684,-2.6496558533757524,-2.625722743369992,-2.6507740100102706,-2.3495187585775286,-2.353973565083614,-2.3378873866183274,P,non-synonymous,0.17487620805461662,0.1569119101593321,0.1831461346532946,1.358670608957368,1.3072021566627248,1.4102392633108427,1.358670608957368
8,single,cctttagttttatctttgagagatcca,0.0,cct,1.0,,PLVLSLRDP,,False,False,2.0,1.0,1.0,5.0,3.0,2.0,9.0,3.0,6.0,True,False,True,True,False,False,2.0,both,3.594378392194608e-05,1.34258824161218e-05,3.28637469053305e-05,2.938100106946844e-05,2.5883936429052132e-05,1.4816680619040916e-05,-4.444376205192589,-4.872057160685515,-4.483282922716507,-4.531933411012083,-4.586969675475768,-4.8292490804526,P,non-synonymous,-0.05101559389673039,0.1646136417002891,-0.20250902331112308,1.1327788070060207,1.3149038882036816,1.024584105346425,1.1327788070060207
9,single,cggttagttttatctttgagagatcca,0.0,cgg,1.0,,RLVLSLRDP,,False,False,3.0,1.0,1.0,706.0,423.0,487.0,343.0,280.0,215.0,True,False,True,True,False,False,1.0,both,0.0013698575428030561,0.0012530823588380346,0.0011776175974410096,0.004148597351008944,0.0036496350364963502,0.003607861730736463,-2.8633245945891432,-2.9020203840629586,-2.928995713184545,-2.3820987142962977,-2.437750562820388,-2.4427501149019473,R,non-synonymous,0.2803883912447856,0.26807611688059024,0.2846206745824395,1.4641827921475368,1.418366363383983,1.5117138032399877,1.4641827921475368
10,single,cgtttagttttatctttgagagatcca,0.0,cgt,1.0,,RLVLSLRDP,,False,False,2.0,1.0,1.0,367.0,224.0,293.0,233.0,185.0,136.0,True,False,True,True,False,False,1.0,both,0.0009305446282014928,0.0008279294156608443,0.0007449115965208246,0.0021565654784989835,0.0019326672533692257,0.002170643710689494,-3.031262793605895,-3.082006687002164,-3.1278952647299327,-2.666237351096012,-2.7138429118612675,-2.663411455762472,R,non-synonymous,0.21268369133945694,0.212583094356038,0.2718825538120475,1.3964780922422082,1.3628733408594307,1.4989756824695957,1.3964780922422082
11,single,ctgttagttttatctttgagagatcca,0.0,ctg,1.0,,LLVLSLRDP,,False,False,2.0,1.0,1.0,8.0,9.0,14.0,1717.0,1365.0,1175.0,True,False,True,True,False,False,1.0,both,0.00685727522155349,0.006108776499335419,0.006435817102293889,4.7009601711149503e-05,7.765180928715639e-05,0.00010371676433328641,-2.1638484194709973,-2.214045764028403,-2.191396306492395,-4.327813428356158,-4.109848420756105,-3.9841510404383436,L,non-synonymous,-1.2608437999678774,-1.0946639030451562,-1.0493772355755204,-0.0770493990651262,0.05562634345823647,0.17771589308202773,0.05562634345823647
12,single,cttttagttttatctttgagagatcca,0.0,ctt,1.0,,LLVLSLRDP,,False,False,1.0,1.0,1.0,5.0,4.0,4.0,1264.0,1125.0,888.0,True,False,True,True,False,False,1.0,both,0.005048104764148871,0.005034705906045675,0.004863834541988914,2.938100106946844e-05,3.4511915238736174e-05,2.9633361238081832e-05,-2.2968716406855476,-2.2980258929577966,-2.3130212073215493,-4.531933411012083,-4.462030938867468,-4.528219084788619,L,non-synonymous,-1.302268643018983,-1.2495278458221595,-1.2966515613614553,-0.1184742421162317,-0.09923759931876686,-0.06955843270390716,-0.09923759931876686
13,single,gagttagttttatctttgagagatcca,0.0,gag,1.0,,ELVLSLRDP,,False,False,3.0,1.0,1.0,1.0,1.0,1.0,2.0,13.0,13.0,True,False,True,True,False,False,2.0,both,7.987507538210239e-06,5.817882380319447e-05,7.120478496154942e-05,5.876200213893688e-06,8.627978809684043e-06,7.408340309520458e-06,-5.097588718967932,-4.235235063098341,-4.147490820793314,-5.230903415348101,-5.06409093019543,-5.130279076116581,E,non-synonymous,-0.07767639850245663,-0.4785933785452527,-0.5752686650321872,1.1061180024002946,0.6716968679581399,0.651824463625361,0.6716968679581399
14,single,gatttagttttatctttgagagatcca,0.0,gat,1.0,,DLVLSLRDP,,False,False,2.0,1.0,1.0,1.0,1.0,1.0,4.0,4.0,4.0,True,False,True,True,False,False,3.0,both,1.5975015076420478e-05,1.7901176554829066e-05,2.1909164603553667e-05,5.876200213893688e-06,8.627978809684043e-06,7.408340309520458e-06,-4.796558723303951,-4.7471184240772155,-4.659374181772188,-5.230903415348101,-5.06409093019543,-5.130279076116581,D,non-synonymous,-0.2530728592025428,-0.18302451443141265,-0.2756410940599982,0.9307215417002084,0.96726573207198,0.9514520345975499,0.9514520345975499
15,ortho,gctatttgttctgatttgagagaagat,0.0,gct,1.0,,AICSDLRED,,False,False,14.0,7.0,7.0,243.0,262.0,209.0,422.0,375.0,334.0,True,False,True,True,False,False,1.0,both,0.0016853640905623605,0.001678235302015225,0.0018294152443967312,0.0014279166519761662,0.0022605304481372194,0.0015483431246897759,-2.77330626367024,-2.7751471476774587,-2.737687706288586,-2.845297141749789,-2.645789638875685,-2.8101327900055275,A,non-synonymous,-0.041945804071760774,0.07469289853067586,-0.04240525502035201,1.1418485968309904,1.2249831450340685,1.1846878736371962,1.1846878736371962
16,ortho,gctatttgttctgatttgagagaagat,1.0,att,2.0,,AICSDLRED,,False,False,14.0,7.0,7.0,243.0,262.0,209.0,422.0,375.0,334.0,True,False,True,True,False,False,1.0,both,0.0016853640905623605,0.001678235302015225,0.0018294152443967312,0.0014279166519761662,0.0022605304481372194,0.0015483431246897759,-2.77330626367024,-2.7751471476774587,-2.737687706288586,-2.845297141749789,-2.645789638875685,-2.8101327900055275,I,non-synonymous,-0.041945804071760774,0.07469289853067586,-0.04240525502035201,1.1418485968309904,1.2249831450340685,1.1846878736371962,1.1846878736371962
17,ortho,gctatttgttctgatttgagagaagat,2.0,tgt,3.0,,AICSDLRED,,False,False,14.0,7.0,7.0,243.0,262.0,209.0,422.0,375.0,334.0,True,False,True,True,False,False,1.0,both,0.0016853640905623605,0.001678235302015225,0.0018294152443967312,0.0014279166519761662,0.0022605304481372194,0.0015483431246897759,-2.77330626367024,-2.7751471476774587,-2.737687706288586,-2.845297141749789,-2.645789638875685,-2.8101327900055275,C,non-synonymous,-0.041945804071760774,0.07469289853067586,-0.04240525502035201,1.1418485968309904,1.2249831450340685,1.1846878736371962,1.1846878736371962
18,ortho,gctatttgttctgatttgagagaagat,3.0,tct,4.0,,AICSDLRED,,False,False,14.0,7.0,7.0,243.0,262.0,209.0,422.0,375.0,334.0,True,False,True,True,False,False,1.0,both,0.0016853640905623605,0.001678235302015225,0.0018294152443967312,0.0014279166519761662,0.0022605304481372194,0.0015483431246897759,-2.77330626367024,-2.7751471476774587,-2.737687706288586,-2.845297141749789,-2.645789638875685,-2.8101327900055275,S,non-synonymous,-0.041945804071760774,0.07469289853067586,-0.04240525502035201,1.1418485968309904,1.2249831450340685,1.1846878736371962,1.1846878736371962
19,ortho,gctatttgttctgatttgagagaagat,4.0,gat,5.0,,AICSDLRED,,False,False,14.0,7.0,7.0,243.0,262.0,209.0,422.0,375.0,334.0,True,False,True,True,False,False,1.0,both,0.0016853640905623605,0.001678235302015225,0.0018294152443967312,0.0014279166519761662,0.0022605304481372194,0.0015483431246897759,-2.77330626367024,-2.7751471476774587,-2.737687706288586,-2.845297141749789,-2.645789638875685,-2.8101327900055275,D,non-synonymous,-0.041945804071760774,0.07469289853067586,-0.04240525502035201,1.1418485968309904,1.2249831450340685,1.1846878736371962,1.1846878736371962
20,ortho,gctatttgttctgatttgagagaagat,7.0,gaa,6.0,,AICSDLRED,,False,False,14.0,7.0,7.0,243.0,262.0,209.0,422.0,375.0,334.0,True,False,True,True,False,False,1.0,both,0.0016853640905623605,0.001678235302015225,0.0018294152443967312,0.0014279166519761662,0.0022605304481372194,0.0015483431246897759,-2.77330626367024,-2.7751471476774587,-2.737687706288586,-2.845297141749789,-2.645789638875685,-2.8101327900055275,E,non-synonymous,-0.041945804071760774,0.07469289853067586,-0.04240525502035201,1.1418485968309904,1.2249831450340685,1.1846878736371962,1.1846878736371962
21,ortho,gctatttgttctgatttgagagaagat,8.0,gat,7.0,,AICSDLRED,,False,False,14.0,7.0,7.0,243.0,262.0,209.0,422.0,375.0,334.0,True,False,True,True,False,False,1.0,both,0.0016853640905623605,0.001678235302015225,0.0018294152443967312,0.0014279166519761662,0.0022605304481372194,0.0015483431246897759,-2.77330626367024,-2.7751471476774587,-2.737687706288586,-2.845297141749789,-2.645789638875685,-2.8101327900055275,D,non-synonymous,-0.041945804071760774,0.07469289853067586,-0.04240525502035201,1.1418485968309904,1.2249831450340685,1.1846878736371962,1.1846878736371962
22,ortho,gctttgactttgtcttttagagatcca,0.0,gct,1.0,,ALTLSFRDP,,False,False,7.0,3.0,5.0,398.0,259.0,246.0,162.0,162.0,137.0,True,False,True,True,False,False,1.0,both,0.0006469881105950294,0.0007249976504705772,0.0007503888876717131,0.002338727685129688,0.0022346465117081674,0.0018224517161420327,-3.189103700089283,-3.139663400862547,-3.1247136059437435,-2.6310203432744137,-2.6507911661141783,-2.7393439690132024,A,non-synonymous,0.3251697404607299,0.2822819066536002,0.22557359164619897,1.5089641413634811,1.4325721531569928,1.452666720303747,1.452666720303747
23,ortho,gctttgactttgtcttttagagatcca,1.0,ttg,2.0,,ALTLSFRDP,,False,False,7.0,3.0,5.0,398.0,259.0,246.0,162.0,162.0,137.0,True,False,True,True,False,False,1.0,both,0.0006469881105950294,0.0007249976504705772,0.0007503888876717131,0.002338727685129688,0.0022346465117081674,0.0018224517161420327,-3.189103700089283,-3.139663400862547,-3.1247136059437435,-2.6310203432744137,-2.6507911661141783,-2.7393439690132024,L,synonymous,0.3251697404607299,0.2822819066536002,0.22557359164619897,1.5089641413634811,1.4325721531569928,1.452666720303747,1.452666720303747
24,ortho,gctttgactttgtcttttagagatcca,2.0,act,3.0,,ALTLSFRDP,,False,False,7.0,3.0,5.0,398.0,259.0,246.0,162.0,162.0,137.0,True,False,True,True,False,False,1.0,both,0.0006469881105950294,0.0007249976504705772,0.0007503888876717131,0.002338727685129688,0.0022346465117081674,0.0018224517161420327,-3.189103700089283,-3.139663400862547,-3.1247136059437435,-2.6310203432744137,-2.6507911661141783,-2.7393439690132024,T,non-synonymous,0.3251697404607299,0.2822819066536002,0.22557359164619897,1.5089641413634811,1.4325721531569928,1.452666720303747,1.452666720303747
25,ortho,gctttgactttgtcttttagagatcca,3.0,ttg,4.0,,ALTLSFRDP,,False,False,7.0,3.0,5.0,398.0,259.0,246.0,162.0,162.0,137.0,True,False,True,True,False,False,1.0,both,0.0006469881105950294,0.0007249976504705772,0.0007503888876717131,0.002338727685129688,0.0022346465117081674,0.0018224517161420327,-3.189103700089283,-3.139663400862547,-3.1247136059437435,-2.6310203432744137,-2.6507911661141783,-2.7393439690132024,L,synonymous,0.3251697404607299,0.2822819066536002,0.22557359164619897,1.5089641413634811,1.4325721531569928,1.452666720303747,1.452666720303747
26,ortho,gctttgactttgtcttttagagatcca,5.0,ttt,5.0,,ALTLSFRDP,,False,False,7.0,3.0,5.0,398.0,259.0,246.0,162.0,162.0,137.0,True,False,True,True,False,False,1.0,both,0.0006469881105950294,0.0007249976504705772,0.0007503888876717131,0.002338727685129688,0.0022346465117081674,0.0018224517161420327,-3.189103700089283,-3.139663400862547,-3.1247136059437435,-2.6310203432744137,-2.6507911661141783,-2.7393439690132024,F,non-synonymous,0.3251697404607299,0.2822819066536002,0.22557359164619897,1.5089641413634811,1.4325721531569928,1.452666720303747,1.452666720303747
27,ortho,gctttggctttgaatattaaagatcca,0.0,gct,1.0,,ALALNIKDP,,False,False,10.0,5.0,7.0,1114.0,827.0,951.0,1175.0,858.0,753.0,True,False,True,True,False,False,1.0,both,0.004692660678698515,0.0038398023710108347,0.004124400236618977,0.0065460870382775685,0.007135338475608704,0.007045331634353956,-2.328580848024159,-2.4156911275564723,-2.3846391968994496,-2.184018224510391,-2.1465854206428836,-2.1520985591791675,A,non-synonymous,0.08423005308127751,0.1553855315142465,0.1361161384484375,1.2680244539840286,1.3056757780176391,1.3632092671059857,1.3056757780176391
28,ortho,gctttggctttgaatattaaagatcca,1.0,ttg,2.0,,ALALNIKDP,,False,False,10.0,5.0,7.0,1114.0,827.0,951.0,1175.0,858.0,753.0,True,False,True,True,False,False,1.0,both,0.004692660678698515,0.0038398023710108347,0.004124400236618977,0.0065460870382775685,0.007135338475608704,0.007045331634353956,-2.328580848024159,-2.4156911275564723,-2.3846391968994496,-2.184018224510391,-2.1465854206428836,-2.1520985591791675,L,synonymous,0.08423005308127751,0.1553855315142465,0.1361161384484375,1.2680244539840286,1.3056757780176391,1.3632092671059857,1.3056757780176391
29,ortho,gctttggctttgaatattaaagatcca,2.0,gct,3.0,,ALALNIKDP,,False,False,10.0,5.0,7.0,1114.0,827.0,951.0,1175.0,858.0,753.0,True,False,True,True,False,False,1.0,both,0.004692660678698515,0.0038398023710108347,0.004124400236618977,0.0065460870382775685,0.007135338475608704,0.007045331634353956,-2.328580848024159,-2.4156911275564723,-2.3846391968994496,-2.184018224510391,-2.1465854206428836,-2.1520985591791675,A,non-synonymous,0.08423005308127751,0.1553855315142465,0.1361161384484375,1.2680244539840286,1.3056757780176391,1.3632092671059857,1.3056757780176391
30,ortho,gctttggctttgaatattaaagatcca,3.0,ttg,4.0,,ALALNIKDP,,False,False,10.0,5.0,7.0,1114.0,827.0,951.0,1175.0,858.0,753.0,True,False,True,True,False,False,1.0,both,0.004692660678698515,0.0038398023710108347,0.004124400236618977,0.0065460870382775685,0.007135338475608704,0.007045331634353956,-2.328580848024159,-2.4156911275564723,-2.3846391968994496,-2.184018224510391,-2.1465854206428836,-2.1520985591791675,L,synonymous,0.08423005308127751,0.1553855315142465,0.1361161384484375,1.2680244539840286,1.3056757780176391,1.3632092671059857,1.3056757780176391
31,ortho,gctttggctttgaatattaaagatcca,4.0,aat,5.0,,ALALNIKDP,,False,False,10.0,5.0,7.0,1114.0,827.0,951.0,1175.0,858.0,753.0,True,False,True,True,False,False,1.0,both,0.004692660678698515,0.0038398023710108347,0.004124400236618977,0.0065460870382775685,0.007135338475608704,0.007045331634353956,-2.328580848024159,-2.4156911275564723,-2.3846391968994496,-2.184018224510391,-2.1465854206428836,-2.1520985591791675,N,non-synonymous,0.08423005308127751,0.1553855315142465,0.1361161384484375,1.2680244539840286,1.3056757780176391,1.3632092671059857,1.3056757780176391
32,ortho,gctttggctttgaatattaaagatcca,5.0,att,6.0,,ALALNIKDP,,False,False,10.0,5.0,7.0,1114.0,827.0,951.0,1175.0,858.0,753.0,True,False,True,True,False,False,1.0,both,0.004692660678698515,0.0038398023710108347,0.004124400236618977,0.0065460870382775685,0.007135338475608704,0.007045331634353956,-2.328580848024159,-2.4156911275564723,-2.3846391968994496,-2.184018224510391,-2.1465854206428836,-2.1520985591791675,I,non-synonymous,0.08423005308127751,0.1553855315142465,0.1361161384484375,1.2680244539840286,1.3056757780176391,1.3632092671059857,1.3056757780176391
33,ortho,gctttggctttgaatattaaagatcca,6.0,aaa,7.0,,ALALNIKDP,,False,False,10.0,5.0,7.0,1114.0,827.0,951.0,1175.0,858.0,753.0,True,False,True,True,False,False,1.0,both,0.004692660678698515,0.0038398023710108347,0.004124400236618977,0.0065460870382775685,0.007135338475608704,0.007045331634353956,-2.328580848024159,-2.4156911275564723,-2.3846391968994496,-2.184018224510391,-2.1465854206428836,-2.1520985591791675,K,non-synonymous,0.08423005308127751,0.1553855315142465,0.1361161384484375,1.2680244539840286,1.3056757780176391,1.3632092671059857,1.3056757780176391
34,single,gtgttagttttatctttgagagatcca,0.0,gtg,1.0,,VLVLSLRDP,,False,False,2.0,1.0,1.0,5061.0,3606.0,3813.0,3049.0,2869.0,2397.0,True,False,True,True,False,False,1.0,both,0.012176955242001509,0.012839618883951147,0.013129066888679534,0.029739449282515953,0.03111249158772066,0.02824800160020151,-1.9144612902665332,-1.8914478671591792,-1.8817661390664966,-1.526667078039314,-1.5070652078090472,-1.5490122708429108,V,non-synonymous,0.225950015893286,0.2219481129293133,0.1947752962252422,1.4097444167960371,1.372238359432706,1.4218684248827904,1.4097444167960371
35,single,gttttagttttatctttgagagatcca,0.0,gtt,1.0,,VLVLSLRDP,,False,False,1.0,1.0,1.0,2250.0,1697.0,1708.0,1427.0,1166.0,1036.0,True,False,True,True,False,False,1.0,both,0.0056990866285130054,0.005218192965732673,0.005674473632320399,0.013221450481260798,0.014641680040033822,0.012653445248660942,-2.244194741517267,-2.2824798649821822,-2.246074417690936,-1.878720897236739,-1.8344090878777546,-1.8977912097635952,V,non-synonymous,0.2129449546177868,0.2587225542516257,0.20386529345691662,1.396739355520538,1.4090128007550184,1.4309584221144647,1.4090128007550184
36,ortho,gttttgactttgttggttactcaacat,0.0,gtt,1.0,,VLTLLVTQH,,False,False,15.0,7.0,9.0,170.0,172.0,116.0,312.0,260.0,217.0,True,False,True,True,False,False,1.0,both,0.0012460511759607973,0.0011635764760638892,0.0011885721797427863,0.000998954036361927,0.0014840123552656555,0.0008593674759043732,-2.904464120613471,-2.93420506743436,-2.924974439251621,-3.0004544939698277,-2.8285624832878815,-3.065821086889663,V,non-synonymous,-0.05592921632559846,0.060999557669767716,-0.08244366222543423,1.1278651845771528,1.2112898041731603,1.1446494664321138,1.1446494664321138
37,ortho,gttttgactttgttggttactcaacat,1.0,ttg,2.0,,VLTLLVTQH,,False,False,15.0,7.0,9.0,170.0,172.0,116.0,312.0,260.0,217.0,True,False,True,True,False,False,1.0,both,0.0012460511759607973,0.0011635764760638892,0.0011885721797427863,0.000998954036361927,0.0014840123552656555,0.0008593674759043732,-2.904464120613471,-2.93420506743436,-2.924974439251621,-3.0004544939698277,-2.8285624832878815,-3.065821086889663,L,synonymous,-0.05592921632559846,0.060999557669767716,-0.08244366222543423,1.1278651845771528,1.2112898041731603,1.1446494664321138,1.1446494664321138
38,ortho,gttttgactttgttggttactcaacat,2.0,act,3.0,,VLTLLVTQH,,False,False,15.0,7.0,9.0,170.0,172.0,116.0,312.0,260.0,217.0,True,False,True,True,False,False,1.0,both,0.0012460511759607973,0.0011635764760638892,0.0011885721797427863,0.000998954036361927,0.0014840123552656555,0.0008593674759043732,-2.904464120613471,-2.93420506743436,-2.924974439251621,-3.0004544939698277,-2.8285624832878815,-3.065821086889663,T,non-synonymous,-0.05592921632559846,0.060999557669767716,-0.08244366222543423,1.1278651845771528,1.2112898041731603,1.1446494664321138,1.1446494664321138
39,ortho,gttttgactttgttggttactcaacat,3.0,ttg,4.0,,VLTLLVTQH,,False,False,15.0,7.0,9.0,170.0,172.0,116.0,312.0,260.0,217.0,True,False,True,True,False,False,1.0,both,0.0012460511759607973,0.0011635764760638892,0.0011885721797427863,0.000998954036361927,0.0014840123552656555,0.0008593674759043732,-2.904464120613471,-2.93420506743436,-2.924974439251621,-3.0004544939698277,-2.8285624832878815,-3.065821086889663,L,synonymous,-0.05592921632559846,0.060999557669767716,-0.08244366222543423,1.1278651845771528,1.2112898041731603,1.1446494664321138,1.1446494664321138
40,ortho,gttttgactttgttggttactcaacat,4.0,ttg,5.0,,VLTLLVTQH,,False,False,15.0,7.0,9.0,170.0,172.0,116.0,312.0,260.0,217.0,True,False,True,True,False,False,1.0,both,0.0012460511759607973,0.0011635764760638892,0.0011885721797427863,0.000998954036361927,0.0014840123552656555,0.0008593674759043732,-2.904464120613471,-2.93420506743436,-2.924974439251621,-3.0004544939698277,-2.8285624832878815,-3.065821086889663,L,non-synonymous,-0.05592921632559846,0.060999557669767716,-0.08244366222543423,1.1278651845771528,1.2112898041731603,1.1446494664321138,1.1446494664321138
41,ortho,gttttgactttgttggttactcaacat,5.0,gtt,6.0,,VLTLLVTQH,,False,False,15.0,7.0,9.0,170.0,172.0,116.0,312.0,260.0,217.0,True,False,True,True,False,False,1.0,both,0.0012460511759607973,0.0011635764760638892,0.0011885721797427863,0.000998954036361927,0.0014840123552656555,0.0008593674759043732,-2.904464120613471,-2.93420506743436,-2.924974439251621,-3.0004544939698277,-2.8285624832878815,-3.065821086889663,V,non-synonymous,-0.05592921632559846,0.060999557669767716,-0.08244366222543423,1.1278651845771528,1.2112898041731603,1.1446494664321138,1.1446494664321138
42,ortho,gttttgactttgttggttactcaacat,6.0,act,7.0,,VLTLLVTQH,,False,False,15.0,7.0,9.0,170.0,172.0,116.0,312.0,260.0,217.0,True,False,True,True,False,False,1.0,both,0.0012460511759607973,0.0011635764760638892,0.0011885721797427863,0.000998954036361927,0.0014840123552656555,0.0008593674759043732,-2.904464120613471,-2.93420506743436,-2.924974439251621,-3.0004544939698277,-2.8285624832878815,-3.065821086889663,T,non-synonymous,-0.05592921632559846,0.060999557669767716,-0.08244366222543423,1.1278651845771528,1.2112898041731603,1.1446494664321138,1.1446494664321138
43,ortho,gttttgactttgttggttactcaacat,7.0,caa,8.0,,VLTLLVTQH,,False,False,15.0,7.0,9.0,170.0,172.0,116.0,312.0,260.0,217.0,True,False,True,True,False,False,1.0,both,0.0012460511759607973,0.0011635764760638892,0.0011885721797427863,0.000998954036361927,0.0014840123552656555,0.0008593674759043732,-2.904464120613471,-2.93420506743436,-2.924974439251621,-3.0004544939698277,-2.8285624832878815,-3.065821086889663,Q,non-synonymous,-0.05592921632559846,0.060999557669767716,-0.08244366222543423,1.1278651845771528,1.2112898041731603,1.1446494664321138,1.1446494664321138
44,ortho,gttttgactttgttggttactcaacat,8.0,cat,9.0,,VLTLLVTQH,,False,False,15.0,7.0,9.0,170.0,172.0,116.0,312.0,260.0,217.0,True,False,True,True,False,False,1.0,both,0.0012460511759607973,0.0011635764760638892,0.0011885721797427863,0.000998954036361927,0.0014840123552656555,0.0008593674759043732,-2.904464120613471,-2.93420506743436,-2.924974439251621,-3.0004544939698277,-2.8285624832878815,-3.065821086889663,H,non-synonymous,-0.05592921632559846,0.060999557669767716,-0.08244366222543423,1.1278651845771528,1.2112898041731603,1.1446494664321138,1.1446494664321138
45,single,tagttagttttatctttgagagatcca,0.0,tag,1.0,,*LVLSLRDP,,True,False,2.0,1.0,1.0,3.0,4.0,9.0,583.0,574.0,457.0,True,False,True,True,False,False,1.0,both,0.002328358447388285,0.002568818835617971,0.0025031220559560063,1.7628600641681064e-05,3.4511915238736174e-05,6.667506278568412e-05,-2.6329501598729,-2.590266523007204,-2.6015179730303,-4.753782160628439,-4.462030938867468,-4.176036566677257,*,stop,-1.235712161678488,-1.0807838747221081,-0.9216341409551203,-0.05191776077573684,0.06950637178128449,0.30545898770242785,0.06950637178128449
46,single,tatttagttttatctttgagagatcca,0.0,tat,1.0,,YLVLSLRDP,,False,False,1.0,1.0,1.0,1634.0,987.0,1216.0,1603.0,1387.0,1078.0,True,False,True,True,False,False,1.0,both,0.006401987291875507,0.006207232970386978,0.005904519860657713,0.009601711149502286,0.00851581508515815,0.009008541816376878,-2.193685192277769,-2.207101954331893,-2.2288154122494306,-2.017651363151705,-2.0697737775257936,-2.0453455011798654,Y,non-synonymous,0.10256689046582529,0.07929527764251454,0.1073929101644038,1.2863612913685765,1.2295855241459073,1.334486038821952,1.2863612913685765
47,ortho,tatttgactagagcttttagagattct,0.0,tat,1.0,,YLTRAFRDS,,False,False,10.0,6.0,7.0,1385.0,1065.0,1169.0,782.0,702.0,573.0,True,False,True,True,False,False,1.0,both,0.0031231154474402035,0.003141656485372501,0.0031384878294590628,0.008138537296242757,0.009188797432313506,0.008660349821829415,-2.505411961572066,-2.5028413032753725,-2.5032795511327603,-2.0894536419476344,-2.036741322420674,-2.0624645649547415,Y,non-synonymous,0.24235995785057263,0.26913287753924753,0.2580281634942807,1.4261543587533239,1.4194231240426403,1.4851212921518289,1.4261543587533239
48,ortho,tatttgactagagcttttagagattct,1.0,ttg,2.0,,YLTRAFRDS,,False,False,10.0,6.0,7.0,1385.0,1065.0,1169.0,782.0,702.0,573.0,True,False,True,True,False,False,1.0,both,0.0031231154474402035,0.003141656485372501,0.0031384878294590628,0.008138537296242757,0.009188797432313506,0.008660349821829415,-2.505411961572066,-2.5028413032753725,-2.5032795511327603,-2.0894536419476344,-2.036741322420674,-2.0624645649547415,L,synonymous,0.24235995785057263,0.26913287753924753,0.2580281634942807,1.4261543587533239,1.4194231240426403,1.4851212921518289,1.4261543587533239
49,ortho,tatttgactagagcttttagagattct,2.0,act,3.0,,YLTRAFRDS,,False,False,10.0,6.0,7.0,1385.0,1065.0,1169.0,782.0,702.0,573.0,True,False,True,True,False,False,1.0,both,0.0031231154474402035,0.003141656485372501,0.0031384878294590628,0.008138537296242757,0.009188797432313506,0.008660349821829415,-2.505411961572066,-2.5028413032753725,-2.5032795511327603,-2.0894536419476344,-2.036741322420674,-2.0624645649547415,T,non-synonymous,0.24235995785057263,0.26913287753924753,0.2580281634942807,1.4261543587533239,1.4194231240426403,1.4851212921518289,1.4261543587533239
50,ortho,tatttgactagagcttttagagattct,3.0,aga,4.0,,YLTRAFRDS,,False,False,10.0,6.0,7.0,1385.0,1065.0,1169.0,782.0,702.0,573.0,True,False,True,True,False,False,1.0,both,0.0031231154474402035,0.003141656485372501,0.0031384878294590628,0.008138537296242757,0.009188797432313506,0.008660349821829415,-2.505411961572066,-2.5028413032753725,-2.5032795511327603,-2.0894536419476344,-2.036741322420674,-2.0624645649547415,R,non-synonymous,0.24235995785057263,0.26913287753924753,0.2580281634942807,1.4261543587533239,1.4194231240426403,1.4851212921518289,1.4261543587533239
51,ortho,tatttgactagagcttttagagattct,4.0,gct,5.0,,YLTRAFRDS,,False,False,10.0,6.0,7.0,1385.0,1065.0,1169.0,782.0,702.0,573.0,True,False,True,True,False,False,1.0,both,0.0031231154474402035,0.003141656485372501,0.0031384878294590628,0.008138537296242757,0.009188797432313506,0.008660349821829415,-2.505411961572066,-2.5028413032753725,-2.5032795511327603,-2.0894536419476344,-2.036741322420674,-2.0624645649547415,A,non-synonymous,0.24235995785057263,0.26913287753924753,0.2580281634942807,1.4261543587533239,1.4194231240426403,1.4851212921518289,1.4261543587533239
52,ortho,tatttgactagagcttttagagattct,5.0,ttt,6.0,,YLTRAFRDS,,False,False,10.0,6.0,7.0,1385.0,1065.0,1169.0,782.0,702.0,573.0,True,False,True,True,False,False,1.0,both,0.0031231154474402035,0.003141656485372501,0.0031384878294590628,0.008138537296242757,0.009188797432313506,0.008660349821829415,-2.505411961572066,-2.5028413032753725,-2.5032795511327603,-2.0894536419476344,-2.036741322420674,-2.0624645649547415,F,non-synonymous,0.24235995785057263,0.26913287753924753,0.2580281634942807,1.4261543587533239,1.4194231240426403,1.4851212921518289,1.4261543587533239
53,ortho,tatttgactagagcttttagagattct,8.0,tct,7.0,,YLTRAFRDS,,False,False,10.0,6.0,7.0,1385.0,1065.0,1169.0,782.0,702.0,573.0,True,False,True,True,False,False,1.0,both,0.0031231154474402035,0.003141656485372501,0.0031384878294590628,0.008138537296242757,0.009188797432313506,0.008660349821829415,-2.505411961572066,-2.5028413032753725,-2.5032795511327603,-2.0894536419476344,-2.036741322420674,-2.0624645649547415,S,non-synonymous,0.24235995785057263,0.26913287753924753,0.2580281634942807,1.4261543587533239,1.4194231240426403,1.4851212921518289,1.4261543587533239
54,ortho,tatttgactagatcttttagagatcca,0.0,tat,1.0,,YLTRSFRDP,,False,False,7.0,4.0,5.0,1821.0,1392.0,1337.0,829.0,684.0,535.0,True,False,True,True,False,False,1.0,both,0.0033108218745881443,0.00306110119087577,0.002930350765725303,0.010700560589500405,0.012010146503080188,0.009904950993828852,-2.48006418408164,-2.5141223136850614,-2.533080391078922,-1.9705934695531815,-1.920451694920887,-2.004147668854597,Y,non-synonymous,0.2968453690521302,0.342794010944867,0.30960730285257826,1.4806397699548814,1.4930842574482597,1.5367004315101265,1.4930842574482597
55,ortho,tatttgactagatcttttagagatcca,1.0,ttg,2.0,,YLTRSFRDP,,False,False,7.0,4.0,5.0,1821.0,1392.0,1337.0,829.0,684.0,535.0,True,False,True,True,False,False,1.0,both,0.0033108218745881443,0.00306110119087577,0.002930350765725303,0.010700560589500405,0.012010146503080188,0.009904950993828852,-2.48006418408164,-2.5141223136850614,-2.533080391078922,-1.9705934695531815,-1.920451694920887,-2.004147668854597,L,synonymous,0.2968453690521302,0.342794010944867,0.30960730285257826,1.4806397699548814,1.4930842574482597,1.5367004315101265,1.4930842574482597
56,ortho,tatttgactagatcttttagagatcca,2.0,act,3.0,,YLTRSFRDP,,False,False,7.0,4.0,5.0,1821.0,1392.0,1337.0,829.0,684.0,535.0,True,False,True,True,False,False,1.0,both,0.0033108218745881443,0.00306110119087577,0.002930350765725303,0.010700560589500405,0.012010146503080188,0.009904950993828852,-2.48006418408164,-2.5141223136850614,-2.533080391078922,-1.9705934695531815,-1.920451694920887,-2.004147668854597,T,non-synonymous,0.2968453690521302,0.342794010944867,0.30960730285257826,1.4806397699548814,1.4930842574482597,1.5367004315101265,1.4930842574482597
57,ortho,tatttgactagatcttttagagatcca,3.0,aga,4.0,,YLTRSFRDP,,False,False,7.0,4.0,5.0,1821.0,1392.0,1337.0,829.0,684.0,535.0,True,False,True,True,False,False,1.0,both,0.0033108218745881443,0.00306110119087577,0.002930350765725303,0.010700560589500405,0.012010146503080188,0.009904950993828852,-2.48006418408164,-2.5141223136850614,-2.533080391078922,-1.9705934695531815,-1.920451694920887,-2.004147668854597,R,non-synonymous,0.2968453690521302,0.342794010944867,0.30960730285257826,1.4806397699548814,1.4930842574482597,1.5367004315101265,1.4930842574482597
58,ortho,tatttgactagatcttttagagatcca,5.0,ttt,5.0,,YLTRSFRDP,,False,False,7.0,4.0,5.0,1821.0,1392.0,1337.0,829.0,684.0,535.0,True,False,True,True,False,False,1.0,both,0.0033108218745881443,0.00306110119087577,0.002930350765725303,0.010700560589500405,0.012010146503080188,0.009904950993828852,-2.48006418408164,-2.5141223136850614,-2.533080391078922,-1.9705934695531815,-1.920451694920887,-2.004147668854597,F,non-synonymous,0.2968453690521302,0.342794010944867,0.30960730285257826,1.4806397699548814,1.4930842574482597,1.5367004315101265,1.4930842574482597
59,ortho,tatttgactttggcttttagagattct,0.0,tat,1.0,,YLTLAFRDS,,False,False,9.0,5.0,7.0,1233.0,950.0,960.0,735.0,562.0,543.0,True,False,True,True,False,False,1.0,both,0.002935409020292263,0.002515115305953484,0.00297416909493241,0.007245354863730917,0.008196579869199841,0.00711200669713964,-2.532331375547719,-2.5994420998361165,-2.5266343435113034,-2.13994033875237,-2.0863673249065826,-2.148007843077013,Y,non-synonymous,0.22862837609433767,0.29625680377925995,0.2216265408859596,1.412422776997089,1.4465470502826525,1.4487196695435078,1.4465470502826525
60,ortho,tatttgactttggcttttagagattct,1.0,ttg,2.0,,YLTLAFRDS,,False,False,9.0,5.0,7.0,1233.0,950.0,960.0,735.0,562.0,543.0,True,False,True,True,False,False,1.0,both,0.002935409020292263,0.002515115305953484,0.00297416909493241,0.007245354863730917,0.008196579869199841,0.00711200669713964,-2.532331375547719,-2.5994420998361165,-2.5266343435113034,-2.13994033875237,-2.0863673249065826,-2.148007843077013,L,synonymous,0.22862837609433767,0.29625680377925995,0.2216265408859596,1.412422776997089,1.4465470502826525,1.4487196695435078,1.4465470502826525
61,ortho,tatttgactttggcttttagagattct,2.0,act,3.0,,YLTLAFRDS,,False,False,9.0,5.0,7.0,1233.0,950.0,960.0,735.0,562.0,543.0,True,False,True,True,False,False,1.0,both,0.002935409020292263,0.002515115305953484,0.00297416909493241,0.007245354863730917,0.008196579869199841,0.00711200669713964,-2.532331375547719,-2.5994420998361165,-2.5266343435113034,-2.13994033875237,-2.0863673249065826,-2.148007843077013,T,non-synonymous,0.22862837609433767,0.29625680377925995,0.2216265408859596,1.412422776997089,1.4465470502826525,1.4487196695435078,1.4465470502826525
62,ortho,tatttgactttggcttttagagattct,3.0,ttg,4.0,,YLTLAFRDS,,False,False,9.0,5.0,7.0,1233.0,950.0,960.0,735.0,562.0,543.0,True,False,True,True,False,False,1.0,both,0.002935409020292263,0.002515115305953484,0.00297416909493241,0.007245354863730917,0.008196579869199841,0.00711200669713964,-2.532331375547719,-2.5994420998361165,-2.5266343435113034,-2.13994033875237,-2.0863673249065826,-2.148007843077013,L,synonymous,0.22862837609433767,0.29625680377925995,0.2216265408859596,1.412422776997089,1.4465470502826525,1.4487196695435078,1.4465470502826525
63,ortho,tatttgactttggcttttagagattct,4.0,gct,5.0,,YLTLAFRDS,,False,False,9.0,5.0,7.0,1233.0,950.0,960.0,735.0,562.0,543.0,True,False,True,True,False,False,1.0,both,0.002935409020292263,0.002515115305953484,0.00297416909493241,0.007245354863730917,0.008196579869199841,0.00711200669713964,-2.532331375547719,-2.5994420998361165,-2.5266343435113034,-2.13994033875237,-2.0863673249065826,-2.148007843077013,A,non-synonymous,0.22862837609433767,0.29625680377925995,0.2216265408859596,1.412422776997089,1.4465470502826525,1.4487196695435078,1.4465470502826525
64,ortho,tatttgactttggcttttagagattct,5.0,ttt,6.0,,YLTLAFRDS,,False,False,9.0,5.0,7.0,1233.0,950.0,960.0,735.0,562.0,543.0,True,False,True,True,False,False,1.0,both,0.002935409020292263,0.002515115305953484,0.00297416909493241,0.007245354863730917,0.008196579869199841,0.00711200669713964,-2.532331375547719,-2.5994420998361165,-2.5266343435113034,-2.13994033875237,-2.0863673249065826,-2.148007843077013,F,non-synonymous,0.22862837609433767,0.29625680377925995,0.2216265408859596,1.412422776997089,1.4465470502826525,1.4487196695435078,1.4465470502826525
65,ortho,tatttgactttggcttttagagattct,8.0,tct,7.0,,YLTLAFRDS,,False,False,9.0,5.0,7.0,1233.0,950.0,960.0,735.0,562.0,543.0,True,False,True,True,False,False,1.0,both,0.002935409020292263,0.002515115305953484,0.00297416909493241,0.007245354863730917,0.008196579869199841,0.00711200669713964,-2.532331375547719,-2.5994420998361165,-2.5266343435113034,-2.13994033875237,-2.0863673249065826,-2.148007843077013,S,non-synonymous,0.22862837609433767,0.29625680377925995,0.2216265408859596,1.412422776997089,1.4465470502826525,1.4487196695435078,1.4465470502826525
66,ortho,tatttgactttgtctattaaagatcca,0.0,tat,1.0,,YLTLSIKDP,,False,False,8.0,4.0,6.0,978.0,931.0,607.0,1418.0,1194.0,1001.0,True,False,True,True,False,False,1.0,both,0.00566314284459106,0.005343501201616477,0.005482768442039305,0.005746923809188027,0.008032648271815844,0.004496862567878918,-2.246942483784866,-2.2721740886118273,-2.261000095620832,-2.2405645605605002,-2.0951412492140875,-2.347090385041324,Y,non-synonymous,0.003716125224342733,0.10222132470095519,-0.0503923867617556,1.187510526127094,1.2525115712043478,1.1767007418957927,1.187510526127094
67,ortho,tatttgactttgtctattaaagatcca,1.0,ttg,2.0,,YLTLSIKDP,,False,False,8.0,4.0,6.0,978.0,931.0,607.0,1418.0,1194.0,1001.0,True,False,True,True,False,False,1.0,both,0.00566314284459106,0.005343501201616477,0.005482768442039305,0.005746923809188027,0.008032648271815844,0.004496862567878918,-2.246942483784866,-2.2721740886118273,-2.261000095620832,-2.2405645605605002,-2.0951412492140875,-2.347090385041324,L,synonymous,0.003716125224342733,0.10222132470095519,-0.0503923867617556,1.187510526127094,1.2525115712043478,1.1767007418957927,1.187510526127094
68,ortho,tatttgactttgtctattaaagatcca,2.0,act,3.0,,YLTLSIKDP,,False,False,8.0,4.0,6.0,978.0,931.0,607.0,1418.0,1194.0,1001.0,True,False,True,True,False,False,1.0,both,0.00566314284459106,0.005343501201616477,0.005482768442039305,0.005746923809188027,0.008032648271815844,0.004496862567878918,-2.246942483784866,-2.2721740886118273,-2.261000095620832,-2.2405645605605002,-2.0951412492140875,-2.347090385041324,T,non-synonymous,0.003716125224342733,0.10222132470095519,-0.0503923867617556,1.187510526127094,1.2525115712043478,1.1767007418957927,1.187510526127094
69,ortho,tatttgactttgtctattaaagatcca,3.0,ttg,4.0,,YLTLSIKDP,,False,False,8.0,4.0,6.0,978.0,931.0,607.0,1418.0,1194.0,1001.0,True,False,True,True,False,False,1.0,both,0.00566314284459106,0.005343501201616477,0.005482768442039305,0.005746923809188027,0.008032648271815844,0.004496862567878918,-2.246942483784866,-2.2721740886118273,-2.261000095620832,-2.2405645605605002,-2.0951412492140875,-2.347090385041324,L,synonymous,0.003716125224342733,0.10222132470095519,-0.0503923867617556,1.187510526127094,1.2525115712043478,1.1767007418957927,1.187510526127094
70,ortho,tatttgactttgtctattaaagatcca,5.0,att,5.0,,YLTLSIKDP,,False,False,8.0,4.0,6.0,978.0,931.0,607.0,1418.0,1194.0,1001.0,True,False,True,True,False,False,1.0,both,0.00566314284459106,0.005343501201616477,0.005482768442039305,0.005746923809188027,0.008032648271815844,0.004496862567878918,-2.246942483784866,-2.2721740886118273,-2.261000095620832,-2.2405645605605002,-2.0951412492140875,-2.347090385041324,I,non-synonymous,0.003716125224342733,0.10222132470095519,-0.0503923867617556,1.187510526127094,1.2525115712043478,1.1767007418957927,1.187510526127094
71,ortho,tatttgactttgtctattaaagatcca,6.0,aaa,6.0,,YLTLSIKDP,,False,False,8.0,4.0,6.0,978.0,931.0,607.0,1418.0,1194.0,1001.0,True,False,True,True,False,False,1.0,both,0.00566314284459106,0.005343501201616477,0.005482768442039305,0.005746923809188027,0.008032648271815844,0.004496862567878918,-2.246942483784866,-2.2721740886118273,-2.261000095620832,-2.2405645605605002,-2.0951412492140875,-2.347090385041324,K,non-synonymous,0.003716125224342733,0.10222132470095519,-0.0503923867617556,1.187510526127094,1.2525115712043478,1.1767007418957927,1.187510526127094
72,ortho,tatttgactttgtctattagagatcca,0.0,tat,1.0,,YLTLSIRDP,,False,False,7.0,3.0,5.0,376.0,318.0,269.0,487.0,406.0,347.0,True,False,True,True,False,False,1.0,both,0.0019449580855541932,0.0018169694203151502,0.0019006200293582806,0.0022094512804240267,0.0027436972614795258,0.0019928435432610032,-2.7110897534172795,-2.7406523818279838,-2.7211046983092766,-2.6557155704204405,-2.5616638102109976,-2.7005267961141737,Y,non-synonymous,0.03226401306083063,0.10335059280110998,0.012045140202704323,1.216058413963582,1.2536408393045027,1.2391382688602526,1.2391382688602526
73,ortho,tatttgactttgtctattagagatcca,1.0,ttg,2.0,,YLTLSIRDP,,False,False,7.0,3.0,5.0,376.0,318.0,269.0,487.0,406.0,347.0,True,False,True,True,False,False,1.0,both,0.0019449580855541932,0.0018169694203151502,0.0019006200293582806,0.0022094512804240267,0.0027436972614795258,0.0019928435432610032,-2.7110897534172795,-2.7406523818279838,-2.7211046983092766,-2.6557155704204405,-2.5616638102109976,-2.7005267961141737,L,synonymous,0.03226401306083063,0.10335059280110998,0.012045140202704323,1.216058413963582,1.2536408393045027,1.2391382688602526,1.2391382688602526
74,ortho,tatttgactttgtctattagagatcca,2.0,act,3.0,,YLTLSIRDP,,False,False,7.0,3.0,5.0,376.0,318.0,269.0,487.0,406.0,347.0,True,False,True,True,False,False,1.0,both,0.0019449580855541932,0.0018169694203151502,0.0019006200293582806,0.0022094512804240267,0.0027436972614795258,0.0019928435432610032,-2.7110897534172795,-2.7406523818279838,-2.7211046983092766,-2.6557155704204405,-2.5616638102109976,-2.7005267961141737,T,non-synonymous,0.03226401306083063,0.10335059280110998,0.012045140202704323,1.216058413963582,1.2536408393045027,1.2391382688602526,1.2391382688602526
75,ortho,tatttgactttgtctattagagatcca,3.0,ttg,4.0,,YLTLSIRDP,,False,False,7.0,3.0,5.0,376.0,318.0,269.0,487.0,406.0,347.0,True,False,True,True,False,False,1.0,both,0.0019449580855541932,0.0018169694203151502,0.0019006200293582806,0.0022094512804240267,0.0027436972614795258,0.0019928435432610032,-2.7110897534172795,-2.7406523818279838,-2.7211046983092766,-2.6557155704204405,-2.5616638102109976,-2.7005267961141737,L,synonymous,0.03226401306083063,0.10335059280110998,0.012045140202704323,1.216058413963582,1.2536408393045027,1.2391382688602526,1.2391382688602526
76,ortho,tatttgactttgtctattagagatcca,5.0,att,5.0,,YLTLSIRDP,,False,False,7.0,3.0,5.0,376.0,318.0,269.0,487.0,406.0,347.0,True,False,True,True,False,False,1.0,both,0.0019449580855541932,0.0018169694203151502,0.0019006200293582806,0.0022094512804240267,0.0027436972614795258,0.0019928435432610032,-2.7110897534172795,-2.7406523818279838,-2.7211046983092766,-2.6557155704204405,-2.5616638102109976,-2.7005267961141737,I,non-synonymous,0.03226401306083063,0.10335059280110998,0.012045140202704323,1.216058413963582,1.2536408393045027,1.2391382688602526,1.2391382688602526
77,ortho,tatttgactttgtctttgagagatcca,0.0,tat,1.0,,YLTLSLRDP,,False,False,5.0,2.0,4.0,782.0,696.0,595.0,1050.0,983.0,717.0,True,False,True,True,False,False,1.0,both,0.004193441457560376,0.004399214138349243,0.003927217755186995,0.004595188567264864,0.006005073251540094,0.004407962484164672,-2.3774294155619757,-2.356624897573042,-2.40591501743235,-2.3376966622882533,-2.221481690584868,-2.355762110388032,Y,non-synonymous,0.023150464732622993,0.07803364443378463,0.029356675485889216,1.2069448656353743,1.2283238909371772,1.2564498041434373,1.2283238909371772
78,ortho,tatttgactttgtctttgagagatcca,1.0,ttg,2.0,,YLTLSLRDP,,False,False,5.0,2.0,4.0,782.0,696.0,595.0,1050.0,983.0,717.0,True,False,True,True,False,False,1.0,both,0.004193441457560376,0.004399214138349243,0.003927217755186995,0.004595188567264864,0.006005073251540094,0.004407962484164672,-2.3774294155619757,-2.356624897573042,-2.40591501743235,-2.3376966622882533,-2.221481690584868,-2.355762110388032,L,synonymous,0.023150464732622993,0.07803364443378463,0.029356675485889216,1.2069448656353743,1.2283238909371772,1.2564498041434373,1.2283238909371772
79,ortho,tatttgactttgtctttgagagatcca,2.0,act,3.0,,YLTLSLRDP,,False,False,5.0,2.0,4.0,782.0,696.0,595.0,1050.0,983.0,717.0,True,False,True,True,False,False,1.0,both,0.004193441457560376,0.004399214138349243,0.003927217755186995,0.004595188567264864,0.006005073251540094,0.004407962484164672,-2.3774294155619757,-2.356624897573042,-2.40591501743235,-2.3376966622882533,-2.221481690584868,-2.355762110388032,T,non-synonymous,0.023150464732622993,0.07803364443378463,0.029356675485889216,1.2069448656353743,1.2283238909371772,1.2564498041434373,1.2283238909371772
80,ortho,tatttgactttgtctttgagagatcca,3.0,ttg,4.0,,YLTLSLRDP,,False,False,5.0,2.0,4.0,782.0,696.0,595.0,1050.0,983.0,717.0,True,False,True,True,False,False,1.0,both,0.004193441457560376,0.004399214138349243,0.003927217755186995,0.004595188567264864,0.006005073251540094,0.004407962484164672,-2.3774294155619757,-2.356624897573042,-2.40591501743235,-2.3376966622882533,-2.221481690584868,-2.355762110388032,L,synonymous,0.023150464732622993,0.07803364443378463,0.029356675485889216,1.2069448656353743,1.2283238909371772,1.2564498041434373,1.2283238909371772
81,ortho,tatttgactttgtcttttaaagatcca,0.0,tat,1.0,,YLTLSFKDP,,False,False,7.0,4.0,6.0,1070.0,816.0,784.0,619.0,516.0,462.0,True,False,True,True,False,False,1.0,both,0.002472133583076069,0.0023092517755729496,0.0025305085117104486,0.006287534228866246,0.00704043070870218,0.005808138802664039,-2.606928065611796,-2.6365287137779663,-2.596792197544025,-2.201519637662892,-2.152400771441569,-2.235963013432143,Y,non-synonymous,0.23621301672407324,0.27954248352300914,0.21120899840262997,1.4200074176268245,1.4298327300264018,1.4383021270601781,1.4298327300264018
82,ortho,tatttgactttgtcttttaaagatcca,1.0,ttg,2.0,,YLTLSFKDP,,False,False,7.0,4.0,6.0,1070.0,816.0,784.0,619.0,516.0,462.0,True,False,True,True,False,False,1.0,both,0.002472133583076069,0.0023092517755729496,0.0025305085117104486,0.006287534228866246,0.00704043070870218,0.005808138802664039,-2.606928065611796,-2.6365287137779663,-2.596792197544025,-2.201519637662892,-2.152400771441569,-2.235963013432143,L,synonymous,0.23621301672407324,0.27954248352300914,0.21120899840262997,1.4200074176268245,1.4298327300264018,1.4383021270601781,1.4298327300264018
83,ortho,tatttgactttgtcttttaaagatcca,2.0,act,3.0,,YLTLSFKDP,,False,False,7.0,4.0,6.0,1070.0,816.0,784.0,619.0,516.0,462.0,True,False,True,True,False,False,1.0,both,0.002472133583076069,0.0023092517755729496,0.0025305085117104486,0.006287534228866246,0.00704043070870218,0.005808138802664039,-2.606928065611796,-2.6365287137779663,-2.596792197544025,-2.201519637662892,-2.152400771441569,-2.235963013432143,T,non-synonymous,0.23621301672407324,0.27954248352300914,0.21120899840262997,1.4200074176268245,1.4298327300264018,1.4383021270601781,1.4298327300264018
84,ortho,tatttgactttgtcttttaaagatcca,3.0,ttg,4.0,,YLTLSFKDP,,False,False,7.0,4.0,6.0,1070.0,816.0,784.0,619.0,516.0,462.0,True,False,True,True,False,False,1.0,both,0.002472133583076069,0.0023092517755729496,0.0025305085117104486,0.006287534228866246,0.00704043070870218,0.005808138802664039,-2.606928065611796,-2.6365287137779663,-2.596792197544025,-2.201519637662892,-2.152400771441569,-2.235963013432143,L,synonymous,0.23621301672407324,0.27954248352300914,0.21120899840262997,1.4200074176268245,1.4298327300264018,1.4383021270601781,1.4298327300264018
85,ortho,tatttgactttgtcttttaaagatcca,5.0,ttt,5.0,,YLTLSFKDP,,False,False,7.0,4.0,6.0,1070.0,816.0,784.0,619.0,516.0,462.0,True,False,True,True,False,False,1.0,both,0.002472133583076069,0.0023092517755729496,0.0025305085117104486,0.006287534228866246,0.00704043070870218,0.005808138802664039,-2.606928065611796,-2.6365287137779663,-2.596792197544025,-2.201519637662892,-2.152400771441569,-2.235963013432143,F,non-synonymous,0.23621301672407324,0.27954248352300914,0.21120899840262997,1.4200074176268245,1.4298327300264018,1.4383021270601781,1.4298327300264018
86,ortho,tatttgactttgtcttttaaagatcca,6.0,aaa,6.0,,YLTLSFKDP,,False,False,7.0,4.0,6.0,1070.0,816.0,784.0,619.0,516.0,462.0,True,False,True,True,False,False,1.0,both,0.002472133583076069,0.0023092517755729496,0.0025305085117104486,0.006287534228866246,0.00704043070870218,0.005808138802664039,-2.606928065611796,-2.6365287137779663,-2.596792197544025,-2.201519637662892,-2.152400771441569,-2.235963013432143,K,non-synonymous,0.23621301672407324,0.27954248352300914,0.21120899840262997,1.4200074176268245,1.4298327300264018,1.4383021270601781,1.4298327300264018
87,ortho,tatttgactttgtcttttagagatcca,0.0,tat,1.0,,YLTLSFRDP,,False,False,6.0,3.0,5.0,958.0,737.0,701.0,527.0,483.0,387.0,True,False,True,True,False,False,1.0,both,0.002104708236318398,0.0021615670689956097,0.002119711675393817,0.005629399804910153,0.00635882038273714,0.0051932465569738415,-2.6768080994193673,-2.6652312846536654,-2.673723208081239,-2.2495379062695573,-2.196623442336379,-2.2845610581499227,Y,non-synonymous,0.2489508710778812,0.2705809530587068,0.2277935142788269,1.4327452719806324,1.4208711995620993,1.4548866429363752,1.4327452719806324
88,ortho,tatttgactttgtcttttagagatcca,1.0,ttg,2.0,,YLTLSFRDP,,False,False,6.0,3.0,5.0,958.0,737.0,701.0,527.0,483.0,387.0,True,False,True,True,False,False,1.0,both,0.002104708236318398,0.0021615670689956097,0.002119711675393817,0.005629399804910153,0.00635882038273714,0.0051932465569738415,-2.6768080994193673,-2.6652312846536654,-2.673723208081239,-2.2495379062695573,-2.196623442336379,-2.2845610581499227,L,synonymous,0.2489508710778812,0.2705809530587068,0.2277935142788269,1.4327452719806324,1.4208711995620993,1.4548866429363752,1.4327452719806324
89,ortho,tatttgactttgtcttttagagatcca,2.0,act,3.0,,YLTLSFRDP,,False,False,6.0,3.0,5.0,958.0,737.0,701.0,527.0,483.0,387.0,True,False,True,True,False,False,1.0,both,0.002104708236318398,0.0021615670689956097,0.002119711675393817,0.005629399804910153,0.00635882038273714,0.0051932465569738415,-2.6768080994193673,-2.6652312846536654,-2.673723208081239,-2.2495379062695573,-2.196623442336379,-2.2845610581499227,T,non-synonymous,0.2489508710778812,0.2705809530587068,0.2277935142788269,1.4327452719806324,1.4208711995620993,1.4548866429363752,1.4327452719806324
90,ortho,tatttgactttgtcttttagagatcca,3.0,ttg,4.0,,YLTLSFRDP,,False,False,6.0,3.0,5.0,958.0,737.0,701.0,527.0,483.0,387.0,True,False,True,True,False,False,1.0,both,0.002104708236318398,0.0021615670689956097,0.002119711675393817,0.005629399804910153,0.00635882038273714,0.0051932465569738415,-2.6768080994193673,-2.6652312846536654,-2.673723208081239,-2.2495379062695573,-2.196623442336379,-2.2845610581499227,L,synonymous,0.2489508710778812,0.2705809530587068,0.2277935142788269,1.4327452719806324,1.4208711995620993,1.4548866429363752,1.4327452719806324
91,ortho,tatttgactttgtcttttagagatcca,5.0,ttt,5.0,,YLTLSFRDP,,False,False,6.0,3.0,5.0,958.0,737.0,701.0,527.0,483.0,387.0,True,False,True,True,False,False,1.0,both,0.002104708236318398,0.0021615670689956097,0.002119711675393817,0.005629399804910153,0.00635882038273714,0.0051932465569738415,-2.6768080994193673,-2.6652312846536654,-2.673723208081239,-2.2495379062695573,-2.196623442336379,-2.2845610581499227,F,non-synonymous,0.2489508710778812,0.2705809530587068,0.2277935142788269,1.4327452719806324,1.4208711995620993,1.4548866429363752,1.4327452719806324
92,ortho,tatttgactttgtcttttagagatgct,0.0,tat,1.0,,YLTLSFRDA,,False,False,8.0,4.0,6.0,693.0,583.0,542.0,426.0,326.0,269.0,True,False,True,True,False,False,1.0,both,0.001701339105638781,0.001458945889218569,0.001473391319588984,0.004072206748228326,0.005030111646045797,0.004015320447760089,-2.769209115529195,-2.8359608153372386,-2.8316818930977425,-2.3901701807362947,-2.298422375436416,-2.3962797895781947,Y,non-synonymous,0.22084871470554307,0.31038247813952435,0.254859768100819,1.4046431156082944,1.460672724642917,1.4819528967583673,1.460672724642917
93,ortho,tatttgactttgtcttttagagatgct,1.0,ttg,2.0,,YLTLSFRDA,,False,False,8.0,4.0,6.0,693.0,583.0,542.0,426.0,326.0,269.0,True,False,True,True,False,False,1.0,both,0.001701339105638781,0.001458945889218569,0.001473391319588984,0.004072206748228326,0.005030111646045797,0.004015320447760089,-2.769209115529195,-2.8359608153372386,-2.8316818930977425,-2.3901701807362947,-2.298422375436416,-2.3962797895781947,L,synonymous,0.22084871470554307,0.31038247813952435,0.254859768100819,1.4046431156082944,1.460672724642917,1.4819528967583673,1.460672724642917
94,ortho,tatttgactttgtcttttagagatgct,2.0,act,3.0,,YLTLSFRDA,,False,False,8.0,4.0,6.0,693.0,583.0,542.0,426.0,326.0,269.0,True,False,True,True,False,False,1.0,both,0.001701339105638781,0.001458945889218569,0.001473391319588984,0.004072206748228326,0.005030111646045797,0.004015320447760089,-2.769209115529195,-2.8359608153372386,-2.8316818930977425,-2.3901701807362947,-2.298422375436416,-2.3962797895781947,T,non-synonymous,0.22084871470554307,0.31038247813952435,0.254859768100819,1.4046431156082944,1.460672724642917,1.4819528967583673,1.460672724642917
95,ortho,tatttgactttgtcttttagagatgct,3.0,ttg,4.0,,YLTLSFRDA,,False,False,8.0,4.0,6.0,693.0,583.0,542.0,426.0,326.0,269.0,True,False,True,True,False,False,1.0,both,0.001701339105638781,0.001458945889218569,0.001473391319588984,0.004072206748228326,0.005030111646045797,0.004015320447760089,-2.769209115529195,-2.8359608153372386,-2.8316818930977425,-2.3901701807362947,-2.298422375436416,-2.3962797895781947,L,synonymous,0.22084871470554307,0.31038247813952435,0.254859768100819,1.4046431156082944,1.460672724642917,1.4819528967583673,1.460672724642917
96,ortho,tatttgactttgtcttttagagatgct,5.0,ttt,5.0,,YLTLSFRDA,,False,False,8.0,4.0,6.0,693.0,583.0,542.0,426.0,326.0,269.0,True,False,True,True,False,False,1.0,both,0.001701339105638781,0.001458945889218569,0.001473391319588984,0.004072206748228326,0.005030111646045797,0.004015320447760089,-2.769209115529195,-2.8359608153372386,-2.8316818930977425,-2.3901701807362947,-2.298422375436416,-2.3962797895781947,F,non-synonymous,0.22084871470554307,0.31038247813952435,0.254859768100819,1.4046431156082944,1.460672724642917,1.4819528967583673,1.460672724642917
97,ortho,tatttgactttgtcttttagagatgct,8.0,gct,6.0,,YLTLSFRDA,,False,False,8.0,4.0,6.0,693.0,583.0,542.0,426.0,326.0,269.0,True,False,True,True,False,False,1.0,both,0.001701339105638781,0.001458945889218569,0.001473391319588984,0.004072206748228326,0.005030111646045797,0.004015320447760089,-2.769209115529195,-2.8359608153372386,-2.8316818930977425,-2.3901701807362947,-2.298422375436416,-2.3962797895781947,A,non-synonymous,0.22084871470554307,0.31038247813952435,0.254859768100819,1.4046431156082944,1.460672724642917,1.4819528967583673,1.460672724642917
98,ortho,tatttgactttgtcttttagagatgtt,0.0,tat,1.0,,YLTLSFRDV,,False,False,9.0,4.0,6.0,259.0,207.0,215.0,206.0,195.0,163.0,True,False,True,True,False,False,1.0,both,0.0008227132764356546,0.000872682357047917,0.000892798457594812,0.001521935855398465,0.001785991613604597,0.0015927931665468986,-3.0847514942627607,-3.0591438040426597,-3.0492465686961925,-2.81760365126685,-2.7481205847385124,-2.797840616200976,Y,non-synonymous,0.15565487433168632,0.17958931008611245,0.1471588268273484,1.3394492752344376,1.3298795565895052,1.3742519554848966,1.3394492752344376
99,ortho,tatttgactttgtcttttagagatgtt,1.0,ttg,2.0,,YLTLSFRDV,,False,False,9.0,4.0,6.0,259.0,207.0,215.0,206.0,195.0,163.0,True,False,True,True,False,False,1.0,both,0.0008227132764356546,0.000872682357047917,0.000892798457594812,0.001521935855398465,0.001785991613604597,0.0015927931665468986,-3.0847514942627607,-3.0591438040426597,-3.0492465686961925,-2.81760365126685,-2.7481205847385124,-2.797840616200976,L,synonymous,0.15565487433168632,0.17958931008611245,0.1471588268273484,1.3394492752344376,1.3298795565895052,1.3742519554848966,1.3394492752344376
100,ortho,tatttgactttgtcttttagagatgtt,2.0,act,3.0,,YLTLSFRDV,,False,False,9.0,4.0,6.0,259.0,207.0,215.0,206.0,195.0,163.0,True,False,True,True,False,False,1.0,both,0.0008227132764356546,0.000872682357047917,0.000892798457594812,0.001521935855398465,0.001785991613604597,0.0015927931665468986,-3.0847514942627607,-3.0591438040426597,-3.0492465686961925,-2.81760365126685,-2.7481205847385124,-2.797840616200976,T,non-synonymous,0.15565487433168632,0.17958931008611245,0.1471588268273484,1.3394492752344376,1.3298795565895052,1.3742519554848966,1.3394492752344376
101,ortho,tatttgactttgtcttttagagatgtt,3.0,ttg,4.0,,YLTLSFRDV,,False,False,9.0,4.0,6.0,259.0,207.0,215.0,206.0,195.0,163.0,True,False,True,True,False,False,1.0,both,0.0008227132764356546,0.000872682357047917,0.000892798457594812,0.001521935855398465,0.001785991613604597,0.0015927931665468986,-3.0847514942627607,-3.0591438040426597,-3.0492465686961925,-2.81760365126685,-2.7481205847385124,-2.797840616200976,L,synonymous,0.15565487433168632,0.17958931008611245,0.1471588268273484,1.3394492752344376,1.3298795565895052,1.3742519554848966,1.3394492752344376
102,ortho,tatttgactttgtcttttagagatgtt,5.0,ttt,5.0,,YLTLSFRDV,,False,False,9.0,4.0,6.0,259.0,207.0,215.0,206.0,195.0,163.0,True,False,True,True,False,False,1.0,both,0.0008227132764356546,0.000872682357047917,0.000892798457594812,0.001521935855398465,0.001785991613604597,0.0015927931665468986,-3.0847514942627607,-3.0591438040426597,-3.0492465686961925,-2.81760365126685,-2.7481205847385124,-2.797840616200976,F,non-synonymous,0.15565487433168632,0.17958931008611245,0.1471588268273484,1.3394492752344376,1.3298795565895052,1.3742519554848966,1.3394492752344376
103,ortho,tatttgactttgtcttttagagatgtt,8.0,gtt,6.0,,YLTLSFRDV,,False,False,9.0,4.0,6.0,259.0,207.0,215.0,206.0,195.0,163.0,True,False,True,True,False,False,1.0,both,0.0008227132764356546,0.000872682357047917,0.000892798457594812,0.001521935855398465,0.001785991613604597,0.0015927931665468986,-3.0847514942627607,-3.0591438040426597,-3.0492465686961925,-2.81760365126685,-2.7481205847385124,-2.797840616200976,V,non-synonymous,0.15565487433168632,0.17958931008611245,0.1471588268273484,1.3394492752344376,1.3298795565895052,1.3742519554848966,1.3394492752344376
104,ortho,tatttgactttgtctttttctgatcca,0.0,tat,1.0,,YLTLSFSDP,,False,False,9.0,4.0,6.0,1466.0,1113.0,1205.0,701.0,619.0,495.0,True,False,True,True,False,False,1.0,both,0.002799621392142689,0.002770207071859798,0.002711259119689766,0.008614509513568146,0.00960294041517834,0.008927050072972152,-2.5529006966652554,-2.5574877663850595,-2.5668289741665817,-2.0647694450429923,-2.017595765860722,-2.049292029205694,Y,non-synonymous,0.2844118364444181,0.3117414581204036,0.3029368593080678,1.4682062373471694,1.4620317046237963,1.5300299879656158,1.4682062373471694
105,ortho,tatttgactttgtctttttctgatcca,1.0,ttg,2.0,,YLTLSFSDP,,False,False,9.0,4.0,6.0,1466.0,1113.0,1205.0,701.0,619.0,495.0,True,False,True,True,False,False,1.0,both,0.002799621392142689,0.002770207071859798,0.002711259119689766,0.008614509513568146,0.00960294041517834,0.008927050072972152,-2.5529006966652554,-2.5574877663850595,-2.5668289741665817,-2.0647694450429923,-2.017595765860722,-2.049292029205694,L,synonymous,0.2844118364444181,0.3117414581204036,0.3029368593080678,1.4682062373471694,1.4620317046237963,1.5300299879656158,1.4682062373471694
106,ortho,tatttgactttgtctttttctgatcca,2.0,act,3.0,,YLTLSFSDP,,False,False,9.0,4.0,6.0,1466.0,1113.0,1205.0,701.0,619.0,495.0,True,False,True,True,False,False,1.0,both,0.002799621392142689,0.002770207071859798,0.002711259119689766,0.008614509513568146,0.00960294041517834,0.008927050072972152,-2.5529006966652554,-2.5574877663850595,-2.5668289741665817,-2.0647694450429923,-2.017595765860722,-2.049292029205694,T,non-synonymous,0.2844118364444181,0.3117414581204036,0.3029368593080678,1.4682062373471694,1.4620317046237963,1.5300299879656158,1.4682062373471694
107,ortho,tatttgactttgtctttttctgatcca,3.0,ttg,4.0,,YLTLSFSDP,,False,False,9.0,4.0,6.0,1466.0,1113.0,1205.0,701.0,619.0,495.0,True,False,True,True,False,False,1.0,both,0.002799621392142689,0.002770207071859798,0.002711259119689766,0.008614509513568146,0.00960294041517834,0.008927050072972152,-2.5529006966652554,-2.5574877663850595,-2.5668289741665817,-2.0647694450429923,-2.017595765860722,-2.049292029205694,L,synonymous,0.2844118364444181,0.3117414581204036,0.3029368593080678,1.4682062373471694,1.4620317046237963,1.5300299879656158,1.4682062373471694
108,ortho,tatttgactttgtctttttctgatcca,5.0,ttt,5.0,,YLTLSFSDP,,False,False,9.0,4.0,6.0,1466.0,1113.0,1205.0,701.0,619.0,495.0,True,False,True,True,False,False,1.0,both,0.002799621392142689,0.002770207071859798,0.002711259119689766,0.008614509513568146,0.00960294041517834,0.008927050072972152,-2.5529006966652554,-2.5574877663850595,-2.5668289741665817,-2.0647694450429923,-2.017595765860722,-2.049292029205694,F,non-synonymous,0.2844118364444181,0.3117414581204036,0.3029368593080678,1.4682062373471694,1.4620317046237963,1.5300299879656158,1.4682062373471694
109,ortho,tatttgactttgtctttttctgatcca,6.0,tct,6.0,,YLTLSFSDP,,False,False,9.0,4.0,6.0,1466.0,1113.0,1205.0,701.0,619.0,495.0,True,False,True,True,False,False,1.0,both,0.002799621392142689,0.002770207071859798,0.002711259119689766,0.008614509513568146,0.00960294041517834,0.008927050072972152,-2.5529006966652554,-2.5574877663850595,-2.5668289741665817,-2.0647694450429923,-2.017595765860722,-2.049292029205694,S,non-synonymous,0.2844118364444181,0.3117414581204036,0.3029368593080678,1.4682062373471694,1.4620317046237963,1.5300299879656158,1.4682062373471694
110,ortho,tatttgattttgtctattagagatcca,0.0,tat,1.0,,YLILSIRDP,,False,False,6.0,3.0,5.0,104.0,95.0,58.0,131.0,115.0,92.0,True,False,True,True,False,False,1.0,both,0.0005231817437527707,0.0005146588259513356,0.0005039107858817344,0.0006111248222449436,0.0008196579869199841,0.0004296837379521866,-3.2813474189761496,-3.2884805750515658,-3.297646345754595,-3.213870076049321,-3.0863673249065826,-3.366851082553644,Y,non-synonymous,0.03931597281761458,0.1167031170020285,-0.04050853918598948,1.223110373720366,1.2669933635054211,1.1865845894715588,1.223110373720366
111,ortho,tatttgattttgtctattagagatcca,1.0,ttg,2.0,,YLILSIRDP,,False,False,6.0,3.0,5.0,104.0,95.0,58.0,131.0,115.0,92.0,True,False,True,True,False,False,1.0,both,0.0005231817437527707,0.0005146588259513356,0.0005039107858817344,0.0006111248222449436,0.0008196579869199841,0.0004296837379521866,-3.2813474189761496,-3.2884805750515658,-3.297646345754595,-3.213870076049321,-3.0863673249065826,-3.366851082553644,L,synonymous,0.03931597281761458,0.1167031170020285,-0.04050853918598948,1.223110373720366,1.2669933635054211,1.1865845894715588,1.223110373720366
112,ortho,tatttgattttgtctattagagatcca,2.0,att,3.0,,YLILSIRDP,,False,False,6.0,3.0,5.0,104.0,95.0,58.0,131.0,115.0,92.0,True,False,True,True,False,False,1.0,both,0.0005231817437527707,0.0005146588259513356,0.0005039107858817344,0.0006111248222449436,0.0008196579869199841,0.0004296837379521866,-3.2813474189761496,-3.2884805750515658,-3.297646345754595,-3.213870076049321,-3.0863673249065826,-3.366851082553644,I,non-synonymous,0.03931597281761458,0.1167031170020285,-0.04050853918598948,1.223110373720366,1.2669933635054211,1.1865845894715588,1.223110373720366
113,ortho,tatttgattttgtctattagagatcca,3.0,ttg,4.0,,YLILSIRDP,,False,False,6.0,3.0,5.0,104.0,95.0,58.0,131.0,115.0,92.0,True,False,True,True,False,False,1.0,both,0.0005231817437527707,0.0005146588259513356,0.0005039107858817344,0.0006111248222449436,0.0008196579869199841,0.0004296837379521866,-3.2813474189761496,-3.2884805750515658,-3.297646345754595,-3.213870076049321,-3.0863673249065826,-3.366851082553644,L,synonymous,0.03931597281761458,0.1167031170020285,-0.04050853918598948,1.223110373720366,1.2669933635054211,1.1865845894715588,1.223110373720366
114,ortho,tatttgattttgtctattagagatcca,5.0,att,5.0,,YLILSIRDP,,False,False,6.0,3.0,5.0,104.0,95.0,58.0,131.0,115.0,92.0,True,False,True,True,False,False,1.0,both,0.0005231817437527707,0.0005146588259513356,0.0005039107858817344,0.0006111248222449436,0.0008196579869199841,0.0004296837379521866,-3.2813474189761496,-3.2884805750515658,-3.297646345754595,-3.213870076049321,-3.0863673249065826,-3.366851082553644,I,non-synonymous,0.03931597281761458,0.1167031170020285,-0.04050853918598948,1.223110373720366,1.2669933635054211,1.1865845894715588,1.223110373720366
115,ortho,tatttgattttgtctttgagagatcca,0.0,tat,1.0,,YLILSLRDP,,False,False,4.0,2.0,4.0,83.0,80.0,53.0,261.0,208.0,205.0,True,False,True,True,False,False,1.0,both,0.0010423697337364362,0.0009308611808511115,0.0011228446859321253,0.00048772461775317607,0.0006902383047747235,0.0003926420364045843,-2.981978207293633,-3.031115080442416,-2.949680312044396,-3.3118253229720276,-3.161000943203487,-3.4060032065157926,Y,non-synonymous,-0.19218688335198575,-0.07499797775673378,-0.26710561599033067,0.9916075175507655,1.0752922687466588,0.9599875126672175,0.9916075175507655
116,ortho,tatttgattttgtctttgagagatcca,1.0,ttg,2.0,,YLILSLRDP,,False,False,4.0,2.0,4.0,83.0,80.0,53.0,261.0,208.0,205.0,True,False,True,True,False,False,1.0,both,0.0010423697337364362,0.0009308611808511115,0.0011228446859321253,0.00048772461775317607,0.0006902383047747235,0.0003926420364045843,-2.981978207293633,-3.031115080442416,-2.949680312044396,-3.3118253229720276,-3.161000943203487,-3.4060032065157926,L,synonymous,-0.19218688335198575,-0.07499797775673378,-0.26710561599033067,0.9916075175507655,1.0752922687466588,0.9599875126672175,0.9916075175507655
117,ortho,tatttgattttgtctttgagagatcca,2.0,att,3.0,,YLILSLRDP,,False,False,4.0,2.0,4.0,83.0,80.0,53.0,261.0,208.0,205.0,True,False,True,True,False,False,1.0,both,0.0010423697337364362,0.0009308611808511115,0.0011228446859321253,0.00048772461775317607,0.0006902383047747235,0.0003926420364045843,-2.981978207293633,-3.031115080442416,-2.949680312044396,-3.3118253229720276,-3.161000943203487,-3.4060032065157926,I,non-synonymous,-0.19218688335198575,-0.07499797775673378,-0.26710561599033067,0.9916075175507655,1.0752922687466588,0.9599875126672175,0.9916075175507655
118,ortho,tatttgattttgtctttgagagatcca,3.0,ttg,4.0,,YLILSLRDP,,False,False,4.0,2.0,4.0,83.0,80.0,53.0,261.0,208.0,205.0,True,False,True,True,False,False,1.0,both,0.0010423697337364362,0.0009308611808511115,0.0011228446859321253,0.00048772461775317607,0.0006902383047747235,0.0003926420364045843,-2.981978207293633,-3.031115080442416,-2.949680312044396,-3.3118253229720276,-3.161000943203487,-3.4060032065157926,L,synonymous,-0.19218688335198575,-0.07499797775673378,-0.26710561599033067,0.9916075175507655,1.0752922687466588,0.9599875126672175,0.9916075175507655
119,ortho,tatttgattttgtcttttagagatcca,0.0,tat,1.0,,YLILSFRDP,,False,False,5.0,3.0,5.0,2693.0,2120.0,2123.0,1681.0,1467.0,1179.0,True,False,True,True,False,False,1.0,both,0.006713500085865706,0.00656525650148356,0.006457726266897443,0.0158246071760157,0.018291315076530174,0.015727906477111933,-2.173051001192443,-2.182748301561895,-2.1899203680050614,-1.8006670619365912,-1.7377550692666788,-1.8033290819505827,Y,non-synonymous,0.21697115207063514,0.25694553531946374,0.22628867595541674,1.4007655529733865,1.4072357818228562,1.453381804612965,1.4072357818228562
120,ortho,tatttgattttgtcttttagagatcca,1.0,ttg,2.0,,YLILSFRDP,,False,False,5.0,3.0,5.0,2693.0,2120.0,2123.0,1681.0,1467.0,1179.0,True,False,True,True,False,False,1.0,both,0.006713500085865706,0.00656525650148356,0.006457726266897443,0.0158246071760157,0.018291315076530174,0.015727906477111933,-2.173051001192443,-2.182748301561895,-2.1899203680050614,-1.8006670619365912,-1.7377550692666788,-1.8033290819505827,L,synonymous,0.21697115207063514,0.25694553531946374,0.22628867595541674,1.4007655529733865,1.4072357818228562,1.453381804612965,1.4072357818228562
121,ortho,tatttgattttgtcttttagagatcca,2.0,att,3.0,,YLILSFRDP,,False,False,5.0,3.0,5.0,2693.0,2120.0,2123.0,1681.0,1467.0,1179.0,True,False,True,True,False,False,1.0,both,0.006713500085865706,0.00656525650148356,0.006457726266897443,0.0158246071760157,0.018291315076530174,0.015727906477111933,-2.173051001192443,-2.182748301561895,-2.1899203680050614,-1.8006670619365912,-1.7377550692666788,-1.8033290819505827,I,non-synonymous,0.21697115207063514,0.25694553531946374,0.22628867595541674,1.4007655529733865,1.4072357818228562,1.453381804612965,1.4072357818228562
122,ortho,tatttgattttgtcttttagagatcca,3.0,ttg,4.0,,YLILSFRDP,,False,False,5.0,3.0,5.0,2693.0,2120.0,2123.0,1681.0,1467.0,1179.0,True,False,True,True,False,False,1.0,both,0.006713500085865706,0.00656525650148356,0.006457726266897443,0.0158246071760157,0.018291315076530174,0.015727906477111933,-2.173051001192443,-2.182748301561895,-2.1899203680050614,-1.8006670619365912,-1.7377550692666788,-1.8033290819505827,L,synonymous,0.21697115207063514,0.25694553531946374,0.22628867595541674,1.4007655529733865,1.4072357818228562,1.453381804612965,1.4072357818228562
123,ortho,tatttgattttgtcttttagagatcca,5.0,ttt,5.0,,YLILSFRDP,,False,False,5.0,3.0,5.0,2693.0,2120.0,2123.0,1681.0,1467.0,1179.0,True,False,True,True,False,False,1.0,both,0.006713500085865706,0.00656525650148356,0.006457726266897443,0.0158246071760157,0.018291315076530174,0.015727906477111933,-2.173051001192443,-2.182748301561895,-2.1899203680050614,-1.8006670619365912,-1.7377550692666788,-1.8033290819505827,F,non-synonymous,0.21697115207063514,0.25694553531946374,0.22628867595541674,1.4007655529733865,1.4072357818228562,1.453381804612965,1.4072357818228562
124,ortho,tatttggctttgtcttttaaagatcca,0.0,tat,1.0,,YLALSFKDP,,False,False,6.0,4.0,6.0,836.0,682.0,695.0,478.0,493.0,376.0,True,False,True,True,False,False,1.0,both,0.001909014301632247,0.0022063200103826825,0.0020594614727340445,0.004912503378815123,0.005884281548204517,0.005148796515116718,-2.7191908180197952,-2.656331496127948,-2.6862463281724893,-2.308697137909085,-2.2303065555389514,-2.2882942715264676,Y,non-synonymous,0.23917596142657993,0.24599296904915907,0.23293862857393294,1.4229703623293313,1.3962832155525517,1.4600317572314812,1.4229703623293313
125,ortho,tatttggctttgtcttttaaagatcca,1.0,ttg,2.0,,YLALSFKDP,,False,False,6.0,4.0,6.0,836.0,682.0,695.0,478.0,493.0,376.0,True,False,True,True,False,False,1.0,both,0.001909014301632247,0.0022063200103826825,0.0020594614727340445,0.004912503378815123,0.005884281548204517,0.005148796515116718,-2.7191908180197952,-2.656331496127948,-2.6862463281724893,-2.308697137909085,-2.2303065555389514,-2.2882942715264676,L,synonymous,0.23917596142657993,0.24599296904915907,0.23293862857393294,1.4229703623293313,1.3962832155525517,1.4600317572314812,1.4229703623293313
126,ortho,tatttggctttgtcttttaaagatcca,2.0,gct,3.0,,YLALSFKDP,,False,False,6.0,4.0,6.0,836.0,682.0,695.0,478.0,493.0,376.0,True,False,True,True,False,False,1.0,both,0.001909014301632247,0.0022063200103826825,0.0020594614727340445,0.004912503378815123,0.005884281548204517,0.005148796515116718,-2.7191908180197952,-2.656331496127948,-2.6862463281724893,-2.308697137909085,-2.2303065555389514,-2.2882942715264676,A,non-synonymous,0.23917596142657993,0.24599296904915907,0.23293862857393294,1.4229703623293313,1.3962832155525517,1.4600317572314812,1.4229703623293313
127,ortho,tatttggctttgtcttttaaagatcca,3.0,ttg,4.0,,YLALSFKDP,,False,False,6.0,4.0,6.0,836.0,682.0,695.0,478.0,493.0,376.0,True,False,True,True,False,False,1.0,both,0.001909014301632247,0.0022063200103826825,0.0020594614727340445,0.004912503378815123,0.005884281548204517,0.005148796515116718,-2.7191908180197952,-2.656331496127948,-2.6862463281724893,-2.308697137909085,-2.2303065555389514,-2.2882942715264676,L,synonymous,0.23917596142657993,0.24599296904915907,0.23293862857393294,1.4229703623293313,1.3962832155525517,1.4600317572314812,1.4229703623293313
128,ortho,tatttggctttgtcttttaaagatcca,5.0,ttt,5.0,,YLALSFKDP,,False,False,6.0,4.0,6.0,836.0,682.0,695.0,478.0,493.0,376.0,True,False,True,True,False,False,1.0,both,0.001909014301632247,0.0022063200103826825,0.0020594614727340445,0.004912503378815123,0.005884281548204517,0.005148796515116718,-2.7191908180197952,-2.656331496127948,-2.6862463281724893,-2.308697137909085,-2.2303065555389514,-2.2882942715264676,F,non-synonymous,0.23917596142657993,0.24599296904915907,0.23293862857393294,1.4229703623293313,1.3962832155525517,1.4600317572314812,1.4229703623293313
129,ortho,tatttggctttgtcttttaaagatcca,6.0,aaa,6.0,,YLALSFKDP,,False,False,6.0,4.0,6.0,836.0,682.0,695.0,478.0,493.0,376.0,True,False,True,True,False,False,1.0,both,0.001909014301632247,0.0022063200103826825,0.0020594614727340445,0.004912503378815123,0.005884281548204517,0.005148796515116718,-2.7191908180197952,-2.656331496127948,-2.6862463281724893,-2.308697137909085,-2.2303065555389514,-2.2882942715264676,K,non-synonymous,0.23917596142657993,0.24599296904915907,0.23293862857393294,1.4229703623293313,1.3962832155525517,1.4600317572314812,1.4229703623293313
130,ortho,tatttggctttgtcttttagagatcca,0.0,tat,1.0,,YLALSFRDP,,False,False,5.0,3.0,5.0,931.0,706.0,753.0,547.0,432.0,410.0,True,False,True,True,False,False,1.0,both,0.0021845833117005004,0.0019333270679215391,0.0022456893718642507,0.0054707423991350234,0.006091353039636934,0.005578480253068905,-2.660631388298483,-2.7136946685902656,-2.6486503163804147,-2.2619537343667586,-2.2152862291436266,-2.2534840999158807,Y,non-synonymous,0.23229130142197685,0.28778824931970076,0.23130795527933773,1.416085702324728,1.4380784958230934,1.458401083936886,1.4380784958230934
131,ortho,tatttggctttgtcttttagagatcca,1.0,ttg,2.0,,YLALSFRDP,,False,False,5.0,3.0,5.0,931.0,706.0,753.0,547.0,432.0,410.0,True,False,True,True,False,False,1.0,both,0.0021845833117005004,0.0019333270679215391,0.0022456893718642507,0.0054707423991350234,0.006091353039636934,0.005578480253068905,-2.660631388298483,-2.7136946685902656,-2.6486503163804147,-2.2619537343667586,-2.2152862291436266,-2.2534840999158807,L,synonymous,0.23229130142197685,0.28778824931970076,0.23130795527933773,1.416085702324728,1.4380784958230934,1.458401083936886,1.4380784958230934
132,ortho,tatttggctttgtcttttagagatcca,2.0,gct,3.0,,YLALSFRDP,,False,False,5.0,3.0,5.0,931.0,706.0,753.0,547.0,432.0,410.0,True,False,True,True,False,False,1.0,both,0.0021845833117005004,0.0019333270679215391,0.0022456893718642507,0.0054707423991350234,0.006091353039636934,0.005578480253068905,-2.660631388298483,-2.7136946685902656,-2.6486503163804147,-2.2619537343667586,-2.2152862291436266,-2.2534840999158807,A,non-synonymous,0.23229130142197685,0.28778824931970076,0.23130795527933773,1.416085702324728,1.4380784958230934,1.458401083936886,1.4380784958230934
133,ortho,tatttggctttgtcttttagagatcca,3.0,ttg,4.0,,YLALSFRDP,,False,False,5.0,3.0,5.0,931.0,706.0,753.0,547.0,432.0,410.0,True,False,True,True,False,False,1.0,both,0.0021845833117005004,0.0019333270679215391,0.0022456893718642507,0.0054707423991350234,0.006091353039636934,0.005578480253068905,-2.660631388298483,-2.7136946685902656,-2.6486503163804147,-2.2619537343667586,-2.2152862291436266,-2.2534840999158807,L,synonymous,0.23229130142197685,0.28778824931970076,0.23130795527933773,1.416085702324728,1.4380784958230934,1.458401083936886,1.4380784958230934
134,ortho,tatttggctttgtcttttagagatcca,5.0,ttt,5.0,,YLALSFRDP,,False,False,5.0,3.0,5.0,931.0,706.0,753.0,547.0,432.0,410.0,True,False,True,True,False,False,1.0,both,0.0021845833117005004,0.0019333270679215391,0.0022456893718642507,0.0054707423991350234,0.006091353039636934,0.005578480253068905,-2.660631388298483,-2.7136946685902656,-2.6486503163804147,-2.2619537343667586,-2.2152862291436266,-2.2534840999158807,F,non-synonymous,0.23229130142197685,0.28778824931970076,0.23130795527933773,1.416085702324728,1.4380784958230934,1.458401083936886,1.4380784958230934
135,single,tcgttagttttatctttgagagatcca,0.0,tcg,1.0,,SLVLSLRDP,,False,False,2.0,1.0,1.0,2.0,2.0,3.0,17.0,29.0,23.0,True,False,True,True,False,False,1.0,both,6.789381407478703e-05,0.00012978353002251073,0.0001259776964704336,1.1752400427787376e-05,1.7255957619368087e-05,2.2225020928561376e-05,-4.16816979325364,-3.8867804175062215,-3.8997063370825575,-4.92987341968412,-4.763060934531449,-4.653157821396919,S,non-synonymous,-0.443809992700712,-0.5059770580683595,-0.44102788896828293,0.7399844082020393,0.6443131884350332,0.7860652396892652,0.7399844082020393
136,single,tctttagttttatctttgagagatcca,0.0,tct,1.0,,SLVLSLRDP,,False,False,1.0,1.0,1.0,5658.0,3961.0,4279.0,2649.0,2226.0,1803.0,True,False,True,True,False,False,1.0,both,0.010579453734359461,0.009962004752762375,0.009875555945051816,0.03324754081021049,0.03417542406515849,0.03170028818443804,-1.9755367563346828,-2.001653255406488,-2.0054384463777484,-1.4782404722271294,-1.4662860877911374,-1.4989367896326486,S,non-synonymous,0.28975188322804707,0.30912875408435775,0.29647742566531077,1.4735462841307982,1.4594190005877503,1.523570554322859,1.4735462841307982
137,ortho,tctttgactttgtcttttagagatgtt,0.0,tct,1.0,,SLTLSFRDV,,False,False,9.0,4.0,6.0,3605.0,2713.0,3153.0,1942.0,1521.0,1354.0,True,False,True,True,False,False,1.0,both,0.0077558698196021425,0.0068069223849737525,0.0074162522183029165,0.021183701771086746,0.02340770651067281,0.023358496995918004,-2.110369489059928,-2.1670492013521794,-2.1298155087510247,-1.6739981462926536,-1.6306411364338342,-1.6315551053686768,S,non-synonymous,0.2542536962255352,0.3097297832581071,0.29165346201444,1.4380480971282865,1.4600200297614998,1.5187465906719881,1.4600200297614998
138,ortho,tctttgactttgtcttttagagatgtt,1.0,ttg,2.0,,SLTLSFRDV,,False,False,9.0,4.0,6.0,3605.0,2713.0,3153.0,1942.0,1521.0,1354.0,True,False,True,True,False,False,1.0,both,0.0077558698196021425,0.0068069223849737525,0.0074162522183029165,0.021183701771086746,0.02340770651067281,0.023358496995918004,-2.110369489059928,-2.1670492013521794,-2.1298155087510247,-1.6739981462926536,-1.6306411364338342,-1.6315551053686768,L,synonymous,0.2542536962255352,0.3097297832581071,0.29165346201444,1.4380480971282865,1.4600200297614998,1.5187465906719881,1.4600200297614998
139,ortho,tctttgactttgtcttttagagatgtt,2.0,act,3.0,,SLTLSFRDV,,False,False,9.0,4.0,6.0,3605.0,2713.0,3153.0,1942.0,1521.0,1354.0,True,False,True,True,False,False,1.0,both,0.0077558698196021425,0.0068069223849737525,0.0074162522183029165,0.021183701771086746,0.02340770651067281,0.023358496995918004,-2.110369489059928,-2.1670492013521794,-2.1298155087510247,-1.6739981462926536,-1.6306411364338342,-1.6315551053686768,T,non-synonymous,0.2542536962255352,0.3097297832581071,0.29165346201444,1.4380480971282865,1.4600200297614998,1.5187465906719881,1.4600200297614998
140,ortho,tctttgactttgtcttttagagatgtt,3.0,ttg,4.0,,SLTLSFRDV,,False,False,9.0,4.0,6.0,3605.0,2713.0,3153.0,1942.0,1521.0,1354.0,True,False,True,True,False,False,1.0,both,0.0077558698196021425,0.0068069223849737525,0.0074162522183029165,0.021183701771086746,0.02340770651067281,0.023358496995918004,-2.110369489059928,-2.1670492013521794,-2.1298155087510247,-1.6739981462926536,-1.6306411364338342,-1.6315551053686768,L,synonymous,0.2542536962255352,0.3097297832581071,0.29165346201444,1.4380480971282865,1.4600200297614998,1.5187465906719881,1.4600200297614998
141,ortho,tctttgactttgtcttttagagatgtt,5.0,ttt,5.0,,SLTLSFRDV,,False,False,9.0,4.0,6.0,3605.0,2713.0,3153.0,1942.0,1521.0,1354.0,True,False,True,True,False,False,1.0,both,0.0077558698196021425,0.0068069223849737525,0.0074162522183029165,0.021183701771086746,0.02340770651067281,0.023358496995918004,-2.110369489059928,-2.1670492013521794,-2.1298155087510247,-1.6739981462926536,-1.6306411364338342,-1.6315551053686768,F,non-synonymous,0.2542536962255352,0.3097297832581071,0.29165346201444,1.4380480971282865,1.4600200297614998,1.5187465906719881,1.4600200297614998
142,ortho,tctttgactttgtcttttagagatgtt,8.0,gtt,6.0,,SLTLSFRDV,,False,False,9.0,4.0,6.0,3605.0,2713.0,3153.0,1942.0,1521.0,1354.0,True,False,True,True,False,False,1.0,both,0.0077558698196021425,0.0068069223849737525,0.0074162522183029165,0.021183701771086746,0.02340770651067281,0.023358496995918004,-2.110369489059928,-2.1670492013521794,-2.1298155087510247,-1.6739981462926536,-1.6306411364338342,-1.6315551053686768,V,non-synonymous,0.2542536962255352,0.3097297832581071,0.29165346201444,1.4380480971282865,1.4600200297614998,1.5187465906719881,1.4600200297614998
143,single,tggttagttttatctttgagagatcca,0.0,tgg,1.0,,WLVLSLRDP,,False,False,2.0,1.0,1.0,1.0,3.0,1.0,3.0,7.0,9.0,True,False,True,True,False,False,2.0,both,1.1981261307315359e-05,3.1327058970950864e-05,4.929562035799575e-05,5.876200213893688e-06,2.5883936429052132e-05,7.408340309520458e-06,-4.921497459912252,-4.504080375390921,-4.307191663660825,-5.230903415348101,-4.586969675475768,-5.130279076116581,W,non-synonymous,-0.18027675077121905,-0.04786148201109538,-0.48178882318091315,1.0035176501315322,1.1024287644922972,0.7453043054766351,1.0035176501315322
144,single,tgtttagttttatctttgagagatcca,0.0,tgt,1.0,,CLVLSLRDP,,False,False,1.0,1.0,1.0,2.0,1.0,2.0,2.0,1.0,6.0,True,False,True,True,False,False,2.0,both,7.987507538210239e-06,4.4752941387072664e-06,3.28637469053305e-05,1.1752400427787376e-05,8.627978809684043e-06,1.4816680619040916e-05,-5.097588718967932,-5.349178415405178,-4.483282922716507,-4.92987341968412,-5.06409093019543,-4.8292490804526,C,non-synonymous,0.09772006219762956,0.1646136417002891,-0.20250902331112308,1.2815144631003808,1.3149038882036816,1.024584105346425,1.2815144631003808
145,ortho,ttgcaaattagaccattgattgctcca,0.0,ttg,1.0,,LQIRPLIAP,,False,False,11.0,7.0,7.0,2144.0,1769.0,1774.0,995.0,897.0,751.0,True,False,True,True,False,False,1.0,both,0.003973785000259594,0.004014338842420418,0.0041134456543172005,0.012598573258588066,0.015262894514331073,0.013142395709089292,-2.4007956338861884,-2.3963859723610854,-2.385794236095982,-1.899678634327369,-1.8163630972857072,-1.8813254606208738,L,non-synonymous,0.2919780400135728,0.33491360613526283,0.2952874919354126,1.475772440916324,1.4852038526386555,1.5223806205929606,1.4852038526386555
146,ortho,ttgcaaattagaccattgattgctcca,1.0,caa,2.0,,LQIRPLIAP,,False,False,11.0,7.0,7.0,2144.0,1769.0,1774.0,995.0,897.0,751.0,True,False,True,True,False,False,1.0,both,0.003973785000259594,0.004014338842420418,0.0041134456543172005,0.012598573258588066,0.015262894514331073,0.013142395709089292,-2.4007956338861884,-2.3963859723610854,-2.385794236095982,-1.899678634327369,-1.8163630972857072,-1.8813254606208738,Q,non-synonymous,0.2919780400135728,0.33491360613526283,0.2952874919354126,1.475772440916324,1.4852038526386555,1.5223806205929606,1.4852038526386555
147,ortho,ttgcaaattagaccattgattgctcca,2.0,att,3.0,,LQIRPLIAP,,False,False,11.0,7.0,7.0,2144.0,1769.0,1774.0,995.0,897.0,751.0,True,False,True,True,False,False,1.0,both,0.003973785000259594,0.004014338842420418,0.0041134456543172005,0.012598573258588066,0.015262894514331073,0.013142395709089292,-2.4007956338861884,-2.3963859723610854,-2.385794236095982,-1.899678634327369,-1.8163630972857072,-1.8813254606208738,I,non-synonymous,0.2919780400135728,0.33491360613526283,0.2952874919354126,1.475772440916324,1.4852038526386555,1.5223806205929606,1.4852038526386555
148,ortho,ttgcaaattagaccattgattgctcca,3.0,aga,4.0,,LQIRPLIAP,,False,False,11.0,7.0,7.0,2144.0,1769.0,1774.0,995.0,897.0,751.0,True,False,True,True,False,False,1.0,both,0.003973785000259594,0.004014338842420418,0.0041134456543172005,0.012598573258588066,0.015262894514331073,0.013142395709089292,-2.4007956338861884,-2.3963859723610854,-2.385794236095982,-1.899678634327369,-1.8163630972857072,-1.8813254606208738,R,non-synonymous,0.2919780400135728,0.33491360613526283,0.2952874919354126,1.475772440916324,1.4852038526386555,1.5223806205929606,1.4852038526386555
149,ortho,ttgcaaattagaccattgattgctcca,4.0,cca,5.0,,LQIRPLIAP,,False,False,11.0,7.0,7.0,2144.0,1769.0,1774.0,995.0,897.0,751.0,True,False,True,True,False,False,1.0,both,0.003973785000259594,0.004014338842420418,0.0041134456543172005,0.012598573258588066,0.015262894514331073,0.013142395709089292,-2.4007956338861884,-2.3963859723610854,-2.385794236095982,-1.899678634327369,-1.8163630972857072,-1.8813254606208738,P,non-synonymous,0.2919780400135728,0.33491360613526283,0.2952874919354126,1.475772440916324,1.4852038526386555,1.5223806205929606,1.4852038526386555
150,ortho,ttgcaaattagaccattgattgctcca,6.0,att,6.0,,LQIRPLIAP,,False,False,11.0,7.0,7.0,2144.0,1769.0,1774.0,995.0,897.0,751.0,True,False,True,True,False,False,1.0,both,0.003973785000259594,0.004014338842420418,0.0041134456543172005,0.012598573258588066,0.015262894514331073,0.013142395709089292,-2.4007956338861884,-2.3963859723610854,-2.385794236095982,-1.899678634327369,-1.8163630972857072,-1.8813254606208738,I,non-synonymous,0.2919780400135728,0.33491360613526283,0.2952874919354126,1.475772440916324,1.4852038526386555,1.5223806205929606,1.4852038526386555
151,ortho,ttgcaaattagaccattgattgctcca,7.0,gct,7.0,,LQIRPLIAP,,False,False,11.0,7.0,7.0,2144.0,1769.0,1774.0,995.0,897.0,751.0,True,False,True,True,False,False,1.0,both,0.003973785000259594,0.004014338842420418,0.0041134456543172005,0.012598573258588066,0.015262894514331073,0.013142395709089292,-2.4007956338861884,-2.3963859723610854,-2.385794236095982,-1.899678634327369,-1.8163630972857072,-1.8813254606208738,A,non-synonymous,0.2919780400135728,0.33491360613526283,0.2952874919354126,1.475772440916324,1.4852038526386555,1.5223806205929606,1.4852038526386555
152,ortho,ttgcaagttaaaccaatgattaaacca,0.0,ttg,1.0,,LQVKPMIKP,,False,False,12.0,7.0,7.0,1097.0,844.0,928.0,501.0,494.0,347.0,True,False,True,True,False,False,1.0,both,0.0020008706383216647,0.0022107953045213896,0.0019006200293582806,0.0064461916346413755,0.007282014115373332,0.0068749398072349855,-2.698780988764668,-2.6554514664815305,-2.7211046983092766,-2.1906967877733905,-2.137748483569775,-2.1627310998977194,L,non-synonymous,0.29603751079668333,0.298929198079344,0.3268403268024181,1.4798319116994345,1.4492194445827367,1.5539334554599662,1.4798319116994345
153,ortho,ttgcaagttaaaccaatgattaaacca,1.0,caa,2.0,,LQVKPMIKP,,False,False,12.0,7.0,7.0,1097.0,844.0,928.0,501.0,494.0,347.0,True,False,True,True,False,False,1.0,both,0.0020008706383216647,0.0022107953045213896,0.0019006200293582806,0.0064461916346413755,0.007282014115373332,0.0068749398072349855,-2.698780988764668,-2.6554514664815305,-2.7211046983092766,-2.1906967877733905,-2.137748483569775,-2.1627310998977194,Q,non-synonymous,0.29603751079668333,0.298929198079344,0.3268403268024181,1.4798319116994345,1.4492194445827367,1.5539334554599662,1.4798319116994345
154,ortho,ttgcaagttaaaccaatgattaaacca,3.0,aaa,3.0,,LQVKPMIKP,,False,False,12.0,7.0,7.0,1097.0,844.0,928.0,501.0,494.0,347.0,True,False,True,True,False,False,1.0,both,0.0020008706383216647,0.0022107953045213896,0.0019006200293582806,0.0064461916346413755,0.007282014115373332,0.0068749398072349855,-2.698780988764668,-2.6554514664815305,-2.7211046983092766,-2.1906967877733905,-2.137748483569775,-2.1627310998977194,K,non-synonymous,0.29603751079668333,0.298929198079344,0.3268403268024181,1.4798319116994345,1.4492194445827367,1.5539334554599662,1.4798319116994345
155,ortho,ttgcaagttaaaccaatgattaaacca,4.0,cca,4.0,,LQVKPMIKP,,False,False,12.0,7.0,7.0,1097.0,844.0,928.0,501.0,494.0,347.0,True,False,True,True,False,False,1.0,both,0.0020008706383216647,0.0022107953045213896,0.0019006200293582806,0.0064461916346413755,0.007282014115373332,0.0068749398072349855,-2.698780988764668,-2.6554514664815305,-2.7211046983092766,-2.1906967877733905,-2.137748483569775,-2.1627310998977194,P,non-synonymous,0.29603751079668333,0.298929198079344,0.3268403268024181,1.4798319116994345,1.4492194445827367,1.5539334554599662,1.4798319116994345
156,ortho,ttgcaagttaaaccaatgattaaacca,5.0,atg,5.0,,LQVKPMIKP,,False,False,12.0,7.0,7.0,1097.0,844.0,928.0,501.0,494.0,347.0,True,False,True,True,False,False,1.0,both,0.0020008706383216647,0.0022107953045213896,0.0019006200293582806,0.0064461916346413755,0.007282014115373332,0.0068749398072349855,-2.698780988764668,-2.6554514664815305,-2.7211046983092766,-2.1906967877733905,-2.137748483569775,-2.1627310998977194,M,non-synonymous,0.29603751079668333,0.298929198079344,0.3268403268024181,1.4798319116994345,1.4492194445827367,1.5539334554599662,1.4798319116994345
157,ortho,ttgcaagttaaaccaatgattaaacca,6.0,att,6.0,,LQVKPMIKP,,False,False,12.0,7.0,7.0,1097.0,844.0,928.0,501.0,494.0,347.0,True,False,True,True,False,False,1.0,both,0.0020008706383216647,0.0022107953045213896,0.0019006200293582806,0.0064461916346413755,0.007282014115373332,0.0068749398072349855,-2.698780988764668,-2.6554514664815305,-2.7211046983092766,-2.1906967877733905,-2.137748483569775,-2.1627310998977194,I,non-synonymous,0.29603751079668333,0.298929198079344,0.3268403268024181,1.4798319116994345,1.4492194445827367,1.5539334554599662,1.4798319116994345
158,ortho,ttgcaagttaaaccaatgattaaacca,7.0,aaa,7.0,,LQVKPMIKP,,False,False,12.0,7.0,7.0,1097.0,844.0,928.0,501.0,494.0,347.0,True,False,True,True,False,False,1.0,both,0.0020008706383216647,0.0022107953045213896,0.0019006200293582806,0.0064461916346413755,0.007282014115373332,0.0068749398072349855,-2.698780988764668,-2.6554514664815305,-2.7211046983092766,-2.1906967877733905,-2.137748483569775,-2.1627310998977194,K,non-synonymous,0.29603751079668333,0.298929198079344,0.3268403268024181,1.4798319116994345,1.4492194445827367,1.5539334554599662,1.4798319116994345
159,single,ttgttagttttatctttgagagatcca,0.0,ttg,1.0,,LLVLSLRDP,,False,False,1.0,1.0,1.0,8.0,11.0,5.0,727.0,693.0,522.0,True,False,True,True,False,False,1.0,both,0.002903458990139422,0.0031013788381241358,0.0028591459807637536,4.7009601711149503e-05,9.490776690652448e-05,3.704170154760229e-05,-2.537084303772876,-2.508445180793371,-2.543763670097888,-4.327813428356158,-4.022698245037205,-4.4313090717805625,L,non-synonymous,-1.043376258341595,-0.8743516439439861,-1.1048623317710173,0.14041814256115615,0.2759386025594065,0.12223079688653082,0.14041814256115615
160,single,tttaaggttttatctttgagagatcca,1.0,aag,1.0,,FKVLSLRDP,,False,False,3.0,1.0,1.0,3.0,3.0,4.0,611.0,590.0,455.0,True,False,True,True,False,False,1.0,both,0.002440183552923228,0.002640423541837287,0.0024921674736542295,1.7628600641681064e-05,2.5883936429052132e-05,2.9633361238081832e-05,-2.6125775043893595,-2.5783264037630333,-2.603422776443038,-4.753782160628439,-4.586969675475768,-4.528219084788619,K,non-synonymous,-1.2475823796579075,-1.1598197079403447,-1.1266669058805852,-0.0637879787551563,-0.009529461436952102,0.100426222776963,-0.009529461436952102
161,single,tttacggttttatctttgagagatcca,1.0,acg,1.0,,FTVLSLRDP,,False,False,3.0,1.0,1.0,1.0,1.0,1.0,7.0,4.0,2.0,True,False,True,True,False,False,2.0,both,2.795627638373584e-05,1.7901176554829066e-05,1.0954582301776834e-05,5.876200213893688e-06,8.627978809684043e-06,7.408340309520458e-06,-4.553520674617657,-4.7471184240772155,-4.960404177436169,-5.230903415348101,-5.06409093019543,-5.130279076116581,T,non-synonymous,-0.39468005506024056,-0.18302451443141265,-0.09943515875066562,0.7891143458425107,0.96726573207198,1.1276579699068825,0.96726573207198
162,single,tttactgttttatctttgagagatcca,1.0,act,1.0,,FTVLSLRDP,,False,False,3.0,1.0,1.0,1.0,2.0,1.0,7.0,6.0,9.0,True,False,True,True,False,False,2.0,both,2.795627638373584e-05,2.68517648322436e-05,4.929562035799575e-05,5.876200213893688e-06,1.7255957619368087e-05,7.408340309520458e-06,-4.553520674617657,-4.571027165021534,-4.307191663660825,-5.230903415348101,-4.763060934531449,-5.130279076116581,T,non-synonymous,-0.39468005506024056,-0.11088307894400776,-0.48178882318091315,0.7891143458425107,1.0394071675593848,0.7453043054766351,0.7891143458425107
163,single,tttagggttttatctttgagagatcca,1.0,agg,1.0,,FRVLSLRDP,,False,False,3.0,1.0,1.0,11.0,6.0,10.0,479.0,460.0,440.0,True,False,True,True,False,False,1.0,both,0.0019130080554013522,0.0020586353038053425,0.0024100081063909034,6.463820235283056e-05,5.1767872858104264e-05,7.408340309520458e-05,-2.718283201217351,-2.6864205837236037,-2.6179814966139627,-4.189510730189877,-4.285939679811786,-4.130279076116581,R,non-synonymous,-0.857217238093295,-0.9235854852853707,-0.8852134780606615,0.32657716280945626,0.22670476121802197,0.34187965059688663,0.32657716280945626
164,single,tttagtgttttatctttgagagatcca,1.0,agt,1.0,,FSVLSLRDP,,False,False,3.0,1.0,1.0,186.0,117.0,124.0,1628.0,1478.0,1166.0,True,False,True,True,False,False,1.0,both,0.006501831136103134,0.00661448473700934,0.006386521481935894,0.001092973239784226,0.0010094735207330332,0.0009186341983805368,-2.1869643140787316,-2.179503981346371,-2.1947356226771553,-2.9613904711301853,-2.9959050684492685,-3.0368573909543466,S,non-synonymous,-0.45122283153474646,-0.4714018082456607,-0.4929304586286658,0.7325715693680048,0.6788884382577319,0.7341626700288824,0.7325715693680048
165,ortho,tttatggctttgtctttgagagatcca,1.0,atg,1.0,,FMALSLRDP,,False,False,4.0,2.0,3.0,6.0,3.0,4.0,878.0,785.0,628.0,True,False,True,True,False,False,1.0,both,0.003506515809274295,0.0035131058988852044,0.003439738842757926,3.525720128336213e-05,2.5883936429052132e-05,2.9633361238081832e-05,-2.4551241987258114,-2.4543087586599253,-2.463474529362954,-4.4527521649644575,-4.586969675475768,-4.528219084788619,M,non-synonymous,-1.1639267851063957,-1.2314292918563021,-1.2085846952266461,0.019867615796355542,-0.0811390453529095,0.018508433430902027,0.018508433430902027
166,ortho,tttatggctttgtctttgagagatcca,2.0,gct,2.0,,FMALSLRDP,,False,False,4.0,2.0,3.0,6.0,3.0,4.0,878.0,785.0,628.0,True,False,True,True,False,False,1.0,both,0.003506515809274295,0.0035131058988852044,0.003439738842757926,3.525720128336213e-05,2.5883936429052132e-05,2.9633361238081832e-05,-2.4551241987258114,-2.4543087586599253,-2.463474529362954,-4.4527521649644575,-4.586969675475768,-4.528219084788619,A,non-synonymous,-1.1639267851063957,-1.2314292918563021,-1.2085846952266461,0.019867615796355542,-0.0811390453529095,0.018508433430902027,0.018508433430902027
167,ortho,tttatggctttgtctttgagagatcca,3.0,ttg,3.0,,FMALSLRDP,,False,False,4.0,2.0,3.0,6.0,3.0,4.0,878.0,785.0,628.0,True,False,True,True,False,False,1.0,both,0.003506515809274295,0.0035131058988852044,0.003439738842757926,3.525720128336213e-05,2.5883936429052132e-05,2.9633361238081832e-05,-2.4551241987258114,-2.4543087586599253,-2.463474529362954,-4.4527521649644575,-4.586969675475768,-4.528219084788619,L,synonymous,-1.1639267851063957,-1.2314292918563021,-1.2085846952266461,0.019867615796355542,-0.0811390453529095,0.018508433430902027,0.018508433430902027
168,single,tttatggttttatctttgagagatcca,1.0,atg,1.0,,FMVLSLRDP,,False,False,2.0,1.0,1.0,8.0,5.0,4.0,1313.0,1154.0,1016.0,True,False,True,True,False,False,1.0,both,0.005243798698835022,0.0051644894360681854,0.005564927809302631,4.7009601711149503e-05,4.313989404842022e-05,2.9633361238081832e-05,-2.2803539885424344,-2.286972606585465,-2.25454046515225,-4.327813428356158,-4.3651209258594115,-4.528219084788619,M,non-synonymous,-1.1929613139654216,-1.19995292875565,-1.330882880565365,-0.009166913062670368,-0.04966268225225745,-0.10378975190781681,-0.04966268225225745
169,single,tttattgttttatctttgagagatcca,1.0,att,1.0,,FIVLSLRDP,,False,False,2.0,1.0,1.0,8.0,5.0,4.0,1432.0,1350.0,1005.0,True,False,True,True,False,False,1.0,both,0.005719055397358531,0.00604164708725481,0.005504677606642859,4.7009601711149503e-05,4.313989404842022e-05,2.9633361238081832e-05,-2.2426756966600774,-2.2188446469101715,-2.259268111343643,-4.327813428356158,-4.3651209258594115,-4.528219084788619,I,non-synonymous,-1.2149147376659855,-1.2392909990869712,-1.3281155838475462,-0.031120336763234224,-0.08900075258357854,-0.10102245518999808,-0.08900075258357854
170,single,tttcaggttttatctttgagagatcca,1.0,cag,1.0,,FQVLSLRDP,,False,False,3.0,1.0,1.0,14.0,7.0,16.0,2241.0,2121.0,1627.0,True,False,True,True,False,False,1.0,both,0.008950002196564572,0.009492098868198112,0.008911552702495454,8.226680299451162e-05,6.03958516677883e-05,0.00011853344495232733,-2.048176858096853,-2.022637746888616,-2.0500466201632914,-4.084775379669863,-4.218992890181173,-3.9261590934606567,Q,non-synonymous,-1.1866331518327007,-1.2682072604433867,-1.0981701420607708,-0.0028387509299494518,-0.1179170139399941,0.12892298659677737,-0.0028387509299494518
171,single,tttcatgttttatctttgagagatcca,1.0,cat,1.0,,FHVLSLRDP,,False,False,3.0,1.0,1.0,1.0,1.0,1.0,6.0,1.0,1.0,True,False,True,True,False,False,2.0,both,2.3962522614630718e-05,4.4752941387072664e-06,5.477291150888417e-06,5.876200213893688e-06,8.627978809684043e-06,7.408340309520458e-06,-4.620467464248271,-5.349178415405178,-5.261434173100151,-5.230903415348101,-5.06409093019543,-5.130279076116581,H,non-synonymous,-0.3556732114713052,0.1646136417002891,0.07677077655866696,0.828121189431446,1.3149038882036816,1.303863905216215,1.303863905216215
172,single,tttccggttttatctttgagagatcca,1.0,ccg,1.0,,FPVLSLRDP,,False,False,3.0,1.0,1.0,19.0,7.0,11.0,1912.0,1622.0,1435.0,True,False,True,True,False,False,1.0,both,0.007636057206528988,0.007258927092983186,0.007859912801524878,0.00011164780406398007,6.03958516677883e-05,8.149174340472504e-05,-2.1171308266918327,-2.1391275655300404,-2.1045822720301395,-3.9521498143952725,-4.218992890181173,-4.088886390958357,P,non-synonymous,-1.0691819433167171,-1.2009443525207086,-1.161499412849852,0.11461245758603411,-0.050654106017316014,0.06559371580769624,0.06559371580769624
173,single,tttcgggttttatctttgagagatcca,1.0,cgg,1.0,,FRVLSLRDP,,False,False,3.0,1.0,1.0,1.0,1.0,1.0,4.0,5.0,1.0,True,False,True,True,False,False,2.0,both,1.5975015076420478e-05,2.2376470693536333e-05,5.477291150888417e-06,5.876200213893688e-06,8.627978809684043e-06,7.408340309520458e-06,-4.796558723303951,-4.650208411069159,-5.261434173100151,-5.230903415348101,-5.06409093019543,-5.130279076116581,R,non-synonymous,-0.2530728592025428,-0.23898175908822974,0.07677077655866696,0.9307215417002084,0.9113084874151629,1.303863905216215,0.9307215417002084
174,single,tttcgtgttttatctttgagagatcca,1.0,cgt,1.0,,FRVLSLRDP,,False,False,3.0,1.0,1.0,12.0,7.0,9.0,902.0,839.0,766.0,True,False,True,True,False,False,1.0,both,0.003602365899732818,0.0037547717823753967,0.004195605021580527,7.051440256672426e-05,6.03958516677883e-05,6.667506278568412e-05,-2.4434121770899724,-2.4254164545764776,-2.3772054034675465,-4.151722169300476,-4.218992890181173,-4.176036566677257,R,non-synonymous,-0.9953543857030516,-1.0356370028501636,-1.0529340336261617,0.18844001519969966,0.11465324365322904,0.1741590950313865,0.1741590950313865
175,single,tttctggttttatctttgagagatcca,1.0,ctg,1.0,,FLVLSLRDP,,False,False,2.0,0.0,1.0,1.0,4.0,1.0,326.0,284.0,266.0,True,False,True,True,False,False,1.0,both,0.001301963728728269,0.0012709835353928638,0.0014569594461363187,5.876200213893688e-06,3.4511915238736174e-05,7.408340309520458e-06,-2.885401114563975,-2.89586007535814,-2.8365525364690836,-5.230903415348101,-4.462030938867468,-5.130279076116581,L,synonymous,-1.3666173074016648,-0.9043297329501369,-1.3426177991696586,-0.18282290649891353,0.24596051355325577,-0.11552467051211046,-0.11552467051211046
176,single,tttcttgttttatctttgagagatcca,1.0,ctt,1.0,,FLVLSLRDP,,False,False,2.0,0.0,1.0,5.0,7.0,7.0,1549.0,1461.0,1182.0,True,False,True,True,False,False,1.0,both,0.00618632458834383,0.006538404736651317,0.006474158140350108,2.938100106946844e-05,6.03958516677883e-05,5.1858382166643204e-05,-2.208567296872708,-2.184528199470881,-2.188816696554914,-4.531933411012083,-4.218992890181173,-4.285181036102324,L,synonymous,-1.3537195601777638,-1.1747293691341,-1.2270931286575482,-0.16992515927501262,-0.024439122630707466,0.0,-0.024439122630707466
177,single,tttgaggttttatctttgagagatcca,1.0,gag,1.0,,FEVLSLRDP,,False,False,3.0,1.0,1.0,11.0,9.0,2.0,731.0,658.0,538.0,True,False,True,True,False,False,1.0,both,0.0029194340052158423,0.0029447435432693814,0.002946782639177968,6.463820235283056e-05,7.765180928715639e-05,1.4816680619040916e-05,-2.5347013376740533,-2.5309525217912223,-2.5306518974337613,-4.189510730189877,-4.109848420756105,-4.8292490804526,E,non-synonymous,-0.9641820242542153,-0.9116773526661096,-1.3454687983496982,0.21961237664853595,0.238612893837283,-0.11837566969215008,0.21961237664853595
178,single,tttgatgttttatctttgagagatcca,1.0,gat,1.0,,FDVLSLRDP,,False,False,3.0,1.0,1.0,1.0,1.0,1.0,2.0,6.0,8.0,True,False,True,True,False,False,2.0,both,7.987507538210239e-06,2.68517648322436e-05,4.3818329207107334e-05,5.876200213893688e-06,8.627978809684043e-06,7.408340309520458e-06,-5.097588718967932,-4.571027165021534,-4.358344186108207,-5.230903415348101,-5.06409093019543,-5.130279076116581,D,non-synonymous,-0.07767639850245663,-0.2847021570098586,-0.45184702936933074,1.1061180024002946,0.8655880894935339,0.7752460992882174,0.8655880894935339
179,single,tttgcggttttatctttgagagatcca,1.0,gcg,1.0,,FAVLSLRDP,,False,False,3.0,1.0,1.0,1.0,1.0,1.0,7.0,16.0,8.0,True,False,True,True,False,False,2.0,both,2.795627638373584e-05,7.160470621931626e-05,4.3818329207107334e-05,5.876200213893688e-06,8.627978809684043e-06,7.408340309520458e-06,-4.553520674617657,-4.145058432749253,-4.358344186108207,-5.230903415348101,-5.06409093019543,-5.130279076116581,A,non-synonymous,-0.39468005506024056,-0.5306626705631144,-0.45184702936933074,0.7891143458425107,0.6196275759402782,0.7752460992882174,0.7752460992882174
180,single,tttgctgttttatctttgagagatcca,1.0,gct,1.0,,FAVLSLRDP,,False,False,3.0,1.0,1.0,3.0,2.0,3.0,200.0,217.0,180.0,True,False,True,True,False,False,1.0,both,0.0007987507538210239,0.0009711388280994769,0.000985912407159915,1.7628600641681064e-05,1.7255957619368087e-05,2.2225020928561376e-05,-3.0975887189679328,-3.012718681556648,-3.006161667996844,-4.753782160628439,-4.763060934531449,-4.653157821396919,A,non-synonymous,-0.9649884466204549,-1.010672959818228,-0.9640584056104327,0.21880595428229632,0.1396172866851646,0.2630347230471155,0.21880595428229632
181,single,tttggggttttatctttgagagatcca,1.0,ggg,1.0,,FGVLSLRDP,,False,False,3.0,1.0,1.0,132.0,89.0,86.0,1209.0,1108.0,921.0,True,False,True,True,False,False,1.0,both,0.004828448306848089,0.004958625905687651,0.005044585149968232,0.0007756584282339668,0.0007678901140618799,0.0006371172666187594,-2.316192413771142,-2.304638655012767,-2.2971745429033015,-3.1103294841422517,-3.1147009235505174,-3.195780624873014,G,non-synonymous,-0.4627074825105015,-0.46774168262731386,-0.5259931815063092,0.7210869183922497,0.6825485638760788,0.7010999471512389,0.7010999471512389
182,single,tttggtgttttatctttgagagatcca,1.0,ggt,1.0,,FGVLSLRDP,,False,False,3.0,1.0,1.0,70.0,61.0,64.0,816.0,773.0,535.0,True,False,True,True,False,False,1.0,both,0.0032589030755897776,0.0034594023692207172,0.002930350765725303,0.00041133401497255815,0.0005263067073907267,0.0004741337798093093,-2.4869285558780527,-2.4609989214868526,-2.533080391078922,-3.385805375333845,-3.278761095184663,-3.324099102132694,G,non-synonymous,-0.523734561368698,-0.4721877193525379,-0.4630176189617838,0.6600598395340532,0.6781025271508547,0.7640755096957643,0.6781025271508547
183,single,tttgtggttttatctttgagagatcca,1.0,gtg,1.0,,FVVLSLRDP,,False,False,2.0,1.0,1.0,25.0,11.0,12.0,2041.0,1989.0,1520.0,True,False,True,True,False,False,1.0,both,0.008151251442743548,0.008901360041888753,0.008325482549350394,0.0001469050053473422,9.490776690652448e-05,8.89000837142455e-05,-2.0887757099158435,-2.050543632280742,-2.079590585155378,-3.832963406676064,-4.022698245037205,-4.051097830068956,V,non-synonymous,-1.0162586892166714,-1.1387506279450146,-1.154008846503427,0.16753571168607984,0.01153961855837804,0.0730842821541211,0.0730842821541211
184,single,tttgttgttttatctttgagagatcca,1.0,gtt,1.0,,FVVLSLRDP,,False,False,2.0,1.0,1.0,1.0,1.0,1.0,4.0,7.0,6.0,True,False,True,True,False,False,2.0,both,1.5975015076420478e-05,3.1327058970950864e-05,3.28637469053305e-05,5.876200213893688e-06,8.627978809684043e-06,7.408340309520458e-06,-4.796558723303951,-4.504080375390921,-4.483282922716507,-5.230903415348101,-5.06409093019543,-5.130279076116581,V,non-synonymous,-0.2530728592025428,-0.32335820265539233,-0.3787149586204556,0.9307215417002084,0.8269320438480003,0.8483781700370925,0.8483781700370925
185,single,ttttatgttttatctttgagagatcca,1.0,tat,1.0,,FYVLSLRDP,,False,False,2.0,1.0,1.0,4.0,5.0,2.0,334.0,284.0,238.0,True,False,True,True,False,False,1.0,both,0.00133391375888111,0.0012709835353928638,0.0013035952939114432,2.3504800855574752e-05,4.313989404842022e-05,1.4816680619040916e-05,-2.8748722478203494,-2.89586007535814,-2.8848572160436383,-4.628843424020139,-4.3651209258594115,-4.8292490804526,Y,non-synonymous,-1.0219590768582671,-0.8483724882933197,-1.1381370362124097,0.16183532404448409,0.30191775821007294,0.08895609244513847,0.16183532404448409
186,single,ttttcggttttatctttgagagatcca,1.0,tcg,1.0,,FSVLSLRDP,,False,False,2.0,1.0,1.0,108.0,88.0,69.0,1131.0,1007.0,795.0,True,False,True,True,False,False,1.0,both,0.00451693551285789,0.004506621197678217,0.004354446464956291,0.0006346296231005183,0.0007592621352521959,0.0005111754813569116,-2.3451561097064584,-2.3461489448515596,-2.36106704444368,-3.197479659861152,-3.1196082580452615,-3.291429985379326,S,non-synonymous,-0.49661009275413176,-0.4466066062428002,-0.5445818507990035,0.6871843081486195,0.7036836402605924,0.6825112778585447,0.6871843081486195
187,single,ttttctgttttatctttgagagatcca,1.0,tct,1.0,,FSVLSLRDP,,False,False,2.0,1.0,1.0,3.0,2.0,1.0,28.0,60.0,43.0,True,False,True,True,False,False,1.0,both,0.00011182510553494335,0.000268517648322436,0.00023552351948820193,1.7628600641681064e-05,1.7255957619368087e-05,7.408340309520458e-06,-3.9514606832896946,-3.571027165021534,-3.627965717520564,-4.753782160628439,-4.763060934531449,-5.130279076116581,S,non-synonymous,-0.46747616349156434,-0.6882975577983775,-0.8793692797796823,0.7163182374111869,0.4619926887050151,0.3477238488778659,0.4619926887050151
188,single,ttttgggttttatctttgagagatcca,1.0,tgg,1.0,,FWVLSLRDP,,False,False,2.0,1.0,1.0,1.0,1.0,1.0,5.0,5.0,6.0,True,False,True,True,False,False,2.0,both,1.9968768845525598e-05,2.2376470693536333e-05,3.28637469053305e-05,5.876200213893688e-06,8.627978809684043e-06,7.408340309520458e-06,-4.699648710295895,-4.650208411069159,-4.483282922716507,-5.230903415348101,-5.06409093019543,-5.130279076116581,W,non-synonymous,-0.30953790764570766,-0.23898175908822974,-0.3787149586204556,0.8742564932570436,0.9113084874151629,0.8483781700370925,0.8742564932570436
189,single,ttttgtgttttatctttgagagatcca,1.0,tgt,1.0,,FCVLSLRDP,,False,False,2.0,1.0,1.0,16.0,8.0,8.0,2497.0,2346.0,1868.0,True,False,True,True,False,False,1.0,both,0.009972403161455484,0.010499040049407247,0.010231579869859562,9.401920342229901e-05,6.902383047747235e-05,5.9266722476163664e-05,-2.001200172280566,-1.9788504076256672,-1.9900573012060758,-4.026783432692176,-4.1610009432034865,-4.2271890891246375,C,non-synonymous,-1.180215061113418,-1.2600053142824503,-1.3094904321111014,0.0035793397893333356,-0.1097150677790577,-0.08239730345355323,-0.08239730345355323
190,single,tttttaaagttatctttgagagatcca,2.0,aag,1.0,,FLKLSLRDP,,False,False,3.0,1.0,1.0,566.0,459.0,389.0,897.0,809.0,669.0,True,False,True,True,False,False,1.0,both,0.003582397130887292,0.003620512958214179,0.0036643077799443508,0.0033259293210638275,0.003960242273644976,0.002881844380403458,-2.445826271587822,-2.4412298937929053,-2.4360080553323273,-2.47808698415983,-2.402278244658169,-2.5403294747908736,K,non-synonymous,-0.018796847112568474,0.022491246185652007,-0.061063859260752876,1.1649975537901827,1.1727814926890445,1.1660292693967953,1.1660292693967953
191,single,tttttaaatttatctttgagagatcca,2.0,aat,1.0,,FLNLSLRDP,,False,False,2.0,1.0,1.0,5.0,2.0,6.0,1531.0,1343.0,1113.0,True,False,True,True,False,False,1.0,both,0.006114437020499938,0.006010320028283859,0.006096225050938808,2.938100106946844e-05,1.7255957619368087e-05,4.445004185712275e-05,-2.2136435239336527,-2.221102402736462,-2.214939008765442,-4.531933411012083,-4.763060934531449,-4.352127825732937,N,non-synonymous,-1.3507618739902598,-1.4677636609058213,-1.250989468992185,-0.1669674730875086,-0.3174734144024287,-0.023896340334636834,-0.1669674730875086
192,single,tttttaactttatctttgagagatcca,2.0,act,1.0,,FLTLSLRDP,,False,False,2.0,1.0,1.0,1.0,1.0,1.0,6.0,4.0,5.0,True,False,True,True,False,False,2.0,both,2.3962522614630718e-05,1.7901176554829066e-05,2.7386455754442085e-05,5.876200213893688e-06,8.627978809684043e-06,7.408340309520458e-06,-4.620467464248271,-4.7471184240772155,-4.562464168764132,-5.230903415348101,-5.06409093019543,-5.130279076116581,T,non-synonymous,-0.3556732114713052,-0.18302451443141265,-0.33236673512197745,0.828121189431446,0.96726573207198,0.8947263935355707,0.8947263935355707
193,single,tttttaaggttatctttgagagatcca,2.0,agg,1.0,,FLRLSLRDP,,False,False,3.0,1.0,1.0,11.0,35.0,11.0,39.0,30.0,11.0,True,False,True,True,False,False,1.0,both,0.00015575639699509967,0.000134258824161218,6.0250202659772584e-05,6.463820235283056e-05,0.0003019792583389415,8.149174340472504e-05,-3.807554107605415,-3.8720571606855154,-4.220041487941925,-4.189510730189877,-3.5200228858451545,-4.088886390958357,R,non-synonymous,-0.22254871842423887,0.2032696873458227,0.07677077655866696,0.9612456824785124,1.3535599338492152,1.303863905216215,1.303863905216215
194,single,tttttaagtttatctttgagagatcca,2.0,agt,1.0,,FLSLSLRDP,,False,False,2.0,1.0,1.0,6.0,7.0,2.0,700.0,611.0,501.0,True,False,True,True,False,False,1.0,both,0.0027956276383735838,0.00273440471875014,0.0027441228665950968,3.525720128336213e-05,6.03958516677883e-05,1.4816680619040916e-05,-2.553520674617657,-2.5631372051626236,-2.5615964472329047,-4.4527521649644575,-4.218992890181173,-4.8292490804526,S,non-synonymous,-1.1065956424781527,-0.9561150474230314,-1.3273556089047147,0.07719875842459856,0.19417519908036118,-0.10026248024716655,0.07719875842459856
195,single,tttttaatgttatctttgagagatcca,2.0,atg,1.0,,FLMLSLRDP,,False,False,2.0,1.0,1.0,7.0,1.0,6.0,940.0,807.0,691.0,True,False,True,True,False,False,1.0,both,0.0037541285429588123,0.003611562369936764,0.003784808185263896,4.113340149725581e-05,8.627978809684043e-06,4.445004185712275e-05,-2.4254908610322152,-2.4423048806831074,-2.421956125725952,-4.385805375333844,-5.06409093019543,-4.352127825732937,M,non-synonymous,-1.1421859370164236,-1.513857225446815,-1.1298133561645929,0.04160846388632766,-0.3635669789434224,0.09727977249295527,0.04160846388632766
196,single,tttttaattttatctttgagagatcca,2.0,att,1.0,,FLILSLRDP,,False,False,1.0,1.0,1.0,12.0,6.0,6.0,1882.0,1537.0,1306.0,True,False,True,True,False,False,1.0,both,0.007516244593455835,0.0068785270911930685,0.0071533422430602725,7.051440256672426e-05,5.1767872858104264e-05,4.445004185712275e-05,-2.123999095540676,-2.1625045479054323,-2.145490996161095,-4.151722169300476,-4.285939679811786,-4.352127825732937,I,non-synonymous,-1.1814618328412767,-1.2261021900707674,-1.2916404080766166,0.002332568061474527,-0.07581194356737475,-0.06454727941906846,-0.06454727941906846
197,single,tttttacagttatctttgagagatcca,2.0,cag,1.0,,FLQLSLRDP,,False,False,3.0,1.0,1.0,16.0,21.0,19.0,4605.0,4002.0,3415.0,True,False,True,True,False,False,1.0,both,0.018391236106729075,0.01791012714310648,0.018704949280283944,9.401920342229901e-05,0.0001811875550033649,0.00014075846588088871,-1.7353890800990461,-1.746901331104985,-1.7280434650825989,-4.026783432692176,-3.741871635461511,-3.8515254751637524,Q,non-synonymous,-1.3350910716605668,-1.151924738619967,-1.2429662794021075,-0.1512966707578156,-0.0016344921165742932,-0.015873150744559306,-0.015873150744559306
198,single,tttttacatttatctttgagagatcca,2.0,cat,1.0,,FLHLSLRDP,,False,False,2.0,1.0,1.0,1.0,1.0,1.0,2.0,5.0,1.0,True,False,True,True,False,False,2.0,both,7.987507538210239e-06,2.2376470693536333e-05,5.477291150888417e-06,5.876200213893688e-06,8.627978809684043e-06,7.408340309520458e-06,-5.097588718967932,-4.650208411069159,-5.261434173100151,-5.230903415348101,-5.06409093019543,-5.130279076116581,H,non-synonymous,-0.07767639850245663,-0.23898175908822974,0.07677077655866696,1.1061180024002946,0.9113084874151629,1.303863905216215,1.1061180024002946
199,single,tttttaccgttatctttgagagatcca,2.0,ccg,1.0,,FLPLSLRDP,,False,False,3.0,1.0,1.0,5.0,15.0,1.0,961.0,858.0,638.0,True,False,True,True,False,False,1.0,both,0.00383799737211002,0.0038398023710108347,0.0034945117542668097,2.938100106946844e-05,0.00012941968214526066,7.408340309520458e-06,-2.4158953269633687,-2.4156911275564723,-2.456613494378988,-4.531933411012083,-3.887999671139749,-5.130279076116581,P,non-synonymous,-1.2329189648696002,-0.8501322704059739,-1.565012627712745,-0.049124563966848944,0.3001579760974187,-0.3379194990551968,-0.049124563966848944
200,single,tttttacctttatctttgagagatcca,2.0,cct,1.0,,FLPLSLRDP,,False,False,2.0,1.0,1.0,1.0,1.0,1.0,6.0,2.0,1.0,True,False,True,True,False,False,2.0,both,2.3962522614630718e-05,8.950588277414533e-06,5.477291150888417e-06,5.876200213893688e-06,8.627978809684043e-06,7.408340309520458e-06,-4.620467464248271,-5.048148419741197,-5.261434173100151,-5.230903415348101,-5.06409093019543,-5.130279076116581,P,non-synonymous,-0.3556732114713052,-0.009205436365561774,0.07677077655866696,0.828121189431446,1.1410848101378308,1.303863905216215,1.1410848101378308
201,single,tttttacggttatctttgagagatcca,2.0,cgg,1.0,,FLRLSLRDP,,False,False,3.0,1.0,1.0,6.0,11.0,9.0,20.0,13.0,11.0,True,False,True,True,False,False,1.0,both,7.987507538210239e-05,5.817882380319447e-05,6.0250202659772584e-05,3.525720128336213e-05,9.490776690652448e-05,6.667506278568412e-05,-4.097588718967932,-4.235235063098341,-4.220041487941925,-4.4527521649644575,-4.022698245037205,-4.176036566677257,R,non-synonymous,-0.20693755537694528,0.1227218360381366,0.0257579922975837,0.976856845525806,1.2730120825415292,1.2528511209551318,1.2528511209551318
202,single,tttttactgttatctttgagagatcca,2.0,ctg,1.0,,FLLLSLRDP,,False,False,2.0,1.0,1.0,17.0,4.0,7.0,2632.0,2258.0,1945.0,True,False,True,True,False,False,1.0,both,0.010511559920284675,0.010105214165201009,0.010653331288477971,9.98954036361927e-05,3.4511915238736174e-05,5.1858382166643204e-05,-1.978332829689996,-1.9954544778162286,-1.9725145674384237,-4.000454493969827,-4.462030938867468,-4.285181036102324,L,non-synonymous,-1.1781981467904847,-1.424236961812357,-1.3537041625058654,0.005596254112266497,-0.2739467153089643,-0.1266110338483173,-0.1266110338483173
203,single,tttttacttttatctttgagagatcca,2.0,ctt,1.0,,FLLLSLRDP,,False,False,1.0,1.0,1.0,1.0,2.0,1.0,10.0,6.0,2.0,True,False,True,True,False,False,2.0,both,3.9937537691051196e-05,2.68517648322436e-05,1.0954582301776834e-05,5.876200213893688e-06,1.7255957619368087e-05,7.408340309520458e-06,-4.398618714631914,-4.571027165021534,-4.960404177436169,-5.230903415348101,-4.763060934531449,-5.130279076116581,L,non-synonymous,-0.48493436834579384,-0.11088307894400776,-0.09943515875066562,0.6988600325569574,1.0394071675593848,1.1276579699068825,1.0394071675593848
204,single,tttttagagttatctttgagagatcca,2.0,gag,1.0,,FLELSLRDP,,False,False,2.0,1.0,1.0,1.0,1.0,2.0,242.0,267.0,243.0,True,False,True,True,False,False,1.0,both,0.0009664884121234389,0.0011949035350348402,0.0013309817496658853,5.876200213893688e-06,8.627978809684043e-06,1.4816680619040916e-05,-3.0148033486514825,-2.9226671540406026,-2.875827899501838,-5.230903415348101,-5.06409093019543,-4.8292490804526,E,non-synonymous,-1.291220522388361,-1.2364890937147965,-1.1434222874809508,-0.10742612148560982,-0.08619884721140392,0.0836708411765974,-0.08619884721140392
205,single,tttttagatttatctttgagagatcca,2.0,gat,1.0,,FLDLSLRDP,,False,False,1.0,1.0,1.0,3.0,2.0,6.0,679.0,635.0,539.0,True,False,True,True,False,False,1.0,both,0.002711758809222376,0.0028418117780791142,0.0029522599303288565,1.7628600641681064e-05,1.7255957619368087e-05,4.445004185712275e-05,-2.5667489403514123,-2.546404690113202,-2.529845407913412,-4.753782160628439,-4.763060934531449,-4.352127825732937,D,non-synonymous,-1.2742845955400606,-1.2799294101700465,-1.066661071835711,-0.09049019463730934,-0.12963916366665384,0.16043205682183714,-0.09049019463730934
206,single,tttttagctttatctttgagagatcca,2.0,gct,1.0,,FLALSLRDP,,False,False,1.0,1.0,1.0,1.0,1.0,1.0,2.0,13.0,7.0,True,False,True,True,False,False,2.0,both,7.987507538210239e-06,5.817882380319447e-05,3.834103805621891e-05,5.876200213893688e-06,8.627978809684043e-06,7.408340309520458e-06,-5.097588718967932,-4.235235063098341,-4.416336133085894,-5.230903415348101,-5.06409093019543,-5.130279076116581,A,non-synonymous,-0.07767639850245663,-0.4785933785452527,-0.41790182322775166,1.1061180024002946,0.6716968679581399,0.8091913054297966,0.8091913054297966
207,single,tttttagtgttatctttgagagatcca,2.0,gtg,1.0,,FLVLSLRDP,,False,False,1.0,0.0,1.0,3.0,1.0,1.0,206.0,234.0,186.0,True,False,True,True,False,False,1.0,both,0.0008227132764356546,0.0010472188284575005,0.0010187761540652455,1.7628600641681064e-05,8.627978809684043e-06,7.408340309520458e-06,-3.0847514942627607,-2.9799625579950346,-2.991921228882234,-4.753782160628439,-5.06409093019543,-5.130279076116581,V,synonymous,-0.9724681124708049,-1.2034058978996973,-1.2516737531982194,0.21132628843194634,-0.0531156513963047,-0.024580624540671225,-0.024580624540671225
208,single,tttttagttaattctttgagagatcca,3.0,aat,1.0,,FLVNSLRDP,,False,False,3.0,1.0,1.0,2.0,1.0,1.0,2.0,10.0,15.0,True,False,True,True,False,False,2.0,both,7.987507538210239e-06,4.4752941387072666e-05,8.215936726332625e-05,1.1752400427787376e-05,8.627978809684043e-06,7.408340309520458e-06,-5.097588718967932,-4.349178415405178,-4.085342914044469,-4.92987341968412,-5.06409093019543,-5.130279076116581,N,non-synonymous,0.09772006219762956,-0.4128008371540806,-0.6116465349917675,1.2815144631003808,0.7374894093493121,0.6154465936657807,0.7374894093493121
209,single,tttttagttacgtctttgagagatcca,3.0,acg,1.0,,FLVTSLRDP,,False,False,3.0,1.0,1.0,1.0,1.0,1.0,34.0,42.0,27.0,True,False,True,True,False,False,1.0,both,0.00013578762814957406,0.00018796235382570519,0.00014788686107398725,5.876200213893688e-06,8.627978809684043e-06,7.408340309520458e-06,-3.8671397975896586,-3.7259291250072772,-3.8300704089411632,-5.230903415348101,-5.06409093019543,-5.130279076116581,T,non-synonymous,-0.7946029141008845,-0.7726740013655401,-0.7610686230507031,0.38919148680186677,0.3776162451378525,0.46602450560684505,0.38919148680186677
210,single,tttttagttacttctttgagagatcca,3.0,act,1.0,,FLVTSLRDP,,False,False,3.0,1.0,1.0,8.0,2.0,2.0,743.0,679.0,534.0,True,False,True,True,False,False,1.0,both,0.002967359050445104,0.003038724720182234,0.0029248734745744146,4.7009601711149503e-05,1.7255957619368087e-05,1.4816680619040916e-05,-2.5276299008713385,-2.517308641124676,-2.533892916071594,-4.327813428356158,-4.763060934531449,-4.8292490804526,T,non-synonymous,-1.0488849080803186,-1.2967298901334776,-1.3435716893284704,0.1349094928224326,-0.146439643630085,-0.11647856067092222,-0.11647856067092222
211,single,tttttagttaggtctttgagagatcca,3.0,agg,1.0,,FLVRSLRDP,,False,False,3.0,1.0,1.0,1.0,2.0,1.0,2.0,1.0,5.0,True,False,True,True,False,False,2.0,both,7.987507538210239e-06,4.4752941387072664e-06,2.7386455754442085e-05,5.876200213893688e-06,1.7255957619368087e-05,7.408340309520458e-06,-5.097588718967932,-5.349178415405178,-4.562464168764132,-5.230903415348101,-4.763060934531449,-5.130279076116581,R,non-synonymous,-0.07767639850245663,0.33843271976614,-0.33236673512197745,1.1061180024002946,1.4887229662695325,0.8947263935355707,1.1061180024002946
212,single,tttttagttagttctttgagagatcca,3.0,agt,1.0,,FLVSSLRDP,,False,False,3.0,1.0,1.0,2.0,1.0,1.0,4.0,2.0,4.0,True,False,True,True,False,False,3.0,both,1.5975015076420478e-05,8.950588277414533e-06,2.1909164603553667e-05,1.1752400427787376e-05,8.627978809684043e-06,7.408340309520458e-06,-4.796558723303951,-5.048148419741197,-4.659374181772188,-4.92987341968412,-5.06409093019543,-5.130279076116581,S,non-synonymous,-0.07767639850245663,-0.009205436365561774,-0.2756410940599982,1.1061180024002946,1.1410848101378308,0.9514520345975499,1.1061180024002946
213,single,tttttagttatgtctttgagagatcca,3.0,atg,1.0,,FLVMSLRDP,,False,False,2.0,1.0,1.0,12.0,10.0,4.0,2348.0,2380.0,1853.0,True,False,True,True,False,False,1.0,both,0.00937733384985882,0.010651200050123294,0.010149420502596236,7.051440256672426e-05,8.627978809684044e-05,2.9633361238081832e-05,-2.027920622056337,-1.9726014583486657,-1.9935587537812527,-4.151722169300476,-4.06409093019543,-4.528219084788619,M,non-synonymous,-1.2374423810967756,-1.2076563034158005,-1.483646815100608,-0.05364798019402439,-0.057366056912407926,-0.25655368644305976,-0.057366056912407926
214,single,tttttagttatttctttgagagatcca,3.0,att,1.0,,FLVISLRDP,,False,False,2.0,1.0,1.0,6.0,6.0,2.0,1002.0,841.0,752.0,True,False,True,True,False,False,1.0,both,0.004001741276643329,0.003763722370652811,0.004118922945468089,3.525720128336213e-05,5.1767872858104264e-05,1.4816680619040916e-05,-2.3977509931006873,-2.4243824196072654,-2.385216332508508,-4.4527521649644575,-4.285939679811786,-4.8292490804526,I,non-synonymous,-1.1973555375583531,-1.074890115258562,-1.4305985532379806,-0.01356113665560188,0.07540013124483069,-0.20350542458043241,-0.01356113665560188
215,single,tttttagttcagtctttgagagatcca,3.0,cag,1.0,,FLVQSLRDP,,False,False,3.0,1.0,1.0,9.0,3.0,5.0,1149.0,1039.0,858.0,True,False,True,True,False,False,1.0,both,0.004588823080701783,0.00464983061011685,0.004699515807462262,5.288580192504319e-05,2.5883936429052132e-05,3.704170154760229e-05,-2.3382986859436286,-2.3325628678480004,-2.327946885251445,-4.276660905908777,-4.586969675475768,-4.4313090717805625,Q,non-synonymous,-1.1293953354606792,-1.3017271319521309,-1.2311892725313287,0.05439906544207207,-0.15143688544873823,-0.0040961438737805445,-0.0040961438737805445
216,single,tttttagttccttctttgagagatcca,3.0,cct,1.0,,FLVPSLRDP,,False,False,3.0,1.0,1.0,1.0,1.0,1.0,45.0,35.0,30.0,True,False,True,True,False,False,1.0,both,0.00017971891960973037,0.00015663529485475432,0.0001643187345266525,5.876200213893688e-06,8.627978809684043e-06,7.408340309520458e-06,-3.74540620085657,-3.805110371054902,-3.784312918380488,-5.230903415348101,-5.06409093019543,-5.130279076116581,P,non-synonymous,-0.8655315335834048,-0.7269536034439111,-0.7878524703011001,0.3182628673193464,0.4233366430594815,0.4392406583564481,0.4233366430594815
217,single,tttttagttcgttctttgagagatcca,3.0,cgt,1.0,,FLVRSLRDP,,False,False,3.0,1.0,1.0,47.0,14.0,33.0,2366.0,2010.0,1612.0,True,False,True,True,False,False,1.0,both,0.009449221417702713,0.008995341218801606,0.008829393335232128,0.00027618141005300334,0.0001207917033355766,0.0002444752302141751,-2.0246039743400024,-2.0459823579846885,-2.0540691356310785,-3.5588055574123842,-3.9179628945171925,-3.611765136238694,R,non-synonymous,-0.8939093497238573,-1.080908665927439,-0.9117871463581629,0.28988505117889396,0.06938158057595367,0.3153059822993852,0.28988505117889396
218,single,tttttagttctgtctttgagagatcca,3.0,ctg,1.0,,FLVLSLRDP,,False,False,2.0,0.0,1.0,14.0,11.0,9.0,1453.0,1276.0,1050.0,True,False,True,True,False,False,1.0,both,0.005802924226509739,0.0057104753209904725,0.0057511557084328375,8.226680299451162e-05,9.490776690652448e-05,6.667506278568412e-05,-2.2363531003338926,-2.243327741020034,-2.2402448740302123,-4.084775379669863,-4.022698245037205,-4.176036566677257,L,synonymous,-1.076991430570277,-1.027434292265912,-1.133102982028583,0.10680297033247421,0.12285595423748052,0.09399014662896521,0.10680297033247421
219,single,tttttagttctttctttgagagatcca,3.0,ctt,1.0,,FLVLSLRDP,,False,False,2.0,0.0,1.0,10.0,7.0,11.0,1329.0,1277.0,1060.0,True,False,True,True,False,False,1.0,both,0.005307698759140704,0.005714950615129179,0.005805928619941721,5.876200213893688e-05,6.03958516677883e-05,8.149174340472504e-05,-2.275093733689182,-2.2429875181417622,-2.23612830783538,-4.230903415348101,-4.218992890181173,-4.088886390958357,L,synonymous,-1.139561176318292,-1.1409741121095716,-1.0844998028137451,0.04423322458445922,0.009316134393821063,0.14259332584380302,0.04423322458445922
220,single,tttttagttgattctttgagagatcca,3.0,gat,1.0,,FLVDSLRDP,,False,False,3.0,1.0,1.0,9.0,3.0,6.0,1169.0,1017.0,850.0,True,False,True,True,False,False,1.0,both,0.004668698156083885,0.00455137413906529,0.0046556974782551545,5.288580192504319e-05,2.5883936429052132e-05,4.445004185712275e-05,-2.3308042034700738,-2.341857462482433,-2.3320152473858577,-4.276660905908777,-4.586969675475768,-4.352127825732937,D,non-synonymous,-1.1337620288785262,-1.296360298435127,-1.18245965991749,0.05003237202422506,-0.1460700519317344,0.044633468740058246,0.044633468740058246
221,single,tttttagttgcgtctttgagagatcca,3.0,gcg,1.0,,FLVASLRDP,,False,False,3.0,1.0,1.0,2.0,1.0,1.0,1.0,7.0,2.0,True,False,True,True,False,False,2.0,both,3.9937537691051194e-06,3.1327058970950864e-05,1.0954582301776834e-05,1.1752400427787376e-05,8.627978809684043e-06,7.408340309520458e-06,-5.398618714631914,-4.504080375390921,-4.960404177436169,-4.92987341968412,-5.06409093019543,-5.130279076116581,A,non-synonymous,0.27311652289771576,-0.32335820265539233,-0.09943515875066562,1.456910923800467,0.8269320438480003,1.1276579699068825,1.1276579699068825
222,single,tttttagttgtgtctttgagagatcca,3.0,gtg,1.0,,FLVVSLRDP,,False,False,2.0,1.0,1.0,1.0,1.0,1.0,35.0,26.0,19.0,True,False,True,True,False,False,1.0,both,0.00013978138191867917,0.00011635764760638894,0.00010406853186687992,5.876200213893688e-06,8.627978809684043e-06,7.408340309520458e-06,-3.8545506702816383,-3.93420506743436,-3.9826805721473213,-5.230903415348101,-5.06409093019543,-5.130279076116581,V,non-synonymous,-0.8019380249035777,-0.6524124566111036,-0.6717392640739075,0.38185637599917355,0.49787778989228904,0.5553538645836407,0.49787778989228904
223,single,tttttagtttagtctttgagagatcca,3.0,tag,1.0,,FLV*SLRDP,,True,False,2.0,1.0,1.0,1.0,2.0,1.0,73.0,71.0,66.0,True,False,True,True,False,False,1.0,both,0.00029154402514467375,0.00031774588384821594,0.0003615012159586355,5.876200213893688e-06,1.7255957619368087e-05,7.408340309520458e-06,-3.535295854511458,-3.4979200666861026,-3.441890237558282,-5.230903415348101,-4.763060934531449,-5.130279076116581,*,stop,-0.9879532577843977,-0.7305106548842859,-0.988287342621119,0.19584114311835354,0.4197795916191067,0.2388057860364292,0.2388057860364292
224,single,tttttagtttattctttgagagatcca,3.0,tat,1.0,,FLVYSLRDP,,False,False,2.0,1.0,1.0,9.0,2.0,4.0,35.0,53.0,43.0,True,False,True,True,False,False,1.0,both,0.00013978138191867917,0.00023719058935148512,0.00023552351948820193,5.288580192504319e-05,1.7255957619368087e-05,2.9633361238081832e-05,-3.8545506702816383,-3.6249025458043884,-3.627965717520564,-4.276660905908777,-4.763060934531449,-4.528219084788619,Y,non-synonymous,-0.24594439896588052,-0.6571891328805648,-0.5269574091610172,0.9378500019368707,0.4931011136228278,0.700135719496531,0.700135719496531
225,single,tttttagtttcttctttgagagatcca,3.0,tct,1.0,,FLVSSLRDP,,False,False,2.0,1.0,1.0,3.0,2.0,2.0,470.0,422.0,390.0,True,False,True,True,False,False,1.0,both,0.0018770642714794061,0.0018885741265344666,0.0021361435488464827,1.7628600641681064e-05,1.7255957619368087e-05,1.4816680619040916e-05,-2.7265208566961965,-2.7238659644435037,-2.670369566073651,-4.753782160628439,-4.763060934531449,-4.8292490804526,S,non-synonymous,-1.1811927806053588,-1.1774607009357831,-1.2636859765826218,0.002601620297392415,-0.027170454432390523,-0.03659284792507367,-0.027170454432390523
226,single,tttttagtttggtctttgagagatcca,3.0,tgg,1.0,,FLVWSLRDP,,False,False,2.0,1.0,1.0,1.0,1.0,1.0,1.0,18.0,15.0,True,False,True,True,False,False,2.0,both,3.9937537691051194e-06,8.05552944967308e-05,8.215936726332625e-05,5.876200213893688e-06,8.627978809684043e-06,7.408340309520458e-06,-5.398618714631914,-4.093905910301872,-4.085342914044469,-5.230903415348101,-5.06409093019543,-5.130279076116581,W,non-synonymous,0.09772006219762956,-0.5601988776541555,-0.6116465349917675,1.2815144631003808,0.5900913688492371,0.6154465936657807,0.6154465936657807
227,single,tttttagttttaaagttgagagatcca,4.0,aag,1.0,,FLVLKLRDP,,False,False,3.0,1.0,1.0,751.0,460.0,636.0,294.0,277.0,248.0,True,False,True,True,False,False,1.0,both,0.0011741636081169051,0.0012396564764219128,0.0013583682054203272,0.004413026360634159,0.00396887025245466,0.004711704436855011,-2.9302713842197567,-2.906698646340729,-2.866982492273934,-2.3552634783439332,-2.4013330985138563,-2.3268219604681675,K,non-synonymous,0.33503090395604435,0.29180538442940684,0.31617942761512646,1.5188253048587956,1.4420956309327995,1.5432725562726746,1.5188253048587956
228,single,tttttagttttaaatttgagagatcca,4.0,aat,1.0,,FLVLNLRDP,,False,False,2.0,1.0,1.0,3017.0,2126.0,2542.0,1799.0,1640.0,1360.0,True,False,True,True,False,False,1.0,both,0.00718476303062011,0.0073394823874799175,0.007449115965208247,0.017728496045317257,0.018343082949388276,0.018832001066801003,-2.1435875512863625,-2.1343345673574796,-2.1278952647299327,-1.751328105173113,-1.7365276700081522,-1.7251035298985922,N,non-synonymous,0.22855170420039408,0.2296994623176356,0.23577150248524978,1.4123461051031454,1.3799897088210282,1.462864631142798,1.4123461051031454
229,single,tttttagttttaacgttgagagatcca,4.0,acg,1.0,,FLVLTLRDP,,False,False,2.0,1.0,1.0,218.0,198.0,169.0,1746.0,1703.0,1333.0,True,False,True,True,False,False,1.0,both,0.0069730940808575385,0.007621425918218475,0.00730122910413426,0.001281011646628824,0.0017083398043174407,0.0012520095123089575,-2.156574475262363,-2.1179637674425766,-2.1366040236862913,-2.8924469217434967,-2.7674257399338993,-2.902392371502908,T,non-synonymous,-0.4287593412570608,-0.375008746381808,-0.44824919117573786,0.7550350596456905,0.7752815001215847,0.7788439374818104,0.7752815001215847
230,single,tttttagttttaactttgagagatcca,4.0,act,1.0,,FLVLTLRDP,,False,False,1.0,1.0,1.0,1.0,1.0,1.0,4.0,2.0,3.0,True,False,True,True,False,False,3.0,both,1.5975015076420478e-05,8.950588277414533e-06,1.643187345266525e-05,5.876200213893688e-06,8.627978809684043e-06,7.408340309520458e-06,-4.796558723303951,-5.048148419741197,-4.784312918380488,-5.230903415348101,-5.06409093019543,-5.130279076116581,T,non-synonymous,-0.2530728592025428,-0.009205436365561774,-0.20250902331112308,0.9307215417002084,1.1410848101378308,1.024584105346425,1.024584105346425
231,single,tttttagttttaaggttgagagatcca,4.0,agg,1.0,,FLVLRLRDP,,False,False,3.0,1.0,1.0,521.0,375.0,431.0,222.0,182.0,147.0,True,False,True,True,False,False,1.0,both,0.0008866133367413366,0.0008145035332447225,0.0008051617991805972,0.0030615003114386114,0.0032354920536315163,0.0031929946734033173,-3.052265740181275,-3.089107027420103,-3.094116838351974,-2.514065692048577,-2.4900596624677114,-2.4958018059558498,R,non-synonymous,0.3135846425632004,0.34589862204306854,0.3502197834486672,1.4973790434659517,1.496188868546461,1.5773129121062155,1.4973790434659517
232,single,tttttagttttaatgttgagagatcca,4.0,atg,1.0,,FLVLMLRDP,,False,False,3.0,1.0,1.0,1788.0,1250.0,1354.0,2674.0,2317.0,1960.0,True,False,True,True,False,False,1.0,both,0.01067929757858709,0.010369256519384737,0.010735490655741297,0.010506645982441914,0.010784973512105054,0.0100308927790907,-1.9714573117059482,-1.984252381615202,-1.9691781017436742,-1.9785359008882026,-1.967180917187374,-1.998660411767456,M,non-synonymous,-0.004124371349037189,0.009857310735875341,-0.017257276974547514,1.1796700295537141,1.1601475572392679,1.2098358516830006,1.1796700295537141
233,single,tttttagttttaattttgagagatcca,4.0,att,1.0,,FLVLILRDP,,False,False,2.0,1.0,1.0,740.0,454.0,561.0,568.0,574.0,453.0,True,False,True,True,False,False,1.0,both,0.002268452140851708,0.002568818835617971,0.002481212891352453,0.004348388158281329,0.003917102379596556,0.004156078913640977,-2.644270378920895,-2.590266523007204,-2.6053359710873183,-2.361671695617125,-2.4070350773383264,-2.38131621486042,I,non-synonymous,0.16465737489267918,0.1058004897106278,0.13112849630370707,1.3484517757954304,1.2560907362140203,1.3582216249612553,1.3484517757954304
234,single,tttttagttttacagttgagagatcca,4.0,cag,1.0,,FLVLQLRDP,,False,False,3.0,1.0,1.0,2584.0,1719.0,1931.0,1385.0,1226.0,939.0,True,False,True,True,False,False,1.0,both,0.005531348970210591,0.0054867106140551085,0.005143176390684223,0.015184101352701289,0.014831495573846871,0.014305505137684004,-2.2571689412314466,-2.2606879452227813,-2.2887685808340397,-1.818610906025055,-1.8288150535083778,-1.8444968023371868,Q,non-synonymous,0.25552778226342265,0.249369660700602,0.2600515742257153,1.439322183166174,1.3996599072039946,1.4871447028832634,1.439322183166174
235,single,tttttagttttacatttgagagatcca,4.0,cat,1.0,,FLVLHLRDP,,False,False,2.0,1.0,1.0,6.0,7.0,7.0,4.0,5.0,4.0,True,False,True,True,False,False,2.0,both,1.5975015076420478e-05,2.2376470693536333e-05,2.1909164603553667e-05,3.525720128336213e-05,6.03958516677883e-05,5.1858382166643204e-05,-4.796558723303951,-4.650208411069159,-4.659374181772188,-4.4527521649644575,-4.218992890181173,-4.285181036102324,H,non-synonymous,0.20032041446639198,0.24899008526745167,0.21903150572642036,1.3841148153691432,1.3992803317708442,1.4461246343839684,1.3992803317708442
236,single,tttttagttttaccgttgagagatcca,4.0,ccg,1.0,,FLVLPLRDP,,False,False,2.0,1.0,1.0,1.0,3.0,1.0,1.0,5.0,5.0,True,False,True,True,False,False,2.0,both,3.9937537691051194e-06,2.2376470693536333e-05,2.7386455754442085e-05,5.876200213893688e-06,2.5883936429052132e-05,7.408340309520458e-06,-5.398618714631914,-4.650208411069159,-4.562464168764132,-5.230903415348101,-4.586969675475768,-5.130279076116581,P,non-synonymous,0.09772006219762956,0.03651496155606715,-0.33236673512197745,1.2815144631003808,1.1868052080594598,0.8947263935355707,1.1868052080594598
237,single,tttttagttttacctttgagagatcca,4.0,cct,1.0,,FLVLPLRDP,,False,False,1.0,1.0,1.0,3650.0,2239.0,2974.0,1765.0,1539.0,1330.0,True,False,True,True,False,False,1.0,both,0.007048975402470536,0.006887477679470483,0.0072847972306815945,0.02144813078071196,0.019318044554882573,0.022032404080513844,-2.1518740049080725,-2.161939795573699,-2.1375825321330644,-1.6686105508916267,-1.7140368366164,-1.6569381119306459,P,non-synonymous,0.2815755926024001,0.2586256536236589,0.2813420616977826,1.4653699935051514,1.4089159001270515,1.5084351903553308,1.4653699935051514
238,single,tttttagttttacggttgagagatcca,4.0,cgg,1.0,,FLVLRLRDP,,False,False,3.0,1.0,1.0,4969.0,3530.0,3800.0,2179.0,1925.0,1491.0,True,False,True,True,False,False,1.0,both,0.008702389462880055,0.008614941217011488,0.008166641105974629,0.029198838862837733,0.030456765198184674,0.02815169317617774,-2.060361484385658,-2.0647476815606582,-2.0879565296471556,-1.5346344186025687,-1.5163162248076076,-1.5504954794997712,R,non-synonymous,0.30631720413511093,0.3166722637884054,0.31459930371612294,1.4901116050378622,1.466962510291798,1.5416924323736712,1.4901116050378622
239,single,tttttagttttacgtttgagagatcca,4.0,cgt,1.0,,FLVLRLRDP,,False,False,2.0,1.0,1.0,2225.0,1565.0,1736.0,893.0,834.0,651.0,True,False,True,True,False,False,1.0,both,0.003566422115810872,0.0037323953116818603,0.003565716539228359,0.013074545475913456,0.013502786837155528,0.012860878777327516,-2.4477672557433676,-2.4280123647674388,-2.4478531845319584,-1.883573400031151,-1.869576588312963,-1.8907293552761084,R,non-synonymous,0.32873004971609987,0.32244890283509653,0.3261087826168747,1.512524450618851,1.4727391493384892,1.5532019112744229,1.512524450618851
240,single,tttttagttttactgttgagagatcca,4.0,ctg,1.0,,FLVLLLRDP,,False,False,3.0,1.0,1.0,398.0,265.0,265.0,1301.0,1097.0,882.0,True,False,True,True,False,False,1.0,both,0.005195873653605761,0.0049093976701618715,0.004830970795083584,0.002338727685129688,0.0022864143845662717,0.0019632101820229214,-2.2843414180703276,-2.3089717878304663,-2.3159655879683307,-2.6310203432744137,-2.6408450562586223,-2.7070332021797734,L,non-synonymous,-0.20199401174619283,-0.19162843033514,-0.22890886530867255,0.9818003891565584,0.9586618161682526,0.9981842633488756,0.9818003891565584
241,single,tttttagttttacttttgagagatcca,4.0,ctt,1.0,,FLVLLLRDP,,False,False,2.0,1.0,1.0,411.0,292.0,283.0,1268.0,1100.0,964.0,True,False,True,True,False,False,1.0,both,0.005064079779225292,0.0049228235525779936,0.005280108669456433,0.002415118287910306,0.0025193698124277406,0.00209656030759429,-2.2954994610862,-2.3077857302469527,-2.2773571391973197,-2.617061593472032,-2.598708078747012,-2.678492640592291,L,non-synonymous,-0.18735960112959604,-0.16798277624625116,-0.23480203709658537,0.9964347997731552,0.9823074702571415,0.9922910915609628,0.9922910915609628
242,single,tttttagttttagagttgagagatcca,4.0,gag,1.0,,FLVLELRDP,,False,False,3.0,1.0,1.0,1.0,2.0,1.0,3.0,6.0,12.0,True,False,True,True,False,False,2.0,both,1.1981261307315359e-05,2.68517648322436e-05,6.5727493810661e-05,5.876200213893688e-06,1.7255957619368087e-05,7.408340309520458e-06,-4.921497459912252,-4.571027165021534,-4.1822529270525255,-5.230903415348101,-4.763060934531449,-5.130279076116581,E,non-synonymous,-0.18027675077121905,-0.11088307894400776,-0.5549208939297882,1.0035176501315322,1.0394071675593848,0.67217223472776,1.0035176501315322
243,single,tttttagttttagcgttgagagatcca,4.0,gcg,1.0,,FLVLALRDP,,False,False,2.0,1.0,1.0,7.0,1.0,1.0,430.0,334.0,283.0,True,False,True,True,False,False,1.0,both,0.0017173141207152015,0.001494748242328227,0.0015500733957014218,4.113340149725581e-05,8.627978809684043e-06,7.408340309520458e-06,-2.7651502590523274,-2.825431948593613,-2.80964773757586,-4.385805375333844,-5.06409093019543,-5.130279076116581,A,non-synonymous,-0.9442818838842931,-1.2926341091942675,-1.35836634689439,0.2395125170184581,-0.14234386269087485,-0.1312732182368419,-0.1312732182368419
244,single,tttttagttttagggttgagagatcca,4.0,ggg,1.0,,FLVLGLRDP,,False,False,3.0,1.0,1.0,21.0,10.0,17.0,3207.0,2862.0,2302.0,True,False,True,True,False,False,1.0,both,0.012807968337520119,0.012808291824980196,0.012608724229345135,0.00012340020449176745,8.627978809684044e-05,0.00012594178526184778,-1.8925197547034736,-1.89250878598142,-1.8993288538063773,-3.9086841206141822,-4.06409093019543,-3.8998301547383076,G,non-synonymous,-1.1747271005016464,-1.2539029720907875,-1.1709803271954293,0.009067300401104816,-0.10361272558739487,0.05611280146211883,0.009067300401104816
245,single,tttttagttttagtgttgagagatcca,4.0,gtg,1.0,,FLVLVLRDP,,False,False,3.0,1.0,1.0,25.0,17.0,24.0,2210.0,2067.0,1636.0,True,False,True,True,False,False,1.0,both,0.008826195829722314,0.00925043298470792,0.00896084832285345,0.0001469050053473422,0.00014667563976462873,0.000177800167428491,-2.0542264409468034,-2.0338379387778893,-2.0476508737648462,-3.832963406676064,-3.8336420088171566,-3.7500678344049754,V,non-synonymous,-1.0363889738535192,-1.0392329291416968,-0.9964986119552932,0.14740542704923199,0.11105731736169577,0.23059451670225495,0.14740542704923199
246,single,tttttagttttagttttgagagatcca,4.0,gtt,1.0,,FLVLVLRDP,,False,False,2.0,1.0,1.0,47.0,34.0,35.0,3566.0,3337.0,2675.0,True,False,True,True,False,False,1.0,both,0.014241725940628856,0.014934056540866148,0.014651753828626515,0.00027618141005300334,0.00029335127952925745,0.000259291910833216,-1.846437375792578,-1.825822208750385,-1.8341103867429032,-3.5588055574123842,-3.5326120131531753,-3.5862110317663056,V,non-synonymous,-0.9977189077423654,-0.9855251454231889,-1.0255806310313607,0.18607549316038585,0.1647651010802037,0.2015124976261875,0.18607549316038585
247,single,tttttagttttatagttgagagatcca,4.0,tag,1.0,,FLVL*LRDP,,True,False,2.0,1.0,1.0,2.0,1.0,1.0,1.0,4.0,1.0,True,False,True,True,False,False,3.0,both,3.9937537691051194e-06,1.7901176554829066e-05,5.477291150888417e-06,1.1752400427787376e-05,8.627978809684043e-06,7.408340309520458e-06,-5.398618714631914,-4.7471184240772155,-5.261434173100151,-4.92987341968412,-5.06409093019543,-5.130279076116581,*,stop,0.27311652289771576,-0.18302451443141265,0.07677077655866696,1.456910923800467,0.96726573207198,1.303863905216215,1.303863905216215
248,single,tttttagttttatatttgagagatcca,4.0,tat,1.0,,FLVLYLRDP,,False,False,1.0,1.0,1.0,151.0,91.0,104.0,80.0,48.0,68.0,True,False,True,True,False,False,1.0,both,0.00031950030152840957,0.0002148141186579488,0.0003724557982604123,0.0008873062322979469,0.000785146071681248,0.0007704673921901276,-3.4955287276399702,-3.6679371780295904,-3.428925260393914,-3.051926468054932,-3.105049537874337,-3.113245736817801,Y,non-synonymous,0.2584668219462964,0.3250194733938118,0.1847809404741957,1.4422612228490477,1.4753097198972045,1.411874069131744,1.4422612228490477
249,single,tttttagttttatcgttgagagatcca,4.0,tcg,1.0,,FLVLSLRDP,,False,False,1.0,0.0,1.0,9.0,4.0,1.0,1366.0,1249.0,1024.0,True,False,True,True,False,False,1.0,both,0.0054554676485975935,0.005589642379245376,0.005608746138509739,5.288580192504319e-05,3.4511915238736174e-05,7.408340309520458e-06,-2.2631680152864,-2.2526159770310423,-2.2511342164603385,-4.276660905908777,-4.462030938867468,-5.130279076116581,S,synonymous,-1.1731705535888124,-1.275748188761827,-1.6852885765346588,0.010623847313938839,-0.12545794225843432,-0.45819544787711064,-0.12545794225843432
250,single,tttttagttttatctaatagagatcca,5.0,aat,1.0,,FLVLSNRDP,,False,False,3.0,1.0,1.0,12.0,3.0,11.0,812.0,681.0,556.0,True,False,True,True,False,False,1.0,both,0.0032429280605133573,0.0030476753084596486,0.0030453738798939594,7.051440256672426e-05,2.5883936429052132e-05,8.149174340472504e-05,-2.4890626853907385,-2.5160313034923925,-2.516359381518093,-4.151722169300476,-4.586969675475768,-4.088886390958357,N,non-synonymous,-0.9687559147850507,-1.1957898007982974,-0.920468380190604,0.2150384861177005,-0.04549955429490482,0.3066247484669442,0.2150384861177005
251,single,tttttagttttatctacgagagatcca,5.0,acg,1.0,,FLVLSTRDP,,False,False,2.0,1.0,1.0,1.0,10.0,2.0,696.0,675.0,559.0,True,False,True,True,False,False,1.0,both,0.002779652623297163,0.003020823543627405,0.003061805753346625,5.876200213893688e-06,8.627978809684044e-05,1.4816680619040916e-05,-2.556009475021352,-2.5198746425741527,-2.514022365213727,-5.230903415348101,-4.06409093019543,-4.8292490804526,T,non-synonymous,-1.5585388055651361,-0.8916528429552695,-1.355202786061204,-0.3747444046623849,0.25863740354812315,-0.12810965740365576,-0.12810965740365576
252,single,tttttagttttatctaggagagatcca,5.0,agg,1.0,,FLVLSRRDP,,False,False,2.0,1.0,1.0,560.0,412.0,490.0,320.0,296.0,220.0,True,False,True,True,False,False,1.0,both,0.0012780012061136383,0.001324687065057351,0.0012050040531954517,0.003290672119780465,0.003554727269589826,0.0036300867516650243,-2.8934687363120077,-2.8778867043462393,-2.919011492277944,-2.482715388341901,-2.4491937141622957,-2.440082996088068,R,non-synonymous,0.23932725805532723,0.24753353951558307,0.28033765682150824,1.4231216589580784,1.3978237860189757,1.5074307854790563,1.4231216589580784
253,single,tttttagttttatctagtagagatcca,5.0,agt,1.0,,FLVLSSRDP,,False,False,3.0,1.0,1.0,1.0,3.0,1.0,8.0,5.0,3.0,True,False,True,True,False,False,2.0,both,3.1950030152840955e-05,2.2376470693536333e-05,1.643187345266525e-05,5.876200213893688e-06,2.5883936429052132e-05,7.408340309520458e-06,-4.495528727639971,-4.650208411069159,-4.784312918380488,-5.230903415348101,-4.586969675475768,-5.130279076116581,S,non-synonymous,-0.42846931990262904,0.03651496155606715,-0.20250902331112308,0.7553250810001222,1.1868052080594598,1.024584105346425,1.024584105346425
254,single,tttttagttttatctatgagagatcca,5.0,atg,1.0,,FLVLSMRDP,,False,False,1.0,1.0,1.0,6.0,10.0,11.0,2354.0,2144.0,1808.0,True,False,True,True,False,False,1.0,both,0.009401296372473451,0.009595030633388379,0.009902942400806258,3.525720128336213e-05,8.627978809684044e-05,8.149174340472504e-05,-2.026812256124498,-2.0179536343844453,-2.0042357469608056,-4.4527521649644575,-4.06409093019543,-4.088886390958357,M,non-synonymous,-1.4134846361177111,-1.1814693003251893,-1.2202365937274016,-0.2296902352149599,-0.031179053821796643,0.006856534930146596,-0.031179053821796643
255,single,tttttagttttatctattagagatcca,5.0,att,1.0,,FLVLSIRDP,,False,False,2.0,1.0,1.0,4.0,5.0,12.0,1772.0,1486.0,1093.0,True,False,True,True,False,False,1.0,both,0.007076931678854272,0.006650287090118998,0.00598667922792104,2.3504800855574752e-05,4.313989404842022e-05,8.89000837142455e-05,-2.150154997080882,-2.1771596059806213,-2.2228140111504477,-4.628843424020139,-4.3651209258594115,-4.051097830068956,I,non-synonymous,-1.4442187938928668,-1.2633605452713306,-1.070173952641759,-0.26042439299011555,-0.11307029876793795,0.15691917601578909,-0.11307029876793795
256,single,tttttagttttatctcagagagatcca,5.0,cag,1.0,,FLVLSQRDP,,False,False,2.0,1.0,1.0,2.0,1.0,1.0,9.0,15.0,9.0,True,False,True,True,False,False,2.0,both,3.594378392194608e-05,6.7129412080609e-05,4.929562035799575e-05,1.1752400427787376e-05,8.627978809684043e-06,7.408340309520458e-06,-4.444376205192589,-4.173087156349497,-4.307191663660825,-4.92987341968412,-5.06409093019543,-5.130279076116581,Q,non-synonymous,-0.2828771030399814,-0.5144784797325266,-0.48178882318091315,0.9009172978627698,0.635811766770866,0.7453043054766351,0.7453043054766351
257,single,tttttagttttatctcatagagatcca,5.0,cat,1.0,,FLVLSHRDP,,False,False,3.0,1.0,1.0,7443.0,4696.0,6093.0,4385.0,3901.0,3168.0,True,False,True,True,False,False,1.0,both,0.017512610277525948,0.017458122435097048,0.017352058366014503,0.04373655819201072,0.04051698849027627,0.04513901750590815,-1.7566491169298546,-1.7580024650933863,-1.7606490001826944,-1.35915539635623,-1.3923628419558722,-1.3454478979921123,H,non-synonymous,0.23160147740541198,0.2111256124424558,0.24303524435027313,1.4153958783081633,1.3614158589458485,1.4701283730078214,1.4153958783081633
258,single,tttttagttttatctccgagagatcca,5.0,ccg,1.0,,FLVLSPRDP,,False,False,2.0,1.0,1.0,15.0,13.0,9.0,1843.0,1786.0,1329.0,True,False,True,True,False,False,1.0,both,0.007360488196460736,0.007992875331731177,0.007279319939530706,8.814300320840532e-05,0.00011216372452589256,6.667506278568412e-05,-2.13309337941284,-2.09729696085265,-2.1379091921574185,-4.05481215629242,-3.9501475778885937,-4.176036566677257,P,non-synonymous,-1.119697959607376,-1.0698627734308068,-1.1930045028060738,0.06409644129537528,0.0804274730725858,0.03408862585147432,0.06409644129537528
259,single,tttttagttttatctcctagagatcca,5.0,cct,1.0,,FLVLSPRDP,,False,False,3.0,1.0,1.0,2.0,2.0,1.0,151.0,131.0,138.0,True,False,True,True,False,False,1.0,both,0.000603056819134873,0.0005862635321706519,0.0007558661788226015,1.1752400427787376e-05,1.7255957619368087e-05,7.408340309520458e-06,-3.2196417673387443,-3.2319071197494136,-3.1215550866989137,-4.92987341968412,-4.763060934531449,-5.130279076116581,P,non-synonymous,-0.996474049494633,-0.8841103820082492,-1.1757934240171957,0.1873203514081182,0.2661798644951434,0.051299704640352495,0.1873203514081182
260,single,tttttagttttatctcggagagatcca,5.0,cgg,1.0,,FLVLSRRDP,,False,False,2.0,1.0,1.0,757.0,509.0,578.0,443.0,374.0,321.0,True,False,True,True,False,False,1.0,both,0.001769232919713568,0.0016737600078765176,0.0017582104594351818,0.004448283561917522,0.004391641214129178,0.004282020698902825,-2.7522149884088445,-2.7763068132046973,-2.7549291406952783,-2.3518075358480286,-2.3573731478586715,-2.3683512376960523,R,non-synonymous,0.23329917625716487,0.24189836405032647,0.2262808422717238,1.417093577159916,1.3921886105537191,1.453373970929272,1.417093577159916
261,single,tttttagttttatctcgtagagatcca,5.0,cgt,1.0,,FLVLSRRDP,,False,False,3.0,1.0,1.0,686.0,279.0,474.0,422.0,276.0,263.0,True,False,True,True,False,False,1.0,both,0.0016853640905623605,0.0012351811822832056,0.0014405275726836536,0.00403107334673107,0.002407206087901848,0.003511553306712697,-2.77330626367024,-2.90826933333996,-2.8414784246103926,-2.3945792996413497,-2.618486726921833,-2.4545007344424965,R,non-synonymous,0.22066694355769262,0.16732467266598386,0.22651485507109562,1.404461344460444,1.3176149191693765,1.4536079837286437,1.404461344460444
262,single,tttttagttttatctctgagagatcca,5.0,ctg,1.0,,FLVLSLRDP,,False,False,1.0,0.0,1.0,5.0,7.0,2.0,802.0,631.0,581.0,True,False,True,True,False,False,1.0,both,0.003202990522822306,0.002823910601524285,0.0031823061586661702,2.938100106946844e-05,6.03958516677883e-05,1.4816680619040916e-05,-2.4944443463477506,-2.5491490561610433,-2.4972580407098195,-4.531933411012083,-4.218992890181173,-4.8292490804526,L,synonymous,-1.1871520307104488,-0.9641920071889161,-1.3650156735527796,-0.003357629807697604,0.18609823931447655,-0.13792254489523148,-0.003357629807697604
263,single,tttttagttttatctcttagagatcca,5.0,ctt,1.0,,FLVLSLRDP,,False,False,2.0,0.0,1.0,14.0,4.0,9.0,1622.0,1555.0,1146.0,True,False,True,True,False,False,1.0,both,0.006477868613488504,0.0069590823856898,0.0062769756589181255,8.226680299451162e-05,3.4511915238736174e-05,6.667506278568412e-05,-2.188567864756777,-2.1574480220423213,-2.202249555468779,-4.084775379669863,-4.462030938867468,-4.176036566677257,L,synonymous,-1.1048337097938448,-1.3306995438952753,-1.1553432927648144,0.07896069110890647,-0.18040929739188272,0.07174983589273376,0.07174983589273376
264,single,tttttagttttatctgatagagatcca,5.0,gat,1.0,,FLVLSDRDP,,False,False,3.0,1.0,1.0,9.0,5.0,6.0,1371.0,1141.0,956.0,True,False,True,True,False,False,1.0,both,0.005475436417443119,0.0051063106122649915,0.005236290340249326,5.288580192504319e-05,4.313989404842022e-05,4.445004185712275e-05,-2.2615812598424014,-2.291892770986963,-2.28097628082405,-4.276660905908777,-4.3651209258594115,-4.352127825732937,D,non-synonymous,-1.1740950836784472,-1.1971119545918814,-1.2123349845355844,0.00969931722430406,-0.046821708088488734,0.014758144121963745,0.00969931722430406
265,single,tttttagttttatctgcgagagatcca,5.0,gcg,1.0,,FLVLSARDP,,False,False,2.0,1.0,1.0,17.0,8.0,9.0,2051.0,1842.0,1527.0,True,False,True,True,False,False,1.0,both,0.0081911889804346,0.008243491803498785,0.008363823587406612,9.98954036361927e-05,6.902383047747235e-05,6.667506278568412e-05,-2.0866530542635475,-2.0838887895443476,-2.0775951360437293,-4.000454493969827,-4.1610009432034865,-4.176036566677257,A,non-synonymous,-1.1150848880252464,-1.1993546317271693,-1.2283089403136076,0.06870951287750482,-0.04906438522377665,-0.00121581165605944,-0.00121581165605944
266,single,tttttagttttatctgctagagatcca,5.0,gct,1.0,,FLVLSARDP,,False,False,3.0,1.0,1.0,1.0,5.0,2.0,944.0,809.0,688.0,True,False,True,True,False,False,1.0,both,0.003770103558035233,0.003620512958214179,0.003768376311811231,5.876200213893688e-06,4.313989404842022e-05,1.4816680619040916e-05,-2.4236467203338448,-2.4412298937929053,-2.423845734864639,-5.230903415348101,-4.3651209258594115,-4.8292490804526,A,non-synonymous,-1.6356605510227444,-1.1108825376532772,-1.4079870857076802,-0.4518661501199932,0.039407708850115464,-0.180893957050132,-0.180893957050132
267,single,tttttagttttatctgtgagagatcca,5.0,gtg,1.0,,FLVLSVRDP,,False,False,1.0,1.0,1.0,4.0,1.0,1.0,266.0,214.0,189.0,True,False,True,True,False,False,1.0,both,0.0010623385025819619,0.0009577129456833551,0.0010352080275179108,2.3504800855574752e-05,8.627978809684043e-06,7.408340309520458e-06,-2.973737078000847,-3.0187646420559866,-2.9849723689269063,-4.628843424020139,-5.06409093019543,-5.130279076116581,V,non-synonymous,-0.964355045528677,-1.1810010127531794,-1.2557412228371219,0.21943935537407422,-0.030710766249786747,-0.028648094179573702,-0.028648094179573702
268,single,tttttagttttatctgttagagatcca,5.0,gtt,1.0,,FLVLSVRDP,,False,False,2.0,1.0,1.0,1.0,1.0,4.0,376.0,356.0,287.0,True,False,True,True,False,False,1.0,both,0.001501651417183525,0.0015932047133797869,0.0015719825603049756,5.876200213893688e-06,8.627978809684043e-06,2.9633361238081832e-05,-2.8234308697042527,-2.7977284174323023,-2.8035522763661582,-5.230903415348101,-5.06409093019543,-4.528219084788619,V,non-synonymous,-1.4027245451310426,-1.3086305292022014,-1.0095224145512056,-0.21893014422829138,-0.15834028269880873,0.21757071410634254,-0.15834028269880873
269,single,tttttagttttatcttagagagatcca,5.0,tag,1.0,,FLVLS*RDP,,True,False,1.0,1.0,1.0,1.0,3.0,4.0,494.0,417.0,370.0,True,False,True,True,False,False,1.0,both,0.001972914361937929,0.0018661976558409302,0.002026597725828714,5.876200213893688e-06,2.5883936429052132e-05,2.9633361238081832e-05,-2.704891765708267,-2.72904236043142,-2.6932324490331556,-5.230903415348101,-4.586969675475768,-4.528219084788619,*,stop,-1.471791879266951,-1.0727941323656305,-1.0740974025536445,-0.28799747836419987,0.07749611413776214,0.15299572610390366,0.07749611413776214
270,single,tttttagttttatcttatagagatcca,5.0,tat,1.0,,FLVLSYRDP,,False,False,2.0,1.0,1.0,6.0,6.0,6.0,555.0,541.0,375.0,True,False,True,True,False,False,1.0,both,0.0022165333418533413,0.002421134129040631,0.002053984181583156,3.525720128336213e-05,5.1767872858104264e-05,4.445004185712275e-05,-2.6543257315092377,-2.6159811502986083,-2.6874029053724318,-4.4527521649644575,-4.285939679811786,-4.352127825732937,Y,non-synonymous,-1.0478611294590914,-0.9642582340272615,-0.9744358231739336,0.13593327144365985,0.1860320124761311,0.25265730548361454,0.1860320124761311
271,single,tttttagttttatcttcgagagatcca,5.0,tcg,1.0,,FLVLSSRDP,,False,False,1.0,1.0,1.0,1.0,1.0,1.0,3.0,4.0,2.0,True,False,True,True,False,False,3.0,both,1.1981261307315359e-05,1.7901176554829066e-05,1.0954582301776834e-05,5.876200213893688e-06,8.627978809684043e-06,7.408340309520458e-06,-4.921497459912252,-4.7471184240772155,-4.960404177436169,-5.230903415348101,-5.06409093019543,-5.130279076116581,S,non-synonymous,-0.18027675077121905,-0.18302451443141265,-0.09943515875066562,1.0035176501315322,0.96726573207198,1.1276579699068825,1.0035176501315322
272,single,tttttagttttatcttctagagatcca,5.0,tct,1.0,,FLVLSSRDP,,False,False,2.0,1.0,1.0,4.0,4.0,10.0,1379.0,1264.0,1085.0,True,False,True,True,False,False,1.0,both,0.00550738644759596,0.005656771791325985,0.005942860898713932,2.3504800855574752e-05,3.4511915238736174e-05,7.408340309520458e-05,-2.259054448456064,-2.247431341458811,-2.2260044349156023,-4.628843424020139,-4.462030938867468,-4.130279076116581,S,non-synonymous,-1.3807680460653688,-1.2787418724088164,-1.114654682496183,-0.19697364516261762,-0.1284516259054238,0.11243844616136522,-0.1284516259054238
273,single,tttttagttttatctttgaaggatcca,6.0,aag,1.0,,FLVLSLKDP,,False,False,2.0,1.0,1.0,5.0,8.0,3.0,347.0,321.0,292.0,True,False,True,True,False,False,1.0,both,0.0013858325578794766,0.0014365694185250325,0.0015993690160594177,2.938100106946844e-05,6.902383047747235e-05,2.2225020928561376e-05,-2.85828923984104,-2.8426733830003057,-2.796051321651732,-4.531933411012083,-4.1610009432034865,-4.653157821396919,K,non-synonymous,-0.9751561914859836,-0.7612214211340725,-1.0870451199883384,0.20863820941676758,0.3890688253693201,0.14004800866920974,0.20863820941676758
274,single,tttttagttttatctttgaatgatcca,6.0,aat,1.0,,FLVLSLNDP,,False,False,2.0,1.0,1.0,785.0,563.0,616.0,526.0,389.0,366.0,True,False,True,True,False,False,1.0,both,0.002100714482549293,0.0017408894199571266,0.0020046885612251607,0.0046128171679065445,0.0048575520698521165,0.0045635376306646025,-2.6776329704781747,-2.75922881407947,-2.6979530877057396,-2.336033758602849,-2.313582535344084,-2.340698363952156,N,non-synonymous,0.19903429426930022,0.25732261378938204,0.20911671145537472,1.3828286951720514,1.4076128602927747,1.4362098401129229,1.4076128602927747
275,single,tttttagttttatctttgacggatcca,6.0,acg,1.0,,FLVLSLTDP,,False,False,2.0,1.0,1.0,687.0,596.0,442.0,1732.0,1734.0,1271.0,True,False,True,True,False,False,1.0,both,0.006917181528090067,0.007760160036518401,0.006961637052779177,0.004036949546944964,0.00514227537057169,0.0032744864168080426,-2.160070826950586,-2.110129322264986,-2.157288622546142,-2.3939466782885512,-2.2888446704551937,-2.4848568067674894,T,non-synonymous,-0.13626880097918032,-0.10319282963852602,-0.19173989007637127,1.0475255999235709,1.0470974168648666,1.0353532385811768,1.0470974168648666
276,single,tttttagttttatctttgactgatcca,6.0,act,1.0,,FLVLSLTDP,,False,False,2.0,1.0,1.0,527.0,413.0,425.0,1454.0,1210.0,1004.0,True,False,True,True,False,False,1.0,both,0.005806917980278844,0.005415105907835793,0.00549920031549197,0.0030967575127219733,0.00356335524839951,0.0031485446315461948,-2.236054308108895,-2.2663930450887277,-2.2597004602911497,-2.509092800135555,-2.448140878539029,-2.5018901460662697,T,non-synonymous,-0.15908708708822863,-0.10494383053461673,-0.14176414549702818,1.0247073138145226,1.045346415968776,1.08532898316052,1.045346415968776
277,single,tttttagttttatctttgagaaagcca,7.0,aag,1.0,,FLVLSLRKP,,False,False,2.0,1.0,1.0,1.0,2.0,1.0,3.0,7.0,9.0,True,False,True,True,False,False,2.0,both,1.1981261307315359e-05,3.1327058970950864e-05,4.929562035799575e-05,5.876200213893688e-06,1.7255957619368087e-05,7.408340309520458e-06,-4.921497459912252,-4.504080375390921,-4.307191663660825,-5.230903415348101,-4.763060934531449,-5.130279076116581,K,non-synonymous,-0.18027675077121905,-0.14953912458954144,-0.48178882318091315,1.0035176501315322,1.0007511219138512,0.7453043054766351,1.0007511219138512
278,single,tttttagttttatctttgagaaatcca,7.0,aat,1.0,,FLVLSLRNP,,False,False,1.0,1.0,1.0,7.0,2.0,1.0,672.0,549.0,468.0,True,False,True,True,False,False,1.0,both,0.0026838025328386403,0.002456936482150289,0.002563372258615779,4.113340149725581e-05,1.7255957619368087e-05,7.408340309520458e-06,-2.5712494415780887,-2.6096060709550857,-2.5911883200260264,-4.385805375333844,-4.763060934531449,-5.130279076116581,N,non-synonymous,-1.0572590542716498,-1.2434360177883537,-1.4862401353904324,0.12653534663110144,-0.09314577128496104,-0.25914700673288427,-0.09314577128496104
279,single,tttttagttttatctttgagaacgcca,7.0,acg,1.0,,FLVLSLRTP,,False,False,3.0,1.0,1.0,7.0,9.0,1.0,5.0,4.0,5.0,True,False,True,True,False,False,2.0,both,1.9968768845525598e-05,1.7901176554829066e-05,2.7386455754442085e-05,4.113340149725581e-05,7.765180928715639e-05,7.408340309520458e-06,-4.699648710295895,-4.7471184240772155,-4.562464168764132,-4.385805375333844,-4.109848420756105,-5.130279076116581,T,non-synonymous,0.18286220961216237,0.36796892685718113,-0.33236673512197745,1.3666566105149136,1.5182591733605737,0.8947263935355707,1.3666566105149136
280,single,tttttagttttatctttgagaactcca,7.0,act,1.0,,FLVLSLRTP,,False,False,2.0,1.0,1.0,3198.0,1893.0,2717.0,1610.0,1435.0,1176.0,True,False,True,True,False,False,1.0,both,0.006429943568259242,0.006422047089044928,0.006441294393444778,0.018792088284032015,0.016332763886731893,0.020128460620967084,-2.1917928386000645,-2.1923265143351665,-2.191026851360031,-1.7260249559378855,-1.7869403162316335,-1.6961894376986906,T,non-synonymous,0.2713817204379478,0.23407586031270572,0.28964983741213385,1.455176121340699,1.3843661068160984,1.516742966069682,1.455176121340699
281,single,tttttagttttatctttgagaaggcca,7.0,agg,1.0,,FLVLSLRRP,,False,False,3.0,1.0,1.0,6291.0,4254.0,5195.0,2847.0,2648.0,2217.0,True,False,True,True,False,False,1.0,both,0.011370216980642275,0.011850578879296842,0.012143154481519619,0.03696717554560519,0.03670342185639592,0.03848632790795878,-1.9442312474849588,-1.9262604346375154,-1.9156684799856623,-1.4321837301630953,-1.4352934446287202,-1.4146935242233853,R,non-synonymous,0.2983467546163442,0.28349144867062703,0.29324240746154245,1.4821411555190953,1.4337816951740197,1.5203355361190907,1.4821411555190953
282,single,tttttagttttatctttgagaagtcca,7.0,agt,1.0,,FLVLSLRSP,,False,False,2.0,1.0,1.0,3.0,3.0,2.0,2.0,5.0,4.0,True,False,True,True,False,False,2.0,both,7.987507538210239e-06,2.2376470693536333e-05,2.1909164603553667e-05,1.7628600641681064e-05,2.5883936429052132e-05,1.4816680619040916e-05,-5.097588718967932,-4.650208411069159,-4.659374181772188,-4.753782160628439,-4.586969675475768,-4.8292490804526,S,non-synonymous,0.20032041446639198,0.03651496155606715,-0.09943515875066562,1.3841148153691432,1.1868052080594598,1.1276579699068825,1.1868052080594598
283,single,tttttagttttatctttgagaatgcca,7.0,atg,1.0,,FLVLSLRMP,,False,False,3.0,1.0,1.0,5.0,4.0,6.0,37.0,44.0,45.0,True,False,True,True,False,False,1.0,both,0.00014776888945688943,0.00019691294210311973,0.00024647810178997874,2.938100106946844e-05,3.4511915238736174e-05,4.445004185712275e-05,-3.830416990564919,-3.70572573891899,-3.6082216593248067,-4.531933411012083,-4.462030938867468,-4.352127825732937,M,non-synonymous,-0.40874165047250305,-0.43670157288310013,-0.43544059968243487,0.7750527504302482,0.7135886736202925,0.7916525289751133,0.7750527504302482
284,single,tttttagttttatctttgagaattcca,7.0,att,1.0,,FLVLSLRIP,,False,False,2.0,1.0,1.0,2.0,3.0,1.0,4.0,6.0,4.0,True,False,True,True,False,False,2.0,both,1.5975015076420478e-05,2.68517648322436e-05,2.1909164603553667e-05,1.1752400427787376e-05,2.5883936429052132e-05,7.408340309520458e-06,-4.796558723303951,-4.571027165021534,-4.659374181772188,-4.92987341968412,-4.586969675475768,-5.130279076116581,I,non-synonymous,-0.07767639850245663,-0.009205436365561774,-0.2756410940599982,1.1061180024002946,1.1410848101378308,0.9514520345975499,1.1061180024002946
285,single,tttttagttttatctttgagacagcca,7.0,cag,1.0,,FLVLSLRQP,,False,False,2.0,1.0,1.0,23.0,10.0,8.0,2262.0,2069.0,1616.0,True,False,True,True,False,False,1.0,both,0.00903387102571578,0.009259383572985334,0.008851302499835682,0.0001351526049195548,8.627978809684044e-05,5.9266722476163664e-05,-2.0441261140424776,-2.0334179247394433,-2.052992816661583,-3.8691755793305087,-4.06409093019543,-4.2271890891246375,Q,non-synonymous,-1.0633731569109772,-1.1725399951690054,-1.2726515405562837,0.12042124399177401,-0.0222497486656128,-0.04555841189873555,-0.0222497486656128
286,single,tttttagttttatctttgagacatcca,7.0,cat,1.0,,FLVLSLRHP,,False,False,1.0,1.0,1.0,289.0,176.0,210.0,427.0,375.0,329.0,True,False,True,True,False,False,1.0,both,0.0017053328594078862,0.001678235302015225,0.001802028788642289,0.0016982218618152758,0.0015185242705043917,0.0015557514649992962,-2.76819083960689,-2.7751471476774587,-2.744238275150176,-2.7700055725915536,-2.8185782623812803,-2.808059781382662,H,non-synonymous,-0.0010573622137675387,-0.025077754462771547,-0.03735750045021572,1.1827370386889837,1.125212492040621,1.1897356282073324,1.1827370386889837
287,single,tttttagttttatctttgagaccgcca,7.0,ccg,1.0,,FLVLSLRPP,,False,False,3.0,1.0,1.0,4209.0,2356.0,3362.0,2162.0,1968.0,1648.0,True,False,True,True,False,False,1.0,both,0.008634495648805269,0.008807378864975901,0.00902657581666411,0.024732926700278532,0.020327518075615607,0.02490684012060778,-2.063763025014622,-2.055153321309855,-2.0444769657390536,-1.6067244896000792,-1.6919156440803662,-1.6036813670131294,P,non-synonymous,0.26629552758836095,0.20973869409773696,0.25801681517624314,1.4500899284911122,1.3600289406011297,1.4851099438337914,1.4500899284911122
288,single,tttttagttttatctttgagacctcca,7.0,cct,1.0,,FLVLSLRPP,,False,False,2.0,1.0,1.0,268.0,178.0,211.0,171.0,118.0,111.0,True,False,True,True,False,False,1.0,both,0.0006829318945169755,0.0005280847083674574,0.0006079793177486142,0.0015748216573235082,0.0015357802281237597,0.0015631598053088168,-3.16562260423976,-3.277296408099052,-3.216111194313493,-2.802768621319313,-2.813670927886536,-2.8059966208188887,P,non-synonymous,0.21141848078892633,0.26770406504051686,0.24005787811015586,1.3952128816916776,1.4179943115439095,1.467151006767704,1.4179943115439095
289,single,tttttagttttatctttgagacgtcca,7.0,cgt,1.0,,FLVLSLRRP,,False,False,2.0,1.0,1.0,2132.0,1412.0,1671.0,988.0,792.0,669.0,True,False,True,True,False,False,1.0,both,0.003945828723875858,0.003544432957856155,0.0036643077799443508,0.012528058856021342,0.012182706079273868,0.012379336657208686,-2.4038617700442857,-2.450453233815684,-2.4360080553323273,-1.9021162149935669,-1.9142562334796454,-1.90730262622319,R,non-synonymous,0.29234427065577057,0.30960791151231015,0.30947425831705727,1.4761386715585219,1.4598981580157027,1.5365673869746055,1.4761386715585219
290,single,tttttagttttatctttgagactgcca,7.0,ctg,1.0,,FLVLSLRLP,,False,False,3.0,1.0,1.0,5.0,7.0,15.0,2816.0,2573.0,2158.0,True,False,True,True,False,False,1.0,both,0.011246410613800016,0.011514931818893797,0.011819994303617203,2.938100106946844e-05,6.03958516677883e-05,0.00011112510464280687,-1.9489860641618393,-1.938738629194831,-1.9273827327532584,-4.531933411012083,-4.218992890181173,-3.9541878170609004,L,non-synonymous,-1.504965715502675,-1.316651825762885,-1.1863770744254458,-0.32117131459992376,-0.16636157925949235,0.04071605423210234,-0.16636157925949235
291,single,tttttagttttatctttgagacttcca,7.0,ctt,1.0,,FLVLSLRLP,,False,False,2.0,1.0,1.0,4.0,3.0,7.0,896.0,843.0,640.0,True,False,True,True,False,False,1.0,both,0.0035784033771181873,0.0037726729589302255,0.003505466336568587,2.3504800855574752e-05,2.5883936429052132e-05,5.1858382166643204e-05,-2.4463107049697888,-2.423350840780435,-2.455254199116263,-4.628843424020139,-4.586969675475768,-4.285181036102324,L,non-synonymous,-1.2716623585606714,-1.2493048418751043,-1.0711356825008869,-0.08786795765792021,-0.09901459537171164,0.1559574461566613,-0.08786795765792021
292,single,tttttagttttatctttgagagagcca,7.0,gag,1.0,,FLVLSLREP,,False,False,1.0,1.0,1.0,13.0,3.0,8.0,1857.0,1686.0,1247.0,True,False,True,True,False,False,1.0,both,0.007416400749228207,0.007545345917860451,0.006830182065157855,7.639060278061795e-05,2.5883936429052132e-05,5.9266722476163664e-05,-2.1298068108921333,-2.1223208451164544,-2.165567719621608,-4.116960063041264,-4.586969675475768,-4.2271890891246375,E,non-synonymous,-1.157823646533464,-1.423123919940955,-1.2067565588131006,0.025970754369287308,-0.2728336734375625,0.02033656984444754,0.02033656984444754
293,single,tttttagttttatctttgagagataag,8.0,aag,1.0,,FLVLSLRDK,,False,False,3.0,1.0,1.0,224.0,162.0,218.0,227.0,217.0,140.0,True,False,True,True,False,False,1.0,both,0.0009065821055868621,0.0009711388280994769,0.0007668207611243783,0.001316268847912186,0.001397732567168815,0.0016150181874754598,-3.042592857438791,-3.012718681556648,-3.1153061374219124,-2.8806553970139386,-2.8545759156527994,-2.7918225825119767,K,non-synonymous,0.09435357878749058,0.09131392275895943,0.18934897907555323,1.2781479796902417,1.241604169262352,1.4164421077331013,1.2781479796902417
294,single,tttttagttttatctttgagagataat,8.0,aat,1.0,,FLVLSLRDN,,False,False,3.0,1.0,1.0,2222.0,1306.0,1830.0,2147.0,1764.0,1495.0,True,False,True,True,False,False,1.0,both,0.008574589342268691,0.007894418860679618,0.008188550270578182,0.013056916875271773,0.011268140325447361,0.013557262766422438,-2.066786670195665,-2.102679834609377,-2.086792980439702,-1.8841593607432527,-1.9481477532563751,-1.867827986386152,N,non-synonymous,0.10640861099067299,0.08922906122072449,0.12816972438944477,1.2902030118934242,1.2395193077241171,1.355262853046993,1.2902030118934242
295,single,tttttagttttatctttgagagatacg,8.0,acg,1.0,,FLVLSLRDT,,False,False,2.0,1.0,1.0,1018.0,639.0,703.0,687.0,671.0,507.0,True,False,True,True,False,False,1.0,both,0.002743708839375217,0.0030029223670725758,0.002776986613500427,0.005981971817743775,0.005513278459388104,0.005208063237592882,-2.5616619775723635,-2.5224558952361855,-2.5564262137668146,-2.2231556373473613,-2.25859007203703,-2.2833237510967574,T,non-synonymous,0.19723221889913686,0.15235994679001963,0.15985873688074262,1.3810266198018881,1.3026501932934123,1.3869518655382909,1.3810266198018881
296,single,tttttagttttatctttgagagatact,8.0,act,1.0,,FLVLSLRDT,,False,False,2.0,1.0,1.0,1061.0,709.0,950.0,758.0,699.0,556.0,True,False,True,True,False,False,1.0,both,0.0030272653569816807,0.0031282306029563793,0.0030453738798939594,0.006234648426941203,0.006117236976065987,0.007037923294044435,-2.5189495089998606,-2.504701239659496,-2.516359381518093,-2.205188031446761,-2.2134446950123636,-2.1525554708277337,T,non-synonymous,0.18281451503016435,0.16817574594034845,0.21295023511192862,1.3666089159329156,1.3184659924437412,1.4400433637694767,1.3666089159329156
297,single,tttttagttttatctttgagagatagg,8.0,agg,1.0,,FLVLSLRDR,,False,False,3.0,1.0,1.0,573.0,371.0,483.0,2051.0,1692.0,1470.0,True,False,True,True,False,False,1.0,both,0.0081911889804346,0.007572197682692695,0.008051617991805973,0.003367062722561083,0.0032009801383927803,0.0035782283694983812,-2.0866530542635475,-2.120778056702173,-2.094116838351974,-2.4727487933807115,-2.4947170205803846,-2.446331945365069,R,non-synonymous,-0.22496039301055326,-0.21591777195108047,-0.20616680482098867,0.958834007892198,0.9343724745523121,1.0209263238365596,0.958834007892198
298,single,tttttagttttatctttgagagatagt,8.0,agt,1.0,,FLVLSLRDS,,False,False,3.0,1.0,1.0,1.0,1.0,4.0,4.0,4.0,4.0,True,False,True,True,False,False,3.0,both,1.5975015076420478e-05,1.7901176554829066e-05,2.1909164603553667e-05,5.876200213893688e-06,8.627978809684043e-06,2.9633361238081832e-05,-4.796558723303951,-4.7471184240772155,-4.659374181772188,-5.230903415348101,-5.06409093019543,-4.528219084788619,S,non-synonymous,-0.2530728592025428,-0.18302451443141265,0.07677077655866696,0.9307215417002084,0.96726573207198,1.303863905216215,0.96726573207198
299,single,tttttagttttatctttgagagatatg,8.0,atg,1.0,,FLVLSLRDM,,False,False,3.0,1.0,1.0,3979.0,2518.0,3287.0,2327.0,1996.0,1698.0,True,False,True,True,False,False,1.0,both,0.009293465020707613,0.008932687100859704,0.00930044037420853,0.023381400651082983,0.02172525064278442,0.024351214597393745,-2.0318223313451838,-2.0490178784538253,-2.0314964871922165,-1.6311294762017132,-1.6630352044235865,-1.6134793720349572,M,non-synonymous,0.2334654673364374,0.22287198457198643,0.2446835790869564,1.4172598682391886,1.373162231075379,1.4717767077445045,1.4172598682391886
300,single,tttttagttttatctttgagagatatt,8.0,att,1.0,,FLVLSLRDI,,False,False,3.0,1.0,1.0,2663.0,1502.0,2186.0,1856.0,1540.0,1282.0,True,False,True,True,False,False,1.0,both,0.007412406995459102,0.0068919529736091905,0.0070218872554389505,0.01564832116959889,0.012959224172145433,0.01619463191661172,-2.130040742749071,-2.1616576945687145,-2.1535461479173517,-1.8055322489091603,-1.8874209975272807,-1.7906289185028976,I,non-synonymous,0.18907631168479702,0.15834823950492324,0.21243122203750892,1.3728707125875483,1.3086384860083158,1.439524350695057,1.3728707125875483
301,single,tttttagttttatctttgagagatcag,8.0,cag,1.0,,FLVLSLRDQ,,False,False,2.0,1.0,1.0,1.0,1.0,1.0,2.0,3.0,4.0,True,False,True,True,False,False,3.0,both,7.987507538210239e-06,1.34258824161218e-05,2.1909164603553667e-05,5.876200213893688e-06,8.627978809684043e-06,7.408340309520458e-06,-5.097588718967932,-4.872057160685515,-4.659374181772188,-5.230903415348101,-5.06409093019543,-5.130279076116581,Q,non-synonymous,-0.07767639850245663,-0.11088307894400776,-0.2756410940599982,1.1061180024002946,1.0394071675593848,0.9514520345975499,1.0394071675593848
302,single,tttttagttttatctttgagagatcat,8.0,cat,1.0,,FLVLSLRDH,,False,False,2.0,1.0,1.0,1.0,2.0,1.0,19.0,9.0,4.0,True,False,True,True,False,False,2.0,both,7.588132161299728e-05,4.02776472483654e-05,2.1909164603553667e-05,5.876200213893688e-06,1.7255957619368087e-05,7.408340309520458e-06,-4.119865113679085,-4.394935905965853,-4.659374181772188,-5.230903415348101,-4.763060934531449,-5.130279076116581,H,non-synonymous,-0.6473513889708931,-0.21256072152245378,-0.2756410940599982,0.5364430119318582,0.9377295249809389,0.9514520345975499,0.9377295249809389
303,single,tttttagttttatctttgagagatccg,8.0,ccg,1.0,,FLVLSLRDP,,False,False,1.0,0.0,1.0,8.0,5.0,6.0,1787.0,1669.0,1347.0,True,False,True,True,False,False,1.0,both,0.007136837985390849,0.0074692659175024274,0.007377911180246697,4.7009601711149503e-05,4.313989404842022e-05,4.445004185712275e-05,-2.14649416212627,-2.126722078725931,-2.1320665773771648,-4.327813428356158,-4.3651209258594115,-4.352127825732937,P,synonymous,-1.2709553348985738,-1.2924839037858007,-1.2994983036414396,-0.08716093399582259,-0.14219365728240807,-0.07240517498389143,-0.08716093399582259
304,single,tttttagttttatctttgagagatcct,8.0,cct,1.0,,FLVLSLRDP,,False,False,1.0,0.0,1.0,7.0,6.0,14.0,1108.0,1136.0,842.0,True,False,True,True,False,False,1.0,both,0.004425079176168472,0.005083934141571455,0.004611879149048047,4.113340149725581e-05,5.1767872858104264e-05,0.00010371676433328641,-2.354078954239503,-2.2938000840301775,-2.336122081600501,-4.385805375333844,-4.285939679811786,-3.9841510404383436,P,synonymous,-1.1837944009027512,-1.1502902465033926,-0.9646629515054458,0.0,0.0,0.2624301771521024,0.0
305,single,tttttagttttatctttgagagatcgg,8.0,cgg,1.0,,FLVLSLRDR,,False,False,2.0,1.0,1.0,1.0,1.0,1.0,16.0,24.0,12.0,True,False,True,True,False,False,1.0,both,6.390006030568191e-05,0.0001074070593289744,6.5727493810661e-05,5.876200213893688e-06,8.627978809684043e-06,7.408340309520458e-06,-4.194498731975989,-3.9689671736935717,-4.1822529270525255,-5.230903415348101,-5.06409093019543,-5.130279076116581,R,non-synonymous,-0.6038657806027152,-0.6323403131415605,-0.5549208939297882,0.579928620300036,0.5179499333618321,0.67217223472776,0.579928620300036
306,single,tttttagttttatctttgagagatcgt,8.0,cgt,1.0,,FLVLSLRDR,,False,False,2.0,1.0,1.0,2.0,1.0,1.0,2.0,4.0,11.0,True,False,True,True,False,False,2.0,both,7.987507538210239e-06,1.7901176554829066e-05,6.0250202659772584e-05,1.1752400427787376e-05,8.627978809684043e-06,7.408340309520458e-06,-5.097588718967932,-4.7471184240772155,-4.220041487941925,-4.92987341968412,-5.06409093019543,-5.130279076116581,R,non-synonymous,0.09772006219762956,-0.18302451443141265,-0.5328016074419963,1.2815144631003808,0.96726573207198,0.6942915212155518,0.96726573207198
307,single,tttttagttttatctttgagagatctg,8.0,ctg,1.0,,FLVLSLRDL,,False,False,2.0,1.0,1.0,891.0,528.0,777.0,909.0,830.0,639.0,True,False,True,True,False,False,1.0,both,0.0036303221761165537,0.003714494135127031,0.003499989045417698,0.0052356943905792755,0.004555572811513175,0.005756280420497396,-2.4400548314099466,-2.430100323029104,-2.4559333149417504,-2.281025711311227,-2.341457007661618,-2.2398580573156672,L,non-synonymous,0.09265902141094126,0.05118393374684032,0.12647823610809875,1.2764534223136925,1.201474180250233,1.3535713647656469,1.2764534223136925
308,single,tttttagttttatctttgagagatctt,8.0,ctt,1.0,,FLVLSLRDL,,False,False,2.0,1.0,1.0,2.0,2.0,4.0,4.0,1.0,2.0,True,False,True,True,False,False,3.0,both,1.5975015076420478e-05,4.4752941387072664e-06,1.0954582301776834e-05,1.1752400427787376e-05,1.7255957619368087e-05,2.9633361238081832e-05,-4.796558723303951,-5.349178415405178,-4.960404177436169,-4.92987341968412,-4.763060934531449,-4.528219084788619,L,non-synonymous,-0.07767639850245663,0.33843271976614,0.2529767118679995,1.1061180024002946,1.4887229662695325,1.4800698405255477,1.4800698405255477
309,single,tttttagttttatctttgagagatgag,8.0,gag,1.0,,FLVLSLRDE,,False,False,3.0,1.0,1.0,1.0,3.0,1.0,3.0,1.0,4.0,True,False,True,True,False,False,3.0,both,1.1981261307315359e-05,4.4752941387072664e-06,2.1909164603553667e-05,5.876200213893688e-06,2.5883936429052132e-05,7.408340309520458e-06,-4.921497459912252,-5.349178415405178,-4.659374181772188,-5.230903415348101,-4.586969675475768,-5.130279076116581,E,non-synonymous,-0.18027675077121905,0.440110362344586,-0.2756410940599982,1.0035176501315322,1.5904006088479785,0.9514520345975499,1.0035176501315322
310,single,tttttagttttatctttgagagatgat,8.0,gat,1.0,,FLVLSLRDD,,False,False,3.0,1.0,1.0,1312.0,841.0,1151.0,840.0,706.0,569.0,True,False,True,True,False,False,1.0,both,0.0033547531660483004,0.00315955766192733,0.0031165786648555092,0.007709574680628518,0.007256130178944281,0.008526999696258048,-2.4743394285700324,-2.500373714353374,-2.5063219067050793,-2.11296958030846,-2.139294934397518,-2.0692037524867897,D,non-synonymous,0.21055374315440972,0.20849211555358213,0.25586424713202993,1.394348144057161,1.3587823620569748,1.482957375789578,1.394348144057161
311,single,tttttagttttatctttgagagatggg,8.0,ggg,1.0,,FLVLSLRDG,,False,False,3.0,1.0,1.0,66.0,48.0,47.0,133.0,168.0,126.0,True,False,True,True,False,False,1.0,both,0.0005311692512909809,0.0007518494153028207,0.0006901386850119405,0.0003878292141169834,0.0004141429828648341,0.00034819199454746156,-3.274767073664828,-3.1238691336793147,-3.1610636279825877,-3.411359479806233,-3.382849692819843,-3.4581812181808638,G,non-synonymous,-0.07958617061687617,-0.14953912458954136,-0.17391583440801456,1.1042082302858751,1.0007511219138512,1.0531772942495337,1.0531772942495337
312,single,tttttagttttatctttgagagatggt,8.0,ggt,1.0,,FLVLSLRDG,,False,False,3.0,1.0,1.0,387.0,295.0,299.0,731.0,774.0,658.0,True,False,True,True,False,False,1.0,both,0.0029194340052158423,0.0034638776633594244,0.003604057577284578,0.002274089482776857,0.002545253748856793,0.002215093752546617,-2.5347013376740533,-2.460437454722285,-2.443208279486195,-2.64319245032919,-2.5942689142172672,-2.6546078877921517,G,non-synonymous,-0.06321282746310104,-0.07727622243861484,-0.12374137541813976,1.1205815734396503,1.0730140240647779,1.1033517532394084,1.1033517532394084
313,single,tttttagttttatctttgagagatgtg,8.0,gtg,1.0,,FLVLSLRDV,,False,False,3.0,1.0,1.0,53.0,27.0,24.0,39.0,43.0,22.0,True,False,True,True,False,False,1.0,both,0.00015575639699509967,0.00019243764796441246,0.00012050040531954517,0.00031143861133636546,0.00023295542786146918,0.000177800167428491,-3.807554107605415,-3.715709959825591,-3.919011492277944,-3.5066275457473126,-3.632727166036443,-3.7500678344049754,V,non-synonymous,0.17533619453482285,0.04791546662964059,0.09889006304645886,1.359130595437574,1.1982057131330333,1.325983191704007,1.325983191704007
314,single,tttttagttttatctttgagagatgtt,8.0,gtt,1.0,,FLVLSLRDV,,False,False,3.0,1.0,1.0,1843.0,1016.0,1432.0,1656.0,1378.0,1109.0,True,False,True,True,False,False,1.0,both,0.006613656241638078,0.006166955323138613,0.006074315886335254,0.010829836994206067,0.008766026470638988,0.010608743323233296,-2.1795583821830524,-2.2099291978335707,-2.2165026269509904,-1.9653780801290277,-2.05719722224753,-1.9743360581447447,V,non-synonymous,0.12479310192690629,0.08818965408741206,0.14175061413078327,1.3085875028296576,1.2384799005908047,1.3688437427883313,1.3085875028296576
315,single,tttttagttttatctttgagagattag,8.0,tag,1.0,,FLVLSLRD*,,True,False,3.0,1.0,1.0,3.0,3.0,1.0,147.0,184.0,120.0,True,False,True,True,False,False,1.0,both,0.0005870818040584526,0.000823454121522137,0.00065727493810661,1.7628600641681064e-05,2.5883936429052132e-05,7.408340309520458e-06,-3.231301379883738,-3.084360592395641,-3.1822529270525255,-4.753782160628439,-4.586969675475768,-5.130279076116581,*,stop,-0.8870801723181105,-0.8676282406285537,-1.1402643409197653,0.2967142285846407,0.2826620058748389,0.08682878773778291,0.2826620058748389
316,single,tttttagttttatctttgagagattat,8.0,tat,1.0,,FLVLSLRDY,,False,False,3.0,1.0,1.0,21.0,9.0,14.0,8.0,15.0,13.0,True,False,True,True,False,False,2.0,both,3.1950030152840955e-05,6.7129412080609e-05,7.120478496154942e-05,0.00012340020449176745,7.765180928715639e-05,0.00010371676433328641,-4.495528727639971,-4.173087156349497,-4.147490820793314,-3.9086841206141822,-4.109848420756105,-3.9841510404383436,Y,non-synonymous,0.3419276103240897,0.03651496155606715,0.09560987006356395,1.5257220112268408,1.1868052080594598,1.322702998721112,1.322702998721112
317,single,tttttagttttatctttgagagattcg,8.0,tcg,1.0,,FLVLSLRDS,,False,False,2.0,1.0,1.0,126.0,108.0,112.0,307.0,304.0,199.0,True,False,True,True,False,False,1.0,both,0.0012260824071152717,0.001360489418167009,0.0010899809390267948,0.0007404012269506047,0.0009318217114458767,0.0008297341146662913,-2.9114803391547275,-2.866304831796424,-2.962581096690444,-3.1305328702305384,-3.030667174708481,-3.0810610534464,S,non-synonymous,-0.12763192775307233,-0.09490519657584841,-0.06935146628675476,1.0561624731496788,1.0553850499275441,1.1577416623707935,1.0561624731496788
318,single,tttttagttttatctttgagagattgt,8.0,tgt,1.0,,FLVLSLRDC,,False,False,3.0,1.0,1.0,1.0,1.0,2.0,3.0,1.0,4.0,True,False,True,True,False,False,3.0,both,1.1981261307315359e-05,4.4752941387072664e-06,2.1909164603553667e-05,5.876200213893688e-06,8.627978809684043e-06,1.4816680619040916e-05,-4.921497459912252,-5.349178415405178,-4.659374181772188,-5.230903415348101,-5.06409093019543,-4.8292490804526,C,non-synonymous,-0.18027675077121905,0.1646136417002891,-0.09943515875066562,1.0035176501315322,1.3149038882036816,1.1276579699068825,1.1276579699068825
319,single,tttttagttttatctttgagagatttg,8.0,ttg,1.0,,FLVLSLRDL,,False,False,3.0,1.0,1.0,1252.0,784.0,974.0,1331.0,1158.0,1055.0,True,False,True,True,False,False,1.0,both,0.005315686266678914,0.005182390612623015,0.0057785421641872795,0.007357002667794897,0.00676433538679229,0.007215723461472926,-2.274440659157239,-2.2854698560137603,-2.238181713466439,-2.1332990864736905,-2.169774867510992,-2.141720119237966,L,non-synonymous,0.08223676265793599,0.06680396149238829,0.056463162067842854,1.2660311635606871,1.217094207995781,1.283556290725391,1.2660311635606871
320,single,tttttagttttatctttgagagatttt,8.0,ttt,1.0,,FLVLSLRDF,,False,False,3.0,1.0,1.0,2709.0,1510.0,2191.0,1958.0,1656.0,1441.0,True,False,True,True,False,False,1.0,both,0.007819769879907824,0.0074110870936992335,0.007892776548430208,0.015918626379438,0.013028248002622906,0.016231673618159324,-2.106806027164795,-2.1301180829563164,-2.1027701922861612,-1.7980944103149332,-1.885113982902261,-1.789636698555876,F,non-synonymous,0.17987219131779567,0.1414689147498963,0.18329063858809938,1.3636665922205469,1.2917591612532888,1.4103837672456476,1.3636665922205469
321,single,tttttagttttatctttgagagctcca,7.0,gct,1.0,,FLVLSLRAP,,False,False,1.0,1.0,1.0,1.0,1.0,9.0,235.0,190.0,157.0,True,False,True,True,False,False,1.0,both,0.0009385321357397031,0.0008503058863543806,0.0008599347106894815,5.876200213893688e-06,8.627978809684043e-06,6.667506278568412e-05,-3.0275508523601777,-3.0704248144523487,-3.0655345206909166,-5.230903415348101,-5.06409093019543,-4.176036566677257,A,non-synonymous,-1.2837931328741212,-1.151171681231407,-0.6500250954870662,-0.09999873197136999,-0.0008814347280143853,0.5770680331704819,-0.0008814347280143853
322,single,tttttagttttatctttgagaggtcca,7.0,ggt,1.0,,FLVLSLRGP,,False,False,1.0,1.0,1.0,2.0,1.0,3.0,21.0,32.0,22.0,True,False,True,True,False,False,1.0,both,8.386882915120751e-05,0.00014320941243863253,0.00012050040531954517,1.1752400427787376e-05,8.627978809684043e-06,2.2225020928561376e-05,-4.076399419897995,-3.8440284370852718,-3.919011492277944,-4.92987341968412,-5.06409093019543,-4.653157821396919,G,non-synonymous,-0.4972804073290029,-0.7044817486289653,-0.4297277428815389,0.6865139935737483,0.44580849787442733,0.7973653857760092,0.6865139935737483
323,single,tttttagttttatctttgagagtgcca,7.0,gtg,1.0,,FLVLSLRVP,,False,False,2.0,1.0,1.0,12724.0,7880.0,10294.0,6310.0,5696.0,4472.0,True,False,True,True,False,False,1.0,both,0.025200586283053304,0.02549127541407659,0.024494446026773,0.07476877152158329,0.06798847302031026,0.0762614551462036,-1.5985893553877797,-1.5936084347763777,-1.6109323782217835,-1.1262797549127757,-1.167564712705875,-1.1176949122024307,V,non-synonymous,0.27519328130495524,0.2460038137485153,0.2887133185443696,1.4589876822077064,1.3962940602519078,1.5158064472019177,1.4589876822077064
324,single,tttttagttttatctttgagagttcca,7.0,gtt,1.0,,FLVLSLRVP,,False,False,1.0,1.0,1.0,5083.0,3174.0,4180.0,2433.0,2268.0,1858.0,True,False,True,True,False,False,1.0,both,0.009716802920232756,0.01014996710658808,0.010176806958350678,0.029868725687221615,0.027385204741937154,0.030966862493795516,-2.0124766057010954,-1.9935353651843086,-1.9923884634425273,-1.5247833056453979,-1.562484007776601,-1.5091027943415463,V,non-synonymous,0.28415666202379536,0.2488952948970403,0.2828880994324257,1.4679510629265466,1.3991855414004328,1.5099812280899738,1.4679510629265466
325,single,tttttagttttatctttgagatagcca,7.0,tag,1.0,,FLVLSLR*P,,True,False,2.0,1.0,1.0,3.0,1.0,2.0,668.0,571.0,512.0,True,False,True,True,False,False,1.0,both,0.00266782751776222,0.002555392953201849,0.0028043730692548694,1.7628600641681064e-05,8.627978809684043e-06,1.4816680619040916e-05,-2.573842252156368,-2.5925423071593294,-2.5521642121243198,-4.753782160628439,-5.06409093019543,-4.8292490804526,*,stop,-1.2701516459896771,-1.4271079601336254,-1.3328767059159936,-0.08635724508692588,-0.2768177136302328,-0.10578357725844545,-0.10578357725844545
326,single,tttttagttttatctttgagatatcca,7.0,tat,1.0,,FLVLSLRYP,,False,False,1.0,1.0,1.0,3015.0,1972.0,2477.0,2493.0,2339.0,1823.0,True,False,True,True,False,False,1.0,both,0.009956428146379063,0.010467712990436296,0.009985101768069583,0.01771674364488947,0.017014374212696935,0.018350458946682174,-2.0018964361281406,-1.9801481935960246,-2.000647504445174,-1.7516160988719314,-1.769184019590238,-1.7363530695307445,Y,non-synonymous,0.14582694738023247,0.12181376859049395,0.15470301555308033,1.3296213482829837,1.2721040150938865,1.3817961442106286,1.3296213482829837
327,single,tttttagttttatctttgagatcgcca,7.0,tcg,1.0,,FLVLSLRSP,,False,False,3.0,1.0,1.0,174.0,154.0,129.0,600.0,483.0,391.0,True,False,True,True,False,False,1.0,both,0.002396252261463072,0.0021615670689956097,0.002141620839997371,0.0010224588372175017,0.0013287087366913428,0.0009556758999281391,-2.62046746424827,-2.6652312846536654,-2.6692574157042834,-2.990354167065502,-2.876570209358967,-3.0196893658173325,S,non-synonymous,-0.21551612619555852,-0.12203015507035467,-0.20512304561459174,0.9682782747071927,1.028260091433038,1.0219700830429563,1.0219700830429563
328,single,tttttagttttatctttgagatctcca,7.0,tct,1.0,,FLVLSLRSP,,False,False,2.0,1.0,1.0,1.0,2.0,1.0,10.0,4.0,4.0,True,False,True,True,False,False,2.0,both,3.9937537691051196e-05,1.7901176554829066e-05,2.1909164603553667e-05,5.876200213893688e-06,1.7255957619368087e-05,7.408340309520458e-06,-4.398618714631914,-4.7471184240772155,-4.659374181772188,-5.230903415348101,-4.763060934531449,-5.130279076116581,S,non-synonymous,-0.48493436834579384,-0.009205436365561774,-0.2756410940599982,0.6988600325569574,1.1410848101378308,0.9514520345975499,0.9514520345975499
329,single,tttttagttttatctttgagatggcca,7.0,tgg,1.0,,FLVLSLRWP,,False,False,3.0,1.0,1.0,2.0,1.0,1.0,51.0,38.0,25.0,True,False,True,True,False,False,1.0,both,0.0002036814422243611,0.00017006117727087612,0.0001369322787722104,1.1752400427787376e-05,8.627978809684043e-06,7.408340309520458e-06,-3.6910485385339777,-3.7693948187883675,-3.8634941644281127,-4.92987341968412,-5.06409093019543,-5.130279076116581,W,non-synonymous,-0.7218068056695607,-0.747576280442888,-0.7415042468026218,0.46198759523319055,0.4027139660605046,0.4855888818549263,0.46198759523319055
330,single,tttttagttttatctttgagatgtcca,7.0,tgt,1.0,,FLVLSLRCP,,False,False,2.0,1.0,1.0,181.0,110.0,127.0,414.0,358.0,298.0,True,False,True,True,False,False,1.0,both,0.0016534140604095196,0.0016021553016572015,0.0016322327629647482,0.0010635922387147575,0.0009490776690652448,0.0009408592193090982,-2.781618373511015,-2.7952953887613035,-2.7872179090238953,-2.9732248404789168,-3.0226982450372053,-3.0264753551606245,C,non-synonymous,-0.11164035689962021,-0.13130570174654504,-0.14004777823969197,1.072154044003131,1.0189845447568475,1.087045350417856,1.072154044003131
331,single,tttttagttttatctttgagattgcca,7.0,ttg,1.0,,FLVLSLRLP,,False,False,3.0,1.0,1.0,11.0,5.0,16.0,1824.0,1593.0,1246.0,True,False,True,True,False,False,1.0,both,0.007284606874847738,0.007129143562960676,0.006824704774006967,6.463820235283056e-05,4.313989404842022e-05,0.00011853344495232733,-2.1375938806395167,-2.146962639604046,-2.1659161307769996,-4.189510730189877,-4.3651209258594115,-3.9261590934606567,L,non-synonymous,-1.1955584434972204,-1.2807967108746436,-1.0303466833171013,-0.01176404259446917,-0.13050646437125102,0.19674644534044683,-0.01176404259446917
332,single,tttttagttttatctttgagatttcca,7.0,ttt,1.0,,FLVLSLRFP,,False,False,2.0,1.0,1.0,37.0,29.0,30.0,298.0,287.0,221.0,True,False,True,True,False,False,1.0,both,0.0011901386231933256,0.0012844094178089856,0.00121048134434634,0.00021741940791406646,0.00025021138548083727,0.00022225020928561375,-2.9244024505556587,-2.891296518671185,-2.9170418994150396,-3.6627016912811063,-3.601692932296474,-3.653157821396919,F,non-synonymous,-0.43017332367552763,-0.41019317495345947,-0.4308806311570782,0.7536210772272236,0.7400970715499331,0.79621249750047,0.7536210772272236
333,single,tttttagttttatctttgagtgatcca,6.0,agt,1.0,,FLVLSLSDP,,False,False,1.0,1.0,1.0,1.0,1.0,1.0,1.0,7.0,12.0,True,False,True,True,False,False,2.0,both,3.9937537691051194e-06,3.1327058970950864e-05,6.5727493810661e-05,5.876200213893688e-06,8.627978809684043e-06,7.408340309520458e-06,-5.398618714631914,-4.504080375390921,-4.1822529270525255,-5.230903415348101,-5.06409093019543,-5.130279076116581,S,non-synonymous,0.09772006219762956,-0.32335820265539233,-0.5549208939297882,1.2815144631003808,0.8269320438480003,0.67217223472776,0.8269320438480003
334,single,tttttagttttatctttgatggatcca,6.0,atg,1.0,,FLVLSLMDP,,False,False,2.0,1.0,1.0,69.0,73.0,55.0,272.0,283.0,195.0,True,False,True,True,False,False,1.0,both,0.0010863010251965924,0.0012665082412541564,0.0010680717744232413,0.00040545781475866447,0.0006298424531069351,0.0004074587170236252,-2.9640498105977153,-2.8973919798808874,-2.9713995617376323,-3.392054324610846,-3.2007680700749743,-3.3899163866223376,M,non-synonymous,-0.24937872638233546,-0.175173747016295,-0.24497608090131395,0.9344156745204157,0.9751164994870976,0.9821170477562342,0.9751164994870976
335,single,tttttagttttatctttgattgatcca,6.0,att,1.0,,FLVLSLIDP,,False,False,2.0,1.0,1.0,1.0,1.0,1.0,2.0,8.0,3.0,True,False,True,True,False,False,2.0,both,7.987507538210239e-06,3.580235310965813e-05,1.643187345266525e-05,5.876200213893688e-06,8.627978809684043e-06,7.408340309520458e-06,-5.097588718967932,-4.446088428413234,-4.784312918380488,-5.230903415348101,-5.06409093019543,-5.130279076116581,I,non-synonymous,-0.07767639850245663,-0.35684359249726355,-0.20250902331112308,1.1061180024002946,0.7934466540061291,1.024584105346425,1.024584105346425
336,single,tttttagttttatctttgcaggatcca,6.0,cag,1.0,,FLVLSLQDP,,False,False,3.0,1.0,1.0,1219.0,868.0,1029.0,584.0,580.0,482.0,True,False,True,True,False,False,1.0,both,0.00233235220115739,0.0025956706004502147,0.0026400543347282167,0.007163088060736405,0.00748908560680575,0.007623182178496552,-2.6322058675195144,-2.5857504218422402,-2.578387134861301,-2.1448997097297196,-2.1255712050189386,-2.1178637013541484,Q,non-synonymous,0.2839310918673165,0.2657141426616389,0.269564373988736,1.4677254927700678,1.4160043891650316,1.496657502646284,1.4677254927700678
337,single,tttttagttttatctttgcatgatcca,6.0,cat,1.0,,FLVLSLHDP,,False,False,3.0,1.0,1.0,4.0,11.0,6.0,1095.0,1007.0,819.0,True,False,True,True,False,False,1.0,both,0.004373160377170106,0.004506621197678217,0.004485901452577613,2.3504800855574752e-05,9.490776690652448e-05,4.445004185712275e-05,-2.3592045954557768,-2.3461489448515596,-2.348150271339732,-4.628843424020139,-4.022698245037205,-4.352127825732937,H,non-synonymous,-1.322415119196411,-0.9680638404403529,-1.1730151293790632,-0.13862071829365985,0.18222640606303975,0.054077999278485,0.054077999278485
338,single,tttttagttttatctttgcctgatcca,6.0,cct,1.0,,FLVLSLPDP,,False,False,3.0,1.0,1.0,418.0,289.0,434.0,868.0,776.0,594.0,True,False,True,True,False,False,1.0,both,0.003466578271583244,0.003472828251636839,0.0032535109436277196,0.0024562516894075614,0.0024934858759986887,0.003215219694331879,-2.460098989455422,-2.459316694146989,-2.4876477281189566,-2.6097271335730663,-2.6031930874388824,-2.492789346604071,P,non-synonymous,-0.08718150110413533,-0.08307631265208486,-0.0030096126871839704,1.096612899798616,1.0672139338513078,1.2240835159703642,1.096612899798616
339,single,tttttagttttatctttgcgggatcca,6.0,cgg,1.0,,FLVLSLRDP,,False,False,2.0,0.0,1.0,3.0,3.0,3.0,475.0,460.0,429.0,True,False,True,True,False,False,1.0,both,0.0018970330403249318,0.0020586353038053425,0.002349757903731131,1.7628600641681064e-05,2.5883936429052132e-05,2.2225020928561376e-05,-2.721925105007047,-2.6864205837236037,-2.628976880915426,-4.753782160628439,-4.586969675475768,-4.653157821396919,R,synonymous,-1.183870515688719,-1.0974045633512215,-1.1848410490328507,-7.611478596780685e-05,0.052885683152171126,0.04225207962469746,0.04225207962469746
340,single,tttttagttttatctttgcgtgatcca,6.0,cgt,1.0,,FLVLSLRDP,,False,False,2.0,0.0,1.0,7.0,4.0,5.0,1343.0,1243.0,992.0,True,False,True,True,False,False,1.0,both,0.005363611311908175,0.005562790614413132,0.005433472821681309,4.113340149725581e-05,3.4511915238736174e-05,3.704170154760229e-05,-2.2705427019631985,-2.2547072867635327,-2.2649225009459717,-4.385805375333844,-4.462030938867468,-4.4313090717805625,R,synonymous,-1.2324671684025332,-1.2745406362425178,-1.2680801828851154,-0.048672767499782,-0.12425038973912517,-0.04098705422756721,-0.048672767499782
341,single,tttttagttttatctttgctggatcca,6.0,ctg,1.0,,FLVLSLLDP,,False,False,3.0,1.0,1.0,17.0,7.0,25.0,2132.0,1972.0,1676.0,True,False,True,True,False,False,1.0,both,0.008514683035732116,0.00882528004153073,0.009179939968888986,9.98954036361927e-05,6.03958516677883e-05,0.00018520850773801146,-2.069831514277379,-2.0542715047999853,-2.0371601588058925,-4.000454493969827,-4.218992890181173,-3.732339067444544,L,non-synonymous,-1.1248860328267507,-1.249941470604788,-0.9922618656472553,0.05890836807600053,-0.09965122410139537,0.2348312630102929,0.05890836807600053
342,single,tttttagttttatctttgcttgatcca,6.0,ctt,1.0,,FLVLSLLDP,,False,False,3.0,1.0,1.0,1.0,1.0,1.0,3.0,4.0,4.0,True,False,True,True,False,False,3.0,both,1.1981261307315359e-05,1.7901176554829066e-05,2.1909164603553667e-05,5.876200213893688e-06,8.627978809684043e-06,7.408340309520458e-06,-4.921497459912252,-4.7471184240772155,-4.659374181772188,-5.230903415348101,-5.06409093019543,-5.130279076116581,L,non-synonymous,-0.18027675077121905,-0.18302451443141265,-0.2756410940599982,1.0035176501315322,0.96726573207198,0.9514520345975499,0.96726573207198
343,single,tttttagttttatctttgggggatcca,6.0,ggg,1.0,,FLVLSLGDP,,False,False,2.0,1.0,1.0,2412.0,1910.0,2027.0,1195.0,1154.0,852.0,True,False,True,True,False,False,1.0,both,0.004772535754080618,0.0051644894360681854,0.004666652060556931,0.014173394915911575,0.016479439526496522,0.015016705807397968,-2.3212508093477573,-2.286972606585465,-2.33099457833345,-1.8485261118799878,-1.7830575629477028,-1.8234253274235728,G,non-synonymous,0.2754351394068954,0.2909678423089755,0.2971023349137082,1.4592295403096467,1.441258088812368,1.5241954635712562,1.4592295403096467
344,single,tttttagttttatctttgggtgatcca,6.0,ggt,1.0,,FLVLSLGDP,,False,False,2.0,1.0,1.0,3.0,3.0,3.0,3.0,4.0,3.0,True,False,True,True,False,False,3.0,both,1.1981261307315359e-05,1.7901176554829066e-05,1.643187345266525e-05,1.7628600641681064e-05,2.5883936429052132e-05,2.2225020928561376e-05,-4.921497459912252,-4.7471184240772155,-4.784312918380488,-4.753782160628439,-4.586969675475768,-4.653157821396919,G,non-synonymous,0.09772006219762956,0.09247220621288423,0.07677077655866699,1.2815144631003808,1.2427624527162768,1.303863905216215,1.2815144631003808
345,single,tttttagttttatctttggtggatcca,6.0,gtg,1.0,,FLVLSLVDP,,False,False,3.0,1.0,1.0,35.0,21.0,21.0,2372.0,2323.0,1694.0,True,False,True,True,False,False,1.0,both,0.009473183940317344,0.010396108284216981,0.009278531209604977,0.00020566700748627907,0.0001811875550033649,0.00015557514649992962,-2.023504029939689,-1.983129205604942,-2.032520767105462,-3.6868353709978257,-3.741871635461511,-3.808059781382662,V,non-synonymous,-0.9691473753292575,-1.0155233435746986,-1.0393001268822022,0.2146470255734937,0.13476690292869398,0.18779300177534597,0.18779300177534597
346,single,tttttagttttatctttgtaggatcca,6.0,tag,1.0,,FLVLSL*DP,,True,False,3.0,1.0,1.0,2.0,6.0,4.0,158.0,190.0,171.0,True,False,True,True,False,False,1.0,both,0.0006310130955186089,0.0008503058863543806,0.0009366167868019192,1.1752400427787376e-05,5.1767872858104264e-05,2.9633361238081832e-05,-3.1999616276774914,-3.0704248144523487,-3.0284380627079965,-4.92987341968412,-4.285939679811786,-4.528219084788619,*,stop,-1.0079407700619756,-0.7018558825212593,-0.8778869931948224,0.17585363084077565,0.4484343639821333,0.3492061354627257,0.3492061354627257
347,single,tttttagttttatctttgtcggatcca,6.0,tcg,1.0,,FLVLSLSDP,,False,False,3.0,1.0,1.0,4287.0,3097.0,3242.0,1943.0,1923.0,1426.0,True,False,True,True,False,False,1.0,both,0.007759863573371248,0.008605990628734074,0.0078106171811668824,0.02519127031696224,0.02672085037359148,0.024017839283465327,-2.1101459140321315,-2.0651991311666977,-2.1073146475843036,-1.5987499318374687,-1.5731497248386435,-1.6194660656040853,S,non-synonymous,0.2979671347878258,0.28411645152551546,0.28555897058547336,1.4817615356905771,1.434406698028908,1.5126520992430215,1.4817615356905771
348,single,tttttagttttatctttgtctgatcca,6.0,tct,1.0,,FLVLSLSDP,,False,False,3.0,1.0,1.0,5.0,2.0,2.0,4.0,3.0,2.0,True,False,True,True,False,False,3.0,both,1.5975015076420478e-05,1.34258824161218e-05,1.0954582301776834e-05,2.938100106946844e-05,1.7255957619368087e-05,1.4816680619040916e-05,-4.796558723303951,-4.872057160685515,-4.960404177436169,-4.531933411012083,-4.763060934531449,-4.8292490804526,S,non-synonymous,0.15418511064079443,0.06293599912184313,0.07677077655866696,1.3379795115435456,1.2132262456252358,1.303863905216215,1.303863905216215
349,single,tttttagttttatctttgtgggatcca,6.0,tgg,1.0,,FLVLSLWDP,,False,False,2.0,1.0,1.0,1218.0,1008.0,888.0,2064.0,1935.0,1455.0,True,False,True,True,False,False,1.0,both,0.008243107779432967,0.00865969415839856,0.007969458624542645,0.007157211860522512,0.008697002640161516,0.0065786061948541665,-2.08390902167674,-2.0624974460502474,-2.0985711797782245,-2.145256127051245,-2.060630398085924,-2.1818661103379804,W,non-synonymous,-0.035744162747469485,0.0010780605273160687,-0.04875614177063843,1.1480502381552817,1.1513683070307086,1.1783369868869098,1.1513683070307086
350,single,tttttagttttatctttgtgtgatcca,6.0,tgt,1.0,,FLVLSLCDP,,False,False,2.0,1.0,1.0,8.0,8.0,23.0,25.0,16.0,17.0,True,False,True,True,False,False,1.0,both,9.984384422762799e-05,7.160470621931626e-05,9.311394956510308e-05,4.7009601711149503e-05,6.902383047747235e-05,0.00017039182711897053,-4.000678705959876,-4.145058432749253,-4.0309852517218765,-4.327813428356158,-4.1610009432034865,-3.7685512400989887,C,non-synonymous,-0.19060649538878638,-0.009205436365561774,0.15361402897074886,0.9931879055139649,1.1410848101378308,1.380707157628297,1.1410848101378308
351,single,tttttagttttatctttgttggatcca,6.0,ttg,1.0,,FLVLSLLDP,,False,False,3.0,1.0,1.0,5.0,2.0,1.0,23.0,35.0,17.0,True,False,True,True,False,False,1.0,both,9.185633668941776e-05,0.00015663529485475432,9.311394956510308e-05,2.938100106946844e-05,1.7255957619368087e-05,7.408340309520458e-06,-4.036890878614321,-3.805110371054902,-4.0309852517218765,-4.531933411012083,-4.763060934531449,-5.130279076116581,L,non-synonymous,-0.2884387248089921,-0.5531345253780602,-0.643464436425991,0.8953556760937591,0.5971557211253324,0.5836286922315571,0.5971557211253324
352,single,tttttagttttatcttttagagatcca,5.0,ttt,1.0,,FLVLSFRDP,,False,False,1.0,1.0,1.0,1.0,4.0,1.0,52.0,35.0,32.0,True,False,True,True,False,False,1.0,both,0.00020767519599346621,0.00015663529485475432,0.00017527331682842934,5.876200213893688e-06,3.4511915238736174e-05,7.408340309520458e-06,-3.6826153709971146,-3.805110371054902,-3.7562841947802443,-5.230903415348101,-4.462030938867468,-5.130279076116581,F,non-synonymous,-0.9021168887985149,-0.37931544731220934,-0.8042588999879959,0.2816775121042363,0.7709747991911833,0.4228342286695522,0.4228342286695522
353,single,tttttagttttatggttgagagatcca,4.0,tgg,1.0,,FLVLWLRDP,,False,False,2.0,1.0,1.0,4.0,4.0,4.0,8.0,2.0,5.0,True,False,True,True,False,False,2.0,both,3.1950030152840955e-05,8.950588277414533e-06,2.7386455754442085e-05,2.3504800855574752e-05,3.4511915238736174e-05,2.9633361238081832e-05,-4.495528727639971,-5.048148419741197,-4.562464168764132,-4.628843424020139,-4.462030938867468,-4.528219084788619,W,non-synonymous,-0.07767639850245663,0.33843271976614,0.02004513549668771,1.1061180024002946,1.4887229662695325,1.247138264154236,1.247138264154236
354,single,tttttagttttatgtttgagagatcca,4.0,tgt,1.0,,FLVLCLRDP,,False,False,1.0,1.0,1.0,2.0,1.0,1.0,2.0,21.0,24.0,True,False,True,True,False,False,2.0,both,7.987507538210239e-06,9.398117691285259e-05,0.000131454987621322,1.1752400427787376e-05,8.627978809684043e-06,7.408340309520458e-06,-5.097588718967932,-4.0269591206712585,-3.8812229313885442,-4.92987341968412,-5.06409093019543,-5.130279076116581,C,non-synonymous,0.09772006219762956,-0.5988549232996891,-0.7311268292391208,1.2815144631003808,0.5514353232037035,0.4959662994184274,0.5514353232037035
355,single,tttttagttttattgttgagagatcca,4.0,ttg,1.0,,FLVLLLRDP,,False,False,2.0,1.0,1.0,239.0,170.0,192.0,881.0,811.0,583.0,True,False,True,True,False,False,1.0,both,0.00351849707058161,0.003629463546491593,0.003193260740967947,0.0014044118511205915,0.0014667563976462875,0.001422401339427928,-2.453642806219866,-2.4401575611940216,-2.495765618341136,-2.852505514399964,-2.8336420088171566,-2.8469778474130316,L,non-synonymous,-0.23239912409968255,-0.22720361726161187,-0.20557977678997674,0.9513952768030687,0.9230866292417808,1.0215133518675714,0.9513952768030687
356,single,tttttagttttatttttgagagatcca,4.0,ttt,1.0,,FLVLFLRDP,,False,False,1.0,1.0,1.0,2038.0,1089.0,1523.0,1472.0,1286.0,1074.0,True,False,True,True,False,False,1.0,both,0.005878805548122736,0.005755228262377544,0.0058826106960541595,0.011975696035915336,0.009395868923745923,0.011282902291399657,-2.230710904630434,-2.2399374468169744,-2.2304298917366134,-1.9216992356776939,-2.027063050439655,-1.947579172780539,F,non-synonymous,0.18004701800493159,0.12291675864564824,0.16556481481734198,1.3638414189076828,1.273207005149041,1.39265794347489,1.3638414189076828
357,single,tttttagttttgtctttgagagatcca,3.0,ttg,1.0,,FLVLSLRDP,,False,False,1.0,0.0,1.0,10.0,9.0,5.0,1076.0,1067.0,786.0,True,False,True,True,False,False,1.0,both,0.004297279055557109,0.004775138846000653,0.004305150844598296,5.876200213893688e-05,7.765180928715639e-05,3.704170154760229e-05,-2.3668064433015434,-2.321013995980708,-2.3660116270607423,-4.230903415348101,-4.109848420756105,-4.4313090717805625,L,synonymous,-1.086124359725507,-1.0328988971384425,-1.208908325351891,0.0976700411772442,0.1173913493649501,0.018184803305657082,0.0976700411772442
358,single,tttttagttttttctttgagagatcca,3.0,ttt,1.0,,FLVFSLRDP,,False,False,1.0,1.0,1.0,1.0,3.0,1.0,2.0,7.0,8.0,True,False,True,True,False,False,2.0,both,7.987507538210239e-06,3.1327058970950864e-05,4.3818329207107334e-05,5.876200213893688e-06,2.5883936429052132e-05,7.408340309520458e-06,-5.097588718967932,-4.504080375390921,-4.358344186108207,-5.230903415348101,-4.586969675475768,-5.130279076116581,F,non-synonymous,-0.07767639850245663,-0.04786148201109538,-0.45184702936933074,1.1061180024002946,1.1024287644922972,0.7752460992882174,1.1024287644922972
359,single,tttttatagttatctttgagagatcca,2.0,tag,1.0,,FL*LSLRDP,,True,False,3.0,1.0,1.0,1.0,2.0,2.0,257.0,297.0,196.0,True,False,True,True,False,False,1.0,both,0.0010263947186600157,0.0013291623591960581,0.0010735490655741297,5.876200213893688e-06,1.7255957619368087e-05,1.4816680619040916e-05,-2.9886855913006194,-2.8764219660879653,-2.9691781017436742,-5.230903415348101,-4.763060934531449,-4.8292490804526,*,stop,-1.3064381494246995,-1.08937265675014,-1.0887803583235027,-0.12264374852194826,0.060917589753252566,0.13831277033404543,0.060917589753252566
360,single,tttttatatttatctttgagagatcca,2.0,tat,1.0,,FLYLSLRDP,,False,False,2.0,1.0,1.0,1.0,1.0,1.0,36.0,53.0,34.0,True,False,True,True,False,False,1.0,both,0.00014377513568778432,0.00023719058935148512,0.00018622789913020615,5.876200213893688e-06,8.627978809684043e-06,7.408340309520458e-06,-3.8423162138646267,-3.6249025458043884,-3.7299552560578952,-5.230903415348101,-5.06409093019543,-5.130279076116581,Y,non-synonymous,-0.80906648514024,-0.8310082109464157,-0.8196703717353236,0.3747279157625112,0.3192820355569769,0.4074227569222245,0.3747279157625112
361,single,tttttatcgttatctttgagagatcca,2.0,tcg,1.0,,FLSLSLRDP,,False,False,3.0,1.0,1.0,21.0,14.0,18.0,5304.0,4634.0,3847.0,True,False,True,True,False,False,1.0,both,0.021182869991333553,0.020738513038769474,0.021071139057467738,0.00012340020449176745,0.0001207917033355766,0.00013335012557136823,-1.6740151992351973,-1.683222385951221,-1.676311986793335,-3.9086841206141822,-3.9179628945171925,-3.8750065710132753,S,non-synonymous,-1.3020397478391588,-1.2903715261283697,-1.2869914668054943,-0.11824534693640754,-0.14008127962497707,-0.059898338147946095,-0.11824534693640754
362,single,tttttatctttatctttgagagatcca,2.0,tct,1.0,,FLSLSLRDP,,False,False,2.0,1.0,1.0,8.0,3.0,16.0,2488.0,2010.0,1564.0,True,False,True,True,False,False,1.0,both,0.009936459377533537,0.008995341218801606,0.008566483359989484,4.7009601711149503e-05,2.5883936429052132e-05,0.00011853344495232733,-2.0027683386131327,-2.0459823579846885,-2.067197424376321,-4.327813428356158,-4.586969675475768,-3.9261590934606567,S,non-synonymous,-1.354697822752005,-1.4672028677046745,-1.088131031204066,-0.17090342184925378,-0.31691262120128183,0.1389620974534822,-0.17090342184925378
363,single,tttttatggttatctttgagagatcca,2.0,tgg,1.0,,FLWLSLRDP,,False,False,3.0,1.0,1.0,1.0,1.0,1.0,20.0,7.0,4.0,True,False,True,True,False,False,2.0,both,7.987507538210239e-05,3.1327058970950864e-05,2.1909164603553667e-05,5.876200213893688e-06,8.627978809684043e-06,7.408340309520458e-06,-4.097588718967932,-4.504080375390921,-4.659374181772188,-5.230903415348101,-5.06409093019543,-5.130279076116581,W,non-synonymous,-0.66033082904588,-0.32335820265539233,-0.2756410940599982,0.5234635718568712,0.8269320438480003,0.9514520345975499,0.8269320438480003
364,single,tttttatgtttatctttgagagatcca,2.0,tgt,1.0,,FLCLSLRDP,,False,False,2.0,1.0,1.0,2.0,4.0,6.0,563.0,496.0,473.0,True,False,True,True,False,False,1.0,both,0.0022484833720061823,0.002219745892798804,0.0025907587143702213,1.1752400427787376e-05,3.4511915238736174e-05,4.445004185712275e-05,-2.6481103197805678,-2.6536967389149804,-2.5865730323623386,-4.92987341968412,-4.462030938867468,-4.352127825732937,C,non-synonymous,-1.329479379609301,-1.0441583496600992,-1.033455928601223,-0.14568497870654973,0.10613189684329338,0.19363720005632512,0.10613189684329338
365,single,tttttattgttatctttgagagatcca,2.0,ttg,1.0,,FLLLSLRDP,,False,False,2.0,1.0,1.0,9.0,7.0,7.0,1623.0,1380.0,1159.0,True,False,True,True,False,False,1.0,both,0.006481862367257609,0.0061759059114160275,0.0063481804438796745,5.288580192504319e-05,6.03958516677883e-05,5.1858382166643204e-05,-2.188300194805682,-2.209299329003941,-2.1973507371365546,-4.276660905908777,-4.218992890181173,-4.285181036102324,L,non-synonymous,-1.2167926208970323,-1.160426160284134,-1.2220977839267382,-0.0329982199942811,-0.010135913780741301,0.004995344730809981,-0.010135913780741301
366,single,tttttatttttatctttgagagatcca,2.0,ttt,1.0,,FLFLSLRDP,,False,False,1.0,1.0,1.0,1.0,1.0,1.0,5.0,17.0,11.0,True,False,True,True,False,False,2.0,both,1.9968768845525598e-05,7.608000035802354e-05,6.0250202659772584e-05,5.876200213893688e-06,8.627978809684043e-06,7.408340309520458e-06,-4.699648710295895,-4.118729494026904,-4.220041487941925,-5.230903415348101,-5.06409093019543,-5.130279076116581,F,non-synonymous,-0.30953790764570766,-0.5458653809942684,-0.5328016074419963,0.8742564932570436,0.6044248655091242,0.6942915212155518,0.6942915212155518
367,ortho,tttttgactcattcttttagagatcca,1.0,ttg,1.0,,FLTHSFRDP,,False,False,7.0,3.0,4.0,1820.0,1312.0,1465.0,867.0,722.0,559.0,True,False,True,True,False,False,1.0,both,0.0034625845178141387,0.0032311623681466465,0.003061805753346625,0.010694684389286512,0.011319908198305464,0.010853218553447471,-2.4605996171557036,-2.4906412178355386,-2.514022365213727,-1.9708320273630267,-1.946157095155789,-1.9644414514264532,L,synonymous,0.28536525612927716,0.31439301594160635,0.32169358647614427,1.4691596570320284,1.464683262444999,1.5487867151336925,1.4691596570320284
368,ortho,tttttgactcattcttttagagatcca,2.0,act,2.0,,FLTHSFRDP,,False,False,7.0,3.0,4.0,1820.0,1312.0,1465.0,867.0,722.0,559.0,True,False,True,True,False,False,1.0,both,0.0034625845178141387,0.0032311623681466465,0.003061805753346625,0.010694684389286512,0.011319908198305464,0.010853218553447471,-2.4605996171557036,-2.4906412178355386,-2.514022365213727,-1.9708320273630267,-1.946157095155789,-1.9644414514264532,T,non-synonymous,0.28536525612927716,0.31439301594160635,0.32169358647614427,1.4691596570320284,1.464683262444999,1.5487867151336925,1.4691596570320284
369,ortho,tttttgactcattcttttagagatcca,3.0,cat,3.0,,FLTHSFRDP,,False,False,7.0,3.0,4.0,1820.0,1312.0,1465.0,867.0,722.0,559.0,True,False,True,True,False,False,1.0,both,0.0034625845178141387,0.0032311623681466465,0.003061805753346625,0.010694684389286512,0.011319908198305464,0.010853218553447471,-2.4605996171557036,-2.4906412178355386,-2.514022365213727,-1.9708320273630267,-1.946157095155789,-1.9644414514264532,H,non-synonymous,0.28536525612927716,0.31439301594160635,0.32169358647614427,1.4691596570320284,1.464683262444999,1.5487867151336925,1.4691596570320284
370,ortho,tttttgactcattcttttagagatcca,5.0,ttt,4.0,,FLTHSFRDP,,False,False,7.0,3.0,4.0,1820.0,1312.0,1465.0,867.0,722.0,559.0,True,False,True,True,False,False,1.0,both,0.0034625845178141387,0.0032311623681466465,0.003061805753346625,0.010694684389286512,0.011319908198305464,0.010853218553447471,-2.4605996171557036,-2.4906412178355386,-2.514022365213727,-1.9708320273630267,-1.946157095155789,-1.9644414514264532,F,non-synonymous,0.28536525612927716,0.31439301594160635,0.32169358647614427,1.4691596570320284,1.464683262444999,1.5487867151336925,1.4691596570320284
371,ortho,tttttgacttcttctttttcttctcca,1.0,ttg,1.0,,FLTSSFSSP,,False,False,11.0,5.0,6.0,1051.0,797.0,823.0,649.0,487.0,352.0,True,False,True,True,False,False,1.0,both,0.0025919461961492227,0.002179468245550439,0.0019280064851127227,0.006175886424802266,0.006876499111318182,0.006097064074735337,-2.586374017831545,-2.6616494541905436,-2.7148915096220194,-2.209300699319859,-2.162632608799318,-2.2148792409043114,L,synonymous,0.21970343967054498,0.288139551721126,0.2926789049085017,1.4034978405732963,1.4384297982245187,1.5197720335660498,1.4384297982245187
372,ortho,tttttgacttcttctttttcttctcca,2.0,act,2.0,,FLTSSFSSP,,False,False,11.0,5.0,6.0,1051.0,797.0,823.0,649.0,487.0,352.0,True,False,True,True,False,False,1.0,both,0.0025919461961492227,0.002179468245550439,0.0019280064851127227,0.006175886424802266,0.006876499111318182,0.006097064074735337,-2.586374017831545,-2.6616494541905436,-2.7148915096220194,-2.209300699319859,-2.162632608799318,-2.2148792409043114,T,non-synonymous,0.21970343967054498,0.288139551721126,0.2926789049085017,1.4034978405732963,1.4384297982245187,1.5197720335660498,1.4384297982245187
373,ortho,tttttgacttcttctttttcttctcca,3.0,tct,3.0,,FLTSSFSSP,,False,False,11.0,5.0,6.0,1051.0,797.0,823.0,649.0,487.0,352.0,True,False,True,True,False,False,1.0,both,0.0025919461961492227,0.002179468245550439,0.0019280064851127227,0.006175886424802266,0.006876499111318182,0.006097064074735337,-2.586374017831545,-2.6616494541905436,-2.7148915096220194,-2.209300699319859,-2.162632608799318,-2.2148792409043114,S,non-synonymous,0.21970343967054498,0.288139551721126,0.2926789049085017,1.4034978405732963,1.4384297982245187,1.5197720335660498,1.4384297982245187
374,ortho,tttttgacttcttctttttcttctcca,5.0,ttt,4.0,,FLTSSFSSP,,False,False,11.0,5.0,6.0,1051.0,797.0,823.0,649.0,487.0,352.0,True,False,True,True,False,False,1.0,both,0.0025919461961492227,0.002179468245550439,0.0019280064851127227,0.006175886424802266,0.006876499111318182,0.006097064074735337,-2.586374017831545,-2.6616494541905436,-2.7148915096220194,-2.209300699319859,-2.162632608799318,-2.2148792409043114,F,non-synonymous,0.21970343967054498,0.288139551721126,0.2926789049085017,1.4034978405732963,1.4384297982245187,1.5197720335660498,1.4384297982245187
375,ortho,tttttgacttcttctttttcttctcca,6.0,tct,5.0,,FLTSSFSSP,,False,False,11.0,5.0,6.0,1051.0,797.0,823.0,649.0,487.0,352.0,True,False,True,True,False,False,1.0,both,0.0025919461961492227,0.002179468245550439,0.0019280064851127227,0.006175886424802266,0.006876499111318182,0.006097064074735337,-2.586374017831545,-2.6616494541905436,-2.7148915096220194,-2.209300699319859,-2.162632608799318,-2.2148792409043114,S,non-synonymous,0.21970343967054498,0.288139551721126,0.2926789049085017,1.4034978405732963,1.4384297982245187,1.5197720335660498,1.4384297982245187
376,ortho,tttttgacttcttctttttcttctcca,7.0,tct,6.0,,FLTSSFSSP,,False,False,11.0,5.0,6.0,1051.0,797.0,823.0,649.0,487.0,352.0,True,False,True,True,False,False,1.0,both,0.0025919461961492227,0.002179468245550439,0.0019280064851127227,0.006175886424802266,0.006876499111318182,0.006097064074735337,-2.586374017831545,-2.6616494541905436,-2.7148915096220194,-2.209300699319859,-2.162632608799318,-2.2148792409043114,S,non-synonymous,0.21970343967054498,0.288139551721126,0.2926789049085017,1.4034978405732963,1.4384297982245187,1.5197720335660498,1.4384297982245187
377,ortho,tttttgactttgaatttggctgattct,1.0,ttg,1.0,,FLTLNLADS,,False,False,11.0,4.0,6.0,1132.0,832.0,896.0,532.0,396.0,386.0,True,False,True,True,False,False,1.0,both,0.0021246770051639237,0.0017722164789280776,0.0021142343842429287,0.006651858642127655,0.007178478369657124,0.00663787291733033,-2.6727070823368657,-2.7514832294796654,-2.6748468684283955,-2.177056988495849,-2.143967603904706,-2.1779710664544565,L,synonymous,0.28879272317573207,0.3507883183372513,0.29084299465333474,1.4725871240784834,1.501078564840644,1.517936123310883,1.501078564840644
378,ortho,tttttgactttgaatttggctgattct,2.0,act,2.0,,FLTLNLADS,,False,False,11.0,4.0,6.0,1132.0,832.0,896.0,532.0,396.0,386.0,True,False,True,True,False,False,1.0,both,0.0021246770051639237,0.0017722164789280776,0.0021142343842429287,0.006651858642127655,0.007178478369657124,0.00663787291733033,-2.6727070823368657,-2.7514832294796654,-2.6748468684283955,-2.177056988495849,-2.143967603904706,-2.1779710664544565,T,non-synonymous,0.28879272317573207,0.3507883183372513,0.29084299465333474,1.4725871240784834,1.501078564840644,1.517936123310883,1.501078564840644
379,ortho,tttttgactttgaatttggctgattct,3.0,ttg,3.0,,FLTLNLADS,,False,False,11.0,4.0,6.0,1132.0,832.0,896.0,532.0,396.0,386.0,True,False,True,True,False,False,1.0,both,0.0021246770051639237,0.0017722164789280776,0.0021142343842429287,0.006651858642127655,0.007178478369657124,0.00663787291733033,-2.6727070823368657,-2.7514832294796654,-2.6748468684283955,-2.177056988495849,-2.143967603904706,-2.1779710664544565,L,synonymous,0.28879272317573207,0.3507883183372513,0.29084299465333474,1.4725871240784834,1.501078564840644,1.517936123310883,1.501078564840644
380,ortho,tttttgactttgaatttggctgattct,4.0,aat,4.0,,FLTLNLADS,,False,False,11.0,4.0,6.0,1132.0,832.0,896.0,532.0,396.0,386.0,True,False,True,True,False,False,1.0,both,0.0021246770051639237,0.0017722164789280776,0.0021142343842429287,0.006651858642127655,0.007178478369657124,0.00663787291733033,-2.6727070823368657,-2.7514832294796654,-2.6748468684283955,-2.177056988495849,-2.143967603904706,-2.1779710664544565,N,non-synonymous,0.28879272317573207,0.3507883183372513,0.29084299465333474,1.4725871240784834,1.501078564840644,1.517936123310883,1.501078564840644
381,ortho,tttttgactttgaatttggctgattct,6.0,gct,5.0,,FLTLNLADS,,False,False,11.0,4.0,6.0,1132.0,832.0,896.0,532.0,396.0,386.0,True,False,True,True,False,False,1.0,both,0.0021246770051639237,0.0017722164789280776,0.0021142343842429287,0.006651858642127655,0.007178478369657124,0.00663787291733033,-2.6727070823368657,-2.7514832294796654,-2.6748468684283955,-2.177056988495849,-2.143967603904706,-2.1779710664544565,A,non-synonymous,0.28879272317573207,0.3507883183372513,0.29084299465333474,1.4725871240784834,1.501078564840644,1.517936123310883,1.501078564840644
382,ortho,tttttgactttgaatttggctgattct,8.0,tct,6.0,,FLTLNLADS,,False,False,11.0,4.0,6.0,1132.0,832.0,896.0,532.0,396.0,386.0,True,False,True,True,False,False,1.0,both,0.0021246770051639237,0.0017722164789280776,0.0021142343842429287,0.006651858642127655,0.007178478369657124,0.00663787291733033,-2.6727070823368657,-2.7514832294796654,-2.6748468684283955,-2.177056988495849,-2.143967603904706,-2.1779710664544565,S,non-synonymous,0.28879272317573207,0.3507883183372513,0.29084299465333474,1.4725871240784834,1.501078564840644,1.517936123310883,1.501078564840644
383,ortho,tttttgactttgaatttgtctgattct,1.0,ttg,1.0,,FLTLNLSDS,,False,False,11.0,4.0,6.0,919.0,623.0,782.0,357.0,308.0,315.0,True,False,True,True,False,False,1.0,both,0.0014257700955705277,0.0013783905947218381,0.0017253467125298513,0.005400227996568299,0.005375230798433159,0.005793322122044998,-2.845950498519721,-2.8606276989047332,-2.7631236193105497,-2.2675879039619904,-2.2696028835362605,-2.2370723230567333,L,synonymous,0.33698552817965133,0.3412662857559867,0.30792067904275444,1.5207799290824027,1.4915565322593793,1.5350138077003026,1.5207799290824027
384,ortho,tttttgactttgaatttgtctgattct,2.0,act,2.0,,FLTLNLSDS,,False,False,11.0,4.0,6.0,919.0,623.0,782.0,357.0,308.0,315.0,True,False,True,True,False,False,1.0,both,0.0014257700955705277,0.0013783905947218381,0.0017253467125298513,0.005400227996568299,0.005375230798433159,0.005793322122044998,-2.845950498519721,-2.8606276989047332,-2.7631236193105497,-2.2675879039619904,-2.2696028835362605,-2.2370723230567333,T,non-synonymous,0.33698552817965133,0.3412662857559867,0.30792067904275444,1.5207799290824027,1.4915565322593793,1.5350138077003026,1.5207799290824027
385,ortho,tttttgactttgaatttgtctgattct,3.0,ttg,3.0,,FLTLNLSDS,,False,False,11.0,4.0,6.0,919.0,623.0,782.0,357.0,308.0,315.0,True,False,True,True,False,False,1.0,both,0.0014257700955705277,0.0013783905947218381,0.0017253467125298513,0.005400227996568299,0.005375230798433159,0.005793322122044998,-2.845950498519721,-2.8606276989047332,-2.7631236193105497,-2.2675879039619904,-2.2696028835362605,-2.2370723230567333,L,synonymous,0.33698552817965133,0.3412662857559867,0.30792067904275444,1.5207799290824027,1.4915565322593793,1.5350138077003026,1.5207799290824027
386,ortho,tttttgactttgaatttgtctgattct,4.0,aat,4.0,,FLTLNLSDS,,False,False,11.0,4.0,6.0,919.0,623.0,782.0,357.0,308.0,315.0,True,False,True,True,False,False,1.0,both,0.0014257700955705277,0.0013783905947218381,0.0017253467125298513,0.005400227996568299,0.005375230798433159,0.005793322122044998,-2.845950498519721,-2.8606276989047332,-2.7631236193105497,-2.2675879039619904,-2.2696028835362605,-2.2370723230567333,N,non-synonymous,0.33698552817965133,0.3412662857559867,0.30792067904275444,1.5207799290824027,1.4915565322593793,1.5350138077003026,1.5207799290824027
387,ortho,tttttgactttgaatttgtctgattct,6.0,tct,5.0,,FLTLNLSDS,,False,False,11.0,4.0,6.0,919.0,623.0,782.0,357.0,308.0,315.0,True,False,True,True,False,False,1.0,both,0.0014257700955705277,0.0013783905947218381,0.0017253467125298513,0.005400227996568299,0.005375230798433159,0.005793322122044998,-2.845950498519721,-2.8606276989047332,-2.7631236193105497,-2.2675879039619904,-2.2696028835362605,-2.2370723230567333,S,non-synonymous,0.33698552817965133,0.3412662857559867,0.30792067904275444,1.5207799290824027,1.4915565322593793,1.5350138077003026,1.5207799290824027
388,ortho,tttttgactttgaatttgtctgattct,8.0,tct,6.0,,FLTLNLSDS,,False,False,11.0,4.0,6.0,919.0,623.0,782.0,357.0,308.0,315.0,True,False,True,True,False,False,1.0,both,0.0014257700955705277,0.0013783905947218381,0.0017253467125298513,0.005400227996568299,0.005375230798433159,0.005793322122044998,-2.845950498519721,-2.8606276989047332,-2.7631236193105497,-2.2675879039619904,-2.2696028835362605,-2.2370723230567333,S,non-synonymous,0.33698552817965133,0.3412662857559867,0.30792067904275444,1.5207799290824027,1.4915565322593793,1.5350138077003026,1.5207799290824027
389,ortho,tttttgactttgtctattaaagatcca,1.0,ttg,1.0,,FLTLSIKDP,,False,False,7.0,3.0,5.0,3.0,4.0,1.0,886.0,776.0,603.0,True,False,True,True,False,False,1.0,both,0.003538465839427136,0.003472828251636839,0.003302806563985715,1.7628600641681064e-05,3.4511915238736174e-05,7.408340309520458e-06,-2.4511849927448632,-2.459316694146989,-2.481116860959999,-4.753782160628439,-4.462030938867468,-5.130279076116581,L,synonymous,-1.3416184416241046,-1.1563962019094978,-1.5506697426553568,-0.15782404072135336,-0.006105955406105146,-0.3235766139978087,-0.15782404072135336
390,ortho,tttttgactttgtctattaaagatcca,2.0,act,2.0,,FLTLSIKDP,,False,False,7.0,3.0,5.0,3.0,4.0,1.0,886.0,776.0,603.0,True,False,True,True,False,False,1.0,both,0.003538465839427136,0.003472828251636839,0.003302806563985715,1.7628600641681064e-05,3.4511915238736174e-05,7.408340309520458e-06,-2.4511849927448632,-2.459316694146989,-2.481116860959999,-4.753782160628439,-4.462030938867468,-5.130279076116581,T,non-synonymous,-1.3416184416241046,-1.1563962019094978,-1.5506697426553568,-0.15782404072135336,-0.006105955406105146,-0.3235766139978087,-0.15782404072135336
391,ortho,tttttgactttgtctattaaagatcca,3.0,ttg,3.0,,FLTLSIKDP,,False,False,7.0,3.0,5.0,3.0,4.0,1.0,886.0,776.0,603.0,True,False,True,True,False,False,1.0,both,0.003538465839427136,0.003472828251636839,0.003302806563985715,1.7628600641681064e-05,3.4511915238736174e-05,7.408340309520458e-06,-2.4511849927448632,-2.459316694146989,-2.481116860959999,-4.753782160628439,-4.462030938867468,-5.130279076116581,L,synonymous,-1.3416184416241046,-1.1563962019094978,-1.5506697426553568,-0.15782404072135336,-0.006105955406105146,-0.3235766139978087,-0.15782404072135336
392,ortho,tttttgactttgtctattaaagatcca,5.0,att,4.0,,FLTLSIKDP,,False,False,7.0,3.0,5.0,3.0,4.0,1.0,886.0,776.0,603.0,True,False,True,True,False,False,1.0,both,0.003538465839427136,0.003472828251636839,0.003302806563985715,1.7628600641681064e-05,3.4511915238736174e-05,7.408340309520458e-06,-2.4511849927448632,-2.459316694146989,-2.481116860959999,-4.753782160628439,-4.462030938867468,-5.130279076116581,I,non-synonymous,-1.3416184416241046,-1.1563962019094978,-1.5506697426553568,-0.15782404072135336,-0.006105955406105146,-0.3235766139978087,-0.15782404072135336
393,ortho,tttttgactttgtctattaaagatcca,6.0,aaa,5.0,,FLTLSIKDP,,False,False,7.0,3.0,5.0,3.0,4.0,1.0,886.0,776.0,603.0,True,False,True,True,False,False,1.0,both,0.003538465839427136,0.003472828251636839,0.003302806563985715,1.7628600641681064e-05,3.4511915238736174e-05,7.408340309520458e-06,-2.4511849927448632,-2.459316694146989,-2.481116860959999,-4.753782160628439,-4.462030938867468,-5.130279076116581,K,non-synonymous,-1.3416184416241046,-1.1563962019094978,-1.5506697426553568,-0.15782404072135336,-0.006105955406105146,-0.3235766139978087,-0.15782404072135336
394,ortho,tttttgactttgtctattagagatcca,1.0,ttg,1.0,,FLTLSIRDP,,False,False,6.0,2.0,4.0,12.0,5.0,3.0,752.0,652.0,539.0,True,False,True,True,False,False,1.0,both,0.00300330283436705,0.002917891778437138,0.0029522599303288565,7.051440256672426e-05,4.313989404842022e-05,2.2225020928561376e-05,-2.5224008740402715,-2.5349308196732574,-2.529845407913412,-4.151722169300476,-4.3651209258594115,-4.653157821396919,L,synonymous,-0.9493312714621078,-1.0567782663679017,-1.2428670071450436,0.2344631294406434,0.09351198013549089,-0.015773878487495452,0.09351198013549089
395,ortho,tttttgactttgtctattagagatcca,2.0,act,2.0,,FLTLSIRDP,,False,False,6.0,2.0,4.0,12.0,5.0,3.0,752.0,652.0,539.0,True,False,True,True,False,False,1.0,both,0.00300330283436705,0.002917891778437138,0.0029522599303288565,7.051440256672426e-05,4.313989404842022e-05,2.2225020928561376e-05,-2.5224008740402715,-2.5349308196732574,-2.529845407913412,-4.151722169300476,-4.3651209258594115,-4.653157821396919,T,non-synonymous,-0.9493312714621078,-1.0567782663679017,-1.2428670071450436,0.2344631294406434,0.09351198013549089,-0.015773878487495452,0.09351198013549089
396,ortho,tttttgactttgtctattagagatcca,3.0,ttg,3.0,,FLTLSIRDP,,False,False,6.0,2.0,4.0,12.0,5.0,3.0,752.0,652.0,539.0,True,False,True,True,False,False,1.0,both,0.00300330283436705,0.002917891778437138,0.0029522599303288565,7.051440256672426e-05,4.313989404842022e-05,2.2225020928561376e-05,-2.5224008740402715,-2.5349308196732574,-2.529845407913412,-4.151722169300476,-4.3651209258594115,-4.653157821396919,L,synonymous,-0.9493312714621078,-1.0567782663679017,-1.2428670071450436,0.2344631294406434,0.09351198013549089,-0.015773878487495452,0.09351198013549089
397,ortho,tttttgactttgtctattagagatcca,5.0,att,4.0,,FLTLSIRDP,,False,False,6.0,2.0,4.0,12.0,5.0,3.0,752.0,652.0,539.0,True,False,True,True,False,False,1.0,both,0.00300330283436705,0.002917891778437138,0.0029522599303288565,7.051440256672426e-05,4.313989404842022e-05,2.2225020928561376e-05,-2.5224008740402715,-2.5349308196732574,-2.529845407913412,-4.151722169300476,-4.3651209258594115,-4.653157821396919,I,non-synonymous,-0.9493312714621078,-1.0567782663679017,-1.2428670071450436,0.2344631294406434,0.09351198013549089,-0.015773878487495452,0.09351198013549089
398,ortho,tttttgactttgtctgctaaagatcca,1.0,ttg,1.0,,FLTLSAKDP,,False,False,8.0,3.0,5.0,2.0,1.0,4.0,453.0,402.0,319.0,True,False,True,True,False,False,1.0,both,0.001809170457404619,0.0017990682437603212,0.0017472558771334048,1.1752400427787376e-05,8.627978809684043e-06,2.9633361238081832e-05,-2.742520512619082,-2.7449523623207077,-2.757643490042969,-4.92987341968412,-5.06409093019543,-4.528219084788619,L,synonymous,-1.2744708624634817,-1.3391041875604524,-1.0363948217847472,-0.0906764615607305,-0.18881394105705973,0.19069830687280098,-0.0906764615607305
399,ortho,tttttgactttgtctgctaaagatcca,2.0,act,2.0,,FLTLSAKDP,,False,False,8.0,3.0,5.0,2.0,1.0,4.0,453.0,402.0,319.0,True,False,True,True,False,False,1.0,both,0.001809170457404619,0.0017990682437603212,0.0017472558771334048,1.1752400427787376e-05,8.627978809684043e-06,2.9633361238081832e-05,-2.742520512619082,-2.7449523623207077,-2.757643490042969,-4.92987341968412,-5.06409093019543,-4.528219084788619,T,non-synonymous,-1.2744708624634817,-1.3391041875604524,-1.0363948217847472,-0.0906764615607305,-0.18881394105705973,0.19069830687280098,-0.0906764615607305
400,ortho,tttttgactttgtctgctaaagatcca,3.0,ttg,3.0,,FLTLSAKDP,,False,False,8.0,3.0,5.0,2.0,1.0,4.0,453.0,402.0,319.0,True,False,True,True,False,False,1.0,both,0.001809170457404619,0.0017990682437603212,0.0017472558771334048,1.1752400427787376e-05,8.627978809684043e-06,2.9633361238081832e-05,-2.742520512619082,-2.7449523623207077,-2.757643490042969,-4.92987341968412,-5.06409093019543,-4.528219084788619,L,synonymous,-1.2744708624634817,-1.3391041875604524,-1.0363948217847472,-0.0906764615607305,-0.18881394105705973,0.19069830687280098,-0.0906764615607305
401,ortho,tttttgactttgtctgctaaagatcca,5.0,gct,4.0,,FLTLSAKDP,,False,False,8.0,3.0,5.0,2.0,1.0,4.0,453.0,402.0,319.0,True,False,True,True,False,False,1.0,both,0.001809170457404619,0.0017990682437603212,0.0017472558771334048,1.1752400427787376e-05,8.627978809684043e-06,2.9633361238081832e-05,-2.742520512619082,-2.7449523623207077,-2.757643490042969,-4.92987341968412,-5.06409093019543,-4.528219084788619,A,non-synonymous,-1.2744708624634817,-1.3391041875604524,-1.0363948217847472,-0.0906764615607305,-0.18881394105705973,0.19069830687280098,-0.0906764615607305
402,ortho,tttttgactttgtctgctaaagatcca,6.0,aaa,5.0,,FLTLSAKDP,,False,False,8.0,3.0,5.0,2.0,1.0,4.0,453.0,402.0,319.0,True,False,True,True,False,False,1.0,both,0.001809170457404619,0.0017990682437603212,0.0017472558771334048,1.1752400427787376e-05,8.627978809684043e-06,2.9633361238081832e-05,-2.742520512619082,-2.7449523623207077,-2.757643490042969,-4.92987341968412,-5.06409093019543,-4.528219084788619,K,non-synonymous,-1.2744708624634817,-1.3391041875604524,-1.0363948217847472,-0.0906764615607305,-0.18881394105705973,0.19069830687280098,-0.0906764615607305
403,ortho,tttttgactttgtctgttagagatcca,1.0,ttg,1.0,,FLTLSVRDP,,False,False,6.0,2.0,4.0,1.0,5.0,4.0,675.0,545.0,451.0,True,False,True,True,False,False,1.0,both,0.002695783794145956,0.0024390353055954604,0.002470258309050676,5.876200213893688e-06,4.313989404842022e-05,2.9633361238081832e-05,-2.569314941800889,-2.612781913128535,-2.60725763122219,-5.230903415348101,-4.3651209258594115,-4.528219084788619,L,synonymous,-1.5507863163955906,-1.0118259178121798,-1.1244221987654504,-0.3669919154928394,0.13846432869121283,0.1026709298920978,0.1026709298920978
404,ortho,tttttgactttgtctgttagagatcca,2.0,act,2.0,,FLTLSVRDP,,False,False,6.0,2.0,4.0,1.0,5.0,4.0,675.0,545.0,451.0,True,False,True,True,False,False,1.0,both,0.002695783794145956,0.0024390353055954604,0.002470258309050676,5.876200213893688e-06,4.313989404842022e-05,2.9633361238081832e-05,-2.569314941800889,-2.612781913128535,-2.60725763122219,-5.230903415348101,-4.3651209258594115,-4.528219084788619,T,non-synonymous,-1.5507863163955906,-1.0118259178121798,-1.1244221987654504,-0.3669919154928394,0.13846432869121283,0.1026709298920978,0.1026709298920978
405,ortho,tttttgactttgtctgttagagatcca,3.0,ttg,3.0,,FLTLSVRDP,,False,False,6.0,2.0,4.0,1.0,5.0,4.0,675.0,545.0,451.0,True,False,True,True,False,False,1.0,both,0.002695783794145956,0.0024390353055954604,0.002470258309050676,5.876200213893688e-06,4.313989404842022e-05,2.9633361238081832e-05,-2.569314941800889,-2.612781913128535,-2.60725763122219,-5.230903415348101,-4.3651209258594115,-4.528219084788619,L,synonymous,-1.5507863163955906,-1.0118259178121798,-1.1244221987654504,-0.3669919154928394,0.13846432869121283,0.1026709298920978,0.1026709298920978
406,ortho,tttttgactttgtctgttagagatcca,5.0,gtt,4.0,,FLTLSVRDP,,False,False,6.0,2.0,4.0,1.0,5.0,4.0,675.0,545.0,451.0,True,False,True,True,False,False,1.0,both,0.002695783794145956,0.0024390353055954604,0.002470258309050676,5.876200213893688e-06,4.313989404842022e-05,2.9633361238081832e-05,-2.569314941800889,-2.612781913128535,-2.60725763122219,-5.230903415348101,-4.3651209258594115,-4.528219084788619,V,non-synonymous,-1.5507863163955906,-1.0118259178121798,-1.1244221987654504,-0.3669919154928394,0.13846432869121283,0.1026709298920978,0.1026709298920978
407,ortho,tttttgactttgtctttgaaagatcca,1.0,ttg,1.0,,FLTLSLKDP,,False,False,5.0,2.0,4.0,2.0,2.0,1.0,96.0,98.0,82.0,True,False,True,True,False,False,1.0,both,0.0003834003618340915,0.0004385788255933121,0.00044913787437285017,1.1752400427787376e-05,1.7255957619368087e-05,7.408340309520458e-06,-3.4163474815923456,-3.357952339712683,-3.347620320716434,-4.92987341968412,-4.763060934531449,-5.130279076116581,L,synonymous,-0.8818625935715637,-0.8113300470110737,-1.0434676206927849,0.3019318073311875,0.3389601994923189,0.1836255079647633,0.3019318073311875
408,ortho,tttttgactttgtctttgaaagatcca,2.0,act,2.0,,FLTLSLKDP,,False,False,5.0,2.0,4.0,2.0,2.0,1.0,96.0,98.0,82.0,True,False,True,True,False,False,1.0,both,0.0003834003618340915,0.0004385788255933121,0.00044913787437285017,1.1752400427787376e-05,1.7255957619368087e-05,7.408340309520458e-06,-3.4163474815923456,-3.357952339712683,-3.347620320716434,-4.92987341968412,-4.763060934531449,-5.130279076116581,T,non-synonymous,-0.8818625935715637,-0.8113300470110737,-1.0434676206927849,0.3019318073311875,0.3389601994923189,0.1836255079647633,0.3019318073311875
409,ortho,tttttgactttgtctttgaaagatcca,3.0,ttg,3.0,,FLTLSLKDP,,False,False,5.0,2.0,4.0,2.0,2.0,1.0,96.0,98.0,82.0,True,False,True,True,False,False,1.0,both,0.0003834003618340915,0.0004385788255933121,0.00044913787437285017,1.1752400427787376e-05,1.7255957619368087e-05,7.408340309520458e-06,-3.4163474815923456,-3.357952339712683,-3.347620320716434,-4.92987341968412,-4.763060934531449,-5.130279076116581,L,synonymous,-0.8818625935715637,-0.8113300470110737,-1.0434676206927849,0.3019318073311875,0.3389601994923189,0.1836255079647633,0.3019318073311875
410,ortho,tttttgactttgtctttgaaagatcca,6.0,aaa,4.0,,FLTLSLKDP,,False,False,5.0,2.0,4.0,2.0,2.0,1.0,96.0,98.0,82.0,True,False,True,True,False,False,1.0,both,0.0003834003618340915,0.0004385788255933121,0.00044913787437285017,1.1752400427787376e-05,1.7255957619368087e-05,7.408340309520458e-06,-3.4163474815923456,-3.357952339712683,-3.347620320716434,-4.92987341968412,-4.763060934531449,-5.130279076116581,K,non-synonymous,-0.8818625935715637,-0.8113300470110737,-1.0434676206927849,0.3019318073311875,0.3389601994923189,0.1836255079647633,0.3019318073311875
411,ortho,tttttgactttgtctttgagagatcca,1.0,ttg,1.0,,FLTLSLRDP,,False,False,4.0,1.0,3.0,5.0,3.0,1.0,670.0,609.0,576.0,True,False,True,True,False,False,1.0,both,0.00267581502530043,0.0027254541304727255,0.003154919702911728,2.938100106946844e-05,2.5883936429052132e-05,7.408340309520458e-06,-2.5725439119310876,-2.5645611227723024,-2.5010116896769383,-4.531933411012083,-4.586969675475768,-5.130279076116581,L,synonymous,-1.1416469727998009,-1.1677679804898917,-1.5390244350369084,0.04214742810295036,-0.0174777339864991,-0.3119313063793603,-0.0174777339864991
412,ortho,tttttgactttgtctttgagagatcca,2.0,act,2.0,,FLTLSLRDP,,False,False,4.0,1.0,3.0,5.0,3.0,1.0,670.0,609.0,576.0,True,False,True,True,False,False,1.0,both,0.00267581502530043,0.0027254541304727255,0.003154919702911728,2.938100106946844e-05,2.5883936429052132e-05,7.408340309520458e-06,-2.5725439119310876,-2.5645611227723024,-2.5010116896769383,-4.531933411012083,-4.586969675475768,-5.130279076116581,T,non-synonymous,-1.1416469727998009,-1.1677679804898917,-1.5390244350369084,0.04214742810295036,-0.0174777339864991,-0.3119313063793603,-0.0174777339864991
413,ortho,tttttgactttgtctttgagagatcca,3.0,ttg,3.0,,FLTLSLRDP,,False,False,4.0,1.0,3.0,5.0,3.0,1.0,670.0,609.0,576.0,True,False,True,True,False,False,1.0,both,0.00267581502530043,0.0027254541304727255,0.003154919702911728,2.938100106946844e-05,2.5883936429052132e-05,7.408340309520458e-06,-2.5725439119310876,-2.5645611227723024,-2.5010116896769383,-4.531933411012083,-4.586969675475768,-5.130279076116581,L,synonymous,-1.1416469727998009,-1.1677679804898917,-1.5390244350369084,0.04214742810295036,-0.0174777339864991,-0.3119313063793603,-0.0174777339864991
414,ortho,tttttgactttgtctttgagagatgct,1.0,ttg,1.0,,FLTLSLRDA,,False,False,6.0,2.0,4.0,744.0,600.0,552.0,1148.0,1014.0,836.0,True,False,True,True,False,False,1.0,both,0.0045848293269326774,0.004537948256649168,0.004579015402142716,0.004371892959136904,0.005176787285810426,0.004089403850855293,-2.338676826569959,-2.3431404604078607,-2.339227895661134,-2.3593304798022228,-2.285939679811787,-2.3883399983873828,L,synonymous,-0.012033942562685869,0.03302855891794511,-0.028747447498708202,1.1717604583400654,1.1833188054213377,1.19834568115884,1.1833188054213377
415,ortho,tttttgactttgtctttgagagatgct,2.0,act,2.0,,FLTLSLRDA,,False,False,6.0,2.0,4.0,744.0,600.0,552.0,1148.0,1014.0,836.0,True,False,True,True,False,False,1.0,both,0.0045848293269326774,0.004537948256649168,0.004579015402142716,0.004371892959136904,0.005176787285810426,0.004089403850855293,-2.338676826569959,-2.3431404604078607,-2.339227895661134,-2.3593304798022228,-2.285939679811787,-2.3883399983873828,T,non-synonymous,-0.012033942562685869,0.03302855891794511,-0.028747447498708202,1.1717604583400654,1.1833188054213377,1.19834568115884,1.1833188054213377
416,ortho,tttttgactttgtctttgagagatgct,3.0,ttg,3.0,,FLTLSLRDA,,False,False,6.0,2.0,4.0,744.0,600.0,552.0,1148.0,1014.0,836.0,True,False,True,True,False,False,1.0,both,0.0045848293269326774,0.004537948256649168,0.004579015402142716,0.004371892959136904,0.005176787285810426,0.004089403850855293,-2.338676826569959,-2.3431404604078607,-2.339227895661134,-2.3593304798022228,-2.285939679811787,-2.3883399983873828,L,synonymous,-0.012033942562685869,0.03302855891794511,-0.028747447498708202,1.1717604583400654,1.1833188054213377,1.19834568115884,1.1833188054213377
417,ortho,tttttgactttgtctttgagagatgct,8.0,gct,4.0,,FLTLSLRDA,,False,False,6.0,2.0,4.0,744.0,600.0,552.0,1148.0,1014.0,836.0,True,False,True,True,False,False,1.0,both,0.0045848293269326774,0.004537948256649168,0.004579015402142716,0.004371892959136904,0.005176787285810426,0.004089403850855293,-2.338676826569959,-2.3431404604078607,-2.339227895661134,-2.3593304798022228,-2.285939679811787,-2.3883399983873828,A,non-synonymous,-0.012033942562685869,0.03302855891794511,-0.028747447498708202,1.1717604583400654,1.1833188054213377,1.19834568115884,1.1833188054213377
418,ortho,tttttgactttgtctttggttgatcca,1.0,ttg,1.0,,FLTLSLVDP,,False,False,7.0,2.0,4.0,31.0,27.0,25.0,1251.0,1086.0,956.0,True,False,True,True,False,False,1.0,both,0.004996185965150505,0.004860169434636091,0.005236290340249326,0.0001821622066307043,0.00023295542786146918,0.00018520850773801146,-2.301361404938494,-2.3133485901523496,-2.28097628082405,-3.7395417215138287,-3.632727166036443,-3.732339067444544,L,synonymous,-0.8379621333729621,-0.7618282928057344,-0.849545696353418,0.34583226752978913,0.38846195369765824,0.3775474323041301,0.3775474323041301
419,ortho,tttttgactttgtctttggttgatcca,2.0,act,2.0,,FLTLSLVDP,,False,False,7.0,2.0,4.0,31.0,27.0,25.0,1251.0,1086.0,956.0,True,False,True,True,False,False,1.0,both,0.004996185965150505,0.004860169434636091,0.005236290340249326,0.0001821622066307043,0.00023295542786146918,0.00018520850773801146,-2.301361404938494,-2.3133485901523496,-2.28097628082405,-3.7395417215138287,-3.632727166036443,-3.732339067444544,T,non-synonymous,-0.8379621333729621,-0.7618282928057344,-0.849545696353418,0.34583226752978913,0.38846195369765824,0.3775474323041301,0.3775474323041301
420,ortho,tttttgactttgtctttggttgatcca,3.0,ttg,3.0,,FLTLSLVDP,,False,False,7.0,2.0,4.0,31.0,27.0,25.0,1251.0,1086.0,956.0,True,False,True,True,False,False,1.0,both,0.004996185965150505,0.004860169434636091,0.005236290340249326,0.0001821622066307043,0.00023295542786146918,0.00018520850773801146,-2.301361404938494,-2.3133485901523496,-2.28097628082405,-3.7395417215138287,-3.632727166036443,-3.732339067444544,L,synonymous,-0.8379621333729621,-0.7618282928057344,-0.849545696353418,0.34583226752978913,0.38846195369765824,0.3775474323041301,0.3775474323041301
421,ortho,tttttgactttgtctttggttgatcca,6.0,gtt,4.0,,FLTLSLVDP,,False,False,7.0,2.0,4.0,31.0,27.0,25.0,1251.0,1086.0,956.0,True,False,True,True,False,False,1.0,both,0.004996185965150505,0.004860169434636091,0.005236290340249326,0.0001821622066307043,0.00023295542786146918,0.00018520850773801146,-2.301361404938494,-2.3133485901523496,-2.28097628082405,-3.7395417215138287,-3.632727166036443,-3.732339067444544,V,non-synonymous,-0.8379621333729621,-0.7618282928057344,-0.849545696353418,0.34583226752978913,0.38846195369765824,0.3775474323041301,0.3775474323041301
422,ortho,tttttgactttgtcttttaaagatcca,1.0,ttg,1.0,,FLTLSFKDP,,False,False,6.0,3.0,5.0,1.0,4.0,3.0,300.0,310.0,233.0,True,False,True,True,False,False,1.0,both,0.001198126130731536,0.0013873411829992525,0.001276208838157001,5.876200213893688e-06,3.4511915238736174e-05,2.2225020928561376e-05,-2.9214974599122514,-2.857816721570905,-2.8940782520741313,-5.230903415348101,-4.462030938867468,-4.653157821396919,L,synonymous,-1.3455856118580658,-0.9262965162510655,-1.0296656986370447,-0.16179121095531457,0.22399373025232716,0.19742743002050345,0.19742743002050345
423,ortho,tttttgactttgtcttttaaagatcca,2.0,act,2.0,,FLTLSFKDP,,False,False,6.0,3.0,5.0,1.0,4.0,3.0,300.0,310.0,233.0,True,False,True,True,False,False,1.0,both,0.001198126130731536,0.0013873411829992525,0.001276208838157001,5.876200213893688e-06,3.4511915238736174e-05,2.2225020928561376e-05,-2.9214974599122514,-2.857816721570905,-2.8940782520741313,-5.230903415348101,-4.462030938867468,-4.653157821396919,T,non-synonymous,-1.3455856118580658,-0.9262965162510655,-1.0296656986370447,-0.16179121095531457,0.22399373025232716,0.19742743002050345,0.19742743002050345
424,ortho,tttttgactttgtcttttaaagatcca,3.0,ttg,3.0,,FLTLSFKDP,,False,False,6.0,3.0,5.0,1.0,4.0,3.0,300.0,310.0,233.0,True,False,True,True,False,False,1.0,both,0.001198126130731536,0.0013873411829992525,0.001276208838157001,5.876200213893688e-06,3.4511915238736174e-05,2.2225020928561376e-05,-2.9214974599122514,-2.857816721570905,-2.8940782520741313,-5.230903415348101,-4.462030938867468,-4.653157821396919,L,synonymous,-1.3455856118580658,-0.9262965162510655,-1.0296656986370447,-0.16179121095531457,0.22399373025232716,0.19742743002050345,0.19742743002050345
425,ortho,tttttgactttgtcttttaaagatcca,5.0,ttt,4.0,,FLTLSFKDP,,False,False,6.0,3.0,5.0,1.0,4.0,3.0,300.0,310.0,233.0,True,False,True,True,False,False,1.0,both,0.001198126130731536,0.0013873411829992525,0.001276208838157001,5.876200213893688e-06,3.4511915238736174e-05,2.2225020928561376e-05,-2.9214974599122514,-2.857816721570905,-2.8940782520741313,-5.230903415348101,-4.462030938867468,-4.653157821396919,F,non-synonymous,-1.3455856118580658,-0.9262965162510655,-1.0296656986370447,-0.16179121095531457,0.22399373025232716,0.19742743002050345,0.19742743002050345
426,ortho,tttttgactttgtcttttaaagatcca,6.0,aaa,5.0,,FLTLSFKDP,,False,False,6.0,3.0,5.0,1.0,4.0,3.0,300.0,310.0,233.0,True,False,True,True,False,False,1.0,both,0.001198126130731536,0.0013873411829992525,0.001276208838157001,5.876200213893688e-06,3.4511915238736174e-05,2.2225020928561376e-05,-2.9214974599122514,-2.857816721570905,-2.8940782520741313,-5.230903415348101,-4.462030938867468,-4.653157821396919,K,non-synonymous,-1.3455856118580658,-0.9262965162510655,-1.0296656986370447,-0.16179121095531457,0.22399373025232716,0.19742743002050345,0.19742743002050345
427,ortho,tttttgactttgtcttttagagatact,1.0,ttg,1.0,,FLTLSFRDT,,False,False,7.0,3.0,5.0,21.0,8.0,9.0,812.0,601.0,520.0,True,False,True,True,False,False,1.0,both,0.0032429280605133573,0.002689651777363067,0.0028481913984619764,0.00012340020449176745,6.902383047747235e-05,6.667506278568412e-05,-2.4890626853907385,-2.570303943402438,-2.545430829465351,-3.9086841206141822,-4.1610009432034865,-4.176036566677257,L,synonymous,-0.8271487189273531,-0.9184914791553319,-0.9544643829012492,0.35664568197539814,0.2317987673480607,0.2726287457562989,0.2726287457562989
428,ortho,tttttgactttgtcttttagagatact,2.0,act,2.0,,FLTLSFRDT,,False,False,7.0,3.0,5.0,21.0,8.0,9.0,812.0,601.0,520.0,True,False,True,True,False,False,1.0,both,0.0032429280605133573,0.002689651777363067,0.0028481913984619764,0.00012340020449176745,6.902383047747235e-05,6.667506278568412e-05,-2.4890626853907385,-2.570303943402438,-2.545430829465351,-3.9086841206141822,-4.1610009432034865,-4.176036566677257,T,non-synonymous,-0.8271487189273531,-0.9184914791553319,-0.9544643829012492,0.35664568197539814,0.2317987673480607,0.2726287457562989,0.2726287457562989
429,ortho,tttttgactttgtcttttagagatact,3.0,ttg,3.0,,FLTLSFRDT,,False,False,7.0,3.0,5.0,21.0,8.0,9.0,812.0,601.0,520.0,True,False,True,True,False,False,1.0,both,0.0032429280605133573,0.002689651777363067,0.0028481913984619764,0.00012340020449176745,6.902383047747235e-05,6.667506278568412e-05,-2.4890626853907385,-2.570303943402438,-2.545430829465351,-3.9086841206141822,-4.1610009432034865,-4.176036566677257,L,synonymous,-0.8271487189273531,-0.9184914791553319,-0.9544643829012492,0.35664568197539814,0.2317987673480607,0.2726287457562989,0.2726287457562989
430,ortho,tttttgactttgtcttttagagatact,5.0,ttt,4.0,,FLTLSFRDT,,False,False,7.0,3.0,5.0,21.0,8.0,9.0,812.0,601.0,520.0,True,False,True,True,False,False,1.0,both,0.0032429280605133573,0.002689651777363067,0.0028481913984619764,0.00012340020449176745,6.902383047747235e-05,6.667506278568412e-05,-2.4890626853907385,-2.570303943402438,-2.545430829465351,-3.9086841206141822,-4.1610009432034865,-4.176036566677257,F,non-synonymous,-0.8271487189273531,-0.9184914791553319,-0.9544643829012492,0.35664568197539814,0.2317987673480607,0.2726287457562989,0.2726287457562989
431,ortho,tttttgactttgtcttttagagatact,8.0,act,5.0,,FLTLSFRDT,,False,False,7.0,3.0,5.0,21.0,8.0,9.0,812.0,601.0,520.0,True,False,True,True,False,False,1.0,both,0.0032429280605133573,0.002689651777363067,0.0028481913984619764,0.00012340020449176745,6.902383047747235e-05,6.667506278568412e-05,-2.4890626853907385,-2.570303943402438,-2.545430829465351,-3.9086841206141822,-4.1610009432034865,-4.176036566677257,T,non-synonymous,-0.8271487189273531,-0.9184914791553319,-0.9544643829012492,0.35664568197539814,0.2317987673480607,0.2726287457562989,0.2726287457562989
432,ortho,tttttgactttgtcttttagagatcca,1.0,ttg,1.0,,FLTLSFRDP,,False,False,5.0,2.0,4.0,2.0,2.0,3.0,202.0,169.0,132.0,True,False,True,True,False,False,1.0,both,0.0008067382613592342,0.000756324709441528,0.000723002431917271,1.1752400427787376e-05,1.7255957619368087e-05,2.2225020928561376e-05,-3.09326734518529,-3.121291710791504,-3.1408602418943006,-4.92987341968412,-4.763060934531449,-4.653157821396919,L,synonymous,-1.070106666469708,-0.9479813207249435,-0.8852134780606615,0.11368773443304314,0.20230892577844917,0.34187965059688663,0.20230892577844917
433,ortho,tttttgactttgtcttttagagatcca,2.0,act,2.0,,FLTLSFRDP,,False,False,5.0,2.0,4.0,2.0,2.0,3.0,202.0,169.0,132.0,True,False,True,True,False,False,1.0,both,0.0008067382613592342,0.000756324709441528,0.000723002431917271,1.1752400427787376e-05,1.7255957619368087e-05,2.2225020928561376e-05,-3.09326734518529,-3.121291710791504,-3.1408602418943006,-4.92987341968412,-4.763060934531449,-4.653157821396919,T,non-synonymous,-1.070106666469708,-0.9479813207249435,-0.8852134780606615,0.11368773443304314,0.20230892577844917,0.34187965059688663,0.20230892577844917
434,ortho,tttttgactttgtcttttagagatcca,3.0,ttg,3.0,,FLTLSFRDP,,False,False,5.0,2.0,4.0,2.0,2.0,3.0,202.0,169.0,132.0,True,False,True,True,False,False,1.0,both,0.0008067382613592342,0.000756324709441528,0.000723002431917271,1.1752400427787376e-05,1.7255957619368087e-05,2.2225020928561376e-05,-3.09326734518529,-3.121291710791504,-3.1408602418943006,-4.92987341968412,-4.763060934531449,-4.653157821396919,L,synonymous,-1.070106666469708,-0.9479813207249435,-0.8852134780606615,0.11368773443304314,0.20230892577844917,0.34187965059688663,0.20230892577844917
435,ortho,tttttgactttgtcttttagagatcca,5.0,ttt,4.0,,FLTLSFRDP,,False,False,5.0,2.0,4.0,2.0,2.0,3.0,202.0,169.0,132.0,True,False,True,True,False,False,1.0,both,0.0008067382613592342,0.000756324709441528,0.000723002431917271,1.1752400427787376e-05,1.7255957619368087e-05,2.2225020928561376e-05,-3.09326734518529,-3.121291710791504,-3.1408602418943006,-4.92987341968412,-4.763060934531449,-4.653157821396919,F,non-synonymous,-1.070106666469708,-0.9479813207249435,-0.8852134780606615,0.11368773443304314,0.20230892577844917,0.34187965059688663,0.20230892577844917
436,ortho,tttttgactttgtcttttgaaaatcca,1.0,ttg,1.0,,FLTLSFENP,,False,False,8.0,4.0,6.0,110.0,38.0,59.0,1021.0,833.0,731.0,True,False,True,True,False,False,1.0,both,0.004077622598256327,0.003727920017543153,0.004003899831299433,0.0006463820235283056,0.00032786319476799363,0.00043709207826170705,-2.3895929725450036,-2.42853341399839,-2.39751679614229,-3.1895107301898764,-3.48430733357862,-3.359427064474437,L,synonymous,-0.46607562556214555,-0.6096191475624538,-0.5630478721605928,0.7177187753406057,0.5406710989409388,0.6640452564969553,0.6640452564969553
437,ortho,tttttgactttgtcttttgaaaatcca,2.0,act,2.0,,FLTLSFENP,,False,False,8.0,4.0,6.0,110.0,38.0,59.0,1021.0,833.0,731.0,True,False,True,True,False,False,1.0,both,0.004077622598256327,0.003727920017543153,0.004003899831299433,0.0006463820235283056,0.00032786319476799363,0.00043709207826170705,-2.3895929725450036,-2.42853341399839,-2.39751679614229,-3.1895107301898764,-3.48430733357862,-3.359427064474437,T,non-synonymous,-0.46607562556214555,-0.6096191475624538,-0.5630478721605928,0.7177187753406057,0.5406710989409388,0.6640452564969553,0.6640452564969553
438,ortho,tttttgactttgtcttttgaaaatcca,3.0,ttg,3.0,,FLTLSFENP,,False,False,8.0,4.0,6.0,110.0,38.0,59.0,1021.0,833.0,731.0,True,False,True,True,False,False,1.0,both,0.004077622598256327,0.003727920017543153,0.004003899831299433,0.0006463820235283056,0.00032786319476799363,0.00043709207826170705,-2.3895929725450036,-2.42853341399839,-2.39751679614229,-3.1895107301898764,-3.48430733357862,-3.359427064474437,L,synonymous,-0.46607562556214555,-0.6096191475624538,-0.5630478721605928,0.7177187753406057,0.5406710989409388,0.6640452564969553,0.6640452564969553
439,ortho,tttttgactttgtcttttgaaaatcca,5.0,ttt,4.0,,FLTLSFENP,,False,False,8.0,4.0,6.0,110.0,38.0,59.0,1021.0,833.0,731.0,True,False,True,True,False,False,1.0,both,0.004077622598256327,0.003727920017543153,0.004003899831299433,0.0006463820235283056,0.00032786319476799363,0.00043709207826170705,-2.3895929725450036,-2.42853341399839,-2.39751679614229,-3.1895107301898764,-3.48430733357862,-3.359427064474437,F,non-synonymous,-0.46607562556214555,-0.6096191475624538,-0.5630478721605928,0.7177187753406057,0.5406710989409388,0.6640452564969553,0.6640452564969553
440,ortho,tttttgactttgtcttttgaaaatcca,6.0,gaa,5.0,,FLTLSFENP,,False,False,8.0,4.0,6.0,110.0,38.0,59.0,1021.0,833.0,731.0,True,False,True,True,False,False,1.0,both,0.004077622598256327,0.003727920017543153,0.004003899831299433,0.0006463820235283056,0.00032786319476799363,0.00043709207826170705,-2.3895929725450036,-2.42853341399839,-2.39751679614229,-3.1895107301898764,-3.48430733357862,-3.359427064474437,E,non-synonymous,-0.46607562556214555,-0.6096191475624538,-0.5630478721605928,0.7177187753406057,0.5406710989409388,0.6640452564969553,0.6640452564969553
441,ortho,tttttgactttgtcttttgaaaatcca,7.0,aat,6.0,,FLTLSFENP,,False,False,8.0,4.0,6.0,110.0,38.0,59.0,1021.0,833.0,731.0,True,False,True,True,False,False,1.0,both,0.004077622598256327,0.003727920017543153,0.004003899831299433,0.0006463820235283056,0.00032786319476799363,0.00043709207826170705,-2.3895929725450036,-2.42853341399839,-2.39751679614229,-3.1895107301898764,-3.48430733357862,-3.359427064474437,N,non-synonymous,-0.46607562556214555,-0.6096191475624538,-0.5630478721605928,0.7177187753406057,0.5406710989409388,0.6640452564969553,0.6640452564969553
442,ortho,tttttgattaaatctttgattgatcca,1.0,ttg,1.0,,FLIKSLIDP,,False,False,6.0,3.0,4.0,2.0,1.0,3.0,307.0,254.0,250.0,True,False,True,True,False,False,1.0,both,0.0012260824071152717,0.0011367247112316456,0.0013693227877221042,1.1752400427787376e-05,8.627978809684043e-06,2.2225020928561376e-05,-2.9114803391547275,-2.9443446987852395,-2.8634941644281127,-4.92987341968412,-5.06409093019543,-4.653157821396919,L,synonymous,-1.1760256709486396,-1.2239721655132294,-1.0475678939228088,0.007768729954111597,-0.07368191900983678,0.17952523473473936,0.007768729954111597
443,ortho,tttttgattaaatctttgattgatcca,2.0,att,2.0,,FLIKSLIDP,,False,False,6.0,3.0,4.0,2.0,1.0,3.0,307.0,254.0,250.0,True,False,True,True,False,False,1.0,both,0.0012260824071152717,0.0011367247112316456,0.0013693227877221042,1.1752400427787376e-05,8.627978809684043e-06,2.2225020928561376e-05,-2.9114803391547275,-2.9443446987852395,-2.8634941644281127,-4.92987341968412,-5.06409093019543,-4.653157821396919,I,non-synonymous,-1.1760256709486396,-1.2239721655132294,-1.0475678939228088,0.007768729954111597,-0.07368191900983678,0.17952523473473936,0.007768729954111597
444,ortho,tttttgattaaatctttgattgatcca,3.0,aaa,3.0,,FLIKSLIDP,,False,False,6.0,3.0,4.0,2.0,1.0,3.0,307.0,254.0,250.0,True,False,True,True,False,False,1.0,both,0.0012260824071152717,0.0011367247112316456,0.0013693227877221042,1.1752400427787376e-05,8.627978809684043e-06,2.2225020928561376e-05,-2.9114803391547275,-2.9443446987852395,-2.8634941644281127,-4.92987341968412,-5.06409093019543,-4.653157821396919,K,non-synonymous,-1.1760256709486396,-1.2239721655132294,-1.0475678939228088,0.007768729954111597,-0.07368191900983678,0.17952523473473936,0.007768729954111597
445,ortho,tttttgattaaatctttgattgatcca,6.0,att,4.0,,FLIKSLIDP,,False,False,6.0,3.0,4.0,2.0,1.0,3.0,307.0,254.0,250.0,True,False,True,True,False,False,1.0,both,0.0012260824071152717,0.0011367247112316456,0.0013693227877221042,1.1752400427787376e-05,8.627978809684043e-06,2.2225020928561376e-05,-2.9114803391547275,-2.9443446987852395,-2.8634941644281127,-4.92987341968412,-5.06409093019543,-4.653157821396919,I,non-synonymous,-1.1760256709486396,-1.2239721655132294,-1.0475678939228088,0.007768729954111597,-0.07368191900983678,0.17952523473473936,0.007768729954111597
446,ortho,tttttgattttgtctttgagagatcca,1.0,ttg,1.0,,FLILSLRDP,,False,False,3.0,1.0,3.0,7.0,2.0,9.0,735.0,562.0,553.0,True,False,True,True,False,False,1.0,both,0.002935409020292263,0.002515115305953484,0.0030289420064412943,4.113340149725581e-05,1.7255957619368087e-05,6.667506278568412e-05,-2.532331375547719,-2.5994420998361165,-2.5187090417954523,-4.385805375333844,-4.763060934531449,-4.176036566677257,L,synonymous,-1.0799348378724265,-1.2493048418751043,-0.9701058062056823,0.10385956303032473,-0.09901459537171164,0.25698732245186584,0.10385956303032473
447,ortho,tttttgattttgtctttgagagatcca,2.0,att,2.0,,FLILSLRDP,,False,False,3.0,1.0,3.0,7.0,2.0,9.0,735.0,562.0,553.0,True,False,True,True,False,False,1.0,both,0.002935409020292263,0.002515115305953484,0.0030289420064412943,4.113340149725581e-05,1.7255957619368087e-05,6.667506278568412e-05,-2.532331375547719,-2.5994420998361165,-2.5187090417954523,-4.385805375333844,-4.763060934531449,-4.176036566677257,I,non-synonymous,-1.0799348378724265,-1.2493048418751043,-0.9701058062056823,0.10385956303032473,-0.09901459537171164,0.25698732245186584,0.10385956303032473
448,ortho,tttttgattttgtctttgagagatcca,3.0,ttg,3.0,,FLILSLRDP,,False,False,3.0,1.0,3.0,7.0,2.0,9.0,735.0,562.0,553.0,True,False,True,True,False,False,1.0,both,0.002935409020292263,0.002515115305953484,0.0030289420064412943,4.113340149725581e-05,1.7255957619368087e-05,6.667506278568412e-05,-2.532331375547719,-2.5994420998361165,-2.5187090417954523,-4.385805375333844,-4.763060934531449,-4.176036566677257,L,synonymous,-1.0799348378724265,-1.2493048418751043,-0.9701058062056823,0.10385956303032473,-0.09901459537171164,0.25698732245186584,0.10385956303032473
449,ortho,tttttggctttgaatattaaagatcca,1.0,ttg,1.0,,FLALNIKDP,,False,False,8.0,4.0,6.0,7.0,4.0,5.0,608.0,561.0,453.0,True,False,True,True,False,False,1.0,both,0.002428202291615913,0.0025106400118147763,0.002481212891352453,4.113340149725581e-05,3.4511915238736174e-05,3.704170154760229e-05,-2.614715135359179,-2.6002155541490164,-2.6053359710873183,-4.385805375333844,-4.462030938867468,-4.4313090717805625,L,synonymous,-1.031933575213454,-1.0750391600902525,-1.0688213888707598,0.15186082568929726,0.07525108641314016,0.15827173978678832,0.15186082568929726
450,ortho,tttttggctttgaatattaaagatcca,2.0,gct,2.0,,FLALNIKDP,,False,False,8.0,4.0,6.0,7.0,4.0,5.0,608.0,561.0,453.0,True,False,True,True,False,False,1.0,both,0.002428202291615913,0.0025106400118147763,0.002481212891352453,4.113340149725581e-05,3.4511915238736174e-05,3.704170154760229e-05,-2.614715135359179,-2.6002155541490164,-2.6053359710873183,-4.385805375333844,-4.462030938867468,-4.4313090717805625,A,non-synonymous,-1.031933575213454,-1.0750391600902525,-1.0688213888707598,0.15186082568929726,0.07525108641314016,0.15827173978678832,0.15186082568929726
451,ortho,tttttggctttgaatattaaagatcca,3.0,ttg,3.0,,FLALNIKDP,,False,False,8.0,4.0,6.0,7.0,4.0,5.0,608.0,561.0,453.0,True,False,True,True,False,False,1.0,both,0.002428202291615913,0.0025106400118147763,0.002481212891352453,4.113340149725581e-05,3.4511915238736174e-05,3.704170154760229e-05,-2.614715135359179,-2.6002155541490164,-2.6053359710873183,-4.385805375333844,-4.462030938867468,-4.4313090717805625,L,synonymous,-1.031933575213454,-1.0750391600902525,-1.0688213888707598,0.15186082568929726,0.07525108641314016,0.15827173978678832,0.15186082568929726
452,ortho,tttttggctttgaatattaaagatcca,4.0,aat,4.0,,FLALNIKDP,,False,False,8.0,4.0,6.0,7.0,4.0,5.0,608.0,561.0,453.0,True,False,True,True,False,False,1.0,both,0.002428202291615913,0.0025106400118147763,0.002481212891352453,4.113340149725581e-05,3.4511915238736174e-05,3.704170154760229e-05,-2.614715135359179,-2.6002155541490164,-2.6053359710873183,-4.385805375333844,-4.462030938867468,-4.4313090717805625,N,non-synonymous,-1.031933575213454,-1.0750391600902525,-1.0688213888707598,0.15186082568929726,0.07525108641314016,0.15827173978678832,0.15186082568929726
453,ortho,tttttggctttgaatattaaagatcca,5.0,att,5.0,,FLALNIKDP,,False,False,8.0,4.0,6.0,7.0,4.0,5.0,608.0,561.0,453.0,True,False,True,True,False,False,1.0,both,0.002428202291615913,0.0025106400118147763,0.002481212891352453,4.113340149725581e-05,3.4511915238736174e-05,3.704170154760229e-05,-2.614715135359179,-2.6002155541490164,-2.6053359710873183,-4.385805375333844,-4.462030938867468,-4.4313090717805625,I,non-synonymous,-1.031933575213454,-1.0750391600902525,-1.0688213888707598,0.15186082568929726,0.07525108641314016,0.15827173978678832,0.15186082568929726
454,ortho,tttttggctttgaatattaaagatcca,6.0,aaa,6.0,,FLALNIKDP,,False,False,8.0,4.0,6.0,7.0,4.0,5.0,608.0,561.0,453.0,True,False,True,True,False,False,1.0,both,0.002428202291615913,0.0025106400118147763,0.002481212891352453,4.113340149725581e-05,3.4511915238736174e-05,3.704170154760229e-05,-2.614715135359179,-2.6002155541490164,-2.6053359710873183,-4.385805375333844,-4.462030938867468,-4.4313090717805625,K,non-synonymous,-1.031933575213454,-1.0750391600902525,-1.0688213888707598,0.15186082568929726,0.07525108641314016,0.15827173978678832,0.15186082568929726
455,ortho,tttttggctttgaatttgtctgattct,1.0,ttg,1.0,,FLALNLSDS,,False,False,10.0,4.0,6.0,2475.0,1784.0,1966.0,1052.0,1012.0,867.0,True,False,True,True,False,False,1.0,both,0.004201428965098586,0.004528997668371754,0.004748811427820257,0.014543595529386878,0.015392314196476334,0.01456479704851722,-2.3766029748141935,-2.3439979029013975,-2.3234150756239402,-1.837328212078514,-1.812696080155326,-1.8366955626204646,L,synonymous,0.3142108297881972,0.3067813650952995,0.28489807745873724,1.4980052306909484,1.4570716115986921,1.5119912061162855,1.4980052306909484
456,ortho,tttttggctttgaatttgtctgattct,2.0,gct,2.0,,FLALNLSDS,,False,False,10.0,4.0,6.0,2475.0,1784.0,1966.0,1052.0,1012.0,867.0,True,False,True,True,False,False,1.0,both,0.004201428965098586,0.004528997668371754,0.004748811427820257,0.014543595529386878,0.015392314196476334,0.01456479704851722,-2.3766029748141935,-2.3439979029013975,-2.3234150756239402,-1.837328212078514,-1.812696080155326,-1.8366955626204646,A,non-synonymous,0.3142108297881972,0.3067813650952995,0.28489807745873724,1.4980052306909484,1.4570716115986921,1.5119912061162855,1.4980052306909484
457,ortho,tttttggctttgaatttgtctgattct,3.0,ttg,3.0,,FLALNLSDS,,False,False,10.0,4.0,6.0,2475.0,1784.0,1966.0,1052.0,1012.0,867.0,True,False,True,True,False,False,1.0,both,0.004201428965098586,0.004528997668371754,0.004748811427820257,0.014543595529386878,0.015392314196476334,0.01456479704851722,-2.3766029748141935,-2.3439979029013975,-2.3234150756239402,-1.837328212078514,-1.812696080155326,-1.8366955626204646,L,synonymous,0.3142108297881972,0.3067813650952995,0.28489807745873724,1.4980052306909484,1.4570716115986921,1.5119912061162855,1.4980052306909484
458,ortho,tttttggctttgaatttgtctgattct,4.0,aat,4.0,,FLALNLSDS,,False,False,10.0,4.0,6.0,2475.0,1784.0,1966.0,1052.0,1012.0,867.0,True,False,True,True,False,False,1.0,both,0.004201428965098586,0.004528997668371754,0.004748811427820257,0.014543595529386878,0.015392314196476334,0.01456479704851722,-2.3766029748141935,-2.3439979029013975,-2.3234150756239402,-1.837328212078514,-1.812696080155326,-1.8366955626204646,N,non-synonymous,0.3142108297881972,0.3067813650952995,0.28489807745873724,1.4980052306909484,1.4570716115986921,1.5119912061162855,1.4980052306909484
459,ortho,tttttggctttgaatttgtctgattct,6.0,tct,5.0,,FLALNLSDS,,False,False,10.0,4.0,6.0,2475.0,1784.0,1966.0,1052.0,1012.0,867.0,True,False,True,True,False,False,1.0,both,0.004201428965098586,0.004528997668371754,0.004748811427820257,0.014543595529386878,0.015392314196476334,0.01456479704851722,-2.3766029748141935,-2.3439979029013975,-2.3234150756239402,-1.837328212078514,-1.812696080155326,-1.8366955626204646,S,non-synonymous,0.3142108297881972,0.3067813650952995,0.28489807745873724,1.4980052306909484,1.4570716115986921,1.5119912061162855,1.4980052306909484
460,ortho,tttttggctttgaatttgtctgattct,8.0,tct,6.0,,FLALNLSDS,,False,False,10.0,4.0,6.0,2475.0,1784.0,1966.0,1052.0,1012.0,867.0,True,False,True,True,False,False,1.0,both,0.004201428965098586,0.004528997668371754,0.004748811427820257,0.014543595529386878,0.015392314196476334,0.01456479704851722,-2.3766029748141935,-2.3439979029013975,-2.3234150756239402,-1.837328212078514,-1.812696080155326,-1.8366955626204646,S,non-synonymous,0.3142108297881972,0.3067813650952995,0.28489807745873724,1.4980052306909484,1.4570716115986921,1.5119912061162855,1.4980052306909484
461,ortho,tttttggctttgtctattagagatcca,1.0,ttg,1.0,,FLALSIRDP,,False,False,5.0,2.0,4.0,1.0,4.0,1.0,677.0,570.0,527.0,True,False,True,True,False,False,1.0,both,0.002703771301684166,0.002550917659063142,0.0028865324365181955,5.876200213893688e-06,3.4511915238736174e-05,7.408340309520458e-06,-2.5680300459467698,-2.593303559732686,-2.539623557887604,-5.230903415348101,-4.462030938867468,-5.130279076116581,L,synonymous,-1.5515349666577802,-1.0790302457440022,-1.5164232310037549,-0.367740565755029,0.07126000075939043,-0.2893301023462067,-0.2893301023462067
462,ortho,tttttggctttgtctattagagatcca,2.0,gct,2.0,,FLALSIRDP,,False,False,5.0,2.0,4.0,1.0,4.0,1.0,677.0,570.0,527.0,True,False,True,True,False,False,1.0,both,0.002703771301684166,0.002550917659063142,0.0028865324365181955,5.876200213893688e-06,3.4511915238736174e-05,7.408340309520458e-06,-2.5680300459467698,-2.593303559732686,-2.539623557887604,-5.230903415348101,-4.462030938867468,-5.130279076116581,A,non-synonymous,-1.5515349666577802,-1.0790302457440022,-1.5164232310037549,-0.367740565755029,0.07126000075939043,-0.2893301023462067,-0.2893301023462067
463,ortho,tttttggctttgtctattagagatcca,3.0,ttg,3.0,,FLALSIRDP,,False,False,5.0,2.0,4.0,1.0,4.0,1.0,677.0,570.0,527.0,True,False,True,True,False,False,1.0,both,0.002703771301684166,0.002550917659063142,0.0028865324365181955,5.876200213893688e-06,3.4511915238736174e-05,7.408340309520458e-06,-2.5680300459467698,-2.593303559732686,-2.539623557887604,-5.230903415348101,-4.462030938867468,-5.130279076116581,L,synonymous,-1.5515349666577802,-1.0790302457440022,-1.5164232310037549,-0.367740565755029,0.07126000075939043,-0.2893301023462067,-0.2893301023462067
464,ortho,tttttggctttgtctattagagatcca,5.0,att,4.0,,FLALSIRDP,,False,False,5.0,2.0,4.0,1.0,4.0,1.0,677.0,570.0,527.0,True,False,True,True,False,False,1.0,both,0.002703771301684166,0.002550917659063142,0.0028865324365181955,5.876200213893688e-06,3.4511915238736174e-05,7.408340309520458e-06,-2.5680300459467698,-2.593303559732686,-2.539623557887604,-5.230903415348101,-4.462030938867468,-5.130279076116581,I,non-synonymous,-1.5515349666577802,-1.0790302457440022,-1.5164232310037549,-0.367740565755029,0.07126000075939043,-0.2893301023462067,-0.2893301023462067
465,ortho,tttttggctttgtcttttaaagatcca,1.0,ttg,1.0,,FLALSFKDP,,False,False,5.0,3.0,5.0,5.0,1.0,8.0,972.0,744.0,644.0,True,False,True,True,False,False,1.0,both,0.0038819286635701764,0.0033296188391982065,0.0035273755011721404,2.938100106946844e-05,8.627978809684043e-06,5.9266722476163664e-05,-2.4109524497056394,-2.477605479859299,-2.452548305740338,-4.531933411012083,-5.06409093019543,-4.2271890891246375,L,synonymous,-1.2357989542034484,-1.493474148370247,-1.038774353315159,-0.0520045533006972,-0.3431839018668543,0.18831877534238917,-0.0520045533006972
466,ortho,tttttggctttgtcttttaaagatcca,2.0,gct,2.0,,FLALSFKDP,,False,False,5.0,3.0,5.0,5.0,1.0,8.0,972.0,744.0,644.0,True,False,True,True,False,False,1.0,both,0.0038819286635701764,0.0033296188391982065,0.0035273755011721404,2.938100106946844e-05,8.627978809684043e-06,5.9266722476163664e-05,-2.4109524497056394,-2.477605479859299,-2.452548305740338,-4.531933411012083,-5.06409093019543,-4.2271890891246375,A,non-synonymous,-1.2357989542034484,-1.493474148370247,-1.038774353315159,-0.0520045533006972,-0.3431839018668543,0.18831877534238917,-0.0520045533006972
467,ortho,tttttggctttgtcttttaaagatcca,3.0,ttg,3.0,,FLALSFKDP,,False,False,5.0,3.0,5.0,5.0,1.0,8.0,972.0,744.0,644.0,True,False,True,True,False,False,1.0,both,0.0038819286635701764,0.0033296188391982065,0.0035273755011721404,2.938100106946844e-05,8.627978809684043e-06,5.9266722476163664e-05,-2.4109524497056394,-2.477605479859299,-2.452548305740338,-4.531933411012083,-5.06409093019543,-4.2271890891246375,L,synonymous,-1.2357989542034484,-1.493474148370247,-1.038774353315159,-0.0520045533006972,-0.3431839018668543,0.18831877534238917,-0.0520045533006972
468,ortho,tttttggctttgtcttttaaagatcca,5.0,ttt,4.0,,FLALSFKDP,,False,False,5.0,3.0,5.0,5.0,1.0,8.0,972.0,744.0,644.0,True,False,True,True,False,False,1.0,both,0.0038819286635701764,0.0033296188391982065,0.0035273755011721404,2.938100106946844e-05,8.627978809684043e-06,5.9266722476163664e-05,-2.4109524497056394,-2.477605479859299,-2.452548305740338,-4.531933411012083,-5.06409093019543,-4.2271890891246375,F,non-synonymous,-1.2357989542034484,-1.493474148370247,-1.038774353315159,-0.0520045533006972,-0.3431839018668543,0.18831877534238917,-0.0520045533006972
469,ortho,tttttggctttgtcttttaaagatcca,6.0,aaa,5.0,,FLALSFKDP,,False,False,5.0,3.0,5.0,5.0,1.0,8.0,972.0,744.0,644.0,True,False,True,True,False,False,1.0,both,0.0038819286635701764,0.0033296188391982065,0.0035273755011721404,2.938100106946844e-05,8.627978809684043e-06,5.9266722476163664e-05,-2.4109524497056394,-2.477605479859299,-2.452548305740338,-4.531933411012083,-5.06409093019543,-4.2271890891246375,K,non-synonymous,-1.2357989542034484,-1.493474148370247,-1.038774353315159,-0.0520045533006972,-0.3431839018668543,0.18831877534238917,-0.0520045533006972
470,ortho,tttttggctttgtcttttagagatcca,1.0,ttg,1.0,,FLALSFRDP,,False,False,4.0,2.0,4.0,15.0,13.0,4.0,1280.0,1180.0,961.0,True,False,True,True,False,False,1.0,both,0.005112004824454553,0.005280847083674574,0.005263676796003768,8.814300320840532e-05,0.00011216372452589256,2.9633361238081832e-05,-2.2914087449840457,-2.277296408099052,-2.278710785431605,-4.05481215629242,-3.9501475778885937,-4.528219084788619,L,synonymous,-1.0274548104342114,-0.9659284864049508,-1.3167349419781957,0.15633959046853985,0.18436176009844185,-0.08964181332064758,0.15633959046853985
471,ortho,tttttggctttgtcttttagagatcca,2.0,gct,2.0,,FLALSFRDP,,False,False,4.0,2.0,4.0,15.0,13.0,4.0,1280.0,1180.0,961.0,True,False,True,True,False,False,1.0,both,0.005112004824454553,0.005280847083674574,0.005263676796003768,8.814300320840532e-05,0.00011216372452589256,2.9633361238081832e-05,-2.2914087449840457,-2.277296408099052,-2.278710785431605,-4.05481215629242,-3.9501475778885937,-4.528219084788619,A,non-synonymous,-1.0274548104342114,-0.9659284864049508,-1.3167349419781957,0.15633959046853985,0.18436176009844185,-0.08964181332064758,0.15633959046853985
472,ortho,tttttggctttgtcttttagagatcca,3.0,ttg,3.0,,FLALSFRDP,,False,False,4.0,2.0,4.0,15.0,13.0,4.0,1280.0,1180.0,961.0,True,False,True,True,False,False,1.0,both,0.005112004824454553,0.005280847083674574,0.005263676796003768,8.814300320840532e-05,0.00011216372452589256,2.9633361238081832e-05,-2.2914087449840457,-2.277296408099052,-2.278710785431605,-4.05481215629242,-3.9501475778885937,-4.528219084788619,L,synonymous,-1.0274548104342114,-0.9659284864049508,-1.3167349419781957,0.15633959046853985,0.18436176009844185,-0.08964181332064758,0.15633959046853985
473,ortho,tttttggctttgtcttttagagatcca,5.0,ttt,4.0,,FLALSFRDP,,False,False,4.0,2.0,4.0,15.0,13.0,4.0,1280.0,1180.0,961.0,True,False,True,True,False,False,1.0,both,0.005112004824454553,0.005280847083674574,0.005263676796003768,8.814300320840532e-05,0.00011216372452589256,2.9633361238081832e-05,-2.2914087449840457,-2.277296408099052,-2.278710785431605,-4.05481215629242,-3.9501475778885937,-4.528219084788619,F,non-synonymous,-1.0274548104342114,-0.9659284864049508,-1.3167349419781957,0.15633959046853985,0.18436176009844185,-0.08964181332064758,0.15633959046853985
474,ortho,tttttggctttgtcttttagagatgct,1.0,ttg,1.0,,FLALSFRDA,,False,False,6.0,3.0,5.0,2751.0,2014.0,2173.0,1428.0,1198.0,1104.0,True,False,True,True,False,False,1.0,both,0.005703080382282111,0.005361402378171305,0.006046929430580812,0.016165426788421536,0.017376749322703663,0.016098323492587954,-2.2438905071917583,-2.2707215973518853,-2.2184650997069704,-1.7914128249584178,-1.7600314639778312,-1.793219349796057,L,synonymous,0.26363812627527505,0.29487987721824793,0.24891481307069172,1.4474325271780262,1.4451701237216406,1.47600794172824,1.4474325271780262
475,ortho,tttttggctttgtcttttagagatgct,2.0,gct,2.0,,FLALSFRDA,,False,False,6.0,3.0,5.0,2751.0,2014.0,2173.0,1428.0,1198.0,1104.0,True,False,True,True,False,False,1.0,both,0.005703080382282111,0.005361402378171305,0.006046929430580812,0.016165426788421536,0.017376749322703663,0.016098323492587954,-2.2438905071917583,-2.2707215973518853,-2.2184650997069704,-1.7914128249584178,-1.7600314639778312,-1.793219349796057,A,non-synonymous,0.26363812627527505,0.29487987721824793,0.24891481307069172,1.4474325271780262,1.4451701237216406,1.47600794172824,1.4474325271780262
476,ortho,tttttggctttgtcttttagagatgct,3.0,ttg,3.0,,FLALSFRDA,,False,False,6.0,3.0,5.0,2751.0,2014.0,2173.0,1428.0,1198.0,1104.0,True,False,True,True,False,False,1.0,both,0.005703080382282111,0.005361402378171305,0.006046929430580812,0.016165426788421536,0.017376749322703663,0.016098323492587954,-2.2438905071917583,-2.2707215973518853,-2.2184650997069704,-1.7914128249584178,-1.7600314639778312,-1.793219349796057,L,synonymous,0.26363812627527505,0.29487987721824793,0.24891481307069172,1.4474325271780262,1.4451701237216406,1.47600794172824,1.4474325271780262
477,ortho,tttttggctttgtcttttagagatgct,5.0,ttt,4.0,,FLALSFRDA,,False,False,6.0,3.0,5.0,2751.0,2014.0,2173.0,1428.0,1198.0,1104.0,True,False,True,True,False,False,1.0,both,0.005703080382282111,0.005361402378171305,0.006046929430580812,0.016165426788421536,0.017376749322703663,0.016098323492587954,-2.2438905071917583,-2.2707215973518853,-2.2184650997069704,-1.7914128249584178,-1.7600314639778312,-1.793219349796057,F,non-synonymous,0.26363812627527505,0.29487987721824793,0.24891481307069172,1.4474325271780262,1.4451701237216406,1.47600794172824,1.4474325271780262
478,ortho,tttttggctttgtcttttagagatgct,8.0,gct,5.0,,FLALSFRDA,,False,False,6.0,3.0,5.0,2751.0,2014.0,2173.0,1428.0,1198.0,1104.0,True,False,True,True,False,False,1.0,both,0.005703080382282111,0.005361402378171305,0.006046929430580812,0.016165426788421536,0.017376749322703663,0.016098323492587954,-2.2438905071917583,-2.2707215973518853,-2.2184650997069704,-1.7914128249584178,-1.7600314639778312,-1.793219349796057,A,non-synonymous,0.26363812627527505,0.29487987721824793,0.24891481307069172,1.4474325271780262,1.4451701237216406,1.47600794172824,1.4474325271780262
479,single,tttttggttttatctttgagagatcca,1.0,ttg,1.0,,FLVLSLRDP,,False,False,1.0,0.0,1.0,7.0,6.0,3.0,1223.0,1140.0,920.0,True,False,True,True,False,False,1.0,both,0.004884360859615561,0.005101835318126284,0.005039107858817343,4.113340149725581e-05,5.1767872858104264e-05,2.2225020928561376e-05,-2.3111922575956285,-2.292273564068705,-2.297646345754595,-4.385805375333844,-4.285939679811786,-4.653157821396919,L,synonymous,-1.2087825247136765,-1.151171681231407,-1.378783206576925,-0.0249881238109253,-0.0008814347280143853,-0.15169007791937683,-0.0249881238109253
480,ortho,tttttggttttgtctttgagagatcca,1.0,ttg,1.0,,FLVLSLRDP,,False,False,2.0,0.0,2.0,1.0,1.0,1.0,85.0,73.0,40.0,True,False,True,True,False,False,1.0,both,0.00033946907037393515,0.00032669647212563044,0.00021909164603553668,5.876200213893688e-06,8.627978809684043e-06,7.408340309520458e-06,-3.469199788917621,-3.4858555552847217,-3.659374181772188,-5.230903415348101,-5.06409093019543,-5.130279076116581,L,synonymous,-1.0264644232441353,-0.9112959565135976,-0.8609845410499752,0.1573299776586159,0.238994289989795,0.3661085876075729,0.238994289989795
481,ortho,tttttggttttgtctttgagagatcca,3.0,ttg,2.0,,FLVLSLRDP,,False,False,2.0,0.0,2.0,1.0,1.0,1.0,85.0,73.0,40.0,True,False,True,True,False,False,1.0,both,0.00033946907037393515,0.00032669647212563044,0.00021909164603553668,5.876200213893688e-06,8.627978809684043e-06,7.408340309520458e-06,-3.469199788917621,-3.4858555552847217,-3.659374181772188,-5.230903415348101,-5.06409093019543,-5.130279076116581,L,synonymous,-1.0264644232441353,-0.9112959565135976,-0.8609845410499752,0.1573299776586159,0.238994289989795,0.3661085876075729,0.238994289989795
482,ortho,tttttgtctttgtcttttagagatcca,1.0,ttg,1.0,,FLSLSFRDP,,False,False,5.0,2.0,4.0,622.0,409.0,520.0,1361.0,1124.0,930.0,True,False,True,True,False,False,1.0,both,0.005435498879752068,0.005030230611906968,0.005093880770326228,0.003654996533041874,0.003528843333160774,0.003852336960950638,-2.264760589428579,-2.2984121041721353,-2.2929512245462154,-2.4371130306572826,-2.4523676221880883,-2.4142757324817823,L,synonymous,-0.10042191349687914,-0.0888961452019361,-0.07101650567936764,1.083372487405872,1.0613941013014565,1.1560766229781805,1.083372487405872
483,ortho,tttttgtctttgtcttttagagatcca,2.0,tct,2.0,,FLSLSFRDP,,False,False,5.0,2.0,4.0,622.0,409.0,520.0,1361.0,1124.0,930.0,True,False,True,True,False,False,1.0,both,0.005435498879752068,0.005030230611906968,0.005093880770326228,0.003654996533041874,0.003528843333160774,0.003852336960950638,-2.264760589428579,-2.2984121041721353,-2.2929512245462154,-2.4371130306572826,-2.4523676221880883,-2.4142757324817823,S,non-synonymous,-0.10042191349687914,-0.0888961452019361,-0.07101650567936764,1.083372487405872,1.0613941013014565,1.1560766229781805,1.083372487405872
484,ortho,tttttgtctttgtcttttagagatcca,3.0,ttg,3.0,,FLSLSFRDP,,False,False,5.0,2.0,4.0,622.0,409.0,520.0,1361.0,1124.0,930.0,True,False,True,True,False,False,1.0,both,0.005435498879752068,0.005030230611906968,0.005093880770326228,0.003654996533041874,0.003528843333160774,0.003852336960950638,-2.264760589428579,-2.2984121041721353,-2.2929512245462154,-2.4371130306572826,-2.4523676221880883,-2.4142757324817823,L,synonymous,-0.10042191349687914,-0.0888961452019361,-0.07101650567936764,1.083372487405872,1.0613941013014565,1.1560766229781805,1.083372487405872
485,ortho,tttttgtctttgtcttttagagatcca,5.0,ttt,4.0,,FLSLSFRDP,,False,False,5.0,2.0,4.0,622.0,409.0,520.0,1361.0,1124.0,930.0,True,False,True,True,False,False,1.0,both,0.005435498879752068,0.005030230611906968,0.005093880770326228,0.003654996533041874,0.003528843333160774,0.003852336960950638,-2.264760589428579,-2.2984121041721353,-2.2929512245462154,-2.4371130306572826,-2.4523676221880883,-2.4142757324817823,F,non-synonymous,-0.10042191349687914,-0.0888961452019361,-0.07101650567936764,1.083372487405872,1.0613941013014565,1.1560766229781805,1.083372487405872
486,single,ttttttgttttatctttgagagatcca,1.0,ttt,1.0,,FFVLSLRDP,,False,False,1.0,1.0,1.0,1.0,1.0,1.0,41.0,42.0,34.0,True,False,True,True,False,False,1.0,both,0.0001637439045333099,0.00018796235382570519,0.00018622789913020615,5.876200213893688e-06,8.627978809684043e-06,7.408340309520458e-06,-3.7858348579121786,-3.7259291250072772,-3.7299552560578952,-5.230903415348101,-5.06409093019543,-5.130279076116581,F,non-synonymous,-0.841975597429034,-0.7726740013655401,-0.8196703717353236,0.3418188034737172,0.3776162451378525,0.4074227569222245,0.3776162451378525
487,WT,tttttagttttatctttgagagatcca,0.0,ttt,,,FLVLSLRDP,True,,,,0.0,,,,,,,,,,,,,,1.0,,0.021035101101876664,0.020966753039843543,0.021251889665447058,0.0005582390203199004,0.001164777139307346,0.00026670025114273647,,,,,,,F,synonymous,-0.9183358727793817,-0.7248216635301846,-1.1129568860093884,0.26545852812336956,0.425468582973208,0.1141362426481598,0.26545852812336956
488,WT,tttttagttttatctttgagagatcca,1.0,tta,,,FLVLSLRDP,True,,,,0.0,,,,,,,,,,,,,,1.0,,0.021035101101876664,0.020966753039843543,0.021251889665447058,0.0005582390203199004,0.001164777139307346,0.00026670025114273647,,,,,,,L,synonymous,-0.9183358727793817,-0.7248216635301846,-1.1129568860093884,0.26545852812336956,0.425468582973208,0.1141362426481598,0.26545852812336956
489,WT,tttttagttttatctttgagagatcca,2.0,gtt,,,FLVLSLRDP,True,,,,0.0,,,,,,,,,,,,,,1.0,,0.021035101101876664,0.020966753039843543,0.021251889665447058,0.0005582390203199004,0.001164777139307346,0.00026670025114273647,,,,,,,V,synonymous,-0.9183358727793817,-0.7248216635301846,-1.1129568860093884,0.26545852812336956,0.425468582973208,0.1141362426481598,0.26545852812336956
490,WT,tttttagttttatctttgagagatcca,3.0,tta,,,FLVLSLRDP,True,,,,0.0,,,,,,,,,,,,,,1.0,,0.021035101101876664,0.020966753039843543,0.021251889665447058,0.0005582390203199004,0.001164777139307346,0.00026670025114273647,,,,,,,L,synonymous,-0.9183358727793817,-0.7248216635301846,-1.1129568860093884,0.26545852812336956,0.425468582973208,0.1141362426481598,0.26545852812336956
491,WT,tttttagttttatctttgagagatcca,4.0,tct,,,FLVLSLRDP,True,,,,0.0,,,,,,,,,,,,,,1.0,,0.021035101101876664,0.020966753039843543,0.021251889665447058,0.0005582390203199004,0.001164777139307346,0.00026670025114273647,,,,,,,S,synonymous,-0.9183358727793817,-0.7248216635301846,-1.1129568860093884,0.26545852812336956,0.425468582973208,0.1141362426481598,0.26545852812336956
492,WT,tttttagttttatctttgagagatcca,5.0,ttg,,,FLVLSLRDP,True,,,,0.0,,,,,,,,,,,,,,1.0,,0.021035101101876664,0.020966753039843543,0.021251889665447058,0.0005582390203199004,0.001164777139307346,0.00026670025114273647,,,,,,,L,synonymous,-0.9183358727793817,-0.7248216635301846,-1.1129568860093884,0.26545852812336956,0.425468582973208,0.1141362426481598,0.26545852812336956
493,WT,tttttagttttatctttgagagatcca,6.0,aga,,,FLVLSLRDP,True,,,,0.0,,,,,,,,,,,,,,1.0,,0.021035101101876664,0.020966753039843543,0.021251889665447058,0.0005582390203199004,0.001164777139307346,0.00026670025114273647,,,,,,,R,synonymous,-0.9183358727793817,-0.7248216635301846,-1.1129568860093884,0.26545852812336956,0.425468582973208,0.1141362426481598,0.26545852812336956
494,WT,tttttagttttatctttgagagatcca,7.0,gat,,,FLVLSLRDP,True,,,,0.0,,,,,,,,,,,,,,1.0,,0.021035101101876664,0.020966753039843543,0.021251889665447058,0.0005582390203199004,0.001164777139307346,0.00026670025114273647,,,,,,,D,synonymous,-0.9183358727793817,-0.7248216635301846,-1.1129568860093884,0.26545852812336956,0.425468582973208,0.1141362426481598,0.26545852812336956
495,WT,tttttagttttatctttgagagatcca,8.0,cca,,,FLVLSLRDP,True,,,,0.0,,,,,,,,,,,,,,1.0,,0.021035101101876664,0.020966753039843543,0.021251889665447058,0.0005582390203199004,0.001164777139307346,0.00026670025114273647,,,,,,,P,synonymous,-0.9183358727793817,-0.7248216635301846,-1.1129568860093884,0.26545852812336956,0.425468582973208,0.1141362426481598,0.26545852812336956
