,rep_compared,Pearson,replicate1,replicate2
0,"('1', '2')",0.9432222320397446,1,2
1,"('1', '3')",0.9472339400342787,1,3
2,"('2', '3')",0.94361417006944,2,3
