,rep_compared,Pearson,replicate1,replicate2
0,"('1', '2')",0.775770418211255,1,2
1,"('1', '3')",0.8095764917062086,1,3
2,"('2', '3')",0.8520787949963256,2,3
