,total_readcount,WT,WT_%,single_mut_readcount,single_mut_readcount_%,ortho_mut_readcount,ortho_mut_readcount_%,double_mut_readcount,double_mut_readcount_%
input1,177367.0,4158.0,2.3,137696.0,77.60000000000001,35513.0,20.0,0.0,0.0
input2,132318.0,3244.0,2.5,105579.0,79.80000000000001,23495.0,17.8,0.0,0.0
input3,128717.0,3047.0,2.4,99987.0,77.7,25683.0,20.0,0.0,0.0
b1,149798.0,4367.0,2.9000000000000004,119763.0,79.9,25668.0,17.1,0.0,0.0
b2,131657.0,3927.0,3.0,107310.0,81.5,20420.0,15.5,0.0,0.0
b3,120647.0,3473.0,2.9000000000000004,95913.0,79.5,21261.0,17.599999999999998,0.0,0.0
