,Total_reads,Reads_no_indels,Reads_no_indels_%,No_indels_acceptable_RC,Acceptable_RC_over_no_indels_%
input1,183699,182184,99.2,179070,98.3
input2,149172,147788,99.1,133827,90.60000000000001
input3,137538,136260,99.1,129999,95.39999999999999
b1,152939,152163,99.5,151074,99.3
b2,134192,133767,99.7,132677,99.2
b3,122910,122533,99.7,121575,99.2
