,Filtered_sequenced_variants,Filtered_sequenced_variants_rc,Usable_variants,Covered_variants_%,Usable_variants_rc,Usable_variants_%rc,Unsequenced_variants,Unexpected_variants,Unexpected_variants_rc
input1,883,259796,276,82.6,250110.0,96.3,53,607,9686.0
input2,1988,241936,275,82.3,223168.0,92.2,53,1713,18768.0
input3,1941,197138,276,82.6,182291.0,92.5,53,1665,14847.0
b1,555,174871,219,65.60000000000001,169443.0,96.89999999999999,53,336,5428.0
b2,678,196694,235,70.39999999999999,190045.0,96.6,53,443,6649.0
b3,722,158037,226,67.7,153030.0,96.8,53,496,5007.0
