,rep_compared,Pearson,replicate1,replicate2
0,"('1', '2')",0.943002759408369,1,2
1,"('1', '3')",0.9423625682530619,1,3
2,"('2', '3')",0.9535845905350169,2,3
