,seq_type,nt_seq,aa_pos,alt_codons,mutated_codon,combination,aa_seq,WT,STOP,STOP_readthrough,Nham_nt,Nham_aa,Nmut_codons,b1,b2,b3,input1,input2,input3,barcode_valid,indel,constant_region,permitted,too_many_substitutions,mixed_substitutions,confidence_score,Location,input1_abundance,input2_abundance,input3_abundance,b1_abundance,b2_abundance,b3_abundance,input1_log10,input2_log10,input3_log10,b1_log10,b2_log10,b3_log10,alt_aa,mutation_type,Log2FC_1,Log2FC_2,Log2FC_3,selcoeff_1,selcoeff_2,selcoeff_3,median_s
0,single,aagttagttttatctttgagagatcca,0.0,aag,1.0,,KLVLSLRDP,,False,False,3.0,1.0,1.0,2992.0,2724.0,2292.0,1751.0,1309.0,1181.0,True,False,True,True,False,False,1.0,both,0.006993062849703064,0.005858160027567812,0.00646868084919922,0.017628620584006976,0.014312285236909302,0.014950003587479046,-2.155332568548468,-2.2322387688544216,-2.1891842754866357,-1.753781669333788,-1.8442910170758613,-1.825358703124022,K,non-synonymous,0.21197348617797263,0.21083445458682698,0.1988306715938115,1.2839519124526353,1.4353757854345213,1.3352638367312963,1.3352638367312963
1,single,aatttagttttatctttgagagatcca,0.0,aat,1.0,,NLVLSLRDP,,False,False,2.0,1.0,1.0,6093.0,7076.0,5192.0,3714.0,3317.0,2646.0,True,False,True,True,False,False,1.0,both,0.014832801498456415,0.014844550658092003,0.01449291238525075,0.03589946030025217,0.0371783151014575,0.0338658021929281,-1.8287768152281523,-1.8284329438856954,-1.8388443332486681,-1.4449120804017426,-1.4297102960789232,-1.4702386326270616,N,non-synonymous,0.20263719050579185,0.2166901898422137,0.20144301163870765,1.2746156167804545,1.441231520689908,1.3378761767761924,1.3378761767761924
2,single,aggttagttttatctttgagagatcca,0.0,agg,1.0,,RLVLSLRDP,,False,False,3.0,1.0,1.0,993.0,1089.0,850.0,565.0,424.0,428.0,True,False,True,True,False,False,1.0,both,0.0022564708795443926,0.001897524714811881,0.0023442806125802424,0.005850675213876647,0.0057217616090287195,0.005544285798148861,-2.6465702668124753,-2.721812558812445,-2.6299904040869784,-2.2327940100308306,-2.242470240560834,-2.2561543907050816,R,non-synonymous,0.21842709310130412,0.26050383270850735,0.20430137750898156,1.290405519375967,1.4850451635562016,1.3407345426464663,1.3407345426464663
3,single,atgttagttttatctttgagagatcca,0.0,atg,1.0,,MLVLSLRDP,,False,False,2.0,1.0,1.0,10.0,16.0,14.0,1315.0,1235.0,911.0,True,False,True,True,False,False,1.0,both,0.005251786206373232,0.0055269882613034746,0.0049898122384593475,5.891918644387358e-05,8.406628626672131e-05,9.131764844009888e-05,-2.2796929618061372,-2.257511457809493,-2.301915796127152,-4.229743258526212,-4.075378137660684,-4.039445280741137,M,non-synonymous,-1.029406136125103,-0.9879395568111465,-0.9495598456601183,0.042572290149559766,0.2366017740365477,0.18687331947736652,0.18687331947736652
4,single,attttagttttatctttgagagatcca,0.0,att,1.0,,ILVLSLRDP,,False,False,1.0,1.0,1.0,1.0,2.0,5.0,4.0,3.0,3.0,True,False,True,True,False,False,3.0,both,1.5975015076420478e-05,1.34258824161218e-05,1.643187345266525e-05,5.891918644387358e-06,1.0508285783340164e-05,3.261344587146389e-05,-4.796558723303951,-4.872057160685515,-4.784312918380488,-5.229743258526212,-4.978468124652627,-4.486603312083355,I,non-synonymous,-0.228672470336957,-0.05783020380247114,0.1626982968118344,0.8433059559377057,1.166711127045223,1.2991314619493193,1.166711127045223
5,single,cagttagttttatctttgagagatcca,0.0,cag,1.0,,QLVLSLRDP,,False,False,3.0,1.0,1.0,2007.0,2216.0,1720.0,1201.0,1116.0,960.0,True,False,True,True,False,False,1.0,both,0.004796498276695249,0.0049944282587973095,0.00525819950485288,0.011825080719285428,0.011643180647940902,0.011219025379783577,-2.319075707229008,-2.3015142208036177,-2.2791629400605817,-1.9271958860387262,-1.9339283642602165,-1.9500448695118255,Q,non-synonymous,0.2068682501345717,0.199768559613657,0.17986302220572856,1.2788466764092346,1.4243098904613511,1.3162961873432133,1.3162961873432133
6,single,catttagttttatctttgagagatcca,0.0,cat,1.0,,HLVLSLRDP,,False,False,2.0,1.0,1.0,1.0,3.0,1.0,3.0,3.0,5.0,True,False,True,True,False,False,2.0,both,1.1981261307315359e-05,1.34258824161218e-05,2.7386455754442085e-05,5.891918644387358e-06,1.5762428675010246e-05,6.522689174292777e-06,-4.921497459912252,-4.872057160685515,-4.562464168764132,-5.229743258526212,-4.802376865596947,-5.185573316419374,H,non-synonymous,-0.16271893964053102,0.037868519518662276,-0.3405291428527153,0.9092594866341317,1.2624098503663566,0.7959040222847695,0.9092594866341317
7,single,ccgttagttttatctttgagagatcca,0.0,ccg,1.0,,PLVLSLRDP,,False,False,3.0,1.0,1.0,634.0,699.0,485.0,561.0,529.0,408.0,True,False,True,True,False,False,1.0,both,0.002240495864467972,0.002367430599376144,0.002234734789562474,0.0037354764205415852,0.0036726458812773874,0.003163504249531997,-2.6496558533757524,-2.625722743369992,-2.6507740100102706,-2.427654000644479,-2.4350209445709274,-2.4998315778171105,P,non-synonymous,0.11719188464887038,0.10363898116228122,0.08249003765754345,1.1891703109235332,1.3281803120099755,1.2189232027950283,1.2189232027950283
8,single,cctttagttttatctttgagagatcca,0.0,cct,1.0,,PLVLSLRDP,,False,False,2.0,1.0,1.0,1.0,6.0,3.0,9.0,3.0,6.0,True,False,True,True,False,False,2.0,both,3.594378392194608e-05,1.34258824161218e-05,3.28637469053305e-05,5.891918644387358e-06,3.152485735002049e-05,1.9568067522878334e-05,-4.444376205192589,-4.872057160685515,-4.483282922716507,-5.229743258526212,-4.5013468699329655,-4.708452061699711,P,non-synonymous,-0.41458503156145776,0.20146656760405862,-0.12305493216295847,0.657393394713205,1.4260078984517528,1.0133782329745264,1.0133782329745264
9,single,cggttagttttatctttgagagatcca,0.0,cgg,1.0,,RLVLSLRDP,,False,False,3.0,1.0,1.0,579.0,579.0,417.0,343.0,280.0,215.0,True,False,True,True,False,False,1.0,both,0.0013698575428030561,0.0012530823588380346,0.0011776175974410096,0.0034114208951002804,0.0030421487342769775,0.002719961385680088,-2.8633245945891432,-2.9020203840629586,-2.928995713184545,-2.4670646947987755,-2.5168195565891724,-2.565437261445617,R,non-synonymous,0.20918043654085197,0.2093416084885229,0.19868469017568563,1.2811588628155148,1.4338829393362171,1.3351178553131704,1.3351178553131704
10,single,cgtttagttttatctttgagagatcca,0.0,cgt,1.0,,RLVLSLRDP,,False,False,2.0,1.0,1.0,273.0,357.0,244.0,233.0,185.0,136.0,True,False,True,True,False,False,1.0,both,0.0009305446282014928,0.0008279294156608443,0.0007449115965208246,0.0016084937899177487,0.0018757290123262193,0.0015915361585274377,-3.031262793605895,-3.082006687002164,-3.1278952647299327,-2.7935806114854556,-2.7268299042044157,-2.798183490080645,R,non-synonymous,0.12546932616759396,0.1930247125798797,0.18018748149062735,1.1974477524422567,1.4175660434275739,1.3166206466281123,1.3166206466281123
11,single,ctgttagttttatctttgagagatcca,0.0,ctg,1.0,,LLVLSLRDP,,False,False,2.0,1.0,1.0,1359.0,1120.0,1532.0,1717.0,1365.0,1175.0,True,False,True,True,False,False,1.0,both,0.00685727522155349,0.006108776499335419,0.006435817102293889,0.00800711743772242,0.005884640038670491,0.009992759815016536,-2.1638484194709973,-2.214045764028403,-2.191396306492395,-2.0965238017937176,-2.2302800976464274,-2.000314551122789,L,non-synonymous,0.03553978821255866,-0.008822726406442669,0.10442617736500616,1.1075182144872215,1.2157186044412516,1.240859342502491,1.2157186044412516
12,single,cttttagttttatctttgagagatcca,0.0,ctt,1.0,,LLVLSLRDP,,False,False,1.0,1.0,1.0,982.0,980.0,1190.0,1264.0,1125.0,888.0,True,False,True,True,False,False,1.0,both,0.005048104764148871,0.005034705906045675,0.004863834541988914,0.005785864108788386,0.00514906003383668,0.007762000117408405,-2.2968716406855476,-2.2980258929577966,-2.3130212073215493,-2.237631770739262,-2.288272044624114,-2.1100263550268434,L,non-synonymous,0.031271955255989685,0.005300835703072674,0.11093668471334323,1.1032503815306525,1.2298421665507668,1.247369849850828,1.2298421665507668
13,single,gagttagttttatctttgagagatcca,0.0,gag,1.0,,ELVLSLRDP,,False,False,3.0,1.0,1.0,1.0,1.0,1.0,2.0,13.0,13.0,True,False,True,True,False,False,2.0,both,7.987507538210239e-06,5.817882380319447e-05,7.120478496154942e-05,5.891918644387358e-06,5.254142891670082e-06,6.522689174292777e-06,-5.097588718967932,-4.235235063098341,-4.147490820793314,-5.229743258526212,-5.2794981203166085,-5.185573316419374,E,non-synonymous,-0.06976265902828065,-0.5675161954268947,-0.5673120732959211,1.002215767246382,0.6570251354207995,0.5691210918415637,0.6570251354207995
14,single,gatttagttttatctttgagagatcca,0.0,gat,1.0,,DLVLSLRDP,,False,False,2.0,1.0,1.0,2.0,2.0,1.0,4.0,4.0,4.0,True,False,True,True,False,False,3.0,both,1.5975015076420478e-05,1.7901176554829066e-05,2.1909164603553667e-05,1.1783837288774716e-05,1.0508285783340164e-05,6.522689174292777e-06,-4.796558723303951,-4.7471184240772155,-4.659374181772188,-4.928713262862231,-4.978468124652627,-5.185573316419374,D,non-synonymous,-0.06976265902828065,-0.12572952856673406,-0.28756782172998685,1.002215767246382,1.09881180228096,0.848865343407498,1.002215767246382
15,ortho,gctatttgttctgatttgagagaagat,0.0,gct,1.0,,AICSDLRED,,False,False,14.0,7.0,7.0,180.0,259.0,156.0,422.0,375.0,334.0,True,False,True,True,False,False,1.0,both,0.0016853640905623605,0.001678235302015225,0.0018294152443967312,0.0010605453559897244,0.0013608230089425513,0.0010175395111896733,-2.77330626367024,-2.7751471476774587,-2.737687706288586,-2.9744707534229056,-2.866198356235357,-2.992448718064913,A,non-synonymous,-0.10619211231124226,-0.049482776502164996,-0.13922689034326707,0.9657863139634205,1.1750585543455292,0.9972062747942178,0.9972062747942178
16,ortho,gctatttgttctgatttgagagaagat,1.0,att,2.0,,AICSDLRED,,False,False,14.0,7.0,7.0,180.0,259.0,156.0,422.0,375.0,334.0,True,False,True,True,False,False,1.0,both,0.0016853640905623605,0.001678235302015225,0.0018294152443967312,0.0010605453559897244,0.0013608230089425513,0.0010175395111896733,-2.77330626367024,-2.7751471476774587,-2.737687706288586,-2.9744707534229056,-2.866198356235357,-2.992448718064913,I,non-synonymous,-0.10619211231124226,-0.049482776502164996,-0.13922689034326707,0.9657863139634205,1.1750585543455292,0.9972062747942178,0.9972062747942178
17,ortho,gctatttgttctgatttgagagaagat,2.0,tgt,3.0,,AICSDLRED,,False,False,14.0,7.0,7.0,180.0,259.0,156.0,422.0,375.0,334.0,True,False,True,True,False,False,1.0,both,0.0016853640905623605,0.001678235302015225,0.0018294152443967312,0.0010605453559897244,0.0013608230089425513,0.0010175395111896733,-2.77330626367024,-2.7751471476774587,-2.737687706288586,-2.9744707534229056,-2.866198356235357,-2.992448718064913,C,non-synonymous,-0.10619211231124226,-0.049482776502164996,-0.13922689034326707,0.9657863139634205,1.1750585543455292,0.9972062747942178,0.9972062747942178
18,ortho,gctatttgttctgatttgagagaagat,3.0,tct,4.0,,AICSDLRED,,False,False,14.0,7.0,7.0,180.0,259.0,156.0,422.0,375.0,334.0,True,False,True,True,False,False,1.0,both,0.0016853640905623605,0.001678235302015225,0.0018294152443967312,0.0010605453559897244,0.0013608230089425513,0.0010175395111896733,-2.77330626367024,-2.7751471476774587,-2.737687706288586,-2.9744707534229056,-2.866198356235357,-2.992448718064913,S,non-synonymous,-0.10619211231124226,-0.049482776502164996,-0.13922689034326707,0.9657863139634205,1.1750585543455292,0.9972062747942178,0.9972062747942178
19,ortho,gctatttgttctgatttgagagaagat,4.0,gat,5.0,,AICSDLRED,,False,False,14.0,7.0,7.0,180.0,259.0,156.0,422.0,375.0,334.0,True,False,True,True,False,False,1.0,both,0.0016853640905623605,0.001678235302015225,0.0018294152443967312,0.0010605453559897244,0.0013608230089425513,0.0010175395111896733,-2.77330626367024,-2.7751471476774587,-2.737687706288586,-2.9744707534229056,-2.866198356235357,-2.992448718064913,D,non-synonymous,-0.10619211231124226,-0.049482776502164996,-0.13922689034326707,0.9657863139634205,1.1750585543455292,0.9972062747942178,0.9972062747942178
20,ortho,gctatttgttctgatttgagagaagat,7.0,gaa,6.0,,AICSDLRED,,False,False,14.0,7.0,7.0,180.0,259.0,156.0,422.0,375.0,334.0,True,False,True,True,False,False,1.0,both,0.0016853640905623605,0.001678235302015225,0.0018294152443967312,0.0010605453559897244,0.0013608230089425513,0.0010175395111896733,-2.77330626367024,-2.7751471476774587,-2.737687706288586,-2.9744707534229056,-2.866198356235357,-2.992448718064913,E,non-synonymous,-0.10619211231124226,-0.049482776502164996,-0.13922689034326707,0.9657863139634205,1.1750585543455292,0.9972062747942178,0.9972062747942178
21,ortho,gctatttgttctgatttgagagaagat,8.0,gat,7.0,,AICSDLRED,,False,False,14.0,7.0,7.0,180.0,259.0,156.0,422.0,375.0,334.0,True,False,True,True,False,False,1.0,both,0.0016853640905623605,0.001678235302015225,0.0018294152443967312,0.0010605453559897244,0.0013608230089425513,0.0010175395111896733,-2.77330626367024,-2.7751471476774587,-2.737687706288586,-2.9744707534229056,-2.866198356235357,-2.992448718064913,D,non-synonymous,-0.10619211231124226,-0.049482776502164996,-0.13922689034326707,0.9657863139634205,1.1750585543455292,0.9972062747942178,0.9972062747942178
22,ortho,gctttgactttgtcttttagagatcca,0.0,gct,1.0,,ALTLSFRDP,,False,False,7.0,3.0,5.0,308.0,383.0,256.0,162.0,162.0,137.0,True,False,True,True,False,False,1.0,both,0.0006469881105950294,0.0007249976504705772,0.0007503888876717131,0.0018147109424713063,0.0020123367275096415,0.001669808428618951,-3.189103700089283,-3.139663400862547,-3.1247136059437435,-2.7411925420257677,-2.696299346347986,-2.777333351107525,A,non-synonymous,0.23644646259894453,0.2409510512393372,0.18984330573298727,1.3084248888736072,1.4654923820870314,1.3262764708704722,1.3262764708704722
23,ortho,gctttgactttgtcttttagagatcca,1.0,ttg,2.0,,ALTLSFRDP,,False,False,7.0,3.0,5.0,308.0,383.0,256.0,162.0,162.0,137.0,True,False,True,True,False,False,1.0,both,0.0006469881105950294,0.0007249976504705772,0.0007503888876717131,0.0018147109424713063,0.0020123367275096415,0.001669808428618951,-3.189103700089283,-3.139663400862547,-3.1247136059437435,-2.7411925420257677,-2.696299346347986,-2.777333351107525,L,synonymous,0.23644646259894453,0.2409510512393372,0.18984330573298727,1.3084248888736072,1.4654923820870314,1.3262764708704722,1.3262764708704722
24,ortho,gctttgactttgtcttttagagatcca,2.0,act,3.0,,ALTLSFRDP,,False,False,7.0,3.0,5.0,308.0,383.0,256.0,162.0,162.0,137.0,True,False,True,True,False,False,1.0,both,0.0006469881105950294,0.0007249976504705772,0.0007503888876717131,0.0018147109424713063,0.0020123367275096415,0.001669808428618951,-3.189103700089283,-3.139663400862547,-3.1247136059437435,-2.7411925420257677,-2.696299346347986,-2.777333351107525,T,non-synonymous,0.23644646259894453,0.2409510512393372,0.18984330573298727,1.3084248888736072,1.4654923820870314,1.3262764708704722,1.3262764708704722
25,ortho,gctttgactttgtcttttagagatcca,3.0,ttg,4.0,,ALTLSFRDP,,False,False,7.0,3.0,5.0,308.0,383.0,256.0,162.0,162.0,137.0,True,False,True,True,False,False,1.0,both,0.0006469881105950294,0.0007249976504705772,0.0007503888876717131,0.0018147109424713063,0.0020123367275096415,0.001669808428618951,-3.189103700089283,-3.139663400862547,-3.1247136059437435,-2.7411925420257677,-2.696299346347986,-2.777333351107525,L,synonymous,0.23644646259894453,0.2409510512393372,0.18984330573298727,1.3084248888736072,1.4654923820870314,1.3262764708704722,1.3262764708704722
26,ortho,gctttgactttgtcttttagagatcca,5.0,ttt,5.0,,ALTLSFRDP,,False,False,7.0,3.0,5.0,308.0,383.0,256.0,162.0,162.0,137.0,True,False,True,True,False,False,1.0,both,0.0006469881105950294,0.0007249976504705772,0.0007503888876717131,0.0018147109424713063,0.0020123367275096415,0.001669808428618951,-3.189103700089283,-3.139663400862547,-3.1247136059437435,-2.7411925420257677,-2.696299346347986,-2.777333351107525,F,non-synonymous,0.23644646259894453,0.2409510512393372,0.18984330573298727,1.3084248888736072,1.4654923820870314,1.3262764708704722,1.3262764708704722
27,ortho,gctttggctttgaatattaaagatcca,0.0,gct,1.0,,ALALNIKDP,,False,False,10.0,5.0,7.0,1898.0,2746.0,1611.0,1175.0,858.0,753.0,True,False,True,True,False,False,1.0,both,0.004692660678698515,0.0038398023710108347,0.004124400236618977,0.011182861587047207,0.014427876380526046,0.010508052259785664,-2.328580848024159,-2.4156911275564723,-2.3846391968994496,-1.951447050434938,-1.8407975874158724,-1.9784777760001564,A,non-synonymous,0.1990840164643381,0.31243219074051565,0.2219672123882895,1.271062442739001,1.5369735215882099,1.3584003775257742,1.3584003775257742
28,ortho,gctttggctttgaatattaaagatcca,1.0,ttg,2.0,,ALALNIKDP,,False,False,10.0,5.0,7.0,1898.0,2746.0,1611.0,1175.0,858.0,753.0,True,False,True,True,False,False,1.0,both,0.004692660678698515,0.0038398023710108347,0.004124400236618977,0.011182861587047207,0.014427876380526046,0.010508052259785664,-2.328580848024159,-2.4156911275564723,-2.3846391968994496,-1.951447050434938,-1.8407975874158724,-1.9784777760001564,L,synonymous,0.1990840164643381,0.31243219074051565,0.2219672123882895,1.271062442739001,1.5369735215882099,1.3584003775257742,1.3584003775257742
29,ortho,gctttggctttgaatattaaagatcca,2.0,gct,3.0,,ALALNIKDP,,False,False,10.0,5.0,7.0,1898.0,2746.0,1611.0,1175.0,858.0,753.0,True,False,True,True,False,False,1.0,both,0.004692660678698515,0.0038398023710108347,0.004124400236618977,0.011182861587047207,0.014427876380526046,0.010508052259785664,-2.328580848024159,-2.4156911275564723,-2.3846391968994496,-1.951447050434938,-1.8407975874158724,-1.9784777760001564,A,non-synonymous,0.1990840164643381,0.31243219074051565,0.2219672123882895,1.271062442739001,1.5369735215882099,1.3584003775257742,1.3584003775257742
30,ortho,gctttggctttgaatattaaagatcca,3.0,ttg,4.0,,ALALNIKDP,,False,False,10.0,5.0,7.0,1898.0,2746.0,1611.0,1175.0,858.0,753.0,True,False,True,True,False,False,1.0,both,0.004692660678698515,0.0038398023710108347,0.004124400236618977,0.011182861587047207,0.014427876380526046,0.010508052259785664,-2.328580848024159,-2.4156911275564723,-2.3846391968994496,-1.951447050434938,-1.8407975874158724,-1.9784777760001564,L,synonymous,0.1990840164643381,0.31243219074051565,0.2219672123882895,1.271062442739001,1.5369735215882099,1.3584003775257742,1.3584003775257742
31,ortho,gctttggctttgaatattaaagatcca,4.0,aat,5.0,,ALALNIKDP,,False,False,10.0,5.0,7.0,1898.0,2746.0,1611.0,1175.0,858.0,753.0,True,False,True,True,False,False,1.0,both,0.004692660678698515,0.0038398023710108347,0.004124400236618977,0.011182861587047207,0.014427876380526046,0.010508052259785664,-2.328580848024159,-2.4156911275564723,-2.3846391968994496,-1.951447050434938,-1.8407975874158724,-1.9784777760001564,N,non-synonymous,0.1990840164643381,0.31243219074051565,0.2219672123882895,1.271062442739001,1.5369735215882099,1.3584003775257742,1.3584003775257742
32,ortho,gctttggctttgaatattaaagatcca,5.0,att,6.0,,ALALNIKDP,,False,False,10.0,5.0,7.0,1898.0,2746.0,1611.0,1175.0,858.0,753.0,True,False,True,True,False,False,1.0,both,0.004692660678698515,0.0038398023710108347,0.004124400236618977,0.011182861587047207,0.014427876380526046,0.010508052259785664,-2.328580848024159,-2.4156911275564723,-2.3846391968994496,-1.951447050434938,-1.8407975874158724,-1.9784777760001564,I,non-synonymous,0.1990840164643381,0.31243219074051565,0.2219672123882895,1.271062442739001,1.5369735215882099,1.3584003775257742,1.3584003775257742
33,ortho,gctttggctttgaatattaaagatcca,6.0,aaa,7.0,,ALALNIKDP,,False,False,10.0,5.0,7.0,1898.0,2746.0,1611.0,1175.0,858.0,753.0,True,False,True,True,False,False,1.0,both,0.004692660678698515,0.0038398023710108347,0.004124400236618977,0.011182861587047207,0.014427876380526046,0.010508052259785664,-2.328580848024159,-2.4156911275564723,-2.3846391968994496,-1.951447050434938,-1.8407975874158724,-1.9784777760001564,K,non-synonymous,0.1990840164643381,0.31243219074051565,0.2219672123882895,1.271062442739001,1.5369735215882099,1.3584003775257742,1.3584003775257742
34,single,gtgttagttttatctttgagagatcca,0.0,gtg,1.0,,VLVLSLRDP,,False,False,2.0,1.0,1.0,4890.0,6248.0,4137.0,3049.0,2869.0,2397.0,True,False,True,True,False,False,1.0,both,0.012176955242001509,0.012839618883951147,0.013129066888679534,0.02881148217105418,0.03282788478715467,0.02698436511404922,-1.9144612902665332,-1.8914478671591792,-1.8817661390664966,-1.5404343994025915,-1.483757099447365,-1.568887795523862,V,non-synonymous,0.19744392089718774,0.22156401282528415,0.17098801156214136,1.2694223471718504,1.4461053436729783,1.3074211766996262,1.3074211766996262
35,single,gttttagttttatctttgagagatcca,0.0,gtt,1.0,,VLVLSLRDP,,False,False,1.0,1.0,1.0,2288.0,2796.0,1819.0,1427.0,1166.0,1036.0,True,False,True,True,False,False,1.0,both,0.0056990866285130054,0.005218192965732673,0.005674473632320399,0.013480709858358276,0.01469058352510955,0.011864771608038562,-2.244194741517267,-2.2824798649821822,-2.246074417690936,-1.8702872384052251,-1.832960953242965,-1.9257406173558909,V,non-synonymous,0.19738089765897143,0.24429597580732643,0.1750624186233258,1.2693593239336343,1.4688373066550207,1.3114955837608107,1.3114955837608107
36,ortho,gttttgactttgttggttactcaacat,0.0,gtt,1.0,,VLTLLVTQH,,False,False,15.0,7.0,9.0,104.0,148.0,106.0,312.0,260.0,217.0,True,False,True,True,False,False,1.0,both,0.0012460511759607973,0.0011635764760638892,0.0011885721797427863,0.0006127595390162852,0.0007776131479671721,0.0006914050524750344,-2.904464120613471,-2.93420506743436,-2.924974439251621,-3.2127099192274313,-3.1092364049216514,-3.160267451154604,V,non-synonymous,-0.16271893964053105,-0.09512269733631527,-0.12858762861059475,0.9092594866341317,1.129418633511379,1.0078455365268901,1.0078455365268901
37,ortho,gttttgactttgttggttactcaacat,1.0,ttg,2.0,,VLTLLVTQH,,False,False,15.0,7.0,9.0,104.0,148.0,106.0,312.0,260.0,217.0,True,False,True,True,False,False,1.0,both,0.0012460511759607973,0.0011635764760638892,0.0011885721797427863,0.0006127595390162852,0.0007776131479671721,0.0006914050524750344,-2.904464120613471,-2.93420506743436,-2.924974439251621,-3.2127099192274313,-3.1092364049216514,-3.160267451154604,L,synonymous,-0.16271893964053105,-0.09512269733631527,-0.12858762861059475,0.9092594866341317,1.129418633511379,1.0078455365268901,1.0078455365268901
38,ortho,gttttgactttgttggttactcaacat,2.0,act,3.0,,VLTLLVTQH,,False,False,15.0,7.0,9.0,104.0,148.0,106.0,312.0,260.0,217.0,True,False,True,True,False,False,1.0,both,0.0012460511759607973,0.0011635764760638892,0.0011885721797427863,0.0006127595390162852,0.0007776131479671721,0.0006914050524750344,-2.904464120613471,-2.93420506743436,-2.924974439251621,-3.2127099192274313,-3.1092364049216514,-3.160267451154604,T,non-synonymous,-0.16271893964053105,-0.09512269733631527,-0.12858762861059475,0.9092594866341317,1.129418633511379,1.0078455365268901,1.0078455365268901
39,ortho,gttttgactttgttggttactcaacat,3.0,ttg,4.0,,VLTLLVTQH,,False,False,15.0,7.0,9.0,104.0,148.0,106.0,312.0,260.0,217.0,True,False,True,True,False,False,1.0,both,0.0012460511759607973,0.0011635764760638892,0.0011885721797427863,0.0006127595390162852,0.0007776131479671721,0.0006914050524750344,-2.904464120613471,-2.93420506743436,-2.924974439251621,-3.2127099192274313,-3.1092364049216514,-3.160267451154604,L,synonymous,-0.16271893964053105,-0.09512269733631527,-0.12858762861059475,0.9092594866341317,1.129418633511379,1.0078455365268901,1.0078455365268901
40,ortho,gttttgactttgttggttactcaacat,4.0,ttg,5.0,,VLTLLVTQH,,False,False,15.0,7.0,9.0,104.0,148.0,106.0,312.0,260.0,217.0,True,False,True,True,False,False,1.0,both,0.0012460511759607973,0.0011635764760638892,0.0011885721797427863,0.0006127595390162852,0.0007776131479671721,0.0006914050524750344,-2.904464120613471,-2.93420506743436,-2.924974439251621,-3.2127099192274313,-3.1092364049216514,-3.160267451154604,L,non-synonymous,-0.16271893964053105,-0.09512269733631527,-0.12858762861059475,0.9092594866341317,1.129418633511379,1.0078455365268901,1.0078455365268901
41,ortho,gttttgactttgttggttactcaacat,5.0,gtt,6.0,,VLTLLVTQH,,False,False,15.0,7.0,9.0,104.0,148.0,106.0,312.0,260.0,217.0,True,False,True,True,False,False,1.0,both,0.0012460511759607973,0.0011635764760638892,0.0011885721797427863,0.0006127595390162852,0.0007776131479671721,0.0006914050524750344,-2.904464120613471,-2.93420506743436,-2.924974439251621,-3.2127099192274313,-3.1092364049216514,-3.160267451154604,V,non-synonymous,-0.16271893964053105,-0.09512269733631527,-0.12858762861059475,0.9092594866341317,1.129418633511379,1.0078455365268901,1.0078455365268901
42,ortho,gttttgactttgttggttactcaacat,6.0,act,7.0,,VLTLLVTQH,,False,False,15.0,7.0,9.0,104.0,148.0,106.0,312.0,260.0,217.0,True,False,True,True,False,False,1.0,both,0.0012460511759607973,0.0011635764760638892,0.0011885721797427863,0.0006127595390162852,0.0007776131479671721,0.0006914050524750344,-2.904464120613471,-2.93420506743436,-2.924974439251621,-3.2127099192274313,-3.1092364049216514,-3.160267451154604,T,non-synonymous,-0.16271893964053105,-0.09512269733631527,-0.12858762861059475,0.9092594866341317,1.129418633511379,1.0078455365268901,1.0078455365268901
43,ortho,gttttgactttgttggttactcaacat,7.0,caa,8.0,,VLTLLVTQH,,False,False,15.0,7.0,9.0,104.0,148.0,106.0,312.0,260.0,217.0,True,False,True,True,False,False,1.0,both,0.0012460511759607973,0.0011635764760638892,0.0011885721797427863,0.0006127595390162852,0.0007776131479671721,0.0006914050524750344,-2.904464120613471,-2.93420506743436,-2.924974439251621,-3.2127099192274313,-3.1092364049216514,-3.160267451154604,Q,non-synonymous,-0.16271893964053105,-0.09512269733631527,-0.12858762861059475,0.9092594866341317,1.129418633511379,1.0078455365268901,1.0078455365268901
44,ortho,gttttgactttgttggttactcaacat,8.0,cat,9.0,,VLTLLVTQH,,False,False,15.0,7.0,9.0,104.0,148.0,106.0,312.0,260.0,217.0,True,False,True,True,False,False,1.0,both,0.0012460511759607973,0.0011635764760638892,0.0011885721797427863,0.0006127595390162852,0.0007776131479671721,0.0006914050524750344,-2.904464120613471,-2.93420506743436,-2.924974439251621,-3.2127099192274313,-3.1092364049216514,-3.160267451154604,H,non-synonymous,-0.16271893964053105,-0.09512269733631527,-0.12858762861059475,0.9092594866341317,1.129418633511379,1.0078455365268901,1.0078455365268901
45,single,tagttagttttatctttgagagatcca,0.0,tag,1.0,,*LVLSLRDP,,True,False,2.0,1.0,1.0,1.0,3.0,4.0,583.0,574.0,457.0,True,False,True,True,False,False,1.0,both,0.002328358447388285,0.002568818835617971,0.0025031220559560063,5.891918644387358e-06,1.5762428675010246e-05,2.609075669717111e-05,-2.6329501598729,-2.590266523007204,-2.6015179730303,-5.229743258526212,-4.802376865596947,-4.583513325091412,*,stop,-1.3708132320982716,-1.2021955931632793,-1.0831604397322432,-0.2988348058236088,0.022345737684414946,0.05327272540524164,0.022345737684414946
46,single,tatttagttttatctttgagagatcca,0.0,tat,1.0,,YLVLSLRDP,,False,False,1.0,1.0,1.0,2252.0,2134.0,1776.0,1603.0,1387.0,1078.0,True,False,True,True,False,False,1.0,both,0.006401987291875507,0.006207232970386978,0.005904519860657713,0.01326860078716033,0.011212340930823954,0.011584295973543973,-2.193685192277769,-2.207101954331893,-2.2288154122494306,-1.877174872346903,-1.9503037052281578,-1.936130354976792,Y,non-synonymous,0.1670816727300667,0.13955982098213618,0.15995238082107913,1.2390600990047296,1.3641011518298305,1.296385545958564,1.296385545958564
47,ortho,tatttgactagagcttttagagattct,0.0,tat,1.0,,YLTRAFRDS,,False,False,10.0,6.0,7.0,1283.0,1586.0,994.0,782.0,702.0,573.0,True,False,True,True,False,False,1.0,both,0.0031231154474402035,0.003141656485372501,0.0031384878294590628,0.007559331620748981,0.00833307062618875,0.006483553039247021,-2.505411961572066,-2.5028413032753725,-2.5032795511327603,-2.1215166021512832,-2.079194937335024,-2.1881869320220613,Y,non-synonymous,0.20265335683002306,0.23023525743154163,0.17219811313755592,1.2746317831046858,1.4547765882792358,1.3086312782750407,1.3086312782750407
48,ortho,tatttgactagagcttttagagattct,1.0,ttg,2.0,,YLTRAFRDS,,False,False,10.0,6.0,7.0,1283.0,1586.0,994.0,782.0,702.0,573.0,True,False,True,True,False,False,1.0,both,0.0031231154474402035,0.003141656485372501,0.0031384878294590628,0.007559331620748981,0.00833307062618875,0.006483553039247021,-2.505411961572066,-2.5028413032753725,-2.5032795511327603,-2.1215166021512832,-2.079194937335024,-2.1881869320220613,L,synonymous,0.20265335683002306,0.23023525743154163,0.17219811313755592,1.2746317831046858,1.4547765882792358,1.3086312782750407,1.3086312782750407
49,ortho,tatttgactagagcttttagagattct,2.0,act,3.0,,YLTRAFRDS,,False,False,10.0,6.0,7.0,1283.0,1586.0,994.0,782.0,702.0,573.0,True,False,True,True,False,False,1.0,both,0.0031231154474402035,0.003141656485372501,0.0031384878294590628,0.007559331620748981,0.00833307062618875,0.006483553039247021,-2.505411961572066,-2.5028413032753725,-2.5032795511327603,-2.1215166021512832,-2.079194937335024,-2.1881869320220613,T,non-synonymous,0.20265335683002306,0.23023525743154163,0.17219811313755592,1.2746317831046858,1.4547765882792358,1.3086312782750407,1.3086312782750407
50,ortho,tatttgactagagcttttagagattct,3.0,aga,4.0,,YLTRAFRDS,,False,False,10.0,6.0,7.0,1283.0,1586.0,994.0,782.0,702.0,573.0,True,False,True,True,False,False,1.0,both,0.0031231154474402035,0.003141656485372501,0.0031384878294590628,0.007559331620748981,0.00833307062618875,0.006483553039247021,-2.505411961572066,-2.5028413032753725,-2.5032795511327603,-2.1215166021512832,-2.079194937335024,-2.1881869320220613,R,non-synonymous,0.20265335683002306,0.23023525743154163,0.17219811313755592,1.2746317831046858,1.4547765882792358,1.3086312782750407,1.3086312782750407
51,ortho,tatttgactagagcttttagagattct,4.0,gct,5.0,,YLTRAFRDS,,False,False,10.0,6.0,7.0,1283.0,1586.0,994.0,782.0,702.0,573.0,True,False,True,True,False,False,1.0,both,0.0031231154474402035,0.003141656485372501,0.0031384878294590628,0.007559331620748981,0.00833307062618875,0.006483553039247021,-2.505411961572066,-2.5028413032753725,-2.5032795511327603,-2.1215166021512832,-2.079194937335024,-2.1881869320220613,A,non-synonymous,0.20265335683002306,0.23023525743154163,0.17219811313755592,1.2746317831046858,1.4547765882792358,1.3086312782750407,1.3086312782750407
52,ortho,tatttgactagagcttttagagattct,5.0,ttt,6.0,,YLTRAFRDS,,False,False,10.0,6.0,7.0,1283.0,1586.0,994.0,782.0,702.0,573.0,True,False,True,True,False,False,1.0,both,0.0031231154474402035,0.003141656485372501,0.0031384878294590628,0.007559331620748981,0.00833307062618875,0.006483553039247021,-2.505411961572066,-2.5028413032753725,-2.5032795511327603,-2.1215166021512832,-2.079194937335024,-2.1881869320220613,F,non-synonymous,0.20265335683002306,0.23023525743154163,0.17219811313755592,1.2746317831046858,1.4547765882792358,1.3086312782750407,1.3086312782750407
53,ortho,tatttgactagagcttttagagattct,8.0,tct,7.0,,YLTRAFRDS,,False,False,10.0,6.0,7.0,1283.0,1586.0,994.0,782.0,702.0,573.0,True,False,True,True,False,False,1.0,both,0.0031231154474402035,0.003141656485372501,0.0031384878294590628,0.007559331620748981,0.00833307062618875,0.006483553039247021,-2.505411961572066,-2.5028413032753725,-2.5032795511327603,-2.1215166021512832,-2.079194937335024,-2.1881869320220613,S,non-synonymous,0.20265335683002306,0.23023525743154163,0.17219811313755592,1.2746317831046858,1.4547765882792358,1.3086312782750407,1.3086312782750407
54,ortho,tatttgactagatcttttagagatcca,0.0,tat,1.0,,YLTRSFRDP,,False,False,7.0,4.0,5.0,1447.0,2166.0,1179.0,829.0,684.0,535.0,True,False,True,True,False,False,1.0,both,0.0033108218745881443,0.00306110119087577,0.002930350765725303,0.008525606278428507,0.011380473503357398,0.007690250536491185,-2.48006418408164,-2.5141223136850614,-2.533080391078922,-2.069274727407174,-1.9438396680273071,-2.1140595113242853,Y,non-synonymous,0.21685040025246818,0.30992634963435806,0.22899490652187432,1.288828826527131,1.5344676804820523,1.3654280716593592,1.3654280716593592
55,ortho,tatttgactagatcttttagagatcca,1.0,ttg,2.0,,YLTRSFRDP,,False,False,7.0,4.0,5.0,1447.0,2166.0,1179.0,829.0,684.0,535.0,True,False,True,True,False,False,1.0,both,0.0033108218745881443,0.00306110119087577,0.002930350765725303,0.008525606278428507,0.011380473503357398,0.007690250536491185,-2.48006418408164,-2.5141223136850614,-2.533080391078922,-2.069274727407174,-1.9438396680273071,-2.1140595113242853,L,synonymous,0.21685040025246818,0.30992634963435806,0.22899490652187432,1.288828826527131,1.5344676804820523,1.3654280716593592,1.3654280716593592
56,ortho,tatttgactagatcttttagagatcca,2.0,act,3.0,,YLTRSFRDP,,False,False,7.0,4.0,5.0,1447.0,2166.0,1179.0,829.0,684.0,535.0,True,False,True,True,False,False,1.0,both,0.0033108218745881443,0.00306110119087577,0.002930350765725303,0.008525606278428507,0.011380473503357398,0.007690250536491185,-2.48006418408164,-2.5141223136850614,-2.533080391078922,-2.069274727407174,-1.9438396680273071,-2.1140595113242853,T,non-synonymous,0.21685040025246818,0.30992634963435806,0.22899490652187432,1.288828826527131,1.5344676804820523,1.3654280716593592,1.3654280716593592
57,ortho,tatttgactagatcttttagagatcca,3.0,aga,4.0,,YLTRSFRDP,,False,False,7.0,4.0,5.0,1447.0,2166.0,1179.0,829.0,684.0,535.0,True,False,True,True,False,False,1.0,both,0.0033108218745881443,0.00306110119087577,0.002930350765725303,0.008525606278428507,0.011380473503357398,0.007690250536491185,-2.48006418408164,-2.5141223136850614,-2.533080391078922,-2.069274727407174,-1.9438396680273071,-2.1140595113242853,R,non-synonymous,0.21685040025246818,0.30992634963435806,0.22899490652187432,1.288828826527131,1.5344676804820523,1.3654280716593592,1.3654280716593592
58,ortho,tatttgactagatcttttagagatcca,5.0,ttt,5.0,,YLTRSFRDP,,False,False,7.0,4.0,5.0,1447.0,2166.0,1179.0,829.0,684.0,535.0,True,False,True,True,False,False,1.0,both,0.0033108218745881443,0.00306110119087577,0.002930350765725303,0.008525606278428507,0.011380473503357398,0.007690250536491185,-2.48006418408164,-2.5141223136850614,-2.533080391078922,-2.069274727407174,-1.9438396680273071,-2.1140595113242853,F,non-synonymous,0.21685040025246818,0.30992634963435806,0.22899490652187432,1.288828826527131,1.5344676804820523,1.3654280716593592,1.3654280716593592
59,ortho,tatttgactttggcttttagagattct,0.0,tat,1.0,,YLTLAFRDS,,False,False,9.0,5.0,7.0,1092.0,1447.0,892.0,735.0,562.0,543.0,True,False,True,True,False,False,1.0,both,0.002935409020292263,0.002515115305953484,0.00297416909493241,0.006433975159670995,0.0076027447642466085,0.005818238743469158,-2.532331375547719,-2.5994420998361165,-2.5266343435113034,-2.1915206201574935,-2.1190295891975715,-2.2352084620432513,Y,non-synonymous,0.17990955589515809,0.26108544048215154,0.1592642412566864,1.2518879821698208,1.4856267713298457,1.2956974063941713,1.2956974063941713
60,ortho,tatttgactttggcttttagagattct,1.0,ttg,2.0,,YLTLAFRDS,,False,False,9.0,5.0,7.0,1092.0,1447.0,892.0,735.0,562.0,543.0,True,False,True,True,False,False,1.0,both,0.002935409020292263,0.002515115305953484,0.00297416909493241,0.006433975159670995,0.0076027447642466085,0.005818238743469158,-2.532331375547719,-2.5994420998361165,-2.5266343435113034,-2.1915206201574935,-2.1190295891975715,-2.2352084620432513,L,synonymous,0.17990955589515809,0.26108544048215154,0.1592642412566864,1.2518879821698208,1.4856267713298457,1.2956974063941713,1.2956974063941713
61,ortho,tatttgactttggcttttagagattct,2.0,act,3.0,,YLTLAFRDS,,False,False,9.0,5.0,7.0,1092.0,1447.0,892.0,735.0,562.0,543.0,True,False,True,True,False,False,1.0,both,0.002935409020292263,0.002515115305953484,0.00297416909493241,0.006433975159670995,0.0076027447642466085,0.005818238743469158,-2.532331375547719,-2.5994420998361165,-2.5266343435113034,-2.1915206201574935,-2.1190295891975715,-2.2352084620432513,T,non-synonymous,0.17990955589515809,0.26108544048215154,0.1592642412566864,1.2518879821698208,1.4856267713298457,1.2956974063941713,1.2956974063941713
62,ortho,tatttgactttggcttttagagattct,3.0,ttg,4.0,,YLTLAFRDS,,False,False,9.0,5.0,7.0,1092.0,1447.0,892.0,735.0,562.0,543.0,True,False,True,True,False,False,1.0,both,0.002935409020292263,0.002515115305953484,0.00297416909493241,0.006433975159670995,0.0076027447642466085,0.005818238743469158,-2.532331375547719,-2.5994420998361165,-2.5266343435113034,-2.1915206201574935,-2.1190295891975715,-2.2352084620432513,L,synonymous,0.17990955589515809,0.26108544048215154,0.1592642412566864,1.2518879821698208,1.4856267713298457,1.2956974063941713,1.2956974063941713
63,ortho,tatttgactttggcttttagagattct,4.0,gct,5.0,,YLTLAFRDS,,False,False,9.0,5.0,7.0,1092.0,1447.0,892.0,735.0,562.0,543.0,True,False,True,True,False,False,1.0,both,0.002935409020292263,0.002515115305953484,0.00297416909493241,0.006433975159670995,0.0076027447642466085,0.005818238743469158,-2.532331375547719,-2.5994420998361165,-2.5266343435113034,-2.1915206201574935,-2.1190295891975715,-2.2352084620432513,A,non-synonymous,0.17990955589515809,0.26108544048215154,0.1592642412566864,1.2518879821698208,1.4856267713298457,1.2956974063941713,1.2956974063941713
64,ortho,tatttgactttggcttttagagattct,5.0,ttt,6.0,,YLTLAFRDS,,False,False,9.0,5.0,7.0,1092.0,1447.0,892.0,735.0,562.0,543.0,True,False,True,True,False,False,1.0,both,0.002935409020292263,0.002515115305953484,0.00297416909493241,0.006433975159670995,0.0076027447642466085,0.005818238743469158,-2.532331375547719,-2.5994420998361165,-2.5266343435113034,-2.1915206201574935,-2.1190295891975715,-2.2352084620432513,F,non-synonymous,0.17990955589515809,0.26108544048215154,0.1592642412566864,1.2518879821698208,1.4856267713298457,1.2956974063941713,1.2956974063941713
65,ortho,tatttgactttggcttttagagattct,8.0,tct,7.0,,YLTLAFRDS,,False,False,9.0,5.0,7.0,1092.0,1447.0,892.0,735.0,562.0,543.0,True,False,True,True,False,False,1.0,both,0.002935409020292263,0.002515115305953484,0.00297416909493241,0.006433975159670995,0.0076027447642466085,0.005818238743469158,-2.532331375547719,-2.5994420998361165,-2.5266343435113034,-2.1915206201574935,-2.1190295891975715,-2.2352084620432513,S,non-synonymous,0.17990955589515809,0.26108544048215154,0.1592642412566864,1.2518879821698208,1.4856267713298457,1.2956974063941713,1.2956974063941713
66,ortho,tatttgactttgtctattaaagatcca,0.0,tat,1.0,,YLTLSIKDP,,False,False,8.0,4.0,6.0,1587.0,2225.0,1262.0,1418.0,1194.0,1001.0,True,False,True,True,False,False,1.0,both,0.00566314284459106,0.005343501201616477,0.005482768442039305,0.009350474888642737,0.011690467933965932,0.008231633737957485,-2.246942483784866,-2.2721740886118273,-2.261000095620832,-2.0291663317713637,-1.9321681049996584,-2.084513961511259,Y,non-synonymous,0.11496119231461716,0.18477997560879494,0.09644967049492577,1.18693961858928,1.4093213064564891,1.2328828356324106,1.2328828356324106
67,ortho,tatttgactttgtctattaaagatcca,1.0,ttg,2.0,,YLTLSIKDP,,False,False,8.0,4.0,6.0,1587.0,2225.0,1262.0,1418.0,1194.0,1001.0,True,False,True,True,False,False,1.0,both,0.00566314284459106,0.005343501201616477,0.005482768442039305,0.009350474888642737,0.011690467933965932,0.008231633737957485,-2.246942483784866,-2.2721740886118273,-2.261000095620832,-2.0291663317713637,-1.9321681049996584,-2.084513961511259,L,synonymous,0.11496119231461716,0.18477997560879494,0.09644967049492577,1.18693961858928,1.4093213064564891,1.2328828356324106,1.2328828356324106
68,ortho,tatttgactttgtctattaaagatcca,2.0,act,3.0,,YLTLSIKDP,,False,False,8.0,4.0,6.0,1587.0,2225.0,1262.0,1418.0,1194.0,1001.0,True,False,True,True,False,False,1.0,both,0.00566314284459106,0.005343501201616477,0.005482768442039305,0.009350474888642737,0.011690467933965932,0.008231633737957485,-2.246942483784866,-2.2721740886118273,-2.261000095620832,-2.0291663317713637,-1.9321681049996584,-2.084513961511259,T,non-synonymous,0.11496119231461716,0.18477997560879494,0.09644967049492577,1.18693961858928,1.4093213064564891,1.2328828356324106,1.2328828356324106
69,ortho,tatttgactttgtctattaaagatcca,3.0,ttg,4.0,,YLTLSIKDP,,False,False,8.0,4.0,6.0,1587.0,2225.0,1262.0,1418.0,1194.0,1001.0,True,False,True,True,False,False,1.0,both,0.00566314284459106,0.005343501201616477,0.005482768442039305,0.009350474888642737,0.011690467933965932,0.008231633737957485,-2.246942483784866,-2.2721740886118273,-2.261000095620832,-2.0291663317713637,-1.9321681049996584,-2.084513961511259,L,synonymous,0.11496119231461716,0.18477997560879494,0.09644967049492577,1.18693961858928,1.4093213064564891,1.2328828356324106,1.2328828356324106
70,ortho,tatttgactttgtctattaaagatcca,5.0,att,5.0,,YLTLSIKDP,,False,False,8.0,4.0,6.0,1587.0,2225.0,1262.0,1418.0,1194.0,1001.0,True,False,True,True,False,False,1.0,both,0.00566314284459106,0.005343501201616477,0.005482768442039305,0.009350474888642737,0.011690467933965932,0.008231633737957485,-2.246942483784866,-2.2721740886118273,-2.261000095620832,-2.0291663317713637,-1.9321681049996584,-2.084513961511259,I,non-synonymous,0.11496119231461716,0.18477997560879494,0.09644967049492577,1.18693961858928,1.4093213064564891,1.2328828356324106,1.2328828356324106
71,ortho,tatttgactttgtctattaaagatcca,6.0,aaa,6.0,,YLTLSIKDP,,False,False,8.0,4.0,6.0,1587.0,2225.0,1262.0,1418.0,1194.0,1001.0,True,False,True,True,False,False,1.0,both,0.00566314284459106,0.005343501201616477,0.005482768442039305,0.009350474888642737,0.011690467933965932,0.008231633737957485,-2.246942483784866,-2.2721740886118273,-2.261000095620832,-2.0291663317713637,-1.9321681049996584,-2.084513961511259,K,non-synonymous,0.11496119231461716,0.18477997560879494,0.09644967049492577,1.18693961858928,1.4093213064564891,1.2328828356324106,1.2328828356324106
72,ortho,tatttgactttgtctattagagatcca,0.0,tat,1.0,,YLTLSIRDP,,False,False,7.0,3.0,5.0,704.0,1027.0,601.0,487.0,406.0,347.0,True,False,True,True,False,False,1.0,both,0.0019449580855541932,0.0018169694203151502,0.0019006200293582806,0.0041479107256487,0.005396004749745174,0.003920136193749959,-2.7110897534172795,-2.7406523818279838,-2.7211046983092766,-2.3821705993840996,-2.2679276767193306,-2.406698844416635,Y,non-synonymous,0.17363213452511145,0.2569074183685201,0.17182279595287614,1.2456105607997743,1.4814487492162143,1.308255961090361,1.308255961090361
73,ortho,tatttgactttgtctattagagatcca,1.0,ttg,2.0,,YLTLSIRDP,,False,False,7.0,3.0,5.0,704.0,1027.0,601.0,487.0,406.0,347.0,True,False,True,True,False,False,1.0,both,0.0019449580855541932,0.0018169694203151502,0.0019006200293582806,0.0041479107256487,0.005396004749745174,0.003920136193749959,-2.7110897534172795,-2.7406523818279838,-2.7211046983092766,-2.3821705993840996,-2.2679276767193306,-2.406698844416635,L,synonymous,0.17363213452511145,0.2569074183685201,0.17182279595287614,1.2456105607997743,1.4814487492162143,1.308255961090361,1.308255961090361
74,ortho,tatttgactttgtctattagagatcca,2.0,act,3.0,,YLTLSIRDP,,False,False,7.0,3.0,5.0,704.0,1027.0,601.0,487.0,406.0,347.0,True,False,True,True,False,False,1.0,both,0.0019449580855541932,0.0018169694203151502,0.0019006200293582806,0.0041479107256487,0.005396004749745174,0.003920136193749959,-2.7110897534172795,-2.7406523818279838,-2.7211046983092766,-2.3821705993840996,-2.2679276767193306,-2.406698844416635,T,non-synonymous,0.17363213452511145,0.2569074183685201,0.17182279595287614,1.2456105607997743,1.4814487492162143,1.308255961090361,1.308255961090361
75,ortho,tatttgactttgtctattagagatcca,3.0,ttg,4.0,,YLTLSIRDP,,False,False,7.0,3.0,5.0,704.0,1027.0,601.0,487.0,406.0,347.0,True,False,True,True,False,False,1.0,both,0.0019449580855541932,0.0018169694203151502,0.0019006200293582806,0.0041479107256487,0.005396004749745174,0.003920136193749959,-2.7110897534172795,-2.7406523818279838,-2.7211046983092766,-2.3821705993840996,-2.2679276767193306,-2.406698844416635,L,synonymous,0.17363213452511145,0.2569074183685201,0.17182279595287614,1.2456105607997743,1.4814487492162143,1.308255961090361,1.308255961090361
76,ortho,tatttgactttgtctattagagatcca,5.0,att,5.0,,YLTLSIRDP,,False,False,7.0,3.0,5.0,704.0,1027.0,601.0,487.0,406.0,347.0,True,False,True,True,False,False,1.0,both,0.0019449580855541932,0.0018169694203151502,0.0019006200293582806,0.0041479107256487,0.005396004749745174,0.003920136193749959,-2.7110897534172795,-2.7406523818279838,-2.7211046983092766,-2.3821705993840996,-2.2679276767193306,-2.406698844416635,I,non-synonymous,0.17363213452511145,0.2569074183685201,0.17182279595287614,1.2456105607997743,1.4814487492162143,1.308255961090361,1.308255961090361
77,ortho,tatttgactttgtctttgagagatcca,0.0,tat,1.0,,YLTLSLRDP,,False,False,5.0,2.0,4.0,1580.0,2370.0,1333.0,1050.0,983.0,717.0,True,False,True,True,False,False,1.0,both,0.004193441457560376,0.004399214138349243,0.003927217755186995,0.009309231458132027,0.012452318653258094,0.008694744669332273,-2.3774294155619757,-2.356624897573042,-2.40591501743235,-2.031086171571789,-1.904749774306505,-2.060743167005515,Y,non-synonymous,0.18283008452071262,0.24557648476755672,0.18863641274573226,1.2548085107953755,1.470117815615251,1.325069577883217,1.325069577883217
78,ortho,tatttgactttgtctttgagagatcca,1.0,ttg,2.0,,YLTLSLRDP,,False,False,5.0,2.0,4.0,1580.0,2370.0,1333.0,1050.0,983.0,717.0,True,False,True,True,False,False,1.0,both,0.004193441457560376,0.004399214138349243,0.003927217755186995,0.009309231458132027,0.012452318653258094,0.008694744669332273,-2.3774294155619757,-2.356624897573042,-2.40591501743235,-2.031086171571789,-1.904749774306505,-2.060743167005515,L,synonymous,0.18283008452071262,0.24557648476755672,0.18863641274573226,1.2548085107953755,1.470117815615251,1.325069577883217,1.325069577883217
79,ortho,tatttgactttgtctttgagagatcca,2.0,act,3.0,,YLTLSLRDP,,False,False,5.0,2.0,4.0,1580.0,2370.0,1333.0,1050.0,983.0,717.0,True,False,True,True,False,False,1.0,both,0.004193441457560376,0.004399214138349243,0.003927217755186995,0.009309231458132027,0.012452318653258094,0.008694744669332273,-2.3774294155619757,-2.356624897573042,-2.40591501743235,-2.031086171571789,-1.904749774306505,-2.060743167005515,T,non-synonymous,0.18283008452071262,0.24557648476755672,0.18863641274573226,1.2548085107953755,1.470117815615251,1.325069577883217,1.325069577883217
80,ortho,tatttgactttgtctttgagagatcca,3.0,ttg,4.0,,YLTLSLRDP,,False,False,5.0,2.0,4.0,1580.0,2370.0,1333.0,1050.0,983.0,717.0,True,False,True,True,False,False,1.0,both,0.004193441457560376,0.004399214138349243,0.003927217755186995,0.009309231458132027,0.012452318653258094,0.008694744669332273,-2.3774294155619757,-2.356624897573042,-2.40591501743235,-2.031086171571789,-1.904749774306505,-2.060743167005515,L,synonymous,0.18283008452071262,0.24557648476755672,0.18863641274573226,1.2548085107953755,1.470117815615251,1.325069577883217,1.325069577883217
81,ortho,tatttgactttgtcttttaaagatcca,0.0,tat,1.0,,YLTLSFKDP,,False,False,7.0,4.0,6.0,757.0,1173.0,756.0,619.0,516.0,462.0,True,False,True,True,False,False,1.0,both,0.002472133583076069,0.0023092517755729496,0.0025305085117104486,0.00446018241380123,0.006163109611929006,0.004931153015765339,-2.606928065611796,-2.6365287137779663,-2.596792197544025,-2.350647379026139,-2.2102001082010796,-2.3070515209181677,Y,non-synonymous,0.13528723427562958,0.23169294993845288,0.15834327682757568,1.2072656605502923,1.456234280786147,1.2947764419650605,1.2947764419650605
82,ortho,tatttgactttgtcttttaaagatcca,1.0,ttg,2.0,,YLTLSFKDP,,False,False,7.0,4.0,6.0,757.0,1173.0,756.0,619.0,516.0,462.0,True,False,True,True,False,False,1.0,both,0.002472133583076069,0.0023092517755729496,0.0025305085117104486,0.00446018241380123,0.006163109611929006,0.004931153015765339,-2.606928065611796,-2.6365287137779663,-2.596792197544025,-2.350647379026139,-2.2102001082010796,-2.3070515209181677,L,synonymous,0.13528723427562958,0.23169294993845288,0.15834327682757568,1.2072656605502923,1.456234280786147,1.2947764419650605,1.2947764419650605
83,ortho,tatttgactttgtcttttaaagatcca,2.0,act,3.0,,YLTLSFKDP,,False,False,7.0,4.0,6.0,757.0,1173.0,756.0,619.0,516.0,462.0,True,False,True,True,False,False,1.0,both,0.002472133583076069,0.0023092517755729496,0.0025305085117104486,0.00446018241380123,0.006163109611929006,0.004931153015765339,-2.606928065611796,-2.6365287137779663,-2.596792197544025,-2.350647379026139,-2.2102001082010796,-2.3070515209181677,T,non-synonymous,0.13528723427562958,0.23169294993845288,0.15834327682757568,1.2072656605502923,1.456234280786147,1.2947764419650605,1.2947764419650605
84,ortho,tatttgactttgtcttttaaagatcca,3.0,ttg,4.0,,YLTLSFKDP,,False,False,7.0,4.0,6.0,757.0,1173.0,756.0,619.0,516.0,462.0,True,False,True,True,False,False,1.0,both,0.002472133583076069,0.0023092517755729496,0.0025305085117104486,0.00446018241380123,0.006163109611929006,0.004931153015765339,-2.606928065611796,-2.6365287137779663,-2.596792197544025,-2.350647379026139,-2.2102001082010796,-2.3070515209181677,L,synonymous,0.13528723427562958,0.23169294993845288,0.15834327682757568,1.2072656605502923,1.456234280786147,1.2947764419650605,1.2947764419650605
85,ortho,tatttgactttgtcttttaaagatcca,5.0,ttt,5.0,,YLTLSFKDP,,False,False,7.0,4.0,6.0,757.0,1173.0,756.0,619.0,516.0,462.0,True,False,True,True,False,False,1.0,both,0.002472133583076069,0.0023092517755729496,0.0025305085117104486,0.00446018241380123,0.006163109611929006,0.004931153015765339,-2.606928065611796,-2.6365287137779663,-2.596792197544025,-2.350647379026139,-2.2102001082010796,-2.3070515209181677,F,non-synonymous,0.13528723427562958,0.23169294993845288,0.15834327682757568,1.2072656605502923,1.456234280786147,1.2947764419650605,1.2947764419650605
86,ortho,tatttgactttgtcttttaaagatcca,6.0,aaa,6.0,,YLTLSFKDP,,False,False,7.0,4.0,6.0,757.0,1173.0,756.0,619.0,516.0,462.0,True,False,True,True,False,False,1.0,both,0.002472133583076069,0.0023092517755729496,0.0025305085117104486,0.00446018241380123,0.006163109611929006,0.004931153015765339,-2.606928065611796,-2.6365287137779663,-2.596792197544025,-2.350647379026139,-2.2102001082010796,-2.3070515209181677,K,non-synonymous,0.13528723427562958,0.23169294993845288,0.15834327682757568,1.2072656605502923,1.456234280786147,1.2947764419650605,1.2947764419650605
87,ortho,tatttgactttgtcttttagagatcca,0.0,tat,1.0,,YLTLSFRDP,,False,False,6.0,3.0,5.0,845.0,1198.0,785.0,527.0,483.0,387.0,True,False,True,True,False,False,1.0,both,0.002104708236318398,0.0021615670689956097,0.002119711675393817,0.004978671254507318,0.006294463184220758,0.0051203110018198305,-2.6768080994193673,-2.6652312846536654,-2.673723208081239,-2.3028865495765194,-2.201041302263316,-2.2907036596741217,Y,non-synonymous,0.1973883127450893,0.252269129833237,0.2093201793068112,1.269366739019752,1.4768104606809311,1.345753344444296,1.345753344444296
88,ortho,tatttgactttgtcttttagagatcca,1.0,ttg,2.0,,YLTLSFRDP,,False,False,6.0,3.0,5.0,845.0,1198.0,785.0,527.0,483.0,387.0,True,False,True,True,False,False,1.0,both,0.002104708236318398,0.0021615670689956097,0.002119711675393817,0.004978671254507318,0.006294463184220758,0.0051203110018198305,-2.6768080994193673,-2.6652312846536654,-2.673723208081239,-2.3028865495765194,-2.201041302263316,-2.2907036596741217,L,synonymous,0.1973883127450893,0.252269129833237,0.2093201793068112,1.269366739019752,1.4768104606809311,1.345753344444296,1.345753344444296
89,ortho,tatttgactttgtcttttagagatcca,2.0,act,3.0,,YLTLSFRDP,,False,False,6.0,3.0,5.0,845.0,1198.0,785.0,527.0,483.0,387.0,True,False,True,True,False,False,1.0,both,0.002104708236318398,0.0021615670689956097,0.002119711675393817,0.004978671254507318,0.006294463184220758,0.0051203110018198305,-2.6768080994193673,-2.6652312846536654,-2.673723208081239,-2.3028865495765194,-2.201041302263316,-2.2907036596741217,T,non-synonymous,0.1973883127450893,0.252269129833237,0.2093201793068112,1.269366739019752,1.4768104606809311,1.345753344444296,1.345753344444296
90,ortho,tatttgactttgtcttttagagatcca,3.0,ttg,4.0,,YLTLSFRDP,,False,False,6.0,3.0,5.0,845.0,1198.0,785.0,527.0,483.0,387.0,True,False,True,True,False,False,1.0,both,0.002104708236318398,0.0021615670689956097,0.002119711675393817,0.004978671254507318,0.006294463184220758,0.0051203110018198305,-2.6768080994193673,-2.6652312846536654,-2.673723208081239,-2.3028865495765194,-2.201041302263316,-2.2907036596741217,L,synonymous,0.1973883127450893,0.252269129833237,0.2093201793068112,1.269366739019752,1.4768104606809311,1.345753344444296,1.345753344444296
91,ortho,tatttgactttgtcttttagagatcca,5.0,ttt,5.0,,YLTLSFRDP,,False,False,6.0,3.0,5.0,845.0,1198.0,785.0,527.0,483.0,387.0,True,False,True,True,False,False,1.0,both,0.002104708236318398,0.0021615670689956097,0.002119711675393817,0.004978671254507318,0.006294463184220758,0.0051203110018198305,-2.6768080994193673,-2.6652312846536654,-2.673723208081239,-2.3028865495765194,-2.201041302263316,-2.2907036596741217,F,non-synonymous,0.1973883127450893,0.252269129833237,0.2093201793068112,1.269366739019752,1.4768104606809311,1.345753344444296,1.345753344444296
92,ortho,tatttgactttgtcttttagagatgct,0.0,tat,1.0,,YLTLSFRDA,,False,False,8.0,4.0,6.0,604.0,815.0,570.0,426.0,326.0,269.0,True,False,True,True,False,False,1.0,both,0.001701339105638781,0.001458945889218569,0.001473391319588984,0.0035587188612099642,0.004282126456711117,0.003717932829346883,-2.769209115529195,-2.8359608153372386,-2.8316818930977425,-2.44870631990508,-2.368340511576632,-2.429698460746883,Y,non-synonymous,0.1691892486135573,0.25413337555148136,0.21968394168908625,1.24116767488822,1.4786747063991756,1.3561171068265712,1.3561171068265712
93,ortho,tatttgactttgtcttttagagatgct,1.0,ttg,2.0,,YLTLSFRDA,,False,False,8.0,4.0,6.0,604.0,815.0,570.0,426.0,326.0,269.0,True,False,True,True,False,False,1.0,both,0.001701339105638781,0.001458945889218569,0.001473391319588984,0.0035587188612099642,0.004282126456711117,0.003717932829346883,-2.769209115529195,-2.8359608153372386,-2.8316818930977425,-2.44870631990508,-2.368340511576632,-2.429698460746883,L,synonymous,0.1691892486135573,0.25413337555148136,0.21968394168908625,1.24116767488822,1.4786747063991756,1.3561171068265712,1.3561171068265712
94,ortho,tatttgactttgtcttttagagatgct,2.0,act,3.0,,YLTLSFRDA,,False,False,8.0,4.0,6.0,604.0,815.0,570.0,426.0,326.0,269.0,True,False,True,True,False,False,1.0,both,0.001701339105638781,0.001458945889218569,0.001473391319588984,0.0035587188612099642,0.004282126456711117,0.003717932829346883,-2.769209115529195,-2.8359608153372386,-2.8316818930977425,-2.44870631990508,-2.368340511576632,-2.429698460746883,T,non-synonymous,0.1691892486135573,0.25413337555148136,0.21968394168908625,1.24116767488822,1.4786747063991756,1.3561171068265712,1.3561171068265712
95,ortho,tatttgactttgtcttttagagatgct,3.0,ttg,4.0,,YLTLSFRDA,,False,False,8.0,4.0,6.0,604.0,815.0,570.0,426.0,326.0,269.0,True,False,True,True,False,False,1.0,both,0.001701339105638781,0.001458945889218569,0.001473391319588984,0.0035587188612099642,0.004282126456711117,0.003717932829346883,-2.769209115529195,-2.8359608153372386,-2.8316818930977425,-2.44870631990508,-2.368340511576632,-2.429698460746883,L,synonymous,0.1691892486135573,0.25413337555148136,0.21968394168908625,1.24116767488822,1.4786747063991756,1.3561171068265712,1.3561171068265712
96,ortho,tatttgactttgtcttttagagatgct,5.0,ttt,5.0,,YLTLSFRDA,,False,False,8.0,4.0,6.0,604.0,815.0,570.0,426.0,326.0,269.0,True,False,True,True,False,False,1.0,both,0.001701339105638781,0.001458945889218569,0.001473391319588984,0.0035587188612099642,0.004282126456711117,0.003717932829346883,-2.769209115529195,-2.8359608153372386,-2.8316818930977425,-2.44870631990508,-2.368340511576632,-2.429698460746883,F,non-synonymous,0.1691892486135573,0.25413337555148136,0.21968394168908625,1.24116767488822,1.4786747063991756,1.3561171068265712,1.3561171068265712
97,ortho,tatttgactttgtcttttagagatgct,8.0,gct,6.0,,YLTLSFRDA,,False,False,8.0,4.0,6.0,604.0,815.0,570.0,426.0,326.0,269.0,True,False,True,True,False,False,1.0,both,0.001701339105638781,0.001458945889218569,0.001473391319588984,0.0035587188612099642,0.004282126456711117,0.003717932829346883,-2.769209115529195,-2.8359608153372386,-2.8316818930977425,-2.44870631990508,-2.368340511576632,-2.429698460746883,A,non-synonymous,0.1691892486135573,0.25413337555148136,0.21968394168908625,1.24116767488822,1.4786747063991756,1.3561171068265712,1.3561171068265712
98,ortho,tatttgactttgtcttttagagatgtt,0.0,tat,1.0,,YLTLSFRDV,,False,False,9.0,4.0,6.0,276.0,316.0,181.0,206.0,195.0,163.0,True,False,True,True,False,False,1.0,both,0.0008227132764356546,0.000872682357047917,0.000892798457594812,0.001626169545850911,0.001660309153767746,0.0011806067405469927,-3.0847514942627607,-3.0591438040426597,-3.0492465686961925,-2.788834176460994,-2.779811037698205,-2.92789474155019,Y,non-synonymous,0.15621089530007545,0.15180645117922636,0.06631877230039163,1.2281893215747381,1.3763477820269205,1.2027519374378763,1.2281893215747381
99,ortho,tatttgactttgtcttttagagatgtt,1.0,ttg,2.0,,YLTLSFRDV,,False,False,9.0,4.0,6.0,276.0,316.0,181.0,206.0,195.0,163.0,True,False,True,True,False,False,1.0,both,0.0008227132764356546,0.000872682357047917,0.000892798457594812,0.001626169545850911,0.001660309153767746,0.0011806067405469927,-3.0847514942627607,-3.0591438040426597,-3.0492465686961925,-2.788834176460994,-2.779811037698205,-2.92789474155019,L,synonymous,0.15621089530007545,0.15180645117922636,0.06631877230039163,1.2281893215747381,1.3763477820269205,1.2027519374378763,1.2281893215747381
100,ortho,tatttgactttgtcttttagagatgtt,2.0,act,3.0,,YLTLSFRDV,,False,False,9.0,4.0,6.0,276.0,316.0,181.0,206.0,195.0,163.0,True,False,True,True,False,False,1.0,both,0.0008227132764356546,0.000872682357047917,0.000892798457594812,0.001626169545850911,0.001660309153767746,0.0011806067405469927,-3.0847514942627607,-3.0591438040426597,-3.0492465686961925,-2.788834176460994,-2.779811037698205,-2.92789474155019,T,non-synonymous,0.15621089530007545,0.15180645117922636,0.06631877230039163,1.2281893215747381,1.3763477820269205,1.2027519374378763,1.2281893215747381
101,ortho,tatttgactttgtcttttagagatgtt,3.0,ttg,4.0,,YLTLSFRDV,,False,False,9.0,4.0,6.0,276.0,316.0,181.0,206.0,195.0,163.0,True,False,True,True,False,False,1.0,both,0.0008227132764356546,0.000872682357047917,0.000892798457594812,0.001626169545850911,0.001660309153767746,0.0011806067405469927,-3.0847514942627607,-3.0591438040426597,-3.0492465686961925,-2.788834176460994,-2.779811037698205,-2.92789474155019,L,synonymous,0.15621089530007545,0.15180645117922636,0.06631877230039163,1.2281893215747381,1.3763477820269205,1.2027519374378763,1.2281893215747381
102,ortho,tatttgactttgtcttttagagatgtt,5.0,ttt,5.0,,YLTLSFRDV,,False,False,9.0,4.0,6.0,276.0,316.0,181.0,206.0,195.0,163.0,True,False,True,True,False,False,1.0,both,0.0008227132764356546,0.000872682357047917,0.000892798457594812,0.001626169545850911,0.001660309153767746,0.0011806067405469927,-3.0847514942627607,-3.0591438040426597,-3.0492465686961925,-2.788834176460994,-2.779811037698205,-2.92789474155019,F,non-synonymous,0.15621089530007545,0.15180645117922636,0.06631877230039163,1.2281893215747381,1.3763477820269205,1.2027519374378763,1.2281893215747381
103,ortho,tatttgactttgtcttttagagatgtt,8.0,gtt,6.0,,YLTLSFRDV,,False,False,9.0,4.0,6.0,276.0,316.0,181.0,206.0,195.0,163.0,True,False,True,True,False,False,1.0,both,0.0008227132764356546,0.000872682357047917,0.000892798457594812,0.001626169545850911,0.001660309153767746,0.0011806067405469927,-3.0847514942627607,-3.0591438040426597,-3.0492465686961925,-2.788834176460994,-2.779811037698205,-2.92789474155019,V,non-synonymous,0.15621089530007545,0.15180645117922636,0.06631877230039163,1.2281893215747381,1.3763477820269205,1.2027519374378763,1.2281893215747381
104,ortho,tatttgactttgtctttttctgatcca,0.0,tat,1.0,,YLTLSFSDP,,False,False,9.0,4.0,6.0,1122.0,1707.0,970.0,701.0,619.0,495.0,True,False,True,True,False,False,1.0,both,0.002799621392142689,0.002770207071859798,0.002711259119689766,0.006610732719002616,0.00896882191608083,0.006327008499063994,-2.5529006966652554,-2.5574877663850595,-2.5668289741665817,-2.179750401606069,-2.047264599201875,-2.1988015821531297,Y,non-synonymous,0.1969811773967587,0.27728636827371606,0.20112696599023624,1.2689596036714215,1.5018276991214103,1.337560131127721,1.337560131127721
105,ortho,tatttgactttgtctttttctgatcca,1.0,ttg,2.0,,YLTLSFSDP,,False,False,9.0,4.0,6.0,1122.0,1707.0,970.0,701.0,619.0,495.0,True,False,True,True,False,False,1.0,both,0.002799621392142689,0.002770207071859798,0.002711259119689766,0.006610732719002616,0.00896882191608083,0.006327008499063994,-2.5529006966652554,-2.5574877663850595,-2.5668289741665817,-2.179750401606069,-2.047264599201875,-2.1988015821531297,L,synonymous,0.1969811773967587,0.27728636827371606,0.20112696599023624,1.2689596036714215,1.5018276991214103,1.337560131127721,1.337560131127721
106,ortho,tatttgactttgtctttttctgatcca,2.0,act,3.0,,YLTLSFSDP,,False,False,9.0,4.0,6.0,1122.0,1707.0,970.0,701.0,619.0,495.0,True,False,True,True,False,False,1.0,both,0.002799621392142689,0.002770207071859798,0.002711259119689766,0.006610732719002616,0.00896882191608083,0.006327008499063994,-2.5529006966652554,-2.5574877663850595,-2.5668289741665817,-2.179750401606069,-2.047264599201875,-2.1988015821531297,T,non-synonymous,0.1969811773967587,0.27728636827371606,0.20112696599023624,1.2689596036714215,1.5018276991214103,1.337560131127721,1.337560131127721
107,ortho,tatttgactttgtctttttctgatcca,3.0,ttg,4.0,,YLTLSFSDP,,False,False,9.0,4.0,6.0,1122.0,1707.0,970.0,701.0,619.0,495.0,True,False,True,True,False,False,1.0,both,0.002799621392142689,0.002770207071859798,0.002711259119689766,0.006610732719002616,0.00896882191608083,0.006327008499063994,-2.5529006966652554,-2.5574877663850595,-2.5668289741665817,-2.179750401606069,-2.047264599201875,-2.1988015821531297,L,synonymous,0.1969811773967587,0.27728636827371606,0.20112696599023624,1.2689596036714215,1.5018276991214103,1.337560131127721,1.337560131127721
108,ortho,tatttgactttgtctttttctgatcca,5.0,ttt,5.0,,YLTLSFSDP,,False,False,9.0,4.0,6.0,1122.0,1707.0,970.0,701.0,619.0,495.0,True,False,True,True,False,False,1.0,both,0.002799621392142689,0.002770207071859798,0.002711259119689766,0.006610732719002616,0.00896882191608083,0.006327008499063994,-2.5529006966652554,-2.5574877663850595,-2.5668289741665817,-2.179750401606069,-2.047264599201875,-2.1988015821531297,F,non-synonymous,0.1969811773967587,0.27728636827371606,0.20112696599023624,1.2689596036714215,1.5018276991214103,1.337560131127721,1.337560131127721
109,ortho,tatttgactttgtctttttctgatcca,6.0,tct,6.0,,YLTLSFSDP,,False,False,9.0,4.0,6.0,1122.0,1707.0,970.0,701.0,619.0,495.0,True,False,True,True,False,False,1.0,both,0.002799621392142689,0.002770207071859798,0.002711259119689766,0.006610732719002616,0.00896882191608083,0.006327008499063994,-2.5529006966652554,-2.5574877663850595,-2.5668289741665817,-2.179750401606069,-2.047264599201875,-2.1988015821531297,S,non-synonymous,0.1969811773967587,0.27728636827371606,0.20112696599023624,1.2689596036714215,1.5018276991214103,1.337560131127721,1.337560131127721
110,ortho,tatttgattttgtctattagagatcca,0.0,tat,1.0,,YLILSIRDP,,False,False,6.0,3.0,5.0,135.0,224.0,157.0,131.0,115.0,92.0,True,False,True,True,False,False,1.0,both,0.0005231817437527707,0.0005146588259513356,0.0005039107858817344,0.0007954090169922934,0.0011769280077340983,0.0010240622003639661,-3.2813474189761496,-3.2884805750515658,-3.297646345754595,-3.0994094900312055,-2.929250101982446,-2.9896736640101405,Y,non-synonymous,0.09604266144562074,0.19522773495469786,0.16830706743935694,1.1680210877202835,1.419769065802392,1.3047402325768418,1.3047402325768418
111,ortho,tatttgattttgtctattagagatcca,1.0,ttg,2.0,,YLILSIRDP,,False,False,6.0,3.0,5.0,135.0,224.0,157.0,131.0,115.0,92.0,True,False,True,True,False,False,1.0,both,0.0005231817437527707,0.0005146588259513356,0.0005039107858817344,0.0007954090169922934,0.0011769280077340983,0.0010240622003639661,-3.2813474189761496,-3.2884805750515658,-3.297646345754595,-3.0994094900312055,-2.929250101982446,-2.9896736640101405,L,synonymous,0.09604266144562074,0.19522773495469786,0.16830706743935694,1.1680210877202835,1.419769065802392,1.3047402325768418,1.3047402325768418
112,ortho,tatttgattttgtctattagagatcca,2.0,att,3.0,,YLILSIRDP,,False,False,6.0,3.0,5.0,135.0,224.0,157.0,131.0,115.0,92.0,True,False,True,True,False,False,1.0,both,0.0005231817437527707,0.0005146588259513356,0.0005039107858817344,0.0007954090169922934,0.0011769280077340983,0.0010240622003639661,-3.2813474189761496,-3.2884805750515658,-3.297646345754595,-3.0994094900312055,-2.929250101982446,-2.9896736640101405,I,non-synonymous,0.09604266144562074,0.19522773495469786,0.16830706743935694,1.1680210877202835,1.419769065802392,1.3047402325768418,1.3047402325768418
113,ortho,tatttgattttgtctattagagatcca,3.0,ttg,4.0,,YLILSIRDP,,False,False,6.0,3.0,5.0,135.0,224.0,157.0,131.0,115.0,92.0,True,False,True,True,False,False,1.0,both,0.0005231817437527707,0.0005146588259513356,0.0005039107858817344,0.0007954090169922934,0.0011769280077340983,0.0010240622003639661,-3.2813474189761496,-3.2884805750515658,-3.297646345754595,-3.0994094900312055,-2.929250101982446,-2.9896736640101405,L,synonymous,0.09604266144562074,0.19522773495469786,0.16830706743935694,1.1680210877202835,1.419769065802392,1.3047402325768418,1.3047402325768418
114,ortho,tatttgattttgtctattagagatcca,5.0,att,5.0,,YLILSIRDP,,False,False,6.0,3.0,5.0,135.0,224.0,157.0,131.0,115.0,92.0,True,False,True,True,False,False,1.0,both,0.0005231817437527707,0.0005146588259513356,0.0005039107858817344,0.0007954090169922934,0.0011769280077340983,0.0010240622003639661,-3.2813474189761496,-3.2884805750515658,-3.297646345754595,-3.0994094900312055,-2.929250101982446,-2.9896736640101405,I,non-synonymous,0.09604266144562074,0.19522773495469786,0.16830706743935694,1.1680210877202835,1.419769065802392,1.3047402325768418,1.3047402325768418
115,ortho,tatttgattttgtctttgagagatcca,0.0,tat,1.0,,YLILSLRDP,,False,False,4.0,2.0,4.0,307.0,478.0,271.0,261.0,208.0,205.0,True,False,True,True,False,False,1.0,both,0.0010423697337364362,0.0009308611808511115,0.0011228446859321253,0.001808819023826919,0.002511480302218299,0.0017676487662333428,-2.981978207293633,-3.031115080442416,-2.949680312044396,-2.742604883049025,-2.60007022370449,-2.7526040255449686,Y,non-synonymous,0.12636205805384673,0.2342560482852628,0.10770218856645206,1.1983404843285095,1.4587973791329572,1.2441353537039368,1.2441353537039368
116,ortho,tatttgattttgtctttgagagatcca,1.0,ttg,2.0,,YLILSLRDP,,False,False,4.0,2.0,4.0,307.0,478.0,271.0,261.0,208.0,205.0,True,False,True,True,False,False,1.0,both,0.0010423697337364362,0.0009308611808511115,0.0011228446859321253,0.001808819023826919,0.002511480302218299,0.0017676487662333428,-2.981978207293633,-3.031115080442416,-2.949680312044396,-2.742604883049025,-2.60007022370449,-2.7526040255449686,L,synonymous,0.12636205805384673,0.2342560482852628,0.10770218856645206,1.1983404843285095,1.4587973791329572,1.2441353537039368,1.2441353537039368
117,ortho,tatttgattttgtctttgagagatcca,2.0,att,3.0,,YLILSLRDP,,False,False,4.0,2.0,4.0,307.0,478.0,271.0,261.0,208.0,205.0,True,False,True,True,False,False,1.0,both,0.0010423697337364362,0.0009308611808511115,0.0011228446859321253,0.001808819023826919,0.002511480302218299,0.0017676487662333428,-2.981978207293633,-3.031115080442416,-2.949680312044396,-2.742604883049025,-2.60007022370449,-2.7526040255449686,I,non-synonymous,0.12636205805384673,0.2342560482852628,0.10770218856645206,1.1983404843285095,1.4587973791329572,1.2441353537039368,1.2441353537039368
118,ortho,tatttgattttgtctttgagagatcca,3.0,ttg,4.0,,YLILSLRDP,,False,False,4.0,2.0,4.0,307.0,478.0,271.0,261.0,208.0,205.0,True,False,True,True,False,False,1.0,both,0.0010423697337364362,0.0009308611808511115,0.0011228446859321253,0.001808819023826919,0.002511480302218299,0.0017676487662333428,-2.981978207293633,-3.031115080442416,-2.949680312044396,-2.742604883049025,-2.60007022370449,-2.7526040255449686,L,synonymous,0.12636205805384673,0.2342560482852628,0.10770218856645206,1.1983404843285095,1.4587973791329572,1.2441353537039368,1.2441353537039368
119,ortho,tatttgattttgtcttttagagatcca,0.0,tat,1.0,,YLILSFRDP,,False,False,5.0,3.0,5.0,2584.0,3770.0,2094.0,1681.0,1467.0,1179.0,True,False,True,True,False,False,1.0,both,0.006713500085865706,0.00656525650148356,0.006457726266897443,0.015224717777096934,0.019808118701596208,0.013658511130969076,-2.173051001192443,-2.182748301561895,-2.1899203680050614,-1.8174507492031653,-1.703156770110816,-1.864596639076551,Y,non-synonymous,0.1877167383944364,0.2606392703511919,0.17778941454887598,1.2596951646690993,1.4851806011988862,1.3142225796863607,1.3142225796863607
120,ortho,tatttgattttgtcttttagagatcca,1.0,ttg,2.0,,YLILSFRDP,,False,False,5.0,3.0,5.0,2584.0,3770.0,2094.0,1681.0,1467.0,1179.0,True,False,True,True,False,False,1.0,both,0.006713500085865706,0.00656525650148356,0.006457726266897443,0.015224717777096934,0.019808118701596208,0.013658511130969076,-2.173051001192443,-2.182748301561895,-2.1899203680050614,-1.8174507492031653,-1.703156770110816,-1.864596639076551,L,synonymous,0.1877167383944364,0.2606392703511919,0.17778941454887598,1.2596951646690993,1.4851806011988862,1.3142225796863607,1.3142225796863607
121,ortho,tatttgattttgtcttttagagatcca,2.0,att,3.0,,YLILSFRDP,,False,False,5.0,3.0,5.0,2584.0,3770.0,2094.0,1681.0,1467.0,1179.0,True,False,True,True,False,False,1.0,both,0.006713500085865706,0.00656525650148356,0.006457726266897443,0.015224717777096934,0.019808118701596208,0.013658511130969076,-2.173051001192443,-2.182748301561895,-2.1899203680050614,-1.8174507492031653,-1.703156770110816,-1.864596639076551,I,non-synonymous,0.1877167383944364,0.2606392703511919,0.17778941454887598,1.2596951646690993,1.4851806011988862,1.3142225796863607,1.3142225796863607
122,ortho,tatttgattttgtcttttagagatcca,3.0,ttg,4.0,,YLILSFRDP,,False,False,5.0,3.0,5.0,2584.0,3770.0,2094.0,1681.0,1467.0,1179.0,True,False,True,True,False,False,1.0,both,0.006713500085865706,0.00656525650148356,0.006457726266897443,0.015224717777096934,0.019808118701596208,0.013658511130969076,-2.173051001192443,-2.182748301561895,-2.1899203680050614,-1.8174507492031653,-1.703156770110816,-1.864596639076551,L,synonymous,0.1877167383944364,0.2606392703511919,0.17778941454887598,1.2596951646690993,1.4851806011988862,1.3142225796863607,1.3142225796863607
123,ortho,tatttgattttgtcttttagagatcca,5.0,ttt,5.0,,YLILSFRDP,,False,False,5.0,3.0,5.0,2584.0,3770.0,2094.0,1681.0,1467.0,1179.0,True,False,True,True,False,False,1.0,both,0.006713500085865706,0.00656525650148356,0.006457726266897443,0.015224717777096934,0.019808118701596208,0.013658511130969076,-2.173051001192443,-2.182748301561895,-2.1899203680050614,-1.8174507492031653,-1.703156770110816,-1.864596639076551,F,non-synonymous,0.1877167383944364,0.2606392703511919,0.17778941454887598,1.2596951646690993,1.4851806011988862,1.3142225796863607,1.3142225796863607
124,ortho,tatttggctttgtcttttaaagatcca,0.0,tat,1.0,,YLALSFKDP,,False,False,6.0,4.0,6.0,736.0,1005.0,607.0,478.0,493.0,376.0,True,False,True,True,False,False,1.0,both,0.001909014301632247,0.0022063200103826825,0.0020594614727340445,0.004336452122269096,0.0052804136061284325,0.003959272328795716,-2.7191908180197952,-2.656331496127948,-2.6862463281724893,-2.3628654441887127,-2.277332058560101,-2.4023846253441166,Y,non-synonymous,0.1880995207640232,0.20597139522525523,0.155130417707076,1.260077947038686,1.4305127260729495,1.2915635828445609,1.2915635828445609
125,ortho,tatttggctttgtcttttaaagatcca,1.0,ttg,2.0,,YLALSFKDP,,False,False,6.0,4.0,6.0,736.0,1005.0,607.0,478.0,493.0,376.0,True,False,True,True,False,False,1.0,both,0.001909014301632247,0.0022063200103826825,0.0020594614727340445,0.004336452122269096,0.0052804136061284325,0.003959272328795716,-2.7191908180197952,-2.656331496127948,-2.6862463281724893,-2.3628654441887127,-2.277332058560101,-2.4023846253441166,L,synonymous,0.1880995207640232,0.20597139522525523,0.155130417707076,1.260077947038686,1.4305127260729495,1.2915635828445609,1.2915635828445609
126,ortho,tatttggctttgtcttttaaagatcca,2.0,gct,3.0,,YLALSFKDP,,False,False,6.0,4.0,6.0,736.0,1005.0,607.0,478.0,493.0,376.0,True,False,True,True,False,False,1.0,both,0.001909014301632247,0.0022063200103826825,0.0020594614727340445,0.004336452122269096,0.0052804136061284325,0.003959272328795716,-2.7191908180197952,-2.656331496127948,-2.6862463281724893,-2.3628654441887127,-2.277332058560101,-2.4023846253441166,A,non-synonymous,0.1880995207640232,0.20597139522525523,0.155130417707076,1.260077947038686,1.4305127260729495,1.2915635828445609,1.2915635828445609
127,ortho,tatttggctttgtcttttaaagatcca,3.0,ttg,4.0,,YLALSFKDP,,False,False,6.0,4.0,6.0,736.0,1005.0,607.0,478.0,493.0,376.0,True,False,True,True,False,False,1.0,both,0.001909014301632247,0.0022063200103826825,0.0020594614727340445,0.004336452122269096,0.0052804136061284325,0.003959272328795716,-2.7191908180197952,-2.656331496127948,-2.6862463281724893,-2.3628654441887127,-2.277332058560101,-2.4023846253441166,L,synonymous,0.1880995207640232,0.20597139522525523,0.155130417707076,1.260077947038686,1.4305127260729495,1.2915635828445609,1.2915635828445609
128,ortho,tatttggctttgtcttttaaagatcca,5.0,ttt,5.0,,YLALSFKDP,,False,False,6.0,4.0,6.0,736.0,1005.0,607.0,478.0,493.0,376.0,True,False,True,True,False,False,1.0,both,0.001909014301632247,0.0022063200103826825,0.0020594614727340445,0.004336452122269096,0.0052804136061284325,0.003959272328795716,-2.7191908180197952,-2.656331496127948,-2.6862463281724893,-2.3628654441887127,-2.277332058560101,-2.4023846253441166,F,non-synonymous,0.1880995207640232,0.20597139522525523,0.155130417707076,1.260077947038686,1.4305127260729495,1.2915635828445609,1.2915635828445609
129,ortho,tatttggctttgtcttttaaagatcca,6.0,aaa,6.0,,YLALSFKDP,,False,False,6.0,4.0,6.0,736.0,1005.0,607.0,478.0,493.0,376.0,True,False,True,True,False,False,1.0,both,0.001909014301632247,0.0022063200103826825,0.0020594614727340445,0.004336452122269096,0.0052804136061284325,0.003959272328795716,-2.7191908180197952,-2.656331496127948,-2.6862463281724893,-2.3628654441887127,-2.277332058560101,-2.4023846253441166,K,non-synonymous,0.1880995207640232,0.20597139522525523,0.155130417707076,1.260077947038686,1.4305127260729495,1.2915635828445609,1.2915635828445609
130,ortho,tatttggctttgtcttttagagatcca,0.0,tat,1.0,,YLALSFRDP,,False,False,5.0,3.0,5.0,846.0,1197.0,697.0,547.0,432.0,410.0,True,False,True,True,False,False,1.0,both,0.0021845833117005004,0.0019333270679215391,0.0022456893718642507,0.004984563173151705,0.006289209041329088,0.004546314354482066,-2.660631388298483,-2.7136946685902656,-2.6486503163804147,-2.302372895487188,-2.201403969910198,-2.342340538321365,Y,non-synonymous,0.18911998907883432,0.27840999090972307,0.1673982905922054,1.261098415353497,1.5029513217574173,1.3038314557296902,1.3038314557296902
131,ortho,tatttggctttgtcttttagagatcca,1.0,ttg,2.0,,YLALSFRDP,,False,False,5.0,3.0,5.0,846.0,1197.0,697.0,547.0,432.0,410.0,True,False,True,True,False,False,1.0,both,0.0021845833117005004,0.0019333270679215391,0.0022456893718642507,0.004984563173151705,0.006289209041329088,0.004546314354482066,-2.660631388298483,-2.7136946685902656,-2.6486503163804147,-2.302372895487188,-2.201403969910198,-2.342340538321365,L,synonymous,0.18911998907883432,0.27840999090972307,0.1673982905922054,1.261098415353497,1.5029513217574173,1.3038314557296902,1.3038314557296902
132,ortho,tatttggctttgtcttttagagatcca,2.0,gct,3.0,,YLALSFRDP,,False,False,5.0,3.0,5.0,846.0,1197.0,697.0,547.0,432.0,410.0,True,False,True,True,False,False,1.0,both,0.0021845833117005004,0.0019333270679215391,0.0022456893718642507,0.004984563173151705,0.006289209041329088,0.004546314354482066,-2.660631388298483,-2.7136946685902656,-2.6486503163804147,-2.302372895487188,-2.201403969910198,-2.342340538321365,A,non-synonymous,0.18911998907883432,0.27840999090972307,0.1673982905922054,1.261098415353497,1.5029513217574173,1.3038314557296902,1.3038314557296902
133,ortho,tatttggctttgtcttttagagatcca,3.0,ttg,4.0,,YLALSFRDP,,False,False,5.0,3.0,5.0,846.0,1197.0,697.0,547.0,432.0,410.0,True,False,True,True,False,False,1.0,both,0.0021845833117005004,0.0019333270679215391,0.0022456893718642507,0.004984563173151705,0.006289209041329088,0.004546314354482066,-2.660631388298483,-2.7136946685902656,-2.6486503163804147,-2.302372895487188,-2.201403969910198,-2.342340538321365,L,synonymous,0.18911998907883432,0.27840999090972307,0.1673982905922054,1.261098415353497,1.5029513217574173,1.3038314557296902,1.3038314557296902
134,ortho,tatttggctttgtcttttagagatcca,5.0,ttt,5.0,,YLALSFRDP,,False,False,5.0,3.0,5.0,846.0,1197.0,697.0,547.0,432.0,410.0,True,False,True,True,False,False,1.0,both,0.0021845833117005004,0.0019333270679215391,0.0022456893718642507,0.004984563173151705,0.006289209041329088,0.004546314354482066,-2.660631388298483,-2.7136946685902656,-2.6486503163804147,-2.302372895487188,-2.201403969910198,-2.342340538321365,F,non-synonymous,0.18911998907883432,0.27840999090972307,0.1673982905922054,1.261098415353497,1.5029513217574173,1.3038314557296902,1.3038314557296902
135,single,tcgttagttttatctttgagagatcca,0.0,tcg,1.0,,SLVLSLRDP,,False,False,2.0,1.0,1.0,1.0,1.0,2.0,17.0,29.0,23.0,True,False,True,True,False,False,1.0,both,6.789381407478703e-05,0.00012978353002251073,0.0001259776964704336,5.891918644387358e-06,5.254142891670082e-06,1.3045378348585554e-05,-4.16816979325364,-3.8867804175062215,-3.8997063370825575,-5.229743258526212,-5.2794981203166085,-4.884543320755393,S,non-synonymous,-0.5603907965539219,-0.7568876889201599,-0.5382134015553199,0.5115876297207409,0.46765364192753434,0.5982197635821649,0.5115876297207409
136,single,tctttagttttatctttgagagatcca,0.0,tct,1.0,,SLVLSLRDP,,False,False,1.0,1.0,1.0,4643.0,5294.0,3769.0,2649.0,2226.0,1803.0,True,False,True,True,False,False,1.0,both,0.010579453734359461,0.009962004752762375,0.009875555945051816,0.027356178265890506,0.027815432468501412,0.024584015497909478,-1.9755367563346828,-2.001653255406488,-2.0054384463777484,-1.5629445748600377,-1.5557141833512793,-1.6093471789697693,S,non-synonymous,0.21780203517910093,0.24235047272391883,0.21646387360776193,1.2897804614537638,1.466891803571613,1.3528970387452468,1.3528970387452468
137,ortho,tctttgactttgtcttttagagatgtt,0.0,tct,1.0,,SLTLSFRDV,,False,False,9.0,4.0,6.0,2992.0,4359.0,2461.0,1942.0,1521.0,1354.0,True,False,True,True,False,False,1.0,both,0.0077558698196021425,0.0068069223849737525,0.0074162522183029165,0.017628620584006976,0.022902808864789886,0.016052338057934525,-2.110369489059928,-2.1670492013521794,-2.1298155087510247,-1.753781669333788,-1.6401112512989249,-1.794461702716572,S,non-synonymous,0.1882380625314984,0.2863702000881609,0.18327085158520567,1.260216488806161,1.5109115309358552,1.3197040167226906,1.3197040167226906
138,ortho,tctttgactttgtcttttagagatgtt,1.0,ttg,2.0,,SLTLSFRDV,,False,False,9.0,4.0,6.0,2992.0,4359.0,2461.0,1942.0,1521.0,1354.0,True,False,True,True,False,False,1.0,both,0.0077558698196021425,0.0068069223849737525,0.0074162522183029165,0.017628620584006976,0.022902808864789886,0.016052338057934525,-2.110369489059928,-2.1670492013521794,-2.1298155087510247,-1.753781669333788,-1.6401112512989249,-1.794461702716572,L,synonymous,0.1882380625314984,0.2863702000881609,0.18327085158520567,1.260216488806161,1.5109115309358552,1.3197040167226906,1.3197040167226906
139,ortho,tctttgactttgtcttttagagatgtt,2.0,act,3.0,,SLTLSFRDV,,False,False,9.0,4.0,6.0,2992.0,4359.0,2461.0,1942.0,1521.0,1354.0,True,False,True,True,False,False,1.0,both,0.0077558698196021425,0.0068069223849737525,0.0074162522183029165,0.017628620584006976,0.022902808864789886,0.016052338057934525,-2.110369489059928,-2.1670492013521794,-2.1298155087510247,-1.753781669333788,-1.6401112512989249,-1.794461702716572,T,non-synonymous,0.1882380625314984,0.2863702000881609,0.18327085158520567,1.260216488806161,1.5109115309358552,1.3197040167226906,1.3197040167226906
140,ortho,tctttgactttgtcttttagagatgtt,3.0,ttg,4.0,,SLTLSFRDV,,False,False,9.0,4.0,6.0,2992.0,4359.0,2461.0,1942.0,1521.0,1354.0,True,False,True,True,False,False,1.0,both,0.0077558698196021425,0.0068069223849737525,0.0074162522183029165,0.017628620584006976,0.022902808864789886,0.016052338057934525,-2.110369489059928,-2.1670492013521794,-2.1298155087510247,-1.753781669333788,-1.6401112512989249,-1.794461702716572,L,synonymous,0.1882380625314984,0.2863702000881609,0.18327085158520567,1.260216488806161,1.5109115309358552,1.3197040167226906,1.3197040167226906
141,ortho,tctttgactttgtcttttagagatgtt,5.0,ttt,5.0,,SLTLSFRDV,,False,False,9.0,4.0,6.0,2992.0,4359.0,2461.0,1942.0,1521.0,1354.0,True,False,True,True,False,False,1.0,both,0.0077558698196021425,0.0068069223849737525,0.0074162522183029165,0.017628620584006976,0.022902808864789886,0.016052338057934525,-2.110369489059928,-2.1670492013521794,-2.1298155087510247,-1.753781669333788,-1.6401112512989249,-1.794461702716572,F,non-synonymous,0.1882380625314984,0.2863702000881609,0.18327085158520567,1.260216488806161,1.5109115309358552,1.3197040167226906,1.3197040167226906
142,ortho,tctttgactttgtcttttagagatgtt,8.0,gtt,6.0,,SLTLSFRDV,,False,False,9.0,4.0,6.0,2992.0,4359.0,2461.0,1942.0,1521.0,1354.0,True,False,True,True,False,False,1.0,both,0.0077558698196021425,0.0068069223849737525,0.0074162522183029165,0.017628620584006976,0.022902808864789886,0.016052338057934525,-2.110369489059928,-2.1670492013521794,-2.1298155087510247,-1.753781669333788,-1.6401112512989249,-1.794461702716572,V,non-synonymous,0.1882380625314984,0.2863702000881609,0.18327085158520567,1.260216488806161,1.5109115309358552,1.3197040167226906,1.3197040167226906
143,single,tggttagttttatctttgagagatcca,0.0,tgg,1.0,,WLVLSLRDP,,False,False,2.0,1.0,1.0,1.0,2.0,1.0,3.0,7.0,9.0,True,False,True,True,False,False,2.0,both,1.1981261307315359e-05,3.1327058970950864e-05,4.929562035799575e-05,5.891918644387358e-06,1.0508285783340164e-05,6.522689174292777e-06,-4.921497459912252,-4.504080375390921,-4.307191663660825,-5.229743258526212,-4.978468124652627,-5.185573316419374,W,non-synonymous,-0.16271893964053102,-0.2578112179274954,-0.4800355642939715,0.9092594866341317,0.9667301129201988,0.6563976008435133,0.9092594866341317
144,single,tgtttagttttatctttgagagatcca,0.0,tgt,1.0,,CLVLSLRDP,,False,False,1.0,1.0,1.0,1.0,1.0,2.0,2.0,1.0,6.0,True,False,True,True,False,False,2.0,both,7.987507538210239e-06,4.4752941387072664e-06,3.28637469053305e-05,5.891918644387358e-06,5.254142891670082e-06,1.3045378348585554e-05,-5.097588718967932,-5.349178415405178,-4.483282922716507,-5.229743258526212,-5.2794981203166085,-4.884543320755393,C,non-synonymous,-0.06976265902828065,0.037868519518662276,-0.2192888034449508,1.002215767246382,1.2624098503663566,0.917144361692534,1.002215767246382
145,ortho,ttgcaaattagaccattgattgctcca,0.0,ttg,1.0,,LQIRPLIAP,,False,False,11.0,7.0,7.0,1702.0,2515.0,1451.0,995.0,897.0,751.0,True,False,True,True,False,False,1.0,both,0.003973785000259594,0.004014338842420418,0.0041134456543172005,0.010028045532747283,0.013214169372550256,0.00946442199189882,-2.4007956338861884,-2.3963859723610854,-2.385794236095982,-1.9987837027776427,-1.8789601309246626,-2.0239059039816385,L,non-synonymous,0.21221685890599576,0.2812007404817935,0.19777196981784562,1.2841952851806586,1.5057420713294878,1.3342051349553303,1.3342051349553303
146,ortho,ttgcaaattagaccattgattgctcca,1.0,caa,2.0,,LQIRPLIAP,,False,False,11.0,7.0,7.0,1702.0,2515.0,1451.0,995.0,897.0,751.0,True,False,True,True,False,False,1.0,both,0.003973785000259594,0.004014338842420418,0.0041134456543172005,0.010028045532747283,0.013214169372550256,0.00946442199189882,-2.4007956338861884,-2.3963859723610854,-2.385794236095982,-1.9987837027776427,-1.8789601309246626,-2.0239059039816385,Q,non-synonymous,0.21221685890599576,0.2812007404817935,0.19777196981784562,1.2841952851806586,1.5057420713294878,1.3342051349553303,1.3342051349553303
147,ortho,ttgcaaattagaccattgattgctcca,2.0,att,3.0,,LQIRPLIAP,,False,False,11.0,7.0,7.0,1702.0,2515.0,1451.0,995.0,897.0,751.0,True,False,True,True,False,False,1.0,both,0.003973785000259594,0.004014338842420418,0.0041134456543172005,0.010028045532747283,0.013214169372550256,0.00946442199189882,-2.4007956338861884,-2.3963859723610854,-2.385794236095982,-1.9987837027776427,-1.8789601309246626,-2.0239059039816385,I,non-synonymous,0.21221685890599576,0.2812007404817935,0.19777196981784562,1.2841952851806586,1.5057420713294878,1.3342051349553303,1.3342051349553303
148,ortho,ttgcaaattagaccattgattgctcca,3.0,aga,4.0,,LQIRPLIAP,,False,False,11.0,7.0,7.0,1702.0,2515.0,1451.0,995.0,897.0,751.0,True,False,True,True,False,False,1.0,both,0.003973785000259594,0.004014338842420418,0.0041134456543172005,0.010028045532747283,0.013214169372550256,0.00946442199189882,-2.4007956338861884,-2.3963859723610854,-2.385794236095982,-1.9987837027776427,-1.8789601309246626,-2.0239059039816385,R,non-synonymous,0.21221685890599576,0.2812007404817935,0.19777196981784562,1.2841952851806586,1.5057420713294878,1.3342051349553303,1.3342051349553303
149,ortho,ttgcaaattagaccattgattgctcca,4.0,cca,5.0,,LQIRPLIAP,,False,False,11.0,7.0,7.0,1702.0,2515.0,1451.0,995.0,897.0,751.0,True,False,True,True,False,False,1.0,both,0.003973785000259594,0.004014338842420418,0.0041134456543172005,0.010028045532747283,0.013214169372550256,0.00946442199189882,-2.4007956338861884,-2.3963859723610854,-2.385794236095982,-1.9987837027776427,-1.8789601309246626,-2.0239059039816385,P,non-synonymous,0.21221685890599576,0.2812007404817935,0.19777196981784562,1.2841952851806586,1.5057420713294878,1.3342051349553303,1.3342051349553303
150,ortho,ttgcaaattagaccattgattgctcca,6.0,att,6.0,,LQIRPLIAP,,False,False,11.0,7.0,7.0,1702.0,2515.0,1451.0,995.0,897.0,751.0,True,False,True,True,False,False,1.0,both,0.003973785000259594,0.004014338842420418,0.0041134456543172005,0.010028045532747283,0.013214169372550256,0.00946442199189882,-2.4007956338861884,-2.3963859723610854,-2.385794236095982,-1.9987837027776427,-1.8789601309246626,-2.0239059039816385,I,non-synonymous,0.21221685890599576,0.2812007404817935,0.19777196981784562,1.2841952851806586,1.5057420713294878,1.3342051349553303,1.3342051349553303
151,ortho,ttgcaaattagaccattgattgctcca,7.0,gct,7.0,,LQIRPLIAP,,False,False,11.0,7.0,7.0,1702.0,2515.0,1451.0,995.0,897.0,751.0,True,False,True,True,False,False,1.0,both,0.003973785000259594,0.004014338842420418,0.0041134456543172005,0.010028045532747283,0.013214169372550256,0.00946442199189882,-2.4007956338861884,-2.3963859723610854,-2.385794236095982,-1.9987837027776427,-1.8789601309246626,-2.0239059039816385,A,non-synonymous,0.21221685890599576,0.2812007404817935,0.19777196981784562,1.2841952851806586,1.5057420713294878,1.3342051349553303,1.3342051349553303
152,ortho,ttgcaagttaaaccaatgattaaacca,0.0,ttg,1.0,,LQVKPMIKP,,False,False,12.0,7.0,7.0,773.0,1203.0,774.0,501.0,494.0,347.0,True,False,True,True,False,False,1.0,both,0.0020008706383216647,0.0022107953045213896,0.0019006200293582806,0.004554453112111428,0.006320733898679109,0.00504856142090261,-2.698780988764668,-2.6554514664815305,-2.7211046983092766,-2.341563764607887,-2.199232492976764,-2.296832355736482,L,non-synonymous,0.18857031692724222,0.24793719775425485,0.23186483089855792,1.260548743201905,1.472478528601949,1.3682979960360426,1.3682979960360426
153,ortho,ttgcaagttaaaccaatgattaaacca,1.0,caa,2.0,,LQVKPMIKP,,False,False,12.0,7.0,7.0,773.0,1203.0,774.0,501.0,494.0,347.0,True,False,True,True,False,False,1.0,both,0.0020008706383216647,0.0022107953045213896,0.0019006200293582806,0.004554453112111428,0.006320733898679109,0.00504856142090261,-2.698780988764668,-2.6554514664815305,-2.7211046983092766,-2.341563764607887,-2.199232492976764,-2.296832355736482,Q,non-synonymous,0.18857031692724222,0.24793719775425485,0.23186483089855792,1.260548743201905,1.472478528601949,1.3682979960360426,1.3682979960360426
154,ortho,ttgcaagttaaaccaatgattaaacca,3.0,aaa,3.0,,LQVKPMIKP,,False,False,12.0,7.0,7.0,773.0,1203.0,774.0,501.0,494.0,347.0,True,False,True,True,False,False,1.0,both,0.0020008706383216647,0.0022107953045213896,0.0019006200293582806,0.004554453112111428,0.006320733898679109,0.00504856142090261,-2.698780988764668,-2.6554514664815305,-2.7211046983092766,-2.341563764607887,-2.199232492976764,-2.296832355736482,K,non-synonymous,0.18857031692724222,0.24793719775425485,0.23186483089855792,1.260548743201905,1.472478528601949,1.3682979960360426,1.3682979960360426
155,ortho,ttgcaagttaaaccaatgattaaacca,4.0,cca,4.0,,LQVKPMIKP,,False,False,12.0,7.0,7.0,773.0,1203.0,774.0,501.0,494.0,347.0,True,False,True,True,False,False,1.0,both,0.0020008706383216647,0.0022107953045213896,0.0019006200293582806,0.004554453112111428,0.006320733898679109,0.00504856142090261,-2.698780988764668,-2.6554514664815305,-2.7211046983092766,-2.341563764607887,-2.199232492976764,-2.296832355736482,P,non-synonymous,0.18857031692724222,0.24793719775425485,0.23186483089855792,1.260548743201905,1.472478528601949,1.3682979960360426,1.3682979960360426
156,ortho,ttgcaagttaaaccaatgattaaacca,5.0,atg,5.0,,LQVKPMIKP,,False,False,12.0,7.0,7.0,773.0,1203.0,774.0,501.0,494.0,347.0,True,False,True,True,False,False,1.0,both,0.0020008706383216647,0.0022107953045213896,0.0019006200293582806,0.004554453112111428,0.006320733898679109,0.00504856142090261,-2.698780988764668,-2.6554514664815305,-2.7211046983092766,-2.341563764607887,-2.199232492976764,-2.296832355736482,M,non-synonymous,0.18857031692724222,0.24793719775425485,0.23186483089855792,1.260548743201905,1.472478528601949,1.3682979960360426,1.3682979960360426
157,ortho,ttgcaagttaaaccaatgattaaacca,6.0,att,6.0,,LQVKPMIKP,,False,False,12.0,7.0,7.0,773.0,1203.0,774.0,501.0,494.0,347.0,True,False,True,True,False,False,1.0,both,0.0020008706383216647,0.0022107953045213896,0.0019006200293582806,0.004554453112111428,0.006320733898679109,0.00504856142090261,-2.698780988764668,-2.6554514664815305,-2.7211046983092766,-2.341563764607887,-2.199232492976764,-2.296832355736482,I,non-synonymous,0.18857031692724222,0.24793719775425485,0.23186483089855792,1.260548743201905,1.472478528601949,1.3682979960360426,1.3682979960360426
158,ortho,ttgcaagttaaaccaatgattaaacca,7.0,aaa,7.0,,LQVKPMIKP,,False,False,12.0,7.0,7.0,773.0,1203.0,774.0,501.0,494.0,347.0,True,False,True,True,False,False,1.0,both,0.0020008706383216647,0.0022107953045213896,0.0019006200293582806,0.004554453112111428,0.006320733898679109,0.00504856142090261,-2.698780988764668,-2.6554514664815305,-2.7211046983092766,-2.341563764607887,-2.199232492976764,-2.296832355736482,K,non-synonymous,0.18857031692724222,0.24793719775425485,0.23186483089855792,1.260548743201905,1.472478528601949,1.3682979960360426,1.3682979960360426
159,single,ttgttagttttatctttgagagatcca,0.0,ttg,1.0,,LLVLSLRDP,,False,False,1.0,1.0,1.0,685.0,538.0,783.0,727.0,693.0,522.0,True,False,True,True,False,False,1.0,both,0.002903458990139422,0.0031013788381241358,0.0028591459807637536,0.0040359642714053404,0.002826728875718504,0.005107265623471245,-2.537084303772876,-2.508445180793371,-2.543763670097888,-2.394052687033786,-2.5487158446502196,-2.291811554361431,L,non-synonymous,0.0755045263082508,-0.021885533325514586,0.13769182868606214,1.1474829525829136,1.2026557975221797,1.274124993823547,1.2026557975221797
160,single,tttaaggttttatctttgagagatcca,1.0,aag,1.0,,FKVLSLRDP,,False,False,3.0,1.0,1.0,8.0,6.0,11.0,611.0,590.0,455.0,True,False,True,True,False,False,1.0,both,0.002440183552923228,0.002640423541837287,0.0024921674736542295,4.7135349155098865e-05,3.152485735002049e-05,7.174958091722056e-05,-2.6125775043893595,-2.5783264037630333,-2.603422776443038,-4.326653271534268,-4.5013468699329655,-4.1441806312611495,K,non-synonymous,-0.9048382574798782,-1.0450865336517445,-0.8420241519790586,0.16714016879478455,0.1794547971959497,0.29440901315842627,0.1794547971959497
161,single,tttacggttttatctttgagagatcca,1.0,acg,1.0,,FTVLSLRDP,,False,False,3.0,1.0,1.0,1.0,1.0,2.0,7.0,4.0,2.0,True,False,True,True,False,False,2.0,both,2.795627638373584e-05,1.7901176554829066e-05,1.0954582301776834e-05,5.891918644387358e-06,5.254142891670082e-06,1.3045378348585554e-05,-4.553520674617657,-4.7471184240772155,-4.960404177436169,-5.229743258526212,-5.2794981203166085,-4.884543320755393,T,non-synonymous,-0.35696908866026195,-0.28932757665213044,0.04145795740406984,0.7150093376144009,0.9352137541955639,1.1778911225415547,0.9352137541955639
162,single,tttactgttttatctttgagagatcca,1.0,act,1.0,,FTVLSLRDP,,False,False,3.0,1.0,1.0,1.0,1.0,1.0,7.0,6.0,9.0,True,False,True,True,False,False,2.0,both,2.795627638373584e-05,2.68517648322436e-05,4.929562035799575e-05,5.891918644387358e-06,5.254142891670082e-06,6.522689174292777e-06,-4.553520674617657,-4.571027165021534,-4.307191663660825,-5.229743258526212,-5.2794981203166085,-5.185573316419374,T,non-synonymous,-0.35696908866026195,-0.3850262999732638,-0.4800355642939715,0.7150093376144009,0.8395150308744304,0.6563976008435133,0.7150093376144009
163,single,tttagggttttatctttgagagatcca,1.0,agg,1.0,,FRVLSLRDP,,False,False,3.0,1.0,1.0,394.0,432.0,448.0,479.0,460.0,440.0,True,False,True,True,False,False,1.0,both,0.0019130080554013522,0.0020586353038053425,0.0024100081063909034,0.002321415945888619,0.002269789729201475,0.002922164750083164,-2.718283201217351,-2.6864205837236037,-2.6179814966139627,-2.6342470367006374,-2.6440143735016965,-2.5342953024212305,R,non-synonymous,0.04436159598315275,0.023046119386544068,0.045734504274721983,1.1163400222578155,1.2475874502342383,1.1821676694122067,1.1821676694122067
164,single,tttagtgttttatctttgagagatcca,1.0,agt,1.0,,FSVLSLRDP,,False,False,3.0,1.0,1.0,215.0,190.0,316.0,1628.0,1478.0,1166.0,True,False,True,True,False,False,1.0,both,0.006501831136103134,0.00661448473700934,0.006386521481935894,0.001266762508543282,0.0009982871494173156,0.0020611697790765176,-2.1869643140787316,-2.179503981346371,-2.1947356226771553,-2.897304798610606,-3.0007445193637796,-2.6858862338009706,S,non-synonymous,-0.3749794837318276,-0.4463121647791476,-0.26841380398112497,0.6969989425428351,0.7782291660685466,0.8680193611563598,0.7782291660685466
165,ortho,tttatggctttgtctttgagagatcca,1.0,atg,1.0,,FMALSLRDP,,False,False,4.0,2.0,3.0,22.0,14.0,36.0,878.0,785.0,628.0,True,False,True,True,False,False,1.0,both,0.003506515809274295,0.0035131058988852044,0.003439738842757926,0.00012962221017652188,7.355800048338115e-05,0.00023481681027453998,-2.4551241987258114,-2.4543087586599253,-2.463474529362954,-3.8873205777040054,-4.13337008463837,-3.629270815652087,M,non-synonymous,-0.7560378022741536,-0.9125042670245052,-0.6371076585936507,0.31594062400050915,0.3120370638231891,0.4993255065438341,0.31594062400050915
166,ortho,tttatggctttgtctttgagagatcca,2.0,gct,2.0,,FMALSLRDP,,False,False,4.0,2.0,3.0,22.0,14.0,36.0,878.0,785.0,628.0,True,False,True,True,False,False,1.0,both,0.003506515809274295,0.0035131058988852044,0.003439738842757926,0.00012962221017652188,7.355800048338115e-05,0.00023481681027453998,-2.4551241987258114,-2.4543087586599253,-2.463474529362954,-3.8873205777040054,-4.13337008463837,-3.629270815652087,A,non-synonymous,-0.7560378022741536,-0.9125042670245052,-0.6371076585936507,0.31594062400050915,0.3120370638231891,0.4993255065438341,0.31594062400050915
167,ortho,tttatggctttgtctttgagagatcca,3.0,ttg,3.0,,FMALSLRDP,,False,False,4.0,2.0,3.0,22.0,14.0,36.0,878.0,785.0,628.0,True,False,True,True,False,False,1.0,both,0.003506515809274295,0.0035131058988852044,0.003439738842757926,0.00012962221017652188,7.355800048338115e-05,0.00023481681027453998,-2.4551241987258114,-2.4543087586599253,-2.463474529362954,-3.8873205777040054,-4.13337008463837,-3.629270815652087,L,synonymous,-0.7560378022741536,-0.9125042670245052,-0.6371076585936507,0.31594062400050915,0.3120370638231891,0.4993255065438341,0.31594062400050915
168,single,tttatggttttatctttgagagatcca,1.0,atg,1.0,,FMVLSLRDP,,False,False,2.0,1.0,1.0,16.0,7.0,21.0,1313.0,1154.0,1016.0,True,False,True,True,False,False,1.0,both,0.005243798698835022,0.0051644894360681854,0.005564927809302631,9.427069831019773e-05,3.677900024169057e-05,0.00013697647266014832,-2.2803539885424344,-2.286972606585465,-2.25454046515225,-4.025623275870287,-4.4344000803023516,-3.863354021685455,M,non-synonymous,-0.9213049102311813,-1.167042979654376,-0.8792165922738099,0.15067351604348145,0.05749835119331825,0.25721657286367494,0.15067351604348145
169,single,tttattgttttatctttgagagatcca,1.0,att,1.0,,FIVLSLRDP,,False,False,2.0,1.0,1.0,15.0,14.0,7.0,1432.0,1350.0,1005.0,True,False,True,True,False,False,1.0,both,0.005719055397358531,0.00604164708725481,0.005504677606642859,8.837877966581037e-05,7.355800048338115e-05,4.565882422004944e-05,-2.2426756966600774,-2.2188446469101715,-2.259268111343643,-4.053651999470531,-4.13337008463837,-4.340475276405118,I,non-synonymous,-0.9559907873277995,-1.0404698174058038,-1.1373796945273438,0.11598763894686326,0.18407151344189043,-0.0009465293898589522,0.11598763894686326
170,single,tttcaggttttatctttgagagatcca,1.0,cag,1.0,,FQVLSLRDP,,False,False,3.0,1.0,1.0,30.0,25.0,22.0,2241.0,2121.0,1627.0,True,False,True,True,False,False,1.0,both,0.008950002196564572,0.009492098868198112,0.008911552702495454,0.00017675755933162075,0.00013135357229175203,0.00014349916183444111,-2.048176858096853,-2.022637746888616,-2.0500466201632914,-3.7526220038065494,-3.881558111644571,-3.8431506355971683,Q,non-synonymous,-0.8997543779426275,-1.010250631500957,-0.9799313261876526,0.1722240483320353,0.21429069934673728,0.15650183894983227,0.1722240483320353
171,single,tttcatgttttatctttgagagatcca,1.0,cat,1.0,,FHVLSLRDP,,False,False,3.0,1.0,1.0,1.0,1.0,1.0,6.0,1.0,1.0,True,False,True,True,False,False,2.0,both,2.3962522614630718e-05,4.4752941387072664e-06,5.477291150888417e-06,5.891918644387358e-06,5.254142891670082e-06,6.522689174292777e-06,-4.620467464248271,-5.349178415405178,-5.261434173100151,-5.229743258526212,-5.2794981203166085,-5.185573316419374,H,non-synonymous,-0.3216287509492074,0.037868519518662276,0.04145795740406984,0.7503496753254554,1.2624098503663566,1.1778911225415547,1.1778911225415547
172,single,tttccggttttatctttgagagatcca,1.0,ccg,1.0,,FPVLSLRDP,,False,False,3.0,1.0,1.0,36.0,32.0,49.0,1912.0,1622.0,1435.0,True,False,True,True,False,False,1.0,both,0.007636057206528988,0.007258927092983186,0.007859912801524878,0.0002121090711979449,0.00016813257253344262,0.0003196117695403461,-2.1171308266918327,-2.1391275655300404,-2.1045822720301395,-3.6734407577589243,-3.7743481419967027,-3.4953772363908606,P,non-synonymous,-0.8215557288176321,-0.8886785315495114,-0.7600694338701453,0.2504226974570307,0.33586279929818286,0.3763637312673396,0.33586279929818286
173,single,tttcgggttttatctttgagagatcca,1.0,cgg,1.0,,FRVLSLRDP,,False,False,3.0,1.0,1.0,2.0,2.0,1.0,4.0,5.0,1.0,True,False,True,True,False,False,2.0,both,1.5975015076420478e-05,2.2376470693536333e-05,5.477291150888417e-06,1.1783837288774716e-05,1.0508285783340164e-05,6.522689174292777e-06,-4.796558723303951,-4.650208411069159,-5.261434173100151,-4.928713262862231,-4.978468124652627,-5.185573316419374,R,non-synonymous,-0.06976265902828065,-0.17839633651415682,0.04145795740406984,1.002215767246382,1.0461449943335375,1.1778911225415547,1.0461449943335375
174,single,tttcgtgttttatctttgagagatcca,1.0,cgt,1.0,,FRVLSLRDP,,False,False,3.0,1.0,1.0,711.0,665.0,793.0,902.0,839.0,766.0,True,False,True,True,False,False,1.0,both,0.003602365899732818,0.0037547717823753967,0.004195605021580527,0.004189154156159411,0.0034940050229606045,0.005172492515214172,-2.4434121770899724,-2.4254164545764776,-2.3772054034675465,-2.3778736577964454,-2.4566764750135044,-2.2863001291017704,R,non-synonymous,0.034596930154460755,-0.01698860047261096,0.049679731515827476,1.1065753564291236,1.2075527303750833,1.1861128966533123,1.1861128966533123
175,single,tttctggttttatctttgagagatcca,1.0,ctg,1.0,,FLVLSLRDP,,False,False,2.0,0.0,1.0,5.0,4.0,3.0,326.0,284.0,266.0,True,False,True,True,False,False,1.0,both,0.001301963728728269,0.0012709835353928638,0.0014569594461363187,2.945959322193679e-05,2.1016571566680328e-05,1.9568067522878334e-05,-2.885401114563975,-2.89586007535814,-2.8365525364690836,-4.530773254190193,-4.677438128988646,-4.708452061699711,L,synonymous,-0.8685705079450335,-0.9682181054510924,-1.02299307148974,0.20340791832962923,0.2563232253966018,0.11344009364774488,0.20340791832962923
176,single,tttcttgttttatctttgagagatcca,1.0,ctt,1.0,,FLVLSLRDP,,False,False,2.0,0.0,1.0,7.0,2.0,8.0,1549.0,1461.0,1182.0,True,False,True,True,False,False,1.0,both,0.00618632458834383,0.006538404736651317,0.006474158140350108,4.124343051071151e-05,1.0508285783340164e-05,5.218151339434222e-05,-2.208567296872708,-2.184528199470881,-2.188816696554914,-4.384645218511955,-4.978468124652627,-4.282483329427431,L,synonymous,-1.1487231734430277,-1.51839725213896,-1.1441887935592885,-0.07674474716836488,-0.2938559212912657,-0.007755628421803662,-0.07674474716836488
177,single,tttgaggttttatctttgagagatcca,1.0,gag,1.0,,FEVLSLRDP,,False,False,3.0,1.0,1.0,5.0,7.0,6.0,731.0,658.0,538.0,True,False,True,True,False,False,1.0,both,0.0029194340052158423,0.0029447435432693814,0.002946782639177968,2.945959322193679e-05,3.677900024169057e-05,3.913613504575667e-05,-2.5347013376740533,-2.5309525217912223,-2.5306518974337613,-4.530773254190193,-4.4344000803023516,-4.407422066035731,E,non-synonymous,-1.053700349403688,-1.0344494226180987,-1.0256548780426131,0.018278076870974713,0.19009190822959554,0.1107782870948717,0.1107782870948717
178,single,tttgatgttttatctttgagagatcca,1.0,gat,1.0,,FDVLSLRDP,,False,False,3.0,1.0,1.0,1.0,1.0,1.0,2.0,6.0,8.0,True,False,True,True,False,False,2.0,both,7.987507538210239e-06,2.68517648322436e-05,4.3818329207107334e-05,5.891918644387358e-06,5.254142891670082e-06,6.522689174292777e-06,-5.097588718967932,-4.571027165021534,-4.358344186108207,-5.229743258526212,-5.2794981203166085,-5.185573316419374,D,non-synonymous,-0.06976265902828065,-0.3850262999732638,-0.4520807112970152,1.002215767246382,0.8395150308744304,0.6843524538404696,0.8395150308744304
179,single,tttgcggttttatctttgagagatcca,1.0,gcg,1.0,,FAVLSLRDP,,False,False,3.0,1.0,1.0,1.0,2.0,1.0,7.0,16.0,8.0,True,False,True,True,False,False,2.0,both,2.795627638373584e-05,7.160470621931626e-05,4.3818329207107334e-05,5.891918644387358e-06,1.0508285783340164e-05,6.522689174292777e-06,-4.553520674617657,-4.145058432749253,-4.358344186108207,-5.229743258526212,-4.978468124652627,-5.185573316419374,A,non-synonymous,-0.35696908866026195,-0.4529256247375268,-0.4520807112970152,0.7150093376144009,0.7716157061101674,0.6843524538404696,0.7150093376144009
180,single,tttgctgttttatctttgagagatcca,1.0,gct,1.0,,FAVLSLRDP,,False,False,3.0,1.0,1.0,13.0,7.0,14.0,200.0,217.0,180.0,True,False,True,True,False,False,1.0,both,0.0007987507538210239,0.0009711388280994769,0.000985912407159915,7.659494237703565e-05,3.677900024169057e-05,9.131764844009888e-05,-3.0975887189679328,-3.012718681556648,-3.006161667996844,-4.115799906219375,-4.4344000803023516,-4.039445280741137,A,non-synonymous,-0.537500415138431,-0.7726283266925029,-0.564689483849869,0.5344780111362317,0.4519130041551913,0.5717436812876159,0.5344780111362317
181,single,tttggggttttatctttgagagatcca,1.0,ggg,1.0,,FGVLSLRDP,,False,False,3.0,1.0,1.0,26.0,26.0,35.0,1209.0,1108.0,921.0,True,False,True,True,False,False,1.0,both,0.004828448306848089,0.004958625905687651,0.005044585149968232,0.0001531898847540713,0.00013660771518342213,0.00022829412110024721,-2.316192413771142,-2.304638655012767,-2.2971745429033015,-3.814769910555394,-3.8645247723457907,-3.641505272069099,G,non-synonymous,-0.7910795292015737,-0.8477371946550003,-0.7346767298089479,0.2808988970730891,0.37680413619269393,0.4017564353285369,0.37680413619269393
182,single,tttggtgttttatctttgagagatcca,1.0,ggt,1.0,,FGVLSLRDP,,False,False,3.0,1.0,1.0,16.0,25.0,29.0,816.0,773.0,535.0,True,False,True,True,False,False,1.0,both,0.0032589030755897776,0.0034594023692207172,0.002930350765725303,9.427069831019773e-05,0.00013135357229175203,0.00018915798605449055,-2.4869285558780527,-2.4609989214868526,-2.533080391078922,-4.025623275870287,-3.881558111644571,-3.7231753185204184,G,non-synonymous,-0.8122568884748487,-0.7720184501447054,-0.6503868657361498,0.2597215377998141,0.45252288070298885,0.48604629940133504,0.45252288070298885
183,single,tttgtggttttatctttgagagatcca,1.0,gtg,1.0,,FVVLSLRDP,,False,False,2.0,1.0,1.0,20.0,20.0,12.0,2041.0,1989.0,1520.0,True,False,True,True,False,False,1.0,both,0.008151251442743548,0.008901360041888753,0.008325482549350394,0.00011783837288774716,0.00010508285783340164,7.827227009151334e-05,-2.0887757099158435,-2.050543632280742,-2.079590585155378,-3.9287132628622303,-3.9784681246526277,-4.10639207037175,V,non-synonymous,-0.9712790538150428,-1.0477516804010898,-1.1076469910456372,0.10069937245962002,0.17678965044660444,0.028786174091847583,0.10069937245962002
184,single,tttgttgttttatctttgagagatcca,1.0,gtt,1.0,,FVVLSLRDP,,False,False,2.0,1.0,1.0,1.0,1.0,1.0,4.0,7.0,6.0,True,False,True,True,False,False,2.0,both,1.5975015076420478e-05,3.1327058970950864e-05,3.28637469053305e-05,5.891918644387358e-06,5.254142891670082e-06,6.522689174292777e-06,-4.796558723303951,-4.504080375390921,-4.483282922716507,-5.229743258526212,-5.2794981203166085,-5.185573316419374,V,non-synonymous,-0.228672470336957,-0.4214092660128918,-0.3838016930119792,0.8433059559377057,0.8031320648348024,0.7526314721255056,0.8031320648348024
185,single,ttttatgttttatctttgagagatcca,1.0,tat,1.0,,FYVLSLRDP,,False,False,2.0,1.0,1.0,5.0,4.0,5.0,334.0,284.0,238.0,True,False,True,True,False,False,1.0,both,0.00133391375888111,0.0012709835353928638,0.0013035952939114432,2.945959322193679e-05,2.1016571566680328e-05,3.261344587146389e-05,-2.8748722478203494,-2.89586007535814,-2.8848572160436383,-4.530773254190193,-4.677438128988646,-4.486603312083355,Y,non-synonymous,-0.8741285594735309,-0.9682181054510924,-0.8753542251860383,0.19784986680113192,0.2563232253966018,0.2610789399514465,0.2563232253966018
186,single,ttttcggttttatctttgagagatcca,1.0,tcg,1.0,,FSVLSLRDP,,False,False,2.0,1.0,1.0,156.0,136.0,237.0,1131.0,1007.0,795.0,True,False,True,True,False,False,1.0,both,0.00451693551285789,0.004506621197678217,0.004354446464956291,0.0009191393085244279,0.0007145634332671311,0.0015458773343073882,-2.3451561097064584,-2.3461489448515596,-2.36106704444368,-3.03661866017175,-3.1459592119463915,-2.8108249704092705,S,non-synonymous,-0.3650140683791099,-0.4346656493375822,-0.24579270196337463,0.7069643578955529,0.789875681510112,0.8906404631741102,0.789875681510112
187,single,ttttctgttttatctttgagagatcca,1.0,tct,1.0,,FSVLSLRDP,,False,False,2.0,1.0,1.0,2.0,1.0,1.0,28.0,60.0,43.0,True,False,True,True,False,False,1.0,both,0.00011182510553494335,0.000268517648322436,0.00023552351948820193,1.1783837288774716e-05,5.254142891670082e-06,6.522689174292777e-06,-3.9514606832896946,-3.571027165021534,-3.627965717520564,-4.928713262862231,-5.2794981203166085,-5.185573316419374,S,non-synonymous,-0.5158788999689383,-0.9284872521768757,-0.8512325369476945,0.5560995263057245,0.29605407867081857,0.2852006281897903,0.29605407867081857
188,single,ttttgggttttatctttgagagatcca,1.0,tgg,1.0,,FWVLSLRDP,,False,False,2.0,1.0,1.0,1.0,1.0,1.0,5.0,5.0,6.0,True,False,True,True,False,False,2.0,both,1.9968768845525598e-05,2.2376470693536333e-05,3.28637469053305e-05,5.891918644387358e-06,5.254142891670082e-06,6.522689174292777e-06,-4.699648710295895,-4.650208411069159,-4.483282922716507,-5.229743258526212,-5.2794981203166085,-5.185573316419374,W,non-synonymous,-0.2798300031504694,-0.34199438459955317,-0.3838016930119792,0.7921484231241933,0.882546946248141,0.7526314721255056,0.7921484231241933
189,single,ttttgtgttttatctttgagagatcca,1.0,tgt,1.0,,FCVLSLRDP,,False,False,2.0,1.0,1.0,19.0,13.0,23.0,2497.0,2346.0,1868.0,True,False,True,True,False,False,1.0,both,0.009972403161455484,0.010499040049407247,0.010231579869859562,0.0001119464542433598,6.830385759171106e-05,0.00015002185100873388,-2.001200172280566,-1.9788504076256672,-1.9900573012060758,-3.9509896575733827,-4.1655547680097715,-3.8238454804017814,C,non-synonymous,-1.0292684571718769,-1.1883884338821356,-1.0021652212694827,0.042709969102785905,0.03615289696555868,0.13426794386800212,0.042709969102785905
190,single,tttttaaagttatctttgagagatcca,2.0,aag,1.0,,FLKLSLRDP,,False,False,3.0,1.0,1.0,432.0,333.0,465.0,897.0,809.0,669.0,True,False,True,True,False,False,1.0,both,0.003582397130887292,0.003620512958214179,0.0036643077799443508,0.0025453088543753387,0.0017496295829261372,0.0030330504660461416,-2.445826271587822,-2.4412298937929053,-2.4360080553323273,-2.5942595117112996,-2.7570538868102887,-2.5181203635294205,K,non-synonymous,-0.07835597289210466,-0.17163800797397413,-0.04487437559412127,0.9936224533825582,1.0529033228737201,1.0915587895433636,1.0529033228737201
191,single,tttttaaatttatctttgagagatcca,2.0,aat,1.0,,FLNLSLRDP,,False,False,2.0,1.0,1.0,5.0,5.0,4.0,1531.0,1343.0,1113.0,True,False,True,True,False,False,1.0,both,0.006114437020499938,0.006010320028283859,0.006096225050938808,2.945959322193679e-05,2.627071445835041e-05,2.609075669717111e-05,-2.2136435239336527,-2.221102402736462,-2.214939008765442,-4.530773254190193,-4.58052811598059,-4.583513325091412,N,non-synonymous,-1.223182584847137,-1.2822557447733396,-1.2944258397690886,-0.15120415857247416,-0.05771441392564536,-0.15799267463160382,-0.15120415857247416
192,single,tttttaactttatctttgagagatcca,2.0,act,1.0,,FLTLSLRDP,,False,False,2.0,1.0,1.0,1.0,1.0,1.0,6.0,4.0,5.0,True,False,True,True,False,False,2.0,both,2.3962522614630718e-05,1.7901176554829066e-05,2.7386455754442085e-05,5.891918644387358e-06,5.254142891670082e-06,6.522689174292777e-06,-4.620467464248271,-4.7471184240772155,-4.562464168764132,-5.229743258526212,-5.2794981203166085,-5.185573316419374,T,non-synonymous,-0.3216287509492074,-0.28932757665213044,-0.3405291428527153,0.7503496753254554,0.9352137541955639,0.7959040222847695,0.7959040222847695
193,single,tttttaaggttatctttgagagatcca,2.0,agg,1.0,,FLRLSLRDP,,False,False,3.0,1.0,1.0,16.0,25.0,11.0,39.0,30.0,11.0,True,False,True,True,False,False,1.0,both,0.00015575639699509967,0.000134258824161218,6.0250202659772584e-05,9.427069831019773e-05,0.00013135357229175203,7.174958091722056e-05,-3.807554107605415,-3.8720571606855154,-4.220041487941925,-4.025623275870287,-3.881558111644571,-4.1441806312611495,R,non-synonymous,-0.1151158717747581,-0.0051633958550484,0.04145795740406988,0.9568625544999046,1.219377934992646,1.1778911225415547,1.1778911225415547
194,single,tttttaagtttatctttgagagatcca,2.0,agt,1.0,,FLSLSLRDP,,False,False,2.0,1.0,1.0,27.0,16.0,78.0,700.0,611.0,501.0,True,False,True,True,False,False,1.0,both,0.0027956276383735838,0.00273440471875014,0.0027441228665950968,0.00015908180339845867,8.406628626672131e-05,0.0005087697555948367,-2.553520674617657,-2.5631372051626236,-2.5615964472329047,-3.798379494367224,-4.075378137660684,-3.293478713728894,S,non-synonymous,-0.6571447463765647,-0.8218438971366738,-0.3999736511922877,0.41483367989809805,0.4026974337110204,0.736459513945197,0.41483367989809805
195,single,tttttaatgttatctttgagagatcca,2.0,atg,1.0,,FLMLSLRDP,,False,False,2.0,1.0,1.0,5.0,5.0,9.0,940.0,807.0,691.0,True,False,True,True,False,False,1.0,both,0.0037541285429588123,0.003611562369936764,0.003784808185263896,2.945959322193679e-05,2.627071445835041e-05,5.8704202568634995e-05,-2.4254908610322152,-2.4423048806831074,-2.421956125725952,-4.530773254190193,-4.58052811598059,-4.23133080698005,M,non-synonymous,-1.1113511366543276,-1.1620408354786573,-0.9888232448928301,-0.03937271037966483,0.0625004953690369,0.1476099202446547,0.0625004953690369
196,single,tttttaattttatctttgagagatcca,2.0,att,1.0,,FLILSLRDP,,False,False,1.0,1.0,1.0,11.0,10.0,10.0,1882.0,1537.0,1306.0,True,False,True,True,False,False,1.0,both,0.007516244593455835,0.0068785270911930685,0.0071533422430602725,6.481110508826094e-05,5.254142891670082e-05,6.522689174292778e-05,-2.123999095540676,-2.1625045479054323,-2.145490996161095,-4.188350573367987,-4.2794981203166085,-4.185573316419374,I,non-synonymous,-1.089744239914549,-1.1505033426715037,-1.1149049672608915,-0.017765813639886163,0.07403798817619056,0.021528197876593325,0.021528197876593325
197,single,tttttacagttatctttgagagatcca,2.0,cag,1.0,,FLQLSLRDP,,False,False,3.0,1.0,1.0,33.0,28.0,15.0,4605.0,4002.0,3415.0,True,False,True,True,False,False,1.0,both,0.018391236106729075,0.01791012714310648,0.018704949280283944,0.00019443331526478283,0.0001471160009667623,9.784033761439166e-05,-1.7353890800990461,-1.746901331104985,-1.7280434650825989,-3.711229318648324,-3.8323400889743895,-4.009482057363694,Q,non-synonymous,-1.0430203102897104,-1.133354533114024,-1.2468061674652733,0.02895811598495235,0.09118679773367022,-0.11037300232778846,0.02895811598495235
198,single,tttttacatttatctttgagagatcca,2.0,cat,1.0,,FLHLSLRDP,,False,False,2.0,1.0,1.0,2.0,1.0,1.0,2.0,5.0,1.0,True,False,True,True,False,False,2.0,both,7.987507538210239e-06,2.2376470693536333e-05,5.477291150888417e-06,1.1783837288774716e-05,5.254142891670082e-06,6.522689174292777e-06,-5.097588718967932,-4.650208411069159,-5.261434173100151,-4.928713262862231,-5.2794981203166085,-5.185573316419374,H,non-synonymous,0.08914715228039571,-0.34199438459955317,0.04145795740406984,1.1611255785550585,0.882546946248141,1.1778911225415547,1.1611255785550585
199,single,tttttaccgttatctttgagagatcca,2.0,ccg,1.0,,FLPLSLRDP,,False,False,3.0,1.0,1.0,655.0,641.0,748.0,961.0,858.0,638.0,True,False,True,True,False,False,1.0,both,0.00383799737211002,0.0038398023710108347,0.0034945117542668097,0.00385920671207372,0.0033679055935605224,0.004878971502370997,-2.4158953269633687,-2.4156911275564723,-2.456613494378988,-2.413501958534429,-2.4726400907977912,-2.311671718554913,P,non-synonymous,0.001263428000243264,-0.0309495377901358,0.07921067901290249,1.073241854274906,1.1935917930575584,1.2156438441503874,1.1935917930575584
200,single,tttttacctttatctttgagagatcca,2.0,cct,1.0,,FLPLSLRDP,,False,False,2.0,1.0,1.0,1.0,4.0,1.0,6.0,2.0,1.0,True,False,True,True,False,False,2.0,both,2.3962522614630718e-05,8.950588277414533e-06,5.477291150888417e-06,5.891918644387358e-06,2.1016571566680328e-05,6.522689174292777e-06,-4.620467464248271,-5.048148419741197,-5.261434173100151,-5.229743258526212,-4.677438128988646,-5.185573316419374,P,non-synonymous,-0.3216287509492074,0.20146656760405862,0.04145795740406984,0.7503496753254554,1.4260078984517528,1.1778911225415547,1.1778911225415547
201,single,tttttacggttatctttgagagatcca,2.0,cgg,1.0,,FLRLSLRDP,,False,False,3.0,1.0,1.0,13.0,9.0,13.0,20.0,13.0,11.0,True,False,True,True,False,False,1.0,both,7.987507538210239e-05,5.817882380319447e-05,6.0250202659772584e-05,7.659494237703565e-05,4.728728602503074e-05,8.479495926580611e-05,-4.097588718967932,-4.235235063098341,-4.220041487941925,-4.115799906219375,-4.325255610877284,-4.071629964112538,R,non-synonymous,-0.009613448398889656,-0.04892265261383514,0.08110689626249705,1.062364977875773,1.1756186782338591,1.2175400613999818,1.1756186782338591
202,single,tttttactgttatctttgagagatcca,2.0,ctg,1.0,,FLLLSLRDP,,False,False,2.0,1.0,1.0,13.0,13.0,9.0,2632.0,2258.0,1945.0,True,False,True,True,False,False,1.0,both,0.010511559920284675,0.010105214165201009,0.010653331288477971,7.659494237703565e-05,6.830385759171106e-05,5.8704202568634995e-05,-1.978332829689996,-1.9954544778162286,-1.9725145674384237,-4.115799906219375,-4.1655547680097715,-4.23133080698005,L,non-synonymous,-1.1283410115347292,-1.1793647700859173,-1.2344430519233631,-0.05636258526006643,0.045176560761776896,-0.0980098867858783,-0.05636258526006643
203,single,tttttacttttatctttgagagatcca,2.0,ctt,1.0,,FLLLSLRDP,,False,False,1.0,1.0,1.0,1.0,1.0,1.0,10.0,6.0,2.0,True,False,True,True,False,False,2.0,both,3.9937537691051196e-05,2.68517648322436e-05,1.0954582301776834e-05,5.891918644387358e-06,5.254142891670082e-06,6.522689174292777e-06,-4.398618714631914,-4.571027165021534,-4.960404177436169,-5.229743258526212,-5.2794981203166085,-5.185573316419374,L,non-synonymous,-0.4387398144591458,-0.3850262999732638,-0.1230549321629585,0.633238611815517,0.8395150308744304,1.0133782329745262,0.8395150308744304
204,single,tttttagagttatctttgagagatcca,2.0,gag,1.0,,FLELSLRDP,,False,False,2.0,1.0,1.0,1.0,3.0,1.0,242.0,267.0,243.0,True,False,True,True,False,False,1.0,both,0.0009664884121234389,0.0011949035350348402,0.0013309817496658853,5.891918644387358e-06,1.5762428675010246e-05,6.522689174292777e-06,-3.0148033486514825,-2.9226671540406026,-2.875827899501838,-5.229743258526212,-4.802376865596947,-5.185573316419374,E,non-synonymous,-1.1692379105341242,-1.0215488297087871,-1.2622758468410333,-0.0972594842594614,0.2029925011389071,-0.1258426817035485,-0.0972594842594614
205,single,tttttagatttatctttgagagatcca,2.0,gat,1.0,,FLDLSLRDP,,False,False,1.0,1.0,1.0,4.0,1.0,5.0,679.0,635.0,539.0,True,False,True,True,False,False,1.0,both,0.002711758809222376,0.0028418117780791142,0.0029522599303288565,2.3567674577549432e-05,5.254142891670082e-06,3.261344587146389e-05,-2.5667489403514123,-2.546404690113202,-2.529845407913412,-4.6276832671982495,-5.2794981203166085,-4.486603312083355,D,non-synonymous,-1.0879403704485757,-1.485329558039779,-1.0693681747165409,-0.015961944173912945,-0.2607882271920847,0.06706499042094394,-0.015961944173912945
206,single,tttttagctttatctttgagagatcca,2.0,gct,1.0,,FLALSLRDP,,False,False,1.0,1.0,1.0,1.0,1.0,1.0,2.0,13.0,7.0,True,False,True,True,False,False,2.0,both,7.987507538210239e-06,5.817882380319447e-05,3.834103805621891e-05,5.891918644387358e-06,5.254142891670082e-06,6.522689174292777e-06,-5.097588718967932,-4.235235063098341,-4.416336133085894,-5.229743258526212,-5.2794981203166085,-5.185573316419374,A,non-synonymous,-0.06976265902828065,-0.5675161954268947,-0.4203881128638462,1.002215767246382,0.6570251354207995,0.7160450522736386,0.7160450522736386
207,single,tttttagtgttatctttgagagatcca,2.0,gtg,1.0,,FLVLSLRDP,,False,False,1.0,0.0,1.0,2.0,3.0,1.0,206.0,234.0,186.0,True,False,True,True,False,False,1.0,both,0.0008227132764356546,0.0010472188284575005,0.0010187761540652455,1.1783837288774716e-05,1.5762428675010246e-05,6.522689174292777e-06,-3.0847514942627607,-2.9799625579950346,-2.991921228882234,-4.928713262862231,-4.802376865596947,-5.185573316419374,V,synonymous,-0.9734033848096545,-0.9904110149188209,-1.1988308435160344,0.09857504146500828,0.23413031592887334,-0.06239767837854959,0.09857504146500828
208,single,tttttagttaattctttgagagatcca,3.0,aat,1.0,,FLVNSLRDP,,False,False,3.0,1.0,1.0,1.0,1.0,3.0,2.0,10.0,15.0,True,False,True,True,False,False,2.0,both,7.987507538210239e-06,4.4752941387072666e-05,8.215936726332625e-05,5.891918644387358e-06,5.254142891670082e-06,1.9568067522878334e-05,-5.097588718967932,-4.349178415405178,-4.085342914044469,-5.229743258526212,-5.2794981203166085,-4.708452061699711,N,non-synonymous,-0.06976265902828065,-0.5055924326849495,-0.34052914285271524,1.002215767246382,0.7189488981627448,0.7959040222847695,0.7959040222847695
209,single,tttttagttacgtctttgagagatcca,3.0,acg,1.0,,FLVTSLRDP,,False,False,3.0,1.0,1.0,1.0,1.0,2.0,34.0,42.0,27.0,True,False,True,True,False,False,1.0,both,0.00013578762814957406,0.00018796235382570519,0.00014788686107398725,5.891918644387358e-06,5.254142891670082e-06,1.3045378348585554e-05,-3.8671397975896586,-3.7259291250072772,-3.8300704089411632,-5.229743258526212,-5.2794981203166085,-4.884543320755393,T,non-synonymous,-0.7193006078625981,-0.8443040855048178,-0.5762694355759638,0.3526778184120647,0.3802372453428764,0.560163729561521,0.3802372453428764
210,single,tttttagttacttctttgagagatcca,3.0,act,1.0,,FLVTSLRDP,,False,False,3.0,1.0,1.0,3.0,6.0,3.0,743.0,679.0,534.0,True,False,True,True,False,False,1.0,both,0.002967359050445104,0.003038724720182234,0.0029248734745744146,1.7675755933162074e-05,3.152485735002049e-05,1.9568067522878334e-05,-2.5276299008713385,-2.517308641124676,-2.533892916071594,-4.752622003806549,-4.5013468699329655,-4.708452061699711,T,non-synonymous,-1.174544332237902,-1.0782473050365202,-1.188396550957047,-0.10256590596323911,0.146294025811174,-0.05196338581956228,-0.05196338581956228
211,single,tttttagttaggtctttgagagatcca,3.0,agg,1.0,,FLVRSLRDP,,False,False,3.0,1.0,1.0,1.0,1.0,1.0,2.0,1.0,5.0,True,False,True,True,False,False,2.0,both,7.987507538210239e-06,4.4752941387072664e-06,2.7386455754442085e-05,5.891918644387358e-06,5.254142891670082e-06,6.522689174292777e-06,-5.097588718967932,-5.349178415405178,-4.562464168764132,-5.229743258526212,-5.2794981203166085,-5.185573316419374,R,non-synonymous,-0.06976265902828065,0.037868519518662276,-0.3405291428527153,1.002215767246382,1.2624098503663566,0.7959040222847695,1.002215767246382
212,single,tttttagttagttctttgagagatcca,3.0,agt,1.0,,FLVSSLRDP,,False,False,3.0,1.0,1.0,1.0,12.0,10.0,4.0,2.0,4.0,True,False,True,True,False,False,3.0,both,1.5975015076420478e-05,8.950588277414533e-06,2.1909164603553667e-05,5.891918644387358e-06,6.304971470004098e-05,6.522689174292778e-05,-4.796558723303951,-5.048148419741197,-4.659374181772188,-5.229743258526212,-4.200316874268984,-4.185573316419374,S,non-synonymous,-0.228672470336957,0.4607633390105884,0.2589321680938267,0.8433059559377057,1.6853046698582825,1.3953653332313114,1.3953653332313114
213,single,tttttagttatgtctttgagagatcca,3.0,atg,1.0,,FLVMSLRDP,,False,False,2.0,1.0,1.0,12.0,15.0,8.0,2348.0,2380.0,1853.0,True,False,True,True,False,False,1.0,both,0.00937733384985882,0.010651200050123294,0.010149420502596236,7.07030237326483e-05,7.881214337505123e-05,5.218151339434222e-05,-2.027920622056337,-1.9726014583486657,-1.9935587537812527,-4.150562012478587,-4.103406861260927,-4.282483329427431,M,non-synonymous,-1.1205147250658043,-1.1580095332272984,-1.250897257298113,-0.04853629879114152,0.06653179762039585,-0.11446409216062814,-0.04853629879114152
214,single,tttttagttatttctttgagagatcca,3.0,att,1.0,,FLVISLRDP,,False,False,2.0,1.0,1.0,7.0,5.0,4.0,1002.0,841.0,752.0,True,False,True,True,False,False,1.0,both,0.004001741276643329,0.003763722370652811,0.004118922945468089,4.124343051071151e-05,2.627071445835041e-05,2.609075669717111e-05,-2.3977509931006873,-2.4243824196072654,-2.385216332508508,-4.384645218511955,-4.58052811598059,-4.583513325091412,I,non-synonymous,-1.048855565884665,-1.1717809932407666,-1.2013692840762769,0.02312286038999778,0.052760337606927665,-0.06493611893879203,0.02312286038999778
215,single,tttttagttcagtctttgagagatcca,3.0,cag,1.0,,FLVQSLRDP,,False,False,3.0,1.0,1.0,6.0,4.0,3.0,1149.0,1039.0,858.0,True,False,True,True,False,False,1.0,both,0.004588823080701783,0.00464983061011685,0.004699515807462262,3.535151186632415e-05,2.1016571566680328e-05,1.9568067522878334e-05,-2.3382986859436286,-2.3325628678480004,-2.327946885251445,-4.451592008142568,-4.677438128988646,-4.708452061699711,Q,non-synonymous,-1.1155800016865265,-1.2743481422181884,-1.3009460547045133,-0.04360157541186371,-0.04980681137049414,-0.16451288956702848,-0.04980681137049414
216,single,tttttagttccttctttgagagatcca,3.0,cct,1.0,,FLVPSLRDP,,False,False,3.0,1.0,1.0,1.0,1.0,1.0,45.0,35.0,30.0,True,False,True,True,False,False,1.0,both,0.00017971891960973037,0.00015663529485475432,0.0001643187345266525,5.891918644387358e-06,5.254142891670082e-06,6.522689174292777e-06,-3.74540620085657,-3.805110371054902,-3.784312918380488,-5.229743258526212,-5.2794981203166085,-5.185573316419374,P,non-synonymous,-0.7835621869923228,-0.8012721701311072,-0.7657887932687643,0.28841623928233995,0.42326916071658705,0.37064437186872057,0.37064437186872057
217,single,tttttagttcgttctttgagagatcca,3.0,cgt,1.0,,FLVRSLRDP,,False,False,3.0,1.0,1.0,1338.0,1167.0,2019.0,2366.0,2010.0,1612.0,True,False,True,True,False,False,1.0,both,0.009449221417702713,0.008995341218801606,0.008829393335232128,0.007883387146190286,0.006131584754578986,0.013169309442897117,-2.0246039743400024,-2.0459823579846885,-2.0540691356310785,-2.1032871450944075,-2.2124272642712386,-1.8804369974757351,R,non-synonymous,-0.041535820342992295,-0.09045630725992927,0.09488996173498215,1.0304426059316705,1.1340850235877649,1.231323126872467,1.1340850235877649
218,single,tttttagttctgtctttgagagatcca,3.0,ctg,1.0,,FLVLSLRDP,,False,False,2.0,0.0,1.0,5.0,15.0,8.0,1453.0,1276.0,1050.0,True,False,True,True,False,False,1.0,both,0.005802924226509739,0.0057104753209904725,0.0057511557084328375,2.945959322193679e-05,7.881214337505123e-05,5.218151339434222e-05,-2.2363531003338926,-2.243327741020034,-2.2402448740302123,-4.530773254190193,-4.103406861260927,-4.282483329427431,L,synonymous,-1.2111944954452745,-1.0108803698601725,-1.1160832950923805,-0.1392160691706117,0.21366096098752174,0.020349870045104357,0.020349870045104357
219,single,tttttagttctttctttgagagatcca,3.0,ctt,1.0,,FLVLSLRDP,,False,False,2.0,0.0,1.0,8.0,6.0,9.0,1329.0,1277.0,1060.0,True,False,True,True,False,False,1.0,both,0.005307698759140704,0.005714950615129179,0.005805928619941721,4.7135349155098865e-05,3.152485735002049e-05,5.8704202568634995e-05,-2.275093733689182,-2.2429875181417622,-2.23612830783538,-4.326653271534268,-4.5013468699329655,-4.23133080698005,L,synonymous,-1.0829915415186182,-1.2273301237423786,-1.0903781454790091,-0.01101311524395543,-0.0027887928946843665,0.04605501965847569,-0.0027887928946843665
220,single,tttttagttgattctttgagagatcca,3.0,gat,1.0,,FLVDSLRDP,,False,False,3.0,1.0,1.0,6.0,10.0,6.0,1169.0,1017.0,850.0,True,False,True,True,False,False,1.0,both,0.004668698156083885,0.00455137413906529,0.0046556974782551545,3.535151186632415e-05,5.254142891670082e-05,3.913613504575667e-05,-2.3308042034700738,-2.341857462482433,-2.3320152473858577,-4.451592008142568,-4.2794981203166085,-4.407422066035731,D,non-synonymous,-1.1195362413067742,-1.053032036934994,-1.1342098052724288,-0.04755781503211143,0.1715092939127003,0.0022233598650560626,0.0022233598650560626
221,single,tttttagttgcgtctttgagagatcca,3.0,gcg,1.0,,FLVASLRDP,,False,False,3.0,1.0,1.0,1.0,1.0,1.0,1.0,7.0,2.0,True,False,True,True,False,False,2.0,both,3.9937537691051194e-06,3.1327058970950864e-05,1.0954582301776834e-05,5.891918644387358e-06,5.254142891670082e-06,6.522689174292777e-06,-5.398618714631914,-4.504080375390921,-4.960404177436169,-5.229743258526212,-5.2794981203166085,-5.185573316419374,A,non-synonymous,0.08914715228039571,-0.4214092660128918,-0.1230549321629585,1.1611255785550585,0.8031320648348024,1.0133782329745262,1.0133782329745262
222,single,tttttagttgtgtctttgagagatcca,3.0,gtg,1.0,,FLVVSLRDP,,False,False,2.0,1.0,1.0,2.0,1.0,1.0,35.0,26.0,19.0,True,False,True,True,False,False,1.0,both,0.00013978138191867917,0.00011635764760638894,0.00010406853186687992,1.1783837288774716e-05,5.254142891670082e-06,6.522689174292777e-06,-3.8545506702816383,-3.93420506743436,-3.9826805721473213,-4.928713262862231,-5.2794981203166085,-5.185573316419374,V,non-synonymous,-0.5670364327824507,-0.7311142435122909,-0.657380872503816,0.504941993492212,0.4934270873354033,0.4790522926336688,0.4934270873354033
223,single,tttttagtttagtctttgagagatcca,3.0,tag,1.0,,FLV*SLRDP,,True,False,2.0,1.0,1.0,1.0,2.0,1.0,73.0,71.0,66.0,True,False,True,True,False,False,1.0,both,0.00029154402514467375,0.00031774588384821594,0.0003615012159586355,5.891918644387358e-06,1.0508285783340164e-05,6.522689174292777e-06,-3.535295854511458,-3.4979200666861026,-3.441890237558282,-5.229743258526212,-4.978468124652627,-5.185573316419374,*,stop,-0.8944767004050387,-0.8046200573656961,-0.9529227848535429,0.1775017258696241,0.41992127348199815,0.18351038028394195,0.18351038028394195
224,single,tttttagtttattctttgagagatcca,3.0,tat,1.0,,FLVYSLRDP,,False,False,2.0,1.0,1.0,4.0,5.0,4.0,35.0,53.0,43.0,True,False,True,True,False,False,1.0,both,0.00013978138191867917,0.00023719058935148512,0.00023552351948820193,2.3567674577549432e-05,2.627071445835041e-05,2.609075669717111e-05,-3.8545506702816383,-3.6249025458043884,-3.627965717520564,-4.6276832671982495,-4.58052811598059,-4.583513325091412,Y,non-synonymous,-0.4081266214737743,-0.5193451823180778,-0.5222067578136379,0.6638518048008885,0.7051961485296164,0.6142264073238469,0.6638518048008885
225,single,tttttagtttcttctttgagagatcca,3.0,tct,1.0,,FLVSSLRDP,,False,False,2.0,1.0,1.0,9.0,3.0,2.0,470.0,422.0,390.0,True,False,True,True,False,False,1.0,both,0.0018770642714794061,0.0018885741265344666,0.0021361435488464827,5.3027267799486226e-05,1.5762428675010246e-05,1.3045378348585554e-05,-2.7265208566961965,-2.7238659644435037,-2.670369566073651,-4.275500749086887,-4.802376865596947,-4.884543320755393,S,non-synonymous,-0.8176862969346629,-1.129589513506437,-1.210045934401727,0.2542921293399999,0.09495181734125713,-0.0736127692642421,0.09495181734125713
226,single,tttttagtttggtctttgagagatcca,3.0,tgg,1.0,,FLVWSLRDP,,False,False,2.0,1.0,1.0,1.0,1.0,1.0,1.0,18.0,15.0,True,False,True,True,False,False,2.0,both,3.9937537691051194e-06,8.05552944967308e-05,8.215936726332625e-05,5.891918644387358e-06,5.254142891670082e-06,6.522689174292777e-06,-5.398618714631914,-4.093905910301872,-4.085342914044469,-5.229743258526212,-5.2794981203166085,-5.185573316419374,W,non-synonymous,0.08914715228039571,-0.6443230713797936,-0.601275903701736,1.1611255785550585,0.5802182594679006,0.5351572614357488,0.5802182594679006
227,single,tttttagttttaaagttgagagatcca,4.0,aag,1.0,,FLVLKLRDP,,False,False,3.0,1.0,1.0,636.0,561.0,474.0,294.0,277.0,248.0,True,False,True,True,False,False,1.0,both,0.0011741636081169051,0.0012396564764219128,0.0013583682054203272,0.00374726025783036,0.002947574162226916,0.0030917546686147763,-2.9302713842197567,-2.906698646340729,-2.866982492273934,-2.4262861428777978,-2.5305352590604473,-2.5097949747452892,K,non-synonymous,0.2660472403335024,0.20443011263547792,0.19520297469459755,1.3380256666081651,1.4289714434831722,1.3316361398320824,1.3380256666081651
228,single,tttttagttttaaatttgagagatcca,4.0,aat,1.0,,FLVLNLRDP,,False,False,2.0,1.0,1.0,3255.0,3829.0,2685.0,1799.0,1640.0,1360.0,True,False,True,True,False,False,1.0,both,0.00718476303062011,0.0073394823874799175,0.007449115965208247,0.019178195187480852,0.020118113132204744,0.017513420432976108,-2.1435875512863625,-2.1343345673574796,-2.1278952647299327,-1.717192265622001,-1.696412753968921,-1.7566290263838,N,non-synonymous,0.22508851398140015,0.23799340569487842,0.20289699547808715,1.2970669402560628,1.4625347365425727,1.3393301606155719,1.3393301606155719
229,single,tttttagttttaacgttgagagatcca,4.0,acg,1.0,,FLVLTLRDP,,False,False,2.0,1.0,1.0,2003.0,2038.0,1790.0,1746.0,1703.0,1333.0,True,False,True,True,False,False,1.0,both,0.0069730940808575385,0.007621425918218475,0.00730122910413426,0.01180151304470788,0.010707943213223627,0.011675613621984072,-2.156574475262363,-2.1179637674425766,-2.1366040236862913,-1.9280623092326354,-1.9702939406462012,-1.9327202854394812,T,non-synonymous,0.12062859418851538,0.08025278468250065,0.1114224608771227,1.1926070204631782,1.304794115530195,1.2478556260146074,1.2478556260146074
230,single,tttttagttttaactttgagagatcca,4.0,act,1.0,,FLVLTLRDP,,False,False,1.0,1.0,1.0,1.0,5.0,2.0,4.0,2.0,3.0,True,False,True,True,False,False,3.0,both,1.5975015076420478e-05,8.950588277414533e-06,1.643187345266525e-05,5.891918644387358e-06,2.627071445835041e-05,1.3045378348585554e-05,-4.796558723303951,-5.048148419741197,-4.784312918380488,-5.229743258526212,-4.58052811598059,-4.884543320755393,T,non-synonymous,-0.228672470336957,0.25413337555148136,-0.054775913877922466,0.8433059559377057,1.4786747063991756,1.0816572512595624,1.0816572512595624
231,single,tttttagttttaaggttgagagatcca,4.0,agg,1.0,,FLVLRLRDP,,False,False,3.0,1.0,1.0,438.0,512.0,359.0,222.0,182.0,147.0,True,False,True,True,False,False,1.0,both,0.0008866133367413366,0.0008145035332447225,0.0008051617991805972,0.002580660366241663,0.002690121160535082,0.002341645413571107,-3.052265740181275,-3.089107027420103,-3.094116838351974,-2.5882691480221123,-2.570228159340778,-2.630478867841055,R,non-synonymous,0.2449377536123847,0.2819904037247221,0.2533781461661508,1.3169161798870475,1.5065317345724163,1.3898113113036357,1.3898113113036357
232,single,tttttagttttaatgttgagagatcca,4.0,atg,1.0,,FLVLMLRDP,,False,False,3.0,1.0,1.0,1708.0,1709.0,2139.0,2674.0,2317.0,1960.0,True,False,True,True,False,False,1.0,both,0.01067929757858709,0.010369256519384737,0.010735490655741297,0.010063397044613608,0.00897933020186417,0.013952032143812252,-1.9714573117059482,-1.984252381615202,-1.9691781017436742,-1.9972553921732255,-2.046756057595872,-1.8553625318478464,M,non-synonymous,-0.01361847044557353,-0.03396830726468088,0.0622002077898615,1.0583599558290893,1.1905730235830134,1.1986333729273464,1.1905730235830134
233,single,tttttagttttaattttgagagatcca,4.0,att,1.0,,FLVLILRDP,,False,False,2.0,1.0,1.0,717.0,644.0,671.0,568.0,574.0,453.0,True,False,True,True,False,False,1.0,both,0.002268452140851708,0.002568818835617971,0.002481212891352453,0.004224505668025736,0.0033836680222355327,0.004376724435950454,-2.644270378920895,-2.590266523007204,-2.6053359710873183,-2.3742241028584115,-2.470612252956797,-2.3588507962503824,I,non-synonymous,0.14255390954993324,0.06502742353682252,0.13470414554010654,1.214532335824596,1.2895687543845167,1.2711373106775914,1.2711373106775914
234,single,tttttagttttacagttgagagatcca,4.0,cag,1.0,,FLVLQLRDP,,False,False,3.0,1.0,1.0,2187.0,2555.0,1808.0,1385.0,1226.0,939.0,True,False,True,True,False,False,1.0,both,0.005531348970210591,0.0054867106140551085,0.005143176390684223,0.012885626075275153,0.01342433508821706,0.011793022027121342,-2.2571689412314466,-2.2606879452227813,-2.2887685808340397,-1.8898944754885747,-1.8721072158458774,-1.92837489028003,Q,non-synonymous,0.19387940368189027,0.21117845319514636,0.19695514822033286,1.265857829956553,1.4357197840428406,1.3333883133578177,1.3333883133578177
235,single,tttttagttttacatttgagagatcca,4.0,cat,1.0,,FLVLHLRDP,,False,False,2.0,1.0,1.0,4.0,6.0,3.0,4.0,5.0,4.0,True,False,True,True,False,False,2.0,both,1.5975015076420478e-05,2.2376470693536333e-05,2.1909164603553667e-05,2.3567674577549432e-05,3.152485735002049e-05,1.9568067522878334e-05,-4.796558723303951,-4.650208411069159,-4.659374181772188,-4.6276832671982495,-4.5013468699329655,-4.708452061699711,H,non-synonymous,0.08914715228039571,0.08090043489237295,-0.02682106088096616,1.1611255785550585,1.3054417657400672,1.1096121042565186,1.1611255785550585
236,single,tttttagttttaccgttgagagatcca,4.0,ccg,1.0,,FLVLPLRDP,,False,False,2.0,1.0,1.0,2.0,1.0,1.0,1.0,5.0,5.0,True,False,True,True,False,False,2.0,both,3.9937537691051194e-06,2.2376470693536333e-05,2.7386455754442085e-05,1.1783837288774716e-05,5.254142891670082e-06,6.522689174292777e-06,-5.398618714631914,-4.650208411069159,-4.562464168764132,-4.928713262862231,-5.2794981203166085,-5.185573316419374,P,non-synonymous,0.24805696358907206,-0.34199438459955317,-0.3405291428527153,1.320035389863735,0.882546946248141,0.7959040222847695,0.882546946248141
237,single,tttttagttttacctttgagagatcca,4.0,cct,1.0,,FLVLPLRDP,,False,False,1.0,1.0,1.0,3309.0,4036.0,2686.0,1765.0,1539.0,1330.0,True,False,True,True,False,False,1.0,both,0.007048975402470536,0.006887477679470483,0.0072847972306815945,0.019496358794277767,0.02120572071078045,0.0175199431221504,-2.1518740049080725,-2.161939795573699,-2.1375825321330644,-1.7100464913663587,-1.6735469627517359,-1.7564673080866777,P,non-synonymous,0.23323498594560899,0.26542243397484344,0.20827946606305076,1.3052134122202719,1.4899637648225377,1.3447126312005355,1.3447126312005355
238,single,tttttagttttacggttgagagatcca,4.0,cgg,1.0,,FLVLRLRDP,,False,False,3.0,1.0,1.0,3913.0,4829.0,3432.0,2179.0,1925.0,1491.0,True,False,True,True,False,False,1.0,both,0.008702389462880055,0.008614941217011488,0.008166641105974629,0.023055077655487734,0.025372256023874825,0.02238586924617281,-2.060361484385658,-2.0647476815606582,-2.0879565296471556,-1.6372334106255315,-1.5956409149162625,-1.6500260372427065,R,non-synonymous,0.22336379539957826,0.25494121008572085,0.23932900964256917,1.295342221674241,1.4794825409334151,1.375762174780054,1.375762174780054
239,single,tttttagttttacgtttgagagatcca,4.0,cgt,1.0,,FLVLRLRDP,,False,False,2.0,1.0,1.0,1782.0,2262.0,1320.0,893.0,834.0,651.0,True,False,True,True,False,False,1.0,both,0.003566422115810872,0.0037323953116818603,0.003565716539228359,0.010499399024298273,0.011884871220957724,0.008609949710066466,-2.4477672557433676,-2.4280123647674388,-2.4478531845319584,-1.9788355588253557,-1.9250055197271723,-2.0649993852135244,R,non-synonymous,0.2475429310940752,0.2733645789705179,0.20922959743153247,1.319521357368738,1.4979059098182121,1.3456627625690172,1.3456627625690172
240,single,tttttagttttactgttgagagatcca,4.0,ctg,1.0,,FLVLLLRDP,,False,False,3.0,1.0,1.0,938.0,865.0,993.0,1301.0,1097.0,882.0,True,False,True,True,False,False,1.0,both,0.005195873653605761,0.0049093976701618715,0.004830970795083584,0.005526619688435342,0.004544833601294621,0.006477030350072728,-2.2843414180703276,-2.3089717878304663,-2.3159655879683307,-2.2575404201471474,-2.3424820128517947,-2.1886240679239934,L,non-synonymous,0.014147897499260442,-0.018211498798648244,0.06959213940837936,1.0861263237739232,1.206329832049046,1.2060253045458642,1.2060253045458642
241,single,tttttagttttacttttgagagatcca,4.0,ctt,1.0,,FLVLLLRDP,,False,False,2.0,1.0,1.0,782.0,802.0,989.0,1268.0,1100.0,964.0,True,False,True,True,False,False,1.0,both,0.005064079779225292,0.0049228235525779936,0.005280108669456433,0.004607480379910914,0.004213822599119406,0.006450939593375557,-2.2954994610862,-2.3077857302469527,-2.2773571391973197,-2.3365365054663636,-2.375323752032445,-2.1903770248221948,L,non-synonymous,-0.02166292088180057,-0.036704277629492126,0.04753463162087976,1.0503155053928621,1.187837053218202,1.1839677967583646,1.1839677967583646
242,single,tttttagttttagagttgagagatcca,4.0,gag,1.0,,FLVLELRDP,,False,False,3.0,1.0,1.0,1.0,2.0,1.0,3.0,6.0,12.0,True,False,True,True,False,False,2.0,both,1.1981261307315359e-05,2.68517648322436e-05,6.5727493810661e-05,5.891918644387358e-06,1.0508285783340164e-05,6.522689174292777e-06,-4.921497459912252,-4.571027165021534,-4.1822529270525255,-5.229743258526212,-4.978468124652627,-5.185573316419374,E,non-synonymous,-0.16271893964053102,-0.22142825188786747,-0.5483145825790076,0.9092594866341317,1.0031130789598268,0.5881185825584773,0.9092594866341317
243,single,tttttagttttagcgttgagagatcca,4.0,gcg,1.0,,FLVLALRDP,,False,False,2.0,1.0,1.0,2.0,2.0,6.0,430.0,334.0,283.0,True,False,True,True,False,False,1.0,both,0.0017173141207152015,0.001494748242328227,0.0015500733957014218,1.1783837288774716e-05,1.0508285783340164e-05,3.913613504575667e-05,-2.7651502590523274,-2.825431948593613,-2.80964773757586,-4.928713262862231,-4.978468124652627,-4.407422066035731,A,non-synonymous,-1.1421167114311008,-1.1700910903698551,-0.8731836542440697,-0.07013828515643805,0.054450240477839085,0.2632495108934151,0.054450240477839085
244,single,tttttagttttagggttgagagatcca,4.0,ggg,1.0,,FLVLGLRDP,,False,False,3.0,1.0,1.0,35.0,24.0,29.0,3207.0,2862.0,2302.0,True,False,True,True,False,False,1.0,both,0.012807968337520119,0.012808291824980196,0.012608724229345135,0.00020621715255355754,0.00012609942940008197,0.00018915798605449055,-1.8925197547034736,-1.89250878598142,-1.8993288538063773,-3.685675214175936,-3.899286878605003,-3.7231753185204184,G,non-synonymous,-0.9465833963933671,-1.09060553307856,-0.9967320744064215,0.1253950298812957,0.13393579776913422,0.1397010907310633,0.13393579776913422
245,single,tttttagttttagtgttgagagatcca,4.0,gtg,1.0,,FLVLVLRDP,,False,False,3.0,1.0,1.0,530.0,504.0,680.0,2210.0,2067.0,1636.0,True,False,True,True,False,False,1.0,both,0.008826195829722314,0.00925043298470792,0.00896084832285345,0.0031227168815253,0.0026480880174017214,0.004435428638519088,-2.0542264409468034,-2.0338379387778893,-2.0476508737648462,-2.505467388925423,-2.5770675838710835,-2.3530644037131383,V,non-synonymous,-0.23820421529710864,-0.2952241001875774,-0.16690849100879648,0.8337742109775541,0.9293172306601168,0.9695246741286884,0.9293172306601168
246,single,tttttagttttagttttgagagatcca,4.0,gtt,1.0,,FLVLVLRDP,,False,False,2.0,1.0,1.0,813.0,764.0,1061.0,3566.0,3337.0,2675.0,True,False,True,True,False,False,1.0,both,0.014241725940628856,0.014934056540866148,0.014651753828626515,0.004790129857886923,0.004014165169235942,0.006920573213924637,-1.846437375792578,-1.825822208750385,-1.8341103867429032,-2.3196527129321436,-2.3964047617409188,-2.1598579325180336,V,non-synonymous,-0.24980420893723465,-0.31008933755900336,-0.1780210304512411,0.8221742173374281,0.9144519932886909,0.9584121346862438,0.9144519932886909
247,single,tttttagttttatagttgagagatcca,4.0,tag,1.0,,FLVL*LRDP,,True,False,2.0,1.0,1.0,2.0,1.0,1.0,1.0,4.0,1.0,True,False,True,True,False,False,3.0,both,3.9937537691051194e-06,1.7901176554829066e-05,5.477291150888417e-06,1.1783837288774716e-05,5.254142891670082e-06,6.522689174292777e-06,-5.398618714631914,-4.7471184240772155,-5.261434173100151,-4.928713262862231,-5.2794981203166085,-5.185573316419374,*,stop,0.24805696358907206,-0.28932757665213044,0.04145795740406984,1.320035389863735,0.9352137541955639,1.1778911225415547,1.1778911225415547
248,single,tttttagttttatatttgagagatcca,4.0,tat,1.0,,FLVLYLRDP,,False,False,1.0,1.0,1.0,130.0,106.0,130.0,80.0,48.0,68.0,True,False,True,True,False,False,1.0,both,0.00031950030152840957,0.0002148141186579488,0.0003724557982604123,0.0007659494237703566,0.0005569391465170287,0.000847949592658061,-3.4955287276399702,-3.6679371780295904,-3.428925260393914,-3.115799906219375,-3.2541922550518385,-3.0716299641125375,Y,non-synonymous,0.2004538957232991,0.22485420981089901,0.19526187578186868,1.2724323219979619,1.4493955406585932,1.3316950409193535,1.3316950409193535
249,single,tttttagttttatcgttgagagatcca,4.0,tcg,1.0,,FLVLSLRDP,,False,False,1.0,0.0,1.0,2.0,10.0,5.0,1366.0,1249.0,1024.0,True,False,True,True,False,False,1.0,both,0.0054554676485975935,0.005589642379245376,0.005608746138509739,1.1783837288774716e-05,5.254142891670082e-05,3.261344587146389e-05,-2.2631680152864,-2.2526159770310423,-2.2511342164603385,-4.928713262862231,-4.2794981203166085,-4.486603312083355,S,synonymous,-1.4071065954498052,-1.1015312995944715,-1.2216838380094284,-0.33512816917514243,0.12301003125322274,-0.08525067287194354,-0.08525067287194354
250,single,tttttagttttatctaatagagatcca,5.0,aat,1.0,,FLVLSNRDP,,False,False,3.0,1.0,1.0,14.0,19.0,8.0,812.0,681.0,556.0,True,False,True,True,False,False,1.0,both,0.0032429280605133573,0.0030476753084596486,0.0030453738798939594,8.248686102142302e-05,9.982871494173156e-05,5.218151339434222e-05,-2.4890626853907385,-2.5160313034923925,-2.516359381518093,-4.083615222847974,-4.00074451936378,-4.282483329427431,N,non-synonymous,-0.841743502305139,-0.8068836580467509,-0.9651867195600465,0.23023492396952383,0.41765767280094335,0.1712464455774383,0.23023492396952383
251,single,tttttagttttatctacgagagatcca,5.0,acg,1.0,,FLVLSTRDP,,False,False,2.0,1.0,1.0,9.0,8.0,2.0,696.0,675.0,559.0,True,False,True,True,False,False,1.0,both,0.002779652623297163,0.003020823543627405,0.003061805753346625,5.3027267799486226e-05,4.2033143133360655e-05,1.3045378348585554e-05,-2.556009475021352,-2.5198746425741527,-2.514022365213727,-4.275500749086887,-4.376408133324666,-4.884543320755393,T,non-synonymous,-0.9076970330015648,-1.0089534586811688,-1.2954896780806573,0.164281393273098,0.21558787216652542,-0.15905651294317247,0.164281393273098
252,single,tttttagttttatctaggagagatcca,5.0,agg,1.0,,FLVLSRRDP,,False,False,2.0,1.0,1.0,576.0,539.0,430.0,320.0,296.0,220.0,True,False,True,True,False,False,1.0,both,0.0012780012061136383,0.001324687065057351,0.0012050040531954517,0.0033937451391671185,0.0028319830186101743,0.002804756344945894,-2.8934687363120077,-2.8778867043462393,-2.919011492277944,-2.4693207751029997,-2.54790935512987,-2.552104860839788,R,non-synonymous,0.22390218069138404,0.17932980441075166,0.2005144703472421,1.295880606966047,1.4038711352584459,1.336947635484727,1.336947635484727
253,single,tttttagttttatctagtagagatcca,5.0,agt,1.0,,FLVLSSRDP,,False,False,3.0,1.0,1.0,2.0,1.0,5.0,8.0,5.0,3.0,True,False,True,True,False,False,2.0,both,3.1950030152840955e-05,2.2376470693536333e-05,1.643187345266525e-05,1.1783837288774716e-05,5.254142891670082e-06,3.261344587146389e-05,-4.495528727639971,-4.650208411069159,-4.784312918380488,-4.928713262862231,-5.2794981203166085,-4.486603312083355,S,non-synonymous,-0.228672470336957,-0.34199438459955317,0.1626982968118344,0.8433059559377057,0.882546946248141,1.2991314619493193,0.882546946248141
254,single,tttttagttttatctatgagagatcca,5.0,atg,1.0,,FLVLSMRDP,,False,False,1.0,1.0,1.0,15.0,19.0,12.0,2354.0,2144.0,1808.0,True,False,True,True,False,False,1.0,both,0.009401296372473451,0.009595030633388379,0.009902942400806258,8.837877966581037e-05,9.982871494173156e-05,7.827227009151334e-05,-2.026812256124498,-2.0179536343844453,-2.0042357469608056,-4.053651999470531,-4.00074451936378,-4.10639207037175,M,non-synonymous,-1.0699422841820878,-1.0775694223715113,-1.148828409352146,0.0020361420925749663,0.1469719084761829,-0.012395244214661094,0.0020361420925749663
255,single,tttttagttttatctattagagatcca,5.0,att,1.0,,FLVLSIRDP,,False,False,2.0,1.0,1.0,11.0,9.0,8.0,1772.0,1486.0,1093.0,True,False,True,True,False,False,1.0,both,0.007076931678854272,0.006650287090118998,0.00598667922792104,6.481110508826094e-05,4.728728602503074e-05,5.218151339434222e-05,-2.150154997080882,-2.1771596059806213,-2.2228140111504477,-4.188350573367987,-4.325255610877284,-4.282483329427431,I,non-synonymous,-1.0759368803881515,-1.1674063002459147,-1.1256092614787923,-0.0039584541134887186,0.05713503060177949,0.010823903658692569,0.010823903658692569
256,single,tttttagttttatctcagagagatcca,5.0,cag,1.0,,FLVLSQRDP,,False,False,2.0,1.0,1.0,1.0,1.0,1.0,9.0,15.0,9.0,True,False,True,True,False,False,2.0,both,3.594378392194608e-05,6.7129412080609e-05,4.929562035799575e-05,5.891918644387358e-06,5.254142891670082e-06,6.522689174292777e-06,-4.444376205192589,-4.173087156349497,-4.307191663660825,-5.229743258526212,-5.2794981203166085,-5.185573316419374,Q,non-synonymous,-0.41458503156145776,-0.601291156006083,-0.4800355642939715,0.657393394713205,0.6232501748416113,0.6563976008435133,0.6563976008435133
257,single,tttttagttttatctcatagagatcca,5.0,cat,1.0,,FLVLSHRDP,,False,False,3.0,1.0,1.0,6408.0,6773.0,5658.0,4385.0,3901.0,3168.0,True,False,True,True,False,False,1.0,both,0.017512610277525948,0.017458122435097048,0.017352058366014503,0.03775541467323419,0.03558630980528146,0.036905375348148535,-1.7566491169298546,-1.7580024650933863,-1.7606490001826944,-1.4230207554500305,-1.4487170447102475,-1.4329103732984023,H,non-synonymous,0.17611806375986763,0.16808454906411488,0.17910915625713625,1.2480964900345304,1.3926258799118092,1.3155423213946211,1.3155423213946211
258,single,tttttagttttatctccgagagatcca,5.0,ccg,1.0,,FLVLSPRDP,,False,False,2.0,1.0,1.0,8.0,14.0,11.0,1843.0,1786.0,1329.0,True,False,True,True,False,False,1.0,both,0.007360488196460736,0.007992875331731177,0.007279319939530706,4.7135349155098865e-05,7.355800048338115e-05,7.174958091722056e-05,-2.13309337941284,-2.09729696085265,-2.1379091921574185,-4.326653271534268,-4.13337008463837,-4.1441806312611495,P,non-synonymous,-1.1579516778134964,-1.1065262386087702,-1.0964273210539968,-0.08597325153883362,0.11801509223892404,0.04000584408348806,0.04000584408348806
259,single,tttttagttttatctcctagagatcca,5.0,cct,1.0,,FLVLSPRDP,,False,False,3.0,1.0,1.0,2.0,2.0,1.0,151.0,131.0,138.0,True,False,True,True,False,False,1.0,both,0.000603056819134873,0.0005862635321706519,0.0007558661788226015,1.1783837288774716e-05,1.0508285783340164e-05,6.522689174292777e-06,-3.2196417673387443,-3.2319071197494136,-3.1215550866989137,-4.928713262862231,-4.978468124652627,-5.185573316419374,P,non-synonymous,-0.9021965677129049,-0.9491877068063979,-1.1279859415383973,0.16978185856175787,0.2753536240412964,0.008447223599087561,0.16978185856175787
260,single,tttttagttttatctcggagagatcca,5.0,cgg,1.0,,FLVLSRRDP,,False,False,2.0,1.0,1.0,668.0,670.0,506.0,443.0,374.0,321.0,True,False,True,True,False,False,1.0,both,0.001769232919713568,0.0016737600078765176,0.0017582104594351818,0.003935801654450755,0.0035202757374189547,0.0033004807221921452,-2.7522149884088445,-2.7763068132046973,-2.7549291406952783,-2.404966796050666,-2.4534233176157825,-2.4814227995795752,R,non-synonymous,0.18330779496974753,0.17547457196358252,0.14947121263648014,1.2552862212444102,1.4000159028112766,1.285904377773965,1.285904377773965
261,single,tttttagttttatctcgtagagatcca,5.0,cgt,1.0,,FLVLSRRDP,,False,False,3.0,1.0,1.0,635.0,501.0,546.0,422.0,276.0,263.0,True,False,True,True,False,False,1.0,both,0.0016853640905623605,0.0012351811822832056,0.0014405275726836536,0.0037413683391859724,0.002632325588726711,0.0035613882891638565,-2.77330626367024,-2.90826933333996,-2.8414784246103926,-2.426969533234236,-2.579660394449363,-2.448380673714637,R,non-synonymous,0.1828266461003524,0.17858612683210226,0.21482791686429428,1.2548050723750153,1.4031274576797965,1.3512610820017792,1.3512610820017792
262,single,tttttagttttatctctgagagatcca,5.0,ctg,1.0,,FLVLSLRDP,,False,False,1.0,0.0,1.0,2.0,3.0,6.0,802.0,631.0,581.0,True,False,True,True,False,False,1.0,both,0.003202990522822306,0.002823910601524285,0.0031823061586661702,1.1783837288774716e-05,1.5762428675010246e-05,3.913613504575667e-05,-2.4944443463477506,-2.5491490561610433,-2.4972580407098195,-4.928713262862231,-4.802376865596947,-4.407422066035731,L,synonymous,-1.2850188345671791,-1.2245413308476942,-1.0439046204024252,-0.21304040829251636,0.0,0.09252854473505967,0.0
263,single,tttttagttttatctcttagagatcca,5.0,ctt,1.0,,FLVLSLRDP,,False,False,2.0,0.0,1.0,12.0,7.0,4.0,1622.0,1555.0,1146.0,True,False,True,True,False,False,1.0,both,0.006477868613488504,0.0069590823856898,0.0062769756589181255,7.07030237326483e-05,3.677900024169057e-05,2.609075669717111e-05,-2.188567864756777,-2.1574480220423213,-2.202249555468779,-4.150562012478587,-4.4344000803023516,-4.583513325091412,L,synonymous,-1.0357111394015983,-1.23743453370397,-1.3013606258665846,0.036267286873064464,-0.01289320285627582,-0.1649274607290998,-0.01289320285627582
264,single,tttttagttttatctgatagagatcca,5.0,gat,1.0,,FLVLSDRDP,,False,False,3.0,1.0,1.0,12.0,5.0,15.0,1371.0,1141.0,956.0,True,False,True,True,False,False,1.0,both,0.005475436417443119,0.0051063106122649915,0.005236290340249326,7.07030237326483e-05,2.627071445835041e-05,9.784033761439166e-05,-2.2615812598424014,-2.291892770986963,-2.28097628082405,-4.150562012478587,-4.58052811598059,-4.009482057363694,D,non-synonymous,-0.9971683197384922,-1.2437839438370781,-0.9446283892893176,0.0748101065361706,-0.0192426129893839,0.19180477584816724,0.0748101065361706
265,single,tttttagttttatctgcgagagatcca,5.0,gcg,1.0,,FLVLSARDP,,False,False,2.0,1.0,1.0,10.0,13.0,2.0,2051.0,1842.0,1527.0,True,False,True,True,False,False,1.0,both,0.0081911889804346,0.008243491803498785,0.008363823587406612,5.891918644387358e-05,6.830385759171106e-05,1.3045378348585554e-05,-2.0866530542635475,-2.0838887895443476,-2.0775951360437293,-4.229743258526212,-4.1655547680097715,-4.884543320755393,A,non-synonymous,-1.131309387377442,-1.1313041748266828,-1.5339971543808961,-0.059330961102779245,0.09323715602101146,-0.3975639892434113,-0.059330961102779245
266,single,tttttagttttatctgctagagatcca,5.0,gct,1.0,,FLVLSARDP,,False,False,3.0,1.0,1.0,8.0,2.0,3.0,944.0,809.0,688.0,True,False,True,True,False,False,1.0,both,0.003770103558035233,0.003620512958214179,0.003768376311811231,4.7135349155098865e-05,1.0508285783340164e-05,1.9568067522878334e-05,-2.4236467203338448,-2.4412298937929053,-2.423845734864639,-4.326653271534268,-4.978468124652627,-4.708452061699711,A,non-synonymous,-1.0045723559986675,-1.3788899049104322,-1.2485373343667872,0.06740607027599532,-0.15434857406273794,-0.11210416922930233,-0.11210416922930233
267,single,tttttagttttatctgtgagagatcca,5.0,gtg,1.0,,FLVLSVRDP,,False,False,1.0,1.0,1.0,2.0,3.0,1.0,266.0,214.0,189.0,True,False,True,True,False,False,1.0,both,0.0010623385025819619,0.0009577129456833551,0.0010352080275179108,1.1783837288774716e-05,1.5762428675010246e-05,6.522689174292777e-06,-2.973737078000847,-3.0187646420559866,-2.9849723689269063,-4.928713262862231,-4.802376865596947,-5.185573316419374,V,non-synonymous,-1.0320064482745168,-0.9693235973675711,-1.2026283954109083,0.03997197800014596,0.2552177334801231,-0.06619523027342344,0.03997197800014596
268,single,tttttagttttatctgttagagatcca,5.0,gtt,1.0,,FLVLSVRDP,,False,False,2.0,1.0,1.0,2.0,1.0,1.0,376.0,356.0,287.0,True,False,True,True,False,False,1.0,both,0.001501651417183525,0.0015932047133797869,0.0015719825603049756,1.1783837288774716e-05,5.254142891670082e-06,6.522689174292777e-06,-2.8234308697042527,-2.7977284174323023,-2.8035522763661582,-4.928713262862231,-5.2794981203166085,-5.185573316419374,V,non-synonymous,-1.1113511366543276,-1.3487449258795796,-1.3017744741491926,-0.03937271037966483,-0.12420359503188538,-0.16534130901170774,-0.12420359503188538
269,single,tttttagttttatcttagagagatcca,5.0,tag,1.0,,FLVLS*RDP,,True,False,1.0,1.0,1.0,3.0,8.0,2.0,494.0,417.0,370.0,True,False,True,True,False,False,1.0,both,0.001972914361937929,0.0018661976558409302,0.002026597725828714,1.7675755933162074e-05,4.2033143133360655e-05,1.3045378348585554e-05,-2.704891765708267,-2.72904236043142,-2.6932324490331556,-4.752622003806549,-4.376408133324666,-4.884543320755393,*,stop,-1.0809701040905413,-0.8952789715642019,-1.1975513690970148,-0.008991677815878507,0.32926235928349235,-0.06111820395952994,-0.008991677815878507
270,single,tttttagttttatcttatagagatcca,5.0,tat,1.0,,FLVLSYRDP,,False,False,2.0,1.0,1.0,1.0,6.0,5.0,555.0,541.0,375.0,True,False,True,True,False,False,1.0,both,0.0022165333418533413,0.002421134129040631,0.002053984181583156,5.891918644387358e-06,3.152485735002049e-05,3.261344587146389e-05,-2.6543257315092377,-2.6159811502986083,-2.6874029053724318,-5.229743258526212,-4.5013468699329655,-4.486603312083355,Y,non-synonymous,-1.3595293464248415,-1.0246226492445354,-0.9832630039585211,-0.2875509201501787,0.19991868160315884,0.15317016117896376,0.15317016117896376
271,single,tttttagttttatcttcgagagatcca,5.0,tcg,1.0,,FLVLSSRDP,,False,False,1.0,1.0,1.0,1.0,1.0,1.0,3.0,4.0,2.0,True,False,True,True,False,False,3.0,both,1.1981261307315359e-05,1.7901176554829066e-05,1.0954582301776834e-05,5.891918644387358e-06,5.254142891670082e-06,6.522689174292777e-06,-4.921497459912252,-4.7471184240772155,-4.960404177436169,-5.229743258526212,-5.2794981203166085,-5.185573316419374,S,non-synonymous,-0.16271893964053102,-0.28932757665213044,-0.1230549321629585,0.9092594866341317,0.9352137541955639,1.0133782329745262,0.9352137541955639
272,single,tttttagttttatcttctagagatcca,5.0,tct,1.0,,FLVLSSRDP,,False,False,2.0,1.0,1.0,4.0,6.0,6.0,1379.0,1264.0,1085.0,True,False,True,True,False,False,1.0,both,0.00550738644759596,0.005656771791325985,0.005942860898713932,2.3567674577549432e-05,3.152485735002049e-05,3.913613504575667e-05,-2.259054448456064,-2.247431341458811,-2.2260044349156023,-4.6276832671982495,-4.5013468699329655,-4.407422066035731,S,non-synonymous,-1.2503682824576754,-1.2249150792910706,-1.1921447132086376,-0.17838985618301262,-0.0003737484433763427,-0.05571154807115275,-0.05571154807115275
273,single,tttttagttttatctttgaaggatcca,6.0,aag,1.0,,FLVLSLKDP,,False,False,2.0,1.0,1.0,2.0,4.0,5.0,347.0,321.0,292.0,True,False,True,True,False,False,1.0,both,0.0013858325578794766,0.0014365694185250325,0.0015993690160594177,1.1783837288774716e-05,2.1016571566680328e-05,3.261344587146389e-05,-2.85828923984104,-2.8426733830003057,-2.796051321651732,-4.928713262862231,-4.677438128988646,-4.486603312083355,K,non-synonymous,-1.0929498573773349,-0.9971229959244415,-0.9238866455675099,-0.020971431102672078,0.2274183349232527,0.21254651956997495,0.21254651956997495
274,single,tttttagttttatctttgaatgatcca,6.0,aat,1.0,,FLVLSLNDP,,False,False,2.0,1.0,1.0,20.0,12.0,33.0,526.0,389.0,366.0,True,False,True,True,False,False,1.0,both,0.002100714482549293,0.0017408894199571266,0.0020046885612251607,0.00011783837288774716,6.304971470004098e-05,0.00021524874275166166,-2.6776329704781747,-2.75922881407947,-2.6979530877057396,-3.9287132628622303,-4.200316874268984,-3.667059376541487,N,non-synonymous,-0.6604289806942378,-0.7831750893998491,-0.5296165769869295,0.41154944558042494,0.4413662414478451,0.6068165881505553,0.4413662414478451
275,single,tttttagttttatctttgacggatcca,6.0,acg,1.0,,FLVLSLTDP,,False,False,2.0,1.0,1.0,8.0,12.0,16.0,1732.0,1734.0,1271.0,True,False,True,True,False,False,1.0,both,0.006917181528090067,0.007760160036518401,0.006961637052779177,4.7135349155098865e-05,6.304971470004098e-05,0.00010436302678868443,-2.160070826950586,-2.110129322264986,-2.157288622546142,-4.326653271534268,-4.200316874268984,-3.9814533337634495,T,non-synonymous,-1.1437106348624206,-1.135935317296229,-0.9969059961172183,-0.07173220858775786,0.08860601355146525,0.13952716902026652,0.08860601355146525
276,single,tttttagttttatctttgactgatcca,6.0,act,1.0,,FLVLSLTDP,,False,False,2.0,1.0,1.0,14.0,13.0,8.0,1454.0,1210.0,1004.0,True,False,True,True,False,False,1.0,both,0.005806917980278844,0.005415105907835793,0.00549920031549197,8.248686102142302e-05,6.830385759171106e-05,5.218151339434222e-05,-2.236054308108895,-2.2663930450887277,-2.2597004602911497,-4.083615222847974,-4.1655547680097715,-4.282483329427431,T,non-synonymous,-0.9753033271481449,-1.0321202383273227,-1.1054508173987618,0.09667509912651784,0.19242109252037154,0.030982347738722993,0.09667509912651784
277,single,tttttagttttatctttgagaaagcca,7.0,aag,1.0,,FLVLSLRKP,,False,False,2.0,1.0,1.0,4.0,4.0,2.0,3.0,7.0,9.0,True,False,True,True,False,False,2.0,both,1.1981261307315359e-05,3.1327058970950864e-05,4.929562035799575e-05,2.3567674577549432e-05,2.1016571566680328e-05,1.3045378348585554e-05,-4.921497459912252,-4.504080375390921,-4.307191663660825,-4.6276832671982495,-4.677438128988646,-4.884543320755393,K,non-synonymous,0.15510068297682167,-0.09421316984209906,-0.3155226747269431,1.2270791092514846,1.130328161005595,0.8209104904105418,1.130328161005595
278,single,tttttagttttatctttgagaaatcca,7.0,aat,1.0,,FLVLSLRNP,,False,False,1.0,1.0,1.0,150.0,115.0,317.0,672.0,549.0,468.0,True,False,True,True,False,False,1.0,both,0.0026838025328386403,0.002456936482150289,0.002563372258615779,0.0008837877966581038,0.0006042264325420594,0.0020676924682508104,-2.5712494415780887,-2.6096060709550857,-2.5911883200260264,-3.0536519994705307,-3.218800279962997,-2.684514054201623,N,non-synonymous,-0.25465402303323714,-0.3310732649043656,-0.05100251277726344,0.8173244032414256,0.8934680659433286,1.0854306523602213,0.8934680659433286
279,single,tttttagttttatctttgagaacgcca,7.0,acg,1.0,,FLVLSLRTP,,False,False,3.0,1.0,1.0,5.0,6.0,2.0,5.0,4.0,5.0,True,False,True,True,False,False,2.0,both,1.9968768845525598e-05,1.7901176554829066e-05,2.7386455754442085e-05,2.945959322193679e-05,3.152485735002049e-05,1.3045378348585554e-05,-4.699648710295895,-4.7471184240772155,-4.562464168764132,-4.530773254190193,-4.5013468699329655,-4.884543320755393,T,non-synonymous,0.08914715228039571,0.1335672428397957,-0.17601625328568699,1.1611255785550585,1.35810857368749,0.9604169118517978,1.1611255785550585
280,single,tttttagttttatctttgagaactcca,7.0,act,1.0,,FLVLSLRTP,,False,False,2.0,1.0,1.0,2930.0,3407.0,2510.0,1610.0,1435.0,1176.0,True,False,True,True,False,False,1.0,both,0.006429943568259242,0.006422047089044928,0.006441294393444778,0.01726332162805496,0.01790086483191997,0.01637194982747487,-2.1917928386000645,-2.1923265143351665,-2.191026851360031,-1.7628756381721022,-1.7471259867487314,-1.7858995949383363,T,non-synonymous,0.22641979991633282,0.24194910264367436,0.22140204151180548,1.2983982261909957,1.4664904334913687,1.3578352066492902,1.3578352066492902
281,single,tttttagttttatctttgagaaggcca,7.0,agg,1.0,,FLVLSLRRP,,False,False,3.0,1.0,1.0,4939.0,5651.0,4048.0,2847.0,2648.0,2217.0,True,False,True,True,False,False,1.0,both,0.011370216980642275,0.011850578879296842,0.012143154481519619,0.029100186184629163,0.029691161480827632,0.026403845777537162,-1.9442312474849588,-1.9262604346375154,-1.9156684799856623,-1.5361042323646634,-1.5273728130187105,-1.5783328125876317,R,non-synonymous,0.21544493205631568,0.21677984666718966,0.18435393880023304,1.2874233583309784,1.441321177514884,1.320787103937718,1.320787103937718
282,single,tttttagttttatctttgagaagtcca,7.0,agt,1.0,,FLVLSLRSP,,False,False,2.0,1.0,1.0,3.0,4.0,6.0,2.0,5.0,4.0,True,False,True,True,False,False,2.0,both,7.987507538210239e-06,2.2376470693536333e-05,2.1909164603553667e-05,1.7675755933162074e-05,2.1016571566680328e-05,3.913613504575667e-05,-5.097588718967932,-4.650208411069159,-4.659374181772188,-4.752622003806549,-4.677438128988646,-4.407422066035731,S,non-synonymous,0.1821034328926461,-0.014798288428760447,0.1376918286860622,1.2540818591673089,1.2097430424189337,1.274124993823547,1.2540818591673089
283,single,tttttagttttatctttgagaatgcca,7.0,atg,1.0,,FLVLSLRMP,,False,False,3.0,1.0,1.0,87.0,88.0,90.0,37.0,44.0,45.0,True,False,True,True,False,False,1.0,both,0.00014776888945688943,0.00019691294210311973,0.00024647810178997874,0.0005125969220617001,0.0004623645744669672,0.0005870420256863499,-3.830416990564919,-3.70572573891899,-3.6082216593248067,-3.2902240059075933,-3.3350154481664402,-3.2313308069800497,M,non-synonymous,0.2851608361247353,0.20146656760405862,0.2059708469710982,1.357139262399398,1.4260078984517528,1.342404012108583,1.357139262399398
284,single,tttttagttttatctttgagaattcca,7.0,att,1.0,,FLVLSLRIP,,False,False,2.0,1.0,1.0,1.0,2.0,2.0,4.0,6.0,4.0,True,False,True,True,False,False,2.0,both,1.5975015076420478e-05,2.68517648322436e-05,2.1909164603553667e-05,5.891918644387358e-06,1.0508285783340164e-05,1.3045378348585554e-05,-4.796558723303951,-4.571027165021534,-4.659374181772188,-5.229743258526212,-4.978468124652627,-4.884543320755393,I,non-synonymous,-0.228672470336957,-0.22142825188786747,-0.1230549321629585,0.8433059559377057,1.0031130789598268,1.0133782329745262,1.0031130789598268
285,single,tttttagttttatctttgagacagcca,7.0,cag,1.0,,FLVLSLRQP,,False,False,2.0,1.0,1.0,2220.0,2049.0,2476.0,2262.0,2069.0,1616.0,True,False,True,True,False,False,1.0,both,0.00903387102571578,0.009259383572985334,0.008851302499835682,0.013080059390539935,0.010765738785031998,0.016150178395548918,-2.0441261140424776,-2.0334179247394433,-2.052992816661583,-1.8833902840755732,-1.9679561619154138,-1.791822676071294,Q,non-synonymous,0.0848503497275918,0.03557591195727395,0.14272947917487688,1.1568287760022546,1.2601172428049683,1.2791626443123616,1.2601172428049683
286,single,tttttagttttatctttgagacatcca,7.0,cat,1.0,,FLVLSLRHP,,False,False,1.0,1.0,1.0,726.0,732.0,596.0,427.0,375.0,329.0,True,False,True,True,False,False,1.0,both,0.0017053328594078862,0.001678235302015225,0.001802028788642289,0.0042775329358252226,0.0038460325967025,0.0038875227478784953,-2.76819083960689,-2.7751471476774587,-2.744238275150176,-2.368806637826118,-2.414987039258217,-2.410327056679138,H,non-synonymous,0.21082971484174476,0.19573295546727726,0.1824824774964795,1.2828081411164076,1.4202742863149715,1.3189156426339643,1.3189156426339643
287,single,tttttagttttatctttgagaccgcca,7.0,ccg,1.0,,FLVLSLRPP,,False,False,3.0,1.0,1.0,3830.0,3733.0,3077.0,2162.0,1968.0,1648.0,True,False,True,True,False,False,1.0,both,0.008634495648805269,0.008807378864975901,0.00902657581666411,0.02256604840800358,0.019613715414604417,0.020070314589298876,-2.063763025014622,-2.055153321309855,-2.0444769657390536,-1.646544484557589,-1.7074401303903042,-1.6974458201719158,P,non-synonymous,0.22024422978936198,0.1889685418308953,0.189652517520987,1.2922226560640246,1.4135098726785895,1.326085682658472,1.326085682658472
288,single,tttttagttttatctttgagacctcca,7.0,cct,1.0,,FLVLSLRPP,,False,False,2.0,1.0,1.0,235.0,211.0,222.0,171.0,118.0,111.0,True,False,True,True,False,False,1.0,both,0.0006829318945169755,0.0005280847083674574,0.0006079793177486142,0.0013846008814310292,0.0011086241501423873,0.0014480369966929966,-3.16562260423976,-3.277296408099052,-3.216111194313493,-2.8586753962544753,-2.9552156650189163,-2.8392203419687356,P,non-synonymous,0.16203343057252304,0.1750383073207777,0.20597084697109821,1.2340118568471858,1.399579638168472,1.342404012108583,1.342404012108583
289,single,tttttagttttatctttgagacgtcca,7.0,cgt,1.0,,FLVLSLRRP,,False,False,2.0,1.0,1.0,1682.0,1932.0,1393.0,988.0,792.0,669.0,True,False,True,True,False,False,1.0,both,0.003945828723875858,0.003544432957856155,0.0036643077799443508,0.009910207159859536,0.010151004066706599,0.009086106019789838,-2.4038617700442857,-2.450453233815684,-2.4360080553323273,-2.003917267064318,-1.9934909982371343,-2.0416221999954107,R,non-synonymous,0.2111254905422485,0.24834113166860988,0.21553186592828077,1.2831039168169114,1.4728824625163042,1.3519650310657656,1.3519650310657656
290,single,tttttagttttatctttgagactgcca,7.0,ctg,1.0,,FLVLSLRLP,,False,False,3.0,1.0,1.0,999.0,789.0,1787.0,2816.0,2573.0,2158.0,True,False,True,True,False,False,1.0,both,0.011246410613800016,0.011514931818893797,0.011819994303617203,0.005886026725742971,0.004145518741527694,0.011656045554461193,-1.9489860641618393,-1.938738629194831,-1.9273827327532584,-2.2301777703002292,-2.3824211171071887,-1.93344876391373,L,non-synonymous,-0.14843743682571126,-0.24112410735691728,-0.0033150859674686817,0.9235409894489515,0.983417223490777,1.1331180791700162,0.983417223490777
291,single,tttttagttttatctttgagacttcca,7.0,ctt,1.0,,FLVLSLRLP,,False,False,2.0,1.0,1.0,356.0,249.0,583.0,896.0,843.0,640.0,True,False,True,True,False,False,1.0,both,0.0035784033771181873,0.0037726729589302255,0.003505466336568587,0.0020975230374018997,0.0013082815800258504,0.003802727788612689,-2.4463107049697888,-2.423350840780435,-2.455254199116263,-2.6782932605533363,-2.8832987732208726,-2.4199047616603604,L,non-synonymous,-0.12246056760348613,-0.24996374132816246,0.01931846720992847,0.9495178586711767,0.9745775895195318,1.1557516323474133,0.9745775895195318
292,single,tttttagttttatctttgagagagcca,7.0,gag,1.0,,FLVLSLREP,,False,False,1.0,1.0,1.0,1395.0,1357.0,1694.0,1857.0,1686.0,1247.0,True,False,True,True,False,False,1.0,both,0.007416400749228207,0.007545345917860451,0.006830182065157855,0.008219226508920366,0.007129871903996301,0.011049435461251965,-2.1298068108921333,-2.1223208451164544,-2.165567719621608,-2.0851690509165954,-2.1469182726568716,-1.9566599104246862,E,non-synonymous,0.023563691715534553,-0.01336774139287469,0.1141681156002328,1.0955421179901974,1.2111735894548195,1.2506012807377176,1.2111735894548195
293,single,tttttagttttatctttgagagataag,8.0,aag,1.0,,FLVLSLRDK,,False,False,3.0,1.0,1.0,256.0,214.0,182.0,227.0,217.0,140.0,True,False,True,True,False,False,1.0,both,0.0009065821055868621,0.0009711388280994769,0.0007668207611243783,0.0015083311729631637,0.0011243865788173974,0.0011871294297212856,-3.042592857438791,-3.012718681556648,-3.1153061374219124,-2.821503293214362,-2.949084346967418,-2.9255019284342993,K,non-synonymous,0.11671029943620088,0.034582776068706245,0.10372799828024734,1.1886887257108636,1.2591241069164005,1.240161163417732,1.240161163417732
294,single,tttttagttttatctttgagagataat,8.0,aat,1.0,,FLVLSLRDN,,False,False,3.0,1.0,1.0,3076.0,2568.0,2472.0,2147.0,1764.0,1495.0,True,False,True,True,False,False,1.0,both,0.008574589342268691,0.007894418860679618,0.008188550270578182,0.018123541750135513,0.01349263894580877,0.016124087638851745,-2.066786670195665,-2.102679834609377,-2.086792980439702,-1.7417569273968183,-1.8699031009197933,-1.792524850002596,N,non-synonymous,0.1715789650262166,0.12650506534178765,0.16081753028935092,1.2435573913008793,1.3510463961894819,1.2972506954268357,1.2972506954268357
295,single,tttttagttttatctttgagagatacg,8.0,acg,1.0,,FLVLSLRDT,,False,False,2.0,1.0,1.0,944.0,1021.0,832.0,687.0,671.0,507.0,True,False,True,True,False,False,1.0,both,0.002743708839375217,0.0030029223670725758,0.002776986613500427,0.0055619712003016665,0.0053644798923951536,0.005426877393011591,-2.5616619775723635,-2.5224558952361855,-2.5564262137668146,-2.254771264228143,-2.2704723782296985,-2.2654499901286504,T,non-synonymous,0.16200360778781484,0.13694320209196045,0.1590185032572283,1.2339820340624776,1.3614845329396548,1.295451668394713,1.295451668394713
296,single,tttttagttttatctttgagagatact,8.0,act,1.0,,FLVLSLRDT,,False,False,2.0,1.0,1.0,1161.0,1054.0,984.0,758.0,699.0,556.0,True,False,True,True,False,False,1.0,both,0.0030272653569816807,0.0031282306029563793,0.0030453738798939594,0.006840517546133723,0.005537866607820266,0.006418326147504093,-2.5189495089998606,-2.504701239659496,-2.516359381518093,-2.164911038787638,-2.256657509440081,-2.1925782179880327,T,non-synonymous,0.18689229414943767,0.1348020818131792,0.17694640257432034,1.2588707204241005,1.3593434126608734,1.3133795677118052,1.3133795677118052
297,single,tttttagttttatctttgagagatagg,8.0,agg,1.0,,FLVLSLRDR,,False,False,3.0,1.0,1.0,1966.0,1592.0,1797.0,2051.0,1692.0,1470.0,True,False,True,True,False,False,1.0,both,0.0081911889804346,0.007572197682692695,0.008051617991805973,0.011583512054865547,0.00836459548353877,0.011721272446204122,-2.0866530542635475,-2.120778056702173,-2.094116838351974,-1.936159745030095,-2.0775550569149583,-1.9310252393104006,R,non-synonymous,0.07944345652584318,0.023490012621456058,0.08912955721656951,1.151421882800506,1.2480313434691503,1.2255627223540544,1.2255627223540544
298,single,tttttagttttatctttgagagatagt,8.0,agt,1.0,,FLVLSLRDS,,False,False,3.0,1.0,1.0,3.0,2.0,6.0,4.0,4.0,4.0,True,False,True,True,False,False,3.0,both,1.5975015076420478e-05,1.7901176554829066e-05,2.1909164603553667e-05,1.7675755933162074e-05,1.0508285783340164e-05,3.913613504575667e-05,-4.796558723303951,-4.7471184240772155,-4.659374181772188,-4.752622003806549,-4.978468124652627,-4.407422066035731,S,non-synonymous,0.02319362158396974,-0.12572952856673406,0.1376918286860622,1.0951720478586324,1.09881180228096,1.274124993823547,1.09881180228096
299,single,tttttagttttatctttgagagatatg,8.0,atg,1.0,,FLVLSLRDM,,False,False,3.0,1.0,1.0,3616.0,3891.0,3130.0,2327.0,1996.0,1698.0,True,False,True,True,False,False,1.0,both,0.009293465020707613,0.008932687100859704,0.00930044037420853,0.021305177818104686,0.020443869991488287,0.020416017115536395,-2.0318223313451838,-2.0490178784538253,-2.0314964871922165,-1.671514836722886,-1.6894368895128662,-1.690028978872926,M,non-synonymous,0.19020163042968852,0.19541822664417002,0.18661198982165533,1.2621800567043513,1.4199595574918642,1.3230451549591402,1.3230451549591402
300,single,tttttagttttatctttgagagatatt,8.0,att,1.0,,FLVLSLRDI,,False,False,3.0,1.0,1.0,2780.0,2643.0,2279.0,1856.0,1540.0,1282.0,True,False,True,True,False,False,1.0,both,0.007412406995459102,0.0068919529736091905,0.0070218872554389505,0.016379533831396856,0.013886699662684026,0.01486520862821324,-2.130040742749071,-2.1616576945687145,-2.1535461479173517,-1.7856984626081354,-1.8574009571848984,-1.827828991238999,I,non-synonymous,0.18177380178377572,0.16535165621297296,0.17800442281016132,1.2537522280584386,1.389892987060667,1.3144375879476462,1.3144375879476462
301,single,tttttagttttatctttgagagatcag,8.0,cag,1.0,,FLVLSLRDQ,,False,False,2.0,1.0,1.0,1.0,1.0,1.0,2.0,3.0,4.0,True,False,True,True,False,False,3.0,both,7.987507538210239e-06,1.34258824161218e-05,2.1909164603553667e-05,5.891918644387358e-06,5.254142891670082e-06,6.522689174292777e-06,-5.097588718967932,-4.872057160685515,-4.659374181772188,-5.229743258526212,-5.2794981203166085,-5.185573316419374,Q,non-synonymous,-0.06976265902828065,-0.22142825188786747,-0.28756782172998685,1.002215767246382,1.0031130789598268,0.848865343407498,1.002215767246382
302,single,tttttagttttatctttgagagatcat,8.0,cat,1.0,,FLVLSLRDH,,False,False,2.0,1.0,1.0,1.0,1.0,1.0,19.0,9.0,4.0,True,False,True,True,False,False,2.0,both,7.588132161299728e-05,4.02776472483654e-05,2.1909164603553667e-05,5.891918644387358e-06,5.254142891670082e-06,6.522689174292777e-06,-4.119865113679085,-4.394935905965853,-4.659374181772188,-5.229743258526212,-5.2794981203166085,-5.185573316419374,H,non-synonymous,-0.5858902073338592,-0.4807250232943972,-0.28756782172998685,0.48608821894080356,0.7438163075532971,0.848865343407498,0.7438163075532971
303,single,tttttagttttatctttgagagatccg,8.0,ccg,1.0,,FLVLSLRDP,,False,False,1.0,0.0,1.0,8.0,6.0,9.0,1787.0,1669.0,1347.0,True,False,True,True,False,False,1.0,both,0.007136837985390849,0.0074692659175024274,0.007377911180246697,4.7135349155098865e-05,3.152485735002049e-05,5.8704202568634995e-05,-2.14649416212627,-2.126722078725931,-2.1320665773771648,-4.326653271534268,-4.5013468699329655,-4.23133080698005,P,synonymous,-1.1508775792749684,-1.2905158501556777,-1.1472478801154722,-0.07889915300030559,-0.06597451930798348,-0.01081471497798736,-0.06597451930798348
304,single,tttttagttttatctttgagagatcct,8.0,cct,1.0,,FLVLSLRDP,,False,False,1.0,0.0,1.0,8.0,5.0,6.0,1108.0,1136.0,842.0,True,False,True,True,False,False,1.0,both,0.004425079176168472,0.005083934141571455,0.004611879149048047,4.7135349155098865e-05,2.627071445835041e-05,3.913613504575667e-05,-2.354078954239503,-2.2938000840301775,-2.336122081600501,-4.326653271534268,-4.58052811598059,-4.407422066035731,P,synonymous,-1.0412962730250552,-1.2427473936744624,-1.1319654204159182,0.030682153249607547,-0.018206062826768177,0.0044677447215666355,0.0044677447215666355
305,single,tttttagttttatctttgagagatcgg,8.0,cgg,1.0,,FLVLSLRDR,,False,False,2.0,1.0,1.0,3.0,2.0,2.0,16.0,24.0,12.0,True,False,True,True,False,False,1.0,both,6.390006030568191e-05,0.0001074070593289744,6.5727493810661e-05,1.7675755933162074e-05,1.0508285783340164e-05,1.3045378348585554e-05,-4.194498731975989,-3.9689671736935717,-4.1822529270525255,-4.752622003806549,-4.978468124652627,-4.884543320755393,R,non-synonymous,-0.29462600103338293,-0.5486243480586602,-0.3838016930119792,0.7773524252412798,0.675916982789034,0.7526314721255056,0.7526314721255056
306,single,tttttagttttatctttgagagatcgt,8.0,cgt,1.0,,FLVLSLRDR,,False,False,2.0,1.0,1.0,1.0,1.0,1.0,2.0,4.0,11.0,True,False,True,True,False,False,2.0,both,7.987507538210239e-06,1.7901176554829066e-05,6.0250202659772584e-05,5.891918644387358e-06,5.254142891670082e-06,6.522689174292777e-06,-5.097588718967932,-4.7471184240772155,-4.220041487941925,-5.229743258526212,-5.2794981203166085,-5.185573316419374,R,non-synonymous,-0.06976265902828065,-0.28932757665213044,-0.5276631344374939,1.002215767246382,0.9352137541955639,0.6087700306999909,0.9352137541955639
307,single,tttttagttttatctttgagagatctg,8.0,ctg,1.0,,FLVLSLRDL,,False,False,2.0,1.0,1.0,1067.0,1037.0,998.0,909.0,830.0,639.0,True,False,True,True,False,False,1.0,both,0.0036303221761165537,0.003714494135127031,0.003499989045417698,0.006286677193561311,0.005448546178661875,0.0065096437959441915,-2.4400548314099466,-2.430100323029104,-2.4559333149417504,-2.201578839101742,-2.2637193639275677,-2.1864427751320035,L,non-synonymous,0.12588836821978036,0.09042155446187089,0.1472765772636407,1.1978667944944432,1.3149628853095652,1.2837097424011255,1.2837097424011255
308,single,tttttagttttatctttgagagatctt,8.0,ctt,1.0,,FLVLSLRDL,,False,False,2.0,1.0,1.0,2.0,3.0,3.0,4.0,1.0,2.0,True,False,True,True,False,False,3.0,both,1.5975015076420478e-05,4.4752941387072664e-06,1.0954582301776834e-05,1.1783837288774716e-05,1.5762428675010246e-05,1.9568067522878334e-05,-4.796558723303951,-5.349178415405178,-4.960404177436169,-4.928713262862231,-4.802376865596947,-4.708452061699711,L,non-synonymous,-0.06976265902828065,0.29716529092519206,0.1376918286860622,1.002215767246382,1.5217066217728863,1.274124993823547,1.274124993823547
309,single,tttttagttttatctttgagagatgag,8.0,gag,1.0,,FLVLSLRDE,,False,False,3.0,1.0,1.0,1.0,1.0,1.0,3.0,1.0,4.0,True,False,True,True,False,False,3.0,both,1.1981261307315359e-05,4.4752941387072664e-06,2.1909164603553667e-05,5.891918644387358e-06,5.254142891670082e-06,6.522689174292777e-06,-4.921497459912252,-5.349178415405178,-4.659374181772188,-5.229743258526212,-5.2794981203166085,-5.185573316419374,E,non-synonymous,-0.16271893964053102,0.037868519518662276,-0.28756782172998685,0.9092594866341317,1.2624098503663566,0.848865343407498,0.9092594866341317
310,single,tttttagttttatctttgagagatgat,8.0,gat,1.0,,FLVLSLRDD,,False,False,3.0,1.0,1.0,1261.0,1168.0,1012.0,840.0,706.0,569.0,True,False,True,True,False,False,1.0,both,0.0033547531660483004,0.00315955766192733,0.0031165786648555092,0.0074297094105724585,0.0061368388974706554,0.0066009614443842905,-2.4743394285700324,-2.500373714353374,-2.5063219067050793,-2.1290281719531303,-2.212055277540228,-2.180392803915594,D,non-synonymous,0.18228531183651592,0.1566898122083291,0.1781202513577383,1.2542637381111787,1.3812311430560233,1.314553416495223,1.314553416495223
311,single,tttttagttttatctttgagagatggg,8.0,ggg,1.0,,FLVLSLRDG,,False,False,3.0,1.0,1.0,137.0,120.0,121.0,133.0,168.0,126.0,True,False,True,True,False,False,1.0,both,0.0005311692512909809,0.0007518494153028207,0.0006901386850119405,0.0008071928542810681,0.0006304971470004098,0.0007892453900894261,-3.274767073664828,-3.1238691336793147,-3.1610636279825877,-3.093022691369805,-3.200316874268984,-3.102787946102924,G,non-synonymous,0.0959404906916714,-0.0415463618946763,0.03184765955421173,1.1679189169663342,1.182994968953018,1.1682808246916965,1.1682808246916965
312,single,tttttagttttatctttgagagatggt,8.0,ggt,1.0,,FLVLSLRDG,,False,False,3.0,1.0,1.0,847.0,684.0,864.0,731.0,774.0,658.0,True,False,True,True,False,False,1.0,both,0.0029194340052158423,0.0034638776633594244,0.003604057577284578,0.004990455091796093,0.003593833737902336,0.00563560344658896,-2.5347013376740533,-2.460437454722285,-2.443208279486195,-2.301859848195505,-2.444442018596493,-2.249059573940481,G,non-synonymous,0.12291398761194791,0.008692894947835214,0.10610226560503916,1.1948924138866106,1.2332342257955295,1.242535430742524,1.2332342257955295
313,single,tttttagttttatctttgagagatgtg,8.0,gtg,1.0,,FLVLSLRDV,,False,False,3.0,1.0,1.0,64.0,52.0,43.0,39.0,43.0,22.0,True,False,True,True,False,False,1.0,both,0.00015575639699509967,0.00019243764796441246,0.00012050040531954517,0.0003770827932407909,0.00027321543036684426,0.00028047563449458944,-3.807554107605415,-3.715709959825591,-3.919011492277944,-3.4235632845423245,-3.5634947766818095,-3.552104860839788,V,non-synonymous,0.20270375084259462,0.08272300837116665,0.2005144703472421,1.2746821771172574,1.307264339218861,1.336947635484727,1.307264339218861
314,single,tttttagttttatctttgagagatgtt,8.0,gtt,1.0,,FLVLSLRDV,,False,False,3.0,1.0,1.0,2032.0,2220.0,2012.0,1656.0,1378.0,1109.0,True,False,True,True,False,False,1.0,both,0.006613656241638078,0.006166955323138613,0.006074315886335254,0.011972378685395113,0.011664197219507582,0.013123650618677069,-2.1795583821830524,-2.2099291978335707,-2.2165026269509904,-1.92181955491433,-1.93314514586597,-1.8819453400354846,V,non-synonymous,0.13605696773789253,0.15042132443708614,0.18283555389480655,1.2080353940125552,1.3749626552847805,1.3192687190322914,1.3192687190322914
315,single,tttttagttttatctttgagagattag,8.0,tag,1.0,,FLVLSLRD*,,True,False,3.0,1.0,1.0,1.0,1.0,4.0,147.0,184.0,120.0,True,False,True,True,False,False,1.0,both,0.0005870818040584526,0.000823454121522137,0.00065727493810661,5.891918644387358e-06,5.254142891670082e-06,2.609075669717111e-05,-3.231301379883738,-3.084360592395641,-3.1822529270525255,-5.229743258526212,-5.2794981203166085,-4.583513325091412,*,stop,-1.0549514215218463,-1.1929715311418116,-0.7657887932687643,0.017027004752816488,0.031569799705882584,0.37064437186872057,0.031569799705882584
316,single,tttttagttttatctttgagagattat,8.0,tat,1.0,,FLVLSLRDY,,False,False,3.0,1.0,1.0,27.0,28.0,26.0,8.0,15.0,13.0,True,False,True,True,False,False,2.0,both,3.1950030152840955e-05,6.7129412080609e-05,7.120478496154942e-05,0.00015908180339845867,0.0001471160009667623,0.00016958991853161223,-4.495528727639971,-4.173087156349497,-4.147490820793314,-3.798379494367224,-3.8323400889743895,-3.7705999684485563,Y,non-synonymous,0.36801599411714686,0.18518272569626382,0.20597084697109821,1.4399944203918096,1.4097240565439582,1.342404012108583,1.4097240565439582
317,single,tttttagttttatctttgagagattcg,8.0,tcg,1.0,,FLVLSLRDS,,False,False,2.0,1.0,1.0,249.0,208.0,269.0,307.0,304.0,199.0,True,False,True,True,False,False,1.0,both,0.0012260824071152717,0.001360489418167009,0.0010899809390267948,0.0014670877424524521,0.001092861721467377,0.001754603387884757,-2.9114803391547275,-2.866304831796424,-2.962581096690444,-2.8335439114304752,-2.9614347853538474,-2.7558210364169664,S,non-synonymous,0.0411416244298709,-0.051699415143402636,0.11299437083542643,1.1131200507045336,1.1728419157042915,1.2494275359729112,1.1728419157042915
318,single,tttttagttttatctttgagagattgt,8.0,tgt,1.0,,FLVLSLRDC,,False,False,3.0,1.0,1.0,2.0,2.0,2.0,3.0,1.0,4.0,True,False,True,True,False,False,3.0,both,1.1981261307315359e-05,4.4752941387072664e-06,2.1909164603553667e-05,1.1783837288774716e-05,1.0508285783340164e-05,1.3045378348585554e-05,-4.921497459912252,-5.349178415405178,-4.659374181772188,-4.928713262862231,-4.978468124652627,-4.884543320755393,C,non-synonymous,-0.003809128331854682,0.20146656760405862,-0.1230549321629585,1.0681692979428081,1.4260078984517528,1.0133782329745262,1.0681692979428081
319,single,tttttagttttatctttgagagatttg,8.0,ttg,1.0,,FLVLSLRDL,,False,False,3.0,1.0,1.0,1910.0,1548.0,1570.0,1331.0,1158.0,1055.0,True,False,True,True,False,False,1.0,both,0.005315686266678914,0.005182390612623015,0.0057785421641872795,0.011253564610779854,0.008133413196305287,0.010240622003639661,-2.274440659157239,-2.2854698560137603,-2.238181713466439,-1.9487098912784842,-2.089727163969735,-1.9896736640101407,L,non-synonymous,0.17194902702925743,0.1063785098051443,0.13580964649900276,1.2439274533039202,1.3309198406528386,1.2722428116364877,1.2722428116364877
320,single,tttttagttttatctttgagagatttt,8.0,ttt,1.0,,FLVLSLRDF,,False,False,3.0,1.0,1.0,2624.0,2170.0,2280.0,1958.0,1656.0,1441.0,True,False,True,True,False,False,1.0,both,0.007819769879907824,0.0074110870936992335,0.007892776548430208,0.015460394522872428,0.011401490074924078,0.014871731317387532,-2.106806027164795,-2.1301180829563164,-2.1027701922861612,-1.810779427822589,-1.9430383864680794,-1.8276384694189205,F,non-synonymous,0.1562685836009786,0.10167050999145998,0.1503594837471552,1.2282470098756413,1.326211840839154,1.28679264888464,1.28679264888464
321,single,tttttagttttatctttgagagctcca,7.0,gct,1.0,,FLVLSLRAP,,False,False,1.0,1.0,1.0,90.0,81.0,39.0,235.0,190.0,157.0,True,False,True,True,False,False,1.0,both,0.0009385321357397031,0.0008503058863543806,0.0008599347106894815,0.0005302726779948622,0.0004255855742252766,0.0002543848777974183,-3.0275508523601777,-3.0704248144523487,-3.0655345206909166,-3.275500749086887,-3.371013101437959,-3.5945087093928754,A,non-synonymous,-0.13088951888644507,-0.16335799666645232,-0.2890843887426804,0.9410889073882177,1.061183334181242,0.8473487763948044,0.9410889073882177
322,single,tttttagttttatctttgagaggtcca,7.0,ggt,1.0,,FLVLSLRGP,,False,False,1.0,1.0,1.0,2.0,4.0,2.0,21.0,32.0,22.0,True,False,True,True,False,False,1.0,both,8.386882915120751e-05,0.00014320941243863253,0.00012050040531954517,1.1783837288774716e-05,2.1016571566680328e-05,1.3045378348585554e-05,-4.076399419897995,-3.8440284370852718,-3.919011492277944,-4.928713262862231,-4.677438128988646,-4.884543320755393,G,non-synonymous,-0.4499253692725123,-0.4529256247375268,-0.5276631344374939,0.6220530570021505,0.7716157061101674,0.6087700306999909,0.6220530570021505
323,single,tttttagttttatctttgagagtgcca,7.0,gtg,1.0,,FLVLSLRVP,,False,False,2.0,1.0,1.0,10108.0,10506.0,8742.0,6310.0,5696.0,4472.0,True,False,True,True,False,False,1.0,both,0.025200586283053304,0.02549127541407659,0.024494446026773,0.05955551365746742,0.05520002521988588,0.05702134876166746,-1.5985893553877797,-1.5936084347763777,-1.6109323782217835,-1.2250780252783346,-1.258060723849519,-1.2439625142657407,V,non-synonymous,0.19717176309432652,0.18235707849005292,0.20054902691762366,1.2691501893689894,1.4068984093377472,1.3369821920551086,1.3369821920551086
324,single,tttttagttttatctttgagagttcca,7.0,gtt,1.0,,FLVLSLRVP,,False,False,1.0,1.0,1.0,3831.0,3972.0,3479.0,2433.0,2268.0,1858.0,True,False,True,True,False,False,1.0,both,0.009716802920232756,0.01014996710658808,0.010176806958350678,0.02257194032664797,0.020869455565713565,0.02269243563736457,-2.0124766057010954,-1.9935353651843086,-1.9923884634425273,-1.646431106543134,-1.6804888804932652,-1.6441188876717854,V,non-synonymous,0.19323064823915767,0.17012854065418787,0.1903293196146543,1.2652090745138205,1.3946698715018822,1.326762484752139,1.326762484752139
325,single,tttttagttttatctttgagatagcca,7.0,tag,1.0,,FLVLSLR*P,,True,False,2.0,1.0,1.0,4.0,8.0,8.0,668.0,571.0,512.0,True,False,True,True,False,False,1.0,both,0.00266782751776222,0.002555392953201849,0.0028043730692548694,2.3567674577549432e-05,4.2033143133360655e-05,5.218151339434222e-05,-2.573842252156368,-2.5925423071593294,-2.5521642121243198,-4.6276832671982495,-4.376408133324666,-4.282483329427431,*,stop,-1.0841959035957196,-0.9694614204912959,-0.9456193799981002,-0.012217477321056824,0.2550799103563983,0.19081378513938463,0.19081378513938463
326,single,tttttagttttatctttgagatatcca,7.0,tat,1.0,,FLVLSLRYP,,False,False,1.0,1.0,1.0,4031.0,4739.0,3462.0,2493.0,2339.0,1823.0,True,False,True,True,False,False,1.0,both,0.009956428146379063,0.010467712990436296,0.009985101768069583,0.02375032405552544,0.024899383163624517,0.022581549921401597,-2.0018964361281406,-1.9801481935960246,-2.000647504445174,-1.6243304603731605,-1.6038114116172077,-1.6462462528799993,Y,non-synonymous,0.19931215768535163,0.20452434588345092,0.19368028037391483,1.2712905839600144,1.4290656767311452,1.3301134455113997,1.3301134455113997
327,single,tttttagttttatctttgagatcgcca,7.0,tcg,1.0,,FLVLSLRSP,,False,False,3.0,1.0,1.0,1005.0,1170.0,768.0,600.0,483.0,391.0,True,False,True,True,False,False,1.0,both,0.002396252261463072,0.0021615670689956097,0.002141620839997371,0.005921378237609295,0.006147347183253995,0.0050094252858568535,-2.62046746424827,-2.6652312846536654,-2.6692574157042834,-2.2275771967697042,-2.211312258570447,-2.3002120963878623,S,non-synonymous,0.20740165156074744,0.24668726613852196,0.20168326325095018,1.2793800778354103,1.4712285969862162,1.338116428388435,1.338116428388435
328,single,tttttagttttatctttgagatctcca,7.0,tct,1.0,,FLVLSLRSP,,False,False,2.0,1.0,1.0,1.0,4.0,2.0,10.0,4.0,4.0,True,False,True,True,False,False,2.0,both,3.9937537691051196e-05,1.7901176554829066e-05,2.1909164603553667e-05,5.891918644387358e-06,2.1016571566680328e-05,1.3045378348585554e-05,-4.398618714631914,-4.7471184240772155,-4.659374181772188,-5.229743258526212,-4.677438128988646,-4.884543320755393,S,non-synonymous,-0.4387398144591458,0.037868519518662276,-0.1230549321629585,0.633238611815517,1.2624098503663566,1.0133782329745262,1.0133782329745262
329,single,tttttagttttatctttgagatggcca,7.0,tgg,1.0,,FLVLSLRWP,,False,False,3.0,1.0,1.0,62.0,68.0,82.0,51.0,38.0,25.0,True,False,True,True,False,False,1.0,both,0.0002036814422243611,0.00017006117727087612,0.0001369322787722104,0.00036529895595201623,0.00035728171663356557,0.0005348605122920077,-3.6910485385339777,-3.7693948187883675,-3.8634941644281127,-3.4373515690279577,-3.4469892076103723,-3.2717594640356578,W,non-synonymous,0.1339233237035467,0.17521486044658066,0.32338300774287404,1.2059017499782094,1.3997561912942749,1.459816172880359,1.3997561912942749
330,single,tttttagttttatctttgagatgtcca,7.0,tgt,1.0,,FLVLSLRCP,,False,False,2.0,1.0,1.0,680.0,726.0,584.0,414.0,358.0,298.0,True,False,True,True,False,False,1.0,both,0.0016534140604095196,0.0016021553016572015,0.0016322327629647482,0.004006504678183404,0.0038145077393524794,0.003809250477786982,-2.781618373511015,-2.7952953887613035,-2.7872179090238953,-2.3972343458199754,-2.4185614996165152,-2.419160469306975,C,non-synonymous,0.20291131844095078,0.20474015812199656,0.20114338705987578,1.2748897447156136,1.4292814889696908,1.3375765521973606,1.3375765521973606
331,single,tttttagttttatctttgagattgcca,7.0,ttg,1.0,,FLVLSLRLP,,False,False,3.0,1.0,1.0,717.0,536.0,1236.0,1824.0,1593.0,1246.0,True,False,True,True,False,False,1.0,both,0.007284606874847738,0.007129143562960676,0.006824704774006967,0.004224505668025736,0.002816220589935164,0.008062043819425872,-2.1375938806395167,-2.146962639604046,-2.1659161307769996,-2.3742241028584115,-2.5503333306238387,-2.0935548456665773,L,non-synonymous,-0.12491401024603616,-0.21921621983264536,0.0395454415764838,0.9470644160286266,1.005325111015049,1.1759786067139686,1.005325111015049
332,single,tttttagttttatctttgagatttcca,7.0,ttt,1.0,,FLVLSLRFP,,False,False,2.0,1.0,1.0,395.0,495.0,399.0,298.0,287.0,221.0,True,False,True,True,False,False,1.0,both,0.0011901386231933256,0.0012844094178089856,0.00121048134434634,0.0023273078645330066,0.0026008007313766904,0.002602552980542818,-2.9244024505556587,-2.891296518671185,-2.9170418994150396,-2.6331461628997515,-2.58489292138304,-2.584600420732626,F,non-synonymous,0.1537503982344962,0.16651839074082744,0.18167926471695253,1.2257288245091589,1.3910597215885216,1.3181124298544373,1.3181124298544373
333,single,tttttagttttatctttgagtgatcca,6.0,agt,1.0,,FLVLSLSDP,,False,False,1.0,1.0,1.0,1.0,1.0,1.0,1.0,7.0,12.0,True,False,True,True,False,False,2.0,both,3.9937537691051194e-06,3.1327058970950864e-05,6.5727493810661e-05,5.891918644387358e-06,5.254142891670082e-06,6.522689174292777e-06,-5.398618714631914,-4.504080375390921,-4.1822529270525255,-5.229743258526212,-5.2794981203166085,-5.185573316419374,S,non-synonymous,0.08914715228039571,-0.4214092660128918,-0.5483145825790076,1.1611255785550585,0.8031320648348024,0.5881185825584773,0.8031320648348024
334,single,tttttagttttatctttgatggatcca,6.0,atg,1.0,,FLVLSLMDP,,False,False,2.0,1.0,1.0,1.0,1.0,3.0,272.0,283.0,195.0,True,False,True,True,False,False,1.0,both,0.0010863010251965924,0.0012665082412541564,0.0010680717744232413,5.891918644387358e-06,5.254142891670082e-06,1.9568067522878334e-05,-2.9640498105977153,-2.8973919798808874,-2.9713995617376323,-5.229743258526212,-5.2794981203166085,-4.708452061699711,M,non-synonymous,-1.1960300417886272,-1.294581671331268,-0.9492991735527062,-0.12405161551396438,-0.07004034048357366,0.18713399158477861,-0.07004034048357366
335,single,tttttagttttatctttgattgatcca,6.0,att,1.0,,FLVLSLIDP,,False,False,2.0,1.0,1.0,1.0,1.0,2.0,2.0,8.0,3.0,True,False,True,True,False,False,2.0,both,7.987507538210239e-06,3.580235310965813e-05,1.643187345266525e-05,5.891918644387358e-06,5.254142891670082e-06,1.3045378348585554e-05,-5.097588718967932,-4.446088428413234,-4.784312918380488,-5.229743258526212,-5.2794981203166085,-4.884543320755393,I,non-synonymous,-0.06976265902828065,-0.4529256247375268,-0.054775913877922466,1.002215767246382,0.7716157061101674,1.0816572512595624,1.002215767246382
336,single,tttttagttttatctttgcaggatcca,6.0,cag,1.0,,FLVLSLQDP,,False,False,3.0,1.0,1.0,3.0,8.0,7.0,584.0,580.0,482.0,True,False,True,True,False,False,1.0,both,0.00233235220115739,0.0025956706004502147,0.0026400543347282167,1.7675755933162074e-05,4.2033143133360655e-05,4.565882422004944e-05,-2.6322058675195144,-2.5857504218422402,-2.578387134861301,-4.752622003806549,-4.376408133324666,-4.340475276405118,Q,non-synonymous,-1.119340042410141,-0.973152544952979,-0.9629811514223583,-0.04736161613547818,0.25138878589471525,0.17345201371512653,0.17345201371512653
337,single,tttttagttttatctttgcatgatcca,6.0,cat,1.0,,FLVLSLHDP,,False,False,3.0,1.0,1.0,2.0,8.0,1.0,1095.0,1007.0,819.0,True,False,True,True,False,False,1.0,both,0.004373160377170106,0.004506621197678217,0.004485901452577613,1.1783837288774716e-05,4.2033143133360655e-05,6.522689174292777e-06,-2.3592045954557768,-2.3461489448515596,-2.348150271339732,-4.928713262862231,-4.376408133324666,-5.185573316419374,H,non-synonymous,-1.3564101364481542,-1.1033665917877262,-1.5506516652618785,-0.28443171017349145,0.121174739059968,-0.41421850012439365,-0.28443171017349145
338,single,tttttagttttatctttgcctgatcca,6.0,cct,1.0,,FLVLSLPDP,,False,False,3.0,1.0,1.0,12.0,10.0,8.0,868.0,776.0,594.0,True,False,True,True,False,False,1.0,both,0.003466578271583244,0.003472828251636839,0.0032535109436277196,7.07030237326483e-05,5.254142891670082e-05,5.218151339434222e-05,-2.460098989455422,-2.459316694146989,-2.4876477281189566,-4.150562012478587,-4.2794981203166085,-4.282483329427431,P,non-synonymous,-0.8923733976090542,-0.9891975310494696,-0.9808776378504993,0.17960502866560857,0.23534379979822462,0.15555552728698552,0.17960502866560857
339,single,tttttagttttatctttgcgggatcca,6.0,cgg,1.0,,FLVLSLRDP,,False,False,2.0,0.0,1.0,3.0,2.0,3.0,475.0,460.0,429.0,True,False,True,True,False,False,1.0,both,0.0018970330403249318,0.0020586353038053425,0.002349757903731131,1.7675755933162074e-05,1.0508285783340164e-05,1.9568067522878334e-05,-2.721925105007047,-2.6864205837236037,-2.628976880915426,-4.752622003806549,-4.978468124652627,-4.708452061699711,R,synonymous,-1.0719784262746628,-1.2456383390892343,-1.1364331651374848,0.0,-0.02109700824154004,0.0,0.0
340,single,tttttagttttatctttgcgtgatcca,6.0,cgt,1.0,,FLVLSLRDP,,False,False,2.0,0.0,1.0,12.0,7.0,5.0,1343.0,1243.0,992.0,True,False,True,True,False,False,1.0,both,0.005363611311908175,0.005562790614413132,0.005433472821681309,7.07030237326483e-05,3.677900024169057e-05,3.261344587146389e-05,-2.2705427019631985,-2.2547072867635327,-2.2649225009459717,-4.150562012478587,-4.4344000803023516,-4.486603312083355,R,synonymous,-0.9924376912397325,-1.1845779210879572,-1.2141485406783419,0.07954073503493031,0.039963409759737,-0.07771537554085706,0.039963409759737
341,single,tttttagttttatctttgctggatcca,6.0,ctg,1.0,,FLVLSLLDP,,False,False,3.0,1.0,1.0,15.0,8.0,7.0,2132.0,1972.0,1676.0,True,False,True,True,False,False,1.0,both,0.008514683035732116,0.00882528004153073,0.009179939968888986,8.837877966581037e-05,4.2033143133360655e-05,4.565882422004944e-05,-2.069831514277379,-2.0542715047999853,-2.0371601588058925,-4.053651999470531,-4.376408133324666,-4.340475276405118,L,non-synonymous,-1.0472329784843781,-1.2619905832849072,-1.2587616883290123,0.024745447790284647,-0.037449252437212976,-0.12232852319152743,-0.037449252437212976
342,single,tttttagttttatctttgcttgatcca,6.0,ctt,1.0,,FLVLSLLDP,,False,False,3.0,1.0,1.0,1.0,1.0,1.0,3.0,4.0,4.0,True,False,True,True,False,False,3.0,both,1.1981261307315359e-05,1.7901176554829066e-05,2.1909164603553667e-05,5.891918644387358e-06,5.254142891670082e-06,6.522689174292777e-06,-4.921497459912252,-4.7471184240772155,-4.659374181772188,-5.229743258526212,-5.2794981203166085,-5.185573316419374,L,non-synonymous,-0.16271893964053102,-0.28932757665213044,-0.28756782172998685,0.9092594866341317,0.9352137541955639,0.848865343407498,0.9092594866341317
343,single,tttttagttttatctttgggggatcca,6.0,ggg,1.0,,FLVLSLGDP,,False,False,2.0,1.0,1.0,1679.0,1992.0,1386.0,1195.0,1154.0,852.0,True,False,True,True,False,False,1.0,both,0.004772535754080618,0.0051644894360681854,0.004666652060556931,0.009892531403926375,0.010466252640206803,0.00904044719556979,-2.3212508093477573,-2.286972606585465,-2.33099457833345,-2.004692562388163,-1.9802087862289288,-2.043810086143586,G,non-synonymous,0.16710697278388703,0.16671415791258087,0.1569463220593176,1.2390853990585498,1.391255488760275,1.2933794871968025,1.2933794871968025
344,single,tttttagttttatctttgggtgatcca,6.0,ggt,1.0,,FLVLSLGDP,,False,False,2.0,1.0,1.0,1.0,1.0,4.0,3.0,4.0,3.0,True,False,True,True,False,False,3.0,both,1.1981261307315359e-05,1.7901176554829066e-05,1.643187345266525e-05,5.891918644387358e-06,5.254142891670082e-06,2.609075669717111e-05,-4.921497459912252,-4.7471184240772155,-4.784312918380488,-5.229743258526212,-5.2794981203166085,-4.583513325091412,G,non-synonymous,-0.16271893964053102,-0.28932757665213044,0.10973697568910588,0.9092594866341317,0.9352137541955639,1.2461701408265906,0.9352137541955639
345,single,tttttagttttatctttggtggatcca,6.0,gtg,1.0,,FLVLSLVDP,,False,False,3.0,1.0,1.0,18.0,21.0,26.0,2372.0,2323.0,1694.0,True,False,True,True,False,False,1.0,both,0.009473183940317344,0.010396108284216981,0.009278531209604977,0.00010605453559897245,0.00011033700072507172,0.00016958991853161223,-2.023504029939689,-1.983129205604942,-2.032520767105462,-3.9744707534229056,-3.9572788255826894,-3.7705999684485563,V,non-synonymous,-1.0298899058693372,-1.072873232265505,-0.9498602658469828,0.042088520405325625,0.15166809858218921,0.18657289929050203,0.15166809858218921
346,single,tttttagttttatctttgtaggatcca,6.0,tag,1.0,,FLVLSL*DP,,True,False,3.0,1.0,1.0,4.0,4.0,1.0,158.0,190.0,171.0,True,False,True,True,False,False,1.0,both,0.0006310130955186089,0.0008503058863543806,0.0009366167868019192,2.3567674577549432e-05,2.1016571566680328e-05,6.522689174292777e-06,-3.1999616276774914,-3.0704248144523487,-3.0284380627079965,-4.6276832671982495,-4.677438128988646,-5.185573316419374,*,stop,-0.753675645635018,-0.8733489861217787,-1.1788743942018574,0.3183027806396448,0.35119234472591554,-0.04244122906437253,0.3183027806396448
347,single,tttttagttttatctttgtcggatcca,6.0,tcg,1.0,,FLVLSLSDP,,False,False,3.0,1.0,1.0,242.0,234.0,546.0,1943.0,1923.0,1426.0,True,False,True,True,False,False,1.0,both,0.007759863573371248,0.008605990628734074,0.0078106171811668824,0.0014258443119417408,0.0012294694366507992,0.0035613882891638565,-2.1101459140321315,-2.0651991311666977,-2.1073146475843036,-2.8459278925457805,-2.910282262906466,-2.448380673714637,S,non-synonymous,-0.3884097168191887,-0.45926968346650476,-0.18639257980947577,0.6835687094554741,0.7652716473811895,0.9500405853280091,0.7652716473811895
348,single,tttttagttttatctttgtctgatcca,6.0,tct,1.0,,FLVLSLSDP,,False,False,3.0,1.0,1.0,1.0,1.0,1.0,4.0,3.0,2.0,True,False,True,True,False,False,3.0,both,1.5975015076420478e-05,1.34258824161218e-05,1.0954582301776834e-05,5.891918644387358e-06,5.254142891670082e-06,6.522689174292777e-06,-4.796558723303951,-4.872057160685515,-4.960404177436169,-5.229743258526212,-5.2794981203166085,-5.185573316419374,S,non-synonymous,-0.228672470336957,-0.22142825188786747,-0.1230549321629585,0.8433059559377057,1.0031130789598268,1.0133782329745262,1.0031130789598268
349,single,tttttagttttatctttgtgggatcca,6.0,tgg,1.0,,FLVLSLWDP,,False,False,2.0,1.0,1.0,17.0,17.0,8.0,2064.0,1935.0,1455.0,True,False,True,True,False,False,1.0,both,0.008243107779432967,0.00865969415839856,0.007969458624542645,0.0001001626169545851,8.932042915839139e-05,5.218151339434222e-05,-2.08390902167674,-2.0624974460502474,-2.0985711797782245,-3.999294337147938,-4.049049198938335,-4.282483329427431,W,non-synonymous,-1.0111069443215503,-1.079613307226314,-1.193507967559394,0.06087148195311243,0.14492802362138013,-0.05707480242190921,0.06087148195311243
350,single,tttttagttttatctttgtgtgatcca,6.0,tgt,1.0,,FLVLSLCDP,,False,False,2.0,1.0,1.0,1.0,1.0,1.0,25.0,16.0,17.0,True,False,True,True,False,False,1.0,both,9.984384422762799e-05,7.160470621931626e-05,9.311394956510308e-05,5.891918644387358e-06,5.254142891670082e-06,6.522689174292777e-06,-4.000678705959876,-4.145058432749253,-4.0309852517218765,-5.229743258526212,-5.2794981203166085,-5.185573316419374,C,non-synonymous,-0.6488071585813346,-0.6165236728229232,-0.6309823656078791,0.42317126769332813,0.608017658024771,0.5054507995296057,0.5054507995296057
351,single,tttttagttttatctttgttggatcca,6.0,ttg,1.0,,FLVLSLLDP,,False,False,3.0,1.0,1.0,1.0,3.0,1.0,23.0,35.0,17.0,True,False,True,True,False,False,1.0,both,9.185633668941776e-05,0.00015663529485475432,9.311394956510308e-05,5.891918644387358e-06,1.5762428675010246e-05,6.522689174292777e-06,-4.036890878614321,-3.805110371054902,-4.0309852517218765,-5.229743258526212,-4.802376865596947,-5.185573316419374,L,non-synonymous,-0.6296912245997311,-0.5419753987245775,-0.6309823656078791,0.44228720167493163,0.6825659321231168,0.5054507995296057,0.5054507995296057
352,single,tttttagttttatcttttagagatcca,5.0,ttt,1.0,,FLVLSFRDP,,False,False,1.0,1.0,1.0,1.0,3.0,2.0,52.0,35.0,32.0,True,False,True,True,False,False,1.0,both,0.00020767519599346621,0.00015663529485475432,0.00017527331682842934,5.891918644387358e-06,1.5762428675010246e-05,1.3045378348585554e-05,-3.6826153709971146,-3.805110371054902,-3.7562841947802443,-5.229743258526212,-4.802376865596947,-4.884543320755393,F,non-synonymous,-0.8167086477058895,-0.5419753987245775,-0.6165936008640436,0.2552697785687733,0.6825659321231168,0.5198395642734412,0.5198395642734412
353,single,tttttagttttatggttgagagatcca,4.0,tgg,1.0,,FLVLWLRDP,,False,False,2.0,1.0,1.0,1.0,3.0,2.0,8.0,2.0,5.0,True,False,True,True,False,False,2.0,both,3.1950030152840955e-05,8.950588277414533e-06,2.7386455754442085e-05,5.891918644387358e-06,1.5762428675010246e-05,1.3045378348585554e-05,-4.495528727639971,-5.048148419741197,-4.562464168764132,-5.229743258526212,-4.802376865596947,-4.884543320755393,W,non-synonymous,-0.38758228164563335,0.1335672428397957,-0.17601625328568699,0.6843961446290294,1.35810857368749,0.9604169118517978,0.9604169118517978
354,single,tttttagttttatgtttgagagatcca,4.0,tgt,1.0,,FLVLCLRDP,,False,False,1.0,1.0,1.0,1.0,2.0,1.0,2.0,21.0,24.0,True,False,True,True,False,False,2.0,both,7.987507538210239e-06,9.398117691285259e-05,0.000131454987621322,5.891918644387358e-06,1.0508285783340164e-05,6.522689174292777e-06,-5.097588718967932,-4.0269591206712585,-3.8812229313885442,-5.229743258526212,-4.978468124652627,-5.185573316419374,C,non-synonymous,-0.06976265902828065,-0.5171079893340251,-0.7128274721460358,1.002215767246382,0.7074333415136691,0.423605692991449,0.7074333415136691
355,single,tttttagttttattgttgagagatcca,4.0,ttg,1.0,,FLVLLLRDP,,False,False,2.0,1.0,1.0,567.0,543.0,656.0,881.0,811.0,583.0,True,False,True,True,False,False,1.0,both,0.00351849707058161,0.003629463546491593,0.003193260740967947,0.003340717871367632,0.0028529995901768546,0.004278884098336062,-2.453642806219866,-2.4401575611940216,-2.495765618341136,-2.476160199633305,-2.5446982907277618,-2.368669477043714,L,non-synonymous,-0.011886638507901297,-0.05681380441646668,0.06945803992568715,1.0600917877667615,1.1677275264312275,1.205891205063172,1.1677275264312275
356,single,tttttagttttatttttgagagatcca,4.0,ttt,1.0,,FLVLFLRDP,,False,False,1.0,1.0,1.0,2265.0,2435.0,1884.0,1472.0,1286.0,1074.0,True,False,True,True,False,False,1.0,both,0.005878805548122736,0.005755228262377544,0.0058826106960541595,0.013345195729537367,0.012793837941216649,0.012288746404367593,-2.230710904630434,-2.2399374468169744,-2.2304298917366134,-1.874675052177361,-1.8929991547659557,-1.9104924179625158,F,non-synonymous,0.18794668620197955,0.1885474145539414,0.17484582616180103,1.2599251124766424,1.4130887454016356,1.311278991299286,1.311278991299286
357,single,tttttagttttgtctttgagagatcca,3.0,ttg,1.0,,FLVLSLRDP,,False,False,1.0,0.0,1.0,7.0,3.0,5.0,1076.0,1067.0,786.0,True,False,True,True,False,False,1.0,both,0.004297279055557109,0.004775138846000653,0.004305150844598296,4.124343051071151e-05,1.5762428675010246e-05,3.261344587146389e-05,-2.3668064433015434,-2.321013995980708,-2.3660116270607423,-4.384645218511955,-4.802376865596947,-4.486603312083355,L,synonymous,-1.0651907904152556,-1.3485238278843277,-1.1589033342853217,0.006787635859407226,-0.12398249703663344,-0.022470169147836838,-0.022470169147836838
358,single,tttttagttttttctttgagagatcca,3.0,ttt,1.0,,FLVFSLRDP,,False,False,1.0,1.0,1.0,1.0,1.0,1.0,2.0,7.0,8.0,True,False,True,True,False,False,2.0,both,7.987507538210239e-06,3.1327058970950864e-05,4.3818329207107334e-05,5.891918644387358e-06,5.254142891670082e-06,6.522689174292777e-06,-5.097588718967932,-4.504080375390921,-4.358344186108207,-5.229743258526212,-5.2794981203166085,-5.185573316419374,F,non-synonymous,-0.06976265902828065,-0.4214092660128918,-0.4520807112970152,1.002215767246382,0.8031320648348024,0.6843524538404696,0.8031320648348024
359,single,tttttatagttatctttgagagatcca,2.0,tag,1.0,,FL*LSLRDP,,True,False,3.0,1.0,1.0,1.0,3.0,1.0,257.0,297.0,196.0,True,False,True,True,False,False,1.0,both,0.0010263947186600157,0.0013291623591960581,0.0010735490655741297,5.891918644387358e-06,1.5762428675010246e-05,6.522689174292777e-06,-2.9886855913006194,-2.8764219660879653,-2.9691781017436742,-5.229743258526212,-4.802376865596947,-5.185573316419374,*,stop,-1.1830251342401106,-1.0466812835883623,-1.2112599622658191,-0.1110467079654478,0.1778600472593319,-0.07482679712833429,-0.07482679712833429
360,single,tttttatatttatctttgagagatcca,2.0,tat,1.0,,FLYLSLRDP,,False,False,2.0,1.0,1.0,1.0,1.0,1.0,36.0,53.0,34.0,True,False,True,True,False,False,1.0,both,0.00014377513568778432,0.00023719058935148512,0.00018622789913020615,5.891918644387358e-06,5.254142891670082e-06,6.522689174292777e-06,-3.8423162138646267,-3.6249025458043884,-3.7299552560578952,-5.229743258526212,-5.2794981203166085,-5.185573316419374,Y,non-synonymous,-0.7324046541788105,-0.8992080864362932,-0.7954952551749076,0.33957377209585227,0.325333244411401,0.3409379099625772,0.33957377209585227
361,single,tttttatcgttatctttgagagatcca,2.0,tcg,1.0,,FLSLSLRDP,,False,False,3.0,1.0,1.0,169.0,164.0,632.0,5304.0,4634.0,3847.0,True,False,True,True,False,False,1.0,both,0.021182869991333553,0.020738513038769474,0.021071139057467738,0.0009957342509014635,0.0008616794342338934,0.004122339558153035,-1.6740151992351973,-1.683222385951221,-1.676311986793335,-3.001856553912538,-3.064654272268911,-2.3848562381369893,S,non-synonymous,-0.7009501450319452,-0.7507542883426435,-0.3872194261490287,0.3710282812427176,0.47378704250505077,0.7492137389884561,0.47378704250505077
362,single,tttttatctttatctttgagagatcca,2.0,tct,1.0,,FLSLSLRDP,,False,False,2.0,1.0,1.0,90.0,66.0,300.0,2488.0,2010.0,1564.0,True,False,True,True,False,False,1.0,both,0.009936459377533537,0.008995341218801606,0.008566483359989484,0.0005302726779948622,0.0003467734308502254,0.0019568067522878333,-2.0027683386131327,-2.0459823579846885,-2.067197424376321,-3.275500749086887,-3.45995418477474,-2.708452061699712,S,non-synonymous,-0.6718588516360952,-0.7684384753764018,-0.3504456527717063,0.4001195746385676,0.4561028554712925,0.7859875123657785,0.4561028554712925
363,single,tttttatggttatctttgagagatcca,2.0,tgg,1.0,,FLWLSLRDP,,False,False,3.0,1.0,1.0,4.0,3.0,11.0,20.0,7.0,4.0,True,False,True,True,False,False,2.0,both,7.987507538210239e-05,3.1327058970950864e-05,2.1909164603553667e-05,2.3567674577549432e-05,1.5762428675010246e-05,7.174958091722056e-05,-4.097588718967932,-4.504080375390921,-4.659374181772188,-4.6276832671982495,-4.802376865596947,-4.1441806312611495,W,non-synonymous,-0.2798300031504694,-0.16211249460636196,0.28155327011157694,0.7921484231241933,1.0624288362413323,1.4179864352490616,1.0624288362413323
364,single,tttttatgtttatctttgagagatcca,2.0,tgt,1.0,,FLCLSLRDP,,False,False,2.0,1.0,1.0,1.0,7.0,8.0,563.0,496.0,473.0,True,False,True,True,False,False,1.0,both,0.0022484833720061823,0.002219745892798804,0.0025907587143702213,5.891918644387358e-06,3.677900024169057e-05,5.218151339434222e-05,-2.6481103197805678,-2.6536967389149804,-2.5865730323623386,-5.229743258526212,-4.4344000803023516,-4.282483329427431,C,non-synonymous,-1.3628103812693266,-0.9677427335025344,-0.9268149600881733,-0.29083195499466385,0.25679859734515986,0.2096182050493115,0.2096182050493115
365,single,tttttattgttatctttgagagatcca,2.0,ttg,1.0,,FLLLSLRDP,,False,False,2.0,1.0,1.0,8.0,8.0,3.0,1623.0,1380.0,1159.0,True,False,True,True,False,False,1.0,both,0.006481862367257609,0.0061759059114160275,0.0063481804438796745,4.7135349155098865e-05,4.2033143133360655e-05,1.9568067522878334e-05,-2.188300194805682,-2.209299329003941,-2.1973507371365546,-4.326653271534268,-4.376408133324666,-4.708452061699711,L,non-synonymous,-1.1288087194924192,-1.1777390143249713,-1.3723168483203303,-0.056830293217756456,0.04680231652272293,-0.23588368318284547,-0.056830293217756456
366,single,tttttatttttatctttgagagatcca,2.0,ttt,1.0,,FLFLSLRDP,,False,False,1.0,1.0,1.0,1.0,1.0,1.0,5.0,17.0,11.0,True,False,True,True,False,False,2.0,both,1.9968768845525598e-05,7.608000035802354e-05,6.0250202659772584e-05,5.891918644387358e-06,5.254142891670082e-06,6.522689174292777e-06,-4.699648710295895,-4.118729494026904,-4.220041487941925,-5.229743258526212,-5.2794981203166085,-5.185573316419374,F,non-synonymous,-0.2798300031504694,-0.6308324229314816,-0.5276631344374939,0.7921484231241933,0.5937089079162127,0.6087700306999909,0.6087700306999909
367,ortho,tttttgactcattcttttagagatcca,1.0,ttg,1.0,,FLTHSFRDP,,False,False,7.0,3.0,4.0,1476.0,2025.0,1234.0,867.0,722.0,559.0,True,False,True,True,False,False,1.0,both,0.0034625845178141387,0.0032311623681466465,0.003061805753346625,0.008696471919115741,0.010639639355631916,0.008048998441077287,-2.4605996171557036,-2.4906412178355386,-2.514022365213727,-2.060656901039189,-1.9730730927659215,-2.0942581567221517,L,synonymous,0.21112454728032043,0.28127806608057215,0.22940113566904718,1.2831029735549833,1.5058193969282665,1.3658343008065321,1.3658343008065321
368,ortho,tttttgactcattcttttagagatcca,2.0,act,2.0,,FLTHSFRDP,,False,False,7.0,3.0,4.0,1476.0,2025.0,1234.0,867.0,722.0,559.0,True,False,True,True,False,False,1.0,both,0.0034625845178141387,0.0032311623681466465,0.003061805753346625,0.008696471919115741,0.010639639355631916,0.008048998441077287,-2.4605996171557036,-2.4906412178355386,-2.514022365213727,-2.060656901039189,-1.9730730927659215,-2.0942581567221517,T,non-synonymous,0.21112454728032043,0.28127806608057215,0.22940113566904718,1.2831029735549833,1.5058193969282665,1.3658343008065321,1.3658343008065321
369,ortho,tttttgactcattcttttagagatcca,3.0,cat,3.0,,FLTHSFRDP,,False,False,7.0,3.0,4.0,1476.0,2025.0,1234.0,867.0,722.0,559.0,True,False,True,True,False,False,1.0,both,0.0034625845178141387,0.0032311623681466465,0.003061805753346625,0.008696471919115741,0.010639639355631916,0.008048998441077287,-2.4605996171557036,-2.4906412178355386,-2.514022365213727,-2.060656901039189,-1.9730730927659215,-2.0942581567221517,H,non-synonymous,0.21112454728032043,0.28127806608057215,0.22940113566904718,1.2831029735549833,1.5058193969282665,1.3658343008065321,1.3658343008065321
370,ortho,tttttgactcattcttttagagatcca,5.0,ttt,4.0,,FLTHSFRDP,,False,False,7.0,3.0,4.0,1476.0,2025.0,1234.0,867.0,722.0,559.0,True,False,True,True,False,False,1.0,both,0.0034625845178141387,0.0032311623681466465,0.003061805753346625,0.008696471919115741,0.010639639355631916,0.008048998441077287,-2.4605996171557036,-2.4906412178355386,-2.514022365213727,-2.060656901039189,-1.9730730927659215,-2.0942581567221517,F,non-synonymous,0.21112454728032043,0.28127806608057215,0.22940113566904718,1.2831029735549833,1.5058193969282665,1.3658343008065321,1.3658343008065321
371,ortho,tttttgacttcttctttttcttctcca,1.0,ttg,1.0,,FLTSSFSSP,,False,False,11.0,5.0,6.0,885.0,1138.0,769.0,649.0,487.0,352.0,True,False,True,True,False,False,1.0,both,0.0025919461961492227,0.002179468245550439,0.0019280064851127227,0.005214348000282812,0.005979214610720553,0.005015947975031146,-2.586374017831545,-2.6616494541905436,-2.7148915096220194,-2.2827999878283864,-2.2233558582575563,-2.2996469766179435,L,synonymous,0.16025277387926584,0.23819545499048617,0.22693113306112175,1.2322312001539286,1.4627367858381803,1.3633642981986065,1.3633642981986065
372,ortho,tttttgacttcttctttttcttctcca,2.0,act,2.0,,FLTSSFSSP,,False,False,11.0,5.0,6.0,885.0,1138.0,769.0,649.0,487.0,352.0,True,False,True,True,False,False,1.0,both,0.0025919461961492227,0.002179468245550439,0.0019280064851127227,0.005214348000282812,0.005979214610720553,0.005015947975031146,-2.586374017831545,-2.6616494541905436,-2.7148915096220194,-2.2827999878283864,-2.2233558582575563,-2.2996469766179435,T,non-synonymous,0.16025277387926584,0.23819545499048617,0.22693113306112175,1.2322312001539286,1.4627367858381803,1.3633642981986065,1.3633642981986065
373,ortho,tttttgacttcttctttttcttctcca,3.0,tct,3.0,,FLTSSFSSP,,False,False,11.0,5.0,6.0,885.0,1138.0,769.0,649.0,487.0,352.0,True,False,True,True,False,False,1.0,both,0.0025919461961492227,0.002179468245550439,0.0019280064851127227,0.005214348000282812,0.005979214610720553,0.005015947975031146,-2.586374017831545,-2.6616494541905436,-2.7148915096220194,-2.2827999878283864,-2.2233558582575563,-2.2996469766179435,S,non-synonymous,0.16025277387926584,0.23819545499048617,0.22693113306112175,1.2322312001539286,1.4627367858381803,1.3633642981986065,1.3633642981986065
374,ortho,tttttgacttcttctttttcttctcca,5.0,ttt,4.0,,FLTSSFSSP,,False,False,11.0,5.0,6.0,885.0,1138.0,769.0,649.0,487.0,352.0,True,False,True,True,False,False,1.0,both,0.0025919461961492227,0.002179468245550439,0.0019280064851127227,0.005214348000282812,0.005979214610720553,0.005015947975031146,-2.586374017831545,-2.6616494541905436,-2.7148915096220194,-2.2827999878283864,-2.2233558582575563,-2.2996469766179435,F,non-synonymous,0.16025277387926584,0.23819545499048617,0.22693113306112175,1.2322312001539286,1.4627367858381803,1.3633642981986065,1.3633642981986065
375,ortho,tttttgacttcttctttttcttctcca,6.0,tct,5.0,,FLTSSFSSP,,False,False,11.0,5.0,6.0,885.0,1138.0,769.0,649.0,487.0,352.0,True,False,True,True,False,False,1.0,both,0.0025919461961492227,0.002179468245550439,0.0019280064851127227,0.005214348000282812,0.005979214610720553,0.005015947975031146,-2.586374017831545,-2.6616494541905436,-2.7148915096220194,-2.2827999878283864,-2.2233558582575563,-2.2996469766179435,S,non-synonymous,0.16025277387926584,0.23819545499048617,0.22693113306112175,1.2322312001539286,1.4627367858381803,1.3633642981986065,1.3633642981986065
376,ortho,tttttgacttcttctttttcttctcca,7.0,tct,6.0,,FLTSSFSSP,,False,False,11.0,5.0,6.0,885.0,1138.0,769.0,649.0,487.0,352.0,True,False,True,True,False,False,1.0,both,0.0025919461961492227,0.002179468245550439,0.0019280064851127227,0.005214348000282812,0.005979214610720553,0.005015947975031146,-2.586374017831545,-2.6616494541905436,-2.7148915096220194,-2.2827999878283864,-2.2233558582575563,-2.2996469766179435,S,non-synonymous,0.16025277387926584,0.23819545499048617,0.22693113306112175,1.2322312001539286,1.4627367858381803,1.3633642981986065,1.3633642981986065
377,ortho,tttttgactttgaatttggctgattct,1.0,ttg,1.0,,FLTLNLADS,,False,False,11.0,4.0,6.0,841.0,1070.0,724.0,532.0,396.0,386.0,True,False,True,True,False,False,1.0,both,0.0021246770051639237,0.0017722164789280776,0.0021142343842429287,0.004955103579929768,0.005621932894086987,0.004722426962187971,-2.6727070823368657,-2.7514832294796654,-2.6748468684283955,-2.3049472627282994,-2.250114342631399,-2.3258347502222274,L,synonymous,0.19413561566184692,0.27247441265182365,0.19073511904805837,1.2661140419365098,1.497015743499518,1.3271682841855432,1.3271682841855432
378,ortho,tttttgactttgaatttggctgattct,2.0,act,2.0,,FLTLNLADS,,False,False,11.0,4.0,6.0,841.0,1070.0,724.0,532.0,396.0,386.0,True,False,True,True,False,False,1.0,both,0.0021246770051639237,0.0017722164789280776,0.0021142343842429287,0.004955103579929768,0.005621932894086987,0.004722426962187971,-2.6727070823368657,-2.7514832294796654,-2.6748468684283955,-2.3049472627282994,-2.250114342631399,-2.3258347502222274,T,non-synonymous,0.19413561566184692,0.27247441265182365,0.19073511904805837,1.2661140419365098,1.497015743499518,1.3271682841855432,1.3271682841855432
379,ortho,tttttgactttgaatttggctgattct,3.0,ttg,3.0,,FLTLNLADS,,False,False,11.0,4.0,6.0,841.0,1070.0,724.0,532.0,396.0,386.0,True,False,True,True,False,False,1.0,both,0.0021246770051639237,0.0017722164789280776,0.0021142343842429287,0.004955103579929768,0.005621932894086987,0.004722426962187971,-2.6727070823368657,-2.7514832294796654,-2.6748468684283955,-2.3049472627282994,-2.250114342631399,-2.3258347502222274,L,synonymous,0.19413561566184692,0.27247441265182365,0.19073511904805837,1.2661140419365098,1.497015743499518,1.3271682841855432,1.3271682841855432
380,ortho,tttttgactttgaatttggctgattct,4.0,aat,4.0,,FLTLNLADS,,False,False,11.0,4.0,6.0,841.0,1070.0,724.0,532.0,396.0,386.0,True,False,True,True,False,False,1.0,both,0.0021246770051639237,0.0017722164789280776,0.0021142343842429287,0.004955103579929768,0.005621932894086987,0.004722426962187971,-2.6727070823368657,-2.7514832294796654,-2.6748468684283955,-2.3049472627282994,-2.250114342631399,-2.3258347502222274,N,non-synonymous,0.19413561566184692,0.27247441265182365,0.19073511904805837,1.2661140419365098,1.497015743499518,1.3271682841855432,1.3271682841855432
381,ortho,tttttgactttgaatttggctgattct,6.0,gct,5.0,,FLTLNLADS,,False,False,11.0,4.0,6.0,841.0,1070.0,724.0,532.0,396.0,386.0,True,False,True,True,False,False,1.0,both,0.0021246770051639237,0.0017722164789280776,0.0021142343842429287,0.004955103579929768,0.005621932894086987,0.004722426962187971,-2.6727070823368657,-2.7514832294796654,-2.6748468684283955,-2.3049472627282994,-2.250114342631399,-2.3258347502222274,A,non-synonymous,0.19413561566184692,0.27247441265182365,0.19073511904805837,1.2661140419365098,1.497015743499518,1.3271682841855432,1.3271682841855432
382,ortho,tttttgactttgaatttggctgattct,8.0,tct,6.0,,FLTLNLADS,,False,False,11.0,4.0,6.0,841.0,1070.0,724.0,532.0,396.0,386.0,True,False,True,True,False,False,1.0,both,0.0021246770051639237,0.0017722164789280776,0.0021142343842429287,0.004955103579929768,0.005621932894086987,0.004722426962187971,-2.6727070823368657,-2.7514832294796654,-2.6748468684283955,-2.3049472627282994,-2.250114342631399,-2.3258347502222274,S,non-synonymous,0.19413561566184692,0.27247441265182365,0.19073511904805837,1.2661140419365098,1.497015743499518,1.3271682841855432,1.3271682841855432
383,ortho,tttttgactttgaatttgtctgattct,1.0,ttg,1.0,,FLTLNLSDS,,False,False,11.0,4.0,6.0,663.0,923.0,556.0,357.0,308.0,315.0,True,False,True,True,False,False,1.0,both,0.0014257700955705277,0.0013783905947218381,0.0017253467125298513,0.003906342061228818,0.004849573889011485,0.003626615180906784,-2.845950498519721,-2.8606276989047332,-2.7631236193105497,-2.408229730121439,-2.314296419290697,-2.440498524837317,L,synonymous,0.2310670887086705,0.29690971743766204,0.17631461084652864,1.3030455149833333,1.5214510482853563,1.3127477759840134,1.3127477759840134
384,ortho,tttttgactttgaatttgtctgattct,2.0,act,2.0,,FLTLNLSDS,,False,False,11.0,4.0,6.0,663.0,923.0,556.0,357.0,308.0,315.0,True,False,True,True,False,False,1.0,both,0.0014257700955705277,0.0013783905947218381,0.0017253467125298513,0.003906342061228818,0.004849573889011485,0.003626615180906784,-2.845950498519721,-2.8606276989047332,-2.7631236193105497,-2.408229730121439,-2.314296419290697,-2.440498524837317,T,non-synonymous,0.2310670887086705,0.29690971743766204,0.17631461084652864,1.3030455149833333,1.5214510482853563,1.3127477759840134,1.3127477759840134
385,ortho,tttttgactttgaatttgtctgattct,3.0,ttg,3.0,,FLTLNLSDS,,False,False,11.0,4.0,6.0,663.0,923.0,556.0,357.0,308.0,315.0,True,False,True,True,False,False,1.0,both,0.0014257700955705277,0.0013783905947218381,0.0017253467125298513,0.003906342061228818,0.004849573889011485,0.003626615180906784,-2.845950498519721,-2.8606276989047332,-2.7631236193105497,-2.408229730121439,-2.314296419290697,-2.440498524837317,L,synonymous,0.2310670887086705,0.29690971743766204,0.17631461084652864,1.3030455149833333,1.5214510482853563,1.3127477759840134,1.3127477759840134
386,ortho,tttttgactttgaatttgtctgattct,4.0,aat,4.0,,FLTLNLSDS,,False,False,11.0,4.0,6.0,663.0,923.0,556.0,357.0,308.0,315.0,True,False,True,True,False,False,1.0,both,0.0014257700955705277,0.0013783905947218381,0.0017253467125298513,0.003906342061228818,0.004849573889011485,0.003626615180906784,-2.845950498519721,-2.8606276989047332,-2.7631236193105497,-2.408229730121439,-2.314296419290697,-2.440498524837317,N,non-synonymous,0.2310670887086705,0.29690971743766204,0.17631461084652864,1.3030455149833333,1.5214510482853563,1.3127477759840134,1.3127477759840134
387,ortho,tttttgactttgaatttgtctgattct,6.0,tct,5.0,,FLTLNLSDS,,False,False,11.0,4.0,6.0,663.0,923.0,556.0,357.0,308.0,315.0,True,False,True,True,False,False,1.0,both,0.0014257700955705277,0.0013783905947218381,0.0017253467125298513,0.003906342061228818,0.004849573889011485,0.003626615180906784,-2.845950498519721,-2.8606276989047332,-2.7631236193105497,-2.408229730121439,-2.314296419290697,-2.440498524837317,S,non-synonymous,0.2310670887086705,0.29690971743766204,0.17631461084652864,1.3030455149833333,1.5214510482853563,1.3127477759840134,1.3127477759840134
388,ortho,tttttgactttgaatttgtctgattct,8.0,tct,6.0,,FLTLNLSDS,,False,False,11.0,4.0,6.0,663.0,923.0,556.0,357.0,308.0,315.0,True,False,True,True,False,False,1.0,both,0.0014257700955705277,0.0013783905947218381,0.0017253467125298513,0.003906342061228818,0.004849573889011485,0.003626615180906784,-2.845950498519721,-2.8606276989047332,-2.7631236193105497,-2.408229730121439,-2.314296419290697,-2.440498524837317,S,non-synonymous,0.2310670887086705,0.29690971743766204,0.17631461084652864,1.3030455149833333,1.5214510482853563,1.3127477759840134,1.3127477759840134
389,ortho,tttttgactttgtctattaaagatcca,1.0,ttg,1.0,,FLTLSIKDP,,False,False,7.0,3.0,5.0,4.0,5.0,5.0,886.0,776.0,603.0,True,False,True,True,False,False,1.0,both,0.003538465839427136,0.003472828251636839,0.003302806563985715,2.3567674577549432e-05,2.627071445835041e-05,3.261344587146389e-05,-2.4511849927448632,-2.459316694146989,-2.481116860959999,-4.6276832671982495,-4.58052811598059,-4.486603312083355,L,synonymous,-1.148945072215044,-1.1527955791348659,-1.0959983251307102,-0.07696664594038127,0.07174575171282838,0.040434840006774664,0.040434840006774664
390,ortho,tttttgactttgtctattaaagatcca,2.0,act,2.0,,FLTLSIKDP,,False,False,7.0,3.0,5.0,4.0,5.0,5.0,886.0,776.0,603.0,True,False,True,True,False,False,1.0,both,0.003538465839427136,0.003472828251636839,0.003302806563985715,2.3567674577549432e-05,2.627071445835041e-05,3.261344587146389e-05,-2.4511849927448632,-2.459316694146989,-2.481116860959999,-4.6276832671982495,-4.58052811598059,-4.486603312083355,T,non-synonymous,-1.148945072215044,-1.1527955791348659,-1.0959983251307102,-0.07696664594038127,0.07174575171282838,0.040434840006774664,0.040434840006774664
391,ortho,tttttgactttgtctattaaagatcca,3.0,ttg,3.0,,FLTLSIKDP,,False,False,7.0,3.0,5.0,4.0,5.0,5.0,886.0,776.0,603.0,True,False,True,True,False,False,1.0,both,0.003538465839427136,0.003472828251636839,0.003302806563985715,2.3567674577549432e-05,2.627071445835041e-05,3.261344587146389e-05,-2.4511849927448632,-2.459316694146989,-2.481116860959999,-4.6276832671982495,-4.58052811598059,-4.486603312083355,L,synonymous,-1.148945072215044,-1.1527955791348659,-1.0959983251307102,-0.07696664594038127,0.07174575171282838,0.040434840006774664,0.040434840006774664
392,ortho,tttttgactttgtctattaaagatcca,5.0,att,4.0,,FLTLSIKDP,,False,False,7.0,3.0,5.0,4.0,5.0,5.0,886.0,776.0,603.0,True,False,True,True,False,False,1.0,both,0.003538465839427136,0.003472828251636839,0.003302806563985715,2.3567674577549432e-05,2.627071445835041e-05,3.261344587146389e-05,-2.4511849927448632,-2.459316694146989,-2.481116860959999,-4.6276832671982495,-4.58052811598059,-4.486603312083355,I,non-synonymous,-1.148945072215044,-1.1527955791348659,-1.0959983251307102,-0.07696664594038127,0.07174575171282838,0.040434840006774664,0.040434840006774664
393,ortho,tttttgactttgtctattaaagatcca,6.0,aaa,5.0,,FLTLSIKDP,,False,False,7.0,3.0,5.0,4.0,5.0,5.0,886.0,776.0,603.0,True,False,True,True,False,False,1.0,both,0.003538465839427136,0.003472828251636839,0.003302806563985715,2.3567674577549432e-05,2.627071445835041e-05,3.261344587146389e-05,-2.4511849927448632,-2.459316694146989,-2.481116860959999,-4.6276832671982495,-4.58052811598059,-4.486603312083355,K,non-synonymous,-1.148945072215044,-1.1527955791348659,-1.0959983251307102,-0.07696664594038127,0.07174575171282838,0.040434840006774664,0.040434840006774664
394,ortho,tttttgactttgtctattagagatcca,1.0,ttg,1.0,,FLTLSIRDP,,False,False,6.0,2.0,4.0,2.0,3.0,4.0,752.0,652.0,539.0,True,False,True,True,False,False,1.0,both,0.00300330283436705,0.002917891778437138,0.0029522599303288565,1.1783837288774716e-05,1.5762428675010246e-05,2.609075669717111e-05,-2.5224008740402715,-2.5349308196732574,-2.529845407913412,-4.928713262862231,-4.802376865596947,-4.583513325091412,L,synonymous,-1.270260947963004,-1.2322683871880025,-1.1223294958392696,-0.19828252168834126,-0.007727056340308236,0.014103669298215271,-0.007727056340308236
395,ortho,tttttgactttgtctattagagatcca,2.0,act,2.0,,FLTLSIRDP,,False,False,6.0,2.0,4.0,2.0,3.0,4.0,752.0,652.0,539.0,True,False,True,True,False,False,1.0,both,0.00300330283436705,0.002917891778437138,0.0029522599303288565,1.1783837288774716e-05,1.5762428675010246e-05,2.609075669717111e-05,-2.5224008740402715,-2.5349308196732574,-2.529845407913412,-4.928713262862231,-4.802376865596947,-4.583513325091412,T,non-synonymous,-1.270260947963004,-1.2322683871880025,-1.1223294958392696,-0.19828252168834126,-0.007727056340308236,0.014103669298215271,-0.007727056340308236
396,ortho,tttttgactttgtctattagagatcca,3.0,ttg,3.0,,FLTLSIRDP,,False,False,6.0,2.0,4.0,2.0,3.0,4.0,752.0,652.0,539.0,True,False,True,True,False,False,1.0,both,0.00300330283436705,0.002917891778437138,0.0029522599303288565,1.1783837288774716e-05,1.5762428675010246e-05,2.609075669717111e-05,-2.5224008740402715,-2.5349308196732574,-2.529845407913412,-4.928713262862231,-4.802376865596947,-4.583513325091412,L,synonymous,-1.270260947963004,-1.2322683871880025,-1.1223294958392696,-0.19828252168834126,-0.007727056340308236,0.014103669298215271,-0.007727056340308236
397,ortho,tttttgactttgtctattagagatcca,5.0,att,4.0,,FLTLSIRDP,,False,False,6.0,2.0,4.0,2.0,3.0,4.0,752.0,652.0,539.0,True,False,True,True,False,False,1.0,both,0.00300330283436705,0.002917891778437138,0.0029522599303288565,1.1783837288774716e-05,1.5762428675010246e-05,2.609075669717111e-05,-2.5224008740402715,-2.5349308196732574,-2.529845407913412,-4.928713262862231,-4.802376865596947,-4.583513325091412,I,non-synonymous,-1.270260947963004,-1.2322683871880025,-1.1223294958392696,-0.19828252168834126,-0.007727056340308236,0.014103669298215271,-0.007727056340308236
398,ortho,tttttgactttgtctgctaaagatcca,1.0,ttg,1.0,,FLTLSAKDP,,False,False,8.0,3.0,5.0,1.0,6.0,4.0,453.0,402.0,319.0,True,False,True,True,False,False,1.0,both,0.001809170457404619,0.0017990682437603212,0.0017472558771334048,5.891918644387358e-06,3.152485735002049e-05,2.609075669717111e-05,-2.742520512619082,-2.7449523623207077,-2.757643490042969,-5.229743258526212,-4.5013468699329655,-4.583513325091412,L,synonymous,-1.312972470942508,-0.9545318315521514,-0.997837846273582,-0.24099404466784513,0.27000949929554285,0.13859531886390286,0.13859531886390286
399,ortho,tttttgactttgtctgctaaagatcca,2.0,act,2.0,,FLTLSAKDP,,False,False,8.0,3.0,5.0,1.0,6.0,4.0,453.0,402.0,319.0,True,False,True,True,False,False,1.0,both,0.001809170457404619,0.0017990682437603212,0.0017472558771334048,5.891918644387358e-06,3.152485735002049e-05,2.609075669717111e-05,-2.742520512619082,-2.7449523623207077,-2.757643490042969,-5.229743258526212,-4.5013468699329655,-4.583513325091412,T,non-synonymous,-1.312972470942508,-0.9545318315521514,-0.997837846273582,-0.24099404466784513,0.27000949929554285,0.13859531886390286,0.13859531886390286
400,ortho,tttttgactttgtctgctaaagatcca,3.0,ttg,3.0,,FLTLSAKDP,,False,False,8.0,3.0,5.0,1.0,6.0,4.0,453.0,402.0,319.0,True,False,True,True,False,False,1.0,both,0.001809170457404619,0.0017990682437603212,0.0017472558771334048,5.891918644387358e-06,3.152485735002049e-05,2.609075669717111e-05,-2.742520512619082,-2.7449523623207077,-2.757643490042969,-5.229743258526212,-4.5013468699329655,-4.583513325091412,L,synonymous,-1.312972470942508,-0.9545318315521514,-0.997837846273582,-0.24099404466784513,0.27000949929554285,0.13859531886390286,0.13859531886390286
401,ortho,tttttgactttgtctgctaaagatcca,5.0,gct,4.0,,FLTLSAKDP,,False,False,8.0,3.0,5.0,1.0,6.0,4.0,453.0,402.0,319.0,True,False,True,True,False,False,1.0,both,0.001809170457404619,0.0017990682437603212,0.0017472558771334048,5.891918644387358e-06,3.152485735002049e-05,2.609075669717111e-05,-2.742520512619082,-2.7449523623207077,-2.757643490042969,-5.229743258526212,-4.5013468699329655,-4.583513325091412,A,non-synonymous,-1.312972470942508,-0.9545318315521514,-0.997837846273582,-0.24099404466784513,0.27000949929554285,0.13859531886390286,0.13859531886390286
402,ortho,tttttgactttgtctgctaaagatcca,6.0,aaa,5.0,,FLTLSAKDP,,False,False,8.0,3.0,5.0,1.0,6.0,4.0,453.0,402.0,319.0,True,False,True,True,False,False,1.0,both,0.001809170457404619,0.0017990682437603212,0.0017472558771334048,5.891918644387358e-06,3.152485735002049e-05,2.609075669717111e-05,-2.742520512619082,-2.7449523623207077,-2.757643490042969,-5.229743258526212,-4.5013468699329655,-4.583513325091412,K,non-synonymous,-1.312972470942508,-0.9545318315521514,-0.997837846273582,-0.24099404466784513,0.27000949929554285,0.13859531886390286,0.13859531886390286
403,ortho,tttttgactttgtctgttagagatcca,1.0,ttg,1.0,,FLTLSVRDP,,False,False,6.0,2.0,4.0,5.0,6.0,5.0,675.0,545.0,451.0,True,False,True,True,False,False,1.0,both,0.002695783794145956,0.0024390353055954604,0.002470258309050676,2.945959322193679e-05,3.152485735002049e-05,3.261344587146389e-05,-2.569314941800889,-2.612781913128535,-2.60725763122219,-4.530773254190193,-4.5013468699329655,-4.486603312083355,L,synonymous,-1.0354282789132496,-1.0263613097233086,-1.027062395466055,0.036550147361413154,0.1981800211243856,0.10937076967142989,0.10937076967142989
404,ortho,tttttgactttgtctgttagagatcca,2.0,act,2.0,,FLTLSVRDP,,False,False,6.0,2.0,4.0,5.0,6.0,5.0,675.0,545.0,451.0,True,False,True,True,False,False,1.0,both,0.002695783794145956,0.0024390353055954604,0.002470258309050676,2.945959322193679e-05,3.152485735002049e-05,3.261344587146389e-05,-2.569314941800889,-2.612781913128535,-2.60725763122219,-4.530773254190193,-4.5013468699329655,-4.486603312083355,T,non-synonymous,-1.0354282789132496,-1.0263613097233086,-1.027062395466055,0.036550147361413154,0.1981800211243856,0.10937076967142989,0.10937076967142989
405,ortho,tttttgactttgtctgttagagatcca,3.0,ttg,3.0,,FLTLSVRDP,,False,False,6.0,2.0,4.0,5.0,6.0,5.0,675.0,545.0,451.0,True,False,True,True,False,False,1.0,both,0.002695783794145956,0.0024390353055954604,0.002470258309050676,2.945959322193679e-05,3.152485735002049e-05,3.261344587146389e-05,-2.569314941800889,-2.612781913128535,-2.60725763122219,-4.530773254190193,-4.5013468699329655,-4.486603312083355,L,synonymous,-1.0354282789132496,-1.0263613097233086,-1.027062395466055,0.036550147361413154,0.1981800211243856,0.10937076967142989,0.10937076967142989
406,ortho,tttttgactttgtctgttagagatcca,5.0,gtt,4.0,,FLTLSVRDP,,False,False,6.0,2.0,4.0,5.0,6.0,5.0,675.0,545.0,451.0,True,False,True,True,False,False,1.0,both,0.002695783794145956,0.0024390353055954604,0.002470258309050676,2.945959322193679e-05,3.152485735002049e-05,3.261344587146389e-05,-2.569314941800889,-2.612781913128535,-2.60725763122219,-4.530773254190193,-4.5013468699329655,-4.486603312083355,V,non-synonymous,-1.0354282789132496,-1.0263613097233086,-1.027062395466055,0.036550147361413154,0.1981800211243856,0.10937076967142989,0.10937076967142989
407,ortho,tttttgactttgtctttgaaagatcca,1.0,ttg,1.0,,FLTLSLKDP,,False,False,5.0,2.0,4.0,1.0,3.0,1.0,96.0,98.0,82.0,True,False,True,True,False,False,1.0,both,0.0003834003618340915,0.0004385788255933121,0.00044913787437285017,5.891918644387358e-06,1.5762428675010246e-05,6.522689174292777e-06,-3.4163474815923456,-3.357952339712683,-3.347620320716434,-5.229743258526212,-4.802376865596947,-5.185573316419374,L,synonymous,-0.9572679961839128,-0.7849883282233124,-1.0044412934483047,0.11471043009074999,0.4395530026243818,0.13199187168918014,0.13199187168918014
408,ortho,tttttgactttgtctttgaaagatcca,2.0,act,2.0,,FLTLSLKDP,,False,False,5.0,2.0,4.0,1.0,3.0,1.0,96.0,98.0,82.0,True,False,True,True,False,False,1.0,both,0.0003834003618340915,0.0004385788255933121,0.00044913787437285017,5.891918644387358e-06,1.5762428675010246e-05,6.522689174292777e-06,-3.4163474815923456,-3.357952339712683,-3.347620320716434,-5.229743258526212,-4.802376865596947,-5.185573316419374,T,non-synonymous,-0.9572679961839128,-0.7849883282233124,-1.0044412934483047,0.11471043009074999,0.4395530026243818,0.13199187168918014,0.13199187168918014
409,ortho,tttttgactttgtctttgaaagatcca,3.0,ttg,3.0,,FLTLSLKDP,,False,False,5.0,2.0,4.0,1.0,3.0,1.0,96.0,98.0,82.0,True,False,True,True,False,False,1.0,both,0.0003834003618340915,0.0004385788255933121,0.00044913787437285017,5.891918644387358e-06,1.5762428675010246e-05,6.522689174292777e-06,-3.4163474815923456,-3.357952339712683,-3.347620320716434,-5.229743258526212,-4.802376865596947,-5.185573316419374,L,synonymous,-0.9572679961839128,-0.7849883282233124,-1.0044412934483047,0.11471043009074999,0.4395530026243818,0.13199187168918014,0.13199187168918014
410,ortho,tttttgactttgtctttgaaagatcca,6.0,aaa,4.0,,FLTLSLKDP,,False,False,5.0,2.0,4.0,1.0,3.0,1.0,96.0,98.0,82.0,True,False,True,True,False,False,1.0,both,0.0003834003618340915,0.0004385788255933121,0.00044913787437285017,5.891918644387358e-06,1.5762428675010246e-05,6.522689174292777e-06,-3.4163474815923456,-3.357952339712683,-3.347620320716434,-5.229743258526212,-4.802376865596947,-5.185573316419374,K,non-synonymous,-0.9572679961839128,-0.7849883282233124,-1.0044412934483047,0.11471043009074999,0.4395530026243818,0.13199187168918014,0.13199187168918014
411,ortho,tttttgactttgtctttgagagatcca,1.0,ttg,1.0,,FLTLSLRDP,,False,False,4.0,1.0,3.0,5.0,9.0,1.0,670.0,609.0,576.0,True,False,True,True,False,False,1.0,both,0.00267581502530043,0.0027254541304727255,0.003154919702911728,2.945959322193679e-05,4.728728602503074e-05,6.522689174292777e-06,-2.5725439119310876,-2.5645611227723024,-2.5010116896769383,-4.530773254190193,-4.325255610877284,-5.185573316419374,L,synonymous,-1.0337237476655265,-0.9568687030451842,-1.4671129016961415,0.03825467860913623,0.26767262780251,-0.3306797365586567,0.03825467860913623
412,ortho,tttttgactttgtctttgagagatcca,2.0,act,2.0,,FLTLSLRDP,,False,False,4.0,1.0,3.0,5.0,9.0,1.0,670.0,609.0,576.0,True,False,True,True,False,False,1.0,both,0.00267581502530043,0.0027254541304727255,0.003154919702911728,2.945959322193679e-05,4.728728602503074e-05,6.522689174292777e-06,-2.5725439119310876,-2.5645611227723024,-2.5010116896769383,-4.530773254190193,-4.325255610877284,-5.185573316419374,T,non-synonymous,-1.0337237476655265,-0.9568687030451842,-1.4671129016961415,0.03825467860913623,0.26767262780251,-0.3306797365586567,0.03825467860913623
413,ortho,tttttgactttgtctttgagagatcca,3.0,ttg,3.0,,FLTLSLRDP,,False,False,4.0,1.0,3.0,5.0,9.0,1.0,670.0,609.0,576.0,True,False,True,True,False,False,1.0,both,0.00267581502530043,0.0027254541304727255,0.003154919702911728,2.945959322193679e-05,4.728728602503074e-05,6.522689174292777e-06,-2.5725439119310876,-2.5645611227723024,-2.5010116896769383,-4.530773254190193,-4.325255610877284,-5.185573316419374,L,synonymous,-1.0337237476655265,-0.9568687030451842,-1.4671129016961415,0.03825467860913623,0.26767262780251,-0.3306797365586567,0.03825467860913623
414,ortho,tttttgactttgtctttgagagatgct,1.0,ttg,1.0,,FLTLSLRDA,,False,False,6.0,2.0,4.0,971.0,1342.0,1036.0,1148.0,1014.0,836.0,True,False,True,True,False,False,1.0,both,0.0045848293269326774,0.004537948256649168,0.004579015402142716,0.005721053003700125,0.00705105976062125,0.006757505984567317,-2.338676826569959,-2.3431404604078607,-2.339227895661134,-2.242524028618207,-2.1517456044836356,-2.17021356101016,L,synonymous,0.05075780885427054,0.10401563064745241,0.0923663321668358,1.1227362351289334,1.3285569614951467,1.2287994973043206,1.2287994973043206
415,ortho,tttttgactttgtctttgagagatgct,2.0,act,2.0,,FLTLSLRDA,,False,False,6.0,2.0,4.0,971.0,1342.0,1036.0,1148.0,1014.0,836.0,True,False,True,True,False,False,1.0,both,0.0045848293269326774,0.004537948256649168,0.004579015402142716,0.005721053003700125,0.00705105976062125,0.006757505984567317,-2.338676826569959,-2.3431404604078607,-2.339227895661134,-2.242524028618207,-2.1517456044836356,-2.17021356101016,T,non-synonymous,0.05075780885427054,0.10401563064745241,0.0923663321668358,1.1227362351289334,1.3285569614951467,1.2287994973043206,1.2287994973043206
416,ortho,tttttgactttgtctttgagagatgct,3.0,ttg,3.0,,FLTLSLRDA,,False,False,6.0,2.0,4.0,971.0,1342.0,1036.0,1148.0,1014.0,836.0,True,False,True,True,False,False,1.0,both,0.0045848293269326774,0.004537948256649168,0.004579015402142716,0.005721053003700125,0.00705105976062125,0.006757505984567317,-2.338676826569959,-2.3431404604078607,-2.339227895661134,-2.242524028618207,-2.1517456044836356,-2.17021356101016,L,synonymous,0.05075780885427054,0.10401563064745241,0.0923663321668358,1.1227362351289334,1.3285569614951467,1.2287994973043206,1.2287994973043206
417,ortho,tttttgactttgtctttgagagatgct,8.0,gct,4.0,,FLTLSLRDA,,False,False,6.0,2.0,4.0,971.0,1342.0,1036.0,1148.0,1014.0,836.0,True,False,True,True,False,False,1.0,both,0.0045848293269326774,0.004537948256649168,0.004579015402142716,0.005721053003700125,0.00705105976062125,0.006757505984567317,-2.338676826569959,-2.3431404604078607,-2.339227895661134,-2.242524028618207,-2.1517456044836356,-2.17021356101016,A,non-synonymous,0.05075780885427054,0.10401563064745241,0.0923663321668358,1.1227362351289334,1.3285569614951467,1.2287994973043206,1.2287994973043206
418,ortho,tttttgactttgtctttggttgatcca,1.0,ttg,1.0,,FLTLSLVDP,,False,False,7.0,2.0,4.0,10.0,13.0,4.0,1251.0,1086.0,956.0,True,False,True,True,False,False,1.0,both,0.004996185965150505,0.004860169434636091,0.005236290340249326,5.891918644387358e-05,6.830385759171106e-05,2.609075669717111e-05,-2.301361404938494,-2.3133485901523496,-2.28097628082405,-4.229743258526212,-4.1655547680097715,-4.583513325091412,L,synonymous,-1.0179676474059949,-1.0066017330958072,-1.2583364712610667,0.0540107788686679,0.21793959775188698,-0.12190330612358191,0.0540107788686679
419,ortho,tttttgactttgtctttggttgatcca,2.0,act,2.0,,FLTLSLVDP,,False,False,7.0,2.0,4.0,10.0,13.0,4.0,1251.0,1086.0,956.0,True,False,True,True,False,False,1.0,both,0.004996185965150505,0.004860169434636091,0.005236290340249326,5.891918644387358e-05,6.830385759171106e-05,2.609075669717111e-05,-2.301361404938494,-2.3133485901523496,-2.28097628082405,-4.229743258526212,-4.1655547680097715,-4.583513325091412,T,non-synonymous,-1.0179676474059949,-1.0066017330958072,-1.2583364712610667,0.0540107788686679,0.21793959775188698,-0.12190330612358191,0.0540107788686679
420,ortho,tttttgactttgtctttggttgatcca,3.0,ttg,3.0,,FLTLSLVDP,,False,False,7.0,2.0,4.0,10.0,13.0,4.0,1251.0,1086.0,956.0,True,False,True,True,False,False,1.0,both,0.004996185965150505,0.004860169434636091,0.005236290340249326,5.891918644387358e-05,6.830385759171106e-05,2.609075669717111e-05,-2.301361404938494,-2.3133485901523496,-2.28097628082405,-4.229743258526212,-4.1655547680097715,-4.583513325091412,L,synonymous,-1.0179676474059949,-1.0066017330958072,-1.2583364712610667,0.0540107788686679,0.21793959775188698,-0.12190330612358191,0.0540107788686679
421,ortho,tttttgactttgtctttggttgatcca,6.0,gtt,4.0,,FLTLSLVDP,,False,False,7.0,2.0,4.0,10.0,13.0,4.0,1251.0,1086.0,956.0,True,False,True,True,False,False,1.0,both,0.004996185965150505,0.004860169434636091,0.005236290340249326,5.891918644387358e-05,6.830385759171106e-05,2.609075669717111e-05,-2.301361404938494,-2.3133485901523496,-2.28097628082405,-4.229743258526212,-4.1655547680097715,-4.583513325091412,V,non-synonymous,-1.0179676474059949,-1.0066017330958072,-1.2583364712610667,0.0540107788686679,0.21793959775188698,-0.12190330612358191,0.0540107788686679
422,ortho,tttttgactttgtcttttaaagatcca,1.0,ttg,1.0,,FLTLSFKDP,,False,False,6.0,3.0,5.0,4.0,9.0,2.0,300.0,310.0,233.0,True,False,True,True,False,False,1.0,both,0.001198126130731536,0.0013873411829992525,0.001276208838157001,2.3567674577549432e-05,4.728728602503074e-05,1.3045378348585554e-05,-2.9214974599122514,-2.857816721570905,-2.8940782520741313,-4.6276832671982495,-4.325255610877284,-4.884543320755393,L,synonymous,-0.9006732505022613,-0.7974957360830552,-1.0877891397789659,0.17130517577240145,0.427045594764639,0.04864402535851897,0.17130517577240145
423,ortho,tttttgactttgtcttttaaagatcca,2.0,act,2.0,,FLTLSFKDP,,False,False,6.0,3.0,5.0,4.0,9.0,2.0,300.0,310.0,233.0,True,False,True,True,False,False,1.0,both,0.001198126130731536,0.0013873411829992525,0.001276208838157001,2.3567674577549432e-05,4.728728602503074e-05,1.3045378348585554e-05,-2.9214974599122514,-2.857816721570905,-2.8940782520741313,-4.6276832671982495,-4.325255610877284,-4.884543320755393,T,non-synonymous,-0.9006732505022613,-0.7974957360830552,-1.0877891397789659,0.17130517577240145,0.427045594764639,0.04864402535851897,0.17130517577240145
424,ortho,tttttgactttgtcttttaaagatcca,3.0,ttg,3.0,,FLTLSFKDP,,False,False,6.0,3.0,5.0,4.0,9.0,2.0,300.0,310.0,233.0,True,False,True,True,False,False,1.0,both,0.001198126130731536,0.0013873411829992525,0.001276208838157001,2.3567674577549432e-05,4.728728602503074e-05,1.3045378348585554e-05,-2.9214974599122514,-2.857816721570905,-2.8940782520741313,-4.6276832671982495,-4.325255610877284,-4.884543320755393,L,synonymous,-0.9006732505022613,-0.7974957360830552,-1.0877891397789659,0.17130517577240145,0.427045594764639,0.04864402535851897,0.17130517577240145
425,ortho,tttttgactttgtcttttaaagatcca,5.0,ttt,4.0,,FLTLSFKDP,,False,False,6.0,3.0,5.0,4.0,9.0,2.0,300.0,310.0,233.0,True,False,True,True,False,False,1.0,both,0.001198126130731536,0.0013873411829992525,0.001276208838157001,2.3567674577549432e-05,4.728728602503074e-05,1.3045378348585554e-05,-2.9214974599122514,-2.857816721570905,-2.8940782520741313,-4.6276832671982495,-4.325255610877284,-4.884543320755393,F,non-synonymous,-0.9006732505022613,-0.7974957360830552,-1.0877891397789659,0.17130517577240145,0.427045594764639,0.04864402535851897,0.17130517577240145
426,ortho,tttttgactttgtcttttaaagatcca,6.0,aaa,5.0,,FLTLSFKDP,,False,False,6.0,3.0,5.0,4.0,9.0,2.0,300.0,310.0,233.0,True,False,True,True,False,False,1.0,both,0.001198126130731536,0.0013873411829992525,0.001276208838157001,2.3567674577549432e-05,4.728728602503074e-05,1.3045378348585554e-05,-2.9214974599122514,-2.857816721570905,-2.8940782520741313,-4.6276832671982495,-4.325255610877284,-4.884543320755393,K,non-synonymous,-0.9006732505022613,-0.7974957360830552,-1.0877891397789659,0.17130517577240145,0.427045594764639,0.04864402535851897,0.17130517577240145
427,ortho,tttttgactttgtcttttagagatact,1.0,ttg,1.0,,FLTLSFRDT,,False,False,7.0,3.0,5.0,7.0,5.0,3.0,812.0,601.0,520.0,True,False,True,True,False,False,1.0,both,0.0032429280605133573,0.002689651777363067,0.0028481913984619764,4.124343051071151e-05,2.627071445835041e-05,1.9568067522878334e-05,-2.4890626853907385,-2.570303943402438,-2.545430829465351,-4.384645218511955,-4.58052811598059,-4.708452061699711,L,synonymous,-1.0006533136138154,-1.09247834297204,-1.1820910814047707,0.0713251126608474,0.1320629878756543,-0.04565791626728588,0.0713251126608474
428,ortho,tttttgactttgtcttttagagatact,2.0,act,2.0,,FLTLSFRDT,,False,False,7.0,3.0,5.0,7.0,5.0,3.0,812.0,601.0,520.0,True,False,True,True,False,False,1.0,both,0.0032429280605133573,0.002689651777363067,0.0028481913984619764,4.124343051071151e-05,2.627071445835041e-05,1.9568067522878334e-05,-2.4890626853907385,-2.570303943402438,-2.545430829465351,-4.384645218511955,-4.58052811598059,-4.708452061699711,T,non-synonymous,-1.0006533136138154,-1.09247834297204,-1.1820910814047707,0.0713251126608474,0.1320629878756543,-0.04565791626728588,0.0713251126608474
429,ortho,tttttgactttgtcttttagagatact,3.0,ttg,3.0,,FLTLSFRDT,,False,False,7.0,3.0,5.0,7.0,5.0,3.0,812.0,601.0,520.0,True,False,True,True,False,False,1.0,both,0.0032429280605133573,0.002689651777363067,0.0028481913984619764,4.124343051071151e-05,2.627071445835041e-05,1.9568067522878334e-05,-2.4890626853907385,-2.570303943402438,-2.545430829465351,-4.384645218511955,-4.58052811598059,-4.708452061699711,L,synonymous,-1.0006533136138154,-1.09247834297204,-1.1820910814047707,0.0713251126608474,0.1320629878756543,-0.04565791626728588,0.0713251126608474
430,ortho,tttttgactttgtcttttagagatact,5.0,ttt,4.0,,FLTLSFRDT,,False,False,7.0,3.0,5.0,7.0,5.0,3.0,812.0,601.0,520.0,True,False,True,True,False,False,1.0,both,0.0032429280605133573,0.002689651777363067,0.0028481913984619764,4.124343051071151e-05,2.627071445835041e-05,1.9568067522878334e-05,-2.4890626853907385,-2.570303943402438,-2.545430829465351,-4.384645218511955,-4.58052811598059,-4.708452061699711,F,non-synonymous,-1.0006533136138154,-1.09247834297204,-1.1820910814047707,0.0713251126608474,0.1320629878756543,-0.04565791626728588,0.0713251126608474
431,ortho,tttttgactttgtcttttagagatact,8.0,act,5.0,,FLTLSFRDT,,False,False,7.0,3.0,5.0,7.0,5.0,3.0,812.0,601.0,520.0,True,False,True,True,False,False,1.0,both,0.0032429280605133573,0.002689651777363067,0.0028481913984619764,4.124343051071151e-05,2.627071445835041e-05,1.9568067522878334e-05,-2.4890626853907385,-2.570303943402438,-2.545430829465351,-4.384645218511955,-4.58052811598059,-4.708452061699711,T,non-synonymous,-1.0006533136138154,-1.09247834297204,-1.1820910814047707,0.0713251126608474,0.1320629878756543,-0.04565791626728588,0.0713251126608474
432,ortho,tttttgactttgtcttttagagatcca,1.0,ttg,1.0,,FLTLSFRDP,,False,False,5.0,2.0,4.0,1.0,2.0,1.0,202.0,169.0,132.0,True,False,True,True,False,False,1.0,both,0.0008067382613592342,0.000756324709441528,0.000723002431917271,5.891918644387358e-06,1.0508285783340164e-05,6.522689174292777e-06,-3.09326734518529,-3.121291710791504,-3.1408602418943006,-5.229743258526212,-4.978468124652627,-5.185573316419374,L,synonymous,-1.1278177894056305,-1.0093028622870552,-1.1174356744205713,-0.05583936313096771,0.215238468560639,0.01899749071691348,0.01899749071691348
433,ortho,tttttgactttgtcttttagagatcca,2.0,act,2.0,,FLTLSFRDP,,False,False,5.0,2.0,4.0,1.0,2.0,1.0,202.0,169.0,132.0,True,False,True,True,False,False,1.0,both,0.0008067382613592342,0.000756324709441528,0.000723002431917271,5.891918644387358e-06,1.0508285783340164e-05,6.522689174292777e-06,-3.09326734518529,-3.121291710791504,-3.1408602418943006,-5.229743258526212,-4.978468124652627,-5.185573316419374,T,non-synonymous,-1.1278177894056305,-1.0093028622870552,-1.1174356744205713,-0.05583936313096771,0.215238468560639,0.01899749071691348,0.01899749071691348
434,ortho,tttttgactttgtcttttagagatcca,3.0,ttg,3.0,,FLTLSFRDP,,False,False,5.0,2.0,4.0,1.0,2.0,1.0,202.0,169.0,132.0,True,False,True,True,False,False,1.0,both,0.0008067382613592342,0.000756324709441528,0.000723002431917271,5.891918644387358e-06,1.0508285783340164e-05,6.522689174292777e-06,-3.09326734518529,-3.121291710791504,-3.1408602418943006,-5.229743258526212,-4.978468124652627,-5.185573316419374,L,synonymous,-1.1278177894056305,-1.0093028622870552,-1.1174356744205713,-0.05583936313096771,0.215238468560639,0.01899749071691348,0.01899749071691348
435,ortho,tttttgactttgtcttttagagatcca,5.0,ttt,4.0,,FLTLSFRDP,,False,False,5.0,2.0,4.0,1.0,2.0,1.0,202.0,169.0,132.0,True,False,True,True,False,False,1.0,both,0.0008067382613592342,0.000756324709441528,0.000723002431917271,5.891918644387358e-06,1.0508285783340164e-05,6.522689174292777e-06,-3.09326734518529,-3.121291710791504,-3.1408602418943006,-5.229743258526212,-4.978468124652627,-5.185573316419374,F,non-synonymous,-1.1278177894056305,-1.0093028622870552,-1.1174356744205713,-0.05583936313096771,0.215238468560639,0.01899749071691348,0.01899749071691348
436,ortho,tttttgactttgtcttttgaaaatcca,1.0,ttg,1.0,,FLTLSFENP,,False,False,8.0,4.0,6.0,86.0,105.0,176.0,1021.0,833.0,731.0,True,False,True,True,False,False,1.0,both,0.004077622598256327,0.003727920017543153,0.004003899831299433,0.0005067050034173129,0.0005516850036253586,0.001147993294675529,-2.3895929725450036,-2.42853341399839,-2.39751679614229,-3.295244807282644,-3.2583088212466707,-2.9400606486052245,L,synonymous,-0.4780817999617534,-0.4509505329382904,-0.2965002098499664,0.5938966263129094,0.7735907979094039,0.8399329552875184,0.7735907979094039
437,ortho,tttttgactttgtcttttgaaaatcca,2.0,act,2.0,,FLTLSFENP,,False,False,8.0,4.0,6.0,86.0,105.0,176.0,1021.0,833.0,731.0,True,False,True,True,False,False,1.0,both,0.004077622598256327,0.003727920017543153,0.004003899831299433,0.0005067050034173129,0.0005516850036253586,0.001147993294675529,-2.3895929725450036,-2.42853341399839,-2.39751679614229,-3.295244807282644,-3.2583088212466707,-2.9400606486052245,T,non-synonymous,-0.4780817999617534,-0.4509505329382904,-0.2965002098499664,0.5938966263129094,0.7735907979094039,0.8399329552875184,0.7735907979094039
438,ortho,tttttgactttgtcttttgaaaatcca,3.0,ttg,3.0,,FLTLSFENP,,False,False,8.0,4.0,6.0,86.0,105.0,176.0,1021.0,833.0,731.0,True,False,True,True,False,False,1.0,both,0.004077622598256327,0.003727920017543153,0.004003899831299433,0.0005067050034173129,0.0005516850036253586,0.001147993294675529,-2.3895929725450036,-2.42853341399839,-2.39751679614229,-3.295244807282644,-3.2583088212466707,-2.9400606486052245,L,synonymous,-0.4780817999617534,-0.4509505329382904,-0.2965002098499664,0.5938966263129094,0.7735907979094039,0.8399329552875184,0.7735907979094039
439,ortho,tttttgactttgtcttttgaaaatcca,5.0,ttt,4.0,,FLTLSFENP,,False,False,8.0,4.0,6.0,86.0,105.0,176.0,1021.0,833.0,731.0,True,False,True,True,False,False,1.0,both,0.004077622598256327,0.003727920017543153,0.004003899831299433,0.0005067050034173129,0.0005516850036253586,0.001147993294675529,-2.3895929725450036,-2.42853341399839,-2.39751679614229,-3.295244807282644,-3.2583088212466707,-2.9400606486052245,F,non-synonymous,-0.4780817999617534,-0.4509505329382904,-0.2965002098499664,0.5938966263129094,0.7735907979094039,0.8399329552875184,0.7735907979094039
440,ortho,tttttgactttgtcttttgaaaatcca,6.0,gaa,5.0,,FLTLSFENP,,False,False,8.0,4.0,6.0,86.0,105.0,176.0,1021.0,833.0,731.0,True,False,True,True,False,False,1.0,both,0.004077622598256327,0.003727920017543153,0.004003899831299433,0.0005067050034173129,0.0005516850036253586,0.001147993294675529,-2.3895929725450036,-2.42853341399839,-2.39751679614229,-3.295244807282644,-3.2583088212466707,-2.9400606486052245,E,non-synonymous,-0.4780817999617534,-0.4509505329382904,-0.2965002098499664,0.5938966263129094,0.7735907979094039,0.8399329552875184,0.7735907979094039
441,ortho,tttttgactttgtcttttgaaaatcca,7.0,aat,6.0,,FLTLSFENP,,False,False,8.0,4.0,6.0,86.0,105.0,176.0,1021.0,833.0,731.0,True,False,True,True,False,False,1.0,both,0.004077622598256327,0.003727920017543153,0.004003899831299433,0.0005067050034173129,0.0005516850036253586,0.001147993294675529,-2.3895929725450036,-2.42853341399839,-2.39751679614229,-3.295244807282644,-3.2583088212466707,-2.9400606486052245,N,non-synonymous,-0.4780817999617534,-0.4509505329382904,-0.2965002098499664,0.5938966263129094,0.7735907979094039,0.8399329552875184,0.7735907979094039
442,ortho,tttttgattaaatctttgattgatcca,1.0,ttg,1.0,,FLIKSLIDP,,False,False,6.0,3.0,4.0,7.0,1.0,1.0,307.0,254.0,250.0,True,False,True,True,False,False,1.0,both,0.0012260824071152717,0.0011367247112316456,0.0013693227877221042,4.124343051071151e-05,5.254142891670082e-06,6.522689174292777e-06,-2.9114803391547275,-2.9443446987852395,-2.8634941644281127,-4.384645218511955,-5.2794981203166085,-5.185573316419374,L,synonymous,-0.7776645396711093,-1.2690647020069599,-1.269016232933314,0.2943138866035535,-0.044523371159265634,-0.13258306779582907,-0.044523371159265634
443,ortho,tttttgattaaatctttgattgatcca,2.0,att,2.0,,FLIKSLIDP,,False,False,6.0,3.0,4.0,7.0,1.0,1.0,307.0,254.0,250.0,True,False,True,True,False,False,1.0,both,0.0012260824071152717,0.0011367247112316456,0.0013693227877221042,4.124343051071151e-05,5.254142891670082e-06,6.522689174292777e-06,-2.9114803391547275,-2.9443446987852395,-2.8634941644281127,-4.384645218511955,-5.2794981203166085,-5.185573316419374,I,non-synonymous,-0.7776645396711093,-1.2690647020069599,-1.269016232933314,0.2943138866035535,-0.044523371159265634,-0.13258306779582907,-0.044523371159265634
444,ortho,tttttgattaaatctttgattgatcca,3.0,aaa,3.0,,FLIKSLIDP,,False,False,6.0,3.0,4.0,7.0,1.0,1.0,307.0,254.0,250.0,True,False,True,True,False,False,1.0,both,0.0012260824071152717,0.0011367247112316456,0.0013693227877221042,4.124343051071151e-05,5.254142891670082e-06,6.522689174292777e-06,-2.9114803391547275,-2.9443446987852395,-2.8634941644281127,-4.384645218511955,-5.2794981203166085,-5.185573316419374,K,non-synonymous,-0.7776645396711093,-1.2690647020069599,-1.269016232933314,0.2943138866035535,-0.044523371159265634,-0.13258306779582907,-0.044523371159265634
445,ortho,tttttgattaaatctttgattgatcca,6.0,att,4.0,,FLIKSLIDP,,False,False,6.0,3.0,4.0,7.0,1.0,1.0,307.0,254.0,250.0,True,False,True,True,False,False,1.0,both,0.0012260824071152717,0.0011367247112316456,0.0013693227877221042,4.124343051071151e-05,5.254142891670082e-06,6.522689174292777e-06,-2.9114803391547275,-2.9443446987852395,-2.8634941644281127,-4.384645218511955,-5.2794981203166085,-5.185573316419374,I,non-synonymous,-0.7776645396711093,-1.2690647020069599,-1.269016232933314,0.2943138866035535,-0.044523371159265634,-0.13258306779582907,-0.044523371159265634
446,ortho,tttttgattttgtctttgagagatcca,1.0,ttg,1.0,,FLILSLRDP,,False,False,3.0,1.0,3.0,2.0,2.0,3.0,735.0,562.0,553.0,True,False,True,True,False,False,1.0,both,0.002935409020292263,0.002515115305953484,0.0030289420064412943,1.1783837288774716e-05,1.0508285783340164e-05,1.9568067522878334e-05,-2.532331375547719,-2.5994420998361165,-2.5187090417954523,-4.928713262862231,-4.978468124652627,-4.708452061699711,L,synonymous,-1.2650187656440353,-1.2929077487639546,-1.1966945380944447,-0.19304033936937248,-0.06836641791626041,-0.06026137295695988,-0.06836641791626041
447,ortho,tttttgattttgtctttgagagatcca,2.0,att,2.0,,FLILSLRDP,,False,False,3.0,1.0,3.0,2.0,2.0,3.0,735.0,562.0,553.0,True,False,True,True,False,False,1.0,both,0.002935409020292263,0.002515115305953484,0.0030289420064412943,1.1783837288774716e-05,1.0508285783340164e-05,1.9568067522878334e-05,-2.532331375547719,-2.5994420998361165,-2.5187090417954523,-4.928713262862231,-4.978468124652627,-4.708452061699711,I,non-synonymous,-1.2650187656440353,-1.2929077487639546,-1.1966945380944447,-0.19304033936937248,-0.06836641791626041,-0.06026137295695988,-0.06836641791626041
448,ortho,tttttgattttgtctttgagagatcca,3.0,ttg,3.0,,FLILSLRDP,,False,False,3.0,1.0,3.0,2.0,2.0,3.0,735.0,562.0,553.0,True,False,True,True,False,False,1.0,both,0.002935409020292263,0.002515115305953484,0.0030289420064412943,1.1783837288774716e-05,1.0508285783340164e-05,1.9568067522878334e-05,-2.532331375547719,-2.5994420998361165,-2.5187090417954523,-4.928713262862231,-4.978468124652627,-4.708452061699711,L,synonymous,-1.2650187656440353,-1.2929077487639546,-1.1966945380944447,-0.19304033936937248,-0.06836641791626041,-0.06026137295695988,-0.06836641791626041
449,ortho,tttttggctttgaatattaaagatcca,1.0,ttg,1.0,,FLALNIKDP,,False,False,8.0,4.0,6.0,7.0,5.0,2.0,608.0,561.0,453.0,True,False,True,True,False,False,1.0,both,0.002428202291615913,0.0025106400118147763,0.002481212891352453,4.124343051071151e-05,2.627071445835041e-05,1.3045378348585554e-05,-2.614715135359179,-2.6002155541490164,-2.6053359710873183,-4.384645218511955,-4.58052811598059,-4.884543320755393,L,synonymous,-0.9343230229365833,-1.0762225505137608,-1.2455867933999638,0.13765540333807946,0.14831878033393342,-0.10915362826247899,0.13765540333807946
450,ortho,tttttggctttgaatattaaagatcca,2.0,gct,2.0,,FLALNIKDP,,False,False,8.0,4.0,6.0,7.0,5.0,2.0,608.0,561.0,453.0,True,False,True,True,False,False,1.0,both,0.002428202291615913,0.0025106400118147763,0.002481212891352453,4.124343051071151e-05,2.627071445835041e-05,1.3045378348585554e-05,-2.614715135359179,-2.6002155541490164,-2.6053359710873183,-4.384645218511955,-4.58052811598059,-4.884543320755393,A,non-synonymous,-0.9343230229365833,-1.0762225505137608,-1.2455867933999638,0.13765540333807946,0.14831878033393342,-0.10915362826247899,0.13765540333807946
451,ortho,tttttggctttgaatattaaagatcca,3.0,ttg,3.0,,FLALNIKDP,,False,False,8.0,4.0,6.0,7.0,5.0,2.0,608.0,561.0,453.0,True,False,True,True,False,False,1.0,both,0.002428202291615913,0.0025106400118147763,0.002481212891352453,4.124343051071151e-05,2.627071445835041e-05,1.3045378348585554e-05,-2.614715135359179,-2.6002155541490164,-2.6053359710873183,-4.384645218511955,-4.58052811598059,-4.884543320755393,L,synonymous,-0.9343230229365833,-1.0762225505137608,-1.2455867933999638,0.13765540333807946,0.14831878033393342,-0.10915362826247899,0.13765540333807946
452,ortho,tttttggctttgaatattaaagatcca,4.0,aat,4.0,,FLALNIKDP,,False,False,8.0,4.0,6.0,7.0,5.0,2.0,608.0,561.0,453.0,True,False,True,True,False,False,1.0,both,0.002428202291615913,0.0025106400118147763,0.002481212891352453,4.124343051071151e-05,2.627071445835041e-05,1.3045378348585554e-05,-2.614715135359179,-2.6002155541490164,-2.6053359710873183,-4.384645218511955,-4.58052811598059,-4.884543320755393,N,non-synonymous,-0.9343230229365833,-1.0762225505137608,-1.2455867933999638,0.13765540333807946,0.14831878033393342,-0.10915362826247899,0.13765540333807946
453,ortho,tttttggctttgaatattaaagatcca,5.0,att,5.0,,FLALNIKDP,,False,False,8.0,4.0,6.0,7.0,5.0,2.0,608.0,561.0,453.0,True,False,True,True,False,False,1.0,both,0.002428202291615913,0.0025106400118147763,0.002481212891352453,4.124343051071151e-05,2.627071445835041e-05,1.3045378348585554e-05,-2.614715135359179,-2.6002155541490164,-2.6053359710873183,-4.384645218511955,-4.58052811598059,-4.884543320755393,I,non-synonymous,-0.9343230229365833,-1.0762225505137608,-1.2455867933999638,0.13765540333807946,0.14831878033393342,-0.10915362826247899,0.13765540333807946
454,ortho,tttttggctttgaatattaaagatcca,6.0,aaa,6.0,,FLALNIKDP,,False,False,8.0,4.0,6.0,7.0,5.0,2.0,608.0,561.0,453.0,True,False,True,True,False,False,1.0,both,0.002428202291615913,0.0025106400118147763,0.002481212891352453,4.124343051071151e-05,2.627071445835041e-05,1.3045378348585554e-05,-2.614715135359179,-2.6002155541490164,-2.6053359710873183,-4.384645218511955,-4.58052811598059,-4.884543320755393,K,non-synonymous,-0.9343230229365833,-1.0762225505137608,-1.2455867933999638,0.13765540333807946,0.14831878033393342,-0.10915362826247899,0.13765540333807946
455,ortho,tttttggctttgaatttgtctgattct,1.0,ttg,1.0,,FLALNLSDS,,False,False,10.0,4.0,6.0,2058.0,2531.0,1724.0,1052.0,1012.0,867.0,True,False,True,True,False,False,1.0,both,0.004201428965098586,0.004528997668371754,0.004748811427820257,0.012125568570149183,0.013298235658816977,0.011245116136480748,-2.3766029748141935,-2.3439979029013975,-2.3234150756239402,-1.9162978880997976,-1.8762059751583546,-1.9490360549306804,L,synonymous,0.24298905600044413,0.2542266464843972,0.2045981309991157,1.314967482275107,1.4787679773320914,1.3410312961366004,1.3410312961366004
456,ortho,tttttggctttgaatttgtctgattct,2.0,gct,2.0,,FLALNLSDS,,False,False,10.0,4.0,6.0,2058.0,2531.0,1724.0,1052.0,1012.0,867.0,True,False,True,True,False,False,1.0,both,0.004201428965098586,0.004528997668371754,0.004748811427820257,0.012125568570149183,0.013298235658816977,0.011245116136480748,-2.3766029748141935,-2.3439979029013975,-2.3234150756239402,-1.9162978880997976,-1.8762059751583546,-1.9490360549306804,A,non-synonymous,0.24298905600044413,0.2542266464843972,0.2045981309991157,1.314967482275107,1.4787679773320914,1.3410312961366004,1.3410312961366004
457,ortho,tttttggctttgaatttgtctgattct,3.0,ttg,3.0,,FLALNLSDS,,False,False,10.0,4.0,6.0,2058.0,2531.0,1724.0,1052.0,1012.0,867.0,True,False,True,True,False,False,1.0,both,0.004201428965098586,0.004528997668371754,0.004748811427820257,0.012125568570149183,0.013298235658816977,0.011245116136480748,-2.3766029748141935,-2.3439979029013975,-2.3234150756239402,-1.9162978880997976,-1.8762059751583546,-1.9490360549306804,L,synonymous,0.24298905600044413,0.2542266464843972,0.2045981309991157,1.314967482275107,1.4787679773320914,1.3410312961366004,1.3410312961366004
458,ortho,tttttggctttgaatttgtctgattct,4.0,aat,4.0,,FLALNLSDS,,False,False,10.0,4.0,6.0,2058.0,2531.0,1724.0,1052.0,1012.0,867.0,True,False,True,True,False,False,1.0,both,0.004201428965098586,0.004528997668371754,0.004748811427820257,0.012125568570149183,0.013298235658816977,0.011245116136480748,-2.3766029748141935,-2.3439979029013975,-2.3234150756239402,-1.9162978880997976,-1.8762059751583546,-1.9490360549306804,N,non-synonymous,0.24298905600044413,0.2542266464843972,0.2045981309991157,1.314967482275107,1.4787679773320914,1.3410312961366004,1.3410312961366004
459,ortho,tttttggctttgaatttgtctgattct,6.0,tct,5.0,,FLALNLSDS,,False,False,10.0,4.0,6.0,2058.0,2531.0,1724.0,1052.0,1012.0,867.0,True,False,True,True,False,False,1.0,both,0.004201428965098586,0.004528997668371754,0.004748811427820257,0.012125568570149183,0.013298235658816977,0.011245116136480748,-2.3766029748141935,-2.3439979029013975,-2.3234150756239402,-1.9162978880997976,-1.8762059751583546,-1.9490360549306804,S,non-synonymous,0.24298905600044413,0.2542266464843972,0.2045981309991157,1.314967482275107,1.4787679773320914,1.3410312961366004,1.3410312961366004
460,ortho,tttttggctttgaatttgtctgattct,8.0,tct,6.0,,FLALNLSDS,,False,False,10.0,4.0,6.0,2058.0,2531.0,1724.0,1052.0,1012.0,867.0,True,False,True,True,False,False,1.0,both,0.004201428965098586,0.004528997668371754,0.004748811427820257,0.012125568570149183,0.013298235658816977,0.011245116136480748,-2.3766029748141935,-2.3439979029013975,-2.3234150756239402,-1.9162978880997976,-1.8762059751583546,-1.9490360549306804,S,non-synonymous,0.24298905600044413,0.2542266464843972,0.2045981309991157,1.314967482275107,1.4787679773320914,1.3410312961366004,1.3410312961366004
461,ortho,tttttggctttgtctattagagatcca,1.0,ttg,1.0,,FLALSIRDP,,False,False,5.0,2.0,4.0,1.0,7.0,2.0,677.0,570.0,527.0,True,False,True,True,False,False,1.0,both,0.002703771301684166,0.002550917659063142,0.0028865324365181955,5.891918644387358e-06,3.677900024169057e-05,1.3045378348585554e-05,-2.5680300459467698,-2.593303559732686,-2.539623557887604,-5.229743258526212,-4.4344000803023516,-4.884543320755393,L,synonymous,-1.4050837141191221,-1.0005640681675472,-1.2814986265449062,-0.33310528784445936,0.22397726268014706,-0.14506546140742138,-0.14506546140742138
462,ortho,tttttggctttgtctattagagatcca,2.0,gct,2.0,,FLALSIRDP,,False,False,5.0,2.0,4.0,1.0,7.0,2.0,677.0,570.0,527.0,True,False,True,True,False,False,1.0,both,0.002703771301684166,0.002550917659063142,0.0028865324365181955,5.891918644387358e-06,3.677900024169057e-05,1.3045378348585554e-05,-2.5680300459467698,-2.593303559732686,-2.539623557887604,-5.229743258526212,-4.4344000803023516,-4.884543320755393,A,non-synonymous,-1.4050837141191221,-1.0005640681675472,-1.2814986265449062,-0.33310528784445936,0.22397726268014706,-0.14506546140742138,-0.14506546140742138
463,ortho,tttttggctttgtctattagagatcca,3.0,ttg,3.0,,FLALSIRDP,,False,False,5.0,2.0,4.0,1.0,7.0,2.0,677.0,570.0,527.0,True,False,True,True,False,False,1.0,both,0.002703771301684166,0.002550917659063142,0.0028865324365181955,5.891918644387358e-06,3.677900024169057e-05,1.3045378348585554e-05,-2.5680300459467698,-2.593303559732686,-2.539623557887604,-5.229743258526212,-4.4344000803023516,-4.884543320755393,L,synonymous,-1.4050837141191221,-1.0005640681675472,-1.2814986265449062,-0.33310528784445936,0.22397726268014706,-0.14506546140742138,-0.14506546140742138
464,ortho,tttttggctttgtctattagagatcca,5.0,att,4.0,,FLALSIRDP,,False,False,5.0,2.0,4.0,1.0,7.0,2.0,677.0,570.0,527.0,True,False,True,True,False,False,1.0,both,0.002703771301684166,0.002550917659063142,0.0028865324365181955,5.891918644387358e-06,3.677900024169057e-05,1.3045378348585554e-05,-2.5680300459467698,-2.593303559732686,-2.539623557887604,-5.229743258526212,-4.4344000803023516,-4.884543320755393,I,non-synonymous,-1.4050837141191221,-1.0005640681675472,-1.2814986265449062,-0.33310528784445936,0.22397726268014706,-0.14506546140742138,-0.14506546140742138
465,ortho,tttttggctttgtcttttaaagatcca,1.0,ttg,1.0,,FLALSFKDP,,False,False,5.0,3.0,5.0,4.0,10.0,5.0,972.0,744.0,644.0,True,False,True,True,False,False,1.0,both,0.0038819286635701764,0.0033296188391982065,0.0035273755011721404,2.3567674577549432e-05,5.254142891670082e-05,3.261344587146389e-05,-2.4109524497056394,-2.477605479859299,-2.452548305740338,-4.6276832671982495,-4.2794981203166085,-4.486603312083355,L,synonymous,-1.170183307324238,-0.97925829015161,-1.1116110402675359,-0.09820488104957525,0.2452830406960842,0.024822124869948947,0.024822124869948947
466,ortho,tttttggctttgtcttttaaagatcca,2.0,gct,2.0,,FLALSFKDP,,False,False,5.0,3.0,5.0,4.0,10.0,5.0,972.0,744.0,644.0,True,False,True,True,False,False,1.0,both,0.0038819286635701764,0.0033296188391982065,0.0035273755011721404,2.3567674577549432e-05,5.254142891670082e-05,3.261344587146389e-05,-2.4109524497056394,-2.477605479859299,-2.452548305740338,-4.6276832671982495,-4.2794981203166085,-4.486603312083355,A,non-synonymous,-1.170183307324238,-0.97925829015161,-1.1116110402675359,-0.09820488104957525,0.2452830406960842,0.024822124869948947,0.024822124869948947
467,ortho,tttttggctttgtcttttaaagatcca,3.0,ttg,3.0,,FLALSFKDP,,False,False,5.0,3.0,5.0,4.0,10.0,5.0,972.0,744.0,644.0,True,False,True,True,False,False,1.0,both,0.0038819286635701764,0.0033296188391982065,0.0035273755011721404,2.3567674577549432e-05,5.254142891670082e-05,3.261344587146389e-05,-2.4109524497056394,-2.477605479859299,-2.452548305740338,-4.6276832671982495,-4.2794981203166085,-4.486603312083355,L,synonymous,-1.170183307324238,-0.97925829015161,-1.1116110402675359,-0.09820488104957525,0.2452830406960842,0.024822124869948947,0.024822124869948947
468,ortho,tttttggctttgtcttttaaagatcca,5.0,ttt,4.0,,FLALSFKDP,,False,False,5.0,3.0,5.0,4.0,10.0,5.0,972.0,744.0,644.0,True,False,True,True,False,False,1.0,both,0.0038819286635701764,0.0033296188391982065,0.0035273755011721404,2.3567674577549432e-05,5.254142891670082e-05,3.261344587146389e-05,-2.4109524497056394,-2.477605479859299,-2.452548305740338,-4.6276832671982495,-4.2794981203166085,-4.486603312083355,F,non-synonymous,-1.170183307324238,-0.97925829015161,-1.1116110402675359,-0.09820488104957525,0.2452830406960842,0.024822124869948947,0.024822124869948947
469,ortho,tttttggctttgtcttttaaagatcca,6.0,aaa,5.0,,FLALSFKDP,,False,False,5.0,3.0,5.0,4.0,10.0,5.0,972.0,744.0,644.0,True,False,True,True,False,False,1.0,both,0.0038819286635701764,0.0033296188391982065,0.0035273755011721404,2.3567674577549432e-05,5.254142891670082e-05,3.261344587146389e-05,-2.4109524497056394,-2.477605479859299,-2.452548305740338,-4.6276832671982495,-4.2794981203166085,-4.486603312083355,K,non-synonymous,-1.170183307324238,-0.97925829015161,-1.1116110402675359,-0.09820488104957525,0.2452830406960842,0.024822124869948947,0.024822124869948947
470,ortho,tttttggctttgtcttttagagatcca,1.0,ttg,1.0,,FLALSFRDP,,False,False,4.0,2.0,4.0,16.0,21.0,6.0,1280.0,1180.0,961.0,True,False,True,True,False,False,1.0,both,0.005112004824454553,0.005280847083674574,0.005263676796003768,9.427069831019773e-05,0.00011033700072507172,3.913613504575667e-05,-2.2914087449840457,-2.277296408099052,-2.278710785431605,-4.025623275870287,-3.9572788255826894,-4.407422066035731,L,synonymous,-0.9154692483851748,-0.9130048442909832,-1.1633406931879917,0.15650917788948793,0.31153648655671107,-0.02690752805050689,0.15650917788948793
471,ortho,tttttggctttgtcttttagagatcca,2.0,gct,2.0,,FLALSFRDP,,False,False,4.0,2.0,4.0,16.0,21.0,6.0,1280.0,1180.0,961.0,True,False,True,True,False,False,1.0,both,0.005112004824454553,0.005280847083674574,0.005263676796003768,9.427069831019773e-05,0.00011033700072507172,3.913613504575667e-05,-2.2914087449840457,-2.277296408099052,-2.278710785431605,-4.025623275870287,-3.9572788255826894,-4.407422066035731,A,non-synonymous,-0.9154692483851748,-0.9130048442909832,-1.1633406931879917,0.15650917788948793,0.31153648655671107,-0.02690752805050689,0.15650917788948793
472,ortho,tttttggctttgtcttttagagatcca,3.0,ttg,3.0,,FLALSFRDP,,False,False,4.0,2.0,4.0,16.0,21.0,6.0,1280.0,1180.0,961.0,True,False,True,True,False,False,1.0,both,0.005112004824454553,0.005280847083674574,0.005263676796003768,9.427069831019773e-05,0.00011033700072507172,3.913613504575667e-05,-2.2914087449840457,-2.277296408099052,-2.278710785431605,-4.025623275870287,-3.9572788255826894,-4.407422066035731,L,synonymous,-0.9154692483851748,-0.9130048442909832,-1.1633406931879917,0.15650917788948793,0.31153648655671107,-0.02690752805050689,0.15650917788948793
473,ortho,tttttggctttgtcttttagagatcca,5.0,ttt,4.0,,FLALSFRDP,,False,False,4.0,2.0,4.0,16.0,21.0,6.0,1280.0,1180.0,961.0,True,False,True,True,False,False,1.0,both,0.005112004824454553,0.005280847083674574,0.005263676796003768,9.427069831019773e-05,0.00011033700072507172,3.913613504575667e-05,-2.2914087449840457,-2.277296408099052,-2.278710785431605,-4.025623275870287,-3.9572788255826894,-4.407422066035731,F,non-synonymous,-0.9154692483851748,-0.9130048442909832,-1.1633406931879917,0.15650917788948793,0.31153648655671107,-0.02690752805050689,0.15650917788948793
474,ortho,tttttggctttgtcttttagagatgct,1.0,ttg,1.0,,FLALSFRDA,,False,False,6.0,3.0,5.0,2146.0,3071.0,1832.0,1428.0,1198.0,1104.0,True,False,True,True,False,False,1.0,both,0.005703080382282111,0.005361402378171305,0.006046929430580812,0.01264405741085527,0.01613547282031882,0.011949566567304368,-2.2438905071917583,-2.2707215973518853,-2.2184650997069704,-1.8981135408962795,-1.79221830387354,-1.9226478470875428,L,synonymous,0.182531153906121,0.26004785550630577,0.16166412554622558,1.2545095801807837,1.484589186354,1.2980972906837105,1.2980972906837105
475,ortho,tttttggctttgtcttttagagatgct,2.0,gct,2.0,,FLALSFRDA,,False,False,6.0,3.0,5.0,2146.0,3071.0,1832.0,1428.0,1198.0,1104.0,True,False,True,True,False,False,1.0,both,0.005703080382282111,0.005361402378171305,0.006046929430580812,0.01264405741085527,0.01613547282031882,0.011949566567304368,-2.2438905071917583,-2.2707215973518853,-2.2184650997069704,-1.8981135408962795,-1.79221830387354,-1.9226478470875428,A,non-synonymous,0.182531153906121,0.26004785550630577,0.16166412554622558,1.2545095801807837,1.484589186354,1.2980972906837105,1.2980972906837105
476,ortho,tttttggctttgtcttttagagatgct,3.0,ttg,3.0,,FLALSFRDA,,False,False,6.0,3.0,5.0,2146.0,3071.0,1832.0,1428.0,1198.0,1104.0,True,False,True,True,False,False,1.0,both,0.005703080382282111,0.005361402378171305,0.006046929430580812,0.01264405741085527,0.01613547282031882,0.011949566567304368,-2.2438905071917583,-2.2707215973518853,-2.2184650997069704,-1.8981135408962795,-1.79221830387354,-1.9226478470875428,L,synonymous,0.182531153906121,0.26004785550630577,0.16166412554622558,1.2545095801807837,1.484589186354,1.2980972906837105,1.2980972906837105
477,ortho,tttttggctttgtcttttagagatgct,5.0,ttt,4.0,,FLALSFRDA,,False,False,6.0,3.0,5.0,2146.0,3071.0,1832.0,1428.0,1198.0,1104.0,True,False,True,True,False,False,1.0,both,0.005703080382282111,0.005361402378171305,0.006046929430580812,0.01264405741085527,0.01613547282031882,0.011949566567304368,-2.2438905071917583,-2.2707215973518853,-2.2184650997069704,-1.8981135408962795,-1.79221830387354,-1.9226478470875428,F,non-synonymous,0.182531153906121,0.26004785550630577,0.16166412554622558,1.2545095801807837,1.484589186354,1.2980972906837105,1.2980972906837105
478,ortho,tttttggctttgtcttttagagatgct,8.0,gct,5.0,,FLALSFRDA,,False,False,6.0,3.0,5.0,2146.0,3071.0,1832.0,1428.0,1198.0,1104.0,True,False,True,True,False,False,1.0,both,0.005703080382282111,0.005361402378171305,0.006046929430580812,0.01264405741085527,0.01613547282031882,0.011949566567304368,-2.2438905071917583,-2.2707215973518853,-2.2184650997069704,-1.8981135408962795,-1.79221830387354,-1.9226478470875428,A,non-synonymous,0.182531153906121,0.26004785550630577,0.16166412554622558,1.2545095801807837,1.484589186354,1.2980972906837105,1.2980972906837105
479,single,tttttggttttatctttgagagatcca,1.0,ttg,1.0,,FLVLSLRDP,,False,False,1.0,0.0,1.0,6.0,19.0,10.0,1223.0,1140.0,920.0,True,False,True,True,False,False,1.0,both,0.004884360859615561,0.005101835318126284,0.005039107858817343,3.535151186632415e-05,9.982871494173156e-05,6.522689174292778e-05,-2.3111922575956285,-2.292273564068705,-2.297646345754595,-4.451592008142568,-4.00074451936378,-4.185573316419374,L,synonymous,-1.1298891319262951,-0.9284872521768756,-1.031752070256405,-0.057910705651632366,0.2960540786708187,0.1046810948810799,0.1046810948810799
480,ortho,tttttggttttgtctttgagagatcca,1.0,ttg,1.0,,FLVLSLRDP,,False,False,2.0,0.0,2.0,1.0,1.0,1.0,85.0,73.0,40.0,True,False,True,True,False,False,1.0,both,0.00033946907037393515,0.00032669647212563044,0.00021909164603553668,5.891918644387358e-06,5.254142891670082e-06,6.522689174292777e-06,-3.469199788917621,-3.4858555552847217,-3.659374181772188,-5.229743258526212,-5.2794981203166085,-5.185573316419374,L,synonymous,-0.9293679519847869,-0.974774696305158,-0.8340678115538004,0.14261047428987583,0.24976663454253623,0.30236535358368444,0.24976663454253623
481,ortho,tttttggttttgtctttgagagatcca,3.0,ttg,2.0,,FLVLSLRDP,,False,False,2.0,0.0,2.0,1.0,1.0,1.0,85.0,73.0,40.0,True,False,True,True,False,False,1.0,both,0.00033946907037393515,0.00032669647212563044,0.00021909164603553668,5.891918644387358e-06,5.254142891670082e-06,6.522689174292777e-06,-3.469199788917621,-3.4858555552847217,-3.659374181772188,-5.229743258526212,-5.2794981203166085,-5.185573316419374,L,synonymous,-0.9293679519847869,-0.974774696305158,-0.8340678115538004,0.14261047428987583,0.24976663454253623,0.30236535358368444,0.24976663454253623
482,ortho,tttttgtctttgtcttttagagatcca,1.0,ttg,1.0,,FLSLSFRDP,,False,False,5.0,2.0,4.0,259.0,312.0,578.0,1361.0,1124.0,930.0,True,False,True,True,False,False,1.0,both,0.005435498879752068,0.005030230611906968,0.005093880770326228,0.0015260069288963259,0.0016392925822010654,0.0037701143427412253,-2.264760589428579,-2.2984121041721353,-2.2929512245462154,-2.8164434944449597,-2.785343526298166,-2.4236454779988454,L,synonymous,-0.2912262153311557,-0.2646282143264715,-0.07142440818189325,0.780752210943507,0.9599131165212227,1.0650087569555915,0.9599131165212227
483,ortho,tttttgtctttgtcttttagagatcca,2.0,tct,2.0,,FLSLSFRDP,,False,False,5.0,2.0,4.0,259.0,312.0,578.0,1361.0,1124.0,930.0,True,False,True,True,False,False,1.0,both,0.005435498879752068,0.005030230611906968,0.005093880770326228,0.0015260069288963259,0.0016392925822010654,0.0037701143427412253,-2.264760589428579,-2.2984121041721353,-2.2929512245462154,-2.8164434944449597,-2.785343526298166,-2.4236454779988454,S,non-synonymous,-0.2912262153311557,-0.2646282143264715,-0.07142440818189325,0.780752210943507,0.9599131165212227,1.0650087569555915,0.9599131165212227
484,ortho,tttttgtctttgtcttttagagatcca,3.0,ttg,3.0,,FLSLSFRDP,,False,False,5.0,2.0,4.0,259.0,312.0,578.0,1361.0,1124.0,930.0,True,False,True,True,False,False,1.0,both,0.005435498879752068,0.005030230611906968,0.005093880770326228,0.0015260069288963259,0.0016392925822010654,0.0037701143427412253,-2.264760589428579,-2.2984121041721353,-2.2929512245462154,-2.8164434944449597,-2.785343526298166,-2.4236454779988454,L,synonymous,-0.2912262153311557,-0.2646282143264715,-0.07142440818189325,0.780752210943507,0.9599131165212227,1.0650087569555915,0.9599131165212227
485,ortho,tttttgtctttgtcttttagagatcca,5.0,ttt,4.0,,FLSLSFRDP,,False,False,5.0,2.0,4.0,259.0,312.0,578.0,1361.0,1124.0,930.0,True,False,True,True,False,False,1.0,both,0.005435498879752068,0.005030230611906968,0.005093880770326228,0.0015260069288963259,0.0016392925822010654,0.0037701143427412253,-2.264760589428579,-2.2984121041721353,-2.2929512245462154,-2.8164434944449597,-2.785343526298166,-2.4236454779988454,F,non-synonymous,-0.2912262153311557,-0.2646282143264715,-0.07142440818189325,0.780752210943507,0.9599131165212227,1.0650087569555915,0.9599131165212227
486,single,ttttttgttttatctttgagagatcca,1.0,ttt,1.0,,FFVLSLRDP,,False,False,1.0,1.0,1.0,1.0,1.0,1.0,41.0,42.0,34.0,True,False,True,True,False,False,1.0,both,0.0001637439045333099,0.00018796235382570519,0.00018622789913020615,5.891918644387358e-06,5.254142891670082e-06,6.522689174292777e-06,-3.7858348579121786,-3.7259291250072772,-3.7299552560578952,-5.229743258526212,-5.2794981203166085,-5.185573316419374,F,non-synonymous,-0.7622204258498847,-0.8443040855048178,-0.7954952551749076,0.3097580004247781,0.3802372453428764,0.3409379099625772,0.3409379099625772
487,WT,tttttagttttatctttgagagatcca,0.0,ttt,,,FLVLSLRDP,True,,,,0.0,,,,,,,,,,,,,,1.0,,0.021035101101876664,0.020966753039843543,0.021251889665447058,0.00018854139662039546,0.001660309153767746,0.0004892016880719583,,,,,,,F,synonymous,-1.0808685628330956,-0.5985364902337307,-0.8951175827499525,-0.008890136558432848,0.6260048406139636,0.24131558238753237,0.24131558238753237
488,WT,tttttagttttatctttgagagatcca,1.0,tta,,,FLVLSLRDP,True,,,,0.0,,,,,,,,,,,,,,1.0,,0.021035101101876664,0.020966753039843543,0.021251889665447058,0.00018854139662039546,0.001660309153767746,0.0004892016880719583,,,,,,,L,synonymous,-1.0808685628330956,-0.5985364902337307,-0.8951175827499525,-0.008890136558432848,0.6260048406139636,0.24131558238753237,0.24131558238753237
489,WT,tttttagttttatctttgagagatcca,2.0,gtt,,,FLVLSLRDP,True,,,,0.0,,,,,,,,,,,,,,1.0,,0.021035101101876664,0.020966753039843543,0.021251889665447058,0.00018854139662039546,0.001660309153767746,0.0004892016880719583,,,,,,,V,synonymous,-1.0808685628330956,-0.5985364902337307,-0.8951175827499525,-0.008890136558432848,0.6260048406139636,0.24131558238753237,0.24131558238753237
490,WT,tttttagttttatctttgagagatcca,3.0,tta,,,FLVLSLRDP,True,,,,0.0,,,,,,,,,,,,,,1.0,,0.021035101101876664,0.020966753039843543,0.021251889665447058,0.00018854139662039546,0.001660309153767746,0.0004892016880719583,,,,,,,L,synonymous,-1.0808685628330956,-0.5985364902337307,-0.8951175827499525,-0.008890136558432848,0.6260048406139636,0.24131558238753237,0.24131558238753237
491,WT,tttttagttttatctttgagagatcca,4.0,tct,,,FLVLSLRDP,True,,,,0.0,,,,,,,,,,,,,,1.0,,0.021035101101876664,0.020966753039843543,0.021251889665447058,0.00018854139662039546,0.001660309153767746,0.0004892016880719583,,,,,,,S,synonymous,-1.0808685628330956,-0.5985364902337307,-0.8951175827499525,-0.008890136558432848,0.6260048406139636,0.24131558238753237,0.24131558238753237
492,WT,tttttagttttatctttgagagatcca,5.0,ttg,,,FLVLSLRDP,True,,,,0.0,,,,,,,,,,,,,,1.0,,0.021035101101876664,0.020966753039843543,0.021251889665447058,0.00018854139662039546,0.001660309153767746,0.0004892016880719583,,,,,,,L,synonymous,-1.0808685628330956,-0.5985364902337307,-0.8951175827499525,-0.008890136558432848,0.6260048406139636,0.24131558238753237,0.24131558238753237
493,WT,tttttagttttatctttgagagatcca,6.0,aga,,,FLVLSLRDP,True,,,,0.0,,,,,,,,,,,,,,1.0,,0.021035101101876664,0.020966753039843543,0.021251889665447058,0.00018854139662039546,0.001660309153767746,0.0004892016880719583,,,,,,,R,synonymous,-1.0808685628330956,-0.5985364902337307,-0.8951175827499525,-0.008890136558432848,0.6260048406139636,0.24131558238753237,0.24131558238753237
494,WT,tttttagttttatctttgagagatcca,7.0,gat,,,FLVLSLRDP,True,,,,0.0,,,,,,,,,,,,,,1.0,,0.021035101101876664,0.020966753039843543,0.021251889665447058,0.00018854139662039546,0.001660309153767746,0.0004892016880719583,,,,,,,D,synonymous,-1.0808685628330956,-0.5985364902337307,-0.8951175827499525,-0.008890136558432848,0.6260048406139636,0.24131558238753237,0.24131558238753237
495,WT,tttttagttttatctttgagagatcca,8.0,cca,,,FLVLSLRDP,True,,,,0.0,,,,,,,,,,,,,,1.0,,0.021035101101876664,0.020966753039843543,0.021251889665447058,0.00018854139662039546,0.001660309153767746,0.0004892016880719583,,,,,,,P,synonymous,-1.0808685628330956,-0.5985364902337307,-0.8951175827499525,-0.008890136558432848,0.6260048406139636,0.24131558238753237,0.24131558238753237
