,seq_type,nt_seq,aa_pos,alt_codons,mutated_codon,combination,aa_seq,WT,STOP,STOP_readthrough,Nham_nt,Nham_aa,Nmut_codons,b1,b2,b3,input1,input2,input3,barcode_valid,indel,constant_region,permitted,too_many_substitutions,mixed_substitutions,confidence_score,Location,input1_abundance,input2_abundance,input3_abundance,b1_abundance,b2_abundance,b3_abundance
0,single,aagtgggtgagacgttatacattg,0.0,aag,1.0,,KWVRRYTL,,False,False,2.0,1.0,1.0,6.0,4.0,2.0,41.0,36.0,39.0,True,False,True,True,False,False,1.0,both,0.00015422346604074508,0.00016948514180256864,0.00018922577546178366,2.27124752055479e-05,1.3732491073880802e-05,7.580610314936456e-06
1,ortho,aatcaacaatttattattcaattg,0.0,aat,1.0,,NQQFIIQL,,False,False,16.0,7.0,7.0,78.0,120.0,67.0,1334.0,1091.0,1184.0,True,False,True,True,False,False,1.0,both,0.0050179049682525356,0.005136341380738955,0.00574470046530133,0.0002952621776721227,0.00041197473221642406,0.00025395044555037125
2,ortho,aatcaacaatttattattcaattg,1.0,caa,2.0,,NQQFIIQL,,False,False,16.0,7.0,7.0,78.0,120.0,67.0,1334.0,1091.0,1184.0,True,False,True,True,False,False,1.0,both,0.0050179049682525356,0.005136341380738955,0.00574470046530133,0.0002952621776721227,0.00041197473221642406,0.00025395044555037125
3,ortho,aatcaacaatttattattcaattg,2.0,caa,3.0,,NQQFIIQL,,False,False,16.0,7.0,7.0,78.0,120.0,67.0,1334.0,1091.0,1184.0,True,False,True,True,False,False,1.0,both,0.0050179049682525356,0.005136341380738955,0.00574470046530133,0.0002952621776721227,0.00041197473221642406,0.00025395044555037125
4,ortho,aatcaacaatttattattcaattg,3.0,ttt,4.0,,NQQFIIQL,,False,False,16.0,7.0,7.0,78.0,120.0,67.0,1334.0,1091.0,1184.0,True,False,True,True,False,False,1.0,both,0.0050179049682525356,0.005136341380738955,0.00574470046530133,0.0002952621776721227,0.00041197473221642406,0.00025395044555037125
5,ortho,aatcaacaatttattattcaattg,4.0,att,5.0,,NQQFIIQL,,False,False,16.0,7.0,7.0,78.0,120.0,67.0,1334.0,1091.0,1184.0,True,False,True,True,False,False,1.0,both,0.0050179049682525356,0.005136341380738955,0.00574470046530133,0.0002952621776721227,0.00041197473221642406,0.00025395044555037125
6,ortho,aatcaacaatttattattcaattg,5.0,att,6.0,,NQQFIIQL,,False,False,16.0,7.0,7.0,78.0,120.0,67.0,1334.0,1091.0,1184.0,True,False,True,True,False,False,1.0,both,0.0050179049682525356,0.005136341380738955,0.00574470046530133,0.0002952621776721227,0.00041197473221642406,0.00025395044555037125
7,ortho,aatcaacaatttattattcaattg,6.0,caa,7.0,,NQQFIIQL,,False,False,16.0,7.0,7.0,78.0,120.0,67.0,1334.0,1091.0,1184.0,True,False,True,True,False,False,1.0,both,0.0050179049682525356,0.005136341380738955,0.00574470046530133,0.0002952621776721227,0.00041197473221642406,0.00025395044555037125
8,single,aattgggtgagacgttatacattg,0.0,aat,1.0,,NWVRRYTL,,False,False,1.0,1.0,1.0,375.0,459.0,339.0,6968.0,5681.0,5436.0,True,False,True,True,False,False,1.0,both,0.02621046613102224,0.026745696960566456,0.02637516193359631,0.0014195297003467438,0.001575803350727822,0.0012849134483817293
9,ortho,aattgggttaatagatgtgttatt,0.0,aat,1.0,,NWVNRCVI,,False,False,12.0,5.0,7.0,60.0,53.0,64.0,1754.0,1256.0,1276.0,True,False,True,True,False,False,1.0,both,0.006597755108182119,0.005913148280667395,0.006191079217672717,0.000227124752055479,0.00018195550672892063,0.00024257953007796658
10,ortho,aattgggttaatagatgtgttatt,2.0,gtt,2.0,,NWVNRCVI,,False,False,12.0,5.0,7.0,60.0,53.0,64.0,1754.0,1256.0,1276.0,True,False,True,True,False,False,1.0,both,0.006597755108182119,0.005913148280667395,0.006191079217672717,0.000227124752055479,0.00018195550672892063,0.00024257953007796658
11,ortho,aattgggttaatagatgtgttatt,3.0,aat,3.0,,NWVNRCVI,,False,False,12.0,5.0,7.0,60.0,53.0,64.0,1754.0,1256.0,1276.0,True,False,True,True,False,False,1.0,both,0.006597755108182119,0.005913148280667395,0.006191079217672717,0.000227124752055479,0.00018195550672892063,0.00024257953007796658
12,ortho,aattgggttaatagatgtgttatt,4.0,aga,4.0,,NWVNRCVI,,False,False,12.0,5.0,7.0,60.0,53.0,64.0,1754.0,1256.0,1276.0,True,False,True,True,False,False,1.0,both,0.006597755108182119,0.005913148280667395,0.006191079217672717,0.000227124752055479,0.00018195550672892063,0.00024257953007796658
13,ortho,aattgggttaatagatgtgttatt,5.0,tgt,5.0,,NWVNRCVI,,False,False,12.0,5.0,7.0,60.0,53.0,64.0,1754.0,1256.0,1276.0,True,False,True,True,False,False,1.0,both,0.006597755108182119,0.005913148280667395,0.006191079217672717,0.000227124752055479,0.00018195550672892063,0.00024257953007796658
14,ortho,aattgggttaatagatgtgttatt,6.0,gtt,6.0,,NWVNRCVI,,False,False,12.0,5.0,7.0,60.0,53.0,64.0,1754.0,1256.0,1276.0,True,False,True,True,False,False,1.0,both,0.006597755108182119,0.005913148280667395,0.006191079217672717,0.000227124752055479,0.00018195550672892063,0.00024257953007796658
15,ortho,aattgggttaatagatgtgttatt,7.0,att,7.0,,NWVNRCVI,,False,False,12.0,5.0,7.0,60.0,53.0,64.0,1754.0,1256.0,1276.0,True,False,True,True,False,False,1.0,both,0.006597755108182119,0.005913148280667395,0.006191079217672717,0.000227124752055479,0.00018195550672892063,0.00024257953007796658
16,ortho,aattgggttcaaagatgtgttgtt,0.0,aat,1.0,,NWVQRCVV,,False,False,12.0,5.0,7.0,34.0,28.0,19.0,366.0,263.0,273.0,True,False,True,True,False,False,1.0,both,0.001376726550510066,0.0012381831192798765,0.0013245804282324856,0.00012870402616477143,9.612743751716561e-05,7.201579799189632e-05
17,ortho,aattgggttcaaagatgtgttgtt,2.0,gtt,2.0,,NWVQRCVV,,False,False,12.0,5.0,7.0,34.0,28.0,19.0,366.0,263.0,273.0,True,False,True,True,False,False,1.0,both,0.001376726550510066,0.0012381831192798765,0.0013245804282324856,0.00012870402616477143,9.612743751716561e-05,7.201579799189632e-05
18,ortho,aattgggttcaaagatgtgttgtt,3.0,caa,3.0,,NWVQRCVV,,False,False,12.0,5.0,7.0,34.0,28.0,19.0,366.0,263.0,273.0,True,False,True,True,False,False,1.0,both,0.001376726550510066,0.0012381831192798765,0.0013245804282324856,0.00012870402616477143,9.612743751716561e-05,7.201579799189632e-05
19,ortho,aattgggttcaaagatgtgttgtt,4.0,aga,4.0,,NWVQRCVV,,False,False,12.0,5.0,7.0,34.0,28.0,19.0,366.0,263.0,273.0,True,False,True,True,False,False,1.0,both,0.001376726550510066,0.0012381831192798765,0.0013245804282324856,0.00012870402616477143,9.612743751716561e-05,7.201579799189632e-05
20,ortho,aattgggttcaaagatgtgttgtt,5.0,tgt,5.0,,NWVQRCVV,,False,False,12.0,5.0,7.0,34.0,28.0,19.0,366.0,263.0,273.0,True,False,True,True,False,False,1.0,both,0.001376726550510066,0.0012381831192798765,0.0013245804282324856,0.00012870402616477143,9.612743751716561e-05,7.201579799189632e-05
21,ortho,aattgggttcaaagatgtgttgtt,6.0,gtt,6.0,,NWVQRCVV,,False,False,12.0,5.0,7.0,34.0,28.0,19.0,366.0,263.0,273.0,True,False,True,True,False,False,1.0,both,0.001376726550510066,0.0012381831192798765,0.0013245804282324856,0.00012870402616477143,9.612743751716561e-05,7.201579799189632e-05
22,ortho,aattgggttcaaagatgtgttgtt,7.0,gtt,7.0,,NWVQRCVV,,False,False,12.0,5.0,7.0,34.0,28.0,19.0,366.0,263.0,273.0,True,False,True,True,False,False,1.0,both,0.001376726550510066,0.0012381831192798765,0.0013245804282324856,0.00012870402616477143,9.612743751716561e-05,7.201579799189632e-05
23,ortho,aattgggttgaaagatgtattgtt,0.0,aat,1.0,,NWVERCIV,,False,False,11.0,5.0,7.0,2.0,3.0,3.0,71.0,30.0,45.0,True,False,True,True,False,False,1.0,both,0.00026706990460714395,0.0001412376181688072,0.000218337433225135,7.570825068515967e-06,1.0299368305410601e-05,1.1370915472404684e-05
24,ortho,aattgggttgaaagatgtattgtt,2.0,gtt,2.0,,NWVERCIV,,False,False,11.0,5.0,7.0,2.0,3.0,3.0,71.0,30.0,45.0,True,False,True,True,False,False,1.0,both,0.00026706990460714395,0.0001412376181688072,0.000218337433225135,7.570825068515967e-06,1.0299368305410601e-05,1.1370915472404684e-05
25,ortho,aattgggttgaaagatgtattgtt,3.0,gaa,3.0,,NWVERCIV,,False,False,11.0,5.0,7.0,2.0,3.0,3.0,71.0,30.0,45.0,True,False,True,True,False,False,1.0,both,0.00026706990460714395,0.0001412376181688072,0.000218337433225135,7.570825068515967e-06,1.0299368305410601e-05,1.1370915472404684e-05
26,ortho,aattgggttgaaagatgtattgtt,4.0,aga,4.0,,NWVERCIV,,False,False,11.0,5.0,7.0,2.0,3.0,3.0,71.0,30.0,45.0,True,False,True,True,False,False,1.0,both,0.00026706990460714395,0.0001412376181688072,0.000218337433225135,7.570825068515967e-06,1.0299368305410601e-05,1.1370915472404684e-05
27,ortho,aattgggttgaaagatgtattgtt,5.0,tgt,5.0,,NWVERCIV,,False,False,11.0,5.0,7.0,2.0,3.0,3.0,71.0,30.0,45.0,True,False,True,True,False,False,1.0,both,0.00026706990460714395,0.0001412376181688072,0.000218337433225135,7.570825068515967e-06,1.0299368305410601e-05,1.1370915472404684e-05
28,ortho,aattgggttgaaagatgtattgtt,6.0,att,6.0,,NWVERCIV,,False,False,11.0,5.0,7.0,2.0,3.0,3.0,71.0,30.0,45.0,True,False,True,True,False,False,1.0,both,0.00026706990460714395,0.0001412376181688072,0.000218337433225135,7.570825068515967e-06,1.0299368305410601e-05,1.1370915472404684e-05
29,ortho,aattgggttgaaagatgtattgtt,7.0,gtt,7.0,,NWVERCIV,,False,False,11.0,5.0,7.0,2.0,3.0,3.0,71.0,30.0,45.0,True,False,True,True,False,False,1.0,both,0.00026706990460714395,0.0001412376181688072,0.000218337433225135,7.570825068515967e-06,1.0299368305410601e-05,1.1370915472404684e-05
30,ortho,aattgggttgatagatgtgttatt,0.0,aat,1.0,,NWVDRCVI,,False,False,13.0,5.0,7.0,62.0,62.0,48.0,1725.0,1460.0,1370.0,True,False,True,True,False,False,1.0,both,0.0064886702175679335,0.006873564084215284,0.006647161855965221,0.00023469557712399498,0.00021285361164515243,0.00018193464755847494
31,ortho,aattgggttgatagatgtgttatt,2.0,gtt,2.0,,NWVDRCVI,,False,False,13.0,5.0,7.0,62.0,62.0,48.0,1725.0,1460.0,1370.0,True,False,True,True,False,False,1.0,both,0.0064886702175679335,0.006873564084215284,0.006647161855965221,0.00023469557712399498,0.00021285361164515243,0.00018193464755847494
32,ortho,aattgggttgatagatgtgttatt,3.0,gat,3.0,,NWVDRCVI,,False,False,13.0,5.0,7.0,62.0,62.0,48.0,1725.0,1460.0,1370.0,True,False,True,True,False,False,1.0,both,0.0064886702175679335,0.006873564084215284,0.006647161855965221,0.00023469557712399498,0.00021285361164515243,0.00018193464755847494
33,ortho,aattgggttgatagatgtgttatt,4.0,aga,4.0,,NWVDRCVI,,False,False,13.0,5.0,7.0,62.0,62.0,48.0,1725.0,1460.0,1370.0,True,False,True,True,False,False,1.0,both,0.0064886702175679335,0.006873564084215284,0.006647161855965221,0.00023469557712399498,0.00021285361164515243,0.00018193464755847494
34,ortho,aattgggttgatagatgtgttatt,5.0,tgt,5.0,,NWVDRCVI,,False,False,13.0,5.0,7.0,62.0,62.0,48.0,1725.0,1460.0,1370.0,True,False,True,True,False,False,1.0,both,0.0064886702175679335,0.006873564084215284,0.006647161855965221,0.00023469557712399498,0.00021285361164515243,0.00018193464755847494
35,ortho,aattgggttgatagatgtgttatt,6.0,gtt,6.0,,NWVDRCVI,,False,False,13.0,5.0,7.0,62.0,62.0,48.0,1725.0,1460.0,1370.0,True,False,True,True,False,False,1.0,both,0.0064886702175679335,0.006873564084215284,0.006647161855965221,0.00023469557712399498,0.00021285361164515243,0.00018193464755847494
36,ortho,aattgggttgatagatgtgttatt,7.0,att,7.0,,NWVDRCVI,,False,False,13.0,5.0,7.0,62.0,62.0,48.0,1725.0,1460.0,1370.0,True,False,True,True,False,False,1.0,both,0.0064886702175679335,0.006873564084215284,0.006647161855965221,0.00023469557712399498,0.00021285361164515243,0.00018193464755847494
37,ortho,aattgggtttatagatgtattatt,0.0,aat,1.0,,NWVYRCII,,False,False,12.0,5.0,7.0,90.0,76.0,81.0,2798.0,1936.0,1910.0,True,False,True,True,False,False,1.0,both,0.0105248111702928,0.009114534292493691,0.009267211054666841,0.0003406871280832185,0.00026091733040373524,0.00030701471775492644
38,ortho,aattgggtttatagatgtattatt,2.0,gtt,2.0,,NWVYRCII,,False,False,12.0,5.0,7.0,90.0,76.0,81.0,2798.0,1936.0,1910.0,True,False,True,True,False,False,1.0,both,0.0105248111702928,0.009114534292493691,0.009267211054666841,0.0003406871280832185,0.00026091733040373524,0.00030701471775492644
39,ortho,aattgggtttatagatgtattatt,3.0,tat,3.0,,NWVYRCII,,False,False,12.0,5.0,7.0,90.0,76.0,81.0,2798.0,1936.0,1910.0,True,False,True,True,False,False,1.0,both,0.0105248111702928,0.009114534292493691,0.009267211054666841,0.0003406871280832185,0.00026091733040373524,0.00030701471775492644
40,ortho,aattgggtttatagatgtattatt,4.0,aga,4.0,,NWVYRCII,,False,False,12.0,5.0,7.0,90.0,76.0,81.0,2798.0,1936.0,1910.0,True,False,True,True,False,False,1.0,both,0.0105248111702928,0.009114534292493691,0.009267211054666841,0.0003406871280832185,0.00026091733040373524,0.00030701471775492644
41,ortho,aattgggtttatagatgtattatt,5.0,tgt,5.0,,NWVYRCII,,False,False,12.0,5.0,7.0,90.0,76.0,81.0,2798.0,1936.0,1910.0,True,False,True,True,False,False,1.0,both,0.0105248111702928,0.009114534292493691,0.009267211054666841,0.0003406871280832185,0.00026091733040373524,0.00030701471775492644
42,ortho,aattgggtttatagatgtattatt,6.0,att,6.0,,NWVYRCII,,False,False,12.0,5.0,7.0,90.0,76.0,81.0,2798.0,1936.0,1910.0,True,False,True,True,False,False,1.0,both,0.0105248111702928,0.009114534292493691,0.009267211054666841,0.0003406871280832185,0.00026091733040373524,0.00030701471775492644
43,ortho,aattgggtttatagatgtattatt,7.0,att,7.0,,NWVYRCII,,False,False,12.0,5.0,7.0,90.0,76.0,81.0,2798.0,1936.0,1910.0,True,False,True,True,False,False,1.0,both,0.0105248111702928,0.009114534292493691,0.009267211054666841,0.0003406871280832185,0.00026091733040373524,0.00030701471775492644
44,ortho,aattgggtttatagatgtattttg,0.0,aat,1.0,,NWVYRCIL,,False,False,10.0,4.0,6.0,43.0,53.0,28.0,1028.0,748.0,783.0,True,False,True,True,False,False,1.0,both,0.003866871294875267,0.003521524613008926,0.003799071338117349,0.0001627727389730933,0.00018195550672892063,0.00010612854440911037
45,ortho,aattgggtttatagatgtattttg,2.0,gtt,2.0,,NWVYRCIL,,False,False,10.0,4.0,6.0,43.0,53.0,28.0,1028.0,748.0,783.0,True,False,True,True,False,False,1.0,both,0.003866871294875267,0.003521524613008926,0.003799071338117349,0.0001627727389730933,0.00018195550672892063,0.00010612854440911037
46,ortho,aattgggtttatagatgtattttg,3.0,tat,3.0,,NWVYRCIL,,False,False,10.0,4.0,6.0,43.0,53.0,28.0,1028.0,748.0,783.0,True,False,True,True,False,False,1.0,both,0.003866871294875267,0.003521524613008926,0.003799071338117349,0.0001627727389730933,0.00018195550672892063,0.00010612854440911037
47,ortho,aattgggtttatagatgtattttg,4.0,aga,4.0,,NWVYRCIL,,False,False,10.0,4.0,6.0,43.0,53.0,28.0,1028.0,748.0,783.0,True,False,True,True,False,False,1.0,both,0.003866871294875267,0.003521524613008926,0.003799071338117349,0.0001627727389730933,0.00018195550672892063,0.00010612854440911037
48,ortho,aattgggtttatagatgtattttg,5.0,tgt,5.0,,NWVYRCIL,,False,False,10.0,4.0,6.0,43.0,53.0,28.0,1028.0,748.0,783.0,True,False,True,True,False,False,1.0,both,0.003866871294875267,0.003521524613008926,0.003799071338117349,0.0001627727389730933,0.00018195550672892063,0.00010612854440911037
49,ortho,aattgggtttatagatgtattttg,6.0,att,6.0,,NWVYRCIL,,False,False,10.0,4.0,6.0,43.0,53.0,28.0,1028.0,748.0,783.0,True,False,True,True,False,False,1.0,both,0.003866871294875267,0.003521524613008926,0.003799071338117349,0.0001627727389730933,0.00018195550672892063,0.00010612854440911037
50,ortho,aattgggtttatagatgtgttatt,0.0,aat,1.0,,NWVYRCVI,,False,False,13.0,5.0,7.0,16.0,27.0,12.0,623.0,435.0,472.0,True,False,True,True,False,False,1.0,both,0.0023434443742288828,0.0020479454634477045,0.0022901170773836385,6.0566600548127736e-05,9.269431474869541e-05,4.5483661889618734e-05
51,ortho,aattgggtttatagatgtgttatt,2.0,gtt,2.0,,NWVYRCVI,,False,False,13.0,5.0,7.0,16.0,27.0,12.0,623.0,435.0,472.0,True,False,True,True,False,False,1.0,both,0.0023434443742288828,0.0020479454634477045,0.0022901170773836385,6.0566600548127736e-05,9.269431474869541e-05,4.5483661889618734e-05
52,ortho,aattgggtttatagatgtgttatt,3.0,tat,3.0,,NWVYRCVI,,False,False,13.0,5.0,7.0,16.0,27.0,12.0,623.0,435.0,472.0,True,False,True,True,False,False,1.0,both,0.0023434443742288828,0.0020479454634477045,0.0022901170773836385,6.0566600548127736e-05,9.269431474869541e-05,4.5483661889618734e-05
53,ortho,aattgggtttatagatgtgttatt,4.0,aga,4.0,,NWVYRCVI,,False,False,13.0,5.0,7.0,16.0,27.0,12.0,623.0,435.0,472.0,True,False,True,True,False,False,1.0,both,0.0023434443742288828,0.0020479454634477045,0.0022901170773836385,6.0566600548127736e-05,9.269431474869541e-05,4.5483661889618734e-05
54,ortho,aattgggtttatagatgtgttatt,5.0,tgt,5.0,,NWVYRCVI,,False,False,13.0,5.0,7.0,16.0,27.0,12.0,623.0,435.0,472.0,True,False,True,True,False,False,1.0,both,0.0023434443742288828,0.0020479454634477045,0.0022901170773836385,6.0566600548127736e-05,9.269431474869541e-05,4.5483661889618734e-05
55,ortho,aattgggtttatagatgtgttatt,6.0,gtt,6.0,,NWVYRCVI,,False,False,13.0,5.0,7.0,16.0,27.0,12.0,623.0,435.0,472.0,True,False,True,True,False,False,1.0,both,0.0023434443742288828,0.0020479454634477045,0.0022901170773836385,6.0566600548127736e-05,9.269431474869541e-05,4.5483661889618734e-05
56,ortho,aattgggtttatagatgtgttatt,7.0,att,7.0,,NWVYRCVI,,False,False,13.0,5.0,7.0,16.0,27.0,12.0,623.0,435.0,472.0,True,False,True,True,False,False,1.0,both,0.0023434443742288828,0.0020479454634477045,0.0022901170773836385,6.0566600548127736e-05,9.269431474869541e-05,4.5483661889618734e-05
57,ortho,aattgggtttatagatgtgttttg,0.0,aat,1.0,,NWVYRCVL,,False,False,11.0,4.0,6.0,215.0,186.0,155.0,3031.0,2209.0,2125.0,True,False,True,True,False,False,1.0,both,0.011401251843158497,0.010399796617829837,0.01031037879118693,0.0008138636948654664,0.0006385608349354573,0.0005874972994075753
58,ortho,aattgggtttatagatgtgttttg,2.0,gtt,2.0,,NWVYRCVL,,False,False,11.0,4.0,6.0,215.0,186.0,155.0,3031.0,2209.0,2125.0,True,False,True,True,False,False,1.0,both,0.011401251843158497,0.010399796617829837,0.01031037879118693,0.0008138636948654664,0.0006385608349354573,0.0005874972994075753
59,ortho,aattgggtttatagatgtgttttg,3.0,tat,3.0,,NWVYRCVL,,False,False,11.0,4.0,6.0,215.0,186.0,155.0,3031.0,2209.0,2125.0,True,False,True,True,False,False,1.0,both,0.011401251843158497,0.010399796617829837,0.01031037879118693,0.0008138636948654664,0.0006385608349354573,0.0005874972994075753
60,ortho,aattgggtttatagatgtgttttg,4.0,aga,4.0,,NWVYRCVL,,False,False,11.0,4.0,6.0,215.0,186.0,155.0,3031.0,2209.0,2125.0,True,False,True,True,False,False,1.0,both,0.011401251843158497,0.010399796617829837,0.01031037879118693,0.0008138636948654664,0.0006385608349354573,0.0005874972994075753
61,ortho,aattgggtttatagatgtgttttg,5.0,tgt,5.0,,NWVYRCVL,,False,False,11.0,4.0,6.0,215.0,186.0,155.0,3031.0,2209.0,2125.0,True,False,True,True,False,False,1.0,both,0.011401251843158497,0.010399796617829837,0.01031037879118693,0.0008138636948654664,0.0006385608349354573,0.0005874972994075753
62,ortho,aattgggtttatagatgtgttttg,6.0,gtt,6.0,,NWVYRCVL,,False,False,11.0,4.0,6.0,215.0,186.0,155.0,3031.0,2209.0,2125.0,True,False,True,True,False,False,1.0,both,0.011401251843158497,0.010399796617829837,0.01031037879118693,0.0008138636948654664,0.0006385608349354573,0.0005874972994075753
63,ortho,aattgggtttggagatgtgttatt,0.0,aat,1.0,,NWVWRCVI,,False,False,12.0,5.0,7.0,297.0,283.0,269.0,4911.0,3634.0,3638.0,True,False,True,True,False,False,1.0,both,0.018472961993319492,0.017108583480848177,0.017651368490512024,0.001124267522674621,0.0009715737434770668,0.0010195920873589533
64,ortho,aattgggtttggagatgtgttatt,2.0,gtt,2.0,,NWVWRCVI,,False,False,12.0,5.0,7.0,297.0,283.0,269.0,4911.0,3634.0,3638.0,True,False,True,True,False,False,1.0,both,0.018472961993319492,0.017108583480848177,0.017651368490512024,0.001124267522674621,0.0009715737434770668,0.0010195920873589533
65,ortho,aattgggtttggagatgtgttatt,3.0,tgg,3.0,,NWVWRCVI,,False,False,12.0,5.0,7.0,297.0,283.0,269.0,4911.0,3634.0,3638.0,True,False,True,True,False,False,1.0,both,0.018472961993319492,0.017108583480848177,0.017651368490512024,0.001124267522674621,0.0009715737434770668,0.0010195920873589533
66,ortho,aattgggtttggagatgtgttatt,4.0,aga,4.0,,NWVWRCVI,,False,False,12.0,5.0,7.0,297.0,283.0,269.0,4911.0,3634.0,3638.0,True,False,True,True,False,False,1.0,both,0.018472961993319492,0.017108583480848177,0.017651368490512024,0.001124267522674621,0.0009715737434770668,0.0010195920873589533
67,ortho,aattgggtttggagatgtgttatt,5.0,tgt,5.0,,NWVWRCVI,,False,False,12.0,5.0,7.0,297.0,283.0,269.0,4911.0,3634.0,3638.0,True,False,True,True,False,False,1.0,both,0.018472961993319492,0.017108583480848177,0.017651368490512024,0.001124267522674621,0.0009715737434770668,0.0010195920873589533
68,ortho,aattgggtttggagatgtgttatt,6.0,gtt,6.0,,NWVWRCVI,,False,False,12.0,5.0,7.0,297.0,283.0,269.0,4911.0,3634.0,3638.0,True,False,True,True,False,False,1.0,both,0.018472961993319492,0.017108583480848177,0.017651368490512024,0.001124267522674621,0.0009715737434770668,0.0010195920873589533
69,ortho,aattgggtttggagatgtgttatt,7.0,att,7.0,,NWVWRCVI,,False,False,12.0,5.0,7.0,297.0,283.0,269.0,4911.0,3634.0,3638.0,True,False,True,True,False,False,1.0,both,0.018472961993319492,0.017108583480848177,0.017651368490512024,0.001124267522674621,0.0009715737434770668,0.0010195920873589533
70,ortho,aattggttgaaaagagttgttatt,0.0,aat,1.0,,NWLKRVVI,,False,False,12.0,6.0,7.0,29.0,35.0,24.0,769.0,533.0,590.0,True,False,True,True,False,False,1.0,both,0.0028926303752520237,0.002509321682799141,0.002862646346729548,0.00010977696349348152,0.00012015929689645702,9.096732377923747e-05
71,ortho,aattggttgaaaagagttgttatt,2.0,ttg,2.0,,NWLKRVVI,,False,False,12.0,6.0,7.0,29.0,35.0,24.0,769.0,533.0,590.0,True,False,True,True,False,False,1.0,both,0.0028926303752520237,0.002509321682799141,0.002862646346729548,0.00010977696349348152,0.00012015929689645702,9.096732377923747e-05
72,ortho,aattggttgaaaagagttgttatt,3.0,aaa,3.0,,NWLKRVVI,,False,False,12.0,6.0,7.0,29.0,35.0,24.0,769.0,533.0,590.0,True,False,True,True,False,False,1.0,both,0.0028926303752520237,0.002509321682799141,0.002862646346729548,0.00010977696349348152,0.00012015929689645702,9.096732377923747e-05
73,ortho,aattggttgaaaagagttgttatt,4.0,aga,4.0,,NWLKRVVI,,False,False,12.0,6.0,7.0,29.0,35.0,24.0,769.0,533.0,590.0,True,False,True,True,False,False,1.0,both,0.0028926303752520237,0.002509321682799141,0.002862646346729548,0.00010977696349348152,0.00012015929689645702,9.096732377923747e-05
74,ortho,aattggttgaaaagagttgttatt,5.0,gtt,5.0,,NWLKRVVI,,False,False,12.0,6.0,7.0,29.0,35.0,24.0,769.0,533.0,590.0,True,False,True,True,False,False,1.0,both,0.0028926303752520237,0.002509321682799141,0.002862646346729548,0.00010977696349348152,0.00012015929689645702,9.096732377923747e-05
75,ortho,aattggttgaaaagagttgttatt,6.0,gtt,6.0,,NWLKRVVI,,False,False,12.0,6.0,7.0,29.0,35.0,24.0,769.0,533.0,590.0,True,False,True,True,False,False,1.0,both,0.0028926303752520237,0.002509321682799141,0.002862646346729548,0.00010977696349348152,0.00012015929689645702,9.096732377923747e-05
76,ortho,aattggttgaaaagagttgttatt,7.0,att,7.0,,NWLKRVVI,,False,False,12.0,6.0,7.0,29.0,35.0,24.0,769.0,533.0,590.0,True,False,True,True,False,False,1.0,both,0.0028926303752520237,0.002509321682799141,0.002862646346729548,0.00010977696349348152,0.00012015929689645702,9.096732377923747e-05
77,ortho,aattggttgaaaagatgtattatt,0.0,aat,1.0,,NWLKRCII,,False,False,10.0,6.0,7.0,36.0,38.0,42.0,1079.0,800.0,724.0,True,False,True,True,False,False,1.0,both,0.004058710240438145,0.003766336484501525,0.003512806703444394,0.0001362748512332874,0.00013045866520186762,0.00015919281661366555
78,ortho,aattggttgaaaagatgtattatt,2.0,ttg,2.0,,NWLKRCII,,False,False,10.0,6.0,7.0,36.0,38.0,42.0,1079.0,800.0,724.0,True,False,True,True,False,False,1.0,both,0.004058710240438145,0.003766336484501525,0.003512806703444394,0.0001362748512332874,0.00013045866520186762,0.00015919281661366555
79,ortho,aattggttgaaaagatgtattatt,3.0,aaa,3.0,,NWLKRCII,,False,False,10.0,6.0,7.0,36.0,38.0,42.0,1079.0,800.0,724.0,True,False,True,True,False,False,1.0,both,0.004058710240438145,0.003766336484501525,0.003512806703444394,0.0001362748512332874,0.00013045866520186762,0.00015919281661366555
80,ortho,aattggttgaaaagatgtattatt,4.0,aga,4.0,,NWLKRCII,,False,False,10.0,6.0,7.0,36.0,38.0,42.0,1079.0,800.0,724.0,True,False,True,True,False,False,1.0,both,0.004058710240438145,0.003766336484501525,0.003512806703444394,0.0001362748512332874,0.00013045866520186762,0.00015919281661366555
81,ortho,aattggttgaaaagatgtattatt,5.0,tgt,5.0,,NWLKRCII,,False,False,10.0,6.0,7.0,36.0,38.0,42.0,1079.0,800.0,724.0,True,False,True,True,False,False,1.0,both,0.004058710240438145,0.003766336484501525,0.003512806703444394,0.0001362748512332874,0.00013045866520186762,0.00015919281661366555
82,ortho,aattggttgaaaagatgtattatt,6.0,att,6.0,,NWLKRCII,,False,False,10.0,6.0,7.0,36.0,38.0,42.0,1079.0,800.0,724.0,True,False,True,True,False,False,1.0,both,0.004058710240438145,0.003766336484501525,0.003512806703444394,0.0001362748512332874,0.00013045866520186762,0.00015919281661366555
83,ortho,aattggttgaaaagatgtattatt,7.0,att,7.0,,NWLKRCII,,False,False,10.0,6.0,7.0,36.0,38.0,42.0,1079.0,800.0,724.0,True,False,True,True,False,False,1.0,both,0.004058710240438145,0.003766336484501525,0.003512806703444394,0.0001362748512332874,0.00013045866520186762,0.00015919281661366555
84,single,acgtgggtgagacgttatacattg,0.0,acg,1.0,,TWVRRYTL,,False,False,3.0,1.0,1.0,70.0,59.0,53.0,1099.0,896.0,875.0,True,False,True,True,False,False,1.0,both,0.004133941199482411,0.004218296862641709,0.004245450090488736,0.00026497887739805885,0.00020255424333974183,0.00020088617334581608
85,single,acttgggtgagacgttatacattg,0.0,act,1.0,,TWVRRYTL,,False,False,2.0,1.0,1.0,43.0,59.0,56.0,1081.0,927.0,885.0,True,False,True,True,False,False,1.0,both,0.004066233336342572,0.0043642424014161425,0.004293969520094322,0.0001627727389730933,0.00020255424333974183,0.00021225708881822075
86,ortho,agatggattaaaagatgtattatt,0.0,aga,1.0,,RWIKRCII,,False,False,13.0,6.0,7.0,103.0,105.0,67.0,2241.0,1642.0,1676.0,True,False,True,True,False,False,1.0,both,0.008429628960909994,0.0077304056344393805,0.00813185640189614,0.0003898974910285723,0.00036047789068937105,0.00025395044555037125
87,ortho,agatggattaaaagatgtattatt,2.0,att,2.0,,RWIKRCII,,False,False,13.0,6.0,7.0,103.0,105.0,67.0,2241.0,1642.0,1676.0,True,False,True,True,False,False,1.0,both,0.008429628960909994,0.0077304056344393805,0.00813185640189614,0.0003898974910285723,0.00036047789068937105,0.00025395044555037125
88,ortho,agatggattaaaagatgtattatt,3.0,aaa,3.0,,RWIKRCII,,False,False,13.0,6.0,7.0,103.0,105.0,67.0,2241.0,1642.0,1676.0,True,False,True,True,False,False,1.0,both,0.008429628960909994,0.0077304056344393805,0.00813185640189614,0.0003898974910285723,0.00036047789068937105,0.00025395044555037125
89,ortho,agatggattaaaagatgtattatt,4.0,aga,4.0,,RWIKRCII,,False,False,13.0,6.0,7.0,103.0,105.0,67.0,2241.0,1642.0,1676.0,True,False,True,True,False,False,1.0,both,0.008429628960909994,0.0077304056344393805,0.00813185640189614,0.0003898974910285723,0.00036047789068937105,0.00025395044555037125
90,ortho,agatggattaaaagatgtattatt,5.0,tgt,5.0,,RWIKRCII,,False,False,13.0,6.0,7.0,103.0,105.0,67.0,2241.0,1642.0,1676.0,True,False,True,True,False,False,1.0,both,0.008429628960909994,0.0077304056344393805,0.00813185640189614,0.0003898974910285723,0.00036047789068937105,0.00025395044555037125
91,ortho,agatggattaaaagatgtattatt,6.0,att,6.0,,RWIKRCII,,False,False,13.0,6.0,7.0,103.0,105.0,67.0,2241.0,1642.0,1676.0,True,False,True,True,False,False,1.0,both,0.008429628960909994,0.0077304056344393805,0.00813185640189614,0.0003898974910285723,0.00036047789068937105,0.00025395044555037125
92,ortho,agatggattaaaagatgtattatt,7.0,att,7.0,,RWIKRCII,,False,False,13.0,6.0,7.0,103.0,105.0,67.0,2241.0,1642.0,1676.0,True,False,True,True,False,False,1.0,both,0.008429628960909994,0.0077304056344393805,0.00813185640189614,0.0003898974910285723,0.00036047789068937105,0.00025395044555037125
93,single,aggtgggtgagacgttatacattg,0.0,agg,1.0,,RWVRRYTL,,False,False,3.0,1.0,1.0,49.0,54.0,23.0,1127.0,945.0,902.0,True,False,True,True,False,False,1.0,both,0.004239264542144384,0.004448984972317427,0.004376452550423817,0.00018548521417864118,0.00018538862949739083,8.717701862176924e-05
94,single,agttgggtgagacgttatacattg,0.0,agt,1.0,,SWVRRYTL,,False,False,2.0,1.0,1.0,1.0,1.0,1.0,1.0,4.0,2.0,True,False,True,True,False,False,3.0,both,3.761547952213295e-06,1.8831682422507626e-05,9.703885921117111e-06,3.7854125342579835e-06,3.4331227684702005e-06,3.790305157468228e-06
95,single,atgtgggtgagacgttatacattg,0.0,atg,1.0,,MWVRRYTL,,False,False,3.0,1.0,1.0,46.0,31.0,42.0,1010.0,945.0,825.0,True,False,True,True,False,False,1.0,both,0.0037991634317354277,0.004448984972317427,0.0040028529424608085,0.00017412897657586725,0.00010642680582257622,0.00015919281661366555
96,single,atttgggtgagacgttatacattg,0.0,att,1.0,,IWVRRYTL,,False,False,2.0,1.0,1.0,16.0,31.0,20.0,743.0,606.0,564.0,True,False,True,True,False,False,1.0,both,0.002794830128494478,0.0028529998870099054,0.0027364958297550254,6.0566600548127736e-05,0.00010642680582257622,7.580610314936455e-05
97,ortho,caatgggttcaaagatctattttt,0.0,caa,1.0,,QWVQRSIF,,False,False,11.0,5.0,7.0,10.0,22.0,11.0,181.0,137.0,152.0,True,False,True,True,False,False,1.0,both,0.0006808401793506064,0.0006449851229708862,0.0007374953300049005,3.7854125342579835e-05,7.552870090634441e-05,4.169335673215051e-05
98,ortho,caatgggttcaaagatctattttt,2.0,gtt,2.0,,QWVQRSIF,,False,False,11.0,5.0,7.0,10.0,22.0,11.0,181.0,137.0,152.0,True,False,True,True,False,False,1.0,both,0.0006808401793506064,0.0006449851229708862,0.0007374953300049005,3.7854125342579835e-05,7.552870090634441e-05,4.169335673215051e-05
99,ortho,caatgggttcaaagatctattttt,3.0,caa,3.0,,QWVQRSIF,,False,False,11.0,5.0,7.0,10.0,22.0,11.0,181.0,137.0,152.0,True,False,True,True,False,False,1.0,both,0.0006808401793506064,0.0006449851229708862,0.0007374953300049005,3.7854125342579835e-05,7.552870090634441e-05,4.169335673215051e-05
100,ortho,caatgggttcaaagatctattttt,4.0,aga,4.0,,QWVQRSIF,,False,False,11.0,5.0,7.0,10.0,22.0,11.0,181.0,137.0,152.0,True,False,True,True,False,False,1.0,both,0.0006808401793506064,0.0006449851229708862,0.0007374953300049005,3.7854125342579835e-05,7.552870090634441e-05,4.169335673215051e-05
101,ortho,caatgggttcaaagatctattttt,5.0,tct,5.0,,QWVQRSIF,,False,False,11.0,5.0,7.0,10.0,22.0,11.0,181.0,137.0,152.0,True,False,True,True,False,False,1.0,both,0.0006808401793506064,0.0006449851229708862,0.0007374953300049005,3.7854125342579835e-05,7.552870090634441e-05,4.169335673215051e-05
102,ortho,caatgggttcaaagatctattttt,6.0,att,6.0,,QWVQRSIF,,False,False,11.0,5.0,7.0,10.0,22.0,11.0,181.0,137.0,152.0,True,False,True,True,False,False,1.0,both,0.0006808401793506064,0.0006449851229708862,0.0007374953300049005,3.7854125342579835e-05,7.552870090634441e-05,4.169335673215051e-05
103,ortho,caatgggttcaaagatctattttt,7.0,ttt,7.0,,QWVQRSIF,,False,False,11.0,5.0,7.0,10.0,22.0,11.0,181.0,137.0,152.0,True,False,True,True,False,False,1.0,both,0.0006808401793506064,0.0006449851229708862,0.0007374953300049005,3.7854125342579835e-05,7.552870090634441e-05,4.169335673215051e-05
104,single,cagtgggtgagacgttatacattg,0.0,cag,1.0,,QWVRRYTL,,False,False,2.0,1.0,1.0,1.0,1.0,1.0,5.0,3.0,5.0,True,False,True,True,False,False,2.0,both,1.8807739761066475e-05,1.4123761816880721e-05,2.4259714802792778e-05,3.7854125342579835e-06,3.4331227684702005e-06,3.790305157468228e-06
105,ortho,cattgggttcaaagatgtattgtt,0.0,cat,1.0,,HWVQRCIV,,False,False,11.0,5.0,7.0,83.0,87.0,64.0,1838.0,1387.0,1500.0,True,False,True,True,False,False,1.0,both,0.006913725136168036,0.00652988588000452,0.007277914440837833,0.00031418924034341264,0.00029868168085690744,0.00024257953007796658
106,ortho,cattgggttcaaagatgtattgtt,2.0,gtt,2.0,,HWVQRCIV,,False,False,11.0,5.0,7.0,83.0,87.0,64.0,1838.0,1387.0,1500.0,True,False,True,True,False,False,1.0,both,0.006913725136168036,0.00652988588000452,0.007277914440837833,0.00031418924034341264,0.00029868168085690744,0.00024257953007796658
107,ortho,cattgggttcaaagatgtattgtt,3.0,caa,3.0,,HWVQRCIV,,False,False,11.0,5.0,7.0,83.0,87.0,64.0,1838.0,1387.0,1500.0,True,False,True,True,False,False,1.0,both,0.006913725136168036,0.00652988588000452,0.007277914440837833,0.00031418924034341264,0.00029868168085690744,0.00024257953007796658
108,ortho,cattgggttcaaagatgtattgtt,4.0,aga,4.0,,HWVQRCIV,,False,False,11.0,5.0,7.0,83.0,87.0,64.0,1838.0,1387.0,1500.0,True,False,True,True,False,False,1.0,both,0.006913725136168036,0.00652988588000452,0.007277914440837833,0.00031418924034341264,0.00029868168085690744,0.00024257953007796658
109,ortho,cattgggttcaaagatgtattgtt,5.0,tgt,5.0,,HWVQRCIV,,False,False,11.0,5.0,7.0,83.0,87.0,64.0,1838.0,1387.0,1500.0,True,False,True,True,False,False,1.0,both,0.006913725136168036,0.00652988588000452,0.007277914440837833,0.00031418924034341264,0.00029868168085690744,0.00024257953007796658
110,ortho,cattgggttcaaagatgtattgtt,6.0,att,6.0,,HWVQRCIV,,False,False,11.0,5.0,7.0,83.0,87.0,64.0,1838.0,1387.0,1500.0,True,False,True,True,False,False,1.0,both,0.006913725136168036,0.00652988588000452,0.007277914440837833,0.00031418924034341264,0.00029868168085690744,0.00024257953007796658
111,ortho,cattgggttcaaagatgtattgtt,7.0,gtt,7.0,,HWVQRCIV,,False,False,11.0,5.0,7.0,83.0,87.0,64.0,1838.0,1387.0,1500.0,True,False,True,True,False,False,1.0,both,0.006913725136168036,0.00652988588000452,0.007277914440837833,0.00031418924034341264,0.00029868168085690744,0.00024257953007796658
112,single,ccgtgggtgagacgttatacattg,0.0,ccg,1.0,,PWVRRYTL,,False,False,3.0,1.0,1.0,49.0,87.0,59.0,1966.0,1643.0,1636.0,True,False,True,True,False,False,1.0,both,0.0073952032740513375,0.007735113555045007,0.007937778683473798,0.00018548521417864118,0.00029868168085690744,0.00022362800429062544
113,single,ccttgggtgagacgttatacattg,0.0,cct,1.0,,PWVRRYTL,,False,False,2.0,1.0,1.0,1.0,1.0,1.0,3.0,4.0,3.0,True,False,True,True,False,False,3.0,both,1.1284643856639884e-05,1.8831682422507626e-05,1.4555828881675667e-05,3.7854125342579835e-06,3.4331227684702005e-06,3.790305157468228e-06
114,single,cgttgggtgagacgttatacattg,0.0,cgt,1.0,,RWVRRYTL,,False,False,2.0,1.0,1.0,13.0,19.0,17.0,555.0,507.0,418.0,True,False,True,True,False,False,1.0,both,0.0020876591134783786,0.0023869157470528418,0.002028112157513476,4.921036294535378e-05,6.522933260093381e-05,6.443518767695987e-05
115,single,ctgtgggtgagacgttatacattg,0.0,ctg,1.0,,LWVRRYTL,,False,False,3.0,1.0,1.0,23.0,37.0,32.0,726.0,684.0,638.0,True,False,True,True,False,False,1.0,both,0.002730883813306852,0.0032202176942488043,0.0030955396088363585,8.706448828793362e-05,0.00012702554243339742,0.00012128976503898329
116,single,ctttgggtgagacgttatacattg,0.0,ctt,1.0,,LWVRRYTL,,False,False,2.0,1.0,1.0,11.0,30.0,9.0,324.0,252.0,258.0,True,False,True,True,False,False,1.0,both,0.0012187415365171076,0.0011863959926179805,0.0012518012838241073,4.1639537876837815e-05,0.00010299368305410601,3.411274641721405e-05
117,ortho,gaatggattagaagatatactttg,0.0,gaa,1.0,,EWIRRYTL,,False,False,6.0,2.0,4.0,32.0,21.0,18.0,550.0,417.0,410.0,True,False,True,True,False,False,1.0,both,0.0020688513737173123,0.0019632028925464203,0.001989296613829008,0.00012113320109625547,7.209557813787421e-05,6.82254928344281e-05
118,ortho,gaatggattagaagatatactttg,2.0,att,2.0,,EWIRRYTL,,False,False,6.0,2.0,4.0,32.0,21.0,18.0,550.0,417.0,410.0,True,False,True,True,False,False,1.0,both,0.0020688513737173123,0.0019632028925464203,0.001989296613829008,0.00012113320109625547,7.209557813787421e-05,6.82254928344281e-05
119,ortho,gaatggattagaagatatactttg,4.0,aga,3.0,,EWIRRYTL,,False,False,6.0,2.0,4.0,32.0,21.0,18.0,550.0,417.0,410.0,True,False,True,True,False,False,1.0,both,0.0020688513737173123,0.0019632028925464203,0.001989296613829008,0.00012113320109625547,7.209557813787421e-05,6.82254928344281e-05
120,ortho,gaatggattagaagatatactttg,6.0,act,4.0,,EWIRRYTL,,False,False,6.0,2.0,4.0,32.0,21.0,18.0,550.0,417.0,410.0,True,False,True,True,False,False,1.0,both,0.0020688513737173123,0.0019632028925464203,0.001989296613829008,0.00012113320109625547,7.209557813787421e-05,6.82254928344281e-05
121,ortho,gaatggattcaaagatgtgttttg,0.0,gaa,1.0,,EWIQRCVL,,False,False,11.0,5.0,6.0,16.0,27.0,19.0,443.0,357.0,348.0,True,False,True,True,False,False,1.0,both,0.0016663657428304896,0.0016807276562088057,0.0016884761502743773,6.0566600548127736e-05,9.269431474869541e-05,7.201579799189632e-05
122,ortho,gaatggattcaaagatgtgttttg,2.0,att,2.0,,EWIQRCVL,,False,False,11.0,5.0,6.0,16.0,27.0,19.0,443.0,357.0,348.0,True,False,True,True,False,False,1.0,both,0.0016663657428304896,0.0016807276562088057,0.0016884761502743773,6.0566600548127736e-05,9.269431474869541e-05,7.201579799189632e-05
123,ortho,gaatggattcaaagatgtgttttg,3.0,caa,3.0,,EWIQRCVL,,False,False,11.0,5.0,6.0,16.0,27.0,19.0,443.0,357.0,348.0,True,False,True,True,False,False,1.0,both,0.0016663657428304896,0.0016807276562088057,0.0016884761502743773,6.0566600548127736e-05,9.269431474869541e-05,7.201579799189632e-05
124,ortho,gaatggattcaaagatgtgttttg,4.0,aga,4.0,,EWIQRCVL,,False,False,11.0,5.0,6.0,16.0,27.0,19.0,443.0,357.0,348.0,True,False,True,True,False,False,1.0,both,0.0016663657428304896,0.0016807276562088057,0.0016884761502743773,6.0566600548127736e-05,9.269431474869541e-05,7.201579799189632e-05
125,ortho,gaatggattcaaagatgtgttttg,5.0,tgt,5.0,,EWIQRCVL,,False,False,11.0,5.0,6.0,16.0,27.0,19.0,443.0,357.0,348.0,True,False,True,True,False,False,1.0,both,0.0016663657428304896,0.0016807276562088057,0.0016884761502743773,6.0566600548127736e-05,9.269431474869541e-05,7.201579799189632e-05
126,ortho,gaatggattcaaagatgtgttttg,6.0,gtt,6.0,,EWIQRCVL,,False,False,11.0,5.0,6.0,16.0,27.0,19.0,443.0,357.0,348.0,True,False,True,True,False,False,1.0,both,0.0016663657428304896,0.0016807276562088057,0.0016884761502743773,6.0566600548127736e-05,9.269431474869541e-05,7.201579799189632e-05
127,ortho,gaatgggttaaaagatgtattttg,0.0,gaa,1.0,,EWVKRCIL,,False,False,8.0,4.0,6.0,21.0,21.0,15.0,408.0,300.0,328.0,True,False,True,True,False,False,1.0,both,0.0015347115645030242,0.001412376181688072,0.0015914372910632063,7.949366321941765e-05,7.209557813787421e-05,5.685457736202342e-05
128,ortho,gaatgggttaaaagatgtattttg,2.0,gtt,2.0,,EWVKRCIL,,False,False,8.0,4.0,6.0,21.0,21.0,15.0,408.0,300.0,328.0,True,False,True,True,False,False,1.0,both,0.0015347115645030242,0.001412376181688072,0.0015914372910632063,7.949366321941765e-05,7.209557813787421e-05,5.685457736202342e-05
129,ortho,gaatgggttaaaagatgtattttg,3.0,aaa,3.0,,EWVKRCIL,,False,False,8.0,4.0,6.0,21.0,21.0,15.0,408.0,300.0,328.0,True,False,True,True,False,False,1.0,both,0.0015347115645030242,0.001412376181688072,0.0015914372910632063,7.949366321941765e-05,7.209557813787421e-05,5.685457736202342e-05
130,ortho,gaatgggttaaaagatgtattttg,4.0,aga,4.0,,EWVKRCIL,,False,False,8.0,4.0,6.0,21.0,21.0,15.0,408.0,300.0,328.0,True,False,True,True,False,False,1.0,both,0.0015347115645030242,0.001412376181688072,0.0015914372910632063,7.949366321941765e-05,7.209557813787421e-05,5.685457736202342e-05
131,ortho,gaatgggttaaaagatgtattttg,5.0,tgt,5.0,,EWVKRCIL,,False,False,8.0,4.0,6.0,21.0,21.0,15.0,408.0,300.0,328.0,True,False,True,True,False,False,1.0,both,0.0015347115645030242,0.001412376181688072,0.0015914372910632063,7.949366321941765e-05,7.209557813787421e-05,5.685457736202342e-05
132,ortho,gaatgggttaaaagatgtattttg,6.0,att,6.0,,EWVKRCIL,,False,False,8.0,4.0,6.0,21.0,21.0,15.0,408.0,300.0,328.0,True,False,True,True,False,False,1.0,both,0.0015347115645030242,0.001412376181688072,0.0015914372910632063,7.949366321941765e-05,7.209557813787421e-05,5.685457736202342e-05
133,ortho,gaatgggttcaaagatgtactgct,0.0,gaa,1.0,,EWVQRCTA,,False,False,11.0,4.0,7.0,5.0,3.0,5.0,67.0,52.0,63.0,True,False,True,True,False,False,1.0,both,0.00025202371279829075,0.00024481187149259917,0.000305672406515189,1.8927062671289918e-05,1.0299368305410601e-05,1.8951525787341138e-05
134,ortho,gaatgggttcaaagatgtactgct,2.0,gtt,2.0,,EWVQRCTA,,False,False,11.0,4.0,7.0,5.0,3.0,5.0,67.0,52.0,63.0,True,False,True,True,False,False,1.0,both,0.00025202371279829075,0.00024481187149259917,0.000305672406515189,1.8927062671289918e-05,1.0299368305410601e-05,1.8951525787341138e-05
135,ortho,gaatgggttcaaagatgtactgct,3.0,caa,3.0,,EWVQRCTA,,False,False,11.0,4.0,7.0,5.0,3.0,5.0,67.0,52.0,63.0,True,False,True,True,False,False,1.0,both,0.00025202371279829075,0.00024481187149259917,0.000305672406515189,1.8927062671289918e-05,1.0299368305410601e-05,1.8951525787341138e-05
136,ortho,gaatgggttcaaagatgtactgct,4.0,aga,4.0,,EWVQRCTA,,False,False,11.0,4.0,7.0,5.0,3.0,5.0,67.0,52.0,63.0,True,False,True,True,False,False,1.0,both,0.00025202371279829075,0.00024481187149259917,0.000305672406515189,1.8927062671289918e-05,1.0299368305410601e-05,1.8951525787341138e-05
137,ortho,gaatgggttcaaagatgtactgct,5.0,tgt,5.0,,EWVQRCTA,,False,False,11.0,4.0,7.0,5.0,3.0,5.0,67.0,52.0,63.0,True,False,True,True,False,False,1.0,both,0.00025202371279829075,0.00024481187149259917,0.000305672406515189,1.8927062671289918e-05,1.0299368305410601e-05,1.8951525787341138e-05
138,ortho,gaatgggttcaaagatgtactgct,6.0,act,6.0,,EWVQRCTA,,False,False,11.0,4.0,7.0,5.0,3.0,5.0,67.0,52.0,63.0,True,False,True,True,False,False,1.0,both,0.00025202371279829075,0.00024481187149259917,0.000305672406515189,1.8927062671289918e-05,1.0299368305410601e-05,1.8951525787341138e-05
139,ortho,gaatgggttcaaagatgtactgct,7.0,gct,7.0,,EWVQRCTA,,False,False,11.0,4.0,7.0,5.0,3.0,5.0,67.0,52.0,63.0,True,False,True,True,False,False,1.0,both,0.00025202371279829075,0.00024481187149259917,0.000305672406515189,1.8927062671289918e-05,1.0299368305410601e-05,1.8951525787341138e-05
140,ortho,gaatgggttcaaagatgtgttgtt,0.0,gaa,1.0,,EWVQRCVV,,False,False,12.0,5.0,7.0,19.0,13.0,17.0,592.0,438.0,417.0,True,False,True,True,False,False,1.0,both,0.0022268363877102704,0.0020620692252645853,0.0020232602145529178,7.192283815090169e-05,4.4630595990112606e-05,6.443518767695987e-05
141,ortho,gaatgggttcaaagatgtgttgtt,2.0,gtt,2.0,,EWVQRCVV,,False,False,12.0,5.0,7.0,19.0,13.0,17.0,592.0,438.0,417.0,True,False,True,True,False,False,1.0,both,0.0022268363877102704,0.0020620692252645853,0.0020232602145529178,7.192283815090169e-05,4.4630595990112606e-05,6.443518767695987e-05
142,ortho,gaatgggttcaaagatgtgttgtt,3.0,caa,3.0,,EWVQRCVV,,False,False,12.0,5.0,7.0,19.0,13.0,17.0,592.0,438.0,417.0,True,False,True,True,False,False,1.0,both,0.0022268363877102704,0.0020620692252645853,0.0020232602145529178,7.192283815090169e-05,4.4630595990112606e-05,6.443518767695987e-05
143,ortho,gaatgggttcaaagatgtgttgtt,4.0,aga,4.0,,EWVQRCVV,,False,False,12.0,5.0,7.0,19.0,13.0,17.0,592.0,438.0,417.0,True,False,True,True,False,False,1.0,both,0.0022268363877102704,0.0020620692252645853,0.0020232602145529178,7.192283815090169e-05,4.4630595990112606e-05,6.443518767695987e-05
144,ortho,gaatgggttcaaagatgtgttgtt,5.0,tgt,5.0,,EWVQRCVV,,False,False,12.0,5.0,7.0,19.0,13.0,17.0,592.0,438.0,417.0,True,False,True,True,False,False,1.0,both,0.0022268363877102704,0.0020620692252645853,0.0020232602145529178,7.192283815090169e-05,4.4630595990112606e-05,6.443518767695987e-05
145,ortho,gaatgggttcaaagatgtgttgtt,6.0,gtt,6.0,,EWVQRCVV,,False,False,12.0,5.0,7.0,19.0,13.0,17.0,592.0,438.0,417.0,True,False,True,True,False,False,1.0,both,0.0022268363877102704,0.0020620692252645853,0.0020232602145529178,7.192283815090169e-05,4.4630595990112606e-05,6.443518767695987e-05
146,ortho,gaatgggttcaaagatgtgttgtt,7.0,gtt,7.0,,EWVQRCVV,,False,False,12.0,5.0,7.0,19.0,13.0,17.0,592.0,438.0,417.0,True,False,True,True,False,False,1.0,both,0.0022268363877102704,0.0020620692252645853,0.0020232602145529178,7.192283815090169e-05,4.4630595990112606e-05,6.443518767695987e-05
147,ortho,gaatgggttgaaagatgtattgtt,0.0,gaa,1.0,,EWVERCIV,,False,False,11.0,5.0,7.0,33.0,33.0,20.0,875.0,564.0,572.0,True,False,True,True,False,False,1.0,both,0.003291354458186633,0.0026552672215735752,0.0027753113734394937,0.00012491861363051347,0.00011329305135951662,7.580610314936455e-05
148,ortho,gaatgggttgaaagatgtattgtt,2.0,gtt,2.0,,EWVERCIV,,False,False,11.0,5.0,7.0,33.0,33.0,20.0,875.0,564.0,572.0,True,False,True,True,False,False,1.0,both,0.003291354458186633,0.0026552672215735752,0.0027753113734394937,0.00012491861363051347,0.00011329305135951662,7.580610314936455e-05
149,ortho,gaatgggttgaaagatgtattgtt,3.0,gaa,3.0,,EWVERCIV,,False,False,11.0,5.0,7.0,33.0,33.0,20.0,875.0,564.0,572.0,True,False,True,True,False,False,1.0,both,0.003291354458186633,0.0026552672215735752,0.0027753113734394937,0.00012491861363051347,0.00011329305135951662,7.580610314936455e-05
150,ortho,gaatgggttgaaagatgtattgtt,4.0,aga,4.0,,EWVERCIV,,False,False,11.0,5.0,7.0,33.0,33.0,20.0,875.0,564.0,572.0,True,False,True,True,False,False,1.0,both,0.003291354458186633,0.0026552672215735752,0.0027753113734394937,0.00012491861363051347,0.00011329305135951662,7.580610314936455e-05
151,ortho,gaatgggttgaaagatgtattgtt,5.0,tgt,5.0,,EWVERCIV,,False,False,11.0,5.0,7.0,33.0,33.0,20.0,875.0,564.0,572.0,True,False,True,True,False,False,1.0,both,0.003291354458186633,0.0026552672215735752,0.0027753113734394937,0.00012491861363051347,0.00011329305135951662,7.580610314936455e-05
152,ortho,gaatgggttgaaagatgtattgtt,6.0,att,6.0,,EWVERCIV,,False,False,11.0,5.0,7.0,33.0,33.0,20.0,875.0,564.0,572.0,True,False,True,True,False,False,1.0,both,0.003291354458186633,0.0026552672215735752,0.0027753113734394937,0.00012491861363051347,0.00011329305135951662,7.580610314936455e-05
153,ortho,gaatgggttgaaagatgtattgtt,7.0,gtt,7.0,,EWVERCIV,,False,False,11.0,5.0,7.0,33.0,33.0,20.0,875.0,564.0,572.0,True,False,True,True,False,False,1.0,both,0.003291354458186633,0.0026552672215735752,0.0027753113734394937,0.00012491861363051347,0.00011329305135951662,7.580610314936455e-05
154,single,gataaggtgagacgttatacattg,1.0,aag,1.0,,DKVRRYTL,,False,False,2.0,1.0,1.0,27.0,43.0,47.0,863.0,737.0,755.0,True,False,True,True,False,False,1.0,both,0.0032462158827600736,0.0034697374863470304,0.0036632169352217095,0.00010220613842496556,0.00014762427904421862,0.0001781443424010067
155,single,gataatgtgagacgttatacattg,1.0,aat,1.0,,DNVRRYTL,,False,False,3.0,1.0,1.0,86.0,93.0,77.0,2125.0,1686.0,1623.0,True,False,True,True,False,False,1.0,both,0.007993289398453252,0.007937554141086964,0.007874703424986536,0.0003255454779461866,0.00031928041746772865,0.00029185349712505354
156,single,gatacggtgagacgttatacattg,1.0,acg,1.0,,DTVRRYTL,,False,False,2.0,1.0,1.0,37.0,27.0,43.0,206.0,177.0,197.0,True,False,True,True,False,False,1.0,both,0.0007748788781559387,0.0008333019471959624,0.0009558327632300355,0.0001400602637675454,9.269431474869541e-05,0.0001629831217711338
157,single,gatagggtgagacgttatacattg,1.0,agg,1.0,,DRVRRYTL,,False,False,1.0,1.0,1.0,105.0,154.0,111.0,2051.0,1843.0,1728.0,True,False,True,True,False,False,1.0,both,0.007714934849989467,0.00867669767617039,0.008384157435845184,0.0003974683160970883,0.0005287009063444109,0.0004207238724789733
158,single,gatagtgtgagacgttatacattg,1.0,agt,1.0,,DSVRRYTL,,False,False,2.0,1.0,1.0,52.0,67.0,50.0,720.0,552.0,550.0,True,False,True,True,False,False,1.0,both,0.0027083145255935724,0.0025987721743060523,0.002668568628307206,0.00019684145178141513,0.00023001922548750343,0.0001895152578734114
159,single,gatatggtgagacgttatacattg,1.0,atg,1.0,,DMVRRYTL,,False,False,2.0,1.0,1.0,143.0,90.0,96.0,2065.0,1752.0,1685.0,True,False,True,True,False,False,1.0,both,0.007767596521320454,0.008248276901058341,0.008175523888541167,0.0005413139923988917,0.00030898104916231804,0.0003638692951169499
160,single,gatcaggtgagacgttatacattg,1.0,cag,1.0,,DQVRRYTL,,False,False,2.0,1.0,1.0,1.0,1.0,2.0,3.0,2.0,4.0,True,False,True,True,False,False,3.0,both,1.1284643856639884e-05,9.415841211253813e-06,1.9407771842234222e-05,3.7854125342579835e-06,3.4331227684702005e-06,7.580610314936456e-06
161,single,gatcatgtgagacgttatacattg,1.0,cat,1.0,,DHVRRYTL,,False,False,3.0,1.0,1.0,14.0,6.0,7.0,11.0,7.0,6.0,True,False,True,True,False,False,2.0,both,4.1377027474346244e-05,3.295544423938835e-05,2.9111657763351334e-05,5.299577547961177e-05,2.0598736610821203e-05,2.6532136102277593e-05
162,single,gatccggtgagacgttatacattg,1.0,ccg,1.0,,DPVRRYTL,,False,False,2.0,1.0,1.0,199.0,247.0,172.0,4561.0,3967.0,3563.0,True,False,True,True,False,False,1.0,both,0.017156420210044838,0.01867632104252194,0.017287472768470133,0.0007532970943173387,0.0008479813238121396,0.0006519324870845352
163,single,gatcctgtgagacgttatacattg,1.0,cct,1.0,,DPVRRYTL,,False,False,3.0,1.0,1.0,1.0,4.0,2.0,2.0,2.0,4.0,True,False,True,True,False,False,3.0,both,7.52309590442659e-06,9.415841211253813e-06,1.9407771842234222e-05,3.7854125342579835e-06,1.3732491073880802e-05,7.580610314936456e-06
164,single,gatcgtgtgagacgttatacattg,1.0,cgt,1.0,,DRVRRYTL,,False,False,2.0,1.0,1.0,13797.0,14425.0,12915.0,652.0,535.0,476.0,True,False,True,True,False,False,1.0,both,0.002452529264843068,0.002518737524010395,0.0023095248492258726,0.0522273367351574,0.04952279593518264,0.04895179110870216
165,single,gatctggtgagacgttatacattg,1.0,ctg,1.0,,DLVRRYTL,,False,False,2.0,1.0,1.0,76.0,112.0,79.0,1309.0,1040.0,992.0,True,False,True,True,False,False,1.0,both,0.004923866269447203,0.004896237429851983,0.004813127416874087,0.00028769135260360676,0.00038450975006866246,0.00029943410743999
166,single,gatcttgtgagacgttatacattg,1.0,ctt,1.0,,DLVRRYTL,,False,False,3.0,1.0,1.0,67.0,58.0,28.0,741.0,562.0,567.0,True,False,True,True,False,False,1.0,both,0.0027873070325900515,0.0026458513803623218,0.002751051658636701,0.0002536226397952849,0.00019912112057127163,0.00010612854440911037
167,single,gatgcggtgagacgttatacattg,1.0,gcg,1.0,,DAVRRYTL,,False,False,2.0,1.0,1.0,42.0,53.0,30.0,907.0,809.0,802.0,True,False,True,True,False,False,1.0,both,0.0034117239926574586,0.0038087077699521677,0.0038912582543679615,0.0001589873264388353,0.00018195550672892063,0.00011370915472404684
168,single,gatggtgtgagacgttatacattg,1.0,ggt,1.0,,DGVRRYTL,,False,False,2.0,1.0,1.0,3.0,1.0,1.0,14.0,14.0,10.0,True,False,True,True,False,False,2.0,both,5.2661671330986125e-05,6.59108884787767e-05,4.8519429605585556e-05,1.135623760277395e-05,3.4331227684702005e-06,3.790305157468228e-06
169,single,gattatgtgagacgttatacattg,1.0,tat,1.0,,DYVRRYTL,,False,False,2.0,1.0,1.0,4.0,3.0,11.0,55.0,62.0,37.0,True,False,True,True,False,False,1.0,both,0.00020688513737173123,0.0002918910775488682,0.00017952188954066655,1.5141650137031934e-05,1.0299368305410601e-05,4.169335673215051e-05
170,single,gattcggtgagacgttatacattg,1.0,tcg,1.0,,DSVRRYTL,,False,False,1.0,1.0,1.0,23.0,42.0,27.0,712.0,596.0,575.0,True,False,True,True,False,False,1.0,both,0.002678222141975866,0.0028059206809536363,0.0027898672023211695,8.706448828793362e-05,0.00014419115627574842,0.00010233823925164215
171,single,gattctgtgagacgttatacattg,1.0,tct,1.0,,DSVRRYTL,,False,False,2.0,1.0,1.0,6.0,26.0,14.0,348.0,291.0,235.0,True,False,True,True,False,False,1.0,both,0.0013090186873702266,0.00137000489623743,0.0011402065957312605,2.27124752055479e-05,8.926119198022521e-05,5.306427220455519e-05
172,single,gattggaagagacgttatacattg,2.0,aag,1.0,,DWKRRYTL,,False,False,2.0,1.0,1.0,26.0,20.0,14.0,888.0,646.0,739.0,True,False,True,True,False,False,1.0,both,0.0033402545815654056,0.0030413167112349816,0.0035855858478527724,9.842072589070756e-05,6.866245536940401e-05,5.306427220455519e-05
173,single,gattggaatagacgttatacattg,2.0,aat,1.0,,DWNRRYTL,,False,False,3.0,1.0,1.0,6.0,8.0,6.0,227.0,223.0,173.0,True,False,True,True,False,False,1.0,both,0.000853871385152418,0.0010498662950548002,0.0008393861321766301,2.27124752055479e-05,2.7464982147761604e-05,2.2741830944809367e-05
174,single,gattggacgagacgttatacattg,2.0,acg,1.0,,DWTRRYTL,,False,False,2.0,1.0,1.0,17.0,28.0,39.0,601.0,505.0,470.0,True,False,True,True,False,False,1.0,both,0.00226069031928019,0.002377499905841588,0.002280413191462521,6.435201308238572e-05,9.612743751716561e-05,0.0001478219011412609
175,single,gattggaggagacgttatacattg,2.0,agg,1.0,,DWRRRYTL,,False,False,2.0,1.0,1.0,2.0,4.0,2.0,40.0,20.0,21.0,True,False,True,True,False,False,1.0,both,0.0001504619180885318,9.415841211253813e-05,0.00010189080217172966,7.570825068515967e-06,1.3732491073880802e-05,7.580610314936456e-06
176,single,gattggagtagacgttatacattg,2.0,agt,1.0,,DWSRRYTL,,False,False,3.0,1.0,1.0,28.0,52.0,26.0,1468.0,1167.0,1008.0,True,False,True,True,False,False,1.0,both,0.005521952393849117,0.0054941433467666,0.004890758504243024,0.00010599155095922354,0.00017852238396045043,9.854793409417392e-05
177,single,gattggatgagacgttatacattg,2.0,atg,1.0,,DWMRRYTL,,False,False,1.0,1.0,1.0,71.0,70.0,64.0,2120.0,1690.0,1676.0,True,False,True,True,False,False,1.0,both,0.007974481658692184,0.007956385823509472,0.00813185640189614,0.0002687642899323168,0.00024031859379291403,0.00024257953007796658
178,ortho,gattggatgtggagatgtgttatt,2.0,atg,1.0,,DWMWRCVI,,False,False,11.0,5.0,6.0,14.0,13.0,19.0,551.0,388.0,370.0,True,False,True,True,False,False,1.0,both,0.0020726129216695256,0.0018266731949832399,0.0017952188954066656,5.299577547961177e-05,4.4630595990112606e-05,7.201579799189632e-05
179,ortho,gattggatgtggagatgtgttatt,3.0,tgg,2.0,,DWMWRCVI,,False,False,11.0,5.0,6.0,14.0,13.0,19.0,551.0,388.0,370.0,True,False,True,True,False,False,1.0,both,0.0020726129216695256,0.0018266731949832399,0.0017952188954066656,5.299577547961177e-05,4.4630595990112606e-05,7.201579799189632e-05
180,ortho,gattggatgtggagatgtgttatt,4.0,aga,3.0,,DWMWRCVI,,False,False,11.0,5.0,6.0,14.0,13.0,19.0,551.0,388.0,370.0,True,False,True,True,False,False,1.0,both,0.0020726129216695256,0.0018266731949832399,0.0017952188954066656,5.299577547961177e-05,4.4630595990112606e-05,7.201579799189632e-05
181,ortho,gattggatgtggagatgtgttatt,5.0,tgt,4.0,,DWMWRCVI,,False,False,11.0,5.0,6.0,14.0,13.0,19.0,551.0,388.0,370.0,True,False,True,True,False,False,1.0,both,0.0020726129216695256,0.0018266731949832399,0.0017952188954066656,5.299577547961177e-05,4.4630595990112606e-05,7.201579799189632e-05
182,ortho,gattggatgtggagatgtgttatt,6.0,gtt,5.0,,DWMWRCVI,,False,False,11.0,5.0,6.0,14.0,13.0,19.0,551.0,388.0,370.0,True,False,True,True,False,False,1.0,both,0.0020726129216695256,0.0018266731949832399,0.0017952188954066656,5.299577547961177e-05,4.4630595990112606e-05,7.201579799189632e-05
183,ortho,gattggatgtggagatgtgttatt,7.0,att,6.0,,DWMWRCVI,,False,False,11.0,5.0,6.0,14.0,13.0,19.0,551.0,388.0,370.0,True,False,True,True,False,False,1.0,both,0.0020726129216695256,0.0018266731949832399,0.0017952188954066656,5.299577547961177e-05,4.4630595990112606e-05,7.201579799189632e-05
184,ortho,gattggattaaaagatgtattatg,2.0,att,1.0,,DWIKRCIM,,False,False,9.0,5.0,6.0,149.0,144.0,163.0,1487.0,1101.0,1104.0,True,False,True,True,False,False,1.0,both,0.00559342180494117,0.005183420586795225,0.005356545028456646,0.0005640264676044396,0.0004943696786597089,0.0006178197406673211
185,ortho,gattggattaaaagatgtattatg,3.0,aaa,2.0,,DWIKRCIM,,False,False,9.0,5.0,6.0,149.0,144.0,163.0,1487.0,1101.0,1104.0,True,False,True,True,False,False,1.0,both,0.00559342180494117,0.005183420586795225,0.005356545028456646,0.0005640264676044396,0.0004943696786597089,0.0006178197406673211
186,ortho,gattggattaaaagatgtattatg,4.0,aga,3.0,,DWIKRCIM,,False,False,9.0,5.0,6.0,149.0,144.0,163.0,1487.0,1101.0,1104.0,True,False,True,True,False,False,1.0,both,0.00559342180494117,0.005183420586795225,0.005356545028456646,0.0005640264676044396,0.0004943696786597089,0.0006178197406673211
187,ortho,gattggattaaaagatgtattatg,5.0,tgt,4.0,,DWIKRCIM,,False,False,9.0,5.0,6.0,149.0,144.0,163.0,1487.0,1101.0,1104.0,True,False,True,True,False,False,1.0,both,0.00559342180494117,0.005183420586795225,0.005356545028456646,0.0005640264676044396,0.0004943696786597089,0.0006178197406673211
188,ortho,gattggattaaaagatgtattatg,6.0,att,5.0,,DWIKRCIM,,False,False,9.0,5.0,6.0,149.0,144.0,163.0,1487.0,1101.0,1104.0,True,False,True,True,False,False,1.0,both,0.00559342180494117,0.005183420586795225,0.005356545028456646,0.0005640264676044396,0.0004943696786597089,0.0006178197406673211
189,ortho,gattggattaaaagatgtattatg,7.0,atg,6.0,,DWIKRCIM,,False,False,9.0,5.0,6.0,149.0,144.0,163.0,1487.0,1101.0,1104.0,True,False,True,True,False,False,1.0,both,0.00559342180494117,0.005183420586795225,0.005356545028456646,0.0005640264676044396,0.0004943696786597089,0.0006178197406673211
190,ortho,gattggattaaaagatgtgttatt,2.0,att,1.0,,DWIKRCVI,,False,False,11.0,5.0,6.0,33.0,48.0,36.0,995.0,782.0,837.0,True,False,True,True,False,False,1.0,both,0.003742740212452228,0.003681593913600241,0.004061076257987511,0.00012491861363051347,0.00016478989288656962,0.0001364509856688562
191,ortho,gattggattaaaagatgtgttatt,3.0,aaa,2.0,,DWIKRCVI,,False,False,11.0,5.0,6.0,33.0,48.0,36.0,995.0,782.0,837.0,True,False,True,True,False,False,1.0,both,0.003742740212452228,0.003681593913600241,0.004061076257987511,0.00012491861363051347,0.00016478989288656962,0.0001364509856688562
192,ortho,gattggattaaaagatgtgttatt,4.0,aga,3.0,,DWIKRCVI,,False,False,11.0,5.0,6.0,33.0,48.0,36.0,995.0,782.0,837.0,True,False,True,True,False,False,1.0,both,0.003742740212452228,0.003681593913600241,0.004061076257987511,0.00012491861363051347,0.00016478989288656962,0.0001364509856688562
193,ortho,gattggattaaaagatgtgttatt,5.0,tgt,4.0,,DWIKRCVI,,False,False,11.0,5.0,6.0,33.0,48.0,36.0,995.0,782.0,837.0,True,False,True,True,False,False,1.0,both,0.003742740212452228,0.003681593913600241,0.004061076257987511,0.00012491861363051347,0.00016478989288656962,0.0001364509856688562
194,ortho,gattggattaaaagatgtgttatt,6.0,gtt,5.0,,DWIKRCVI,,False,False,11.0,5.0,6.0,33.0,48.0,36.0,995.0,782.0,837.0,True,False,True,True,False,False,1.0,both,0.003742740212452228,0.003681593913600241,0.004061076257987511,0.00012491861363051347,0.00016478989288656962,0.0001364509856688562
195,ortho,gattggattaaaagatgtgttatt,7.0,att,6.0,,DWIKRCVI,,False,False,11.0,5.0,6.0,33.0,48.0,36.0,995.0,782.0,837.0,True,False,True,True,False,False,1.0,both,0.003742740212452228,0.003681593913600241,0.004061076257987511,0.00012491861363051347,0.00016478989288656962,0.0001364509856688562
196,ortho,gattggattagaagatgtattgtt,2.0,att,1.0,,DWIRRCIV,,False,False,9.0,4.0,5.0,6.0,11.0,12.0,321.0,302.0,251.0,True,False,True,True,False,False,1.0,both,0.0012074568926604677,0.0014217920228993257,0.0012178376831001975,2.27124752055479e-05,3.7764350453172205e-05,4.5483661889618734e-05
197,ortho,gattggattagaagatgtattgtt,4.0,aga,2.0,,DWIRRCIV,,False,False,9.0,4.0,5.0,6.0,11.0,12.0,321.0,302.0,251.0,True,False,True,True,False,False,1.0,both,0.0012074568926604677,0.0014217920228993257,0.0012178376831001975,2.27124752055479e-05,3.7764350453172205e-05,4.5483661889618734e-05
198,ortho,gattggattagaagatgtattgtt,5.0,tgt,3.0,,DWIRRCIV,,False,False,9.0,4.0,5.0,6.0,11.0,12.0,321.0,302.0,251.0,True,False,True,True,False,False,1.0,both,0.0012074568926604677,0.0014217920228993257,0.0012178376831001975,2.27124752055479e-05,3.7764350453172205e-05,4.5483661889618734e-05
199,ortho,gattggattagaagatgtattgtt,6.0,att,4.0,,DWIRRCIV,,False,False,9.0,4.0,5.0,6.0,11.0,12.0,321.0,302.0,251.0,True,False,True,True,False,False,1.0,both,0.0012074568926604677,0.0014217920228993257,0.0012178376831001975,2.27124752055479e-05,3.7764350453172205e-05,4.5483661889618734e-05
200,ortho,gattggattagaagatgtattgtt,7.0,gtt,5.0,,DWIRRCIV,,False,False,9.0,4.0,5.0,6.0,11.0,12.0,321.0,302.0,251.0,True,False,True,True,False,False,1.0,both,0.0012074568926604677,0.0014217920228993257,0.0012178376831001975,2.27124752055479e-05,3.7764350453172205e-05,4.5483661889618734e-05
201,ortho,gattggattagaagatgtgttttg,2.0,att,1.0,,DWIRRCVL,,False,False,8.0,3.0,4.0,30.0,30.0,45.0,813.0,607.0,699.0,True,False,True,True,False,False,1.0,both,0.0030581384851494087,0.0028577078076155323,0.0033915081294304305,0.0001135623760277395,0.00010299368305410601,0.00017056373208607025
202,ortho,gattggattagaagatgtgttttg,4.0,aga,2.0,,DWIRRCVL,,False,False,8.0,3.0,4.0,30.0,30.0,45.0,813.0,607.0,699.0,True,False,True,True,False,False,1.0,both,0.0030581384851494087,0.0028577078076155323,0.0033915081294304305,0.0001135623760277395,0.00010299368305410601,0.00017056373208607025
203,ortho,gattggattagaagatgtgttttg,5.0,tgt,3.0,,DWIRRCVL,,False,False,8.0,3.0,4.0,30.0,30.0,45.0,813.0,607.0,699.0,True,False,True,True,False,False,1.0,both,0.0030581384851494087,0.0028577078076155323,0.0033915081294304305,0.0001135623760277395,0.00010299368305410601,0.00017056373208607025
204,ortho,gattggattagaagatgtgttttg,6.0,gtt,4.0,,DWIRRCVL,,False,False,8.0,3.0,4.0,30.0,30.0,45.0,813.0,607.0,699.0,True,False,True,True,False,False,1.0,both,0.0030581384851494087,0.0028577078076155323,0.0033915081294304305,0.0001135623760277395,0.00010299368305410601,0.00017056373208607025
205,single,gattggattagacgttatacattg,2.0,att,1.0,,DWIRRYTL,,False,False,2.0,1.0,1.0,14.0,34.0,24.0,495.0,366.0,398.0,True,False,True,True,False,False,1.0,both,0.001861966236345581,0.0017230989416594478,0.0019310732983023051,5.299577547961177e-05,0.00011672617412798682,9.096732377923747e-05
206,ortho,gattggattcaaagatgtgttttt,2.0,att,1.0,,DWIQRCVF,,False,False,11.0,5.0,6.0,1066.0,1293.0,1061.0,287.0,207.0,168.0,True,False,True,True,False,False,1.0,both,0.0010795642622852156,0.0009745395653647697,0.0008151264173738373,0.0040352497615190105,0.004439027739631969,0.0040215137720737894
207,ortho,gattggattcaaagatgtgttttt,3.0,caa,2.0,,DWIQRCVF,,False,False,11.0,5.0,6.0,1066.0,1293.0,1061.0,287.0,207.0,168.0,True,False,True,True,False,False,1.0,both,0.0010795642622852156,0.0009745395653647697,0.0008151264173738373,0.0040352497615190105,0.004439027739631969,0.0040215137720737894
208,ortho,gattggattcaaagatgtgttttt,4.0,aga,3.0,,DWIQRCVF,,False,False,11.0,5.0,6.0,1066.0,1293.0,1061.0,287.0,207.0,168.0,True,False,True,True,False,False,1.0,both,0.0010795642622852156,0.0009745395653647697,0.0008151264173738373,0.0040352497615190105,0.004439027739631969,0.0040215137720737894
209,ortho,gattggattcaaagatgtgttttt,5.0,tgt,4.0,,DWIQRCVF,,False,False,11.0,5.0,6.0,1066.0,1293.0,1061.0,287.0,207.0,168.0,True,False,True,True,False,False,1.0,both,0.0010795642622852156,0.0009745395653647697,0.0008151264173738373,0.0040352497615190105,0.004439027739631969,0.0040215137720737894
210,ortho,gattggattcaaagatgtgttttt,6.0,gtt,5.0,,DWIQRCVF,,False,False,11.0,5.0,6.0,1066.0,1293.0,1061.0,287.0,207.0,168.0,True,False,True,True,False,False,1.0,both,0.0010795642622852156,0.0009745395653647697,0.0008151264173738373,0.0040352497615190105,0.004439027739631969,0.0040215137720737894
211,ortho,gattggattcaaagatgtgttttt,7.0,ttt,6.0,,DWIQRCVF,,False,False,11.0,5.0,6.0,1066.0,1293.0,1061.0,287.0,207.0,168.0,True,False,True,True,False,False,1.0,both,0.0010795642622852156,0.0009745395653647697,0.0008151264173738373,0.0040352497615190105,0.004439027739631969,0.0040215137720737894
212,ortho,gattggattgaaagatgttgtgtt,2.0,att,1.0,,DWIERCCV,,False,False,12.0,5.0,6.0,1.0,1.0,1.0,7.0,1.0,1.0,True,False,True,True,False,False,2.0,both,2.6330835665493063e-05,4.707920605626906e-06,4.851942960558556e-06,3.7854125342579835e-06,3.4331227684702005e-06,3.790305157468228e-06
213,ortho,gattggattgaaagatgttgtgtt,3.0,gaa,2.0,,DWIERCCV,,False,False,12.0,5.0,6.0,1.0,1.0,1.0,7.0,1.0,1.0,True,False,True,True,False,False,2.0,both,2.6330835665493063e-05,4.707920605626906e-06,4.851942960558556e-06,3.7854125342579835e-06,3.4331227684702005e-06,3.790305157468228e-06
214,ortho,gattggattgaaagatgttgtgtt,4.0,aga,3.0,,DWIERCCV,,False,False,12.0,5.0,6.0,1.0,1.0,1.0,7.0,1.0,1.0,True,False,True,True,False,False,2.0,both,2.6330835665493063e-05,4.707920605626906e-06,4.851942960558556e-06,3.7854125342579835e-06,3.4331227684702005e-06,3.790305157468228e-06
215,ortho,gattggattgaaagatgttgtgtt,5.0,tgt,4.0,,DWIERCCV,,False,False,12.0,5.0,6.0,1.0,1.0,1.0,7.0,1.0,1.0,True,False,True,True,False,False,2.0,both,2.6330835665493063e-05,4.707920605626906e-06,4.851942960558556e-06,3.7854125342579835e-06,3.4331227684702005e-06,3.790305157468228e-06
216,ortho,gattggattgaaagatgttgtgtt,6.0,tgt,5.0,,DWIERCCV,,False,False,12.0,5.0,6.0,1.0,1.0,1.0,7.0,1.0,1.0,True,False,True,True,False,False,2.0,both,2.6330835665493063e-05,4.707920605626906e-06,4.851942960558556e-06,3.7854125342579835e-06,3.4331227684702005e-06,3.790305157468228e-06
217,ortho,gattggattgaaagatgttgtgtt,7.0,gtt,6.0,,DWIERCCV,,False,False,12.0,5.0,6.0,1.0,1.0,1.0,7.0,1.0,1.0,True,False,True,True,False,False,2.0,both,2.6330835665493063e-05,4.707920605626906e-06,4.851942960558556e-06,3.7854125342579835e-06,3.4331227684702005e-06,3.790305157468228e-06
218,ortho,gattggattgatagatgtattgct,2.0,att,1.0,,DWIDRCIA,,False,False,13.0,5.0,6.0,68.0,76.0,70.0,2055.0,1477.0,1527.0,True,False,True,True,False,False,1.0,both,0.007729981041798321,0.006953598734510941,0.007408916900772914,0.00025740805232954287,0.00026091733040373524,0.00026532136102277597
219,ortho,gattggattgatagatgtattgct,3.0,gat,2.0,,DWIDRCIA,,False,False,13.0,5.0,6.0,68.0,76.0,70.0,2055.0,1477.0,1527.0,True,False,True,True,False,False,1.0,both,0.007729981041798321,0.006953598734510941,0.007408916900772914,0.00025740805232954287,0.00026091733040373524,0.00026532136102277597
220,ortho,gattggattgatagatgtattgct,4.0,aga,3.0,,DWIDRCIA,,False,False,13.0,5.0,6.0,68.0,76.0,70.0,2055.0,1477.0,1527.0,True,False,True,True,False,False,1.0,both,0.007729981041798321,0.006953598734510941,0.007408916900772914,0.00025740805232954287,0.00026091733040373524,0.00026532136102277597
221,ortho,gattggattgatagatgtattgct,5.0,tgt,4.0,,DWIDRCIA,,False,False,13.0,5.0,6.0,68.0,76.0,70.0,2055.0,1477.0,1527.0,True,False,True,True,False,False,1.0,both,0.007729981041798321,0.006953598734510941,0.007408916900772914,0.00025740805232954287,0.00026091733040373524,0.00026532136102277597
222,ortho,gattggattgatagatgtattgct,6.0,att,5.0,,DWIDRCIA,,False,False,13.0,5.0,6.0,68.0,76.0,70.0,2055.0,1477.0,1527.0,True,False,True,True,False,False,1.0,both,0.007729981041798321,0.006953598734510941,0.007408916900772914,0.00025740805232954287,0.00026091733040373524,0.00026532136102277597
223,ortho,gattggattgatagatgtattgct,7.0,gct,6.0,,DWIDRCIA,,False,False,13.0,5.0,6.0,68.0,76.0,70.0,2055.0,1477.0,1527.0,True,False,True,True,False,False,1.0,both,0.007729981041798321,0.006953598734510941,0.007408916900772914,0.00025740805232954287,0.00026091733040373524,0.00026532136102277597
224,ortho,gattggatttatagatctattgtt,2.0,att,1.0,,DWIYRSIV,,False,False,12.0,5.0,6.0,12.0,15.0,23.0,531.0,395.0,350.0,True,False,True,True,False,False,1.0,both,0.0019973819626252593,0.001859628639222628,0.0016981800361954944,4.54249504110958e-05,5.149684152705301e-05,8.717701862176924e-05
225,ortho,gattggatttatagatctattgtt,3.0,tat,2.0,,DWIYRSIV,,False,False,12.0,5.0,6.0,12.0,15.0,23.0,531.0,395.0,350.0,True,False,True,True,False,False,1.0,both,0.0019973819626252593,0.001859628639222628,0.0016981800361954944,4.54249504110958e-05,5.149684152705301e-05,8.717701862176924e-05
226,ortho,gattggatttatagatctattgtt,4.0,aga,3.0,,DWIYRSIV,,False,False,12.0,5.0,6.0,12.0,15.0,23.0,531.0,395.0,350.0,True,False,True,True,False,False,1.0,both,0.0019973819626252593,0.001859628639222628,0.0016981800361954944,4.54249504110958e-05,5.149684152705301e-05,8.717701862176924e-05
227,ortho,gattggatttatagatctattgtt,5.0,tct,4.0,,DWIYRSIV,,False,False,12.0,5.0,6.0,12.0,15.0,23.0,531.0,395.0,350.0,True,False,True,True,False,False,1.0,both,0.0019973819626252593,0.001859628639222628,0.0016981800361954944,4.54249504110958e-05,5.149684152705301e-05,8.717701862176924e-05
228,ortho,gattggatttatagatctattgtt,6.0,att,5.0,,DWIYRSIV,,False,False,12.0,5.0,6.0,12.0,15.0,23.0,531.0,395.0,350.0,True,False,True,True,False,False,1.0,both,0.0019973819626252593,0.001859628639222628,0.0016981800361954944,4.54249504110958e-05,5.149684152705301e-05,8.717701862176924e-05
229,ortho,gattggatttatagatctattgtt,7.0,gtt,6.0,,DWIYRSIV,,False,False,12.0,5.0,6.0,12.0,15.0,23.0,531.0,395.0,350.0,True,False,True,True,False,False,1.0,both,0.0019973819626252593,0.001859628639222628,0.0016981800361954944,4.54249504110958e-05,5.149684152705301e-05,8.717701862176924e-05
230,ortho,gattggatttatagatctattttg,2.0,att,1.0,,DWIYRSIL,,False,False,10.0,4.0,5.0,13.0,6.0,8.0,258.0,220.0,171.0,True,False,True,True,False,False,1.0,both,0.0009704793716710301,0.0010357425332379194,0.000829682246255513,4.921036294535378e-05,2.0598736610821203e-05,3.0322441259745823e-05
231,ortho,gattggatttatagatctattttg,3.0,tat,2.0,,DWIYRSIL,,False,False,10.0,4.0,5.0,13.0,6.0,8.0,258.0,220.0,171.0,True,False,True,True,False,False,1.0,both,0.0009704793716710301,0.0010357425332379194,0.000829682246255513,4.921036294535378e-05,2.0598736610821203e-05,3.0322441259745823e-05
232,ortho,gattggatttatagatctattttg,4.0,aga,3.0,,DWIYRSIL,,False,False,10.0,4.0,5.0,13.0,6.0,8.0,258.0,220.0,171.0,True,False,True,True,False,False,1.0,both,0.0009704793716710301,0.0010357425332379194,0.000829682246255513,4.921036294535378e-05,2.0598736610821203e-05,3.0322441259745823e-05
233,ortho,gattggatttatagatctattttg,5.0,tct,4.0,,DWIYRSIL,,False,False,10.0,4.0,5.0,13.0,6.0,8.0,258.0,220.0,171.0,True,False,True,True,False,False,1.0,both,0.0009704793716710301,0.0010357425332379194,0.000829682246255513,4.921036294535378e-05,2.0598736610821203e-05,3.0322441259745823e-05
234,ortho,gattggatttatagatctattttg,6.0,att,5.0,,DWIYRSIL,,False,False,10.0,4.0,5.0,13.0,6.0,8.0,258.0,220.0,171.0,True,False,True,True,False,False,1.0,both,0.0009704793716710301,0.0010357425332379194,0.000829682246255513,4.921036294535378e-05,2.0598736610821203e-05,3.0322441259745823e-05
235,ortho,gattggatttatagatgtattgtt,2.0,att,1.0,,DWIYRCIV,,False,False,12.0,5.0,6.0,29.0,35.0,29.0,727.0,571.0,585.0,True,False,True,True,False,False,1.0,both,0.002734645361259065,0.002688222665812964,0.002838386631926755,0.00010977696349348152,0.00012015929689645702,0.0001099188495665786
236,ortho,gattggatttatagatgtattgtt,3.0,tat,2.0,,DWIYRCIV,,False,False,12.0,5.0,6.0,29.0,35.0,29.0,727.0,571.0,585.0,True,False,True,True,False,False,1.0,both,0.002734645361259065,0.002688222665812964,0.002838386631926755,0.00010977696349348152,0.00012015929689645702,0.0001099188495665786
237,ortho,gattggatttatagatgtattgtt,4.0,aga,3.0,,DWIYRCIV,,False,False,12.0,5.0,6.0,29.0,35.0,29.0,727.0,571.0,585.0,True,False,True,True,False,False,1.0,both,0.002734645361259065,0.002688222665812964,0.002838386631926755,0.00010977696349348152,0.00012015929689645702,0.0001099188495665786
238,ortho,gattggatttatagatgtattgtt,5.0,tgt,4.0,,DWIYRCIV,,False,False,12.0,5.0,6.0,29.0,35.0,29.0,727.0,571.0,585.0,True,False,True,True,False,False,1.0,both,0.002734645361259065,0.002688222665812964,0.002838386631926755,0.00010977696349348152,0.00012015929689645702,0.0001099188495665786
239,ortho,gattggatttatagatgtattgtt,6.0,att,5.0,,DWIYRCIV,,False,False,12.0,5.0,6.0,29.0,35.0,29.0,727.0,571.0,585.0,True,False,True,True,False,False,1.0,both,0.002734645361259065,0.002688222665812964,0.002838386631926755,0.00010977696349348152,0.00012015929689645702,0.0001099188495665786
240,ortho,gattggatttatagatgtattgtt,7.0,gtt,6.0,,DWIYRCIV,,False,False,12.0,5.0,6.0,29.0,35.0,29.0,727.0,571.0,585.0,True,False,True,True,False,False,1.0,both,0.002734645361259065,0.002688222665812964,0.002838386631926755,0.00010977696349348152,0.00012015929689645702,0.0001099188495665786
241,ortho,gattggatttatagatgtgttttg,2.0,att,1.0,,DWIYRCVL,,False,False,11.0,4.0,5.0,1.0,1.0,1.0,3.0,3.0,6.0,True,False,True,True,False,False,2.0,both,1.1284643856639884e-05,1.4123761816880721e-05,2.9111657763351334e-05,3.7854125342579835e-06,3.4331227684702005e-06,3.790305157468228e-06
242,ortho,gattggatttatagatgtgttttg,3.0,tat,2.0,,DWIYRCVL,,False,False,11.0,4.0,5.0,1.0,1.0,1.0,3.0,3.0,6.0,True,False,True,True,False,False,2.0,both,1.1284643856639884e-05,1.4123761816880721e-05,2.9111657763351334e-05,3.7854125342579835e-06,3.4331227684702005e-06,3.790305157468228e-06
243,ortho,gattggatttatagatgtgttttg,4.0,aga,3.0,,DWIYRCVL,,False,False,11.0,4.0,5.0,1.0,1.0,1.0,3.0,3.0,6.0,True,False,True,True,False,False,2.0,both,1.1284643856639884e-05,1.4123761816880721e-05,2.9111657763351334e-05,3.7854125342579835e-06,3.4331227684702005e-06,3.790305157468228e-06
244,ortho,gattggatttatagatgtgttttg,5.0,tgt,4.0,,DWIYRCVL,,False,False,11.0,4.0,5.0,1.0,1.0,1.0,3.0,3.0,6.0,True,False,True,True,False,False,2.0,both,1.1284643856639884e-05,1.4123761816880721e-05,2.9111657763351334e-05,3.7854125342579835e-06,3.4331227684702005e-06,3.790305157468228e-06
245,ortho,gattggatttatagatgtgttttg,6.0,gtt,5.0,,DWIYRCVL,,False,False,11.0,4.0,5.0,1.0,1.0,1.0,3.0,3.0,6.0,True,False,True,True,False,False,2.0,both,1.1284643856639884e-05,1.4123761816880721e-05,2.9111657763351334e-05,3.7854125342579835e-06,3.4331227684702005e-06,3.790305157468228e-06
246,single,gattggcagagacgttatacattg,2.0,cag,1.0,,DWQRRYTL,,False,False,2.0,1.0,1.0,44.0,19.0,56.0,848.0,698.0,683.0,True,False,True,True,False,False,1.0,both,0.003189792663476874,0.0032861285827275807,0.0033138770420614934,0.00016655815150735126,6.522933260093381e-05,0.00021225708881822075
247,single,gattggccgagacgttatacattg,2.0,ccg,1.0,,DWPRRYTL,,False,False,2.0,1.0,1.0,5471.0,5714.0,5295.0,602.0,506.0,479.0,True,False,True,True,False,False,1.0,both,0.0022644518672324033,0.002382207826447215,0.002324080678107548,0.02070999197492543,0.019616863499038725,0.020069665808794265
248,single,gattggcgtagacgttatacattg,2.0,cgt,1.0,,DWRRRYTL,,False,False,3.0,1.0,1.0,19.0,13.0,5.0,325.0,259.0,250.0,True,False,True,True,False,False,1.0,both,0.0012225030844693209,0.0012193514368573689,0.001212985740139639,7.192283815090169e-05,4.4630595990112606e-05,1.8951525787341138e-05
249,single,gattggcttagacgttatacattg,2.0,ctt,1.0,,DWLRRYTL,,False,False,2.0,1.0,1.0,1.0,1.0,1.0,1.0,5.0,5.0,True,False,True,True,False,False,2.0,both,3.761547952213295e-06,2.3539603028134534e-05,2.4259714802792778e-05,3.7854125342579835e-06,3.4331227684702005e-06,3.790305157468228e-06
250,single,gattggggtagacgttatacattg,2.0,ggt,1.0,,DWGRRYTL,,False,False,2.0,1.0,1.0,10.0,6.0,6.0,196.0,172.0,147.0,True,False,True,True,False,False,1.0,both,0.0007372633986338058,0.0008097623441678279,0.0007132356152021077,3.7854125342579835e-05,2.0598736610821203e-05,2.2741830944809367e-05
251,single,gattgggtgaagcgttatacattg,3.0,aag,1.0,,DWVKRYTL,,False,False,2.0,1.0,1.0,143.0,134.0,140.0,2597.0,2030.0,2007.0,True,False,True,True,False,False,1.0,both,0.009768740031897927,0.009557078829422621,0.009737849521841022,0.0005413139923988917,0.00046003845097500687,0.0005306427220455519
252,single,gattgggtgaatcgttatacattg,3.0,aat,1.0,,DWVNRYTL,,False,False,2.0,1.0,1.0,1.0,1.0,1.0,5.0,3.0,1.0,True,False,True,True,False,False,2.0,both,1.8807739761066475e-05,1.4123761816880721e-05,4.851942960558556e-06,3.7854125342579835e-06,3.4331227684702005e-06,3.790305157468228e-06
253,single,gattgggtgacgcgttatacattg,3.0,acg,1.0,,DWVTRYTL,,False,False,2.0,1.0,1.0,53.0,48.0,40.0,1194.0,960.0,889.0,True,False,True,True,False,False,1.0,both,0.004491288254942674,0.00451960378140183,0.004313377291936556,0.00020062686431567312,0.00016478989288656962,0.0001516122062987291
254,single,gattgggtgactcgttatacattg,3.0,act,1.0,,DWVTRYTL,,False,False,2.0,1.0,1.0,212.0,266.0,181.0,3420.0,2844.0,2791.0,True,False,True,True,False,False,1.0,both,0.012864493996569469,0.013389326202402923,0.013541772802918928,0.0008025074572626925,0.0009132106564130733,0.0006860452335017492
255,single,gattgggtgagaaagtatacattg,4.0,aag,1.0,,DWVRKYTL,,False,False,3.0,1.0,1.0,45.0,52.0,45.0,1204.0,1045.0,987.0,True,False,True,True,False,False,1.0,both,0.004528903734464807,0.004919777032880117,0.004788867702071295,0.00017034356404160925,0.00017852238396045043,0.00017056373208607025
256,single,gattgggtgagaaattatacattg,4.0,aat,1.0,,DWVRNYTL,,False,False,2.0,1.0,1.0,15719.0,17845.0,16308.0,3331.0,2756.0,2559.0,True,False,True,True,False,False,1.0,both,0.012529716228822485,0.012975029189107755,0.012416122036069344,0.05950289962600124,0.06126407580335073,0.06181229650799186
257,single,gattgggtgagaacgtatacattg,4.0,acg,1.0,,DWVRTYTL,,False,False,3.0,1.0,1.0,30440.0,33846.0,30485.0,4845.0,3968.0,3747.0,True,False,True,True,False,False,1.0,both,0.018224699828473412,0.018681028963127566,0.01818023027321291,0.11522795754281302,0.11619747322164241,0.11554745272541893
258,single,gattgggtgagaacttatacattg,4.0,act,1.0,,DWVRTYTL,,False,False,2.0,1.0,1.0,3150.0,3386.0,3116.0,554.0,487.0,442.0,True,False,True,True,False,False,1.0,both,0.0020838975655261653,0.0022927573349403037,0.0021445587885668815,0.011924049482912648,0.011624553694040099,0.011810590870670998
259,single,gattgggtgagaaggtatacattg,4.0,agg,1.0,,DWVRRYTL,,False,False,2.0,0.0,1.0,26.0,37.0,34.0,819.0,749.0,635.0,True,False,True,True,False,False,1.0,both,0.0030807077728626886,0.003526232533614553,0.0030809837799546827,9.842072589070756e-05,0.00012702554243339742,0.00012887037535391974
260,single,gattgggtgagaagttatacattg,4.0,agt,1.0,,DWVRSYTL,,False,False,1.0,1.0,1.0,2961.0,3522.0,2906.0,711.0,610.0,476.0,True,False,True,True,False,False,1.0,both,0.0026744605940236528,0.002871831569432413,0.0023095248492258726,0.011208606513937888,0.012091458390552047,0.01101462678760267
261,single,gattgggtgagaatgtatacattg,4.0,atg,1.0,,DWVRMYTL,,False,False,3.0,1.0,1.0,4078.0,4396.0,3608.0,280.0,257.0,249.0,True,False,True,True,False,False,1.0,both,0.0010532334266197226,0.001209935595646115,0.0012081337971790805,0.015436912314704057,0.015092007690195001,0.013675421008145366
262,single,gattgggtgagaatttatacattg,4.0,att,1.0,,DWVRIYTL,,False,False,2.0,1.0,1.0,58.0,97.0,45.0,1360.0,1144.0,1006.0,True,False,True,True,False,False,1.0,both,0.005115705215010081,0.005385861172837182,0.004881054618321907,0.00021955392698696304,0.00033301290854160945,0.00017056373208607025
263,single,gattgggtgagacagtatacattg,4.0,cag,1.0,,DWVRQYTL,,False,False,2.0,1.0,1.0,2038.0,1965.0,1675.0,4067.0,3197.0,3158.0,True,False,True,True,False,False,1.0,both,0.01529821552165147,0.01505122217618922,0.015322435869443918,0.00771467074481777,0.006746086240043944,0.0063487611387592815
264,single,gattgggtgagacattatacattg,4.0,cat,1.0,,DWVRHYTL,,False,False,1.0,1.0,1.0,9291.0,9454.0,8719.0,2154.0,1732.0,1614.0,True,False,True,True,False,False,1.0,both,0.008102374289067437,0.008154118488945802,0.007831035938341509,0.03517026785579092,0.03245674265311727,0.033047670667965476
265,single,gattgggtgagaccgtatacattg,4.0,ccg,1.0,,DWVRPYTL,,False,False,2.0,1.0,1.0,44.0,66.0,67.0,1549.0,1197.0,1234.0,True,False,True,True,False,False,1.0,both,0.0058266377779783935,0.005635380964935407,0.005987297613329258,0.00016655815150735126,0.00022658610271903323,0.00025395044555037125
266,single,gattgggtgagaccttatacattg,4.0,cct,1.0,,DWVRPYTL,,False,False,1.0,1.0,1.0,45.0,58.0,47.0,1302.0,1043.0,990.0,True,False,True,True,False,False,1.0,both,0.00489753543378171,0.004910361191668863,0.00480342353095297,0.00017034356404160925,0.00019912112057127163,0.0001781443424010067
267,single,gattgggtgagacggtatacattg,4.0,cgg,1.0,,DWVRRYTL,,False,False,1.0,0.0,1.0,75.0,41.0,47.0,1366.0,1101.0,977.0,True,False,True,True,False,False,1.0,both,0.00513827450272336,0.005183420586795225,0.004740348272465709,0.00028390594006934874,0.00014075803350727822,0.0001781443424010067
268,single,gattgggtgagacgtaatacattg,5.0,aat,1.0,,DWVRRNTL,,False,False,1.0,1.0,1.0,61.0,83.0,45.0,1238.0,1011.0,867.0,True,False,True,True,False,False,1.0,both,0.004656796364840059,0.004759707732288803,0.0042066345468042676,0.000230910164589737,0.00028494918978302664,0.00017056373208607025
269,single,gattgggtgagacgtaggacattg,5.0,agg,1.0,,DWVRRRTL,,False,False,3.0,1.0,1.0,3520.0,3788.0,3712.0,1305.0,1203.0,1124.0,True,False,True,True,False,False,1.0,both,0.00490882007763835,0.005663628488569169,0.0054535838876678166,0.013324652120588101,0.01300466904696512,0.01406961274452206
270,single,gattgggtgagacgtagtacattg,5.0,agt,1.0,,DWVRRSTL,,False,False,2.0,1.0,1.0,43.0,32.0,27.0,762.0,618.0,626.0,True,False,True,True,False,False,1.0,both,0.0028662995395865305,0.0029094949342774283,0.003037316293309656,0.0001627727389730933,0.00010985992859104642,0.00010233823925164215
271,single,gattgggtgagacgtatgacattg,5.0,atg,1.0,,DWVRRMTL,,False,False,3.0,1.0,1.0,40.0,64.0,35.0,1119.0,888.0,890.0,True,False,True,True,False,False,1.0,both,0.004209172158526677,0.004180633497796693,0.004318229234897115,0.00015141650137031934,0.00021971985718209283,0.00013266068051138798
272,single,gattgggtgagacgtattacattg,5.0,att,1.0,,DWVRRITL,,False,False,2.0,1.0,1.0,80.0,110.0,105.0,119.0,99.0,98.0,True,False,True,True,False,False,1.0,both,0.0004476242063133821,0.00046608413995706375,0.00047549041013473847,0.0003028330027406387,0.00037764350453172205,0.0003979820415341639
273,single,gattgggtgagacgtcatacattg,5.0,cat,1.0,,DWVRRHTL,,False,False,1.0,1.0,1.0,4.0,2.0,3.0,1.0,7.0,1.0,True,False,True,True,False,False,2.0,both,3.761547952213295e-06,3.295544423938835e-05,4.851942960558556e-06,1.5141650137031934e-05,6.866245536940401e-06,1.1370915472404684e-05
274,single,gattgggtgagacgtccgacattg,5.0,ccg,1.0,,DWVRRPTL,,False,False,3.0,1.0,1.0,1.0,1.0,3.0,7.0,9.0,12.0,True,False,True,True,False,False,2.0,both,2.6330835665493063e-05,4.237128545064216e-05,5.822331552670267e-05,3.7854125342579835e-06,3.4331227684702005e-06,1.1370915472404684e-05
275,single,gattgggtgagacgtcgtacattg,5.0,cgt,1.0,,DWVRRRTL,,False,False,2.0,1.0,1.0,3412.0,3976.0,3274.0,1323.0,1021.0,1096.0,True,False,True,True,False,False,1.0,both,0.004976527940778189,0.004806786938345072,0.005317729484772177,0.012915827566888239,0.013650096127437518,0.012409459085550977
276,single,gattgggtgagacgtctgacattg,5.0,ctg,1.0,,DWVRRLTL,,False,False,3.0,1.0,1.0,39.0,16.0,39.0,519.0,454.0,427.0,True,False,True,True,False,False,1.0,both,0.0019522433871987,0.0021373959549546157,0.002071779644158503,0.00014763108883606135,5.492996429552321e-05,0.0001478219011412609
277,single,gattgggtgagacgtcttacattg,5.0,ctt,1.0,,DWVRRLTL,,False,False,2.0,1.0,1.0,173.0,180.0,165.0,2860.0,2440.0,2272.0,True,False,True,True,False,False,1.0,both,0.010758027143330023,0.011487326277729653,0.011023614406389038,0.0006548763684266311,0.0006179620983246361,0.0006254003509822576
278,single,gattgggtgagacgtgagacattg,5.0,gag,1.0,,DWVRRETL,,False,False,2.0,1.0,1.0,40.0,43.0,33.0,686.0,553.0,537.0,True,False,True,True,False,False,1.0,both,0.0025804218952183203,0.0026034800949116792,0.0026054933698199446,0.00015141650137031934,0.00014762427904421862,0.0001250800701964515
279,single,gattgggtgagacgtgcgacattg,5.0,gcg,1.0,,DWVRRATL,,False,False,3.0,1.0,1.0,66.0,111.0,64.0,2032.0,1720.0,1495.0,True,False,True,True,False,False,1.0,both,0.007643465438897415,0.008097623441678279,0.007253654726035041,0.00024983722726102693,0.00038107662730019225,0.00024257953007796658
280,single,gattgggtgagacgtgctacattg,5.0,gct,1.0,,DWVRRATL,,False,False,2.0,1.0,1.0,1.0,1.0,1.0,5.0,3.0,4.0,True,False,True,True,False,False,2.0,both,1.8807739761066475e-05,1.4123761816880721e-05,1.9407771842234222e-05,3.7854125342579835e-06,3.4331227684702005e-06,3.790305157468228e-06
281,single,gattgggtgagacgtgggacattg,5.0,ggg,1.0,,DWVRRGTL,,False,False,3.0,1.0,1.0,5.0,2.0,5.0,90.0,49.0,51.0,True,False,True,True,False,False,1.0,both,0.00033853931569919655,0.00023068810967571843,0.00024744909098848634,1.8927062671289918e-05,6.866245536940401e-06,1.8951525787341138e-05
282,single,gattgggtgagacgtgtgacattg,5.0,gtg,1.0,,DWVRRVTL,,False,False,3.0,1.0,1.0,79.0,78.0,76.0,874.0,784.0,662.0,True,False,True,True,False,False,1.0,both,0.0032875929102344197,0.003691009754811495,0.003211986239889764,0.0002990475902063807,0.00026778357594067564,0.0002880631919675853
283,single,gattgggtgagacgttagacattg,5.0,tag,1.0,,DWVRR*TL,,True,False,1.0,1.0,1.0,85.0,109.0,54.0,1375.0,1078.0,1111.0,True,False,True,True,False,False,1.0,both,0.00517212843429328,0.005075138412865806,0.005390508629180555,0.00032176006541192857,0.00037421038176325185,0.0002046764785032843
284,single,gattgggtgagacgttataagttg,6.0,aag,1.0,,DWVRRYKL,,False,False,2.0,1.0,1.0,58.0,79.0,50.0,1471.0,1328.0,1253.0,True,False,True,True,False,False,1.0,both,0.005533237037705757,0.006252118564272532,0.00607948452957987,0.00021955392698696304,0.00027121669870914584,0.0001895152578734114
285,single,gattgggtgagacgttatacaaag,7.0,aag,1.0,,DWVRRYTK,,False,False,2.0,1.0,1.0,514.0,535.0,610.0,40.0,51.0,31.0,True,False,True,True,False,False,1.0,both,0.0001504619180885318,0.00024010395088697225,0.00015041023177731521,0.0019457020426086034,0.0018367206811315572,0.002312086146055619
286,single,gattgggtgagacgttatacaaat,7.0,aat,1.0,,DWVRRYTN,,False,False,3.0,1.0,1.0,61.0,77.0,69.0,1222.0,997.0,961.0,True,False,True,True,False,False,1.0,both,0.004596611597604646,0.004693796843810026,0.004662717185096772,0.000230910164589737,0.00026435045317220544,0.00026153105586530773
287,single,gattgggtgagacgttatacaacg,7.0,acg,1.0,,DWVRRYTT,,False,False,2.0,1.0,1.0,72.0,99.0,58.0,1557.0,1305.0,1200.0,True,False,True,True,False,False,1.0,both,0.0058567301615961,0.0061438363903431135,0.005822331552670267,0.0002725497024665748,0.00033987915407854985,0.0002198376991331572
288,single,gattgggtgagacgttatacaagt,7.0,agt,1.0,,DWVRRYTS,,False,False,3.0,1.0,1.0,199.0,269.0,200.0,3461.0,2684.0,2653.0,True,False,True,True,False,False,1.0,both,0.013018717462610213,0.012636058905502618,0.012872204674361848,0.0007532970943173387,0.000923510024718484,0.0007580610314936456
289,single,gattgggtgagacgttatacaatg,7.0,atg,1.0,,DWVRRYTM,,False,False,1.0,1.0,1.0,39.0,37.0,28.0,892.0,762.0,745.0,True,False,True,True,False,False,1.0,both,0.003355300773374259,0.003587435501487703,0.003614697505616124,0.00014763108883606135,0.00012702554243339742,0.00010612854440911037
290,single,gattgggtgagacgttatacaatt,7.0,att,1.0,,DWVRRYTI,,False,False,2.0,1.0,1.0,25.0,26.0,27.0,922.0,680.0,687.0,True,False,True,True,False,False,1.0,both,0.0034681472119406577,0.0032013860118262965,0.0033332848139037276,9.463531335644958e-05,8.926119198022521e-05,0.00010233823925164215
291,single,gattgggtgagacgttatacacat,7.0,cat,1.0,,DWVRRYTH,,False,False,3.0,1.0,1.0,29.0,38.0,27.0,721.0,539.0,546.0,True,False,True,True,False,False,1.0,both,0.0027120760735457857,0.002537569206432903,0.0026491608564649712,0.00010977696349348152,0.00013045866520186762,0.00010233823925164215
292,single,gattgggtgagacgttatacagat,7.0,gat,1.0,,DWVRRYTD,,False,False,3.0,1.0,1.0,1.0,1.0,1.0,4.0,5.0,1.0,True,False,True,True,False,False,2.0,both,1.504619180885318e-05,2.3539603028134534e-05,4.851942960558556e-06,3.7854125342579835e-06,3.4331227684702005e-06,3.790305157468228e-06
293,single,gattgggtgagacgttatacaggg,7.0,ggg,1.0,,DWVRRYTG,,False,False,2.0,1.0,1.0,45.0,54.0,23.0,1181.0,989.0,972.0,True,False,True,True,False,False,1.0,both,0.0044423881315639015,0.004656133478965011,0.004716088557662916,0.00017034356404160925,0.00018538862949739083,8.717701862176924e-05
294,single,gattgggtgagacgttatacagtg,7.0,gtg,1.0,,DWVRRYTV,,False,False,1.0,1.0,1.0,1.0,1.0,1.0,3.0,4.0,1.0,True,False,True,True,False,False,3.0,both,1.1284643856639884e-05,1.8831682422507626e-05,4.851942960558556e-06,3.7854125342579835e-06,3.4331227684702005e-06,3.790305157468228e-06
295,single,gattgggtgagacgttatacatag,7.0,tag,1.0,,DWVRRYT*,,True,False,1.0,1.0,1.0,174.0,218.0,156.0,2976.0,2398.0,2255.0,True,False,True,True,False,False,1.0,both,0.011194366705786765,0.011289593612293322,0.010941131376059543,0.0006586617809608891,0.0007484207635265037,0.0005912876045650436
296,single,gattgggtgagacgttatacatat,7.0,tat,1.0,,DWVRRYTY,,False,False,2.0,1.0,1.0,310.0,298.0,242.0,769.0,537.0,603.0,True,False,True,True,False,False,1.0,both,0.0028926303752520237,0.002528153365221649,0.002925721605216809,0.001173477885619975,0.0010230705850041199,0.0009172538481073111
297,single,gattgggtgagacgttatacatgg,7.0,tgg,1.0,,DWVRRYTW,,False,False,1.0,1.0,1.0,1410.0,1578.0,1529.0,531.0,478.0,475.0,True,False,True,True,False,False,1.0,both,0.0019973819626252593,0.0022503860494896616,0.002304672906265314,0.005337431673303757,0.0054174677286459765,0.00579537658576892
298,WT,gattgggtgagacgttatacattg,,,,,DWVRRYTL,True,False,False,0.0,0.0,0.0,1261.0,988.0,1063.0,921.0,761.0,708.0,True,False,True,True,False,False,1.0,both,0.0034643856639884445,0.003582727580882076,0.0034351756160754575,0.0047734052056993175,0.0033919252952485583,0.004029094382388726
299,single,gattgggtgagacgttatacattt,7.0,ttt,1.0,,DWVRRYTF,,False,False,1.0,1.0,1.0,215.0,297.0,235.0,1908.0,1631.0,1411.0,True,False,True,True,False,False,1.0,both,0.007177033492822967,0.007678618507777485,0.006846091517348122,0.0008138636948654664,0.0010196374622356496,0.0008907217120050335
300,single,gattgggtgagacgttatacgttg,6.0,acg,1.0,,DWVRRYTL,,False,False,1.0,0.0,1.0,52.0,46.0,37.0,1249.0,993.0,954.0,True,False,True,True,False,False,1.0,both,0.004698173392314405,0.0046749651613875185,0.004628753584372862,0.00019684145178141513,0.00015792364734962922,0.00014024129082632444
301,single,gattgggtgagacgttatactttg,6.0,act,1.0,,DWVRRYTL,,False,False,1.0,0.0,1.0,4.0,3.0,5.0,50.0,39.0,43.0,True,False,True,True,False,False,1.0,both,0.00018807739761066475,0.00018360890361944937,0.0002086335473040179,1.5141650137031934e-05,1.0299368305410601e-05,1.8951525787341138e-05
302,single,gattgggtgagacgttatatgttg,6.0,atg,1.0,,DWVRRYML,,False,False,2.0,1.0,1.0,256.0,337.0,283.0,4269.0,3518.0,3356.0,True,False,True,True,False,False,1.0,both,0.016058048207998554,0.016562464690595458,0.016283120575634514,0.0009690656087700438,0.0011569623729744576,0.0010726563595635085
303,single,gattgggtgagacgttatattttg,6.0,att,1.0,,DWVRRYIL,,False,False,2.0,1.0,1.0,33.0,25.0,34.0,1023.0,850.0,792.0,True,False,True,True,False,False,1.0,both,0.003848063555114201,0.004001732514782871,0.003842738824762376,0.00012491861363051347,8.582806921175501e-05,0.00012887037535391974
304,single,gattgggtgagacgttatcagttg,6.0,cag,1.0,,DWVRRYQL,,False,False,3.0,1.0,1.0,76.0,126.0,110.0,3030.0,2389.0,2216.0,True,False,True,True,False,False,1.0,both,0.011397490295206283,0.01124722232684268,0.01075190560059776,0.00028769135260360676,0.00043257346882724526,0.00041693356732150507
305,single,gattgggtgagacgttatccgttg,6.0,ccg,1.0,,DWVRRYPL,,False,False,2.0,1.0,1.0,1.0,1.0,1.0,3.0,7.0,2.0,True,False,True,True,False,False,2.0,both,1.1284643856639884e-05,3.295544423938835e-05,9.703885921117111e-06,3.7854125342579835e-06,3.4331227684702005e-06,3.790305157468228e-06
306,single,gattgggtgagacgttatctgttg,6.0,ctg,1.0,,DWVRRYLL,,False,False,3.0,1.0,1.0,17.0,17.0,12.0,471.0,418.0,423.0,True,False,True,True,False,False,1.0,both,0.0017716890854924618,0.001967910813152047,0.002052371872316269,6.435201308238572e-05,5.836308706399341e-05,4.5483661889618734e-05
307,single,gattgggtgagacgttatgctttg,6.0,gct,1.0,,DWVRRYAL,,False,False,2.0,1.0,1.0,1.0,4.0,1.0,103.0,74.0,73.0,True,False,True,True,False,False,1.0,both,0.00038743943907796935,0.0003483861248163911,0.00035419183612077457,3.7854125342579835e-06,1.3732491073880802e-05,3.790305157468228e-06
308,single,gattgggtgagacgttatgttttg,6.0,gtt,1.0,,DWVRRYVL,,False,False,3.0,1.0,1.0,34.0,43.0,19.0,1086.0,854.0,853.0,True,False,True,True,False,False,1.0,both,0.004085041076103638,0.004020564197205379,0.004138707345356448,0.00012870402616477143,0.00014762427904421862,7.201579799189632e-05
309,single,gattgggtgagacgttattagttg,6.0,tag,1.0,,DWVRRY*L,,True,False,3.0,1.0,1.0,260.0,377.0,253.0,5176.0,4198.0,4014.0,True,False,True,True,False,False,1.0,both,0.019469772200656012,0.019763850702421756,0.019475699043682043,0.0009842072589070756,0.0012942872837132656,0.0009589472048394616
310,single,gattgggtgagacgttattatttg,6.0,tat,1.0,,DWVRRYYL,,False,False,3.0,1.0,1.0,1.0,1.0,1.0,1.0,6.0,2.0,True,False,True,True,False,False,2.0,both,3.761547952213295e-06,2.8247523633761442e-05,9.703885921117111e-06,3.7854125342579835e-06,3.4331227684702005e-06,3.790305157468228e-06
311,single,gattgggtgagacgttattcgttg,6.0,tcg,1.0,,DWVRRYSL,,False,False,2.0,1.0,1.0,87.0,100.0,83.0,3061.0,2419.0,2409.0,True,False,True,True,False,False,1.0,both,0.011514098281724896,0.011388459945011488,0.01168833059198556,0.00032933089048044456,0.00034331227684702005,0.0003145953280698629
312,single,gattgggtgagacgttattctttg,6.0,tct,1.0,,DWVRRYSL,,False,False,2.0,1.0,1.0,12.0,11.0,13.0,484.0,346.0,399.0,True,False,True,True,False,False,1.0,both,0.0018205892088712346,0.0016289405295469097,0.0019359252412628637,4.54249504110958e-05,3.7764350453172205e-05,4.927396704708696e-05
313,single,gattgggtgagacgttattggttg,6.0,tgg,1.0,,DWVRRYWL,,False,False,3.0,1.0,1.0,34.0,34.0,48.0,701.0,657.0,536.0,True,False,True,True,False,False,1.0,both,0.0026368451145015195,0.0030931038378968776,0.002600641426859386,0.00012870402616477143,0.00011672617412798682,0.00018193464755847494
314,single,gattgggtgagacgttattgtttg,6.0,tgt,1.0,,DWVRRYCL,,False,False,3.0,1.0,1.0,9.0,17.0,10.0,396.0,358.0,363.0,True,False,True,True,False,False,1.0,both,0.0014895729890764648,0.0016854355768144327,0.0017612552946827556,3.406871280832185e-05,5.836308706399341e-05,3.7903051574682275e-05
315,single,gattgggtgagacgttatttgttg,6.0,ttg,1.0,,DWVRRYLL,,False,False,3.0,1.0,1.0,1.0,1.0,1.0,3.0,5.0,5.0,True,False,True,True,False,False,2.0,both,1.1284643856639884e-05,2.3539603028134534e-05,2.4259714802792778e-05,3.7854125342579835e-06,3.4331227684702005e-06,3.790305157468228e-06
316,single,gattgggtgagacgttattttttg,6.0,ttt,1.0,,DWVRRYFL,,False,False,3.0,1.0,1.0,1.0,1.0,1.0,4.0,6.0,3.0,True,False,True,True,False,False,2.0,both,1.504619180885318e-05,2.8247523633761442e-05,1.4555828881675667e-05,3.7854125342579835e-06,3.4331227684702005e-06,3.790305157468228e-06
317,single,gattgggtgagacgttcgacattg,5.0,tcg,1.0,,DWVRRSTL,,False,False,2.0,1.0,1.0,1.0,1.0,1.0,9.0,3.0,5.0,True,False,True,True,False,False,2.0,both,3.385393156991965e-05,1.4123761816880721e-05,2.4259714802792778e-05,3.7854125342579835e-06,3.4331227684702005e-06,3.790305157468228e-06
318,single,gattgggtgagacgttgtacattg,5.0,tgt,1.0,,DWVRRCTL,,False,False,1.0,1.0,1.0,59.0,81.0,81.0,1267.0,1111.0,1004.0,True,False,True,True,False,False,1.0,both,0.004765881255454244,0.005230499792851493,0.00487135073240079,0.00022333933952122103,0.00027808294424608624,0.00030701471775492644
319,single,gattgggtgagacgtttgacattg,5.0,ttg,1.0,,DWVRRLTL,,False,False,2.0,1.0,1.0,79.0,70.0,46.0,1764.0,1335.0,1353.0,True,False,True,True,False,False,1.0,both,0.006635370587704252,0.00628507400851192,0.006564678825635726,0.0002990475902063807,0.00024031859379291403,0.00017435403724353849
320,single,gattgggtgagacgttttacattg,5.0,ttt,1.0,,DWVRRFTL,,False,False,1.0,1.0,1.0,1.0,1.0,1.0,2.0,1.0,4.0,True,False,True,True,False,False,3.0,both,7.52309590442659e-06,4.707920605626906e-06,1.9407771842234222e-05,3.7854125342579835e-06,3.4331227684702005e-06,3.790305157468228e-06
321,single,gattgggtgagactgtatacattg,4.0,ctg,1.0,,DWVRLYTL,,False,False,2.0,1.0,1.0,117.0,147.0,129.0,1342.0,1128.0,1140.0,True,False,True,True,False,False,1.0,both,0.0050479973518702415,0.0053105344431471505,0.005531214975036753,0.00044289326650818404,0.0005046690469651195,0.0004889493653134014
322,single,gattgggtgagactttatacattg,4.0,ctt,1.0,,DWVRLYTL,,False,False,1.0,1.0,1.0,41.0,49.0,61.0,474.0,309.0,372.0,True,False,True,True,False,False,1.0,both,0.0017829737293491017,0.0014547474671387142,0.0018049227813277827,0.0001552019139045773,0.00016822301565503982,0.0002312086146055619
323,single,gattgggtgagagtgtatacattg,4.0,gtg,1.0,,DWVRVYTL,,False,False,3.0,1.0,1.0,2.0,1.0,1.0,13.0,4.0,5.0,True,False,True,True,False,False,2.0,both,4.890012337877283e-05,1.8831682422507626e-05,2.4259714802792778e-05,7.570825068515967e-06,3.4331227684702005e-06,3.790305157468228e-06
324,single,gattgggtgagagtttatacattg,4.0,gtt,1.0,,DWVRVYTL,,False,False,2.0,1.0,1.0,63.0,70.0,71.0,1226.0,940.0,1003.0,True,False,True,True,False,False,1.0,both,0.0046116577894135,0.004425445369289292,0.004866498789440231,0.00023848098965825295,0.00024031859379291403,0.00026911166618024415
325,single,gattgggtgagatagtatacattg,4.0,tag,1.0,,DWVR*YTL,,True,False,3.0,1.0,1.0,242.0,330.0,291.0,5084.0,4121.0,3958.0,True,False,True,True,False,False,1.0,both,0.019123709789052392,0.01940134081578848,0.019203990237890763,0.000916069833290432,0.0011329305135951663,0.0011029788008232542
326,single,gattgggtgagatattatacattg,4.0,tat,1.0,,DWVRYYTL,,False,False,2.0,1.0,1.0,5.0,8.0,14.0,3.0,6.0,1.0,True,False,True,True,False,False,2.0,both,1.1284643856639884e-05,2.8247523633761442e-05,4.851942960558556e-06,1.8927062671289918e-05,2.7464982147761604e-05,5.306427220455519e-05
327,single,gattgggtgagatcgtatacattg,4.0,tcg,1.0,,DWVRSYTL,,False,False,3.0,1.0,1.0,7665.0,8960.0,8296.0,2359.0,1802.0,1770.0,True,False,True,True,False,False,1.0,both,0.008873491619271163,0.008483672931339685,0.008587939040188643,0.029015187075087445,0.030760780005492996,0.03144437158635642
328,single,gattgggtgagatcttatacattg,4.0,tct,1.0,,DWVRSYTL,,False,False,2.0,1.0,1.0,9303.0,10535.0,9694.0,2975.0,2543.0,2510.0,True,False,True,True,False,False,1.0,both,0.011190605157834552,0.011972242100109224,0.012178376831001975,0.03521569280620202,0.03616794836583356,0.036743218196497
329,single,gattgggtgagatggtatacattg,4.0,tgg,1.0,,DWVRWYTL,,False,False,2.0,1.0,1.0,94355.0,104723.0,96142.0,13491.0,11083.0,10460.0,True,False,True,True,False,False,1.0,both,0.05074704342330956,0.052177884072163006,0.050751323367442494,0.35717259966991205,0.35952691568250483,0.36440751844931035
330,single,gattgggtgagatgttatacattg,4.0,tgt,1.0,,DWVRCYTL,,False,False,1.0,1.0,1.0,4110.0,4333.0,4387.0,1361.0,1076.0,1011.0,True,False,True,True,False,False,1.0,both,0.0051194667629622945,0.005065722571654552,0.0049053143331247,0.015558045515800312,0.014875720955781378,0.016628068725813114
331,single,gattgggtgagattgtatacattg,4.0,ttg,1.0,,DWVRLYTL,,False,False,3.0,1.0,1.0,65.0,81.0,146.0,8.0,7.0,9.0,True,False,True,True,False,False,2.0,both,3.009238361770636e-05,3.295544423938835e-05,4.3667486645027004e-05,0.0002460518147267689,0.00027808294424608624,0.0005533845529903613
332,single,gattgggtgagattttatacattg,4.0,ttt,1.0,,DWVRFYTL,,False,False,2.0,1.0,1.0,39301.0,43003.0,38343.0,2976.0,2411.0,2349.0,True,False,True,True,False,False,1.0,both,0.011194366705786765,0.011350796580166472,0.011397214014352047,0.14877049800887301,0.14763457841252403,0.14533167065280425
333,single,gattgggtgaggcgttatacattg,3.0,agg,1.0,,DWVRRYTL,,False,False,1.0,0.0,1.0,1.0,1.0,1.0,2.0,2.0,5.0,True,False,True,True,False,False,2.0,both,7.52309590442659e-06,9.415841211253813e-06,2.4259714802792778e-05,3.7854125342579835e-06,3.4331227684702005e-06,3.790305157468228e-06
334,single,gattgggtgagtcgttatacattg,3.0,agt,1.0,,DWVSRYTL,,False,False,1.0,1.0,1.0,86.0,131.0,107.0,1643.0,1314.0,1296.0,True,False,True,True,False,False,1.0,both,0.006180223285486443,0.006186207675793755,0.006288118076883888,0.0003255454779461866,0.00044973908266959626,0.00040556265184910035
335,single,gattgggtgatgcgttatacattg,3.0,atg,1.0,,DWVMRYTL,,False,False,2.0,1.0,1.0,8.0,5.0,11.0,190.0,122.0,160.0,True,False,True,True,False,False,1.0,both,0.000714694110920526,0.0005743663138864827,0.0007763108736893689,3.0283300274063868e-05,1.7165613842351002e-05,4.169335673215051e-05
336,single,gattgggtgattcgttatacattg,3.0,att,1.0,,DWVIRYTL,,False,False,2.0,1.0,1.0,19.0,7.0,12.0,222.0,162.0,179.0,True,False,True,True,False,False,1.0,both,0.0008350636453913514,0.0007626831381115589,0.0008684977899399815,7.192283815090169e-05,2.4031859379291403e-05,4.5483661889618734e-05
337,single,gattgggtgcagcgttatacattg,3.0,cag,1.0,,DWVQRYTL,,False,False,3.0,1.0,1.0,1.0,1.0,2.0,3.0,6.0,3.0,True,False,True,True,False,False,2.0,both,1.1284643856639884e-05,2.8247523633761442e-05,1.4555828881675667e-05,3.7854125342579835e-06,3.4331227684702005e-06,7.580610314936456e-06
338,single,gattgggtgcatcgttatacattg,3.0,cat,1.0,,DWVHRYTL,,False,False,3.0,1.0,1.0,1.0,1.0,1.0,5.0,2.0,6.0,True,False,True,True,False,False,2.0,both,1.8807739761066475e-05,9.415841211253813e-06,2.9111657763351334e-05,3.7854125342579835e-06,3.4331227684702005e-06,3.790305157468228e-06
339,single,gattgggtgcctcgttatacattg,3.0,cct,1.0,,DWVPRYTL,,False,False,3.0,1.0,1.0,43.0,28.0,25.0,786.0,658.0,607.0,True,False,True,True,False,False,1.0,both,0.0029565766904396497,0.0030978117585025045,0.002945129377059043,0.0001627727389730933,9.612743751716561e-05,9.47576289367057e-05
340,single,gattgggtgcggcgttatacattg,3.0,cgg,1.0,,DWVRRYTL,,False,False,2.0,0.0,1.0,1.0,1.0,1.0,3.0,6.0,5.0,True,False,True,True,False,False,2.0,both,1.1284643856639884e-05,2.8247523633761442e-05,2.4259714802792778e-05,3.7854125342579835e-06,3.4331227684702005e-06,3.790305157468228e-06
341,single,gattgggtgctgcgttatacattg,3.0,ctg,1.0,,DWVLRYTL,,False,False,3.0,1.0,1.0,2.0,2.0,2.0,43.0,30.0,22.0,True,False,True,True,False,False,1.0,both,0.00016174656194517168,0.0001412376181688072,0.00010674274513228823,7.570825068515967e-06,6.866245536940401e-06,7.580610314936456e-06
342,single,gattgggtggagcgttatacattg,3.0,gag,1.0,,DWVERYTL,,False,False,3.0,1.0,1.0,1.0,1.0,1.0,19.0,21.0,19.0,True,False,True,True,False,False,1.0,both,7.14694110920526e-05,9.886633271816504e-05,9.218691625061256e-05,3.7854125342579835e-06,3.4331227684702005e-06,3.790305157468228e-06
343,single,gattgggtggatcgttatacattg,3.0,gat,1.0,,DWVDRYTL,,False,False,3.0,1.0,1.0,1.0,3.0,3.0,46.0,43.0,32.0,True,False,True,True,False,False,1.0,both,0.00017303120580181155,0.00020244058604195698,0.00015526217473787378,3.7854125342579835e-06,1.0299368305410601e-05,1.1370915472404684e-05
344,single,gattgggtggctcgttatacattg,3.0,gct,1.0,,DWVARYTL,,False,False,3.0,1.0,1.0,25.0,17.0,19.0,557.0,457.0,429.0,True,False,True,True,False,False,1.0,both,0.002095182209382805,0.0021515197167714965,0.0020814835300796202,9.463531335644958e-05,5.836308706399341e-05,7.201579799189632e-05
345,single,gattgggtggggcgttatacattg,3.0,ggg,1.0,,DWVGRYTL,,False,False,2.0,1.0,1.0,1.0,1.0,3.0,6.0,21.0,2.0,True,False,True,True,False,False,2.0,both,2.256928771327977e-05,9.886633271816504e-05,9.703885921117111e-06,3.7854125342579835e-06,3.4331227684702005e-06,1.1370915472404684e-05
346,single,gattgggtggttcgttatacattg,3.0,gtt,1.0,,DWVVRYTL,,False,False,3.0,1.0,1.0,32.0,48.0,28.0,1158.0,882.0,813.0,True,False,True,True,False,False,1.0,both,0.0043558725286629955,0.0041523859741629315,0.003944629626934106,0.00012113320109625547,0.00016478989288656962,0.00010612854440911037
347,single,gattgggtgtagcgttatacattg,3.0,tag,1.0,,DWV*RYTL,,True,False,3.0,1.0,1.0,667.0,749.0,612.0,11246.0,9075.0,8925.0,True,False,True,True,False,False,1.0,both,0.042302368270590716,0.042724379496064176,0.04330359092298511,0.002524870160350075,0.0025714089535841802,0.0023196667563705553
348,single,gattgggtgtatcgttatacattg,3.0,tat,1.0,,DWVYRYTL,,False,False,3.0,1.0,1.0,23.0,33.0,25.0,470.0,435.0,384.0,True,False,True,True,False,False,1.0,both,0.0017679275375402485,0.0020479454634477045,0.0018631460968544854,8.706448828793362e-05,0.00011329305135951662,9.47576289367057e-05
349,single,gattgggtgtcgcgttatacattg,3.0,tcg,1.0,,DWVSRYTL,,False,False,3.0,1.0,1.0,32.0,53.0,45.0,823.0,720.0,676.0,True,False,True,True,False,False,1.0,both,0.0030957539646715416,0.0033897028360513727,0.003279913441337584,0.00012113320109625547,0.00018195550672892063,0.00017056373208607025
350,single,gattgggtgtctcgttatacattg,3.0,tct,1.0,,DWVSRYTL,,False,False,3.0,1.0,1.0,1.0,1.0,1.0,3.0,5.0,4.0,True,False,True,True,False,False,2.0,both,1.1284643856639884e-05,2.3539603028134534e-05,1.9407771842234222e-05,3.7854125342579835e-06,3.4331227684702005e-06,3.790305157468228e-06
351,single,gattgggtgtggcgttatacattg,3.0,tgg,1.0,,DWVWRYTL,,False,False,2.0,1.0,1.0,37.0,33.0,45.0,1120.0,935.0,909.0,True,False,True,True,False,False,1.0,both,0.0042129337064788904,0.004401905766261158,0.0044104161511477275,0.0001400602637675454,0.00011329305135951662,0.00017056373208607025
352,single,gattgggtgtgtcgttatacattg,3.0,tgt,1.0,,DWVCRYTL,,False,False,2.0,1.0,1.0,25.0,19.0,16.0,413.0,323.0,342.0,True,False,True,True,False,False,1.0,both,0.0015535193042640907,0.0015206583556174908,0.001659364492511026,9.463531335644958e-05,6.522933260093381e-05,6.0644882519491646e-05
353,single,gattgggtgttgcgttatacattg,3.0,ttg,1.0,,DWVLRYTL,,False,False,3.0,1.0,1.0,9.0,10.0,12.0,162.0,138.0,127.0,True,False,True,True,False,False,1.0,both,0.0006093707682585538,0.0006496930435765131,0.0006161967559909366,3.406871280832185e-05,3.4331227684702005e-05,4.5483661889618734e-05
354,ortho,gattgggttaaaagatgtattttg,2.0,gtt,1.0,,DWVKRCIL,,False,False,7.0,3.0,5.0,42.0,55.0,55.0,1242.0,963.0,966.0,True,False,True,True,False,False,1.0,both,0.0046718425566489126,0.004533727543218711,0.004686976899899564,0.0001589873264388353,0.00018882175226586103,0.00020846678366075253
355,ortho,gattgggttaaaagatgtattttg,3.0,aaa,2.0,,DWVKRCIL,,False,False,7.0,3.0,5.0,42.0,55.0,55.0,1242.0,963.0,966.0,True,False,True,True,False,False,1.0,both,0.0046718425566489126,0.004533727543218711,0.004686976899899564,0.0001589873264388353,0.00018882175226586103,0.00020846678366075253
356,ortho,gattgggttaaaagatgtattttg,4.0,aga,3.0,,DWVKRCIL,,False,False,7.0,3.0,5.0,42.0,55.0,55.0,1242.0,963.0,966.0,True,False,True,True,False,False,1.0,both,0.0046718425566489126,0.004533727543218711,0.004686976899899564,0.0001589873264388353,0.00018882175226586103,0.00020846678366075253
357,ortho,gattgggttaaaagatgtattttg,5.0,tgt,4.0,,DWVKRCIL,,False,False,7.0,3.0,5.0,42.0,55.0,55.0,1242.0,963.0,966.0,True,False,True,True,False,False,1.0,both,0.0046718425566489126,0.004533727543218711,0.004686976899899564,0.0001589873264388353,0.00018882175226586103,0.00020846678366075253
358,ortho,gattgggttaaaagatgtattttg,6.0,att,5.0,,DWVKRCIL,,False,False,7.0,3.0,5.0,42.0,55.0,55.0,1242.0,963.0,966.0,True,False,True,True,False,False,1.0,both,0.0046718425566489126,0.004533727543218711,0.004686976899899564,0.0001589873264388353,0.00018882175226586103,0.00020846678366075253
359,ortho,gattgggttaatagatgtattatt,2.0,gtt,1.0,,DWVNRCII,,False,False,10.0,4.0,6.0,2.0,1.0,4.0,23.0,27.0,22.0,True,False,True,True,False,False,1.0,both,8.651560290090578e-05,0.00012711385635192648,0.00010674274513228823,7.570825068515967e-06,3.4331227684702005e-06,1.5161220629872911e-05
360,ortho,gattgggttaatagatgtattatt,3.0,aat,2.0,,DWVNRCII,,False,False,10.0,4.0,6.0,2.0,1.0,4.0,23.0,27.0,22.0,True,False,True,True,False,False,1.0,both,8.651560290090578e-05,0.00012711385635192648,0.00010674274513228823,7.570825068515967e-06,3.4331227684702005e-06,1.5161220629872911e-05
361,ortho,gattgggttaatagatgtattatt,4.0,aga,3.0,,DWVNRCII,,False,False,10.0,4.0,6.0,2.0,1.0,4.0,23.0,27.0,22.0,True,False,True,True,False,False,1.0,both,8.651560290090578e-05,0.00012711385635192648,0.00010674274513228823,7.570825068515967e-06,3.4331227684702005e-06,1.5161220629872911e-05
362,ortho,gattgggttaatagatgtattatt,5.0,tgt,4.0,,DWVNRCII,,False,False,10.0,4.0,6.0,2.0,1.0,4.0,23.0,27.0,22.0,True,False,True,True,False,False,1.0,both,8.651560290090578e-05,0.00012711385635192648,0.00010674274513228823,7.570825068515967e-06,3.4331227684702005e-06,1.5161220629872911e-05
363,ortho,gattgggttaatagatgtattatt,6.0,att,5.0,,DWVNRCII,,False,False,10.0,4.0,6.0,2.0,1.0,4.0,23.0,27.0,22.0,True,False,True,True,False,False,1.0,both,8.651560290090578e-05,0.00012711385635192648,0.00010674274513228823,7.570825068515967e-06,3.4331227684702005e-06,1.5161220629872911e-05
364,ortho,gattgggttaatagatgtattatt,7.0,att,6.0,,DWVNRCII,,False,False,10.0,4.0,6.0,2.0,1.0,4.0,23.0,27.0,22.0,True,False,True,True,False,False,1.0,both,8.651560290090578e-05,0.00012711385635192648,0.00010674274513228823,7.570825068515967e-06,3.4331227684702005e-06,1.5161220629872911e-05
365,ortho,gattgggttaatagatgtattgtt,2.0,gtt,1.0,,DWVNRCIV,,False,False,10.0,4.0,6.0,33.0,33.0,18.0,842.0,627.0,609.0,True,False,True,True,False,False,1.0,both,0.003167223375763594,0.0029518662197280704,0.0029548332629801602,0.00012491861363051347,0.00011329305135951662,6.82254928344281e-05
366,ortho,gattgggttaatagatgtattgtt,3.0,aat,2.0,,DWVNRCIV,,False,False,10.0,4.0,6.0,33.0,33.0,18.0,842.0,627.0,609.0,True,False,True,True,False,False,1.0,both,0.003167223375763594,0.0029518662197280704,0.0029548332629801602,0.00012491861363051347,0.00011329305135951662,6.82254928344281e-05
367,ortho,gattgggttaatagatgtattgtt,4.0,aga,3.0,,DWVNRCIV,,False,False,10.0,4.0,6.0,33.0,33.0,18.0,842.0,627.0,609.0,True,False,True,True,False,False,1.0,both,0.003167223375763594,0.0029518662197280704,0.0029548332629801602,0.00012491861363051347,0.00011329305135951662,6.82254928344281e-05
368,ortho,gattgggttaatagatgtattgtt,5.0,tgt,4.0,,DWVNRCIV,,False,False,10.0,4.0,6.0,33.0,33.0,18.0,842.0,627.0,609.0,True,False,True,True,False,False,1.0,both,0.003167223375763594,0.0029518662197280704,0.0029548332629801602,0.00012491861363051347,0.00011329305135951662,6.82254928344281e-05
369,ortho,gattgggttaatagatgtattgtt,6.0,att,5.0,,DWVNRCIV,,False,False,10.0,4.0,6.0,33.0,33.0,18.0,842.0,627.0,609.0,True,False,True,True,False,False,1.0,both,0.003167223375763594,0.0029518662197280704,0.0029548332629801602,0.00012491861363051347,0.00011329305135951662,6.82254928344281e-05
370,ortho,gattgggttaatagatgtattgtt,7.0,gtt,6.0,,DWVNRCIV,,False,False,10.0,4.0,6.0,33.0,33.0,18.0,842.0,627.0,609.0,True,False,True,True,False,False,1.0,both,0.003167223375763594,0.0029518662197280704,0.0029548332629801602,0.00012491861363051347,0.00011329305135951662,6.82254928344281e-05
371,ortho,gattgggttaatagatgtattttg,2.0,gtt,1.0,,DWVNRCIL,,False,False,8.0,3.0,5.0,42.0,54.0,46.0,1436.0,1000.0,1172.0,True,False,True,True,False,False,1.0,both,0.005401582859378291,0.004707920605626907,0.005686477149774627,0.0001589873264388353,0.00018538862949739083,0.00017435403724353849
372,ortho,gattgggttaatagatgtattttg,3.0,aat,2.0,,DWVNRCIL,,False,False,8.0,3.0,5.0,42.0,54.0,46.0,1436.0,1000.0,1172.0,True,False,True,True,False,False,1.0,both,0.005401582859378291,0.004707920605626907,0.005686477149774627,0.0001589873264388353,0.00018538862949739083,0.00017435403724353849
373,ortho,gattgggttaatagatgtattttg,4.0,aga,3.0,,DWVNRCIL,,False,False,8.0,3.0,5.0,42.0,54.0,46.0,1436.0,1000.0,1172.0,True,False,True,True,False,False,1.0,both,0.005401582859378291,0.004707920605626907,0.005686477149774627,0.0001589873264388353,0.00018538862949739083,0.00017435403724353849
374,ortho,gattgggttaatagatgtattttg,5.0,tgt,4.0,,DWVNRCIL,,False,False,8.0,3.0,5.0,42.0,54.0,46.0,1436.0,1000.0,1172.0,True,False,True,True,False,False,1.0,both,0.005401582859378291,0.004707920605626907,0.005686477149774627,0.0001589873264388353,0.00018538862949739083,0.00017435403724353849
375,ortho,gattgggttaatagatgtattttg,6.0,att,5.0,,DWVNRCIL,,False,False,8.0,3.0,5.0,42.0,54.0,46.0,1436.0,1000.0,1172.0,True,False,True,True,False,False,1.0,both,0.005401582859378291,0.004707920605626907,0.005686477149774627,0.0001589873264388353,0.00018538862949739083,0.00017435403724353849
376,ortho,gattgggttaatagatgtgttatt,2.0,gtt,1.0,,DWVNRCVI,,False,False,11.0,4.0,6.0,9.0,10.0,3.0,152.0,95.0,115.0,True,False,True,True,False,False,1.0,both,0.0005717552887364208,0.0004472524575345561,0.0005579734404642339,3.406871280832185e-05,3.4331227684702005e-05,1.1370915472404684e-05
377,ortho,gattgggttaatagatgtgttatt,3.0,aat,2.0,,DWVNRCVI,,False,False,11.0,4.0,6.0,9.0,10.0,3.0,152.0,95.0,115.0,True,False,True,True,False,False,1.0,both,0.0005717552887364208,0.0004472524575345561,0.0005579734404642339,3.406871280832185e-05,3.4331227684702005e-05,1.1370915472404684e-05
378,ortho,gattgggttaatagatgtgttatt,4.0,aga,3.0,,DWVNRCVI,,False,False,11.0,4.0,6.0,9.0,10.0,3.0,152.0,95.0,115.0,True,False,True,True,False,False,1.0,both,0.0005717552887364208,0.0004472524575345561,0.0005579734404642339,3.406871280832185e-05,3.4331227684702005e-05,1.1370915472404684e-05
379,ortho,gattgggttaatagatgtgttatt,5.0,tgt,4.0,,DWVNRCVI,,False,False,11.0,4.0,6.0,9.0,10.0,3.0,152.0,95.0,115.0,True,False,True,True,False,False,1.0,both,0.0005717552887364208,0.0004472524575345561,0.0005579734404642339,3.406871280832185e-05,3.4331227684702005e-05,1.1370915472404684e-05
380,ortho,gattgggttaatagatgtgttatt,6.0,gtt,5.0,,DWVNRCVI,,False,False,11.0,4.0,6.0,9.0,10.0,3.0,152.0,95.0,115.0,True,False,True,True,False,False,1.0,both,0.0005717552887364208,0.0004472524575345561,0.0005579734404642339,3.406871280832185e-05,3.4331227684702005e-05,1.1370915472404684e-05
381,ortho,gattgggttaatagatgtgttatt,7.0,att,6.0,,DWVNRCVI,,False,False,11.0,4.0,6.0,9.0,10.0,3.0,152.0,95.0,115.0,True,False,True,True,False,False,1.0,both,0.0005717552887364208,0.0004472524575345561,0.0005579734404642339,3.406871280832185e-05,3.4331227684702005e-05,1.1370915472404684e-05
382,ortho,gattgggttaatagatgtgttgct,2.0,gtt,1.0,,DWVNRCVA,,False,False,12.0,4.0,6.0,128.0,107.0,109.0,1727.0,1213.0,1242.0,True,False,True,True,False,False,1.0,both,0.00649619331347236,0.005710707694625438,0.006026113157013726,0.0004845328043850219,0.00036734413622631145,0.00041314326216403683
383,ortho,gattgggttaatagatgtgttgct,3.0,aat,2.0,,DWVNRCVA,,False,False,12.0,4.0,6.0,128.0,107.0,109.0,1727.0,1213.0,1242.0,True,False,True,True,False,False,1.0,both,0.00649619331347236,0.005710707694625438,0.006026113157013726,0.0004845328043850219,0.00036734413622631145,0.00041314326216403683
384,ortho,gattgggttaatagatgtgttgct,4.0,aga,3.0,,DWVNRCVA,,False,False,12.0,4.0,6.0,128.0,107.0,109.0,1727.0,1213.0,1242.0,True,False,True,True,False,False,1.0,both,0.00649619331347236,0.005710707694625438,0.006026113157013726,0.0004845328043850219,0.00036734413622631145,0.00041314326216403683
385,ortho,gattgggttaatagatgtgttgct,5.0,tgt,4.0,,DWVNRCVA,,False,False,12.0,4.0,6.0,128.0,107.0,109.0,1727.0,1213.0,1242.0,True,False,True,True,False,False,1.0,both,0.00649619331347236,0.005710707694625438,0.006026113157013726,0.0004845328043850219,0.00036734413622631145,0.00041314326216403683
386,ortho,gattgggttaatagatgtgttgct,6.0,gtt,5.0,,DWVNRCVA,,False,False,12.0,4.0,6.0,128.0,107.0,109.0,1727.0,1213.0,1242.0,True,False,True,True,False,False,1.0,both,0.00649619331347236,0.005710707694625438,0.006026113157013726,0.0004845328043850219,0.00036734413622631145,0.00041314326216403683
387,ortho,gattgggttaatagatgtgttgct,7.0,gct,6.0,,DWVNRCVA,,False,False,12.0,4.0,6.0,128.0,107.0,109.0,1727.0,1213.0,1242.0,True,False,True,True,False,False,1.0,both,0.00649619331347236,0.005710707694625438,0.006026113157013726,0.0004845328043850219,0.00036734413622631145,0.00041314326216403683
388,ortho,gattgggttactagatgtgttgtt,2.0,gtt,1.0,,DWVTRCVV,,False,False,11.0,4.0,6.0,47.0,51.0,23.0,1267.0,896.0,944.0,True,False,True,True,False,False,1.0,both,0.004765881255454244,0.004218296862641709,0.004580234154767277,0.00017791438911012522,0.00017508926119198023,8.717701862176924e-05
389,ortho,gattgggttactagatgtgttgtt,3.0,act,2.0,,DWVTRCVV,,False,False,11.0,4.0,6.0,47.0,51.0,23.0,1267.0,896.0,944.0,True,False,True,True,False,False,1.0,both,0.004765881255454244,0.004218296862641709,0.004580234154767277,0.00017791438911012522,0.00017508926119198023,8.717701862176924e-05
390,ortho,gattgggttactagatgtgttgtt,4.0,aga,3.0,,DWVTRCVV,,False,False,11.0,4.0,6.0,47.0,51.0,23.0,1267.0,896.0,944.0,True,False,True,True,False,False,1.0,both,0.004765881255454244,0.004218296862641709,0.004580234154767277,0.00017791438911012522,0.00017508926119198023,8.717701862176924e-05
391,ortho,gattgggttactagatgtgttgtt,5.0,tgt,4.0,,DWVTRCVV,,False,False,11.0,4.0,6.0,47.0,51.0,23.0,1267.0,896.0,944.0,True,False,True,True,False,False,1.0,both,0.004765881255454244,0.004218296862641709,0.004580234154767277,0.00017791438911012522,0.00017508926119198023,8.717701862176924e-05
392,ortho,gattgggttactagatgtgttgtt,6.0,gtt,5.0,,DWVTRCVV,,False,False,11.0,4.0,6.0,47.0,51.0,23.0,1267.0,896.0,944.0,True,False,True,True,False,False,1.0,both,0.004765881255454244,0.004218296862641709,0.004580234154767277,0.00017791438911012522,0.00017508926119198023,8.717701862176924e-05
393,ortho,gattgggttactagatgtgttgtt,7.0,gtt,6.0,,DWVTRCVV,,False,False,11.0,4.0,6.0,47.0,51.0,23.0,1267.0,896.0,944.0,True,False,True,True,False,False,1.0,both,0.004765881255454244,0.004218296862641709,0.004580234154767277,0.00017791438911012522,0.00017508926119198023,8.717701862176924e-05
394,ortho,gattgggttagaagatatactttg,2.0,gtt,1.0,,DWVRRYTL,,False,False,4.0,0.0,3.0,45.0,62.0,36.0,1188.0,905.0,844.0,True,False,True,True,False,False,1.0,both,0.004468718967229395,0.0042606681480923505,0.004095039858711421,0.00017034356404160925,0.00021285361164515243,0.0001364509856688562
395,ortho,gattgggttagaagatatactttg,4.0,aga,2.0,,DWVRRYTL,,False,False,4.0,0.0,3.0,45.0,62.0,36.0,1188.0,905.0,844.0,True,False,True,True,False,False,1.0,both,0.004468718967229395,0.0042606681480923505,0.004095039858711421,0.00017034356404160925,0.00021285361164515243,0.0001364509856688562
396,ortho,gattgggttagaagatatactttg,6.0,act,3.0,,DWVRRYTL,,False,False,4.0,0.0,3.0,45.0,62.0,36.0,1188.0,905.0,844.0,True,False,True,True,False,False,1.0,both,0.004468718967229395,0.0042606681480923505,0.004095039858711421,0.00017034356404160925,0.00021285361164515243,0.0001364509856688562
397,single,gattgggttagacgttatacattg,2.0,gtt,1.0,,DWVRRYTL,,False,False,1.0,0.0,1.0,2.0,4.0,1.0,1.0,3.0,5.0,True,False,True,True,False,False,2.0,both,3.761547952213295e-06,1.4123761816880721e-05,2.4259714802792778e-05,7.570825068515967e-06,1.3732491073880802e-05,3.790305157468228e-06
398,ortho,gattgggttcaaagatctattttg,2.0,gtt,1.0,,DWVQRSIL,,False,False,8.0,3.0,5.0,75.0,53.0,43.0,1251.0,901.0,937.0,True,False,True,True,False,False,1.0,both,0.004705696488218832,0.004241836465669843,0.0045462705540433666,0.00028390594006934874,0.00018195550672892063,0.0001629831217711338
399,ortho,gattgggttcaaagatctattttg,3.0,caa,2.0,,DWVQRSIL,,False,False,8.0,3.0,5.0,75.0,53.0,43.0,1251.0,901.0,937.0,True,False,True,True,False,False,1.0,both,0.004705696488218832,0.004241836465669843,0.0045462705540433666,0.00028390594006934874,0.00018195550672892063,0.0001629831217711338
400,ortho,gattgggttcaaagatctattttg,4.0,aga,3.0,,DWVQRSIL,,False,False,8.0,3.0,5.0,75.0,53.0,43.0,1251.0,901.0,937.0,True,False,True,True,False,False,1.0,both,0.004705696488218832,0.004241836465669843,0.0045462705540433666,0.00028390594006934874,0.00018195550672892063,0.0001629831217711338
401,ortho,gattgggttcaaagatctattttg,5.0,tct,4.0,,DWVQRSIL,,False,False,8.0,3.0,5.0,75.0,53.0,43.0,1251.0,901.0,937.0,True,False,True,True,False,False,1.0,both,0.004705696488218832,0.004241836465669843,0.0045462705540433666,0.00028390594006934874,0.00018195550672892063,0.0001629831217711338
402,ortho,gattgggttcaaagatctattttg,6.0,att,5.0,,DWVQRSIL,,False,False,8.0,3.0,5.0,75.0,53.0,43.0,1251.0,901.0,937.0,True,False,True,True,False,False,1.0,both,0.004705696488218832,0.004241836465669843,0.0045462705540433666,0.00028390594006934874,0.00018195550672892063,0.0001629831217711338
403,ortho,gattgggttcaaagatctattttt,2.0,gtt,1.0,,DWVQRSIF,,False,False,9.0,4.0,6.0,113.0,112.0,94.0,1539.0,1098.0,1009.0,True,False,True,True,False,False,1.0,both,0.005789022298456261,0.005169296824978344,0.004895610447203583,0.0004277516163711521,0.00038450975006866246,0.0003562886848020134
404,ortho,gattgggttcaaagatctattttt,3.0,caa,2.0,,DWVQRSIF,,False,False,9.0,4.0,6.0,113.0,112.0,94.0,1539.0,1098.0,1009.0,True,False,True,True,False,False,1.0,both,0.005789022298456261,0.005169296824978344,0.004895610447203583,0.0004277516163711521,0.00038450975006866246,0.0003562886848020134
405,ortho,gattgggttcaaagatctattttt,4.0,aga,3.0,,DWVQRSIF,,False,False,9.0,4.0,6.0,113.0,112.0,94.0,1539.0,1098.0,1009.0,True,False,True,True,False,False,1.0,both,0.005789022298456261,0.005169296824978344,0.004895610447203583,0.0004277516163711521,0.00038450975006866246,0.0003562886848020134
406,ortho,gattgggttcaaagatctattttt,5.0,tct,4.0,,DWVQRSIF,,False,False,9.0,4.0,6.0,113.0,112.0,94.0,1539.0,1098.0,1009.0,True,False,True,True,False,False,1.0,both,0.005789022298456261,0.005169296824978344,0.004895610447203583,0.0004277516163711521,0.00038450975006866246,0.0003562886848020134
407,ortho,gattgggttcaaagatctattttt,6.0,att,5.0,,DWVQRSIF,,False,False,9.0,4.0,6.0,113.0,112.0,94.0,1539.0,1098.0,1009.0,True,False,True,True,False,False,1.0,both,0.005789022298456261,0.005169296824978344,0.004895610447203583,0.0004277516163711521,0.00038450975006866246,0.0003562886848020134
408,ortho,gattgggttcaaagatctattttt,7.0,ttt,6.0,,DWVQRSIF,,False,False,9.0,4.0,6.0,113.0,112.0,94.0,1539.0,1098.0,1009.0,True,False,True,True,False,False,1.0,both,0.005789022298456261,0.005169296824978344,0.004895610447203583,0.0004277516163711521,0.00038450975006866246,0.0003562886848020134
409,ortho,gattgggttcaaagatgtgttttt,2.0,gtt,1.0,,DWVQRCVF,,False,False,10.0,4.0,6.0,179.0,260.0,264.0,34.0,26.0,29.0,True,False,True,True,False,False,1.0,both,0.00012789263037525203,0.00012240593574629958,0.0001407063458561981,0.000677588843632179,0.0008926119198022521,0.001000640561571612
410,ortho,gattgggttcaaagatgtgttttt,3.0,caa,2.0,,DWVQRCVF,,False,False,10.0,4.0,6.0,179.0,260.0,264.0,34.0,26.0,29.0,True,False,True,True,False,False,1.0,both,0.00012789263037525203,0.00012240593574629958,0.0001407063458561981,0.000677588843632179,0.0008926119198022521,0.001000640561571612
411,ortho,gattgggttcaaagatgtgttttt,4.0,aga,3.0,,DWVQRCVF,,False,False,10.0,4.0,6.0,179.0,260.0,264.0,34.0,26.0,29.0,True,False,True,True,False,False,1.0,both,0.00012789263037525203,0.00012240593574629958,0.0001407063458561981,0.000677588843632179,0.0008926119198022521,0.001000640561571612
412,ortho,gattgggttcaaagatgtgttttt,5.0,tgt,4.0,,DWVQRCVF,,False,False,10.0,4.0,6.0,179.0,260.0,264.0,34.0,26.0,29.0,True,False,True,True,False,False,1.0,both,0.00012789263037525203,0.00012240593574629958,0.0001407063458561981,0.000677588843632179,0.0008926119198022521,0.001000640561571612
413,ortho,gattgggttcaaagatgtgttttt,6.0,gtt,5.0,,DWVQRCVF,,False,False,10.0,4.0,6.0,179.0,260.0,264.0,34.0,26.0,29.0,True,False,True,True,False,False,1.0,both,0.00012789263037525203,0.00012240593574629958,0.0001407063458561981,0.000677588843632179,0.0008926119198022521,0.001000640561571612
414,ortho,gattgggttcaaagatgtgttttt,7.0,ttt,6.0,,DWVQRCVF,,False,False,10.0,4.0,6.0,179.0,260.0,264.0,34.0,26.0,29.0,True,False,True,True,False,False,1.0,both,0.00012789263037525203,0.00012240593574629958,0.0001407063458561981,0.000677588843632179,0.0008926119198022521,0.001000640561571612
415,ortho,gattgggttgaaagatgtattgtt,2.0,gtt,1.0,,DWVERCIV,,False,False,10.0,4.0,6.0,40.0,38.0,31.0,1020.0,766.0,790.0,True,False,True,True,False,False,1.0,both,0.0038367789112575606,0.0036062671839102107,0.003833034938841259,0.00015141650137031934,0.00013045866520186762,0.00011749945988151507
416,ortho,gattgggttgaaagatgtattgtt,3.0,gaa,2.0,,DWVERCIV,,False,False,10.0,4.0,6.0,40.0,38.0,31.0,1020.0,766.0,790.0,True,False,True,True,False,False,1.0,both,0.0038367789112575606,0.0036062671839102107,0.003833034938841259,0.00015141650137031934,0.00013045866520186762,0.00011749945988151507
417,ortho,gattgggttgaaagatgtattgtt,4.0,aga,3.0,,DWVERCIV,,False,False,10.0,4.0,6.0,40.0,38.0,31.0,1020.0,766.0,790.0,True,False,True,True,False,False,1.0,both,0.0038367789112575606,0.0036062671839102107,0.003833034938841259,0.00015141650137031934,0.00013045866520186762,0.00011749945988151507
418,ortho,gattgggttgaaagatgtattgtt,5.0,tgt,4.0,,DWVERCIV,,False,False,10.0,4.0,6.0,40.0,38.0,31.0,1020.0,766.0,790.0,True,False,True,True,False,False,1.0,both,0.0038367789112575606,0.0036062671839102107,0.003833034938841259,0.00015141650137031934,0.00013045866520186762,0.00011749945988151507
419,ortho,gattgggttgaaagatgtattgtt,6.0,att,5.0,,DWVERCIV,,False,False,10.0,4.0,6.0,40.0,38.0,31.0,1020.0,766.0,790.0,True,False,True,True,False,False,1.0,both,0.0038367789112575606,0.0036062671839102107,0.003833034938841259,0.00015141650137031934,0.00013045866520186762,0.00011749945988151507
420,ortho,gattgggttgaaagatgtattgtt,7.0,gtt,6.0,,DWVERCIV,,False,False,10.0,4.0,6.0,40.0,38.0,31.0,1020.0,766.0,790.0,True,False,True,True,False,False,1.0,both,0.0038367789112575606,0.0036062671839102107,0.003833034938841259,0.00015141650137031934,0.00013045866520186762,0.00011749945988151507
421,ortho,gattgggttgaaagatgtgttgtt,2.0,gtt,1.0,,DWVERCVV,,False,False,11.0,4.0,6.0,24.0,52.0,33.0,814.0,589.0,617.0,True,False,True,True,False,False,1.0,both,0.003061900033101622,0.002772965236714248,0.002993648806664629,9.08499008221916e-05,0.00017852238396045043,0.0001250800701964515
422,ortho,gattgggttgaaagatgtgttgtt,3.0,gaa,2.0,,DWVERCVV,,False,False,11.0,4.0,6.0,24.0,52.0,33.0,814.0,589.0,617.0,True,False,True,True,False,False,1.0,both,0.003061900033101622,0.002772965236714248,0.002993648806664629,9.08499008221916e-05,0.00017852238396045043,0.0001250800701964515
423,ortho,gattgggttgaaagatgtgttgtt,4.0,aga,3.0,,DWVERCVV,,False,False,11.0,4.0,6.0,24.0,52.0,33.0,814.0,589.0,617.0,True,False,True,True,False,False,1.0,both,0.003061900033101622,0.002772965236714248,0.002993648806664629,9.08499008221916e-05,0.00017852238396045043,0.0001250800701964515
424,ortho,gattgggttgaaagatgtgttgtt,5.0,tgt,4.0,,DWVERCVV,,False,False,11.0,4.0,6.0,24.0,52.0,33.0,814.0,589.0,617.0,True,False,True,True,False,False,1.0,both,0.003061900033101622,0.002772965236714248,0.002993648806664629,9.08499008221916e-05,0.00017852238396045043,0.0001250800701964515
425,ortho,gattgggttgaaagatgtgttgtt,6.0,gtt,5.0,,DWVERCVV,,False,False,11.0,4.0,6.0,24.0,52.0,33.0,814.0,589.0,617.0,True,False,True,True,False,False,1.0,both,0.003061900033101622,0.002772965236714248,0.002993648806664629,9.08499008221916e-05,0.00017852238396045043,0.0001250800701964515
426,ortho,gattgggttgaaagatgtgttgtt,7.0,gtt,6.0,,DWVERCVV,,False,False,11.0,4.0,6.0,24.0,52.0,33.0,814.0,589.0,617.0,True,False,True,True,False,False,1.0,both,0.003061900033101622,0.002772965236714248,0.002993648806664629,9.08499008221916e-05,0.00017852238396045043,0.0001250800701964515
427,ortho,gattgggttgctagatctattgct,2.0,gtt,1.0,,DWVARSIA,,False,False,12.0,4.0,6.0,9.0,24.0,16.0,370.0,262.0,252.0,True,False,True,True,False,False,1.0,both,0.0013917727423189191,0.0012334751986742495,0.001222689626060756,3.406871280832185e-05,8.239494644328481e-05,6.0644882519491646e-05
428,ortho,gattgggttgctagatctattgct,3.0,gct,2.0,,DWVARSIA,,False,False,12.0,4.0,6.0,9.0,24.0,16.0,370.0,262.0,252.0,True,False,True,True,False,False,1.0,both,0.0013917727423189191,0.0012334751986742495,0.001222689626060756,3.406871280832185e-05,8.239494644328481e-05,6.0644882519491646e-05
429,ortho,gattgggttgctagatctattgct,4.0,aga,3.0,,DWVARSIA,,False,False,12.0,4.0,6.0,9.0,24.0,16.0,370.0,262.0,252.0,True,False,True,True,False,False,1.0,both,0.0013917727423189191,0.0012334751986742495,0.001222689626060756,3.406871280832185e-05,8.239494644328481e-05,6.0644882519491646e-05
430,ortho,gattgggttgctagatctattgct,5.0,tct,4.0,,DWVARSIA,,False,False,12.0,4.0,6.0,9.0,24.0,16.0,370.0,262.0,252.0,True,False,True,True,False,False,1.0,both,0.0013917727423189191,0.0012334751986742495,0.001222689626060756,3.406871280832185e-05,8.239494644328481e-05,6.0644882519491646e-05
431,ortho,gattgggttgctagatctattgct,6.0,att,5.0,,DWVARSIA,,False,False,12.0,4.0,6.0,9.0,24.0,16.0,370.0,262.0,252.0,True,False,True,True,False,False,1.0,both,0.0013917727423189191,0.0012334751986742495,0.001222689626060756,3.406871280832185e-05,8.239494644328481e-05,6.0644882519491646e-05
432,ortho,gattgggttgctagatctattgct,7.0,gct,6.0,,DWVARSIA,,False,False,12.0,4.0,6.0,9.0,24.0,16.0,370.0,262.0,252.0,True,False,True,True,False,False,1.0,both,0.0013917727423189191,0.0012334751986742495,0.001222689626060756,3.406871280832185e-05,8.239494644328481e-05,6.0644882519491646e-05
433,ortho,gattgggttgctagatgtattatt,2.0,gtt,1.0,,DWVARCII,,False,False,11.0,4.0,6.0,92.0,125.0,112.0,2229.0,1489.0,1556.0,True,False,True,True,False,False,1.0,both,0.008384490385483435,0.007010093781778464,0.007549623246629112,0.0003482579531517345,0.00042914034605877506,0.0004245141776364415
434,ortho,gattgggttgctagatgtattatt,3.0,gct,2.0,,DWVARCII,,False,False,11.0,4.0,6.0,92.0,125.0,112.0,2229.0,1489.0,1556.0,True,False,True,True,False,False,1.0,both,0.008384490385483435,0.007010093781778464,0.007549623246629112,0.0003482579531517345,0.00042914034605877506,0.0004245141776364415
435,ortho,gattgggttgctagatgtattatt,4.0,aga,3.0,,DWVARCII,,False,False,11.0,4.0,6.0,92.0,125.0,112.0,2229.0,1489.0,1556.0,True,False,True,True,False,False,1.0,both,0.008384490385483435,0.007010093781778464,0.007549623246629112,0.0003482579531517345,0.00042914034605877506,0.0004245141776364415
436,ortho,gattgggttgctagatgtattatt,5.0,tgt,4.0,,DWVARCII,,False,False,11.0,4.0,6.0,92.0,125.0,112.0,2229.0,1489.0,1556.0,True,False,True,True,False,False,1.0,both,0.008384490385483435,0.007010093781778464,0.007549623246629112,0.0003482579531517345,0.00042914034605877506,0.0004245141776364415
437,ortho,gattgggttgctagatgtattatt,6.0,att,5.0,,DWVARCII,,False,False,11.0,4.0,6.0,92.0,125.0,112.0,2229.0,1489.0,1556.0,True,False,True,True,False,False,1.0,both,0.008384490385483435,0.007010093781778464,0.007549623246629112,0.0003482579531517345,0.00042914034605877506,0.0004245141776364415
438,ortho,gattgggttgctagatgtattatt,7.0,att,6.0,,DWVARCII,,False,False,11.0,4.0,6.0,92.0,125.0,112.0,2229.0,1489.0,1556.0,True,False,True,True,False,False,1.0,both,0.008384490385483435,0.007010093781778464,0.007549623246629112,0.0003482579531517345,0.00042914034605877506,0.0004245141776364415
439,ortho,gattgggttgctagatgtattgtt,2.0,gtt,1.0,,DWVARCIV,,False,False,11.0,4.0,6.0,53.0,60.0,33.0,1358.0,993.0,1041.0,True,False,True,True,False,False,1.0,both,0.005108182119105654,0.0046749651613875185,0.005050872621941456,0.00020062686431567312,0.00020598736610821203,0.0001250800701964515
440,ortho,gattgggttgctagatgtattgtt,3.0,gct,2.0,,DWVARCIV,,False,False,11.0,4.0,6.0,53.0,60.0,33.0,1358.0,993.0,1041.0,True,False,True,True,False,False,1.0,both,0.005108182119105654,0.0046749651613875185,0.005050872621941456,0.00020062686431567312,0.00020598736610821203,0.0001250800701964515
441,ortho,gattgggttgctagatgtattgtt,4.0,aga,3.0,,DWVARCIV,,False,False,11.0,4.0,6.0,53.0,60.0,33.0,1358.0,993.0,1041.0,True,False,True,True,False,False,1.0,both,0.005108182119105654,0.0046749651613875185,0.005050872621941456,0.00020062686431567312,0.00020598736610821203,0.0001250800701964515
442,ortho,gattgggttgctagatgtattgtt,5.0,tgt,4.0,,DWVARCIV,,False,False,11.0,4.0,6.0,53.0,60.0,33.0,1358.0,993.0,1041.0,True,False,True,True,False,False,1.0,both,0.005108182119105654,0.0046749651613875185,0.005050872621941456,0.00020062686431567312,0.00020598736610821203,0.0001250800701964515
443,ortho,gattgggttgctagatgtattgtt,6.0,att,5.0,,DWVARCIV,,False,False,11.0,4.0,6.0,53.0,60.0,33.0,1358.0,993.0,1041.0,True,False,True,True,False,False,1.0,both,0.005108182119105654,0.0046749651613875185,0.005050872621941456,0.00020062686431567312,0.00020598736610821203,0.0001250800701964515
444,ortho,gattgggttgctagatgtattgtt,7.0,gtt,6.0,,DWVARCIV,,False,False,11.0,4.0,6.0,53.0,60.0,33.0,1358.0,993.0,1041.0,True,False,True,True,False,False,1.0,both,0.005108182119105654,0.0046749651613875185,0.005050872621941456,0.00020062686431567312,0.00020598736610821203,0.0001250800701964515
445,ortho,gattgggtttatagatctattatt,2.0,gtt,1.0,,DWVYRSII,,False,False,11.0,4.0,6.0,27.0,19.0,20.0,534.0,377.0,356.0,True,False,True,True,False,False,1.0,both,0.0020086666064818995,0.0017748860683213438,0.0017272916939588458,0.00010220613842496556,6.522933260093381e-05,7.580610314936455e-05
446,ortho,gattgggtttatagatctattatt,3.0,tat,2.0,,DWVYRSII,,False,False,11.0,4.0,6.0,27.0,19.0,20.0,534.0,377.0,356.0,True,False,True,True,False,False,1.0,both,0.0020086666064818995,0.0017748860683213438,0.0017272916939588458,0.00010220613842496556,6.522933260093381e-05,7.580610314936455e-05
447,ortho,gattgggtttatagatctattatt,4.0,aga,3.0,,DWVYRSII,,False,False,11.0,4.0,6.0,27.0,19.0,20.0,534.0,377.0,356.0,True,False,True,True,False,False,1.0,both,0.0020086666064818995,0.0017748860683213438,0.0017272916939588458,0.00010220613842496556,6.522933260093381e-05,7.580610314936455e-05
448,ortho,gattgggtttatagatctattatt,5.0,tct,4.0,,DWVYRSII,,False,False,11.0,4.0,6.0,27.0,19.0,20.0,534.0,377.0,356.0,True,False,True,True,False,False,1.0,both,0.0020086666064818995,0.0017748860683213438,0.0017272916939588458,0.00010220613842496556,6.522933260093381e-05,7.580610314936455e-05
449,ortho,gattgggtttatagatctattatt,6.0,att,5.0,,DWVYRSII,,False,False,11.0,4.0,6.0,27.0,19.0,20.0,534.0,377.0,356.0,True,False,True,True,False,False,1.0,both,0.0020086666064818995,0.0017748860683213438,0.0017272916939588458,0.00010220613842496556,6.522933260093381e-05,7.580610314936455e-05
450,ortho,gattgggtttatagatctattatt,7.0,att,6.0,,DWVYRSII,,False,False,11.0,4.0,6.0,27.0,19.0,20.0,534.0,377.0,356.0,True,False,True,True,False,False,1.0,both,0.0020086666064818995,0.0017748860683213438,0.0017272916939588458,0.00010220613842496556,6.522933260093381e-05,7.580610314936455e-05
451,ortho,gattgggtttatagatctattttg,2.0,gtt,1.0,,DWVYRSIL,,False,False,9.0,3.0,5.0,31.0,30.0,28.0,715.0,607.0,573.0,True,False,True,True,False,False,1.0,both,0.0026895067858325058,0.0028577078076155323,0.0027801633164000524,0.00011734778856199749,0.00010299368305410601,0.00010612854440911037
452,ortho,gattgggtttatagatctattttg,3.0,tat,2.0,,DWVYRSIL,,False,False,9.0,3.0,5.0,31.0,30.0,28.0,715.0,607.0,573.0,True,False,True,True,False,False,1.0,both,0.0026895067858325058,0.0028577078076155323,0.0027801633164000524,0.00011734778856199749,0.00010299368305410601,0.00010612854440911037
453,ortho,gattgggtttatagatctattttg,4.0,aga,3.0,,DWVYRSIL,,False,False,9.0,3.0,5.0,31.0,30.0,28.0,715.0,607.0,573.0,True,False,True,True,False,False,1.0,both,0.0026895067858325058,0.0028577078076155323,0.0027801633164000524,0.00011734778856199749,0.00010299368305410601,0.00010612854440911037
454,ortho,gattgggtttatagatctattttg,5.0,tct,4.0,,DWVYRSIL,,False,False,9.0,3.0,5.0,31.0,30.0,28.0,715.0,607.0,573.0,True,False,True,True,False,False,1.0,both,0.0026895067858325058,0.0028577078076155323,0.0027801633164000524,0.00011734778856199749,0.00010299368305410601,0.00010612854440911037
455,ortho,gattgggtttatagatctattttg,6.0,att,5.0,,DWVYRSIL,,False,False,9.0,3.0,5.0,31.0,30.0,28.0,715.0,607.0,573.0,True,False,True,True,False,False,1.0,both,0.0026895067858325058,0.0028577078076155323,0.0027801633164000524,0.00011734778856199749,0.00010299368305410601,0.00010612854440911037
456,ortho,gattgggtttatagatctgttatt,2.0,gtt,1.0,,DWVYRSVI,,False,False,12.0,4.0,6.0,70.0,62.0,50.0,1680.0,1206.0,1163.0,True,False,True,True,False,False,1.0,both,0.006319400559718335,0.00567775225038605,0.0056428096631296,0.00026497887739805885,0.00021285361164515243,0.0001895152578734114
457,ortho,gattgggtttatagatctgttatt,3.0,tat,2.0,,DWVYRSVI,,False,False,12.0,4.0,6.0,70.0,62.0,50.0,1680.0,1206.0,1163.0,True,False,True,True,False,False,1.0,both,0.006319400559718335,0.00567775225038605,0.0056428096631296,0.00026497887739805885,0.00021285361164515243,0.0001895152578734114
458,ortho,gattgggtttatagatctgttatt,4.0,aga,3.0,,DWVYRSVI,,False,False,12.0,4.0,6.0,70.0,62.0,50.0,1680.0,1206.0,1163.0,True,False,True,True,False,False,1.0,both,0.006319400559718335,0.00567775225038605,0.0056428096631296,0.00026497887739805885,0.00021285361164515243,0.0001895152578734114
459,ortho,gattgggtttatagatctgttatt,5.0,tct,4.0,,DWVYRSVI,,False,False,12.0,4.0,6.0,70.0,62.0,50.0,1680.0,1206.0,1163.0,True,False,True,True,False,False,1.0,both,0.006319400559718335,0.00567775225038605,0.0056428096631296,0.00026497887739805885,0.00021285361164515243,0.0001895152578734114
460,ortho,gattgggtttatagatctgttatt,6.0,gtt,5.0,,DWVYRSVI,,False,False,12.0,4.0,6.0,70.0,62.0,50.0,1680.0,1206.0,1163.0,True,False,True,True,False,False,1.0,both,0.006319400559718335,0.00567775225038605,0.0056428096631296,0.00026497887739805885,0.00021285361164515243,0.0001895152578734114
461,ortho,gattgggtttatagatctgttatt,7.0,att,6.0,,DWVYRSVI,,False,False,12.0,4.0,6.0,70.0,62.0,50.0,1680.0,1206.0,1163.0,True,False,True,True,False,False,1.0,both,0.006319400559718335,0.00567775225038605,0.0056428096631296,0.00026497887739805885,0.00021285361164515243,0.0001895152578734114
462,ortho,gattgggtttatagatctgttttg,2.0,gtt,1.0,,DWVYRSVL,,False,False,10.0,3.0,5.0,116.0,130.0,114.0,1995.0,1441.0,1508.0,True,False,True,True,False,False,1.0,both,0.007504288164665523,0.0067841135927083724,0.007316729984522302,0.0004391078539739261,0.00044630595990112606,0.000432094787951378
463,ortho,gattgggtttatagatctgttttg,3.0,tat,2.0,,DWVYRSVL,,False,False,10.0,3.0,5.0,116.0,130.0,114.0,1995.0,1441.0,1508.0,True,False,True,True,False,False,1.0,both,0.007504288164665523,0.0067841135927083724,0.007316729984522302,0.0004391078539739261,0.00044630595990112606,0.000432094787951378
464,ortho,gattgggtttatagatctgttttg,4.0,aga,3.0,,DWVYRSVL,,False,False,10.0,3.0,5.0,116.0,130.0,114.0,1995.0,1441.0,1508.0,True,False,True,True,False,False,1.0,both,0.007504288164665523,0.0067841135927083724,0.007316729984522302,0.0004391078539739261,0.00044630595990112606,0.000432094787951378
465,ortho,gattgggtttatagatctgttttg,5.0,tct,4.0,,DWVYRSVL,,False,False,10.0,3.0,5.0,116.0,130.0,114.0,1995.0,1441.0,1508.0,True,False,True,True,False,False,1.0,both,0.007504288164665523,0.0067841135927083724,0.007316729984522302,0.0004391078539739261,0.00044630595990112606,0.000432094787951378
466,ortho,gattgggtttatagatctgttttg,6.0,gtt,5.0,,DWVYRSVL,,False,False,10.0,3.0,5.0,116.0,130.0,114.0,1995.0,1441.0,1508.0,True,False,True,True,False,False,1.0,both,0.007504288164665523,0.0067841135927083724,0.007316729984522302,0.0004391078539739261,0.00044630595990112606,0.000432094787951378
467,ortho,gattgggtttatagatgtattttg,2.0,gtt,1.0,,DWVYRCIL,,False,False,9.0,3.0,5.0,105.0,151.0,109.0,3391.0,2655.0,2644.0,True,False,True,True,False,False,1.0,both,0.012755409105955283,0.012499529207939437,0.01282853718771682,0.0003974683160970883,0.0005184015380390003,0.00041314326216403683
468,ortho,gattgggtttatagatgtattttg,3.0,tat,2.0,,DWVYRCIL,,False,False,9.0,3.0,5.0,105.0,151.0,109.0,3391.0,2655.0,2644.0,True,False,True,True,False,False,1.0,both,0.012755409105955283,0.012499529207939437,0.01282853718771682,0.0003974683160970883,0.0005184015380390003,0.00041314326216403683
469,ortho,gattgggtttatagatgtattttg,4.0,aga,3.0,,DWVYRCIL,,False,False,9.0,3.0,5.0,105.0,151.0,109.0,3391.0,2655.0,2644.0,True,False,True,True,False,False,1.0,both,0.012755409105955283,0.012499529207939437,0.01282853718771682,0.0003974683160970883,0.0005184015380390003,0.00041314326216403683
470,ortho,gattgggtttatagatgtattttg,5.0,tgt,4.0,,DWVYRCIL,,False,False,9.0,3.0,5.0,105.0,151.0,109.0,3391.0,2655.0,2644.0,True,False,True,True,False,False,1.0,both,0.012755409105955283,0.012499529207939437,0.01282853718771682,0.0003974683160970883,0.0005184015380390003,0.00041314326216403683
471,ortho,gattgggtttatagatgtattttg,6.0,att,5.0,,DWVYRCIL,,False,False,9.0,3.0,5.0,105.0,151.0,109.0,3391.0,2655.0,2644.0,True,False,True,True,False,False,1.0,both,0.012755409105955283,0.012499529207939437,0.01282853718771682,0.0003974683160970883,0.0005184015380390003,0.00041314326216403683
472,ortho,gattgggtttatagatgtgttttg,2.0,gtt,1.0,,DWVYRCVL,,False,False,10.0,3.0,5.0,25.0,30.0,9.0,597.0,438.0,454.0,True,False,True,True,False,False,1.0,both,0.002245644127471337,0.0020620692252645853,0.0022027821040935844,9.463531335644958e-05,0.00010299368305410601,3.411274641721405e-05
473,ortho,gattgggtttatagatgtgttttg,3.0,tat,2.0,,DWVYRCVL,,False,False,10.0,3.0,5.0,25.0,30.0,9.0,597.0,438.0,454.0,True,False,True,True,False,False,1.0,both,0.002245644127471337,0.0020620692252645853,0.0022027821040935844,9.463531335644958e-05,0.00010299368305410601,3.411274641721405e-05
474,ortho,gattgggtttatagatgtgttttg,4.0,aga,3.0,,DWVYRCVL,,False,False,10.0,3.0,5.0,25.0,30.0,9.0,597.0,438.0,454.0,True,False,True,True,False,False,1.0,both,0.002245644127471337,0.0020620692252645853,0.0022027821040935844,9.463531335644958e-05,0.00010299368305410601,3.411274641721405e-05
475,ortho,gattgggtttatagatgtgttttg,5.0,tgt,4.0,,DWVYRCVL,,False,False,10.0,3.0,5.0,25.0,30.0,9.0,597.0,438.0,454.0,True,False,True,True,False,False,1.0,both,0.002245644127471337,0.0020620692252645853,0.0022027821040935844,9.463531335644958e-05,0.00010299368305410601,3.411274641721405e-05
476,ortho,gattgggtttatagatgtgttttg,6.0,gtt,5.0,,DWVYRCVL,,False,False,10.0,3.0,5.0,25.0,30.0,9.0,597.0,438.0,454.0,True,False,True,True,False,False,1.0,both,0.002245644127471337,0.0020620692252645853,0.0022027821040935844,9.463531335644958e-05,0.00010299368305410601,3.411274641721405e-05
477,ortho,gattgggtttctagatgtattgtt,2.0,gtt,1.0,,DWVSRCIV,,False,False,11.0,4.0,6.0,1.0,1.0,1.0,2.0,4.0,4.0,True,False,True,True,False,False,3.0,both,7.52309590442659e-06,1.8831682422507626e-05,1.9407771842234222e-05,3.7854125342579835e-06,3.4331227684702005e-06,3.790305157468228e-06
478,ortho,gattgggtttctagatgtattgtt,3.0,tct,2.0,,DWVSRCIV,,False,False,11.0,4.0,6.0,1.0,1.0,1.0,2.0,4.0,4.0,True,False,True,True,False,False,3.0,both,7.52309590442659e-06,1.8831682422507626e-05,1.9407771842234222e-05,3.7854125342579835e-06,3.4331227684702005e-06,3.790305157468228e-06
479,ortho,gattgggtttctagatgtattgtt,4.0,aga,3.0,,DWVSRCIV,,False,False,11.0,4.0,6.0,1.0,1.0,1.0,2.0,4.0,4.0,True,False,True,True,False,False,3.0,both,7.52309590442659e-06,1.8831682422507626e-05,1.9407771842234222e-05,3.7854125342579835e-06,3.4331227684702005e-06,3.790305157468228e-06
480,ortho,gattgggtttctagatgtattgtt,5.0,tgt,4.0,,DWVSRCIV,,False,False,11.0,4.0,6.0,1.0,1.0,1.0,2.0,4.0,4.0,True,False,True,True,False,False,3.0,both,7.52309590442659e-06,1.8831682422507626e-05,1.9407771842234222e-05,3.7854125342579835e-06,3.4331227684702005e-06,3.790305157468228e-06
481,ortho,gattgggtttctagatgtattgtt,6.0,att,5.0,,DWVSRCIV,,False,False,11.0,4.0,6.0,1.0,1.0,1.0,2.0,4.0,4.0,True,False,True,True,False,False,3.0,both,7.52309590442659e-06,1.8831682422507626e-05,1.9407771842234222e-05,3.7854125342579835e-06,3.4331227684702005e-06,3.790305157468228e-06
482,ortho,gattgggtttctagatgtattgtt,7.0,gtt,6.0,,DWVSRCIV,,False,False,11.0,4.0,6.0,1.0,1.0,1.0,2.0,4.0,4.0,True,False,True,True,False,False,3.0,both,7.52309590442659e-06,1.8831682422507626e-05,1.9407771842234222e-05,3.7854125342579835e-06,3.4331227684702005e-06,3.790305157468228e-06
483,ortho,gattgggtttggagatgtattatt,2.0,gtt,1.0,,DWVWRCII,,False,False,10.0,4.0,6.0,25.0,15.0,10.0,571.0,384.0,431.0,True,False,True,True,False,False,1.0,both,0.0021478438807137914,0.0018078415125607323,0.0020911874160007373,9.463531335644958e-05,5.149684152705301e-05,3.7903051574682275e-05
484,ortho,gattgggtttggagatgtattatt,3.0,tgg,2.0,,DWVWRCII,,False,False,10.0,4.0,6.0,25.0,15.0,10.0,571.0,384.0,431.0,True,False,True,True,False,False,1.0,both,0.0021478438807137914,0.0018078415125607323,0.0020911874160007373,9.463531335644958e-05,5.149684152705301e-05,3.7903051574682275e-05
485,ortho,gattgggtttggagatgtattatt,4.0,aga,3.0,,DWVWRCII,,False,False,10.0,4.0,6.0,25.0,15.0,10.0,571.0,384.0,431.0,True,False,True,True,False,False,1.0,both,0.0021478438807137914,0.0018078415125607323,0.0020911874160007373,9.463531335644958e-05,5.149684152705301e-05,3.7903051574682275e-05
486,ortho,gattgggtttggagatgtattatt,5.0,tgt,4.0,,DWVWRCII,,False,False,10.0,4.0,6.0,25.0,15.0,10.0,571.0,384.0,431.0,True,False,True,True,False,False,1.0,both,0.0021478438807137914,0.0018078415125607323,0.0020911874160007373,9.463531335644958e-05,5.149684152705301e-05,3.7903051574682275e-05
487,ortho,gattgggtttggagatgtattatt,6.0,att,5.0,,DWVWRCII,,False,False,10.0,4.0,6.0,25.0,15.0,10.0,571.0,384.0,431.0,True,False,True,True,False,False,1.0,both,0.0021478438807137914,0.0018078415125607323,0.0020911874160007373,9.463531335644958e-05,5.149684152705301e-05,3.7903051574682275e-05
488,ortho,gattgggtttggagatgtattatt,7.0,att,6.0,,DWVWRCII,,False,False,10.0,4.0,6.0,25.0,15.0,10.0,571.0,384.0,431.0,True,False,True,True,False,False,1.0,both,0.0021478438807137914,0.0018078415125607323,0.0020911874160007373,9.463531335644958e-05,5.149684152705301e-05,3.7903051574682275e-05
489,ortho,gattgggtttttagatctattttg,2.0,gtt,1.0,,DWVFRSIL,,False,False,9.0,3.0,5.0,7.0,12.0,14.0,329.0,263.0,277.0,True,False,True,True,False,False,1.0,both,0.001237549276278174,0.0012381831192798765,0.00134398820007472,2.6497887739805885e-05,4.1197473221642406e-05,5.306427220455519e-05
490,ortho,gattgggtttttagatctattttg,3.0,ttt,2.0,,DWVFRSIL,,False,False,9.0,3.0,5.0,7.0,12.0,14.0,329.0,263.0,277.0,True,False,True,True,False,False,1.0,both,0.001237549276278174,0.0012381831192798765,0.00134398820007472,2.6497887739805885e-05,4.1197473221642406e-05,5.306427220455519e-05
491,ortho,gattgggtttttagatctattttg,4.0,aga,3.0,,DWVFRSIL,,False,False,9.0,3.0,5.0,7.0,12.0,14.0,329.0,263.0,277.0,True,False,True,True,False,False,1.0,both,0.001237549276278174,0.0012381831192798765,0.00134398820007472,2.6497887739805885e-05,4.1197473221642406e-05,5.306427220455519e-05
492,ortho,gattgggtttttagatctattttg,5.0,tct,4.0,,DWVFRSIL,,False,False,9.0,3.0,5.0,7.0,12.0,14.0,329.0,263.0,277.0,True,False,True,True,False,False,1.0,both,0.001237549276278174,0.0012381831192798765,0.00134398820007472,2.6497887739805885e-05,4.1197473221642406e-05,5.306427220455519e-05
493,ortho,gattgggtttttagatctattttg,6.0,att,5.0,,DWVFRSIL,,False,False,9.0,3.0,5.0,7.0,12.0,14.0,329.0,263.0,277.0,True,False,True,True,False,False,1.0,both,0.001237549276278174,0.0012381831192798765,0.00134398820007472,2.6497887739805885e-05,4.1197473221642406e-05,5.306427220455519e-05
494,single,gattggtagagacgttatacattg,2.0,tag,1.0,,DW*RRYTL,,True,False,2.0,1.0,1.0,1.0,1.0,1.0,4.0,5.0,2.0,True,False,True,True,False,False,2.0,both,1.504619180885318e-05,2.3539603028134534e-05,9.703885921117111e-06,3.7854125342579835e-06,3.4331227684702005e-06,3.790305157468228e-06
495,single,gattggtatagacgttatacattg,2.0,tat,1.0,,DWYRRYTL,,False,False,3.0,1.0,1.0,1.0,1.0,6.0,62.0,26.0,25.0,True,False,True,True,False,False,1.0,both,0.00023321597303722428,0.00012240593574629958,0.00012129857401396389,3.7854125342579835e-06,3.4331227684702005e-06,2.2741830944809367e-05
496,single,gattggtctagacgttatacattg,2.0,tct,1.0,,DWSRRYTL,,False,False,3.0,1.0,1.0,31.0,37.0,14.0,943.0,752.0,683.0,True,False,True,True,False,False,1.0,both,0.003547139718937137,0.003540356295431434,0.0033138770420614934,0.00011734778856199749,0.00012702554243339742,5.306427220455519e-05
497,single,gattggtggagacgttatacattg,2.0,tgg,1.0,,DWWRRYTL,,False,False,2.0,1.0,1.0,1.0,5.0,1.0,38.0,24.0,35.0,True,False,True,True,False,False,1.0,both,0.0001429388221841052,0.00011299009453504577,0.00016981800361954945,3.7854125342579835e-06,1.7165613842351002e-05,3.790305157468228e-06
498,ortho,gattggttgagaagatgtattatt,2.0,ttg,1.0,,DWLRRCII,,False,False,8.0,4.0,5.0,1.0,4.0,1.0,14.0,10.0,9.0,True,False,True,True,False,False,2.0,both,5.2661671330986125e-05,4.707920605626907e-05,4.3667486645027004e-05,3.7854125342579835e-06,1.3732491073880802e-05,3.790305157468228e-06
499,ortho,gattggttgagaagatgtattatt,4.0,aga,2.0,,DWLRRCII,,False,False,8.0,4.0,5.0,1.0,4.0,1.0,14.0,10.0,9.0,True,False,True,True,False,False,2.0,both,5.2661671330986125e-05,4.707920605626907e-05,4.3667486645027004e-05,3.7854125342579835e-06,1.3732491073880802e-05,3.790305157468228e-06
500,ortho,gattggttgagaagatgtattatt,5.0,tgt,3.0,,DWLRRCII,,False,False,8.0,4.0,5.0,1.0,4.0,1.0,14.0,10.0,9.0,True,False,True,True,False,False,2.0,both,5.2661671330986125e-05,4.707920605626907e-05,4.3667486645027004e-05,3.7854125342579835e-06,1.3732491073880802e-05,3.790305157468228e-06
501,ortho,gattggttgagaagatgtattatt,6.0,att,4.0,,DWLRRCII,,False,False,8.0,4.0,5.0,1.0,4.0,1.0,14.0,10.0,9.0,True,False,True,True,False,False,2.0,both,5.2661671330986125e-05,4.707920605626907e-05,4.3667486645027004e-05,3.7854125342579835e-06,1.3732491073880802e-05,3.790305157468228e-06
502,ortho,gattggttgagaagatgtattatt,7.0,att,5.0,,DWLRRCII,,False,False,8.0,4.0,5.0,1.0,4.0,1.0,14.0,10.0,9.0,True,False,True,True,False,False,2.0,both,5.2661671330986125e-05,4.707920605626907e-05,4.3667486645027004e-05,3.7854125342579835e-06,1.3732491073880802e-05,3.790305157468228e-06
503,single,gattggttgagacgttatacattg,2.0,ttg,1.0,,DWLRRYTL,,False,False,1.0,1.0,1.0,82.0,94.0,69.0,2768.0,2148.0,2230.0,True,False,True,True,False,False,1.0,both,0.0104119647317264,0.010112613460886596,0.010819832802045579,0.0003104038278091546,0.00032271354023619885,0.00026153105586530773
504,ortho,gattggttgcaaagatgtatgttg,2.0,ttg,1.0,,DWLQRCML,,False,False,8.0,4.0,5.0,54.0,59.0,28.0,1182.0,884.0,929.0,True,False,True,True,False,False,1.0,both,0.004446149679516114,0.004161801815374185,0.004507455010358898,0.00020441227684993112,0.00020255424333974183,0.00010612854440911037
505,ortho,gattggttgcaaagatgtatgttg,3.0,caa,2.0,,DWLQRCML,,False,False,8.0,4.0,5.0,54.0,59.0,28.0,1182.0,884.0,929.0,True,False,True,True,False,False,1.0,both,0.004446149679516114,0.004161801815374185,0.004507455010358898,0.00020441227684993112,0.00020255424333974183,0.00010612854440911037
506,ortho,gattggttgcaaagatgtatgttg,4.0,aga,3.0,,DWLQRCML,,False,False,8.0,4.0,5.0,54.0,59.0,28.0,1182.0,884.0,929.0,True,False,True,True,False,False,1.0,both,0.004446149679516114,0.004161801815374185,0.004507455010358898,0.00020441227684993112,0.00020255424333974183,0.00010612854440911037
507,ortho,gattggttgcaaagatgtatgttg,5.0,tgt,4.0,,DWLQRCML,,False,False,8.0,4.0,5.0,54.0,59.0,28.0,1182.0,884.0,929.0,True,False,True,True,False,False,1.0,both,0.004446149679516114,0.004161801815374185,0.004507455010358898,0.00020441227684993112,0.00020255424333974183,0.00010612854440911037
508,ortho,gattggttgcaaagatgtatgttg,6.0,atg,5.0,,DWLQRCML,,False,False,8.0,4.0,5.0,54.0,59.0,28.0,1182.0,884.0,929.0,True,False,True,True,False,False,1.0,both,0.004446149679516114,0.004161801815374185,0.004507455010358898,0.00020441227684993112,0.00020255424333974183,0.00010612854440911037
509,single,gattggtttagacgttatacattg,2.0,ttt,1.0,,DWFRRYTL,,False,False,2.0,1.0,1.0,49.0,54.0,51.0,1387.0,1220.0,1130.0,True,False,True,True,False,False,1.0,both,0.00521726700971984,0.005743663138864826,0.005482695545431168,0.00018548521417864118,0.00018538862949739083,0.0001933055630308796
510,single,gatttggtgagacgttatacattg,1.0,ttg,1.0,,DLVRRYTL,,False,False,1.0,1.0,1.0,232.0,213.0,200.0,3454.0,2726.0,2722.0,True,False,True,True,False,False,1.0,both,0.01299238662694472,0.012833791570938948,0.013206988738640388,0.0008782157079478521,0.0007312551496841528,0.0007580610314936456
511,single,gattttgtgagacgttatacattg,1.0,ttt,1.0,,DFVRRYTL,,False,False,2.0,1.0,1.0,27.0,34.0,19.0,410.0,340.0,353.0,True,False,True,True,False,False,1.0,both,0.001542234660407451,0.0016006930059131483,0.0017127358650771702,0.00010220613842496556,0.00011672617412798682,7.201579799189632e-05
512,single,gcttgggtgagacgttatacattg,0.0,gct,1.0,,AWVRRYTL,,False,False,1.0,1.0,1.0,1.0,1.0,1.0,30.0,28.0,20.0,True,False,True,True,False,False,1.0,both,0.00011284643856639884,0.0001318217769575534,9.703885921117111e-05,3.7854125342579835e-06,3.4331227684702005e-06,3.790305157468228e-06
513,single,gggtgggtgagacgttatacattg,0.0,ggg,1.0,,GWVRRYTL,,False,False,2.0,1.0,1.0,42.0,86.0,44.0,1640.0,1250.0,1262.0,True,False,True,True,False,False,1.0,both,0.006168938641629804,0.005884900757033633,0.006123152016224897,0.0001589873264388353,0.00029524855808843724,0.00016677342692860203
514,ortho,ggttgggttcaaagatgtgttttg,0.0,ggt,1.0,,GWVQRCVL,,False,False,10.0,4.0,6.0,35.0,22.0,18.0,359.0,271.0,243.0,True,False,True,True,False,False,1.0,both,0.0013503957148445728,0.0012758464841248916,0.001179022139415729,0.00013248943869902943,7.552870090634441e-05,6.82254928344281e-05
515,ortho,ggttgggttcaaagatgtgttttg,2.0,gtt,2.0,,GWVQRCVL,,False,False,10.0,4.0,6.0,35.0,22.0,18.0,359.0,271.0,243.0,True,False,True,True,False,False,1.0,both,0.0013503957148445728,0.0012758464841248916,0.001179022139415729,0.00013248943869902943,7.552870090634441e-05,6.82254928344281e-05
516,ortho,ggttgggttcaaagatgtgttttg,3.0,caa,3.0,,GWVQRCVL,,False,False,10.0,4.0,6.0,35.0,22.0,18.0,359.0,271.0,243.0,True,False,True,True,False,False,1.0,both,0.0013503957148445728,0.0012758464841248916,0.001179022139415729,0.00013248943869902943,7.552870090634441e-05,6.82254928344281e-05
517,ortho,ggttgggttcaaagatgtgttttg,4.0,aga,4.0,,GWVQRCVL,,False,False,10.0,4.0,6.0,35.0,22.0,18.0,359.0,271.0,243.0,True,False,True,True,False,False,1.0,both,0.0013503957148445728,0.0012758464841248916,0.001179022139415729,0.00013248943869902943,7.552870090634441e-05,6.82254928344281e-05
518,ortho,ggttgggttcaaagatgtgttttg,5.0,tgt,5.0,,GWVQRCVL,,False,False,10.0,4.0,6.0,35.0,22.0,18.0,359.0,271.0,243.0,True,False,True,True,False,False,1.0,both,0.0013503957148445728,0.0012758464841248916,0.001179022139415729,0.00013248943869902943,7.552870090634441e-05,6.82254928344281e-05
519,ortho,ggttgggttcaaagatgtgttttg,6.0,gtt,6.0,,GWVQRCVL,,False,False,10.0,4.0,6.0,35.0,22.0,18.0,359.0,271.0,243.0,True,False,True,True,False,False,1.0,both,0.0013503957148445728,0.0012758464841248916,0.001179022139415729,0.00013248943869902943,7.552870090634441e-05,6.82254928344281e-05
520,ortho,ggttgggttgaaagatgtgttttg,0.0,ggt,1.0,,GWVERCVL,,False,False,10.0,4.0,6.0,181.0,207.0,174.0,468.0,337.0,329.0,True,False,True,True,False,False,1.0,both,0.001760404441635822,0.0015865692440962676,0.0015962892340237649,0.000685159668700695,0.0007106564130733316,0.0006595130973994717
521,ortho,ggttgggttgaaagatgtgttttg,2.0,gtt,2.0,,GWVERCVL,,False,False,10.0,4.0,6.0,181.0,207.0,174.0,468.0,337.0,329.0,True,False,True,True,False,False,1.0,both,0.001760404441635822,0.0015865692440962676,0.0015962892340237649,0.000685159668700695,0.0007106564130733316,0.0006595130973994717
522,ortho,ggttgggttgaaagatgtgttttg,3.0,gaa,3.0,,GWVERCVL,,False,False,10.0,4.0,6.0,181.0,207.0,174.0,468.0,337.0,329.0,True,False,True,True,False,False,1.0,both,0.001760404441635822,0.0015865692440962676,0.0015962892340237649,0.000685159668700695,0.0007106564130733316,0.0006595130973994717
523,ortho,ggttgggttgaaagatgtgttttg,4.0,aga,4.0,,GWVERCVL,,False,False,10.0,4.0,6.0,181.0,207.0,174.0,468.0,337.0,329.0,True,False,True,True,False,False,1.0,both,0.001760404441635822,0.0015865692440962676,0.0015962892340237649,0.000685159668700695,0.0007106564130733316,0.0006595130973994717
524,ortho,ggttgggttgaaagatgtgttttg,5.0,tgt,5.0,,GWVERCVL,,False,False,10.0,4.0,6.0,181.0,207.0,174.0,468.0,337.0,329.0,True,False,True,True,False,False,1.0,both,0.001760404441635822,0.0015865692440962676,0.0015962892340237649,0.000685159668700695,0.0007106564130733316,0.0006595130973994717
525,ortho,ggttgggttgaaagatgtgttttg,6.0,gtt,6.0,,GWVERCVL,,False,False,10.0,4.0,6.0,181.0,207.0,174.0,468.0,337.0,329.0,True,False,True,True,False,False,1.0,both,0.001760404441635822,0.0015865692440962676,0.0015962892340237649,0.000685159668700695,0.0007106564130733316,0.0006595130973994717
526,single,gtgtgggtgagacgttatacattg,0.0,gtg,1.0,,VWVRRYTL,,False,False,2.0,1.0,1.0,1.0,1.0,1.0,7.0,2.0,2.0,True,False,True,True,False,False,2.0,both,2.6330835665493063e-05,9.415841211253813e-06,9.703885921117111e-06,3.7854125342579835e-06,3.4331227684702005e-06,3.790305157468228e-06
527,single,gtttgggtgagacgttatacattg,0.0,gtt,1.0,,VWVRRYTL,,False,False,1.0,1.0,1.0,12.0,8.0,8.0,225.0,158.0,152.0,True,False,True,True,False,False,1.0,both,0.0008463482892479914,0.0007438514556890513,0.0007374953300049005,4.54249504110958e-05,2.7464982147761604e-05,3.0322441259745823e-05
528,single,tagtgggtgagacgttatacattg,0.0,tag,1.0,,*WVRRYTL,,True,False,2.0,1.0,1.0,61.0,111.0,60.0,1387.0,1166.0,1054.0,True,False,True,True,False,False,1.0,both,0.00521726700971984,0.005489435426160973,0.0051139478804287175,0.000230910164589737,0.00038107662730019225,0.00022741830944809368
529,single,tattgggtgagacgttatacattg,0.0,tat,1.0,,YWVRRYTL,,False,False,1.0,1.0,1.0,114.0,132.0,155.0,3774.0,3331.0,3086.0,True,False,True,True,False,False,1.0,both,0.014196081971652974,0.015682083537343225,0.014973095976283702,0.0004315370289054101,0.00045317220543806646,0.0005874972994075753
530,single,tcgtgggtgagacgttatacattg,0.0,tcg,1.0,,SWVRRYTL,,False,False,3.0,1.0,1.0,3.0,3.0,6.0,17.0,25.0,10.0,True,False,True,True,False,False,2.0,both,6.394631518762601e-05,0.00011769801514067266,4.8519429605585556e-05,1.135623760277395e-05,1.0299368305410601e-05,2.2741830944809367e-05
531,ortho,tcttggttgaaaagatgtgttatt,0.0,tct,1.0,,SWLKRCVI,,False,False,12.0,6.0,7.0,119.0,92.0,95.0,2176.0,1676.0,1708.0,True,False,True,True,False,False,1.0,both,0.00818512834401613,0.007890474935030695,0.008287118576634013,0.00045046409157670003,0.00031584729469925845,0.00036007898995948164
532,ortho,tcttggttgaaaagatgtgttatt,2.0,ttg,2.0,,SWLKRCVI,,False,False,12.0,6.0,7.0,119.0,92.0,95.0,2176.0,1676.0,1708.0,True,False,True,True,False,False,1.0,both,0.00818512834401613,0.007890474935030695,0.008287118576634013,0.00045046409157670003,0.00031584729469925845,0.00036007898995948164
533,ortho,tcttggttgaaaagatgtgttatt,3.0,aaa,3.0,,SWLKRCVI,,False,False,12.0,6.0,7.0,119.0,92.0,95.0,2176.0,1676.0,1708.0,True,False,True,True,False,False,1.0,both,0.00818512834401613,0.007890474935030695,0.008287118576634013,0.00045046409157670003,0.00031584729469925845,0.00036007898995948164
534,ortho,tcttggttgaaaagatgtgttatt,4.0,aga,4.0,,SWLKRCVI,,False,False,12.0,6.0,7.0,119.0,92.0,95.0,2176.0,1676.0,1708.0,True,False,True,True,False,False,1.0,both,0.00818512834401613,0.007890474935030695,0.008287118576634013,0.00045046409157670003,0.00031584729469925845,0.00036007898995948164
535,ortho,tcttggttgaaaagatgtgttatt,5.0,tgt,5.0,,SWLKRCVI,,False,False,12.0,6.0,7.0,119.0,92.0,95.0,2176.0,1676.0,1708.0,True,False,True,True,False,False,1.0,both,0.00818512834401613,0.007890474935030695,0.008287118576634013,0.00045046409157670003,0.00031584729469925845,0.00036007898995948164
536,ortho,tcttggttgaaaagatgtgttatt,6.0,gtt,6.0,,SWLKRCVI,,False,False,12.0,6.0,7.0,119.0,92.0,95.0,2176.0,1676.0,1708.0,True,False,True,True,False,False,1.0,both,0.00818512834401613,0.007890474935030695,0.008287118576634013,0.00045046409157670003,0.00031584729469925845,0.00036007898995948164
537,ortho,tcttggttgaaaagatgtgttatt,7.0,att,7.0,,SWLKRCVI,,False,False,12.0,6.0,7.0,119.0,92.0,95.0,2176.0,1676.0,1708.0,True,False,True,True,False,False,1.0,both,0.00818512834401613,0.007890474935030695,0.008287118576634013,0.00045046409157670003,0.00031584729469925845,0.00036007898995948164
538,single,tgttgggtgagacgttatacattg,0.0,tgt,1.0,,CWVRRYTL,,False,False,2.0,1.0,1.0,7.0,18.0,5.0,241.0,180.0,165.0,True,False,True,True,False,False,1.0,both,0.0009065330564834041,0.0008474257090128432,0.0008005705884921617,2.6497887739805885e-05,6.179620983246361e-05,1.8951525787341138e-05
539,ortho,ttgtggattaaaagaactattatt,0.0,ttg,1.0,,LWIKRTII,,False,False,14.0,6.0,7.0,21.0,19.0,13.0,445.0,286.0,291.0,True,False,True,True,False,False,1.0,both,0.0016738888387349163,0.0013464652932092954,0.0014119154015225397,7.949366321941765e-05,6.522933260093381e-05,4.927396704708696e-05
540,ortho,ttgtggattaaaagaactattatt,2.0,att,2.0,,LWIKRTII,,False,False,14.0,6.0,7.0,21.0,19.0,13.0,445.0,286.0,291.0,True,False,True,True,False,False,1.0,both,0.0016738888387349163,0.0013464652932092954,0.0014119154015225397,7.949366321941765e-05,6.522933260093381e-05,4.927396704708696e-05
541,ortho,ttgtggattaaaagaactattatt,3.0,aaa,3.0,,LWIKRTII,,False,False,14.0,6.0,7.0,21.0,19.0,13.0,445.0,286.0,291.0,True,False,True,True,False,False,1.0,both,0.0016738888387349163,0.0013464652932092954,0.0014119154015225397,7.949366321941765e-05,6.522933260093381e-05,4.927396704708696e-05
542,ortho,ttgtggattaaaagaactattatt,4.0,aga,4.0,,LWIKRTII,,False,False,14.0,6.0,7.0,21.0,19.0,13.0,445.0,286.0,291.0,True,False,True,True,False,False,1.0,both,0.0016738888387349163,0.0013464652932092954,0.0014119154015225397,7.949366321941765e-05,6.522933260093381e-05,4.927396704708696e-05
543,ortho,ttgtggattaaaagaactattatt,5.0,act,5.0,,LWIKRTII,,False,False,14.0,6.0,7.0,21.0,19.0,13.0,445.0,286.0,291.0,True,False,True,True,False,False,1.0,both,0.0016738888387349163,0.0013464652932092954,0.0014119154015225397,7.949366321941765e-05,6.522933260093381e-05,4.927396704708696e-05
544,ortho,ttgtggattaaaagaactattatt,6.0,att,6.0,,LWIKRTII,,False,False,14.0,6.0,7.0,21.0,19.0,13.0,445.0,286.0,291.0,True,False,True,True,False,False,1.0,both,0.0016738888387349163,0.0013464652932092954,0.0014119154015225397,7.949366321941765e-05,6.522933260093381e-05,4.927396704708696e-05
545,ortho,ttgtggattaaaagaactattatt,7.0,att,7.0,,LWIKRTII,,False,False,14.0,6.0,7.0,21.0,19.0,13.0,445.0,286.0,291.0,True,False,True,True,False,False,1.0,both,0.0016738888387349163,0.0013464652932092954,0.0014119154015225397,7.949366321941765e-05,6.522933260093381e-05,4.927396704708696e-05
546,single,ttgtgggtgagacgttatacattg,0.0,ttg,1.0,,LWVRRYTL,,False,False,3.0,1.0,1.0,22.0,25.0,17.0,644.0,499.0,532.0,True,False,True,True,False,False,1.0,both,0.002422436881225362,0.0023492523822078266,0.0025812336550171517,8.327907575367563e-05,8.582806921175501e-05,6.443518767695987e-05
547,single,ttttgggtgagacgttatacattg,0.0,ttt,1.0,,FWVRRYTL,,False,False,2.0,1.0,1.0,184.0,152.0,135.0,4306.0,3486.0,3423.0,True,False,True,True,False,False,1.0,both,0.01619722548223045,0.016411811231215396,0.016608200753991935,0.000696515906303469,0.0005218346608074705,0.0005116911962582107
