,rep_compared,Pearson,replicate1,replicate2
0,"('1', '2')",0.9327224859647606,1,2
1,"('1', '3')",0.941834096518005,1,3
2,"('2', '3')",0.916006508609902,2,3
