,total_readcount,WT,WT_%,single_mut_readcount,single_mut_readcount_%,ortho_mut_readcount,ortho_mut_readcount_%,double_mut_readcount,double_mut_readcount_%
input1,265618.0,920.0,0.3,199093.0,75.0,65605.0,24.7,0.0,0.0
input2,212178.0,760.0,0.4,163050.0,76.8,48368.0,22.8,0.0,0.0
input3,205873.0,707.0,0.3,156241.0,75.9,48925.0,23.799999999999997,0.0,0.0
b1,263942.0,1260.0,0.5,258289.0,97.89999999999999,4393.0,1.7000000000000002,0.0,0.0
b2,291050.0,987.0,0.3,285208.0,98.0,4855.0,1.7000000000000002,0.0,0.0
b3,263601.0,1062.0,0.4,258483.0,98.1,4056.0,1.5,0.0,0.0
