,seq_type,nt_seq,aa_pos,alt_codons,mutated_codon,combination,aa_seq,WT,STOP,STOP_readthrough,Nham_nt,Nham_aa,Nmut_codons,b1,b2,b3,input1,input2,input3,barcode_valid,indel,constant_region,permitted,too_many_substitutions,mixed_substitutions,confidence_score,Location,input1_abundance,input2_abundance,input3_abundance,b1_abundance,b2_abundance,b3_abundance,input1_log10,input2_log10,input3_log10,b1_log10,b2_log10,b3_log10,alt_aa,mutation_type,Log2FC_1,Log2FC_2,Log2FC_3,selcoeff_1,selcoeff_2,selcoeff_3,median_s
0,single,aagtgggtgagacgttatacattg,0.0,aag,1.0,,KWVRRYTL,,False,False,2.0,1.0,1.0,6.0,4.0,2.0,41.0,36.0,39.0,True,False,True,True,False,False,1.0,both,0.00015422346604074508,0.00016948514180256864,0.00018922577546178366,2.27124752055479e-05,1.3732491073880802e-05,7.580610314936456e-06,-3.8118495407037134,-3.7708683689417035,-3.7230197063148847,-4.64373553378846,-4.862250674597925,-5.120295827911614,K,non-synonymous,-1.0657627779317365,-1.4491101712757473,-1.7788028927559765,0.4407342382705173,0.24544932034539024,-0.23823607796462776,0.24544932034539024
1,ortho,aatcaacaatttattattcaattg,0.0,aat,1.0,,NQQFIIQL,,False,False,16.0,7.0,7.0,78.0,120.0,67.0,1334.0,1091.0,1184.0,True,False,True,True,False,False,1.0,both,0.0050179049682525356,0.005136341380738955,0.00574470046530133,0.0002952621776721227,0.00041197473221642406,0.00025395044555037125,-2.299477567842919,-2.289346119120649,-2.2407326109544825,-3.529792181481623,-3.3851294198782624,-3.5952510208747697,N,non-synonymous,-1.5762057917328327,-1.454953702669018,-1.724370171805468,-0.06970877553057897,0.23960578895211948,-0.18380335701411932,-0.06970877553057897
2,ortho,aatcaacaatttattattcaattg,1.0,caa,2.0,,NQQFIIQL,,False,False,16.0,7.0,7.0,78.0,120.0,67.0,1334.0,1091.0,1184.0,True,False,True,True,False,False,1.0,both,0.0050179049682525356,0.005136341380738955,0.00574470046530133,0.0002952621776721227,0.00041197473221642406,0.00025395044555037125,-2.299477567842919,-2.289346119120649,-2.2407326109544825,-3.529792181481623,-3.3851294198782624,-3.5952510208747697,Q,non-synonymous,-1.5762057917328327,-1.454953702669018,-1.724370171805468,-0.06970877553057897,0.23960578895211948,-0.18380335701411932,-0.06970877553057897
3,ortho,aatcaacaatttattattcaattg,2.0,caa,3.0,,NQQFIIQL,,False,False,16.0,7.0,7.0,78.0,120.0,67.0,1334.0,1091.0,1184.0,True,False,True,True,False,False,1.0,both,0.0050179049682525356,0.005136341380738955,0.00574470046530133,0.0002952621776721227,0.00041197473221642406,0.00025395044555037125,-2.299477567842919,-2.289346119120649,-2.2407326109544825,-3.529792181481623,-3.3851294198782624,-3.5952510208747697,Q,non-synonymous,-1.5762057917328327,-1.454953702669018,-1.724370171805468,-0.06970877553057897,0.23960578895211948,-0.18380335701411932,-0.06970877553057897
4,ortho,aatcaacaatttattattcaattg,3.0,ttt,4.0,,NQQFIIQL,,False,False,16.0,7.0,7.0,78.0,120.0,67.0,1334.0,1091.0,1184.0,True,False,True,True,False,False,1.0,both,0.0050179049682525356,0.005136341380738955,0.00574470046530133,0.0002952621776721227,0.00041197473221642406,0.00025395044555037125,-2.299477567842919,-2.289346119120649,-2.2407326109544825,-3.529792181481623,-3.3851294198782624,-3.5952510208747697,F,non-synonymous,-1.5762057917328327,-1.454953702669018,-1.724370171805468,-0.06970877553057897,0.23960578895211948,-0.18380335701411932,-0.06970877553057897
5,ortho,aatcaacaatttattattcaattg,4.0,att,5.0,,NQQFIIQL,,False,False,16.0,7.0,7.0,78.0,120.0,67.0,1334.0,1091.0,1184.0,True,False,True,True,False,False,1.0,both,0.0050179049682525356,0.005136341380738955,0.00574470046530133,0.0002952621776721227,0.00041197473221642406,0.00025395044555037125,-2.299477567842919,-2.289346119120649,-2.2407326109544825,-3.529792181481623,-3.3851294198782624,-3.5952510208747697,I,non-synonymous,-1.5762057917328327,-1.454953702669018,-1.724370171805468,-0.06970877553057897,0.23960578895211948,-0.18380335701411932,-0.06970877553057897
6,ortho,aatcaacaatttattattcaattg,5.0,att,6.0,,NQQFIIQL,,False,False,16.0,7.0,7.0,78.0,120.0,67.0,1334.0,1091.0,1184.0,True,False,True,True,False,False,1.0,both,0.0050179049682525356,0.005136341380738955,0.00574470046530133,0.0002952621776721227,0.00041197473221642406,0.00025395044555037125,-2.299477567842919,-2.289346119120649,-2.2407326109544825,-3.529792181481623,-3.3851294198782624,-3.5952510208747697,I,non-synonymous,-1.5762057917328327,-1.454953702669018,-1.724370171805468,-0.06970877553057897,0.23960578895211948,-0.18380335701411932,-0.06970877553057897
7,ortho,aatcaacaatttattattcaattg,6.0,caa,7.0,,NQQFIIQL,,False,False,16.0,7.0,7.0,78.0,120.0,67.0,1334.0,1091.0,1184.0,True,False,True,True,False,False,1.0,both,0.0050179049682525356,0.005136341380738955,0.00574470046530133,0.0002952621776721227,0.00041197473221642406,0.00025395044555037125,-2.299477567842919,-2.289346119120649,-2.2407326109544825,-3.529792181481623,-3.3851294198782624,-3.5952510208747697,Q,non-synonymous,-1.5762057917328327,-1.454953702669018,-1.724370171805468,-0.06970877553057897,0.23960578895211948,-0.18380335701411932,-0.06970877553057897
8,single,aattgggtgagacgttatacattg,0.0,aat,1.0,,NWVRRYTL,,False,False,1.0,1.0,1.0,375.0,459.0,339.0,6968.0,5681.0,5436.0,True,False,True,True,False,False,1.0,both,0.02621046613102224,0.026745696960566456,0.02637516193359631,0.0014195297003467438,0.001575803350727822,0.0012849134483817293,-1.5815252554238421,-1.5727460804317324,-1.578804865280927,-2.8478555164443846,-2.802497980388626,-2.891126125372514,N,non-synonymous,-1.6223468936647747,-1.632833863200402,-1.6706510743263139,-0.11584987746252096,0.06172562842073548,-0.13008425953496516,-0.11584987746252096
9,ortho,aattgggttaatagatgtgttatt,0.0,aat,1.0,,NWVNRCVI,,False,False,12.0,5.0,7.0,60.0,53.0,64.0,1754.0,1256.0,1276.0,True,False,True,True,False,False,1.0,both,0.006597755108182119,0.005913148280667395,0.006191079217672717,0.000227124752055479,0.00018195550672892063,0.00024257953007796658,-2.1806038083934274,-2.2281812303078135,-2.2082336389562403,-3.64373553378846,-3.7400347963250984,-3.615145849591709,N,non-synonymous,-1.8744772061310684,-2.007401410707183,-1.791070119535301,-0.36798018992881465,-0.31284191908604564,-0.2505033047439522,-0.31284191908604564
10,ortho,aattgggttaatagatgtgttatt,2.0,gtt,2.0,,NWVNRCVI,,False,False,12.0,5.0,7.0,60.0,53.0,64.0,1754.0,1256.0,1276.0,True,False,True,True,False,False,1.0,both,0.006597755108182119,0.005913148280667395,0.006191079217672717,0.000227124752055479,0.00018195550672892063,0.00024257953007796658,-2.1806038083934274,-2.2281812303078135,-2.2082336389562403,-3.64373553378846,-3.7400347963250984,-3.615145849591709,V,synonymous,-1.8744772061310684,-2.007401410707183,-1.791070119535301,-0.36798018992881465,-0.31284191908604564,-0.2505033047439522,-0.31284191908604564
11,ortho,aattgggttaatagatgtgttatt,3.0,aat,3.0,,NWVNRCVI,,False,False,12.0,5.0,7.0,60.0,53.0,64.0,1754.0,1256.0,1276.0,True,False,True,True,False,False,1.0,both,0.006597755108182119,0.005913148280667395,0.006191079217672717,0.000227124752055479,0.00018195550672892063,0.00024257953007796658,-2.1806038083934274,-2.2281812303078135,-2.2082336389562403,-3.64373553378846,-3.7400347963250984,-3.615145849591709,N,non-synonymous,-1.8744772061310684,-2.007401410707183,-1.791070119535301,-0.36798018992881465,-0.31284191908604564,-0.2505033047439522,-0.31284191908604564
12,ortho,aattgggttaatagatgtgttatt,4.0,aga,4.0,,NWVNRCVI,,False,False,12.0,5.0,7.0,60.0,53.0,64.0,1754.0,1256.0,1276.0,True,False,True,True,False,False,1.0,both,0.006597755108182119,0.005913148280667395,0.006191079217672717,0.000227124752055479,0.00018195550672892063,0.00024257953007796658,-2.1806038083934274,-2.2281812303078135,-2.2082336389562403,-3.64373553378846,-3.7400347963250984,-3.615145849591709,R,synonymous,-1.8744772061310684,-2.007401410707183,-1.791070119535301,-0.36798018992881465,-0.31284191908604564,-0.2505033047439522,-0.31284191908604564
13,ortho,aattgggttaatagatgtgttatt,5.0,tgt,5.0,,NWVNRCVI,,False,False,12.0,5.0,7.0,60.0,53.0,64.0,1754.0,1256.0,1276.0,True,False,True,True,False,False,1.0,both,0.006597755108182119,0.005913148280667395,0.006191079217672717,0.000227124752055479,0.00018195550672892063,0.00024257953007796658,-2.1806038083934274,-2.2281812303078135,-2.2082336389562403,-3.64373553378846,-3.7400347963250984,-3.615145849591709,C,non-synonymous,-1.8744772061310684,-2.007401410707183,-1.791070119535301,-0.36798018992881465,-0.31284191908604564,-0.2505033047439522,-0.31284191908604564
14,ortho,aattgggttaatagatgtgttatt,6.0,gtt,6.0,,NWVNRCVI,,False,False,12.0,5.0,7.0,60.0,53.0,64.0,1754.0,1256.0,1276.0,True,False,True,True,False,False,1.0,both,0.006597755108182119,0.005913148280667395,0.006191079217672717,0.000227124752055479,0.00018195550672892063,0.00024257953007796658,-2.1806038083934274,-2.2281812303078135,-2.2082336389562403,-3.64373553378846,-3.7400347963250984,-3.615145849591709,V,non-synonymous,-1.8744772061310684,-2.007401410707183,-1.791070119535301,-0.36798018992881465,-0.31284191908604564,-0.2505033047439522,-0.31284191908604564
15,ortho,aattgggttaatagatgtgttatt,7.0,att,7.0,,NWVNRCVI,,False,False,12.0,5.0,7.0,60.0,53.0,64.0,1754.0,1256.0,1276.0,True,False,True,True,False,False,1.0,both,0.006597755108182119,0.005913148280667395,0.006191079217672717,0.000227124752055479,0.00018195550672892063,0.00024257953007796658,-2.1806038083934274,-2.2281812303078135,-2.2082336389562403,-3.64373553378846,-3.7400347963250984,-3.615145849591709,I,non-synonymous,-1.8744772061310684,-2.007401410707183,-1.791070119535301,-0.36798018992881465,-0.31284191908604564,-0.2505033047439522,-0.31284191908604564
16,ortho,aattgggttcaaagatgtgttgtt,0.0,aat,1.0,,NWVQRCVV,,False,False,12.0,5.0,7.0,34.0,28.0,19.0,366.0,263.0,273.0,True,False,True,True,False,False,1.0,both,0.001376726550510066,0.0012381831192798765,0.0013245804282324856,0.00012870402616477143,9.612743751716561e-05,7.201579799189632e-05,-2.8611523120290383,-2.907215121219233,-2.8779216663006277,-3.8904078671298485,-4.017152634583669,-4.142572222622767,N,non-synonymous,-1.3186209032541825,-1.4737473127070804,-1.609963866941774,0.18787611294807127,0.22081217891405713,-0.06939705215042524,0.18787611294807127
17,ortho,aattgggttcaaagatgtgttgtt,2.0,gtt,2.0,,NWVQRCVV,,False,False,12.0,5.0,7.0,34.0,28.0,19.0,366.0,263.0,273.0,True,False,True,True,False,False,1.0,both,0.001376726550510066,0.0012381831192798765,0.0013245804282324856,0.00012870402616477143,9.612743751716561e-05,7.201579799189632e-05,-2.8611523120290383,-2.907215121219233,-2.8779216663006277,-3.8904078671298485,-4.017152634583669,-4.142572222622767,V,synonymous,-1.3186209032541825,-1.4737473127070804,-1.609963866941774,0.18787611294807127,0.22081217891405713,-0.06939705215042524,0.18787611294807127
18,ortho,aattgggttcaaagatgtgttgtt,3.0,caa,3.0,,NWVQRCVV,,False,False,12.0,5.0,7.0,34.0,28.0,19.0,366.0,263.0,273.0,True,False,True,True,False,False,1.0,both,0.001376726550510066,0.0012381831192798765,0.0013245804282324856,0.00012870402616477143,9.612743751716561e-05,7.201579799189632e-05,-2.8611523120290383,-2.907215121219233,-2.8779216663006277,-3.8904078671298485,-4.017152634583669,-4.142572222622767,Q,non-synonymous,-1.3186209032541825,-1.4737473127070804,-1.609963866941774,0.18787611294807127,0.22081217891405713,-0.06939705215042524,0.18787611294807127
19,ortho,aattgggttcaaagatgtgttgtt,4.0,aga,4.0,,NWVQRCVV,,False,False,12.0,5.0,7.0,34.0,28.0,19.0,366.0,263.0,273.0,True,False,True,True,False,False,1.0,both,0.001376726550510066,0.0012381831192798765,0.0013245804282324856,0.00012870402616477143,9.612743751716561e-05,7.201579799189632e-05,-2.8611523120290383,-2.907215121219233,-2.8779216663006277,-3.8904078671298485,-4.017152634583669,-4.142572222622767,R,synonymous,-1.3186209032541825,-1.4737473127070804,-1.609963866941774,0.18787611294807127,0.22081217891405713,-0.06939705215042524,0.18787611294807127
20,ortho,aattgggttcaaagatgtgttgtt,5.0,tgt,5.0,,NWVQRCVV,,False,False,12.0,5.0,7.0,34.0,28.0,19.0,366.0,263.0,273.0,True,False,True,True,False,False,1.0,both,0.001376726550510066,0.0012381831192798765,0.0013245804282324856,0.00012870402616477143,9.612743751716561e-05,7.201579799189632e-05,-2.8611523120290383,-2.907215121219233,-2.8779216663006277,-3.8904078671298485,-4.017152634583669,-4.142572222622767,C,non-synonymous,-1.3186209032541825,-1.4737473127070804,-1.609963866941774,0.18787611294807127,0.22081217891405713,-0.06939705215042524,0.18787611294807127
21,ortho,aattgggttcaaagatgtgttgtt,6.0,gtt,6.0,,NWVQRCVV,,False,False,12.0,5.0,7.0,34.0,28.0,19.0,366.0,263.0,273.0,True,False,True,True,False,False,1.0,both,0.001376726550510066,0.0012381831192798765,0.0013245804282324856,0.00012870402616477143,9.612743751716561e-05,7.201579799189632e-05,-2.8611523120290383,-2.907215121219233,-2.8779216663006277,-3.8904078671298485,-4.017152634583669,-4.142572222622767,V,non-synonymous,-1.3186209032541825,-1.4737473127070804,-1.609963866941774,0.18787611294807127,0.22081217891405713,-0.06939705215042524,0.18787611294807127
22,ortho,aattgggttcaaagatgtgttgtt,7.0,gtt,7.0,,NWVQRCVV,,False,False,12.0,5.0,7.0,34.0,28.0,19.0,366.0,263.0,273.0,True,False,True,True,False,False,1.0,both,0.001376726550510066,0.0012381831192798765,0.0013245804282324856,0.00012870402616477143,9.612743751716561e-05,7.201579799189632e-05,-2.8611523120290383,-2.907215121219233,-2.8779216663006277,-3.8904078671298485,-4.017152634583669,-4.142572222622767,V,non-synonymous,-1.3186209032541825,-1.4737473127070804,-1.609963866941774,0.18787611294807127,0.22081217891405713,-0.06939705215042524,0.18787611294807127
23,ortho,aattgggttgaaagatgtattgtt,0.0,aat,1.0,,NWVERCIV,,False,False,11.0,5.0,7.0,2.0,3.0,3.0,71.0,30.0,45.0,True,False,True,True,False,False,1.0,both,0.00026706990460714395,0.0001412376181688072,0.000218337433225135,7.570825068515967e-06,1.0299368305410601e-05,1.1370915472404684e-05,-3.573375048704374,-3.8500496149893286,-3.66087179956604,-5.120856788508123,-4.9871894112062245,-4.944204568855934,N,non-synonymous,-1.9825414197638338,-1.5098658245787933,-1.6337472651953338,-0.47604440356158007,0.18469366704234425,-0.09318045040398504,-0.09318045040398504
24,ortho,aattgggttgaaagatgtattgtt,2.0,gtt,2.0,,NWVERCIV,,False,False,11.0,5.0,7.0,2.0,3.0,3.0,71.0,30.0,45.0,True,False,True,True,False,False,1.0,both,0.00026706990460714395,0.0001412376181688072,0.000218337433225135,7.570825068515967e-06,1.0299368305410601e-05,1.1370915472404684e-05,-3.573375048704374,-3.8500496149893286,-3.66087179956604,-5.120856788508123,-4.9871894112062245,-4.944204568855934,V,synonymous,-1.9825414197638338,-1.5098658245787933,-1.6337472651953338,-0.47604440356158007,0.18469366704234425,-0.09318045040398504,-0.09318045040398504
25,ortho,aattgggttgaaagatgtattgtt,3.0,gaa,3.0,,NWVERCIV,,False,False,11.0,5.0,7.0,2.0,3.0,3.0,71.0,30.0,45.0,True,False,True,True,False,False,1.0,both,0.00026706990460714395,0.0001412376181688072,0.000218337433225135,7.570825068515967e-06,1.0299368305410601e-05,1.1370915472404684e-05,-3.573375048704374,-3.8500496149893286,-3.66087179956604,-5.120856788508123,-4.9871894112062245,-4.944204568855934,E,non-synonymous,-1.9825414197638338,-1.5098658245787933,-1.6337472651953338,-0.47604440356158007,0.18469366704234425,-0.09318045040398504,-0.09318045040398504
26,ortho,aattgggttgaaagatgtattgtt,4.0,aga,4.0,,NWVERCIV,,False,False,11.0,5.0,7.0,2.0,3.0,3.0,71.0,30.0,45.0,True,False,True,True,False,False,1.0,both,0.00026706990460714395,0.0001412376181688072,0.000218337433225135,7.570825068515967e-06,1.0299368305410601e-05,1.1370915472404684e-05,-3.573375048704374,-3.8500496149893286,-3.66087179956604,-5.120856788508123,-4.9871894112062245,-4.944204568855934,R,synonymous,-1.9825414197638338,-1.5098658245787933,-1.6337472651953338,-0.47604440356158007,0.18469366704234425,-0.09318045040398504,-0.09318045040398504
27,ortho,aattgggttgaaagatgtattgtt,5.0,tgt,5.0,,NWVERCIV,,False,False,11.0,5.0,7.0,2.0,3.0,3.0,71.0,30.0,45.0,True,False,True,True,False,False,1.0,both,0.00026706990460714395,0.0001412376181688072,0.000218337433225135,7.570825068515967e-06,1.0299368305410601e-05,1.1370915472404684e-05,-3.573375048704374,-3.8500496149893286,-3.66087179956604,-5.120856788508123,-4.9871894112062245,-4.944204568855934,C,non-synonymous,-1.9825414197638338,-1.5098658245787933,-1.6337472651953338,-0.47604440356158007,0.18469366704234425,-0.09318045040398504,-0.09318045040398504
28,ortho,aattgggttgaaagatgtattgtt,6.0,att,6.0,,NWVERCIV,,False,False,11.0,5.0,7.0,2.0,3.0,3.0,71.0,30.0,45.0,True,False,True,True,False,False,1.0,both,0.00026706990460714395,0.0001412376181688072,0.000218337433225135,7.570825068515967e-06,1.0299368305410601e-05,1.1370915472404684e-05,-3.573375048704374,-3.8500496149893286,-3.66087179956604,-5.120856788508123,-4.9871894112062245,-4.944204568855934,I,non-synonymous,-1.9825414197638338,-1.5098658245787933,-1.6337472651953338,-0.47604440356158007,0.18469366704234425,-0.09318045040398504,-0.09318045040398504
29,ortho,aattgggttgaaagatgtattgtt,7.0,gtt,7.0,,NWVERCIV,,False,False,11.0,5.0,7.0,2.0,3.0,3.0,71.0,30.0,45.0,True,False,True,True,False,False,1.0,both,0.00026706990460714395,0.0001412376181688072,0.000218337433225135,7.570825068515967e-06,1.0299368305410601e-05,1.1370915472404684e-05,-3.573375048704374,-3.8500496149893286,-3.66087179956604,-5.120856788508123,-4.9871894112062245,-4.944204568855934,V,non-synonymous,-1.9825414197638338,-1.5098658245787933,-1.6337472651953338,-0.47604440356158007,0.18469366704234425,-0.09318045040398504,-0.09318045040398504
30,ortho,aattgggttgatagatgtgttatt,0.0,aat,1.0,,NWVDRCVI,,False,False,13.0,5.0,7.0,62.0,62.0,48.0,1725.0,1460.0,1370.0,True,False,True,True,False,False,1.0,both,0.0064886702175679335,0.006873564084215284,0.006647161855965221,0.00023469557712399498,0.00021285361164515243,0.00018193464755847494,-2.187844298014156,-2.162818013924554,-2.1773637461849766,-3.6294950946738496,-3.6719189764276337,-3.740084586200009,N,non-synonymous,-1.8469571198790615,-2.0037465724994794,-1.9894223538381357,-0.3404601036768078,-0.3091870808783419,-0.448855539046787,-0.3404601036768078
31,ortho,aattgggttgatagatgtgttatt,2.0,gtt,2.0,,NWVDRCVI,,False,False,13.0,5.0,7.0,62.0,62.0,48.0,1725.0,1460.0,1370.0,True,False,True,True,False,False,1.0,both,0.0064886702175679335,0.006873564084215284,0.006647161855965221,0.00023469557712399498,0.00021285361164515243,0.00018193464755847494,-2.187844298014156,-2.162818013924554,-2.1773637461849766,-3.6294950946738496,-3.6719189764276337,-3.740084586200009,V,synonymous,-1.8469571198790615,-2.0037465724994794,-1.9894223538381357,-0.3404601036768078,-0.3091870808783419,-0.448855539046787,-0.3404601036768078
32,ortho,aattgggttgatagatgtgttatt,3.0,gat,3.0,,NWVDRCVI,,False,False,13.0,5.0,7.0,62.0,62.0,48.0,1725.0,1460.0,1370.0,True,False,True,True,False,False,1.0,both,0.0064886702175679335,0.006873564084215284,0.006647161855965221,0.00023469557712399498,0.00021285361164515243,0.00018193464755847494,-2.187844298014156,-2.162818013924554,-2.1773637461849766,-3.6294950946738496,-3.6719189764276337,-3.740084586200009,D,non-synonymous,-1.8469571198790615,-2.0037465724994794,-1.9894223538381357,-0.3404601036768078,-0.3091870808783419,-0.448855539046787,-0.3404601036768078
33,ortho,aattgggttgatagatgtgttatt,4.0,aga,4.0,,NWVDRCVI,,False,False,13.0,5.0,7.0,62.0,62.0,48.0,1725.0,1460.0,1370.0,True,False,True,True,False,False,1.0,both,0.0064886702175679335,0.006873564084215284,0.006647161855965221,0.00023469557712399498,0.00021285361164515243,0.00018193464755847494,-2.187844298014156,-2.162818013924554,-2.1773637461849766,-3.6294950946738496,-3.6719189764276337,-3.740084586200009,R,synonymous,-1.8469571198790615,-2.0037465724994794,-1.9894223538381357,-0.3404601036768078,-0.3091870808783419,-0.448855539046787,-0.3404601036768078
34,ortho,aattgggttgatagatgtgttatt,5.0,tgt,5.0,,NWVDRCVI,,False,False,13.0,5.0,7.0,62.0,62.0,48.0,1725.0,1460.0,1370.0,True,False,True,True,False,False,1.0,both,0.0064886702175679335,0.006873564084215284,0.006647161855965221,0.00023469557712399498,0.00021285361164515243,0.00018193464755847494,-2.187844298014156,-2.162818013924554,-2.1773637461849766,-3.6294950946738496,-3.6719189764276337,-3.740084586200009,C,non-synonymous,-1.8469571198790615,-2.0037465724994794,-1.9894223538381357,-0.3404601036768078,-0.3091870808783419,-0.448855539046787,-0.3404601036768078
35,ortho,aattgggttgatagatgtgttatt,6.0,gtt,6.0,,NWVDRCVI,,False,False,13.0,5.0,7.0,62.0,62.0,48.0,1725.0,1460.0,1370.0,True,False,True,True,False,False,1.0,both,0.0064886702175679335,0.006873564084215284,0.006647161855965221,0.00023469557712399498,0.00021285361164515243,0.00018193464755847494,-2.187844298014156,-2.162818013924554,-2.1773637461849766,-3.6294950946738496,-3.6719189764276337,-3.740084586200009,V,non-synonymous,-1.8469571198790615,-2.0037465724994794,-1.9894223538381357,-0.3404601036768078,-0.3091870808783419,-0.448855539046787,-0.3404601036768078
36,ortho,aattgggttgatagatgtgttatt,7.0,att,7.0,,NWVDRCVI,,False,False,13.0,5.0,7.0,62.0,62.0,48.0,1725.0,1460.0,1370.0,True,False,True,True,False,False,1.0,both,0.0064886702175679335,0.006873564084215284,0.006647161855965221,0.00023469557712399498,0.00021285361164515243,0.00018193464755847494,-2.187844298014156,-2.162818013924554,-2.1773637461849766,-3.6294950946738496,-3.6719189764276337,-3.740084586200009,I,non-synonymous,-1.8469571198790615,-2.0037465724994794,-1.9894223538381357,-0.3404601036768078,-0.3091870808783419,-0.448855539046787,-0.3404601036768078
37,ortho,aattgggtttatagatgtattatt,0.0,aat,1.0,,NWVYRCII,,False,False,12.0,5.0,7.0,90.0,76.0,81.0,2798.0,1936.0,1910.0,True,False,True,True,False,False,1.0,both,0.0105248111702928,0.009114534292493691,0.009267211054666841,0.0003406871280832185,0.00026091733040373524,0.00030701471775492644,-1.9777856872676403,-2.040265516736616,-2.033050946093656,-3.4676442747327787,-3.5834970736450957,-3.512840804696946,N,non-synonymous,-1.9087180696652768,-2.0490643234362738,-1.883847036723489,-0.40222105346302306,-0.35450483181513626,-0.34328022193214025,-0.35450483181513626
38,ortho,aattgggtttatagatgtattatt,2.0,gtt,2.0,,NWVYRCII,,False,False,12.0,5.0,7.0,90.0,76.0,81.0,2798.0,1936.0,1910.0,True,False,True,True,False,False,1.0,both,0.0105248111702928,0.009114534292493691,0.009267211054666841,0.0003406871280832185,0.00026091733040373524,0.00030701471775492644,-1.9777856872676403,-2.040265516736616,-2.033050946093656,-3.4676442747327787,-3.5834970736450957,-3.512840804696946,V,synonymous,-1.9087180696652768,-2.0490643234362738,-1.883847036723489,-0.40222105346302306,-0.35450483181513626,-0.34328022193214025,-0.35450483181513626
39,ortho,aattgggtttatagatgtattatt,3.0,tat,3.0,,NWVYRCII,,False,False,12.0,5.0,7.0,90.0,76.0,81.0,2798.0,1936.0,1910.0,True,False,True,True,False,False,1.0,both,0.0105248111702928,0.009114534292493691,0.009267211054666841,0.0003406871280832185,0.00026091733040373524,0.00030701471775492644,-1.9777856872676403,-2.040265516736616,-2.033050946093656,-3.4676442747327787,-3.5834970736450957,-3.512840804696946,Y,non-synonymous,-1.9087180696652768,-2.0490643234362738,-1.883847036723489,-0.40222105346302306,-0.35450483181513626,-0.34328022193214025,-0.35450483181513626
40,ortho,aattgggtttatagatgtattatt,4.0,aga,4.0,,NWVYRCII,,False,False,12.0,5.0,7.0,90.0,76.0,81.0,2798.0,1936.0,1910.0,True,False,True,True,False,False,1.0,both,0.0105248111702928,0.009114534292493691,0.009267211054666841,0.0003406871280832185,0.00026091733040373524,0.00030701471775492644,-1.9777856872676403,-2.040265516736616,-2.033050946093656,-3.4676442747327787,-3.5834970736450957,-3.512840804696946,R,synonymous,-1.9087180696652768,-2.0490643234362738,-1.883847036723489,-0.40222105346302306,-0.35450483181513626,-0.34328022193214025,-0.35450483181513626
41,ortho,aattgggtttatagatgtattatt,5.0,tgt,5.0,,NWVYRCII,,False,False,12.0,5.0,7.0,90.0,76.0,81.0,2798.0,1936.0,1910.0,True,False,True,True,False,False,1.0,both,0.0105248111702928,0.009114534292493691,0.009267211054666841,0.0003406871280832185,0.00026091733040373524,0.00030701471775492644,-1.9777856872676403,-2.040265516736616,-2.033050946093656,-3.4676442747327787,-3.5834970736450957,-3.512840804696946,C,non-synonymous,-1.9087180696652768,-2.0490643234362738,-1.883847036723489,-0.40222105346302306,-0.35450483181513626,-0.34328022193214025,-0.35450483181513626
42,ortho,aattgggtttatagatgtattatt,6.0,att,6.0,,NWVYRCII,,False,False,12.0,5.0,7.0,90.0,76.0,81.0,2798.0,1936.0,1910.0,True,False,True,True,False,False,1.0,both,0.0105248111702928,0.009114534292493691,0.009267211054666841,0.0003406871280832185,0.00026091733040373524,0.00030701471775492644,-1.9777856872676403,-2.040265516736616,-2.033050946093656,-3.4676442747327787,-3.5834970736450957,-3.512840804696946,I,non-synonymous,-1.9087180696652768,-2.0490643234362738,-1.883847036723489,-0.40222105346302306,-0.35450483181513626,-0.34328022193214025,-0.35450483181513626
43,ortho,aattgggtttatagatgtattatt,7.0,att,7.0,,NWVYRCII,,False,False,12.0,5.0,7.0,90.0,76.0,81.0,2798.0,1936.0,1910.0,True,False,True,True,False,False,1.0,both,0.0105248111702928,0.009114534292493691,0.009267211054666841,0.0003406871280832185,0.00026091733040373524,0.00030701471775492644,-1.9777856872676403,-2.040265516736616,-2.033050946093656,-3.4676442747327787,-3.5834970736450957,-3.512840804696946,I,non-synonymous,-1.9087180696652768,-2.0490643234362738,-1.883847036723489,-0.40222105346302306,-0.35450483181513626,-0.34328022193214025,-0.35450483181513626
44,ortho,aattgggtttatagatgtattttg,0.0,aat,1.0,,NWVYRCIL,,False,False,10.0,4.0,6.0,43.0,53.0,28.0,1028.0,748.0,783.0,True,False,True,True,False,False,1.0,both,0.003866871294875267,0.003521524613008926,0.003799071338117349,0.0001627727389730933,0.00018195550672892063,0.00010612854440911037,-2.412640282764192,-2.4532692718445297,-2.4203225512834403,-3.788418328592517,-3.7400347963250984,-3.9741677922333767,N,non-synonymous,-1.7625648756296832,-1.7085351300895304,-1.978123269106127,-0.2560678594274295,-0.013975638468392892,-0.4375564543147783,-0.2560678594274295
45,ortho,aattgggtttatagatgtattttg,2.0,gtt,2.0,,NWVYRCIL,,False,False,10.0,4.0,6.0,43.0,53.0,28.0,1028.0,748.0,783.0,True,False,True,True,False,False,1.0,both,0.003866871294875267,0.003521524613008926,0.003799071338117349,0.0001627727389730933,0.00018195550672892063,0.00010612854440911037,-2.412640282764192,-2.4532692718445297,-2.4203225512834403,-3.788418328592517,-3.7400347963250984,-3.9741677922333767,V,synonymous,-1.7625648756296832,-1.7085351300895304,-1.978123269106127,-0.2560678594274295,-0.013975638468392892,-0.4375564543147783,-0.2560678594274295
46,ortho,aattgggtttatagatgtattttg,3.0,tat,3.0,,NWVYRCIL,,False,False,10.0,4.0,6.0,43.0,53.0,28.0,1028.0,748.0,783.0,True,False,True,True,False,False,1.0,both,0.003866871294875267,0.003521524613008926,0.003799071338117349,0.0001627727389730933,0.00018195550672892063,0.00010612854440911037,-2.412640282764192,-2.4532692718445297,-2.4203225512834403,-3.788418328592517,-3.7400347963250984,-3.9741677922333767,Y,non-synonymous,-1.7625648756296832,-1.7085351300895304,-1.978123269106127,-0.2560678594274295,-0.013975638468392892,-0.4375564543147783,-0.2560678594274295
47,ortho,aattgggtttatagatgtattttg,4.0,aga,4.0,,NWVYRCIL,,False,False,10.0,4.0,6.0,43.0,53.0,28.0,1028.0,748.0,783.0,True,False,True,True,False,False,1.0,both,0.003866871294875267,0.003521524613008926,0.003799071338117349,0.0001627727389730933,0.00018195550672892063,0.00010612854440911037,-2.412640282764192,-2.4532692718445297,-2.4203225512834403,-3.788418328592517,-3.7400347963250984,-3.9741677922333767,R,synonymous,-1.7625648756296832,-1.7085351300895304,-1.978123269106127,-0.2560678594274295,-0.013975638468392892,-0.4375564543147783,-0.2560678594274295
48,ortho,aattgggtttatagatgtattttg,5.0,tgt,5.0,,NWVYRCIL,,False,False,10.0,4.0,6.0,43.0,53.0,28.0,1028.0,748.0,783.0,True,False,True,True,False,False,1.0,both,0.003866871294875267,0.003521524613008926,0.003799071338117349,0.0001627727389730933,0.00018195550672892063,0.00010612854440911037,-2.412640282764192,-2.4532692718445297,-2.4203225512834403,-3.788418328592517,-3.7400347963250984,-3.9741677922333767,C,non-synonymous,-1.7625648756296832,-1.7085351300895304,-1.978123269106127,-0.2560678594274295,-0.013975638468392892,-0.4375564543147783,-0.2560678594274295
49,ortho,aattgggtttatagatgtattttg,6.0,att,6.0,,NWVYRCIL,,False,False,10.0,4.0,6.0,43.0,53.0,28.0,1028.0,748.0,783.0,True,False,True,True,False,False,1.0,both,0.003866871294875267,0.003521524613008926,0.003799071338117349,0.0001627727389730933,0.00018195550672892063,0.00010612854440911037,-2.412640282764192,-2.4532692718445297,-2.4203225512834403,-3.788418328592517,-3.7400347963250984,-3.9741677922333767,I,non-synonymous,-1.7625648756296832,-1.7085351300895304,-1.978123269106127,-0.2560678594274295,-0.013975638468392892,-0.4375564543147783,-0.2560678594274295
50,ortho,aattgggtttatagatgtgttatt,0.0,aat,1.0,,NWVYRCVI,,False,False,13.0,5.0,7.0,16.0,27.0,12.0,623.0,435.0,472.0,True,False,True,True,False,False,1.0,both,0.0023434443742288828,0.0020479454634477045,0.0022901170773836385,6.0566600548127736e-05,9.269431474869541e-05,4.5483661889618734e-05,-2.6301453507642796,-2.688681612754354,-2.6401423147072958,-4.217766801516179,-4.0329469017669,-4.3421445775279714,N,non-synonymous,-2.0339660262617096,-1.7848818815417165,-2.166734621588569,-0.5274690100594559,-0.09032238992057895,-0.6261678067972203,-0.5274690100594559
51,ortho,aattgggtttatagatgtgttatt,2.0,gtt,2.0,,NWVYRCVI,,False,False,13.0,5.0,7.0,16.0,27.0,12.0,623.0,435.0,472.0,True,False,True,True,False,False,1.0,both,0.0023434443742288828,0.0020479454634477045,0.0022901170773836385,6.0566600548127736e-05,9.269431474869541e-05,4.5483661889618734e-05,-2.6301453507642796,-2.688681612754354,-2.6401423147072958,-4.217766801516179,-4.0329469017669,-4.3421445775279714,V,synonymous,-2.0339660262617096,-1.7848818815417165,-2.166734621588569,-0.5274690100594559,-0.09032238992057895,-0.6261678067972203,-0.5274690100594559
52,ortho,aattgggtttatagatgtgttatt,3.0,tat,3.0,,NWVYRCVI,,False,False,13.0,5.0,7.0,16.0,27.0,12.0,623.0,435.0,472.0,True,False,True,True,False,False,1.0,both,0.0023434443742288828,0.0020479454634477045,0.0022901170773836385,6.0566600548127736e-05,9.269431474869541e-05,4.5483661889618734e-05,-2.6301453507642796,-2.688681612754354,-2.6401423147072958,-4.217766801516179,-4.0329469017669,-4.3421445775279714,Y,non-synonymous,-2.0339660262617096,-1.7848818815417165,-2.166734621588569,-0.5274690100594559,-0.09032238992057895,-0.6261678067972203,-0.5274690100594559
53,ortho,aattgggtttatagatgtgttatt,4.0,aga,4.0,,NWVYRCVI,,False,False,13.0,5.0,7.0,16.0,27.0,12.0,623.0,435.0,472.0,True,False,True,True,False,False,1.0,both,0.0023434443742288828,0.0020479454634477045,0.0022901170773836385,6.0566600548127736e-05,9.269431474869541e-05,4.5483661889618734e-05,-2.6301453507642796,-2.688681612754354,-2.6401423147072958,-4.217766801516179,-4.0329469017669,-4.3421445775279714,R,synonymous,-2.0339660262617096,-1.7848818815417165,-2.166734621588569,-0.5274690100594559,-0.09032238992057895,-0.6261678067972203,-0.5274690100594559
54,ortho,aattgggtttatagatgtgttatt,5.0,tgt,5.0,,NWVYRCVI,,False,False,13.0,5.0,7.0,16.0,27.0,12.0,623.0,435.0,472.0,True,False,True,True,False,False,1.0,both,0.0023434443742288828,0.0020479454634477045,0.0022901170773836385,6.0566600548127736e-05,9.269431474869541e-05,4.5483661889618734e-05,-2.6301453507642796,-2.688681612754354,-2.6401423147072958,-4.217766801516179,-4.0329469017669,-4.3421445775279714,C,non-synonymous,-2.0339660262617096,-1.7848818815417165,-2.166734621588569,-0.5274690100594559,-0.09032238992057895,-0.6261678067972203,-0.5274690100594559
55,ortho,aattgggtttatagatgtgttatt,6.0,gtt,6.0,,NWVYRCVI,,False,False,13.0,5.0,7.0,16.0,27.0,12.0,623.0,435.0,472.0,True,False,True,True,False,False,1.0,both,0.0023434443742288828,0.0020479454634477045,0.0022901170773836385,6.0566600548127736e-05,9.269431474869541e-05,4.5483661889618734e-05,-2.6301453507642796,-2.688681612754354,-2.6401423147072958,-4.217766801516179,-4.0329469017669,-4.3421445775279714,V,non-synonymous,-2.0339660262617096,-1.7848818815417165,-2.166734621588569,-0.5274690100594559,-0.09032238992057895,-0.6261678067972203,-0.5274690100594559
56,ortho,aattgggtttatagatgtgttatt,7.0,att,7.0,,NWVYRCVI,,False,False,13.0,5.0,7.0,16.0,27.0,12.0,623.0,435.0,472.0,True,False,True,True,False,False,1.0,both,0.0023434443742288828,0.0020479454634477045,0.0022901170773836385,6.0566600548127736e-05,9.269431474869541e-05,4.5483661889618734e-05,-2.6301453507642796,-2.688681612754354,-2.6401423147072958,-4.217766801516179,-4.0329469017669,-4.3421445775279714,I,non-synonymous,-2.0339660262617096,-1.7848818815417165,-2.166734621588569,-0.5274690100594559,-0.09032238992057895,-0.6261678067972203,-0.5274690100594559
57,ortho,aattgggtttatagatgtgttttg,0.0,aat,1.0,,NWVYRCVL,,False,False,11.0,4.0,6.0,215.0,186.0,155.0,3031.0,2209.0,2125.0,True,False,True,True,False,False,1.0,both,0.011401251843158497,0.010399796617829837,0.01031037879118693,0.0008138636948654664,0.0006385608349354573,0.0005874972994075753,-1.9430474610558268,-1.982975153837556,-1.9867253789550532,-3.089448324256498,-3.194797721707971,-3.2309941254053047,N,non-synonymous,-1.4687004935105588,-1.609027743790142,-1.5840167962094076,0.03779652269169498,0.0855317478309956,-0.04344998141805889,0.03779652269169498
58,ortho,aattgggtttatagatgtgttttg,2.0,gtt,2.0,,NWVYRCVL,,False,False,11.0,4.0,6.0,215.0,186.0,155.0,3031.0,2209.0,2125.0,True,False,True,True,False,False,1.0,both,0.011401251843158497,0.010399796617829837,0.01031037879118693,0.0008138636948654664,0.0006385608349354573,0.0005874972994075753,-1.9430474610558268,-1.982975153837556,-1.9867253789550532,-3.089448324256498,-3.194797721707971,-3.2309941254053047,V,synonymous,-1.4687004935105588,-1.609027743790142,-1.5840167962094076,0.03779652269169498,0.0855317478309956,-0.04344998141805889,0.03779652269169498
59,ortho,aattgggtttatagatgtgttttg,3.0,tat,3.0,,NWVYRCVL,,False,False,11.0,4.0,6.0,215.0,186.0,155.0,3031.0,2209.0,2125.0,True,False,True,True,False,False,1.0,both,0.011401251843158497,0.010399796617829837,0.01031037879118693,0.0008138636948654664,0.0006385608349354573,0.0005874972994075753,-1.9430474610558268,-1.982975153837556,-1.9867253789550532,-3.089448324256498,-3.194797721707971,-3.2309941254053047,Y,non-synonymous,-1.4687004935105588,-1.609027743790142,-1.5840167962094076,0.03779652269169498,0.0855317478309956,-0.04344998141805889,0.03779652269169498
60,ortho,aattgggtttatagatgtgttttg,4.0,aga,4.0,,NWVYRCVL,,False,False,11.0,4.0,6.0,215.0,186.0,155.0,3031.0,2209.0,2125.0,True,False,True,True,False,False,1.0,both,0.011401251843158497,0.010399796617829837,0.01031037879118693,0.0008138636948654664,0.0006385608349354573,0.0005874972994075753,-1.9430474610558268,-1.982975153837556,-1.9867253789550532,-3.089448324256498,-3.194797721707971,-3.2309941254053047,R,synonymous,-1.4687004935105588,-1.609027743790142,-1.5840167962094076,0.03779652269169498,0.0855317478309956,-0.04344998141805889,0.03779652269169498
61,ortho,aattgggtttatagatgtgttttg,5.0,tgt,5.0,,NWVYRCVL,,False,False,11.0,4.0,6.0,215.0,186.0,155.0,3031.0,2209.0,2125.0,True,False,True,True,False,False,1.0,both,0.011401251843158497,0.010399796617829837,0.01031037879118693,0.0008138636948654664,0.0006385608349354573,0.0005874972994075753,-1.9430474610558268,-1.982975153837556,-1.9867253789550532,-3.089448324256498,-3.194797721707971,-3.2309941254053047,C,non-synonymous,-1.4687004935105588,-1.609027743790142,-1.5840167962094076,0.03779652269169498,0.0855317478309956,-0.04344998141805889,0.03779652269169498
62,ortho,aattgggtttatagatgtgttttg,6.0,gtt,6.0,,NWVYRCVL,,False,False,11.0,4.0,6.0,215.0,186.0,155.0,3031.0,2209.0,2125.0,True,False,True,True,False,False,1.0,both,0.011401251843158497,0.010399796617829837,0.01031037879118693,0.0008138636948654664,0.0006385608349354573,0.0005874972994075753,-1.9430474610558268,-1.982975153837556,-1.9867253789550532,-3.089448324256498,-3.194797721707971,-3.2309941254053047,V,non-synonymous,-1.4687004935105588,-1.609027743790142,-1.5840167962094076,0.03779652269169498,0.0855317478309956,-0.04344998141805889,0.03779652269169498
63,ortho,aattgggtttggagatgtgttatt,0.0,aat,1.0,,NWVWRCVI,,False,False,12.0,5.0,7.0,297.0,283.0,269.0,4911.0,3634.0,3638.0,True,False,True,True,False,False,1.0,both,0.018472961993319492,0.017108583480848177,0.017651368490512024,0.001124267522674621,0.0009715737434770668,0.0010195920873589533,-1.733463463291845,-1.7667859467369755,-1.753221618613919,-2.949130334854891,-3.012524230401597,-2.991573543573188,N,non-synonymous,-1.5574399771683958,-1.6540601842729765,-1.576484384382279,-0.05094296096614204,0.040499307348160984,-0.035917569590930176,-0.035917569590930176
64,ortho,aattgggtttggagatgtgttatt,2.0,gtt,2.0,,NWVWRCVI,,False,False,12.0,5.0,7.0,297.0,283.0,269.0,4911.0,3634.0,3638.0,True,False,True,True,False,False,1.0,both,0.018472961993319492,0.017108583480848177,0.017651368490512024,0.001124267522674621,0.0009715737434770668,0.0010195920873589533,-1.733463463291845,-1.7667859467369755,-1.753221618613919,-2.949130334854891,-3.012524230401597,-2.991573543573188,V,synonymous,-1.5574399771683958,-1.6540601842729765,-1.576484384382279,-0.05094296096614204,0.040499307348160984,-0.035917569590930176,-0.035917569590930176
65,ortho,aattgggtttggagatgtgttatt,3.0,tgg,3.0,,NWVWRCVI,,False,False,12.0,5.0,7.0,297.0,283.0,269.0,4911.0,3634.0,3638.0,True,False,True,True,False,False,1.0,both,0.018472961993319492,0.017108583480848177,0.017651368490512024,0.001124267522674621,0.0009715737434770668,0.0010195920873589533,-1.733463463291845,-1.7667859467369755,-1.753221618613919,-2.949130334854891,-3.012524230401597,-2.991573543573188,W,non-synonymous,-1.5574399771683958,-1.6540601842729765,-1.576484384382279,-0.05094296096614204,0.040499307348160984,-0.035917569590930176,-0.035917569590930176
66,ortho,aattgggtttggagatgtgttatt,4.0,aga,4.0,,NWVWRCVI,,False,False,12.0,5.0,7.0,297.0,283.0,269.0,4911.0,3634.0,3638.0,True,False,True,True,False,False,1.0,both,0.018472961993319492,0.017108583480848177,0.017651368490512024,0.001124267522674621,0.0009715737434770668,0.0010195920873589533,-1.733463463291845,-1.7667859467369755,-1.753221618613919,-2.949130334854891,-3.012524230401597,-2.991573543573188,R,synonymous,-1.5574399771683958,-1.6540601842729765,-1.576484384382279,-0.05094296096614204,0.040499307348160984,-0.035917569590930176,-0.035917569590930176
67,ortho,aattgggtttggagatgtgttatt,5.0,tgt,5.0,,NWVWRCVI,,False,False,12.0,5.0,7.0,297.0,283.0,269.0,4911.0,3634.0,3638.0,True,False,True,True,False,False,1.0,both,0.018472961993319492,0.017108583480848177,0.017651368490512024,0.001124267522674621,0.0009715737434770668,0.0010195920873589533,-1.733463463291845,-1.7667859467369755,-1.753221618613919,-2.949130334854891,-3.012524230401597,-2.991573543573188,C,non-synonymous,-1.5574399771683958,-1.6540601842729765,-1.576484384382279,-0.05094296096614204,0.040499307348160984,-0.035917569590930176,-0.035917569590930176
68,ortho,aattgggtttggagatgtgttatt,6.0,gtt,6.0,,NWVWRCVI,,False,False,12.0,5.0,7.0,297.0,283.0,269.0,4911.0,3634.0,3638.0,True,False,True,True,False,False,1.0,both,0.018472961993319492,0.017108583480848177,0.017651368490512024,0.001124267522674621,0.0009715737434770668,0.0010195920873589533,-1.733463463291845,-1.7667859467369755,-1.753221618613919,-2.949130334854891,-3.012524230401597,-2.991573543573188,V,non-synonymous,-1.5574399771683958,-1.6540601842729765,-1.576484384382279,-0.05094296096614204,0.040499307348160984,-0.035917569590930176,-0.035917569590930176
69,ortho,aattgggtttggagatgtgttatt,7.0,att,7.0,,NWVWRCVI,,False,False,12.0,5.0,7.0,297.0,283.0,269.0,4911.0,3634.0,3638.0,True,False,True,True,False,False,1.0,both,0.018472961993319492,0.017108583480848177,0.017651368490512024,0.001124267522674621,0.0009715737434770668,0.0010195920873589533,-1.733463463291845,-1.7667859467369755,-1.753221618613919,-2.949130334854891,-3.012524230401597,-2.991573543573188,I,non-synonymous,-1.5574399771683958,-1.6540601842729765,-1.576484384382279,-0.05094296096614204,0.040499307348160984,-0.035917569590930176,-0.035917569590930176
70,ortho,aattggttgaaaagagttgttatt,0.0,aat,1.0,,NWLKRVVI,,False,False,12.0,6.0,7.0,29.0,35.0,24.0,769.0,533.0,590.0,True,False,True,True,False,False,1.0,both,0.0028926303752520237,0.002509321682799141,0.002862646346729548,0.00010977696349348152,0.00012015929689645702,9.096732377923747e-05,-2.538707057622018,-2.600443660682419,-2.5432323016992395,-3.9594887862731474,-3.920242621575612,-4.04111458186399,N,non-synonymous,-1.820220913140949,-1.7523961020419228,-1.906879600805175,-0.3137238969386953,-0.05783661042078525,-0.3663127860138262,-0.3137238969386953
71,ortho,aattggttgaaaagagttgttatt,2.0,ttg,2.0,,NWLKRVVI,,False,False,12.0,6.0,7.0,29.0,35.0,24.0,769.0,533.0,590.0,True,False,True,True,False,False,1.0,both,0.0028926303752520237,0.002509321682799141,0.002862646346729548,0.00010977696349348152,0.00012015929689645702,9.096732377923747e-05,-2.538707057622018,-2.600443660682419,-2.5432323016992395,-3.9594887862731474,-3.920242621575612,-4.04111458186399,L,non-synonymous,-1.820220913140949,-1.7523961020419228,-1.906879600805175,-0.3137238969386953,-0.05783661042078525,-0.3663127860138262,-0.3137238969386953
72,ortho,aattggttgaaaagagttgttatt,3.0,aaa,3.0,,NWLKRVVI,,False,False,12.0,6.0,7.0,29.0,35.0,24.0,769.0,533.0,590.0,True,False,True,True,False,False,1.0,both,0.0028926303752520237,0.002509321682799141,0.002862646346729548,0.00010977696349348152,0.00012015929689645702,9.096732377923747e-05,-2.538707057622018,-2.600443660682419,-2.5432323016992395,-3.9594887862731474,-3.920242621575612,-4.04111458186399,K,non-synonymous,-1.820220913140949,-1.7523961020419228,-1.906879600805175,-0.3137238969386953,-0.05783661042078525,-0.3663127860138262,-0.3137238969386953
73,ortho,aattggttgaaaagagttgttatt,4.0,aga,4.0,,NWLKRVVI,,False,False,12.0,6.0,7.0,29.0,35.0,24.0,769.0,533.0,590.0,True,False,True,True,False,False,1.0,both,0.0028926303752520237,0.002509321682799141,0.002862646346729548,0.00010977696349348152,0.00012015929689645702,9.096732377923747e-05,-2.538707057622018,-2.600443660682419,-2.5432323016992395,-3.9594887862731474,-3.920242621575612,-4.04111458186399,R,synonymous,-1.820220913140949,-1.7523961020419228,-1.906879600805175,-0.3137238969386953,-0.05783661042078525,-0.3663127860138262,-0.3137238969386953
74,ortho,aattggttgaaaagagttgttatt,5.0,gtt,5.0,,NWLKRVVI,,False,False,12.0,6.0,7.0,29.0,35.0,24.0,769.0,533.0,590.0,True,False,True,True,False,False,1.0,both,0.0028926303752520237,0.002509321682799141,0.002862646346729548,0.00010977696349348152,0.00012015929689645702,9.096732377923747e-05,-2.538707057622018,-2.600443660682419,-2.5432323016992395,-3.9594887862731474,-3.920242621575612,-4.04111458186399,V,non-synonymous,-1.820220913140949,-1.7523961020419228,-1.906879600805175,-0.3137238969386953,-0.05783661042078525,-0.3663127860138262,-0.3137238969386953
75,ortho,aattggttgaaaagagttgttatt,6.0,gtt,6.0,,NWLKRVVI,,False,False,12.0,6.0,7.0,29.0,35.0,24.0,769.0,533.0,590.0,True,False,True,True,False,False,1.0,both,0.0028926303752520237,0.002509321682799141,0.002862646346729548,0.00010977696349348152,0.00012015929689645702,9.096732377923747e-05,-2.538707057622018,-2.600443660682419,-2.5432323016992395,-3.9594887862731474,-3.920242621575612,-4.04111458186399,V,non-synonymous,-1.820220913140949,-1.7523961020419228,-1.906879600805175,-0.3137238969386953,-0.05783661042078525,-0.3663127860138262,-0.3137238969386953
76,ortho,aattggttgaaaagagttgttatt,7.0,att,7.0,,NWLKRVVI,,False,False,12.0,6.0,7.0,29.0,35.0,24.0,769.0,533.0,590.0,True,False,True,True,False,False,1.0,both,0.0028926303752520237,0.002509321682799141,0.002862646346729548,0.00010977696349348152,0.00012015929689645702,9.096732377923747e-05,-2.538707057622018,-2.600443660682419,-2.5432323016992395,-3.9594887862731474,-3.920242621575612,-4.04111458186399,I,non-synonymous,-1.820220913140949,-1.7523961020419228,-1.906879600805175,-0.3137238969386953,-0.05783661042078525,-0.3663127860138262,-0.3137238969386953
77,ortho,aattggttgaaaagatgtattatt,0.0,aat,1.0,,NWLKRCII,,False,False,10.0,6.0,7.0,36.0,38.0,42.0,1079.0,800.0,724.0,True,False,True,True,False,False,1.0,both,0.004058710240438145,0.003766336484501525,0.003512806703444394,0.0001362748512332874,0.00013045866520186762,0.00015919281661366555,-2.391611952740538,-2.4240808827170475,-2.4543457471442367,-3.865584283404816,-3.884527069309077,-3.798076533177696,N,non-synonymous,-1.8883655438146616,-1.939143976059682,-1.710636983154162,-0.38186852761240786,-0.24458448443854452,-0.1700701683628132,-0.24458448443854452
78,ortho,aattggttgaaaagatgtattatt,2.0,ttg,2.0,,NWLKRCII,,False,False,10.0,6.0,7.0,36.0,38.0,42.0,1079.0,800.0,724.0,True,False,True,True,False,False,1.0,both,0.004058710240438145,0.003766336484501525,0.003512806703444394,0.0001362748512332874,0.00013045866520186762,0.00015919281661366555,-2.391611952740538,-2.4240808827170475,-2.4543457471442367,-3.865584283404816,-3.884527069309077,-3.798076533177696,L,non-synonymous,-1.8883655438146616,-1.939143976059682,-1.710636983154162,-0.38186852761240786,-0.24458448443854452,-0.1700701683628132,-0.24458448443854452
79,ortho,aattggttgaaaagatgtattatt,3.0,aaa,3.0,,NWLKRCII,,False,False,10.0,6.0,7.0,36.0,38.0,42.0,1079.0,800.0,724.0,True,False,True,True,False,False,1.0,both,0.004058710240438145,0.003766336484501525,0.003512806703444394,0.0001362748512332874,0.00013045866520186762,0.00015919281661366555,-2.391611952740538,-2.4240808827170475,-2.4543457471442367,-3.865584283404816,-3.884527069309077,-3.798076533177696,K,non-synonymous,-1.8883655438146616,-1.939143976059682,-1.710636983154162,-0.38186852761240786,-0.24458448443854452,-0.1700701683628132,-0.24458448443854452
80,ortho,aattggttgaaaagatgtattatt,4.0,aga,4.0,,NWLKRCII,,False,False,10.0,6.0,7.0,36.0,38.0,42.0,1079.0,800.0,724.0,True,False,True,True,False,False,1.0,both,0.004058710240438145,0.003766336484501525,0.003512806703444394,0.0001362748512332874,0.00013045866520186762,0.00015919281661366555,-2.391611952740538,-2.4240808827170475,-2.4543457471442367,-3.865584283404816,-3.884527069309077,-3.798076533177696,R,synonymous,-1.8883655438146616,-1.939143976059682,-1.710636983154162,-0.38186852761240786,-0.24458448443854452,-0.1700701683628132,-0.24458448443854452
81,ortho,aattggttgaaaagatgtattatt,5.0,tgt,5.0,,NWLKRCII,,False,False,10.0,6.0,7.0,36.0,38.0,42.0,1079.0,800.0,724.0,True,False,True,True,False,False,1.0,both,0.004058710240438145,0.003766336484501525,0.003512806703444394,0.0001362748512332874,0.00013045866520186762,0.00015919281661366555,-2.391611952740538,-2.4240808827170475,-2.4543457471442367,-3.865584283404816,-3.884527069309077,-3.798076533177696,C,non-synonymous,-1.8883655438146616,-1.939143976059682,-1.710636983154162,-0.38186852761240786,-0.24458448443854452,-0.1700701683628132,-0.24458448443854452
82,ortho,aattggttgaaaagatgtattatt,6.0,att,6.0,,NWLKRCII,,False,False,10.0,6.0,7.0,36.0,38.0,42.0,1079.0,800.0,724.0,True,False,True,True,False,False,1.0,both,0.004058710240438145,0.003766336484501525,0.003512806703444394,0.0001362748512332874,0.00013045866520186762,0.00015919281661366555,-2.391611952740538,-2.4240808827170475,-2.4543457471442367,-3.865584283404816,-3.884527069309077,-3.798076533177696,I,non-synonymous,-1.8883655438146616,-1.939143976059682,-1.710636983154162,-0.38186852761240786,-0.24458448443854452,-0.1700701683628132,-0.24458448443854452
83,ortho,aattggttgaaaagatgtattatt,7.0,att,7.0,,NWLKRCII,,False,False,10.0,6.0,7.0,36.0,38.0,42.0,1079.0,800.0,724.0,True,False,True,True,False,False,1.0,both,0.004058710240438145,0.003766336484501525,0.003512806703444394,0.0001362748512332874,0.00013045866520186762,0.00015919281661366555,-2.391611952740538,-2.4240808827170475,-2.4543457471442367,-3.865584283404816,-3.884527069309077,-3.798076533177696,I,non-synonymous,-1.8883655438146616,-1.939143976059682,-1.710636983154162,-0.38186852761240786,-0.24458448443854452,-0.1700701683628132,-0.24458448443854452
84,single,acgtgggtgagacgttatacattg,0.0,acg,1.0,,TWVRRYTL,,False,False,3.0,1.0,1.0,70.0,59.0,53.0,1099.0,896.0,875.0,True,False,True,True,False,False,1.0,both,0.004133941199482411,0.004218296862641709,0.004245450090488736,0.00026497887739805885,0.00020255424333974183,0.00020088617334581608,-2.3836357049999584,-2.374862860046866,-2.3720762603190706,-3.5767887441578465,-3.6934586542837433,-3.697049953974807,T,non-synonymous,-1.5285965962658803,-1.750798567401338,-1.6867582596395458,-0.022099580063626556,-0.05623907578020049,-0.14619144484819713,-0.05623907578020049
85,single,acttgggtgagacgttatacattg,0.0,act,1.0,,TWVRRYTL,,False,False,2.0,1.0,1.0,43.0,59.0,56.0,1081.0,927.0,885.0,True,False,True,True,False,False,1.0,both,0.004066233336342572,0.0043642424014161425,0.004293969520094322,0.0001627727389730933,0.00020255424333974183,0.00021225708881822075,-2.3908077034701387,-2.360091135564494,-2.367141042643558,-3.788418328592517,-3.6934586542837433,-3.6731377965693954,T,non-synonymous,-1.7905354756292853,-1.7704120942871504,-1.6625996593704553,-0.28403845942703154,-0.0758526026660129,-0.12203284457910657,-0.12203284457910657
86,ortho,agatggattaaaagatgtattatt,0.0,aga,1.0,,RWIKRCII,,False,False,13.0,6.0,7.0,103.0,105.0,67.0,2241.0,1642.0,1676.0,True,False,True,True,False,False,1.0,both,0.008429628960909994,0.0077304056344393805,0.00813185640189614,0.0003898974910285723,0.00036047789068937105,0.00025395044555037125,-2.0741915408883878,-2.111797716925569,-2.0898102990471257,-3.4090495594669314,-3.4431213668559493,-3.5952510208747697,R,non-synonymous,-1.7101405743705003,-1.7676982963491106,-1.9165018778103222,-0.20364355816824653,-0.07313880472797307,-0.3759350630189735,-0.20364355816824653
87,ortho,agatggattaaaagatgtattatt,2.0,att,2.0,,RWIKRCII,,False,False,13.0,6.0,7.0,103.0,105.0,67.0,2241.0,1642.0,1676.0,True,False,True,True,False,False,1.0,both,0.008429628960909994,0.0077304056344393805,0.00813185640189614,0.0003898974910285723,0.00036047789068937105,0.00025395044555037125,-2.0741915408883878,-2.111797716925569,-2.0898102990471257,-3.4090495594669314,-3.4431213668559493,-3.5952510208747697,I,non-synonymous,-1.7101405743705003,-1.7676982963491106,-1.9165018778103222,-0.20364355816824653,-0.07313880472797307,-0.3759350630189735,-0.20364355816824653
88,ortho,agatggattaaaagatgtattatt,3.0,aaa,3.0,,RWIKRCII,,False,False,13.0,6.0,7.0,103.0,105.0,67.0,2241.0,1642.0,1676.0,True,False,True,True,False,False,1.0,both,0.008429628960909994,0.0077304056344393805,0.00813185640189614,0.0003898974910285723,0.00036047789068937105,0.00025395044555037125,-2.0741915408883878,-2.111797716925569,-2.0898102990471257,-3.4090495594669314,-3.4431213668559493,-3.5952510208747697,K,non-synonymous,-1.7101405743705003,-1.7676982963491106,-1.9165018778103222,-0.20364355816824653,-0.07313880472797307,-0.3759350630189735,-0.20364355816824653
89,ortho,agatggattaaaagatgtattatt,4.0,aga,4.0,,RWIKRCII,,False,False,13.0,6.0,7.0,103.0,105.0,67.0,2241.0,1642.0,1676.0,True,False,True,True,False,False,1.0,both,0.008429628960909994,0.0077304056344393805,0.00813185640189614,0.0003898974910285723,0.00036047789068937105,0.00025395044555037125,-2.0741915408883878,-2.111797716925569,-2.0898102990471257,-3.4090495594669314,-3.4431213668559493,-3.5952510208747697,R,synonymous,-1.7101405743705003,-1.7676982963491106,-1.9165018778103222,-0.20364355816824653,-0.07313880472797307,-0.3759350630189735,-0.20364355816824653
90,ortho,agatggattaaaagatgtattatt,5.0,tgt,5.0,,RWIKRCII,,False,False,13.0,6.0,7.0,103.0,105.0,67.0,2241.0,1642.0,1676.0,True,False,True,True,False,False,1.0,both,0.008429628960909994,0.0077304056344393805,0.00813185640189614,0.0003898974910285723,0.00036047789068937105,0.00025395044555037125,-2.0741915408883878,-2.111797716925569,-2.0898102990471257,-3.4090495594669314,-3.4431213668559493,-3.5952510208747697,C,non-synonymous,-1.7101405743705003,-1.7676982963491106,-1.9165018778103222,-0.20364355816824653,-0.07313880472797307,-0.3759350630189735,-0.20364355816824653
91,ortho,agatggattaaaagatgtattatt,6.0,att,6.0,,RWIKRCII,,False,False,13.0,6.0,7.0,103.0,105.0,67.0,2241.0,1642.0,1676.0,True,False,True,True,False,False,1.0,both,0.008429628960909994,0.0077304056344393805,0.00813185640189614,0.0003898974910285723,0.00036047789068937105,0.00025395044555037125,-2.0741915408883878,-2.111797716925569,-2.0898102990471257,-3.4090495594669314,-3.4431213668559493,-3.5952510208747697,I,non-synonymous,-1.7101405743705003,-1.7676982963491106,-1.9165018778103222,-0.20364355816824653,-0.07313880472797307,-0.3759350630189735,-0.20364355816824653
92,ortho,agatggattaaaagatgtattatt,7.0,att,7.0,,RWIKRCII,,False,False,13.0,6.0,7.0,103.0,105.0,67.0,2241.0,1642.0,1676.0,True,False,True,True,False,False,1.0,both,0.008429628960909994,0.0077304056344393805,0.00813185640189614,0.0003898974910285723,0.00036047789068937105,0.00025395044555037125,-2.0741915408883878,-2.111797716925569,-2.0898102990471257,-3.4090495594669314,-3.4431213668559493,-3.5952510208747697,I,non-synonymous,-1.7101405743705003,-1.7676982963491106,-1.9165018778103222,-0.20364355816824653,-0.07313880472797307,-0.3759350630189735,-0.20364355816824653
93,single,aggtgggtgagacgttatacattg,0.0,agg,1.0,,RWVRRYTL,,False,False,3.0,1.0,1.0,49.0,54.0,23.0,1127.0,945.0,902.0,True,False,True,True,False,False,1.0,both,0.004239264542144384,0.004448984972317427,0.004376452550423817,0.00018548521417864118,0.00018538862949739083,8.717701862176924e-05,-2.3727094813773424,-2.351739061199728,-2.358877775799442,-3.73169070414359,-3.731916906102919,-4.0595979875580035,R,non-synonymous,-1.7410457865286797,-1.8325656764391887,-2.1651025060011766,-0.23454877032642596,-0.13800618481805116,-0.6245356912098279,-0.23454877032642596
94,single,agttgggtgagacgttatacattg,0.0,agt,1.0,,SWVRRYTL,,False,False,2.0,1.0,1.0,1.0,1.0,1.0,1.0,4.0,2.0,True,False,True,True,False,False,3.0,both,3.761547952213295e-06,1.8831682422507626e-05,9.703885921117111e-06,3.7854125342579835e-06,3.4331227684702005e-06,3.790305157468228e-06,-5.424633397423449,-4.725110878381028,-5.013054317677402,-5.421886784172104,-5.464310665925887,-5.421325823575596,S,non-synonymous,0.003518797278703474,-0.9814910184860024,-0.5197501943221106,1.5100158134809571,0.7130684731351351,1.0208166204692382,1.0208166204692382
95,single,atgtgggtgagacgttatacattg,0.0,atg,1.0,,MWVRRYTL,,False,False,3.0,1.0,1.0,46.0,31.0,42.0,1010.0,945.0,825.0,True,False,True,True,False,False,1.0,both,0.0037991634317354277,0.004448984972317427,0.0040028529424608085,0.00017412897657586725,0.00010642680582257622,0.00015919281661366555,-2.4203120236408067,-2.351739061199728,-2.3976303647914587,-3.7591289524905296,-3.972948972091615,-3.798076533177696,M,non-synonymous,-1.7152124943730827,-2.1526020345674355,-1.7828385220150684,-0.20871547817082892,-0.458042542946298,-0.2422717072237197,-0.2422717072237197
96,single,atttgggtgagacgttatacattg,0.0,att,1.0,,IWVRRYTL,,False,False,2.0,1.0,1.0,16.0,31.0,20.0,743.0,606.0,564.0,True,False,True,True,False,False,1.0,both,0.002794830128494478,0.0028529998870099054,0.0027364958297550254,6.0566600548127736e-05,0.00010642680582257622,7.580610314936455e-05,-2.553644583662874,-2.5446982455427047,-2.562805209358041,-4.217766801516179,-3.972948972091615,-4.120295827911615,I,non-synonymous,-2.1319742518330678,-1.8963956482046371,-1.9827640184371378,-0.625477235630814,-0.20183615658349963,-0.44219720364578907,-0.44219720364578907
97,ortho,caatgggttcaaagatctattttt,0.0,caa,1.0,,QWVQRSIF,,False,False,11.0,5.0,7.0,10.0,22.0,11.0,181.0,137.0,152.0,True,False,True,True,False,False,1.0,both,0.0006808401793506064,0.0006449851229708862,0.0007374953300049005,3.7854125342579835e-05,7.552870090634441e-05,4.169335673215051e-05,-3.1669548225542647,-3.190450302552584,-3.132240725396611,-4.421886784172104,-4.121887985103681,-4.379933138417371,Q,non-synonymous,-1.6077440714798776,-1.2367396948796328,-1.588375296226207,-0.1012470552776239,0.45781979674150475,-0.047808481434858274,-0.047808481434858274
98,ortho,caatgggttcaaagatctattttt,2.0,gtt,2.0,,QWVQRSIF,,False,False,11.0,5.0,7.0,10.0,22.0,11.0,181.0,137.0,152.0,True,False,True,True,False,False,1.0,both,0.0006808401793506064,0.0006449851229708862,0.0007374953300049005,3.7854125342579835e-05,7.552870090634441e-05,4.169335673215051e-05,-3.1669548225542647,-3.190450302552584,-3.132240725396611,-4.421886784172104,-4.121887985103681,-4.379933138417371,V,synonymous,-1.6077440714798776,-1.2367396948796328,-1.588375296226207,-0.1012470552776239,0.45781979674150475,-0.047808481434858274,-0.047808481434858274
99,ortho,caatgggttcaaagatctattttt,3.0,caa,3.0,,QWVQRSIF,,False,False,11.0,5.0,7.0,10.0,22.0,11.0,181.0,137.0,152.0,True,False,True,True,False,False,1.0,both,0.0006808401793506064,0.0006449851229708862,0.0007374953300049005,3.7854125342579835e-05,7.552870090634441e-05,4.169335673215051e-05,-3.1669548225542647,-3.190450302552584,-3.132240725396611,-4.421886784172104,-4.121887985103681,-4.379933138417371,Q,non-synonymous,-1.6077440714798776,-1.2367396948796328,-1.588375296226207,-0.1012470552776239,0.45781979674150475,-0.047808481434858274,-0.047808481434858274
100,ortho,caatgggttcaaagatctattttt,4.0,aga,4.0,,QWVQRSIF,,False,False,11.0,5.0,7.0,10.0,22.0,11.0,181.0,137.0,152.0,True,False,True,True,False,False,1.0,both,0.0006808401793506064,0.0006449851229708862,0.0007374953300049005,3.7854125342579835e-05,7.552870090634441e-05,4.169335673215051e-05,-3.1669548225542647,-3.190450302552584,-3.132240725396611,-4.421886784172104,-4.121887985103681,-4.379933138417371,R,synonymous,-1.6077440714798776,-1.2367396948796328,-1.588375296226207,-0.1012470552776239,0.45781979674150475,-0.047808481434858274,-0.047808481434858274
101,ortho,caatgggttcaaagatctattttt,5.0,tct,5.0,,QWVQRSIF,,False,False,11.0,5.0,7.0,10.0,22.0,11.0,181.0,137.0,152.0,True,False,True,True,False,False,1.0,both,0.0006808401793506064,0.0006449851229708862,0.0007374953300049005,3.7854125342579835e-05,7.552870090634441e-05,4.169335673215051e-05,-3.1669548225542647,-3.190450302552584,-3.132240725396611,-4.421886784172104,-4.121887985103681,-4.379933138417371,S,non-synonymous,-1.6077440714798776,-1.2367396948796328,-1.588375296226207,-0.1012470552776239,0.45781979674150475,-0.047808481434858274,-0.047808481434858274
102,ortho,caatgggttcaaagatctattttt,6.0,att,6.0,,QWVQRSIF,,False,False,11.0,5.0,7.0,10.0,22.0,11.0,181.0,137.0,152.0,True,False,True,True,False,False,1.0,both,0.0006808401793506064,0.0006449851229708862,0.0007374953300049005,3.7854125342579835e-05,7.552870090634441e-05,4.169335673215051e-05,-3.1669548225542647,-3.190450302552584,-3.132240725396611,-4.421886784172104,-4.121887985103681,-4.379933138417371,I,non-synonymous,-1.6077440714798776,-1.2367396948796328,-1.588375296226207,-0.1012470552776239,0.45781979674150475,-0.047808481434858274,-0.047808481434858274
103,ortho,caatgggttcaaagatctattttt,7.0,ttt,7.0,,QWVQRSIF,,False,False,11.0,5.0,7.0,10.0,22.0,11.0,181.0,137.0,152.0,True,False,True,True,False,False,1.0,both,0.0006808401793506064,0.0006449851229708862,0.0007374953300049005,3.7854125342579835e-05,7.552870090634441e-05,4.169335673215051e-05,-3.1669548225542647,-3.190450302552584,-3.132240725396611,-4.421886784172104,-4.121887985103681,-4.379933138417371,F,non-synonymous,-1.6077440714798776,-1.2367396948796328,-1.588375296226207,-0.1012470552776239,0.45781979674150475,-0.047808481434858274,-0.047808481434858274
104,single,cagtgggtgagacgttatacattg,0.0,cag,1.0,,QWVRRYTL,,False,False,2.0,1.0,1.0,1.0,1.0,1.0,5.0,3.0,5.0,True,False,True,True,False,False,2.0,both,1.8807739761066475e-05,1.4123761816880721e-05,2.4259714802792778e-05,3.7854125342579835e-06,3.4331227684702005e-06,3.790305157468228e-06,-4.72566339308743,-4.850049614989328,-4.615114309005365,-5.421886784172104,-5.464310665925887,-5.421325823575596,Q,non-synonymous,-0.8919599338269719,-0.81560048400774,-1.0263478722100423,0.6145370823752818,0.8789590076133975,0.5142189425813064,0.6145370823752818
105,ortho,cattgggttcaaagatgtattgtt,0.0,cat,1.0,,HWVQRCIV,,False,False,11.0,5.0,7.0,83.0,87.0,64.0,1838.0,1387.0,1500.0,True,False,True,True,False,False,1.0,both,0.006913725136168036,0.00652988588000452,0.007277914440837833,0.00031418924034341264,0.00029868168085690744,0.00024257953007796658,-2.1602878903733567,-2.185094408635706,-2.1379930542857024,-3.5028086917960297,-3.524791413307269,-3.615145849591709,H,non-synonymous,-1.7199576752695835,-1.7788162276736903,-1.8804899222998714,-0.2134606590673298,-0.0842567360525528,-0.3399231075085227,-0.2134606590673298
106,ortho,cattgggttcaaagatgtattgtt,2.0,gtt,2.0,,HWVQRCIV,,False,False,11.0,5.0,7.0,83.0,87.0,64.0,1838.0,1387.0,1500.0,True,False,True,True,False,False,1.0,both,0.006913725136168036,0.00652988588000452,0.007277914440837833,0.00031418924034341264,0.00029868168085690744,0.00024257953007796658,-2.1602878903733567,-2.185094408635706,-2.1379930542857024,-3.5028086917960297,-3.524791413307269,-3.615145849591709,V,synonymous,-1.7199576752695835,-1.7788162276736903,-1.8804899222998714,-0.2134606590673298,-0.0842567360525528,-0.3399231075085227,-0.2134606590673298
107,ortho,cattgggttcaaagatgtattgtt,3.0,caa,3.0,,HWVQRCIV,,False,False,11.0,5.0,7.0,83.0,87.0,64.0,1838.0,1387.0,1500.0,True,False,True,True,False,False,1.0,both,0.006913725136168036,0.00652988588000452,0.007277914440837833,0.00031418924034341264,0.00029868168085690744,0.00024257953007796658,-2.1602878903733567,-2.185094408635706,-2.1379930542857024,-3.5028086917960297,-3.524791413307269,-3.615145849591709,Q,non-synonymous,-1.7199576752695835,-1.7788162276736903,-1.8804899222998714,-0.2134606590673298,-0.0842567360525528,-0.3399231075085227,-0.2134606590673298
108,ortho,cattgggttcaaagatgtattgtt,4.0,aga,4.0,,HWVQRCIV,,False,False,11.0,5.0,7.0,83.0,87.0,64.0,1838.0,1387.0,1500.0,True,False,True,True,False,False,1.0,both,0.006913725136168036,0.00652988588000452,0.007277914440837833,0.00031418924034341264,0.00029868168085690744,0.00024257953007796658,-2.1602878903733567,-2.185094408635706,-2.1379930542857024,-3.5028086917960297,-3.524791413307269,-3.615145849591709,R,synonymous,-1.7199576752695835,-1.7788162276736903,-1.8804899222998714,-0.2134606590673298,-0.0842567360525528,-0.3399231075085227,-0.2134606590673298
109,ortho,cattgggttcaaagatgtattgtt,5.0,tgt,5.0,,HWVQRCIV,,False,False,11.0,5.0,7.0,83.0,87.0,64.0,1838.0,1387.0,1500.0,True,False,True,True,False,False,1.0,both,0.006913725136168036,0.00652988588000452,0.007277914440837833,0.00031418924034341264,0.00029868168085690744,0.00024257953007796658,-2.1602878903733567,-2.185094408635706,-2.1379930542857024,-3.5028086917960297,-3.524791413307269,-3.615145849591709,C,non-synonymous,-1.7199576752695835,-1.7788162276736903,-1.8804899222998714,-0.2134606590673298,-0.0842567360525528,-0.3399231075085227,-0.2134606590673298
110,ortho,cattgggttcaaagatgtattgtt,6.0,att,6.0,,HWVQRCIV,,False,False,11.0,5.0,7.0,83.0,87.0,64.0,1838.0,1387.0,1500.0,True,False,True,True,False,False,1.0,both,0.006913725136168036,0.00652988588000452,0.007277914440837833,0.00031418924034341264,0.00029868168085690744,0.00024257953007796658,-2.1602878903733567,-2.185094408635706,-2.1379930542857024,-3.5028086917960297,-3.524791413307269,-3.615145849591709,I,non-synonymous,-1.7199576752695835,-1.7788162276736903,-1.8804899222998714,-0.2134606590673298,-0.0842567360525528,-0.3399231075085227,-0.2134606590673298
111,ortho,cattgggttcaaagatgtattgtt,7.0,gtt,7.0,,HWVQRCIV,,False,False,11.0,5.0,7.0,83.0,87.0,64.0,1838.0,1387.0,1500.0,True,False,True,True,False,False,1.0,both,0.006913725136168036,0.00652988588000452,0.007277914440837833,0.00031418924034341264,0.00029868168085690744,0.00024257953007796658,-2.1602878903733567,-2.185094408635706,-2.1379930542857024,-3.5028086917960297,-3.524791413307269,-3.615145849591709,V,non-synonymous,-1.7199576752695835,-1.7788162276736903,-1.8804899222998714,-0.2134606590673298,-0.0842567360525528,-0.3399231075085227,-0.2134606590673298
112,single,ccgtgggtgagacgttatacattg,0.0,ccg,1.0,,PWVRRYTL,,False,False,3.0,1.0,1.0,49.0,87.0,59.0,1966.0,1643.0,1636.0,True,False,True,True,False,False,1.0,both,0.0073952032740513375,0.007735113555045007,0.007937778683473798,0.00018548521417864118,0.00029868168085690744,0.00022362800429062544,-2.131049883927332,-2.1115333062739294,-2.1003010140060794,-3.73169070414359,-3.524791413307269,-3.650473811933452,P,non-synonymous,-2.050645666840585,-1.8764888224099705,-1.9734480641333594,-0.5441486506383311,-0.181929330788833,-0.43288124934201067,-0.43288124934201067
113,single,ccttgggtgagacgttatacattg,0.0,cct,1.0,,PWVRRYTL,,False,False,2.0,1.0,1.0,1.0,1.0,1.0,3.0,4.0,3.0,True,False,True,True,False,False,3.0,both,1.1284643856639884e-05,1.8831682422507626e-05,1.4555828881675667e-05,3.7854125342579835e-06,3.4331227684702005e-06,3.790305157468228e-06,-4.947512142703786,-4.725110878381028,-4.836963058621722,-5.421886784172104,-5.464310665925887,-5.421325823575596,P,non-synonymous,-0.6077405316044805,-0.9814910184860024,-0.7439232379717392,0.8987564845977732,0.7130684731351351,0.7966435768196095,0.7966435768196095
114,single,cgttgggtgagacgttatacattg,0.0,cgt,1.0,,RWVRRYTL,,False,False,2.0,1.0,1.0,13.0,19.0,17.0,555.0,507.0,418.0,True,False,True,True,False,False,1.0,both,0.0020876591134783786,0.0023869157470528418,0.002028112157513476,4.921036294535378e-05,6.522933260093381e-05,6.443518767695987e-05,-2.680340414300773,-2.622162910375655,-2.6929080315663487,-4.307943431865267,-4.185557064973058,-4.1908769021973225,R,non-synonymous,-2.0851880279139405,-2.075835717143992,-1.9069898348308065,-0.5786910117116868,-0.38127622552285434,-0.3664230200394578,-0.38127622552285434
115,single,ctgtgggtgagacgttatacattg,0.0,ctg,1.0,,LWVRRYTL,,False,False,3.0,1.0,1.0,23.0,37.0,32.0,726.0,684.0,638.0,True,False,True,True,False,False,1.0,both,0.002730883813306852,0.0032202176942488043,0.0030955396088363585,8.706448828793362e-05,0.00012702554243339742,0.00012128976503898329,-2.563696776723355,-2.4921147679888747,-2.509263634620221,-4.060158948154511,-3.896108941858892,-3.91617584525569,L,non-synonymous,-1.9171781880594216,-1.8641884032961413,-1.791070119535301,-0.4106811718571679,-0.16962891167500382,-0.2505033047439522,-0.2505033047439522
116,single,ctttgggtgagacgttatacattg,0.0,ctt,1.0,,LWVRRYTL,,False,False,2.0,1.0,1.0,11.0,30.0,9.0,324.0,252.0,258.0,True,False,True,True,False,False,1.0,both,0.0012187415365171076,0.0011863959926179805,0.0012518012838241073,4.1639537876837815e-05,0.00010299368305410601,3.411274641721405e-05,-2.914088387216837,-2.925770328927447,-2.9024646073781533,-4.3804940990138785,-3.987189411206225,-4.467083314136271,L,non-synonymous,-1.878671642474175,-1.4093257515216147,-1.9918384338100803,-0.3721746262719212,0.28523374009952285,-0.4512716190187316,-0.3721746262719212
117,ortho,gaatggattagaagatatactttg,0.0,gaa,1.0,,EWIRRYTL,,False,False,6.0,2.0,4.0,32.0,21.0,18.0,550.0,417.0,410.0,True,False,True,True,False,False,1.0,both,0.0020688513737173123,0.0019632028925464203,0.001989296613829008,0.00012113320109625547,7.209557813787421e-05,6.82254928344281e-05,-2.684270707929205,-2.707034814735233,-2.7013004566216483,-3.9167368058521976,-4.1420913711919685,-4.16605331847229,E,non-synonymous,-1.5789621452314615,-1.9054322591999673,-1.8647041823452097,-0.07246512902920776,-0.21087276757882978,-0.324137367553861,-0.21087276757882978
118,ortho,gaatggattagaagatatactttg,2.0,att,2.0,,EWIRRYTL,,False,False,6.0,2.0,4.0,32.0,21.0,18.0,550.0,417.0,410.0,True,False,True,True,False,False,1.0,both,0.0020688513737173123,0.0019632028925464203,0.001989296613829008,0.00012113320109625547,7.209557813787421e-05,6.82254928344281e-05,-2.684270707929205,-2.707034814735233,-2.7013004566216483,-3.9167368058521976,-4.1420913711919685,-4.16605331847229,I,non-synonymous,-1.5789621452314615,-1.9054322591999673,-1.8647041823452097,-0.07246512902920776,-0.21087276757882978,-0.324137367553861,-0.21087276757882978
119,ortho,gaatggattagaagatatactttg,4.0,aga,3.0,,EWIRRYTL,,False,False,6.0,2.0,4.0,32.0,21.0,18.0,550.0,417.0,410.0,True,False,True,True,False,False,1.0,both,0.0020688513737173123,0.0019632028925464203,0.001989296613829008,0.00012113320109625547,7.209557813787421e-05,6.82254928344281e-05,-2.684270707929205,-2.707034814735233,-2.7013004566216483,-3.9167368058521976,-4.1420913711919685,-4.16605331847229,R,synonymous,-1.5789621452314615,-1.9054322591999673,-1.8647041823452097,-0.07246512902920776,-0.21087276757882978,-0.324137367553861,-0.21087276757882978
120,ortho,gaatggattagaagatatactttg,6.0,act,4.0,,EWIRRYTL,,False,False,6.0,2.0,4.0,32.0,21.0,18.0,550.0,417.0,410.0,True,False,True,True,False,False,1.0,both,0.0020688513737173123,0.0019632028925464203,0.001989296613829008,0.00012113320109625547,7.209557813787421e-05,6.82254928344281e-05,-2.684270707929205,-2.707034814735233,-2.7013004566216483,-3.9167368058521976,-4.1420913711919685,-4.16605331847229,T,synonymous,-1.5789621452314615,-1.9054322591999673,-1.8647041823452097,-0.07246512902920776,-0.21087276757882978,-0.324137367553861,-0.21087276757882978
121,ortho,gaatggattcaaagatgtgttttg,0.0,gaa,1.0,,EWIQRCVL,,False,False,11.0,5.0,6.0,16.0,27.0,19.0,443.0,357.0,348.0,True,False,True,True,False,False,1.0,both,0.0016663657428304896,0.0016807276562088057,0.0016884761502743773,6.0566600548127736e-05,9.269431474869541e-05,7.201579799189632e-05,-2.7782296712003793,-2.7745026535967976,-2.7725050693948026,-4.217766801516179,-4.0329469017669,-4.142572222622767,E,non-synonymous,-1.8442492164728068,-1.6709308466479633,-1.7441645053283301,-0.3377522002705531,0.023628644973174184,-0.2035976905369814,-0.2035976905369814
122,ortho,gaatggattcaaagatgtgttttg,2.0,att,2.0,,EWIQRCVL,,False,False,11.0,5.0,6.0,16.0,27.0,19.0,443.0,357.0,348.0,True,False,True,True,False,False,1.0,both,0.0016663657428304896,0.0016807276562088057,0.0016884761502743773,6.0566600548127736e-05,9.269431474869541e-05,7.201579799189632e-05,-2.7782296712003793,-2.7745026535967976,-2.7725050693948026,-4.217766801516179,-4.0329469017669,-4.142572222622767,I,non-synonymous,-1.8442492164728068,-1.6709308466479633,-1.7441645053283301,-0.3377522002705531,0.023628644973174184,-0.2035976905369814,-0.2035976905369814
123,ortho,gaatggattcaaagatgtgttttg,3.0,caa,3.0,,EWIQRCVL,,False,False,11.0,5.0,6.0,16.0,27.0,19.0,443.0,357.0,348.0,True,False,True,True,False,False,1.0,both,0.0016663657428304896,0.0016807276562088057,0.0016884761502743773,6.0566600548127736e-05,9.269431474869541e-05,7.201579799189632e-05,-2.7782296712003793,-2.7745026535967976,-2.7725050693948026,-4.217766801516179,-4.0329469017669,-4.142572222622767,Q,non-synonymous,-1.8442492164728068,-1.6709308466479633,-1.7441645053283301,-0.3377522002705531,0.023628644973174184,-0.2035976905369814,-0.2035976905369814
124,ortho,gaatggattcaaagatgtgttttg,4.0,aga,4.0,,EWIQRCVL,,False,False,11.0,5.0,6.0,16.0,27.0,19.0,443.0,357.0,348.0,True,False,True,True,False,False,1.0,both,0.0016663657428304896,0.0016807276562088057,0.0016884761502743773,6.0566600548127736e-05,9.269431474869541e-05,7.201579799189632e-05,-2.7782296712003793,-2.7745026535967976,-2.7725050693948026,-4.217766801516179,-4.0329469017669,-4.142572222622767,R,synonymous,-1.8442492164728068,-1.6709308466479633,-1.7441645053283301,-0.3377522002705531,0.023628644973174184,-0.2035976905369814,-0.2035976905369814
125,ortho,gaatggattcaaagatgtgttttg,5.0,tgt,5.0,,EWIQRCVL,,False,False,11.0,5.0,6.0,16.0,27.0,19.0,443.0,357.0,348.0,True,False,True,True,False,False,1.0,both,0.0016663657428304896,0.0016807276562088057,0.0016884761502743773,6.0566600548127736e-05,9.269431474869541e-05,7.201579799189632e-05,-2.7782296712003793,-2.7745026535967976,-2.7725050693948026,-4.217766801516179,-4.0329469017669,-4.142572222622767,C,non-synonymous,-1.8442492164728068,-1.6709308466479633,-1.7441645053283301,-0.3377522002705531,0.023628644973174184,-0.2035976905369814,-0.2035976905369814
126,ortho,gaatggattcaaagatgtgttttg,6.0,gtt,6.0,,EWIQRCVL,,False,False,11.0,5.0,6.0,16.0,27.0,19.0,443.0,357.0,348.0,True,False,True,True,False,False,1.0,both,0.0016663657428304896,0.0016807276562088057,0.0016884761502743773,6.0566600548127736e-05,9.269431474869541e-05,7.201579799189632e-05,-2.7782296712003793,-2.7745026535967976,-2.7725050693948026,-4.217766801516179,-4.0329469017669,-4.142572222622767,V,non-synonymous,-1.8442492164728068,-1.6709308466479633,-1.7441645053283301,-0.3377522002705531,0.023628644973174184,-0.2035976905369814,-0.2035976905369814
127,ortho,gaatgggttaaaagatgtattttg,0.0,gaa,1.0,,EWVKRCIL,,False,False,8.0,4.0,6.0,21.0,21.0,15.0,408.0,300.0,328.0,True,False,True,True,False,False,1.0,both,0.0015347115645030242,0.001412376181688072,0.0015914372910632063,7.949366321941765e-05,7.209557813787421e-05,5.685457736202342e-05,-2.8139732343335693,-2.8500496149893286,-2.7982104696297045,-4.099667489438184,-4.1420913711919685,-4.245234564519915,E,non-synonymous,-1.6471548893498187,-1.7155407788111883,-1.842134568890301,-0.14065787314756495,-0.020981287190050768,-0.3015677540989523,-0.14065787314756495
128,ortho,gaatgggttaaaagatgtattttg,2.0,gtt,2.0,,EWVKRCIL,,False,False,8.0,4.0,6.0,21.0,21.0,15.0,408.0,300.0,328.0,True,False,True,True,False,False,1.0,both,0.0015347115645030242,0.001412376181688072,0.0015914372910632063,7.949366321941765e-05,7.209557813787421e-05,5.685457736202342e-05,-2.8139732343335693,-2.8500496149893286,-2.7982104696297045,-4.099667489438184,-4.1420913711919685,-4.245234564519915,V,synonymous,-1.6471548893498187,-1.7155407788111883,-1.842134568890301,-0.14065787314756495,-0.020981287190050768,-0.3015677540989523,-0.14065787314756495
129,ortho,gaatgggttaaaagatgtattttg,3.0,aaa,3.0,,EWVKRCIL,,False,False,8.0,4.0,6.0,21.0,21.0,15.0,408.0,300.0,328.0,True,False,True,True,False,False,1.0,both,0.0015347115645030242,0.001412376181688072,0.0015914372910632063,7.949366321941765e-05,7.209557813787421e-05,5.685457736202342e-05,-2.8139732343335693,-2.8500496149893286,-2.7982104696297045,-4.099667489438184,-4.1420913711919685,-4.245234564519915,K,non-synonymous,-1.6471548893498187,-1.7155407788111883,-1.842134568890301,-0.14065787314756495,-0.020981287190050768,-0.3015677540989523,-0.14065787314756495
130,ortho,gaatgggttaaaagatgtattttg,4.0,aga,4.0,,EWVKRCIL,,False,False,8.0,4.0,6.0,21.0,21.0,15.0,408.0,300.0,328.0,True,False,True,True,False,False,1.0,both,0.0015347115645030242,0.001412376181688072,0.0015914372910632063,7.949366321941765e-05,7.209557813787421e-05,5.685457736202342e-05,-2.8139732343335693,-2.8500496149893286,-2.7982104696297045,-4.099667489438184,-4.1420913711919685,-4.245234564519915,R,synonymous,-1.6471548893498187,-1.7155407788111883,-1.842134568890301,-0.14065787314756495,-0.020981287190050768,-0.3015677540989523,-0.14065787314756495
131,ortho,gaatgggttaaaagatgtattttg,5.0,tgt,5.0,,EWVKRCIL,,False,False,8.0,4.0,6.0,21.0,21.0,15.0,408.0,300.0,328.0,True,False,True,True,False,False,1.0,both,0.0015347115645030242,0.001412376181688072,0.0015914372910632063,7.949366321941765e-05,7.209557813787421e-05,5.685457736202342e-05,-2.8139732343335693,-2.8500496149893286,-2.7982104696297045,-4.099667489438184,-4.1420913711919685,-4.245234564519915,C,non-synonymous,-1.6471548893498187,-1.7155407788111883,-1.842134568890301,-0.14065787314756495,-0.020981287190050768,-0.3015677540989523,-0.14065787314756495
132,ortho,gaatgggttaaaagatgtattttg,6.0,att,6.0,,EWVKRCIL,,False,False,8.0,4.0,6.0,21.0,21.0,15.0,408.0,300.0,328.0,True,False,True,True,False,False,1.0,both,0.0015347115645030242,0.001412376181688072,0.0015914372910632063,7.949366321941765e-05,7.209557813787421e-05,5.685457736202342e-05,-2.8139732343335693,-2.8500496149893286,-2.7982104696297045,-4.099667489438184,-4.1420913711919685,-4.245234564519915,I,non-synonymous,-1.6471548893498187,-1.7155407788111883,-1.842134568890301,-0.14065787314756495,-0.020981287190050768,-0.3015677540989523,-0.14065787314756495
133,ortho,gaatgggttcaaagatgtactgct,0.0,gaa,1.0,,EWVQRCTA,,False,False,11.0,4.0,7.0,5.0,3.0,5.0,67.0,52.0,63.0,True,False,True,True,False,False,1.0,both,0.00025202371279829075,0.00024481187149259917,0.000305672406515189,1.8927062671289918e-05,1.0299368305410601e-05,1.8951525787341138e-05,-3.598558594722623,-3.611167526074192,-3.514743763887802,-4.722916779836085,-4.9871894112062245,-4.722355819239577,E,non-synonymous,-1.4404607274529926,-1.827047496838342,-1.5373509818030766,0.06603628874926115,-0.13248800521720439,0.003215832988272105,0.003215832988272105
134,ortho,gaatgggttcaaagatgtactgct,2.0,gtt,2.0,,EWVQRCTA,,False,False,11.0,4.0,7.0,5.0,3.0,5.0,67.0,52.0,63.0,True,False,True,True,False,False,1.0,both,0.00025202371279829075,0.00024481187149259917,0.000305672406515189,1.8927062671289918e-05,1.0299368305410601e-05,1.8951525787341138e-05,-3.598558594722623,-3.611167526074192,-3.514743763887802,-4.722916779836085,-4.9871894112062245,-4.722355819239577,V,synonymous,-1.4404607274529926,-1.827047496838342,-1.5373509818030766,0.06603628874926115,-0.13248800521720439,0.003215832988272105,0.003215832988272105
135,ortho,gaatgggttcaaagatgtactgct,3.0,caa,3.0,,EWVQRCTA,,False,False,11.0,4.0,7.0,5.0,3.0,5.0,67.0,52.0,63.0,True,False,True,True,False,False,1.0,both,0.00025202371279829075,0.00024481187149259917,0.000305672406515189,1.8927062671289918e-05,1.0299368305410601e-05,1.8951525787341138e-05,-3.598558594722623,-3.611167526074192,-3.514743763887802,-4.722916779836085,-4.9871894112062245,-4.722355819239577,Q,non-synonymous,-1.4404607274529926,-1.827047496838342,-1.5373509818030766,0.06603628874926115,-0.13248800521720439,0.003215832988272105,0.003215832988272105
136,ortho,gaatgggttcaaagatgtactgct,4.0,aga,4.0,,EWVQRCTA,,False,False,11.0,4.0,7.0,5.0,3.0,5.0,67.0,52.0,63.0,True,False,True,True,False,False,1.0,both,0.00025202371279829075,0.00024481187149259917,0.000305672406515189,1.8927062671289918e-05,1.0299368305410601e-05,1.8951525787341138e-05,-3.598558594722623,-3.611167526074192,-3.514743763887802,-4.722916779836085,-4.9871894112062245,-4.722355819239577,R,synonymous,-1.4404607274529926,-1.827047496838342,-1.5373509818030766,0.06603628874926115,-0.13248800521720439,0.003215832988272105,0.003215832988272105
137,ortho,gaatgggttcaaagatgtactgct,5.0,tgt,5.0,,EWVQRCTA,,False,False,11.0,4.0,7.0,5.0,3.0,5.0,67.0,52.0,63.0,True,False,True,True,False,False,1.0,both,0.00025202371279829075,0.00024481187149259917,0.000305672406515189,1.8927062671289918e-05,1.0299368305410601e-05,1.8951525787341138e-05,-3.598558594722623,-3.611167526074192,-3.514743763887802,-4.722916779836085,-4.9871894112062245,-4.722355819239577,C,non-synonymous,-1.4404607274529926,-1.827047496838342,-1.5373509818030766,0.06603628874926115,-0.13248800521720439,0.003215832988272105,0.003215832988272105
138,ortho,gaatgggttcaaagatgtactgct,6.0,act,6.0,,EWVQRCTA,,False,False,11.0,4.0,7.0,5.0,3.0,5.0,67.0,52.0,63.0,True,False,True,True,False,False,1.0,both,0.00025202371279829075,0.00024481187149259917,0.000305672406515189,1.8927062671289918e-05,1.0299368305410601e-05,1.8951525787341138e-05,-3.598558594722623,-3.611167526074192,-3.514743763887802,-4.722916779836085,-4.9871894112062245,-4.722355819239577,T,synonymous,-1.4404607274529926,-1.827047496838342,-1.5373509818030766,0.06603628874926115,-0.13248800521720439,0.003215832988272105,0.003215832988272105
139,ortho,gaatgggttcaaagatgtactgct,7.0,gct,7.0,,EWVQRCTA,,False,False,11.0,4.0,7.0,5.0,3.0,5.0,67.0,52.0,63.0,True,False,True,True,False,False,1.0,both,0.00025202371279829075,0.00024481187149259917,0.000305672406515189,1.8927062671289918e-05,1.0299368305410601e-05,1.8951525787341138e-05,-3.598558594722623,-3.611167526074192,-3.514743763887802,-4.722916779836085,-4.9871894112062245,-4.722355819239577,A,non-synonymous,-1.4404607274529926,-1.827047496838342,-1.5373509818030766,0.06603628874926115,-0.13248800521720439,0.003215832988272105,0.003215832988272105
140,ortho,gaatgggttcaaagatgtgttgtt,0.0,gaa,1.0,,EWVQRCVV,,False,False,12.0,5.0,7.0,19.0,13.0,17.0,592.0,438.0,417.0,True,False,True,True,False,False,1.0,both,0.0022268363877102704,0.0020620692252645853,0.0020232602145529178,7.192283815090169e-05,4.4630595990112606e-05,6.443518767695987e-05,-2.6523116907005293,-2.6856967592048915,-2.693948258367626,-4.143133183219274,-4.350367313619051,-4.1908769021973225,E,non-synonymous,-1.909951686258593,-2.2103079917301245,-1.905665573709733,-0.4034546700563393,-0.515748500108987,-0.3650987589183843,-0.4034546700563393
141,ortho,gaatgggttcaaagatgtgttgtt,2.0,gtt,2.0,,EWVQRCVV,,False,False,12.0,5.0,7.0,19.0,13.0,17.0,592.0,438.0,417.0,True,False,True,True,False,False,1.0,both,0.0022268363877102704,0.0020620692252645853,0.0020232602145529178,7.192283815090169e-05,4.4630595990112606e-05,6.443518767695987e-05,-2.6523116907005293,-2.6856967592048915,-2.693948258367626,-4.143133183219274,-4.350367313619051,-4.1908769021973225,V,synonymous,-1.909951686258593,-2.2103079917301245,-1.905665573709733,-0.4034546700563393,-0.515748500108987,-0.3650987589183843,-0.4034546700563393
142,ortho,gaatgggttcaaagatgtgttgtt,3.0,caa,3.0,,EWVQRCVV,,False,False,12.0,5.0,7.0,19.0,13.0,17.0,592.0,438.0,417.0,True,False,True,True,False,False,1.0,both,0.0022268363877102704,0.0020620692252645853,0.0020232602145529178,7.192283815090169e-05,4.4630595990112606e-05,6.443518767695987e-05,-2.6523116907005293,-2.6856967592048915,-2.693948258367626,-4.143133183219274,-4.350367313619051,-4.1908769021973225,Q,non-synonymous,-1.909951686258593,-2.2103079917301245,-1.905665573709733,-0.4034546700563393,-0.515748500108987,-0.3650987589183843,-0.4034546700563393
143,ortho,gaatgggttcaaagatgtgttgtt,4.0,aga,4.0,,EWVQRCVV,,False,False,12.0,5.0,7.0,19.0,13.0,17.0,592.0,438.0,417.0,True,False,True,True,False,False,1.0,both,0.0022268363877102704,0.0020620692252645853,0.0020232602145529178,7.192283815090169e-05,4.4630595990112606e-05,6.443518767695987e-05,-2.6523116907005293,-2.6856967592048915,-2.693948258367626,-4.143133183219274,-4.350367313619051,-4.1908769021973225,R,synonymous,-1.909951686258593,-2.2103079917301245,-1.905665573709733,-0.4034546700563393,-0.515748500108987,-0.3650987589183843,-0.4034546700563393
144,ortho,gaatgggttcaaagatgtgttgtt,5.0,tgt,5.0,,EWVQRCVV,,False,False,12.0,5.0,7.0,19.0,13.0,17.0,592.0,438.0,417.0,True,False,True,True,False,False,1.0,both,0.0022268363877102704,0.0020620692252645853,0.0020232602145529178,7.192283815090169e-05,4.4630595990112606e-05,6.443518767695987e-05,-2.6523116907005293,-2.6856967592048915,-2.693948258367626,-4.143133183219274,-4.350367313619051,-4.1908769021973225,C,non-synonymous,-1.909951686258593,-2.2103079917301245,-1.905665573709733,-0.4034546700563393,-0.515748500108987,-0.3650987589183843,-0.4034546700563393
145,ortho,gaatgggttcaaagatgtgttgtt,6.0,gtt,6.0,,EWVQRCVV,,False,False,12.0,5.0,7.0,19.0,13.0,17.0,592.0,438.0,417.0,True,False,True,True,False,False,1.0,both,0.0022268363877102704,0.0020620692252645853,0.0020232602145529178,7.192283815090169e-05,4.4630595990112606e-05,6.443518767695987e-05,-2.6523116907005293,-2.6856967592048915,-2.693948258367626,-4.143133183219274,-4.350367313619051,-4.1908769021973225,V,non-synonymous,-1.909951686258593,-2.2103079917301245,-1.905665573709733,-0.4034546700563393,-0.515748500108987,-0.3650987589183843,-0.4034546700563393
146,ortho,gaatgggttcaaagatgtgttgtt,7.0,gtt,7.0,,EWVQRCVV,,False,False,12.0,5.0,7.0,19.0,13.0,17.0,592.0,438.0,417.0,True,False,True,True,False,False,1.0,both,0.0022268363877102704,0.0020620692252645853,0.0020232602145529178,7.192283815090169e-05,4.4630595990112606e-05,6.443518767695987e-05,-2.6523116907005293,-2.6856967592048915,-2.693948258367626,-4.143133183219274,-4.350367313619051,-4.1908769021973225,V,non-synonymous,-1.909951686258593,-2.2103079917301245,-1.905665573709733,-0.4034546700563393,-0.515748500108987,-0.3650987589183843,-0.4034546700563393
147,ortho,gaatgggttgaaagatgtattgtt,0.0,gaa,1.0,,EWVERCIV,,False,False,11.0,5.0,7.0,33.0,33.0,20.0,875.0,564.0,572.0,True,False,True,True,False,False,1.0,both,0.003291354458186633,0.0026552672215735752,0.0027753113734394937,0.00012491861363051347,0.00011329305135951662,7.580610314936455e-05,-2.4826253444011357,-2.5758917657256486,-2.5566882845483594,-3.903372844294216,-3.945796726048,-4.120295827911615,E,non-synonymous,-1.820177061295183,-1.818925596828877,-1.9905511718694877,-0.31368004509292935,-0.12436610520773939,-0.449984357078139,-0.31368004509292935
148,ortho,gaatgggttgaaagatgtattgtt,2.0,gtt,2.0,,EWVERCIV,,False,False,11.0,5.0,7.0,33.0,33.0,20.0,875.0,564.0,572.0,True,False,True,True,False,False,1.0,both,0.003291354458186633,0.0026552672215735752,0.0027753113734394937,0.00012491861363051347,0.00011329305135951662,7.580610314936455e-05,-2.4826253444011357,-2.5758917657256486,-2.5566882845483594,-3.903372844294216,-3.945796726048,-4.120295827911615,V,synonymous,-1.820177061295183,-1.818925596828877,-1.9905511718694877,-0.31368004509292935,-0.12436610520773939,-0.449984357078139,-0.31368004509292935
149,ortho,gaatgggttgaaagatgtattgtt,3.0,gaa,3.0,,EWVERCIV,,False,False,11.0,5.0,7.0,33.0,33.0,20.0,875.0,564.0,572.0,True,False,True,True,False,False,1.0,both,0.003291354458186633,0.0026552672215735752,0.0027753113734394937,0.00012491861363051347,0.00011329305135951662,7.580610314936455e-05,-2.4826253444011357,-2.5758917657256486,-2.5566882845483594,-3.903372844294216,-3.945796726048,-4.120295827911615,E,non-synonymous,-1.820177061295183,-1.818925596828877,-1.9905511718694877,-0.31368004509292935,-0.12436610520773939,-0.449984357078139,-0.31368004509292935
150,ortho,gaatgggttgaaagatgtattgtt,4.0,aga,4.0,,EWVERCIV,,False,False,11.0,5.0,7.0,33.0,33.0,20.0,875.0,564.0,572.0,True,False,True,True,False,False,1.0,both,0.003291354458186633,0.0026552672215735752,0.0027753113734394937,0.00012491861363051347,0.00011329305135951662,7.580610314936455e-05,-2.4826253444011357,-2.5758917657256486,-2.5566882845483594,-3.903372844294216,-3.945796726048,-4.120295827911615,R,synonymous,-1.820177061295183,-1.818925596828877,-1.9905511718694877,-0.31368004509292935,-0.12436610520773939,-0.449984357078139,-0.31368004509292935
151,ortho,gaatgggttgaaagatgtattgtt,5.0,tgt,5.0,,EWVERCIV,,False,False,11.0,5.0,7.0,33.0,33.0,20.0,875.0,564.0,572.0,True,False,True,True,False,False,1.0,both,0.003291354458186633,0.0026552672215735752,0.0027753113734394937,0.00012491861363051347,0.00011329305135951662,7.580610314936455e-05,-2.4826253444011357,-2.5758917657256486,-2.5566882845483594,-3.903372844294216,-3.945796726048,-4.120295827911615,C,non-synonymous,-1.820177061295183,-1.818925596828877,-1.9905511718694877,-0.31368004509292935,-0.12436610520773939,-0.449984357078139,-0.31368004509292935
152,ortho,gaatgggttgaaagatgtattgtt,6.0,att,6.0,,EWVERCIV,,False,False,11.0,5.0,7.0,33.0,33.0,20.0,875.0,564.0,572.0,True,False,True,True,False,False,1.0,both,0.003291354458186633,0.0026552672215735752,0.0027753113734394937,0.00012491861363051347,0.00011329305135951662,7.580610314936455e-05,-2.4826253444011357,-2.5758917657256486,-2.5566882845483594,-3.903372844294216,-3.945796726048,-4.120295827911615,I,non-synonymous,-1.820177061295183,-1.818925596828877,-1.9905511718694877,-0.31368004509292935,-0.12436610520773939,-0.449984357078139,-0.31368004509292935
153,ortho,gaatgggttgaaagatgtattgtt,7.0,gtt,7.0,,EWVERCIV,,False,False,11.0,5.0,7.0,33.0,33.0,20.0,875.0,564.0,572.0,True,False,True,True,False,False,1.0,both,0.003291354458186633,0.0026552672215735752,0.0027753113734394937,0.00012491861363051347,0.00011329305135951662,7.580610314936455e-05,-2.4826253444011357,-2.5758917657256486,-2.5566882845483594,-3.903372844294216,-3.945796726048,-4.120295827911615,V,non-synonymous,-1.820177061295183,-1.818925596828877,-1.9905511718694877,-0.31368004509292935,-0.12436610520773939,-0.449984357078139,-0.31368004509292935
154,single,gataaggtgagacgttatacattg,1.0,aag,1.0,,DKVRRYTL,,False,False,2.0,1.0,1.0,27.0,43.0,47.0,863.0,737.0,755.0,True,False,True,True,False,False,1.0,both,0.0032462158827600736,0.0034697374863470304,0.0036632169352217095,0.00010220613842496556,0.00014762427904421862,0.0001781443424010067,-2.4886226017082396,-2.4597033818499394,-2.4361373617121953,-3.990523020013116,-3.830842210346301,-3.7492279656398786,K,non-synonymous,-1.9241453459913926,-1.820563896177973,-1.67163048778656,-0.4176483297891389,-0.1260044045568356,-0.13106367299521127,-0.13106367299521127
155,single,gataatgtgagacgttatacattg,1.0,aat,1.0,,DNVRRYTL,,False,False,3.0,1.0,1.0,86.0,93.0,77.0,2125.0,1686.0,1623.0,True,False,True,True,False,False,1.0,both,0.007993289398453252,0.007937554141086964,0.007874703424986536,0.0003255454779461866,0.00031928041746772865,0.00029185349712505354,-2.0972744630371185,-2.1003132994202676,-2.103765793515152,-3.487388332928536,-3.4958277173719523,-3.5348350984031143,N,non-synonymous,-1.7809310794177367,-1.8529291951456084,-1.8218233174700156,-0.2744340632154829,-0.15836970352447088,-0.28125650267866686,-0.2744340632154829
156,single,gatacggtgagacgttatacattg,1.0,acg,1.0,,DTVRRYTL,,False,False,2.0,1.0,1.0,37.0,27.0,43.0,206.0,177.0,197.0,True,False,True,True,False,False,1.0,both,0.0007748788781559387,0.0008333019471959624,0.0009558327632300355,0.0001400602637675454,9.269431474869541e-05,0.0001629831217711338,-3.1107661770542956,-3.0791976033471844,-3.019618087179791,-3.8536850601051085,-4.0329469017669,-3.7878573679960095,T,non-synonymous,-0.9517834164296561,-1.2663645012607223,-0.9780073057307006,0.5547135997725976,0.4281949903604152,0.5625595090606481,0.5547135997725976
157,single,gatagggtgagacgttatacattg,1.0,agg,1.0,,DRVRRYTL,,False,False,1.0,1.0,1.0,105.0,154.0,111.0,2051.0,1843.0,1728.0,True,False,True,True,False,False,1.0,both,0.007714934849989467,0.00867669767617039,0.008384157435845184,0.0003974683160970883,0.0005287009063444109,0.0004207238724789733,-2.112667737055083,-2.061645534489917,-2.076540575198509,-3.4006974851021656,-3.2767899450894244,-3.3760028447889385,R,non-synonymous,-1.6501469837796987,-1.6134384036122393,-1.6542809316266436,-0.14364996757744497,0.08112108800889817,-0.11371411683529487,-0.11371411683529487
158,single,gatagtgtgagacgttatacattg,1.0,agt,1.0,,DSVRRYTL,,False,False,2.0,1.0,1.0,52.0,67.0,50.0,720.0,552.0,550.0,True,False,True,True,False,False,1.0,both,0.0027083145255935724,0.0025987721743060523,0.002668568628307206,0.00019684145178141513,0.00023001922548750343,0.0001895152578734114,-2.567300900992181,-2.5852317919797922,-2.5737216238471397,-3.7058834405373045,-3.638235863225061,-3.7223558192395774,S,non-synonymous,-1.4586841229896321,-1.398152510012331,-1.4622691949731823,0.04781289321262161,0.2964069816088064,0.07829761981816641,0.07829761981816641
159,single,gatatggtgagacgttatacattg,1.0,atg,1.0,,DMVRRYTL,,False,False,2.0,1.0,1.0,143.0,90.0,96.0,2065.0,1752.0,1685.0,True,False,True,True,False,False,1.0,both,0.007767596521320454,0.008248276901058341,0.008175523888541167,0.0005413139923988917,0.00030898104916231804,0.0003638692951169499,-2.1097133414310294,-2.083636767876929,-2.087484408134026,-3.2665507467070416,-3.5100681564865623,-3.4390545905360277,M,non-synonymous,-1.4820711695006328,-1.8939799767216658,-1.7206169296531322,0.024425846701620957,-0.19942048510052834,-0.18005011486178346,-0.18005011486178346
160,single,gatcaggtgagacgttatacattg,1.0,cag,1.0,,DQVRRYTL,,False,False,2.0,1.0,1.0,1.0,1.0,2.0,3.0,2.0,4.0,True,False,True,True,False,False,3.0,both,1.1284643856639884e-05,9.415841211253813e-06,1.9407771842234222e-05,3.7854125342579835e-06,3.4331227684702005e-06,7.580610314936456e-06,-4.947512142703786,-5.0261408740450095,-4.712024322013421,-5.421886784172104,-5.464310665925887,-5.120295827911614,Q,non-synonymous,-0.6077405316044805,-0.5817909076128674,-0.5197501943221106,0.8987564845977732,1.1127685840082702,1.0208166204692382,1.0208166204692382
161,single,gatcatgtgagacgttatacattg,1.0,cat,1.0,,DHVRRYTL,,False,False,3.0,1.0,1.0,14.0,6.0,7.0,11.0,7.0,6.0,True,False,True,True,False,False,2.0,both,4.1377027474346244e-05,3.295544423938835e-05,2.9111657763351334e-05,5.299577547961177e-05,2.0598736610821203e-05,2.6532136102277593e-05,-4.383240712265224,-4.482072829694734,-4.53593306295774,-4.275758748493866,-4.686159415542244,-4.57622778356134,H,non-synonymous,0.13769948915926972,-0.2709810722052559,-0.05129720923776206,1.6441965053615235,1.4235784194158816,1.4892696055535866,1.4892696055535866
162,single,gatccggtgagacgttatacattg,1.0,ccg,1.0,,DPVRRYTL,,False,False,2.0,1.0,1.0,199.0,247.0,172.0,4561.0,3967.0,3563.0,True,False,True,True,False,False,1.0,both,0.017156420210044838,0.01867632104252194,0.017287472768470133,0.0007532970943173387,0.0008479813238121396,0.0006519324870845352,-1.7655733251825108,-1.7287086692348403,-1.762268490990368,-3.123033707762397,-3.0716137126662217,-3.185797376668047,P,non-synonymous,-1.739097376680118,-1.7830757814273168,-1.8122239839549497,-0.23260036047786437,-0.08851628980617932,-0.27165716916360094,-0.23260036047786437
163,single,gatcctgtgagacgttatacattg,1.0,cct,1.0,,DPVRRYTL,,False,False,3.0,1.0,1.0,1.0,4.0,2.0,2.0,2.0,4.0,True,False,True,True,False,False,3.0,both,7.52309590442659e-06,9.415841211253813e-06,1.9407771842234222e-05,3.7854125342579835e-06,1.3732491073880802e-05,7.580610314936456e-06,-5.123603401759468,-5.0261408740450095,-4.712024322013421,-5.421886784172104,-4.862250674597925,-5.120295827911614,P,non-synonymous,-0.38214290046181826,0.21760931413340226,-0.5197501943221106,1.1243541157404355,1.9121688057545398,1.0208166204692382,1.1243541157404355
164,single,gatcgtgtgagacgttatacattg,1.0,cgt,1.0,,DRVRRYTL,,False,False,2.0,1.0,1.0,13797.0,14425.0,12915.0,652.0,535.0,476.0,True,False,True,True,False,False,1.0,both,0.002452529264843068,0.002518737524010395,0.0023095248492258726,0.0522273367351574,0.04952279593518264,0.04895179110870216,-2.6103858016915287,-2.5988170876877623,-2.63647736062089,-1.2821021198784035,-1.3051948440981183,-1.31023141306626,R,non-synonymous,1.701717925747473,1.7176393104954677,1.6883779029446115,3.208214941949727,3.412198802116605,3.2289447177359603,3.2289447177359603
165,single,gatctggtgagacgttatacattg,1.0,ctg,1.0,,DLVRRYTL,,False,False,2.0,1.0,1.0,76.0,112.0,79.0,1309.0,1040.0,992.0,True,False,True,True,False,False,1.0,both,0.004923866269447203,0.004896237429851983,0.004813127416874087,0.00028769135260360676,0.00038450975006866246,0.00029943410743999,-2.3076937508726934,-2.3101375304102105,-2.317572641187205,-3.541073191891312,-3.4150926432557056,-3.5236987322851547,L,non-synonymous,-1.5801322659966763,-1.4671318057193397,-1.53545927445019,-0.0736352497944226,0.22742768590179785,0.005107540341158678,0.005107540341158678
166,single,gatcttgtgagacgttatacattg,1.0,ctt,1.0,,DLVRRYTL,,False,False,3.0,1.0,1.0,67.0,58.0,28.0,741.0,562.0,567.0,True,False,True,True,False,False,1.0,both,0.0027873070325900515,0.0026458513803623218,0.002751051658636701,0.0002536226397952849,0.00019912112057127163,0.00010612854440911037,-2.554815189444121,-2.5774345541399297,-2.560501254448477,-3.595811981471277,-3.70088267236295,-3.9741677922333767,L,non-synonymous,-1.3336630765651862,-1.4916863564493108,-1.7996687182562885,0.1728339396370675,0.2028731351718267,-0.2591019034649398,0.1728339396370675
167,single,gatgcggtgagacgttatacattg,1.0,gcg,1.0,,DAVRRYTL,,False,False,2.0,1.0,1.0,42.0,53.0,30.0,907.0,809.0,802.0,True,False,True,True,False,False,1.0,both,0.0034117239926574586,0.0038087077699521677,0.0038912582543679615,0.0001589873264388353,0.00018195550672892063,0.00011370915472404684,-2.4670261103633537,-2.4192223480967185,-2.4099099450572203,-3.798637493774203,-3.7400347963250984,-3.9442045688559335,A,non-synonymous,-1.7059811787994532,-1.7537417852166144,-1.9532343485797963,-0.19948416259719948,-0.05918229359547689,-0.41266753378844756,-0.19948416259719948
168,single,gatggtgtgagacgttatacattg,1.0,ggt,1.0,,DGVRRYTL,,False,False,2.0,1.0,1.0,3.0,1.0,1.0,14.0,14.0,10.0,True,False,True,True,False,False,2.0,both,5.2661671330986125e-05,6.59108884787767e-05,4.8519429605585556e-05,1.135623760277395e-05,3.4331227684702005e-06,3.790305157468228e-06,-4.278505361745211,-4.181042834030753,-4.314084313341383,-4.944765529452441,-5.464310665925887,-5.421325823575596,G,non-synonymous,-0.8535728369795799,-1.703890981219533,-1.4095742215457052,0.6529241792226739,-0.009331489598395581,0.1309925932456435,0.1309925932456435
169,single,gattatgtgagacgttatacattg,1.0,tat,1.0,,DYVRRYTL,,False,False,2.0,1.0,1.0,4.0,3.0,11.0,55.0,62.0,37.0,True,False,True,True,False,False,1.0,both,0.00020688513737173123,0.0002918910775488682,0.00017952188954066655,1.5141650137031934e-05,1.0299368305410601e-05,4.169335673215051e-05,-3.684270707929205,-3.534779180210737,-3.7458825892743888,-4.819826792844141,-4.9871894112062245,-4.379933138417371,Y,non-synonymous,-1.4548068096068296,-1.9284740348937703,-0.8071782903440776,0.051690206595424115,-0.23391454327263284,0.7333885244472711,0.051690206595424115
170,single,gattcggtgagacgttatacattg,1.0,tcg,1.0,,DSVRRYTL,,False,False,1.0,1.0,1.0,23.0,42.0,27.0,712.0,596.0,575.0,True,False,True,True,False,False,1.0,both,0.002678222141975866,0.0028059206809536363,0.0027898672023211695,8.706448828793362e-05,0.00014419115627574842,0.00010233823925164215,-2.5721534037865927,-2.5519246099687547,-2.554416468651753,-4.060158948154511,-3.8410613755279868,-3.9899620594166088,S,non-synonymous,-1.9063440612370333,-1.711683604778766,-1.8275218548911814,-0.3998470450347795,-0.017124113157628518,-0.28695504009983264,-0.28695504009983264
171,single,gattctgtgagacgttatacattg,1.0,tct,1.0,,DSVRRYTL,,False,False,2.0,1.0,1.0,6.0,26.0,14.0,348.0,291.0,235.0,True,False,True,True,False,False,1.0,both,0.0013090186873702266,0.00137000489623743,0.0011402065957312605,2.27124752055479e-05,8.926119198022521e-05,5.306427220455519e-05,-2.883054153476868,-2.863277880723084,-2.9430164510696475,-4.64373553378846,-4.04933731795507,-4.275197787897358,S,non-synonymous,-2.2556800986339067,-1.5748201022894803,-1.6959339524937322,-0.749183082431653,0.11973938933165718,-0.15536713770238353,-0.15536713770238353
172,single,gattggaagagacgttatacattg,2.0,aag,1.0,,DWKRRYTL,,False,False,2.0,1.0,1.0,26.0,20.0,14.0,888.0,646.0,739.0,True,False,True,True,False,False,1.0,both,0.0033402545815654056,0.0030413167112349816,0.0035855858478527724,9.842072589070756e-05,6.866245536940401e-05,5.306427220455519e-05,-2.476220431644848,-2.516938351713907,-2.445439874946558,-4.006913436201286,-4.163280670261906,-4.275197787897358,K,non-synonymous,-1.9610326922893082,-2.1859722178426932,-2.329374000094297,-0.4545356760870545,-0.49141272622155574,-0.7888071853029484,-0.49141272622155574
173,single,gattggaatagacgttatacattg,2.0,aat,1.0,,DWNRRYTL,,False,False,3.0,1.0,1.0,6.0,8.0,6.0,227.0,223.0,173.0,True,False,True,True,False,False,1.0,both,0.000853871385152418,0.0010498662950548002,0.0008393861321766301,2.27124752055479e-05,2.7464982147761604e-05,2.2741830944809367e-05,-3.0686075402303263,-2.97886600666083,-3.0760382102125883,-4.64373553378846,-4.561220678933943,-4.643174573191953,N,non-synonymous,-2.0179601531547173,-2.1010110190287006,-1.995043537010585,-0.5114631369524636,-0.4064515274075631,-0.4544767222192363,-0.4544767222192363
174,single,gattggacgagacgttatacattg,2.0,acg,1.0,,DWTRRYTL,,False,False,2.0,1.0,1.0,17.0,28.0,39.0,601.0,505.0,470.0,True,False,True,True,False,False,1.0,both,0.00226069031928019,0.002377499905841588,0.002280413191462521,6.435201308238572e-05,9.612743751716561e-05,0.0001478219011412609,-2.6457589254207097,-2.6238794915903294,-2.6419864554056662,-4.19143786279383,-4.017152634583669,-3.830261216549097,T,non-synonymous,-1.9802317766847335,-1.8499532862253956,-1.512733632129506,-0.47373476048247976,-0.15539379460425806,0.02783318266184276,-0.15539379460425806
175,single,gattggaggagacgttatacattg,2.0,agg,1.0,,DWRRRYTL,,False,False,2.0,1.0,1.0,2.0,4.0,2.0,40.0,20.0,21.0,True,False,True,True,False,False,1.0,both,0.0001504619180885318,9.415841211253813e-05,0.00010189080217172966,7.570825068515967e-06,1.3732491073880802e-05,7.580610314936456e-06,-3.822573406095487,-4.0261408740450095,-3.9918650186074642,-5.120856788508123,-4.862250674597925,-5.120295827911614,R,non-synonymous,-1.6632833293080156,-1.1101657137056584,-1.4365492667057165,-0.15678631310576185,0.5843937779154791,0.10401754808563224,0.10401754808563224
176,single,gattggagtagacgttatacattg,2.0,agt,1.0,,DWSRRYTL,,False,False,3.0,1.0,1.0,28.0,52.0,26.0,1468.0,1167.0,1008.0,True,False,True,True,False,False,1.0,both,0.005521952393849117,0.0054941433467666,0.004890758504243024,0.00010599155095922354,0.00017852238396045043,9.854793409417392e-05,-2.2579073418433975,-2.260100013663621,-2.310623781231877,-3.9747287528298845,-3.748307322291088,-4.006352475604778,S,non-synonymous,-2.199489318723561,-1.9760045006431288,-2.1587480529137597,-0.6929923025213074,-0.2814450090219913,-0.618181238122411,-0.618181238122411
177,single,gattggatgagacgttatacattg,2.0,atg,1.0,,DWMRRYTL,,False,False,1.0,1.0,1.0,71.0,70.0,64.0,2120.0,1690.0,1676.0,True,False,True,True,False,False,1.0,both,0.007974481658692184,0.007956385823509472,0.00813185640189614,0.0002687642899323168,0.00024031859379291403,0.00024257953007796658,-2.0982975364946976,-2.0992841650953173,-2.0898102990471257,-3.5706284354530284,-3.6192126259116306,-3.615145849591709,M,non-synonymous,-1.8862626392949826,-2.0181230543737607,-1.9418289970000036,-0.3797656230927289,-0.3235635627526232,-0.40126218220865484,-0.3797656230927289
178,ortho,gattggatgtggagatgtgttatt,2.0,atg,1.0,,DWMWRCVI,,False,False,11.0,5.0,6.0,14.0,13.0,19.0,551.0,388.0,370.0,True,False,True,True,False,False,1.0,both,0.0020726129216695256,0.0018266731949832399,0.0017952188954066656,5.299577547961177e-05,4.4630595990112606e-05,7.201579799189632e-05,-2.683481798571664,-2.7383391441147835,-2.7458825892743888,-4.275758748493866,-4.350367313619051,-4.142572222622767,M,non-synonymous,-2.039930374465244,-2.140410747640878,-1.7780562636705646,-0.5334333582629904,-0.4458512560197403,-0.23748944887921586,-0.4458512560197403
179,ortho,gattggatgtggagatgtgttatt,3.0,tgg,2.0,,DWMWRCVI,,False,False,11.0,5.0,6.0,14.0,13.0,19.0,551.0,388.0,370.0,True,False,True,True,False,False,1.0,both,0.0020726129216695256,0.0018266731949832399,0.0017952188954066656,5.299577547961177e-05,4.4630595990112606e-05,7.201579799189632e-05,-2.683481798571664,-2.7383391441147835,-2.7458825892743888,-4.275758748493866,-4.350367313619051,-4.142572222622767,W,non-synonymous,-2.039930374465244,-2.140410747640878,-1.7780562636705646,-0.5334333582629904,-0.4458512560197403,-0.23748944887921586,-0.4458512560197403
180,ortho,gattggatgtggagatgtgttatt,4.0,aga,3.0,,DWMWRCVI,,False,False,11.0,5.0,6.0,14.0,13.0,19.0,551.0,388.0,370.0,True,False,True,True,False,False,1.0,both,0.0020726129216695256,0.0018266731949832399,0.0017952188954066656,5.299577547961177e-05,4.4630595990112606e-05,7.201579799189632e-05,-2.683481798571664,-2.7383391441147835,-2.7458825892743888,-4.275758748493866,-4.350367313619051,-4.142572222622767,R,synonymous,-2.039930374465244,-2.140410747640878,-1.7780562636705646,-0.5334333582629904,-0.4458512560197403,-0.23748944887921586,-0.4458512560197403
181,ortho,gattggatgtggagatgtgttatt,5.0,tgt,4.0,,DWMWRCVI,,False,False,11.0,5.0,6.0,14.0,13.0,19.0,551.0,388.0,370.0,True,False,True,True,False,False,1.0,both,0.0020726129216695256,0.0018266731949832399,0.0017952188954066656,5.299577547961177e-05,4.4630595990112606e-05,7.201579799189632e-05,-2.683481798571664,-2.7383391441147835,-2.7458825892743888,-4.275758748493866,-4.350367313619051,-4.142572222622767,C,non-synonymous,-2.039930374465244,-2.140410747640878,-1.7780562636705646,-0.5334333582629904,-0.4458512560197403,-0.23748944887921586,-0.4458512560197403
182,ortho,gattggatgtggagatgtgttatt,6.0,gtt,5.0,,DWMWRCVI,,False,False,11.0,5.0,6.0,14.0,13.0,19.0,551.0,388.0,370.0,True,False,True,True,False,False,1.0,both,0.0020726129216695256,0.0018266731949832399,0.0017952188954066656,5.299577547961177e-05,4.4630595990112606e-05,7.201579799189632e-05,-2.683481798571664,-2.7383391441147835,-2.7458825892743888,-4.275758748493866,-4.350367313619051,-4.142572222622767,V,non-synonymous,-2.039930374465244,-2.140410747640878,-1.7780562636705646,-0.5334333582629904,-0.4458512560197403,-0.23748944887921586,-0.4458512560197403
183,ortho,gattggatgtggagatgtgttatt,7.0,att,6.0,,DWMWRCVI,,False,False,11.0,5.0,6.0,14.0,13.0,19.0,551.0,388.0,370.0,True,False,True,True,False,False,1.0,both,0.0020726129216695256,0.0018266731949832399,0.0017952188954066656,5.299577547961177e-05,4.4630595990112606e-05,7.201579799189632e-05,-2.683481798571664,-2.7383391441147835,-2.7458825892743888,-4.275758748493866,-4.350367313619051,-4.142572222622767,I,non-synonymous,-2.039930374465244,-2.140410747640878,-1.7780562636705646,-0.5334333582629904,-0.4458512560197403,-0.23748944887921586,-0.4458512560197403
184,ortho,gattggattaaaagatgtattatg,2.0,att,1.0,,DWIKRCIM,,False,False,9.0,5.0,6.0,149.0,144.0,163.0,1487.0,1101.0,1104.0,True,False,True,True,False,False,1.0,both,0.00559342180494117,0.005183420586795225,0.005356545028456646,0.0005640264676044396,0.0004943696786597089,0.0006178197406673211,-2.2523224289014947,-2.2853835507372393,-2.2711152399482035,-3.2487005157598294,-3.3059481738306378,-3.2091382191716384,I,non-synonymous,-1.2765002494906403,-1.3550802208393977,-1.19415050692163,0.2299967667116134,0.3394792707817398,0.34641630786971866,0.3394792707817398
185,ortho,gattggattaaaagatgtattatg,3.0,aaa,2.0,,DWIKRCIM,,False,False,9.0,5.0,6.0,149.0,144.0,163.0,1487.0,1101.0,1104.0,True,False,True,True,False,False,1.0,both,0.00559342180494117,0.005183420586795225,0.005356545028456646,0.0005640264676044396,0.0004943696786597089,0.0006178197406673211,-2.2523224289014947,-2.2853835507372393,-2.2711152399482035,-3.2487005157598294,-3.3059481738306378,-3.2091382191716384,K,non-synonymous,-1.2765002494906403,-1.3550802208393977,-1.19415050692163,0.2299967667116134,0.3394792707817398,0.34641630786971866,0.3394792707817398
186,ortho,gattggattaaaagatgtattatg,4.0,aga,3.0,,DWIKRCIM,,False,False,9.0,5.0,6.0,149.0,144.0,163.0,1487.0,1101.0,1104.0,True,False,True,True,False,False,1.0,both,0.00559342180494117,0.005183420586795225,0.005356545028456646,0.0005640264676044396,0.0004943696786597089,0.0006178197406673211,-2.2523224289014947,-2.2853835507372393,-2.2711152399482035,-3.2487005157598294,-3.3059481738306378,-3.2091382191716384,R,synonymous,-1.2765002494906403,-1.3550802208393977,-1.19415050692163,0.2299967667116134,0.3394792707817398,0.34641630786971866,0.3394792707817398
187,ortho,gattggattaaaagatgtattatg,5.0,tgt,4.0,,DWIKRCIM,,False,False,9.0,5.0,6.0,149.0,144.0,163.0,1487.0,1101.0,1104.0,True,False,True,True,False,False,1.0,both,0.00559342180494117,0.005183420586795225,0.005356545028456646,0.0005640264676044396,0.0004943696786597089,0.0006178197406673211,-2.2523224289014947,-2.2853835507372393,-2.2711152399482035,-3.2487005157598294,-3.3059481738306378,-3.2091382191716384,C,non-synonymous,-1.2765002494906403,-1.3550802208393977,-1.19415050692163,0.2299967667116134,0.3394792707817398,0.34641630786971866,0.3394792707817398
188,ortho,gattggattaaaagatgtattatg,6.0,att,5.0,,DWIKRCIM,,False,False,9.0,5.0,6.0,149.0,144.0,163.0,1487.0,1101.0,1104.0,True,False,True,True,False,False,1.0,both,0.00559342180494117,0.005183420586795225,0.005356545028456646,0.0005640264676044396,0.0004943696786597089,0.0006178197406673211,-2.2523224289014947,-2.2853835507372393,-2.2711152399482035,-3.2487005157598294,-3.3059481738306378,-3.2091382191716384,I,non-synonymous,-1.2765002494906403,-1.3550802208393977,-1.19415050692163,0.2299967667116134,0.3394792707817398,0.34641630786971866,0.3394792707817398
189,ortho,gattggattaaaagatgtattatg,7.0,atg,6.0,,DWIKRCIM,,False,False,9.0,5.0,6.0,149.0,144.0,163.0,1487.0,1101.0,1104.0,True,False,True,True,False,False,1.0,both,0.00559342180494117,0.005183420586795225,0.005356545028456646,0.0005640264676044396,0.0004943696786597089,0.0006178197406673211,-2.2523224289014947,-2.2853835507372393,-2.2711152399482035,-3.2487005157598294,-3.3059481738306378,-3.2091382191716384,M,non-synonymous,-1.2765002494906403,-1.3550802208393977,-1.19415050692163,0.2299967667116134,0.3394792707817398,0.34641630786971866,0.3394792707817398
190,ortho,gattggattaaaagatgtgttatt,2.0,att,1.0,,DWIKRCVI,,False,False,11.0,5.0,6.0,33.0,48.0,36.0,995.0,782.0,837.0,True,False,True,True,False,False,1.0,both,0.003742740212452228,0.003681593913600241,0.004061076257987511,0.00012491861363051347,0.00016478989288656962,0.0001364509856688562,-2.4268103166777237,-2.433964116649143,-2.3913588553481238,-3.903372844294216,-3.7830694285503004,-3.865023322808309,I,non-synonymous,-1.8916839498488178,-1.7913083430673833,-1.8760491052221864,-0.3851869336465641,-0.09674885144624579,-0.33548229043083766,-0.33548229043083766
191,ortho,gattggattaaaagatgtgttatt,3.0,aaa,2.0,,DWIKRCVI,,False,False,11.0,5.0,6.0,33.0,48.0,36.0,995.0,782.0,837.0,True,False,True,True,False,False,1.0,both,0.003742740212452228,0.003681593913600241,0.004061076257987511,0.00012491861363051347,0.00016478989288656962,0.0001364509856688562,-2.4268103166777237,-2.433964116649143,-2.3913588553481238,-3.903372844294216,-3.7830694285503004,-3.865023322808309,K,non-synonymous,-1.8916839498488178,-1.7913083430673833,-1.8760491052221864,-0.3851869336465641,-0.09674885144624579,-0.33548229043083766,-0.33548229043083766
192,ortho,gattggattaaaagatgtgttatt,4.0,aga,3.0,,DWIKRCVI,,False,False,11.0,5.0,6.0,33.0,48.0,36.0,995.0,782.0,837.0,True,False,True,True,False,False,1.0,both,0.003742740212452228,0.003681593913600241,0.004061076257987511,0.00012491861363051347,0.00016478989288656962,0.0001364509856688562,-2.4268103166777237,-2.433964116649143,-2.3913588553481238,-3.903372844294216,-3.7830694285503004,-3.865023322808309,R,synonymous,-1.8916839498488178,-1.7913083430673833,-1.8760491052221864,-0.3851869336465641,-0.09674885144624579,-0.33548229043083766,-0.33548229043083766
193,ortho,gattggattaaaagatgtgttatt,5.0,tgt,4.0,,DWIKRCVI,,False,False,11.0,5.0,6.0,33.0,48.0,36.0,995.0,782.0,837.0,True,False,True,True,False,False,1.0,both,0.003742740212452228,0.003681593913600241,0.004061076257987511,0.00012491861363051347,0.00016478989288656962,0.0001364509856688562,-2.4268103166777237,-2.433964116649143,-2.3913588553481238,-3.903372844294216,-3.7830694285503004,-3.865023322808309,C,non-synonymous,-1.8916839498488178,-1.7913083430673833,-1.8760491052221864,-0.3851869336465641,-0.09674885144624579,-0.33548229043083766,-0.33548229043083766
194,ortho,gattggattaaaagatgtgttatt,6.0,gtt,5.0,,DWIKRCVI,,False,False,11.0,5.0,6.0,33.0,48.0,36.0,995.0,782.0,837.0,True,False,True,True,False,False,1.0,both,0.003742740212452228,0.003681593913600241,0.004061076257987511,0.00012491861363051347,0.00016478989288656962,0.0001364509856688562,-2.4268103166777237,-2.433964116649143,-2.3913588553481238,-3.903372844294216,-3.7830694285503004,-3.865023322808309,V,non-synonymous,-1.8916839498488178,-1.7913083430673833,-1.8760491052221864,-0.3851869336465641,-0.09674885144624579,-0.33548229043083766,-0.33548229043083766
195,ortho,gattggattaaaagatgtgttatt,7.0,att,6.0,,DWIKRCVI,,False,False,11.0,5.0,6.0,33.0,48.0,36.0,995.0,782.0,837.0,True,False,True,True,False,False,1.0,both,0.003742740212452228,0.003681593913600241,0.004061076257987511,0.00012491861363051347,0.00016478989288656962,0.0001364509856688562,-2.4268103166777237,-2.433964116649143,-2.3913588553481238,-3.903372844294216,-3.7830694285503004,-3.865023322808309,I,non-synonymous,-1.8916839498488178,-1.7913083430673833,-1.8760491052221864,-0.3851869336465641,-0.09674885144624579,-0.33548229043083766,-0.33548229043083766
196,ortho,gattggattagaagatgtattgtt,2.0,att,1.0,,DWIRRCIV,,False,False,9.0,4.0,5.0,6.0,11.0,12.0,321.0,302.0,251.0,True,False,True,True,False,False,1.0,both,0.0012074568926604677,0.0014217920228993257,0.0012178376831001975,2.27124752055479e-05,3.7764350453172205e-05,4.5483661889618734e-05,-2.918128365018577,-2.8471639267518403,-2.9144105918603453,-4.64373553378846,-4.422917980767663,-4.3421445775279714,I,non-synonymous,-2.2107451082179197,-2.0922468829383707,-1.8175772880806207,-0.704248092015666,-0.3976873913172332,-0.277010473289272,-0.3976873913172332
197,ortho,gattggattagaagatgtattgtt,4.0,aga,2.0,,DWIRRCIV,,False,False,9.0,4.0,5.0,6.0,11.0,12.0,321.0,302.0,251.0,True,False,True,True,False,False,1.0,both,0.0012074568926604677,0.0014217920228993257,0.0012178376831001975,2.27124752055479e-05,3.7764350453172205e-05,4.5483661889618734e-05,-2.918128365018577,-2.8471639267518403,-2.9144105918603453,-4.64373553378846,-4.422917980767663,-4.3421445775279714,R,synonymous,-2.2107451082179197,-2.0922468829383707,-1.8175772880806207,-0.704248092015666,-0.3976873913172332,-0.277010473289272,-0.3976873913172332
198,ortho,gattggattagaagatgtattgtt,5.0,tgt,3.0,,DWIRRCIV,,False,False,9.0,4.0,5.0,6.0,11.0,12.0,321.0,302.0,251.0,True,False,True,True,False,False,1.0,both,0.0012074568926604677,0.0014217920228993257,0.0012178376831001975,2.27124752055479e-05,3.7764350453172205e-05,4.5483661889618734e-05,-2.918128365018577,-2.8471639267518403,-2.9144105918603453,-4.64373553378846,-4.422917980767663,-4.3421445775279714,C,non-synonymous,-2.2107451082179197,-2.0922468829383707,-1.8175772880806207,-0.704248092015666,-0.3976873913172332,-0.277010473289272,-0.3976873913172332
199,ortho,gattggattagaagatgtattgtt,6.0,att,4.0,,DWIRRCIV,,False,False,9.0,4.0,5.0,6.0,11.0,12.0,321.0,302.0,251.0,True,False,True,True,False,False,1.0,both,0.0012074568926604677,0.0014217920228993257,0.0012178376831001975,2.27124752055479e-05,3.7764350453172205e-05,4.5483661889618734e-05,-2.918128365018577,-2.8471639267518403,-2.9144105918603453,-4.64373553378846,-4.422917980767663,-4.3421445775279714,I,non-synonymous,-2.2107451082179197,-2.0922468829383707,-1.8175772880806207,-0.704248092015666,-0.3976873913172332,-0.277010473289272,-0.3976873913172332
200,ortho,gattggattagaagatgtattgtt,7.0,gtt,5.0,,DWIRRCIV,,False,False,9.0,4.0,5.0,6.0,11.0,12.0,321.0,302.0,251.0,True,False,True,True,False,False,1.0,both,0.0012074568926604677,0.0014217920228993257,0.0012178376831001975,2.27124752055479e-05,3.7764350453172205e-05,4.5483661889618734e-05,-2.918128365018577,-2.8471639267518403,-2.9144105918603453,-4.64373553378846,-4.422917980767663,-4.3421445775279714,V,non-synonymous,-2.2107451082179197,-2.0922468829383707,-1.8175772880806207,-0.704248092015666,-0.3976873913172332,-0.277010473289272,-0.3976873913172332
201,ortho,gattggattagaagatgtgttttg,2.0,att,1.0,,DWIRRCVL,,False,False,8.0,3.0,4.0,30.0,30.0,45.0,813.0,607.0,699.0,True,False,True,True,False,False,1.0,both,0.0030581384851494087,0.0028577078076155323,0.0033915081294304305,0.0001135623760277395,0.00010299368305410601,0.00017056373208607025,-2.514542851829381,-2.5439821786337333,-2.4696071375957023,-3.9447655294524413,-3.987189411206225,-3.768113309800252,I,non-synonymous,-1.8323160945555637,-1.9162545234064734,-1.6530637714895224,-0.3258190783533099,-0.2216950317853359,-0.11249695669817372,-0.2216950317853359
202,ortho,gattggattagaagatgtgttttg,4.0,aga,2.0,,DWIRRCVL,,False,False,8.0,3.0,4.0,30.0,30.0,45.0,813.0,607.0,699.0,True,False,True,True,False,False,1.0,both,0.0030581384851494087,0.0028577078076155323,0.0033915081294304305,0.0001135623760277395,0.00010299368305410601,0.00017056373208607025,-2.514542851829381,-2.5439821786337333,-2.4696071375957023,-3.9447655294524413,-3.987189411206225,-3.768113309800252,R,synonymous,-1.8323160945555637,-1.9162545234064734,-1.6530637714895224,-0.3258190783533099,-0.2216950317853359,-0.11249695669817372,-0.2216950317853359
203,ortho,gattggattagaagatgtgttttg,5.0,tgt,3.0,,DWIRRCVL,,False,False,8.0,3.0,4.0,30.0,30.0,45.0,813.0,607.0,699.0,True,False,True,True,False,False,1.0,both,0.0030581384851494087,0.0028577078076155323,0.0033915081294304305,0.0001135623760277395,0.00010299368305410601,0.00017056373208607025,-2.514542851829381,-2.5439821786337333,-2.4696071375957023,-3.9447655294524413,-3.987189411206225,-3.768113309800252,C,non-synonymous,-1.8323160945555637,-1.9162545234064734,-1.6530637714895224,-0.3258190783533099,-0.2216950317853359,-0.11249695669817372,-0.2216950317853359
204,ortho,gattggattagaagatgtgttttg,6.0,gtt,4.0,,DWIRRCVL,,False,False,8.0,3.0,4.0,30.0,30.0,45.0,813.0,607.0,699.0,True,False,True,True,False,False,1.0,both,0.0030581384851494087,0.0028577078076155323,0.0033915081294304305,0.0001135623760277395,0.00010299368305410601,0.00017056373208607025,-2.514542851829381,-2.5439821786337333,-2.4696071375957023,-3.9447655294524413,-3.987189411206225,-3.768113309800252,V,non-synonymous,-1.8323160945555637,-1.9162545234064734,-1.6530637714895224,-0.3258190783533099,-0.2216950317853359,-0.11249695669817372,-0.2216950317853359
205,single,gattggattagacgttatacattg,2.0,att,1.0,,DWIRRYTL,,False,False,2.0,1.0,1.0,14.0,34.0,24.0,495.0,366.0,398.0,True,False,True,True,False,False,1.0,both,0.001861966236345581,0.0017230989416594478,0.0019310732983023051,5.299577547961177e-05,0.00011672617412798682,9.096732377923747e-05,-2.7300281984898804,-2.7636897843145802,-2.7142012412676957,-4.275758748493866,-3.932831748883632,-4.04111458186399,I,non-synonymous,-1.9802978997127736,-1.5523575045534868,-1.6892275279076148,-0.47380088351051985,0.14220198706765075,-0.14866071311626605,-0.14866071311626605
206,ortho,gattggattcaaagatgtgttttt,2.0,att,1.0,,DWIQRCVF,,False,False,11.0,5.0,6.0,1066.0,1293.0,1061.0,287.0,207.0,168.0,True,False,True,True,False,False,1.0,both,0.0010795642622852156,0.0009745395653647697,0.0008151264173738373,0.0040352497615190105,0.004439027739631969,0.0040215137720737894,-2.966751500689457,-3.0112005242520734,-3.088775031615521,-2.3941295794815503,-2.3527121410454934,-2.3956104396742552,I,non-synonymous,0.7336090937030308,0.8743244313438144,0.8824334447883719,2.240106109905285,2.568883922964952,2.4230002595797204,2.4230002595797204
207,ortho,gattggattcaaagatgtgttttt,3.0,caa,2.0,,DWIQRCVF,,False,False,11.0,5.0,6.0,1066.0,1293.0,1061.0,287.0,207.0,168.0,True,False,True,True,False,False,1.0,both,0.0010795642622852156,0.0009745395653647697,0.0008151264173738373,0.0040352497615190105,0.004439027739631969,0.0040215137720737894,-2.966751500689457,-3.0112005242520734,-3.088775031615521,-2.3941295794815503,-2.3527121410454934,-2.3956104396742552,Q,non-synonymous,0.7336090937030308,0.8743244313438144,0.8824334447883719,2.240106109905285,2.568883922964952,2.4230002595797204,2.4230002595797204
208,ortho,gattggattcaaagatgtgttttt,4.0,aga,3.0,,DWIQRCVF,,False,False,11.0,5.0,6.0,1066.0,1293.0,1061.0,287.0,207.0,168.0,True,False,True,True,False,False,1.0,both,0.0010795642622852156,0.0009745395653647697,0.0008151264173738373,0.0040352497615190105,0.004439027739631969,0.0040215137720737894,-2.966751500689457,-3.0112005242520734,-3.088775031615521,-2.3941295794815503,-2.3527121410454934,-2.3956104396742552,R,synonymous,0.7336090937030308,0.8743244313438144,0.8824334447883719,2.240106109905285,2.568883922964952,2.4230002595797204,2.4230002595797204
209,ortho,gattggattcaaagatgtgttttt,5.0,tgt,4.0,,DWIQRCVF,,False,False,11.0,5.0,6.0,1066.0,1293.0,1061.0,287.0,207.0,168.0,True,False,True,True,False,False,1.0,both,0.0010795642622852156,0.0009745395653647697,0.0008151264173738373,0.0040352497615190105,0.004439027739631969,0.0040215137720737894,-2.966751500689457,-3.0112005242520734,-3.088775031615521,-2.3941295794815503,-2.3527121410454934,-2.3956104396742552,C,non-synonymous,0.7336090937030308,0.8743244313438144,0.8824334447883719,2.240106109905285,2.568883922964952,2.4230002595797204,2.4230002595797204
210,ortho,gattggattcaaagatgtgttttt,6.0,gtt,5.0,,DWIQRCVF,,False,False,11.0,5.0,6.0,1066.0,1293.0,1061.0,287.0,207.0,168.0,True,False,True,True,False,False,1.0,both,0.0010795642622852156,0.0009745395653647697,0.0008151264173738373,0.0040352497615190105,0.004439027739631969,0.0040215137720737894,-2.966751500689457,-3.0112005242520734,-3.088775031615521,-2.3941295794815503,-2.3527121410454934,-2.3956104396742552,V,non-synonymous,0.7336090937030308,0.8743244313438144,0.8824334447883719,2.240106109905285,2.568883922964952,2.4230002595797204,2.4230002595797204
211,ortho,gattggattcaaagatgtgttttt,7.0,ttt,6.0,,DWIQRCVF,,False,False,11.0,5.0,6.0,1066.0,1293.0,1061.0,287.0,207.0,168.0,True,False,True,True,False,False,1.0,both,0.0010795642622852156,0.0009745395653647697,0.0008151264173738373,0.0040352497615190105,0.004439027739631969,0.0040215137720737894,-2.966751500689457,-3.0112005242520734,-3.088775031615521,-2.3941295794815503,-2.3527121410454934,-2.3956104396742552,F,non-synonymous,0.7336090937030308,0.8743244313438144,0.8824334447883719,2.240106109905285,2.568883922964952,2.4230002595797204,2.4230002595797204
212,ortho,gattggattgaaagatgttgtgtt,2.0,att,1.0,,DWIERCCV,,False,False,12.0,5.0,6.0,1.0,1.0,1.0,7.0,1.0,1.0,True,False,True,True,False,False,2.0,both,2.6330835665493063e-05,4.707920605626906e-06,4.851942960558556e-06,3.7854125342579835e-06,3.4331227684702005e-06,3.790305157468228e-06,-4.579535357409192,-5.327170869708991,-5.314084313341383,-5.421886784172104,-5.464310665925887,-5.421325823575596,I,non-synonymous,-1.079170468122242,-0.18209079673973264,-0.1365238449864476,0.4273265480800117,1.5124686948814048,1.404042969804901,1.404042969804901
213,ortho,gattggattgaaagatgttgtgtt,3.0,gaa,2.0,,DWIERCCV,,False,False,12.0,5.0,6.0,1.0,1.0,1.0,7.0,1.0,1.0,True,False,True,True,False,False,2.0,both,2.6330835665493063e-05,4.707920605626906e-06,4.851942960558556e-06,3.7854125342579835e-06,3.4331227684702005e-06,3.790305157468228e-06,-4.579535357409192,-5.327170869708991,-5.314084313341383,-5.421886784172104,-5.464310665925887,-5.421325823575596,E,non-synonymous,-1.079170468122242,-0.18209079673973264,-0.1365238449864476,0.4273265480800117,1.5124686948814048,1.404042969804901,1.404042969804901
214,ortho,gattggattgaaagatgttgtgtt,4.0,aga,3.0,,DWIERCCV,,False,False,12.0,5.0,6.0,1.0,1.0,1.0,7.0,1.0,1.0,True,False,True,True,False,False,2.0,both,2.6330835665493063e-05,4.707920605626906e-06,4.851942960558556e-06,3.7854125342579835e-06,3.4331227684702005e-06,3.790305157468228e-06,-4.579535357409192,-5.327170869708991,-5.314084313341383,-5.421886784172104,-5.464310665925887,-5.421325823575596,R,synonymous,-1.079170468122242,-0.18209079673973264,-0.1365238449864476,0.4273265480800117,1.5124686948814048,1.404042969804901,1.404042969804901
215,ortho,gattggattgaaagatgttgtgtt,5.0,tgt,4.0,,DWIERCCV,,False,False,12.0,5.0,6.0,1.0,1.0,1.0,7.0,1.0,1.0,True,False,True,True,False,False,2.0,both,2.6330835665493063e-05,4.707920605626906e-06,4.851942960558556e-06,3.7854125342579835e-06,3.4331227684702005e-06,3.790305157468228e-06,-4.579535357409192,-5.327170869708991,-5.314084313341383,-5.421886784172104,-5.464310665925887,-5.421325823575596,C,non-synonymous,-1.079170468122242,-0.18209079673973264,-0.1365238449864476,0.4273265480800117,1.5124686948814048,1.404042969804901,1.404042969804901
216,ortho,gattggattgaaagatgttgtgtt,6.0,tgt,5.0,,DWIERCCV,,False,False,12.0,5.0,6.0,1.0,1.0,1.0,7.0,1.0,1.0,True,False,True,True,False,False,2.0,both,2.6330835665493063e-05,4.707920605626906e-06,4.851942960558556e-06,3.7854125342579835e-06,3.4331227684702005e-06,3.790305157468228e-06,-4.579535357409192,-5.327170869708991,-5.314084313341383,-5.421886784172104,-5.464310665925887,-5.421325823575596,C,non-synonymous,-1.079170468122242,-0.18209079673973264,-0.1365238449864476,0.4273265480800117,1.5124686948814048,1.404042969804901,1.404042969804901
217,ortho,gattggattgaaagatgttgtgtt,7.0,gtt,6.0,,DWIERCCV,,False,False,12.0,5.0,6.0,1.0,1.0,1.0,7.0,1.0,1.0,True,False,True,True,False,False,2.0,both,2.6330835665493063e-05,4.707920605626906e-06,4.851942960558556e-06,3.7854125342579835e-06,3.4331227684702005e-06,3.790305157468228e-06,-4.579535357409192,-5.327170869708991,-5.314084313341383,-5.421886784172104,-5.464310665925887,-5.421325823575596,V,non-synonymous,-1.079170468122242,-0.18209079673973264,-0.1365238449864476,0.4273265480800117,1.5124686948814048,1.404042969804901,1.404042969804901
218,ortho,gattggattgatagatgtattgct,2.0,att,1.0,,DWIDRCIA,,False,False,13.0,5.0,6.0,68.0,76.0,70.0,2055.0,1477.0,1527.0,True,False,True,True,False,False,1.0,both,0.007729981041798321,0.006953598734510941,0.007408916900772914,0.00025740805232954287,0.00026091733040373524,0.00026532136102277597,-2.111821571211361,-2.1577903743970417,-2.1302452762849624,-3.5893778714658673,-3.5834970736450957,-3.576227783561339,I,non-synonymous,-1.8929571121524584,-1.8930177522844207,-1.8408085753862908,-0.3864600959502047,-0.1984582606632832,-0.3002417605949421,-0.3002417605949421
219,ortho,gattggattgatagatgtattgct,3.0,gat,2.0,,DWIDRCIA,,False,False,13.0,5.0,6.0,68.0,76.0,70.0,2055.0,1477.0,1527.0,True,False,True,True,False,False,1.0,both,0.007729981041798321,0.006953598734510941,0.007408916900772914,0.00025740805232954287,0.00026091733040373524,0.00026532136102277597,-2.111821571211361,-2.1577903743970417,-2.1302452762849624,-3.5893778714658673,-3.5834970736450957,-3.576227783561339,D,non-synonymous,-1.8929571121524584,-1.8930177522844207,-1.8408085753862908,-0.3864600959502047,-0.1984582606632832,-0.3002417605949421,-0.3002417605949421
220,ortho,gattggattgatagatgtattgct,4.0,aga,3.0,,DWIDRCIA,,False,False,13.0,5.0,6.0,68.0,76.0,70.0,2055.0,1477.0,1527.0,True,False,True,True,False,False,1.0,both,0.007729981041798321,0.006953598734510941,0.007408916900772914,0.00025740805232954287,0.00026091733040373524,0.00026532136102277597,-2.111821571211361,-2.1577903743970417,-2.1302452762849624,-3.5893778714658673,-3.5834970736450957,-3.576227783561339,R,synonymous,-1.8929571121524584,-1.8930177522844207,-1.8408085753862908,-0.3864600959502047,-0.1984582606632832,-0.3002417605949421,-0.3002417605949421
221,ortho,gattggattgatagatgtattgct,5.0,tgt,4.0,,DWIDRCIA,,False,False,13.0,5.0,6.0,68.0,76.0,70.0,2055.0,1477.0,1527.0,True,False,True,True,False,False,1.0,both,0.007729981041798321,0.006953598734510941,0.007408916900772914,0.00025740805232954287,0.00026091733040373524,0.00026532136102277597,-2.111821571211361,-2.1577903743970417,-2.1302452762849624,-3.5893778714658673,-3.5834970736450957,-3.576227783561339,C,non-synonymous,-1.8929571121524584,-1.8930177522844207,-1.8408085753862908,-0.3864600959502047,-0.1984582606632832,-0.3002417605949421,-0.3002417605949421
222,ortho,gattggattgatagatgtattgct,6.0,att,5.0,,DWIDRCIA,,False,False,13.0,5.0,6.0,68.0,76.0,70.0,2055.0,1477.0,1527.0,True,False,True,True,False,False,1.0,both,0.007729981041798321,0.006953598734510941,0.007408916900772914,0.00025740805232954287,0.00026091733040373524,0.00026532136102277597,-2.111821571211361,-2.1577903743970417,-2.1302452762849624,-3.5893778714658673,-3.5834970736450957,-3.576227783561339,I,non-synonymous,-1.8929571121524584,-1.8930177522844207,-1.8408085753862908,-0.3864600959502047,-0.1984582606632832,-0.3002417605949421,-0.3002417605949421
223,ortho,gattggattgatagatgtattgct,7.0,gct,6.0,,DWIDRCIA,,False,False,13.0,5.0,6.0,68.0,76.0,70.0,2055.0,1477.0,1527.0,True,False,True,True,False,False,1.0,both,0.007729981041798321,0.006953598734510941,0.007408916900772914,0.00025740805232954287,0.00026091733040373524,0.00026532136102277597,-2.111821571211361,-2.1577903743970417,-2.1302452762849624,-3.5893778714658673,-3.5834970736450957,-3.576227783561339,A,non-synonymous,-1.8929571121524584,-1.8930177522844207,-1.8408085753862908,-0.3864600959502047,-0.1984582606632832,-0.3002417605949421,-0.3002417605949421
224,ortho,gattggatttatagatctattgtt,2.0,att,1.0,,DWIYRSIV,,False,False,12.0,5.0,6.0,12.0,15.0,23.0,531.0,395.0,350.0,True,False,True,True,False,False,1.0,both,0.0019973819626252593,0.001859628639222628,0.0016981800361954944,4.54249504110958e-05,5.149684152705301e-05,8.717701862176924e-05,-2.69953887634198,-2.7305737740825307,-2.770016268991108,-4.342705538124479,-4.288219406870206,-4.0595979875580035,I,non-synonymous,-2.1051272417418043,-2.068202973438047,-1.6417024924255201,-0.5986302255395506,-0.37364348181690943,-0.10113567763417142,-0.37364348181690943
225,ortho,gattggatttatagatctattgtt,3.0,tat,2.0,,DWIYRSIV,,False,False,12.0,5.0,6.0,12.0,15.0,23.0,531.0,395.0,350.0,True,False,True,True,False,False,1.0,both,0.0019973819626252593,0.001859628639222628,0.0016981800361954944,4.54249504110958e-05,5.149684152705301e-05,8.717701862176924e-05,-2.69953887634198,-2.7305737740825307,-2.770016268991108,-4.342705538124479,-4.288219406870206,-4.0595979875580035,Y,non-synonymous,-2.1051272417418043,-2.068202973438047,-1.6417024924255201,-0.5986302255395506,-0.37364348181690943,-0.10113567763417142,-0.37364348181690943
226,ortho,gattggatttatagatctattgtt,4.0,aga,3.0,,DWIYRSIV,,False,False,12.0,5.0,6.0,12.0,15.0,23.0,531.0,395.0,350.0,True,False,True,True,False,False,1.0,both,0.0019973819626252593,0.001859628639222628,0.0016981800361954944,4.54249504110958e-05,5.149684152705301e-05,8.717701862176924e-05,-2.69953887634198,-2.7305737740825307,-2.770016268991108,-4.342705538124479,-4.288219406870206,-4.0595979875580035,R,synonymous,-2.1051272417418043,-2.068202973438047,-1.6417024924255201,-0.5986302255395506,-0.37364348181690943,-0.10113567763417142,-0.37364348181690943
227,ortho,gattggatttatagatctattgtt,5.0,tct,4.0,,DWIYRSIV,,False,False,12.0,5.0,6.0,12.0,15.0,23.0,531.0,395.0,350.0,True,False,True,True,False,False,1.0,both,0.0019973819626252593,0.001859628639222628,0.0016981800361954944,4.54249504110958e-05,5.149684152705301e-05,8.717701862176924e-05,-2.69953887634198,-2.7305737740825307,-2.770016268991108,-4.342705538124479,-4.288219406870206,-4.0595979875580035,S,non-synonymous,-2.1051272417418043,-2.068202973438047,-1.6417024924255201,-0.5986302255395506,-0.37364348181690943,-0.10113567763417142,-0.37364348181690943
228,ortho,gattggatttatagatctattgtt,6.0,att,5.0,,DWIYRSIV,,False,False,12.0,5.0,6.0,12.0,15.0,23.0,531.0,395.0,350.0,True,False,True,True,False,False,1.0,both,0.0019973819626252593,0.001859628639222628,0.0016981800361954944,4.54249504110958e-05,5.149684152705301e-05,8.717701862176924e-05,-2.69953887634198,-2.7305737740825307,-2.770016268991108,-4.342705538124479,-4.288219406870206,-4.0595979875580035,I,non-synonymous,-2.1051272417418043,-2.068202973438047,-1.6417024924255201,-0.5986302255395506,-0.37364348181690943,-0.10113567763417142,-0.37364348181690943
229,ortho,gattggatttatagatctattgtt,7.0,gtt,6.0,,DWIYRSIV,,False,False,12.0,5.0,6.0,12.0,15.0,23.0,531.0,395.0,350.0,True,False,True,True,False,False,1.0,both,0.0019973819626252593,0.001859628639222628,0.0016981800361954944,4.54249504110958e-05,5.149684152705301e-05,8.717701862176924e-05,-2.69953887634198,-2.7305737740825307,-2.770016268991108,-4.342705538124479,-4.288219406870206,-4.0595979875580035,V,non-synonymous,-2.1051272417418043,-2.068202973438047,-1.6417024924255201,-0.5986302255395506,-0.37364348181690943,-0.10113567763417142,-0.37364348181690943
230,ortho,gattggatttatagatctattttg,2.0,att,1.0,,DWIYRSIL,,False,False,10.0,4.0,5.0,13.0,6.0,8.0,258.0,220.0,171.0,True,False,True,True,False,False,1.0,both,0.0009704793716710301,0.0010357425332379194,0.000829682246255513,4.921036294535378e-05,2.0598736610821203e-05,3.0322441259745823e-05,-3.013013691460219,-2.9847481888867846,-3.0810882029492297,-4.307943431865267,-4.686159415542244,-4.518235836583653,I,non-synonymous,-1.658986842948218,-2.259091338838142,-1.8295613361695475,-0.15248982674596423,-0.5645318472170047,-0.2889945213781988,-0.2889945213781988
231,ortho,gattggatttatagatctattttg,3.0,tat,2.0,,DWIYRSIL,,False,False,10.0,4.0,5.0,13.0,6.0,8.0,258.0,220.0,171.0,True,False,True,True,False,False,1.0,both,0.0009704793716710301,0.0010357425332379194,0.000829682246255513,4.921036294535378e-05,2.0598736610821203e-05,3.0322441259745823e-05,-3.013013691460219,-2.9847481888867846,-3.0810882029492297,-4.307943431865267,-4.686159415542244,-4.518235836583653,Y,non-synonymous,-1.658986842948218,-2.259091338838142,-1.8295613361695475,-0.15248982674596423,-0.5645318472170047,-0.2889945213781988,-0.2889945213781988
232,ortho,gattggatttatagatctattttg,4.0,aga,3.0,,DWIYRSIL,,False,False,10.0,4.0,5.0,13.0,6.0,8.0,258.0,220.0,171.0,True,False,True,True,False,False,1.0,both,0.0009704793716710301,0.0010357425332379194,0.000829682246255513,4.921036294535378e-05,2.0598736610821203e-05,3.0322441259745823e-05,-3.013013691460219,-2.9847481888867846,-3.0810882029492297,-4.307943431865267,-4.686159415542244,-4.518235836583653,R,synonymous,-1.658986842948218,-2.259091338838142,-1.8295613361695475,-0.15248982674596423,-0.5645318472170047,-0.2889945213781988,-0.2889945213781988
233,ortho,gattggatttatagatctattttg,5.0,tct,4.0,,DWIYRSIL,,False,False,10.0,4.0,5.0,13.0,6.0,8.0,258.0,220.0,171.0,True,False,True,True,False,False,1.0,both,0.0009704793716710301,0.0010357425332379194,0.000829682246255513,4.921036294535378e-05,2.0598736610821203e-05,3.0322441259745823e-05,-3.013013691460219,-2.9847481888867846,-3.0810882029492297,-4.307943431865267,-4.686159415542244,-4.518235836583653,S,non-synonymous,-1.658986842948218,-2.259091338838142,-1.8295613361695475,-0.15248982674596423,-0.5645318472170047,-0.2889945213781988,-0.2889945213781988
234,ortho,gattggatttatagatctattttg,6.0,att,5.0,,DWIYRSIL,,False,False,10.0,4.0,5.0,13.0,6.0,8.0,258.0,220.0,171.0,True,False,True,True,False,False,1.0,both,0.0009704793716710301,0.0010357425332379194,0.000829682246255513,4.921036294535378e-05,2.0598736610821203e-05,3.0322441259745823e-05,-3.013013691460219,-2.9847481888867846,-3.0810882029492297,-4.307943431865267,-4.686159415542244,-4.518235836583653,I,non-synonymous,-1.658986842948218,-2.259091338838142,-1.8295613361695475,-0.15248982674596423,-0.5645318472170047,-0.2889945213781988,-0.2889945213781988
235,ortho,gattggatttatagatgtattgtt,2.0,att,1.0,,DWIYRCIV,,False,False,12.0,5.0,6.0,29.0,35.0,29.0,727.0,571.0,585.0,True,False,True,True,False,False,1.0,both,0.002734645361259065,0.002688222665812964,0.002838386631926755,0.00010977696349348152,0.00012015929689645702,0.0001099188495665786,-2.563098986564411,-2.570534761463143,-2.5469284472592033,-3.9594887862731474,-3.920242621575612,-3.95892782567664,I,non-synonymous,-1.7889714268353056,-1.7921083915354319,-1.7975463403957554,-0.2824744106330519,-0.09754889991429438,-0.25697952560440673,-0.25697952560440673
236,ortho,gattggatttatagatgtattgtt,3.0,tat,2.0,,DWIYRCIV,,False,False,12.0,5.0,6.0,29.0,35.0,29.0,727.0,571.0,585.0,True,False,True,True,False,False,1.0,both,0.002734645361259065,0.002688222665812964,0.002838386631926755,0.00010977696349348152,0.00012015929689645702,0.0001099188495665786,-2.563098986564411,-2.570534761463143,-2.5469284472592033,-3.9594887862731474,-3.920242621575612,-3.95892782567664,Y,non-synonymous,-1.7889714268353056,-1.7921083915354319,-1.7975463403957554,-0.2824744106330519,-0.09754889991429438,-0.25697952560440673,-0.25697952560440673
237,ortho,gattggatttatagatgtattgtt,4.0,aga,3.0,,DWIYRCIV,,False,False,12.0,5.0,6.0,29.0,35.0,29.0,727.0,571.0,585.0,True,False,True,True,False,False,1.0,both,0.002734645361259065,0.002688222665812964,0.002838386631926755,0.00010977696349348152,0.00012015929689645702,0.0001099188495665786,-2.563098986564411,-2.570534761463143,-2.5469284472592033,-3.9594887862731474,-3.920242621575612,-3.95892782567664,R,synonymous,-1.7889714268353056,-1.7921083915354319,-1.7975463403957554,-0.2824744106330519,-0.09754889991429438,-0.25697952560440673,-0.25697952560440673
238,ortho,gattggatttatagatgtattgtt,5.0,tgt,4.0,,DWIYRCIV,,False,False,12.0,5.0,6.0,29.0,35.0,29.0,727.0,571.0,585.0,True,False,True,True,False,False,1.0,both,0.002734645361259065,0.002688222665812964,0.002838386631926755,0.00010977696349348152,0.00012015929689645702,0.0001099188495665786,-2.563098986564411,-2.570534761463143,-2.5469284472592033,-3.9594887862731474,-3.920242621575612,-3.95892782567664,C,non-synonymous,-1.7889714268353056,-1.7921083915354319,-1.7975463403957554,-0.2824744106330519,-0.09754889991429438,-0.25697952560440673,-0.25697952560440673
239,ortho,gattggatttatagatgtattgtt,6.0,att,5.0,,DWIYRCIV,,False,False,12.0,5.0,6.0,29.0,35.0,29.0,727.0,571.0,585.0,True,False,True,True,False,False,1.0,both,0.002734645361259065,0.002688222665812964,0.002838386631926755,0.00010977696349348152,0.00012015929689645702,0.0001099188495665786,-2.563098986564411,-2.570534761463143,-2.5469284472592033,-3.9594887862731474,-3.920242621575612,-3.95892782567664,I,non-synonymous,-1.7889714268353056,-1.7921083915354319,-1.7975463403957554,-0.2824744106330519,-0.09754889991429438,-0.25697952560440673,-0.25697952560440673
240,ortho,gattggatttatagatgtattgtt,7.0,gtt,6.0,,DWIYRCIV,,False,False,12.0,5.0,6.0,29.0,35.0,29.0,727.0,571.0,585.0,True,False,True,True,False,False,1.0,both,0.002734645361259065,0.002688222665812964,0.002838386631926755,0.00010977696349348152,0.00012015929689645702,0.0001099188495665786,-2.563098986564411,-2.570534761463143,-2.5469284472592033,-3.9594887862731474,-3.920242621575612,-3.95892782567664,V,non-synonymous,-1.7889714268353056,-1.7921083915354319,-1.7975463403957554,-0.2824744106330519,-0.09754889991429438,-0.25697952560440673,-0.25697952560440673
241,ortho,gattggatttatagatgtgttttg,2.0,att,1.0,,DWIYRCVL,,False,False,11.0,4.0,5.0,1.0,1.0,1.0,3.0,3.0,6.0,True,False,True,True,False,False,2.0,both,1.1284643856639884e-05,1.4123761816880721e-05,2.9111657763351334e-05,3.7854125342579835e-06,3.4331227684702005e-06,3.790305157468228e-06,-4.947512142703786,-4.850049614989328,-4.53593306295774,-5.421886784172104,-5.464310665925887,-5.421325823575596,I,non-synonymous,-0.6077405316044805,-0.81560048400774,-1.127149587307402,0.8987564845977732,0.8789590076133975,0.4134172274839467,0.8789590076133975
242,ortho,gattggatttatagatgtgttttg,3.0,tat,2.0,,DWIYRCVL,,False,False,11.0,4.0,5.0,1.0,1.0,1.0,3.0,3.0,6.0,True,False,True,True,False,False,2.0,both,1.1284643856639884e-05,1.4123761816880721e-05,2.9111657763351334e-05,3.7854125342579835e-06,3.4331227684702005e-06,3.790305157468228e-06,-4.947512142703786,-4.850049614989328,-4.53593306295774,-5.421886784172104,-5.464310665925887,-5.421325823575596,Y,non-synonymous,-0.6077405316044805,-0.81560048400774,-1.127149587307402,0.8987564845977732,0.8789590076133975,0.4134172274839467,0.8789590076133975
243,ortho,gattggatttatagatgtgttttg,4.0,aga,3.0,,DWIYRCVL,,False,False,11.0,4.0,5.0,1.0,1.0,1.0,3.0,3.0,6.0,True,False,True,True,False,False,2.0,both,1.1284643856639884e-05,1.4123761816880721e-05,2.9111657763351334e-05,3.7854125342579835e-06,3.4331227684702005e-06,3.790305157468228e-06,-4.947512142703786,-4.850049614989328,-4.53593306295774,-5.421886784172104,-5.464310665925887,-5.421325823575596,R,synonymous,-0.6077405316044805,-0.81560048400774,-1.127149587307402,0.8987564845977732,0.8789590076133975,0.4134172274839467,0.8789590076133975
244,ortho,gattggatttatagatgtgttttg,5.0,tgt,4.0,,DWIYRCVL,,False,False,11.0,4.0,5.0,1.0,1.0,1.0,3.0,3.0,6.0,True,False,True,True,False,False,2.0,both,1.1284643856639884e-05,1.4123761816880721e-05,2.9111657763351334e-05,3.7854125342579835e-06,3.4331227684702005e-06,3.790305157468228e-06,-4.947512142703786,-4.850049614989328,-4.53593306295774,-5.421886784172104,-5.464310665925887,-5.421325823575596,C,non-synonymous,-0.6077405316044805,-0.81560048400774,-1.127149587307402,0.8987564845977732,0.8789590076133975,0.4134172274839467,0.8789590076133975
245,ortho,gattggatttatagatgtgttttg,6.0,gtt,5.0,,DWIYRCVL,,False,False,11.0,4.0,5.0,1.0,1.0,1.0,3.0,3.0,6.0,True,False,True,True,False,False,2.0,both,1.1284643856639884e-05,1.4123761816880721e-05,2.9111657763351334e-05,3.7854125342579835e-06,3.4331227684702005e-06,3.790305157468228e-06,-4.947512142703786,-4.850049614989328,-4.53593306295774,-5.421886784172104,-5.464310665925887,-5.421325823575596,V,non-synonymous,-0.6077405316044805,-0.81560048400774,-1.127149587307402,0.8987564845977732,0.8789590076133975,0.4134172274839467,0.8789590076133975
246,single,gattggcagagacgttatacattg,2.0,cag,1.0,,DWQRRYTL,,False,False,2.0,1.0,1.0,44.0,19.0,56.0,848.0,698.0,683.0,True,False,True,True,False,False,1.0,both,0.003189792663476874,0.0032861285827275807,0.0033138770420614934,0.00016655815150735126,6.522933260093381e-05,0.00021225708881822075,-2.496237545166735,-2.48331544708583,-2.479663609659851,-3.778434107685916,-4.185557064973058,-3.6731377965693954,Q,non-synonymous,-1.6426738539709433,-2.260193911579022,-1.5193527630589494,-0.1361768377686896,-0.5656344199578847,0.02121405173239932,-0.1361768377686896
247,single,gattggccgagacgttatacattg,2.0,ccg,1.0,,DWPRRYTL,,False,False,2.0,1.0,1.0,5471.0,5714.0,5295.0,602.0,506.0,479.0,True,False,True,True,False,False,1.0,both,0.0022644518672324033,0.002382207826447215,0.002324080678107548,0.02070999197492543,0.019616863499038725,0.020069665808794265,-2.6450369061656245,-2.623020352869192,-2.6337487999268205,-1.6838200693946341,-1.7073704298791632,-1.6974598591320922,P,non-synonymous,1.2314537504749716,1.215777101988919,1.191942988646997,2.7379507666772254,2.9103365936100563,2.7325098034383455,2.7379507666772254
248,single,gattggcgtagacgttatacattg,2.0,cgt,1.0,,DWRRRYTL,,False,False,3.0,1.0,1.0,19.0,13.0,5.0,325.0,259.0,250.0,True,False,True,True,False,False,1.0,both,0.0012225030844693209,0.0012193514368573689,0.001212985740139639,7.192283815090169e-05,4.4630595990112606e-05,1.8951525787341138e-05,-2.912750036444575,-2.913871105627739,-2.916144304669346,-4.143133183219274,-4.350367313619051,-4.722355819239577,R,non-synonymous,-1.5762935923040724,-1.9073437925563685,-2.2993982487692994,-0.06979657610181866,-0.21278430093523104,-0.7588314339779507,-0.21278430093523104
249,single,gattggcttagacgttatacattg,2.0,ctt,1.0,,DWLRRYTL,,False,False,2.0,1.0,1.0,1.0,1.0,1.0,1.0,5.0,5.0,True,False,True,True,False,False,2.0,both,3.761547952213295e-06,2.3539603028134534e-05,2.4259714802792778e-05,3.7854125342579835e-06,3.4331227684702005e-06,3.790305157468228e-06,-5.424633397423449,-4.628200865372972,-4.615114309005365,-5.421886784172104,-5.464310665925887,-5.421325823575596,L,non-synonymous,0.003518797278703474,-1.1101657137056584,-1.0263478722100423,1.5100158134809571,0.5843937779154791,0.5142189425813064,0.5843937779154791
250,single,gattggggtagacgttatacattg,2.0,ggt,1.0,,DWGRRYTL,,False,False,2.0,1.0,1.0,10.0,6.0,6.0,196.0,172.0,147.0,True,False,True,True,False,False,1.0,both,0.0007372633986338058,0.0008097623441678279,0.0007132356152021077,3.7854125342579835e-05,2.0598736610821203e-05,2.2741830944809367e-05,-3.132377326066973,-3.091642422801442,-3.1467669785932073,-4.421886784172104,-4.686159415542244,-4.643174573191953,G,non-synonymous,-1.6520427001580342,-2.117159844426273,-1.905002251790065,-0.1455456839557805,-0.4226003528051354,-0.3644354369987164,-0.3644354369987164
251,single,gattgggtgaagcgttatacattg,3.0,aag,1.0,,DWVKRYTL,,False,False,2.0,1.0,1.0,143.0,134.0,140.0,2597.0,2030.0,2007.0,True,False,True,True,False,False,1.0,both,0.009768740031897927,0.009557078829422621,0.009737849521841022,0.0005413139923988917,0.00046003845097500687,0.0005306427220455519,-2.0101614477941463,-2.0196748317957782,-2.011536940853898,-3.2665507467070416,-3.33720586756108,-3.275197787897358,K,non-synonymous,-1.6096111252070398,-1.7493848076920997,-1.6087039171718671,-0.10311410900478601,-0.05482531607096219,-0.0681371023805184,-0.0681371023805184
252,single,gattgggtgaatcgttatacattg,3.0,aat,1.0,,DWVNRYTL,,False,False,2.0,1.0,1.0,1.0,1.0,1.0,5.0,3.0,1.0,True,False,True,True,False,False,2.0,both,1.8807739761066475e-05,1.4123761816880721e-05,4.851942960558556e-06,3.7854125342579835e-06,3.4331227684702005e-06,3.790305157468228e-06,-4.72566339308743,-4.850049614989328,-5.314084313341383,-5.421886784172104,-5.464310665925887,-5.421325823575596,N,non-synonymous,-0.8919599338269719,-0.81560048400774,-0.1365238449864476,0.6145370823752818,0.8789590076133975,1.404042969804901,0.8789590076133975
253,single,gattgggtgacgcgttatacattg,3.0,acg,1.0,,DWVTRYTL,,False,False,2.0,1.0,1.0,53.0,48.0,40.0,1194.0,960.0,889.0,True,False,True,True,False,False,1.0,both,0.004491288254942674,0.00451960378140183,0.004313377291936556,0.00020062686431567312,0.00016478989288656962,0.0001516122062987291,-2.3476290706300986,-2.3448996366694224,-2.36518255237117,-3.6976109145713143,-3.7830694285503004,-3.8192658322476336,T,non-synonymous,-1.7295163184814293,-1.909565935451928,-1.8511212669952524,-0.22301930227917555,-0.2150064438307906,-0.31055445220390365,-0.22301930227917555
254,single,gattgggtgactcgttatacattg,3.0,act,1.0,,DWVTRYTL,,False,False,2.0,1.0,1.0,212.0,266.0,181.0,3420.0,2844.0,2791.0,True,False,True,True,False,False,1.0,both,0.012864493996569469,0.013389326202402923,0.013541772802918928,0.0008025074572626925,0.0009132106564130733,0.0006860452335017492,-1.890607291367314,-1.8732412776512624,-1.8683244768527525,-3.0955509232433522,-3.0394290292948205,-3.1636472487064116,T,non-synonymous,-1.5437020012771618,-1.5484349744040968,-1.6490111424740816,-0.037204985074908103,0.14612451721704067,-0.10844432768273293,-0.037204985074908103
255,single,gattgggtgagaaagtatacattg,4.0,aag,1.0,,DWVRKYTL,,False,False,3.0,1.0,1.0,45.0,52.0,45.0,1204.0,1045.0,987.0,True,False,True,True,False,False,1.0,both,0.004528903734464807,0.004919777032880117,0.004788867702071295,0.00017034356404160925,0.00017852238396045043,0.00017056373208607025,-2.3440069105016432,-2.3080545792619183,-2.3197671606717467,-3.76867427039676,-3.748307322291088,-3.768113309800252,K,non-synonymous,-1.825198952419209,-1.9123316259708396,-1.8438176105361943,-0.3187019362169552,-0.2177721343497021,-0.3032507957448456,-0.3032507957448456
256,single,gattgggtgagaaattatacattg,4.0,aat,1.0,,DWVRNYTL,,False,False,2.0,1.0,1.0,15719.0,17845.0,16308.0,3331.0,2756.0,2559.0,True,False,True,True,False,False,1.0,both,0.012529716228822485,0.012975029189107755,0.012416122036069344,0.05950289962600124,0.06126407580335073,0.06181229650799186,-1.9020587647322722,-1.8868916564734028,-1.9060140274541981,-1.2254618702229083,-1.2127941136342082,-1.208925120795477,N,non-synonymous,0.8668156355877317,0.8950498837095539,0.8874292951171662,2.3733126517899854,2.5896093753306912,2.427996109908515,2.427996109908515
257,single,gattgggtgagaacgtatacattg,4.0,acg,1.0,,DWVRTYTL,,False,False,3.0,1.0,1.0,30440.0,33846.0,30485.0,4845.0,3968.0,3747.0,True,False,True,True,False,False,1.0,both,0.018224699828473412,0.018681028963127566,0.01818023027321291,0.11522795754281302,0.11619747322164241,0.11554745272541893,-1.739339616036665,-1.7285992062268498,-1.7404006202475857,-0.9384421360735683,-0.9348033158168501,-0.9372396242176572,T,non-synonymous,1.0260621409417603,1.0539823604876692,1.0224644084336088,2.5325591571440143,2.748541852108807,2.5630312232249572,2.5630312232249572
258,single,gattgggtgagaacttatacattg,4.0,act,1.0,,DWVRTYTL,,False,False,2.0,1.0,1.0,3150.0,3386.0,3116.0,554.0,487.0,442.0,True,False,True,True,False,False,1.0,both,0.0020838975655261653,0.0022927573349403037,0.0021445587885668815,0.011924049482912648,0.011624553694040099,0.011810590870670998,-2.6811236326950194,-2.6396419084943568,-2.668662043992292,-1.923576230382503,-1.934623712152971,-1.927728374575069,T,non-synonymous,0.9705246038699799,0.9361055552742275,0.9432458868570276,2.4770216200722337,2.630665046895365,2.483812701648376,2.483812701648376
259,single,gattgggtgagaaggtatacattg,4.0,agg,1.0,,DWVRRYTL,,False,False,2.0,0.0,1.0,26.0,37.0,34.0,819.0,749.0,635.0,True,False,True,True,False,False,1.0,both,0.0030807077728626886,0.003526232533614553,0.0030809837799546827,9.842072589070756e-05,0.00012702554243339742,0.00012887037535391974,-2.5113494956630307,-2.4526890520095246,-2.5113105880494078,-4.006913436201286,-3.896108941858892,-3.8898469065333408,R,synonymous,-1.9160274281480887,-1.9165368844281983,-1.7549461793465833,-0.40953041194583495,-0.22197739280706075,-0.21437936455523454,-0.22197739280706075
260,single,gattgggtgagaagttatacattg,4.0,agt,1.0,,DWVRSYTL,,False,False,1.0,1.0,1.0,2961.0,3522.0,2906.0,711.0,610.0,476.0,True,False,True,True,False,False,1.0,both,0.0026744605940236528,0.002871831569432413,0.0023095248492258726,0.011208606513937888,0.012091458390552047,0.01101462678760267,-2.5727637966936827,-2.541841034698224,-2.63647736062089,-1.9504483767828045,-1.9175213142946292,-1.9580302136135932,S,non-synonymous,0.7972734439422238,0.8289561341393573,0.8636973959731935,2.3037704601444773,2.5235156257604947,2.404264210764542,2.404264210764542
261,single,gattgggtgagaatgtatacattg,4.0,atg,1.0,,DWVRMYTL,,False,False,3.0,1.0,1.0,4078.0,4396.0,3608.0,280.0,257.0,249.0,True,False,True,True,False,False,1.0,both,0.0010532334266197226,0.001209935595646115,0.0012081337971790805,0.015436912314704057,0.015092007690195001,0.013675421008145366,-2.97747536608123,-2.9172377463776966,-2.9178849662456474,-1.8114395627299824,-1.8212529821744343,-1.864059294705692,M,non-synonymous,1.4938556091554371,1.4552212008011725,1.3415731679817524,3.000352625357691,3.14978069242231,2.882139982773101,3.000352625357691
262,single,gattgggtgagaatttatacattg,4.0,att,1.0,,DWVRIYTL,,False,False,2.0,1.0,1.0,58.0,97.0,45.0,1360.0,1144.0,1006.0,True,False,True,True,False,False,1.0,both,0.005115705215010081,0.005385861172837182,0.004881054618321907,0.00021955392698696304,0.00033301290854160945,0.00017056373208607025,-2.2910944890532314,-2.2687448452519856,-2.311486332621475,-3.658458790609166,-3.4775389316596423,-3.768113309800252,I,non-synonymous,-1.7517856876843512,-1.6050066017316185,-1.8543595218038154,-0.24528867148209743,0.08955288988951904,-0.31379270701246664,-0.24528867148209743
263,single,gattgggtgagacagtatacattg,4.0,cag,1.0,,DWVRQYTL,,False,False,2.0,1.0,1.0,2038.0,1965.0,1675.0,4067.0,3197.0,3158.0,True,False,True,True,False,False,1.0,both,0.01529821552165147,0.01505122217618922,0.015322435869443918,0.00771467074481777,0.006746086240043944,0.0063487611387592815,-1.8153592250188615,-1.822428233437303,-1.814672187669108,-2.1126826045016958,-2.1709481112144418,-2.197311012202732,Q,non-synonymous,-0.3809130018966391,-0.4627559904180065,-0.48711849965872145,1.1255840143056146,1.231803501203131,1.0534483151326273,1.1255840143056146
264,single,gattgggtgagacattatacattg,4.0,cat,1.0,,DWVRHYTL,,False,False,1.0,1.0,1.0,9291.0,9454.0,8719.0,2154.0,1732.0,1614.0,True,False,True,True,False,False,1.0,both,0.008102374289067437,0.008154118488945802,0.007831035938341509,0.03517026785579092,0.03245674265311727,0.033047670667965476,-2.091387698461486,-2.088622982027663,-2.106180782955332,-1.4538243240956543,-1.4886950679589923,-1.480859145912067,H,non-synonymous,0.8168082148516703,0.7965693028039589,0.7960659455085797,2.323305231053924,2.491128794425096,2.3366327602999286,2.3366327602999286
265,single,gattgggtgagaccgtatacattg,4.0,ccg,1.0,,DWVRPYTL,,False,False,2.0,1.0,1.0,44.0,66.0,67.0,1549.0,1197.0,1234.0,True,False,True,True,False,False,1.0,both,0.0058266377779783935,0.005635380964935407,0.005987297613329258,0.00016655815150735126,0.00022658610271903323,0.00025395044555037125,-2.234581979664243,-2.2490767193025802,-2.2227691536441605,-3.778434107685916,-3.6447667303840188,-3.5952510208747697,P,non-synonymous,-1.9778913773688003,-1.8531623433183555,-1.7472385578986795,-0.47139436116654654,-0.158602851697218,-0.20667174310733083,-0.20667174310733083
266,single,gattgggtgagaccttatacattg,4.0,cct,1.0,,DWVRPYTL,,False,False,1.0,1.0,1.0,45.0,58.0,47.0,1302.0,1043.0,990.0,True,False,True,True,False,False,1.0,both,0.00489753543378171,0.004910361191668863,0.00480342353095297,0.00017034356404160925,0.00019912112057127163,0.0001781443424010067,-2.310022413191276,-2.3088865612824603,-2.3184491187438336,-3.76867427039676,-3.70088267236295,-3.7492279656398786,P,non-synonymous,-1.8687378658775355,-1.8482576751417616,-1.8214535498140303,-0.3622408496752818,-0.15369818352062414,-0.2808867350226816,-0.2808867350226816
267,single,gattgggtgagacggtatacattg,4.0,cgg,1.0,,DWVRRYTL,,False,False,1.0,0.0,1.0,75.0,41.0,47.0,1366.0,1101.0,977.0,True,False,True,True,False,False,1.0,both,0.00513827450272336,0.005183420586795225,0.004740348272465709,0.00028390594006934874,0.00014075803350727822,0.0001781443424010067,-2.2891826980779353,-2.2853835507372393,-2.3241897496226107,-3.5468255207804034,-3.851526809206152,-3.7492279656398786,R,synonymous,-1.6112170652123818,-2.0794859086135173,-1.8141454375121158,-0.1047200490101281,-0.38492641699237984,-0.27357862272076705,-0.27357862272076705
268,single,gattgggtgagacgtaatacattg,5.0,aat,1.0,,DWVRRNTL,,False,False,1.0,1.0,1.0,61.0,83.0,45.0,1238.0,1011.0,867.0,True,False,True,True,False,False,1.0,both,0.004656796364840059,0.004759707732288803,0.0042066345468042676,0.000230910164589737,0.00028494918978302664,0.00017056373208607025,-2.33191275273935,-2.32241971411799,-2.3760652158651734,-3.6365569491613363,-3.5452325735498134,-3.768113309800252,N,non-synonymous,-1.671432425295766,-1.6236203784740508,-1.7721473501726492,-0.16493540909351223,0.07093911314708667,-0.23158053538130052,-0.16493540909351223
269,single,gattgggtgagacgtaggacattg,5.0,agg,1.0,,DWVRRRTL,,False,False,3.0,1.0,1.0,3520.0,3788.0,3712.0,1305.0,1203.0,1124.0,True,False,True,True,False,False,1.0,both,0.00490882007763835,0.005663628488569169,0.0054535838876678166,0.013324652120588101,0.01300466904696512,0.01406961274452206,-2.3090228857491493,-2.246905242369146,-2.2633180021083414,-1.8753441206939725,-1.8859006955946516,-1.8517178560287717,R,non-synonymous,0.5556033990442784,0.47933282214353207,0.5239877209584417,2.0621004152465323,2.1738923137646697,2.0645545357497905,2.0645545357497905
270,single,gattgggtgagacgtagtacattg,5.0,agt,1.0,,DWVRRSTL,,False,False,2.0,1.0,1.0,43.0,32.0,27.0,762.0,618.0,626.0,True,False,True,True,False,False,1.0,both,0.0028662995395865305,0.0029094949342774283,0.003037316293309656,0.0001627727389730933,0.00010985992859104642,0.00010233823925164215,-2.5426784260838486,-2.536182394620175,-2.5175099801309537,-3.788418328592517,-3.9591606876059813,-3.9899620594166088,S,non-synonymous,-1.5959677529307752,-1.8893950425836077,-1.8745056740000647,-0.08947073672852146,-0.19483555096247018,-0.333938859208716,-0.19483555096247018
271,single,gattgggtgagacgtatgacattg,5.0,atg,1.0,,DWVRRMTL,,False,False,3.0,1.0,1.0,40.0,64.0,35.0,1119.0,888.0,890.0,True,False,True,True,False,False,1.0,both,0.004209172158526677,0.004180633497796693,0.004318229234897115,0.00015141650137031934,0.00021971985718209283,0.00013266068051138798,-2.375803310895099,-2.37875790393039,-2.364694306696471,-3.819826792844141,-3.658130691942,-3.8772577792253204,M,non-synonymous,-1.8499968629281747,-1.6987192392186523,-1.92556949827263,-0.34349984672592093,-0.004159747597514807,-0.3850026834812812,-0.34349984672592093
272,single,gattgggtgagacgtattacattg,5.0,att,1.0,,DWVRRITL,,False,False,2.0,1.0,1.0,80.0,110.0,105.0,119.0,99.0,98.0,True,False,True,True,False,False,1.0,both,0.0004476242063133821,0.00046608413995706375,0.00047549041013473847,0.0003028330027406387,0.00037764350453172205,0.0003979820415341639,-3.3490864360309183,-3.331535675111441,-3.3228582376488887,-3.51879679718016,-3.422917980767662,-3.400136524505658,I,non-synonymous,-0.2174228048623825,-0.12133514343668672,-0.09837915218286439,1.2890742113398712,1.5732243481844508,1.4421876626084844,1.4421876626084844
273,single,gattgggtgagacgtcatacattg,5.0,cat,1.0,,DWVRRHTL,,False,False,1.0,1.0,1.0,4.0,2.0,3.0,1.0,7.0,1.0,True,False,True,True,False,False,2.0,both,3.761547952213295e-06,3.295544423938835e-05,4.851942960558556e-06,1.5141650137031934e-05,6.866245536940401e-06,1.1370915472404684e-05,-5.424633397423449,-4.482072829694734,-5.314084313341383,-4.819826792844141,-5.163280670261906,-4.944204568855934,H,non-synonymous,0.7748421927597469,-0.9044907594732633,0.47087554799884407,2.2813392089620006,0.7900687321478742,2.0114423627901927,2.0114423627901927
274,single,gattgggtgagacgtccgacattg,5.0,ccg,1.0,,DWVRRPTL,,False,False,3.0,1.0,1.0,1.0,1.0,3.0,7.0,9.0,12.0,True,False,True,True,False,False,2.0,both,2.6330835665493063e-05,4.237128545064216e-05,5.822331552670267e-05,3.7854125342579835e-06,3.4331227684702005e-06,1.1370915472404684e-05,-4.579535357409192,-4.3729283602696665,-4.234903067293759,-5.421886784172104,-5.464310665925887,-4.944204568855934,P,non-synonymous,-1.079170468122242,-1.4491101712757473,-0.9029765436577734,0.4273265480800117,0.24544932034539024,0.6375902711335754,0.4273265480800117
275,single,gattgggtgagacgtcgtacattg,5.0,cgt,1.0,,DWVRRRTL,,False,False,2.0,1.0,1.0,3412.0,3976.0,3274.0,1323.0,1021.0,1096.0,True,False,True,True,False,False,1.0,both,0.004976527940778189,0.004806786938345072,0.005317729484772177,0.012915827566888239,0.013650096127437518,0.012409459085550977,-2.303073553235948,-2.318145127622081,-2.2742737591930333,-1.8888777616766181,-1.8648642902006116,-1.9062471484996735,R,non-synonymous,0.53064297402461,0.6018549765262037,0.4685164153270091,2.037139990226864,2.2964144681473413,2.0090832301183577,2.037139990226864
276,single,gattgggtgagacgtctgacattg,5.0,ctg,1.0,,DWVRRLTL,,False,False,3.0,1.0,1.0,39.0,16.0,39.0,519.0,454.0,427.0,True,False,True,True,False,False,1.0,both,0.0019522433871987,0.0021373959549546157,0.002071779644158503,0.00014763108883606135,5.492996429552321e-05,0.0001478219011412609,-2.709466039574991,-2.670115016851887,-2.6836564383163597,-3.8308221771456044,-4.260190683269963,-3.830261216549097,L,non-synonymous,-1.4366146829765305,-2.111262762244473,-1.4596856446938298,0.06988233322572324,-0.41670327062333534,0.08088117009751894,0.06988233322572324
277,single,gattgggtgagacgtcttacattg,5.0,ctt,1.0,,DWVRRLTL,,False,False,2.0,1.0,1.0,173.0,180.0,165.0,2860.0,2440.0,2272.0,True,False,True,True,False,False,1.0,both,0.010758027143330023,0.011487326277729653,0.011023614406389038,0.0006548763684266311,0.0006179620983246361,0.0006254003509822576,-1.968267364294406,-1.9397810433702616,-1.9576759863024025,-3.183840681043308,-3.209038160822581,-3.20384187936169,L,non-synonymous,-1.5573201203136826,-1.6852879044601796,-1.5864319594144294,-0.050823104111428874,0.009271587160957884,-0.04586514462308067,-0.04586514462308067
278,single,gattgggtgagacgtgagacattg,5.0,gag,1.0,,DWVRRETL,,False,False,2.0,1.0,1.0,40.0,43.0,33.0,686.0,553.0,537.0,True,False,True,True,False,False,1.0,both,0.0025804218952183203,0.0026034800949116792,0.0026054933698199446,0.00015141650137031934,0.00014762427904421862,0.0001250800701964515,-2.5883092817166973,-2.584445738404293,-2.584110027641828,-3.819826792844141,-3.830842210346301,-3.9028118836977086,E,non-synonymous,-1.5777468723374148,-1.6549341102313064,-1.6787738944213306,-0.0712498561351611,0.03962538138983107,-0.1382070796299819,-0.0712498561351611
279,single,gattgggtgagacgtgcgacattg,5.0,gcg,1.0,,DWVRRATL,,False,False,3.0,1.0,1.0,66.0,111.0,64.0,2032.0,1720.0,1495.0,True,False,True,True,False,False,1.0,both,0.007643465438897415,0.008097623441678279,0.007253654726035041,0.00024983722726102693,0.00038107662730019225,0.00024257953007796658,-2.1167096938115675,-2.091642422801442,-2.139443120680935,-3.6023428486302347,-3.41898768713923,-3.615145849591709,A,non-synonymous,-1.9033046970725163,-1.7624158953081515,-1.8786439147293845,-0.3968076808702625,-0.06785640368701396,-0.3380770999380358,-0.3380770999380358
280,single,gattgggtgagacgtgctacattg,5.0,gct,1.0,,DWVRRATL,,False,False,2.0,1.0,1.0,1.0,1.0,1.0,5.0,3.0,4.0,True,False,True,True,False,False,2.0,both,1.8807739761066475e-05,1.4123761816880721e-05,1.9407771842234222e-05,3.7854125342579835e-06,3.4331227684702005e-06,3.790305157468228e-06,-4.72566339308743,-4.850049614989328,-4.712024322013421,-5.421886784172104,-5.464310665925887,-5.421325823575596,A,non-synonymous,-0.8919599338269719,-0.81560048400774,-0.9029765436577734,0.6145370823752818,0.8789590076133975,0.6375902711335754,0.6375902711335754
281,single,gattgggtgagacgtgggacattg,5.0,ggg,1.0,,DWVRRGTL,,False,False,3.0,1.0,1.0,5.0,2.0,5.0,90.0,49.0,51.0,True,False,True,True,False,False,1.0,both,0.00033853931569919655,0.00023068810967571843,0.00024744909098848634,1.8927062671289918e-05,6.866245536940401e-06,1.8951525787341138e-05,-3.470390887984124,-3.6369747896804774,-3.606514137243447,-4.722916779836085,-5.163280670261906,-4.722355819239577,G,non-synonymous,-1.6046615582281862,-2.0265908330799283,-1.4205226734456886,-0.0981645420259325,-0.33203134145879076,0.1200441413456601,-0.0981645420259325
282,single,gattgggtgagacgtgtgacattg,5.0,gtg,1.0,,DWVRRVTL,,False,False,3.0,1.0,1.0,79.0,78.0,76.0,874.0,784.0,662.0,True,False,True,True,False,False,1.0,both,0.0032875929102344197,0.003691009754811495,0.003211986239889764,0.0002990475902063807,0.00026778357594067564,0.0002880631919675853,-2.483121964789046,-2.4328548070245524,-2.4932263239016836,-3.524259692881662,-3.5722160632354067,-3.5405122312948047,V,non-synonymous,-1.3338436354565295,-1.5128154236841143,-1.3332477187720164,0.17265338074572423,0.18174406793702325,0.2073190960193323,0.18174406793702325
283,single,gattgggtgagacgttagacattg,5.0,tag,1.0,,DWVRR*TL,,True,False,1.0,1.0,1.0,85.0,109.0,54.0,1375.0,1078.0,1111.0,True,False,True,True,False,False,1.0,both,0.00517212843429328,0.005075138412865806,0.005390508629180555,0.00032176006541192857,0.00037421038176325185,0.0002046764785032843,-2.2863306992571677,-2.294552108858271,-2.2683702544005158,-3.492467858457811,-3.4268841679852637,-3.6889320637526275,*,stop,-1.545231077385646,-1.5034822313304033,-1.8084467463214056,-0.03873406118339218,0.19107726029073424,-0.26787993153005685,-0.03873406118339218
284,single,gattgggtgagacgttataagttg,6.0,aag,1.0,,DWVRRYKL,,False,False,2.0,1.0,1.0,58.0,79.0,50.0,1471.0,1328.0,1253.0,True,False,True,True,False,False,1.0,both,0.005533237037705757,0.006252118564272532,0.00607948452957987,0.00021955392698696304,0.00027121669870914584,0.0001895152578734114,-2.257020724695919,-2.203972794676992,-2.2161332423472335,-3.658458790609166,-3.566683574635446,-3.7223558192395774,K,non-synonymous,-1.795438964765483,-1.8093733437959238,-1.9174972186948533,-0.2889419485632292,-0.11481385217478635,-0.37693040390350463,-0.2889419485632292
285,single,gattgggtgagacgttatacaaag,7.0,aag,1.0,,DWVRRYTK,,False,False,2.0,1.0,1.0,514.0,535.0,610.0,40.0,51.0,31.0,True,False,True,True,False,False,1.0,both,0.0001504619180885318,0.00024010395088697225,0.00015041023177731521,0.0019457020426086034,0.0018367206811315572,0.002312086146055619,-3.822573406095487,-3.6196006936110545,-3.822722619507111,-2.710923665176828,-2.735956883904659,-2.635995988564829,K,non-synonymous,1.4241794258072946,1.1732801840327232,1.510762784393971,2.930676442009548,2.867839675653861,3.05132959918532,2.930676442009548
286,single,gattgggtgagacgttatacaaat,7.0,aat,1.0,,DWVRRYTN,,False,False,3.0,1.0,1.0,61.0,77.0,69.0,1222.0,997.0,961.0,True,False,True,True,False,False,1.0,both,0.004596611597604646,0.004693796843810026,0.004662717185096772,0.000230910164589737,0.00026435045317220544,0.00026153105586530773,-2.3375621915169136,-2.3284757113973353,-2.331360925672838,-3.6365569491613363,-3.5778199407534057,-3.582476732838341,N,non-synonymous,-1.6641947008775377,-1.6588480689138259,-1.5927334494312821,-0.157697684675284,0.035711422707311646,-0.05216663463993343,-0.05216663463993343
287,single,gattgggtgagacgttatacaacg,7.0,acg,1.0,,DWVRRYTT,,False,False,2.0,1.0,1.0,72.0,99.0,58.0,1557.0,1305.0,1200.0,True,False,True,True,False,False,1.0,both,0.0058567301615961,0.0061438363903431135,0.005822331552670267,0.0002725497024665748,0.00033987915407854985,0.0002198376991331572,-2.2323447848553286,-2.211560358034691,-2.2349030672937586,-3.564554287740835,-3.4686754713283374,-3.657897830012659,T,non-synonymous,-1.7067474538397167,-1.6691660545503748,-1.8115440185211469,-0.20025043763746297,0.025393437070762692,-0.27097720372979817,-0.20025043763746297
288,single,gattgggtgagacgttatacaagt,7.0,agt,1.0,,DWVRRYTS,,False,False,3.0,1.0,1.0,199.0,269.0,200.0,3461.0,2684.0,2653.0,True,False,True,True,False,False,1.0,both,0.013018717462610213,0.012636058905502618,0.012872204674361848,0.0007532970943173387,0.000923510024718484,0.0007580610314936456,-1.8854317981293214,-1.8983883582120364,-1.8903470633590544,-3.123033707762397,-3.0345583859234795,-3.120295827911615,S,non-synonymous,-1.585541841248191,-1.5085781901744673,-1.5657867378622305,-0.07904482504593724,0.18598130144667024,-0.025219923070881833,-0.025219923070881833
289,single,gattgggtgagacgttatacaatg,7.0,atg,1.0,,DWVRRYTM,,False,False,1.0,1.0,1.0,39.0,37.0,28.0,892.0,762.0,745.0,True,False,True,True,False,False,1.0,both,0.003355300773374259,0.003587435501487703,0.003614697505616124,0.00014763108883606135,0.00012702554243339742,0.00010612854440911037,-2.474268543047326,-2.4452158983693906,-2.4419280405930905,-3.8308221771456044,-3.896108941858892,-3.9741677922333767,M,non-synonymous,-1.7379357045415353,-1.9264595512107725,-1.9506183928047292,-0.2314386883392816,-0.231900059589635,-0.41005157801338044,-0.231900059589635
290,single,gattgggtgagacgttatacaatt,7.0,att,1.0,,DWVRRYTI,,False,False,2.0,1.0,1.0,25.0,26.0,27.0,922.0,680.0,687.0,True,False,True,True,False,False,1.0,both,0.0034681472119406577,0.0032013860118262965,0.0033332848139037276,9.463531335644958e-05,8.926119198022521e-05,0.00010233823925164215,-2.4599024763698196,-2.4946619570027546,-2.477127576281833,-4.0239467755000655,-4.04933731795507,-3.9899620594166088,I,non-synonymous,-2.0037603841221734,-2.064259120669161,-1.9259145084265556,-0.49726336791991965,-0.36969962904802367,-0.38534769363520693,-0.38534769363520693
291,single,gattgggtgagacgttatacacat,7.0,cat,1.0,,DWVRRYTH,,False,False,3.0,1.0,1.0,29.0,38.0,27.0,721.0,539.0,546.0,True,False,True,True,False,False,1.0,both,0.0027120760735457857,0.002537569206432903,0.0026491608564649712,0.00010977696349348152,0.00013045866520186762,0.00010233823925164215,-2.56669813270402,-2.595582104522252,-2.5768916706366465,-3.9594887862731474,-3.884527069309077,-3.9899620594166088,H,non-synonymous,-1.784360415206527,-1.7114289365028434,-1.7989097905410674,-0.27786339900427337,-0.01686944488170594,-0.25834297574971865,-0.25834297574971865
292,single,gattgggtgagacgttatacagat,7.0,gat,1.0,,DWVRRYTD,,False,False,3.0,1.0,1.0,1.0,1.0,1.0,4.0,5.0,1.0,True,False,True,True,False,False,2.0,both,1.504619180885318e-05,2.3539603028134534e-05,4.851942960558556e-06,3.7854125342579835e-06,3.4331227684702005e-06,3.790305157468228e-06,-4.822573406095486,-4.628200865372972,-5.314084313341383,-5.421886784172104,-5.464310665925887,-5.421325823575596,D,non-synonymous,-0.7678045982023399,-1.1101657137056584,-0.1365238449864476,0.7386924179999138,0.5843937779154791,1.404042969804901,0.7386924179999138
293,single,gattgggtgagacgttatacaggg,7.0,ggg,1.0,,DWVRRYTG,,False,False,2.0,1.0,1.0,45.0,54.0,23.0,1181.0,989.0,972.0,True,False,True,True,False,False,1.0,both,0.0044423881315639015,0.004656133478965011,0.004716088557662916,0.00017034356404160925,0.00018538862949739083,8.717701862176924e-05,-2.3523834998099344,-2.3319745781118115,-2.326418048415109,-3.76867427039676,-3.731916906102919,-4.0595979875580035,G,non-synonymous,-1.8144673652005168,-1.8588084635214717,-2.206425374170812,-0.30797034899826303,-0.16424897190033416,-0.6658585593794633,-0.30797034899826303
294,single,gattgggtgagacgttatacagtg,7.0,gtg,1.0,,DWVRRYTV,,False,False,1.0,1.0,1.0,1.0,1.0,1.0,3.0,4.0,1.0,True,False,True,True,False,False,3.0,both,1.1284643856639884e-05,1.8831682422507626e-05,4.851942960558556e-06,3.7854125342579835e-06,3.4331227684702005e-06,3.790305157468228e-06,-4.947512142703786,-4.725110878381028,-5.314084313341383,-5.421886784172104,-5.464310665925887,-5.421325823575596,V,non-synonymous,-0.6077405316044805,-0.9814910184860024,-0.1365238449864476,0.8987564845977732,0.7130684731351351,1.404042969804901,0.8987564845977732
295,single,gattgggtgagacgttatacatag,7.0,tag,1.0,,DWVRRYT*,,True,False,1.0,1.0,1.0,174.0,218.0,156.0,2976.0,2398.0,2255.0,True,False,True,True,False,False,1.0,both,0.011194366705786765,0.011289593612293322,0.010941131376059543,0.0006586617809608891,0.0007484207635265037,0.0005912876045650436,-1.951000470549608,-1.947321690946161,-1.9609377671274042,-3.181337535889504,-3.1258541723212825,-3.2282012252211345,*,stop,-1.5762345555149258,-1.5648259982670891,-1.6132902225260102,-0.06973753931267201,0.12973349335404838,-0.07272340773466146,-0.06973753931267201
296,single,gattgggtgagacgttatacatat,7.0,tat,1.0,,DWVRRYTY,,False,False,2.0,1.0,1.0,310.0,298.0,242.0,769.0,537.0,603.0,True,False,True,True,False,False,1.0,both,0.0028926303752520237,0.002528153365221649,0.002925721605216809,0.001173477885619975,0.0010230705850041199,0.0009172538481073111,-2.538707057622018,-2.5971965840094353,-2.533767001201232,-2.930525090337831,-2.9900944018496323,-3.0375104575951646,Y,non-synonymous,-0.5019739224632096,-0.5216799110206733,-0.6412907968515578,1.0045230937390441,1.1728795806004642,0.899276017939791,1.0045230937390441
297,single,gattgggtgagacgttatacatgg,7.0,tgg,1.0,,DWVRRYTW,,False,False,1.0,1.0,1.0,1410.0,1578.0,1529.0,531.0,478.0,475.0,True,False,True,True,False,False,1.0,both,0.0019973819626252593,0.0022503860494896616,0.002304672906265314,0.005337431673303757,0.0054174677286459765,0.00579537658576892,-2.69953887634198,-2.647742973096872,-2.637390703716517,-2.2726676715167238,-2.2662036670524857,-2.236918338163276,W,non-synonymous,0.5468819584119218,0.5065983627047806,0.5098214957691302,2.0533789746141755,2.2011578543259183,2.050388310560479,2.0533789746141755
298,single,gattgggtgagacgttatacattt,7.0,ttt,1.0,,DWVRRYTF,,False,False,1.0,1.0,1.0,215.0,297.0,235.0,1908.0,1631.0,1411.0,True,False,True,True,False,False,1.0,both,0.007177033492822967,0.007678618507777485,0.006846091517348122,0.0008138636948654664,0.0010196374622356496,0.0008907217120050335,-2.144055027055373,-2.114716908668715,-2.164557299587036,-3.089448324256498,-2.991554216608675,-3.05025796130386,F,non-synonymous,-1.2111815742045702,-1.164242680960307,-1.1275415609173864,0.29531544199768356,0.5303168106608305,0.4130252538739623,0.4130252538739623
299,single,gattgggtgagacgttatacgttg,6.0,acg,1.0,,DWVRRYTL,,False,False,1.0,0.0,1.0,52.0,46.0,37.0,1249.0,993.0,954.0,True,False,True,True,False,False,1.0,both,0.004698173392314405,0.0046749651613875185,0.004628753584372862,0.00019684145178141513,0.00015792364734962922,0.00014024129082632444,-2.3280709590493136,-2.3302216212136098,-2.3345359386372886,-3.7058834405373045,-3.8015528342443132,-3.853124099508601,T,synonymous,-1.7651712734031675,-1.9535968423423211,-1.933239230035655,-0.25867425720091375,-0.2590373507211836,-0.3926724152443062,-0.2590373507211836
300,single,gattgggtgagacgttatactttg,6.0,act,1.0,,DWVRRYTL,,False,False,1.0,0.0,1.0,4.0,3.0,5.0,50.0,39.0,43.0,True,False,True,True,False,False,1.0,both,0.00018807739761066475,0.00018360890361944937,0.0002086335473040179,1.5141650137031934e-05,1.0299368305410601e-05,1.8951525787341138e-05,-3.72566339308743,-3.7361062626824917,-3.680615857761797,-4.819826792844141,-4.9871894112062245,-4.722355819239577,T,synonymous,-1.4017769671921256,-1.6611569623600795,-1.3261874502361144,0.1047200490101281,0.03340252926105802,0.21437936455523432,0.1047200490101281
301,single,gattgggtgagacgttatatgttg,6.0,atg,1.0,,DWVRRYML,,False,False,2.0,1.0,1.0,256.0,337.0,283.0,4269.0,3518.0,3356.0,True,False,True,True,False,False,1.0,both,0.016058048207998554,0.016562464690595458,0.016283120575634514,0.0009690656087700438,0.0011569623729744576,0.0010726563595635085,-1.7943072426195024,-1.7808750345875486,-1.7882623611847208,-3.013646818860254,-2.9366807650545486,-2.969539388051306,M,non-synonymous,-1.562145227614217,-1.534649985947367,-1.503825163873306,-0.05564821141196319,0.1599095056737705,0.03674165091804271,0.03674165091804271
302,single,gattgggtgagacgttatattttg,6.0,att,1.0,,DWVRRYIL,,False,False,2.0,1.0,1.0,33.0,25.0,34.0,1023.0,850.0,792.0,True,False,True,True,False,False,1.0,both,0.003848063555114201,0.004001732514782871,0.003842738824762376,0.00012491861363051347,8.582806921175501e-05,0.00012887037535391974,-2.4147577637112887,-2.3977519439946984,-2.4153591317518903,-3.903372844294216,-4.06637065725385,-3.8898469065333408,I,non-synonymous,-1.9071249627249276,-2.215550258450447,-1.8770972169175475,-0.40062794652267386,-0.5209907668293097,-0.3365304021261988,-0.40062794652267386
303,single,gattgggtgagacgttatcagttg,6.0,cag,1.0,,DWVRRYQL,,False,False,3.0,1.0,1.0,76.0,126.0,110.0,3030.0,2389.0,2216.0,True,False,True,True,False,False,1.0,both,0.011397490295206283,0.01124722232684268,0.01075190560059776,0.00028769135260360676,0.00043257346882724526,0.00041693356732150507,-1.943190768921144,-1.948954719959113,-1.9685145572849914,-3.541073191891312,-3.3639401208083246,-3.379933138417371,Q,non-synonymous,-2.0471117726098016,-1.878782280004426,-1.7968069561933089,-0.5406147564075479,-0.18422278838328854,-0.25624014140196016,-0.25624014140196016
304,single,gattgggtgagacgttatccgttg,6.0,ccg,1.0,,DWVRRYPL,,False,False,2.0,1.0,1.0,1.0,1.0,1.0,3.0,7.0,2.0,True,False,True,True,False,False,2.0,both,1.1284643856639884e-05,3.295544423938835e-05,9.703885921117111e-06,3.7854125342579835e-06,3.4331227684702005e-06,3.790305157468228e-06,-4.947512142703786,-4.482072829694734,-5.013054317677402,-5.421886784172104,-5.464310665925887,-5.421325823575596,P,non-synonymous,-0.6077405316044805,-1.3041908703463982,-0.5197501943221106,0.8987564845977732,0.39036862127473926,1.0208166204692382,0.8987564845977732
305,single,gattgggtgagacgttatctgttg,6.0,ctg,1.0,,DWVRRYLL,,False,False,3.0,1.0,1.0,17.0,17.0,12.0,471.0,418.0,423.0,True,False,True,True,False,False,1.0,both,0.0017716890854924618,0.001967910813152047,0.002052371872316269,6.435201308238572e-05,5.836308706399341e-05,4.5483661889618734e-05,-2.751612490294553,-2.7059945879339558,-2.6877439459663415,-4.19143786279383,-4.233861744547614,-4.3421445775279714,L,non-synonymous,-1.844618495187359,-2.0286638564070856,-2.1061353469894066,-0.33812147898510525,-0.33410436478594807,-0.5655685321980579,-0.33812147898510525
306,single,gattgggtgagacgttatgctttg,6.0,gct,1.0,,DWVRRYAL,,False,False,2.0,1.0,1.0,1.0,4.0,1.0,103.0,74.0,73.0,True,False,True,True,False,False,1.0,both,0.00038743943907796935,0.0003483861248163911,0.00035419183612077457,3.7854125342579835e-06,1.3732491073880802e-05,3.790305157468228e-06,-3.411796172718277,-3.4579391499780145,-3.450761453220928,-5.421886784172104,-4.862250674597925,-5.421325823575596,A,non-synonymous,-2.57520834797767,-1.8646097736969147,-2.5086277137142665,-1.0687113317754164,-0.17005028207577721,-0.9680608989229178,-0.9680608989229178
307,single,gattgggtgagacgttatgttttg,6.0,gtt,1.0,,DWVRRYVL,,False,False,3.0,1.0,1.0,34.0,43.0,19.0,1086.0,854.0,853.0,True,False,True,True,False,False,1.0,both,0.004085041076103638,0.004020564197205379,0.004138707345356448,0.00012870402616477143,0.00014762427904421862,7.201579799189632e-05,-2.388803572170621,-2.395712999019986,-2.3831352821738605,-3.8904078671298485,-3.830842210346301,-4.142572222622767,V,non-synonymous,-1.923765970401356,-1.905528728521447,-2.2398518595707486,-0.41726895419910237,-0.21096923690030955,-0.6992850447793999,-0.41726895419910237
308,single,gattgggtgagacgttattagttg,6.0,tag,1.0,,DWVRRY*L,,True,False,3.0,1.0,1.0,260.0,377.0,253.0,5176.0,4198.0,4014.0,True,False,True,True,False,False,1.0,both,0.019469772200656012,0.019763850702421756,0.019475699043682043,0.0009842072589070756,0.0012942872837132656,0.0009589472048394616,-1.7106391297628052,-1.7041284354626094,-1.7105069451899169,-3.0069134362012857,-2.8879693157200945,-3.018205302399778,*,stop,-1.6607094208529014,-1.5718743577409002,-1.6647658860719363,-0.15421240465064767,0.12268513388023727,-0.1241990712805876,-0.1241990712805876
309,single,gattgggtgagacgttattatttg,6.0,tat,1.0,,DWVRRYYL,,False,False,3.0,1.0,1.0,1.0,1.0,1.0,1.0,6.0,2.0,True,False,True,True,False,False,2.0,both,3.761547952213295e-06,2.8247523633761442e-05,9.703885921117111e-06,3.7854125342579835e-06,3.4331227684702005e-06,3.790305157468228e-06,-5.424633397423449,-4.549019619325347,-5.013054317677402,-5.421886784172104,-5.464310665925887,-5.421325823575596,Y,non-synonymous,0.003518797278703474,-1.2153005948808748,-0.5197501943221106,1.5100158134809571,0.4792588967402627,1.0208166204692382,1.0208166204692382
310,single,gattgggtgagacgttattcgttg,6.0,tcg,1.0,,DWVRRYSL,,False,False,2.0,1.0,1.0,87.0,100.0,83.0,3061.0,2419.0,2409.0,True,False,True,True,False,False,1.0,both,0.011514098281724896,0.011388459945011488,0.01168833059198556,0.00032933089048044456,0.00034331227684702005,0.0003145953280698629,-1.9387700678261144,-1.9435350013471113,-1.9322475133430403,-3.4823675315534848,-3.4643106659258875,-3.502247731199522,S,non-synonymous,-1.9775651166455859,-2.0192479503730505,-1.9986893685403107,-0.47106810044333214,-0.324688458751913,-0.45812255374896194,-0.45812255374896194
311,single,gattgggtgagacgttattctttg,6.0,tct,1.0,,DWVRRYSL,,False,False,2.0,1.0,1.0,12.0,11.0,13.0,484.0,346.0,399.0,True,False,True,True,False,False,1.0,both,0.0018205892088712346,0.0016289405295469097,0.0019359252412628637,4.54249504110958e-05,3.7764350453172205e-05,4.927396704708696e-05,-2.7397880357790365,-2.7880947709162145,-2.7131114176546354,-4.342705538124479,-4.422917980767663,-4.30738247126876,S,non-synonymous,-2.053562416359915,-2.1706774329724485,-2.0295873651409844,-0.5470654001576611,-0.476117941351311,-0.48902055034963565,-0.48902055034963565
312,single,gattgggtgagacgttattggttg,6.0,tgg,1.0,,DWVRRYWL,,False,False,3.0,1.0,1.0,34.0,34.0,48.0,701.0,657.0,536.0,True,False,True,True,False,False,1.0,both,0.0026368451145015195,0.0030931038378968776,0.002600641426859386,0.00012870402616477143,0.00011672617412798682,0.00018193464755847494,-2.5789153794567903,-2.50960550014921,-2.5849195236486135,-3.8904078671298485,-3.932831748883632,-3.740084586200009,W,non-synonymous,-1.6802060480860272,-1.889724272034629,-1.4705833178691519,-0.1737090318837735,-0.1951647804134915,0.06998349692219685,-0.1737090318837735
313,single,gattgggtgagacgttattgtttg,6.0,tgt,1.0,,DWVRRYCL,,False,False,3.0,1.0,1.0,9.0,17.0,10.0,396.0,358.0,363.0,True,False,True,True,False,False,1.0,both,0.0014895729890764648,0.0016854355768144327,0.0017612552946827556,3.406871280832185e-05,5.836308706399341e-05,3.7903051574682275e-05,-2.8269382114979367,-2.7732878430651167,-2.7541776883052713,-4.467644274732779,-4.233861744547614,-4.421325823575596,C,non-synonymous,-2.101974869463241,-1.9393135527019274,-2.122363561385951,-0.5954778532609875,-0.2447540610807899,-0.5817967465946023,-0.5817967465946023
314,single,gattgggtgagacgttatttgttg,6.0,ttg,1.0,,DWVRRYLL,,False,False,3.0,1.0,1.0,1.0,1.0,1.0,3.0,5.0,5.0,True,False,True,True,False,False,2.0,both,1.1284643856639884e-05,2.3539603028134534e-05,2.4259714802792778e-05,3.7854125342579835e-06,3.4331227684702005e-06,3.790305157468228e-06,-4.947512142703786,-4.628200865372972,-4.615114309005365,-5.421886784172104,-5.464310665925887,-5.421325823575596,L,non-synonymous,-0.6077405316044805,-1.1101657137056584,-1.0263478722100423,0.8987564845977732,0.5843937779154791,0.5142189425813064,0.5843937779154791
315,single,gattgggtgagacgttattttttg,6.0,ttt,1.0,,DWVRRYFL,,False,False,3.0,1.0,1.0,1.0,1.0,1.0,4.0,6.0,3.0,True,False,True,True,False,False,2.0,both,1.504619180885318e-05,2.8247523633761442e-05,1.4555828881675667e-05,3.7854125342579835e-06,3.4331227684702005e-06,3.790305157468228e-06,-4.822573406095486,-4.549019619325347,-4.836963058621722,-5.421886784172104,-5.464310665925887,-5.421325823575596,F,non-synonymous,-0.7678045982023399,-1.2153005948808748,-0.7439232379717392,0.7386924179999138,0.4792588967402627,0.7966435768196095,0.7386924179999138
316,single,gattgggtgagacgttcgacattg,5.0,tcg,1.0,,DWVRRSTL,,False,False,2.0,1.0,1.0,1.0,1.0,1.0,9.0,3.0,5.0,True,False,True,True,False,False,2.0,both,3.385393156991965e-05,1.4123761816880721e-05,2.4259714802792778e-05,3.7854125342579835e-06,3.4331227684702005e-06,3.790305157468228e-06,-4.4703908879841245,-4.850049614989328,-4.615114309005365,-5.421886784172104,-5.464310665925887,-5.421325823575596,S,non-synonymous,-1.2189998604876644,-0.81560048400774,-1.0263478722100423,0.28749715571458934,0.8789590076133975,0.5142189425813064,0.5142189425813064
317,single,gattgggtgagacgttgtacattg,5.0,tgt,1.0,,DWVRRCTL,,False,False,1.0,1.0,1.0,59.0,81.0,81.0,1267.0,1111.0,1004.0,True,False,True,True,False,False,1.0,both,0.004765881255454244,0.005230499792851493,0.00487135073240079,0.00022333933952122103,0.00027808294424608624,0.00030701471775492644,-2.321856782540008,-2.2814568107681232,-2.312350600532383,-3.6510347725299592,-3.5558256470472376,-3.512840804696946,C,non-synonymous,-1.7028636601086529,-1.6920751170677322,-1.528284506467397,-0.19636664390639913,0.002484374553405333,0.012282308323951607,0.002484374553405333
318,single,gattgggtgagacgtttgacattg,5.0,ttg,1.0,,DWVRRLTL,,False,False,2.0,1.0,1.0,79.0,70.0,46.0,1764.0,1335.0,1353.0,True,False,True,True,False,False,1.0,both,0.006635370587704252,0.00628507400851192,0.006564678825635726,0.0002990475902063807,0.00024031859379291403,0.00017435403724353849,-2.178134816627648,-2.201689604008397,-2.182786516743761,-3.524259692881662,-3.6192126259116306,-3.758567991894022,L,non-synonymous,-1.7245750012446015,-1.882151669870075,-2.0060492003151427,-0.21807798504234777,-0.1875921782489376,-0.46548238552379395,-0.21807798504234777
319,single,gattgggtgagacgttttacattg,5.0,ttt,1.0,,DWVRRFTL,,False,False,1.0,1.0,1.0,1.0,1.0,1.0,2.0,1.0,4.0,True,False,True,True,False,False,3.0,both,7.52309590442659e-06,4.707920605626906e-06,1.9407771842234222e-05,3.7854125342579835e-06,3.4331227684702005e-06,3.790305157468228e-06,-5.123603401759468,-5.327170869708991,-4.712024322013421,-5.421886784172104,-5.464310665925887,-5.421325823575596,F,non-synonymous,-0.38214290046181826,-0.18209079673973264,-0.9029765436577734,1.1243541157404355,1.5124686948814048,0.6375902711335754,1.1243541157404355
320,single,gattgggtgagactgtatacattg,4.0,ctg,1.0,,DWVRLYTL,,False,False,2.0,1.0,1.0,117.0,147.0,129.0,1342.0,1128.0,1140.0,True,False,True,True,False,False,1.0,both,0.0050479973518702415,0.0053105344431471505,0.005531214975036753,0.00044289326650818404,0.0005046690469651195,0.0004889493653134014,-2.296880881590476,-2.2748617700616673,-2.257179462004911,-3.3537009224259418,-3.296993331177711,-3.310736113276347,L,non-synonymous,-1.3539348803292046,-1.3571607620160373,-1.341230691627612,0.15256213587304912,0.3373987296051002,0.19933612316373672,0.19933612316373672
321,single,gattgggtgagactttatacattg,4.0,ctt,1.0,,DWVRLYTL,,False,False,1.0,1.0,1.0,41.0,49.0,61.0,474.0,309.0,372.0,True,False,True,True,False,False,1.0,both,0.0017829737293491017,0.0014547474671387142,0.0018049227813277827,0.0001552019139045773,0.00016822301565503982,0.0002312086146055619,-2.748855055749364,-2.837212390284156,-2.743541373459486,-3.809102927452368,-3.7741145858973737,-3.635995988564829,L,non-synonymous,-1.3583264130368544,-1.2439953388628167,-1.136139683821904,0.14817060316539932,0.45056415275832085,0.4044271309694447,0.4044271309694447
322,single,gattgggtgagagtgtatacattg,4.0,gtg,1.0,,DWVRVYTL,,False,False,3.0,1.0,1.0,2.0,1.0,1.0,13.0,4.0,5.0,True,False,True,True,False,False,2.0,both,4.890012337877283e-05,1.8831682422507626e-05,2.4259714802792778e-05,7.570825068515967e-06,3.4331227684702005e-06,3.790305157468228e-06,-4.310690045116612,-4.725110878381028,-4.615114309005365,-5.120856788508123,-5.464310665925887,-5.421325823575596,V,non-synonymous,-1.037937369065526,-0.9814910184860024,-1.0263478722100423,0.4685596471367277,0.7130684731351351,0.5142189425813064,0.5142189425813064
323,single,gattgggtgagagtttatacattg,4.0,gtt,1.0,,DWVRVYTL,,False,False,2.0,1.0,1.0,63.0,70.0,71.0,1226.0,940.0,1003.0,True,False,True,True,False,False,1.0,both,0.0046116577894135,0.004425445369289292,0.004866498789440231,0.00023848098965825295,0.00024031859379291403,0.00026911166618024415,-2.336142927241053,-2.3540430161092925,-2.3127833803209654,-3.6225462347185218,-3.6192126259116306,-3.5700674748565207,V,non-synonymous,-1.648063285010851,-1.6798606138764332,-1.6005859899904538,-0.14156626880859724,0.014698877744704353,-0.060019175199105046,-0.060019175199105046
324,single,gattgggtgagatagtatacattg,4.0,tag,1.0,,DWVR*YTL,,True,False,3.0,1.0,1.0,242.0,330.0,291.0,5084.0,4121.0,3958.0,True,False,True,True,False,False,1.0,both,0.019123709789052392,0.01940134081578848,0.019203990237890763,0.000916069833290432,0.0011329305135951663,0.0011029788008232542,-1.7184278555414785,-1.7121682551844026,-1.7166085234710062,-3.0380714181916724,-2.945796726048,-2.9574328345896888,*,stop,-1.6906487197777926,-1.6379810772439705,-1.5796318565135203,-0.1841517035755389,0.05657841437716704,-0.03906504172217162,-0.03906504172217162
325,single,gattgggtgagatattatacattg,4.0,tat,1.0,,DWVRYYTL,,False,False,2.0,1.0,1.0,5.0,8.0,14.0,3.0,6.0,1.0,True,False,True,True,False,False,2.0,both,1.1284643856639884e-05,2.8247523633761442e-05,4.851942960558556e-06,1.8927062671289918e-05,2.7464982147761604e-05,5.306427220455519e-05,-4.947512142703786,-4.549019619325347,-5.314084313341383,-4.722916779836085,-4.561220678933943,-4.275197787897358,Y,non-synonymous,0.2877381995011949,-0.016200262261470224,1.3225548824188553,1.7942352157034487,1.6783592293596672,2.863121697210204,1.7942352157034487
326,single,gattgggtgagatcgtatacattg,4.0,tcg,1.0,,DWVRSYTL,,False,False,3.0,1.0,1.0,7665.0,8960.0,8296.0,2359.0,1802.0,1770.0,True,False,True,True,False,False,1.0,both,0.008873491619271163,0.008483672931339685,0.008587939040188643,0.029015187075087445,0.030760780005492996,0.03144437158635642,-2.0519054565378534,-2.0714160830659467,-2.066111046979577,-1.5373746249817095,-1.512002656263762,-1.5024570801946115,S,non-synonymous,0.6591862501944289,0.7427751783458151,0.7175598946647196,2.1656832663966825,2.4373346699669525,2.2581267094560684,2.2581267094560684
327,single,gattgggtgagatcttatacattg,4.0,tct,1.0,,DWVRSYTL,,False,False,2.0,1.0,1.0,9303.0,10535.0,9694.0,2975.0,2543.0,2510.0,True,False,True,True,False,False,1.0,both,0.011190605157834552,0.011972242100109224,0.012178376831001975,0.03521569280620202,0.03616794836583356,0.036743218196497,-1.9511464273588808,-1.921824509533282,-1.9144105918603453,-1.4532637632151146,-1.4416761259817683,-1.4348228081888557,S,non-synonymous,0.6378576098562315,0.637529033336991,0.6105394085962099,2.1443546260584854,2.3320885249581282,2.1511062233875586,2.1511062233875586
328,single,gattgggtgagatggtatacattg,4.0,tgg,1.0,,DWVRWYTL,,False,False,2.0,1.0,1.0,94355.0,104723.0,96142.0,13491.0,11083.0,10460.0,True,False,True,True,False,False,1.0,both,0.05074704342330956,0.052177884072163006,0.050751323367442494,0.35717259966991205,0.35952691568250483,0.36440751844931035,-1.2945892551358447,-1.282513536474125,-1.2945526288101281,-0.4471218652050817,-0.4442685909700512,-0.4384126712507305,W,non-synonymous,1.085724735369065,1.1130007058526232,1.0899092953584177,2.592221751571319,2.8075601974737605,2.6304761101497665,2.6304761101497665
329,single,gattgggtgagatgttatacattg,4.0,tgt,1.0,,DWVRCYTL,,False,False,1.0,1.0,1.0,4110.0,4333.0,4387.0,1361.0,1076.0,1011.0,True,False,True,True,False,False,1.0,both,0.0051194667629622945,0.005065722571654552,0.0049053143331247,0.015558045515800312,0.014875720955781378,0.016628068725813114,-2.2907752722201145,-2.2953585983786207,-2.3093331577503826,-1.8080449622960344,-1.8275219768915125,-1.779158189170651,C,non-synonymous,0.6184453162731935,0.6211817831191768,0.6749394433927198,2.124942332475447,2.315741274740314,2.2155062581840683,2.2155062581840683
330,single,gattgggtgagattgtatacattg,4.0,ttg,1.0,,DWVRLYTL,,False,False,3.0,1.0,1.0,65.0,81.0,146.0,8.0,7.0,9.0,True,False,True,True,False,False,2.0,both,3.009238361770636e-05,3.295544423938835e-05,4.3667486645027004e-05,0.0002460518147267689,0.00027808294424608624,0.0005533845529903613,-4.521543410431505,-4.482072829694734,-4.359841803902059,-3.6089734275292478,-3.5558256470472376,-3.256972967791159,L,non-synonymous,1.169130299247565,1.229847878725631,1.404007587106451,2.6756273154498187,2.924407370346769,2.9445744018977997,2.924407370346769
331,single,gattgggtgagattttatacattg,4.0,ttt,1.0,,DWVRFYTL,,False,False,2.0,1.0,1.0,39301.0,43003.0,38343.0,2976.0,2411.0,2349.0,True,False,True,True,False,False,1.0,both,0.011194366705786765,0.011350796580166472,0.011397214014352047,0.14877049800887301,0.14763457841252403,0.14533167065280425,-1.951000470549608,-1.9449736593315372,-1.9432012965637777,-0.8274831831870936,-0.8308119117881985,-0.8376397340091695,F,non-synonymous,1.439383419347728,1.479356145361573,1.4074355635195852,2.9458804355499817,3.17391563698271,2.948002378310934,2.948002378310934
332,single,gattgggtgaggcgttatacattg,3.0,agg,1.0,,DWVRRYTL,,False,False,1.0,0.0,1.0,1.0,1.0,1.0,2.0,2.0,5.0,True,False,True,True,False,False,2.0,both,7.52309590442659e-06,9.415841211253813e-06,2.4259714802792778e-05,3.7854125342579835e-06,3.4331227684702005e-06,3.790305157468228e-06,-5.123603401759468,-5.0261408740450095,-4.615114309005365,-5.421886784172104,-5.464310665925887,-5.421325823575596,R,synonymous,-0.38214290046181826,-0.5817909076128674,-1.0263478722100423,1.1243541157404355,1.1127685840082702,0.5142189425813064,1.1127685840082702
333,single,gattgggtgagtcgttatacattg,3.0,agt,1.0,,DWVSRYTL,,False,False,1.0,1.0,1.0,86.0,131.0,107.0,1643.0,1314.0,1296.0,True,False,True,True,False,False,1.0,both,0.006180223285486443,0.006186207675793755,0.006288118076883888,0.0003255454779461866,0.00044973908266959626,0.00040556265184910035,-2.2089958339883875,-2.208575504485229,-2.2014793118068092,-3.487388332928536,-3.347039370270123,-3.3919420458903864,S,non-synonymous,-1.6378003143259436,-1.5116238910863022,-1.5155190319048615,-0.1313032981236899,0.18293560053483526,0.025047782886487235,0.025047782886487235
334,single,gattgggtgatgcgttatacattg,3.0,atg,1.0,,DWVMRYTL,,False,False,2.0,1.0,1.0,8.0,5.0,11.0,190.0,122.0,160.0,True,False,True,True,False,False,1.0,both,0.000714694110920526,0.0005743663138864827,0.0007763108736893689,3.0283300274063868e-05,1.7165613842351002e-05,4.169335673215051e-05,-3.14587979647062,-3.240811039034243,-3.1099643306854587,-4.51879679718016,-4.765340661589868,-4.379933138417371,M,non-synonymous,-1.7588994750592546,-2.0242323620302685,-1.616734268901622,-0.25240245885700086,-0.32967287040913096,-0.07616745411027326,-0.25240245885700086
335,single,gattgggtgattcgttatacattg,3.0,att,1.0,,DWVIRYTL,,False,False,2.0,1.0,1.0,19.0,7.0,12.0,222.0,162.0,179.0,True,False,True,True,False,False,1.0,both,0.0008350636453913514,0.0007626831381115589,0.0008684977899399815,7.192283815090169e-05,2.4031859379291403e-05,4.5483661889618734e-05,-3.0782804229728105,-3.11765585516636,-3.0612312823614904,-4.143133183219274,-4.61921262591163,-4.3421445775279714,I,non-synonymous,-1.3642259219202117,-1.9937295830782313,-1.6306671527514478,0.142271094282042,-0.29917009145709383,-0.09010033796009909,-0.09010033796009909
336,single,gattgggtgcagcgttatacattg,3.0,cag,1.0,,DWVQRYTL,,False,False,3.0,1.0,1.0,1.0,1.0,2.0,3.0,6.0,3.0,True,False,True,True,False,False,2.0,both,1.1284643856639884e-05,2.8247523633761442e-05,1.4555828881675667e-05,3.7854125342579835e-06,3.4331227684702005e-06,7.580610314936456e-06,-4.947512142703786,-4.549019619325347,-4.836963058621722,-5.421886784172104,-5.464310665925887,-5.120295827911614,Q,non-synonymous,-0.6077405316044805,-1.2153005948808748,-0.36069688863607635,0.8987564845977732,0.4792588967402627,1.1798699261552723,0.8987564845977732
337,single,gattgggtgcatcgttatacattg,3.0,cat,1.0,,DWVHRYTL,,False,False,3.0,1.0,1.0,1.0,1.0,1.0,5.0,2.0,6.0,True,False,True,True,False,False,2.0,both,1.8807739761066475e-05,9.415841211253813e-06,2.9111657763351334e-05,3.7854125342579835e-06,3.4331227684702005e-06,3.790305157468228e-06,-4.72566339308743,-5.0261408740450095,-4.53593306295774,-5.421886784172104,-5.464310665925887,-5.421325823575596,H,non-synonymous,-0.8919599338269719,-0.5817909076128674,-1.127149587307402,0.6145370823752818,1.1127685840082702,0.4134172274839467,0.6145370823752818
338,single,gattgggtgcctcgttatacattg,3.0,cct,1.0,,DWVPRYTL,,False,False,3.0,1.0,1.0,43.0,28.0,25.0,786.0,658.0,607.0,True,False,True,True,False,False,1.0,both,0.0029565766904396497,0.0030978117585025045,0.002945129377059043,0.0001627727389730933,9.612743751716561e-05,9.47576289367057e-05,-2.529210851384041,-2.5089449760950355,-2.530895622266126,-3.788418328592517,-4.017152634583669,-4.023385814903558,P,non-synonymous,-1.6132216073572048,-2.0025604657368286,-1.900015201748082,-0.10672459115495103,-0.30800097411569105,-0.3594483869567333,-0.30800097411569105
339,single,gattgggtgcggcgttatacattg,3.0,cgg,1.0,,DWVRRYTL,,False,False,2.0,0.0,1.0,1.0,1.0,1.0,3.0,6.0,5.0,True,False,True,True,False,False,2.0,both,1.1284643856639884e-05,2.8247523633761442e-05,2.4259714802792778e-05,3.7854125342579835e-06,3.4331227684702005e-06,3.790305157468228e-06,-4.947512142703786,-4.549019619325347,-4.615114309005365,-5.421886784172104,-5.464310665925887,-5.421325823575596,R,synonymous,-0.6077405316044805,-1.2153005948808748,-1.0263478722100423,0.8987564845977732,0.4792588967402627,0.5142189425813064,0.5142189425813064
340,single,gattgggtgctgcgttatacattg,3.0,ctg,1.0,,DWVLRYTL,,False,False,3.0,1.0,1.0,2.0,2.0,2.0,43.0,30.0,22.0,True,False,True,True,False,False,1.0,both,0.00016174656194517168,0.0001412376181688072,0.00010674274513228823,7.570825068515967e-06,6.866245536940401e-06,7.580610314936456e-06,-3.7911649418438627,-3.8500496149893286,-3.971661632519177,-5.120856788508123,-5.163280670261906,-5.120295827911614,L,non-synonymous,-1.7035219826687416,-1.7436754009736655,-1.4622691949731823,-0.19702496646648782,-0.049115909352527964,0.07829761981816641,-0.049115909352527964
341,single,gattgggtggagcgttatacattg,3.0,gag,1.0,,DWVERYTL,,False,False,3.0,1.0,1.0,1.0,1.0,1.0,19.0,21.0,19.0,True,False,True,True,False,False,1.0,both,7.14694110920526e-05,9.886633271816504e-05,9.218691625061256e-05,3.7854125342579835e-06,3.4331227684702005e-06,3.790305157468228e-06,-4.14587979647062,-4.004951574975071,-4.0353307123885545,-5.421886784172104,-5.464310665925887,-5.421325823575596,E,non-synonymous,-1.6347441394346227,-1.9377005576144053,-1.764441598205953,-0.12824712323236898,-0.2431410659932678,-0.2238747834146042,-0.2238747834146042
342,single,gattgggtggatcgttatacattg,3.0,gat,1.0,,DWVDRYTL,,False,False,3.0,1.0,1.0,1.0,3.0,3.0,46.0,43.0,32.0,True,False,True,True,False,False,1.0,both,0.00017303120580181155,0.00020244058604195698,0.00015526217473787378,3.7854125342579835e-06,1.0299368305410601e-05,1.1370915472404684e-05,-3.761875565741875,-3.6937024141294046,-3.8089343350214775,-5.421886784172104,-4.9871894112062245,-4.944204568855934,D,non-synonymous,-2.1267074842692013,-1.717459733553138,-1.4452561986794705,-0.6202104680669476,-0.022900241932000576,0.09531061611187819,-0.022900241932000576
343,single,gattgggtggctcgttatacattg,3.0,gct,1.0,,DWVARYTL,,False,False,3.0,1.0,1.0,25.0,17.0,19.0,557.0,457.0,429.0,True,False,True,True,False,False,1.0,both,0.002095182209382805,0.0021515197167714965,0.0020814835300796202,9.463531335644958e-05,5.836308706399341e-05,7.201579799189632e-05,-2.6787782022497204,-2.667254669639141,-2.6816270211566593,-4.0239467755000655,-4.233861744547614,-4.142572222622767,A,non-synonymous,-1.723349842804375,-2.0801017524994663,-1.8598568388588688,-0.21685282660212124,-0.38554226087832877,-0.31929002406752005,-0.31929002406752005
344,single,gattgggtggggcgttatacattg,3.0,ggg,1.0,,DWVGRYTL,,False,False,2.0,1.0,1.0,1.0,1.0,3.0,6.0,21.0,2.0,True,False,True,True,False,False,2.0,both,2.256928771327977e-05,9.886633271816504e-05,9.703885921117111e-06,3.7854125342579835e-06,3.4331227684702005e-06,1.1370915472404684e-05,-4.646482147039805,-4.004951574975071,-5.013054317677402,-5.421886784172104,-5.464310665925887,-4.944204568855934,G,non-synonymous,-0.9934022293450022,-1.9377005576144053,0.08764919866318116,0.5130947868572515,-0.2431410659932678,1.6282160134545298,0.5130947868572515
345,single,gattgggtggttcgttatacattg,3.0,gtt,1.0,,DWVVRYTL,,False,False,3.0,1.0,1.0,32.0,48.0,28.0,1158.0,882.0,813.0,True,False,True,True,False,False,1.0,both,0.0043558725286629955,0.0041523859741629315,0.003944629626934106,0.00012113320109625547,0.00016478989288656962,0.00010612854440911037,-2.3609248380320316,-2.3817022845771714,-2.4039937677473153,-3.9167368058521976,-3.7830694285503004,-3.9741677922333767,V,non-synonymous,-1.9932136116571733,-1.8607002986016659,-1.998910633135545,-0.4867165954549195,-0.16614080698052835,-0.45834381834419635,-0.45834381834419635
346,single,gattgggtgtagcgttatacattg,3.0,tag,1.0,,DWV*RYTL,,True,False,3.0,1.0,1.0,667.0,749.0,612.0,11246.0,9075.0,8925.0,True,False,True,True,False,False,1.0,both,0.042302368270590716,0.042724379496064176,0.04330359092298511,0.002524870160350075,0.0025714089535841802,0.0023196667563705553,-1.373635318250065,-1.3693242360008409,-1.3634760885571529,-2.5977609502555548,-2.589828848226421,-2.6345744014300347,*,stop,-1.5682768371491351,-1.6205555454755214,-1.6181721858466593,-0.06177982094688139,0.07400394614561612,-0.07760537105531062,-0.06177982094688139
347,single,gattgggtgtatcgttatacattg,3.0,tat,1.0,,DWVYRYTL,,False,False,3.0,1.0,1.0,23.0,33.0,25.0,470.0,435.0,384.0,True,False,True,True,False,False,1.0,both,0.0017679275375402485,0.0020479454634477045,0.0018631460968544854,8.706448828793362e-05,0.00011329305135951662,9.47576289367057e-05,-2.7525355394877318,-2.688681612754354,-2.729753088973853,-4.060158948154511,-3.945796726048,-4.023385814903558,Y,non-synonymous,-1.6752492145486833,-1.6691660545503748,-1.6468596288741904,-0.16875219834642952,0.025393437070762692,-0.10629281408284164,-0.10629281408284164
348,single,gattgggtgtcgcgttatacattg,3.0,tcg,1.0,,DWVSRYTL,,False,False,3.0,1.0,1.0,32.0,53.0,45.0,823.0,720.0,676.0,True,False,True,True,False,False,1.0,both,0.0030957539646715416,0.0033897028360513727,0.003279913441337584,0.00012113320109625547,0.00018195550672892063,0.00017056373208607025,-2.5092335622111794,-2.4698383732777227,-2.484137617399748,-3.9167368058521976,-3.7400347963250984,-3.768113309800252,S,non-synonymous,-1.8032093091606676,-1.6865350909728045,-1.6345657387033958,-0.29671229295841384,0.008024400648332985,-0.09399892391204712,-0.09399892391204712
349,single,gattgggtgtctcgttatacattg,3.0,tct,1.0,,DWVSRYTL,,False,False,3.0,1.0,1.0,1.0,1.0,1.0,3.0,5.0,4.0,True,False,True,True,False,False,2.0,both,1.1284643856639884e-05,2.3539603028134534e-05,1.9407771842234222e-05,3.7854125342579835e-06,3.4331227684702005e-06,3.790305157468228e-06,-4.947512142703786,-4.628200865372972,-4.712024322013421,-5.421886784172104,-5.464310665925887,-5.421325823575596,S,non-synonymous,-0.6077405316044805,-1.1101657137056584,-0.9029765436577734,0.8987564845977732,0.5843937779154791,0.6375902711335754,0.6375902711335754
350,single,gattgggtgtggcgttatacattg,3.0,tgg,1.0,,DWVWRYTL,,False,False,2.0,1.0,1.0,37.0,33.0,45.0,1120.0,935.0,909.0,True,False,True,True,False,False,1.0,both,0.0042129337064788904,0.004401905766261158,0.0044104161511477275,0.0001400602637675454,0.00011329305135951662,0.00017056373208607025,-2.3754153747532674,-2.356359258836473,-2.355520430119416,-3.8536850601051085,-3.945796726048,-3.768113309800252,W,non-synonymous,-1.8938710586419905,-2.1104153772752308,-1.7983018974026144,-0.3873740424397367,-0.41585588565409326,-0.25773508261126565,-0.3873740424397367
351,single,gattgggtgtgtcgttatacattg,3.0,tgt,1.0,,DWVCRYTL,,False,False,2.0,1.0,1.0,25.0,19.0,16.0,413.0,323.0,342.0,True,False,True,True,False,False,1.0,both,0.0015535193042640907,0.0015206583556174908,0.001659364492511026,9.463531335644958e-05,6.522933260093381e-05,6.0644882519491646e-05,-2.808683345767048,-2.8179683473778883,-2.7800582072852484,-4.0239467755000655,-4.185557064973058,-4.2172058409196715,C,non-synonymous,-1.5569231115292588,-1.8158501475773126,-1.8295613361695475,-0.05042609532700504,-0.12129065595617505,-0.2889945213781988,-0.12129065595617505
352,single,gattgggtgttgcgttatacattg,3.0,ttg,1.0,,DWVLRYTL,,False,False,3.0,1.0,1.0,9.0,10.0,12.0,162.0,138.0,127.0,True,False,True,True,False,False,1.0,both,0.0006093707682585538,0.0006496930435765131,0.0006161967559909366,3.406871280832185e-05,3.4331227684702005e-05,4.5483661889618734e-05,-3.215118382880818,-3.1872917833077543,-3.210280592385427,-4.467644274732779,-4.464310665925887,-4.3421445775279714,L,non-synonymous,-1.6046615582281862,-1.6955937824192973,-1.440919872499578,-0.0981645420259325,-0.0010342907981597538,0.09964694229177073,-0.0010342907981597538
353,ortho,gattgggttaaaagatgtattttg,2.0,gtt,1.0,,DWVKRCIL,,False,False,7.0,3.0,5.0,42.0,55.0,55.0,1242.0,963.0,966.0,True,False,True,True,False,False,1.0,both,0.0046718425566489126,0.004533727543218711,0.004686976899899564,0.0001589873264388353,0.00018882175226586103,0.00020846678366075253,-2.3305118015828876,-2.3435445825844563,-2.3291071869258904,-3.798637493774203,-3.7239479764316434,-3.680963134081352,V,synonymous,-1.8808751788941016,-1.8328651546945822,-1.7209807225801323,-0.37437816269184787,-0.13830566307344472,-0.18041390778878363,-0.18041390778878363
354,ortho,gattgggttaaaagatgtattttg,3.0,aaa,2.0,,DWVKRCIL,,False,False,7.0,3.0,5.0,42.0,55.0,55.0,1242.0,963.0,966.0,True,False,True,True,False,False,1.0,both,0.0046718425566489126,0.004533727543218711,0.004686976899899564,0.0001589873264388353,0.00018882175226586103,0.00020846678366075253,-2.3305118015828876,-2.3435445825844563,-2.3291071869258904,-3.798637493774203,-3.7239479764316434,-3.680963134081352,K,non-synonymous,-1.8808751788941016,-1.8328651546945822,-1.7209807225801323,-0.37437816269184787,-0.13830566307344472,-0.18041390778878363,-0.18041390778878363
355,ortho,gattgggttaaaagatgtattttg,4.0,aga,3.0,,DWVKRCIL,,False,False,7.0,3.0,5.0,42.0,55.0,55.0,1242.0,963.0,966.0,True,False,True,True,False,False,1.0,both,0.0046718425566489126,0.004533727543218711,0.004686976899899564,0.0001589873264388353,0.00018882175226586103,0.00020846678366075253,-2.3305118015828876,-2.3435445825844563,-2.3291071869258904,-3.798637493774203,-3.7239479764316434,-3.680963134081352,R,synonymous,-1.8808751788941016,-1.8328651546945822,-1.7209807225801323,-0.37437816269184787,-0.13830566307344472,-0.18041390778878363,-0.18041390778878363
356,ortho,gattgggttaaaagatgtattttg,5.0,tgt,4.0,,DWVKRCIL,,False,False,7.0,3.0,5.0,42.0,55.0,55.0,1242.0,963.0,966.0,True,False,True,True,False,False,1.0,both,0.0046718425566489126,0.004533727543218711,0.004686976899899564,0.0001589873264388353,0.00018882175226586103,0.00020846678366075253,-2.3305118015828876,-2.3435445825844563,-2.3291071869258904,-3.798637493774203,-3.7239479764316434,-3.680963134081352,C,non-synonymous,-1.8808751788941016,-1.8328651546945822,-1.7209807225801323,-0.37437816269184787,-0.13830566307344472,-0.18041390778878363,-0.18041390778878363
357,ortho,gattgggttaaaagatgtattttg,6.0,att,5.0,,DWVKRCIL,,False,False,7.0,3.0,5.0,42.0,55.0,55.0,1242.0,963.0,966.0,True,False,True,True,False,False,1.0,both,0.0046718425566489126,0.004533727543218711,0.004686976899899564,0.0001589873264388353,0.00018882175226586103,0.00020846678366075253,-2.3305118015828876,-2.3435445825844563,-2.3291071869258904,-3.798637493774203,-3.7239479764316434,-3.680963134081352,I,non-synonymous,-1.8808751788941016,-1.8328651546945822,-1.7209807225801323,-0.37437816269184787,-0.13830566307344472,-0.18041390778878363,-0.18041390778878363
358,ortho,gattgggttaatagatgtattatt,2.0,gtt,1.0,,DWVNRCII,,False,False,10.0,4.0,6.0,2.0,1.0,4.0,23.0,27.0,22.0,True,False,True,True,False,False,1.0,both,8.651560290090578e-05,0.00012711385635192648,0.00010674274513228823,7.570825068515967e-06,3.4331227684702005e-06,1.5161220629872911e-05,-4.062905561405856,-3.895807105550004,-3.971661632519177,-5.120856788508123,-5.464310665925887,-4.819265832247634,V,synonymous,-1.3553840887881576,-2.0826198585437545,-1.0790428456375194,0.1511129274140961,-0.38806036692261703,0.4615239691538293,0.1511129274140961
359,ortho,gattgggttaatagatgtattatt,3.0,aat,2.0,,DWVNRCII,,False,False,10.0,4.0,6.0,2.0,1.0,4.0,23.0,27.0,22.0,True,False,True,True,False,False,1.0,both,8.651560290090578e-05,0.00012711385635192648,0.00010674274513228823,7.570825068515967e-06,3.4331227684702005e-06,1.5161220629872911e-05,-4.062905561405856,-3.895807105550004,-3.971661632519177,-5.120856788508123,-5.464310665925887,-4.819265832247634,N,non-synonymous,-1.3553840887881576,-2.0826198585437545,-1.0790428456375194,0.1511129274140961,-0.38806036692261703,0.4615239691538293,0.1511129274140961
360,ortho,gattgggttaatagatgtattatt,4.0,aga,3.0,,DWVNRCII,,False,False,10.0,4.0,6.0,2.0,1.0,4.0,23.0,27.0,22.0,True,False,True,True,False,False,1.0,both,8.651560290090578e-05,0.00012711385635192648,0.00010674274513228823,7.570825068515967e-06,3.4331227684702005e-06,1.5161220629872911e-05,-4.062905561405856,-3.895807105550004,-3.971661632519177,-5.120856788508123,-5.464310665925887,-4.819265832247634,R,synonymous,-1.3553840887881576,-2.0826198585437545,-1.0790428456375194,0.1511129274140961,-0.38806036692261703,0.4615239691538293,0.1511129274140961
361,ortho,gattgggttaatagatgtattatt,5.0,tgt,4.0,,DWVNRCII,,False,False,10.0,4.0,6.0,2.0,1.0,4.0,23.0,27.0,22.0,True,False,True,True,False,False,1.0,both,8.651560290090578e-05,0.00012711385635192648,0.00010674274513228823,7.570825068515967e-06,3.4331227684702005e-06,1.5161220629872911e-05,-4.062905561405856,-3.895807105550004,-3.971661632519177,-5.120856788508123,-5.464310665925887,-4.819265832247634,C,non-synonymous,-1.3553840887881576,-2.0826198585437545,-1.0790428456375194,0.1511129274140961,-0.38806036692261703,0.4615239691538293,0.1511129274140961
362,ortho,gattgggttaatagatgtattatt,6.0,att,5.0,,DWVNRCII,,False,False,10.0,4.0,6.0,2.0,1.0,4.0,23.0,27.0,22.0,True,False,True,True,False,False,1.0,both,8.651560290090578e-05,0.00012711385635192648,0.00010674274513228823,7.570825068515967e-06,3.4331227684702005e-06,1.5161220629872911e-05,-4.062905561405856,-3.895807105550004,-3.971661632519177,-5.120856788508123,-5.464310665925887,-4.819265832247634,I,non-synonymous,-1.3553840887881576,-2.0826198585437545,-1.0790428456375194,0.1511129274140961,-0.38806036692261703,0.4615239691538293,0.1511129274140961
363,ortho,gattgggttaatagatgtattatt,7.0,att,6.0,,DWVNRCII,,False,False,10.0,4.0,6.0,2.0,1.0,4.0,23.0,27.0,22.0,True,False,True,True,False,False,1.0,both,8.651560290090578e-05,0.00012711385635192648,0.00010674274513228823,7.570825068515967e-06,3.4331227684702005e-06,1.5161220629872911e-05,-4.062905561405856,-3.895807105550004,-3.971661632519177,-5.120856788508123,-5.464310665925887,-4.819265832247634,I,non-synonymous,-1.3553840887881576,-2.0826198585437545,-1.0790428456375194,0.1511129274140961,-0.38806036692261703,0.4615239691538293,0.1511129274140961
364,ortho,gattgggttaatagatgtattgtt,2.0,gtt,1.0,,DWVNRCIV,,False,False,10.0,4.0,6.0,33.0,33.0,18.0,842.0,627.0,609.0,True,False,True,True,False,False,1.0,both,0.003167223375763594,0.0029518662197280704,0.0029548332629801602,0.00012491861363051347,0.00011329305135951662,6.82254928344281e-05,-2.4993213059237998,-2.5299033288782744,-2.529467020708508,-3.903372844294216,-3.945796726048,-4.16605331847229,V,synonymous,-1.7987871899900383,-1.8799878948441742,-2.0834568026399034,-0.29229017378778455,-0.18542840322303666,-0.5428899878485547,-0.29229017378778455
365,ortho,gattgggttaatagatgtattgtt,3.0,aat,2.0,,DWVNRCIV,,False,False,10.0,4.0,6.0,33.0,33.0,18.0,842.0,627.0,609.0,True,False,True,True,False,False,1.0,both,0.003167223375763594,0.0029518662197280704,0.0029548332629801602,0.00012491861363051347,0.00011329305135951662,6.82254928344281e-05,-2.4993213059237998,-2.5299033288782744,-2.529467020708508,-3.903372844294216,-3.945796726048,-4.16605331847229,N,non-synonymous,-1.7987871899900383,-1.8799878948441742,-2.0834568026399034,-0.29229017378778455,-0.18542840322303666,-0.5428899878485547,-0.29229017378778455
366,ortho,gattgggttaatagatgtattgtt,4.0,aga,3.0,,DWVNRCIV,,False,False,10.0,4.0,6.0,33.0,33.0,18.0,842.0,627.0,609.0,True,False,True,True,False,False,1.0,both,0.003167223375763594,0.0029518662197280704,0.0029548332629801602,0.00012491861363051347,0.00011329305135951662,6.82254928344281e-05,-2.4993213059237998,-2.5299033288782744,-2.529467020708508,-3.903372844294216,-3.945796726048,-4.16605331847229,R,synonymous,-1.7987871899900383,-1.8799878948441742,-2.0834568026399034,-0.29229017378778455,-0.18542840322303666,-0.5428899878485547,-0.29229017378778455
367,ortho,gattgggttaatagatgtattgtt,5.0,tgt,4.0,,DWVNRCIV,,False,False,10.0,4.0,6.0,33.0,33.0,18.0,842.0,627.0,609.0,True,False,True,True,False,False,1.0,both,0.003167223375763594,0.0029518662197280704,0.0029548332629801602,0.00012491861363051347,0.00011329305135951662,6.82254928344281e-05,-2.4993213059237998,-2.5299033288782744,-2.529467020708508,-3.903372844294216,-3.945796726048,-4.16605331847229,C,non-synonymous,-1.7987871899900383,-1.8799878948441742,-2.0834568026399034,-0.29229017378778455,-0.18542840322303666,-0.5428899878485547,-0.29229017378778455
368,ortho,gattgggttaatagatgtattgtt,6.0,att,5.0,,DWVNRCIV,,False,False,10.0,4.0,6.0,33.0,33.0,18.0,842.0,627.0,609.0,True,False,True,True,False,False,1.0,both,0.003167223375763594,0.0029518662197280704,0.0029548332629801602,0.00012491861363051347,0.00011329305135951662,6.82254928344281e-05,-2.4993213059237998,-2.5299033288782744,-2.529467020708508,-3.903372844294216,-3.945796726048,-4.16605331847229,I,non-synonymous,-1.7987871899900383,-1.8799878948441742,-2.0834568026399034,-0.29229017378778455,-0.18542840322303666,-0.5428899878485547,-0.29229017378778455
369,ortho,gattgggttaatagatgtattgtt,7.0,gtt,6.0,,DWVNRCIV,,False,False,10.0,4.0,6.0,33.0,33.0,18.0,842.0,627.0,609.0,True,False,True,True,False,False,1.0,both,0.003167223375763594,0.0029518662197280704,0.0029548332629801602,0.00012491861363051347,0.00011329305135951662,6.82254928344281e-05,-2.4993213059237998,-2.5299033288782744,-2.529467020708508,-3.903372844294216,-3.945796726048,-4.16605331847229,V,non-synonymous,-1.7987871899900383,-1.8799878948441742,-2.0834568026399034,-0.29229017378778455,-0.18542840322303666,-0.5428899878485547,-0.29229017378778455
370,ortho,gattgggttaatagatgtattttg,2.0,gtt,1.0,,DWVNRCIL,,False,False,8.0,3.0,5.0,42.0,54.0,46.0,1436.0,1000.0,1172.0,True,False,True,True,False,False,1.0,both,0.005401582859378291,0.004707920605626907,0.005686477149774627,0.0001589873264388353,0.00018538862949739083,0.00017435403724353849,-2.2674789575171674,-2.327170869708991,-2.2451567016593117,-3.798637493774203,-3.731916906102919,-3.758567991894022,V,synonymous,-1.9616291037718538,-1.8651867075797575,-1.9266488129223294,-0.4551320875696001,-0.17062721595861996,-0.38608199813098065,-0.38608199813098065
371,ortho,gattgggttaatagatgtattttg,3.0,aat,2.0,,DWVNRCIL,,False,False,8.0,3.0,5.0,42.0,54.0,46.0,1436.0,1000.0,1172.0,True,False,True,True,False,False,1.0,both,0.005401582859378291,0.004707920605626907,0.005686477149774627,0.0001589873264388353,0.00018538862949739083,0.00017435403724353849,-2.2674789575171674,-2.327170869708991,-2.2451567016593117,-3.798637493774203,-3.731916906102919,-3.758567991894022,N,non-synonymous,-1.9616291037718538,-1.8651867075797575,-1.9266488129223294,-0.4551320875696001,-0.17062721595861996,-0.38608199813098065,-0.38608199813098065
372,ortho,gattgggttaatagatgtattttg,4.0,aga,3.0,,DWVNRCIL,,False,False,8.0,3.0,5.0,42.0,54.0,46.0,1436.0,1000.0,1172.0,True,False,True,True,False,False,1.0,both,0.005401582859378291,0.004707920605626907,0.005686477149774627,0.0001589873264388353,0.00018538862949739083,0.00017435403724353849,-2.2674789575171674,-2.327170869708991,-2.2451567016593117,-3.798637493774203,-3.731916906102919,-3.758567991894022,R,synonymous,-1.9616291037718538,-1.8651867075797575,-1.9266488129223294,-0.4551320875696001,-0.17062721595861996,-0.38608199813098065,-0.38608199813098065
373,ortho,gattgggttaatagatgtattttg,5.0,tgt,4.0,,DWVNRCIL,,False,False,8.0,3.0,5.0,42.0,54.0,46.0,1436.0,1000.0,1172.0,True,False,True,True,False,False,1.0,both,0.005401582859378291,0.004707920605626907,0.005686477149774627,0.0001589873264388353,0.00018538862949739083,0.00017435403724353849,-2.2674789575171674,-2.327170869708991,-2.2451567016593117,-3.798637493774203,-3.731916906102919,-3.758567991894022,C,non-synonymous,-1.9616291037718538,-1.8651867075797575,-1.9266488129223294,-0.4551320875696001,-0.17062721595861996,-0.38608199813098065,-0.38608199813098065
374,ortho,gattgggttaatagatgtattttg,6.0,att,5.0,,DWVNRCIL,,False,False,8.0,3.0,5.0,42.0,54.0,46.0,1436.0,1000.0,1172.0,True,False,True,True,False,False,1.0,both,0.005401582859378291,0.004707920605626907,0.005686477149774627,0.0001589873264388353,0.00018538862949739083,0.00017435403724353849,-2.2674789575171674,-2.327170869708991,-2.2451567016593117,-3.798637493774203,-3.731916906102919,-3.758567991894022,I,non-synonymous,-1.9616291037718538,-1.8651867075797575,-1.9266488129223294,-0.4551320875696001,-0.17062721595861996,-0.38608199813098065,-0.38608199813098065
375,ortho,gattgggttaatagatgtgttatt,2.0,gtt,1.0,,DWVNRCVI,,False,False,11.0,4.0,6.0,9.0,10.0,3.0,152.0,95.0,115.0,True,False,True,True,False,False,1.0,both,0.0005717552887364208,0.0004472524575345561,0.0005579734404642339,3.406871280832185e-05,3.4331227684702005e-05,1.1370915472404684e-05,-3.2427898094786767,-3.349447264420143,-3.253386472987772,-4.467644274732779,-4.464310665925887,-4.944204568855934,V,synonymous,-1.56921057488982,-1.480287783971039,-2.15249661363817,-0.06271355868756623,0.2142717076500984,-0.6119297988468211,-0.06271355868756623
376,ortho,gattgggttaatagatgtgttatt,3.0,aat,2.0,,DWVNRCVI,,False,False,11.0,4.0,6.0,9.0,10.0,3.0,152.0,95.0,115.0,True,False,True,True,False,False,1.0,both,0.0005717552887364208,0.0004472524575345561,0.0005579734404642339,3.406871280832185e-05,3.4331227684702005e-05,1.1370915472404684e-05,-3.2427898094786767,-3.349447264420143,-3.253386472987772,-4.467644274732779,-4.464310665925887,-4.944204568855934,N,non-synonymous,-1.56921057488982,-1.480287783971039,-2.15249661363817,-0.06271355868756623,0.2142717076500984,-0.6119297988468211,-0.06271355868756623
377,ortho,gattgggttaatagatgtgttatt,4.0,aga,3.0,,DWVNRCVI,,False,False,11.0,4.0,6.0,9.0,10.0,3.0,152.0,95.0,115.0,True,False,True,True,False,False,1.0,both,0.0005717552887364208,0.0004472524575345561,0.0005579734404642339,3.406871280832185e-05,3.4331227684702005e-05,1.1370915472404684e-05,-3.2427898094786767,-3.349447264420143,-3.253386472987772,-4.467644274732779,-4.464310665925887,-4.944204568855934,R,synonymous,-1.56921057488982,-1.480287783971039,-2.15249661363817,-0.06271355868756623,0.2142717076500984,-0.6119297988468211,-0.06271355868756623
378,ortho,gattgggttaatagatgtgttatt,5.0,tgt,4.0,,DWVNRCVI,,False,False,11.0,4.0,6.0,9.0,10.0,3.0,152.0,95.0,115.0,True,False,True,True,False,False,1.0,both,0.0005717552887364208,0.0004472524575345561,0.0005579734404642339,3.406871280832185e-05,3.4331227684702005e-05,1.1370915472404684e-05,-3.2427898094786767,-3.349447264420143,-3.253386472987772,-4.467644274732779,-4.464310665925887,-4.944204568855934,C,non-synonymous,-1.56921057488982,-1.480287783971039,-2.15249661363817,-0.06271355868756623,0.2142717076500984,-0.6119297988468211,-0.06271355868756623
379,ortho,gattgggttaatagatgtgttatt,6.0,gtt,5.0,,DWVNRCVI,,False,False,11.0,4.0,6.0,9.0,10.0,3.0,152.0,95.0,115.0,True,False,True,True,False,False,1.0,both,0.0005717552887364208,0.0004472524575345561,0.0005579734404642339,3.406871280832185e-05,3.4331227684702005e-05,1.1370915472404684e-05,-3.2427898094786767,-3.349447264420143,-3.253386472987772,-4.467644274732779,-4.464310665925887,-4.944204568855934,V,non-synonymous,-1.56921057488982,-1.480287783971039,-2.15249661363817,-0.06271355868756623,0.2142717076500984,-0.6119297988468211,-0.06271355868756623
380,ortho,gattgggttaatagatgtgttatt,7.0,att,6.0,,DWVNRCVI,,False,False,11.0,4.0,6.0,9.0,10.0,3.0,152.0,95.0,115.0,True,False,True,True,False,False,1.0,both,0.0005717552887364208,0.0004472524575345561,0.0005579734404642339,3.406871280832185e-05,3.4331227684702005e-05,1.1370915472404684e-05,-3.2427898094786767,-3.349447264420143,-3.253386472987772,-4.467644274732779,-4.464310665925887,-4.944204568855934,I,non-synonymous,-1.56921057488982,-1.480287783971039,-2.15249661363817,-0.06271355868756623,0.2142717076500984,-0.6119297988468211,-0.06271355868756623
381,ortho,gattgggttaatagatgtgttgct,2.0,gtt,1.0,,DWVNRCVA,,False,False,12.0,4.0,6.0,128.0,107.0,109.0,1727.0,1213.0,1242.0,True,False,True,True,False,False,1.0,both,0.00649619331347236,0.005710707694625438,0.006026113157013726,0.0004845328043850219,0.00036734413622631145,0.00041314326216403683,-2.1873410598559904,-2.243310068842418,-2.219962717500822,-3.314676814524235,-3.434926888240678,-3.3838993256349723,V,synonymous,-1.4442754121893266,-1.582199055550017,-1.4817499372762848,0.06222160401292709,0.11236043607112056,0.058816877515063926,0.06222160401292709
382,ortho,gattgggttaatagatgtgttgct,3.0,aat,2.0,,DWVNRCVA,,False,False,12.0,4.0,6.0,128.0,107.0,109.0,1727.0,1213.0,1242.0,True,False,True,True,False,False,1.0,both,0.00649619331347236,0.005710707694625438,0.006026113157013726,0.0004845328043850219,0.00036734413622631145,0.00041314326216403683,-2.1873410598559904,-2.243310068842418,-2.219962717500822,-3.314676814524235,-3.434926888240678,-3.3838993256349723,N,non-synonymous,-1.4442754121893266,-1.582199055550017,-1.4817499372762848,0.06222160401292709,0.11236043607112056,0.058816877515063926,0.06222160401292709
383,ortho,gattgggttaatagatgtgttgct,4.0,aga,3.0,,DWVNRCVA,,False,False,12.0,4.0,6.0,128.0,107.0,109.0,1727.0,1213.0,1242.0,True,False,True,True,False,False,1.0,both,0.00649619331347236,0.005710707694625438,0.006026113157013726,0.0004845328043850219,0.00036734413622631145,0.00041314326216403683,-2.1873410598559904,-2.243310068842418,-2.219962717500822,-3.314676814524235,-3.434926888240678,-3.3838993256349723,R,synonymous,-1.4442754121893266,-1.582199055550017,-1.4817499372762848,0.06222160401292709,0.11236043607112056,0.058816877515063926,0.06222160401292709
384,ortho,gattgggttaatagatgtgttgct,5.0,tgt,4.0,,DWVNRCVA,,False,False,12.0,4.0,6.0,128.0,107.0,109.0,1727.0,1213.0,1242.0,True,False,True,True,False,False,1.0,both,0.00649619331347236,0.005710707694625438,0.006026113157013726,0.0004845328043850219,0.00036734413622631145,0.00041314326216403683,-2.1873410598559904,-2.243310068842418,-2.219962717500822,-3.314676814524235,-3.434926888240678,-3.3838993256349723,C,non-synonymous,-1.4442754121893266,-1.582199055550017,-1.4817499372762848,0.06222160401292709,0.11236043607112056,0.058816877515063926,0.06222160401292709
385,ortho,gattgggttaatagatgtgttgct,6.0,gtt,5.0,,DWVNRCVA,,False,False,12.0,4.0,6.0,128.0,107.0,109.0,1727.0,1213.0,1242.0,True,False,True,True,False,False,1.0,both,0.00649619331347236,0.005710707694625438,0.006026113157013726,0.0004845328043850219,0.00036734413622631145,0.00041314326216403683,-2.1873410598559904,-2.243310068842418,-2.219962717500822,-3.314676814524235,-3.434926888240678,-3.3838993256349723,V,non-synonymous,-1.4442754121893266,-1.582199055550017,-1.4817499372762848,0.06222160401292709,0.11236043607112056,0.058816877515063926,0.06222160401292709
386,ortho,gattgggttaatagatgtgttgct,7.0,gct,6.0,,DWVNRCVA,,False,False,12.0,4.0,6.0,128.0,107.0,109.0,1727.0,1213.0,1242.0,True,False,True,True,False,False,1.0,both,0.00649619331347236,0.005710707694625438,0.006026113157013726,0.0004845328043850219,0.00036734413622631145,0.00041314326216403683,-2.1873410598559904,-2.243310068842418,-2.219962717500822,-3.314676814524235,-3.434926888240678,-3.3838993256349723,A,non-synonymous,-1.4442754121893266,-1.582199055550017,-1.4817499372762848,0.06222160401292709,0.11236043607112056,0.058816877515063926,0.06222160401292709
387,ortho,gattgggttactagatgtgttgtt,2.0,gtt,1.0,,DWVTRCVV,,False,False,11.0,4.0,6.0,47.0,51.0,23.0,1267.0,896.0,944.0,True,False,True,True,False,False,1.0,both,0.004765881255454244,0.004218296862641709,0.004580234154767277,0.00017791438911012522,0.00017508926119198023,8.717701862176924e-05,-2.321856782540008,-2.374862860046866,-2.3391123190433145,-3.749788926236386,-3.756740489827951,-4.0595979875580035,V,synonymous,-1.8293815989384477,-1.8348226083527552,-2.19026492816743,-0.3228845827361939,-0.14026311673161773,-0.6496981133760813,-0.3228845827361939
388,ortho,gattgggttactagatgtgttgtt,3.0,act,2.0,,DWVTRCVV,,False,False,11.0,4.0,6.0,47.0,51.0,23.0,1267.0,896.0,944.0,True,False,True,True,False,False,1.0,both,0.004765881255454244,0.004218296862641709,0.004580234154767277,0.00017791438911012522,0.00017508926119198023,8.717701862176924e-05,-2.321856782540008,-2.374862860046866,-2.3391123190433145,-3.749788926236386,-3.756740489827951,-4.0595979875580035,T,non-synonymous,-1.8293815989384477,-1.8348226083527552,-2.19026492816743,-0.3228845827361939,-0.14026311673161773,-0.6496981133760813,-0.3228845827361939
389,ortho,gattgggttactagatgtgttgtt,4.0,aga,3.0,,DWVTRCVV,,False,False,11.0,4.0,6.0,47.0,51.0,23.0,1267.0,896.0,944.0,True,False,True,True,False,False,1.0,both,0.004765881255454244,0.004218296862641709,0.004580234154767277,0.00017791438911012522,0.00017508926119198023,8.717701862176924e-05,-2.321856782540008,-2.374862860046866,-2.3391123190433145,-3.749788926236386,-3.756740489827951,-4.0595979875580035,R,synonymous,-1.8293815989384477,-1.8348226083527552,-2.19026492816743,-0.3228845827361939,-0.14026311673161773,-0.6496981133760813,-0.3228845827361939
390,ortho,gattgggttactagatgtgttgtt,5.0,tgt,4.0,,DWVTRCVV,,False,False,11.0,4.0,6.0,47.0,51.0,23.0,1267.0,896.0,944.0,True,False,True,True,False,False,1.0,both,0.004765881255454244,0.004218296862641709,0.004580234154767277,0.00017791438911012522,0.00017508926119198023,8.717701862176924e-05,-2.321856782540008,-2.374862860046866,-2.3391123190433145,-3.749788926236386,-3.756740489827951,-4.0595979875580035,C,non-synonymous,-1.8293815989384477,-1.8348226083527552,-2.19026492816743,-0.3228845827361939,-0.14026311673161773,-0.6496981133760813,-0.3228845827361939
391,ortho,gattgggttactagatgtgttgtt,6.0,gtt,5.0,,DWVTRCVV,,False,False,11.0,4.0,6.0,47.0,51.0,23.0,1267.0,896.0,944.0,True,False,True,True,False,False,1.0,both,0.004765881255454244,0.004218296862641709,0.004580234154767277,0.00017791438911012522,0.00017508926119198023,8.717701862176924e-05,-2.321856782540008,-2.374862860046866,-2.3391123190433145,-3.749788926236386,-3.756740489827951,-4.0595979875580035,V,non-synonymous,-1.8293815989384477,-1.8348226083527552,-2.19026492816743,-0.3228845827361939,-0.14026311673161773,-0.6496981133760813,-0.3228845827361939
392,ortho,gattgggttactagatgtgttgtt,7.0,gtt,6.0,,DWVTRCVV,,False,False,11.0,4.0,6.0,47.0,51.0,23.0,1267.0,896.0,944.0,True,False,True,True,False,False,1.0,both,0.004765881255454244,0.004218296862641709,0.004580234154767277,0.00017791438911012522,0.00017508926119198023,8.717701862176924e-05,-2.321856782540008,-2.374862860046866,-2.3391123190433145,-3.749788926236386,-3.756740489827951,-4.0595979875580035,V,non-synonymous,-1.8293815989384477,-1.8348226083527552,-2.19026492816743,-0.3228845827361939,-0.14026311673161773,-0.6496981133760813,-0.3228845827361939
393,ortho,gattgggttagaagatatactttg,2.0,gtt,1.0,,DWVRRYTL,,False,False,4.0,0.0,3.0,45.0,62.0,36.0,1188.0,905.0,844.0,True,False,True,True,False,False,1.0,both,0.004468718967229395,0.0042606681480923505,0.004095039858711421,0.00017034356404160925,0.00021285361164515243,0.0001364509856688562,-2.349816956778274,-2.3705222905037875,-2.3877418667157286,-3.76867427039676,-3.6719189764276337,-3.865023322808309,V,synonymous,-1.8177554672407497,-1.7279620208821953,-1.8806537139626676,-0.3112584510384959,-0.0334025292610578,-0.34008689917131885,-0.3112584510384959
394,ortho,gattgggttagaagatatactttg,4.0,aga,2.0,,DWVRRYTL,,False,False,4.0,0.0,3.0,45.0,62.0,36.0,1188.0,905.0,844.0,True,False,True,True,False,False,1.0,both,0.004468718967229395,0.0042606681480923505,0.004095039858711421,0.00017034356404160925,0.00021285361164515243,0.0001364509856688562,-2.349816956778274,-2.3705222905037875,-2.3877418667157286,-3.76867427039676,-3.6719189764276337,-3.865023322808309,R,synonymous,-1.8177554672407497,-1.7279620208821953,-1.8806537139626676,-0.3112584510384959,-0.0334025292610578,-0.34008689917131885,-0.3112584510384959
395,ortho,gattgggttagaagatatactttg,6.0,act,3.0,,DWVRRYTL,,False,False,4.0,0.0,3.0,45.0,62.0,36.0,1188.0,905.0,844.0,True,False,True,True,False,False,1.0,both,0.004468718967229395,0.0042606681480923505,0.004095039858711421,0.00017034356404160925,0.00021285361164515243,0.0001364509856688562,-2.349816956778274,-2.3705222905037875,-2.3877418667157286,-3.76867427039676,-3.6719189764276337,-3.865023322808309,T,synonymous,-1.8177554672407497,-1.7279620208821953,-1.8806537139626676,-0.3112584510384959,-0.0334025292610578,-0.34008689917131885,-0.3112584510384959
396,single,gattgggttagacgttatacattg,2.0,gtt,1.0,,DWVRRYTL,,False,False,1.0,0.0,1.0,2.0,4.0,1.0,1.0,3.0,5.0,True,False,True,True,False,False,2.0,both,3.761547952213295e-06,1.4123761816880721e-05,2.4259714802792778e-05,7.570825068515967e-06,1.3732491073880802e-05,3.790305157468228e-06,-5.424633397423449,-4.850049614989328,-4.615114309005365,-5.120856788508123,-4.862250674597925,-5.421325823575596,V,synonymous,0.38918049501922525,-0.016200262261470224,-1.0263478722100423,1.895677511221479,1.6783592293596672,0.5142189425813064,1.6783592293596672
397,ortho,gattgggttcaaagatctattttg,2.0,gtt,1.0,,DWVQRSIL,,False,False,8.0,3.0,5.0,75.0,53.0,43.0,1251.0,901.0,937.0,True,False,True,True,False,False,1.0,both,0.004705696488218832,0.004241836465669843,0.0045462705540433666,0.00028390594006934874,0.00018195550672892063,0.0001629831217711338,-2.327376087730029,-2.372446078729928,-2.342344722453605,-3.5468255207804034,-3.7400347963250984,-3.7878573679960095,V,synonymous,-1.5622859696144087,-1.8158501475773126,-1.840210417728926,-0.05578895341215495,-0.12129065595617505,-0.2996436029375773,-0.12129065595617505
398,ortho,gattgggttcaaagatctattttg,3.0,caa,2.0,,DWVQRSIL,,False,False,8.0,3.0,5.0,75.0,53.0,43.0,1251.0,901.0,937.0,True,False,True,True,False,False,1.0,both,0.004705696488218832,0.004241836465669843,0.0045462705540433666,0.00028390594006934874,0.00018195550672892063,0.0001629831217711338,-2.327376087730029,-2.372446078729928,-2.342344722453605,-3.5468255207804034,-3.7400347963250984,-3.7878573679960095,Q,non-synonymous,-1.5622859696144087,-1.8158501475773126,-1.840210417728926,-0.05578895341215495,-0.12129065595617505,-0.2996436029375773,-0.12129065595617505
399,ortho,gattgggttcaaagatctattttg,4.0,aga,3.0,,DWVQRSIL,,False,False,8.0,3.0,5.0,75.0,53.0,43.0,1251.0,901.0,937.0,True,False,True,True,False,False,1.0,both,0.004705696488218832,0.004241836465669843,0.0045462705540433666,0.00028390594006934874,0.00018195550672892063,0.0001629831217711338,-2.327376087730029,-2.372446078729928,-2.342344722453605,-3.5468255207804034,-3.7400347963250984,-3.7878573679960095,R,synonymous,-1.5622859696144087,-1.8158501475773126,-1.840210417728926,-0.05578895341215495,-0.12129065595617505,-0.2996436029375773,-0.12129065595617505
400,ortho,gattgggttcaaagatctattttg,5.0,tct,4.0,,DWVQRSIL,,False,False,8.0,3.0,5.0,75.0,53.0,43.0,1251.0,901.0,937.0,True,False,True,True,False,False,1.0,both,0.004705696488218832,0.004241836465669843,0.0045462705540433666,0.00028390594006934874,0.00018195550672892063,0.0001629831217711338,-2.327376087730029,-2.372446078729928,-2.342344722453605,-3.5468255207804034,-3.7400347963250984,-3.7878573679960095,S,non-synonymous,-1.5622859696144087,-1.8158501475773126,-1.840210417728926,-0.05578895341215495,-0.12129065595617505,-0.2996436029375773,-0.12129065595617505
401,ortho,gattgggttcaaagatctattttg,6.0,att,5.0,,DWVQRSIL,,False,False,8.0,3.0,5.0,75.0,53.0,43.0,1251.0,901.0,937.0,True,False,True,True,False,False,1.0,both,0.004705696488218832,0.004241836465669843,0.0045462705540433666,0.00028390594006934874,0.00018195550672892063,0.0001629831217711338,-2.327376087730029,-2.372446078729928,-2.342344722453605,-3.5468255207804034,-3.7400347963250984,-3.7878573679960095,I,non-synonymous,-1.5622859696144087,-1.8158501475773126,-1.840210417728926,-0.05578895341215495,-0.12129065595617505,-0.2996436029375773,-0.12129065595617505
402,ortho,gattgggttcaaagatctattttt,2.0,gtt,1.0,,DWVQRSIF,,False,False,9.0,4.0,6.0,113.0,112.0,94.0,1539.0,1098.0,1009.0,True,False,True,True,False,False,1.0,both,0.005789022298456261,0.005169296824978344,0.004895610447203583,0.0004277516163711521,0.00038450975006866246,0.0003562886848020134,-2.2373947775919705,-2.2865685295949176,-2.310193147104473,-3.368808340688684,-3.4150926432557056,-3.4481979699758973,V,synonymous,-1.4494996574281274,-1.4984261364330036,-1.4487374682827179,0.05699735877412637,0.1961333551881339,0.09182934650863084,0.09182934650863084
403,ortho,gattgggttcaaagatctattttt,3.0,caa,2.0,,DWVQRSIF,,False,False,9.0,4.0,6.0,113.0,112.0,94.0,1539.0,1098.0,1009.0,True,False,True,True,False,False,1.0,both,0.005789022298456261,0.005169296824978344,0.004895610447203583,0.0004277516163711521,0.00038450975006866246,0.0003562886848020134,-2.2373947775919705,-2.2865685295949176,-2.310193147104473,-3.368808340688684,-3.4150926432557056,-3.4481979699758973,Q,non-synonymous,-1.4494996574281274,-1.4984261364330036,-1.4487374682827179,0.05699735877412637,0.1961333551881339,0.09182934650863084,0.09182934650863084
404,ortho,gattgggttcaaagatctattttt,4.0,aga,3.0,,DWVQRSIF,,False,False,9.0,4.0,6.0,113.0,112.0,94.0,1539.0,1098.0,1009.0,True,False,True,True,False,False,1.0,both,0.005789022298456261,0.005169296824978344,0.004895610447203583,0.0004277516163711521,0.00038450975006866246,0.0003562886848020134,-2.2373947775919705,-2.2865685295949176,-2.310193147104473,-3.368808340688684,-3.4150926432557056,-3.4481979699758973,R,synonymous,-1.4494996574281274,-1.4984261364330036,-1.4487374682827179,0.05699735877412637,0.1961333551881339,0.09182934650863084,0.09182934650863084
405,ortho,gattgggttcaaagatctattttt,5.0,tct,4.0,,DWVQRSIF,,False,False,9.0,4.0,6.0,113.0,112.0,94.0,1539.0,1098.0,1009.0,True,False,True,True,False,False,1.0,both,0.005789022298456261,0.005169296824978344,0.004895610447203583,0.0004277516163711521,0.00038450975006866246,0.0003562886848020134,-2.2373947775919705,-2.2865685295949176,-2.310193147104473,-3.368808340688684,-3.4150926432557056,-3.4481979699758973,S,non-synonymous,-1.4494996574281274,-1.4984261364330036,-1.4487374682827179,0.05699735877412637,0.1961333551881339,0.09182934650863084,0.09182934650863084
406,ortho,gattgggttcaaagatctattttt,6.0,att,5.0,,DWVQRSIF,,False,False,9.0,4.0,6.0,113.0,112.0,94.0,1539.0,1098.0,1009.0,True,False,True,True,False,False,1.0,both,0.005789022298456261,0.005169296824978344,0.004895610447203583,0.0004277516163711521,0.00038450975006866246,0.0003562886848020134,-2.2373947775919705,-2.2865685295949176,-2.310193147104473,-3.368808340688684,-3.4150926432557056,-3.4481979699758973,I,non-synonymous,-1.4494996574281274,-1.4984261364330036,-1.4487374682827179,0.05699735877412637,0.1961333551881339,0.09182934650863084,0.09182934650863084
407,ortho,gattgggttcaaagatctattttt,7.0,ttt,6.0,,DWVQRSIF,,False,False,9.0,4.0,6.0,113.0,112.0,94.0,1539.0,1098.0,1009.0,True,False,True,True,False,False,1.0,both,0.005789022298456261,0.005169296824978344,0.004895610447203583,0.0004277516163711521,0.00038450975006866246,0.0003562886848020134,-2.2373947775919705,-2.2865685295949176,-2.310193147104473,-3.368808340688684,-3.4150926432557056,-3.4481979699758973,F,non-synonymous,-1.4494996574281274,-1.4984261364330036,-1.4487374682827179,0.05699735877412637,0.1961333551881339,0.09182934650863084,0.09182934650863084
408,ortho,gattgggttcaaagatgtgttttt,2.0,gtt,1.0,,DWVQRCVF,,False,False,10.0,4.0,6.0,179.0,260.0,264.0,34.0,26.0,29.0,True,False,True,True,False,False,1.0,both,0.00012789263037525203,0.00012240593574629958,0.0001407063458561981,0.000677588843632179,0.0008926119198022521,0.001000640561571612,-3.893154480381194,-3.912197521738173,-3.8516863154424277,-3.1690337531922106,-3.0493373179550693,-2.999721896705765,V,synonymous,0.9277003389673144,1.1456842310993276,1.0845936240877971,2.434197355169568,2.840243722720465,2.6251604388791456,2.6251604388791456
409,ortho,gattgggttcaaagatgtgttttt,3.0,caa,2.0,,DWVQRCVF,,False,False,10.0,4.0,6.0,179.0,260.0,264.0,34.0,26.0,29.0,True,False,True,True,False,False,1.0,both,0.00012789263037525203,0.00012240593574629958,0.0001407063458561981,0.000677588843632179,0.0008926119198022521,0.001000640561571612,-3.893154480381194,-3.912197521738173,-3.8516863154424277,-3.1690337531922106,-3.0493373179550693,-2.999721896705765,Q,non-synonymous,0.9277003389673144,1.1456842310993276,1.0845936240877971,2.434197355169568,2.840243722720465,2.6251604388791456,2.6251604388791456
410,ortho,gattgggttcaaagatgtgttttt,4.0,aga,3.0,,DWVQRCVF,,False,False,10.0,4.0,6.0,179.0,260.0,264.0,34.0,26.0,29.0,True,False,True,True,False,False,1.0,both,0.00012789263037525203,0.00012240593574629958,0.0001407063458561981,0.000677588843632179,0.0008926119198022521,0.001000640561571612,-3.893154480381194,-3.912197521738173,-3.8516863154424277,-3.1690337531922106,-3.0493373179550693,-2.999721896705765,R,synonymous,0.9277003389673144,1.1456842310993276,1.0845936240877971,2.434197355169568,2.840243722720465,2.6251604388791456,2.6251604388791456
411,ortho,gattgggttcaaagatgtgttttt,5.0,tgt,4.0,,DWVQRCVF,,False,False,10.0,4.0,6.0,179.0,260.0,264.0,34.0,26.0,29.0,True,False,True,True,False,False,1.0,both,0.00012789263037525203,0.00012240593574629958,0.0001407063458561981,0.000677588843632179,0.0008926119198022521,0.001000640561571612,-3.893154480381194,-3.912197521738173,-3.8516863154424277,-3.1690337531922106,-3.0493373179550693,-2.999721896705765,C,non-synonymous,0.9277003389673144,1.1456842310993276,1.0845936240877971,2.434197355169568,2.840243722720465,2.6251604388791456,2.6251604388791456
412,ortho,gattgggttcaaagatgtgttttt,6.0,gtt,5.0,,DWVQRCVF,,False,False,10.0,4.0,6.0,179.0,260.0,264.0,34.0,26.0,29.0,True,False,True,True,False,False,1.0,both,0.00012789263037525203,0.00012240593574629958,0.0001407063458561981,0.000677588843632179,0.0008926119198022521,0.001000640561571612,-3.893154480381194,-3.912197521738173,-3.8516863154424277,-3.1690337531922106,-3.0493373179550693,-2.999721896705765,V,non-synonymous,0.9277003389673144,1.1456842310993276,1.0845936240877971,2.434197355169568,2.840243722720465,2.6251604388791456,2.6251604388791456
413,ortho,gattgggttcaaagatgtgttttt,7.0,ttt,6.0,,DWVQRCVF,,False,False,10.0,4.0,6.0,179.0,260.0,264.0,34.0,26.0,29.0,True,False,True,True,False,False,1.0,both,0.00012789263037525203,0.00012240593574629958,0.0001407063458561981,0.000677588843632179,0.0008926119198022521,0.001000640561571612,-3.893154480381194,-3.912197521738173,-3.8516863154424277,-3.1690337531922106,-3.0493373179550693,-2.999721896705765,F,non-synonymous,0.9277003389673144,1.1456842310993276,1.0845936240877971,2.434197355169568,2.840243722720465,2.6251604388791456,2.6251604388791456
414,ortho,gattgggttgaaagatgtattgtt,2.0,gtt,1.0,,DWVERCIV,,False,False,10.0,4.0,6.0,40.0,38.0,31.0,1020.0,766.0,790.0,True,False,True,True,False,False,1.0,both,0.0038367789112575606,0.0036062671839102107,0.003833034938841259,0.00015141650137031934,0.00013045866520186762,0.00011749945988151507,-2.4160332256615313,-2.442942100076387,-2.4164572220509424,-3.819826792844141,-3.884527069309077,-3.9299641297413235,V,synonymous,-1.7984566926718613,-1.9141005226553065,-1.9267705387602772,-0.2919596764696075,-0.219541031034169,-0.38620372396892844,-0.2919596764696075
415,ortho,gattgggttgaaagatgtattgtt,3.0,gaa,2.0,,DWVERCIV,,False,False,10.0,4.0,6.0,40.0,38.0,31.0,1020.0,766.0,790.0,True,False,True,True,False,False,1.0,both,0.0038367789112575606,0.0036062671839102107,0.003833034938841259,0.00015141650137031934,0.00013045866520186762,0.00011749945988151507,-2.4160332256615313,-2.442942100076387,-2.4164572220509424,-3.819826792844141,-3.884527069309077,-3.9299641297413235,E,non-synonymous,-1.7984566926718613,-1.9141005226553065,-1.9267705387602772,-0.2919596764696075,-0.219541031034169,-0.38620372396892844,-0.2919596764696075
416,ortho,gattgggttgaaagatgtattgtt,4.0,aga,3.0,,DWVERCIV,,False,False,10.0,4.0,6.0,40.0,38.0,31.0,1020.0,766.0,790.0,True,False,True,True,False,False,1.0,both,0.0038367789112575606,0.0036062671839102107,0.003833034938841259,0.00015141650137031934,0.00013045866520186762,0.00011749945988151507,-2.4160332256615313,-2.442942100076387,-2.4164572220509424,-3.819826792844141,-3.884527069309077,-3.9299641297413235,R,synonymous,-1.7984566926718613,-1.9141005226553065,-1.9267705387602772,-0.2919596764696075,-0.219541031034169,-0.38620372396892844,-0.2919596764696075
417,ortho,gattgggttgaaagatgtattgtt,5.0,tgt,4.0,,DWVERCIV,,False,False,10.0,4.0,6.0,40.0,38.0,31.0,1020.0,766.0,790.0,True,False,True,True,False,False,1.0,both,0.0038367789112575606,0.0036062671839102107,0.003833034938841259,0.00015141650137031934,0.00013045866520186762,0.00011749945988151507,-2.4160332256615313,-2.442942100076387,-2.4164572220509424,-3.819826792844141,-3.884527069309077,-3.9299641297413235,C,non-synonymous,-1.7984566926718613,-1.9141005226553065,-1.9267705387602772,-0.2919596764696075,-0.219541031034169,-0.38620372396892844,-0.2919596764696075
418,ortho,gattgggttgaaagatgtattgtt,6.0,att,5.0,,DWVERCIV,,False,False,10.0,4.0,6.0,40.0,38.0,31.0,1020.0,766.0,790.0,True,False,True,True,False,False,1.0,both,0.0038367789112575606,0.0036062671839102107,0.003833034938841259,0.00015141650137031934,0.00013045866520186762,0.00011749945988151507,-2.4160332256615313,-2.442942100076387,-2.4164572220509424,-3.819826792844141,-3.884527069309077,-3.9299641297413235,I,non-synonymous,-1.7984566926718613,-1.9141005226553065,-1.9267705387602772,-0.2919596764696075,-0.219541031034169,-0.38620372396892844,-0.2919596764696075
419,ortho,gattgggttgaaagatgtattgtt,7.0,gtt,6.0,,DWVERCIV,,False,False,10.0,4.0,6.0,40.0,38.0,31.0,1020.0,766.0,790.0,True,False,True,True,False,False,1.0,both,0.0038367789112575606,0.0036062671839102107,0.003833034938841259,0.00015141650137031934,0.00013045866520186762,0.00011749945988151507,-2.4160332256615313,-2.442942100076387,-2.4164572220509424,-3.819826792844141,-3.884527069309077,-3.9299641297413235,V,non-synonymous,-1.7984566926718613,-1.9141005226553065,-1.9267705387602772,-0.2919596764696075,-0.219541031034169,-0.38620372396892844,-0.2919596764696075
420,ortho,gattgggttgaaagatgtgttgtt,2.0,gtt,1.0,,DWVERCVV,,False,False,11.0,4.0,6.0,24.0,52.0,33.0,814.0,589.0,617.0,True,False,True,True,False,False,1.0,both,0.003061900033101622,0.002772965236714248,0.002993648806664629,9.08499008221916e-05,0.00017852238396045043,0.0001250800701964515,-2.5140089925342477,-2.5570555749218893,-2.5237991493081418,-4.0416755424604975,-3.748307322291088,-3.9028118836977086,V,synonymous,-1.957155378906506,-1.5817143220264676,-1.755552680794649,-0.4506583627042522,0.11284516959466995,-0.21498586600330039,-0.21498586600330039
421,ortho,gattgggttgaaagatgtgttgtt,3.0,gaa,2.0,,DWVERCVV,,False,False,11.0,4.0,6.0,24.0,52.0,33.0,814.0,589.0,617.0,True,False,True,True,False,False,1.0,both,0.003061900033101622,0.002772965236714248,0.002993648806664629,9.08499008221916e-05,0.00017852238396045043,0.0001250800701964515,-2.5140089925342477,-2.5570555749218893,-2.5237991493081418,-4.0416755424604975,-3.748307322291088,-3.9028118836977086,E,non-synonymous,-1.957155378906506,-1.5817143220264676,-1.755552680794649,-0.4506583627042522,0.11284516959466995,-0.21498586600330039,-0.21498586600330039
422,ortho,gattgggttgaaagatgtgttgtt,4.0,aga,3.0,,DWVERCVV,,False,False,11.0,4.0,6.0,24.0,52.0,33.0,814.0,589.0,617.0,True,False,True,True,False,False,1.0,both,0.003061900033101622,0.002772965236714248,0.002993648806664629,9.08499008221916e-05,0.00017852238396045043,0.0001250800701964515,-2.5140089925342477,-2.5570555749218893,-2.5237991493081418,-4.0416755424604975,-3.748307322291088,-3.9028118836977086,R,synonymous,-1.957155378906506,-1.5817143220264676,-1.755552680794649,-0.4506583627042522,0.11284516959466995,-0.21498586600330039,-0.21498586600330039
423,ortho,gattgggttgaaagatgtgttgtt,5.0,tgt,4.0,,DWVERCVV,,False,False,11.0,4.0,6.0,24.0,52.0,33.0,814.0,589.0,617.0,True,False,True,True,False,False,1.0,both,0.003061900033101622,0.002772965236714248,0.002993648806664629,9.08499008221916e-05,0.00017852238396045043,0.0001250800701964515,-2.5140089925342477,-2.5570555749218893,-2.5237991493081418,-4.0416755424604975,-3.748307322291088,-3.9028118836977086,C,non-synonymous,-1.957155378906506,-1.5817143220264676,-1.755552680794649,-0.4506583627042522,0.11284516959466995,-0.21498586600330039,-0.21498586600330039
424,ortho,gattgggttgaaagatgtgttgtt,6.0,gtt,5.0,,DWVERCVV,,False,False,11.0,4.0,6.0,24.0,52.0,33.0,814.0,589.0,617.0,True,False,True,True,False,False,1.0,both,0.003061900033101622,0.002772965236714248,0.002993648806664629,9.08499008221916e-05,0.00017852238396045043,0.0001250800701964515,-2.5140089925342477,-2.5570555749218893,-2.5237991493081418,-4.0416755424604975,-3.748307322291088,-3.9028118836977086,V,non-synonymous,-1.957155378906506,-1.5817143220264676,-1.755552680794649,-0.4506583627042522,0.11284516959466995,-0.21498586600330039,-0.21498586600330039
425,ortho,gattgggttgaaagatgtgttgtt,7.0,gtt,6.0,,DWVERCVV,,False,False,11.0,4.0,6.0,24.0,52.0,33.0,814.0,589.0,617.0,True,False,True,True,False,False,1.0,both,0.003061900033101622,0.002772965236714248,0.002993648806664629,9.08499008221916e-05,0.00017852238396045043,0.0001250800701964515,-2.5140089925342477,-2.5570555749218893,-2.5237991493081418,-4.0416755424604975,-3.748307322291088,-3.9028118836977086,V,non-synonymous,-1.957155378906506,-1.5817143220264676,-1.755552680794649,-0.4506583627042522,0.11284516959466995,-0.21498586600330039,-0.21498586600330039
426,ortho,gattgggttgctagatctattgct,2.0,gtt,1.0,,DWVARSIA,,False,False,12.0,4.0,6.0,9.0,24.0,16.0,370.0,262.0,252.0,True,False,True,True,False,False,1.0,both,0.0013917727423189191,0.0012334751986742495,0.001222689626060756,3.406871280832185e-05,8.239494644328481e-05,6.0644882519491646e-05,-2.856431673356454,-2.9088695783892455,-2.9126837725598396,-4.467644274732779,-4.084099424214282,-4.2172058409196715,V,synonymous,-2.064189603089661,-1.5604408412576318,-1.660722310355345,-0.5576925868874074,0.13411865036350568,-0.1201554955639963,-0.1201554955639963
427,ortho,gattgggttgctagatctattgct,3.0,gct,2.0,,DWVARSIA,,False,False,12.0,4.0,6.0,9.0,24.0,16.0,370.0,262.0,252.0,True,False,True,True,False,False,1.0,both,0.0013917727423189191,0.0012334751986742495,0.001222689626060756,3.406871280832185e-05,8.239494644328481e-05,6.0644882519491646e-05,-2.856431673356454,-2.9088695783892455,-2.9126837725598396,-4.467644274732779,-4.084099424214282,-4.2172058409196715,A,non-synonymous,-2.064189603089661,-1.5604408412576318,-1.660722310355345,-0.5576925868874074,0.13411865036350568,-0.1201554955639963,-0.1201554955639963
428,ortho,gattgggttgctagatctattgct,4.0,aga,3.0,,DWVARSIA,,False,False,12.0,4.0,6.0,9.0,24.0,16.0,370.0,262.0,252.0,True,False,True,True,False,False,1.0,both,0.0013917727423189191,0.0012334751986742495,0.001222689626060756,3.406871280832185e-05,8.239494644328481e-05,6.0644882519491646e-05,-2.856431673356454,-2.9088695783892455,-2.9126837725598396,-4.467644274732779,-4.084099424214282,-4.2172058409196715,R,synonymous,-2.064189603089661,-1.5604408412576318,-1.660722310355345,-0.5576925868874074,0.13411865036350568,-0.1201554955639963,-0.1201554955639963
429,ortho,gattgggttgctagatctattgct,5.0,tct,4.0,,DWVARSIA,,False,False,12.0,4.0,6.0,9.0,24.0,16.0,370.0,262.0,252.0,True,False,True,True,False,False,1.0,both,0.0013917727423189191,0.0012334751986742495,0.001222689626060756,3.406871280832185e-05,8.239494644328481e-05,6.0644882519491646e-05,-2.856431673356454,-2.9088695783892455,-2.9126837725598396,-4.467644274732779,-4.084099424214282,-4.2172058409196715,S,non-synonymous,-2.064189603089661,-1.5604408412576318,-1.660722310355345,-0.5576925868874074,0.13411865036350568,-0.1201554955639963,-0.1201554955639963
430,ortho,gattgggttgctagatctattgct,6.0,att,5.0,,DWVARSIA,,False,False,12.0,4.0,6.0,9.0,24.0,16.0,370.0,262.0,252.0,True,False,True,True,False,False,1.0,both,0.0013917727423189191,0.0012334751986742495,0.001222689626060756,3.406871280832185e-05,8.239494644328481e-05,6.0644882519491646e-05,-2.856431673356454,-2.9088695783892455,-2.9126837725598396,-4.467644274732779,-4.084099424214282,-4.2172058409196715,I,non-synonymous,-2.064189603089661,-1.5604408412576318,-1.660722310355345,-0.5576925868874074,0.13411865036350568,-0.1201554955639963,-0.1201554955639963
431,ortho,gattgggttgctagatctattgct,7.0,gct,6.0,,DWVARSIA,,False,False,12.0,4.0,6.0,9.0,24.0,16.0,370.0,262.0,252.0,True,False,True,True,False,False,1.0,both,0.0013917727423189191,0.0012334751986742495,0.001222689626060756,3.406871280832185e-05,8.239494644328481e-05,6.0644882519491646e-05,-2.856431673356454,-2.9088695783892455,-2.9126837725598396,-4.467644274732779,-4.084099424214282,-4.2172058409196715,A,non-synonymous,-2.064189603089661,-1.5604408412576318,-1.660722310355345,-0.5576925868874074,0.13411865036350568,-0.1201554955639963,-0.1201554955639963
432,ortho,gattgggttgctagatgtattatt,2.0,gtt,1.0,,DWVARCII,,False,False,11.0,4.0,6.0,92.0,125.0,112.0,2229.0,1489.0,1556.0,True,False,True,True,False,False,1.0,both,0.008384490385483435,0.007010093781778464,0.007549623246629112,0.0003482579531517345,0.00042914034605877506,0.0004245141776364415,-2.0765233289432112,-2.154276171956815,-2.1220747206877135,-3.4580989568265483,-3.367400652917831,-3.3721078009054146,V,synonymous,-1.7699923923899124,-1.6107563914802592,-1.5913550834826726,-0.2634953761876586,0.08380310014087833,-0.05078826869132391,-0.05078826869132391
433,ortho,gattgggttgctagatgtattatt,3.0,gct,2.0,,DWVARCII,,False,False,11.0,4.0,6.0,92.0,125.0,112.0,2229.0,1489.0,1556.0,True,False,True,True,False,False,1.0,both,0.008384490385483435,0.007010093781778464,0.007549623246629112,0.0003482579531517345,0.00042914034605877506,0.0004245141776364415,-2.0765233289432112,-2.154276171956815,-2.1220747206877135,-3.4580989568265483,-3.367400652917831,-3.3721078009054146,A,non-synonymous,-1.7699923923899124,-1.6107563914802592,-1.5913550834826726,-0.2634953761876586,0.08380310014087833,-0.05078826869132391,-0.05078826869132391
434,ortho,gattgggttgctagatgtattatt,4.0,aga,3.0,,DWVARCII,,False,False,11.0,4.0,6.0,92.0,125.0,112.0,2229.0,1489.0,1556.0,True,False,True,True,False,False,1.0,both,0.008384490385483435,0.007010093781778464,0.007549623246629112,0.0003482579531517345,0.00042914034605877506,0.0004245141776364415,-2.0765233289432112,-2.154276171956815,-2.1220747206877135,-3.4580989568265483,-3.367400652917831,-3.3721078009054146,R,synonymous,-1.7699923923899124,-1.6107563914802592,-1.5913550834826726,-0.2634953761876586,0.08380310014087833,-0.05078826869132391,-0.05078826869132391
435,ortho,gattgggttgctagatgtattatt,5.0,tgt,4.0,,DWVARCII,,False,False,11.0,4.0,6.0,92.0,125.0,112.0,2229.0,1489.0,1556.0,True,False,True,True,False,False,1.0,both,0.008384490385483435,0.007010093781778464,0.007549623246629112,0.0003482579531517345,0.00042914034605877506,0.0004245141776364415,-2.0765233289432112,-2.154276171956815,-2.1220747206877135,-3.4580989568265483,-3.367400652917831,-3.3721078009054146,C,non-synonymous,-1.7699923923899124,-1.6107563914802592,-1.5913550834826726,-0.2634953761876586,0.08380310014087833,-0.05078826869132391,-0.05078826869132391
436,ortho,gattgggttgctagatgtattatt,6.0,att,5.0,,DWVARCII,,False,False,11.0,4.0,6.0,92.0,125.0,112.0,2229.0,1489.0,1556.0,True,False,True,True,False,False,1.0,both,0.008384490385483435,0.007010093781778464,0.007549623246629112,0.0003482579531517345,0.00042914034605877506,0.0004245141776364415,-2.0765233289432112,-2.154276171956815,-2.1220747206877135,-3.4580989568265483,-3.367400652917831,-3.3721078009054146,I,non-synonymous,-1.7699923923899124,-1.6107563914802592,-1.5913550834826726,-0.2634953761876586,0.08380310014087833,-0.05078826869132391,-0.05078826869132391
437,ortho,gattgggttgctagatgtattatt,7.0,att,6.0,,DWVARCII,,False,False,11.0,4.0,6.0,92.0,125.0,112.0,2229.0,1489.0,1556.0,True,False,True,True,False,False,1.0,both,0.008384490385483435,0.007010093781778464,0.007549623246629112,0.0003482579531517345,0.00042914034605877506,0.0004245141776364415,-2.0765233289432112,-2.154276171956815,-2.1220747206877135,-3.4580989568265483,-3.367400652917831,-3.3721078009054146,I,non-synonymous,-1.7699923923899124,-1.6107563914802592,-1.5913550834826726,-0.2634953761876586,0.08380310014087833,-0.05078826869132391,-0.05078826869132391
438,ortho,gattgggttgctagatgtattgtt,2.0,gtt,1.0,,DWVARCIV,,False,False,11.0,4.0,6.0,53.0,60.0,33.0,1358.0,993.0,1041.0,True,False,True,True,False,False,1.0,both,0.005108182119105654,0.0046749651613875185,0.005050872621941456,0.00020062686431567312,0.00020598736610821203,0.0001250800701964515,-2.2917336274789664,-2.3302216212136098,-2.2966335838308476,-3.6976109145713143,-3.6861594155422437,-3.9028118836977086,V,synonymous,-1.8011262304906195,-1.8003803426127363,-2.0447458894668156,-0.29462921428836575,-0.10582085099159877,-0.5041790746754669,-0.29462921428836575
439,ortho,gattgggttgctagatgtattgtt,3.0,gct,2.0,,DWVARCIV,,False,False,11.0,4.0,6.0,53.0,60.0,33.0,1358.0,993.0,1041.0,True,False,True,True,False,False,1.0,both,0.005108182119105654,0.0046749651613875185,0.005050872621941456,0.00020062686431567312,0.00020598736610821203,0.0001250800701964515,-2.2917336274789664,-2.3302216212136098,-2.2966335838308476,-3.6976109145713143,-3.6861594155422437,-3.9028118836977086,A,non-synonymous,-1.8011262304906195,-1.8003803426127363,-2.0447458894668156,-0.29462921428836575,-0.10582085099159877,-0.5041790746754669,-0.29462921428836575
440,ortho,gattgggttgctagatgtattgtt,4.0,aga,3.0,,DWVARCIV,,False,False,11.0,4.0,6.0,53.0,60.0,33.0,1358.0,993.0,1041.0,True,False,True,True,False,False,1.0,both,0.005108182119105654,0.0046749651613875185,0.005050872621941456,0.00020062686431567312,0.00020598736610821203,0.0001250800701964515,-2.2917336274789664,-2.3302216212136098,-2.2966335838308476,-3.6976109145713143,-3.6861594155422437,-3.9028118836977086,R,synonymous,-1.8011262304906195,-1.8003803426127363,-2.0447458894668156,-0.29462921428836575,-0.10582085099159877,-0.5041790746754669,-0.29462921428836575
441,ortho,gattgggttgctagatgtattgtt,5.0,tgt,4.0,,DWVARCIV,,False,False,11.0,4.0,6.0,53.0,60.0,33.0,1358.0,993.0,1041.0,True,False,True,True,False,False,1.0,both,0.005108182119105654,0.0046749651613875185,0.005050872621941456,0.00020062686431567312,0.00020598736610821203,0.0001250800701964515,-2.2917336274789664,-2.3302216212136098,-2.2966335838308476,-3.6976109145713143,-3.6861594155422437,-3.9028118836977086,C,non-synonymous,-1.8011262304906195,-1.8003803426127363,-2.0447458894668156,-0.29462921428836575,-0.10582085099159877,-0.5041790746754669,-0.29462921428836575
442,ortho,gattgggttgctagatgtattgtt,6.0,att,5.0,,DWVARCIV,,False,False,11.0,4.0,6.0,53.0,60.0,33.0,1358.0,993.0,1041.0,True,False,True,True,False,False,1.0,both,0.005108182119105654,0.0046749651613875185,0.005050872621941456,0.00020062686431567312,0.00020598736610821203,0.0001250800701964515,-2.2917336274789664,-2.3302216212136098,-2.2966335838308476,-3.6976109145713143,-3.6861594155422437,-3.9028118836977086,I,non-synonymous,-1.8011262304906195,-1.8003803426127363,-2.0447458894668156,-0.29462921428836575,-0.10582085099159877,-0.5041790746754669,-0.29462921428836575
443,ortho,gattgggttgctagatgtattgtt,7.0,gtt,6.0,,DWVARCIV,,False,False,11.0,4.0,6.0,53.0,60.0,33.0,1358.0,993.0,1041.0,True,False,True,True,False,False,1.0,both,0.005108182119105654,0.0046749651613875185,0.005050872621941456,0.00020062686431567312,0.00020598736610821203,0.0001250800701964515,-2.2917336274789664,-2.3302216212136098,-2.2966335838308476,-3.6976109145713143,-3.6861594155422437,-3.9028118836977086,V,non-synonymous,-1.8011262304906195,-1.8003803426127363,-2.0447458894668156,-0.29462921428836575,-0.10582085099159877,-0.5041790746754669,-0.29462921428836575
444,ortho,gattgggtttatagatctattatt,2.0,gtt,1.0,,DWVYRSII,,False,False,11.0,4.0,6.0,27.0,19.0,20.0,534.0,377.0,356.0,True,False,True,True,False,False,1.0,both,0.0020086666064818995,0.0017748860683213438,0.0017272916939588458,0.00010220613842496556,6.522933260093381e-05,7.580610314936455e-05,-2.6970921403948926,-2.750829519503198,-2.7626343153685085,-3.990523020013116,-4.185557064973058,-4.120295827911615,V,synonymous,-1.657066591797005,-1.9049954066277108,-1.7283714997830126,-0.15056957559475137,-0.21043591500657333,-0.18780468499166392,-0.18780468499166392
445,ortho,gattgggtttatagatctattatt,3.0,tat,2.0,,DWVYRSII,,False,False,11.0,4.0,6.0,27.0,19.0,20.0,534.0,377.0,356.0,True,False,True,True,False,False,1.0,both,0.0020086666064818995,0.0017748860683213438,0.0017272916939588458,0.00010220613842496556,6.522933260093381e-05,7.580610314936455e-05,-2.6970921403948926,-2.750829519503198,-2.7626343153685085,-3.990523020013116,-4.185557064973058,-4.120295827911615,Y,non-synonymous,-1.657066591797005,-1.9049954066277108,-1.7283714997830126,-0.15056957559475137,-0.21043591500657333,-0.18780468499166392,-0.18780468499166392
446,ortho,gattgggtttatagatctattatt,4.0,aga,3.0,,DWVYRSII,,False,False,11.0,4.0,6.0,27.0,19.0,20.0,534.0,377.0,356.0,True,False,True,True,False,False,1.0,both,0.0020086666064818995,0.0017748860683213438,0.0017272916939588458,0.00010220613842496556,6.522933260093381e-05,7.580610314936455e-05,-2.6970921403948926,-2.750829519503198,-2.7626343153685085,-3.990523020013116,-4.185557064973058,-4.120295827911615,R,synonymous,-1.657066591797005,-1.9049954066277108,-1.7283714997830126,-0.15056957559475137,-0.21043591500657333,-0.18780468499166392,-0.18780468499166392
447,ortho,gattgggtttatagatctattatt,5.0,tct,4.0,,DWVYRSII,,False,False,11.0,4.0,6.0,27.0,19.0,20.0,534.0,377.0,356.0,True,False,True,True,False,False,1.0,both,0.0020086666064818995,0.0017748860683213438,0.0017272916939588458,0.00010220613842496556,6.522933260093381e-05,7.580610314936455e-05,-2.6970921403948926,-2.750829519503198,-2.7626343153685085,-3.990523020013116,-4.185557064973058,-4.120295827911615,S,non-synonymous,-1.657066591797005,-1.9049954066277108,-1.7283714997830126,-0.15056957559475137,-0.21043591500657333,-0.18780468499166392,-0.18780468499166392
448,ortho,gattgggtttatagatctattatt,6.0,att,5.0,,DWVYRSII,,False,False,11.0,4.0,6.0,27.0,19.0,20.0,534.0,377.0,356.0,True,False,True,True,False,False,1.0,both,0.0020086666064818995,0.0017748860683213438,0.0017272916939588458,0.00010220613842496556,6.522933260093381e-05,7.580610314936455e-05,-2.6970921403948926,-2.750829519503198,-2.7626343153685085,-3.990523020013116,-4.185557064973058,-4.120295827911615,I,non-synonymous,-1.657066591797005,-1.9049954066277108,-1.7283714997830126,-0.15056957559475137,-0.21043591500657333,-0.18780468499166392,-0.18780468499166392
449,ortho,gattgggtttatagatctattatt,7.0,att,6.0,,DWVYRSII,,False,False,11.0,4.0,6.0,27.0,19.0,20.0,534.0,377.0,356.0,True,False,True,True,False,False,1.0,both,0.0020086666064818995,0.0017748860683213438,0.0017272916939588458,0.00010220613842496556,6.522933260093381e-05,7.580610314936455e-05,-2.6970921403948926,-2.750829519503198,-2.7626343153685085,-3.990523020013116,-4.185557064973058,-4.120295827911615,I,non-synonymous,-1.657066591797005,-1.9049954066277108,-1.7283714997830126,-0.15056957559475137,-0.21043591500657333,-0.18780468499166392,-0.18780468499166392
450,ortho,gattgggtttatagatctattttg,2.0,gtt,1.0,,DWVYRSIL,,False,False,9.0,3.0,5.0,31.0,30.0,28.0,715.0,607.0,573.0,True,False,True,True,False,False,1.0,both,0.0026895067858325058,0.0028577078076155323,0.0027801633164000524,0.00011734778856199749,0.00010299368305410601,0.00010612854440911037,-2.5703273556223682,-2.5439821786337333,-2.5559296913739935,-3.930525090337831,-3.987189411206225,-3.9741677922333767,V,synonymous,-1.7426043091689936,-1.9162545234064734,-1.8054885483497238,-0.23610729296673982,-0.2216950317853359,-0.2649217335583751,-0.23610729296673982
451,ortho,gattgggtttatagatctattttg,3.0,tat,2.0,,DWVYRSIL,,False,False,9.0,3.0,5.0,31.0,30.0,28.0,715.0,607.0,573.0,True,False,True,True,False,False,1.0,both,0.0026895067858325058,0.0028577078076155323,0.0027801633164000524,0.00011734778856199749,0.00010299368305410601,0.00010612854440911037,-2.5703273556223682,-2.5439821786337333,-2.5559296913739935,-3.930525090337831,-3.987189411206225,-3.9741677922333767,Y,non-synonymous,-1.7426043091689936,-1.9162545234064734,-1.8054885483497238,-0.23610729296673982,-0.2216950317853359,-0.2649217335583751,-0.23610729296673982
452,ortho,gattgggtttatagatctattttg,4.0,aga,3.0,,DWVYRSIL,,False,False,9.0,3.0,5.0,31.0,30.0,28.0,715.0,607.0,573.0,True,False,True,True,False,False,1.0,both,0.0026895067858325058,0.0028577078076155323,0.0027801633164000524,0.00011734778856199749,0.00010299368305410601,0.00010612854440911037,-2.5703273556223682,-2.5439821786337333,-2.5559296913739935,-3.930525090337831,-3.987189411206225,-3.9741677922333767,R,synonymous,-1.7426043091689936,-1.9162545234064734,-1.8054885483497238,-0.23610729296673982,-0.2216950317853359,-0.2649217335583751,-0.23610729296673982
453,ortho,gattgggtttatagatctattttg,5.0,tct,4.0,,DWVYRSIL,,False,False,9.0,3.0,5.0,31.0,30.0,28.0,715.0,607.0,573.0,True,False,True,True,False,False,1.0,both,0.0026895067858325058,0.0028577078076155323,0.0027801633164000524,0.00011734778856199749,0.00010299368305410601,0.00010612854440911037,-2.5703273556223682,-2.5439821786337333,-2.5559296913739935,-3.930525090337831,-3.987189411206225,-3.9741677922333767,S,non-synonymous,-1.7426043091689936,-1.9162545234064734,-1.8054885483497238,-0.23610729296673982,-0.2216950317853359,-0.2649217335583751,-0.23610729296673982
454,ortho,gattgggtttatagatctattttg,6.0,att,5.0,,DWVYRSIL,,False,False,9.0,3.0,5.0,31.0,30.0,28.0,715.0,607.0,573.0,True,False,True,True,False,False,1.0,both,0.0026895067858325058,0.0028577078076155323,0.0027801633164000524,0.00011734778856199749,0.00010299368305410601,0.00010612854440911037,-2.5703273556223682,-2.5439821786337333,-2.5559296913739935,-3.930525090337831,-3.987189411206225,-3.9741677922333767,I,non-synonymous,-1.7426043091689936,-1.9162545234064734,-1.8054885483497238,-0.23610729296673982,-0.2216950317853359,-0.2649217335583751,-0.23610729296673982
455,ortho,gattgggtttatagatctgttatt,2.0,gtt,1.0,,DWVYRSVI,,False,False,12.0,4.0,6.0,70.0,62.0,50.0,1680.0,1206.0,1163.0,True,False,True,True,False,False,1.0,both,0.006319400559718335,0.00567775225038605,0.0056428096631296,0.00026497887739805885,0.00021285361164515243,0.0001895152578734114,-2.1993241156975865,-2.2458235619048583,-2.2485045986129353,-3.5767887441578465,-3.6719189764276337,-3.7223558192395774,V,synonymous,-1.7647256248260457,-1.8935338787191343,-1.8762868514110678,-0.25822860862379193,-0.19897438709799675,-0.33572003661971905,-0.25822860862379193
456,ortho,gattgggtttatagatctgttatt,3.0,tat,2.0,,DWVYRSVI,,False,False,12.0,4.0,6.0,70.0,62.0,50.0,1680.0,1206.0,1163.0,True,False,True,True,False,False,1.0,both,0.006319400559718335,0.00567775225038605,0.0056428096631296,0.00026497887739805885,0.00021285361164515243,0.0001895152578734114,-2.1993241156975865,-2.2458235619048583,-2.2485045986129353,-3.5767887441578465,-3.6719189764276337,-3.7223558192395774,Y,non-synonymous,-1.7647256248260457,-1.8935338787191343,-1.8762868514110678,-0.25822860862379193,-0.19897438709799675,-0.33572003661971905,-0.25822860862379193
457,ortho,gattgggtttatagatctgttatt,4.0,aga,3.0,,DWVYRSVI,,False,False,12.0,4.0,6.0,70.0,62.0,50.0,1680.0,1206.0,1163.0,True,False,True,True,False,False,1.0,both,0.006319400559718335,0.00567775225038605,0.0056428096631296,0.00026497887739805885,0.00021285361164515243,0.0001895152578734114,-2.1993241156975865,-2.2458235619048583,-2.2485045986129353,-3.5767887441578465,-3.6719189764276337,-3.7223558192395774,R,synonymous,-1.7647256248260457,-1.8935338787191343,-1.8762868514110678,-0.25822860862379193,-0.19897438709799675,-0.33572003661971905,-0.25822860862379193
458,ortho,gattgggtttatagatctgttatt,5.0,tct,4.0,,DWVYRSVI,,False,False,12.0,4.0,6.0,70.0,62.0,50.0,1680.0,1206.0,1163.0,True,False,True,True,False,False,1.0,both,0.006319400559718335,0.00567775225038605,0.0056428096631296,0.00026497887739805885,0.00021285361164515243,0.0001895152578734114,-2.1993241156975865,-2.2458235619048583,-2.2485045986129353,-3.5767887441578465,-3.6719189764276337,-3.7223558192395774,S,non-synonymous,-1.7647256248260457,-1.8935338787191343,-1.8762868514110678,-0.25822860862379193,-0.19897438709799675,-0.33572003661971905,-0.25822860862379193
459,ortho,gattgggtttatagatctgttatt,6.0,gtt,5.0,,DWVYRSVI,,False,False,12.0,4.0,6.0,70.0,62.0,50.0,1680.0,1206.0,1163.0,True,False,True,True,False,False,1.0,both,0.006319400559718335,0.00567775225038605,0.0056428096631296,0.00026497887739805885,0.00021285361164515243,0.0001895152578734114,-2.1993241156975865,-2.2458235619048583,-2.2485045986129353,-3.5767887441578465,-3.6719189764276337,-3.7223558192395774,V,non-synonymous,-1.7647256248260457,-1.8935338787191343,-1.8762868514110678,-0.25822860862379193,-0.19897438709799675,-0.33572003661971905,-0.25822860862379193
460,ortho,gattgggtttatagatctgttatt,7.0,att,6.0,,DWVYRSVI,,False,False,12.0,4.0,6.0,70.0,62.0,50.0,1680.0,1206.0,1163.0,True,False,True,True,False,False,1.0,both,0.006319400559718335,0.00567775225038605,0.0056428096631296,0.00026497887739805885,0.00021285361164515243,0.0001895152578734114,-2.1993241156975865,-2.2458235619048583,-2.2485045986129353,-3.5767887441578465,-3.6719189764276337,-3.7223558192395774,I,non-synonymous,-1.7647256248260457,-1.8935338787191343,-1.8762868514110678,-0.25822860862379193,-0.19897438709799675,-0.33572003661971905,-0.25822860862379193
461,ortho,gattgggtttatagatctgttttg,2.0,gtt,1.0,,DWVYRSVL,,False,False,10.0,3.0,5.0,116.0,130.0,114.0,1995.0,1441.0,1508.0,True,False,True,True,False,False,1.0,both,0.007504288164665523,0.0067841135927083724,0.007316729984522302,0.0004391078539739261,0.00044630595990112606,0.000432094787951378,-2.124690497400682,-2.168506888895002,-2.1356829718076282,-3.357428794945185,-3.3503673136190506,-3.3644209722391234,V,synonymous,-1.5793108711712955,-1.5692447583398579,-1.564245374141984,-0.0728138549690418,0.12531473328127962,-0.02367855935063523,-0.02367855935063523
462,ortho,gattgggtttatagatctgttttg,3.0,tat,2.0,,DWVYRSVL,,False,False,10.0,3.0,5.0,116.0,130.0,114.0,1995.0,1441.0,1508.0,True,False,True,True,False,False,1.0,both,0.007504288164665523,0.0067841135927083724,0.007316729984522302,0.0004391078539739261,0.00044630595990112606,0.000432094787951378,-2.124690497400682,-2.168506888895002,-2.1356829718076282,-3.357428794945185,-3.3503673136190506,-3.3644209722391234,Y,non-synonymous,-1.5793108711712955,-1.5692447583398579,-1.564245374141984,-0.0728138549690418,0.12531473328127962,-0.02367855935063523,-0.02367855935063523
463,ortho,gattgggtttatagatctgttttg,4.0,aga,3.0,,DWVYRSVL,,False,False,10.0,3.0,5.0,116.0,130.0,114.0,1995.0,1441.0,1508.0,True,False,True,True,False,False,1.0,both,0.007504288164665523,0.0067841135927083724,0.007316729984522302,0.0004391078539739261,0.00044630595990112606,0.000432094787951378,-2.124690497400682,-2.168506888895002,-2.1356829718076282,-3.357428794945185,-3.3503673136190506,-3.3644209722391234,R,synonymous,-1.5793108711712955,-1.5692447583398579,-1.564245374141984,-0.0728138549690418,0.12531473328127962,-0.02367855935063523,-0.02367855935063523
464,ortho,gattgggtttatagatctgttttg,5.0,tct,4.0,,DWVYRSVL,,False,False,10.0,3.0,5.0,116.0,130.0,114.0,1995.0,1441.0,1508.0,True,False,True,True,False,False,1.0,both,0.007504288164665523,0.0067841135927083724,0.007316729984522302,0.0004391078539739261,0.00044630595990112606,0.000432094787951378,-2.124690497400682,-2.168506888895002,-2.1356829718076282,-3.357428794945185,-3.3503673136190506,-3.3644209722391234,S,non-synonymous,-1.5793108711712955,-1.5692447583398579,-1.564245374141984,-0.0728138549690418,0.12531473328127962,-0.02367855935063523,-0.02367855935063523
465,ortho,gattgggtttatagatctgttttg,6.0,gtt,5.0,,DWVYRSVL,,False,False,10.0,3.0,5.0,116.0,130.0,114.0,1995.0,1441.0,1508.0,True,False,True,True,False,False,1.0,both,0.007504288164665523,0.0067841135927083724,0.007316729984522302,0.0004391078539739261,0.00044630595990112606,0.000432094787951378,-2.124690497400682,-2.168506888895002,-2.1356829718076282,-3.357428794945185,-3.3503673136190506,-3.3644209722391234,V,non-synonymous,-1.5793108711712955,-1.5692447583398579,-1.564245374141984,-0.0728138549690418,0.12531473328127962,-0.02367855935063523,-0.02367855935063523
466,ortho,gattgggtttatagatgtattttg,2.0,gtt,1.0,,DWVYRCIL,,False,False,9.0,3.0,5.0,105.0,151.0,109.0,3391.0,2655.0,2644.0,True,False,True,True,False,False,1.0,both,0.012755409105955283,0.012499529207939437,0.01282853718771682,0.0003974683160970883,0.0005184015380390003,0.00041314326216403683,-1.8943056076453628,-1.903106344291503,-1.891822862527781,-3.4006974851021656,-3.285333718632718,-3.3838993256349723,V,synonymous,-1.9298995358954363,-1.8352869904458178,-1.899488503213815,-0.42340251969318254,-0.14072749882468027,-0.3589216884224662,-0.3589216884224662
467,ortho,gattgggtttatagatgtattttg,3.0,tat,2.0,,DWVYRCIL,,False,False,9.0,3.0,5.0,105.0,151.0,109.0,3391.0,2655.0,2644.0,True,False,True,True,False,False,1.0,both,0.012755409105955283,0.012499529207939437,0.01282853718771682,0.0003974683160970883,0.0005184015380390003,0.00041314326216403683,-1.8943056076453628,-1.903106344291503,-1.891822862527781,-3.4006974851021656,-3.285333718632718,-3.3838993256349723,Y,non-synonymous,-1.9298995358954363,-1.8352869904458178,-1.899488503213815,-0.42340251969318254,-0.14072749882468027,-0.3589216884224662,-0.3589216884224662
468,ortho,gattgggtttatagatgtattttg,4.0,aga,3.0,,DWVYRCIL,,False,False,9.0,3.0,5.0,105.0,151.0,109.0,3391.0,2655.0,2644.0,True,False,True,True,False,False,1.0,both,0.012755409105955283,0.012499529207939437,0.01282853718771682,0.0003974683160970883,0.0005184015380390003,0.00041314326216403683,-1.8943056076453628,-1.903106344291503,-1.891822862527781,-3.4006974851021656,-3.285333718632718,-3.3838993256349723,R,synonymous,-1.9298995358954363,-1.8352869904458178,-1.899488503213815,-0.42340251969318254,-0.14072749882468027,-0.3589216884224662,-0.3589216884224662
469,ortho,gattgggtttatagatgtattttg,5.0,tgt,4.0,,DWVYRCIL,,False,False,9.0,3.0,5.0,105.0,151.0,109.0,3391.0,2655.0,2644.0,True,False,True,True,False,False,1.0,both,0.012755409105955283,0.012499529207939437,0.01282853718771682,0.0003974683160970883,0.0005184015380390003,0.00041314326216403683,-1.8943056076453628,-1.903106344291503,-1.891822862527781,-3.4006974851021656,-3.285333718632718,-3.3838993256349723,C,non-synonymous,-1.9298995358954363,-1.8352869904458178,-1.899488503213815,-0.42340251969318254,-0.14072749882468027,-0.3589216884224662,-0.3589216884224662
470,ortho,gattgggtttatagatgtattttg,6.0,att,5.0,,DWVYRCIL,,False,False,9.0,3.0,5.0,105.0,151.0,109.0,3391.0,2655.0,2644.0,True,False,True,True,False,False,1.0,both,0.012755409105955283,0.012499529207939437,0.01282853718771682,0.0003974683160970883,0.0005184015380390003,0.00041314326216403683,-1.8943056076453628,-1.903106344291503,-1.891822862527781,-3.4006974851021656,-3.285333718632718,-3.3838993256349723,I,non-synonymous,-1.9298995358954363,-1.8352869904458178,-1.899488503213815,-0.42340251969318254,-0.14072749882468027,-0.3589216884224662,-0.3589216884224662
471,ortho,gattgggtttatagatgtgttttg,2.0,gtt,1.0,,DWVYRCVL,,False,False,10.0,3.0,5.0,25.0,30.0,9.0,597.0,438.0,454.0,True,False,True,True,False,False,1.0,both,0.002245644127471337,0.0020620692252645853,0.0022027821040935844,9.463531335644958e-05,0.00010299368305410601,3.411274641721405e-05,-2.64865906629408,-2.6856967592048915,-2.6570284604842795,-4.0239467755000655,-3.987189411206225,-4.467083314136271,V,synonymous,-1.761936685559061,-1.7280894422434032,-2.3042910130345797,-0.2554396693568073,-0.033529950622265714,-0.763724198243231,-0.2554396693568073
472,ortho,gattgggtttatagatgtgttttg,3.0,tat,2.0,,DWVYRCVL,,False,False,10.0,3.0,5.0,25.0,30.0,9.0,597.0,438.0,454.0,True,False,True,True,False,False,1.0,both,0.002245644127471337,0.0020620692252645853,0.0022027821040935844,9.463531335644958e-05,0.00010299368305410601,3.411274641721405e-05,-2.64865906629408,-2.6856967592048915,-2.6570284604842795,-4.0239467755000655,-3.987189411206225,-4.467083314136271,Y,non-synonymous,-1.761936685559061,-1.7280894422434032,-2.3042910130345797,-0.2554396693568073,-0.033529950622265714,-0.763724198243231,-0.2554396693568073
473,ortho,gattgggtttatagatgtgttttg,4.0,aga,3.0,,DWVYRCVL,,False,False,10.0,3.0,5.0,25.0,30.0,9.0,597.0,438.0,454.0,True,False,True,True,False,False,1.0,both,0.002245644127471337,0.0020620692252645853,0.0022027821040935844,9.463531335644958e-05,0.00010299368305410601,3.411274641721405e-05,-2.64865906629408,-2.6856967592048915,-2.6570284604842795,-4.0239467755000655,-3.987189411206225,-4.467083314136271,R,synonymous,-1.761936685559061,-1.7280894422434032,-2.3042910130345797,-0.2554396693568073,-0.033529950622265714,-0.763724198243231,-0.2554396693568073
474,ortho,gattgggtttatagatgtgttttg,5.0,tgt,4.0,,DWVYRCVL,,False,False,10.0,3.0,5.0,25.0,30.0,9.0,597.0,438.0,454.0,True,False,True,True,False,False,1.0,both,0.002245644127471337,0.0020620692252645853,0.0022027821040935844,9.463531335644958e-05,0.00010299368305410601,3.411274641721405e-05,-2.64865906629408,-2.6856967592048915,-2.6570284604842795,-4.0239467755000655,-3.987189411206225,-4.467083314136271,C,non-synonymous,-1.761936685559061,-1.7280894422434032,-2.3042910130345797,-0.2554396693568073,-0.033529950622265714,-0.763724198243231,-0.2554396693568073
475,ortho,gattgggtttatagatgtgttttg,6.0,gtt,5.0,,DWVYRCVL,,False,False,10.0,3.0,5.0,25.0,30.0,9.0,597.0,438.0,454.0,True,False,True,True,False,False,1.0,both,0.002245644127471337,0.0020620692252645853,0.0022027821040935844,9.463531335644958e-05,0.00010299368305410601,3.411274641721405e-05,-2.64865906629408,-2.6856967592048915,-2.6570284604842795,-4.0239467755000655,-3.987189411206225,-4.467083314136271,V,non-synonymous,-1.761936685559061,-1.7280894422434032,-2.3042910130345797,-0.2554396693568073,-0.033529950622265714,-0.763724198243231,-0.2554396693568073
476,ortho,gattgggtttctagatgtattgtt,2.0,gtt,1.0,,DWVSRCIV,,False,False,11.0,4.0,6.0,1.0,1.0,1.0,2.0,4.0,4.0,True,False,True,True,False,False,3.0,both,7.52309590442659e-06,1.8831682422507626e-05,1.9407771842234222e-05,3.7854125342579835e-06,3.4331227684702005e-06,3.790305157468228e-06,-5.123603401759468,-4.725110878381028,-4.712024322013421,-5.421886784172104,-5.464310665925887,-5.421325823575596,V,synonymous,-0.38214290046181826,-0.9814910184860024,-0.9029765436577734,1.1243541157404355,0.7130684731351351,0.6375902711335754,0.7130684731351351
477,ortho,gattgggtttctagatgtattgtt,3.0,tct,2.0,,DWVSRCIV,,False,False,11.0,4.0,6.0,1.0,1.0,1.0,2.0,4.0,4.0,True,False,True,True,False,False,3.0,both,7.52309590442659e-06,1.8831682422507626e-05,1.9407771842234222e-05,3.7854125342579835e-06,3.4331227684702005e-06,3.790305157468228e-06,-5.123603401759468,-4.725110878381028,-4.712024322013421,-5.421886784172104,-5.464310665925887,-5.421325823575596,S,non-synonymous,-0.38214290046181826,-0.9814910184860024,-0.9029765436577734,1.1243541157404355,0.7130684731351351,0.6375902711335754,0.7130684731351351
478,ortho,gattgggtttctagatgtattgtt,4.0,aga,3.0,,DWVSRCIV,,False,False,11.0,4.0,6.0,1.0,1.0,1.0,2.0,4.0,4.0,True,False,True,True,False,False,3.0,both,7.52309590442659e-06,1.8831682422507626e-05,1.9407771842234222e-05,3.7854125342579835e-06,3.4331227684702005e-06,3.790305157468228e-06,-5.123603401759468,-4.725110878381028,-4.712024322013421,-5.421886784172104,-5.464310665925887,-5.421325823575596,R,synonymous,-0.38214290046181826,-0.9814910184860024,-0.9029765436577734,1.1243541157404355,0.7130684731351351,0.6375902711335754,0.7130684731351351
479,ortho,gattgggtttctagatgtattgtt,5.0,tgt,4.0,,DWVSRCIV,,False,False,11.0,4.0,6.0,1.0,1.0,1.0,2.0,4.0,4.0,True,False,True,True,False,False,3.0,both,7.52309590442659e-06,1.8831682422507626e-05,1.9407771842234222e-05,3.7854125342579835e-06,3.4331227684702005e-06,3.790305157468228e-06,-5.123603401759468,-4.725110878381028,-4.712024322013421,-5.421886784172104,-5.464310665925887,-5.421325823575596,C,non-synonymous,-0.38214290046181826,-0.9814910184860024,-0.9029765436577734,1.1243541157404355,0.7130684731351351,0.6375902711335754,0.7130684731351351
480,ortho,gattgggtttctagatgtattgtt,6.0,att,5.0,,DWVSRCIV,,False,False,11.0,4.0,6.0,1.0,1.0,1.0,2.0,4.0,4.0,True,False,True,True,False,False,3.0,both,7.52309590442659e-06,1.8831682422507626e-05,1.9407771842234222e-05,3.7854125342579835e-06,3.4331227684702005e-06,3.790305157468228e-06,-5.123603401759468,-4.725110878381028,-4.712024322013421,-5.421886784172104,-5.464310665925887,-5.421325823575596,I,non-synonymous,-0.38214290046181826,-0.9814910184860024,-0.9029765436577734,1.1243541157404355,0.7130684731351351,0.6375902711335754,0.7130684731351351
481,ortho,gattgggtttctagatgtattgtt,7.0,gtt,6.0,,DWVSRCIV,,False,False,11.0,4.0,6.0,1.0,1.0,1.0,2.0,4.0,4.0,True,False,True,True,False,False,3.0,both,7.52309590442659e-06,1.8831682422507626e-05,1.9407771842234222e-05,3.7854125342579835e-06,3.4331227684702005e-06,3.790305157468228e-06,-5.123603401759468,-4.725110878381028,-4.712024322013421,-5.421886784172104,-5.464310665925887,-5.421325823575596,V,non-synonymous,-0.38214290046181826,-0.9814910184860024,-0.9029765436577734,1.1243541157404355,0.7130684731351351,0.6375902711335754,0.7130684731351351
482,ortho,gattgggtttggagatgtattatt,2.0,gtt,1.0,,DWVWRCII,,False,False,10.0,4.0,6.0,25.0,15.0,10.0,571.0,384.0,431.0,True,False,True,True,False,False,1.0,both,0.0021478438807137914,0.0018078415125607323,0.0020911874160007373,9.463531335644958e-05,5.149684152705301e-05,3.7903051574682275e-05,-2.667997289177601,-2.7428396453414603,-2.6796070431806522,-4.0239467755000655,-4.288219406870206,-4.421325823575596,V,synonymous,-1.7371617064009435,-2.0519166558857513,-2.217295749242114,-0.23066469019868974,-0.35735716426461384,-0.6767289344507654,-0.35735716426461384
483,ortho,gattgggtttggagatgtattatt,3.0,tgg,2.0,,DWVWRCII,,False,False,10.0,4.0,6.0,25.0,15.0,10.0,571.0,384.0,431.0,True,False,True,True,False,False,1.0,both,0.0021478438807137914,0.0018078415125607323,0.0020911874160007373,9.463531335644958e-05,5.149684152705301e-05,3.7903051574682275e-05,-2.667997289177601,-2.7428396453414603,-2.6796070431806522,-4.0239467755000655,-4.288219406870206,-4.421325823575596,W,non-synonymous,-1.7371617064009435,-2.0519166558857513,-2.217295749242114,-0.23066469019868974,-0.35735716426461384,-0.6767289344507654,-0.35735716426461384
484,ortho,gattgggtttggagatgtattatt,4.0,aga,3.0,,DWVWRCII,,False,False,10.0,4.0,6.0,25.0,15.0,10.0,571.0,384.0,431.0,True,False,True,True,False,False,1.0,both,0.0021478438807137914,0.0018078415125607323,0.0020911874160007373,9.463531335644958e-05,5.149684152705301e-05,3.7903051574682275e-05,-2.667997289177601,-2.7428396453414603,-2.6796070431806522,-4.0239467755000655,-4.288219406870206,-4.421325823575596,R,synonymous,-1.7371617064009435,-2.0519166558857513,-2.217295749242114,-0.23066469019868974,-0.35735716426461384,-0.6767289344507654,-0.35735716426461384
485,ortho,gattgggtttggagatgtattatt,5.0,tgt,4.0,,DWVWRCII,,False,False,10.0,4.0,6.0,25.0,15.0,10.0,571.0,384.0,431.0,True,False,True,True,False,False,1.0,both,0.0021478438807137914,0.0018078415125607323,0.0020911874160007373,9.463531335644958e-05,5.149684152705301e-05,3.7903051574682275e-05,-2.667997289177601,-2.7428396453414603,-2.6796070431806522,-4.0239467755000655,-4.288219406870206,-4.421325823575596,C,non-synonymous,-1.7371617064009435,-2.0519166558857513,-2.217295749242114,-0.23066469019868974,-0.35735716426461384,-0.6767289344507654,-0.35735716426461384
486,ortho,gattgggtttggagatgtattatt,6.0,att,5.0,,DWVWRCII,,False,False,10.0,4.0,6.0,25.0,15.0,10.0,571.0,384.0,431.0,True,False,True,True,False,False,1.0,both,0.0021478438807137914,0.0018078415125607323,0.0020911874160007373,9.463531335644958e-05,5.149684152705301e-05,3.7903051574682275e-05,-2.667997289177601,-2.7428396453414603,-2.6796070431806522,-4.0239467755000655,-4.288219406870206,-4.421325823575596,I,non-synonymous,-1.7371617064009435,-2.0519166558857513,-2.217295749242114,-0.23066469019868974,-0.35735716426461384,-0.6767289344507654,-0.35735716426461384
487,ortho,gattgggtttggagatgtattatt,7.0,att,6.0,,DWVWRCII,,False,False,10.0,4.0,6.0,25.0,15.0,10.0,571.0,384.0,431.0,True,False,True,True,False,False,1.0,both,0.0021478438807137914,0.0018078415125607323,0.0020911874160007373,9.463531335644958e-05,5.149684152705301e-05,3.7903051574682275e-05,-2.667997289177601,-2.7428396453414603,-2.6796070431806522,-4.0239467755000655,-4.288219406870206,-4.421325823575596,I,non-synonymous,-1.7371617064009435,-2.0519166558857513,-2.217295749242114,-0.23066469019868974,-0.35735716426461384,-0.6767289344507654,-0.35735716426461384
488,ortho,gattgggtttttagatctattttg,2.0,gtt,1.0,,DWVFRSIL,,False,False,9.0,3.0,5.0,7.0,12.0,14.0,329.0,263.0,277.0,True,False,True,True,False,False,1.0,both,0.001237549276278174,0.0012381831192798765,0.00134398820007472,2.6497887739805885e-05,4.1197473221642406e-05,5.306427220455519e-05,-2.907437499473475,-2.907215121219233,-2.871604544276935,-4.576788744157847,-4.385129419878263,-4.275197787897358,V,synonymous,-2.138673369509869,-1.9623376990457386,-1.7868449073270092,-0.6321763533076155,-0.2677782074246011,-0.24627809253566046,-0.2677782074246011
489,ortho,gattgggtttttagatctattttg,3.0,ttt,2.0,,DWVFRSIL,,False,False,9.0,3.0,5.0,7.0,12.0,14.0,329.0,263.0,277.0,True,False,True,True,False,False,1.0,both,0.001237549276278174,0.0012381831192798765,0.00134398820007472,2.6497887739805885e-05,4.1197473221642406e-05,5.306427220455519e-05,-2.907437499473475,-2.907215121219233,-2.871604544276935,-4.576788744157847,-4.385129419878263,-4.275197787897358,F,non-synonymous,-2.138673369509869,-1.9623376990457386,-1.7868449073270092,-0.6321763533076155,-0.2677782074246011,-0.24627809253566046,-0.2677782074246011
490,ortho,gattgggtttttagatctattttg,4.0,aga,3.0,,DWVFRSIL,,False,False,9.0,3.0,5.0,7.0,12.0,14.0,329.0,263.0,277.0,True,False,True,True,False,False,1.0,both,0.001237549276278174,0.0012381831192798765,0.00134398820007472,2.6497887739805885e-05,4.1197473221642406e-05,5.306427220455519e-05,-2.907437499473475,-2.907215121219233,-2.871604544276935,-4.576788744157847,-4.385129419878263,-4.275197787897358,R,synonymous,-2.138673369509869,-1.9623376990457386,-1.7868449073270092,-0.6321763533076155,-0.2677782074246011,-0.24627809253566046,-0.2677782074246011
491,ortho,gattgggtttttagatctattttg,5.0,tct,4.0,,DWVFRSIL,,False,False,9.0,3.0,5.0,7.0,12.0,14.0,329.0,263.0,277.0,True,False,True,True,False,False,1.0,both,0.001237549276278174,0.0012381831192798765,0.00134398820007472,2.6497887739805885e-05,4.1197473221642406e-05,5.306427220455519e-05,-2.907437499473475,-2.907215121219233,-2.871604544276935,-4.576788744157847,-4.385129419878263,-4.275197787897358,S,non-synonymous,-2.138673369509869,-1.9623376990457386,-1.7868449073270092,-0.6321763533076155,-0.2677782074246011,-0.24627809253566046,-0.2677782074246011
492,ortho,gattgggtttttagatctattttg,6.0,att,5.0,,DWVFRSIL,,False,False,9.0,3.0,5.0,7.0,12.0,14.0,329.0,263.0,277.0,True,False,True,True,False,False,1.0,both,0.001237549276278174,0.0012381831192798765,0.00134398820007472,2.6497887739805885e-05,4.1197473221642406e-05,5.306427220455519e-05,-2.907437499473475,-2.907215121219233,-2.871604544276935,-4.576788744157847,-4.385129419878263,-4.275197787897358,I,non-synonymous,-2.138673369509869,-1.9623376990457386,-1.7868449073270092,-0.6321763533076155,-0.2677782074246011,-0.24627809253566046,-0.2677782074246011
493,single,gattggtagagacgttatacattg,2.0,tag,1.0,,DW*RRYTL,,True,False,2.0,1.0,1.0,1.0,1.0,1.0,4.0,5.0,2.0,True,False,True,True,False,False,2.0,both,1.504619180885318e-05,2.3539603028134534e-05,9.703885921117111e-06,3.7854125342579835e-06,3.4331227684702005e-06,3.790305157468228e-06,-4.822573406095486,-4.628200865372972,-5.013054317677402,-5.421886784172104,-5.464310665925887,-5.421325823575596,*,stop,-0.7678045982023399,-1.1101657137056584,-0.5197501943221106,0.7386924179999138,0.5843937779154791,1.0208166204692382,0.7386924179999138
494,single,gattggtatagacgttatacattg,2.0,tat,1.0,,DWYRRYTL,,False,False,3.0,1.0,1.0,1.0,1.0,6.0,62.0,26.0,25.0,True,False,True,True,False,False,1.0,both,0.00023321597303722428,0.00012240593574629958,0.00012129857401396389,3.7854125342579835e-06,3.4331227684702005e-06,2.2741830944809367e-05,-3.6322417079251954,-3.912197521738173,-3.916144304669346,-5.421886784172104,-5.464310665925887,-4.643174573191953,Y,non-synonymous,-2.2927866604654494,-2.060857073233214,-0.9255461571126822,-0.7862896442631957,-0.3662975816120766,0.6150206576786665,-0.3662975816120766
495,single,gattggtctagacgttatacattg,2.0,tct,1.0,,DWSRRYTL,,False,False,3.0,1.0,1.0,31.0,37.0,14.0,943.0,752.0,683.0,True,False,True,True,False,False,1.0,both,0.003547139718937137,0.003540356295431434,0.0033138770420614934,0.00011734778856199749,0.00012702554243339742,5.306427220455519e-05,-2.450121704686121,-2.4509530291173487,-2.479663609659851,-3.930525090337831,-3.896108941858892,-4.275197787897358,S,non-synonymous,-1.896604628359194,-1.918841932272186,-2.285805461730275,-0.39010761215694023,-0.2242824406510484,-0.7452386469389265,-0.39010761215694023
496,single,gattggtggagacgttatacattg,2.0,tgg,1.0,,DWWRRYTL,,False,False,2.0,1.0,1.0,1.0,5.0,1.0,38.0,24.0,35.0,True,False,True,True,False,False,1.0,both,0.0001429388221841052,0.00011299009453504577,0.00016981800361954945,3.7854125342579835e-06,1.7165613842351002e-05,3.790305157468228e-06,-3.8448498008066387,-3.946959627997385,-3.770016268991108,-5.421886784172104,-4.765340661589868,-5.421325823575596,W,non-synonymous,-2.0204058371751445,-1.0866258996612193,-2.102200250279682,-0.5139088209728908,0.6079335919599183,-0.5616334354883334,-0.5139088209728908
497,ortho,gattggttgagaagatgtattatt,2.0,ttg,1.0,,DWLRRCII,,False,False,8.0,4.0,5.0,1.0,4.0,1.0,14.0,10.0,9.0,True,False,True,True,False,False,2.0,both,5.2661671330986125e-05,4.707920605626907e-05,4.3667486645027004e-05,3.7854125342579835e-06,1.3732491073880802e-05,3.790305157468228e-06,-4.278505361745211,-4.327170869708991,-4.359841803902059,-5.421886784172104,-4.862250674597925,-5.421325823575596,L,non-synonymous,-1.4648321658627639,-0.7104656028325235,-1.351322630957031,0.041664850339489856,0.984093888788614,0.18924418383431774,0.18924418383431774
498,ortho,gattggttgagaagatgtattatt,4.0,aga,2.0,,DWLRRCII,,False,False,8.0,4.0,5.0,1.0,4.0,1.0,14.0,10.0,9.0,True,False,True,True,False,False,2.0,both,5.2661671330986125e-05,4.707920605626907e-05,4.3667486645027004e-05,3.7854125342579835e-06,1.3732491073880802e-05,3.790305157468228e-06,-4.278505361745211,-4.327170869708991,-4.359841803902059,-5.421886784172104,-4.862250674597925,-5.421325823575596,R,synonymous,-1.4648321658627639,-0.7104656028325235,-1.351322630957031,0.041664850339489856,0.984093888788614,0.18924418383431774,0.18924418383431774
499,ortho,gattggttgagaagatgtattatt,5.0,tgt,3.0,,DWLRRCII,,False,False,8.0,4.0,5.0,1.0,4.0,1.0,14.0,10.0,9.0,True,False,True,True,False,False,2.0,both,5.2661671330986125e-05,4.707920605626907e-05,4.3667486645027004e-05,3.7854125342579835e-06,1.3732491073880802e-05,3.790305157468228e-06,-4.278505361745211,-4.327170869708991,-4.359841803902059,-5.421886784172104,-4.862250674597925,-5.421325823575596,C,non-synonymous,-1.4648321658627639,-0.7104656028325235,-1.351322630957031,0.041664850339489856,0.984093888788614,0.18924418383431774,0.18924418383431774
500,ortho,gattggttgagaagatgtattatt,6.0,att,4.0,,DWLRRCII,,False,False,8.0,4.0,5.0,1.0,4.0,1.0,14.0,10.0,9.0,True,False,True,True,False,False,2.0,both,5.2661671330986125e-05,4.707920605626907e-05,4.3667486645027004e-05,3.7854125342579835e-06,1.3732491073880802e-05,3.790305157468228e-06,-4.278505361745211,-4.327170869708991,-4.359841803902059,-5.421886784172104,-4.862250674597925,-5.421325823575596,I,non-synonymous,-1.4648321658627639,-0.7104656028325235,-1.351322630957031,0.041664850339489856,0.984093888788614,0.18924418383431774,0.18924418383431774
501,ortho,gattggttgagaagatgtattatt,7.0,att,5.0,,DWLRRCII,,False,False,8.0,4.0,5.0,1.0,4.0,1.0,14.0,10.0,9.0,True,False,True,True,False,False,2.0,both,5.2661671330986125e-05,4.707920605626907e-05,4.3667486645027004e-05,3.7854125342579835e-06,1.3732491073880802e-05,3.790305157468228e-06,-4.278505361745211,-4.327170869708991,-4.359841803902059,-5.421886784172104,-4.862250674597925,-5.421325823575596,I,non-synonymous,-1.4648321658627639,-0.7104656028325235,-1.351322630957031,0.041664850339489856,0.984093888788614,0.18924418383431774,0.18924418383431774
502,single,gattggttgagacgttatacattg,2.0,ttg,1.0,,DWLRRYTL,,False,False,1.0,1.0,1.0,82.0,94.0,69.0,2768.0,2148.0,2230.0,True,False,True,True,False,False,1.0,both,0.0104119647317264,0.010112613460886596,0.010819832802045579,0.0003104038278091546,0.00032271354023619885,0.00026153105586530773,-1.9824673116387288,-1.995136592681473,-1.9657794502932229,-3.5080729317883868,-3.4911828123261888,-3.582476732838341,L,non-synonymous,-1.9545150384487013,-1.9864128109372838,-2.05813708432639,-0.4480180222464476,-0.29185331931614633,-0.5175702695350415,-0.4480180222464476
503,ortho,gattggttgcaaagatgtatgttg,2.0,ttg,1.0,,DWLQRCML,,False,False,8.0,4.0,5.0,54.0,59.0,28.0,1182.0,884.0,929.0,True,False,True,True,False,False,1.0,both,0.004446149679516114,0.004161801815374185,0.004507455010358898,0.00020441227684993112,0.00020255424333974183,0.00010612854440911037,-2.3520159208782125,-2.380718604695918,-2.346068599347742,-3.689493024349135,-3.6934586542837433,-3.9741677922333767,L,non-synonymous,-1.7134959899127071,-1.7430234558869242,-2.0726522905788807,-0.2069989737104534,-0.048463964265786696,-0.532085475787532,-0.2069989737104534
504,ortho,gattggttgcaaagatgtatgttg,3.0,caa,2.0,,DWLQRCML,,False,False,8.0,4.0,5.0,54.0,59.0,28.0,1182.0,884.0,929.0,True,False,True,True,False,False,1.0,both,0.004446149679516114,0.004161801815374185,0.004507455010358898,0.00020441227684993112,0.00020255424333974183,0.00010612854440911037,-2.3520159208782125,-2.380718604695918,-2.346068599347742,-3.689493024349135,-3.6934586542837433,-3.9741677922333767,Q,non-synonymous,-1.7134959899127071,-1.7430234558869242,-2.0726522905788807,-0.2069989737104534,-0.048463964265786696,-0.532085475787532,-0.2069989737104534
505,ortho,gattggttgcaaagatgtatgttg,4.0,aga,3.0,,DWLQRCML,,False,False,8.0,4.0,5.0,54.0,59.0,28.0,1182.0,884.0,929.0,True,False,True,True,False,False,1.0,both,0.004446149679516114,0.004161801815374185,0.004507455010358898,0.00020441227684993112,0.00020255424333974183,0.00010612854440911037,-2.3520159208782125,-2.380718604695918,-2.346068599347742,-3.689493024349135,-3.6934586542837433,-3.9741677922333767,R,synonymous,-1.7134959899127071,-1.7430234558869242,-2.0726522905788807,-0.2069989737104534,-0.048463964265786696,-0.532085475787532,-0.2069989737104534
506,ortho,gattggttgcaaagatgtatgttg,5.0,tgt,4.0,,DWLQRCML,,False,False,8.0,4.0,5.0,54.0,59.0,28.0,1182.0,884.0,929.0,True,False,True,True,False,False,1.0,both,0.004446149679516114,0.004161801815374185,0.004507455010358898,0.00020441227684993112,0.00020255424333974183,0.00010612854440911037,-2.3520159208782125,-2.380718604695918,-2.346068599347742,-3.689493024349135,-3.6934586542837433,-3.9741677922333767,C,non-synonymous,-1.7134959899127071,-1.7430234558869242,-2.0726522905788807,-0.2069989737104534,-0.048463964265786696,-0.532085475787532,-0.2069989737104534
507,ortho,gattggttgcaaagatgtatgttg,6.0,atg,5.0,,DWLQRCML,,False,False,8.0,4.0,5.0,54.0,59.0,28.0,1182.0,884.0,929.0,True,False,True,True,False,False,1.0,both,0.004446149679516114,0.004161801815374185,0.004507455010358898,0.00020441227684993112,0.00020255424333974183,0.00010612854440911037,-2.3520159208782125,-2.380718604695918,-2.346068599347742,-3.689493024349135,-3.6934586542837433,-3.9741677922333767,M,non-synonymous,-1.7134959899127071,-1.7430234558869242,-2.0726522905788807,-0.2069989737104534,-0.048463964265786696,-0.532085475787532,-0.2069989737104534
508,single,gattggtttagacgttatacattg,2.0,ttt,1.0,,DWFRRYTL,,False,False,2.0,1.0,1.0,49.0,54.0,51.0,1387.0,1220.0,1130.0,True,False,True,True,False,False,1.0,both,0.00521726700971984,0.005743663138864826,0.005482695545431168,0.00018548521417864118,0.00018538862949739083,0.0001933055630308796,-2.282556936350164,-2.240811039034243,-2.261005869857964,-3.73169070414359,-3.731916906102919,-3.71375564747766,F,non-synonymous,-1.8565438567263748,-1.9798531341580978,-1.8494236514451314,-0.35004684052412105,-0.2852936425369603,-0.3088568366537827,-0.3088568366537827
509,single,gatttggtgagacgttatacattg,1.0,ttg,1.0,,DLVRRYTL,,False,False,1.0,1.0,1.0,232.0,213.0,200.0,3454.0,2726.0,2722.0,True,False,True,True,False,False,1.0,both,0.01299238662694472,0.012833791570938948,0.013206988738640388,0.0008782157079478521,0.0007312551496841528,0.0007580610314936456,-1.8863110641920091,-1.8916450182103361,-1.8791961924740677,-3.056398799281204,-3.1359310624871495,-3.120295827911615,L,non-synonymous,-1.4990467027198464,-1.6521319370794003,-1.5799823582413266,0.0074503134824073225,0.04242755454173719,-0.039415543449977886,0.0074503134824073225
510,single,gattttgtgagacgttatacattg,1.0,ttt,1.0,,DFVRRYTL,,False,False,2.0,1.0,1.0,27.0,34.0,19.0,410.0,340.0,353.0,True,False,True,True,False,False,1.0,both,0.001542234660407451,0.0016006930059131483,0.0017127358650771702,0.00010220613842496556,0.00011672617412798682,7.201579799189632e-05,-2.8118495407037134,-2.795691952666736,-2.766309607953561,-3.990523020013116,-3.932831748883632,-4.142572222622767,F,non-synonymous,-1.5100462467520874,-1.5098658245787933,-1.752051639849061,-0.003549230549833693,0.18469366704234425,-0.21148482505771238,-0.003549230549833693
511,single,gcttgggtgagacgttatacattg,0.0,gct,1.0,,AWVRRYTL,,False,False,1.0,1.0,1.0,1.0,1.0,1.0,30.0,28.0,20.0,True,False,True,True,False,False,1.0,both,0.00011284643856639884,0.0001318217769575534,9.703885921117111e-05,3.7854125342579835e-06,3.4331227684702005e-06,3.790305157468228e-06,-3.9475121427037867,-3.880012838366772,-4.013054317677402,-5.421886784172104,-5.464310665925887,-5.421325823575596,A,non-synonymous,-1.8888809604506773,-2.103591092092668,-1.792800570881368,-0.3823839442484236,-0.4090316004715304,-0.2522337560900192,-0.3823839442484236
512,single,gggtgggtgagacgttatacattg,0.0,ggg,1.0,,GWVRRYTL,,False,False,2.0,1.0,1.0,42.0,86.0,44.0,1640.0,1250.0,1262.0,True,False,True,True,False,False,1.0,both,0.006168938641629804,0.005884900757033633,0.006123152016224897,0.0001589873264388353,0.00029524855808843724,0.00016677342692860203,-2.2097895493757513,-2.2302608567009345,-2.213024958433268,-3.798637493774203,-3.5298122146823196,-3.7778731470894087,G,non-synonymous,-2.0355373368580314,-1.7255118405220224,-1.9921305758267716,-0.5290403206557777,-0.03095234890088494,-0.45156376103542284,-0.45156376103542284
513,ortho,ggttgggttcaaagatgtgttttg,0.0,ggt,1.0,,GWVQRCVL,,False,False,10.0,4.0,6.0,35.0,22.0,18.0,359.0,271.0,243.0,True,False,True,True,False,False,1.0,both,0.0013503957148445728,0.0012758464841248916,0.001179022139415729,0.00013248943869902943,7.552870090634441e-05,6.82254928344281e-05,-2.86953894884513,-2.8942015788345854,-2.9284780397430716,-3.877818739821828,-4.121887985103681,-4.16605331847229,G,non-synonymous,-1.2917480038088407,-1.630091352261585,-1.5754956746066597,0.21474901239341304,0.06446813935955253,-0.03492885981531102,0.06446813935955253
514,ortho,ggttgggttcaaagatgtgttttg,2.0,gtt,2.0,,GWVQRCVL,,False,False,10.0,4.0,6.0,35.0,22.0,18.0,359.0,271.0,243.0,True,False,True,True,False,False,1.0,both,0.0013503957148445728,0.0012758464841248916,0.001179022139415729,0.00013248943869902943,7.552870090634441e-05,6.82254928344281e-05,-2.86953894884513,-2.8942015788345854,-2.9284780397430716,-3.877818739821828,-4.121887985103681,-4.16605331847229,V,synonymous,-1.2917480038088407,-1.630091352261585,-1.5754956746066597,0.21474901239341304,0.06446813935955253,-0.03492885981531102,0.06446813935955253
515,ortho,ggttgggttcaaagatgtgttttg,3.0,caa,3.0,,GWVQRCVL,,False,False,10.0,4.0,6.0,35.0,22.0,18.0,359.0,271.0,243.0,True,False,True,True,False,False,1.0,both,0.0013503957148445728,0.0012758464841248916,0.001179022139415729,0.00013248943869902943,7.552870090634441e-05,6.82254928344281e-05,-2.86953894884513,-2.8942015788345854,-2.9284780397430716,-3.877818739821828,-4.121887985103681,-4.16605331847229,Q,non-synonymous,-1.2917480038088407,-1.630091352261585,-1.5754956746066597,0.21474901239341304,0.06446813935955253,-0.03492885981531102,0.06446813935955253
516,ortho,ggttgggttcaaagatgtgttttg,4.0,aga,4.0,,GWVQRCVL,,False,False,10.0,4.0,6.0,35.0,22.0,18.0,359.0,271.0,243.0,True,False,True,True,False,False,1.0,both,0.0013503957148445728,0.0012758464841248916,0.001179022139415729,0.00013248943869902943,7.552870090634441e-05,6.82254928344281e-05,-2.86953894884513,-2.8942015788345854,-2.9284780397430716,-3.877818739821828,-4.121887985103681,-4.16605331847229,R,synonymous,-1.2917480038088407,-1.630091352261585,-1.5754956746066597,0.21474901239341304,0.06446813935955253,-0.03492885981531102,0.06446813935955253
517,ortho,ggttgggttcaaagatgtgttttg,5.0,tgt,5.0,,GWVQRCVL,,False,False,10.0,4.0,6.0,35.0,22.0,18.0,359.0,271.0,243.0,True,False,True,True,False,False,1.0,both,0.0013503957148445728,0.0012758464841248916,0.001179022139415729,0.00013248943869902943,7.552870090634441e-05,6.82254928344281e-05,-2.86953894884513,-2.8942015788345854,-2.9284780397430716,-3.877818739821828,-4.121887985103681,-4.16605331847229,C,non-synonymous,-1.2917480038088407,-1.630091352261585,-1.5754956746066597,0.21474901239341304,0.06446813935955253,-0.03492885981531102,0.06446813935955253
518,ortho,ggttgggttcaaagatgtgttttg,6.0,gtt,6.0,,GWVQRCVL,,False,False,10.0,4.0,6.0,35.0,22.0,18.0,359.0,271.0,243.0,True,False,True,True,False,False,1.0,both,0.0013503957148445728,0.0012758464841248916,0.001179022139415729,0.00013248943869902943,7.552870090634441e-05,6.82254928344281e-05,-2.86953894884513,-2.8942015788345854,-2.9284780397430716,-3.877818739821828,-4.121887985103681,-4.16605331847229,V,non-synonymous,-1.2917480038088407,-1.630091352261585,-1.5754956746066597,0.21474901239341304,0.06446813935955253,-0.03492885981531102,0.06446813935955253
519,ortho,ggttgggttgaaagatgtgttttg,0.0,ggt,1.0,,GWVERCVL,,False,False,10.0,4.0,6.0,181.0,207.0,174.0,468.0,337.0,329.0,True,False,True,True,False,False,1.0,both,0.001760404441635822,0.0015865692440962676,0.0015962892340237649,0.000685159668700695,0.0007106564130733316,0.0006595130973994717,-2.754387544349325,-2.7995409688376522,-2.7968884153914093,-3.164208209302919,-3.1483403204689697,-3.180776575292996,G,non-synonymous,-0.5250378224486811,-0.46312706882251853,-0.4887089665193558,0.9814591937535726,1.231432422798619,1.051857848271993,1.051857848271993
520,ortho,ggttgggttgaaagatgtgttttg,2.0,gtt,2.0,,GWVERCVL,,False,False,10.0,4.0,6.0,181.0,207.0,174.0,468.0,337.0,329.0,True,False,True,True,False,False,1.0,both,0.001760404441635822,0.0015865692440962676,0.0015962892340237649,0.000685159668700695,0.0007106564130733316,0.0006595130973994717,-2.754387544349325,-2.7995409688376522,-2.7968884153914093,-3.164208209302919,-3.1483403204689697,-3.180776575292996,V,synonymous,-0.5250378224486811,-0.46312706882251853,-0.4887089665193558,0.9814591937535726,1.231432422798619,1.051857848271993,1.051857848271993
521,ortho,ggttgggttgaaagatgtgttttg,3.0,gaa,3.0,,GWVERCVL,,False,False,10.0,4.0,6.0,181.0,207.0,174.0,468.0,337.0,329.0,True,False,True,True,False,False,1.0,both,0.001760404441635822,0.0015865692440962676,0.0015962892340237649,0.000685159668700695,0.0007106564130733316,0.0006595130973994717,-2.754387544349325,-2.7995409688376522,-2.7968884153914093,-3.164208209302919,-3.1483403204689697,-3.180776575292996,E,non-synonymous,-0.5250378224486811,-0.46312706882251853,-0.4887089665193558,0.9814591937535726,1.231432422798619,1.051857848271993,1.051857848271993
522,ortho,ggttgggttgaaagatgtgttttg,4.0,aga,4.0,,GWVERCVL,,False,False,10.0,4.0,6.0,181.0,207.0,174.0,468.0,337.0,329.0,True,False,True,True,False,False,1.0,both,0.001760404441635822,0.0015865692440962676,0.0015962892340237649,0.000685159668700695,0.0007106564130733316,0.0006595130973994717,-2.754387544349325,-2.7995409688376522,-2.7968884153914093,-3.164208209302919,-3.1483403204689697,-3.180776575292996,R,synonymous,-0.5250378224486811,-0.46312706882251853,-0.4887089665193558,0.9814591937535726,1.231432422798619,1.051857848271993,1.051857848271993
523,ortho,ggttgggttgaaagatgtgttttg,5.0,tgt,5.0,,GWVERCVL,,False,False,10.0,4.0,6.0,181.0,207.0,174.0,468.0,337.0,329.0,True,False,True,True,False,False,1.0,both,0.001760404441635822,0.0015865692440962676,0.0015962892340237649,0.000685159668700695,0.0007106564130733316,0.0006595130973994717,-2.754387544349325,-2.7995409688376522,-2.7968884153914093,-3.164208209302919,-3.1483403204689697,-3.180776575292996,C,non-synonymous,-0.5250378224486811,-0.46312706882251853,-0.4887089665193558,0.9814591937535726,1.231432422798619,1.051857848271993,1.051857848271993
524,ortho,ggttgggttgaaagatgtgttttg,6.0,gtt,6.0,,GWVERCVL,,False,False,10.0,4.0,6.0,181.0,207.0,174.0,468.0,337.0,329.0,True,False,True,True,False,False,1.0,both,0.001760404441635822,0.0015865692440962676,0.0015962892340237649,0.000685159668700695,0.0007106564130733316,0.0006595130973994717,-2.754387544349325,-2.7995409688376522,-2.7968884153914093,-3.164208209302919,-3.1483403204689697,-3.180776575292996,V,non-synonymous,-0.5250378224486811,-0.46312706882251853,-0.4887089665193558,0.9814591937535726,1.231432422798619,1.051857848271993,1.051857848271993
525,single,gtgtgggtgagacgttatacattg,0.0,gtg,1.0,,VWVRRYTL,,False,False,2.0,1.0,1.0,1.0,1.0,1.0,7.0,2.0,2.0,True,False,True,True,False,False,2.0,both,2.6330835665493063e-05,9.415841211253813e-06,9.703885921117111e-06,3.7854125342579835e-06,3.4331227684702005e-06,3.790305157468228e-06,-4.579535357409192,-5.0261408740450095,-5.013054317677402,-5.421886784172104,-5.464310665925887,-5.421325823575596,V,non-synonymous,-1.079170468122242,-0.5817909076128674,-0.5197501943221106,0.4273265480800117,1.1127685840082702,1.0208166204692382,1.0208166204692382
526,single,gtttgggtgagacgttatacattg,0.0,gtt,1.0,,VWVRRYTL,,False,False,1.0,1.0,1.0,12.0,8.0,8.0,225.0,158.0,152.0,True,False,True,True,False,False,1.0,both,0.0008463482892479914,0.0007438514556890513,0.0007374953300049005,4.54249504110958e-05,2.7464982147761604e-05,3.0322441259745823e-05,-3.0724508793120866,-3.128513782754568,-3.132240725396611,-4.342705538124479,-4.561220678933943,-4.518235836583653,V,non-synonymous,-1.6273745983347878,-1.902312438959784,-1.764441598205953,-0.12087758213253408,-0.20775294733864658,-0.2238747834146042,-0.20775294733864658
527,single,tagtgggtgagacgttatacattg,0.0,tag,1.0,,*WVRRYTL,,True,False,2.0,1.0,1.0,61.0,111.0,60.0,1387.0,1166.0,1054.0,True,False,True,True,False,False,1.0,both,0.00521726700971984,0.005489435426160973,0.0051139478804287175,0.000230910164589737,0.00038107662730019225,0.00022741830944809368,-2.282556936350164,-2.260472319285996,-2.2912437024648558,-3.6365569491613363,-3.41898768713923,-3.6431745731919523,*,stop,-1.7346641570706616,-1.5382477748033077,-1.721076104061215,-0.22816714086840784,0.15631171681782985,-0.1805092892698663,-0.1805092892698663
528,single,tattgggtgagacgttatacattg,0.0,tat,1.0,,YWVRRYTL,,False,False,1.0,1.0,1.0,114.0,132.0,155.0,3774.0,3331.0,3086.0,True,False,True,True,False,False,1.0,both,0.014196081971652974,0.015682083537343225,0.014973095976283702,0.0004315370289054101,0.00045317220543806646,0.0005874972994075753,-1.8478315015945366,-1.8045962370178141,-1.8246883916142542,-3.364981932835631,-3.3437367347200375,-3.2309941254053047,Y,non-synonymous,-1.9436827541044088,-2.043632317184795,-1.7902980439601395,-0.4371857379021551,-0.3490728255636575,-0.24973122916879076,-0.3490728255636575
529,single,tcgtgggtgagacgttatacattg,0.0,tcg,1.0,,SWVRRYTL,,False,False,3.0,1.0,1.0,3.0,3.0,6.0,17.0,25.0,10.0,True,False,True,True,False,False,2.0,both,6.394631518762601e-05,0.00011769801514067266,4.8519429605585556e-05,1.135623760277395e-05,1.0299368305410601e-05,2.2741830944809367e-05,-4.194184476045175,-3.9292308610369533,-4.314084313341383,-4.944765529452441,-4.9871894112062245,-4.643174573191953,S,non-synonymous,-0.9615997326460151,-1.4047309434035766,-0.4189484792247505,0.5448972835562387,0.2898285482175609,1.1216183355665983,0.5448972835562387
530,ortho,tcttggttgaaaagatgtgttatt,0.0,tct,1.0,,SWLKRCVI,,False,False,12.0,6.0,7.0,119.0,92.0,95.0,2176.0,1676.0,1708.0,True,False,True,True,False,False,1.0,both,0.00818512834401613,0.007890474935030695,0.008287118576634013,0.00045046409157670003,0.00031584729469925845,0.00036007898995948164,-2.086974506397307,-2.102896855414733,-2.0815964469883976,-3.346339822779573,-3.500522838580332,-3.443602218286748,S,non-synonymous,-1.6134238215040029,-1.8557328787062972,-1.7339019600272476,-0.10692680530174914,-0.16117338708515971,-0.1933351452358989,-0.16117338708515971
531,ortho,tcttggttgaaaagatgtgttatt,2.0,ttg,2.0,,SWLKRCVI,,False,False,12.0,6.0,7.0,119.0,92.0,95.0,2176.0,1676.0,1708.0,True,False,True,True,False,False,1.0,both,0.00818512834401613,0.007890474935030695,0.008287118576634013,0.00045046409157670003,0.00031584729469925845,0.00036007898995948164,-2.086974506397307,-2.102896855414733,-2.0815964469883976,-3.346339822779573,-3.500522838580332,-3.443602218286748,L,non-synonymous,-1.6134238215040029,-1.8557328787062972,-1.7339019600272476,-0.10692680530174914,-0.16117338708515971,-0.1933351452358989,-0.16117338708515971
532,ortho,tcttggttgaaaagatgtgttatt,3.0,aaa,3.0,,SWLKRCVI,,False,False,12.0,6.0,7.0,119.0,92.0,95.0,2176.0,1676.0,1708.0,True,False,True,True,False,False,1.0,both,0.00818512834401613,0.007890474935030695,0.008287118576634013,0.00045046409157670003,0.00031584729469925845,0.00036007898995948164,-2.086974506397307,-2.102896855414733,-2.0815964469883976,-3.346339822779573,-3.500522838580332,-3.443602218286748,K,non-synonymous,-1.6134238215040029,-1.8557328787062972,-1.7339019600272476,-0.10692680530174914,-0.16117338708515971,-0.1933351452358989,-0.16117338708515971
533,ortho,tcttggttgaaaagatgtgttatt,4.0,aga,4.0,,SWLKRCVI,,False,False,12.0,6.0,7.0,119.0,92.0,95.0,2176.0,1676.0,1708.0,True,False,True,True,False,False,1.0,both,0.00818512834401613,0.007890474935030695,0.008287118576634013,0.00045046409157670003,0.00031584729469925845,0.00036007898995948164,-2.086974506397307,-2.102896855414733,-2.0815964469883976,-3.346339822779573,-3.500522838580332,-3.443602218286748,R,synonymous,-1.6134238215040029,-1.8557328787062972,-1.7339019600272476,-0.10692680530174914,-0.16117338708515971,-0.1933351452358989,-0.16117338708515971
534,ortho,tcttggttgaaaagatgtgttatt,5.0,tgt,5.0,,SWLKRCVI,,False,False,12.0,6.0,7.0,119.0,92.0,95.0,2176.0,1676.0,1708.0,True,False,True,True,False,False,1.0,both,0.00818512834401613,0.007890474935030695,0.008287118576634013,0.00045046409157670003,0.00031584729469925845,0.00036007898995948164,-2.086974506397307,-2.102896855414733,-2.0815964469883976,-3.346339822779573,-3.500522838580332,-3.443602218286748,C,non-synonymous,-1.6134238215040029,-1.8557328787062972,-1.7339019600272476,-0.10692680530174914,-0.16117338708515971,-0.1933351452358989,-0.16117338708515971
535,ortho,tcttggttgaaaagatgtgttatt,6.0,gtt,6.0,,SWLKRCVI,,False,False,12.0,6.0,7.0,119.0,92.0,95.0,2176.0,1676.0,1708.0,True,False,True,True,False,False,1.0,both,0.00818512834401613,0.007890474935030695,0.008287118576634013,0.00045046409157670003,0.00031584729469925845,0.00036007898995948164,-2.086974506397307,-2.102896855414733,-2.0815964469883976,-3.346339822779573,-3.500522838580332,-3.443602218286748,V,non-synonymous,-1.6134238215040029,-1.8557328787062972,-1.7339019600272476,-0.10692680530174914,-0.16117338708515971,-0.1933351452358989,-0.16117338708515971
536,ortho,tcttggttgaaaagatgtgttatt,7.0,att,7.0,,SWLKRCVI,,False,False,12.0,6.0,7.0,119.0,92.0,95.0,2176.0,1676.0,1708.0,True,False,True,True,False,False,1.0,both,0.00818512834401613,0.007890474935030695,0.008287118576634013,0.00045046409157670003,0.00031584729469925845,0.00036007898995948164,-2.086974506397307,-2.102896855414733,-2.0815964469883976,-3.346339822779573,-3.500522838580332,-3.443602218286748,I,non-synonymous,-1.6134238215040029,-1.8557328787062972,-1.7339019600272476,-0.10692680530174914,-0.16117338708515971,-0.1933351452358989,-0.16117338708515971
537,single,tgttgggtgagacgttatacattg,0.0,tgt,1.0,,CWVRRYTL,,False,False,2.0,1.0,1.0,7.0,18.0,5.0,241.0,180.0,165.0,True,False,True,True,False,False,1.0,both,0.0009065330564834041,0.0008474257090128432,0.0008005705884921617,2.6497887739805885e-05,6.179620983246361e-05,1.8951525787341138e-05,-3.0426163548485805,-3.0718983646056848,-3.0966003691274775,-4.576788744157847,-4.2090381608225815,-4.722355819239577,C,non-synonymous,-1.9654902727636678,-1.5098658245787933,-2.069668587958474,-0.4589932565614141,0.18469366704234425,-0.5291017731671253,-0.4589932565614141
538,ortho,ttgtggattaaaagaactattatt,0.0,ttg,1.0,,LWIKRTII,,False,False,14.0,6.0,7.0,21.0,19.0,13.0,445.0,286.0,291.0,True,False,True,True,False,False,1.0,both,0.0016738888387349163,0.0013464652932092954,0.0014119154015225397,7.949366321941765e-05,6.522933260093381e-05,4.927396704708696e-05,-2.7762733864425173,-2.870804836579948,-2.8501913243554764,-4.099667489438184,-4.185557064973058,-4.30738247126876,L,non-synonymous,-1.695453688644397,-1.7456951766561293,-1.8550777382967711,-0.1889566724421432,-0.051135685034991774,-0.3145109235054224,-0.1889566724421432
539,ortho,ttgtggattaaaagaactattatt,2.0,att,2.0,,LWIKRTII,,False,False,14.0,6.0,7.0,21.0,19.0,13.0,445.0,286.0,291.0,True,False,True,True,False,False,1.0,both,0.0016738888387349163,0.0013464652932092954,0.0014119154015225397,7.949366321941765e-05,6.522933260093381e-05,4.927396704708696e-05,-2.7762733864425173,-2.870804836579948,-2.8501913243554764,-4.099667489438184,-4.185557064973058,-4.30738247126876,I,non-synonymous,-1.695453688644397,-1.7456951766561293,-1.8550777382967711,-0.1889566724421432,-0.051135685034991774,-0.3145109235054224,-0.1889566724421432
540,ortho,ttgtggattaaaagaactattatt,3.0,aaa,3.0,,LWIKRTII,,False,False,14.0,6.0,7.0,21.0,19.0,13.0,445.0,286.0,291.0,True,False,True,True,False,False,1.0,both,0.0016738888387349163,0.0013464652932092954,0.0014119154015225397,7.949366321941765e-05,6.522933260093381e-05,4.927396704708696e-05,-2.7762733864425173,-2.870804836579948,-2.8501913243554764,-4.099667489438184,-4.185557064973058,-4.30738247126876,K,non-synonymous,-1.695453688644397,-1.7456951766561293,-1.8550777382967711,-0.1889566724421432,-0.051135685034991774,-0.3145109235054224,-0.1889566724421432
541,ortho,ttgtggattaaaagaactattatt,4.0,aga,4.0,,LWIKRTII,,False,False,14.0,6.0,7.0,21.0,19.0,13.0,445.0,286.0,291.0,True,False,True,True,False,False,1.0,both,0.0016738888387349163,0.0013464652932092954,0.0014119154015225397,7.949366321941765e-05,6.522933260093381e-05,4.927396704708696e-05,-2.7762733864425173,-2.870804836579948,-2.8501913243554764,-4.099667489438184,-4.185557064973058,-4.30738247126876,R,synonymous,-1.695453688644397,-1.7456951766561293,-1.8550777382967711,-0.1889566724421432,-0.051135685034991774,-0.3145109235054224,-0.1889566724421432
542,ortho,ttgtggattaaaagaactattatt,5.0,act,5.0,,LWIKRTII,,False,False,14.0,6.0,7.0,21.0,19.0,13.0,445.0,286.0,291.0,True,False,True,True,False,False,1.0,both,0.0016738888387349163,0.0013464652932092954,0.0014119154015225397,7.949366321941765e-05,6.522933260093381e-05,4.927396704708696e-05,-2.7762733864425173,-2.870804836579948,-2.8501913243554764,-4.099667489438184,-4.185557064973058,-4.30738247126876,T,non-synonymous,-1.695453688644397,-1.7456951766561293,-1.8550777382967711,-0.1889566724421432,-0.051135685034991774,-0.3145109235054224,-0.1889566724421432
543,ortho,ttgtggattaaaagaactattatt,6.0,att,6.0,,LWIKRTII,,False,False,14.0,6.0,7.0,21.0,19.0,13.0,445.0,286.0,291.0,True,False,True,True,False,False,1.0,both,0.0016738888387349163,0.0013464652932092954,0.0014119154015225397,7.949366321941765e-05,6.522933260093381e-05,4.927396704708696e-05,-2.7762733864425173,-2.870804836579948,-2.8501913243554764,-4.099667489438184,-4.185557064973058,-4.30738247126876,I,non-synonymous,-1.695453688644397,-1.7456951766561293,-1.8550777382967711,-0.1889566724421432,-0.051135685034991774,-0.3145109235054224,-0.1889566724421432
544,ortho,ttgtggattaaaagaactattatt,7.0,att,7.0,,LWIKRTII,,False,False,14.0,6.0,7.0,21.0,19.0,13.0,445.0,286.0,291.0,True,False,True,True,False,False,1.0,both,0.0016738888387349163,0.0013464652932092954,0.0014119154015225397,7.949366321941765e-05,6.522933260093381e-05,4.927396704708696e-05,-2.7762733864425173,-2.870804836579948,-2.8501913243554764,-4.099667489438184,-4.185557064973058,-4.30738247126876,I,non-synonymous,-1.695453688644397,-1.7456951766561293,-1.8550777382967711,-0.1889566724421432,-0.051135685034991774,-0.3145109235054224,-0.1889566724421432
545,single,ttgtgggtgagacgttatacattg,0.0,ttg,1.0,,LWVRRYTL,,False,False,3.0,1.0,1.0,22.0,25.0,17.0,644.0,499.0,532.0,True,False,True,True,False,False,1.0,both,0.002422436881225362,0.0023492523822078266,0.0025812336550171517,8.327907575367563e-05,8.582806921175501e-05,6.443518767695987e-05,-2.615747530063637,-2.629070324085601,-2.5881726810463355,-4.079464103349897,-4.06637065725385,-4.1908769021973225,L,non-synonymous,-1.8752264784092456,-1.9084114898855626,-2.040323212249375,-0.3687294622069919,-0.21385199826442514,-0.49975639745802614,-0.3687294622069919
546,single,ttttgggtgagacgttatacattg,0.0,ttt,1.0,,FWVRRYTL,,False,False,2.0,1.0,1.0,184.0,152.0,135.0,4306.0,3486.0,3423.0,True,False,True,True,False,False,1.0,both,0.01619722548223045,0.016411811231215396,0.016608200753991935,0.000696515906303469,0.0005218346608074705,0.0005116911962582107,-1.7905593719359807,-1.7848434869350167,-1.7796774142035066,-3.157068961162567,-3.282467077981115,-3.29099205508059,F,non-synonymous,-1.7506906811641894,-1.988507205293667,-1.9239796726680898,-0.24419366496193562,-0.2939477136725295,-0.38341285787674106,-0.2939477136725295
547,WT,gattgggtgagacgttatacattg,0.0,gat,,,DWVRRYTL,True,,,,0.0,,,,,,,,,,,,,,1.0,,0.0034643856639884445,0.003582727580882076,0.0034351756160754575,0.0047734052056993175,0.0033919252952485583,0.004029094382388726,,,,,,,D,synonymous,0.17833739917895383,-0.031557904127264086,0.08816955517568643,1.6848344153812076,1.6630015874938735,1.6287363699670352,1.6630015874938735
548,WT,gattgggtgagacgttatacattg,1.0,tgg,,,DWVRRYTL,True,,,,0.0,,,,,,,,,,,,,,1.0,,0.0034643856639884445,0.003582727580882076,0.0034351756160754575,0.0047734052056993175,0.0033919252952485583,0.004029094382388726,,,,,,,W,synonymous,0.17833739917895383,-0.031557904127264086,0.08816955517568643,1.6848344153812076,1.6630015874938735,1.6287363699670352,1.6630015874938735
549,WT,gattgggtgagacgttatacattg,2.0,gtg,,,DWVRRYTL,True,,,,0.0,,,,,,,,,,,,,,1.0,,0.0034643856639884445,0.003582727580882076,0.0034351756160754575,0.0047734052056993175,0.0033919252952485583,0.004029094382388726,,,,,,,V,synonymous,0.17833739917895383,-0.031557904127264086,0.08816955517568643,1.6848344153812076,1.6630015874938735,1.6287363699670352,1.6630015874938735
550,WT,gattgggtgagacgttatacattg,3.0,aga,,,DWVRRYTL,True,,,,0.0,,,,,,,,,,,,,,1.0,,0.0034643856639884445,0.003582727580882076,0.0034351756160754575,0.0047734052056993175,0.0033919252952485583,0.004029094382388726,,,,,,,R,synonymous,0.17833739917895383,-0.031557904127264086,0.08816955517568643,1.6848344153812076,1.6630015874938735,1.6287363699670352,1.6630015874938735
551,WT,gattgggtgagacgttatacattg,4.0,cgt,,,DWVRRYTL,True,,,,0.0,,,,,,,,,,,,,,1.0,,0.0034643856639884445,0.003582727580882076,0.0034351756160754575,0.0047734052056993175,0.0033919252952485583,0.004029094382388726,,,,,,,R,synonymous,0.17833739917895383,-0.031557904127264086,0.08816955517568643,1.6848344153812076,1.6630015874938735,1.6287363699670352,1.6630015874938735
552,WT,gattgggtgagacgttatacattg,5.0,tat,,,DWVRRYTL,True,,,,0.0,,,,,,,,,,,,,,1.0,,0.0034643856639884445,0.003582727580882076,0.0034351756160754575,0.0047734052056993175,0.0033919252952485583,0.004029094382388726,,,,,,,Y,synonymous,0.17833739917895383,-0.031557904127264086,0.08816955517568643,1.6848344153812076,1.6630015874938735,1.6287363699670352,1.6630015874938735
553,WT,gattgggtgagacgttatacattg,6.0,aca,,,DWVRRYTL,True,,,,0.0,,,,,,,,,,,,,,1.0,,0.0034643856639884445,0.003582727580882076,0.0034351756160754575,0.0047734052056993175,0.0033919252952485583,0.004029094382388726,,,,,,,T,synonymous,0.17833739917895383,-0.031557904127264086,0.08816955517568643,1.6848344153812076,1.6630015874938735,1.6287363699670352,1.6630015874938735
554,WT,gattgggtgagacgttatacattg,7.0,ttg,,,DWVRRYTL,True,,,,0.0,,,,,,,,,,,,,,1.0,,0.0034643856639884445,0.003582727580882076,0.0034351756160754575,0.0047734052056993175,0.0033919252952485583,0.004029094382388726,,,,,,,L,synonymous,0.17833739917895383,-0.031557904127264086,0.08816955517568643,1.6848344153812076,1.6630015874938735,1.6287363699670352,1.6630015874938735
