,Filtered_sequenced_variants,Filtered_sequenced_variants_rc,Usable_variants,Covered_variants_%,Usable_variants_rc,Usable_variants_%rc,Unsequenced_variants,Unexpected_variants,Unexpected_variants_rc
input1,298,196599,208,60.099999999999994,186592.0,94.89999999999999,130,90,10007.0
input2,600,161533,210,60.699999999999996,151354.0,93.7,130,390,10179.0
input3,438,8242,196,56.599999999999994,7323.0,88.8,130,242,919.0
b1,269,158984,170,49.1,144388.0,90.8,130,99,14596.0
b2,234,256911,171,49.4,239190.0,93.10000000000001,130,63,17721.0
b3,231,232121,174,50.3,215160.0,92.7,130,57,16961.0
