,rep_compared,Pearson,replicate1,replicate2
0,"('1', '2')",0.9304815051740997,1,2
1,"('1', '3')",0.8467994137801389,1,3
2,"('2', '3')",0.8882273387325854,2,3
