,Total_reads,Reads_no_indels,Reads_no_indels_%,No_indels_acceptable_RC,Acceptable_RC_over_no_indels_%
input1,197963,197414,99.7,188919,95.7
input2,162929,162379,99.7,153285,94.39999999999999
input3,8500,8439,99.3,7472,88.5
b1,160154,159999,99.9,151767,94.89999999999999
b2,258536,258267,99.9,245199,94.89999999999999
b3,233475,233241,99.9,221779,95.1
