,total_readcount,WT,WT_%,single_mut_readcount,single_mut_readcount_%,ortho_mut_readcount,ortho_mut_readcount_%,double_mut_readcount,double_mut_readcount_%
input1,186592.0,3697.0,2.0,130609.0,70.0,52286.0,28.000000000000004,0.0,0.0
input2,151354.0,3058.0,2.0,110294.0,72.89999999999999,38002.0,25.1,0.0,0.0
input3,7323.0,141.0,1.9,5200.0,71.0,1982.0,27.1,0.0,0.0
b1,144388.0,65.0,0.0,139840.0,96.89999999999999,4483.0,3.1,0.0,0.0
b2,239190.0,135.0,0.1,233952.0,97.8,5103.0,2.1,0.0,0.0
b3,215160.0,59.0,0.0,209557.0,97.39999999999999,5544.0,2.6,0.0,0.0
