,seq_type,nt_seq,aa_pos,alt_codons,mutated_codon,aa_seq,WT,STOP,STOP_readthrough,Nham_nt,Nham_aa,Nmut_codons,b1,b2,b3,input1,input2,barcode_valid,indel,constant_region,permitted,too_many_substitutions,mixed_substitutions,confidence_score,Location,input1_abundance,input2_abundance,b1_abundance,b2_abundance,b3_abundance
0,single,aatgatacctacttatggtacattattgtgaat,0.0,aat,1.0,NDTYLWYIIVN,,False,False,3.0,1.0,1.0,3.0,1.0,2.0,282.0,294.0,True,False,True,True,False,False,1.0,both,0.0008046268899458732,0.0008772296252976315,1.4005929176684796e-05,4.63733705556921e-06,1.6147263038914905e-05
1,single,acggatacctacttatggtacattattgtgaat,0.0,acg,1.0,TDTYLWYIIVN,,False,False,2.0,1.0,1.0,16.0,21.0,1.0,4168.0,3687.0,True,False,True,True,False,False,1.0,both,0.011892499564873756,0.011001175607048868,7.469828894231892e-05,9.738407816695341e-05,8.073631519457453e-06
2,single,agggatacctacttatggtacattattgtgaat,0.0,agg,1.0,RDTYLWYIIVN,,False,False,2.0,1.0,1.0,1.0,1.0,1.0,11.0,7.0,True,False,True,True,False,False,2.0,both,3.138615528157661e-05,2.0886419649943606e-05,4.6686430588949324e-06,4.63733705556921e-06,8.073631519457453e-06
3,single,agtgatacctacttatggtacattattgtgaat,0.0,agt,1.0,SDTYLWYIIVN,,False,False,3.0,1.0,1.0,6.0,1.0,1.0,591.0,535.0,True,False,True,True,False,False,1.0,both,0.001686292524673798,0.0015963192161028328,2.8011858353369593e-05,4.63733705556921e-06,8.073631519457453e-06
4,single,atggatacctacttatggtacattattgtgaat,0.0,atg,1.0,MDTYLWYIIVN,,False,False,1.0,1.0,1.0,4.0,3.0,1.0,621.0,647.0,True,False,True,True,False,False,1.0,both,0.0017718911299871888,0.0019305019305019305,1.867457223557973e-05,1.3912011166707629e-05,8.073631519457453e-06
5,ortho,atggatattcaaatttggtatgctatttattct,0.0,atg,1.0,MDIQIWYAIYS,,False,False,15.0,7.0,8.0,1.0,9.0,3.0,57.0,92.0,True,False,True,True,False,False,1.0,both,0.00016263735009544244,0.00027450722968497314,4.6686430588949324e-06,4.173603350012289e-05,2.4220894558372356e-05
6,ortho,atggatattcaaatttggtatgctatttattct,2.0,att,2.0,MDIQIWYAIYS,,False,False,15.0,7.0,8.0,1.0,9.0,3.0,57.0,92.0,True,False,True,True,False,False,1.0,both,0.00016263735009544244,0.00027450722968497314,4.6686430588949324e-06,4.173603350012289e-05,2.4220894558372356e-05
7,ortho,atggatattcaaatttggtatgctatttattct,3.0,caa,3.0,MDIQIWYAIYS,,False,False,15.0,7.0,8.0,1.0,9.0,3.0,57.0,92.0,True,False,True,True,False,False,1.0,both,0.00016263735009544244,0.00027450722968497314,4.6686430588949324e-06,4.173603350012289e-05,2.4220894558372356e-05
8,ortho,atggatattcaaatttggtatgctatttattct,4.0,att,4.0,MDIQIWYAIYS,,False,False,15.0,7.0,8.0,1.0,9.0,3.0,57.0,92.0,True,False,True,True,False,False,1.0,both,0.00016263735009544244,0.00027450722968497314,4.6686430588949324e-06,4.173603350012289e-05,2.4220894558372356e-05
9,ortho,atggatattcaaatttggtatgctatttattct,6.0,tat,5.0,MDIQIWYAIYS,,False,False,15.0,7.0,8.0,1.0,9.0,3.0,57.0,92.0,True,False,True,True,False,False,1.0,both,0.00016263735009544244,0.00027450722968497314,4.6686430588949324e-06,4.173603350012289e-05,2.4220894558372356e-05
10,ortho,atggatattcaaatttggtatgctatttattct,7.0,gct,6.0,MDIQIWYAIYS,,False,False,15.0,7.0,8.0,1.0,9.0,3.0,57.0,92.0,True,False,True,True,False,False,1.0,both,0.00016263735009544244,0.00027450722968497314,4.6686430588949324e-06,4.173603350012289e-05,2.4220894558372356e-05
11,ortho,atggatattcaaatttggtatgctatttattct,9.0,tat,7.0,MDIQIWYAIYS,,False,False,15.0,7.0,8.0,1.0,9.0,3.0,57.0,92.0,True,False,True,True,False,False,1.0,both,0.00016263735009544244,0.00027450722968497314,4.6686430588949324e-06,4.173603350012289e-05,2.4220894558372356e-05
12,ortho,atggatattcaaatttggtatgctatttattct,10.0,tct,8.0,MDIQIWYAIYS,,False,False,15.0,7.0,8.0,1.0,9.0,3.0,57.0,92.0,True,False,True,True,False,False,1.0,both,0.00016263735009544244,0.00027450722968497314,4.6686430588949324e-06,4.173603350012289e-05,2.4220894558372356e-05
13,ortho,atggatttgcaaatttggtattctatttattct,0.0,atg,1.0,MDLQIWYSIYS,,False,False,16.0,7.0,8.0,1.0,1.0,4.0,43.0,51.0,True,False,True,True,False,False,1.0,both,0.00012269133428252676,0.0001521724860210177,4.6686430588949324e-06,4.63733705556921e-06,3.229452607782981e-05
14,ortho,atggatttgcaaatttggtattctatttattct,2.0,ttg,2.0,MDLQIWYSIYS,,False,False,16.0,7.0,8.0,1.0,1.0,4.0,43.0,51.0,True,False,True,True,False,False,1.0,both,0.00012269133428252676,0.0001521724860210177,4.6686430588949324e-06,4.63733705556921e-06,3.229452607782981e-05
15,ortho,atggatttgcaaatttggtattctatttattct,3.0,caa,3.0,MDLQIWYSIYS,,False,False,16.0,7.0,8.0,1.0,1.0,4.0,43.0,51.0,True,False,True,True,False,False,1.0,both,0.00012269133428252676,0.0001521724860210177,4.6686430588949324e-06,4.63733705556921e-06,3.229452607782981e-05
16,ortho,atggatttgcaaatttggtattctatttattct,4.0,att,4.0,MDLQIWYSIYS,,False,False,16.0,7.0,8.0,1.0,1.0,4.0,43.0,51.0,True,False,True,True,False,False,1.0,both,0.00012269133428252676,0.0001521724860210177,4.6686430588949324e-06,4.63733705556921e-06,3.229452607782981e-05
17,ortho,atggatttgcaaatttggtattctatttattct,6.0,tat,5.0,MDLQIWYSIYS,,False,False,16.0,7.0,8.0,1.0,1.0,4.0,43.0,51.0,True,False,True,True,False,False,1.0,both,0.00012269133428252676,0.0001521724860210177,4.6686430588949324e-06,4.63733705556921e-06,3.229452607782981e-05
18,ortho,atggatttgcaaatttggtattctatttattct,7.0,tct,6.0,MDLQIWYSIYS,,False,False,16.0,7.0,8.0,1.0,1.0,4.0,43.0,51.0,True,False,True,True,False,False,1.0,both,0.00012269133428252676,0.0001521724860210177,4.6686430588949324e-06,4.63733705556921e-06,3.229452607782981e-05
19,ortho,atggatttgcaaatttggtattctatttattct,9.0,tat,7.0,MDLQIWYSIYS,,False,False,16.0,7.0,8.0,1.0,1.0,4.0,43.0,51.0,True,False,True,True,False,False,1.0,both,0.00012269133428252676,0.0001521724860210177,4.6686430588949324e-06,4.63733705556921e-06,3.229452607782981e-05
20,ortho,atggatttgcaaatttggtattctatttattct,10.0,tct,8.0,MDLQIWYSIYS,,False,False,16.0,7.0,8.0,1.0,1.0,4.0,43.0,51.0,True,False,True,True,False,False,1.0,both,0.00012269133428252676,0.0001521724860210177,4.6686430588949324e-06,4.63733705556921e-06,3.229452607782981e-05
21,single,attgatacctacttatggtacattattgtgaat,0.0,att,1.0,IDTYLWYIIVN,,False,False,2.0,1.0,1.0,19.0,24.0,11.0,2153.0,2011.0,True,False,True,True,False,False,1.0,both,0.006143126574657677,0.006000369988005227,8.870421811900372e-05,0.00011129608933366103,8.880994671403197e-05
22,single,caggatacctacttatggtacattattgtgaat,0.0,cag,1.0,QDTYLWYIIVN,,False,False,2.0,1.0,1.0,1.0,1.0,1.0,7.0,4.0,True,False,True,True,False,False,2.0,both,1.9973007906457844e-05,1.1935096942824917e-05,4.6686430588949324e-06,4.63733705556921e-06,8.073631519457453e-06
23,single,catgatacctacttatggtacattattgtgaat,0.0,cat,1.0,HDTYLWYIIVN,,False,False,3.0,1.0,1.0,681.0,733.0,357.0,522.0,478.0,True,False,True,True,False,False,1.0,both,0.0014894157324529993,0.0014262440846675778,0.0031793459231074486,0.003399168061732231,0.0028822864524463104
24,single,ccggatacctacttatggtacattattgtgaat,0.0,ccg,1.0,PDTYLWYIIVN,,False,False,2.0,1.0,1.0,4.0,1.0,3.0,643.0,566.0,True,False,True,True,False,False,1.0,both,0.001834663440550342,0.001688816217409726,1.867457223557973e-05,4.63733705556921e-06,2.4220894558372356e-05
25,single,cctgatacctacttatggtacattattgtgaat,0.0,cct,1.0,PDTYLWYIIVN,,False,False,3.0,1.0,1.0,13.0,1.0,2.0,916.0,776.0,True,False,True,True,False,False,1.0,both,0.002613610748902198,0.002315408806908034,6.069235976563412e-05,4.63733705556921e-06,1.6147263038914905e-05
26,single,ctggatacctacttatggtacattattgtgaat,0.0,ctg,1.0,LDTYLWYIIVN,,False,False,1.0,0.0,1.0,1.0,1.0,5.0,1078.0,917.0,True,False,True,True,False,False,1.0,both,0.003075843217594508,0.0027361209741426124,4.6686430588949324e-06,4.63733705556921e-06,4.036815759728726e-05
27,single,cttgatacctacttatggtacattattgtgaat,0.0,ctt,1.0,LDTYLWYIIVN,,False,False,2.0,0.0,1.0,1.0,1.0,1.0,10.0,1.0,True,False,True,True,False,False,2.0,both,2.853286843779692e-05,2.9837742357062293e-06,4.6686430588949324e-06,4.63733705556921e-06,8.073631519457453e-06
28,single,gaggatacctacttatggtacattattgtgaat,0.0,gag,1.0,EDTYLWYIIVN,,False,False,2.0,1.0,1.0,38.0,70.0,29.0,1863.0,1807.0,True,False,True,True,False,False,1.0,both,0.0053156733899615664,0.005391680043921157,0.00017740843623800743,0.0003246135938898447,0.0002341353140642661
29,single,gcggatacctacttatggtacattattgtgaat,0.0,gcg,1.0,ADTYLWYIIVN,,False,False,2.0,1.0,1.0,1.0,8.0,5.0,323.0,303.0,True,False,True,True,False,False,1.0,both,0.0009216116505408405,0.0009040835934189875,4.6686430588949324e-06,3.709869644455368e-05,4.036815759728726e-05
30,single,gctgatacctacttatggtacattattgtgaat,0.0,gct,1.0,ADTYLWYIIVN,,False,False,3.0,1.0,1.0,1.0,1.0,1.0,2.0,7.0,True,False,True,True,False,False,2.0,both,5.7065736875593844e-06,2.0886419649943606e-05,4.6686430588949324e-06,4.63733705556921e-06,8.073631519457453e-06
31,single,gtggatacctacttatggtacattattgtgaat,0.0,gtg,1.0,VDTYLWYIIVN,,False,False,1.0,1.0,1.0,1.0,1.0,1.0,8.0,1.0,True,False,True,True,False,False,2.0,both,2.2826294750237538e-05,2.9837742357062293e-06,4.6686430588949324e-06,4.63733705556921e-06,8.073631519457453e-06
32,single,gttgatacctacttatggtacattattgtgaat,0.0,gtt,1.0,VDTYLWYIIVN,,False,False,2.0,1.0,1.0,15.0,12.0,5.0,778.0,793.0,True,False,True,True,False,False,1.0,both,0.0022198571644606005,0.00236613296891504,7.002964588342398e-05,5.5648044666830517e-05,4.036815759728726e-05
33,single,taggatacctacttatggtacattattgtgaat,0.0,tag,1.0,*DTYLWYIIVN,,True,False,1.0,1.0,1.0,7.0,10.0,2.0,545.0,497.0,True,False,True,True,False,False,1.0,both,0.0015550413298599322,0.001482935795145996,3.2680501412264525e-05,4.63733705556921e-05,1.6147263038914905e-05
34,single,tatgatacctacttatggtacattattgtgaat,0.0,tat,1.0,YDTYLWYIIVN,,False,False,2.0,1.0,1.0,2.0,6.0,4.0,788.0,754.0,True,False,True,True,False,False,1.0,both,0.0022483900328983974,0.002249765773722497,9.337286117789865e-06,2.7824022333415258e-05,3.229452607782981e-05
35,single,tgtgatacctacttatggtacattattgtgaat,0.0,tgt,1.0,CDTYLWYIIVN,,False,False,2.0,1.0,1.0,4.0,3.0,2.0,358.0,359.0,True,False,True,True,False,False,1.0,both,0.0010214766900731298,0.0010711749506185364,1.867457223557973e-05,1.3912011166707629e-05,1.6147263038914905e-05
36,single,ttgaagacctacttatggtacattattgtgaat,1.0,aag,1.0,LKTYLWYIIVN,,False,False,2.0,1.0,1.0,1.0,1.0,1.0,44.0,43.0,True,False,True,True,False,False,1.0,both,0.00012554462112630645,0.00012830229213536788,4.6686430588949324e-06,4.63733705556921e-06,8.073631519457453e-06
37,single,ttgaatacctacttatggtacattattgtgaat,1.0,aat,1.0,LNTYLWYIIVN,,False,False,1.0,1.0,1.0,9.0,8.0,9.0,1711.0,1593.0,True,False,True,True,False,False,1.0,both,0.004881973789707053,0.004753152357480024,4.201778753005439e-05,3.709869644455368e-05,7.266268367511706e-05
38,single,ttgacgacctacttatggtacattattgtgaat,1.0,acg,1.0,LTTYLWYIIVN,,False,False,3.0,1.0,1.0,3.0,4.0,1.0,1069.0,1032.0,True,False,True,True,False,False,1.0,both,0.003050163636000491,0.003079255011248829,1.4005929176684796e-05,1.854934822227684e-05,8.073631519457453e-06
39,single,ttgaggacctacttatggtacattattgtgaat,1.0,agg,1.0,LRTYLWYIIVN,,False,False,3.0,1.0,1.0,2.0,3.0,5.0,415.0,370.0,True,False,True,True,False,False,1.0,both,0.0011841140401685722,0.001103996467211305,9.337286117789865e-06,1.3912011166707629e-05,4.036815759728726e-05
40,single,ttgatgacctacttatggtacattattgtgaat,1.0,atg,1.0,LMTYLWYIIVN,,False,False,3.0,1.0,1.0,10594.0,10617.0,6001.0,817.0,858.0,True,False,True,True,False,False,1.0,both,0.0023311353513680083,0.002560078294235945,0.04945960456593291,0.049234607518978304,0.04844986274826417
41,single,ttgattacctacttatggtacattattgtgaat,1.0,att,1.0,LITYLWYIIVN,,False,False,2.0,1.0,1.0,21849.0,21522.0,12287.0,2269.0,2285.0,True,False,True,True,False,False,1.0,both,0.006474107848536121,0.006817924128588735,0.10200518219379537,0.09980476810996054,0.09920071047957371
42,single,ttgcagacctacttatggtacattattgtgaat,1.0,cag,1.0,LQTYLWYIIVN,,False,False,2.0,1.0,1.0,3731.0,3575.0,1985.0,440.0,429.0,True,False,True,True,False,False,1.0,both,0.0012554462112630645,0.0012800391471179725,0.017418707252736993,0.016578479973659927,0.016026158566123043
43,single,ttgcatacctacttatggtacattattgtgaat,1.0,cat,1.0,LHTYLWYIIVN,,False,False,1.0,1.0,1.0,2.0,1.0,1.0,4.0,3.0,True,False,True,True,False,False,3.0,both,1.1413147375118769e-05,8.951322707118688e-06,9.337286117789865e-06,4.63733705556921e-06,8.073631519457453e-06
44,single,ttgccgacctacttatggtacattattgtgaat,1.0,ccg,1.0,LPTYLWYIIVN,,False,False,3.0,1.0,1.0,168.0,112.0,62.0,503.0,526.0,True,False,True,True,False,False,1.0,both,0.001435203282421185,0.0015694652479814766,0.0007843320338943486,0.0005193817502237515,0.000500565154206362
45,single,ttgcggacctacttatggtacattattgtgaat,1.0,cgg,1.0,LRTYLWYIIVN,,False,False,3.0,1.0,1.0,1.0,6.0,1.0,3.0,7.0,True,False,True,True,False,False,2.0,both,8.559860531339077e-06,2.0886419649943606e-05,4.6686430588949324e-06,2.7824022333415258e-05,8.073631519457453e-06
46,single,ttgcgtacctacttatggtacattattgtgaat,1.0,cgt,1.0,LRTYLWYIIVN,,False,False,2.0,1.0,1.0,1.0,3.0,4.0,10.0,19.0,True,False,True,True,False,False,2.0,both,2.853286843779692e-05,5.669171047841836e-05,4.6686430588949324e-06,1.3912011166707629e-05,3.229452607782981e-05
47,single,ttgctgacctacttatggtacattattgtgaat,1.0,ctg,1.0,LLTYLWYIIVN,,False,False,3.0,1.0,1.0,1.0,1.0,1.0,6.0,4.0,True,False,True,True,False,False,2.0,both,1.7119721062678153e-05,1.1935096942824917e-05,4.6686430588949324e-06,4.63733705556921e-06,8.073631519457453e-06
48,single,ttgcttacctacttatggtacattattgtgaat,1.0,ctt,1.0,LLTYLWYIIVN,,False,False,2.0,1.0,1.0,2676.0,2740.0,1578.0,315.0,285.0,True,False,True,True,False,False,1.0,both,0.000898785355790603,0.0008503756571762754,0.012493288825602838,0.012706303532259636,0.012740190537703859
49,single,ttggagacctacttatggtacattattgtgaat,1.0,gag,1.0,LETYLWYIIVN,,False,False,1.0,1.0,1.0,4.0,3.0,1.0,451.0,367.0,True,False,True,True,False,False,1.0,both,0.0012868323665446411,0.0010950451445041862,1.867457223557973e-05,1.3912011166707629e-05,8.073631519457453e-06
50,single,ttggataagtacttatggtacattattgtgaat,2.0,aag,1.0,LDKYLWYIIVN,,False,False,2.0,1.0,1.0,377.0,310.0,141.0,513.0,512.0,True,False,True,True,False,False,1.0,both,0.001463736150858982,0.0015276924086815894,0.0017600784332033894,0.001437574487226455,0.0011383820442435006
51,single,ttggataccaagttatggtacattattgtgaat,3.0,aag,1.0,LDTKLWYIIVN,,False,False,2.0,1.0,1.0,4.0,7.0,3.0,837.0,838.0,True,False,True,True,False,False,1.0,both,0.002388201088243602,0.0025004028095218203,1.867457223557973e-05,3.246135938898447e-05,2.4220894558372356e-05
52,single,ttggataccaatttatggtacattattgtgaat,3.0,aat,1.0,LDTNLWYIIVN,,False,False,2.0,1.0,1.0,1.0,1.0,1.0,11.0,10.0,True,False,True,True,False,False,2.0,both,3.138615528157661e-05,2.9837742357062296e-05,4.6686430588949324e-06,4.63733705556921e-06,8.073631519457453e-06
53,single,ttggataccacgttatggtacattattgtgaat,3.0,acg,1.0,LDTTLWYIIVN,,False,False,3.0,1.0,1.0,1.0,3.0,1.0,9.0,1.0,True,False,True,True,False,False,2.0,both,2.567958159401723e-05,2.9837742357062293e-06,4.6686430588949324e-06,1.3912011166707629e-05,8.073631519457453e-06
54,single,ttggataccactttatggtacattattgtgaat,3.0,act,1.0,LDTTLWYIIVN,,False,False,3.0,1.0,1.0,3.0,2.0,2.0,50.0,49.0,True,False,True,True,False,False,1.0,both,0.0001426643421889846,0.00014620493754960524,1.4005929176684796e-05,9.27467411113842e-06,1.6147263038914905e-05
55,single,ttggataccaggttatggtacattattgtgaat,3.0,agg,1.0,LDTRLWYIIVN,,False,False,3.0,1.0,1.0,16.0,27.0,12.0,1874.0,1811.0,True,False,True,True,False,False,1.0,both,0.005347059545243143,0.005403615140863982,7.469828894231892e-05,0.00012520810050036866,9.688357823348942e-05
56,single,ttggataccatgttatggtacattattgtgaat,3.0,atg,1.0,LDTMLWYIIVN,,False,False,3.0,1.0,1.0,6.0,5.0,1.0,749.0,648.0,True,False,True,True,False,False,1.0,both,0.002137111845990989,0.0019334857047376367,2.8011858353369593e-05,2.318668527784605e-05,8.073631519457453e-06
57,single,ttggataccattttatggtacattattgtgaat,3.0,att,1.0,LDTILWYIIVN,,False,False,3.0,1.0,1.0,60.0,90.0,60.0,664.0,632.0,True,False,True,True,False,False,1.0,both,0.0018945824642697155,0.0018857453169663372,0.0002801185835336959,0.0004173603350012289,0.00048441789116744714
58,single,ttggatacccagttatggtacattattgtgaat,3.0,cag,1.0,LDTQLWYIIVN,,False,False,2.0,1.0,1.0,24.0,3.0,11.0,2219.0,2122.0,True,False,True,True,False,False,1.0,both,0.006331443506347137,0.006331568928168619,0.00011204743341347837,1.3912011166707629e-05,8.880994671403197e-05
59,single,ttggatacccatttatggtacattattgtgaat,3.0,cat,1.0,LDTHLWYIIVN,,False,False,2.0,1.0,1.0,7.0,4.0,3.0,220.0,150.0,True,False,True,True,False,False,1.0,both,0.0006277231056315322,0.0004475661353559344,3.2680501412264525e-05,1.854934822227684e-05,2.4220894558372356e-05
60,single,ttggataccccgttatggtacattattgtgaat,3.0,ccg,1.0,LDTPLWYIIVN,,False,False,3.0,1.0,1.0,4066.0,4106.0,2325.0,986.0,806.0,True,False,True,True,False,False,1.0,both,0.0028133408279667764,0.002404922033979221,0.018982702677466795,0.019040905950167174,0.018771193282738574
61,single,ttggatacccctttatggtacattattgtgaat,3.0,cct,1.0,LDTPLWYIIVN,,False,False,3.0,1.0,1.0,10766.0,11432.0,6781.0,2615.0,2530.0,True,False,True,True,False,False,1.0,both,0.007461345096483895,0.007548948816336761,0.05026261117206284,0.05301403721926721,0.054747295333440985
62,single,ttggatacccggttatggtacattattgtgaat,3.0,cgg,1.0,LDTRLWYIIVN,,False,False,3.0,1.0,1.0,5.0,8.0,2.0,591.0,562.0,True,False,True,True,False,False,1.0,both,0.001686292524673798,0.001676881120466901,2.334321529447466e-05,3.709869644455368e-05,1.6147263038914905e-05
63,single,ttggatacccgtttatggtacattattgtgaat,3.0,cgt,1.0,LDTRLWYIIVN,,False,False,3.0,1.0,1.0,6.0,14.0,6.0,1389.0,1252.0,True,False,True,True,False,False,1.0,both,0.003963215426009992,0.0037356853431041994,2.8011858353369593e-05,6.492271877796893e-05,4.844178911674471e-05
64,single,ttggataccctgttatggtacattattgtgaat,3.0,ctg,1.0,LDTLLWYIIVN,,False,False,3.0,1.0,1.0,1243.0,1373.0,816.0,714.0,656.0,True,False,True,True,False,False,1.0,both,0.0020372468064587,0.0019573558986232865,0.005803123322206401,0.006367063777296525,0.006588083319877281
65,single,ttggatacccttttatggtacattattgtgaat,3.0,ctt,1.0,LDTLLWYIIVN,,False,False,3.0,1.0,1.0,5352.0,5511.0,3181.0,2650.0,2415.0,True,False,True,True,False,False,1.0,both,0.007561210136016184,0.007205814779230544,0.024986577651205676,0.025556364513241916,0.025682221863394156
66,single,ttggataccgatttatggtacattattgtgaat,3.0,gat,1.0,LDTDLWYIIVN,,False,False,2.0,1.0,1.0,12.0,21.0,4.0,2217.0,2173.0,True,False,True,True,False,False,1.0,both,0.006325736932659577,0.006483741414189637,5.6023716706739186e-05,9.738407816695341e-05,3.229452607782981e-05
67,single,ttggataccgcgttatggtacattattgtgaat,3.0,gcg,1.0,LDTALWYIIVN,,False,False,3.0,1.0,1.0,1.0,2.0,6.0,1017.0,1035.0,True,False,True,True,False,False,1.0,both,0.002901792720123947,0.0030882063339559476,4.6686430588949324e-06,9.27467411113842e-06,4.844178911674471e-05
68,single,ttggataccgctttatggtacattattgtgaat,3.0,gct,1.0,LDTALWYIIVN,,False,False,3.0,1.0,1.0,12.0,10.0,8.0,2324.0,2241.0,True,False,True,True,False,False,1.0,both,0.006631038624944004,0.006686638062217661,5.6023716706739186e-05,4.63733705556921e-05,6.458905215565962e-05
69,single,ttggataccgggttatggtacattattgtgaat,3.0,ggg,1.0,LDTGLWYIIVN,,False,False,3.0,1.0,1.0,159.0,201.0,81.0,1927.0,1805.0,True,False,True,True,False,False,1.0,both,0.005498283747963467,0.0053857124954497446,0.0007423142463642942,0.0009321047481694112,0.0006539641530760536
70,single,ttggataccggtttatggtacattattgtgaat,3.0,ggt,1.0,LDTGLWYIIVN,,False,False,3.0,1.0,1.0,1.0,1.0,1.0,10.0,4.0,True,False,True,True,False,False,2.0,both,2.853286843779692e-05,1.1935096942824917e-05,4.6686430588949324e-06,4.63733705556921e-06,8.073631519457453e-06
71,single,ttggataccgtgttatggtacattattgtgaat,3.0,gtg,1.0,LDTVLWYIIVN,,False,False,3.0,1.0,1.0,44.0,42.0,28.0,562.0,536.0,True,False,True,True,False,False,1.0,both,0.0016035472062041868,0.001599302990338539,0.000205420294591377,0.00019476815633390681,0.00022606168254480865
72,single,ttggataccgttttatggtacattattgtgaat,3.0,gtt,1.0,LDTVLWYIIVN,,False,False,3.0,1.0,1.0,153.0,138.0,64.0,1624.0,1343.0,True,False,True,True,False,False,1.0,both,0.00463373783429822,0.004007208798553466,0.0007143023880109246,0.000639952513668551,0.000516712417245277
73,single,ttggatacctacaattggtacattattgtgaat,4.0,aat,1.0,LDTYNWYIIVN,,False,False,3.0,1.0,1.0,7.0,6.0,3.0,1103.0,1083.0,True,False,True,True,False,False,1.0,both,0.003147175388689,0.0032314274972698467,3.2680501412264525e-05,2.7824022333415258e-05,2.4220894558372356e-05
74,single,ttggatacctacacgtggtacattattgtgaat,4.0,acg,1.0,LDTYTWYIIVN,,False,False,3.0,1.0,1.0,4.0,3.0,5.0,778.0,720.0,True,False,True,True,False,False,1.0,both,0.0022198571644606005,0.002148317449708485,1.867457223557973e-05,1.3912011166707629e-05,4.036815759728726e-05
75,single,ttggatacctacaggtggtacattattgtgaat,4.0,agg,1.0,LDTYRWYIIVN,,False,False,3.0,1.0,1.0,3.0,10.0,3.0,725.0,735.0,True,False,True,True,False,False,1.0,both,0.0020686329617402768,0.0021930740632440785,1.4005929176684796e-05,4.63733705556921e-05,2.4220894558372356e-05
76,single,ttggatacctacagttggtacattattgtgaat,4.0,agt,1.0,LDTYSWYIIVN,,False,False,3.0,1.0,1.0,12.0,4.0,3.0,1500.0,1438.0,True,False,True,True,False,False,1.0,both,0.004279930265669538,0.004290667350945558,5.6023716706739186e-05,1.854934822227684e-05,2.4220894558372356e-05
77,single,ttggatacctacatgtggtacattattgtgaat,4.0,atg,1.0,LDTYMWYIIVN,,False,False,2.0,1.0,1.0,6.0,4.0,4.0,1565.0,1648.0,True,False,True,True,False,False,1.0,both,0.004465393910515218,0.004917259940443866,2.8011858353369593e-05,1.854934822227684e-05,3.229452607782981e-05
78,single,ttggatacctacatttggtacattattgtgaat,4.0,att,1.0,LDTYIWYIIVN,,False,False,2.0,1.0,1.0,4.0,5.0,1.0,368.0,314.0,True,False,True,True,False,False,1.0,both,0.0010500095585109267,0.000936905110011756,1.867457223557973e-05,2.318668527784605e-05,8.073631519457453e-06
79,single,ttggatacctaccagtggtacattattgtgaat,4.0,cag,1.0,LDTYQWYIIVN,,False,False,3.0,1.0,1.0,1.0,1.0,1.0,439.0,363.0,True,False,True,True,False,False,1.0,both,0.001252592924419285,0.0010831100475613613,4.6686430588949324e-06,4.63733705556921e-06,8.073631519457453e-06
80,single,ttggatacctaccattggtacattattgtgaat,4.0,cat,1.0,LDTYHWYIIVN,,False,False,3.0,1.0,1.0,13.0,4.0,1.0,2538.0,2254.0,True,False,True,True,False,False,1.0,both,0.007241642009512858,0.006725427127281841,6.069235976563412e-05,1.854934822227684e-05,8.073631519457453e-06
81,single,ttggatacctacccgtggtacattattgtgaat,4.0,ccg,1.0,LDTYPWYIIVN,,False,False,3.0,1.0,1.0,1.0,1.0,1.0,2.0,4.0,True,False,True,True,False,False,3.0,both,5.7065736875593844e-06,1.1935096942824917e-05,4.6686430588949324e-06,4.63733705556921e-06,8.073631519457453e-06
82,single,ttggatacctaccggtggtacattattgtgaat,4.0,cgg,1.0,LDTYRWYIIVN,,False,False,3.0,1.0,1.0,2.0,2.0,1.0,182.0,227.0,True,False,True,True,False,False,1.0,both,0.0005192982055679039,0.0006773167515053141,9.337286117789865e-06,9.27467411113842e-06,8.073631519457453e-06
83,single,ttggatacctaccgttggtacattattgtgaat,4.0,cgt,1.0,LDTYRWYIIVN,,False,False,3.0,1.0,1.0,1.0,4.0,2.0,1.0,5.0,True,False,True,True,False,False,2.0,both,2.8532868437796922e-06,1.4918871178531148e-05,4.6686430588949324e-06,1.854934822227684e-05,1.6147263038914905e-05
84,single,ttggatacctacctgtggtacattattgtgaat,4.0,ctg,1.0,LDTYLWYIIVN,,False,False,2.0,0.0,1.0,5.0,7.0,1.0,822.0,776.0,True,False,True,True,False,False,1.0,both,0.0023454017855869067,0.002315408806908034,2.334321529447466e-05,3.246135938898447e-05,8.073631519457453e-06
85,single,ttggatacctacctttggtacattattgtgaat,4.0,ctt,1.0,LDTYLWYIIVN,,False,False,2.0,0.0,1.0,14.0,6.0,4.0,1431.0,1392.0,True,False,True,True,False,False,1.0,both,0.004083053473448739,0.004153413736103072,6.536100282452905e-05,2.7824022333415258e-05,3.229452607782981e-05
86,single,ttggatacctacgagtggtacattattgtgaat,4.0,gag,1.0,LDTYEWYIIVN,,False,False,3.0,1.0,1.0,5.0,17.0,2.0,1499.0,1438.0,True,False,True,True,False,False,1.0,both,0.004277076978825759,0.004290667350945558,2.334321529447466e-05,7.883472994467657e-05,1.6147263038914905e-05
87,single,ttggatacctacgattggtacattattgtgaat,4.0,gat,1.0,LDTYDWYIIVN,,False,False,3.0,1.0,1.0,15.0,7.0,6.0,894.0,877.0,True,False,True,True,False,False,1.0,both,0.0025508384383390445,0.0026167700047143635,7.002964588342398e-05,3.246135938898447e-05,4.844178911674471e-05
88,single,ttggatacctacgcgtggtacattattgtgaat,4.0,gcg,1.0,LDTYAWYIIVN,,False,False,3.0,1.0,1.0,6.0,11.0,2.0,1096.0,1014.0,True,False,True,True,False,False,1.0,both,0.0031272023807825426,0.0030255470750061167,2.8011858353369593e-05,5.101070761126131e-05,1.6147263038914905e-05
89,single,ttggatacctacgcttggtacattattgtgaat,4.0,gct,1.0,LDTYAWYIIVN,,False,False,3.0,1.0,1.0,2.0,3.0,2.0,1130.0,1036.0,True,False,True,True,False,False,1.0,both,0.003224214133471052,0.0030911901081916537,9.337286117789865e-06,1.3912011166707629e-05,1.6147263038914905e-05
90,single,ttggatacctacgggtggtacattattgtgaat,4.0,ggg,1.0,LDTYGWYIIVN,,False,False,3.0,1.0,1.0,8.0,1.0,1.0,6.0,6.0,True,False,True,True,False,False,2.0,both,1.7119721062678153e-05,1.7902645414237377e-05,3.734914447115946e-05,4.63733705556921e-06,8.073631519457453e-06
91,single,ttggatacctacggttggtacattattgtgaat,4.0,ggt,1.0,LDTYGWYIIVN,,False,False,3.0,1.0,1.0,1.0,4.0,1.0,6.0,3.0,True,False,True,True,False,False,2.0,both,1.7119721062678153e-05,8.951322707118688e-06,4.6686430588949324e-06,1.854934822227684e-05,8.073631519457453e-06
92,single,ttggatacctacgtgtggtacattattgtgaat,4.0,gtg,1.0,LDTYVWYIIVN,,False,False,2.0,1.0,1.0,3.0,4.0,4.0,1079.0,959.0,True,False,True,True,False,False,1.0,both,0.0030786965044382877,0.002861439492042274,1.4005929176684796e-05,1.854934822227684e-05,3.229452607782981e-05
93,single,ttggatacctacgtttggtacattattgtgaat,4.0,gtt,1.0,LDTYVWYIIVN,,False,False,2.0,1.0,1.0,6.0,4.0,9.0,1513.0,1430.0,True,False,True,True,False,False,1.0,both,0.004317022994638674,0.004266797157059909,2.8011858353369593e-05,1.854934822227684e-05,7.266268367511706e-05
94,single,ttggatacctactagtggtacattattgtgaat,4.0,tag,1.0,LDTY*WYIIVN,,True,False,2.0,1.0,1.0,2.0,1.0,3.0,64.0,69.0,True,False,True,True,False,False,1.0,both,0.0001826103580019003,0.00020588042226372984,9.337286117789865e-06,4.63733705556921e-06,2.4220894558372356e-05
95,single,ttggatacctactattggtacattattgtgaat,4.0,tat,1.0,LDTYYWYIIVN,,False,False,2.0,1.0,1.0,6.0,9.0,1.0,131.0,145.0,True,False,True,True,False,False,1.0,both,0.00037378057653513966,0.0004326472641774033,2.8011858353369593e-05,4.173603350012289e-05,8.073631519457453e-06
96,single,ttggatacctactcgtggtacattattgtgaat,4.0,tcg,1.0,LDTYSWYIIVN,,False,False,2.0,1.0,1.0,4.0,1.0,1.0,716.0,685.0,True,False,True,True,False,False,1.0,both,0.0020429533801462597,0.002043885351458767,1.867457223557973e-05,4.63733705556921e-06,8.073631519457453e-06
97,single,ttggatacctactcttggtacattattgtgaat,4.0,tct,1.0,LDTYSWYIIVN,,False,False,2.0,1.0,1.0,3.0,8.0,2.0,1001.0,973.0,True,False,True,True,False,False,1.0,both,0.0028561401306234717,0.0029032123313421612,1.4005929176684796e-05,3.709869644455368e-05,1.6147263038914905e-05
98,single,ttggatacctactggtggtacattattgtgaat,4.0,tgg,1.0,LDTYWWYIIVN,,False,False,2.0,1.0,1.0,9.0,11.0,8.0,1923.0,1709.0,True,False,True,True,False,False,1.0,both,0.005486870600588348,0.005099270168821946,4.201778753005439e-05,5.101070761126131e-05,6.458905215565962e-05
99,single,ttggatacctactgttggtacattattgtgaat,4.0,tgt,1.0,LDTYCWYIIVN,,False,False,2.0,1.0,1.0,11.0,6.0,4.0,591.0,583.0,True,False,True,True,False,False,1.0,both,0.001686292524673798,0.001739540379416732,5.135507364784425e-05,2.7824022333415258e-05,3.229452607782981e-05
100,single,ttggatacctacttaaagtacattattgtgaat,5.0,aag,1.0,LDTYLKYIIVN,,False,False,2.0,1.0,1.0,1.0,1.0,3.0,485.0,454.0,True,False,True,True,False,False,1.0,both,0.0013838441192331507,0.0013546335030106282,4.6686430588949324e-06,4.63733705556921e-06,2.4220894558372356e-05
101,single,ttggatacctacttaacttacattattgtgaat,5.0,act,1.0,LDTYLTYIIVN,,False,False,3.0,1.0,1.0,3.0,6.0,4.0,2103.0,1762.0,True,False,True,True,False,False,1.0,both,0.0060004622324686925,0.005257410203314376,1.4005929176684796e-05,2.7824022333415258e-05,3.229452607782981e-05
102,single,ttggatacctacttaaggtacattattgtgaat,5.0,agg,1.0,LDTYLRYIIVN,,False,False,1.0,1.0,1.0,14.0,8.0,10.0,694.0,631.0,True,False,True,True,False,False,1.0,both,0.0019801810695831063,0.0018827615427306308,6.536100282452905e-05,3.709869644455368e-05,8.073631519457452e-05
103,single,ttggatacctacttaagttacattattgtgaat,5.0,agt,1.0,LDTYLSYIIVN,,False,False,2.0,1.0,1.0,6.0,10.0,5.0,1902.0,1762.0,True,False,True,True,False,False,1.0,both,0.005426951576868975,0.005257410203314376,2.8011858353369593e-05,4.63733705556921e-05,4.036815759728726e-05
104,single,ttggatacctacttaatgtacattattgtgaat,5.0,atg,1.0,LDTYLMYIIVN,,False,False,2.0,1.0,1.0,3400.0,3186.0,1693.0,1131.0,1176.0,True,False,True,True,False,False,1.0,both,0.0032270674203148317,0.003508918501190526,0.01587338640024277,0.014774555859043503,0.013668658162441467
105,single,ttggatacctacttaatttacattattgtgaat,5.0,att,1.0,LDTYLIYIIVN,,False,False,3.0,1.0,1.0,1.0,1.0,1.0,6.0,4.0,True,False,True,True,False,False,2.0,both,1.7119721062678153e-05,1.1935096942824917e-05,4.6686430588949324e-06,4.63733705556921e-06,8.073631519457453e-06
106,single,ttggatacctacttacagtacattattgtgaat,5.0,cag,1.0,LDTYLQYIIVN,,False,False,2.0,1.0,1.0,9.0,2.0,4.0,1229.0,1275.0,True,False,True,True,False,False,1.0,both,0.0035066895310052414,0.0038043121505254426,4.201778753005439e-05,9.27467411113842e-06,3.229452607782981e-05
107,single,ttggatacctacttacattacattattgtgaat,5.0,cat,1.0,LDTYLHYIIVN,,False,False,3.0,1.0,1.0,11.0,8.0,2.0,1261.0,1190.0,True,False,True,True,False,False,1.0,both,0.0035979947100061916,0.003550691340490413,5.135507364784425e-05,3.709869644455368e-05,1.6147263038914905e-05
108,single,ttggatacctacttaccgtacattattgtgaat,5.0,ccg,1.0,LDTYLPYIIVN,,False,False,2.0,1.0,1.0,2.0,4.0,5.0,818.0,825.0,True,False,True,True,False,False,1.0,both,0.002333988638211788,0.0024616137444576393,9.337286117789865e-06,1.854934822227684e-05,4.036815759728726e-05
109,single,ttggatacctacttacggtacattattgtgaat,5.0,cgg,1.0,LDTYLRYIIVN,,False,False,1.0,1.0,1.0,2.0,14.0,6.0,428.0,371.0,True,False,True,True,False,False,1.0,both,0.0012212067691377082,0.001106980241447011,9.337286117789865e-06,6.492271877796893e-05,4.844178911674471e-05
110,single,ttggatacctacttacgttacattattgtgaat,5.0,cgt,1.0,LDTYLRYIIVN,,False,False,2.0,1.0,1.0,1.0,2.0,1.0,88.0,66.0,True,False,True,True,False,False,1.0,both,0.0002510892422526129,0.00019692909955661115,4.6686430588949324e-06,9.27467411113842e-06,8.073631519457453e-06
111,single,ttggatacctacttactgtacattattgtgaat,5.0,ctg,1.0,LDTYLLYIIVN,,False,False,2.0,1.0,1.0,1.0,1.0,1.0,5.0,3.0,True,False,True,True,False,False,2.0,both,1.426643421889846e-05,8.951322707118688e-06,4.6686430588949324e-06,4.63733705556921e-06,8.073631519457453e-06
112,single,ttggatacctacttactttacattattgtgaat,5.0,ctt,1.0,LDTYLLYIIVN,,False,False,3.0,1.0,1.0,419.0,390.0,209.0,1076.0,970.0,True,False,True,True,False,False,1.0,both,0.003070136643906949,0.0028942610086350427,0.0019561614416769768,0.0018085614516719919,0.0016873889875666074
113,single,ttggatacctacttagagtacattattgtgaat,5.0,gag,1.0,LDTYLEYIIVN,,False,False,2.0,1.0,1.0,1.0,1.0,1.0,21.0,16.0,True,False,True,True,False,False,1.0,both,5.991902371937353e-05,4.774038777129967e-05,4.6686430588949324e-06,4.63733705556921e-06,8.073631519457453e-06
114,single,ttggatacctacttagattacattattgtgaat,5.0,gat,1.0,LDTYLDYIIVN,,False,False,3.0,1.0,1.0,1.0,1.0,2.0,1.0,6.0,True,False,True,True,False,False,2.0,both,2.8532868437796922e-06,1.7902645414237377e-05,4.6686430588949324e-06,4.63733705556921e-06,1.6147263038914905e-05
115,single,ttggatacctacttagcgtacattattgtgaat,5.0,gcg,1.0,LDTYLAYIIVN,,False,False,2.0,1.0,1.0,1.0,1.0,1.0,189.0,227.0,True,False,True,True,False,False,1.0,both,0.0005392712134743618,0.0006773167515053141,4.6686430588949324e-06,4.63733705556921e-06,8.073631519457453e-06
116,single,ttggatacctacttagcttacattattgtgaat,5.0,gct,1.0,LDTYLAYIIVN,,False,False,3.0,1.0,1.0,2.0,9.0,5.0,1754.0,1720.0,True,False,True,True,False,False,1.0,both,0.00500466512398958,0.005132091685414715,9.337286117789865e-06,4.173603350012289e-05,4.036815759728726e-05
117,single,ttggatacctacttagggtacattattgtgaat,5.0,ggg,1.0,LDTYLGYIIVN,,False,False,1.0,1.0,1.0,2.0,4.0,1.0,878.0,735.0,True,False,True,True,False,False,1.0,both,0.00250518584883857,0.0021930740632440785,9.337286117789865e-06,1.854934822227684e-05,8.073631519457453e-06
118,single,ttggatacctacttaggttacattattgtgaat,5.0,ggt,1.0,LDTYLGYIIVN,,False,False,2.0,1.0,1.0,1.0,7.0,6.0,1449.0,1428.0,True,False,True,True,False,False,1.0,both,0.004134412636636773,0.004260829608588495,4.6686430588949324e-06,3.246135938898447e-05,4.844178911674471e-05
119,single,ttggatacctacttagtgtacattattgtgaat,5.0,gtg,1.0,LDTYLVYIIVN,,False,False,2.0,1.0,1.0,9.0,13.0,4.0,3588.0,3228.0,True,False,True,True,False,False,1.0,both,0.010237593195481535,0.00963162323285971,4.201778753005439e-05,6.028538172239973e-05,3.229452607782981e-05
120,single,ttggatacctacttagtttacattattgtgaat,5.0,gtt,1.0,LDTYLVYIIVN,,False,False,3.0,1.0,1.0,2.0,2.0,2.0,802.0,741.0,True,False,True,True,False,False,1.0,both,0.002288336048711313,0.002210976708658316,9.337286117789865e-06,9.27467411113842e-06,1.6147263038914905e-05
121,single,ttggatacctacttatagtacattattgtgaat,5.0,tag,1.0,LDTYL*YIIVN,,True,False,1.0,1.0,1.0,1.0,1.0,1.0,5.0,2.0,True,False,True,True,False,False,2.0,both,1.426643421889846e-05,5.967548471412459e-06,4.6686430588949324e-06,4.63733705556921e-06,8.073631519457453e-06
122,single,ttggatacctacttatattacattattgtgaat,5.0,tat,1.0,LDTYLYYIIVN,,False,False,2.0,1.0,1.0,245.0,293.0,187.0,1000.0,997.0,True,False,True,True,False,False,1.0,both,0.002853286843779692,0.002974822912999111,0.0011438175494292585,0.0013587397572817786,0.0015097690941385435
123,single,ttggatacctacttatcgtacattattgtgaat,5.0,tcg,1.0,LDTYLSYIIVN,,False,False,1.0,1.0,1.0,8.0,1.0,1.0,1390.0,1339.0,True,False,True,True,False,False,1.0,both,0.003966068712853772,0.003995273701610642,3.734914447115946e-05,4.63733705556921e-06,8.073631519457453e-06
124,single,ttggatacctacttatcttacattattgtgaat,5.0,tct,1.0,LDTYLSYIIVN,,False,False,2.0,1.0,1.0,6.0,3.0,1.0,1015.0,905.0,True,False,True,True,False,False,1.0,both,0.0028960861464363873,0.002700315683314138,2.8011858353369593e-05,1.3912011166707629e-05,8.073631519457453e-06
125,single,ttggatacctacttatggaagattattgtgaat,6.0,aag,1.0,LDTYLWKIIVN,,False,False,2.0,1.0,1.0,3.0,5.0,3.0,1167.0,1151.0,True,False,True,True,False,False,1.0,both,0.0033297857466909006,0.00343432414529787,1.4005929176684796e-05,2.318668527784605e-05,2.4220894558372356e-05
126,single,ttggatacctacttatggaatattattgtgaat,6.0,aat,1.0,LDTYLWNIIVN,,False,False,2.0,1.0,1.0,11.0,2.0,3.0,1098.0,1060.0,True,False,True,True,False,False,1.0,both,0.0031329089544701017,0.0031628006898486035,5.135507364784425e-05,9.27467411113842e-06,2.4220894558372356e-05
127,single,ttggatacctacttatggacgattattgtgaat,6.0,acg,1.0,LDTYLWTIIVN,,False,False,3.0,1.0,1.0,4.0,7.0,8.0,2491.0,2381.0,True,False,True,True,False,False,1.0,both,0.007107537527855213,0.007104366455216533,1.867457223557973e-05,3.246135938898447e-05,6.458905215565962e-05
128,single,ttggatacctacttatggactattattgtgaat,6.0,act,1.0,LDTYLWTIIVN,,False,False,3.0,1.0,1.0,6.0,1.0,1.0,414.0,333.0,True,False,True,True,False,False,1.0,both,0.0011812607533247925,0.0009935968204901745,2.8011858353369593e-05,4.63733705556921e-06,8.073631519457453e-06
129,single,ttggatacctacttatggaggattattgtgaat,6.0,agg,1.0,LDTYLWRIIVN,,False,False,3.0,1.0,1.0,28.0,28.0,10.0,2304.0,2294.0,True,False,True,True,False,False,1.0,both,0.0065739728880684105,0.006844778096710091,0.0001307220056490581,0.00012984543755593787,8.073631519457452e-05
130,single,ttggatacctacttatggagtattattgtgaat,6.0,agt,1.0,LDTYLWSIIVN,,False,False,3.0,1.0,1.0,1.0,1.0,1.0,5.0,1.0,True,False,True,True,False,False,2.0,both,1.426643421889846e-05,2.9837742357062293e-06,4.6686430588949324e-06,4.63733705556921e-06,8.073631519457453e-06
131,single,ttggatacctacttatggatgattattgtgaat,6.0,atg,1.0,LDTYLWMIIVN,,False,False,3.0,1.0,1.0,10.0,1.0,1.0,936.0,878.0,True,False,True,True,False,False,1.0,both,0.0026706764857777916,0.0026197537789500696,4.668643058894932e-05,4.63733705556921e-06,8.073631519457453e-06
132,single,ttggatacctacttatggattattattgtgaat,6.0,att,1.0,LDTYLWIIIVN,,False,False,3.0,1.0,1.0,3.0,1.0,1.0,68.0,60.0,True,False,True,True,False,False,1.0,both,0.00019402350537701905,0.00017902645414237376,1.4005929176684796e-05,4.63733705556921e-06,8.073631519457453e-06
133,single,ttggatacctacttatggcagattattgtgaat,6.0,cag,1.0,LDTYLWQIIVN,,False,False,2.0,1.0,1.0,1.0,1.0,1.0,10.0,12.0,True,False,True,True,False,False,2.0,both,2.853286843779692e-05,3.5805290828474754e-05,4.6686430588949324e-06,4.63733705556921e-06,8.073631519457453e-06
134,single,ttggatacctacttatggcatattattgtgaat,6.0,cat,1.0,LDTYLWHIIVN,,False,False,2.0,1.0,1.0,5.0,5.0,1.0,1062.0,1064.0,True,False,True,True,False,False,1.0,both,0.003030190628094033,0.003174735786791428,2.334321529447466e-05,2.318668527784605e-05,8.073631519457453e-06
135,single,ttggatacctacttatggccgattattgtgaat,6.0,ccg,1.0,LDTYLWPIIVN,,False,False,3.0,1.0,1.0,1.0,1.0,1.0,10.0,4.0,True,False,True,True,False,False,2.0,both,2.853286843779692e-05,1.1935096942824917e-05,4.6686430588949324e-06,4.63733705556921e-06,8.073631519457453e-06
136,single,ttggatacctacttatggcctattattgtgaat,6.0,cct,1.0,LDTYLWPIIVN,,False,False,3.0,1.0,1.0,4.0,1.0,3.0,252.0,224.0,True,False,True,True,False,False,1.0,both,0.0007190282846324824,0.0006683654287981954,1.867457223557973e-05,4.63733705556921e-06,2.4220894558372356e-05
137,single,ttggatacctacttatggcggattattgtgaat,6.0,cgg,1.0,LDTYLWRIIVN,,False,False,3.0,1.0,1.0,22.0,37.0,18.0,2173.0,1950.0,True,False,True,True,False,False,1.0,both,0.006200192311533271,0.005818359759627147,0.0001027101472956885,0.00017158147105606077,0.00014532536735023413
138,single,ttggatacctacttatggcgtattattgtgaat,6.0,cgt,1.0,LDTYLWRIIVN,,False,False,3.0,1.0,1.0,1.0,1.0,1.0,8.0,6.0,True,False,True,True,False,False,2.0,both,2.2826294750237538e-05,1.7902645414237377e-05,4.6686430588949324e-06,4.63733705556921e-06,8.073631519457453e-06
139,single,ttggatacctacttatggctgattattgtgaat,6.0,ctg,1.0,LDTYLWLIIVN,,False,False,3.0,1.0,1.0,3.0,9.0,1.0,392.0,386.0,True,False,True,True,False,False,1.0,both,0.0011184884427616394,0.0011517368549826047,1.4005929176684796e-05,4.173603350012289e-05,8.073631519457453e-06
140,single,ttggatacctacttatggcttattattgtgaat,6.0,ctt,1.0,LDTYLWLIIVN,,False,False,3.0,1.0,1.0,9.0,3.0,5.0,1170.0,987.0,True,False,True,True,False,False,1.0,both,0.0033383456072222394,0.0029449851706420485,4.201778753005439e-05,1.3912011166707629e-05,4.036815759728726e-05
141,single,ttggatacctacttatgggagattattgtgaat,6.0,gag,1.0,LDTYLWEIIVN,,False,False,2.0,1.0,1.0,5.0,8.0,1.0,1606.0,1642.0,True,False,True,True,False,False,1.0,both,0.0045823786711101855,0.004899357295029629,2.334321529447466e-05,3.709869644455368e-05,8.073631519457453e-06
142,single,ttggatacctacttatgggatattattgtgaat,6.0,gat,1.0,LDTYLWDIIVN,,False,False,2.0,1.0,1.0,1.0,5.0,1.0,262.0,239.0,True,False,True,True,False,False,1.0,both,0.0007475611530702793,0.0007131220423337889,4.6686430588949324e-06,2.318668527784605e-05,8.073631519457453e-06
143,single,ttggatacctacttatgggcgattattgtgaat,6.0,gcg,1.0,LDTYLWAIIVN,,False,False,3.0,1.0,1.0,1.0,1.0,1.0,7.0,4.0,True,False,True,True,False,False,2.0,both,1.9973007906457844e-05,1.1935096942824917e-05,4.6686430588949324e-06,4.63733705556921e-06,8.073631519457453e-06
144,single,ttggatacctacttatgggctattattgtgaat,6.0,gct,1.0,LDTYLWAIIVN,,False,False,3.0,1.0,1.0,3.0,1.0,5.0,1161.0,1053.0,True,False,True,True,False,False,1.0,both,0.0033126660256282223,0.00314191427019866,1.4005929176684796e-05,4.63733705556921e-06,4.036815759728726e-05
145,single,ttggatacctacttatgggggattattgtgaat,6.0,ggg,1.0,LDTYLWGIIVN,,False,False,3.0,1.0,1.0,1.0,1.0,3.0,501.0,483.0,True,False,True,True,False,False,1.0,both,0.0014294967087336258,0.0014411629558461088,4.6686430588949324e-06,4.63733705556921e-06,2.4220894558372356e-05
146,single,ttggatacctacttatggggtattattgtgaat,6.0,ggt,1.0,LDTYLWGIIVN,,False,False,3.0,1.0,1.0,27.0,25.0,10.0,4105.0,3865.0,True,False,True,True,False,False,1.0,both,0.011712742493715636,0.011532287421004577,0.00012605336259016316,0.00011593342638923026,8.073631519457452e-05
147,single,ttggatacctacttatgggtgattattgtgaat,6.0,gtg,1.0,LDTYLWVIIVN,,False,False,3.0,1.0,1.0,6.0,6.0,5.0,1408.0,1250.0,True,False,True,True,False,False,1.0,both,0.0040174278760418064,0.003729717794632787,2.8011858353369593e-05,2.7824022333415258e-05,4.036815759728726e-05
148,single,ttggatacctacttatgggttattattgtgaat,6.0,gtt,1.0,LDTYLWVIIVN,,False,False,3.0,1.0,1.0,8.0,7.0,6.0,648.0,569.0,True,False,True,True,False,False,1.0,both,0.0018489298747692404,0.0016977675401168447,3.734914447115946e-05,3.246135938898447e-05,4.844178911674471e-05
149,single,ttggatacctacttatggtacaatattgtgaat,7.0,aat,1.0,LDTYLWYNIVN,,False,False,1.0,1.0,1.0,38110.0,40491.0,22048.0,2459.0,2285.0,True,False,True,True,False,False,1.0,both,0.007016232348854263,0.006817924128588735,0.17792198697448586,0.18777041471705289,0.1780074277409979
150,single,ttggatacctacttatggtacacgattgtgaat,7.0,acg,1.0,LDTYLWYTIVN,,False,False,2.0,1.0,1.0,46.0,41.0,29.0,1836.0,1802.0,True,False,True,True,False,False,1.0,both,0.005238634645179515,0.005376761172742626,0.0002147575807091669,0.0001901308192783376,0.0002341353140642661
151,single,ttggatacctacttatggtacaggattgtgaat,7.0,agg,1.0,LDTYLWYRIVN,,False,False,2.0,1.0,1.0,4268.0,3821.0,2225.0,867.0,749.0,True,False,True,True,False,False,1.0,both,0.002473799693556993,0.0022348469025439657,0.01992576857536357,0.017719264889329952,0.01796383013079283
152,single,ttggatacctacttatggtacagtattgtgaat,7.0,agt,1.0,LDTYLWYSIVN,,False,False,1.0,1.0,1.0,8.0,9.0,10.0,1277.0,1283.0,True,False,True,True,False,False,1.0,both,0.0036436472995066667,0.0038281823444110924,3.734914447115946e-05,4.173603350012289e-05,8.073631519457452e-05
153,single,ttggatacctacttatggtacatgattgtgaat,7.0,atg,1.0,LDTYLWYMIVN,,False,False,1.0,1.0,1.0,4.0,1.0,4.0,3.0,6.0,True,False,True,True,False,False,2.0,both,8.559860531339077e-06,1.7902645414237377e-05,1.867457223557973e-05,4.63733705556921e-06,3.229452607782981e-05
154,single,ttggatacctacttatggtacattaatgtgaat,8.0,aat,1.0,LDTYLWYINVN,,False,False,1.0,1.0,1.0,15.0,2.0,8.0,857.0,774.0,True,False,True,True,False,False,1.0,both,0.0024452668251191963,0.0023094412584366217,7.002964588342398e-05,9.27467411113842e-06,6.458905215565962e-05
155,single,ttggatacctacttatggtacattacggtgaat,8.0,acg,1.0,LDTYLWYITVN,,False,False,2.0,1.0,1.0,1.0,1.0,1.0,629.0,692.0,True,False,True,True,False,False,1.0,both,0.0017947174247374264,0.0020647717711087107,4.6686430588949324e-06,4.63733705556921e-06,8.073631519457453e-06
156,single,ttggatacctacttatggtacattactgtgaat,8.0,act,1.0,LDTYLWYITVN,,False,False,1.0,1.0,1.0,6.0,6.0,6.0,1809.0,1802.0,True,False,True,True,False,False,1.0,both,0.005161595900397463,0.005376761172742626,2.8011858353369593e-05,2.7824022333415258e-05,4.844178911674471e-05
157,single,ttggatacctacttatggtacattagtgtgaat,8.0,agt,1.0,LDTYLWYISVN,,False,False,1.0,1.0,1.0,12.0,16.0,5.0,1678.0,1648.0,True,False,True,True,False,False,1.0,both,0.004787815323862323,0.004917259940443866,5.6023716706739186e-05,7.419739288910736e-05,4.036815759728726e-05
158,single,ttggatacctacttatggtacattatggtgaat,8.0,atg,1.0,LDTYLWYIMVN,,False,False,1.0,1.0,1.0,3.0,4.0,3.0,5.0,3.0,True,False,True,True,False,False,2.0,both,1.426643421889846e-05,8.951322707118688e-06,1.4005929176684796e-05,1.854934822227684e-05,2.4220894558372356e-05
159,single,ttggatacctacttatggtacattattaagaat,9.0,aag,1.0,LDTYLWYIIKN,,False,False,2.0,1.0,1.0,1.0,1.0,1.0,1.0,4.0,True,False,True,True,False,False,3.0,both,2.8532868437796922e-06,1.1935096942824917e-05,4.6686430588949324e-06,4.63733705556921e-06,8.073631519457453e-06
160,single,ttggatacctacttatggtacattattaataat,9.0,aat,1.0,LDTYLWYIINN,,False,False,3.0,1.0,1.0,3.0,2.0,2.0,931.0,823.0,True,False,True,True,False,False,1.0,both,0.002656410051558893,0.002455646195986227,1.4005929176684796e-05,9.27467411113842e-06,1.6147263038914905e-05
161,single,ttggatacctacttatggtacattattactaat,9.0,act,1.0,LDTYLWYIITN,,False,False,3.0,1.0,1.0,7.0,5.0,3.0,2367.0,2231.0,True,False,True,True,False,False,1.0,both,0.006753729959226531,0.006656800319860598,3.2680501412264525e-05,2.318668527784605e-05,2.4220894558372356e-05
162,single,ttggatacctacttatggtacattattagtaat,9.0,agt,1.0,LDTYLWYIISN,,False,False,3.0,1.0,1.0,2.0,2.0,3.0,789.0,746.0,True,False,True,True,False,False,1.0,both,0.002251243319742177,0.0022258955798368472,9.337286117789865e-06,9.27467411113842e-06,2.4220894558372356e-05
163,single,ttggatacctacttatggtacattattatgaat,9.0,atg,1.0,LDTYLWYIIMN,,False,False,1.0,1.0,1.0,1.0,1.0,3.0,2.0,4.0,True,False,True,True,False,False,3.0,both,5.7065736875593844e-06,1.1935096942824917e-05,4.6686430588949324e-06,4.63733705556921e-06,2.4220894558372356e-05
164,single,ttggatacctacttatggtacattattattaat,9.0,att,1.0,LDTYLWYIIIN,,False,False,2.0,1.0,1.0,9.0,3.0,1.0,885.0,931.0,True,False,True,True,False,False,1.0,both,0.0025251588567450274,0.0027778938134424996,4.201778753005439e-05,1.3912011166707629e-05,8.073631519457453e-06
165,single,ttggatacctacttatggtacattattcagaat,9.0,cag,1.0,LDTYLWYIIQN,,False,False,2.0,1.0,1.0,4.0,4.0,1.0,939.0,894.0,True,False,True,True,False,False,1.0,both,0.002679236346309131,0.002667494166721369,1.867457223557973e-05,1.854934822227684e-05,8.073631519457453e-06
166,single,ttggatacctacttatggtacattattcataat,9.0,cat,1.0,LDTYLWYIIHN,,False,False,3.0,1.0,1.0,3.0,4.0,1.0,19.0,22.0,True,False,True,True,False,False,1.0,both,5.421245003181415e-05,6.564303318553705e-05,1.4005929176684796e-05,1.854934822227684e-05,8.073631519457453e-06
167,single,ttggatacctacttatggtacattattccgaat,9.0,ccg,1.0,LDTYLWYIIPN,,False,False,2.0,1.0,1.0,3.0,1.0,2.0,498.0,556.0,True,False,True,True,False,False,1.0,both,0.0014209368482022866,0.0016589784750526636,1.4005929176684796e-05,4.63733705556921e-06,1.6147263038914905e-05
168,single,ttggatacctacttatggtacattattcggaat,9.0,cgg,1.0,LDTYLWYIIRN,,False,False,2.0,1.0,1.0,4.0,7.0,2.0,953.0,903.0,True,False,True,True,False,False,1.0,both,0.0027191823621220464,0.002694348134842725,1.867457223557973e-05,3.246135938898447e-05,1.6147263038914905e-05
169,single,ttggatacctacttatggtacattattcgtaat,9.0,cgt,1.0,LDTYLWYIIRN,,False,False,3.0,1.0,1.0,13.0,11.0,6.0,1682.0,1481.0,True,False,True,True,False,False,1.0,both,0.004799228471237442,0.004418969643080926,6.069235976563412e-05,5.101070761126131e-05,4.844178911674471e-05
170,single,ttggatacctacttatggtacattattctgaat,9.0,ctg,1.0,LDTYLWYIILN,,False,False,1.0,1.0,1.0,1.0,1.0,1.0,2.0,5.0,True,False,True,True,False,False,2.0,both,5.7065736875593844e-06,1.4918871178531148e-05,4.6686430588949324e-06,4.63733705556921e-06,8.073631519457453e-06
171,single,ttggatacctacttatggtacattattcttaat,9.0,ctt,1.0,LDTYLWYIILN,,False,False,2.0,1.0,1.0,11.0,9.0,7.0,1949.0,1610.0,True,False,True,True,False,False,1.0,both,0.00556105605852662,0.004803876519487029,5.135507364784425e-05,4.173603350012289e-05,5.651542063620216e-05
172,single,ttggatacctacttatggtacattattgagaat,9.0,gag,1.0,LDTYLWYIIEN,,False,False,1.0,1.0,1.0,8.0,8.0,7.0,2283.0,1927.0,True,False,True,True,False,False,1.0,both,0.0065140538643490365,0.005749732952205904,3.734914447115946e-05,3.709869644455368e-05,5.651542063620216e-05
173,single,ttggatacctacttatggtacattattgcgaat,9.0,gcg,1.0,LDTYLWYIIAN,,False,False,1.0,1.0,1.0,6.0,14.0,4.0,1250.0,1248.0,True,False,True,True,False,False,1.0,both,0.003566608554724615,0.0037237502461613743,2.8011858353369593e-05,6.492271877796893e-05,3.229452607782981e-05
174,single,ttggatacctacttatggtacattattgctaat,9.0,gct,1.0,LDTYLWYIIAN,,False,False,2.0,1.0,1.0,14.0,3.0,1.0,1536.0,1401.0,True,False,True,True,False,False,1.0,both,0.004382648592045607,0.004180267704224428,6.536100282452905e-05,1.3912011166707629e-05,8.073631519457453e-06
175,single,ttggatacctacttatggtacattattgggaat,9.0,ggg,1.0,LDTYLWYIIGN,,False,False,1.0,1.0,1.0,13.0,9.0,1.0,332.0,286.0,True,False,True,True,False,False,1.0,both,0.0009472912321348577,0.0008533594314119816,6.069235976563412e-05,4.173603350012289e-05,8.073631519457453e-06
176,single,ttggatacctacttatggtacattattggtaat,9.0,ggt,1.0,LDTYLWYIIGN,,False,False,2.0,1.0,1.0,1.0,1.0,1.0,1.0,7.0,True,False,True,True,False,False,2.0,both,2.8532868437796922e-06,2.0886419649943606e-05,4.6686430588949324e-06,4.63733705556921e-06,8.073631519457453e-06
177,single,ttggatacctacttatggtacattattgtgaag,10.0,aag,1.0,LDTYLWYIIVK,,False,False,1.0,1.0,1.0,2.0,8.0,7.0,2037.0,2052.0,True,False,True,True,False,False,1.0,both,0.005812145300779233,0.006122704731669183,9.337286117789865e-06,3.709869644455368e-05,5.651542063620216e-05
178,WT,ttggatacctacttatggtacattattgtgaat,,,,LDTYLWYIIVN,True,False,False,0.0,0.0,0.0,144.0,165.0,73.0,23548.0,22413.0,True,False,True,True,False,False,1.0,both,0.06718919859732418,0.06687533194488372,0.0006722846004808702,0.0007651606141689197,0.000589375100920394
179,single,ttggatacctacttatggtacattattgtgacg,10.0,acg,1.0,LDTYLWYIIVT,,False,False,2.0,1.0,1.0,1.0,6.0,4.0,1073.0,896.0,True,False,True,True,False,False,1.0,both,0.0030615767833756095,0.0026734617151927815,4.6686430588949324e-06,2.7824022333415258e-05,3.229452607782981e-05
180,single,ttggatacctacttatggtacattattgtgact,10.0,act,1.0,LDTYLWYIIVT,,False,False,1.0,1.0,1.0,1.0,1.0,4.0,563.0,520.0,True,False,True,True,False,False,1.0,both,0.0016064004930479666,0.0015515626025672394,4.6686430588949324e-06,4.63733705556921e-06,3.229452607782981e-05
181,single,ttggatacctacttatggtacattattgtgagg,10.0,agg,1.0,LDTYLWYIIVR,,False,False,2.0,1.0,1.0,1.0,5.0,1.0,5.0,1.0,True,False,True,True,False,False,2.0,both,1.426643421889846e-05,2.9837742357062293e-06,4.6686430588949324e-06,2.318668527784605e-05,8.073631519457453e-06
182,single,ttggatacctacttatggtacattattgtgagt,10.0,agt,1.0,LDTYLWYIIVS,,False,False,1.0,1.0,1.0,8.0,12.0,1.0,2424.0,2234.0,True,False,True,True,False,False,1.0,both,0.006916367309321973,0.006665751642567717,3.734914447115946e-05,5.5648044666830517e-05,8.073631519457453e-06
183,single,ttggatacctacttatggtacattattgtgatg,10.0,atg,1.0,LDTYLWYIIVM,,False,False,2.0,1.0,1.0,8.0,3.0,3.0,1403.0,1202.0,True,False,True,True,False,False,1.0,both,0.004003161441822908,0.003586496631318888,3.734914447115946e-05,1.3912011166707629e-05,2.4220894558372356e-05
184,single,ttggatacctacttatggtacattattgtgcag,10.0,cag,1.0,LDTYLWYIIVQ,,False,False,2.0,1.0,1.0,2.0,1.0,1.0,1077.0,1021.0,True,False,True,True,False,False,1.0,both,0.003072989930750728,0.0030464334946560603,9.337286117789865e-06,4.63733705556921e-06,8.073631519457453e-06
185,single,ttggatacctacttatggtacattattgtgcat,10.0,cat,1.0,LDTYLWYIIVH,,False,False,1.0,1.0,1.0,1.0,1.0,1.0,4.0,1.0,True,False,True,True,False,False,3.0,both,1.1413147375118769e-05,2.9837742357062293e-06,4.6686430588949324e-06,4.63733705556921e-06,8.073631519457453e-06
186,single,ttggatacctacttatggtacattattgtgccg,10.0,ccg,1.0,LDTYLWYIIVP,,False,False,3.0,1.0,1.0,3.0,2.0,4.0,373.0,315.0,True,False,True,True,False,False,1.0,both,0.0010642759927298252,0.0009398888842474623,1.4005929176684796e-05,9.27467411113842e-06,3.229452607782981e-05
187,single,ttggatacctacttatggtacattattgtgcct,10.0,cct,1.0,LDTYLWYIIVP,,False,False,2.0,1.0,1.0,1.0,1.0,1.0,69.0,86.0,True,False,True,True,False,False,1.0,both,0.00019687679222079874,0.00025660458427073575,4.6686430588949324e-06,4.63733705556921e-06,8.073631519457453e-06
188,single,ttggatacctacttatggtacattattgtgcgg,10.0,cgg,1.0,LDTYLWYIIVR,,False,False,3.0,1.0,1.0,6.0,1.0,1.0,198.0,165.0,True,False,True,True,False,False,1.0,both,0.000564950795068379,0.0004923227488915279,2.8011858353369593e-05,4.63733705556921e-06,8.073631519457453e-06
189,single,ttggatacctacttatggtacattattgtgcgt,10.0,cgt,1.0,LDTYLWYIIVR,,False,False,2.0,1.0,1.0,1.0,1.0,1.0,5.0,2.0,True,False,True,True,False,False,2.0,both,1.426643421889846e-05,5.967548471412459e-06,4.6686430588949324e-06,4.63733705556921e-06,8.073631519457453e-06
190,single,ttggatacctacttatggtacattattgtgctg,10.0,ctg,1.0,LDTYLWYIIVL,,False,False,3.0,1.0,1.0,2.0,6.0,1.0,405.0,425.0,True,False,True,True,False,False,1.0,both,0.0011555811717307754,0.0012681040501751476,9.337286117789865e-06,2.7824022333415258e-05,8.073631519457453e-06
191,single,ttggatacctacttatggtacattattgtgctt,10.0,ctt,1.0,LDTYLWYIIVL,,False,False,2.0,1.0,1.0,19.0,7.0,7.0,2596.0,2391.0,True,False,True,True,False,False,1.0,both,0.0074071326464520805,0.0071342041975735945,8.870421811900372e-05,3.246135938898447e-05,5.651542063620216e-05
192,single,ttggatacctacttatggtacattattgtggag,10.0,gag,1.0,LDTYLWYIIVE,,False,False,2.0,1.0,1.0,3.0,1.0,3.0,390.0,471.0,True,False,True,True,False,False,1.0,both,0.0011127818690740798,0.0014053576650176342,1.4005929176684796e-05,4.63733705556921e-06,2.4220894558372356e-05
193,single,ttggatacctacttatggtacattattgtggat,10.0,gat,1.0,LDTYLWYIIVD,,False,False,1.0,1.0,1.0,4.0,16.0,17.0,1551.0,1466.0,True,False,True,True,False,False,1.0,both,0.004425447894702303,0.004374213029545332,1.867457223557973e-05,7.419739288910736e-05,0.00013725173583077667
194,single,ttggatacctacttatggtacattattgtggcg,10.0,gcg,1.0,LDTYLWYIIVA,,False,False,3.0,1.0,1.0,3.0,14.0,6.0,2386.0,2345.0,True,False,True,True,False,False,1.0,both,0.006807942409258345,0.006996950582731108,1.4005929176684796e-05,6.492271877796893e-05,4.844178911674471e-05
195,single,ttggatacctacttatggtacattattgtggct,10.0,gct,1.0,LDTYLWYIIVA,,False,False,2.0,1.0,1.0,1.0,1.0,1.0,3.0,4.0,True,False,True,True,False,False,3.0,both,8.559860531339077e-06,1.1935096942824917e-05,4.6686430588949324e-06,4.63733705556921e-06,8.073631519457453e-06
196,single,ttggatacctacttatggtacattattgtgggg,10.0,ggg,1.0,LDTYLWYIIVG,,False,False,3.0,1.0,1.0,24.0,11.0,4.0,3317.0,2999.0,True,False,True,True,False,False,1.0,both,0.009464352460817239,0.008948338932882983,0.00011204743341347837,5.101070761126131e-05,3.229452607782981e-05
197,single,ttggatacctacttatggtacattattgtgggt,10.0,ggt,1.0,LDTYLWYIIVG,,False,False,2.0,1.0,1.0,1.0,1.0,2.0,23.0,25.0,True,False,True,True,False,False,1.0,both,6.562559740693292e-05,7.459435589265574e-05,4.6686430588949324e-06,4.63733705556921e-06,1.6147263038914905e-05
198,single,ttggatacctacttatggtacattattgtggtg,10.0,gtg,1.0,LDTYLWYIIVV,,False,False,3.0,1.0,1.0,8.0,7.0,3.0,1619.0,1519.0,True,False,True,True,False,False,1.0,both,0.004619471400079321,0.004532353064037762,3.734914447115946e-05,3.246135938898447e-05,2.4220894558372356e-05
199,single,ttggatacctacttatggtacattattgtggtt,10.0,gtt,1.0,LDTYLWYIIVV,,False,False,2.0,1.0,1.0,4.0,3.0,3.0,898.0,803.0,True,False,True,True,False,False,1.0,both,0.0025622515857141636,0.0023959707112721023,1.867457223557973e-05,1.3912011166707629e-05,2.4220894558372356e-05
200,single,ttggatacctacttatggtacattattgtgtag,10.0,tag,1.0,LDTYLWYIIV*,,True,False,2.0,1.0,1.0,1.0,1.0,1.0,5.0,2.0,True,False,True,True,False,False,2.0,both,1.426643421889846e-05,5.967548471412459e-06,4.6686430588949324e-06,4.63733705556921e-06,8.073631519457453e-06
201,single,ttggatacctacttatggtacattattgtgtat,10.0,tat,1.0,LDTYLWYIIVY,,False,False,1.0,1.0,1.0,11.0,3.0,3.0,1200.0,1240.0,True,False,True,True,False,False,1.0,both,0.0034239442125356305,0.0036998800522757246,5.135507364784425e-05,1.3912011166707629e-05,2.4220894558372356e-05
202,single,ttggatacctacttatggtacattattgtgtcg,10.0,tcg,1.0,LDTYLWYIIVS,,False,False,3.0,1.0,1.0,3.0,3.0,5.0,1298.0,1222.0,True,False,True,True,False,False,1.0,both,0.0037035663232260403,0.0036461721160330127,1.4005929176684796e-05,1.3912011166707629e-05,4.036815759728726e-05
203,single,ttggatacctacttatggtacattattgtgtct,10.0,tct,1.0,LDTYLWYIIVS,,False,False,2.0,1.0,1.0,1.0,3.0,3.0,894.0,828.0,True,False,True,True,False,False,1.0,both,0.0025508384383390445,0.0024705650671647582,4.6686430588949324e-06,1.3912011166707629e-05,2.4220894558372356e-05
204,single,ttggatacctacttatggtacattattgtgtgg,10.0,tgg,1.0,LDTYLWYIIVW,,False,False,3.0,1.0,1.0,3.0,25.0,4.0,1539.0,1407.0,True,False,True,True,False,False,1.0,both,0.004391208452576946,0.004198170349638665,1.4005929176684796e-05,0.00011593342638923026,3.229452607782981e-05
205,single,ttggatacctacttatggtacattattgtgtgt,10.0,tgt,1.0,LDTYLWYIIVC,,False,False,2.0,1.0,1.0,1.0,1.0,1.0,4.0,2.0,True,False,True,True,False,False,3.0,both,1.1413147375118769e-05,5.967548471412459e-06,4.6686430588949324e-06,4.63733705556921e-06,8.073631519457453e-06
206,single,ttggatacctacttatggtacattattgtgttg,10.0,ttg,1.0,LDTYLWYIIVL,,False,False,3.0,1.0,1.0,1.0,6.0,4.0,372.0,517.0,True,False,True,True,False,False,1.0,both,0.0010614227058860454,0.0015426112798601207,4.6686430588949324e-06,2.7824022333415258e-05,3.229452607782981e-05
207,single,ttggatacctacttatggtacattattgtgttt,10.0,ttt,1.0,LDTYLWYIIVF,,False,False,2.0,1.0,1.0,1.0,4.0,1.0,269.0,253.0,True,False,True,True,False,False,1.0,both,0.0007675341609767372,0.0007548948816336761,4.6686430588949324e-06,1.854934822227684e-05,8.073631519457453e-06
208,single,ttggatacctacttatggtacattattgttaat,9.0,gtt,1.0,LDTYLWYIIVN,,False,False,1.0,0.0,1.0,1.0,1.0,1.0,93.0,126.0,True,False,True,True,False,False,1.0,both,0.00026535567647151134,0.0003759555536989849,4.6686430588949324e-06,4.63733705556921e-06,8.073631519457453e-06
209,single,ttggatacctacttatggtacattatttagaat,9.0,tag,1.0,LDTYLWYII*N,,True,False,2.0,1.0,1.0,3.0,1.0,3.0,248.0,225.0,True,False,True,True,False,False,1.0,both,0.0007076151372573637,0.0006713492030339017,1.4005929176684796e-05,4.63733705556921e-06,2.4220894558372356e-05
210,single,ttggatacctacttatggtacattatttataat,9.0,tat,1.0,LDTYLWYIIYN,,False,False,3.0,1.0,1.0,3.0,5.0,3.0,753.0,747.0,True,False,True,True,False,False,1.0,both,0.0021485249933661083,0.0022288793540725534,1.4005929176684796e-05,2.318668527784605e-05,2.4220894558372356e-05
211,single,ttggatacctacttatggtacattatttctaat,9.0,tct,1.0,LDTYLWYIISN,,False,False,3.0,1.0,1.0,2.0,8.0,1.0,846.0,889.0,True,False,True,True,False,False,1.0,both,0.0024138806698376196,0.002652575295542838,9.337286117789865e-06,3.709869644455368e-05,8.073631519457453e-06
212,single,ttggatacctacttatggtacattatttggaat,9.0,tgg,1.0,LDTYLWYIIWN,,False,False,2.0,1.0,1.0,6.0,21.0,3.0,2250.0,2355.0,True,False,True,True,False,False,1.0,both,0.006419895398504307,0.007026788325088171,2.8011858353369593e-05,9.738407816695341e-05,2.4220894558372356e-05
213,single,ttggatacctacttatggtacattatttgtaat,9.0,tgt,1.0,LDTYLWYIICN,,False,False,3.0,1.0,1.0,8.0,1.0,1.0,547.0,446.0,True,False,True,True,False,False,1.0,both,0.0015607479035474915,0.0013307633091249784,3.734914447115946e-05,4.63733705556921e-06,8.073631519457453e-06
214,single,ttggatacctacttatggtacattattttgaat,9.0,ttg,1.0,LDTYLWYIILN,,False,False,1.0,1.0,1.0,3.0,4.0,2.0,132.0,103.0,True,False,True,True,False,False,1.0,both,0.0003766338633789193,0.00030732874627774164,1.4005929176684796e-05,1.854934822227684e-05,1.6147263038914905e-05
215,single,ttggatacctacttatggtacattatttttaat,9.0,ttt,1.0,LDTYLWYIIFN,,False,False,2.0,1.0,1.0,8.0,5.0,5.0,1926.0,1677.0,True,False,True,True,False,False,1.0,both,0.005495430461119687,0.005003789393279347,3.734914447115946e-05,2.318668527784605e-05,4.036815759728726e-05
216,single,ttggatacctacttatggtacattcaggtgaat,8.0,cag,1.0,LDTYLWYIQVN,,False,False,3.0,1.0,1.0,1.0,3.0,1.0,4.0,4.0,True,False,True,True,False,False,3.0,both,1.1413147375118769e-05,1.1935096942824917e-05,4.6686430588949324e-06,1.3912011166707629e-05,8.073631519457453e-06
217,single,ttggatacctacttatggtacattcatgtgaat,8.0,cat,1.0,LDTYLWYIHVN,,False,False,2.0,1.0,1.0,12.0,4.0,1.0,1085.0,960.0,True,False,True,True,False,False,1.0,both,0.003095816225500966,0.00286442326627798,5.6023716706739186e-05,1.854934822227684e-05,8.073631519457453e-06
218,single,ttggatacctacttatggtacattccggtgaat,8.0,ccg,1.0,LDTYLWYIPVN,,False,False,3.0,1.0,1.0,1.0,1.0,1.0,168.0,151.0,True,False,True,True,False,False,1.0,both,0.00047935218975498825,0.0004505499095916407,4.6686430588949324e-06,4.63733705556921e-06,8.073631519457453e-06
219,single,ttggatacctacttatggtacattcgtgtgaat,8.0,cgt,1.0,LDTYLWYIRVN,,False,False,2.0,1.0,1.0,4.0,6.0,6.0,582.0,568.0,True,False,True,True,False,False,1.0,both,0.0016606129430797808,0.0016947837658811383,1.867457223557973e-05,2.7824022333415258e-05,4.844178911674471e-05
220,single,ttggatacctacttatggtacattcttgtgaat,8.0,ctt,1.0,LDTYLWYILVN,,False,False,1.0,1.0,1.0,2.0,1.0,6.0,945.0,893.0,True,False,True,True,False,False,1.0,both,0.002696356067371809,0.002664510392485663,9.337286117789865e-06,4.63733705556921e-06,4.844178911674471e-05
221,single,ttggatacctacttatggtacattgaggtgaat,8.0,gag,1.0,LDTYLWYIEVN,,False,False,3.0,1.0,1.0,10.0,8.0,1.0,1251.0,1131.0,True,False,True,True,False,False,1.0,both,0.0035694618415683947,0.0033746486605837457,4.668643058894932e-05,3.709869644455368e-05,8.073631519457453e-06
222,single,ttggatacctacttatggtacattgcggtgaat,8.0,gcg,1.0,LDTYLWYIAVN,,False,False,3.0,1.0,1.0,4.0,5.0,2.0,1128.0,1084.0,True,False,True,True,False,False,1.0,both,0.003218507559783493,0.003234411271505553,1.867457223557973e-05,2.318668527784605e-05,1.6147263038914905e-05
223,single,ttggatacctacttatggtacattgctgtgaat,8.0,gct,1.0,LDTYLWYIAVN,,False,False,2.0,1.0,1.0,7.0,1.0,2.0,2152.0,1884.0,True,False,True,True,False,False,1.0,both,0.006140273287813898,0.005621430660070537,3.2680501412264525e-05,4.63733705556921e-06,1.6147263038914905e-05
224,single,ttggatacctacttatggtacattgtggtgaat,8.0,gtg,1.0,LDTYLWYIVVN,,False,False,2.0,1.0,1.0,9.0,8.0,2.0,1442.0,1127.0,True,False,True,True,False,False,1.0,both,0.004114439628730316,0.0033627135636409206,4.201778753005439e-05,3.709869644455368e-05,1.6147263038914905e-05
225,single,ttggatacctacttatggtacattgttgtgaat,8.0,gtt,1.0,LDTYLWYIVVN,,False,False,1.0,1.0,1.0,6.0,1.0,8.0,716.0,637.0,True,False,True,True,False,False,1.0,both,0.0020429533801462597,0.0019006641881448682,2.8011858353369593e-05,4.63733705556921e-06,6.458905215565962e-05
226,single,ttggatacctacttatggtacatttaggtgaat,8.0,tag,1.0,LDTYLWYI*VN,,True,False,3.0,1.0,1.0,5.0,5.0,5.0,265.0,177.0,True,False,True,True,False,False,1.0,both,0.0007561210136016184,0.0005281280397200027,2.334321529447466e-05,2.318668527784605e-05,4.036815759728726e-05
227,single,ttggatacctacttatggtacatttatgtgaat,8.0,tat,1.0,LDTYLWYIYVN,,False,False,2.0,1.0,1.0,18.0,6.0,2.0,1771.0,1734.0,True,False,True,True,False,False,1.0,both,0.005053171000333835,0.005173864524714602,8.403557506010878e-05,2.7824022333415258e-05,1.6147263038914905e-05
228,single,ttggatacctacttatggtacatttcggtgaat,8.0,tcg,1.0,LDTYLWYISVN,,False,False,3.0,1.0,1.0,12.0,4.0,7.0,1073.0,969.0,True,False,True,True,False,False,1.0,both,0.0030615767833756095,0.0028912772343993366,5.6023716706739186e-05,1.854934822227684e-05,5.651542063620216e-05
229,single,ttggatacctacttatggtacatttgtgtgaat,8.0,tgt,1.0,LDTYLWYICVN,,False,False,2.0,1.0,1.0,8.0,4.0,2.0,819.0,697.0,True,False,True,True,False,False,1.0,both,0.002336841925055568,0.002079690642287242,3.734914447115946e-05,1.854934822227684e-05,1.6147263038914905e-05
230,single,ttggatacctacttatggtacattttggtgaat,8.0,ttg,1.0,LDTYLWYILVN,,False,False,2.0,1.0,1.0,7.0,6.0,5.0,2258.0,2122.0,True,False,True,True,False,False,1.0,both,0.006442721693254544,0.006331568928168619,3.2680501412264525e-05,2.7824022333415258e-05,4.036815759728726e-05
231,single,ttggatacctacttatggtacatttttgtgaat,8.0,ttt,1.0,LDTYLWYIFVN,,False,False,1.0,1.0,1.0,1.0,1.0,1.0,7.0,6.0,True,False,True,True,False,False,2.0,both,1.9973007906457844e-05,1.7902645414237377e-05,4.6686430588949324e-06,4.63733705556921e-06,8.073631519457453e-06
232,single,ttggatacctacttatggtaccagattgtgaat,7.0,cag,1.0,LDTYLWYQIVN,,False,False,3.0,1.0,1.0,21.0,5.0,3.0,1558.0,1605.0,True,False,True,True,False,False,1.0,both,0.004445420902608761,0.004788957648308498,9.804150423679357e-05,2.318668527784605e-05,2.4220894558372356e-05
233,single,ttggatacctacttatggtaccatattgtgaat,7.0,cat,1.0,LDTYLWYHIVN,,False,False,2.0,1.0,1.0,12.0,9.0,3.0,815.0,778.0,True,False,True,True,False,False,1.0,both,0.002325428777680449,0.002321376355379447,5.6023716706739186e-05,4.173603350012289e-05,2.4220894558372356e-05
234,single,ttggatacctacttatggtacccgattgtgaat,7.0,ccg,1.0,LDTYLWYPIVN,,False,False,3.0,1.0,1.0,1.0,1.0,1.0,74.0,92.0,True,False,True,True,False,False,1.0,both,0.00021114322643969721,0.00027450722968497314,4.6686430588949324e-06,4.63733705556921e-06,8.073631519457453e-06
235,single,ttggatacctacttatggtaccctattgtgaat,7.0,cct,1.0,LDTYLWYPIVN,,False,False,2.0,1.0,1.0,8.0,17.0,2.0,915.0,934.0,True,False,True,True,False,False,1.0,both,0.002610757462058418,0.0027868451361496185,3.734914447115946e-05,7.883472994467657e-05,1.6147263038914905e-05
236,single,ttggatacctacttatggtaccggattgtgaat,7.0,cgg,1.0,LDTYLWYRIVN,,False,False,3.0,1.0,1.0,4660.0,4191.0,2532.0,892.0,911.0,True,False,True,True,False,False,1.0,both,0.0025451318646514853,0.002718218328728375,0.021755876654450383,0.01943507959989056,0.02044243500726627
237,single,ttggatacctacttatggtaccgtattgtgaat,7.0,cgt,1.0,LDTYLWYRIVN,,False,False,2.0,1.0,1.0,1.0,4.0,4.0,5.0,5.0,True,False,True,True,False,False,2.0,both,1.426643421889846e-05,1.4918871178531148e-05,4.6686430588949324e-06,1.854934822227684e-05,3.229452607782981e-05
238,single,ttggatacctacttatggtacctgattgtgaat,7.0,ctg,1.0,LDTYLWYLIVN,,False,False,2.0,1.0,1.0,3.0,2.0,1.0,5.0,3.0,True,False,True,True,False,False,2.0,both,1.426643421889846e-05,8.951322707118688e-06,1.4005929176684796e-05,9.27467411113842e-06,8.073631519457453e-06
239,single,ttggatacctacttatggtaccttattgtgaat,7.0,ctt,1.0,LDTYLWYLIVN,,False,False,1.0,1.0,1.0,8.0,9.0,4.0,1104.0,1093.0,True,False,True,True,False,False,1.0,both,0.00315002867553278,0.0032612652396269088,3.734914447115946e-05,4.173603350012289e-05,3.229452607782981e-05
240,single,ttggatacctacttatggtacgagattgtgaat,7.0,gag,1.0,LDTYLWYEIVN,,False,False,3.0,1.0,1.0,9.0,9.0,5.0,2334.0,2138.0,True,False,True,True,False,False,1.0,both,0.006659571493381801,0.006379309315939919,4.201778753005439e-05,4.173603350012289e-05,4.036815759728726e-05
241,single,ttggatacctacttatggtacgatattgtgaat,7.0,gat,1.0,LDTYLWYDIVN,,False,False,2.0,1.0,1.0,4.0,3.0,6.0,761.0,655.0,True,False,True,True,False,False,1.0,both,0.0021713512881163456,0.0019543721243875803,1.867457223557973e-05,1.3912011166707629e-05,4.844178911674471e-05
242,single,ttggatacctacttatggtacgctattgtgaat,7.0,gct,1.0,LDTYLWYAIVN,,False,False,2.0,1.0,1.0,16.0,3.0,4.0,2062.0,2071.0,True,False,True,True,False,False,1.0,both,0.005883477471873725,0.006179396442147602,7.469828894231892e-05,1.3912011166707629e-05,3.229452607782981e-05
243,single,ttggatacctacttatggtacgggattgtgaat,7.0,ggg,1.0,LDTYLWYGIVN,,False,False,3.0,1.0,1.0,102.0,94.0,50.0,1795.0,1610.0,True,False,True,True,False,False,1.0,both,0.005121649884584547,0.004803876519487029,0.0004762015920072831,0.0004359096832235057,0.0004036815759728726
244,single,ttggatacctacttatggtacgtgattgtgaat,7.0,gtg,1.0,LDTYLWYVIVN,,False,False,2.0,1.0,1.0,11.0,8.0,6.0,1361.0,1324.0,True,False,True,True,False,False,1.0,both,0.003883323394384161,0.003950517088075048,5.135507364784425e-05,3.709869644455368e-05,4.844178911674471e-05
245,single,ttggatacctacttatggtacgttattgtgaat,7.0,gtt,1.0,LDTYLWYVIVN,,False,False,1.0,1.0,1.0,4.0,8.0,3.0,955.0,816.0,True,False,True,True,False,False,1.0,both,0.002724888935809606,0.0024347597763362833,1.867457223557973e-05,3.709869644455368e-05,2.4220894558372356e-05
246,single,ttggatacctacttatggtactagattgtgaat,7.0,tag,1.0,LDTYLWY*IVN,,True,False,3.0,1.0,1.0,2.0,1.0,2.0,9.0,5.0,True,False,True,True,False,False,2.0,both,2.567958159401723e-05,1.4918871178531148e-05,9.337286117789865e-06,4.63733705556921e-06,1.6147263038914905e-05
247,single,ttggatacctacttatggtactatattgtgaat,7.0,tat,1.0,LDTYLWYYIVN,,False,False,2.0,1.0,1.0,15899.0,15642.0,8803.0,1381.0,1173.0,True,False,True,True,False,False,1.0,both,0.003940389131259755,0.0034999671784834074,0.07422675599337053,0.07253722622321358,0.07107217826578395
248,single,ttggatacctacttatggtactcgattgtgaat,7.0,tcg,1.0,LDTYLWYSIVN,,False,False,3.0,1.0,1.0,3.0,5.0,1.0,939.0,748.0,True,False,True,True,False,False,1.0,both,0.002679236346309131,0.0022318631283082596,1.4005929176684796e-05,2.318668527784605e-05,8.073631519457453e-06
249,single,ttggatacctacttatggtactctattgtgaat,7.0,tct,1.0,LDTYLWYSIVN,,False,False,2.0,1.0,1.0,2.0,2.0,1.0,1007.0,882.0,True,False,True,True,False,False,1.0,both,0.00287325985168615,0.0026316888758928943,9.337286117789865e-06,9.27467411113842e-06,8.073631519457453e-06
250,single,ttggatacctacttatggtactggattgtgaat,7.0,tgg,1.0,LDTYLWYWIVN,,False,False,3.0,1.0,1.0,24760.0,24638.0,14744.0,1530.0,1475.0,True,False,True,True,False,False,1.0,both,0.004365528870982929,0.004401066997666688,0.11559560213823852,0.1142547103751142,0.11903762312288067
251,single,ttggatacctacttatggtactgtattgtgaat,7.0,tgt,1.0,LDTYLWYCIVN,,False,False,2.0,1.0,1.0,22.0,13.0,7.0,1110.0,1161.0,True,False,True,True,False,False,1.0,both,0.003167148396595458,0.0034641618876549325,0.0001027101472956885,6.028538172239973e-05,5.651542063620216e-05
252,single,ttggatacctacttatggtacttgattgtgaat,7.0,ttg,1.0,LDTYLWYLIVN,,False,False,2.0,1.0,1.0,17.0,7.0,12.0,1131.0,984.0,True,False,True,True,False,False,1.0,both,0.0032270674203148317,0.00293603384793493,7.936693200121385e-05,3.246135938898447e-05,9.688357823348942e-05
253,single,ttggatacctacttatggtactttattgtgaat,7.0,ttt,1.0,LDTYLWYFIVN,,False,False,1.0,1.0,1.0,19239.0,18799.0,11030.0,1090.0,920.0,True,False,True,True,False,False,1.0,both,0.0031100826597198644,0.0027450722968497313,0.0898200238100796,0.08717729930764558,0.08905215565961569
254,single,ttggatacctacttatggtagattattgtgaat,6.0,tag,1.0,LDTYLW*IIVN,,True,False,1.0,1.0,1.0,1.0,1.0,1.0,80.0,112.0,True,False,True,True,False,False,1.0,both,0.00022826294750237535,0.0003341827143990977,4.6686430588949324e-06,4.63733705556921e-06,8.073631519457453e-06
255,single,ttggatacctacttatggtatattattgtgaat,6.0,tat,1.0,LDTYLWYIIVN,,False,False,1.0,0.0,1.0,1.0,1.0,1.0,3.0,8.0,True,False,True,True,False,False,2.0,both,8.559860531339077e-06,2.3870193885649835e-05,4.6686430588949324e-06,4.63733705556921e-06,8.073631519457453e-06
256,single,ttggatacctacttatggtcgattattgtgaat,6.0,tcg,1.0,LDTYLWSIIVN,,False,False,2.0,1.0,1.0,12.0,2.0,11.0,922.0,817.0,True,False,True,True,False,False,1.0,both,0.002630730469964876,0.0024377435505719895,5.6023716706739186e-05,9.27467411113842e-06,8.880994671403197e-05
257,single,ttggatacctacttatggtctattattgtgaat,6.0,tct,1.0,LDTYLWSIIVN,,False,False,2.0,1.0,1.0,3.0,14.0,7.0,983.0,950.0,True,False,True,True,False,False,1.0,both,0.002804780967435437,0.002834585523920918,1.4005929176684796e-05,6.492271877796893e-05,5.651542063620216e-05
258,single,ttggatacctacttatggtggattattgtgaat,6.0,tgg,1.0,LDTYLWWIIVN,,False,False,2.0,1.0,1.0,7.0,12.0,4.0,2293.0,2079.0,True,False,True,True,False,False,1.0,both,0.006542586732786834,0.006203266636033251,3.2680501412264525e-05,5.5648044666830517e-05,3.229452607782981e-05
259,single,ttggatacctacttatggtgtattattgtgaat,6.0,tgt,1.0,LDTYLWCIIVN,,False,False,2.0,1.0,1.0,1.0,4.0,2.0,5.0,4.0,True,False,True,True,False,False,2.0,both,1.426643421889846e-05,1.1935096942824917e-05,4.6686430588949324e-06,1.854934822227684e-05,1.6147263038914905e-05
260,single,ttggatacctacttatggttgattattgtgaat,6.0,ttg,1.0,LDTYLWLIIVN,,False,False,2.0,1.0,1.0,11.0,15.0,5.0,851.0,784.0,True,False,True,True,False,False,1.0,both,0.002428147104056518,0.002339279000793684,5.135507364784425e-05,6.956005583353816e-05,4.036815759728726e-05
261,single,ttggatacctacttatggtttattattgtgaat,6.0,ttt,1.0,LDTYLWFIIVN,,False,False,2.0,1.0,1.0,12.0,16.0,3.0,1721.0,1580.0,True,False,True,True,False,False,1.0,both,0.00491050665814485,0.0047143632924158425,5.6023716706739186e-05,7.419739288910736e-05,2.4220894558372356e-05
262,single,ttggatacctacttatgttacattattgtgaat,5.0,tgt,1.0,LDTYLCYIIVN,,False,False,1.0,1.0,1.0,1.0,1.0,4.0,959.0,942.0,True,False,True,True,False,False,1.0,both,0.0027363020831847247,0.0028107153300352683,4.6686430588949324e-06,4.63733705556921e-06,3.229452607782981e-05
263,single,ttggatacctacttattgtacattattgtgaat,5.0,ttg,1.0,LDTYLLYIIVN,,False,False,1.0,1.0,1.0,1.0,1.0,3.0,11.0,5.0,True,False,True,True,False,False,2.0,both,3.138615528157661e-05,1.4918871178531148e-05,4.6686430588949324e-06,4.63733705556921e-06,2.4220894558372356e-05
264,single,ttggatacctacttattttacattattgtgaat,5.0,ttt,1.0,LDTYLFYIIVN,,False,False,2.0,1.0,1.0,129.0,99.0,73.0,93.0,155.0,True,False,True,True,False,False,1.0,both,0.00026535567647151134,0.00046248500653446557,0.0006022549545974462,0.00045909636850135176,0.000589375100920394
265,single,ttggatacctacttgtggtacattattgtgaat,4.0,ttg,1.0,LDTYLWYIIVN,,False,False,1.0,0.0,1.0,10.0,19.0,10.0,3923.0,3444.0,True,False,True,True,False,False,1.0,both,0.011193444288147732,0.010276118467772254,4.668643058894932e-05,8.810940405581499e-05,8.073631519457452e-05
266,single,ttggatacctacttttggtacattattgtgaat,4.0,ttt,1.0,LDTYFWYIIVN,,False,False,1.0,1.0,1.0,6142.0,6100.0,3176.0,2408.0,2027.0,True,False,True,True,False,False,1.0,both,0.006870714719821498,0.006048110375776527,0.028674805667732672,0.02828775603897218,0.025641853705796868
267,single,ttggatacctagttatggtacattattgtgaat,3.0,tag,1.0,LDT*LWYIIVN,,True,False,1.0,1.0,1.0,1.0,5.0,1.0,1.0,4.0,True,False,True,True,False,False,3.0,both,2.8532868437796922e-06,1.1935096942824917e-05,4.6686430588949324e-06,2.318668527784605e-05,8.073631519457453e-06
268,single,ttggatacctatttatggtacattattgtgaat,3.0,tat,1.0,LDTYLWYIIVN,,False,False,1.0,0.0,1.0,6.0,1.0,1.0,780.0,669.0,True,False,True,True,False,False,1.0,both,0.0022255637381481596,0.0019961449636874675,2.8011858353369593e-05,4.63733705556921e-06,8.073631519457453e-06
269,single,ttggatacctcgttatggtacattattgtgaat,3.0,tcg,1.0,LDTSLWYIIVN,,False,False,2.0,1.0,1.0,5.0,1.0,1.0,503.0,468.0,True,False,True,True,False,False,1.0,both,0.001435203282421185,0.0013964063423105154,2.334321529447466e-05,4.63733705556921e-06,8.073631519457453e-06
270,single,ttggatacctctttatggtacattattgtgaat,3.0,tct,1.0,LDTSLWYIIVN,,False,False,2.0,1.0,1.0,16.0,13.0,6.0,1887.0,1783.0,True,False,True,True,False,False,1.0,both,0.0053841522742122784,0.005320069462264207,7.469828894231892e-05,6.028538172239973e-05,4.844178911674471e-05
271,single,ttggatacctgtttatggtacattattgtgaat,3.0,tgt,1.0,LDTCLWYIIVN,,False,False,2.0,1.0,1.0,987.0,1049.0,593.0,2675.0,2386.0,True,False,True,True,False,False,1.0,both,0.007632542307110676,0.007119285326395063,0.004607950699129298,0.004864566571292101,0.004787663491038269
272,single,ttggataccttgttatggtacattattgtgaat,3.0,ttg,1.0,LDTLLWYIIVN,,False,False,2.0,1.0,1.0,1706.0,1928.0,1189.0,912.0,846.0,True,False,True,True,False,False,1.0,both,0.002602197601527079,0.00252427300340747,0.007964705058474754,0.008940785843137436,0.00959954787663491
273,single,ttggatacgtacttatggtacattattgtgaat,2.0,acg,1.0,LDTYLWYIIVN,,False,False,1.0,0.0,1.0,1.0,2.0,1.0,2.0,4.0,True,False,True,True,False,False,3.0,both,5.7065736875593844e-06,1.1935096942824917e-05,4.6686430588949324e-06,9.27467411113842e-06,8.073631519457453e-06
274,single,ttggatacttacttatggtacattattgtgaat,2.0,act,1.0,LDTYLWYIIVN,,False,False,1.0,0.0,1.0,2.0,14.0,4.0,1052.0,930.0,True,False,True,True,False,False,1.0,both,0.003001657759656236,0.0027749100392067934,9.337286117789865e-06,6.492271877796893e-05,3.229452607782981e-05
275,ortho,ttggatacttatatgtggtatattatttgtaat,2.0,act,1.0,LDTYMWYIICN,,False,False,8.0,2.0,5.0,8.0,7.0,8.0,596.0,668.0,True,False,True,True,False,False,1.0,both,0.0017005589588926964,0.0019931611894517614,3.734914447115946e-05,3.246135938898447e-05,6.458905215565962e-05
276,ortho,ttggatacttatatgtggtatattatttgtaat,3.0,tat,2.0,LDTYMWYIICN,,False,False,8.0,2.0,5.0,8.0,7.0,8.0,596.0,668.0,True,False,True,True,False,False,1.0,both,0.0017005589588926964,0.0019931611894517614,3.734914447115946e-05,3.246135938898447e-05,6.458905215565962e-05
277,ortho,ttggatacttatatgtggtatattatttgtaat,4.0,atg,3.0,LDTYMWYIICN,,False,False,8.0,2.0,5.0,8.0,7.0,8.0,596.0,668.0,True,False,True,True,False,False,1.0,both,0.0017005589588926964,0.0019931611894517614,3.734914447115946e-05,3.246135938898447e-05,6.458905215565962e-05
278,ortho,ttggatacttatatgtggtatattatttgtaat,6.0,tat,4.0,LDTYMWYIICN,,False,False,8.0,2.0,5.0,8.0,7.0,8.0,596.0,668.0,True,False,True,True,False,False,1.0,both,0.0017005589588926964,0.0019931611894517614,3.734914447115946e-05,3.246135938898447e-05,6.458905215565962e-05
279,ortho,ttggatacttatatgtggtatattatttgtaat,9.0,tgt,5.0,LDTYMWYIICN,,False,False,8.0,2.0,5.0,8.0,7.0,8.0,596.0,668.0,True,False,True,True,False,False,1.0,both,0.0017005589588926964,0.0019931611894517614,3.734914447115946e-05,3.246135938898447e-05,6.458905215565962e-05
280,ortho,ttggatacttatatgtggtatattattttgaat,2.0,act,1.0,LDTYMWYIILN,,False,False,6.0,2.0,5.0,9.0,7.0,1.0,934.0,1114.0,True,False,True,True,False,False,1.0,both,0.0026649699120902324,0.0033239244985767396,4.201778753005439e-05,3.246135938898447e-05,8.073631519457453e-06
281,ortho,ttggatacttatatgtggtatattattttgaat,3.0,tat,2.0,LDTYMWYIILN,,False,False,6.0,2.0,5.0,9.0,7.0,1.0,934.0,1114.0,True,False,True,True,False,False,1.0,both,0.0026649699120902324,0.0033239244985767396,4.201778753005439e-05,3.246135938898447e-05,8.073631519457453e-06
282,ortho,ttggatacttatatgtggtatattattttgaat,4.0,atg,3.0,LDTYMWYIILN,,False,False,6.0,2.0,5.0,9.0,7.0,1.0,934.0,1114.0,True,False,True,True,False,False,1.0,both,0.0026649699120902324,0.0033239244985767396,4.201778753005439e-05,3.246135938898447e-05,8.073631519457453e-06
283,ortho,ttggatacttatatgtggtatattattttgaat,6.0,tat,4.0,LDTYMWYIILN,,False,False,6.0,2.0,5.0,9.0,7.0,1.0,934.0,1114.0,True,False,True,True,False,False,1.0,both,0.0026649699120902324,0.0033239244985767396,4.201778753005439e-05,3.246135938898447e-05,8.073631519457453e-06
284,ortho,ttggatacttatatgtggtatattattttgaat,9.0,ttg,5.0,LDTYMWYIILN,,False,False,6.0,2.0,5.0,9.0,7.0,1.0,934.0,1114.0,True,False,True,True,False,False,1.0,both,0.0026649699120902324,0.0033239244985767396,4.201778753005439e-05,3.246135938898447e-05,8.073631519457453e-06
285,ortho,ttggatacttatatgtggtatattgtttgtaat,2.0,act,1.0,LDTYMWYIVCN,,False,False,9.0,3.0,6.0,14.0,8.0,12.0,821.0,798.0,True,False,True,True,False,False,1.0,both,0.002342548498743127,0.002381051840093571,6.536100282452905e-05,3.709869644455368e-05,9.688357823348942e-05
286,ortho,ttggatacttatatgtggtatattgtttgtaat,3.0,tat,2.0,LDTYMWYIVCN,,False,False,9.0,3.0,6.0,14.0,8.0,12.0,821.0,798.0,True,False,True,True,False,False,1.0,both,0.002342548498743127,0.002381051840093571,6.536100282452905e-05,3.709869644455368e-05,9.688357823348942e-05
287,ortho,ttggatacttatatgtggtatattgtttgtaat,4.0,atg,3.0,LDTYMWYIVCN,,False,False,9.0,3.0,6.0,14.0,8.0,12.0,821.0,798.0,True,False,True,True,False,False,1.0,both,0.002342548498743127,0.002381051840093571,6.536100282452905e-05,3.709869644455368e-05,9.688357823348942e-05
288,ortho,ttggatacttatatgtggtatattgtttgtaat,6.0,tat,4.0,LDTYMWYIVCN,,False,False,9.0,3.0,6.0,14.0,8.0,12.0,821.0,798.0,True,False,True,True,False,False,1.0,both,0.002342548498743127,0.002381051840093571,6.536100282452905e-05,3.709869644455368e-05,9.688357823348942e-05
289,ortho,ttggatacttatatgtggtatattgtttgtaat,8.0,gtt,5.0,LDTYMWYIVCN,,False,False,9.0,3.0,6.0,14.0,8.0,12.0,821.0,798.0,True,False,True,True,False,False,1.0,both,0.002342548498743127,0.002381051840093571,6.536100282452905e-05,3.709869644455368e-05,9.688357823348942e-05
290,ortho,ttggatacttatatgtggtatattgtttgtaat,9.0,tgt,6.0,LDTYMWYIVCN,,False,False,9.0,3.0,6.0,14.0,8.0,12.0,821.0,798.0,True,False,True,True,False,False,1.0,both,0.002342548498743127,0.002381051840093571,6.536100282452905e-05,3.709869644455368e-05,9.688357823348942e-05
291,ortho,ttggatacttatatgtggtatattttgtgtaat,2.0,act,1.0,LDTYMWYILCN,,False,False,10.0,3.0,6.0,2.0,1.0,4.0,984.0,975.0,True,False,True,True,False,False,1.0,both,0.002807634254279217,0.0029091798798135736,9.337286117789865e-06,4.63733705556921e-06,3.229452607782981e-05
292,ortho,ttggatacttatatgtggtatattttgtgtaat,3.0,tat,2.0,LDTYMWYILCN,,False,False,10.0,3.0,6.0,2.0,1.0,4.0,984.0,975.0,True,False,True,True,False,False,1.0,both,0.002807634254279217,0.0029091798798135736,9.337286117789865e-06,4.63733705556921e-06,3.229452607782981e-05
293,ortho,ttggatacttatatgtggtatattttgtgtaat,4.0,atg,3.0,LDTYMWYILCN,,False,False,10.0,3.0,6.0,2.0,1.0,4.0,984.0,975.0,True,False,True,True,False,False,1.0,both,0.002807634254279217,0.0029091798798135736,9.337286117789865e-06,4.63733705556921e-06,3.229452607782981e-05
294,ortho,ttggatacttatatgtggtatattttgtgtaat,6.0,tat,4.0,LDTYMWYILCN,,False,False,10.0,3.0,6.0,2.0,1.0,4.0,984.0,975.0,True,False,True,True,False,False,1.0,both,0.002807634254279217,0.0029091798798135736,9.337286117789865e-06,4.63733705556921e-06,3.229452607782981e-05
295,ortho,ttggatacttatatgtggtatattttgtgtaat,8.0,ttg,5.0,LDTYMWYILCN,,False,False,10.0,3.0,6.0,2.0,1.0,4.0,984.0,975.0,True,False,True,True,False,False,1.0,both,0.002807634254279217,0.0029091798798135736,9.337286117789865e-06,4.63733705556921e-06,3.229452607782981e-05
296,ortho,ttggatacttatatgtggtatattttgtgtaat,9.0,tgt,6.0,LDTYMWYILCN,,False,False,10.0,3.0,6.0,2.0,1.0,4.0,984.0,975.0,True,False,True,True,False,False,1.0,both,0.002807634254279217,0.0029091798798135736,9.337286117789865e-06,4.63733705556921e-06,3.229452607782981e-05
297,ortho,ttggatacttatatgtggtggattattgttaat,2.0,act,1.0,LDTYMWWIIVN,,False,False,7.0,2.0,5.0,9.0,2.0,4.0,364.0,416.0,True,False,True,True,False,False,1.0,both,0.0010385964111358078,0.0012412500820537914,4.201778753005439e-05,9.27467411113842e-06,3.229452607782981e-05
298,ortho,ttggatacttatatgtggtggattattgttaat,3.0,tat,2.0,LDTYMWWIIVN,,False,False,7.0,2.0,5.0,9.0,2.0,4.0,364.0,416.0,True,False,True,True,False,False,1.0,both,0.0010385964111358078,0.0012412500820537914,4.201778753005439e-05,9.27467411113842e-06,3.229452607782981e-05
299,ortho,ttggatacttatatgtggtggattattgttaat,4.0,atg,3.0,LDTYMWWIIVN,,False,False,7.0,2.0,5.0,9.0,2.0,4.0,364.0,416.0,True,False,True,True,False,False,1.0,both,0.0010385964111358078,0.0012412500820537914,4.201778753005439e-05,9.27467411113842e-06,3.229452607782981e-05
300,ortho,ttggatacttatatgtggtggattattgttaat,6.0,tgg,4.0,LDTYMWWIIVN,,False,False,7.0,2.0,5.0,9.0,2.0,4.0,364.0,416.0,True,False,True,True,False,False,1.0,both,0.0010385964111358078,0.0012412500820537914,4.201778753005439e-05,9.27467411113842e-06,3.229452607782981e-05
301,ortho,ttggatacttatatgtggtggattattgttaat,9.0,gtt,5.0,LDTYMWWIIVN,,False,False,7.0,2.0,5.0,9.0,2.0,4.0,364.0,416.0,True,False,True,True,False,False,1.0,both,0.0010385964111358078,0.0012412500820537914,4.201778753005439e-05,9.27467411113842e-06,3.229452607782981e-05
302,ortho,ttggatacttatttgatgtatgttgttgttaat,2.0,act,1.0,LDTYLMYVVVN,,False,False,9.0,3.0,8.0,3964.0,4861.0,3322.0,1393.0,1623.0,True,False,True,True,False,False,1.0,both,0.003974628573385111,0.004842665584551211,0.018506501085459513,0.02254209542712193,0.026820603907637654
303,ortho,ttggatacttatttgatgtatgttgttgttaat,3.0,tat,2.0,LDTYLMYVVVN,,False,False,9.0,3.0,8.0,3964.0,4861.0,3322.0,1393.0,1623.0,True,False,True,True,False,False,1.0,both,0.003974628573385111,0.004842665584551211,0.018506501085459513,0.02254209542712193,0.026820603907637654
304,ortho,ttggatacttatttgatgtatgttgttgttaat,4.0,ttg,3.0,LDTYLMYVVVN,,False,False,9.0,3.0,8.0,3964.0,4861.0,3322.0,1393.0,1623.0,True,False,True,True,False,False,1.0,both,0.003974628573385111,0.004842665584551211,0.018506501085459513,0.02254209542712193,0.026820603907637654
305,ortho,ttggatacttatttgatgtatgttgttgttaat,5.0,atg,4.0,LDTYLMYVVVN,,False,False,9.0,3.0,8.0,3964.0,4861.0,3322.0,1393.0,1623.0,True,False,True,True,False,False,1.0,both,0.003974628573385111,0.004842665584551211,0.018506501085459513,0.02254209542712193,0.026820603907637654
306,ortho,ttggatacttatttgatgtatgttgttgttaat,6.0,tat,5.0,LDTYLMYVVVN,,False,False,9.0,3.0,8.0,3964.0,4861.0,3322.0,1393.0,1623.0,True,False,True,True,False,False,1.0,both,0.003974628573385111,0.004842665584551211,0.018506501085459513,0.02254209542712193,0.026820603907637654
307,ortho,ttggatacttatttgatgtatgttgttgttaat,7.0,gtt,6.0,LDTYLMYVVVN,,False,False,9.0,3.0,8.0,3964.0,4861.0,3322.0,1393.0,1623.0,True,False,True,True,False,False,1.0,both,0.003974628573385111,0.004842665584551211,0.018506501085459513,0.02254209542712193,0.026820603907637654
308,ortho,ttggatacttatttgatgtatgttgttgttaat,8.0,gtt,7.0,LDTYLMYVVVN,,False,False,9.0,3.0,8.0,3964.0,4861.0,3322.0,1393.0,1623.0,True,False,True,True,False,False,1.0,both,0.003974628573385111,0.004842665584551211,0.018506501085459513,0.02254209542712193,0.026820603907637654
309,ortho,ttggatacttatttgatgtatgttgttgttaat,9.0,gtt,8.0,LDTYLMYVVVN,,False,False,9.0,3.0,8.0,3964.0,4861.0,3322.0,1393.0,1623.0,True,False,True,True,False,False,1.0,both,0.003974628573385111,0.004842665584551211,0.018506501085459513,0.02254209542712193,0.026820603907637654
310,ortho,ttggatacttatttgtggtatatgttgatttct,2.0,act,1.0,LDTYLWYMLIS,,False,False,11.0,4.0,8.0,2063.0,2425.0,1533.0,991.0,1072.0,True,False,True,True,False,False,1.0,both,0.002827607262185675,0.003198605980677078,0.009631410630500246,0.011245542359755334,0.012376877119328274
311,ortho,ttggatacttatttgtggtatatgttgatttct,3.0,tat,2.0,LDTYLWYMLIS,,False,False,11.0,4.0,8.0,2063.0,2425.0,1533.0,991.0,1072.0,True,False,True,True,False,False,1.0,both,0.002827607262185675,0.003198605980677078,0.009631410630500246,0.011245542359755334,0.012376877119328274
312,ortho,ttggatacttatttgtggtatatgttgatttct,4.0,ttg,3.0,LDTYLWYMLIS,,False,False,11.0,4.0,8.0,2063.0,2425.0,1533.0,991.0,1072.0,True,False,True,True,False,False,1.0,both,0.002827607262185675,0.003198605980677078,0.009631410630500246,0.011245542359755334,0.012376877119328274
313,ortho,ttggatacttatttgtggtatatgttgatttct,6.0,tat,4.0,LDTYLWYMLIS,,False,False,11.0,4.0,8.0,2063.0,2425.0,1533.0,991.0,1072.0,True,False,True,True,False,False,1.0,both,0.002827607262185675,0.003198605980677078,0.009631410630500246,0.011245542359755334,0.012376877119328274
314,ortho,ttggatacttatttgtggtatatgttgatttct,7.0,atg,5.0,LDTYLWYMLIS,,False,False,11.0,4.0,8.0,2063.0,2425.0,1533.0,991.0,1072.0,True,False,True,True,False,False,1.0,both,0.002827607262185675,0.003198605980677078,0.009631410630500246,0.011245542359755334,0.012376877119328274
315,ortho,ttggatacttatttgtggtatatgttgatttct,8.0,ttg,6.0,LDTYLWYMLIS,,False,False,11.0,4.0,8.0,2063.0,2425.0,1533.0,991.0,1072.0,True,False,True,True,False,False,1.0,both,0.002827607262185675,0.003198605980677078,0.009631410630500246,0.011245542359755334,0.012376877119328274
316,ortho,ttggatacttatttgtggtatatgttgatttct,9.0,att,7.0,LDTYLWYMLIS,,False,False,11.0,4.0,8.0,2063.0,2425.0,1533.0,991.0,1072.0,True,False,True,True,False,False,1.0,both,0.002827607262185675,0.003198605980677078,0.009631410630500246,0.011245542359755334,0.012376877119328274
317,ortho,ttggatacttatttgtggtatatgttgatttct,10.0,tct,8.0,LDTYLWYMLIS,,False,False,11.0,4.0,8.0,2063.0,2425.0,1533.0,991.0,1072.0,True,False,True,True,False,False,1.0,both,0.002827607262185675,0.003198605980677078,0.009631410630500246,0.011245542359755334,0.012376877119328274
318,ortho,ttggatacttatttgtggtatattattatgaat,2.0,act,1.0,LDTYLWYIIMN,,False,False,5.0,1.0,5.0,19.0,11.0,1.0,1939.0,1967.0,True,False,True,True,False,False,1.0,both,0.005532523190088822,0.005869083921634153,8.870421811900372e-05,5.101070761126131e-05,8.073631519457453e-06
319,ortho,ttggatacttatttgtggtatattattatgaat,3.0,tat,2.0,LDTYLWYIIMN,,False,False,5.0,1.0,5.0,19.0,11.0,1.0,1939.0,1967.0,True,False,True,True,False,False,1.0,both,0.005532523190088822,0.005869083921634153,8.870421811900372e-05,5.101070761126131e-05,8.073631519457453e-06
320,ortho,ttggatacttatttgtggtatattattatgaat,4.0,ttg,3.0,LDTYLWYIIMN,,False,False,5.0,1.0,5.0,19.0,11.0,1.0,1939.0,1967.0,True,False,True,True,False,False,1.0,both,0.005532523190088822,0.005869083921634153,8.870421811900372e-05,5.101070761126131e-05,8.073631519457453e-06
321,ortho,ttggatacttatttgtggtatattattatgaat,6.0,tat,4.0,LDTYLWYIIMN,,False,False,5.0,1.0,5.0,19.0,11.0,1.0,1939.0,1967.0,True,False,True,True,False,False,1.0,both,0.005532523190088822,0.005869083921634153,8.870421811900372e-05,5.101070761126131e-05,8.073631519457453e-06
322,ortho,ttggatacttatttgtggtatattattatgaat,9.0,atg,5.0,LDTYLWYIIMN,,False,False,5.0,1.0,5.0,19.0,11.0,1.0,1939.0,1967.0,True,False,True,True,False,False,1.0,both,0.005532523190088822,0.005869083921634153,8.870421811900372e-05,5.101070761126131e-05,8.073631519457453e-06
323,ortho,ttggatacttatttgtggtatattattattaat,2.0,act,1.0,LDTYLWYIIIN,,False,False,6.0,1.0,5.0,6.0,1.0,8.0,857.0,920.0,True,False,True,True,False,False,1.0,both,0.0024452668251191963,0.0027450722968497313,2.8011858353369593e-05,4.63733705556921e-06,6.458905215565962e-05
324,ortho,ttggatacttatttgtggtatattattattaat,3.0,tat,2.0,LDTYLWYIIIN,,False,False,6.0,1.0,5.0,6.0,1.0,8.0,857.0,920.0,True,False,True,True,False,False,1.0,both,0.0024452668251191963,0.0027450722968497313,2.8011858353369593e-05,4.63733705556921e-06,6.458905215565962e-05
325,ortho,ttggatacttatttgtggtatattattattaat,4.0,ttg,3.0,LDTYLWYIIIN,,False,False,6.0,1.0,5.0,6.0,1.0,8.0,857.0,920.0,True,False,True,True,False,False,1.0,both,0.0024452668251191963,0.0027450722968497313,2.8011858353369593e-05,4.63733705556921e-06,6.458905215565962e-05
326,ortho,ttggatacttatttgtggtatattattattaat,6.0,tat,4.0,LDTYLWYIIIN,,False,False,6.0,1.0,5.0,6.0,1.0,8.0,857.0,920.0,True,False,True,True,False,False,1.0,both,0.0024452668251191963,0.0027450722968497313,2.8011858353369593e-05,4.63733705556921e-06,6.458905215565962e-05
327,ortho,ttggatacttatttgtggtatattattattaat,9.0,att,5.0,LDTYLWYIIIN,,False,False,6.0,1.0,5.0,6.0,1.0,8.0,857.0,920.0,True,False,True,True,False,False,1.0,both,0.0024452668251191963,0.0027450722968497313,2.8011858353369593e-05,4.63733705556921e-06,6.458905215565962e-05
328,ortho,ttggatacttatttgtggtatattattgttaat,2.0,act,1.0,LDTYLWYIIVN,,False,False,5.0,0.0,5.0,9.0,18.0,10.0,1170.0,1217.0,True,False,True,True,False,False,1.0,both,0.0033383456072222394,0.0036312532448544814,4.201778753005439e-05,8.347206700024578e-05,8.073631519457452e-05
329,ortho,ttggatacttatttgtggtatattattgttaat,3.0,tat,2.0,LDTYLWYIIVN,,False,False,5.0,0.0,5.0,9.0,18.0,10.0,1170.0,1217.0,True,False,True,True,False,False,1.0,both,0.0033383456072222394,0.0036312532448544814,4.201778753005439e-05,8.347206700024578e-05,8.073631519457452e-05
330,ortho,ttggatacttatttgtggtatattattgttaat,4.0,ttg,3.0,LDTYLWYIIVN,,False,False,5.0,0.0,5.0,9.0,18.0,10.0,1170.0,1217.0,True,False,True,True,False,False,1.0,both,0.0033383456072222394,0.0036312532448544814,4.201778753005439e-05,8.347206700024578e-05,8.073631519457452e-05
331,ortho,ttggatacttatttgtggtatattattgttaat,6.0,tat,4.0,LDTYLWYIIVN,,False,False,5.0,0.0,5.0,9.0,18.0,10.0,1170.0,1217.0,True,False,True,True,False,False,1.0,both,0.0033383456072222394,0.0036312532448544814,4.201778753005439e-05,8.347206700024578e-05,8.073631519457452e-05
332,ortho,ttggatacttatttgtggtatattattgttaat,9.0,gtt,5.0,LDTYLWYIIVN,,False,False,5.0,0.0,5.0,9.0,18.0,10.0,1170.0,1217.0,True,False,True,True,False,False,1.0,both,0.0033383456072222394,0.0036312532448544814,4.201778753005439e-05,8.347206700024578e-05,8.073631519457452e-05
333,ortho,ttggatacttatttgtggtatattatttggaat,2.0,act,1.0,LDTYLWYIIWN,,False,False,6.0,1.0,5.0,17.0,10.0,9.0,605.0,857.0,True,False,True,True,False,False,1.0,both,0.0017262385404867137,0.002557094520000239,7.936693200121385e-05,4.63733705556921e-05,7.266268367511706e-05
334,ortho,ttggatacttatttgtggtatattatttggaat,3.0,tat,2.0,LDTYLWYIIWN,,False,False,6.0,1.0,5.0,17.0,10.0,9.0,605.0,857.0,True,False,True,True,False,False,1.0,both,0.0017262385404867137,0.002557094520000239,7.936693200121385e-05,4.63733705556921e-05,7.266268367511706e-05
335,ortho,ttggatacttatttgtggtatattatttggaat,4.0,ttg,3.0,LDTYLWYIIWN,,False,False,6.0,1.0,5.0,17.0,10.0,9.0,605.0,857.0,True,False,True,True,False,False,1.0,both,0.0017262385404867137,0.002557094520000239,7.936693200121385e-05,4.63733705556921e-05,7.266268367511706e-05
336,ortho,ttggatacttatttgtggtatattatttggaat,6.0,tat,4.0,LDTYLWYIIWN,,False,False,6.0,1.0,5.0,17.0,10.0,9.0,605.0,857.0,True,False,True,True,False,False,1.0,both,0.0017262385404867137,0.002557094520000239,7.936693200121385e-05,4.63733705556921e-05,7.266268367511706e-05
337,ortho,ttggatacttatttgtggtatattatttggaat,9.0,tgg,5.0,LDTYLWYIIWN,,False,False,6.0,1.0,5.0,17.0,10.0,9.0,605.0,857.0,True,False,True,True,False,False,1.0,both,0.0017262385404867137,0.002557094520000239,7.936693200121385e-05,4.63733705556921e-05,7.266268367511706e-05
338,ortho,ttggatacttatttgtggtatattatttggatt,2.0,act,1.0,LDTYLWYIIWI,,False,False,7.0,2.0,6.0,4.0,10.0,1.0,332.0,373.0,True,False,True,True,False,False,1.0,both,0.0009472912321348577,0.0011129477899184236,1.867457223557973e-05,4.63733705556921e-05,8.073631519457453e-06
339,ortho,ttggatacttatttgtggtatattatttggatt,3.0,tat,2.0,LDTYLWYIIWI,,False,False,7.0,2.0,6.0,4.0,10.0,1.0,332.0,373.0,True,False,True,True,False,False,1.0,both,0.0009472912321348577,0.0011129477899184236,1.867457223557973e-05,4.63733705556921e-05,8.073631519457453e-06
340,ortho,ttggatacttatttgtggtatattatttggatt,4.0,ttg,3.0,LDTYLWYIIWI,,False,False,7.0,2.0,6.0,4.0,10.0,1.0,332.0,373.0,True,False,True,True,False,False,1.0,both,0.0009472912321348577,0.0011129477899184236,1.867457223557973e-05,4.63733705556921e-05,8.073631519457453e-06
341,ortho,ttggatacttatttgtggtatattatttggatt,6.0,tat,4.0,LDTYLWYIIWI,,False,False,7.0,2.0,6.0,4.0,10.0,1.0,332.0,373.0,True,False,True,True,False,False,1.0,both,0.0009472912321348577,0.0011129477899184236,1.867457223557973e-05,4.63733705556921e-05,8.073631519457453e-06
342,ortho,ttggatacttatttgtggtatattatttggatt,9.0,tgg,5.0,LDTYLWYIIWI,,False,False,7.0,2.0,6.0,4.0,10.0,1.0,332.0,373.0,True,False,True,True,False,False,1.0,both,0.0009472912321348577,0.0011129477899184236,1.867457223557973e-05,4.63733705556921e-05,8.073631519457453e-06
343,ortho,ttggatacttatttgtggtatattatttggatt,10.0,att,6.0,LDTYLWYIIWI,,False,False,7.0,2.0,6.0,4.0,10.0,1.0,332.0,373.0,True,False,True,True,False,False,1.0,both,0.0009472912321348577,0.0011129477899184236,1.867457223557973e-05,4.63733705556921e-05,8.073631519457453e-06
344,ortho,ttggatacttatttgtggtatattatttgggtt,2.0,act,1.0,LDTYLWYIIWV,,False,False,8.0,2.0,6.0,4.0,8.0,3.0,290.0,299.0,True,False,True,True,False,False,1.0,both,0.0008274531846961106,0.0008921484964761626,1.867457223557973e-05,3.709869644455368e-05,2.4220894558372356e-05
345,ortho,ttggatacttatttgtggtatattatttgggtt,3.0,tat,2.0,LDTYLWYIIWV,,False,False,8.0,2.0,6.0,4.0,8.0,3.0,290.0,299.0,True,False,True,True,False,False,1.0,both,0.0008274531846961106,0.0008921484964761626,1.867457223557973e-05,3.709869644455368e-05,2.4220894558372356e-05
346,ortho,ttggatacttatttgtggtatattatttgggtt,4.0,ttg,3.0,LDTYLWYIIWV,,False,False,8.0,2.0,6.0,4.0,8.0,3.0,290.0,299.0,True,False,True,True,False,False,1.0,both,0.0008274531846961106,0.0008921484964761626,1.867457223557973e-05,3.709869644455368e-05,2.4220894558372356e-05
347,ortho,ttggatacttatttgtggtatattatttgggtt,6.0,tat,4.0,LDTYLWYIIWV,,False,False,8.0,2.0,6.0,4.0,8.0,3.0,290.0,299.0,True,False,True,True,False,False,1.0,both,0.0008274531846961106,0.0008921484964761626,1.867457223557973e-05,3.709869644455368e-05,2.4220894558372356e-05
348,ortho,ttggatacttatttgtggtatattatttgggtt,9.0,tgg,5.0,LDTYLWYIIWV,,False,False,8.0,2.0,6.0,4.0,8.0,3.0,290.0,299.0,True,False,True,True,False,False,1.0,both,0.0008274531846961106,0.0008921484964761626,1.867457223557973e-05,3.709869644455368e-05,2.4220894558372356e-05
349,ortho,ttggatacttatttgtggtatattatttgggtt,10.0,gtt,6.0,LDTYLWYIIWV,,False,False,8.0,2.0,6.0,4.0,8.0,3.0,290.0,299.0,True,False,True,True,False,False,1.0,both,0.0008274531846961106,0.0008921484964761626,1.867457223557973e-05,3.709869644455368e-05,2.4220894558372356e-05
350,ortho,ttggatacttatttgtggtatattatttgtaat,2.0,act,1.0,LDTYLWYIICN,,False,False,7.0,1.0,5.0,8.0,21.0,7.0,1135.0,1364.0,True,False,True,True,False,False,1.0,both,0.0032384805676899503,0.004069868057503297,3.734914447115946e-05,9.738407816695341e-05,5.651542063620216e-05
351,ortho,ttggatacttatttgtggtatattatttgtaat,3.0,tat,2.0,LDTYLWYIICN,,False,False,7.0,1.0,5.0,8.0,21.0,7.0,1135.0,1364.0,True,False,True,True,False,False,1.0,both,0.0032384805676899503,0.004069868057503297,3.734914447115946e-05,9.738407816695341e-05,5.651542063620216e-05
352,ortho,ttggatacttatttgtggtatattatttgtaat,4.0,ttg,3.0,LDTYLWYIICN,,False,False,7.0,1.0,5.0,8.0,21.0,7.0,1135.0,1364.0,True,False,True,True,False,False,1.0,both,0.0032384805676899503,0.004069868057503297,3.734914447115946e-05,9.738407816695341e-05,5.651542063620216e-05
353,ortho,ttggatacttatttgtggtatattatttgtaat,6.0,tat,4.0,LDTYLWYIICN,,False,False,7.0,1.0,5.0,8.0,21.0,7.0,1135.0,1364.0,True,False,True,True,False,False,1.0,both,0.0032384805676899503,0.004069868057503297,3.734914447115946e-05,9.738407816695341e-05,5.651542063620216e-05
354,ortho,ttggatacttatttgtggtatattatttgtaat,9.0,tgt,5.0,LDTYLWYIICN,,False,False,7.0,1.0,5.0,8.0,21.0,7.0,1135.0,1364.0,True,False,True,True,False,False,1.0,both,0.0032384805676899503,0.004069868057503297,3.734914447115946e-05,9.738407816695341e-05,5.651542063620216e-05
355,ortho,ttggatacttatttgtggtatattattttgaaa,2.0,act,1.0,LDTYLWYIILK,,False,False,6.0,2.0,6.0,4.0,1.0,8.0,710.0,924.0,True,False,True,True,False,False,1.0,both,0.0020258336590835814,0.002757007393792556,1.867457223557973e-05,4.63733705556921e-06,6.458905215565962e-05
356,ortho,ttggatacttatttgtggtatattattttgaaa,3.0,tat,2.0,LDTYLWYIILK,,False,False,6.0,2.0,6.0,4.0,1.0,8.0,710.0,924.0,True,False,True,True,False,False,1.0,both,0.0020258336590835814,0.002757007393792556,1.867457223557973e-05,4.63733705556921e-06,6.458905215565962e-05
357,ortho,ttggatacttatttgtggtatattattttgaaa,4.0,ttg,3.0,LDTYLWYIILK,,False,False,6.0,2.0,6.0,4.0,1.0,8.0,710.0,924.0,True,False,True,True,False,False,1.0,both,0.0020258336590835814,0.002757007393792556,1.867457223557973e-05,4.63733705556921e-06,6.458905215565962e-05
358,ortho,ttggatacttatttgtggtatattattttgaaa,6.0,tat,4.0,LDTYLWYIILK,,False,False,6.0,2.0,6.0,4.0,1.0,8.0,710.0,924.0,True,False,True,True,False,False,1.0,both,0.0020258336590835814,0.002757007393792556,1.867457223557973e-05,4.63733705556921e-06,6.458905215565962e-05
359,ortho,ttggatacttatttgtggtatattattttgaaa,9.0,ttg,5.0,LDTYLWYIILK,,False,False,6.0,2.0,6.0,4.0,1.0,8.0,710.0,924.0,True,False,True,True,False,False,1.0,both,0.0020258336590835814,0.002757007393792556,1.867457223557973e-05,4.63733705556921e-06,6.458905215565962e-05
360,ortho,ttggatacttatttgtggtatattattttgaaa,10.0,aaa,6.0,LDTYLWYIILK,,False,False,6.0,2.0,6.0,4.0,1.0,8.0,710.0,924.0,True,False,True,True,False,False,1.0,both,0.0020258336590835814,0.002757007393792556,1.867457223557973e-05,4.63733705556921e-06,6.458905215565962e-05
361,ortho,ttggatacttatttgtggtatattattttgaat,2.0,act,1.0,LDTYLWYIILN,,False,False,5.0,1.0,5.0,42.0,13.0,1.0,4718.0,3819.0,True,False,True,True,False,False,1.0,both,0.013461807328952587,0.01139503380616209,0.00019608300847358715,6.028538172239973e-05,8.073631519457453e-06
362,ortho,ttggatacttatttgtggtatattattttgaat,3.0,tat,2.0,LDTYLWYIILN,,False,False,5.0,1.0,5.0,42.0,13.0,1.0,4718.0,3819.0,True,False,True,True,False,False,1.0,both,0.013461807328952587,0.01139503380616209,0.00019608300847358715,6.028538172239973e-05,8.073631519457453e-06
363,ortho,ttggatacttatttgtggtatattattttgaat,4.0,ttg,3.0,LDTYLWYIILN,,False,False,5.0,1.0,5.0,42.0,13.0,1.0,4718.0,3819.0,True,False,True,True,False,False,1.0,both,0.013461807328952587,0.01139503380616209,0.00019608300847358715,6.028538172239973e-05,8.073631519457453e-06
364,ortho,ttggatacttatttgtggtatattattttgaat,6.0,tat,4.0,LDTYLWYIILN,,False,False,5.0,1.0,5.0,42.0,13.0,1.0,4718.0,3819.0,True,False,True,True,False,False,1.0,both,0.013461807328952587,0.01139503380616209,0.00019608300847358715,6.028538172239973e-05,8.073631519457453e-06
365,ortho,ttggatacttatttgtggtatattattttgaat,9.0,ttg,5.0,LDTYLWYIILN,,False,False,5.0,1.0,5.0,42.0,13.0,1.0,4718.0,3819.0,True,False,True,True,False,False,1.0,both,0.013461807328952587,0.01139503380616209,0.00019608300847358715,6.028538172239973e-05,8.073631519457453e-06
366,ortho,ttggatacttatttgtggtatattatttttaat,2.0,act,1.0,LDTYLWYIIFN,,False,False,6.0,1.0,5.0,4.0,3.0,12.0,766.0,866.0,True,False,True,True,False,False,1.0,both,0.002185617722335244,0.0025839484881215948,1.867457223557973e-05,1.3912011166707629e-05,9.688357823348942e-05
367,ortho,ttggatacttatttgtggtatattatttttaat,3.0,tat,2.0,LDTYLWYIIFN,,False,False,6.0,1.0,5.0,4.0,3.0,12.0,766.0,866.0,True,False,True,True,False,False,1.0,both,0.002185617722335244,0.0025839484881215948,1.867457223557973e-05,1.3912011166707629e-05,9.688357823348942e-05
368,ortho,ttggatacttatttgtggtatattatttttaat,4.0,ttg,3.0,LDTYLWYIIFN,,False,False,6.0,1.0,5.0,4.0,3.0,12.0,766.0,866.0,True,False,True,True,False,False,1.0,both,0.002185617722335244,0.0025839484881215948,1.867457223557973e-05,1.3912011166707629e-05,9.688357823348942e-05
369,ortho,ttggatacttatttgtggtatattatttttaat,6.0,tat,4.0,LDTYLWYIIFN,,False,False,6.0,1.0,5.0,4.0,3.0,12.0,766.0,866.0,True,False,True,True,False,False,1.0,both,0.002185617722335244,0.0025839484881215948,1.867457223557973e-05,1.3912011166707629e-05,9.688357823348942e-05
370,ortho,ttggatacttatttgtggtatattatttttaat,9.0,ttt,5.0,LDTYLWYIIFN,,False,False,6.0,1.0,5.0,4.0,3.0,12.0,766.0,866.0,True,False,True,True,False,False,1.0,both,0.002185617722335244,0.0025839484881215948,1.867457223557973e-05,1.3912011166707629e-05,9.688357823348942e-05
371,ortho,ttggatacttatttgtggtatattgttgttaat,2.0,act,1.0,LDTYLWYIVVN,,False,False,6.0,1.0,6.0,13.0,9.0,4.0,726.0,737.0,True,False,True,True,False,False,1.0,both,0.0020714862485840565,0.0021990416117154913,6.069235976563412e-05,4.173603350012289e-05,3.229452607782981e-05
372,ortho,ttggatacttatttgtggtatattgttgttaat,3.0,tat,2.0,LDTYLWYIVVN,,False,False,6.0,1.0,6.0,13.0,9.0,4.0,726.0,737.0,True,False,True,True,False,False,1.0,both,0.0020714862485840565,0.0021990416117154913,6.069235976563412e-05,4.173603350012289e-05,3.229452607782981e-05
373,ortho,ttggatacttatttgtggtatattgttgttaat,4.0,ttg,3.0,LDTYLWYIVVN,,False,False,6.0,1.0,6.0,13.0,9.0,4.0,726.0,737.0,True,False,True,True,False,False,1.0,both,0.0020714862485840565,0.0021990416117154913,6.069235976563412e-05,4.173603350012289e-05,3.229452607782981e-05
374,ortho,ttggatacttatttgtggtatattgttgttaat,6.0,tat,4.0,LDTYLWYIVVN,,False,False,6.0,1.0,6.0,13.0,9.0,4.0,726.0,737.0,True,False,True,True,False,False,1.0,both,0.0020714862485840565,0.0021990416117154913,6.069235976563412e-05,4.173603350012289e-05,3.229452607782981e-05
375,ortho,ttggatacttatttgtggtatattgttgttaat,8.0,gtt,5.0,LDTYLWYIVVN,,False,False,6.0,1.0,6.0,13.0,9.0,4.0,726.0,737.0,True,False,True,True,False,False,1.0,both,0.0020714862485840565,0.0021990416117154913,6.069235976563412e-05,4.173603350012289e-05,3.229452607782981e-05
376,ortho,ttggatacttatttgtggtatattgttgttaat,9.0,gtt,6.0,LDTYLWYIVVN,,False,False,6.0,1.0,6.0,13.0,9.0,4.0,726.0,737.0,True,False,True,True,False,False,1.0,both,0.0020714862485840565,0.0021990416117154913,6.069235976563412e-05,4.173603350012289e-05,3.229452607782981e-05
377,ortho,ttggatacttatttgtggtatattttgattggt,2.0,act,1.0,LDTYLWYILIG,,False,False,10.0,3.0,7.0,8.0,4.0,5.0,538.0,624.0,True,False,True,True,False,False,1.0,both,0.0015350683219534744,0.0018618751230806872,3.734914447115946e-05,1.854934822227684e-05,4.036815759728726e-05
378,ortho,ttggatacttatttgtggtatattttgattggt,3.0,tat,2.0,LDTYLWYILIG,,False,False,10.0,3.0,7.0,8.0,4.0,5.0,538.0,624.0,True,False,True,True,False,False,1.0,both,0.0015350683219534744,0.0018618751230806872,3.734914447115946e-05,1.854934822227684e-05,4.036815759728726e-05
379,ortho,ttggatacttatttgtggtatattttgattggt,4.0,ttg,3.0,LDTYLWYILIG,,False,False,10.0,3.0,7.0,8.0,4.0,5.0,538.0,624.0,True,False,True,True,False,False,1.0,both,0.0015350683219534744,0.0018618751230806872,3.734914447115946e-05,1.854934822227684e-05,4.036815759728726e-05
380,ortho,ttggatacttatttgtggtatattttgattggt,6.0,tat,4.0,LDTYLWYILIG,,False,False,10.0,3.0,7.0,8.0,4.0,5.0,538.0,624.0,True,False,True,True,False,False,1.0,both,0.0015350683219534744,0.0018618751230806872,3.734914447115946e-05,1.854934822227684e-05,4.036815759728726e-05
381,ortho,ttggatacttatttgtggtatattttgattggt,8.0,ttg,5.0,LDTYLWYILIG,,False,False,10.0,3.0,7.0,8.0,4.0,5.0,538.0,624.0,True,False,True,True,False,False,1.0,both,0.0015350683219534744,0.0018618751230806872,3.734914447115946e-05,1.854934822227684e-05,4.036815759728726e-05
382,ortho,ttggatacttatttgtggtatattttgattggt,9.0,att,6.0,LDTYLWYILIG,,False,False,10.0,3.0,7.0,8.0,4.0,5.0,538.0,624.0,True,False,True,True,False,False,1.0,both,0.0015350683219534744,0.0018618751230806872,3.734914447115946e-05,1.854934822227684e-05,4.036815759728726e-05
383,ortho,ttggatacttatttgtggtatattttgattggt,10.0,ggt,7.0,LDTYLWYILIG,,False,False,10.0,3.0,7.0,8.0,4.0,5.0,538.0,624.0,True,False,True,True,False,False,1.0,both,0.0015350683219534744,0.0018618751230806872,3.734914447115946e-05,1.854934822227684e-05,4.036815759728726e-05
384,ortho,ttggatacttatttgtggtatattttgatttct,2.0,act,1.0,LDTYLWYILIS,,False,False,10.0,3.0,7.0,8.0,12.0,10.0,1132.0,1318.0,True,False,True,True,False,False,1.0,both,0.0032299207071586115,0.003932614442660811,3.734914447115946e-05,5.5648044666830517e-05,8.073631519457452e-05
385,ortho,ttggatacttatttgtggtatattttgatttct,3.0,tat,2.0,LDTYLWYILIS,,False,False,10.0,3.0,7.0,8.0,12.0,10.0,1132.0,1318.0,True,False,True,True,False,False,1.0,both,0.0032299207071586115,0.003932614442660811,3.734914447115946e-05,5.5648044666830517e-05,8.073631519457452e-05
386,ortho,ttggatacttatttgtggtatattttgatttct,4.0,ttg,3.0,LDTYLWYILIS,,False,False,10.0,3.0,7.0,8.0,12.0,10.0,1132.0,1318.0,True,False,True,True,False,False,1.0,both,0.0032299207071586115,0.003932614442660811,3.734914447115946e-05,5.5648044666830517e-05,8.073631519457452e-05
387,ortho,ttggatacttatttgtggtatattttgatttct,6.0,tat,4.0,LDTYLWYILIS,,False,False,10.0,3.0,7.0,8.0,12.0,10.0,1132.0,1318.0,True,False,True,True,False,False,1.0,both,0.0032299207071586115,0.003932614442660811,3.734914447115946e-05,5.5648044666830517e-05,8.073631519457452e-05
388,ortho,ttggatacttatttgtggtatattttgatttct,8.0,ttg,5.0,LDTYLWYILIS,,False,False,10.0,3.0,7.0,8.0,12.0,10.0,1132.0,1318.0,True,False,True,True,False,False,1.0,both,0.0032299207071586115,0.003932614442660811,3.734914447115946e-05,5.5648044666830517e-05,8.073631519457452e-05
389,ortho,ttggatacttatttgtggtatattttgatttct,9.0,att,6.0,LDTYLWYILIS,,False,False,10.0,3.0,7.0,8.0,12.0,10.0,1132.0,1318.0,True,False,True,True,False,False,1.0,both,0.0032299207071586115,0.003932614442660811,3.734914447115946e-05,5.5648044666830517e-05,8.073631519457452e-05
390,ortho,ttggatacttatttgtggtatattttgatttct,10.0,tct,7.0,LDTYLWYILIS,,False,False,10.0,3.0,7.0,8.0,12.0,10.0,1132.0,1318.0,True,False,True,True,False,False,1.0,both,0.0032299207071586115,0.003932614442660811,3.734914447115946e-05,5.5648044666830517e-05,8.073631519457452e-05
391,ortho,ttggatacttatttgtggtatattttggttaat,2.0,act,1.0,LDTYLWYILVN,,False,False,7.0,1.0,6.0,11.0,12.0,9.0,1436.0,1440.0,True,False,True,True,False,False,1.0,both,0.0040973199076676375,0.00429663489941697,5.135507364784425e-05,5.5648044666830517e-05,7.266268367511706e-05
392,ortho,ttggatacttatttgtggtatattttggttaat,3.0,tat,2.0,LDTYLWYILVN,,False,False,7.0,1.0,6.0,11.0,12.0,9.0,1436.0,1440.0,True,False,True,True,False,False,1.0,both,0.0040973199076676375,0.00429663489941697,5.135507364784425e-05,5.5648044666830517e-05,7.266268367511706e-05
393,ortho,ttggatacttatttgtggtatattttggttaat,4.0,ttg,3.0,LDTYLWYILVN,,False,False,7.0,1.0,6.0,11.0,12.0,9.0,1436.0,1440.0,True,False,True,True,False,False,1.0,both,0.0040973199076676375,0.00429663489941697,5.135507364784425e-05,5.5648044666830517e-05,7.266268367511706e-05
394,ortho,ttggatacttatttgtggtatattttggttaat,6.0,tat,4.0,LDTYLWYILVN,,False,False,7.0,1.0,6.0,11.0,12.0,9.0,1436.0,1440.0,True,False,True,True,False,False,1.0,both,0.0040973199076676375,0.00429663489941697,5.135507364784425e-05,5.5648044666830517e-05,7.266268367511706e-05
395,ortho,ttggatacttatttgtggtatattttggttaat,8.0,ttg,5.0,LDTYLWYILVN,,False,False,7.0,1.0,6.0,11.0,12.0,9.0,1436.0,1440.0,True,False,True,True,False,False,1.0,both,0.0040973199076676375,0.00429663489941697,5.135507364784425e-05,5.5648044666830517e-05,7.266268367511706e-05
396,ortho,ttggatacttatttgtggtatattttggttaat,9.0,gtt,6.0,LDTYLWYILVN,,False,False,7.0,1.0,6.0,11.0,12.0,9.0,1436.0,1440.0,True,False,True,True,False,False,1.0,both,0.0040973199076676375,0.00429663489941697,5.135507364784425e-05,5.5648044666830517e-05,7.266268367511706e-05
397,ortho,ttggatacttatttgtggtatattttgtgtaat,2.0,act,1.0,LDTYLWYILCN,,False,False,9.0,2.0,6.0,29.0,4.0,4.0,1218.0,1375.0,True,False,True,True,False,False,1.0,both,0.0034753033757236648,0.0041026895740960655,0.00013539064870795304,1.854934822227684e-05,3.229452607782981e-05
398,ortho,ttggatacttatttgtggtatattttgtgtaat,3.0,tat,2.0,LDTYLWYILCN,,False,False,9.0,2.0,6.0,29.0,4.0,4.0,1218.0,1375.0,True,False,True,True,False,False,1.0,both,0.0034753033757236648,0.0041026895740960655,0.00013539064870795304,1.854934822227684e-05,3.229452607782981e-05
399,ortho,ttggatacttatttgtggtatattttgtgtaat,4.0,ttg,3.0,LDTYLWYILCN,,False,False,9.0,2.0,6.0,29.0,4.0,4.0,1218.0,1375.0,True,False,True,True,False,False,1.0,both,0.0034753033757236648,0.0041026895740960655,0.00013539064870795304,1.854934822227684e-05,3.229452607782981e-05
400,ortho,ttggatacttatttgtggtatattttgtgtaat,6.0,tat,4.0,LDTYLWYILCN,,False,False,9.0,2.0,6.0,29.0,4.0,4.0,1218.0,1375.0,True,False,True,True,False,False,1.0,both,0.0034753033757236648,0.0041026895740960655,0.00013539064870795304,1.854934822227684e-05,3.229452607782981e-05
401,ortho,ttggatacttatttgtggtatattttgtgtaat,8.0,ttg,5.0,LDTYLWYILCN,,False,False,9.0,2.0,6.0,29.0,4.0,4.0,1218.0,1375.0,True,False,True,True,False,False,1.0,both,0.0034753033757236648,0.0041026895740960655,0.00013539064870795304,1.854934822227684e-05,3.229452607782981e-05
402,ortho,ttggatacttatttgtggtatattttgtgtaat,9.0,tgt,6.0,LDTYLWYILCN,,False,False,9.0,2.0,6.0,29.0,4.0,4.0,1218.0,1375.0,True,False,True,True,False,False,1.0,both,0.0034753033757236648,0.0041026895740960655,0.00013539064870795304,1.854934822227684e-05,3.229452607782981e-05
403,ortho,ttggatacttatttgtggtatgttattgttaat,2.0,act,1.0,LDTYLWYVIVN,,False,False,6.0,1.0,6.0,16.0,6.0,12.0,1106.0,1251.0,True,False,True,True,False,False,1.0,both,0.0031557352492203395,0.0037327015688684933,7.469828894231892e-05,2.7824022333415258e-05,9.688357823348942e-05
404,ortho,ttggatacttatttgtggtatgttattgttaat,3.0,tat,2.0,LDTYLWYVIVN,,False,False,6.0,1.0,6.0,16.0,6.0,12.0,1106.0,1251.0,True,False,True,True,False,False,1.0,both,0.0031557352492203395,0.0037327015688684933,7.469828894231892e-05,2.7824022333415258e-05,9.688357823348942e-05
405,ortho,ttggatacttatttgtggtatgttattgttaat,4.0,ttg,3.0,LDTYLWYVIVN,,False,False,6.0,1.0,6.0,16.0,6.0,12.0,1106.0,1251.0,True,False,True,True,False,False,1.0,both,0.0031557352492203395,0.0037327015688684933,7.469828894231892e-05,2.7824022333415258e-05,9.688357823348942e-05
406,ortho,ttggatacttatttgtggtatgttattgttaat,6.0,tat,4.0,LDTYLWYVIVN,,False,False,6.0,1.0,6.0,16.0,6.0,12.0,1106.0,1251.0,True,False,True,True,False,False,1.0,both,0.0031557352492203395,0.0037327015688684933,7.469828894231892e-05,2.7824022333415258e-05,9.688357823348942e-05
407,ortho,ttggatacttatttgtggtatgttattgttaat,7.0,gtt,5.0,LDTYLWYVIVN,,False,False,6.0,1.0,6.0,16.0,6.0,12.0,1106.0,1251.0,True,False,True,True,False,False,1.0,both,0.0031557352492203395,0.0037327015688684933,7.469828894231892e-05,2.7824022333415258e-05,9.688357823348942e-05
408,ortho,ttggatacttatttgtggtatgttattgttaat,9.0,gtt,6.0,LDTYLWYVIVN,,False,False,6.0,1.0,6.0,16.0,6.0,12.0,1106.0,1251.0,True,False,True,True,False,False,1.0,both,0.0031557352492203395,0.0037327015688684933,7.469828894231892e-05,2.7824022333415258e-05,9.688357823348942e-05
409,ortho,ttggatacttatttgtggtatgttatttataat,2.0,act,1.0,LDTYLWYVIYN,,False,False,8.0,2.0,6.0,4.0,2.0,3.0,247.0,263.0,True,False,True,True,False,False,1.0,both,0.0007047618504135839,0.0007847326239907383,1.867457223557973e-05,9.27467411113842e-06,2.4220894558372356e-05
410,ortho,ttggatacttatttgtggtatgttatttataat,3.0,tat,2.0,LDTYLWYVIYN,,False,False,8.0,2.0,6.0,4.0,2.0,3.0,247.0,263.0,True,False,True,True,False,False,1.0,both,0.0007047618504135839,0.0007847326239907383,1.867457223557973e-05,9.27467411113842e-06,2.4220894558372356e-05
411,ortho,ttggatacttatttgtggtatgttatttataat,4.0,ttg,3.0,LDTYLWYVIYN,,False,False,8.0,2.0,6.0,4.0,2.0,3.0,247.0,263.0,True,False,True,True,False,False,1.0,both,0.0007047618504135839,0.0007847326239907383,1.867457223557973e-05,9.27467411113842e-06,2.4220894558372356e-05
412,ortho,ttggatacttatttgtggtatgttatttataat,6.0,tat,4.0,LDTYLWYVIYN,,False,False,8.0,2.0,6.0,4.0,2.0,3.0,247.0,263.0,True,False,True,True,False,False,1.0,both,0.0007047618504135839,0.0007847326239907383,1.867457223557973e-05,9.27467411113842e-06,2.4220894558372356e-05
413,ortho,ttggatacttatttgtggtatgttatttataat,7.0,gtt,5.0,LDTYLWYVIYN,,False,False,8.0,2.0,6.0,4.0,2.0,3.0,247.0,263.0,True,False,True,True,False,False,1.0,both,0.0007047618504135839,0.0007847326239907383,1.867457223557973e-05,9.27467411113842e-06,2.4220894558372356e-05
414,ortho,ttggatacttatttgtggtatgttatttataat,9.0,tat,6.0,LDTYLWYVIYN,,False,False,8.0,2.0,6.0,4.0,2.0,3.0,247.0,263.0,True,False,True,True,False,False,1.0,both,0.0007047618504135839,0.0007847326239907383,1.867457223557973e-05,9.27467411113842e-06,2.4220894558372356e-05
415,ortho,ttggatacttatttgtggtatgttatttggaat,2.0,act,1.0,LDTYLWYVIWN,,False,False,7.0,2.0,6.0,16.0,8.0,5.0,506.0,580.0,True,False,True,True,False,False,1.0,both,0.0014437631429525242,0.0017305890567096132,7.469828894231892e-05,3.709869644455368e-05,4.036815759728726e-05
416,ortho,ttggatacttatttgtggtatgttatttggaat,3.0,tat,2.0,LDTYLWYVIWN,,False,False,7.0,2.0,6.0,16.0,8.0,5.0,506.0,580.0,True,False,True,True,False,False,1.0,both,0.0014437631429525242,0.0017305890567096132,7.469828894231892e-05,3.709869644455368e-05,4.036815759728726e-05
417,ortho,ttggatacttatttgtggtatgttatttggaat,4.0,ttg,3.0,LDTYLWYVIWN,,False,False,7.0,2.0,6.0,16.0,8.0,5.0,506.0,580.0,True,False,True,True,False,False,1.0,both,0.0014437631429525242,0.0017305890567096132,7.469828894231892e-05,3.709869644455368e-05,4.036815759728726e-05
418,ortho,ttggatacttatttgtggtatgttatttggaat,6.0,tat,4.0,LDTYLWYVIWN,,False,False,7.0,2.0,6.0,16.0,8.0,5.0,506.0,580.0,True,False,True,True,False,False,1.0,both,0.0014437631429525242,0.0017305890567096132,7.469828894231892e-05,3.709869644455368e-05,4.036815759728726e-05
419,ortho,ttggatacttatttgtggtatgttatttggaat,7.0,gtt,5.0,LDTYLWYVIWN,,False,False,7.0,2.0,6.0,16.0,8.0,5.0,506.0,580.0,True,False,True,True,False,False,1.0,both,0.0014437631429525242,0.0017305890567096132,7.469828894231892e-05,3.709869644455368e-05,4.036815759728726e-05
420,ortho,ttggatacttatttgtggtatgttatttggaat,9.0,tgg,6.0,LDTYLWYVIWN,,False,False,7.0,2.0,6.0,16.0,8.0,5.0,506.0,580.0,True,False,True,True,False,False,1.0,both,0.0014437631429525242,0.0017305890567096132,7.469828894231892e-05,3.709869644455368e-05,4.036815759728726e-05
421,ortho,ttggatacttatttgtggtatgttatttgtaat,2.0,act,1.0,LDTYLWYVICN,,False,False,8.0,2.0,6.0,12.0,12.0,6.0,349.0,378.0,True,False,True,True,False,False,1.0,both,0.0009957971084791125,0.0011278666610969547,5.6023716706739186e-05,5.5648044666830517e-05,4.844178911674471e-05
422,ortho,ttggatacttatttgtggtatgttatttgtaat,3.0,tat,2.0,LDTYLWYVICN,,False,False,8.0,2.0,6.0,12.0,12.0,6.0,349.0,378.0,True,False,True,True,False,False,1.0,both,0.0009957971084791125,0.0011278666610969547,5.6023716706739186e-05,5.5648044666830517e-05,4.844178911674471e-05
423,ortho,ttggatacttatttgtggtatgttatttgtaat,4.0,ttg,3.0,LDTYLWYVICN,,False,False,8.0,2.0,6.0,12.0,12.0,6.0,349.0,378.0,True,False,True,True,False,False,1.0,both,0.0009957971084791125,0.0011278666610969547,5.6023716706739186e-05,5.5648044666830517e-05,4.844178911674471e-05
424,ortho,ttggatacttatttgtggtatgttatttgtaat,6.0,tat,4.0,LDTYLWYVICN,,False,False,8.0,2.0,6.0,12.0,12.0,6.0,349.0,378.0,True,False,True,True,False,False,1.0,both,0.0009957971084791125,0.0011278666610969547,5.6023716706739186e-05,5.5648044666830517e-05,4.844178911674471e-05
425,ortho,ttggatacttatttgtggtatgttatttgtaat,7.0,gtt,5.0,LDTYLWYVICN,,False,False,8.0,2.0,6.0,12.0,12.0,6.0,349.0,378.0,True,False,True,True,False,False,1.0,both,0.0009957971084791125,0.0011278666610969547,5.6023716706739186e-05,5.5648044666830517e-05,4.844178911674471e-05
426,ortho,ttggatacttatttgtggtatgttatttgtaat,9.0,tgt,6.0,LDTYLWYVICN,,False,False,8.0,2.0,6.0,12.0,12.0,6.0,349.0,378.0,True,False,True,True,False,False,1.0,both,0.0009957971084791125,0.0011278666610969547,5.6023716706739186e-05,5.5648044666830517e-05,4.844178911674471e-05
427,ortho,ttggatacttatttgtggtatgttattttgaat,2.0,act,1.0,LDTYLWYVILN,,False,False,6.0,2.0,6.0,7.0,13.0,6.0,858.0,896.0,True,False,True,True,False,False,1.0,both,0.0024481201119629756,0.0026734617151927815,3.2680501412264525e-05,6.028538172239973e-05,4.844178911674471e-05
428,ortho,ttggatacttatttgtggtatgttattttgaat,3.0,tat,2.0,LDTYLWYVILN,,False,False,6.0,2.0,6.0,7.0,13.0,6.0,858.0,896.0,True,False,True,True,False,False,1.0,both,0.0024481201119629756,0.0026734617151927815,3.2680501412264525e-05,6.028538172239973e-05,4.844178911674471e-05
429,ortho,ttggatacttatttgtggtatgttattttgaat,4.0,ttg,3.0,LDTYLWYVILN,,False,False,6.0,2.0,6.0,7.0,13.0,6.0,858.0,896.0,True,False,True,True,False,False,1.0,both,0.0024481201119629756,0.0026734617151927815,3.2680501412264525e-05,6.028538172239973e-05,4.844178911674471e-05
430,ortho,ttggatacttatttgtggtatgttattttgaat,6.0,tat,4.0,LDTYLWYVILN,,False,False,6.0,2.0,6.0,7.0,13.0,6.0,858.0,896.0,True,False,True,True,False,False,1.0,both,0.0024481201119629756,0.0026734617151927815,3.2680501412264525e-05,6.028538172239973e-05,4.844178911674471e-05
431,ortho,ttggatacttatttgtggtatgttattttgaat,7.0,gtt,5.0,LDTYLWYVILN,,False,False,6.0,2.0,6.0,7.0,13.0,6.0,858.0,896.0,True,False,True,True,False,False,1.0,both,0.0024481201119629756,0.0026734617151927815,3.2680501412264525e-05,6.028538172239973e-05,4.844178911674471e-05
432,ortho,ttggatacttatttgtggtatgttattttgaat,9.0,ttg,6.0,LDTYLWYVILN,,False,False,6.0,2.0,6.0,7.0,13.0,6.0,858.0,896.0,True,False,True,True,False,False,1.0,both,0.0024481201119629756,0.0026734617151927815,3.2680501412264525e-05,6.028538172239973e-05,4.844178911674471e-05
433,ortho,ttggatacttatttgtggtatgttgtttggaat,2.0,act,1.0,LDTYLWYVVWN,,False,False,8.0,3.0,7.0,12.0,25.0,6.0,596.0,712.0,True,False,True,True,False,False,1.0,both,0.0017005589588926964,0.0021244472558228354,5.6023716706739186e-05,0.00011593342638923026,4.844178911674471e-05
434,ortho,ttggatacttatttgtggtatgttgtttggaat,3.0,tat,2.0,LDTYLWYVVWN,,False,False,8.0,3.0,7.0,12.0,25.0,6.0,596.0,712.0,True,False,True,True,False,False,1.0,both,0.0017005589588926964,0.0021244472558228354,5.6023716706739186e-05,0.00011593342638923026,4.844178911674471e-05
435,ortho,ttggatacttatttgtggtatgttgtttggaat,4.0,ttg,3.0,LDTYLWYVVWN,,False,False,8.0,3.0,7.0,12.0,25.0,6.0,596.0,712.0,True,False,True,True,False,False,1.0,both,0.0017005589588926964,0.0021244472558228354,5.6023716706739186e-05,0.00011593342638923026,4.844178911674471e-05
436,ortho,ttggatacttatttgtggtatgttgtttggaat,6.0,tat,4.0,LDTYLWYVVWN,,False,False,8.0,3.0,7.0,12.0,25.0,6.0,596.0,712.0,True,False,True,True,False,False,1.0,both,0.0017005589588926964,0.0021244472558228354,5.6023716706739186e-05,0.00011593342638923026,4.844178911674471e-05
437,ortho,ttggatacttatttgtggtatgttgtttggaat,7.0,gtt,5.0,LDTYLWYVVWN,,False,False,8.0,3.0,7.0,12.0,25.0,6.0,596.0,712.0,True,False,True,True,False,False,1.0,both,0.0017005589588926964,0.0021244472558228354,5.6023716706739186e-05,0.00011593342638923026,4.844178911674471e-05
438,ortho,ttggatacttatttgtggtatgttgtttggaat,8.0,gtt,6.0,LDTYLWYVVWN,,False,False,8.0,3.0,7.0,12.0,25.0,6.0,596.0,712.0,True,False,True,True,False,False,1.0,both,0.0017005589588926964,0.0021244472558228354,5.6023716706739186e-05,0.00011593342638923026,4.844178911674471e-05
439,ortho,ttggatacttatttgtggtatgttgtttggaat,9.0,tgg,7.0,LDTYLWYVVWN,,False,False,8.0,3.0,7.0,12.0,25.0,6.0,596.0,712.0,True,False,True,True,False,False,1.0,both,0.0017005589588926964,0.0021244472558228354,5.6023716706739186e-05,0.00011593342638923026,4.844178911674471e-05
440,ortho,ttggatacttatttgtggtatgttgtttggtct,2.0,act,1.0,LDTYLWYVVWS,,False,False,10.0,4.0,8.0,12.0,26.0,7.0,723.0,729.0,True,False,True,True,False,False,1.0,both,0.002062926388052717,0.0021751714178298415,5.6023716706739186e-05,0.00012057076344479946,5.651542063620216e-05
441,ortho,ttggatacttatttgtggtatgttgtttggtct,3.0,tat,2.0,LDTYLWYVVWS,,False,False,10.0,4.0,8.0,12.0,26.0,7.0,723.0,729.0,True,False,True,True,False,False,1.0,both,0.002062926388052717,0.0021751714178298415,5.6023716706739186e-05,0.00012057076344479946,5.651542063620216e-05
442,ortho,ttggatacttatttgtggtatgttgtttggtct,4.0,ttg,3.0,LDTYLWYVVWS,,False,False,10.0,4.0,8.0,12.0,26.0,7.0,723.0,729.0,True,False,True,True,False,False,1.0,both,0.002062926388052717,0.0021751714178298415,5.6023716706739186e-05,0.00012057076344479946,5.651542063620216e-05
443,ortho,ttggatacttatttgtggtatgttgtttggtct,6.0,tat,4.0,LDTYLWYVVWS,,False,False,10.0,4.0,8.0,12.0,26.0,7.0,723.0,729.0,True,False,True,True,False,False,1.0,both,0.002062926388052717,0.0021751714178298415,5.6023716706739186e-05,0.00012057076344479946,5.651542063620216e-05
444,ortho,ttggatacttatttgtggtatgttgtttggtct,7.0,gtt,5.0,LDTYLWYVVWS,,False,False,10.0,4.0,8.0,12.0,26.0,7.0,723.0,729.0,True,False,True,True,False,False,1.0,both,0.002062926388052717,0.0021751714178298415,5.6023716706739186e-05,0.00012057076344479946,5.651542063620216e-05
445,ortho,ttggatacttatttgtggtatgttgtttggtct,8.0,gtt,6.0,LDTYLWYVVWS,,False,False,10.0,4.0,8.0,12.0,26.0,7.0,723.0,729.0,True,False,True,True,False,False,1.0,both,0.002062926388052717,0.0021751714178298415,5.6023716706739186e-05,0.00012057076344479946,5.651542063620216e-05
446,ortho,ttggatacttatttgtggtatgttgtttggtct,9.0,tgg,7.0,LDTYLWYVVWS,,False,False,10.0,4.0,8.0,12.0,26.0,7.0,723.0,729.0,True,False,True,True,False,False,1.0,both,0.002062926388052717,0.0021751714178298415,5.6023716706739186e-05,0.00012057076344479946,5.651542063620216e-05
447,ortho,ttggatacttatttgtggtatgttgtttggtct,10.0,tct,8.0,LDTYLWYVVWS,,False,False,10.0,4.0,8.0,12.0,26.0,7.0,723.0,729.0,True,False,True,True,False,False,1.0,both,0.002062926388052717,0.0021751714178298415,5.6023716706739186e-05,0.00012057076344479946,5.651542063620216e-05
448,ortho,ttggatacttatttgtggtatgttttgactaat,2.0,act,1.0,LDTYLWYVLTN,,False,False,10.0,3.0,7.0,13.0,16.0,10.0,1159.0,1336.0,True,False,True,True,False,False,1.0,both,0.0033069594519406632,0.003986322378903523,6.069235976563412e-05,7.419739288910736e-05,8.073631519457452e-05
449,ortho,ttggatacttatttgtggtatgttttgactaat,3.0,tat,2.0,LDTYLWYVLTN,,False,False,10.0,3.0,7.0,13.0,16.0,10.0,1159.0,1336.0,True,False,True,True,False,False,1.0,both,0.0033069594519406632,0.003986322378903523,6.069235976563412e-05,7.419739288910736e-05,8.073631519457452e-05
450,ortho,ttggatacttatttgtggtatgttttgactaat,4.0,ttg,3.0,LDTYLWYVLTN,,False,False,10.0,3.0,7.0,13.0,16.0,10.0,1159.0,1336.0,True,False,True,True,False,False,1.0,both,0.0033069594519406632,0.003986322378903523,6.069235976563412e-05,7.419739288910736e-05,8.073631519457452e-05
451,ortho,ttggatacttatttgtggtatgttttgactaat,6.0,tat,4.0,LDTYLWYVLTN,,False,False,10.0,3.0,7.0,13.0,16.0,10.0,1159.0,1336.0,True,False,True,True,False,False,1.0,both,0.0033069594519406632,0.003986322378903523,6.069235976563412e-05,7.419739288910736e-05,8.073631519457452e-05
452,ortho,ttggatacttatttgtggtatgttttgactaat,7.0,gtt,5.0,LDTYLWYVLTN,,False,False,10.0,3.0,7.0,13.0,16.0,10.0,1159.0,1336.0,True,False,True,True,False,False,1.0,both,0.0033069594519406632,0.003986322378903523,6.069235976563412e-05,7.419739288910736e-05,8.073631519457452e-05
453,ortho,ttggatacttatttgtggtatgttttgactaat,8.0,ttg,6.0,LDTYLWYVLTN,,False,False,10.0,3.0,7.0,13.0,16.0,10.0,1159.0,1336.0,True,False,True,True,False,False,1.0,both,0.0033069594519406632,0.003986322378903523,6.069235976563412e-05,7.419739288910736e-05,8.073631519457452e-05
454,ortho,ttggatacttatttgtggtatgttttgactaat,9.0,act,7.0,LDTYLWYVLTN,,False,False,10.0,3.0,7.0,13.0,16.0,10.0,1159.0,1336.0,True,False,True,True,False,False,1.0,both,0.0033069594519406632,0.003986322378903523,6.069235976563412e-05,7.419739288910736e-05,8.073631519457452e-05
455,ortho,ttggatacttatttgtggtatgttttgattaat,2.0,act,1.0,LDTYLWYVLIN,,False,False,9.0,3.0,7.0,4.0,9.0,6.0,526.0,639.0,True,False,True,True,False,False,1.0,both,0.001500828879828118,0.0019066317366162808,1.867457223557973e-05,4.173603350012289e-05,4.844178911674471e-05
456,ortho,ttggatacttatttgtggtatgttttgattaat,3.0,tat,2.0,LDTYLWYVLIN,,False,False,9.0,3.0,7.0,4.0,9.0,6.0,526.0,639.0,True,False,True,True,False,False,1.0,both,0.001500828879828118,0.0019066317366162808,1.867457223557973e-05,4.173603350012289e-05,4.844178911674471e-05
457,ortho,ttggatacttatttgtggtatgttttgattaat,4.0,ttg,3.0,LDTYLWYVLIN,,False,False,9.0,3.0,7.0,4.0,9.0,6.0,526.0,639.0,True,False,True,True,False,False,1.0,both,0.001500828879828118,0.0019066317366162808,1.867457223557973e-05,4.173603350012289e-05,4.844178911674471e-05
458,ortho,ttggatacttatttgtggtatgttttgattaat,6.0,tat,4.0,LDTYLWYVLIN,,False,False,9.0,3.0,7.0,4.0,9.0,6.0,526.0,639.0,True,False,True,True,False,False,1.0,both,0.001500828879828118,0.0019066317366162808,1.867457223557973e-05,4.173603350012289e-05,4.844178911674471e-05
459,ortho,ttggatacttatttgtggtatgttttgattaat,7.0,gtt,5.0,LDTYLWYVLIN,,False,False,9.0,3.0,7.0,4.0,9.0,6.0,526.0,639.0,True,False,True,True,False,False,1.0,both,0.001500828879828118,0.0019066317366162808,1.867457223557973e-05,4.173603350012289e-05,4.844178911674471e-05
460,ortho,ttggatacttatttgtggtatgttttgattaat,8.0,ttg,6.0,LDTYLWYVLIN,,False,False,9.0,3.0,7.0,4.0,9.0,6.0,526.0,639.0,True,False,True,True,False,False,1.0,both,0.001500828879828118,0.0019066317366162808,1.867457223557973e-05,4.173603350012289e-05,4.844178911674471e-05
461,ortho,ttggatacttatttgtggtatgttttgattaat,9.0,att,7.0,LDTYLWYVLIN,,False,False,9.0,3.0,7.0,4.0,9.0,6.0,526.0,639.0,True,False,True,True,False,False,1.0,both,0.001500828879828118,0.0019066317366162808,1.867457223557973e-05,4.173603350012289e-05,4.844178911674471e-05
462,ortho,ttggatacttatttgtggtatgttttggctaat,2.0,act,1.0,LDTYLWYVLAN,,False,False,9.0,3.0,7.0,8.0,9.0,6.0,347.0,363.0,True,False,True,True,False,False,1.0,both,0.0009900905347915532,0.0010831100475613613,3.734914447115946e-05,4.173603350012289e-05,4.844178911674471e-05
463,ortho,ttggatacttatttgtggtatgttttggctaat,3.0,tat,2.0,LDTYLWYVLAN,,False,False,9.0,3.0,7.0,8.0,9.0,6.0,347.0,363.0,True,False,True,True,False,False,1.0,both,0.0009900905347915532,0.0010831100475613613,3.734914447115946e-05,4.173603350012289e-05,4.844178911674471e-05
464,ortho,ttggatacttatttgtggtatgttttggctaat,4.0,ttg,3.0,LDTYLWYVLAN,,False,False,9.0,3.0,7.0,8.0,9.0,6.0,347.0,363.0,True,False,True,True,False,False,1.0,both,0.0009900905347915532,0.0010831100475613613,3.734914447115946e-05,4.173603350012289e-05,4.844178911674471e-05
465,ortho,ttggatacttatttgtggtatgttttggctaat,6.0,tat,4.0,LDTYLWYVLAN,,False,False,9.0,3.0,7.0,8.0,9.0,6.0,347.0,363.0,True,False,True,True,False,False,1.0,both,0.0009900905347915532,0.0010831100475613613,3.734914447115946e-05,4.173603350012289e-05,4.844178911674471e-05
466,ortho,ttggatacttatttgtggtatgttttggctaat,7.0,gtt,5.0,LDTYLWYVLAN,,False,False,9.0,3.0,7.0,8.0,9.0,6.0,347.0,363.0,True,False,True,True,False,False,1.0,both,0.0009900905347915532,0.0010831100475613613,3.734914447115946e-05,4.173603350012289e-05,4.844178911674471e-05
467,ortho,ttggatacttatttgtggtatgttttggctaat,8.0,ttg,6.0,LDTYLWYVLAN,,False,False,9.0,3.0,7.0,8.0,9.0,6.0,347.0,363.0,True,False,True,True,False,False,1.0,both,0.0009900905347915532,0.0010831100475613613,3.734914447115946e-05,4.173603350012289e-05,4.844178911674471e-05
468,ortho,ttggatacttatttgtggtatgttttggctaat,9.0,gct,7.0,LDTYLWYVLAN,,False,False,9.0,3.0,7.0,8.0,9.0,6.0,347.0,363.0,True,False,True,True,False,False,1.0,both,0.0009900905347915532,0.0010831100475613613,3.734914447115946e-05,4.173603350012289e-05,4.844178911674471e-05
469,ortho,ttggatacttatttgtggtatgttttggttaat,2.0,act,1.0,LDTYLWYVLVN,,False,False,8.0,2.0,7.0,8.0,14.0,12.0,988.0,1108.0,True,False,True,True,False,False,1.0,both,0.0028190474016543355,0.003306021853162502,3.734914447115946e-05,6.492271877796893e-05,9.688357823348942e-05
470,ortho,ttggatacttatttgtggtatgttttggttaat,3.0,tat,2.0,LDTYLWYVLVN,,False,False,8.0,2.0,7.0,8.0,14.0,12.0,988.0,1108.0,True,False,True,True,False,False,1.0,both,0.0028190474016543355,0.003306021853162502,3.734914447115946e-05,6.492271877796893e-05,9.688357823348942e-05
471,ortho,ttggatacttatttgtggtatgttttggttaat,4.0,ttg,3.0,LDTYLWYVLVN,,False,False,8.0,2.0,7.0,8.0,14.0,12.0,988.0,1108.0,True,False,True,True,False,False,1.0,both,0.0028190474016543355,0.003306021853162502,3.734914447115946e-05,6.492271877796893e-05,9.688357823348942e-05
472,ortho,ttggatacttatttgtggtatgttttggttaat,6.0,tat,4.0,LDTYLWYVLVN,,False,False,8.0,2.0,7.0,8.0,14.0,12.0,988.0,1108.0,True,False,True,True,False,False,1.0,both,0.0028190474016543355,0.003306021853162502,3.734914447115946e-05,6.492271877796893e-05,9.688357823348942e-05
473,ortho,ttggatacttatttgtggtatgttttggttaat,7.0,gtt,5.0,LDTYLWYVLVN,,False,False,8.0,2.0,7.0,8.0,14.0,12.0,988.0,1108.0,True,False,True,True,False,False,1.0,both,0.0028190474016543355,0.003306021853162502,3.734914447115946e-05,6.492271877796893e-05,9.688357823348942e-05
474,ortho,ttggatacttatttgtggtatgttttggttaat,8.0,ttg,6.0,LDTYLWYVLVN,,False,False,8.0,2.0,7.0,8.0,14.0,12.0,988.0,1108.0,True,False,True,True,False,False,1.0,both,0.0028190474016543355,0.003306021853162502,3.734914447115946e-05,6.492271877796893e-05,9.688357823348942e-05
475,ortho,ttggatacttatttgtggtatgttttggttaat,9.0,gtt,7.0,LDTYLWYVLVN,,False,False,8.0,2.0,7.0,8.0,14.0,12.0,988.0,1108.0,True,False,True,True,False,False,1.0,both,0.0028190474016543355,0.003306021853162502,3.734914447115946e-05,6.492271877796893e-05,9.688357823348942e-05
476,ortho,ttggatacttatttgtggtatgttttgttgaat,2.0,act,1.0,LDTYLWYVLLN,,False,False,8.0,3.0,7.0,5.0,1.0,8.0,478.0,522.0,True,False,True,True,False,False,1.0,both,0.0013638711113266929,0.0015575301510386518,2.334321529447466e-05,4.63733705556921e-06,6.458905215565962e-05
477,ortho,ttggatacttatttgtggtatgttttgttgaat,3.0,tat,2.0,LDTYLWYVLLN,,False,False,8.0,3.0,7.0,5.0,1.0,8.0,478.0,522.0,True,False,True,True,False,False,1.0,both,0.0013638711113266929,0.0015575301510386518,2.334321529447466e-05,4.63733705556921e-06,6.458905215565962e-05
478,ortho,ttggatacttatttgtggtatgttttgttgaat,4.0,ttg,3.0,LDTYLWYVLLN,,False,False,8.0,3.0,7.0,5.0,1.0,8.0,478.0,522.0,True,False,True,True,False,False,1.0,both,0.0013638711113266929,0.0015575301510386518,2.334321529447466e-05,4.63733705556921e-06,6.458905215565962e-05
479,ortho,ttggatacttatttgtggtatgttttgttgaat,6.0,tat,4.0,LDTYLWYVLLN,,False,False,8.0,3.0,7.0,5.0,1.0,8.0,478.0,522.0,True,False,True,True,False,False,1.0,both,0.0013638711113266929,0.0015575301510386518,2.334321529447466e-05,4.63733705556921e-06,6.458905215565962e-05
480,ortho,ttggatacttatttgtggtatgttttgttgaat,7.0,gtt,5.0,LDTYLWYVLLN,,False,False,8.0,3.0,7.0,5.0,1.0,8.0,478.0,522.0,True,False,True,True,False,False,1.0,both,0.0013638711113266929,0.0015575301510386518,2.334321529447466e-05,4.63733705556921e-06,6.458905215565962e-05
481,ortho,ttggatacttatttgtggtatgttttgttgaat,8.0,ttg,6.0,LDTYLWYVLLN,,False,False,8.0,3.0,7.0,5.0,1.0,8.0,478.0,522.0,True,False,True,True,False,False,1.0,both,0.0013638711113266929,0.0015575301510386518,2.334321529447466e-05,4.63733705556921e-06,6.458905215565962e-05
482,ortho,ttggatacttatttgtggtatgttttgttgaat,9.0,ttg,7.0,LDTYLWYVLLN,,False,False,8.0,3.0,7.0,5.0,1.0,8.0,478.0,522.0,True,False,True,True,False,False,1.0,both,0.0013638711113266929,0.0015575301510386518,2.334321529447466e-05,4.63733705556921e-06,6.458905215565962e-05
483,ortho,ttggatacttatttgtggtgggttttgttgaat,2.0,act,1.0,LDTYLWWVLLN,,False,False,9.0,4.0,7.0,11.0,2.0,7.0,687.0,721.0,True,False,True,True,False,False,1.0,both,0.0019602080616766483,0.0021513012239441913,5.135507364784425e-05,9.27467411113842e-06,5.651542063620216e-05
484,ortho,ttggatacttatttgtggtgggttttgttgaat,3.0,tat,2.0,LDTYLWWVLLN,,False,False,9.0,4.0,7.0,11.0,2.0,7.0,687.0,721.0,True,False,True,True,False,False,1.0,both,0.0019602080616766483,0.0021513012239441913,5.135507364784425e-05,9.27467411113842e-06,5.651542063620216e-05
485,ortho,ttggatacttatttgtggtgggttttgttgaat,4.0,ttg,3.0,LDTYLWWVLLN,,False,False,9.0,4.0,7.0,11.0,2.0,7.0,687.0,721.0,True,False,True,True,False,False,1.0,both,0.0019602080616766483,0.0021513012239441913,5.135507364784425e-05,9.27467411113842e-06,5.651542063620216e-05
486,ortho,ttggatacttatttgtggtgggttttgttgaat,6.0,tgg,4.0,LDTYLWWVLLN,,False,False,9.0,4.0,7.0,11.0,2.0,7.0,687.0,721.0,True,False,True,True,False,False,1.0,both,0.0019602080616766483,0.0021513012239441913,5.135507364784425e-05,9.27467411113842e-06,5.651542063620216e-05
487,ortho,ttggatacttatttgtggtgggttttgttgaat,7.0,gtt,5.0,LDTYLWWVLLN,,False,False,9.0,4.0,7.0,11.0,2.0,7.0,687.0,721.0,True,False,True,True,False,False,1.0,both,0.0019602080616766483,0.0021513012239441913,5.135507364784425e-05,9.27467411113842e-06,5.651542063620216e-05
488,ortho,ttggatacttatttgtggtgggttttgttgaat,8.0,ttg,6.0,LDTYLWWVLLN,,False,False,9.0,4.0,7.0,11.0,2.0,7.0,687.0,721.0,True,False,True,True,False,False,1.0,both,0.0019602080616766483,0.0021513012239441913,5.135507364784425e-05,9.27467411113842e-06,5.651542063620216e-05
489,ortho,ttggatacttatttgtggtgggttttgttgaat,9.0,ttg,7.0,LDTYLWWVLLN,,False,False,9.0,4.0,7.0,11.0,2.0,7.0,687.0,721.0,True,False,True,True,False,False,1.0,both,0.0019602080616766483,0.0021513012239441913,5.135507364784425e-05,9.27467411113842e-06,5.651542063620216e-05
490,ortho,ttggatacttatttgtgttatgttattttgaat,2.0,act,1.0,LDTYLCYVILN,,False,False,7.0,3.0,7.0,19.0,15.0,2.0,800.0,885.0,True,False,True,True,False,False,1.0,both,0.0022826294750237534,0.0026406401986000133,8.870421811900372e-05,6.956005583353816e-05,1.6147263038914905e-05
491,ortho,ttggatacttatttgtgttatgttattttgaat,3.0,tat,2.0,LDTYLCYVILN,,False,False,7.0,3.0,7.0,19.0,15.0,2.0,800.0,885.0,True,False,True,True,False,False,1.0,both,0.0022826294750237534,0.0026406401986000133,8.870421811900372e-05,6.956005583353816e-05,1.6147263038914905e-05
492,ortho,ttggatacttatttgtgttatgttattttgaat,4.0,ttg,3.0,LDTYLCYVILN,,False,False,7.0,3.0,7.0,19.0,15.0,2.0,800.0,885.0,True,False,True,True,False,False,1.0,both,0.0022826294750237534,0.0026406401986000133,8.870421811900372e-05,6.956005583353816e-05,1.6147263038914905e-05
493,ortho,ttggatacttatttgtgttatgttattttgaat,5.0,tgt,4.0,LDTYLCYVILN,,False,False,7.0,3.0,7.0,19.0,15.0,2.0,800.0,885.0,True,False,True,True,False,False,1.0,both,0.0022826294750237534,0.0026406401986000133,8.870421811900372e-05,6.956005583353816e-05,1.6147263038914905e-05
494,ortho,ttggatacttatttgtgttatgttattttgaat,6.0,tat,5.0,LDTYLCYVILN,,False,False,7.0,3.0,7.0,19.0,15.0,2.0,800.0,885.0,True,False,True,True,False,False,1.0,both,0.0022826294750237534,0.0026406401986000133,8.870421811900372e-05,6.956005583353816e-05,1.6147263038914905e-05
495,ortho,ttggatacttatttgtgttatgttattttgaat,7.0,gtt,6.0,LDTYLCYVILN,,False,False,7.0,3.0,7.0,19.0,15.0,2.0,800.0,885.0,True,False,True,True,False,False,1.0,both,0.0022826294750237534,0.0026406401986000133,8.870421811900372e-05,6.956005583353816e-05,1.6147263038914905e-05
496,ortho,ttggatacttatttgtgttatgttattttgaat,9.0,ttg,7.0,LDTYLCYVILN,,False,False,7.0,3.0,7.0,19.0,15.0,2.0,800.0,885.0,True,False,True,True,False,False,1.0,both,0.0022826294750237534,0.0026406401986000133,8.870421811900372e-05,6.956005583353816e-05,1.6147263038914905e-05
497,ortho,ttggatacttatttgttttatattttgattaat,2.0,act,1.0,LDTYLFYILIN,,False,False,10.0,3.0,7.0,2340.0,2502.0,1651.0,1081.0,1109.0,True,False,True,True,False,False,1.0,both,0.0030844030781258473,0.0033090056273982088,0.010924624757814142,0.011602617313034164,0.013329565638624254
498,ortho,ttggatacttatttgttttatattttgattaat,3.0,tat,2.0,LDTYLFYILIN,,False,False,10.0,3.0,7.0,2340.0,2502.0,1651.0,1081.0,1109.0,True,False,True,True,False,False,1.0,both,0.0030844030781258473,0.0033090056273982088,0.010924624757814142,0.011602617313034164,0.013329565638624254
499,ortho,ttggatacttatttgttttatattttgattaat,4.0,ttg,3.0,LDTYLFYILIN,,False,False,10.0,3.0,7.0,2340.0,2502.0,1651.0,1081.0,1109.0,True,False,True,True,False,False,1.0,both,0.0030844030781258473,0.0033090056273982088,0.010924624757814142,0.011602617313034164,0.013329565638624254
500,ortho,ttggatacttatttgttttatattttgattaat,5.0,ttt,4.0,LDTYLFYILIN,,False,False,10.0,3.0,7.0,2340.0,2502.0,1651.0,1081.0,1109.0,True,False,True,True,False,False,1.0,both,0.0030844030781258473,0.0033090056273982088,0.010924624757814142,0.011602617313034164,0.013329565638624254
501,ortho,ttggatacttatttgttttatattttgattaat,6.0,tat,5.0,LDTYLFYILIN,,False,False,10.0,3.0,7.0,2340.0,2502.0,1651.0,1081.0,1109.0,True,False,True,True,False,False,1.0,both,0.0030844030781258473,0.0033090056273982088,0.010924624757814142,0.011602617313034164,0.013329565638624254
502,ortho,ttggatacttatttgttttatattttgattaat,8.0,ttg,6.0,LDTYLFYILIN,,False,False,10.0,3.0,7.0,2340.0,2502.0,1651.0,1081.0,1109.0,True,False,True,True,False,False,1.0,both,0.0030844030781258473,0.0033090056273982088,0.010924624757814142,0.011602617313034164,0.013329565638624254
503,ortho,ttggatacttatttgttttatattttgattaat,9.0,att,7.0,LDTYLFYILIN,,False,False,10.0,3.0,7.0,2340.0,2502.0,1651.0,1081.0,1109.0,True,False,True,True,False,False,1.0,both,0.0030844030781258473,0.0033090056273982088,0.010924624757814142,0.011602617313034164,0.013329565638624254
504,ortho,ttggatacttatttgttttatgttattttgaat,2.0,act,1.0,LDTYLFYVILN,,False,False,8.0,3.0,7.0,2.0,9.0,9.0,293.0,352.0,True,False,True,True,False,False,1.0,both,0.0008360130452274497,0.0010502885309685928,9.337286117789865e-06,4.173603350012289e-05,7.266268367511706e-05
505,ortho,ttggatacttatttgttttatgttattttgaat,3.0,tat,2.0,LDTYLFYVILN,,False,False,8.0,3.0,7.0,2.0,9.0,9.0,293.0,352.0,True,False,True,True,False,False,1.0,both,0.0008360130452274497,0.0010502885309685928,9.337286117789865e-06,4.173603350012289e-05,7.266268367511706e-05
506,ortho,ttggatacttatttgttttatgttattttgaat,4.0,ttg,3.0,LDTYLFYVILN,,False,False,8.0,3.0,7.0,2.0,9.0,9.0,293.0,352.0,True,False,True,True,False,False,1.0,both,0.0008360130452274497,0.0010502885309685928,9.337286117789865e-06,4.173603350012289e-05,7.266268367511706e-05
507,ortho,ttggatacttatttgttttatgttattttgaat,5.0,ttt,4.0,LDTYLFYVILN,,False,False,8.0,3.0,7.0,2.0,9.0,9.0,293.0,352.0,True,False,True,True,False,False,1.0,both,0.0008360130452274497,0.0010502885309685928,9.337286117789865e-06,4.173603350012289e-05,7.266268367511706e-05
508,ortho,ttggatacttatttgttttatgttattttgaat,6.0,tat,5.0,LDTYLFYVILN,,False,False,8.0,3.0,7.0,2.0,9.0,9.0,293.0,352.0,True,False,True,True,False,False,1.0,both,0.0008360130452274497,0.0010502885309685928,9.337286117789865e-06,4.173603350012289e-05,7.266268367511706e-05
509,ortho,ttggatacttatttgttttatgttattttgaat,7.0,gtt,6.0,LDTYLFYVILN,,False,False,8.0,3.0,7.0,2.0,9.0,9.0,293.0,352.0,True,False,True,True,False,False,1.0,both,0.0008360130452274497,0.0010502885309685928,9.337286117789865e-06,4.173603350012289e-05,7.266268367511706e-05
510,ortho,ttggatacttatttgttttatgttattttgaat,9.0,ttg,7.0,LDTYLFYVILN,,False,False,8.0,3.0,7.0,2.0,9.0,9.0,293.0,352.0,True,False,True,True,False,False,1.0,both,0.0008360130452274497,0.0010502885309685928,9.337286117789865e-06,4.173603350012289e-05,7.266268367511706e-05
511,ortho,ttggatacttatttgttttatgttttgattaat,2.0,act,1.0,LDTYLFYVLIN,,False,False,11.0,4.0,8.0,92.0,120.0,72.0,1178.0,1243.0,True,False,True,True,False,False,1.0,both,0.003361171901972477,0.0037088313749828435,0.0004295151614183338,0.0005564804466683052,0.0005813014694009365
512,ortho,ttggatacttatttgttttatgttttgattaat,3.0,tat,2.0,LDTYLFYVLIN,,False,False,11.0,4.0,8.0,92.0,120.0,72.0,1178.0,1243.0,True,False,True,True,False,False,1.0,both,0.003361171901972477,0.0037088313749828435,0.0004295151614183338,0.0005564804466683052,0.0005813014694009365
513,ortho,ttggatacttatttgttttatgttttgattaat,4.0,ttg,3.0,LDTYLFYVLIN,,False,False,11.0,4.0,8.0,92.0,120.0,72.0,1178.0,1243.0,True,False,True,True,False,False,1.0,both,0.003361171901972477,0.0037088313749828435,0.0004295151614183338,0.0005564804466683052,0.0005813014694009365
514,ortho,ttggatacttatttgttttatgttttgattaat,5.0,ttt,4.0,LDTYLFYVLIN,,False,False,11.0,4.0,8.0,92.0,120.0,72.0,1178.0,1243.0,True,False,True,True,False,False,1.0,both,0.003361171901972477,0.0037088313749828435,0.0004295151614183338,0.0005564804466683052,0.0005813014694009365
515,ortho,ttggatacttatttgttttatgttttgattaat,6.0,tat,5.0,LDTYLFYVLIN,,False,False,11.0,4.0,8.0,92.0,120.0,72.0,1178.0,1243.0,True,False,True,True,False,False,1.0,both,0.003361171901972477,0.0037088313749828435,0.0004295151614183338,0.0005564804466683052,0.0005813014694009365
516,ortho,ttggatacttatttgttttatgttttgattaat,7.0,gtt,6.0,LDTYLFYVLIN,,False,False,11.0,4.0,8.0,92.0,120.0,72.0,1178.0,1243.0,True,False,True,True,False,False,1.0,both,0.003361171901972477,0.0037088313749828435,0.0004295151614183338,0.0005564804466683052,0.0005813014694009365
517,ortho,ttggatacttatttgttttatgttttgattaat,8.0,ttg,7.0,LDTYLFYVLIN,,False,False,11.0,4.0,8.0,92.0,120.0,72.0,1178.0,1243.0,True,False,True,True,False,False,1.0,both,0.003361171901972477,0.0037088313749828435,0.0004295151614183338,0.0005564804466683052,0.0005813014694009365
518,ortho,ttggatacttatttgttttatgttttgattaat,9.0,att,8.0,LDTYLFYVLIN,,False,False,11.0,4.0,8.0,92.0,120.0,72.0,1178.0,1243.0,True,False,True,True,False,False,1.0,both,0.003361171901972477,0.0037088313749828435,0.0004295151614183338,0.0005564804466683052,0.0005813014694009365
519,ortho,ttggatacttatttgttttatgttttgattgct,2.0,act,1.0,LDTYLFYVLIA,,False,False,13.0,5.0,9.0,9.0,6.0,10.0,311.0,495.0,True,False,True,True,False,False,1.0,both,0.0008873722084154842,0.0014769682466745837,4.201778753005439e-05,2.7824022333415258e-05,8.073631519457452e-05
520,ortho,ttggatacttatttgttttatgttttgattgct,3.0,tat,2.0,LDTYLFYVLIA,,False,False,13.0,5.0,9.0,9.0,6.0,10.0,311.0,495.0,True,False,True,True,False,False,1.0,both,0.0008873722084154842,0.0014769682466745837,4.201778753005439e-05,2.7824022333415258e-05,8.073631519457452e-05
521,ortho,ttggatacttatttgttttatgttttgattgct,4.0,ttg,3.0,LDTYLFYVLIA,,False,False,13.0,5.0,9.0,9.0,6.0,10.0,311.0,495.0,True,False,True,True,False,False,1.0,both,0.0008873722084154842,0.0014769682466745837,4.201778753005439e-05,2.7824022333415258e-05,8.073631519457452e-05
522,ortho,ttggatacttatttgttttatgttttgattgct,5.0,ttt,4.0,LDTYLFYVLIA,,False,False,13.0,5.0,9.0,9.0,6.0,10.0,311.0,495.0,True,False,True,True,False,False,1.0,both,0.0008873722084154842,0.0014769682466745837,4.201778753005439e-05,2.7824022333415258e-05,8.073631519457452e-05
523,ortho,ttggatacttatttgttttatgttttgattgct,6.0,tat,5.0,LDTYLFYVLIA,,False,False,13.0,5.0,9.0,9.0,6.0,10.0,311.0,495.0,True,False,True,True,False,False,1.0,both,0.0008873722084154842,0.0014769682466745837,4.201778753005439e-05,2.7824022333415258e-05,8.073631519457452e-05
524,ortho,ttggatacttatttgttttatgttttgattgct,7.0,gtt,6.0,LDTYLFYVLIA,,False,False,13.0,5.0,9.0,9.0,6.0,10.0,311.0,495.0,True,False,True,True,False,False,1.0,both,0.0008873722084154842,0.0014769682466745837,4.201778753005439e-05,2.7824022333415258e-05,8.073631519457452e-05
525,ortho,ttggatacttatttgttttatgttttgattgct,8.0,ttg,7.0,LDTYLFYVLIA,,False,False,13.0,5.0,9.0,9.0,6.0,10.0,311.0,495.0,True,False,True,True,False,False,1.0,both,0.0008873722084154842,0.0014769682466745837,4.201778753005439e-05,2.7824022333415258e-05,8.073631519457452e-05
526,ortho,ttggatacttatttgttttatgttttgattgct,9.0,att,8.0,LDTYLFYVLIA,,False,False,13.0,5.0,9.0,9.0,6.0,10.0,311.0,495.0,True,False,True,True,False,False,1.0,both,0.0008873722084154842,0.0014769682466745837,4.201778753005439e-05,2.7824022333415258e-05,8.073631519457452e-05
527,ortho,ttggatacttatttgttttatgttttgattgct,10.0,gct,9.0,LDTYLFYVLIA,,False,False,13.0,5.0,9.0,9.0,6.0,10.0,311.0,495.0,True,False,True,True,False,False,1.0,both,0.0008873722084154842,0.0014769682466745837,4.201778753005439e-05,2.7824022333415258e-05,8.073631519457452e-05
528,ortho,ttggatacttatttgttttatgttttggctaat,2.0,act,1.0,LDTYLFYVLAN,,False,False,11.0,4.0,8.0,11.0,34.0,9.0,128.0,155.0,True,False,True,True,False,False,1.0,both,0.0003652207160038006,0.00046248500653446557,5.135507364784425e-05,0.00015766945988935315,7.266268367511706e-05
529,ortho,ttggatacttatttgttttatgttttggctaat,3.0,tat,2.0,LDTYLFYVLAN,,False,False,11.0,4.0,8.0,11.0,34.0,9.0,128.0,155.0,True,False,True,True,False,False,1.0,both,0.0003652207160038006,0.00046248500653446557,5.135507364784425e-05,0.00015766945988935315,7.266268367511706e-05
530,ortho,ttggatacttatttgttttatgttttggctaat,4.0,ttg,3.0,LDTYLFYVLAN,,False,False,11.0,4.0,8.0,11.0,34.0,9.0,128.0,155.0,True,False,True,True,False,False,1.0,both,0.0003652207160038006,0.00046248500653446557,5.135507364784425e-05,0.00015766945988935315,7.266268367511706e-05
531,ortho,ttggatacttatttgttttatgttttggctaat,5.0,ttt,4.0,LDTYLFYVLAN,,False,False,11.0,4.0,8.0,11.0,34.0,9.0,128.0,155.0,True,False,True,True,False,False,1.0,both,0.0003652207160038006,0.00046248500653446557,5.135507364784425e-05,0.00015766945988935315,7.266268367511706e-05
532,ortho,ttggatacttatttgttttatgttttggctaat,6.0,tat,5.0,LDTYLFYVLAN,,False,False,11.0,4.0,8.0,11.0,34.0,9.0,128.0,155.0,True,False,True,True,False,False,1.0,both,0.0003652207160038006,0.00046248500653446557,5.135507364784425e-05,0.00015766945988935315,7.266268367511706e-05
533,ortho,ttggatacttatttgttttatgttttggctaat,7.0,gtt,6.0,LDTYLFYVLAN,,False,False,11.0,4.0,8.0,11.0,34.0,9.0,128.0,155.0,True,False,True,True,False,False,1.0,both,0.0003652207160038006,0.00046248500653446557,5.135507364784425e-05,0.00015766945988935315,7.266268367511706e-05
534,ortho,ttggatacttatttgttttatgttttggctaat,8.0,ttg,7.0,LDTYLFYVLAN,,False,False,11.0,4.0,8.0,11.0,34.0,9.0,128.0,155.0,True,False,True,True,False,False,1.0,both,0.0003652207160038006,0.00046248500653446557,5.135507364784425e-05,0.00015766945988935315,7.266268367511706e-05
535,ortho,ttggatacttatttgttttatgttttggctaat,9.0,gct,8.0,LDTYLFYVLAN,,False,False,11.0,4.0,8.0,11.0,34.0,9.0,128.0,155.0,True,False,True,True,False,False,1.0,both,0.0003652207160038006,0.00046248500653446557,5.135507364784425e-05,0.00015766945988935315,7.266268367511706e-05
536,ortho,ttggatacttatttgttttatgttttggttaat,2.0,act,1.0,LDTYLFYVLVN,,False,False,10.0,3.0,8.0,325.0,391.0,230.0,1608.0,1416.0,True,False,True,True,False,False,1.0,both,0.004588085244797745,0.004225024317760021,0.001517308994140853,0.0018131987887275612,0.001856935249475214
537,ortho,ttggatacttatttgttttatgttttggttaat,3.0,tat,2.0,LDTYLFYVLVN,,False,False,10.0,3.0,8.0,325.0,391.0,230.0,1608.0,1416.0,True,False,True,True,False,False,1.0,both,0.004588085244797745,0.004225024317760021,0.001517308994140853,0.0018131987887275612,0.001856935249475214
538,ortho,ttggatacttatttgttttatgttttggttaat,4.0,ttg,3.0,LDTYLFYVLVN,,False,False,10.0,3.0,8.0,325.0,391.0,230.0,1608.0,1416.0,True,False,True,True,False,False,1.0,both,0.004588085244797745,0.004225024317760021,0.001517308994140853,0.0018131987887275612,0.001856935249475214
539,ortho,ttggatacttatttgttttatgttttggttaat,5.0,ttt,4.0,LDTYLFYVLVN,,False,False,10.0,3.0,8.0,325.0,391.0,230.0,1608.0,1416.0,True,False,True,True,False,False,1.0,both,0.004588085244797745,0.004225024317760021,0.001517308994140853,0.0018131987887275612,0.001856935249475214
540,ortho,ttggatacttatttgttttatgttttggttaat,6.0,tat,5.0,LDTYLFYVLVN,,False,False,10.0,3.0,8.0,325.0,391.0,230.0,1608.0,1416.0,True,False,True,True,False,False,1.0,both,0.004588085244797745,0.004225024317760021,0.001517308994140853,0.0018131987887275612,0.001856935249475214
541,ortho,ttggatacttatttgttttatgttttggttaat,7.0,gtt,6.0,LDTYLFYVLVN,,False,False,10.0,3.0,8.0,325.0,391.0,230.0,1608.0,1416.0,True,False,True,True,False,False,1.0,both,0.004588085244797745,0.004225024317760021,0.001517308994140853,0.0018131987887275612,0.001856935249475214
542,ortho,ttggatacttatttgttttatgttttggttaat,8.0,ttg,7.0,LDTYLFYVLVN,,False,False,10.0,3.0,8.0,325.0,391.0,230.0,1608.0,1416.0,True,False,True,True,False,False,1.0,both,0.004588085244797745,0.004225024317760021,0.001517308994140853,0.0018131987887275612,0.001856935249475214
543,ortho,ttggatacttatttgttttatgttttggttaat,9.0,gtt,8.0,LDTYLFYVLVN,,False,False,10.0,3.0,8.0,325.0,391.0,230.0,1608.0,1416.0,True,False,True,True,False,False,1.0,both,0.004588085244797745,0.004225024317760021,0.001517308994140853,0.0018131987887275612,0.001856935249475214
544,ortho,ttggatacttatttgttttatgttttgttgaat,2.0,act,1.0,LDTYLFYVLLN,,False,False,10.0,4.0,8.0,56.0,48.0,60.0,956.0,1050.0,True,False,True,True,False,False,1.0,both,0.0027277422226533858,0.003132962947491541,0.0002614440112981162,0.00022259217866732207,0.00048441789116744714
545,ortho,ttggatacttatttgttttatgttttgttgaat,3.0,tat,2.0,LDTYLFYVLLN,,False,False,10.0,4.0,8.0,56.0,48.0,60.0,956.0,1050.0,True,False,True,True,False,False,1.0,both,0.0027277422226533858,0.003132962947491541,0.0002614440112981162,0.00022259217866732207,0.00048441789116744714
546,ortho,ttggatacttatttgttttatgttttgttgaat,4.0,ttg,3.0,LDTYLFYVLLN,,False,False,10.0,4.0,8.0,56.0,48.0,60.0,956.0,1050.0,True,False,True,True,False,False,1.0,both,0.0027277422226533858,0.003132962947491541,0.0002614440112981162,0.00022259217866732207,0.00048441789116744714
547,ortho,ttggatacttatttgttttatgttttgttgaat,5.0,ttt,4.0,LDTYLFYVLLN,,False,False,10.0,4.0,8.0,56.0,48.0,60.0,956.0,1050.0,True,False,True,True,False,False,1.0,both,0.0027277422226533858,0.003132962947491541,0.0002614440112981162,0.00022259217866732207,0.00048441789116744714
548,ortho,ttggatacttatttgttttatgttttgttgaat,6.0,tat,5.0,LDTYLFYVLLN,,False,False,10.0,4.0,8.0,56.0,48.0,60.0,956.0,1050.0,True,False,True,True,False,False,1.0,both,0.0027277422226533858,0.003132962947491541,0.0002614440112981162,0.00022259217866732207,0.00048441789116744714
549,ortho,ttggatacttatttgttttatgttttgttgaat,7.0,gtt,6.0,LDTYLFYVLLN,,False,False,10.0,4.0,8.0,56.0,48.0,60.0,956.0,1050.0,True,False,True,True,False,False,1.0,both,0.0027277422226533858,0.003132962947491541,0.0002614440112981162,0.00022259217866732207,0.00048441789116744714
550,ortho,ttggatacttatttgttttatgttttgttgaat,8.0,ttg,7.0,LDTYLFYVLLN,,False,False,10.0,4.0,8.0,56.0,48.0,60.0,956.0,1050.0,True,False,True,True,False,False,1.0,both,0.0027277422226533858,0.003132962947491541,0.0002614440112981162,0.00022259217866732207,0.00048441789116744714
551,ortho,ttggatacttatttgttttatgttttgttgaat,9.0,ttg,8.0,LDTYLFYVLLN,,False,False,10.0,4.0,8.0,56.0,48.0,60.0,956.0,1050.0,True,False,True,True,False,False,1.0,both,0.0027277422226533858,0.003132962947491541,0.0002614440112981162,0.00022259217866732207,0.00048441789116744714
552,ortho,ttggatacttatttgttttatgttttgtttaat,2.0,act,1.0,LDTYLFYVLFN,,False,False,11.0,4.0,8.0,21.0,48.0,29.0,1684.0,1885.0,True,False,True,True,False,False,1.0,both,0.004804935044925001,0.005624414434306242,9.804150423679357e-05,0.00022259217866732207,0.0002341353140642661
553,ortho,ttggatacttatttgttttatgttttgtttaat,3.0,tat,2.0,LDTYLFYVLFN,,False,False,11.0,4.0,8.0,21.0,48.0,29.0,1684.0,1885.0,True,False,True,True,False,False,1.0,both,0.004804935044925001,0.005624414434306242,9.804150423679357e-05,0.00022259217866732207,0.0002341353140642661
554,ortho,ttggatacttatttgttttatgttttgtttaat,4.0,ttg,3.0,LDTYLFYVLFN,,False,False,11.0,4.0,8.0,21.0,48.0,29.0,1684.0,1885.0,True,False,True,True,False,False,1.0,both,0.004804935044925001,0.005624414434306242,9.804150423679357e-05,0.00022259217866732207,0.0002341353140642661
555,ortho,ttggatacttatttgttttatgttttgtttaat,5.0,ttt,4.0,LDTYLFYVLFN,,False,False,11.0,4.0,8.0,21.0,48.0,29.0,1684.0,1885.0,True,False,True,True,False,False,1.0,both,0.004804935044925001,0.005624414434306242,9.804150423679357e-05,0.00022259217866732207,0.0002341353140642661
556,ortho,ttggatacttatttgttttatgttttgtttaat,6.0,tat,5.0,LDTYLFYVLFN,,False,False,11.0,4.0,8.0,21.0,48.0,29.0,1684.0,1885.0,True,False,True,True,False,False,1.0,both,0.004804935044925001,0.005624414434306242,9.804150423679357e-05,0.00022259217866732207,0.0002341353140642661
557,ortho,ttggatacttatttgttttatgttttgtttaat,7.0,gtt,6.0,LDTYLFYVLFN,,False,False,11.0,4.0,8.0,21.0,48.0,29.0,1684.0,1885.0,True,False,True,True,False,False,1.0,both,0.004804935044925001,0.005624414434306242,9.804150423679357e-05,0.00022259217866732207,0.0002341353140642661
558,ortho,ttggatacttatttgttttatgttttgtttaat,8.0,ttg,7.0,LDTYLFYVLFN,,False,False,11.0,4.0,8.0,21.0,48.0,29.0,1684.0,1885.0,True,False,True,True,False,False,1.0,both,0.004804935044925001,0.005624414434306242,9.804150423679357e-05,0.00022259217866732207,0.0002341353140642661
559,ortho,ttggatacttatttgttttatgttttgtttaat,9.0,ttt,8.0,LDTYLFYVLFN,,False,False,11.0,4.0,8.0,21.0,48.0,29.0,1684.0,1885.0,True,False,True,True,False,False,1.0,both,0.004804935044925001,0.005624414434306242,9.804150423679357e-05,0.00022259217866732207,0.0002341353140642661
560,ortho,ttggatacttttatgtggtatattattatgaat,2.0,act,1.0,LDTFMWYIIMN,,False,False,7.0,3.0,5.0,4.0,6.0,10.0,880.0,883.0,True,False,True,True,False,False,1.0,both,0.002510892422526129,0.0026346726501286005,1.867457223557973e-05,2.7824022333415258e-05,8.073631519457452e-05
561,ortho,ttggatacttttatgtggtatattattatgaat,3.0,ttt,2.0,LDTFMWYIIMN,,False,False,7.0,3.0,5.0,4.0,6.0,10.0,880.0,883.0,True,False,True,True,False,False,1.0,both,0.002510892422526129,0.0026346726501286005,1.867457223557973e-05,2.7824022333415258e-05,8.073631519457452e-05
562,ortho,ttggatacttttatgtggtatattattatgaat,4.0,atg,3.0,LDTFMWYIIMN,,False,False,7.0,3.0,5.0,4.0,6.0,10.0,880.0,883.0,True,False,True,True,False,False,1.0,both,0.002510892422526129,0.0026346726501286005,1.867457223557973e-05,2.7824022333415258e-05,8.073631519457452e-05
563,ortho,ttggatacttttatgtggtatattattatgaat,6.0,tat,4.0,LDTFMWYIIMN,,False,False,7.0,3.0,5.0,4.0,6.0,10.0,880.0,883.0,True,False,True,True,False,False,1.0,both,0.002510892422526129,0.0026346726501286005,1.867457223557973e-05,2.7824022333415258e-05,8.073631519457452e-05
564,ortho,ttggatacttttatgtggtatattattatgaat,9.0,atg,5.0,LDTFMWYIIMN,,False,False,7.0,3.0,5.0,4.0,6.0,10.0,880.0,883.0,True,False,True,True,False,False,1.0,both,0.002510892422526129,0.0026346726501286005,1.867457223557973e-05,2.7824022333415258e-05,8.073631519457452e-05
565,ortho,ttggatacttttatgtggtatgttatttgtaat,2.0,act,1.0,LDTFMWYVICN,,False,False,10.0,4.0,6.0,3.0,12.0,1.0,394.0,459.0,True,False,True,True,False,False,1.0,both,0.0011241950164491987,0.0013695523741891593,1.4005929176684796e-05,5.5648044666830517e-05,8.073631519457453e-06
566,ortho,ttggatacttttatgtggtatgttatttgtaat,3.0,ttt,2.0,LDTFMWYVICN,,False,False,10.0,4.0,6.0,3.0,12.0,1.0,394.0,459.0,True,False,True,True,False,False,1.0,both,0.0011241950164491987,0.0013695523741891593,1.4005929176684796e-05,5.5648044666830517e-05,8.073631519457453e-06
567,ortho,ttggatacttttatgtggtatgttatttgtaat,4.0,atg,3.0,LDTFMWYVICN,,False,False,10.0,4.0,6.0,3.0,12.0,1.0,394.0,459.0,True,False,True,True,False,False,1.0,both,0.0011241950164491987,0.0013695523741891593,1.4005929176684796e-05,5.5648044666830517e-05,8.073631519457453e-06
568,ortho,ttggatacttttatgtggtatgttatttgtaat,6.0,tat,4.0,LDTFMWYVICN,,False,False,10.0,4.0,6.0,3.0,12.0,1.0,394.0,459.0,True,False,True,True,False,False,1.0,both,0.0011241950164491987,0.0013695523741891593,1.4005929176684796e-05,5.5648044666830517e-05,8.073631519457453e-06
569,ortho,ttggatacttttatgtggtatgttatttgtaat,7.0,gtt,5.0,LDTFMWYVICN,,False,False,10.0,4.0,6.0,3.0,12.0,1.0,394.0,459.0,True,False,True,True,False,False,1.0,both,0.0011241950164491987,0.0013695523741891593,1.4005929176684796e-05,5.5648044666830517e-05,8.073631519457453e-06
570,ortho,ttggatacttttatgtggtatgttatttgtaat,9.0,tgt,6.0,LDTFMWYVICN,,False,False,10.0,4.0,6.0,3.0,12.0,1.0,394.0,459.0,True,False,True,True,False,False,1.0,both,0.0011241950164491987,0.0013695523741891593,1.4005929176684796e-05,5.5648044666830517e-05,8.073631519457453e-06
571,ortho,ttggatacttttttgtggtatattattatgaat,2.0,act,1.0,LDTFLWYIIMN,,False,False,6.0,2.0,5.0,3.0,9.0,1.0,255.0,229.0,True,False,True,True,False,False,1.0,both,0.0007275881451638214,0.0006832842999767265,1.4005929176684796e-05,4.173603350012289e-05,8.073631519457453e-06
572,ortho,ttggatacttttttgtggtatattattatgaat,3.0,ttt,2.0,LDTFLWYIIMN,,False,False,6.0,2.0,5.0,3.0,9.0,1.0,255.0,229.0,True,False,True,True,False,False,1.0,both,0.0007275881451638214,0.0006832842999767265,1.4005929176684796e-05,4.173603350012289e-05,8.073631519457453e-06
573,ortho,ttggatacttttttgtggtatattattatgaat,4.0,ttg,3.0,LDTFLWYIIMN,,False,False,6.0,2.0,5.0,3.0,9.0,1.0,255.0,229.0,True,False,True,True,False,False,1.0,both,0.0007275881451638214,0.0006832842999767265,1.4005929176684796e-05,4.173603350012289e-05,8.073631519457453e-06
574,ortho,ttggatacttttttgtggtatattattatgaat,6.0,tat,4.0,LDTFLWYIIMN,,False,False,6.0,2.0,5.0,3.0,9.0,1.0,255.0,229.0,True,False,True,True,False,False,1.0,both,0.0007275881451638214,0.0006832842999767265,1.4005929176684796e-05,4.173603350012289e-05,8.073631519457453e-06
575,ortho,ttggatacttttttgtggtatattattatgaat,9.0,atg,5.0,LDTFLWYIIMN,,False,False,6.0,2.0,5.0,3.0,9.0,1.0,255.0,229.0,True,False,True,True,False,False,1.0,both,0.0007275881451638214,0.0006832842999767265,1.4005929176684796e-05,4.173603350012289e-05,8.073631519457453e-06
576,ortho,ttggatacttttttgtggtatattatttggaat,2.0,act,1.0,LDTFLWYIIWN,,False,False,7.0,2.0,5.0,6.0,3.0,4.0,912.0,938.0,True,False,True,True,False,False,1.0,both,0.002602197601527079,0.002798780233092443,2.8011858353369593e-05,1.3912011166707629e-05,3.229452607782981e-05
577,ortho,ttggatacttttttgtggtatattatttggaat,3.0,ttt,2.0,LDTFLWYIIWN,,False,False,7.0,2.0,5.0,6.0,3.0,4.0,912.0,938.0,True,False,True,True,False,False,1.0,both,0.002602197601527079,0.002798780233092443,2.8011858353369593e-05,1.3912011166707629e-05,3.229452607782981e-05
578,ortho,ttggatacttttttgtggtatattatttggaat,4.0,ttg,3.0,LDTFLWYIIWN,,False,False,7.0,2.0,5.0,6.0,3.0,4.0,912.0,938.0,True,False,True,True,False,False,1.0,both,0.002602197601527079,0.002798780233092443,2.8011858353369593e-05,1.3912011166707629e-05,3.229452607782981e-05
579,ortho,ttggatacttttttgtggtatattatttggaat,6.0,tat,4.0,LDTFLWYIIWN,,False,False,7.0,2.0,5.0,6.0,3.0,4.0,912.0,938.0,True,False,True,True,False,False,1.0,both,0.002602197601527079,0.002798780233092443,2.8011858353369593e-05,1.3912011166707629e-05,3.229452607782981e-05
580,ortho,ttggatacttttttgtggtatattatttggaat,9.0,tgg,5.0,LDTFLWYIIWN,,False,False,7.0,2.0,5.0,6.0,3.0,4.0,912.0,938.0,True,False,True,True,False,False,1.0,both,0.002602197601527079,0.002798780233092443,2.8011858353369593e-05,1.3912011166707629e-05,3.229452607782981e-05
581,ortho,ttggatacttttttgtggtatattattttgaat,2.0,act,1.0,LDTFLWYIILN,,False,False,6.0,2.0,5.0,11.0,6.0,7.0,914.0,996.0,True,False,True,True,False,False,1.0,both,0.0026079041752146387,0.0029718391387634044,5.135507364784425e-05,2.7824022333415258e-05,5.651542063620216e-05
582,ortho,ttggatacttttttgtggtatattattttgaat,3.0,ttt,2.0,LDTFLWYIILN,,False,False,6.0,2.0,5.0,11.0,6.0,7.0,914.0,996.0,True,False,True,True,False,False,1.0,both,0.0026079041752146387,0.0029718391387634044,5.135507364784425e-05,2.7824022333415258e-05,5.651542063620216e-05
583,ortho,ttggatacttttttgtggtatattattttgaat,4.0,ttg,3.0,LDTFLWYIILN,,False,False,6.0,2.0,5.0,11.0,6.0,7.0,914.0,996.0,True,False,True,True,False,False,1.0,both,0.0026079041752146387,0.0029718391387634044,5.135507364784425e-05,2.7824022333415258e-05,5.651542063620216e-05
584,ortho,ttggatacttttttgtggtatattattttgaat,6.0,tat,4.0,LDTFLWYIILN,,False,False,6.0,2.0,5.0,11.0,6.0,7.0,914.0,996.0,True,False,True,True,False,False,1.0,both,0.0026079041752146387,0.0029718391387634044,5.135507364784425e-05,2.7824022333415258e-05,5.651542063620216e-05
585,ortho,ttggatacttttttgtggtatattattttgaat,9.0,ttg,5.0,LDTFLWYIILN,,False,False,6.0,2.0,5.0,11.0,6.0,7.0,914.0,996.0,True,False,True,True,False,False,1.0,both,0.0026079041752146387,0.0029718391387634044,5.135507364784425e-05,2.7824022333415258e-05,5.651542063620216e-05
586,ortho,ttggatacttttttgtggtatattttgttgaat,2.0,act,1.0,LDTFLWYILLN,,False,False,8.0,3.0,6.0,3.0,6.0,6.0,535.0,643.0,True,False,True,True,False,False,1.0,both,0.0015265084614221353,0.0019185668335591057,1.4005929176684796e-05,2.7824022333415258e-05,4.844178911674471e-05
587,ortho,ttggatacttttttgtggtatattttgttgaat,3.0,ttt,2.0,LDTFLWYILLN,,False,False,8.0,3.0,6.0,3.0,6.0,6.0,535.0,643.0,True,False,True,True,False,False,1.0,both,0.0015265084614221353,0.0019185668335591057,1.4005929176684796e-05,2.7824022333415258e-05,4.844178911674471e-05
588,ortho,ttggatacttttttgtggtatattttgttgaat,4.0,ttg,3.0,LDTFLWYILLN,,False,False,8.0,3.0,6.0,3.0,6.0,6.0,535.0,643.0,True,False,True,True,False,False,1.0,both,0.0015265084614221353,0.0019185668335591057,1.4005929176684796e-05,2.7824022333415258e-05,4.844178911674471e-05
589,ortho,ttggatacttttttgtggtatattttgttgaat,6.0,tat,4.0,LDTFLWYILLN,,False,False,8.0,3.0,6.0,3.0,6.0,6.0,535.0,643.0,True,False,True,True,False,False,1.0,both,0.0015265084614221353,0.0019185668335591057,1.4005929176684796e-05,2.7824022333415258e-05,4.844178911674471e-05
590,ortho,ttggatacttttttgtggtatattttgttgaat,8.0,ttg,5.0,LDTFLWYILLN,,False,False,8.0,3.0,6.0,3.0,6.0,6.0,535.0,643.0,True,False,True,True,False,False,1.0,both,0.0015265084614221353,0.0019185668335591057,1.4005929176684796e-05,2.7824022333415258e-05,4.844178911674471e-05
591,ortho,ttggatacttttttgtggtatattttgttgaat,9.0,ttg,6.0,LDTFLWYILLN,,False,False,8.0,3.0,6.0,3.0,6.0,6.0,535.0,643.0,True,False,True,True,False,False,1.0,both,0.0015265084614221353,0.0019185668335591057,1.4005929176684796e-05,2.7824022333415258e-05,4.844178911674471e-05
592,ortho,ttggatacttttttgtggtatgttatttggaat,2.0,act,1.0,LDTFLWYVIWN,,False,False,8.0,3.0,6.0,12.0,4.0,4.0,989.0,1081.0,True,False,True,True,False,False,1.0,both,0.0028219006884981153,0.0032254599487984343,5.6023716706739186e-05,1.854934822227684e-05,3.229452607782981e-05
593,ortho,ttggatacttttttgtggtatgttatttggaat,3.0,ttt,2.0,LDTFLWYVIWN,,False,False,8.0,3.0,6.0,12.0,4.0,4.0,989.0,1081.0,True,False,True,True,False,False,1.0,both,0.0028219006884981153,0.0032254599487984343,5.6023716706739186e-05,1.854934822227684e-05,3.229452607782981e-05
594,ortho,ttggatacttttttgtggtatgttatttggaat,4.0,ttg,3.0,LDTFLWYVIWN,,False,False,8.0,3.0,6.0,12.0,4.0,4.0,989.0,1081.0,True,False,True,True,False,False,1.0,both,0.0028219006884981153,0.0032254599487984343,5.6023716706739186e-05,1.854934822227684e-05,3.229452607782981e-05
595,ortho,ttggatacttttttgtggtatgttatttggaat,6.0,tat,4.0,LDTFLWYVIWN,,False,False,8.0,3.0,6.0,12.0,4.0,4.0,989.0,1081.0,True,False,True,True,False,False,1.0,both,0.0028219006884981153,0.0032254599487984343,5.6023716706739186e-05,1.854934822227684e-05,3.229452607782981e-05
596,ortho,ttggatacttttttgtggtatgttatttggaat,7.0,gtt,5.0,LDTFLWYVIWN,,False,False,8.0,3.0,6.0,12.0,4.0,4.0,989.0,1081.0,True,False,True,True,False,False,1.0,both,0.0028219006884981153,0.0032254599487984343,5.6023716706739186e-05,1.854934822227684e-05,3.229452607782981e-05
597,ortho,ttggatacttttttgtggtatgttatttggaat,9.0,tgg,6.0,LDTFLWYVIWN,,False,False,8.0,3.0,6.0,12.0,4.0,4.0,989.0,1081.0,True,False,True,True,False,False,1.0,both,0.0028219006884981153,0.0032254599487984343,5.6023716706739186e-05,1.854934822227684e-05,3.229452607782981e-05
598,ortho,ttggatacttttttgtggtatgttttgttgaat,2.0,act,1.0,LDTFLWYVLLN,,False,False,9.0,4.0,7.0,7.0,1.0,7.0,536.0,587.0,True,False,True,True,False,False,1.0,both,0.0015293617482659149,0.0017514754763595568,3.2680501412264525e-05,4.63733705556921e-06,5.651542063620216e-05
599,ortho,ttggatacttttttgtggtatgttttgttgaat,3.0,ttt,2.0,LDTFLWYVLLN,,False,False,9.0,4.0,7.0,7.0,1.0,7.0,536.0,587.0,True,False,True,True,False,False,1.0,both,0.0015293617482659149,0.0017514754763595568,3.2680501412264525e-05,4.63733705556921e-06,5.651542063620216e-05
600,ortho,ttggatacttttttgtggtatgttttgttgaat,4.0,ttg,3.0,LDTFLWYVLLN,,False,False,9.0,4.0,7.0,7.0,1.0,7.0,536.0,587.0,True,False,True,True,False,False,1.0,both,0.0015293617482659149,0.0017514754763595568,3.2680501412264525e-05,4.63733705556921e-06,5.651542063620216e-05
601,ortho,ttggatacttttttgtggtatgttttgttgaat,6.0,tat,4.0,LDTFLWYVLLN,,False,False,9.0,4.0,7.0,7.0,1.0,7.0,536.0,587.0,True,False,True,True,False,False,1.0,both,0.0015293617482659149,0.0017514754763595568,3.2680501412264525e-05,4.63733705556921e-06,5.651542063620216e-05
602,ortho,ttggatacttttttgtggtatgttttgttgaat,7.0,gtt,5.0,LDTFLWYVLLN,,False,False,9.0,4.0,7.0,7.0,1.0,7.0,536.0,587.0,True,False,True,True,False,False,1.0,both,0.0015293617482659149,0.0017514754763595568,3.2680501412264525e-05,4.63733705556921e-06,5.651542063620216e-05
603,ortho,ttggatacttttttgtggtatgttttgttgaat,8.0,ttg,6.0,LDTFLWYVLLN,,False,False,9.0,4.0,7.0,7.0,1.0,7.0,536.0,587.0,True,False,True,True,False,False,1.0,both,0.0015293617482659149,0.0017514754763595568,3.2680501412264525e-05,4.63733705556921e-06,5.651542063620216e-05
604,ortho,ttggatacttttttgtggtatgttttgttgaat,9.0,ttg,7.0,LDTFLWYVLLN,,False,False,9.0,4.0,7.0,7.0,1.0,7.0,536.0,587.0,True,False,True,True,False,False,1.0,both,0.0015293617482659149,0.0017514754763595568,3.2680501412264525e-05,4.63733705556921e-06,5.651542063620216e-05
605,ortho,ttggatacttttttgtggtatgttttgtttaat,2.0,act,1.0,LDTFLWYVLFN,,False,False,10.0,4.0,7.0,11.0,6.0,5.0,443.0,526.0,True,False,True,True,False,False,1.0,both,0.0012640060717944036,0.0015694652479814766,5.135507364784425e-05,2.7824022333415258e-05,4.036815759728726e-05
606,ortho,ttggatacttttttgtggtatgttttgtttaat,3.0,ttt,2.0,LDTFLWYVLFN,,False,False,10.0,4.0,7.0,11.0,6.0,5.0,443.0,526.0,True,False,True,True,False,False,1.0,both,0.0012640060717944036,0.0015694652479814766,5.135507364784425e-05,2.7824022333415258e-05,4.036815759728726e-05
607,ortho,ttggatacttttttgtggtatgttttgtttaat,4.0,ttg,3.0,LDTFLWYVLFN,,False,False,10.0,4.0,7.0,11.0,6.0,5.0,443.0,526.0,True,False,True,True,False,False,1.0,both,0.0012640060717944036,0.0015694652479814766,5.135507364784425e-05,2.7824022333415258e-05,4.036815759728726e-05
608,ortho,ttggatacttttttgtggtatgttttgtttaat,6.0,tat,4.0,LDTFLWYVLFN,,False,False,10.0,4.0,7.0,11.0,6.0,5.0,443.0,526.0,True,False,True,True,False,False,1.0,both,0.0012640060717944036,0.0015694652479814766,5.135507364784425e-05,2.7824022333415258e-05,4.036815759728726e-05
609,ortho,ttggatacttttttgtggtatgttttgtttaat,7.0,gtt,5.0,LDTFLWYVLFN,,False,False,10.0,4.0,7.0,11.0,6.0,5.0,443.0,526.0,True,False,True,True,False,False,1.0,both,0.0012640060717944036,0.0015694652479814766,5.135507364784425e-05,2.7824022333415258e-05,4.036815759728726e-05
610,ortho,ttggatacttttttgtggtatgttttgtttaat,8.0,ttg,6.0,LDTFLWYVLFN,,False,False,10.0,4.0,7.0,11.0,6.0,5.0,443.0,526.0,True,False,True,True,False,False,1.0,both,0.0012640060717944036,0.0015694652479814766,5.135507364784425e-05,2.7824022333415258e-05,4.036815759728726e-05
611,ortho,ttggatacttttttgtggtatgttttgtttaat,9.0,ttt,7.0,LDTFLWYVLFN,,False,False,10.0,4.0,7.0,11.0,6.0,5.0,443.0,526.0,True,False,True,True,False,False,1.0,both,0.0012640060717944036,0.0015694652479814766,5.135507364784425e-05,2.7824022333415258e-05,4.036815759728726e-05
612,ortho,ttggatacttttttgttttatgttttgttgaat,2.0,act,1.0,LDTFLFYVLLN,,False,False,11.0,5.0,8.0,61.0,71.0,40.0,469.0,510.0,True,False,True,True,False,False,1.0,both,0.0013381915297326756,0.001521724860210177,0.0002847872265925909,0.0003292509309454139,0.0003229452607782981
613,ortho,ttggatacttttttgttttatgttttgttgaat,3.0,ttt,2.0,LDTFLFYVLLN,,False,False,11.0,5.0,8.0,61.0,71.0,40.0,469.0,510.0,True,False,True,True,False,False,1.0,both,0.0013381915297326756,0.001521724860210177,0.0002847872265925909,0.0003292509309454139,0.0003229452607782981
614,ortho,ttggatacttttttgttttatgttttgttgaat,4.0,ttg,3.0,LDTFLFYVLLN,,False,False,11.0,5.0,8.0,61.0,71.0,40.0,469.0,510.0,True,False,True,True,False,False,1.0,both,0.0013381915297326756,0.001521724860210177,0.0002847872265925909,0.0003292509309454139,0.0003229452607782981
615,ortho,ttggatacttttttgttttatgttttgttgaat,5.0,ttt,4.0,LDTFLFYVLLN,,False,False,11.0,5.0,8.0,61.0,71.0,40.0,469.0,510.0,True,False,True,True,False,False,1.0,both,0.0013381915297326756,0.001521724860210177,0.0002847872265925909,0.0003292509309454139,0.0003229452607782981
616,ortho,ttggatacttttttgttttatgttttgttgaat,6.0,tat,5.0,LDTFLFYVLLN,,False,False,11.0,5.0,8.0,61.0,71.0,40.0,469.0,510.0,True,False,True,True,False,False,1.0,both,0.0013381915297326756,0.001521724860210177,0.0002847872265925909,0.0003292509309454139,0.0003229452607782981
617,ortho,ttggatacttttttgttttatgttttgttgaat,7.0,gtt,6.0,LDTFLFYVLLN,,False,False,11.0,5.0,8.0,61.0,71.0,40.0,469.0,510.0,True,False,True,True,False,False,1.0,both,0.0013381915297326756,0.001521724860210177,0.0002847872265925909,0.0003292509309454139,0.0003229452607782981
618,ortho,ttggatacttttttgttttatgttttgttgaat,8.0,ttg,7.0,LDTFLFYVLLN,,False,False,11.0,5.0,8.0,61.0,71.0,40.0,469.0,510.0,True,False,True,True,False,False,1.0,both,0.0013381915297326756,0.001521724860210177,0.0002847872265925909,0.0003292509309454139,0.0003229452607782981
619,ortho,ttggatacttttttgttttatgttttgttgaat,9.0,ttg,8.0,LDTFLFYVLLN,,False,False,11.0,5.0,8.0,61.0,71.0,40.0,469.0,510.0,True,False,True,True,False,False,1.0,both,0.0013381915297326756,0.001521724860210177,0.0002847872265925909,0.0003292509309454139,0.0003229452607782981
620,single,ttggataggtacttatggtacattattgtgaat,2.0,agg,1.0,LDRYLWYIIVN,,False,False,2.0,1.0,1.0,1.0,1.0,1.0,52.0,52.0,True,False,True,True,False,False,1.0,both,0.00014837091587654398,0.00015515626025672393,4.6686430588949324e-06,4.63733705556921e-06,8.073631519457453e-06
621,single,ttggatagttacttatggtacattattgtgaat,2.0,agt,1.0,LDSYLWYIIVN,,False,False,2.0,1.0,1.0,2.0,5.0,1.0,544.0,473.0,True,False,True,True,False,False,1.0,both,0.0015521880430161524,0.0014113252134890465,9.337286117789865e-06,2.318668527784605e-05,8.073631519457453e-06
622,single,ttggatatgtacttatggtacattattgtgaat,2.0,atg,1.0,LDMYLWYIIVN,,False,False,2.0,1.0,1.0,23.0,25.0,13.0,1695.0,1627.0,True,False,True,True,False,False,1.0,both,0.004836321200206578,0.004854600681494035,0.00010737879035458344,0.00011593342638923026,0.00010495720975294688
623,single,ttggatatttacttatggtacattattgtgaat,2.0,att,1.0,LDIYLWYIIVN,,False,False,2.0,1.0,1.0,1.0,2.0,2.0,152.0,118.0,True,False,True,True,False,False,1.0,both,0.0004336996002545132,0.0003520853598133351,4.6686430588949324e-06,9.27467411113842e-06,1.6147263038914905e-05
624,single,ttggatcagtacttatggtacattattgtgaat,2.0,cag,1.0,LDQYLWYIIVN,,False,False,3.0,1.0,1.0,1.0,1.0,2.0,883.0,832.0,True,False,True,True,False,False,1.0,both,0.0025194522830574682,0.002482500164107583,4.6686430588949324e-06,4.63733705556921e-06,1.6147263038914905e-05
625,single,ttggatcattacttatggtacattattgtgaat,2.0,cat,1.0,LDHYLWYIIVN,,False,False,3.0,1.0,1.0,9.0,10.0,2.0,868.0,742.0,True,False,True,True,False,False,1.0,both,0.0024766529804007725,0.002213960482894022,4.201778753005439e-05,4.63733705556921e-05,1.6147263038914905e-05
626,single,ttggatccttacttatggtacattattgtgaat,2.0,cct,1.0,LDPYLWYIIVN,,False,False,2.0,1.0,1.0,1.0,1.0,1.0,8.0,2.0,True,False,True,True,False,False,2.0,both,2.2826294750237538e-05,5.967548471412459e-06,4.6686430588949324e-06,4.63733705556921e-06,8.073631519457453e-06
627,single,ttggatcggtacttatggtacattattgtgaat,2.0,cgg,1.0,LDRYLWYIIVN,,False,False,3.0,1.0,1.0,7.0,4.0,3.0,207.0,165.0,True,False,True,True,False,False,1.0,both,0.0005906303766623962,0.0004923227488915279,3.2680501412264525e-05,1.854934822227684e-05,2.4220894558372356e-05
628,single,ttggatctgtacttatggtacattattgtgaat,2.0,ctg,1.0,LDLYLWYIIVN,,False,False,3.0,1.0,1.0,1.0,6.0,2.0,291.0,269.0,True,False,True,True,False,False,1.0,both,0.0008303064715398904,0.0008026352694049758,4.6686430588949324e-06,2.7824022333415258e-05,1.6147263038914905e-05
629,single,ttggatctttacttatggtacattattgtgaat,2.0,ctt,1.0,LDLYLWYIIVN,,False,False,3.0,1.0,1.0,1.0,1.0,3.0,36.0,39.0,True,False,True,True,False,False,1.0,both,0.00010271832637606891,0.00011636719519254295,4.6686430588949324e-06,4.63733705556921e-06,2.4220894558372356e-05
630,single,ttggatgagtacttatggtacattattgtgaat,2.0,gag,1.0,LDEYLWYIIVN,,False,False,3.0,1.0,1.0,16.0,34.0,16.0,3001.0,2728.0,True,False,True,True,False,False,1.0,both,0.008562713818182856,0.008139736115006594,7.469828894231892e-05,0.00015766945988935315,0.00012917810431131924
631,single,ttggatgattacttatggtacattattgtgaat,2.0,gat,1.0,LDDYLWYIIVN,,False,False,3.0,1.0,1.0,1.0,1.0,1.0,7.0,2.0,True,False,True,True,False,False,2.0,both,1.9973007906457844e-05,5.967548471412459e-06,4.6686430588949324e-06,4.63733705556921e-06,8.073631519457453e-06
632,single,ttggatgcttacttatggtacattattgtgaat,2.0,gct,1.0,LDAYLWYIIVN,,False,False,2.0,1.0,1.0,1.0,1.0,1.0,8.0,3.0,True,False,True,True,False,False,2.0,both,2.2826294750237538e-05,8.951322707118688e-06,4.6686430588949324e-06,4.63733705556921e-06,8.073631519457453e-06
633,single,ttggatgggtacttatggtacattattgtgaat,2.0,ggg,1.0,LDGYLWYIIVN,,False,False,3.0,1.0,1.0,7.0,23.0,14.0,2935.0,2715.0,True,False,True,True,False,False,1.0,both,0.008374396886493395,0.008100947049942414,3.2680501412264525e-05,0.00010665875227809182,0.00011303084127240433
634,single,ttggatggttacttatggtacattattgtgaat,2.0,ggt,1.0,LDGYLWYIIVN,,False,False,3.0,1.0,1.0,3.0,15.0,9.0,1235.0,1075.0,True,False,True,True,False,False,1.0,both,0.0035238092520679196,0.003207557303384197,1.4005929176684796e-05,6.956005583353816e-05,7.266268367511706e-05
635,single,ttggatgtgtacttatggtacattattgtgaat,2.0,gtg,1.0,LDVYLWYIIVN,,False,False,3.0,1.0,1.0,1.0,2.0,1.0,2.0,7.0,True,False,True,True,False,False,2.0,both,5.7065736875593844e-06,2.0886419649943606e-05,4.6686430588949324e-06,9.27467411113842e-06,8.073631519457453e-06
636,single,ttggatgtttacttatggtacattattgtgaat,2.0,gtt,1.0,LDVYLWYIIVN,,False,False,3.0,1.0,1.0,17.0,10.0,2.0,1808.0,1599.0,True,False,True,True,False,False,1.0,both,0.005158742613553684,0.004771055002894261,7.936693200121385e-05,4.63733705556921e-05,1.6147263038914905e-05
637,single,ttggattagtacttatggtacattattgtgaat,2.0,tag,1.0,LD*YLWYIIVN,,True,False,3.0,1.0,1.0,1.0,4.0,1.0,199.0,180.0,True,False,True,True,False,False,1.0,both,0.0005678040819121587,0.0005370793624271213,4.6686430588949324e-06,1.854934822227684e-05,8.073631519457453e-06
638,single,ttggattattacttatggtacattattgtgaat,2.0,tat,1.0,LDYYLWYIIVN,,False,False,3.0,1.0,1.0,26.0,16.0,10.0,820.0,796.0,True,False,True,True,False,False,1.0,both,0.0023396952118993476,0.0023750842916221587,0.00012138471953126824,7.419739288910736e-05,8.073631519457452e-05
639,single,ttggattcgtacttatggtacattattgtgaat,2.0,tcg,1.0,LDSYLWYIIVN,,False,False,2.0,1.0,1.0,4.0,7.0,2.0,1644.0,1555.0,True,False,True,True,False,False,1.0,both,0.0046908035711738134,0.004639768936523187,1.867457223557973e-05,3.246135938898447e-05,1.6147263038914905e-05
640,ortho,ttggattcttatttgtggtatatgttggtttgt,2.0,tct,1.0,LDSYLWYMLVC,,False,False,11.0,4.0,8.0,930.0,1093.0,706.0,902.0,928.0,True,False,True,True,False,False,1.0,both,0.0025736647330892822,0.002768942490735381,0.004341838044772287,0.005068609401737146,0.005699983852736961
641,ortho,ttggattcttatttgtggtatatgttggtttgt,3.0,tat,2.0,LDSYLWYMLVC,,False,False,11.0,4.0,8.0,930.0,1093.0,706.0,902.0,928.0,True,False,True,True,False,False,1.0,both,0.0025736647330892822,0.002768942490735381,0.004341838044772287,0.005068609401737146,0.005699983852736961
642,ortho,ttggattcttatttgtggtatatgttggtttgt,4.0,ttg,3.0,LDSYLWYMLVC,,False,False,11.0,4.0,8.0,930.0,1093.0,706.0,902.0,928.0,True,False,True,True,False,False,1.0,both,0.0025736647330892822,0.002768942490735381,0.004341838044772287,0.005068609401737146,0.005699983852736961
643,ortho,ttggattcttatttgtggtatatgttggtttgt,6.0,tat,4.0,LDSYLWYMLVC,,False,False,11.0,4.0,8.0,930.0,1093.0,706.0,902.0,928.0,True,False,True,True,False,False,1.0,both,0.0025736647330892822,0.002768942490735381,0.004341838044772287,0.005068609401737146,0.005699983852736961
644,ortho,ttggattcttatttgtggtatatgttggtttgt,7.0,atg,5.0,LDSYLWYMLVC,,False,False,11.0,4.0,8.0,930.0,1093.0,706.0,902.0,928.0,True,False,True,True,False,False,1.0,both,0.0025736647330892822,0.002768942490735381,0.004341838044772287,0.005068609401737146,0.005699983852736961
645,ortho,ttggattcttatttgtggtatatgttggtttgt,8.0,ttg,6.0,LDSYLWYMLVC,,False,False,11.0,4.0,8.0,930.0,1093.0,706.0,902.0,928.0,True,False,True,True,False,False,1.0,both,0.0025736647330892822,0.002768942490735381,0.004341838044772287,0.005068609401737146,0.005699983852736961
646,ortho,ttggattcttatttgtggtatatgttggtttgt,9.0,gtt,7.0,LDSYLWYMLVC,,False,False,11.0,4.0,8.0,930.0,1093.0,706.0,902.0,928.0,True,False,True,True,False,False,1.0,both,0.0025736647330892822,0.002768942490735381,0.004341838044772287,0.005068609401737146,0.005699983852736961
647,ortho,ttggattcttatttgtggtatatgttggtttgt,10.0,tgt,8.0,LDSYLWYMLVC,,False,False,11.0,4.0,8.0,930.0,1093.0,706.0,902.0,928.0,True,False,True,True,False,False,1.0,both,0.0025736647330892822,0.002768942490735381,0.004341838044772287,0.005068609401737146,0.005699983852736961
648,ortho,ttggattcttatttgtggtatattattgctaat,2.0,tct,1.0,LDSYLWYIIAN,,False,False,7.0,2.0,5.0,12.0,16.0,8.0,1638.0,1667.0,True,False,True,True,False,False,1.0,both,0.004673683850111136,0.004973951650922285,5.6023716706739186e-05,7.419739288910736e-05,6.458905215565962e-05
649,ortho,ttggattcttatttgtggtatattattgctaat,3.0,tat,2.0,LDSYLWYIIAN,,False,False,7.0,2.0,5.0,12.0,16.0,8.0,1638.0,1667.0,True,False,True,True,False,False,1.0,both,0.004673683850111136,0.004973951650922285,5.6023716706739186e-05,7.419739288910736e-05,6.458905215565962e-05
650,ortho,ttggattcttatttgtggtatattattgctaat,4.0,ttg,3.0,LDSYLWYIIAN,,False,False,7.0,2.0,5.0,12.0,16.0,8.0,1638.0,1667.0,True,False,True,True,False,False,1.0,both,0.004673683850111136,0.004973951650922285,5.6023716706739186e-05,7.419739288910736e-05,6.458905215565962e-05
651,ortho,ttggattcttatttgtggtatattattgctaat,6.0,tat,4.0,LDSYLWYIIAN,,False,False,7.0,2.0,5.0,12.0,16.0,8.0,1638.0,1667.0,True,False,True,True,False,False,1.0,both,0.004673683850111136,0.004973951650922285,5.6023716706739186e-05,7.419739288910736e-05,6.458905215565962e-05
652,ortho,ttggattcttatttgtggtatattattgctaat,9.0,gct,5.0,LDSYLWYIIAN,,False,False,7.0,2.0,5.0,12.0,16.0,8.0,1638.0,1667.0,True,False,True,True,False,False,1.0,both,0.004673683850111136,0.004973951650922285,5.6023716706739186e-05,7.419739288910736e-05,6.458905215565962e-05
653,ortho,ttggattcttatttgtggtatattatttgtaat,2.0,tct,1.0,LDSYLWYIICN,,False,False,8.0,2.0,5.0,6.0,8.0,6.0,679.0,900.0,True,False,True,True,False,False,1.0,both,0.0019373817669264108,0.0026853968121356066,2.8011858353369593e-05,3.709869644455368e-05,4.844178911674471e-05
654,ortho,ttggattcttatttgtggtatattatttgtaat,3.0,tat,2.0,LDSYLWYIICN,,False,False,8.0,2.0,5.0,6.0,8.0,6.0,679.0,900.0,True,False,True,True,False,False,1.0,both,0.0019373817669264108,0.0026853968121356066,2.8011858353369593e-05,3.709869644455368e-05,4.844178911674471e-05
655,ortho,ttggattcttatttgtggtatattatttgtaat,4.0,ttg,3.0,LDSYLWYIICN,,False,False,8.0,2.0,5.0,6.0,8.0,6.0,679.0,900.0,True,False,True,True,False,False,1.0,both,0.0019373817669264108,0.0026853968121356066,2.8011858353369593e-05,3.709869644455368e-05,4.844178911674471e-05
656,ortho,ttggattcttatttgtggtatattatttgtaat,6.0,tat,4.0,LDSYLWYIICN,,False,False,8.0,2.0,5.0,6.0,8.0,6.0,679.0,900.0,True,False,True,True,False,False,1.0,both,0.0019373817669264108,0.0026853968121356066,2.8011858353369593e-05,3.709869644455368e-05,4.844178911674471e-05
657,ortho,ttggattcttatttgtggtatattatttgtaat,9.0,tgt,5.0,LDSYLWYIICN,,False,False,8.0,2.0,5.0,6.0,8.0,6.0,679.0,900.0,True,False,True,True,False,False,1.0,both,0.0019373817669264108,0.0026853968121356066,2.8011858353369593e-05,3.709869644455368e-05,4.844178911674471e-05
658,ortho,ttggattcttatttgtggtatattattttgaat,2.0,tct,1.0,LDSYLWYIILN,,False,False,6.0,2.0,5.0,5.0,13.0,11.0,794.0,843.0,True,False,True,True,False,False,1.0,both,0.0022655097539610756,0.0025153216807003516,2.334321529447466e-05,6.028538172239973e-05,8.880994671403197e-05
659,ortho,ttggattcttatttgtggtatattattttgaat,3.0,tat,2.0,LDSYLWYIILN,,False,False,6.0,2.0,5.0,5.0,13.0,11.0,794.0,843.0,True,False,True,True,False,False,1.0,both,0.0022655097539610756,0.0025153216807003516,2.334321529447466e-05,6.028538172239973e-05,8.880994671403197e-05
660,ortho,ttggattcttatttgtggtatattattttgaat,4.0,ttg,3.0,LDSYLWYIILN,,False,False,6.0,2.0,5.0,5.0,13.0,11.0,794.0,843.0,True,False,True,True,False,False,1.0,both,0.0022655097539610756,0.0025153216807003516,2.334321529447466e-05,6.028538172239973e-05,8.880994671403197e-05
661,ortho,ttggattcttatttgtggtatattattttgaat,6.0,tat,4.0,LDSYLWYIILN,,False,False,6.0,2.0,5.0,5.0,13.0,11.0,794.0,843.0,True,False,True,True,False,False,1.0,both,0.0022655097539610756,0.0025153216807003516,2.334321529447466e-05,6.028538172239973e-05,8.880994671403197e-05
662,ortho,ttggattcttatttgtggtatattattttgaat,9.0,ttg,5.0,LDSYLWYIILN,,False,False,6.0,2.0,5.0,5.0,13.0,11.0,794.0,843.0,True,False,True,True,False,False,1.0,both,0.0022655097539610756,0.0025153216807003516,2.334321529447466e-05,6.028538172239973e-05,8.880994671403197e-05
663,ortho,ttggattcttatttgtggtatgttatttgtaat,2.0,tct,1.0,LDSYLWYVICN,,False,False,9.0,3.0,6.0,7.0,21.0,4.0,826.0,921.0,True,False,True,True,False,False,1.0,both,0.002356814932962026,0.0027480560710854375,3.2680501412264525e-05,9.738407816695341e-05,3.229452607782981e-05
664,ortho,ttggattcttatttgtggtatgttatttgtaat,3.0,tat,2.0,LDSYLWYVICN,,False,False,9.0,3.0,6.0,7.0,21.0,4.0,826.0,921.0,True,False,True,True,False,False,1.0,both,0.002356814932962026,0.0027480560710854375,3.2680501412264525e-05,9.738407816695341e-05,3.229452607782981e-05
665,ortho,ttggattcttatttgtggtatgttatttgtaat,4.0,ttg,3.0,LDSYLWYVICN,,False,False,9.0,3.0,6.0,7.0,21.0,4.0,826.0,921.0,True,False,True,True,False,False,1.0,both,0.002356814932962026,0.0027480560710854375,3.2680501412264525e-05,9.738407816695341e-05,3.229452607782981e-05
666,ortho,ttggattcttatttgtggtatgttatttgtaat,6.0,tat,4.0,LDSYLWYVICN,,False,False,9.0,3.0,6.0,7.0,21.0,4.0,826.0,921.0,True,False,True,True,False,False,1.0,both,0.002356814932962026,0.0027480560710854375,3.2680501412264525e-05,9.738407816695341e-05,3.229452607782981e-05
667,ortho,ttggattcttatttgtggtatgttatttgtaat,7.0,gtt,5.0,LDSYLWYVICN,,False,False,9.0,3.0,6.0,7.0,21.0,4.0,826.0,921.0,True,False,True,True,False,False,1.0,both,0.002356814932962026,0.0027480560710854375,3.2680501412264525e-05,9.738407816695341e-05,3.229452607782981e-05
668,ortho,ttggattcttatttgtggtatgttatttgtaat,9.0,tgt,6.0,LDSYLWYVICN,,False,False,9.0,3.0,6.0,7.0,21.0,4.0,826.0,921.0,True,False,True,True,False,False,1.0,both,0.002356814932962026,0.0027480560710854375,3.2680501412264525e-05,9.738407816695341e-05,3.229452607782981e-05
669,ortho,ttggattcttatttgtggtatgttatttttaat,2.0,tct,1.0,LDSYLWYVIFN,,False,False,8.0,3.0,6.0,8.0,7.0,6.0,403.0,420.0,True,False,True,True,False,False,1.0,both,0.0011498745980432158,0.0012531851789966163,3.734914447115946e-05,3.246135938898447e-05,4.844178911674471e-05
670,ortho,ttggattcttatttgtggtatgttatttttaat,3.0,tat,2.0,LDSYLWYVIFN,,False,False,8.0,3.0,6.0,8.0,7.0,6.0,403.0,420.0,True,False,True,True,False,False,1.0,both,0.0011498745980432158,0.0012531851789966163,3.734914447115946e-05,3.246135938898447e-05,4.844178911674471e-05
671,ortho,ttggattcttatttgtggtatgttatttttaat,4.0,ttg,3.0,LDSYLWYVIFN,,False,False,8.0,3.0,6.0,8.0,7.0,6.0,403.0,420.0,True,False,True,True,False,False,1.0,both,0.0011498745980432158,0.0012531851789966163,3.734914447115946e-05,3.246135938898447e-05,4.844178911674471e-05
672,ortho,ttggattcttatttgtggtatgttatttttaat,6.0,tat,4.0,LDSYLWYVIFN,,False,False,8.0,3.0,6.0,8.0,7.0,6.0,403.0,420.0,True,False,True,True,False,False,1.0,both,0.0011498745980432158,0.0012531851789966163,3.734914447115946e-05,3.246135938898447e-05,4.844178911674471e-05
673,ortho,ttggattcttatttgtggtatgttatttttaat,7.0,gtt,5.0,LDSYLWYVIFN,,False,False,8.0,3.0,6.0,8.0,7.0,6.0,403.0,420.0,True,False,True,True,False,False,1.0,both,0.0011498745980432158,0.0012531851789966163,3.734914447115946e-05,3.246135938898447e-05,4.844178911674471e-05
674,ortho,ttggattcttatttgtggtatgttatttttaat,9.0,ttt,6.0,LDSYLWYVIFN,,False,False,8.0,3.0,6.0,8.0,7.0,6.0,403.0,420.0,True,False,True,True,False,False,1.0,both,0.0011498745980432158,0.0012531851789966163,3.734914447115946e-05,3.246135938898447e-05,4.844178911674471e-05
675,single,ttggattggtacttatggtacattattgtgaat,2.0,tgg,1.0,LDWYLWYIIVN,,False,False,3.0,1.0,1.0,1.0,1.0,1.0,1.0,6.0,True,False,True,True,False,False,2.0,both,2.8532868437796922e-06,1.7902645414237377e-05,4.6686430588949324e-06,4.63733705556921e-06,8.073631519457453e-06
676,single,ttggattgttacttatggtacattattgtgaat,2.0,tgt,1.0,LDCYLWYIIVN,,False,False,3.0,1.0,1.0,12.0,1.0,2.0,331.0,358.0,True,False,True,True,False,False,1.0,both,0.0009444379452910781,0.0010681911763828302,5.6023716706739186e-05,4.63733705556921e-06,1.6147263038914905e-05
677,single,ttggatttgtacttatggtacattattgtgaat,2.0,ttg,1.0,LDLYLWYIIVN,,False,False,3.0,1.0,1.0,3.0,1.0,2.0,198.0,224.0,True,False,True,True,False,False,1.0,both,0.000564950795068379,0.0006683654287981954,1.4005929176684796e-05,4.63733705556921e-06,1.6147263038914905e-05
678,single,ttggatttttacttatggtacattattgtgaat,2.0,ttt,1.0,LDFYLWYIIVN,,False,False,3.0,1.0,1.0,14.0,9.0,2.0,1542.0,1534.0,True,False,True,True,False,False,1.0,both,0.004399768313108285,0.004577109677573356,6.536100282452905e-05,4.173603350012289e-05,1.6147263038914905e-05
679,single,ttggcgacctacttatggtacattattgtgaat,1.0,gcg,1.0,LATYLWYIIVN,,False,False,2.0,1.0,1.0,3.0,7.0,1.0,1027.0,1012.0,True,False,True,True,False,False,1.0,both,0.0029303255885617437,0.0030195795265347044,1.4005929176684796e-05,3.246135938898447e-05,8.073631519457453e-06
680,single,ttggctacctacttatggtacattattgtgaat,1.0,gct,1.0,LATYLWYIIVN,,False,False,1.0,1.0,1.0,3.0,4.0,3.0,356.0,348.0,True,False,True,True,False,False,1.0,both,0.0010157701163855703,0.001038353434025768,1.4005929176684796e-05,1.854934822227684e-05,2.4220894558372356e-05
681,single,ttggggacctacttatggtacattattgtgaat,1.0,ggg,1.0,LGTYLWYIIVN,,False,False,2.0,1.0,1.0,4.0,4.0,3.0,440.0,398.0,True,False,True,True,False,False,1.0,both,0.0012554462112630645,0.0011875421458110793,1.867457223557973e-05,1.854934822227684e-05,2.4220894558372356e-05
682,single,ttgggtacctacttatggtacattattgtgaat,1.0,ggt,1.0,LGTYLWYIIVN,,False,False,1.0,1.0,1.0,7.0,10.0,5.0,1476.0,1427.0,True,False,True,True,False,False,1.0,both,0.004211451381418825,0.00425784583435279,3.2680501412264525e-05,4.63733705556921e-05,4.036815759728726e-05
683,single,ttggtgacctacttatggtacattattgtgaat,1.0,gtg,1.0,LVTYLWYIIVN,,False,False,2.0,1.0,1.0,3671.0,3418.0,1817.0,832.0,803.0,True,False,True,True,False,False,1.0,both,0.0023739346540247036,0.0023959707112721023,0.017138588669203297,0.01585041805593556,0.01466978847085419
684,single,ttggttacctacttatggtacattattgtgaat,1.0,gtt,1.0,LVTYLWYIIVN,,False,False,1.0,1.0,1.0,69.0,51.0,34.0,190.0,174.0,True,False,True,True,False,False,1.0,both,0.0005421245003181415,0.000519176717012884,0.0003221363710637503,0.00023650418983402972,0.00027450347166155334
685,single,ttgtagacctacttatggtacattattgtgaat,1.0,tag,1.0,L*TYLWYIIVN,,True,False,2.0,1.0,1.0,12.0,3.0,2.0,214.0,191.0,True,False,True,True,False,False,1.0,both,0.0006106033845688541,0.0005699008790198899,5.6023716706739186e-05,1.3912011166707629e-05,1.6147263038914905e-05
686,single,ttgtatacctacttatggtacattattgtgaat,1.0,tat,1.0,LYTYLWYIIVN,,False,False,1.0,1.0,1.0,1.0,8.0,6.0,528.0,450.0,True,False,True,True,False,False,1.0,both,0.0015065354535156773,0.0013426984060678033,4.6686430588949324e-06,3.709869644455368e-05,4.844178911674471e-05
687,single,ttgtcgacctacttatggtacattattgtgaat,1.0,tcg,1.0,LSTYLWYIIVN,,False,False,3.0,1.0,1.0,769.0,754.0,480.0,751.0,645.0,True,False,True,True,False,False,1.0,both,0.0021428184196785488,0.001924534382030518,0.003590186512290203,0.0034965521398991842,0.003875343129339577
688,single,ttgtctacctacttatggtacattattgtgaat,1.0,tct,1.0,LSTYLWYIIVN,,False,False,2.0,1.0,1.0,1143.0,1015.0,677.0,980.0,934.0,True,False,True,True,False,False,1.0,both,0.002796221106904098,0.0027868451361496185,0.005336259016316907,0.004706897111402748,0.005465848538672695
689,single,ttgtggacctacttatggtacattattgtgaat,1.0,tgg,1.0,LWTYLWYIIVN,,False,False,3.0,1.0,1.0,4.0,1.0,6.0,343.0,410.0,True,False,True,True,False,False,1.0,both,0.0009786773874164343,0.001223347436639554,1.867457223557973e-05,4.63733705556921e-06,4.844178911674471e-05
690,single,ttgtgtacctacttatggtacattattgtgaat,1.0,tgt,1.0,LCTYLWYIIVN,,False,False,2.0,1.0,1.0,17.0,26.0,12.0,3116.0,2999.0,True,False,True,True,False,False,1.0,both,0.008890841805217521,0.008948338932882983,7.936693200121385e-05,0.00012057076344479946,9.688357823348942e-05
691,single,ttgttgacctacttatggtacattattgtgaat,1.0,ttg,1.0,LLTYLWYIIVN,,False,False,3.0,1.0,1.0,3.0,1.0,1.0,3.0,5.0,True,False,True,True,False,False,2.0,both,8.559860531339077e-06,1.4918871178531148e-05,1.4005929176684796e-05,4.63733705556921e-06,8.073631519457453e-06
692,single,ttgtttacctacttatggtacattattgtgaat,1.0,ttt,1.0,LFTYLWYIIVN,,False,False,2.0,1.0,1.0,26.0,9.0,13.0,2193.0,2064.0,True,False,True,True,False,False,1.0,both,0.0062572580484088645,0.006158510022497658,0.00012138471953126824,4.173603350012289e-05,0.00010495720975294688
693,single,tttgatacctacttatggtacattattgtgaat,0.0,ttt,1.0,FDTYLWYIIVN,,False,False,1.0,1.0,1.0,14466.0,13339.0,7550.0,1704.0,1604.0,True,False,True,True,False,False,1.0,both,0.004862000781800596,0.004785973874072792,0.06753659048997408,0.06185743898423769,0.060955917971903764
