,rep_compared,Pearson,replicate1,replicate2
0,"('1', '2')",0.9574601496345007,1,2
1,"('1', '3')",0.9542043453186976,1,3
2,"('2', '3')",0.9667904437125846,2,3
