,total_readcount,WT,WT_%,single_mut_readcount,single_mut_readcount_%,ortho_mut_readcount,ortho_mut_readcount_%,double_mut_readcount,double_mut_readcount_%
input1,144502.0,1445.0,1.0,127623.0,88.3,15434.0,10.7,0.0,0.0
input2,193167.0,1990.0,1.0,167871.0,86.9,23306.0,12.1,0.0,0.0
input3,148350.0,1557.0,1.0,130205.0,87.8,16588.0,11.200000000000001,0.0,0.0
b1,134047.0,112.0,0.1,104771.0,78.2,29164.0,21.8,0.0,0.0
b2,192506.0,147.0,0.1,150612.0,78.2,41747.0,21.7,0.0,0.0
b3,161883.0,85.0,0.1,130070.0,80.30000000000001,31728.0,19.6,0.0,0.0
