,Filtered_sequenced_variants,Filtered_sequenced_variants_rc,Usable_variants,Covered_variants_%,Usable_variants_rc,Usable_variants_%rc,Unsequenced_variants,Unexpected_variants,Unexpected_variants_rc
input1,298,196599,208,60.099999999999994,186592.0,94.89999999999999,130,90,10007.0
input2,600,161533,210,60.699999999999996,151354.0,93.7,130,390,10179.0
input3,438,8242,196,56.599999999999994,7323.0,88.8,130,242,919.0
b1,312,82701,200,57.8,78247.0,94.6,130,112,4454.0
b2,373,235814,206,59.5,222932.0,94.5,130,167,12882.0
b3,500,192495,208,60.099999999999994,181604.0,94.3,130,292,10891.0
