,rep_compared,Pearson,replicate1,replicate2
0,"('1', '2')",0.19863168913026993,1,2
1,"('1', '3')",-0.24632009533521543,1,3
2,"('2', '3')",0.5435885463090865,2,3
