,total_readcount,WT,WT_%,single_mut_readcount,single_mut_readcount_%,ortho_mut_readcount,ortho_mut_readcount_%,double_mut_readcount,double_mut_readcount_%
input1,186592.0,3697.0,2.0,130609.0,70.0,52286.0,28.000000000000004,0.0,0.0
input2,151354.0,3058.0,2.0,110294.0,72.89999999999999,38002.0,25.1,0.0,0.0
input3,7323.0,141.0,1.9,5200.0,71.0,1982.0,27.1,0.0,0.0
b1,78247.0,1823.0,2.3,57886.0,74.0,18538.0,23.7,0.0,0.0
b2,222932.0,5019.0,2.3,165201.0,74.1,52712.0,23.599999999999998,0.0,0.0
b3,181604.0,3850.0,2.1,127948.0,70.5,49806.0,27.400000000000002,0.0,0.0
