,Filtered_sequenced_variants,Filtered_sequenced_variants_rc,Usable_variants,Covered_variants_%,Usable_variants_rc,Usable_variants_%rc,Unsequenced_variants,Unexpected_variants,Unexpected_variants_rc
input1,802,181264,242,76.8,177367.0,97.89999999999999,72,560,3897.0
input2,1106,146737,241,76.5,132318.0,90.2,72,865,14419.0
input3,1065,135458,239,75.9,128717.0,95.0,72,826,6741.0
b1,342,127877,220,69.8,127484.0,99.7,72,122,393.0
b2,316,126471,216,68.60000000000001,126106.0,99.7,72,100,365.0
b3,744,300844,228,72.39999999999999,278884.0,92.7,72,516,21960.0
