,rep_compared,Pearson,replicate1,replicate2
0,"('1', '2')",0.9120204293347889,1,2
1,"('1', '3')",0.9151833738509596,1,3
2,"('2', '3')",0.8960893177719425,2,3
