,Total_reads,Reads_no_indels,Reads_no_indels_%,No_indels_acceptable_RC,Acceptable_RC_over_no_indels_%
input1,183699,182184,99.2,179070,98.3
input2,149172,147788,99.1,133827,90.60000000000001
input3,137538,136260,99.1,129999,95.39999999999999
b1,128819,128451,99.7,127527,99.3
b2,127398,127064,99.7,126170,99.3
b3,304480,303046,99.5,280164,92.4
