,total_readcount,WT,WT_%,single_mut_readcount,single_mut_readcount_%,ortho_mut_readcount,ortho_mut_readcount_%,double_mut_readcount,double_mut_readcount_%
input1,177367.0,4158.0,2.3,137696.0,77.60000000000001,35513.0,20.0,0.0,0.0
input2,132318.0,3244.0,2.5,105579.0,79.80000000000001,23495.0,17.8,0.0,0.0
input3,128717.0,3047.0,2.4,99987.0,77.7,25683.0,20.0,0.0,0.0
b1,127484.0,821.0,0.6,121407.0,95.19999999999999,5256.0,4.1000000000000005,0.0,0.0
b2,126106.0,1866.0,1.5,119764.0,95.0,4476.0,3.5000000000000004,0.0,0.0
b3,278884.0,796.0,0.3,265054.0,95.0,13034.0,4.7,0.0,0.0
