,rep_compared,Pearson,replicate1,replicate2
0,"('1', '2')",0.341012622438476,1,2
1,"('1', '3')",0.3344039521969833,1,3
2,"('2', '3')",0.6765055030469761,2,3
