,total_readcount,WT,WT_%,single_mut_readcount,single_mut_readcount_%,ortho_mut_readcount,ortho_mut_readcount_%,double_mut_readcount,double_mut_readcount_%
input1,144502.0,1445.0,1.0,127623.0,88.3,15434.0,10.7,0.0,0.0
input2,193167.0,1990.0,1.0,167871.0,86.9,23306.0,12.1,0.0,0.0
input3,148350.0,1557.0,1.0,130205.0,87.8,16588.0,11.200000000000001,0.0,0.0
b1,275387.0,3130.0,1.0999999999999999,243568.0,88.4,28689.0,10.4,0.0,0.0
b2,232211.0,2614.0,1.0999999999999999,204654.0,88.1,24943.0,10.7,0.0,0.0
b3,212704.0,2345.0,1.0999999999999999,190597.0,89.60000000000001,19762.0,9.3,0.0,0.0
