,rep_compared,Pearson,replicate1,replicate2
0,"('1', '2')",0.6187042537195988,1,2
1,"('1', '3')",0.6811962335762568,1,3
2,"('2', '3')",0.6858058732302356,2,3
