,Total_reads,Reads_no_indels,Reads_no_indels_%,No_indels_acceptable_RC,Acceptable_RC_over_no_indels_%
input1,315256,306948,97.39999999999999,303319,98.8
input2,243577,240043,98.5,237105,98.8
input3,217395,211576,97.3,208930,98.7
b1,135061,131488,97.39999999999999,129578,98.5
b2,142478,138614,97.3,137434,99.1
b3,153926,149658,97.2,148430,99.2
