,total_readcount,WT,WT_%,single_mut_readcount,single_mut_readcount_%,ortho_mut_readcount,ortho_mut_readcount_%,double_mut_readcount,double_mut_readcount_%
input1,292417.0,5748.0,2.0,215424.0,73.7,71245.0,24.4,0.0,0.0
input2,230582.0,127590.0,55.300000000000004,81097.0,35.199999999999996,21895.0,9.5,0.0,0.0
input3,201041.0,4194.0,2.1,153091.0,76.1,43756.0,21.8,0.0,0.0
b1,126303.0,2648.0,2.1,92439.0,73.2,31216.0,24.7,0.0,0.0
b2,133651.0,2836.0,2.1,103095.0,77.10000000000001,27720.0,20.7,0.0,0.0
b3,144612.0,3155.0,2.1999999999999997,110415.0,76.4,31042.0,21.5,0.0,0.0
