,rep_compared,Pearson,replicate1,replicate2
0,"('1', '2')",0.8077613316102719,1,2
1,"('1', '3')",0.7873372356942617,1,3
2,"('2', '3')",0.8805193161419527,2,3
