,rep_compared,Pearson,replicate1,replicate2
0,"('1', '2')",0.9541076004184703,1,2
1,"('1', '3')",0.9038887851126752,1,3
2,"('2', '3')",0.9064893525927602,2,3
