,total_readcount,WT,WT_%,single_mut_readcount,single_mut_readcount_%,ortho_mut_readcount,ortho_mut_readcount_%,double_mut_readcount,double_mut_readcount_%
input1,186592.0,3697.0,2.0,130609.0,70.0,52286.0,28.000000000000004,0.0,0.0
input2,151354.0,3058.0,2.0,110294.0,72.89999999999999,38002.0,25.1,0.0,0.0
input3,7323.0,141.0,1.9,5200.0,71.0,1982.0,27.1,0.0,0.0
b1,217247.0,57.0,0.0,170543.0,78.5,46647.0,21.5,0.0,0.0
b2,175501.0,81.0,0.0,149501.0,85.2,25919.0,14.799999999999999,0.0,0.0
b3,184883.0,61.0,0.0,153710.0,83.1,31112.0,16.8,0.0,0.0
