,Total_reads,Reads_no_indels,Reads_no_indels_%,No_indels_acceptable_RC,Acceptable_RC_over_no_indels_%
input1,197963,197414,99.7,188919,95.7
input2,162929,162379,99.7,153285,94.39999999999999
input3,8500,8439,99.3,7472,88.5
b1,241358,241103,99.9,222896,92.4
b2,194959,194697,99.9,180015,92.5
b3,206958,206734,99.9,191413,92.60000000000001
