,seq_type,nt_seq,aa_pos,alt_codons,mutated_codon,combination,aa_seq,WT,STOP,STOP_readthrough,Nham_nt,Nham_aa,Nmut_codons,b1,b2,b3,input1,input2,barcode_valid,indel,constant_region,permitted,too_many_substitutions,mixed_substitutions,confidence_score,Location,input1_abundance,input2_abundance,b1_abundance,b2_abundance,b3_abundance,input1_log10,input2_log10,b1_log10,b2_log10,b3_log10,alt_aa,mutation_type,Log2FC_1,Log2FC_2,selcoeff_1,selcoeff_2,median_s
0,single,aagttagttttatctttgagagatcca,0.0,aag,1.0,,KLVLSLRDP,,False,False,3.0,1.0,1.0,745.0,984.0,570.0,384.0,344.0,True,False,True,True,False,False,1.0,both,0.0019141140991451287,0.0019963902478657776,0.004613003095975232,0.005777665564760937,0.005131021073193565,-2.718032177764928,-2.6997545602787785,-2.336016253918829,-2.2382476005296277,-2.289796201685896,K,non-synonymous,0.22996845793335285,0.2735806396245943,1.3772399671207967,1.3147190329923935,1.345979500056595
1,single,aatttagttttatctttgagagatcca,0.0,aat,1.0,,NLVLSLRDP,,False,False,2.0,1.0,1.0,41.0,8.0,22.0,36.0,42.0,True,False,True,True,False,False,1.0,both,0.00017944819679485582,0.00024374532096035656,0.00025386996904024767,4.6972890770414126e-05,0.00019803940984255866,-3.7460609013651713,-3.613063712452408,-3.5953886699473863,-4.328152711969025,-3.703248376536181,N,non-synonymous,0.09070266067360212,-0.42390369580255827,1.2379741698610458,0.6172346975652409,0.9276044337131433
2,single,acgttagttttatctttgagagatcca,0.0,acg,1.0,,TLVLSLRDP,,False,False,3.0,1.0,1.0,18.0,16.0,26.0,52.0,26.0,True,False,True,True,False,False,1.0,both,0.00025920295092590284,0.00015088996059450644,0.00011145510835913313,9.394578154082825e-05,0.00023404657526847843,-3.5863600584976596,-3.8213396548794907,-3.9529000215638157,-4.027122716305044,-3.6306977093875696,T,non-synonymous,-0.2206521372947547,-0.12198789287882203,0.926619371892689,0.9191505004889771,0.922884936190833
3,single,actttagttttatctttgagagatcca,0.0,act,1.0,,TLVLSLRDP,,False,False,2.0,1.0,1.0,1334.0,1443.0,977.0,691.0,552.0,True,False,True,True,False,False,1.0,both,0.0034444084440345937,0.003203509932621829,0.008260061919504643,0.008472735172713448,0.008794750155280901,-2.4628853547582605,-2.4943739251211094,-2.0830166970865918,-2.071976367867475,-2.0557764936396143,T,non-synonymous,0.22867583252147308,0.250396643968549,1.3759473417089167,1.2915350373363481,1.3337411895226325
4,single,aggttagttttatctttgagagatcca,0.0,agg,1.0,,RLVLSLRDP,,False,False,3.0,1.0,1.0,140.0,173.0,90.0,50.0,53.0,True,False,True,True,False,False,1.0,both,0.00024923360665952195,0.0003075833812118785,0.0008668730650154799,0.0010157887629102054,0.0008101612220831946,-3.60339339779644,-3.5120371332495193,-3.0620444909888835,-2.993196595832174,-3.0914285479190626,R,non-synonymous,0.32588477477340455,0.30756789922942634,1.4731562839608483,1.3487062925972255,1.4109312882790368
5,single,agtttagttttatctttgagagatcca,0.0,agt,1.0,,SLVLSLRDP,,False,False,2.0,1.0,1.0,1.0,1.0,2.0,1.0,6.0,True,False,True,True,False,False,2.0,both,4.98467213319044e-06,3.482076013719379e-05,6.191950464396284e-06,5.871611346301766e-06,1.800358271295988e-05,-5.302363402132459,-4.458161752466665,-5.208172526667122,-5.231242698960969,-4.744641061694407,S,non-synonymous,0.05670164260189966,-0.4582812357552703,1.2039731517893433,0.5828571576125288,0.893415154700936
6,single,atgttagttttatctttgagagatcca,0.0,atg,1.0,,MLVLSLRDP,,False,False,2.0,1.0,1.0,11.0,9.0,8.0,630.0,561.0,True,False,True,True,False,False,1.0,both,0.003140343443909977,0.0032557410728276197,6.811145510835913e-05,5.284450211671589e-05,7.201433085183952e-05,-2.503022852678877,-2.4873501415941472,-4.166779841508896,-4.277000189521645,-4.142581070366444,M,non-synonymous,-1.001559372826613,-1.0609018877685334,0.1457121363608307,-0.019763494400734327,0.06297432098004818
7,single,attttagttttatctttgagagatcca,0.0,att,1.0,,ILVLSLRDP,,False,False,1.0,1.0,1.0,1251.0,1306.0,851.0,670.0,509.0,True,False,True,True,False,False,1.0,both,0.0033397303292375946,0.002953961151638607,0.0077461300309597525,0.007668324418270106,0.007660524444364428,-2.476288599431632,-2.5295952205135497,-2.1109152169737015,-2.115299522021914,-2.1157414972738,I,non-synonymous,0.2199498714289039,0.24559387413933434,1.3672213806163476,1.2867322675071335,1.3269768240617406
8,single,cagttagttttatctttgagagatcca,0.0,cag,1.0,,QLVLSLRDP,,False,False,3.0,1.0,1.0,1694.0,1743.0,1183.0,744.0,599.0,True,False,True,True,False,False,1.0,both,0.0037085960670936867,0.003476272553696514,0.010489164086687307,0.010234218576603978,0.010649119174715768,-2.43079046658658,-2.458886180460997,-1.9792591206724335,-1.989945311850976,-1.972686312730457,Q,non-synonymous,0.2718158088359696,0.2779874497454499,1.4190873180234134,1.319125843113249,1.3691065805683311
9,single,catttagttttatctttgagagatcca,0.0,cat,1.0,,HLVLSLRDP,,False,False,2.0,1.0,1.0,956.0,1170.0,738.0,434.0,452.0,True,False,True,True,False,False,1.0,both,0.0021633477058046508,0.002623163930335266,0.005919504643962848,0.0068697852751730655,0.006643322021082195,-2.6648736726199482,-2.5811745680389264,-2.2277146343910217,-2.163056837214808,-2.177614695535346,H,non-synonymous,0.2631638725448393,0.24785956922387864,1.410435381732283,1.2889979625916776,1.3497166721619802
10,single,ccgttagttttatctttgagagatcca,0.0,ccg,1.0,,PLVLSLRDP,,False,False,3.0,1.0,1.0,116.0,147.0,76.0,43.0,72.0,True,False,True,True,False,False,1.0,both,0.0002143409017271889,0.00041784912164632553,0.0007182662538699691,0.0008631268679063595,0.0006841361430924754,-3.6688949465528724,-3.37898050641904,-3.143714537440203,-3.063925364212793,-3.164857465077596,P,non-synonymous,0.31615155620869845,0.18676421991263625,1.4634230653961422,1.2279026132804354,1.3456628393382888
11,single,cctttagttttatctttgagagatcca,0.0,cct,1.0,,PLVLSLRDP,,False,False,2.0,1.0,1.0,1178.0,1165.0,839.0,625.0,552.0,True,False,True,True,False,False,1.0,both,0.0031154200832440248,0.003203509932621829,0.007294117647058823,0.006840427218441557,0.007552502948086669,-2.5064833847883836,-2.4943739251211094,-2.137027236216039,-2.1649167735989314,-2.1219090965296874,P,non-synonymous,0.22240764182229886,0.1953017096238932,1.3696791510097426,1.2364401029916923,1.3030596270007173
12,single,cggttagttttatctttgagagatcca,0.0,cgg,1.0,,RLVLSLRDP,,False,False,3.0,1.0,1.0,1265.0,1448.0,852.0,668.0,488.0,True,False,True,True,False,False,1.0,both,0.0033297609849712137,0.0028320884911584286,0.0078328173374613,0.008502093229444957,0.007669526235720908,-2.4775869396569132,-2.547893180847598,-2.106082001155285,-2.070474137099841,-2.1152314625916873,R,non-synonymous,0.22364098585655567,0.283013299362738,1.3709124950439993,1.324151692730537,1.3475320938872681
13,single,ctgttagttttatctttgagagatcca,0.0,ctg,1.0,,LLVLSLRDP,,False,False,2.0,1.0,1.0,292.0,316.0,182.0,290.0,257.0,True,False,True,True,False,False,1.0,both,0.0014455549186252275,0.0014914892258764676,0.0018080495356037152,0.001855429185431358,0.001638326026879349,-2.8399654042335025,-2.826379879519014,-2.7427896752187033,-2.7315556163425656,-2.7855996693733127,L,non-synonymous,0.05849848436968752,0.056211682237347654,1.2057699935571313,1.0973500756051469,1.1515600345811392
14,single,cttttagttttatctttgagagatcca,0.0,ctt,1.0,,LLVLSLRDP,,False,False,1.0,1.0,1.0,211.0,219.0,143.0,170.0,156.0,True,False,True,True,False,False,1.0,both,0.0008473942626423747,0.0009053397635670387,0.001306501547987616,0.0012858828848400867,0.0012872561639766314,-3.071914480754185,-3.043188404495847,-2.883890071369429,-2.890798584120851,-2.8903350198933255,L,non-synonymous,0.11318817039014713,0.09033645896289254,1.2604596795775909,1.1314748523306917,1.1959672659541414
15,single,gagttagttttatctttgagagatcca,0.0,gag,1.0,,ELVLSLRDP,,False,False,3.0,1.0,1.0,342.0,325.0,195.0,158.0,150.0,True,False,True,True,False,False,1.0,both,0.0007875781970440894,0.0008705190034298449,0.0021176470588235292,0.0019082736875480739,0.0017553493145135881,-3.103706315178036,-3.060221743794627,-2.674146420610987,-2.719359337982095,-2.7556364459958695,E,non-synonymous,0.25858929007209425,0.2020627274112138,1.405860799259538,1.243201120779013,1.3245309600192754
16,single,gatttagttttatctttgagagatcca,0.0,gat,1.0,,DLVLSLRDP,,False,False,2.0,1.0,1.0,679.0,643.0,430.0,358.0,317.0,True,False,True,True,False,False,1.0,both,0.0017845126236821773,0.0018396968272484055,0.004204334365325077,0.0037754460956720354,0.003870770283286374,-2.7484803754885845,-2.735253740632557,-2.37630275238662,-2.423031726036747,-2.4122026017788007,D,non-synonymous,0.22404593295576916,0.1850847460771328,1.3713174421432128,1.2262231394449319,1.2987702907940724
17,single,gcgttagttttatctttgagagatcca,0.0,gcg,1.0,,ALVLSLRDP,,False,False,3.0,1.0,1.0,1174.0,1187.0,733.0,501.0,380.0,True,False,True,True,False,False,1.0,both,0.00249732073872841,0.0022053148086889404,0.0072693498452012385,0.006969602668060196,0.006598313064299795,-2.602525676265213,-2.6565294062334983,-2.138504429755526,-2.156791980006378,-2.1805670827172596,A,non-synonymous,0.2793345613287439,0.29624360331613764,1.4266060705161876,1.3373819966839369,1.3819940336000622
18,ortho,gctatttgttctgatttgagagaagat,0.0,gct,1.0,,AICSDLRED,,False,False,14.0,7.0,7.0,458.0,576.0,340.0,400.0,363.0,True,False,True,True,False,False,1.0,both,0.0019938688532761756,0.0021066559883002245,0.0028359133126934985,0.003382048135469817,0.0030606090612031794,-2.7003034108044965,-2.676406377814196,-2.5473070486632525,-2.470820215537757,-2.5141921403161325,A,non-synonymous,0.09210175616974858,0.1218711713559533,1.2393732653571923,1.1630095647237524,1.2011914150404723
19,ortho,gctatttgttctgatttgagagaagat,1.0,att,2.0,,AICSDLRED,,False,False,14.0,7.0,7.0,458.0,576.0,340.0,400.0,363.0,True,False,True,True,False,False,1.0,both,0.0019938688532761756,0.0021066559883002245,0.0028359133126934985,0.003382048135469817,0.0030606090612031794,-2.7003034108044965,-2.676406377814196,-2.5473070486632525,-2.470820215537757,-2.5141921403161325,I,non-synonymous,0.09210175616974858,0.1218711713559533,1.2393732653571923,1.1630095647237524,1.2011914150404723
20,ortho,gctatttgttctgatttgagagaagat,2.0,tgt,3.0,,AICSDLRED,,False,False,14.0,7.0,7.0,458.0,576.0,340.0,400.0,363.0,True,False,True,True,False,False,1.0,both,0.0019938688532761756,0.0021066559883002245,0.0028359133126934985,0.003382048135469817,0.0030606090612031794,-2.7003034108044965,-2.676406377814196,-2.5473070486632525,-2.470820215537757,-2.5141921403161325,C,non-synonymous,0.09210175616974858,0.1218711713559533,1.2393732653571923,1.1630095647237524,1.2011914150404723
21,ortho,gctatttgttctgatttgagagaagat,3.0,tct,4.0,,AICSDLRED,,False,False,14.0,7.0,7.0,458.0,576.0,340.0,400.0,363.0,True,False,True,True,False,False,1.0,both,0.0019938688532761756,0.0021066559883002245,0.0028359133126934985,0.003382048135469817,0.0030606090612031794,-2.7003034108044965,-2.676406377814196,-2.5473070486632525,-2.470820215537757,-2.5141921403161325,S,non-synonymous,0.09210175616974858,0.1218711713559533,1.2393732653571923,1.1630095647237524,1.2011914150404723
22,ortho,gctatttgttctgatttgagagaagat,4.0,gat,5.0,,AICSDLRED,,False,False,14.0,7.0,7.0,458.0,576.0,340.0,400.0,363.0,True,False,True,True,False,False,1.0,both,0.0019938688532761756,0.0021066559883002245,0.0028359133126934985,0.003382048135469817,0.0030606090612031794,-2.7003034108044965,-2.676406377814196,-2.5473070486632525,-2.470820215537757,-2.5141921403161325,D,non-synonymous,0.09210175616974858,0.1218711713559533,1.2393732653571923,1.1630095647237524,1.2011914150404723
23,ortho,gctatttgttctgatttgagagaagat,7.0,gaa,6.0,,AICSDLRED,,False,False,14.0,7.0,7.0,458.0,576.0,340.0,400.0,363.0,True,False,True,True,False,False,1.0,both,0.0019938688532761756,0.0021066559883002245,0.0028359133126934985,0.003382048135469817,0.0030606090612031794,-2.7003034108044965,-2.676406377814196,-2.5473070486632525,-2.470820215537757,-2.5141921403161325,E,non-synonymous,0.09210175616974858,0.1218711713559533,1.2393732653571923,1.1630095647237524,1.2011914150404723
24,ortho,gctatttgttctgatttgagagaagat,8.0,gat,7.0,,AICSDLRED,,False,False,14.0,7.0,7.0,458.0,576.0,340.0,400.0,363.0,True,False,True,True,False,False,1.0,both,0.0019938688532761756,0.0021066559883002245,0.0028359133126934985,0.003382048135469817,0.0030606090612031794,-2.7003034108044965,-2.676406377814196,-2.5473070486632525,-2.470820215537757,-2.5141921403161325,D,non-synonymous,0.09210175616974858,0.1218711713559533,1.2393732653571923,1.1630095647237524,1.2011914150404723
25,single,gctttagttttatctttgagagatcca,0.0,gct,1.0,,ALVLSLRDP,,False,False,2.0,1.0,1.0,116.0,116.0,77.0,89.0,125.0,True,False,True,True,False,False,1.0,both,0.0004436358198539491,0.0007254325028582041,0.0007182662538699691,0.0006811069161710048,0.0006931379344489553,-3.352973395487546,-3.139402989842252,-3.143714537440203,-3.166784709734051,-3.1591803321859055,A,non-synonymous,0.12597102343154906,-0.01623184284391184,1.2732425326189927,1.0249065505238872,1.1490745415714398
26,ortho,gctttgactttgtcttttagagatcca,0.0,gct,1.0,,ALTLSFRDP,,False,False,7.0,3.0,5.0,1236.0,1297.0,768.0,467.0,479.0,True,False,True,True,False,False,1.0,both,0.0023278418861999352,0.0027798573509526378,0.007653250773993808,0.00761547991615339,0.0069133757617765934,-2.6330465215663468,-2.555977489435745,-2.1161540559143246,-2.1183027228768894,-2.1603098373268756,A,non-synonymous,0.31116232550361483,0.25945295093231197,1.4584338346910586,1.3005913443001111,1.3795125894955849
27,ortho,gctttgactttgtcttttagagatcca,1.0,ttg,2.0,,ALTLSFRDP,,False,False,7.0,3.0,5.0,1236.0,1297.0,768.0,467.0,479.0,True,False,True,True,False,False,1.0,both,0.0023278418861999352,0.0027798573509526378,0.007653250773993808,0.00761547991615339,0.0069133757617765934,-2.6330465215663468,-2.555977489435745,-2.1161540559143246,-2.1183027228768894,-2.1603098373268756,L,synonymous,0.31116232550361483,0.25945295093231197,1.4584338346910586,1.3005913443001111,1.3795125894955849
28,ortho,gctttgactttgtcttttagagatcca,2.0,act,3.0,,ALTLSFRDP,,False,False,7.0,3.0,5.0,1236.0,1297.0,768.0,467.0,479.0,True,False,True,True,False,False,1.0,both,0.0023278418861999352,0.0027798573509526378,0.007653250773993808,0.00761547991615339,0.0069133757617765934,-2.6330465215663468,-2.555977489435745,-2.1161540559143246,-2.1183027228768894,-2.1603098373268756,T,non-synonymous,0.31116232550361483,0.25945295093231197,1.4584338346910586,1.3005913443001111,1.3795125894955849
29,ortho,gctttgactttgtcttttagagatcca,3.0,ttg,4.0,,ALTLSFRDP,,False,False,7.0,3.0,5.0,1236.0,1297.0,768.0,467.0,479.0,True,False,True,True,False,False,1.0,both,0.0023278418861999352,0.0027798573509526378,0.007653250773993808,0.00761547991615339,0.0069133757617765934,-2.6330465215663468,-2.555977489435745,-2.1161540559143246,-2.1183027228768894,-2.1603098373268756,L,synonymous,0.31116232550361483,0.25945295093231197,1.4584338346910586,1.3005913443001111,1.3795125894955849
30,ortho,gctttgactttgtcttttagagatcca,5.0,ttt,5.0,,ALTLSFRDP,,False,False,7.0,3.0,5.0,1236.0,1297.0,768.0,467.0,479.0,True,False,True,True,False,False,1.0,both,0.0023278418861999352,0.0027798573509526378,0.007653250773993808,0.00761547991615339,0.0069133757617765934,-2.6330465215663468,-2.555977489435745,-2.1161540559143246,-2.1183027228768894,-2.1603098373268756,F,non-synonymous,0.31116232550361483,0.25945295093231197,1.4584338346910586,1.3005913443001111,1.3795125894955849
31,ortho,gctttggctttgaatattaaagatcca,0.0,gct,1.0,,ALALNIKDP,,False,False,10.0,5.0,7.0,2350.0,2589.0,1466.0,975.0,702.0,True,False,True,True,False,False,1.0,both,0.004860055329860678,0.004074028936051674,0.01455108359133127,0.015201601775575271,0.01319662612859959,-2.313358786433922,-2.3899758907205033,-1.8371046643953854,-1.8181106485260972,-1.8795370870532784,A,non-synonymous,0.28669858818170174,0.3390008653903232,1.4339700973691454,1.3801392587581223,1.4070546780636337
32,ortho,gctttggctttgaatattaaagatcca,1.0,ttg,2.0,,ALALNIKDP,,False,False,10.0,5.0,7.0,2350.0,2589.0,1466.0,975.0,702.0,True,False,True,True,False,False,1.0,both,0.004860055329860678,0.004074028936051674,0.01455108359133127,0.015201601775575271,0.01319662612859959,-2.313358786433922,-2.3899758907205033,-1.8371046643953854,-1.8181106485260972,-1.8795370870532784,L,synonymous,0.28669858818170174,0.3390008653903232,1.4339700973691454,1.3801392587581223,1.4070546780636337
33,ortho,gctttggctttgaatattaaagatcca,2.0,gct,3.0,,ALALNIKDP,,False,False,10.0,5.0,7.0,2350.0,2589.0,1466.0,975.0,702.0,True,False,True,True,False,False,1.0,both,0.004860055329860678,0.004074028936051674,0.01455108359133127,0.015201601775575271,0.01319662612859959,-2.313358786433922,-2.3899758907205033,-1.8371046643953854,-1.8181106485260972,-1.8795370870532784,A,non-synonymous,0.28669858818170174,0.3390008653903232,1.4339700973691454,1.3801392587581223,1.4070546780636337
34,ortho,gctttggctttgaatattaaagatcca,3.0,ttg,4.0,,ALALNIKDP,,False,False,10.0,5.0,7.0,2350.0,2589.0,1466.0,975.0,702.0,True,False,True,True,False,False,1.0,both,0.004860055329860678,0.004074028936051674,0.01455108359133127,0.015201601775575271,0.01319662612859959,-2.313358786433922,-2.3899758907205033,-1.8371046643953854,-1.8181106485260972,-1.8795370870532784,L,synonymous,0.28669858818170174,0.3390008653903232,1.4339700973691454,1.3801392587581223,1.4070546780636337
35,ortho,gctttggctttgaatattaaagatcca,4.0,aat,5.0,,ALALNIKDP,,False,False,10.0,5.0,7.0,2350.0,2589.0,1466.0,975.0,702.0,True,False,True,True,False,False,1.0,both,0.004860055329860678,0.004074028936051674,0.01455108359133127,0.015201601775575271,0.01319662612859959,-2.313358786433922,-2.3899758907205033,-1.8371046643953854,-1.8181106485260972,-1.8795370870532784,N,non-synonymous,0.28669858818170174,0.3390008653903232,1.4339700973691454,1.3801392587581223,1.4070546780636337
36,ortho,gctttggctttgaatattaaagatcca,5.0,att,6.0,,ALALNIKDP,,False,False,10.0,5.0,7.0,2350.0,2589.0,1466.0,975.0,702.0,True,False,True,True,False,False,1.0,both,0.004860055329860678,0.004074028936051674,0.01455108359133127,0.015201601775575271,0.01319662612859959,-2.313358786433922,-2.3899758907205033,-1.8371046643953854,-1.8181106485260972,-1.8795370870532784,I,non-synonymous,0.28669858818170174,0.3390008653903232,1.4339700973691454,1.3801392587581223,1.4070546780636337
37,ortho,gctttggctttgaatattaaagatcca,6.0,aaa,7.0,,ALALNIKDP,,False,False,10.0,5.0,7.0,2350.0,2589.0,1466.0,975.0,702.0,True,False,True,True,False,False,1.0,both,0.004860055329860678,0.004074028936051674,0.01455108359133127,0.015201601775575271,0.01319662612859959,-2.313358786433922,-2.3899758907205033,-1.8371046643953854,-1.8181106485260972,-1.8795370870532784,K,non-synonymous,0.28669858818170174,0.3390008653903232,1.4339700973691454,1.3801392587581223,1.4070546780636337
38,single,gggttagttttatctttgagagatcca,0.0,ggg,1.0,,GLVLSLRDP,,False,False,3.0,1.0,1.0,1049.0,1193.0,749.0,425.0,372.0,True,False,True,True,False,False,1.0,both,0.0021184856566059365,0.0021588871285060152,0.006495356037151703,0.007004832336138006,0.006742341726003475,-2.6739744720821474,-2.665770062968411,-2.1873970384735637,-2.1546022552906274,-2.171189239658921,G,non-synonymous,0.29291308316564807,0.30301951644673336,1.4401845923530918,1.3441579098145324,1.3921712510838122
39,single,gtgttagttttatctttgagagatcca,0.0,gtg,1.0,,VLVLSLRDP,,False,False,2.0,1.0,1.0,491.0,477.0,326.0,264.0,218.0,True,False,True,True,False,False,1.0,both,0.001315953443162276,0.0012651542849847078,0.003040247678018576,0.002800758612185942,0.0029345839822124604,-2.8807594752626278,-2.897856509245704,-2.517091034544153,-2.552724319920855,-2.5324534572904485,V,non-synonymous,0.21892351938906882,0.2045938487294987,1.3661950285765125,1.2457322420972978,1.305963635336905
40,ortho,gttttgactttgttggttactcaacat,0.0,gtt,1.0,,VLTLLVTQH,,False,False,15.0,7.0,9.0,181.0,243.0,143.0,243.0,198.0,True,False,True,True,False,False,1.0,both,0.0012112753283652767,0.0011490850845273953,0.0011207430340557276,0.001426801557151329,0.0012872561639766314,-2.9167571285341465,-2.9396478125887775,-2.950493951797937,-2.845636425362657,-2.8903350198933255,V,non-synonymous,-0.020309114718132976,0.05572981058248223,1.1269623944693108,1.0968682039502813,1.111915299209796
41,ortho,gttttgactttgttggttactcaacat,1.0,ttg,2.0,,VLTLLVTQH,,False,False,15.0,7.0,9.0,181.0,243.0,143.0,243.0,198.0,True,False,True,True,False,False,1.0,both,0.0012112753283652767,0.0011490850845273953,0.0011207430340557276,0.001426801557151329,0.0012872561639766314,-2.9167571285341465,-2.9396478125887775,-2.950493951797937,-2.845636425362657,-2.8903350198933255,L,synonymous,-0.020309114718132976,0.05572981058248223,1.1269623944693108,1.0968682039502813,1.111915299209796
42,ortho,gttttgactttgttggttactcaacat,2.0,act,3.0,,VLTLLVTQH,,False,False,15.0,7.0,9.0,181.0,243.0,143.0,243.0,198.0,True,False,True,True,False,False,1.0,both,0.0012112753283652767,0.0011490850845273953,0.0011207430340557276,0.001426801557151329,0.0012872561639766314,-2.9167571285341465,-2.9396478125887775,-2.950493951797937,-2.845636425362657,-2.8903350198933255,T,non-synonymous,-0.020309114718132976,0.05572981058248223,1.1269623944693108,1.0968682039502813,1.111915299209796
43,ortho,gttttgactttgttggttactcaacat,3.0,ttg,4.0,,VLTLLVTQH,,False,False,15.0,7.0,9.0,181.0,243.0,143.0,243.0,198.0,True,False,True,True,False,False,1.0,both,0.0012112753283652767,0.0011490850845273953,0.0011207430340557276,0.001426801557151329,0.0012872561639766314,-2.9167571285341465,-2.9396478125887775,-2.950493951797937,-2.845636425362657,-2.8903350198933255,L,synonymous,-0.020309114718132976,0.05572981058248223,1.1269623944693108,1.0968682039502813,1.111915299209796
44,ortho,gttttgactttgttggttactcaacat,4.0,ttg,5.0,,VLTLLVTQH,,False,False,15.0,7.0,9.0,181.0,243.0,143.0,243.0,198.0,True,False,True,True,False,False,1.0,both,0.0012112753283652767,0.0011490850845273953,0.0011207430340557276,0.001426801557151329,0.0012872561639766314,-2.9167571285341465,-2.9396478125887775,-2.950493951797937,-2.845636425362657,-2.8903350198933255,L,non-synonymous,-0.020309114718132976,0.05572981058248223,1.1269623944693108,1.0968682039502813,1.111915299209796
45,ortho,gttttgactttgttggttactcaacat,5.0,gtt,6.0,,VLTLLVTQH,,False,False,15.0,7.0,9.0,181.0,243.0,143.0,243.0,198.0,True,False,True,True,False,False,1.0,both,0.0012112753283652767,0.0011490850845273953,0.0011207430340557276,0.001426801557151329,0.0012872561639766314,-2.9167571285341465,-2.9396478125887775,-2.950493951797937,-2.845636425362657,-2.8903350198933255,V,non-synonymous,-0.020309114718132976,0.05572981058248223,1.1269623944693108,1.0968682039502813,1.111915299209796
46,ortho,gttttgactttgttggttactcaacat,6.0,act,7.0,,VLTLLVTQH,,False,False,15.0,7.0,9.0,181.0,243.0,143.0,243.0,198.0,True,False,True,True,False,False,1.0,both,0.0012112753283652767,0.0011490850845273953,0.0011207430340557276,0.001426801557151329,0.0012872561639766314,-2.9167571285341465,-2.9396478125887775,-2.950493951797937,-2.845636425362657,-2.8903350198933255,T,non-synonymous,-0.020309114718132976,0.05572981058248223,1.1269623944693108,1.0968682039502813,1.111915299209796
47,ortho,gttttgactttgttggttactcaacat,7.0,caa,8.0,,VLTLLVTQH,,False,False,15.0,7.0,9.0,181.0,243.0,143.0,243.0,198.0,True,False,True,True,False,False,1.0,both,0.0012112753283652767,0.0011490850845273953,0.0011207430340557276,0.001426801557151329,0.0012872561639766314,-2.9167571285341465,-2.9396478125887775,-2.950493951797937,-2.845636425362657,-2.8903350198933255,Q,non-synonymous,-0.020309114718132976,0.05572981058248223,1.1269623944693108,1.0968682039502813,1.111915299209796
48,ortho,gttttgactttgttggttactcaacat,8.0,cat,9.0,,VLTLLVTQH,,False,False,15.0,7.0,9.0,181.0,243.0,143.0,243.0,198.0,True,False,True,True,False,False,1.0,both,0.0012112753283652767,0.0011490850845273953,0.0011207430340557276,0.001426801557151329,0.0012872561639766314,-2.9167571285341465,-2.9396478125887775,-2.950493951797937,-2.845636425362657,-2.8903350198933255,H,non-synonymous,-0.020309114718132976,0.05572981058248223,1.1269623944693108,1.0968682039502813,1.111915299209796
49,single,tagttagttttatctttgagagatcca,0.0,tag,1.0,,*LVLSLRDP,,True,False,2.0,1.0,1.0,5.0,6.0,3.0,195.0,226.0,True,False,True,True,False,False,1.0,both,0.0009720110659721357,0.001311581965167633,3.0959752321981425e-05,3.522966807781059e-05,2.7005374069439818e-05,-3.0123287907699408,-2.8822045637029077,-4.509202522331103,-4.453091448577325,-4.568549802638725,*,stop,-0.901097892209184,-0.9312194099422152,0.24617361697825968,0.10991898342558393,0.1780463002019218
50,single,tatttagttttatctttgagagatcca,0.0,tat,1.0,,YLVLSLRDP,,False,False,1.0,1.0,1.0,563.0,675.0,377.0,332.0,236.0,True,False,True,True,False,False,1.0,both,0.001654911148219226,0.0013696165653962892,0.0034860681114551083,0.003963337658753692,0.003393675341392937,-2.7812253184284224,-2.863400999880202,-2.4576641318157755,-2.401938926129944,-2.469329707152595,Y,non-synonymous,0.19477949082136423,0.2735540312711818,1.342051000008808,1.3146924246389808,1.3283717123238943
51,ortho,tatttgactagagcttttagagattct,0.0,tat,1.0,,YLTRAFRDS,,False,False,10.0,6.0,7.0,1520.0,1652.0,980.0,638.0,649.0,True,False,True,True,False,False,1.0,both,0.0031802208209755004,0.0037664455548397954,0.009411764705882352,0.009699901944090516,0.00882175552935034,-2.4975427234112964,-2.4240683060499393,-2.026328938722349,-2.013232655976606,-2.0544449816658927,Y,non-synonymous,0.2836643727592684,0.24354276258096108,1.4309358819467122,1.28468115594876,1.3578085189477362
52,ortho,tatttgactagagcttttagagattct,1.0,ttg,2.0,,YLTRAFRDS,,False,False,10.0,6.0,7.0,1520.0,1652.0,980.0,638.0,649.0,True,False,True,True,False,False,1.0,both,0.0031802208209755004,0.0037664455548397954,0.009411764705882352,0.009699901944090516,0.00882175552935034,-2.4975427234112964,-2.4240683060499393,-2.026328938722349,-2.013232655976606,-2.0544449816658927,L,synonymous,0.2836643727592684,0.24354276258096108,1.4309358819467122,1.28468115594876,1.3578085189477362
53,ortho,tatttgactagagcttttagagattct,2.0,act,3.0,,YLTRAFRDS,,False,False,10.0,6.0,7.0,1520.0,1652.0,980.0,638.0,649.0,True,False,True,True,False,False,1.0,both,0.0031802208209755004,0.0037664455548397954,0.009411764705882352,0.009699901944090516,0.00882175552935034,-2.4975427234112964,-2.4240683060499393,-2.026328938722349,-2.013232655976606,-2.0544449816658927,T,non-synonymous,0.2836643727592684,0.24354276258096108,1.4309358819467122,1.28468115594876,1.3578085189477362
54,ortho,tatttgactagagcttttagagattct,3.0,aga,4.0,,YLTRAFRDS,,False,False,10.0,6.0,7.0,1520.0,1652.0,980.0,638.0,649.0,True,False,True,True,False,False,1.0,both,0.0031802208209755004,0.0037664455548397954,0.009411764705882352,0.009699901944090516,0.00882175552935034,-2.4975427234112964,-2.4240683060499393,-2.026328938722349,-2.013232655976606,-2.0544449816658927,R,non-synonymous,0.2836643727592684,0.24354276258096108,1.4309358819467122,1.28468115594876,1.3578085189477362
55,ortho,tatttgactagagcttttagagattct,4.0,gct,5.0,,YLTRAFRDS,,False,False,10.0,6.0,7.0,1520.0,1652.0,980.0,638.0,649.0,True,False,True,True,False,False,1.0,both,0.0031802208209755004,0.0037664455548397954,0.009411764705882352,0.009699901944090516,0.00882175552935034,-2.4975427234112964,-2.4240683060499393,-2.026328938722349,-2.013232655976606,-2.0544449816658927,A,non-synonymous,0.2836643727592684,0.24354276258096108,1.4309358819467122,1.28468115594876,1.3578085189477362
56,ortho,tatttgactagagcttttagagattct,5.0,ttt,6.0,,YLTRAFRDS,,False,False,10.0,6.0,7.0,1520.0,1652.0,980.0,638.0,649.0,True,False,True,True,False,False,1.0,both,0.0031802208209755004,0.0037664455548397954,0.009411764705882352,0.009699901944090516,0.00882175552935034,-2.4975427234112964,-2.4240683060499393,-2.026328938722349,-2.013232655976606,-2.0544449816658927,F,non-synonymous,0.2836643727592684,0.24354276258096108,1.4309358819467122,1.28468115594876,1.3578085189477362
57,ortho,tatttgactagagcttttagagattct,8.0,tct,7.0,,YLTRAFRDS,,False,False,10.0,6.0,7.0,1520.0,1652.0,980.0,638.0,649.0,True,False,True,True,False,False,1.0,both,0.0031802208209755004,0.0037664455548397954,0.009411764705882352,0.009699901944090516,0.00882175552935034,-2.4975427234112964,-2.4240683060499393,-2.026328938722349,-2.013232655976606,-2.0544449816658927,S,non-synonymous,0.2836643727592684,0.24354276258096108,1.4309358819467122,1.28468115594876,1.3578085189477362
58,ortho,tatttgactagatcttttagagatcca,0.0,tat,1.0,,YLTRSFRDP,,False,False,7.0,4.0,5.0,549.0,540.0,311.0,228.0,166.0,True,False,True,True,False,False,1.0,both,0.0011365052463674203,0.000963374363795695,0.0033993808049535604,0.0031706701270029533,0.0027995571118652612,-2.944428555132005,-3.0162049148102534,-2.46860018221703,-2.498848939138001,-2.55291066833155,Y,non-synonymous,0.2864422929246188,0.3066878532340084,1.4337138021120626,1.3478262466018074,1.390770024356935
59,ortho,tatttgactagatcttttagagatcca,1.0,ttg,2.0,,YLTRSFRDP,,False,False,7.0,4.0,5.0,549.0,540.0,311.0,228.0,166.0,True,False,True,True,False,False,1.0,both,0.0011365052463674203,0.000963374363795695,0.0033993808049535604,0.0031706701270029533,0.0027995571118652612,-2.944428555132005,-3.0162049148102534,-2.46860018221703,-2.498848939138001,-2.55291066833155,L,synonymous,0.2864422929246188,0.3066878532340084,1.4337138021120626,1.3478262466018074,1.390770024356935
60,ortho,tatttgactagatcttttagagatcca,2.0,act,3.0,,YLTRSFRDP,,False,False,7.0,4.0,5.0,549.0,540.0,311.0,228.0,166.0,True,False,True,True,False,False,1.0,both,0.0011365052463674203,0.000963374363795695,0.0033993808049535604,0.0031706701270029533,0.0027995571118652612,-2.944428555132005,-3.0162049148102534,-2.46860018221703,-2.498848939138001,-2.55291066833155,T,non-synonymous,0.2864422929246188,0.3066878532340084,1.4337138021120626,1.3478262466018074,1.390770024356935
61,ortho,tatttgactagatcttttagagatcca,3.0,aga,4.0,,YLTRSFRDP,,False,False,7.0,4.0,5.0,549.0,540.0,311.0,228.0,166.0,True,False,True,True,False,False,1.0,both,0.0011365052463674203,0.000963374363795695,0.0033993808049535604,0.0031706701270029533,0.0027995571118652612,-2.944428555132005,-3.0162049148102534,-2.46860018221703,-2.498848939138001,-2.55291066833155,R,non-synonymous,0.2864422929246188,0.3066878532340084,1.4337138021120626,1.3478262466018074,1.390770024356935
62,ortho,tatttgactagatcttttagagatcca,5.0,ttt,5.0,,YLTRSFRDP,,False,False,7.0,4.0,5.0,549.0,540.0,311.0,228.0,166.0,True,False,True,True,False,False,1.0,both,0.0011365052463674203,0.000963374363795695,0.0033993808049535604,0.0031706701270029533,0.0027995571118652612,-2.944428555132005,-3.0162049148102534,-2.46860018221703,-2.498848939138001,-2.55291066833155,F,non-synonymous,0.2864422929246188,0.3066878532340084,1.4337138021120626,1.3478262466018074,1.390770024356935
63,ortho,tatttgactttggcttttagagattct,0.0,tat,1.0,,YLTLAFRDS,,False,False,9.0,5.0,7.0,1252.0,1395.0,801.0,556.0,579.0,True,False,True,True,False,False,1.0,both,0.0027714777060538843,0.0033602033532392013,0.007752321981424149,0.008190897828090963,0.007210434876540431,-2.557288610550401,-2.4736344391228724,-2.110568197792711,-2.086668491351353,-2.14203854127415,Y,non-synonymous,0.2689196916582565,0.22939283854313414,1.4161912008457003,1.2705312319109332,1.3433612163783168
64,ortho,tatttgactttggcttttagagattct,1.0,ttg,2.0,,YLTLAFRDS,,False,False,9.0,5.0,7.0,1252.0,1395.0,801.0,556.0,579.0,True,False,True,True,False,False,1.0,both,0.0027714777060538843,0.0033602033532392013,0.007752321981424149,0.008190897828090963,0.007210434876540431,-2.557288610550401,-2.4736344391228724,-2.110568197792711,-2.086668491351353,-2.14203854127415,L,synonymous,0.2689196916582565,0.22939283854313414,1.4161912008457003,1.2705312319109332,1.3433612163783168
65,ortho,tatttgactttggcttttagagattct,2.0,act,3.0,,YLTLAFRDS,,False,False,9.0,5.0,7.0,1252.0,1395.0,801.0,556.0,579.0,True,False,True,True,False,False,1.0,both,0.0027714777060538843,0.0033602033532392013,0.007752321981424149,0.008190897828090963,0.007210434876540431,-2.557288610550401,-2.4736344391228724,-2.110568197792711,-2.086668491351353,-2.14203854127415,T,non-synonymous,0.2689196916582565,0.22939283854313414,1.4161912008457003,1.2705312319109332,1.3433612163783168
66,ortho,tatttgactttggcttttagagattct,3.0,ttg,4.0,,YLTLAFRDS,,False,False,9.0,5.0,7.0,1252.0,1395.0,801.0,556.0,579.0,True,False,True,True,False,False,1.0,both,0.0027714777060538843,0.0033602033532392013,0.007752321981424149,0.008190897828090963,0.007210434876540431,-2.557288610550401,-2.4736344391228724,-2.110568197792711,-2.086668491351353,-2.14203854127415,L,synonymous,0.2689196916582565,0.22939283854313414,1.4161912008457003,1.2705312319109332,1.3433612163783168
67,ortho,tatttgactttggcttttagagattct,4.0,gct,5.0,,YLTLAFRDS,,False,False,9.0,5.0,7.0,1252.0,1395.0,801.0,556.0,579.0,True,False,True,True,False,False,1.0,both,0.0027714777060538843,0.0033602033532392013,0.007752321981424149,0.008190897828090963,0.007210434876540431,-2.557288610550401,-2.4736344391228724,-2.110568197792711,-2.086668491351353,-2.14203854127415,A,non-synonymous,0.2689196916582565,0.22939283854313414,1.4161912008457003,1.2705312319109332,1.3433612163783168
68,ortho,tatttgactttggcttttagagattct,5.0,ttt,6.0,,YLTLAFRDS,,False,False,9.0,5.0,7.0,1252.0,1395.0,801.0,556.0,579.0,True,False,True,True,False,False,1.0,both,0.0027714777060538843,0.0033602033532392013,0.007752321981424149,0.008190897828090963,0.007210434876540431,-2.557288610550401,-2.4736344391228724,-2.110568197792711,-2.086668491351353,-2.14203854127415,F,non-synonymous,0.2689196916582565,0.22939283854313414,1.4161912008457003,1.2705312319109332,1.3433612163783168
69,ortho,tatttgactttggcttttagagattct,8.0,tct,7.0,,YLTLAFRDS,,False,False,9.0,5.0,7.0,1252.0,1395.0,801.0,556.0,579.0,True,False,True,True,False,False,1.0,both,0.0027714777060538843,0.0033602033532392013,0.007752321981424149,0.008190897828090963,0.007210434876540431,-2.557288610550401,-2.4736344391228724,-2.110568197792711,-2.086668491351353,-2.14203854127415,S,non-synonymous,0.2689196916582565,0.22939283854313414,1.4161912008457003,1.2705312319109332,1.3433612163783168
70,ortho,tatttgactttgtctattaaagatcca,0.0,tat,1.0,,YLTLSIKDP,,False,False,8.0,4.0,6.0,1396.0,1576.0,808.0,714.0,636.0,True,False,True,True,False,False,1.0,both,0.0035590559030979738,0.0036910005745425423,0.008643962848297214,0.009253659481771582,0.0072734474160357915,-2.448665190356284,-2.4328558872018946,-2.0632871083799795,-2.033686485807433,-2.1382596965838014,Y,non-synonymous,0.2319924319937719,0.2366270277081434,1.3792639411812155,1.2777654210759426,1.328514681128579
71,ortho,tatttgactttgtctattaaagatcca,1.0,ttg,2.0,,YLTLSIKDP,,False,False,8.0,4.0,6.0,1396.0,1576.0,808.0,714.0,636.0,True,False,True,True,False,False,1.0,both,0.0035590559030979738,0.0036910005745425423,0.008643962848297214,0.009253659481771582,0.0072734474160357915,-2.448665190356284,-2.4328558872018946,-2.0632871083799795,-2.033686485807433,-2.1382596965838014,L,synonymous,0.2319924319937719,0.2366270277081434,1.3792639411812155,1.2777654210759426,1.328514681128579
72,ortho,tatttgactttgtctattaaagatcca,2.0,act,3.0,,YLTLSIKDP,,False,False,8.0,4.0,6.0,1396.0,1576.0,808.0,714.0,636.0,True,False,True,True,False,False,1.0,both,0.0035590559030979738,0.0036910005745425423,0.008643962848297214,0.009253659481771582,0.0072734474160357915,-2.448665190356284,-2.4328558872018946,-2.0632871083799795,-2.033686485807433,-2.1382596965838014,T,non-synonymous,0.2319924319937719,0.2366270277081434,1.3792639411812155,1.2777654210759426,1.328514681128579
73,ortho,tatttgactttgtctattaaagatcca,3.0,ttg,4.0,,YLTLSIKDP,,False,False,8.0,4.0,6.0,1396.0,1576.0,808.0,714.0,636.0,True,False,True,True,False,False,1.0,both,0.0035590559030979738,0.0036910005745425423,0.008643962848297214,0.009253659481771582,0.0072734474160357915,-2.448665190356284,-2.4328558872018946,-2.0632871083799795,-2.033686485807433,-2.1382596965838014,L,synonymous,0.2319924319937719,0.2366270277081434,1.3792639411812155,1.2777654210759426,1.328514681128579
74,ortho,tatttgactttgtctattaaagatcca,5.0,att,5.0,,YLTLSIKDP,,False,False,8.0,4.0,6.0,1396.0,1576.0,808.0,714.0,636.0,True,False,True,True,False,False,1.0,both,0.0035590559030979738,0.0036910005745425423,0.008643962848297214,0.009253659481771582,0.0072734474160357915,-2.448665190356284,-2.4328558872018946,-2.0632871083799795,-2.033686485807433,-2.1382596965838014,I,non-synonymous,0.2319924319937719,0.2366270277081434,1.3792639411812155,1.2777654210759426,1.328514681128579
75,ortho,tatttgactttgtctattaaagatcca,6.0,aaa,6.0,,YLTLSIKDP,,False,False,8.0,4.0,6.0,1396.0,1576.0,808.0,714.0,636.0,True,False,True,True,False,False,1.0,both,0.0035590559030979738,0.0036910005745425423,0.008643962848297214,0.009253659481771582,0.0072734474160357915,-2.448665190356284,-2.4328558872018946,-2.0632871083799795,-2.033686485807433,-2.1382596965838014,K,non-synonymous,0.2319924319937719,0.2366270277081434,1.3792639411812155,1.2777654210759426,1.328514681128579
76,ortho,tatttgactttgtctattagagatcca,0.0,tat,1.0,,YLTLSIRDP,,False,False,7.0,3.0,5.0,1680.0,1875.0,1133.0,727.0,654.0,True,False,True,True,False,False,1.0,both,0.0036238566408294494,0.0037954628549541234,0.010402476780185759,0.01100927127431581,0.010199029606891771,-2.440828991273421,-2.420735254526041,-1.9828632449412589,-1.9582414268972315,-1.9914411474949902,Y,non-synonymous,0.27568923151154606,0.2741656534364962,1.4229607406989897,1.3153040468042954,1.3691323937516424
77,ortho,tatttgactttgtctattagagatcca,1.0,ttg,2.0,,YLTLSIRDP,,False,False,7.0,3.0,5.0,1680.0,1875.0,1133.0,727.0,654.0,True,False,True,True,False,False,1.0,both,0.0036238566408294494,0.0037954628549541234,0.010402476780185759,0.01100927127431581,0.010199029606891771,-2.440828991273421,-2.420735254526041,-1.9828632449412589,-1.9582414268972315,-1.9914411474949902,L,synonymous,0.27568923151154606,0.2741656534364962,1.4229607406989897,1.3153040468042954,1.3691323937516424
78,ortho,tatttgactttgtctattagagatcca,2.0,act,3.0,,YLTLSIRDP,,False,False,7.0,3.0,5.0,1680.0,1875.0,1133.0,727.0,654.0,True,False,True,True,False,False,1.0,both,0.0036238566408294494,0.0037954628549541234,0.010402476780185759,0.01100927127431581,0.010199029606891771,-2.440828991273421,-2.420735254526041,-1.9828632449412589,-1.9582414268972315,-1.9914411474949902,T,non-synonymous,0.27568923151154606,0.2741656534364962,1.4229607406989897,1.3153040468042954,1.3691323937516424
79,ortho,tatttgactttgtctattagagatcca,3.0,ttg,4.0,,YLTLSIRDP,,False,False,7.0,3.0,5.0,1680.0,1875.0,1133.0,727.0,654.0,True,False,True,True,False,False,1.0,both,0.0036238566408294494,0.0037954628549541234,0.010402476780185759,0.01100927127431581,0.010199029606891771,-2.440828991273421,-2.420735254526041,-1.9828632449412589,-1.9582414268972315,-1.9914411474949902,L,synonymous,0.27568923151154606,0.2741656534364962,1.4229607406989897,1.3153040468042954,1.3691323937516424
80,ortho,tatttgactttgtctattagagatcca,5.0,att,5.0,,YLTLSIRDP,,False,False,7.0,3.0,5.0,1680.0,1875.0,1133.0,727.0,654.0,True,False,True,True,False,False,1.0,both,0.0036238566408294494,0.0037954628549541234,0.010402476780185759,0.01100927127431581,0.010199029606891771,-2.440828991273421,-2.420735254526041,-1.9828632449412589,-1.9582414268972315,-1.9914411474949902,I,non-synonymous,0.27568923151154606,0.2741656534364962,1.4229607406989897,1.3153040468042954,1.3691323937516424
81,ortho,tatttgactttgtctttgagagatcca,0.0,tat,1.0,,YLTLSLRDP,,False,False,5.0,2.0,4.0,744.0,745.0,431.0,274.0,250.0,True,False,True,True,False,False,1.0,both,0.0013658001644941803,0.0014508650057164082,0.004606811145510836,0.004374350452994815,0.003879772074642854,-2.8646128393120707,-2.838372994178271,-2.336599591121243,-2.3590864262126763,-2.411193787197656,Y,non-synonymous,0.3178568873054199,0.2841203649426551,1.4651283964928636,1.3252587583104543,1.3951935774016588
82,ortho,tatttgactttgtctttgagagatcca,1.0,ttg,2.0,,YLTLSLRDP,,False,False,5.0,2.0,4.0,744.0,745.0,431.0,274.0,250.0,True,False,True,True,False,False,1.0,both,0.0013658001644941803,0.0014508650057164082,0.004606811145510836,0.004374350452994815,0.003879772074642854,-2.8646128393120707,-2.838372994178271,-2.336599591121243,-2.3590864262126763,-2.411193787197656,L,synonymous,0.3178568873054199,0.2841203649426551,1.4651283964928636,1.3252587583104543,1.3951935774016588
83,ortho,tatttgactttgtctttgagagatcca,2.0,act,3.0,,YLTLSLRDP,,False,False,5.0,2.0,4.0,744.0,745.0,431.0,274.0,250.0,True,False,True,True,False,False,1.0,both,0.0013658001644941803,0.0014508650057164082,0.004606811145510836,0.004374350452994815,0.003879772074642854,-2.8646128393120707,-2.838372994178271,-2.336599591121243,-2.3590864262126763,-2.411193787197656,T,non-synonymous,0.3178568873054199,0.2841203649426551,1.4651283964928636,1.3252587583104543,1.3951935774016588
84,ortho,tatttgactttgtctttgagagatcca,3.0,ttg,4.0,,YLTLSLRDP,,False,False,5.0,2.0,4.0,744.0,745.0,431.0,274.0,250.0,True,False,True,True,False,False,1.0,both,0.0013658001644941803,0.0014508650057164082,0.004606811145510836,0.004374350452994815,0.003879772074642854,-2.8646128393120707,-2.838372994178271,-2.336599591121243,-2.3590864262126763,-2.411193787197656,L,synonymous,0.3178568873054199,0.2841203649426551,1.4651283964928636,1.3252587583104543,1.3951935774016588
85,ortho,tatttgactttgtcttttaaagatcca,0.0,tat,1.0,,YLTLSFKDP,,False,False,7.0,4.0,6.0,771.0,860.0,499.0,409.0,371.0,True,False,True,True,False,False,1.0,both,0.00203873090247489,0.0021530836684831496,0.004773993808049536,0.005049585757819519,0.00449189388688349,-2.6906400941251167,-2.666939093235263,-2.3211181486161645,-2.2967442477174016,-2.3475705117349976,Y,non-synonymous,0.2224472506948716,0.21945095406048362,1.3697187598823153,1.2605893474282828,1.315154053655299
86,ortho,tatttgactttgtcttttaaagatcca,1.0,ttg,2.0,,YLTLSFKDP,,False,False,7.0,4.0,6.0,771.0,860.0,499.0,409.0,371.0,True,False,True,True,False,False,1.0,both,0.00203873090247489,0.0021530836684831496,0.004773993808049536,0.005049585757819519,0.00449189388688349,-2.6906400941251167,-2.666939093235263,-2.3211181486161645,-2.2967442477174016,-2.3475705117349976,L,synonymous,0.2224472506948716,0.21945095406048362,1.3697187598823153,1.2605893474282828,1.315154053655299
87,ortho,tatttgactttgtcttttaaagatcca,2.0,act,3.0,,YLTLSFKDP,,False,False,7.0,4.0,6.0,771.0,860.0,499.0,409.0,371.0,True,False,True,True,False,False,1.0,both,0.00203873090247489,0.0021530836684831496,0.004773993808049536,0.005049585757819519,0.00449189388688349,-2.6906400941251167,-2.666939093235263,-2.3211181486161645,-2.2967442477174016,-2.3475705117349976,T,non-synonymous,0.2224472506948716,0.21945095406048362,1.3697187598823153,1.2605893474282828,1.315154053655299
88,ortho,tatttgactttgtcttttaaagatcca,3.0,ttg,4.0,,YLTLSFKDP,,False,False,7.0,4.0,6.0,771.0,860.0,499.0,409.0,371.0,True,False,True,True,False,False,1.0,both,0.00203873090247489,0.0021530836684831496,0.004773993808049536,0.005049585757819519,0.00449189388688349,-2.6906400941251167,-2.666939093235263,-2.3211181486161645,-2.2967442477174016,-2.3475705117349976,L,synonymous,0.2224472506948716,0.21945095406048362,1.3697187598823153,1.2605893474282828,1.315154053655299
89,ortho,tatttgactttgtcttttaaagatcca,5.0,ttt,5.0,,YLTLSFKDP,,False,False,7.0,4.0,6.0,771.0,860.0,499.0,409.0,371.0,True,False,True,True,False,False,1.0,both,0.00203873090247489,0.0021530836684831496,0.004773993808049536,0.005049585757819519,0.00449189388688349,-2.6906400941251167,-2.666939093235263,-2.3211181486161645,-2.2967442477174016,-2.3475705117349976,F,non-synonymous,0.2224472506948716,0.21945095406048362,1.3697187598823153,1.2605893474282828,1.315154053655299
90,ortho,tatttgactttgtcttttaaagatcca,6.0,aaa,6.0,,YLTLSFKDP,,False,False,7.0,4.0,6.0,771.0,860.0,499.0,409.0,371.0,True,False,True,True,False,False,1.0,both,0.00203873090247489,0.0021530836684831496,0.004773993808049536,0.005049585757819519,0.00449189388688349,-2.6906400941251167,-2.666939093235263,-2.3211181486161645,-2.2967442477174016,-2.3475705117349976,K,non-synonymous,0.2224472506948716,0.21945095406048362,1.3697187598823153,1.2605893474282828,1.315154053655299
91,ortho,tatttgactttgtcttttagagatcca,0.0,tat,1.0,,YLTLSFRDP,,False,False,6.0,3.0,5.0,1079.0,1119.0,683.0,552.0,419.0,True,False,True,True,False,False,1.0,both,0.0027515390175211225,0.0024316497495807,0.006681114551083591,0.006570333096511676,0.006148223496475798,-2.56042432440326,-2.6140989798840133,-2.175151081984211,-2.182412612432619,-2.211250353676855,Y,non-synonymous,0.231929319987681,0.25590303684426147,1.3792008291751248,1.2970414302120605,1.3381211296935926
92,ortho,tatttgactttgtcttttagagatcca,1.0,ttg,2.0,,YLTLSFRDP,,False,False,6.0,3.0,5.0,1079.0,1119.0,683.0,552.0,419.0,True,False,True,True,False,False,1.0,both,0.0027515390175211225,0.0024316497495807,0.006681114551083591,0.006570333096511676,0.006148223496475798,-2.56042432440326,-2.6140989798840133,-2.175151081984211,-2.182412612432619,-2.211250353676855,L,synonymous,0.231929319987681,0.25590303684426147,1.3792008291751248,1.2970414302120605,1.3381211296935926
93,ortho,tatttgactttgtcttttagagatcca,2.0,act,3.0,,YLTLSFRDP,,False,False,6.0,3.0,5.0,1079.0,1119.0,683.0,552.0,419.0,True,False,True,True,False,False,1.0,both,0.0027515390175211225,0.0024316497495807,0.006681114551083591,0.006570333096511676,0.006148223496475798,-2.56042432440326,-2.6140989798840133,-2.175151081984211,-2.182412612432619,-2.211250353676855,T,non-synonymous,0.231929319987681,0.25590303684426147,1.3792008291751248,1.2970414302120605,1.3381211296935926
94,ortho,tatttgactttgtcttttagagatcca,3.0,ttg,4.0,,YLTLSFRDP,,False,False,6.0,3.0,5.0,1079.0,1119.0,683.0,552.0,419.0,True,False,True,True,False,False,1.0,both,0.0027515390175211225,0.0024316497495807,0.006681114551083591,0.006570333096511676,0.006148223496475798,-2.56042432440326,-2.6140989798840133,-2.175151081984211,-2.182412612432619,-2.211250353676855,L,synonymous,0.231929319987681,0.25590303684426147,1.3792008291751248,1.2970414302120605,1.3381211296935926
95,ortho,tatttgactttgtcttttagagatcca,5.0,ttt,5.0,,YLTLSFRDP,,False,False,6.0,3.0,5.0,1079.0,1119.0,683.0,552.0,419.0,True,False,True,True,False,False,1.0,both,0.0027515390175211225,0.0024316497495807,0.006681114551083591,0.006570333096511676,0.006148223496475798,-2.56042432440326,-2.6140989798840133,-2.175151081984211,-2.182412612432619,-2.211250353676855,F,non-synonymous,0.231929319987681,0.25590303684426147,1.3792008291751248,1.2970414302120605,1.3381211296935926
96,ortho,tatttgactttgtcttttagagatgct,0.0,tat,1.0,,YLTLSFRDA,,False,False,8.0,4.0,6.0,1002.0,1178.0,604.0,476.0,365.0,True,False,True,True,False,False,1.0,both,0.002372703935398649,0.002118262908345956,0.006204334365325077,0.00691675816594348,0.005437081979313883,-2.6247564494119655,-2.674020138393834,-2.207304805135895,-2.1600974085098863,-2.2646341187372556,Y,non-synonymous,0.2513002859393524,0.3046526302348503,1.398571795126796,1.3457910236026494,1.3721814093647227
97,ortho,tatttgactttgtcttttagagatgct,1.0,ttg,2.0,,YLTLSFRDA,,False,False,8.0,4.0,6.0,1002.0,1178.0,604.0,476.0,365.0,True,False,True,True,False,False,1.0,both,0.002372703935398649,0.002118262908345956,0.006204334365325077,0.00691675816594348,0.005437081979313883,-2.6247564494119655,-2.674020138393834,-2.207304805135895,-2.1600974085098863,-2.2646341187372556,L,synonymous,0.2513002859393524,0.3046526302348503,1.398571795126796,1.3457910236026494,1.3721814093647227
98,ortho,tatttgactttgtcttttagagatgct,2.0,act,3.0,,YLTLSFRDA,,False,False,8.0,4.0,6.0,1002.0,1178.0,604.0,476.0,365.0,True,False,True,True,False,False,1.0,both,0.002372703935398649,0.002118262908345956,0.006204334365325077,0.00691675816594348,0.005437081979313883,-2.6247564494119655,-2.674020138393834,-2.207304805135895,-2.1600974085098863,-2.2646341187372556,T,non-synonymous,0.2513002859393524,0.3046526302348503,1.398571795126796,1.3457910236026494,1.3721814093647227
99,ortho,tatttgactttgtcttttagagatgct,3.0,ttg,4.0,,YLTLSFRDA,,False,False,8.0,4.0,6.0,1002.0,1178.0,604.0,476.0,365.0,True,False,True,True,False,False,1.0,both,0.002372703935398649,0.002118262908345956,0.006204334365325077,0.00691675816594348,0.005437081979313883,-2.6247564494119655,-2.674020138393834,-2.207304805135895,-2.1600974085098863,-2.2646341187372556,L,synonymous,0.2513002859393524,0.3046526302348503,1.398571795126796,1.3457910236026494,1.3721814093647227
100,ortho,tatttgactttgtcttttagagatgct,5.0,ttt,5.0,,YLTLSFRDA,,False,False,8.0,4.0,6.0,1002.0,1178.0,604.0,476.0,365.0,True,False,True,True,False,False,1.0,both,0.002372703935398649,0.002118262908345956,0.006204334365325077,0.00691675816594348,0.005437081979313883,-2.6247564494119655,-2.674020138393834,-2.207304805135895,-2.1600974085098863,-2.2646341187372556,F,non-synonymous,0.2513002859393524,0.3046526302348503,1.398571795126796,1.3457910236026494,1.3721814093647227
101,ortho,tatttgactttgtcttttagagatgct,8.0,gct,6.0,,YLTLSFRDA,,False,False,8.0,4.0,6.0,1002.0,1178.0,604.0,476.0,365.0,True,False,True,True,False,False,1.0,both,0.002372703935398649,0.002118262908345956,0.006204334365325077,0.00691675816594348,0.005437081979313883,-2.6247564494119655,-2.674020138393834,-2.207304805135895,-2.1600974085098863,-2.2646341187372556,A,non-synonymous,0.2513002859393524,0.3046526302348503,1.398571795126796,1.3457910236026494,1.3721814093647227
102,ortho,tatttgactttgtcttttagagatgtt,0.0,tat,1.0,,YLTLSFRDV,,False,False,9.0,4.0,6.0,838.0,923.0,550.0,586.0,516.0,True,False,True,True,False,False,1.0,both,0.0029210178700495976,0.002994585371798666,0.0051888544891640865,0.005419497272636529,0.004950985246063967,-2.5344657861143682,-2.523663301223097,-2.2849285080368453,-2.266040997935057,-2.3053083678641437,Y,non-synonymous,0.15021809158796454,0.15271811838636723,1.2974896007754082,1.1938565117541664,1.2456730562647873
103,ortho,tatttgactttgtcttttagagatgtt,1.0,ttg,2.0,,YLTLSFRDV,,False,False,9.0,4.0,6.0,838.0,923.0,550.0,586.0,516.0,True,False,True,True,False,False,1.0,both,0.0029210178700495976,0.002994585371798666,0.0051888544891640865,0.005419497272636529,0.004950985246063967,-2.5344657861143682,-2.523663301223097,-2.2849285080368453,-2.266040997935057,-2.3053083678641437,L,synonymous,0.15021809158796454,0.15271811838636723,1.2974896007754082,1.1938565117541664,1.2456730562647873
104,ortho,tatttgactttgtcttttagagatgtt,2.0,act,3.0,,YLTLSFRDV,,False,False,9.0,4.0,6.0,838.0,923.0,550.0,586.0,516.0,True,False,True,True,False,False,1.0,both,0.0029210178700495976,0.002994585371798666,0.0051888544891640865,0.005419497272636529,0.004950985246063967,-2.5344657861143682,-2.523663301223097,-2.2849285080368453,-2.266040997935057,-2.3053083678641437,T,non-synonymous,0.15021809158796454,0.15271811838636723,1.2974896007754082,1.1938565117541664,1.2456730562647873
105,ortho,tatttgactttgtcttttagagatgtt,3.0,ttg,4.0,,YLTLSFRDV,,False,False,9.0,4.0,6.0,838.0,923.0,550.0,586.0,516.0,True,False,True,True,False,False,1.0,both,0.0029210178700495976,0.002994585371798666,0.0051888544891640865,0.005419497272636529,0.004950985246063967,-2.5344657861143682,-2.523663301223097,-2.2849285080368453,-2.266040997935057,-2.3053083678641437,L,synonymous,0.15021809158796454,0.15271811838636723,1.2974896007754082,1.1938565117541664,1.2456730562647873
106,ortho,tatttgactttgtcttttagagatgtt,5.0,ttt,5.0,,YLTLSFRDV,,False,False,9.0,4.0,6.0,838.0,923.0,550.0,586.0,516.0,True,False,True,True,False,False,1.0,both,0.0029210178700495976,0.002994585371798666,0.0051888544891640865,0.005419497272636529,0.004950985246063967,-2.5344657861143682,-2.523663301223097,-2.2849285080368453,-2.266040997935057,-2.3053083678641437,F,non-synonymous,0.15021809158796454,0.15271811838636723,1.2974896007754082,1.1938565117541664,1.2456730562647873
107,ortho,tatttgactttgtcttttagagatgtt,8.0,gtt,6.0,,YLTLSFRDV,,False,False,9.0,4.0,6.0,838.0,923.0,550.0,586.0,516.0,True,False,True,True,False,False,1.0,both,0.0029210178700495976,0.002994585371798666,0.0051888544891640865,0.005419497272636529,0.004950985246063967,-2.5344657861143682,-2.523663301223097,-2.2849285080368453,-2.266040997935057,-2.3053083678641437,V,non-synonymous,0.15021809158796454,0.15271811838636723,1.2974896007754082,1.1938565117541664,1.2456730562647873
108,ortho,tatttgactttgtctttttctgatcca,0.0,tat,1.0,,YLTLSFSDP,,False,False,9.0,4.0,6.0,1991.0,1943.0,1271.0,888.0,775.0,True,False,True,True,False,False,1.0,both,0.0044263888542731104,0.004497681517720865,0.012328173374613003,0.01140854084586433,0.011441276814086004,-2.3539504363538577,-2.3470113003439983,-1.9091012666397122,-1.9427698983611867,-1.9415255068043793,Y,non-synonymous,0.26779322846580617,0.23963370211645837,1.41506473765325,1.2807720954842574,1.3479184165687537
109,ortho,tatttgactttgtctttttctgatcca,1.0,ttg,2.0,,YLTLSFSDP,,False,False,9.0,4.0,6.0,1991.0,1943.0,1271.0,888.0,775.0,True,False,True,True,False,False,1.0,both,0.0044263888542731104,0.004497681517720865,0.012328173374613003,0.01140854084586433,0.011441276814086004,-2.3539504363538577,-2.3470113003439983,-1.9091012666397122,-1.9427698983611867,-1.9415255068043793,L,synonymous,0.26779322846580617,0.23963370211645837,1.41506473765325,1.2807720954842574,1.3479184165687537
110,ortho,tatttgactttgtctttttctgatcca,2.0,act,3.0,,YLTLSFSDP,,False,False,9.0,4.0,6.0,1991.0,1943.0,1271.0,888.0,775.0,True,False,True,True,False,False,1.0,both,0.0044263888542731104,0.004497681517720865,0.012328173374613003,0.01140854084586433,0.011441276814086004,-2.3539504363538577,-2.3470113003439983,-1.9091012666397122,-1.9427698983611867,-1.9415255068043793,T,non-synonymous,0.26779322846580617,0.23963370211645837,1.41506473765325,1.2807720954842574,1.3479184165687537
111,ortho,tatttgactttgtctttttctgatcca,3.0,ttg,4.0,,YLTLSFSDP,,False,False,9.0,4.0,6.0,1991.0,1943.0,1271.0,888.0,775.0,True,False,True,True,False,False,1.0,both,0.0044263888542731104,0.004497681517720865,0.012328173374613003,0.01140854084586433,0.011441276814086004,-2.3539504363538577,-2.3470113003439983,-1.9091012666397122,-1.9427698983611867,-1.9415255068043793,L,synonymous,0.26779322846580617,0.23963370211645837,1.41506473765325,1.2807720954842574,1.3479184165687537
112,ortho,tatttgactttgtctttttctgatcca,5.0,ttt,5.0,,YLTLSFSDP,,False,False,9.0,4.0,6.0,1991.0,1943.0,1271.0,888.0,775.0,True,False,True,True,False,False,1.0,both,0.0044263888542731104,0.004497681517720865,0.012328173374613003,0.01140854084586433,0.011441276814086004,-2.3539504363538577,-2.3470113003439983,-1.9091012666397122,-1.9427698983611867,-1.9415255068043793,F,non-synonymous,0.26779322846580617,0.23963370211645837,1.41506473765325,1.2807720954842574,1.3479184165687537
113,ortho,tatttgactttgtctttttctgatcca,6.0,tct,6.0,,YLTLSFSDP,,False,False,9.0,4.0,6.0,1991.0,1943.0,1271.0,888.0,775.0,True,False,True,True,False,False,1.0,both,0.0044263888542731104,0.004497681517720865,0.012328173374613003,0.01140854084586433,0.011441276814086004,-2.3539504363538577,-2.3470113003439983,-1.9091012666397122,-1.9427698983611867,-1.9415255068043793,S,non-synonymous,0.26779322846580617,0.23963370211645837,1.41506473765325,1.2807720954842574,1.3479184165687537
114,ortho,tatttgattttgtctattagagatcca,0.0,tat,1.0,,YLILSIRDP,,False,False,6.0,3.0,5.0,1652.0,1873.0,1028.0,708.0,626.0,True,False,True,True,False,False,1.0,both,0.003529147870298831,0.003632965974313886,0.010229102167182662,0.010997528051623207,0.009253841514461379,-2.4523301444426897,-2.439738669639879,-1.9901624836827583,-1.958704921585732,-2.0336779426991307,Y,non-synonymous,0.27821872759012134,0.2851560907016455,1.425490236777565,1.3262944840694446,1.3758923604235047
115,ortho,tatttgattttgtctattagagatcca,1.0,ttg,2.0,,YLILSIRDP,,False,False,6.0,3.0,5.0,1652.0,1873.0,1028.0,708.0,626.0,True,False,True,True,False,False,1.0,both,0.003529147870298831,0.003632965974313886,0.010229102167182662,0.010997528051623207,0.009253841514461379,-2.4523301444426897,-2.439738669639879,-1.9901624836827583,-1.958704921585732,-2.0336779426991307,L,synonymous,0.27821872759012134,0.2851560907016455,1.425490236777565,1.3262944840694446,1.3758923604235047
116,ortho,tatttgattttgtctattagagatcca,2.0,att,3.0,,YLILSIRDP,,False,False,6.0,3.0,5.0,1652.0,1873.0,1028.0,708.0,626.0,True,False,True,True,False,False,1.0,both,0.003529147870298831,0.003632965974313886,0.010229102167182662,0.010997528051623207,0.009253841514461379,-2.4523301444426897,-2.439738669639879,-1.9901624836827583,-1.958704921585732,-2.0336779426991307,I,non-synonymous,0.27821872759012134,0.2851560907016455,1.425490236777565,1.3262944840694446,1.3758923604235047
117,ortho,tatttgattttgtctattagagatcca,3.0,ttg,4.0,,YLILSIRDP,,False,False,6.0,3.0,5.0,1652.0,1873.0,1028.0,708.0,626.0,True,False,True,True,False,False,1.0,both,0.003529147870298831,0.003632965974313886,0.010229102167182662,0.010997528051623207,0.009253841514461379,-2.4523301444426897,-2.439738669639879,-1.9901624836827583,-1.958704921585732,-2.0336779426991307,L,synonymous,0.27821872759012134,0.2851560907016455,1.425490236777565,1.3262944840694446,1.3758923604235047
118,ortho,tatttgattttgtctattagagatcca,5.0,att,5.0,,YLILSIRDP,,False,False,6.0,3.0,5.0,1652.0,1873.0,1028.0,708.0,626.0,True,False,True,True,False,False,1.0,both,0.003529147870298831,0.003632965974313886,0.010229102167182662,0.010997528051623207,0.009253841514461379,-2.4523301444426897,-2.439738669639879,-1.9901624836827583,-1.958704921585732,-2.0336779426991307,I,non-synonymous,0.27821872759012134,0.2851560907016455,1.425490236777565,1.3262944840694446,1.3758923604235047
119,ortho,tatttgattttgtctttgagagatcca,0.0,tat,1.0,,YLILSLRDP,,False,False,4.0,2.0,4.0,1458.0,1535.0,896.0,703.0,741.0,True,False,True,True,False,False,1.0,both,0.003504224509632879,0.004300363876943433,0.009027863777089784,0.00901292341657321,0.008065605055406025,-2.4554080771126348,-2.3664947948709805,-2.0444150026851657,-2.045134319147764,-2.093363047696262,Y,non-synonymous,0.24741231359101593,0.1905020122474616,1.3946838227784597,1.2316404056152608,1.3131621141968601
120,ortho,tatttgattttgtctttgagagatcca,1.0,ttg,2.0,,YLILSLRDP,,False,False,4.0,2.0,4.0,1458.0,1535.0,896.0,703.0,741.0,True,False,True,True,False,False,1.0,both,0.003504224509632879,0.004300363876943433,0.009027863777089784,0.00901292341657321,0.008065605055406025,-2.4554080771126348,-2.3664947948709805,-2.0444150026851657,-2.045134319147764,-2.093363047696262,L,synonymous,0.24741231359101593,0.1905020122474616,1.3946838227784597,1.2316404056152608,1.3131621141968601
121,ortho,tatttgattttgtctttgagagatcca,2.0,att,3.0,,YLILSLRDP,,False,False,4.0,2.0,4.0,1458.0,1535.0,896.0,703.0,741.0,True,False,True,True,False,False,1.0,both,0.003504224509632879,0.004300363876943433,0.009027863777089784,0.00901292341657321,0.008065605055406025,-2.4554080771126348,-2.3664947948709805,-2.0444150026851657,-2.045134319147764,-2.093363047696262,I,non-synonymous,0.24741231359101593,0.1905020122474616,1.3946838227784597,1.2316404056152608,1.3131621141968601
122,ortho,tatttgattttgtctttgagagatcca,3.0,ttg,4.0,,YLILSLRDP,,False,False,4.0,2.0,4.0,1458.0,1535.0,896.0,703.0,741.0,True,False,True,True,False,False,1.0,both,0.003504224509632879,0.004300363876943433,0.009027863777089784,0.00901292341657321,0.008065605055406025,-2.4554080771126348,-2.3664947948709805,-2.0444150026851657,-2.045134319147764,-2.093363047696262,L,synonymous,0.24741231359101593,0.1905020122474616,1.3946838227784597,1.2316404056152608,1.3131621141968601
123,ortho,tatttgattttgtcttttagagatcca,0.0,tat,1.0,,YLILSFRDP,,False,False,5.0,3.0,5.0,948.0,1031.0,628.0,377.0,426.0,True,False,True,True,False,False,1.0,both,0.0018792213942127956,0.0024722739697407596,0.005869969040247678,0.0060536312980371204,0.005653124971869402,-2.726022051926666,-2.6069034037475896,-2.2313641893290557,-2.217984033677453,-2.2477114136211913,Y,non-synonymous,0.2977773929445125,0.23055082437763422,1.4450489021319561,1.2716892177454333,1.3583690599386946
124,ortho,tatttgattttgtcttttagagatcca,1.0,ttg,2.0,,YLILSFRDP,,False,False,5.0,3.0,5.0,948.0,1031.0,628.0,377.0,426.0,True,False,True,True,False,False,1.0,both,0.0018792213942127956,0.0024722739697407596,0.005869969040247678,0.0060536312980371204,0.005653124971869402,-2.726022051926666,-2.6069034037475896,-2.2313641893290557,-2.217984033677453,-2.2477114136211913,L,synonymous,0.2977773929445125,0.23055082437763422,1.4450489021319561,1.2716892177454333,1.3583690599386946
125,ortho,tatttgattttgtcttttagagatcca,2.0,att,3.0,,YLILSFRDP,,False,False,5.0,3.0,5.0,948.0,1031.0,628.0,377.0,426.0,True,False,True,True,False,False,1.0,both,0.0018792213942127956,0.0024722739697407596,0.005869969040247678,0.0060536312980371204,0.005653124971869402,-2.726022051926666,-2.6069034037475896,-2.2313641893290557,-2.217984033677453,-2.2477114136211913,I,non-synonymous,0.2977773929445125,0.23055082437763422,1.4450489021319561,1.2716892177454333,1.3583690599386946
126,ortho,tatttgattttgtcttttagagatcca,3.0,ttg,4.0,,YLILSFRDP,,False,False,5.0,3.0,5.0,948.0,1031.0,628.0,377.0,426.0,True,False,True,True,False,False,1.0,both,0.0018792213942127956,0.0024722739697407596,0.005869969040247678,0.0060536312980371204,0.005653124971869402,-2.726022051926666,-2.6069034037475896,-2.2313641893290557,-2.217984033677453,-2.2477114136211913,L,synonymous,0.2977773929445125,0.23055082437763422,1.4450489021319561,1.2716892177454333,1.3583690599386946
127,ortho,tatttgattttgtcttttagagatcca,5.0,ttt,5.0,,YLILSFRDP,,False,False,5.0,3.0,5.0,948.0,1031.0,628.0,377.0,426.0,True,False,True,True,False,False,1.0,both,0.0018792213942127956,0.0024722739697407596,0.005869969040247678,0.0060536312980371204,0.005653124971869402,-2.726022051926666,-2.6069034037475896,-2.2313641893290557,-2.217984033677453,-2.2477114136211913,F,non-synonymous,0.2977773929445125,0.23055082437763422,1.4450489021319561,1.2716892177454333,1.3583690599386946
128,ortho,tatttggctttgtcttttaaagatcca,0.0,tat,1.0,,YLALSFKDP,,False,False,6.0,4.0,6.0,1088.0,1187.0,680.0,523.0,482.0,True,False,True,True,False,False,1.0,both,0.0026069835256585998,0.002797267731021235,0.006736842105263158,0.006969602668060196,0.006121218122406359,-2.5838617132651844,-2.553265964611459,-2.1715436313049605,-2.156791980006378,-2.213162144652151,Y,non-synonymous,0.24820995033869384,0.2350291886426296,1.3954814595261376,1.2761675820104288,1.3358245207682833
129,ortho,tatttggctttgtcttttaaagatcca,1.0,ttg,2.0,,YLALSFKDP,,False,False,6.0,4.0,6.0,1088.0,1187.0,680.0,523.0,482.0,True,False,True,True,False,False,1.0,both,0.0026069835256585998,0.002797267731021235,0.006736842105263158,0.006969602668060196,0.006121218122406359,-2.5838617132651844,-2.553265964611459,-2.1715436313049605,-2.156791980006378,-2.213162144652151,L,synonymous,0.24820995033869384,0.2350291886426296,1.3954814595261376,1.2761675820104288,1.3358245207682833
130,ortho,tatttggctttgtcttttaaagatcca,2.0,gct,3.0,,YLALSFKDP,,False,False,6.0,4.0,6.0,1088.0,1187.0,680.0,523.0,482.0,True,False,True,True,False,False,1.0,both,0.0026069835256585998,0.002797267731021235,0.006736842105263158,0.006969602668060196,0.006121218122406359,-2.5838617132651844,-2.553265964611459,-2.1715436313049605,-2.156791980006378,-2.213162144652151,A,non-synonymous,0.24820995033869384,0.2350291886426296,1.3954814595261376,1.2761675820104288,1.3358245207682833
131,ortho,tatttggctttgtcttttaaagatcca,3.0,ttg,4.0,,YLALSFKDP,,False,False,6.0,4.0,6.0,1088.0,1187.0,680.0,523.0,482.0,True,False,True,True,False,False,1.0,both,0.0026069835256585998,0.002797267731021235,0.006736842105263158,0.006969602668060196,0.006121218122406359,-2.5838617132651844,-2.553265964611459,-2.1715436313049605,-2.156791980006378,-2.213162144652151,L,synonymous,0.24820995033869384,0.2350291886426296,1.3954814595261376,1.2761675820104288,1.3358245207682833
132,ortho,tatttggctttgtcttttaaagatcca,5.0,ttt,5.0,,YLALSFKDP,,False,False,6.0,4.0,6.0,1088.0,1187.0,680.0,523.0,482.0,True,False,True,True,False,False,1.0,both,0.0026069835256585998,0.002797267731021235,0.006736842105263158,0.006969602668060196,0.006121218122406359,-2.5838617132651844,-2.553265964611459,-2.1715436313049605,-2.156791980006378,-2.213162144652151,F,non-synonymous,0.24820995033869384,0.2350291886426296,1.3954814595261376,1.2761675820104288,1.3358245207682833
133,ortho,tatttggctttgtcttttaaagatcca,6.0,aaa,6.0,,YLALSFKDP,,False,False,6.0,4.0,6.0,1088.0,1187.0,680.0,523.0,482.0,True,False,True,True,False,False,1.0,both,0.0026069835256585998,0.002797267731021235,0.006736842105263158,0.006969602668060196,0.006121218122406359,-2.5838617132651844,-2.553265964611459,-2.1715436313049605,-2.156791980006378,-2.213162144652151,K,non-synonymous,0.24820995033869384,0.2350291886426296,1.3954814595261376,1.2761675820104288,1.3358245207682833
134,ortho,tatttggctttgtcttttagagatcca,0.0,tat,1.0,,YLALSFRDP,,False,False,5.0,3.0,5.0,576.0,630.0,322.0,291.0,240.0,True,False,True,True,False,False,1.0,both,0.001450539590758418,0.0013928304054877517,0.00356656346749226,0.0036991151481701122,0.0028985768167865407,-2.8384704131465512,-2.8561017611387025,-2.4477500432439094,-2.4319021495073874,-2.5378151856625566,Y,non-synonymous,0.2352084176099909,0.25146489912455366,1.3824799267974346,1.2926032924923527,1.3375416096448935
135,ortho,tatttggctttgtcttttagagatcca,1.0,ttg,2.0,,YLALSFRDP,,False,False,5.0,3.0,5.0,576.0,630.0,322.0,291.0,240.0,True,False,True,True,False,False,1.0,both,0.001450539590758418,0.0013928304054877517,0.00356656346749226,0.0036991151481701122,0.0028985768167865407,-2.8384704131465512,-2.8561017611387025,-2.4477500432439094,-2.4319021495073874,-2.5378151856625566,L,synonymous,0.2352084176099909,0.25146489912455366,1.3824799267974346,1.2926032924923527,1.3375416096448935
136,ortho,tatttggctttgtcttttagagatcca,2.0,gct,3.0,,YLALSFRDP,,False,False,5.0,3.0,5.0,576.0,630.0,322.0,291.0,240.0,True,False,True,True,False,False,1.0,both,0.001450539590758418,0.0013928304054877517,0.00356656346749226,0.0036991151481701122,0.0028985768167865407,-2.8384704131465512,-2.8561017611387025,-2.4477500432439094,-2.4319021495073874,-2.5378151856625566,A,non-synonymous,0.2352084176099909,0.25146489912455366,1.3824799267974346,1.2926032924923527,1.3375416096448935
137,ortho,tatttggctttgtcttttagagatcca,3.0,ttg,4.0,,YLALSFRDP,,False,False,5.0,3.0,5.0,576.0,630.0,322.0,291.0,240.0,True,False,True,True,False,False,1.0,both,0.001450539590758418,0.0013928304054877517,0.00356656346749226,0.0036991151481701122,0.0028985768167865407,-2.8384704131465512,-2.8561017611387025,-2.4477500432439094,-2.4319021495073874,-2.5378151856625566,L,synonymous,0.2352084176099909,0.25146489912455366,1.3824799267974346,1.2926032924923527,1.3375416096448935
138,ortho,tatttggctttgtcttttagagatcca,5.0,ttt,5.0,,YLALSFRDP,,False,False,5.0,3.0,5.0,576.0,630.0,322.0,291.0,240.0,True,False,True,True,False,False,1.0,both,0.001450539590758418,0.0013928304054877517,0.00356656346749226,0.0036991151481701122,0.0028985768167865407,-2.8384704131465512,-2.8561017611387025,-2.4477500432439094,-2.4319021495073874,-2.5378151856625566,F,non-synonymous,0.2352084176099909,0.25146489912455366,1.3824799267974346,1.2926032924923527,1.3375416096448935
139,single,tcgttagttttatctttgagagatcca,0.0,tcg,1.0,,SLVLSLRDP,,False,False,2.0,1.0,1.0,1475.0,1706.0,999.0,607.0,567.0,True,False,True,True,False,False,1.0,both,0.0030256959848465968,0.0032905618329648135,0.00913312693498452,0.010016968956790813,0.00899278956512346,-2.519174711057201,-2.482729943957402,-2.03938050635294,-1.999263672129465,-2.046105569132405,S,non-synonymous,0.2888296704240254,0.2865980871783557,1.436101179611469,1.327736480546155,1.381918830078812
140,single,tctttagttttatctttgagagatcca,0.0,tct,1.0,,SLVLSLRDP,,False,False,1.0,1.0,1.0,1716.0,1783.0,1153.0,879.0,706.0,True,False,True,True,False,False,1.0,both,0.004381526805074396,0.004097242776143137,0.010625386996904025,0.010469083030456048,0.01037906543402137,-2.358374527058687,-2.387508301798505,-1.973655243154435,-1.9800913557856146,-1.9838417500636885,S,non-synonymous,0.23159584439817063,0.24151615989646055,1.3788673535856144,1.2826545532642597,1.330760953424937
141,ortho,tctttgactttgtcttttagagatgtt,0.0,tct,1.0,,SLTLSFRDV,,False,False,9.0,4.0,6.0,958.0,813.0,452.0,364.0,384.0,True,False,True,True,False,False,1.0,both,0.00181442065648132,0.0022285286487804027,0.005931888544891641,0.004773620024543335,0.004068809693128932,-2.7412620184834027,-2.6519817784827775,-2.2268070175885772,-2.321152153366901,-2.3905326225470054,S,non-synonymous,0.30969500444056625,0.19611530992980408,1.4569665136280099,1.2372537032976032,1.3471101084628065
142,ortho,tctttgactttgtcttttagagatgtt,1.0,ttg,2.0,,SLTLSFRDV,,False,False,9.0,4.0,6.0,958.0,813.0,452.0,364.0,384.0,True,False,True,True,False,False,1.0,both,0.00181442065648132,0.0022285286487804027,0.005931888544891641,0.004773620024543335,0.004068809693128932,-2.7412620184834027,-2.6519817784827775,-2.2268070175885772,-2.321152153366901,-2.3905326225470054,L,synonymous,0.30969500444056625,0.19611530992980408,1.4569665136280099,1.2372537032976032,1.3471101084628065
143,ortho,tctttgactttgtcttttagagatgtt,2.0,act,3.0,,SLTLSFRDV,,False,False,9.0,4.0,6.0,958.0,813.0,452.0,364.0,384.0,True,False,True,True,False,False,1.0,both,0.00181442065648132,0.0022285286487804027,0.005931888544891641,0.004773620024543335,0.004068809693128932,-2.7412620184834027,-2.6519817784827775,-2.2268070175885772,-2.321152153366901,-2.3905326225470054,T,non-synonymous,0.30969500444056625,0.19611530992980408,1.4569665136280099,1.2372537032976032,1.3471101084628065
144,ortho,tctttgactttgtcttttagagatgtt,3.0,ttg,4.0,,SLTLSFRDV,,False,False,9.0,4.0,6.0,958.0,813.0,452.0,364.0,384.0,True,False,True,True,False,False,1.0,both,0.00181442065648132,0.0022285286487804027,0.005931888544891641,0.004773620024543335,0.004068809693128932,-2.7412620184834027,-2.6519817784827775,-2.2268070175885772,-2.321152153366901,-2.3905326225470054,L,synonymous,0.30969500444056625,0.19611530992980408,1.4569665136280099,1.2372537032976032,1.3471101084628065
145,ortho,tctttgactttgtcttttagagatgtt,5.0,ttt,5.0,,SLTLSFRDV,,False,False,9.0,4.0,6.0,958.0,813.0,452.0,364.0,384.0,True,False,True,True,False,False,1.0,both,0.00181442065648132,0.0022285286487804027,0.005931888544891641,0.004773620024543335,0.004068809693128932,-2.7412620184834027,-2.6519817784827775,-2.2268070175885772,-2.321152153366901,-2.3905326225470054,F,non-synonymous,0.30969500444056625,0.19611530992980408,1.4569665136280099,1.2372537032976032,1.3471101084628065
146,ortho,tctttgactttgtcttttagagatgtt,8.0,gtt,6.0,,SLTLSFRDV,,False,False,9.0,4.0,6.0,958.0,813.0,452.0,364.0,384.0,True,False,True,True,False,False,1.0,both,0.00181442065648132,0.0022285286487804027,0.005931888544891641,0.004773620024543335,0.004068809693128932,-2.7412620184834027,-2.6519817784827775,-2.2268070175885772,-2.321152153366901,-2.3905326225470054,V,non-synonymous,0.30969500444056625,0.19611530992980408,1.4569665136280099,1.2372537032976032,1.3471101084628065
147,single,tggttagttttatctttgagagatcca,0.0,tgg,1.0,,WLVLSLRDP,,False,False,2.0,1.0,1.0,842.0,793.0,632.0,1605.0,1362.0,True,False,True,True,False,False,1.0,both,0.008000398773770656,0.00790431255114299,0.005213622291021672,0.0046561877976173,0.005689132137295321,-2.096888365391568,-2.102135895273542,-2.282860435167472,-2.3319695116433654,-2.2449539790760027,W,non-synonymous,-0.11195268949644158,-0.1362450260942258,1.0353188196910021,0.9048933672735733,0.9701060934822877
148,ortho,ttgcaaattagaccattgattgctcca,0.0,ttg,1.0,,LQIRPLIAP,,False,False,11.0,7.0,7.0,2482.0,2730.0,1531.0,962.0,723.0,True,False,True,True,False,False,1.0,both,0.004795254592129203,0.004195901596531853,0.015368421052631578,0.01602949897540382,0.013781742566770788,-2.319188330094646,-2.3771747055557775,-1.8133707495044107,-1.7950800519202132,-1.8606958666601265,L,non-synonymous,0.3044953933668427,0.3450648452847465,1.4517669025542865,1.3862032386525456,1.4189850706034162
149,ortho,ttgcaaattagaccattgattgctcca,1.0,caa,2.0,,LQIRPLIAP,,False,False,11.0,7.0,7.0,2482.0,2730.0,1531.0,962.0,723.0,True,False,True,True,False,False,1.0,both,0.004795254592129203,0.004195901596531853,0.015368421052631578,0.01602949897540382,0.013781742566770788,-2.319188330094646,-2.3771747055557775,-1.8133707495044107,-1.7950800519202132,-1.8606958666601265,Q,non-synonymous,0.3044953933668427,0.3450648452847465,1.4517669025542865,1.3862032386525456,1.4189850706034162
150,ortho,ttgcaaattagaccattgattgctcca,2.0,att,3.0,,LQIRPLIAP,,False,False,11.0,7.0,7.0,2482.0,2730.0,1531.0,962.0,723.0,True,False,True,True,False,False,1.0,both,0.004795254592129203,0.004195901596531853,0.015368421052631578,0.01602949897540382,0.013781742566770788,-2.319188330094646,-2.3771747055557775,-1.8133707495044107,-1.7950800519202132,-1.8606958666601265,I,non-synonymous,0.3044953933668427,0.3450648452847465,1.4517669025542865,1.3862032386525456,1.4189850706034162
151,ortho,ttgcaaattagaccattgattgctcca,3.0,aga,4.0,,LQIRPLIAP,,False,False,11.0,7.0,7.0,2482.0,2730.0,1531.0,962.0,723.0,True,False,True,True,False,False,1.0,both,0.004795254592129203,0.004195901596531853,0.015368421052631578,0.01602949897540382,0.013781742566770788,-2.319188330094646,-2.3771747055557775,-1.8133707495044107,-1.7950800519202132,-1.8606958666601265,R,non-synonymous,0.3044953933668427,0.3450648452847465,1.4517669025542865,1.3862032386525456,1.4189850706034162
152,ortho,ttgcaaattagaccattgattgctcca,4.0,cca,5.0,,LQIRPLIAP,,False,False,11.0,7.0,7.0,2482.0,2730.0,1531.0,962.0,723.0,True,False,True,True,False,False,1.0,both,0.004795254592129203,0.004195901596531853,0.015368421052631578,0.01602949897540382,0.013781742566770788,-2.319188330094646,-2.3771747055557775,-1.8133707495044107,-1.7950800519202132,-1.8606958666601265,P,non-synonymous,0.3044953933668427,0.3450648452847465,1.4517669025542865,1.3862032386525456,1.4189850706034162
153,ortho,ttgcaaattagaccattgattgctcca,6.0,att,6.0,,LQIRPLIAP,,False,False,11.0,7.0,7.0,2482.0,2730.0,1531.0,962.0,723.0,True,False,True,True,False,False,1.0,both,0.004795254592129203,0.004195901596531853,0.015368421052631578,0.01602949897540382,0.013781742566770788,-2.319188330094646,-2.3771747055557775,-1.8133707495044107,-1.7950800519202132,-1.8606958666601265,I,non-synonymous,0.3044953933668427,0.3450648452847465,1.4517669025542865,1.3862032386525456,1.4189850706034162
154,ortho,ttgcaaattagaccattgattgctcca,7.0,gct,7.0,,LQIRPLIAP,,False,False,11.0,7.0,7.0,2482.0,2730.0,1531.0,962.0,723.0,True,False,True,True,False,False,1.0,both,0.004795254592129203,0.004195901596531853,0.015368421052631578,0.01602949897540382,0.013781742566770788,-2.319188330094646,-2.3771747055557775,-1.8133707495044107,-1.7950800519202132,-1.8606958666601265,A,non-synonymous,0.3044953933668427,0.3450648452847465,1.4517669025542865,1.3862032386525456,1.4189850706034162
155,ortho,ttgcaagttaaaccaatgattaaacca,0.0,ttg,1.0,,LQVKPMIKP,,False,False,12.0,7.0,7.0,1372.0,1495.0,857.0,559.0,434.0,True,False,True,True,False,False,1.0,both,0.002786431722453456,0.0025187016499236847,0.008495356037151703,0.008778058962721139,0.007714535192503308,-2.5549515942460355,-2.5988232733377976,-2.070818415296389,-2.0566015063005207,-2.1126902354351893,L,non-synonymous,0.2914416746729001,0.32142825738763736,1.4387131838603437,1.3625666507554364,1.40063991730789
156,ortho,ttgcaagttaaaccaatgattaaacca,1.0,caa,2.0,,LQVKPMIKP,,False,False,12.0,7.0,7.0,1372.0,1495.0,857.0,559.0,434.0,True,False,True,True,False,False,1.0,both,0.002786431722453456,0.0025187016499236847,0.008495356037151703,0.008778058962721139,0.007714535192503308,-2.5549515942460355,-2.5988232733377976,-2.070818415296389,-2.0566015063005207,-2.1126902354351893,Q,non-synonymous,0.2914416746729001,0.32142825738763736,1.4387131838603437,1.3625666507554364,1.40063991730789
157,ortho,ttgcaagttaaaccaatgattaaacca,3.0,aaa,3.0,,LQVKPMIKP,,False,False,12.0,7.0,7.0,1372.0,1495.0,857.0,559.0,434.0,True,False,True,True,False,False,1.0,both,0.002786431722453456,0.0025187016499236847,0.008495356037151703,0.008778058962721139,0.007714535192503308,-2.5549515942460355,-2.5988232733377976,-2.070818415296389,-2.0566015063005207,-2.1126902354351893,K,non-synonymous,0.2914416746729001,0.32142825738763736,1.4387131838603437,1.3625666507554364,1.40063991730789
158,ortho,ttgcaagttaaaccaatgattaaacca,4.0,cca,4.0,,LQVKPMIKP,,False,False,12.0,7.0,7.0,1372.0,1495.0,857.0,559.0,434.0,True,False,True,True,False,False,1.0,both,0.002786431722453456,0.0025187016499236847,0.008495356037151703,0.008778058962721139,0.007714535192503308,-2.5549515942460355,-2.5988232733377976,-2.070818415296389,-2.0566015063005207,-2.1126902354351893,P,non-synonymous,0.2914416746729001,0.32142825738763736,1.4387131838603437,1.3625666507554364,1.40063991730789
159,ortho,ttgcaagttaaaccaatgattaaacca,5.0,atg,5.0,,LQVKPMIKP,,False,False,12.0,7.0,7.0,1372.0,1495.0,857.0,559.0,434.0,True,False,True,True,False,False,1.0,both,0.002786431722453456,0.0025187016499236847,0.008495356037151703,0.008778058962721139,0.007714535192503308,-2.5549515942460355,-2.5988232733377976,-2.070818415296389,-2.0566015063005207,-2.1126902354351893,M,non-synonymous,0.2914416746729001,0.32142825738763736,1.4387131838603437,1.3625666507554364,1.40063991730789
160,ortho,ttgcaagttaaaccaatgattaaacca,6.0,att,6.0,,LQVKPMIKP,,False,False,12.0,7.0,7.0,1372.0,1495.0,857.0,559.0,434.0,True,False,True,True,False,False,1.0,both,0.002786431722453456,0.0025187016499236847,0.008495356037151703,0.008778058962721139,0.007714535192503308,-2.5549515942460355,-2.5988232733377976,-2.070818415296389,-2.0566015063005207,-2.1126902354351893,I,non-synonymous,0.2914416746729001,0.32142825738763736,1.4387131838603437,1.3625666507554364,1.40063991730789
161,ortho,ttgcaagttaaaccaatgattaaacca,7.0,aaa,7.0,,LQVKPMIKP,,False,False,12.0,7.0,7.0,1372.0,1495.0,857.0,559.0,434.0,True,False,True,True,False,False,1.0,both,0.002786431722453456,0.0025187016499236847,0.008495356037151703,0.008778058962721139,0.007714535192503308,-2.5549515942460355,-2.5988232733377976,-2.070818415296389,-2.0566015063005207,-2.1126902354351893,K,non-synonymous,0.2914416746729001,0.32142825738763736,1.4387131838603437,1.3625666507554364,1.40063991730789
162,single,ttgttagttttatctttgagagatcca,0.0,ttg,1.0,,LLVLSLRDP,,False,False,1.0,1.0,1.0,856.0,856.0,620.0,763.0,636.0,True,False,True,True,False,False,1.0,both,0.0038033048376243054,0.0036910005745425423,0.00530030959752322,0.005026099312434311,0.005581110641017562,-2.4198388641775783,-2.4328558872018946,-2.2756987619899682,-2.298768934283816,-2.2532793678601335,L,non-synonymous,0.08677040656502727,0.07948654634499976,1.234041915752471,1.120624939712799,1.177333427732635
163,single,tttaaggttttatctttgagagatcca,1.0,aag,1.0,,FKVLSLRDP,,False,False,3.0,1.0,1.0,3.0,4.0,1.0,170.0,149.0,True,False,True,True,False,False,1.0,both,0.0008473942626423747,0.0008647155434069792,1.8575851393188854e-05,2.3486445385207063e-05,9.00179135647994e-06,-3.071914480754185,-3.0631267344380344,-4.731051271947459,-4.6291827076330065,-5.045671057358388,K,non-synonymous,-0.9987780758713122,-0.9283556526806755,0.14849343331613152,0.11278274068712357,0.13063808700162755
164,single,tttaatgttttatctttgagagatcca,1.0,aat,1.0,,FNVLSLRDP,,False,False,3.0,1.0,1.0,5.0,11.0,5.0,704.0,543.0,True,False,True,True,False,False,1.0,both,0.0035092091817660693,0.0031512787924160386,3.0959752321981425e-05,6.458772480931943e-05,4.50089567823997e-05,-2.4547907429903466,-2.5015131732614617,-4.509202522331103,-4.189850013802744,-4.346701053022369,N,non-synonymous,-1.2367283125230217,-1.0008435690506416,-0.08945680333557804,0.040294824317157474,-0.024580989509210283
165,single,tttacggttttatctttgagagatcca,1.0,acg,1.0,,FTVLSLRDP,,False,False,3.0,1.0,1.0,865.0,899.0,717.0,1307.0,1073.0,True,False,True,True,False,False,1.0,both,0.006514966478079904,0.006227112604534824,0.005356037151702787,0.005278578600325288,0.006454284402596116,-2.1860878145519145,-2.2057132808843574,-2.2711564192023075,-2.2774830072277403,-2.1901519016905873,T,non-synonymous,-0.051210158029627605,-0.042544987077501956,1.096061351157816,0.9985934062902971,1.0473273787240567
166,single,tttactgttttatctttgagagatcca,1.0,act,1.0,,FTVLSLRDP,,False,False,3.0,1.0,1.0,65.0,69.0,46.0,93.0,126.0,True,False,True,True,False,False,1.0,both,0.00046357450838671084,0.0007312359628810697,0.00040247678018575853,0.0004051411828948218,0.00041408240239807723,-3.333880453578524,-3.1359424577327455,-3.395259170024266,-3.392393608223714,-3.3829132256768135,T,non-synonymous,-0.03694916334598248,-0.15202386074939644,1.1103223458414613,0.8891145326184027,0.999718439229932
167,single,tttagggttttatctttgagagatcca,1.0,agg,1.0,,FRVLSLRDP,,False,False,3.0,1.0,1.0,505.0,573.0,381.0,756.0,642.0,True,False,True,True,False,False,1.0,both,0.003768412132691972,0.003725821334679736,0.003126934984520124,0.0033644333014309115,0.003429682506818857,-2.4238416066312523,-2.4287779747814553,-2.5048811485484603,-2.4730880769935792,-2.464746081682768,R,non-synonymous,-0.04878471635081282,-0.026266962716256986,1.0984867928366309,1.014871430651542,1.0566791117440864
168,single,tttagtgttttatctttgagagatcca,1.0,agt,1.0,,FSVLSLRDP,,False,False,3.0,1.0,1.0,219.0,266.0,192.0,1418.0,1241.0,True,False,True,True,False,False,1.0,both,0.007068265084864043,0.00720209388837625,0.0013560371517027864,0.0015618486181162696,0.0017283439404441484,-2.150687171285411,-2.142541221351579,-2.867728411827003,-2.8063610623299025,-2.7623698286548377,S,non-synonymous,-0.4316492011689007,-0.3935114148420607,0.715622308018543,0.6476269785257385,0.6816246432721407
169,ortho,tttatggctttgtctttgagagatcca,1.0,atg,1.0,,FMALSLRDP,,False,False,4.0,2.0,3.0,20.0,24.0,15.0,1220.0,897.0,True,False,True,True,False,False,1.0,both,0.006081300002492336,0.005205703640510473,0.0001238390092879257,0.00014091867231124237,0.0001350268703471991,-2.2160035714577107,-2.2835205598062163,-3.9071425310031405,-3.851031457249363,-3.869579798302706,M,non-synonymous,-1.018042951618831,-0.9292181296119818,0.12922855756861273,0.11192026375581732,0.12057441066221503
170,ortho,tttatggctttgtctttgagagatcca,2.0,gct,2.0,,FMALSLRDP,,False,False,4.0,2.0,3.0,20.0,24.0,15.0,1220.0,897.0,True,False,True,True,False,False,1.0,both,0.006081300002492336,0.005205703640510473,0.0001238390092879257,0.00014091867231124237,0.0001350268703471991,-2.2160035714577107,-2.2835205598062163,-3.9071425310031405,-3.851031457249363,-3.869579798302706,A,non-synonymous,-1.018042951618831,-0.9292181296119818,0.12922855756861273,0.11192026375581732,0.12057441066221503
171,ortho,tttatggctttgtctttgagagatcca,3.0,ttg,3.0,,FMALSLRDP,,False,False,4.0,2.0,3.0,20.0,24.0,15.0,1220.0,897.0,True,False,True,True,False,False,1.0,both,0.006081300002492336,0.005205703640510473,0.0001238390092879257,0.00014091867231124237,0.0001350268703471991,-2.2160035714577107,-2.2835205598062163,-3.9071425310031405,-3.851031457249363,-3.869579798302706,L,synonymous,-1.018042951618831,-0.9292181296119818,0.12922855756861273,0.11192026375581732,0.12057441066221503
172,single,tttatggttttatctttgagagatcca,1.0,atg,1.0,,FMVLSLRDP,,False,False,2.0,1.0,1.0,18.0,29.0,26.0,1913.0,1526.0,True,False,True,True,False,False,1.0,both,0.00953567779079331,0.008856079994892956,0.00011145510835913313,0.0001702767290427512,0.00023404657526847843,-2.0206484321051628,-2.052758469231447,-3.9529000215638157,-3.768844701062013,-3.6306977093875696,M,non-synonymous,-1.1631895181052512,-1.0172933669523716,-0.01591800891780748,0.023845026415427517,0.0039635087488100185
173,single,tttattgttttatctttgagagatcca,1.0,att,1.0,,FIVLSLRDP,,False,False,2.0,1.0,1.0,10.0,21.0,10.0,1128.0,968.0,True,False,True,True,False,False,1.0,both,0.005622710166238816,0.0056177493021339325,6.191950464396285e-05,0.00012330383827233708,9.00179135647994e-05,-2.250054302485135,-2.250437645541915,-4.208172526667122,-3.90902340422705,-4.045671057358388,I,non-synonymous,-1.178760884972269,-0.9832071719567548,-0.03148937578482536,0.05793122141104434,0.013220922813109492
174,single,tttcaggttttatctttgagagatcca,1.0,cag,1.0,,FQVLSLRDP,,False,False,3.0,1.0,1.0,27.0,28.0,15.0,1951.0,1746.0,True,False,True,True,False,False,1.0,both,0.009725095331854547,0.010132841199923394,0.0001671826625386997,0.00016440511769644944,0.0001350268703471991,-2.012106132737941,-1.9942687634807577,-3.7768087625081344,-3.78408466761875,-3.869579798302706,Q,non-synonymous,-1.0623272935676813,-1.0610002070835396,0.0849442156197624,-0.019861813715740473,0.03254120095201096
175,single,tttcatgttttatctttgagagatcca,1.0,cat,1.0,,FHVLSLRDP,,False,False,3.0,1.0,1.0,43.0,39.0,38.0,673.0,617.0,True,False,True,True,False,False,1.0,both,0.0033546843456371657,0.0035807348341080954,0.00026625386996904026,0.00022899284250576886,0.0003420680715462377,-2.474348337908482,-2.446027838817067,-3.574704071087535,-3.64017809193447,-3.4658874607415773,H,non-synonymous,-0.6623993800825293,-0.7078904947247258,0.4848721291049144,0.33324789864307336,0.4090600138739939
176,single,tttccggttttatctttgagagatcca,1.0,ccg,1.0,,FPVLSLRDP,,False,False,3.0,1.0,1.0,1.0,3.0,2.0,274.0,229.0,True,False,True,True,False,False,1.0,both,0.0013658001644941803,0.0013289923452362298,6.191950464396284e-06,1.7614834038905296e-05,1.800358271295988e-05,-2.8646128393120707,-2.8764775205104205,-5.208172526667122,-4.7541214442413064,-4.744641061694407,P,non-synonymous,-1.4107914715956544,-1.1130645265257546,-0.26351996240821074,-0.07192613315795549,-0.1677230477830831
177,single,tttcctgttttatctttgagagatcca,1.0,cct,1.0,,FPVLSLRDP,,False,False,3.0,1.0,1.0,1.0,3.0,3.0,51.0,30.0,True,False,True,True,False,False,1.0,both,0.0002542182787927124,0.00017410380068596897,6.191950464396284e-06,1.7614834038905296e-05,2.7005374069439818e-05,-3.5947932260345223,-3.7591917481306463,-5.208172526667122,-4.7541214442413064,-4.568549802638725,P,non-synonymous,-0.9712326808071585,-0.5897928447090093,0.17603882838028517,0.45134554865878984,0.3136921885195375
178,single,tttcgggttttatctttgagagatcca,1.0,cgg,1.0,,FRVLSLRDP,,False,False,3.0,1.0,1.0,502.0,483.0,335.0,683.0,666.0,True,False,True,True,False,False,1.0,both,0.00340453106696907,0.0038651043752285113,0.003108359133126935,0.002835988280263753,0.0030156001044207795,-2.4679426984509263,-2.4128387736800074,-2.5074688095221025,-2.547295568209457,-2.520626250321542,R,non-synonymous,-0.023794188262169814,-0.07970578790238317,1.123477320925274,0.961432605465416,1.042454963195345
179,single,tttcgtgttttatctttgagagatcca,1.0,cgt,1.0,,FRVLSLRDP,,False,False,3.0,1.0,1.0,185.0,166.0,96.0,233.0,253.0,True,False,True,True,False,False,1.0,both,0.0011614286070333723,0.001468275385785005,0.0011455108359133127,0.0009746874834860931,0.0008641719702220742,-2.9350074811064397,-2.8331924816744904,-2.941000798264108,-3.011134610920914,-3.063399824318819,R,non-synonymous,-0.0036078964739954004,-0.10548382967368322,1.1436636127134483,0.9356545636941159,1.0396590882037822
180,single,tttctggttttatctttgagagatcca,1.0,ctg,1.0,,FLVLSLRDP,,False,False,2.0,0.0,1.0,5.0,10.0,8.0,1307.0,1098.0,True,False,True,True,False,False,1.0,both,0.006514966478079904,0.006372199105106465,3.0959752321981425e-05,5.871611346301766e-05,7.201433085183952e-05,-2.1860878145519145,-2.1957106627362353,-4.509202522331103,-4.231242698960969,-4.142581070366444,L,synonymous,-1.3984838683465446,-1.206660364882483,-0.2512123591591009,-0.16552197151468384,-0.20836716533689237
181,single,tttcttgttttatctttgagagatcca,1.0,ctt,1.0,,FLVLSLRDP,,False,False,2.0,0.0,1.0,5.0,9.0,1.0,475.0,459.0,True,False,True,True,False,False,1.0,both,0.002367719263265459,0.0026637881504953252,3.0959752321981425e-05,5.284450211671589e-05,9.00179135647994e-06,-2.6256697925075922,-2.5745003173130474,-4.509202522331103,-4.277000189521645,-5.045671057358388,L,synonymous,-1.133861418611999,-1.0092393931670827,0.013410090575444622,0.031899000200716454,0.022654545388080538
182,single,tttgaggttttatctttgagagatcca,1.0,gag,1.0,,FEVLSLRDP,,False,False,3.0,1.0,1.0,4.0,1.0,2.0,158.0,153.0,True,False,True,True,False,False,1.0,both,0.0007875781970440894,0.0008879293834984417,2.4767801857585138e-05,5.871611346301766e-06,1.800358271295988e-05,-3.103706315178036,-3.0516215720327096,-4.606112535339159,-5.231242698960969,-4.744641061694407,E,non-synonymous,-0.9044283760776508,-1.2920761636366844,0.24284313310979289,-0.2509377702688853,-0.004047318579546211
183,single,tttgcggttttatctttgagagatcca,1.0,gcg,1.0,,FAVLSLRDP,,False,False,3.0,1.0,1.0,26.0,25.0,26.0,1021.0,921.0,True,False,True,True,False,False,1.0,both,0.005089350247987439,0.0053449866810592475,0.0001609907120743034,0.00014679028365754414,0.00023404657526847843,-2.2933376600455486,-2.2720533726534597,-3.7931991786963035,-3.8333026902889316,-3.6306977093875696,A,non-synonymous,-0.9028964999287503,-0.9255062744109784,0.24437500925869338,0.11563211895682068,0.18000356410775703
184,single,tttgctgttttatctttgagagatcca,1.0,gct,1.0,,FAVLSLRDP,,False,False,3.0,1.0,1.0,16.0,19.0,10.0,298.0,241.0,True,False,True,True,False,False,1.0,both,0.001485432295690751,0.0013986338655106174,9.907120743034055e-05,0.00011156061557973355,9.00179135647994e-05,-2.8281471380562033,-2.85429596027544,-4.004052544011197,-3.95248909800814,-4.045671057358388,A,non-synonymous,-0.7078792689068804,-0.6510072593825172,0.43939224028056334,0.3901311339852819,0.4147616871329226
185,single,tttggggttttatctttgagagatcca,1.0,ggg,1.0,,FGVLSLRDP,,False,False,3.0,1.0,1.0,3.0,1.0,2.0,62.0,61.0,True,False,True,True,False,False,1.0,both,0.00030904967225780724,0.00035401106139480357,1.8575851393188854e-05,5.871611346301766e-06,1.800358271295988e-05,-3.5099717126342047,-3.4509831678395413,-4.731051271947459,-5.231242698960969,-4.744641061694407,G,non-synonymous,-0.7350735028059606,-1.0553352033666203,0.4121980063814831,-0.014196809998821225,0.19900059819133092
186,single,tttggtgttttatctttgagagatcca,1.0,ggt,1.0,,FGVLSLRDP,,False,False,3.0,1.0,1.0,3.0,3.0,3.0,153.0,123.0,True,False,True,True,False,False,1.0,both,0.0007626548363781372,0.0007138255828124728,1.8575851393188854e-05,1.7614834038905296e-05,2.7005374069439818e-05,-3.11767197131486,-3.1464078914109104,-4.731051271947459,-4.7541214442413064,-4.568549802638725,G,non-synonymous,-0.9712326808071585,-0.9530502039569259,0.17603882838028517,0.08808818941087326,0.13206350889557922
187,single,tttgtggttttatctttgagagatcca,1.0,gtg,1.0,,FVVLSLRDP,,False,False,2.0,1.0,1.0,8.0,10.0,3.0,450.0,368.0,True,False,True,True,False,False,1.0,both,0.002243102459935698,0.002135673288414553,4.9535603715170275e-05,5.871611346301766e-05,2.7005374069439818e-05,-2.649150888357115,-2.670465184176791,-4.305082539675178,-4.231242698960969,-4.568549802638725,V,non-synonymous,-0.9968486246925703,-0.925226590382153,0.1504228844948734,0.11591180298564607,0.13316734374025974
188,single,tttgttgttttatctttgagagatcca,1.0,gtt,1.0,,FVVLSLRDP,,False,False,2.0,1.0,1.0,10.0,17.0,7.0,890.0,810.0,True,False,True,True,False,False,1.0,both,0.004436358198539491,0.004700802618521163,6.191950464396285e-05,9.981739288713001e-05,6.301253949535957e-05,-2.352973395487546,-2.327827983971659,-4.208172526667122,-4.000793777582695,-4.200573017344131,V,non-synonymous,-1.1168049725815625,-0.991731635282271,0.030466536605881167,0.04940675808552808,0.03993664734570462
189,single,ttttaggttttatctttgagagatcca,1.0,tag,1.0,,F*VLSLRDP,,True,False,2.0,1.0,1.0,6.0,12.0,3.0,371.0,434.0,True,False,True,True,False,False,1.0,both,0.001849313361413653,0.0025187016499236847,3.715170278637771e-05,7.045933615562119e-05,2.7005374069439818e-05,-2.732989492517413,-2.5988232733377976,-4.430021276283478,-4.152061452913345,-4.568549802638725,*,stop,-1.0215903526937604,-0.9207572836790802,0.12568115649368328,0.12038110968871896,0.12303113309120112
190,single,ttttatgttttatctttgagagatcca,1.0,tat,1.0,,FYVLSLRDP,,False,False,2.0,1.0,1.0,18.0,20.0,13.0,1078.0,1125.0,True,False,True,True,False,False,1.0,both,0.005373476559579294,0.0065288925257238365,0.00011145510835913313,0.00011743222692603532,0.00011702328763423922,-2.269744641281739,-2.1851604804029274,-3.9529000215638157,-3.930212703296988,-3.931727705051551,Y,non-synonymous,-1.0132369440747013,-1.0344643633915553,0.13403456511274237,0.006674029976243778,0.07035429754449307
191,single,ttttcggttttatctttgagagatcca,1.0,tcg,1.0,,FSVLSLRDP,,False,False,2.0,1.0,1.0,267.0,265.0,170.0,1687.0,1386.0,True,False,True,True,False,False,1.0,both,0.008409141888692271,0.008043595591691767,0.001653250773993808,0.0015559770067699679,0.0015303045306015897,-2.0752483195433333,-2.0945497725745206,-2.7816612653025463,-2.8079968250241616,-2.8152221359801137,S,non-synonymous,-0.425251110385257,-0.4229303520223098,0.7220203988021867,0.6182080413454893,0.670114220073838
192,single,ttttctgttttatctttgagagatcca,1.0,tct,1.0,,FSVLSLRDP,,False,False,2.0,1.0,1.0,298.0,313.0,208.0,1757.0,1855.0,True,False,True,True,False,False,1.0,both,0.008758068938015602,0.010765418342415749,0.001845201238390093,0.0018378143513924526,0.0018723726021478274,-2.0575916406371637,-1.9679690888992438,-2.7339562625908664,-2.7356983614145207,-2.727607722395626,S,non-synonymous,-0.4071624228262035,-0.4551087713767474,0.7401090863612402,0.5860296219910517,0.6630693541761459
193,single,ttttgggttttatctttgagagatcca,1.0,tgg,1.0,,FWVLSLRDP,,False,False,2.0,1.0,1.0,10.0,4.0,5.0,258.0,234.0,True,False,True,True,False,False,1.0,both,0.0012860454103631334,0.001358009645350558,6.191950464396285e-05,2.3486445385207063e-05,4.50089567823997e-05,-2.8907436961692285,-2.8670971454401655,-4.208172526667122,-4.6291827076330065,-4.346701053022369,W,non-synonymous,-0.7930744706563484,-1.0445617016046906,0.3541970385310953,-0.00342330823689152,0.1753868651471019
194,single,ttttgtgttttatctttgagagatcca,1.0,tgt,1.0,,FCVLSLRDP,,False,False,2.0,1.0,1.0,2.0,3.0,7.0,425.0,315.0,True,False,True,True,False,False,1.0,both,0.0021184856566059365,0.0018280899072026743,1.2383900928792569e-05,1.7614834038905296e-05,6.301253949535957e-05,-2.6739744720821474,-2.738002449060708,-4.9071425310031405,-4.7541214442413064,-4.200573017344131,C,non-synonymous,-1.3443371931871992,-1.1951523430125643,-0.19706568399975555,-0.15401394964476522,-0.17553981682226039
195,single,tttttaaagttatctttgagagatcca,2.0,aag,1.0,,FLKLSLRDP,,False,False,3.0,1.0,1.0,453.0,500.0,342.0,472.0,478.0,True,False,True,True,False,False,1.0,both,0.0023527652468658873,0.0027740538909297725,0.002804953560371517,0.002935805673150883,0.0030786126439161393,-2.628421403498371,-2.5568851062381897,-2.55207432465429,-2.5322726946249503,-2.5116449513022525,K,non-synonymous,0.045959916572908974,0.014590201013466173,1.1932314257603527,1.0557285943812653,1.124480010070809
196,single,tttttaaatttatctttgagagatcca,2.0,aat,1.0,,FLNLSLRDP,,False,False,2.0,1.0,1.0,1.0,1.0,1.0,1.0,6.0,True,False,True,True,False,False,2.0,both,4.98467213319044e-06,3.482076013719379e-05,6.191950464396284e-06,5.871611346301766e-06,9.00179135647994e-06,-5.302363402132459,-4.458161752466665,-5.208172526667122,-5.231242698960969,-5.045671057358388,N,non-synonymous,0.05670164260189966,-0.4582812357552703,1.2039731517893433,0.5828571576125288,0.893415154700936
197,single,tttttaacgttatctttgagagatcca,2.0,acg,1.0,,FLTLSLRDP,,False,False,3.0,1.0,1.0,8.0,10.0,4.0,260.0,169.0,True,False,True,True,False,False,1.0,both,0.0012960147546295143,0.000980784743864292,4.9535603715170275e-05,5.871611346301766e-05,3.600716542591976e-05,-2.887390054161641,-3.008426298236635,-4.305082539675178,-4.231242698960969,-4.443611066030425,T,non-synonymous,-0.8534318450259007,-0.7248837444086308,0.29383966416154295,0.3162546489591683,0.30504715656035564
198,single,tttttaactttatctttgagagatcca,2.0,act,1.0,,FLTLSLRDP,,False,False,2.0,1.0,1.0,4.0,4.0,8.0,578.0,479.0,True,False,True,True,False,False,1.0,both,0.002881140492984074,0.0027798573509526378,2.4767801857585138e-05,2.3486445385207063e-05,7.201433085183952e-05,-2.5404355637119296,-2.555977489435745,-4.606112535339159,-4.6291827076330065,-4.142581070366444,T,non-synonymous,-1.2435098070543509,-1.228992971147706,-0.09623829786690719,-0.18785457777990677,-0.14204643782340698
199,single,tttttaaggttatctttgagagatcca,2.0,agg,1.0,,FLRLSLRDP,,False,False,3.0,1.0,1.0,95.0,134.0,68.0,240.0,166.0,True,False,True,True,False,False,1.0,both,0.0011963213119657054,0.000963374363795695,0.000588235294117647,0.0007867959204044365,0.0006121218122406358,-2.9221521604208527,-3.0162049148102534,-3.230448921378274,-3.104137900596162,-3.213162144652151,R,non-synonymous,-0.1855905114881761,-0.052126543245382566,0.9616809976992676,0.9890118501224165,0.975346423910842
200,single,tttttaagtttatctttgagagatcca,2.0,agt,1.0,,FLSLSLRDP,,False,False,2.0,1.0,1.0,1.0,1.0,1.0,44.0,32.0,True,False,True,True,False,False,1.0,both,0.00021932557386037933,0.00018571072073170024,6.191950464396284e-06,5.871611346301766e-06,9.00179135647994e-06,-3.658910725646271,-3.7311630245304026,-5.208172526667122,-5.231242698960969,-5.045671057358388,S,non-synonymous,-0.9326348067609539,-0.8892450008589993,0.2146367024264898,0.15189339250879985,0.18326504746764483
201,single,tttttaatgttatctttgagagatcca,2.0,atg,1.0,,FLMLSLRDP,,False,False,2.0,1.0,1.0,19.0,27.0,13.0,2267.0,1970.0,True,False,True,True,False,False,1.0,both,0.011300251725942727,0.011432816245045297,0.00011764705882352942,0.00015853350635014766,0.00011702328763423922,-1.9469118820059412,-1.9418467766887155,-3.929418925714293,-3.799878934801982,-3.931727705051551,M,non-synonymous,-1.1934426269290586,-1.1014387010241145,-0.046171117741614864,-0.06030030765631533,-0.0532357126989651
202,single,tttttaattttatctttgagagatcca,2.0,att,1.0,,FLILSLRDP,,False,False,1.0,1.0,1.0,13.0,15.0,5.0,878.0,779.0,True,False,True,True,False,False,1.0,both,0.0043765421329412055,0.004520895357812328,8.04953560371517e-05,8.807417019452648e-05,4.50089567823997e-05,-2.358868886226356,-2.344775545177744,-4.094229174360285,-4.055151439905288,-4.346701053022369,I,non-synonymous,-1.0446635977973346,-1.0139082876071632,0.10260791139010905,0.027230105760635892,0.06491900857537247
203,single,tttttacagttatctttgagagatcca,2.0,cag,1.0,,FLQLSLRDP,,False,False,3.0,1.0,1.0,9.0,7.0,12.0,631.0,633.0,True,False,True,True,False,False,1.0,both,0.0031453281160431674,0.003673590194473945,5.5727554179566566e-05,4.110127942411236e-05,0.00010802149627775927,-2.5023340428883243,-2.434909292832953,-4.2539300172277965,-4.386144658946712,-3.9664898113107627,Q,non-synonymous,-1.0544372629435101,-1.1566894241631511,0.09283424624393355,-0.115551030795352,-0.011358392275709228
204,single,tttttacatttatctttgagagatcca,2.0,cat,1.0,,FLHLSLRDP,,False,False,2.0,1.0,1.0,657.0,692.0,519.0,562.0,523.0,True,False,True,True,False,False,1.0,both,0.002801385738853027,0.0030352095919587256,0.004068111455108359,0.0040631550516408215,0.004671929714013088,-2.5526270865633975,-2.5178113139830343,-2.390607157107341,-2.3911366045042115,-2.3305036995099297,H,non-synonymous,0.09753382255994784,0.07509257945386766,1.2448053317473915,1.1162309728216668,1.1805181522845292
205,single,tttttaccgttatctttgagagatcca,2.0,ccg,1.0,,FLPLSLRDP,,False,False,3.0,1.0,1.0,1411.0,1381.0,949.0,1245.0,1032.0,True,False,True,True,False,False,1.0,both,0.006205916805822097,0.005989170743597332,0.008736842105263157,0.008108695269242738,0.008542699997299463,-2.2071940507007035,-2.222633305559116,-2.058645512912774,-2.091049020382338,-2.068404844931095,P,non-synonymous,0.08942422561711606,0.0780029686286312,1.2366957348045597,1.1191413619964303,1.177918548400495
206,single,tttttacctttatctttgagagatcca,2.0,cct,1.0,,FLPLSLRDP,,False,False,2.0,1.0,1.0,729.0,712.0,511.0,605.0,564.0,True,False,True,True,False,False,1.0,both,0.003015726640580216,0.003273151452896217,0.004513931888544892,0.0041805872785668574,0.004599915383161249,-2.52060802747999,-2.4850338988669662,-2.345444998349147,-2.378762705324113,-2.3372501572236746,P,non-synonymous,0.10544579212981468,0.06299740554059191,1.2527173013172583,1.104135798908391,1.1784265501128246
207,single,tttttacggttatctttgagagatcca,2.0,cgg,1.0,,FLRLSLRDP,,False,False,3.0,1.0,1.0,252.0,293.0,183.0,266.0,281.0,True,False,True,True,False,False,1.0,both,0.0013259227874286568,0.0016307722664252427,0.0015603715170278637,0.0017203821244664173,0.001647327818235829,-2.8774817655013916,-2.7876066829452286,-2.8067719858855775,-2.76437507860686,-2.783219967627958,R,non-synonymous,0.04256633811319084,0.013771660513746212,1.1898378473006346,1.0549100538815452,1.12237395059109
208,single,tttttacgtttatctttgagagatcca,2.0,cgt,1.0,,FLRLSLRDP,,False,False,2.0,1.0,1.0,109.0,125.0,55.0,74.0,75.0,True,False,True,True,False,False,1.0,both,0.00036886573785609254,0.00043525950171492244,0.000674922600619195,0.0007339514182877207,0.0004950985246063966,-3.4331316824014824,-3.3612517394586083,-3.170746028726498,-3.134332685952913,-3.3053083678641437,R,non-synonymous,0.15795264121968905,0.13451727756140303,1.3052241504071327,1.175655670929202,1.2404399106681674
209,single,tttttactgttatctttgagagatcca,2.0,ctg,1.0,,FLLLSLRDP,,False,False,2.0,1.0,1.0,3.0,4.0,3.0,444.0,389.0,True,False,True,True,False,False,1.0,both,0.0022131944271365552,0.002257545948894731,1.8575851393188854e-05,2.3486445385207063e-05,2.7005374069439818e-05,-2.654980432017839,-2.6463634015246007,-4.731051271947459,-4.6291827076330065,-4.568549802638725,L,non-synonymous,-1.249766776244007,-1.175412336836661,-0.10249526705656331,-0.1342739434688618,-0.11838460526271255
210,single,tttttacttttatctttgagagatcca,2.0,ctt,1.0,,FLLLSLRDP,,False,False,1.0,1.0,1.0,15.0,9.0,5.0,1614.0,1297.0,True,False,True,True,False,False,1.0,both,0.00804526082296937,0.007527087649656725,9.287925696594427e-05,5.284450211671589e-05,4.50089567823997e-05,-2.094459871746407,-2.1233730267662283,-4.03208126761144,-4.277000189521645,-4.346701053022369,L,non-synonymous,-1.1664220694770455,-1.2766669803198158,-0.019150560289601826,-0.23552858695201673,-0.12733957362080928
211,single,tttttagagttatctttgagagatcca,2.0,gag,1.0,,FLELSLRDP,,False,False,2.0,1.0,1.0,4.0,7.0,7.0,716.0,649.0,True,False,True,True,False,False,1.0,both,0.0035690252473643547,0.0037664455548397954,2.4767801857585138e-05,4.110127942411236e-05,6.301253949535957e-05,-2.4474503798246032,-2.4240683060499393,-4.606112535339159,-4.386144658946712,-4.200573017344131,E,non-synonymous,-1.299485639511619,-1.1631159450110076,-0.1522141303241753,-0.12197755164320845,-0.13709584098369187
212,single,tttttagatttatctttgagagatcca,2.0,gat,1.0,,FLDLSLRDP,,False,False,1.0,1.0,1.0,1.0,1.0,1.0,2.0,6.0,True,False,True,True,False,False,2.0,both,9.96934426638088e-06,3.482076013719379e-05,6.191950464396284e-06,5.871611346301766e-06,9.00179135647994e-06,-5.001333406468477,-4.458161752466665,-5.208172526667122,-5.231242698960969,-5.045671057358388,D,non-synonymous,-0.12451437372944825,-0.4582812357552703,1.0227571354579954,0.5828571576125288,0.8028071465352621
213,single,tttttagcgttatctttgagagatcca,2.0,gcg,1.0,,FLALSLRDP,,False,False,2.0,1.0,1.0,2.0,4.0,2.0,208.0,202.0,True,False,True,True,False,False,1.0,both,0.0010368118037036114,0.0011722989246188578,1.2383900928792569e-05,2.3486445385207063e-05,1.800358271295988e-05,-2.984300067169697,-2.9309616334036845,-4.9071425310031405,-4.6291827076330065,-4.744641061694407,A,non-synonymous,-1.1575253507879686,-1.006702928086186,-0.010253841600524893,0.03443546528161301,0.012090811840544058
214,single,tttttagctttatctttgagagatcca,2.0,gct,1.0,,FLALSLRDP,,False,False,1.0,1.0,1.0,1.0,1.0,2.0,3.0,5.0,True,False,True,True,False,False,2.0,both,1.4954016399571318e-05,2.901730011432816e-05,6.191950464396284e-06,5.871611346301766e-06,1.800358271295988e-05,-4.825242147412796,-4.53734299851429,-5.208172526667122,-5.231242698960969,-4.744641061694407,A,non-synonymous,-0.2305189478133594,-0.4113427108156766,0.9167525613740843,0.6297956825521225,0.7732741219631034
215,single,tttttagggttatctttgagagatcca,2.0,ggg,1.0,,FLGLSLRDP,,False,False,2.0,1.0,1.0,1.0,1.0,1.0,3.0,9.0,True,False,True,True,False,False,2.0,both,1.4954016399571318e-05,5.223114020579069e-05,6.191950464396284e-06,5.871611346301766e-06,9.00179135647994e-06,-4.825242147412796,-4.282070493410983,-5.208172526667122,-5.231242698960969,-5.045671057358388,G,non-synonymous,-0.2305189478133594,-0.5626678723315394,0.9167525613740843,0.47847052103625975,0.697611541205172
216,single,tttttaggtttatctttgagagatcca,2.0,ggt,1.0,,FLGLSLRDP,,False,False,1.0,1.0,1.0,7.0,7.0,8.0,603.0,560.0,True,False,True,True,False,False,1.0,both,0.003005757296313835,0.003249937612804754,4.334365325077399e-05,4.110127942411236e-05,7.201433085183952e-05,-2.5220460899923074,-2.488124975844108,-4.363074486652865,-4.386144658946712,-4.142581070366444,G,non-synonymous,-1.1082743806305464,-1.1251432463890072,0.0389971285568973,-0.08400485302120808,-0.02250386223215539
217,single,tttttagtgttatctttgagagatcca,2.0,gtg,1.0,,FLVLSLRDP,,False,False,1.0,0.0,1.0,3.0,1.0,1.0,11.0,6.0,True,False,True,True,False,False,2.0,both,5.483139346509483e-05,3.482076013719379e-05,1.8575851393188854e-05,5.871611346301766e-06,9.00179135647994e-06,-4.260970716974234,-4.458161752466665,-4.731051271947459,-5.231242698960969,-5.045671057358388,V,synonymous,-0.28298218368299904,-0.4582812357552703,0.8642893255044446,0.5828571576125288,0.7235732415584867
218,single,tttttagttaagtctttgagagatcca,3.0,aag,1.0,,FLVKSLRDP,,False,False,3.0,1.0,1.0,324.0,345.0,251.0,168.0,162.0,True,False,True,True,False,False,1.0,both,0.0008374249183759938,0.0009401605237042324,0.0020061919504643965,0.0020257059144741093,0.0022594496304764646,-3.0770541204065958,-3.0267979883076777,-2.6976275164605097,-2.693423603887695,-2.6459973358773494,K,non-synonymous,0.2284097221128483,0.19762383946202677,1.375681231300292,1.238762232829826,1.307221732065059
219,single,tttttagttaattctttgagagatcca,3.0,aat,1.0,,FLVNSLRDP,,False,False,3.0,1.0,1.0,14.0,10.0,9.0,667.0,493.0,True,False,True,True,False,False,1.0,both,0.003324776312838023,0.002861105791272757,8.668730650154798e-05,5.871611346301766e-05,8.101612220831946e-05,-2.47823756821591,-2.5434660835730782,-4.0620444909888835,-4.231242698960969,-4.091428547919063,N,non-synonymous,-0.9534305063183793,-1.0005114684125884,0.19384100286906436,0.0406269249552107,0.11723396391213753
220,single,tttttagttacgtctttgagagatcca,3.0,acg,1.0,,FLVTSLRDP,,False,False,3.0,1.0,1.0,5.0,9.0,9.0,792.0,780.0,True,False,True,True,False,False,1.0,both,0.003947860329486828,0.004526698817835194,3.0959752321981425e-05,5.284450211671589e-05,8.101612220831946e-05,-2.403638220542965,-2.344218400159828,-4.509202522331103,-4.277000189521645,-4.091428547919063,T,non-synonymous,-1.267521444359496,-1.1457501712992244,-0.12024993517205229,-0.10461177793142529,-0.11243085655173879
221,single,tttttagttacttctttgagagatcca,3.0,act,1.0,,FLVTSLRDP,,False,False,3.0,1.0,1.0,1.0,4.0,3.0,491.0,394.0,True,False,True,True,False,False,1.0,both,0.002447474017396506,0.002286563249009059,6.191950464396284e-06,2.3486445385207063e-05,2.7005374069439818e-05,-2.6112819100094904,-2.6408167810247343,-5.208172526667122,-4.6291827076330065,-4.568549802638725,T,non-synonymous,-1.56329329029473,-1.1787003652229135,-0.4160217811072864,-0.13756197185511443,-0.2767918764812004
222,single,tttttagttaggtctttgagagatcca,3.0,agg,1.0,,FLVRSLRDP,,False,False,3.0,1.0,1.0,1237.0,1183.0,758.0,1171.0,825.0,True,False,True,True,False,False,1.0,both,0.005837051067966005,0.004787854518864147,0.007659442724458204,0.006946116222674988,0.006823357848211794,-2.2338065070600956,-2.3198590543003834,-2.115802827038001,-2.1582579543330387,-2.166001851726334,R,non-synonymous,0.07103663127947121,0.09579689181098093,1.218308140466915,1.13693528517878,1.1776217128228474
223,single,tttttagttagttctttgagagatcca,3.0,agt,1.0,,FLVSSLRDP,,False,False,3.0,1.0,1.0,3.0,3.0,10.0,352.0,263.0,True,False,True,True,False,False,1.0,both,0.0017546045908830347,0.0015263099860136613,1.8575851393188854e-05,1.7614834038905296e-05,9.00179135647994e-05,-2.755820738654328,-2.816357254360551,-4.731051271947459,-4.7541214442413064,-4.045671057358388,S,non-synonymous,-1.1890622653397387,-1.1487037309196002,-0.041790756152294994,-0.10756533755180109,-0.07467804685204804
224,single,tttttagttatgtctttgagagatcca,3.0,atg,1.0,,FLVMSLRDP,,False,False,2.0,1.0,1.0,11.0,17.0,9.0,1694.0,1254.0,True,False,True,True,False,False,1.0,both,0.008444034593624604,0.007277538868673503,6.811145510835913e-05,9.981739288713001e-05,8.101612220831946e-05,-2.0734499961377706,-2.138015466355611,-4.166779841508896,-4.000793777582695,-4.091428547919063,M,non-synonymous,-1.2601564658330866,-1.1042522135339592,-0.11288495664564291,-0.06311382016616007,-0.08799938840590149
225,single,tttttagttatttctttgagagatcca,3.0,att,1.0,,FLVISLRDP,,False,False,2.0,1.0,1.0,3.0,2.0,3.0,229.0,238.0,True,False,True,True,False,False,1.0,both,0.0011414899185006107,0.0013812234854420206,1.8575851393188854e-05,1.1743222692603532e-05,2.7005374069439818e-05,-2.9425279197925707,-2.8597360457937966,-4.731051271947459,-4.930212703296988,-4.568549802638725,I,non-synonymous,-1.0766670486713814,-1.227375484424767,0.07060446051606228,-0.18623709105696795,-0.057816315270452834
226,single,tttttagttcagtctttgagagatcca,3.0,cag,1.0,,FLVQSLRDP,,False,False,3.0,1.0,1.0,8.0,2.0,6.0,557.0,427.0,True,False,True,True,False,False,1.0,both,0.002776462378187075,0.0024780774297636253,4.9535603715170275e-05,1.1743222692603532e-05,5.4010748138879636e-05,-2.5565082069587297,-2.6058851278252844,-4.305082539675178,-4.930212703296988,-4.267519806974744,Q,non-synonymous,-1.052618275249285,-1.3778579312005736,0.09465323393815872,-0.33671953783277453,-0.1210331519473079
227,single,tttttagttcattctttgagagatcca,3.0,cat,1.0,,FLVHSLRDP,,False,False,3.0,1.0,1.0,700.0,827.0,475.0,322.0,277.0,True,False,True,True,False,False,1.0,both,0.0016050644268873215,0.0016075584263337802,0.0043343653250774,0.00485582258339156,0.004275850894327971,-2.794507530436628,-2.79383323378586,-2.363074486652865,-2.3137371894084224,-2.368977447733521,H,non-synonymous,0.25971690075520343,0.2846002213561605,1.406988409942647,1.3257386147239596,1.3663635123333033
228,single,tttttagttccgtctttgagagatcca,3.0,ccg,1.0,,FLVPSLRDP,,False,False,3.0,1.0,1.0,2.0,2.0,6.0,290.0,249.0,True,False,True,True,False,False,1.0,both,0.0014455549186252275,0.0014450615456935425,1.2383900928792569e-05,1.1743222692603532e-05,5.4010748138879636e-05,-2.8399654042335025,-2.840113655754572,-4.9071425310031405,-4.930212703296988,-4.267519806974744,P,non-synonymous,-1.24441288031184,-1.239007608067739,-0.09714137112439625,-0.1978692146999399,-0.14750529291216807
229,single,tttttagttcgttctttgagagatcca,3.0,cgt,1.0,,FLVRSLRDP,,False,False,3.0,1.0,1.0,816.0,810.0,527.0,626.0,565.0,True,False,True,True,False,False,1.0,both,0.003120404755377215,0.0032789549129190825,0.0050526315789473685,0.00475600519050443,0.0047439440448649286,-2.505789068922029,-2.4842645550308697,-2.2964823679132604,-2.3227576800823195,-2.3238604421458406,R,non-synonymous,0.12599982425207842,0.09574103535992258,1.273271333439522,1.1368794287277217,1.2050753810836219
230,single,tttttagttctgtctttgagagatcca,3.0,ctg,1.0,,FLVLSLRDP,,False,False,2.0,0.0,1.0,1.0,16.0,2.0,538.0,403.0,True,False,True,True,False,False,1.0,both,0.0026817536076564562,0.00233879438921485,6.191950464396284e-06,9.394578154082825e-05,1.800358271295988e-05,-2.5715811264660697,-2.631007956709199,-5.208172526667122,-4.027122716305044,-4.744641061694407,L,synonymous,-1.5871926290403693,-0.827614753907882,-0.4399211198529256,0.21352363945991715,-0.11319874019650422
231,single,tttttagttctttctttgagagatcca,3.0,ctt,1.0,,FLVLSLRDP,,False,False,2.0,0.0,1.0,3.0,6.0,2.0,300.0,271.0,True,False,True,True,False,False,1.0,both,0.001495401639957132,0.0015727376661965864,1.8575851393188854e-05,3.522966807781059e-05,1.800358271295988e-05,-2.8252421474127964,-2.8033437119759026,-4.731051271947459,-4.453091448577325,-4.744641061694407,L,synonymous,-1.1472715091874437,-0.9779680056048703,0.0,0.06317038776292883,0.03158519388146441
232,single,tttttagttgagtctttgagagatcca,3.0,gag,1.0,,FLVESLRDP,,False,False,3.0,1.0,1.0,22.0,12.0,7.0,1323.0,1106.0,True,False,True,True,False,False,1.0,both,0.006594721232210951,0.006418626785289389,0.00013622291021671827,7.045933615562119e-05,6.301253949535957e-05,-2.180803557944958,-2.192557875881629,-3.8657498458449155,-4.152061452913345,-4.200573017344131,E,non-synonymous,-1.0143150464193331,-1.1615908073031043,0.13295646276811057,-0.12045241393530515,0.006252024416402713
233,single,tttttagttgattctttgagagatcca,3.0,gat,1.0,,FLVDSLRDP,,False,False,3.0,1.0,1.0,1.0,3.0,1.0,273.0,218.0,True,False,True,True,False,False,1.0,both,0.00136081549236099,0.0012651542849847078,6.191950464396284e-06,1.7614834038905296e-05,9.00179135647994e-06,-2.8662007550917026,-2.897856509245704,-5.208172526667122,-4.7541214442413064,-5.045671057358388,D,non-synonymous,-1.4098355676126646,-1.1003910937872647,-0.2625640584252209,-0.05925270041946562,-0.16090837942234326
234,single,tttttagttgcgtctttgagagatcca,3.0,gcg,1.0,,FLVASLRDP,,False,False,3.0,1.0,1.0,1.0,1.0,1.0,3.0,5.0,True,False,True,True,False,False,2.0,both,1.4954016399571318e-05,2.901730011432816e-05,6.191950464396284e-06,5.871611346301766e-06,9.00179135647994e-06,-4.825242147412796,-4.53734299851429,-5.208172526667122,-5.231242698960969,-5.045671057358388,A,non-synonymous,-0.2305189478133594,-0.4113427108156766,0.9167525613740843,0.6297956825521225,0.7732741219631034
235,single,tttttagttgcttctttgagagatcca,3.0,gct,1.0,,FLVASLRDP,,False,False,3.0,1.0,1.0,2.0,4.0,4.0,482.0,436.0,True,False,True,True,False,False,1.0,both,0.0024026119681977917,0.0025303085699694156,1.2383900928792569e-05,2.3486445385207063e-05,3.600716542591976e-05,-2.619316363893609,-2.5968265135817226,-4.9071425310031405,-4.6291827076330065,-4.443611066030425,A,non-synonymous,-1.3772406405804978,-1.2047777303635339,-0.22996913139305408,-0.16363933699573474,-0.1968042341943944
236,single,tttttagttgtgtctttgagagatcca,3.0,gtg,1.0,,FLVVSLRDP,,False,False,2.0,1.0,1.0,1.0,1.0,1.0,12.0,4.0,True,False,True,True,False,False,2.0,both,5.981606559828527e-05,2.321384009146253e-05,6.191950464396284e-06,5.871611346301766e-06,9.00179135647994e-06,-4.2231821560848335,-4.634253011522346,-5.208172526667122,-5.231242698960969,-5.045671057358388,V,non-synonymous,-0.5929509804760552,-0.3538945991790013,0.5543205287113885,0.6872437941887979,0.6207821614500932
237,single,tttttagttgtttctttgagagatcca,3.0,gtt,1.0,,FLVVSLRDP,,False,False,2.0,1.0,1.0,15.0,14.0,7.0,882.0,795.0,True,False,True,True,False,False,1.0,both,0.004396480821473967,0.004613750718178178,9.287925696594427e-05,8.220255884822472e-05,6.301253949535957e-05,-2.356894817000639,-2.3359458741938384,-4.03208126761144,-4.085114663282731,-4.200573017344131,V,non-synonymous,-1.0084397553883448,-1.0369046577118215,0.13883175379909884,0.004233735655977622,0.07153274472753823
238,single,tttttagtttagtctttgagagatcca,3.0,tag,1.0,,FLV*SLRDP,,True,False,2.0,1.0,1.0,8.0,6.0,5.0,170.0,208.0,True,False,True,True,False,False,1.0,both,0.0008473942626423747,0.0012071196847560515,4.9535603715170275e-05,3.522966807781059e-05,4.50089567823997e-05,-3.071914480754185,-2.918249667887547,-4.305082539675178,-4.453091448577325,-4.346701053022369,*,stop,-0.7423506172925275,-0.9098519257692164,0.4049208918949162,0.13128646759858276,0.2681036797467495
239,single,tttttagtttattctttgagagatcca,3.0,tat,1.0,,FLVYSLRDP,,False,False,2.0,1.0,1.0,609.0,685.0,477.0,285.0,280.0,True,False,True,True,False,False,1.0,both,0.0014206315579592752,0.001624968806402377,0.0037708978328173373,0.004022053772216709,0.004293854477040931,-2.8475185421239484,-2.7891549715080894,-2.4235552340342466,-2.3955521274685436,-2.3671526783182735,Y,non-synonymous,0.25522022014189755,0.2333271807838571,1.4024917293293413,1.2744655741516562,1.3384786517404987
240,single,tttttagtttcgtctttgagagatcca,3.0,tcg,1.0,,FLVSSLRDP,,False,False,2.0,1.0,1.0,6.0,17.0,6.0,355.0,377.0,True,False,True,True,False,False,1.0,both,0.001769558607282606,0.0021879044286203433,3.715170278637771e-05,9.981739288713001e-05,5.4010748138879636e-05,-2.752135049077365,-2.659971652644516,-4.430021276283478,-4.000793777582695,-4.267519806974744,S,non-synonymous,-1.0100649846566372,-0.7948373622854557,0.1372065245308065,0.24630103108234347,0.191753777806575
241,single,tttttagtttcttctttgagagatcca,3.0,tct,1.0,,FLVSSLRDP,,False,False,2.0,1.0,1.0,1.0,5.0,4.0,329.0,242.0,True,False,True,True,False,False,1.0,both,0.0016399571318196546,0.0014044373255334831,6.191950464396284e-06,2.935805673150883e-05,3.600716542591976e-05,-2.7851675041824846,-2.8524976368698773,-5.208172526667122,-4.53227269462495,-4.443611066030425,S,non-synonymous,-1.4586164968611188,-0.9957681569436365,-0.31134498767367513,0.0453702364241626,-0.13298737562475627
242,single,tttttagtttggtctttgagagatcca,3.0,tgg,1.0,,FLVWSLRDP,,False,False,2.0,1.0,1.0,1591.0,1631.0,1089.0,661.0,619.0,True,False,True,True,False,False,1.0,both,0.0032948682800388804,0.0035923417541538264,0.00985139318885449,0.00957659810581818,0.009802950787206654,-2.4821619426468184,-2.4446223538301903,-2.00650234702054,-2.0187887379206932,-2.0086431776026124,W,non-synonymous,0.2863406912625075,0.25243353443141314,1.4336122004499512,1.2935719277992122,1.3635920641245818
243,single,tttttagtttgttctttgagagatcca,3.0,tgt,1.0,,FLVCSLRDP,,False,False,2.0,1.0,1.0,6.0,2.0,4.0,174.0,158.0,True,False,True,True,False,False,1.0,both,0.0008673329511751364,0.0009169466836127699,3.715170278637771e-05,1.1743222692603532e-05,3.600716542591976e-05,-3.061814153849859,-3.037655915895886,-4.430021276283478,-4.930212703296988,-4.443611066030425,C,non-synonymous,-0.8236423207485162,-1.1219048499387527,0.3236291884389275,-0.0807664565709536,0.12143136593398696
244,single,tttttagttttaaagttgagagatcca,4.0,aag,1.0,,FLVLKLRDP,,False,False,3.0,1.0,1.0,2028.0,2137.0,1336.0,1075.0,1003.0,True,False,True,True,False,False,1.0,both,0.005358522543179723,0.005820870402934229,0.012557275541795665,0.012547633447046872,0.0120263932522572,-2.2709549378808345,-2.2350120698298905,-1.9011045760058234,-1.9014381767968997,-1.9198645992188605,K,non-synonymous,0.22264495293854325,0.19774210787121185,1.369916462125987,1.238880501239011,1.304398481682499
245,single,tttttagttttaaatttgagagatcca,4.0,aat,1.0,,FLVLNLRDP,,False,False,2.0,1.0,1.0,1078.0,1166.0,766.0,453.0,445.0,True,False,True,True,False,False,1.0,both,0.002258056476335269,0.0025825397101752064,0.006674922600619195,0.006846298829787859,0.006895372179063634,-2.6462652001196267,-2.587952991869377,-2.1755537658164017,-2.164544148537974,-2.1614422877257837,N,non-synonymous,0.2833619645706682,0.25099613285198796,1.430633473758112,1.2921345262197872,1.3613839999889494
246,single,tttttagttttaacgttgagagatcca,4.0,acg,1.0,,FLVLTLRDP,,False,False,2.0,1.0,1.0,2754.0,2846.0,1971.0,1640.0,1294.0,True,False,True,True,False,False,1.0,both,0.00817486229843232,0.007509677269588128,0.017052631578947368,0.016710605891574824,0.01774253076362196,-2.087519554084761,-2.124378726517627,-1.7682085907462168,-1.7770078032127037,-1.7509844330789441,T,non-synonymous,0.1922209134657992,0.20592096690459863,1.339492422653243,1.2470593602723978,1.2932758914628204
247,single,tttttagttttaactttgagagatcca,4.0,act,1.0,,FLVLTLRDP,,False,False,1.0,1.0,1.0,598.0,668.0,440.0,473.0,272.0,True,False,True,True,False,False,1.0,both,0.002357749918999078,0.0015785411262194521,0.0037027863777089783,0.003922236379329579,0.003960788196851173,-2.627502261394647,-2.8017440988161098,-2.431471342678711,-2.4064662364854237,-2.4022183808722,T,non-synonymous,0.11800798152729321,0.23432012913662342,1.2652794907147369,1.2754585225044226,1.2703690066095796
248,single,tttttagttttaaggttgagagatcca,4.0,agg,1.0,,FLVLRLRDP,,False,False,3.0,1.0,1.0,2.0,1.0,1.0,5.0,2.0,True,False,True,True,False,False,2.0,both,2.4923360665952197e-05,1.1606920045731265e-05,1.2383900928792569e-05,5.871611346301766e-06,9.00179135647994e-06,-4.60339339779644,-4.935283007186327,-4.9071425310031405,-5.231242698960969,-5.045671057358388,R,non-synonymous,-0.18285290063007617,-0.1754444652856686,0.9644186085573675,0.8656939280821305,0.915056268319749
249,single,tttttagttttaatgttgagagatcca,4.0,atg,1.0,,FLVLMLRDP,,False,False,3.0,1.0,1.0,417.0,399.0,317.0,718.0,614.0,True,False,True,True,False,False,1.0,both,0.0035789945916307356,0.0035633244540394984,0.002582043343653251,0.0023427729271744044,0.002853567860004141,-2.4462389578901584,-2.4481446317091407,-2.588036471693364,-2.630269803274221,-2.544611795140636,M,non-synonymous,-0.08536019980476929,-0.1079635309413236,1.0619113093826744,0.9331748624264755,0.997543085904575
250,single,tttttagttttaattttgagagatcca,4.0,att,1.0,,FLVLILRDP,,False,False,2.0,1.0,1.0,2244.0,2233.0,1558.0,1504.0,1247.0,True,False,True,True,False,False,1.0,both,0.0074969468883184206,0.007236914648513444,0.013894736842105264,0.013111308136291843,0.014024790933395745,-2.1251155658768353,-2.1404465493717657,-1.8571496740829978,-1.8823539758895314,-1.8531036040218418,I,non-synonymous,0.1613118696575343,0.15299689385834295,1.308583378844978,1.1941352872261422,1.2513593330355601
251,single,tttttagttttacagttgagagatcca,4.0,cag,1.0,,FLVLQLRDP,,False,False,3.0,1.0,1.0,2640.0,2899.0,1933.0,1386.0,1195.0,True,False,True,True,False,False,1.0,both,0.006908755576601949,0.006935134727324431,0.016346749226006194,0.01702180129292882,0.01740046269207572,-2.1606001718566707,-2.158945097566152,-1.7865685997972907,-1.7689944836059717,-1.7594392033298345,Q,non-synonymous,0.22516198534052742,0.23116214422251888,1.372433494527971,1.272300537590318,1.3223670160591445
252,single,tttttagttttacatttgagagatcca,4.0,cat,1.0,,FLVLHLRDP,,False,False,2.0,1.0,1.0,1276.0,1267.0,953.0,588.0,476.0,True,False,True,True,False,False,1.0,both,0.0029309872143159785,0.002762446970884041,0.007900928792569659,0.007439331575764337,0.008578707162725383,-2.53298607605632,-2.5587060501298153,-2.102321852281978,-2.128466084077528,-2.066578156720061,H,non-synonymous,0.25925408143025286,0.255045612245212,1.4065255906176966,1.2961840056130112,1.351354798115354
253,single,tttttagttttaccgttgagagatcca,4.0,ccg,1.0,,FLVLPLRDP,,False,False,2.0,1.0,1.0,366.0,395.0,256.0,205.0,149.0,True,False,True,True,False,False,1.0,both,0.00102185778730404,0.0008647155434069792,0.00226625386996904,0.0023192864817891973,0.0023044585872588645,-2.9906095410767044,-3.0631267344380344,-2.644691441272711,-2.634645603334509,-2.637431092046538,P,non-synonymous,0.2082380524409973,0.2540029775024165,1.355509561628441,1.2951413708702155,1.3253254662493283
254,single,tttttagttttacctttgagagatcca,4.0,cct,1.0,,FLVLPLRDP,,False,False,1.0,1.0,1.0,1058.0,1064.0,720.0,487.0,363.0,True,False,True,True,False,False,1.0,both,0.002427535328863744,0.0021066559883002245,0.00655108359133127,0.006247394472465078,0.006481289776665557,-2.6148344409178246,-2.676406377814196,-2.183686858967955,-2.20430107100194,-2.188338560927119,P,non-synonymous,0.25954505656326937,0.27986332400721736,1.406816565750713,1.3210017173750166,1.3639091415628648
255,single,tttttagttttacggttgagagatcca,4.0,cgg,1.0,,FLVLRLRDP,,False,False,3.0,1.0,1.0,968.0,1031.0,615.0,391.0,376.0,True,False,True,True,False,False,1.0,both,0.0019490068040774618,0.002182100968597478,0.005993808049535604,0.0060536312980371204,0.005536101684235163,-2.710186644736592,-2.6611251579226476,-2.222297169358728,-2.217984033677453,-2.2567959415829706,R,non-synonymous,0.29370291469776805,0.26269339964203064,1.4409744238852118,1.3038317930098298,1.3724031084475208
256,single,tttttagttttacgtttgagagatcca,4.0,cgt,1.0,,FLVLRLRDP,,False,False,2.0,1.0,1.0,1290.0,1487.0,903.0,669.0,516.0,True,False,True,True,False,False,1.0,both,0.003334745657104404,0.002994585371798666,0.007987616099071207,0.008731086071950726,0.008128617594901385,-2.476937284364636,-2.523663301223097,-2.097582816367873,-2.058931730439015,-2.0899833070448817,R,non-synonymous,0.22836629723971613,0.27549218425212624,1.37563780642716,1.3166305776199254,1.3461341920235426
257,single,tttttagttttactgttgagagatcca,4.0,ctg,1.0,,FLVLLLRDP,,False,False,3.0,1.0,1.0,834.0,687.0,544.0,1433.0,1150.0,True,False,True,True,False,False,1.0,both,0.0071430351668619,0.006673979026295477,0.005164086687306502,0.004033796994909313,0.004896974497925087,-2.146117211735114,-2.1756151624966966,-2.287006476029383,-2.394285961901419,-2.3100721576602075,L,non-synonymous,-0.08481344579282624,-0.12962772479288767,1.0624580633946175,0.9115106685749115,0.9869843659847645
258,single,tttttagttttacttttgagagatcca,4.0,ctt,1.0,,FLVLLLRDP,,False,False,2.0,1.0,1.0,648.0,698.0,510.0,1256.0,1144.0,True,False,True,True,False,False,1.0,both,0.006260748199287192,0.006639158266158284,0.004012383900928793,0.004098384719718632,0.0045909135918047695,-2.2033737627312813,-2.1778869783933033,-2.3965975207965284,-2.387387276337808,-2.338100881260451,L,non-synonymous,-0.1163181084991984,-0.12419146516090272,1.0309534006882453,0.9169469282068964,0.9739501644475708
259,single,tttttagttttagagttgagagatcca,4.0,gag,1.0,,FLVLELRDP,,False,False,3.0,1.0,1.0,1327.0,1382.0,953.0,699.0,585.0,True,False,True,True,False,False,1.0,both,0.0034842858211001173,0.003395024113376395,0.00821671826625387,0.00811456688058904,0.008578707162725383,-2.457886226386777,-2.469157136768128,-2.0853016038026864,-2.0907346559227897,-2.066578156720061,E,non-synonymous,0.22429094118040557,0.22432828405072391,1.3715624503678492,1.265466677418523,1.318514563893186
260,single,tttttagttttagatttgagagatcca,4.0,gat,1.0,,FLVLDLRDP,,False,False,2.0,1.0,1.0,1082.0,1234.0,775.0,847.0,653.0,True,False,True,True,False,False,1.0,both,0.004222017296812302,0.003789659394931258,0.0066996904024767805,0.007245568401336379,0.006976388301271953,-2.374479991801752,-2.4213998215752346,-2.173945265896571,-2.1399275392637462,-2.1563693548520773,D,non-synonymous,0.12071921299563634,0.1668563504941012,1.26799072218308,1.2079947438619003,1.23799273302249
261,single,tttttagttttagcgttgagagatcca,4.0,gcg,1.0,,FLVLALRDP,,False,False,2.0,1.0,1.0,10.0,6.0,2.0,541.0,460.0,True,False,True,True,False,False,1.0,both,0.002696707624056028,0.002669591610518191,6.191950464396285e-05,3.522966807781059e-05,1.800358271295988e-05,-2.5691661370258894,-2.5735551711687346,-4.208172526667122,-4.453091448577325,-4.744641061694407,A,non-synonymous,-0.9866598443696136,-1.1141863109725674,0.16061166481783007,-0.07304791760476825,0.04378187360653091
262,single,tttttagttttagctttgagagatcca,4.0,gct,1.0,,FLVLALRDP,,False,False,1.0,1.0,1.0,1.0,2.0,1.0,78.0,72.0,True,False,True,True,False,False,1.0,both,0.00038880442638885426,0.00041784912164632553,6.191950464396284e-06,1.1743222692603532e-05,9.00179135647994e-06,-3.4102687994419782,-3.37898050641904,-5.208172526667122,-4.930212703296988,-5.045671057358388,A,non-synonymous,-1.082313908540532,-0.9195681401182046,0.0649576006469117,0.12157025324959447,0.09326392694825308
263,single,tttttagttttagggttgagagatcca,4.0,ggg,1.0,,FLVLGLRDP,,False,False,3.0,1.0,1.0,24.0,37.0,20.0,1687.0,1462.0,True,False,True,True,False,False,1.0,both,0.008409141888692271,0.008484658553429555,0.00014860681114551083,0.00021724961981316532,0.0001800358271295988,-2.0752483195433333,-2.071365630228467,-3.827961284955516,-3.663040974893974,-3.744641061694406,G,non-synonymous,-1.0551096765746757,-0.9435427780005164,0.092161832612768,0.09759561536728267,0.09487872399002534
264,single,tttttagttttaggtttgagagatcca,4.0,ggt,1.0,,FLVLGLRDP,,False,False,2.0,1.0,1.0,1.0,1.0,1.0,7.0,1.0,True,False,True,True,False,False,2.0,both,3.489270493233308e-05,5.8034600228656326e-06,6.191950464396284e-06,5.871611346301766e-06,9.00179135647994e-06,-4.457265362118202,-5.236313002850308,-5.208172526667122,-5.231242698960969,-5.045671057358388,G,non-synonymous,-0.45203603280158106,0.003005668607664062,0.6952354763858626,1.0441440619754632,0.8696897691806629
265,single,tttttagttttagtgttgagagatcca,4.0,gtg,1.0,,FLVLVLRDP,,False,False,3.0,1.0,1.0,4.0,4.0,2.0,31.0,16.0,True,False,True,True,False,False,1.0,both,0.00015452483612890362,9.285536036585012e-05,2.4767801857585138e-05,2.3486445385207063e-05,1.800358271295988e-05,-3.811001708298186,-4.032193020194383,-4.606112535339159,-4.6291827076330065,-4.744641061694407,V,non-synonymous,-0.47864604422717605,-0.3538945991790013,0.6686254649602676,0.6872437941887979,0.6779346295745328
266,single,tttttagttttagttttgagagatcca,4.0,gtt,1.0,,FLVLVLRDP,,False,False,2.0,1.0,1.0,55.0,79.0,53.0,255.0,210.0,True,False,True,True,False,False,1.0,both,0.001271091393963562,0.001218726604801783,0.00034055727554179566,0.0004638572963578395,0.0004770949418934368,-2.8958232216985036,-2.9140937081163893,-3.467809837172878,-3.3336156076705277,-3.3213951877575982,V,non-synonymous,-0.3443282641070008,-0.24869195835948013,0.8029432450804429,0.792446435008319,0.797694840044381
267,single,tttttagttttatagttgagagatcca,4.0,tag,1.0,,FLVL*LRDP,,True,False,2.0,1.0,1.0,2.0,2.0,4.0,57.0,38.0,True,False,True,True,False,False,1.0,both,0.00028412631159185507,0.00022053148086889404,1.2383900928792569e-05,1.1743222692603532e-05,3.600716542591976e-05,-3.546488546459967,-3.6565294062334983,-4.9071425310031405,-4.930212703296988,-4.443611066030425,*,stop,-0.8190954331325865,-0.7550375649355154,0.3281760760548572,0.2861008284322837,0.30713845224357045
268,single,tttttagttttatatttgagagatcca,4.0,tat,1.0,,FLVLYLRDP,,False,False,1.0,1.0,1.0,578.0,513.0,360.0,312.0,268.0,True,False,True,True,False,False,1.0,both,0.001555217705555417,0.0015553272861279896,0.0035789473684210526,0.003012136620652806,0.0032406448883327784,-2.808208808114016,-2.8081782088215195,-2.4462446882465927,-2.521125333849153,-2.4893685565911,Y,non-synonymous,0.2178975411157187,0.1701645175268959,1.3651690503031624,1.211302910894695,1.2882359805989287
269,single,tttttagttttatcgttgagagatcca,4.0,tcg,1.0,,FLVLSLRDP,,False,False,1.0,0.0,1.0,8.0,11.0,3.0,761.0,635.0,True,False,True,True,False,False,1.0,both,0.0037933354933579245,0.0036851971145196766,4.9535603715170275e-05,6.458772480931943e-05,2.7005374069439818e-05,-2.420978745361886,-2.433539277558333,-4.305082539675178,-4.189850013802744,-4.568549802638725,S,synonymous,-1.1342051917688176,-1.0411383933677991,0.013066317418626072,0.0,0.006533158709313036
270,single,tttttagttttatctaagagagatcca,5.0,aag,1.0,,FLVLSKRDP,,False,False,2.0,1.0,1.0,132.0,158.0,89.0,225.0,209.0,True,False,True,True,False,False,1.0,both,0.001121551229967849,0.0012129231447789172,0.0008173374613003096,0.000927714592715679,0.0008011594307267146,-2.9501808840210964,-2.9161667167392546,-3.0875985954612717,-3.0325856120065464,-3.0962810507134746,K,non-synonymous,-0.08272361757715337,-0.06901294803642025,1.0645478916102904,0.9721254453313789,1.0183366684708346
271,single,tttttagttttatctaatagagatcca,5.0,aat,1.0,,FLVLSNRDP,,False,False,3.0,1.0,1.0,10.0,6.0,1.0,934.0,777.0,True,False,True,True,False,False,1.0,both,0.0046556837723998705,0.004509288437766597,6.191950464396285e-05,3.522966807781059e-05,9.00179135647994e-06,-2.3320165259023655,-2.3458919840493944,-4.208172526667122,-4.453091448577325,-5.045671057358388,N,non-synonymous,-1.1294207267446168,-1.2491447098338477,0.017850782442826896,-0.2080063164660486,-0.09507776701161086
272,single,tttttagttttatctacgagagatcca,5.0,acg,1.0,,FLVLSTRDP,,False,False,2.0,1.0,1.0,9.0,27.0,11.0,1288.0,1148.0,True,False,True,True,False,False,1.0,both,0.006420257707549286,0.006662372106249746,5.5727554179566566e-05,0.00015853350635014766,9.901970492127933e-05,-2.1924475391086653,-2.176371114788354,-4.2539300172277965,-3.799878934801982,-4.0042783722001625,T,non-synonymous,-1.2409847782697982,-0.962413022062072,-0.09371326908235456,0.0787253713057271,-0.007493948888313728
273,single,tttttagttttatctactagagatcca,5.0,act,1.0,,FLVLSTRDP,,False,False,3.0,1.0,1.0,6.0,5.0,3.0,502.0,372.0,True,False,True,True,False,False,1.0,both,0.0025023054108616006,0.0021588871285060152,3.715170278637771e-05,2.935805673150883e-05,2.7005374069439818e-05,-2.6016596849874394,-2.665770062968411,-4.430021276283478,-4.53227269462495,-4.568549802638725,T,non-synonymous,-1.1006491338416355,-1.1064599851476549,0.046622375345808154,-0.06532159177985575,-0.009349608217023797
274,single,tttttagttttatctaggagagatcca,5.0,agg,1.0,,FLVLSRRDP,,False,False,2.0,1.0,1.0,1697.0,2091.0,1321.0,890.0,759.0,True,False,True,True,False,False,1.0,both,0.004436358198539491,0.004404826157355015,0.010507739938080496,0.012277539325116991,0.01189136638191,-2.352973395487546,-2.3560712269548283,-1.9784906843494459,-1.9108886661432973,-1.9247682397438604,R,non-synonymous,0.22543356500977832,0.26390356020358496,1.372705074197222,1.3050419535713842,1.338873513884303
275,single,tttttagttttatctagtagagatcca,5.0,agt,1.0,,FLVLSSRDP,,False,False,3.0,1.0,1.0,1.0,4.0,5.0,252.0,189.0,True,False,True,True,False,False,1.0,both,0.0012561373775639908,0.0010968539443216045,6.191950464396284e-06,2.3486445385207063e-05,4.50089567823997e-05,-2.900962861350915,-2.9598511986770646,-5.208172526667122,-4.6291827076330065,-4.346701053022369,S,non-synonymous,-1.388909246294795,-0.9895772367417616,-0.24163773710735126,0.05156115662603755,-0.09503829024065685
276,single,tttttagttttatctatgagagatcca,5.0,atg,1.0,,FLVLSMRDP,,False,False,1.0,1.0,1.0,8.0,8.0,14.0,631.0,536.0,True,False,True,True,False,False,1.0,both,0.0031453281160431674,0.003110654572255979,4.9535603715170275e-05,4.6972890770414126e-05,0.00012602507899071914,-2.5023340428883243,-2.5071482131575387,-4.305082539675178,-4.328152711969025,-3.8995430216801497,M,non-synonymous,-1.0852303947799846,-1.0794887596384233,0.062041114407459075,-0.03835036627062416,0.011845374068417458
277,single,tttttagttttatctattagagatcca,5.0,att,1.0,,FLVLSIRDP,,False,False,2.0,1.0,1.0,9.0,6.0,2.0,812.0,703.0,True,False,True,True,False,False,1.0,both,0.004047553772150637,0.00407983239607454,5.5727554179566566e-05,3.522966807781059e-05,1.800358271295988e-05,-2.3928073728912835,-2.3893576778304846,-4.2539300172277965,-4.453091448577325,-4.744641061694407,I,non-synonymous,-1.1203708479841745,-1.2233783111801397,0.02690066120326917,-0.1822399178123406,-0.07766962830453572
278,single,tttttagttttatctcagagagatcca,5.0,cag,1.0,,FLVLSQRDP,,False,False,2.0,1.0,1.0,1169.0,1245.0,765.0,520.0,484.0,True,False,True,True,False,False,1.0,both,0.0025920295092590286,0.0028088746510669662,0.007238390092879257,0.007310156126145698,0.006886370387707154,-2.5863600584976596,-2.551467641205896,-2.1403580155052815,-2.136073347529214,-2.1620096222047698,Q,non-synonymous,0.2684872427030098,0.24624511973176663,1.4157587518904535,1.2873835130995657,1.3515711324950095
279,single,tttttagttttatctcatagagatcca,5.0,cat,1.0,,FLVLSHRDP,,False,False,3.0,1.0,1.0,607.0,657.0,407.0,250.0,279.0,True,False,True,True,False,False,1.0,both,0.0012461680332976099,0.0016191653463795115,0.003758513931888545,0.00385764865452026,0.0036637290820873353,-2.904423393460421,-2.790708799576711,-2.4249838355918643,-2.4136773294011884,-2.4360766481331675,H,non-synonymous,0.28861617778974796,0.22350369499364942,1.4358876869771917,1.2646420883614486,1.3502648876693202
280,single,tttttagttttatctccgagagatcca,5.0,ccg,1.0,,FLVLSPRDP,,False,False,2.0,1.0,1.0,7.0,16.0,8.0,1108.0,964.0,True,False,True,True,False,False,1.0,both,0.005523016723575007,0.00559453546204247,4.334365325077399e-05,9.394578154082825e-05,7.201433085183952e-05,-2.257823641740048,-2.2522359689474776,-4.363074486652865,-4.027122716305044,-4.142581070366444,P,non-synonymous,-1.2673327475284313,-1.0521502251390316,-0.12006123834098759,-0.011011831771232439,-0.06553653505611001
281,single,tttttagttttatctcctagagatcca,5.0,cct,1.0,,FLVLSPRDP,,False,False,3.0,1.0,1.0,5.0,6.0,7.0,382.0,323.0,True,False,True,True,False,False,1.0,both,0.0019041447548787478,0.0018745175873855994,3.0959752321981425e-05,3.522966807781059e-05,6.301253949535957e-05,-2.72030003922075,-2.7271104805192055,-4.509202522331103,-4.453091448577325,-4.200573017344131,P,non-synonymous,-1.076895280417077,-1.0231589518777262,0.07037622877036664,0.01797944149007291,0.04417783513021978
282,single,tttttagttttatctcgtagagatcca,5.0,cgt,1.0,,FLVLSRRDP,,False,False,3.0,1.0,1.0,281.0,265.0,170.0,134.0,124.0,True,False,True,True,False,False,1.0,both,0.0006679460658475188,0.0007196290428353384,0.001739938080495356,0.0015559770067699679,0.0015303045306015897,-3.1752586037676513,-3.1428913176880733,-2.759466206762042,-2.8079968250241616,-2.8152221359801137,R,non-synonymous,0.2503014413564447,0.19852495736910863,1.3975729505438883,1.2396633507369077,1.318618150640398
283,single,tttttagttttatctctgagagatcca,5.0,ctg,1.0,,FLVLSLRDP,,False,False,1.0,0.0,1.0,13.0,11.0,3.0,726.0,737.0,True,False,True,True,False,False,1.0,both,0.003618871968696259,0.0042771500368519715,8.04953560371517e-05,6.458772480931943e-05,2.7005374069439818e-05,-2.441426781432365,-2.368845514991257,-4.094229174360285,-4.189850013802744,-4.568549802638725,L,synonymous,-0.9949648531491984,-1.0794887596384233,0.15230665603824534,-0.03835036627062416,0.05697814488381059
284,single,tttttagttttatctcttagagatcca,5.0,ctt,1.0,,FLVLSLRDP,,False,False,2.0,0.0,1.0,20.0,21.0,3.0,1573.0,1223.0,True,False,True,True,False,False,1.0,both,0.007840889265508562,0.007097631607964668,0.0001238390092879257,0.00012330383827233708,2.7005374069439818e-05,-2.105634679509172,-2.148886545814023,-3.9071425310031405,-3.90902340422705,-4.568549802638725,L,synonymous,-1.084483542968221,-1.0434065129011223,0.06278796621922278,-0.0022681195333231763,0.0302599233429498
285,single,tttttagttttatctgagagagatcca,5.0,gag,1.0,,FLVLSERDP,,False,False,2.0,1.0,1.0,655.0,684.0,515.0,855.0,844.0,True,False,True,True,False,False,1.0,both,0.0042618946738778255,0.004898120259298594,0.004055727554179566,0.004016182160870407,0.0046359225485871685,-2.3703972874042862,-2.3099705562246533,-2.3919312266753385,-2.396186597240853,-2.3338638283171966,E,non-synonymous,-0.01296314236730471,-0.05110874093845243,1.134308366820139,0.9900296524293467,1.062169009624743
286,single,tttttagttttatctgatagagatcca,5.0,gat,1.0,,FLVLSDRDP,,False,False,3.0,1.0,1.0,4.0,19.0,10.0,833.0,751.0,True,False,True,True,False,False,1.0,both,0.004152231886947636,0.00435839847717209,2.4767801857585138e-05,0.00011156061557973355,9.00179135647994e-05,-2.381718400725671,-2.3606730658461403,-4.606112535339159,-3.95248909800814,-4.045671057358388,D,non-synonymous,-1.339055408536165,-0.9436261773392796,-0.1917838993487213,0.09751221602851956,-0.047135841660100875
287,single,tttttagttttatctgcgagagatcca,5.0,gcg,1.0,,FLVLSARDP,,False,False,2.0,1.0,1.0,5.0,1.0,5.0,333.0,224.0,True,False,True,True,False,False,1.0,both,0.0016598958203524164,0.0012999750451219017,3.0959752321981425e-05,5.871611346301766e-06,4.50089567823997e-05,-2.779919168626139,-2.8860649845161457,-4.509202522331103,-5.231242698960969,-4.346701053022369,A,non-synonymous,-1.0410053648485056,-1.3902178625862853,0.1062661443389381,-0.3490794692184862,-0.12140666243977405
288,single,tttttagttttatctgctagagatcca,5.0,gct,1.0,,FLVLSARDP,,False,False,3.0,1.0,1.0,2.0,15.0,1.0,598.0,474.0,True,False,True,True,False,False,1.0,both,0.002980833935647883,0.0027508400508383097,1.2383900928792569e-05,8.807417019452648e-05,9.00179135647994e-06,-2.525662218144048,-2.5605346611762236,-4.9071425310031405,-4.055151439905288,-5.045671057358388,A,non-synonymous,-1.4336191790986166,-0.8860066044087448,-0.2863476699111729,0.15513178895905433,-0.06560794047605928
289,single,tttttagttttatctggtagagatcca,5.0,ggt,1.0,,FLVLSGRDP,,False,False,3.0,1.0,1.0,4.0,5.0,2.0,887.0,749.0,True,False,True,True,False,False,1.0,both,0.00442140418213992,0.004346791557126359,2.4767801857585138e-05,2.935805673150883e-05,1.800358271295988e-05,-2.3544397823007324,-2.361831185150842,-4.606112535339159,-4.53227269462495,-4.744641061694407,G,non-synonymous,-1.3554767706369313,-1.2866345000570478,-0.2082052614494876,-0.2454961066892487,-0.22685068406936815
290,single,tttttagttttatctgtgagagatcca,5.0,gtg,1.0,,FLVLSVRDP,,False,False,1.0,1.0,1.0,4.0,5.0,4.0,466.0,395.0,True,False,True,True,False,False,1.0,both,0.0023228572140667446,0.002292366709031925,2.4767801857585138e-05,2.935805673150883e-05,3.600716542591976e-05,-2.6339774854424585,-2.6397159072238483,-4.606112535339159,-4.53227269462495,-4.443611066030425,V,non-synonymous,-1.1871988258891824,-1.1219048499387527,-0.03992731670173866,-0.0807664565709536,-0.06034688663634613
291,single,tttttagttttatctgttagagatcca,5.0,gtt,1.0,,FLVLSVRDP,,False,False,2.0,1.0,1.0,4.0,3.0,6.0,588.0,578.0,True,False,True,True,False,False,1.0,both,0.0029309872143159785,0.0033543998932163356,2.4767801857585138e-05,1.7614834038905296e-05,5.4010748138879636e-05,-2.53298607605632,-2.4743851644297794,-4.606112535339159,-4.7541214442413064,-4.267519806974744,V,non-synonymous,-1.2479942986203207,-1.3514242774263572,-0.10072278943287705,-0.31028588405855806,-0.20550433674571755
292,single,tttttagttttatcttagagagatcca,5.0,tag,1.0,,FLVLS*RDP,,True,False,1.0,1.0,1.0,9.0,10.0,9.0,391.0,376.0,True,False,True,True,False,False,1.0,both,0.0019490068040774618,0.002182100968597478,5.5727554179566566e-05,5.871611346301766e-05,8.101612220831946e-05,-2.710186644736592,-2.6611251579226476,-4.2539300172277965,-4.231242698960969,-4.091428547919063,*,stop,-0.9293127868660731,-0.930763344059948,0.2179587223213706,0.11037504930785114,0.16416688581461086
293,single,tttttagttttatcttatagagatcca,5.0,tat,1.0,,FLVLSYRDP,,False,False,2.0,1.0,1.0,6.0,5.0,1.0,649.0,507.0,True,False,True,True,False,False,1.0,both,0.003235052214440595,0.002942354231592876,3.715170278637771e-05,2.935805673150883e-05,9.00179135647994e-06,-2.4901187053320895,-2.5313050435169724,-4.430021276283478,-4.53227269462495,-5.045671057358388,Y,non-synonymous,-1.1677953062562967,-1.186170648771565,-0.02052379706885299,-0.14503225540376596,-0.08277802623630948
294,single,tttttagttttatcttcgagagatcca,5.0,tcg,1.0,,FLVLSSRDP,,False,False,1.0,1.0,1.0,4.0,6.0,5.0,501.0,401.0,True,False,True,True,False,False,1.0,both,0.00249732073872841,0.0023271874691691186,2.4767801857585138e-05,3.522966807781059e-05,4.50089567823997e-05,-2.602525676265213,-2.6331686302301263,-4.606112535339159,-4.453091448577325,-4.346701053022369,S,non-synonymous,-1.2061323928014849,-1.07884754106731,-0.05886088361404118,-0.03770914769951084,-0.04828501565677601
295,single,tttttagttttatcttctagagatcca,5.0,tct,1.0,,FLVLSSRDP,,False,False,2.0,1.0,1.0,16.0,17.0,8.0,1062.0,925.0,True,False,True,True,False,False,1.0,both,0.005293721805448247,0.00536820052115071,9.907120743034055e-05,9.981739288713001e-05,7.201433085183952e-05,-2.2762388853870084,-2.270171270111276,-4.004052544011197,-4.000793777582695,-4.142581070366444,S,non-synonymous,-1.0401206281392203,-1.0259104495414308,0.10715088104822335,0.015227943826368273,0.06118941243729581
296,single,tttttagttttatcttggagagatcca,5.0,tgg,1.0,,FLVLSWRDP,,False,False,1.0,1.0,1.0,380.0,378.0,284.0,338.0,313.0,True,False,True,True,False,False,1.0,both,0.0016848191810183684,0.001816482987156943,0.002352941176470588,0.0022194690889020675,0.002556508745240303,-2.773446701854804,-2.74076866530386,-2.6283889300503116,-2.653750899123744,-2.59235271731135,W,non-synonymous,0.08732283135549707,0.05158400242371077,1.2345943405429407,1.09272239579151,1.1636583681672255
297,single,tttttagttttatcttgtagagatcca,5.0,tgt,1.0,,FLVLSCRDP,,False,False,2.0,1.0,1.0,9.0,15.0,4.0,828.0,661.0,True,False,True,True,False,False,1.0,both,0.004127308526281684,0.0038360870751141833,5.5727554179566566e-05,8.807417019452648e-05,3.600716542591976e-05,-2.3843330653475787,-2.4161115433646683,-4.2539300172277965,-4.055151439905288,-4.443611066030425,C,non-synonymous,-1.1254722673654878,-0.9716204139359934,0.021799241821955917,0.06951797943180571,0.04565861062688081
298,single,tttttagttttatctttgaaggatcca,6.0,aag,1.0,,FLVLSLKDP,,False,False,2.0,1.0,1.0,4.0,16.0,4.0,676.0,567.0,True,False,True,True,False,False,1.0,both,0.003369638362036737,0.0032905618329648135,2.4767801857585138e-05,9.394578154082825e-05,3.600716542591976e-05,-2.4724167061908227,-2.482729943957402,-4.606112535339159,-4.027122716305044,-4.443611066030425,K,non-synonymous,-1.2844562461897495,-0.915513739424698,-0.13718473700230582,0.12562465394310107,-0.0057800415296023755
299,single,tttttagttttatctttgaatgatcca,6.0,aat,1.0,,FLVLSLNDP,,False,False,2.0,1.0,1.0,26.0,41.0,14.0,912.0,809.0,True,False,True,True,False,False,1.0,both,0.004546020985469681,0.004694999158498297,0.0001609907120743034,0.00024073606519837238,0.00012602507899071914,-2.3423685638040426,-2.328364481238036,-3.7931991786963035,-3.6184588422412336,-3.8995430216801497,N,non-synonymous,-0.8733805540621534,-0.7647660192409191,0.27389095512529027,0.27637237412688,0.2751316646260851
300,single,tttttagttttatctttgacggatcca,6.0,acg,1.0,,FLVLSLTDP,,False,False,2.0,1.0,1.0,11.0,11.0,12.0,647.0,561.0,True,False,True,True,False,False,1.0,both,0.003225082870174214,0.0032557410728276197,6.811145510835913e-05,6.458772480931943e-05,0.00010802149627775927,-2.4914591214637585,-2.4873501415941472,-4.166779841508896,-4.189850013802744,-3.9664898113107627,T,non-synonymous,-1.0085205837853688,-1.0092393931670827,0.1387509254020749,0.031899000200716454,0.08532496280139568
301,single,tttttagttttatctttgactgatcca,6.0,act,1.0,,FLVLSLTDP,,False,False,2.0,1.0,1.0,14.0,12.0,12.0,510.0,603.0,True,False,True,True,False,False,1.0,both,0.002542182787927124,0.003499486393787976,8.668730650154798e-05,7.045933615562119e-05,0.00010802149627775927,-2.5947932260345223,-2.455995690710157,-4.0620444909888835,-4.152061452913345,-3.9664898113107627,T,non-synonymous,-0.8832655649670017,-1.0054252623213598,0.264005944220442,0.03571313104643936,0.14985953763344068
302,single,tttttagttttatctttgagaaagcca,7.0,aag,1.0,,FLVLSLRKP,,False,False,2.0,1.0,1.0,2375.0,2453.0,1667.0,1559.0,1288.0,True,False,True,True,False,False,1.0,both,0.007771103855643895,0.007474856509450935,0.014705882352941176,0.01440306263247823,0.01500598619125206,-2.109517286943617,-2.126397139826515,-1.8325089127062364,-1.8415451507545835,-1.8237354575303821,K,non-synonymous,0.16675532270131063,0.16885983563713838,1.3140268318887542,1.2099982290049376,1.262012530446846
303,single,tttttagttttatctttgagaaatcca,7.0,aat,1.0,,FLVLSLRNP,,False,False,1.0,1.0,1.0,209.0,218.0,161.0,1141.0,983.0,True,False,True,True,False,False,1.0,both,0.005687510903970292,0.005704801202476917,0.0012941176470588236,0.0012800112734937849,0.0014492884083932703,-2.245077757714244,-2.243759485018173,-2.8880262405560675,-2.8927862053563644,-2.838845181326538,N,non-synonymous,-0.38704635566262346,-0.38474207491927626,0.7602251535248202,0.6563963184485229,0.7083107359866716
304,single,tttttagttttatctttgagaacgcca,7.0,acg,1.0,,FLVLSLRTP,,False,False,3.0,1.0,1.0,2327.0,2470.0,1578.0,1025.0,919.0,True,False,True,True,False,False,1.0,both,0.0051092889365202,0.005333379761013516,0.014408668730650154,0.014502880025365362,0.014204826760525344,-2.2916395367406857,-2.272997491464197,-1.8413761433803917,-1.8385457457013035,-1.847564058484986,T,non-synonymous,0.271052518419679,0.25754234899607675,1.4183240276071227,1.2986807423638758,1.3585023849854991
305,single,tttttagttttatctttgagaactcca,7.0,act,1.0,,FLVLSLRTP,,False,False,2.0,1.0,1.0,1836.0,2090.0,1360.0,1053.0,741.0,True,False,True,True,False,False,1.0,both,0.005248859756249532,0.004300363876943433,0.01136842105263158,0.01227166771377069,0.012242436244812718,-2.279935030946972,-2.3664947948709805,-1.944299849801898,-1.9110964128499153,-1.91213214898817,T,non-synonymous,0.20204787344731112,0.2699594838289059,1.349319382634755,1.311097877196705,1.33020862991573
306,single,tttttagttttatctttgagaagtcca,7.0,agt,1.0,,FLVLSLRSP,,False,False,2.0,1.0,1.0,1831.0,1782.0,1313.0,833.0,728.0,True,False,True,True,False,False,1.0,both,0.004152231886947636,0.00422491889664618,0.011337461300309597,0.010463211419109747,0.011819352051058161,-2.381718400725671,-2.3741816235372712,-1.9454841823654252,-1.9803349992601131,-1.927406331268908,S,non-synonymous,0.26260714339877295,0.23347169334628975,1.4098786525862166,1.2746100867140888,1.3422443696501527
307,single,tttttagttttatctttgagaatgcca,7.0,atg,1.0,,FLVLSLRMP,,False,False,3.0,1.0,1.0,1202.0,1170.0,820.0,771.0,635.0,True,False,True,True,False,False,1.0,both,0.003843182214689829,0.0036851971145196766,0.007442724458204334,0.0068697852751730655,0.007381468912313551,-2.415309024081502,-2.433539277558333,-2.128268059000401,-2.163056837214808,-2.1318572049746707,M,non-synonymous,0.17279480771067388,0.16034158851390753,1.3200663168981175,1.2014799818817066,1.260773149389912
308,single,tttttagttttatctttgagaattcca,7.0,att,1.0,,FLVLSLRIP,,False,False,2.0,1.0,1.0,2100.0,2125.0,1493.0,1011.0,896.0,True,False,True,True,False,False,1.0,both,0.005039503526655534,0.005199900180487607,0.013003095975232198,0.012477174110891252,0.01343967449522455,-2.2976122465414575,-2.284004993188183,-1.8859532319332024,-1.903883764574639,-1.8716112496333621,I,non-synonymous,0.2478132006401982,0.22533529920221637,1.395084709827642,1.2664736925700155,1.3307792011988289
309,single,tttttagttttatctttgagacagcca,7.0,cag,1.0,,FLVLSLRQP,,False,False,2.0,1.0,1.0,1307.0,1189.0,877.0,998.0,820.0,True,False,True,True,False,False,1.0,both,0.004974702788924058,0.004758837218749819,0.008092879256965944,0.0069813458907527996,0.007894571019632908,-2.3032328608450876,-2.3224991504665917,-2.0918969390865776,-2.1560608443422775,-2.1026714639923467,Q,non-synonymous,0.12722138790294985,0.09866438042943879,1.2744928970903935,1.1398027737972378,1.2071478354438157
310,single,tttttagttttatctttgagacatcca,7.0,cat,1.0,,FLVLSLRHP,,False,False,1.0,1.0,1.0,1173.0,1279.0,781.0,557.0,513.0,True,False,True,True,False,False,1.0,both,0.002776462378187075,0.0029771749917300696,0.007263157894736842,0.0075097909119199585,0.007030399049410833,-2.5565082069587297,-2.526195637738492,-2.1388745145515924,-2.124372154482315,-2.153020023481087,H,non-synonymous,0.2514098764704212,0.23820036348998888,1.3986813856578648,1.279338756857788,1.3390100712578263
311,single,tttttagttttatctttgagaccgcca,7.0,ccg,1.0,,FLVLSLRPP,,False,False,3.0,1.0,1.0,1651.0,2012.0,1286.0,888.0,805.0,True,False,True,True,False,False,1.0,both,0.0044263888542731104,0.004671785318406834,0.010222910216718267,0.011813682028759152,0.011576303684433202,-2.3539504363538577,-2.33051712248244,-1.990425453404328,-1.9276147225770794,-1.9364300887701842,P,non-synonymous,0.21883715973795625,0.2388399436756175,1.3661086689254,1.2799783370434166,1.3230435029844083
312,single,tttttagttttatctttgagacctcca,7.0,cct,1.0,,FLVLSLRPP,,False,False,2.0,1.0,1.0,130.0,168.0,91.0,81.0,55.0,True,False,True,True,False,False,1.0,both,0.0004037584427884256,0.0003191903012576098,0.0008049535603715171,0.0009864307061786966,0.0008191630134396745,-3.393878383253809,-3.4959503133560648,-3.0942291743602848,-3.0059334172351067,-3.086629665037294,P,non-synonymous,0.18038480123135978,0.2904812875205548,1.3276563104188035,1.331619680888354,1.3296379956535787
313,single,tttttagttttatctttgagacggcca,7.0,cgg,1.0,,FLVLSLRRP,,False,False,3.0,1.0,1.0,1627.0,1696.0,1117.0,780.0,668.0,True,False,True,True,False,False,1.0,both,0.0038880442638885428,0.0038767112952742427,0.010074303405572756,0.009958252843327794,0.010055000945188092,-2.4102687994419782,-2.4115365403747626,-1.996784973730263,-2.001816851040274,-1.9976178842427785,R,non-synonymous,0.2489117124280248,0.24288122271405407,1.3961832216154684,1.284019616081853,1.3401014188486609
314,single,tttttagttttatctttgagacgtcca,7.0,cgt,1.0,,FLVLSLRRP,,False,False,2.0,1.0,1.0,155.0,135.0,103.0,66.0,52.0,True,False,True,True,False,False,1.0,both,0.000328988360790569,0.0003017799211890129,0.0009597523219814242,0.0007926675317507383,0.0009271845097174338,-3.4828194665905903,-3.5203096592155094,-3.0178408284968303,-3.100908930465963,-3.0328338326532154,R,non-synonymous,0.27991089821023024,0.24862012848666037,1.427182407397674,1.2897585218544596,1.3584704646260668
315,single,tttttagttttatctttgagactgcca,7.0,ctg,1.0,,FLVLSLRLP,,False,False,3.0,1.0,1.0,307.0,246.0,213.0,577.0,526.0,True,False,True,True,False,False,1.0,both,0.0028761558208508834,0.0030526199720273227,0.0019009287925696595,0.0014444163911902343,0.001917381558930227,-2.5411875889767273,-2.5153272586965696,-2.721034151189935,-2.84030759185759,-2.7172914539196498,L,non-synonymous,-0.10826521617315704,-0.19264785835501025,1.0390062930142867,0.8484905350127889,0.9437484140135378
316,single,tttttagttttatctttgagacttcca,7.0,ctt,1.0,,FLVLSLRLP,,False,False,2.0,1.0,1.0,230.0,210.0,133.0,573.0,377.0,True,False,True,True,False,False,1.0,both,0.0028562171323181216,0.0021879044286203433,0.0014241486068111455,0.0012330383827233707,0.0011972382504118319,-2.544208780165069,-2.659971652644516,-2.8464446906495287,-2.90902340422705,-2.9218194163913016,L,non-synonymous,-0.1819419608649486,-0.1476375080770398,0.9653295483224951,0.8935008852907593,0.9294152168066272
317,single,tttttagttttatctttgagagagcca,7.0,gag,1.0,,FLVLSLREP,,False,False,1.0,1.0,1.0,930.0,833.0,632.0,817.0,632.0,True,False,True,True,False,False,1.0,both,0.004072477132816589,0.0036677867344510795,0.005758513931888545,0.00489105225146937,0.005689132137295321,-2.390141345600043,-2.4355959245679237,-2.2396895781131865,-2.3105976975541815,-2.2449539790760027,E,non-synonymous,0.09056994434671416,0.07409876314096621,1.2378414535341578,1.1152371565087653,1.1765393050214614
318,single,tttttagttttatctttgagagataag,8.0,aag,1.0,,FLVLSLRDK,,False,False,3.0,1.0,1.0,266.0,369.0,216.0,216.0,207.0,True,False,True,True,False,False,1.0,both,0.001076689180769135,0.0012013162247331859,0.0016470588235294118,0.0021666245867853515,0.0019443869329996669,-2.967909650981528,-2.9203426573933906,-2.7832908900360547,-2.664216332801909,-2.7112173062074567,K,non-synonymous,0.11113801574748233,0.1518313044390942,1.258409524934926,1.1929696978068933,1.2256896113709097
319,single,tttttagttttatctttgagagatacg,8.0,acg,1.0,,FLVLSLRDT,,False,False,2.0,1.0,1.0,145.0,116.0,117.0,102.0,71.0,True,False,True,True,False,False,1.0,both,0.0005084365575854248,0.0004120456616234599,0.0008978328173374613,0.0006811069161710048,0.001053209588708153,-3.293763230370541,-3.3850546541312334,-3.046804524432147,-3.166784709734051,-2.9774851956122257,T,non-synonymous,0.14866582577523316,0.1293900985403627,1.2959373349626768,1.1705284919081618,1.2332329134354194
320,single,tttttagttttatctttgagagatact,8.0,act,1.0,,FLVLSLRDT,,False,False,2.0,1.0,1.0,602.0,630.0,439.0,305.0,287.0,True,False,True,True,False,False,1.0,both,0.001520325000623084,0.0016655930265624364,0.0037275541795665636,0.0036991151481701122,0.003951786405494693,-2.8180635627856727,-2.778431106116316,-2.4285760354092973,-2.4319021495073874,-2.403206537116266,T,non-synonymous,0.23446626295898665,0.2054218502989509,1.3817377721464303,1.24656024366675,1.31414900790659
321,single,tttttagttttatctttgagagatagg,8.0,agg,1.0,,FLVLSLRDR,,False,False,3.0,1.0,1.0,1451.0,1438.0,983.0,1177.0,1003.0,True,False,True,True,False,False,1.0,both,0.005866959100765147,0.005820870402934229,0.00898452012383901,0.00844337711598194,0.00884876090341978,-2.231586939289024,-2.2350120698298905,-2.0465051142293857,-2.0734838129141053,-2.053117539526252,R,non-synonymous,0.11141677412798828,0.09575371055831101,1.258688283315432,1.1368921039261102,1.197790193620771
322,single,tttttagttttatctttgagagatagt,8.0,agt,1.0,,FLVLSLRDS,,False,False,3.0,1.0,1.0,1319.0,1300.0,941.0,1397.0,1341.0,True,False,True,True,False,False,1.0,both,0.006963586970067044,0.007782439890662813,0.0081671826625387,0.007633094750192295,0.008470685666447623,-2.157166996018277,-2.1088842249987096,-2.0879277311207565,-2.1172993466541326,-2.0720814339311304,S,non-synonymous,0.04168110799312248,-0.004988471606713603,1.1889526171805662,1.0361499217610854,1.112551269470826
323,single,tttttagttttatctttgagagatatg,8.0,atg,1.0,,FLVLSLRDM,,False,False,3.0,1.0,1.0,2008.0,2116.0,1320.0,1004.0,845.0,True,False,True,True,False,False,1.0,both,0.005004610821723201,0.004903923719321459,0.01243343653250774,0.012424329608774536,0.01188236459055352,-2.300629689323458,-2.3094562939006162,-1.90540881819414,-1.905727035597821,-1.9250971261525376,M,non-synonymous,0.23791765893324762,0.2393301041043401,1.3851891681206914,1.2804684974721392,1.3328288327964153
324,single,tttttagttttatctttgagagatatt,8.0,att,1.0,,FLVLSLRDI,,False,False,3.0,1.0,1.0,1261.0,1324.0,963.0,749.0,621.0,True,False,True,True,False,False,1.0,both,0.003733519427759639,0.0036039486741995578,0.007808049535603715,0.007774013422503538,0.008668725076290181,-2.4278815844329924,-2.4432214026737284,-2.10745744009404,-2.109354713857288,-2.062044770233853,I,non-synonymous,0.19289103348458592,0.19791567677634617,1.3401625426720296,1.2390540701441453,1.2896083064080874
325,single,tttttagttttatctttgagagatcat,8.0,cat,1.0,,FLVLSLRDH,,False,False,2.0,1.0,1.0,1182.0,1344.0,869.0,703.0,565.0,True,False,True,True,False,False,1.0,both,0.003504224509632879,0.0032789549129190825,0.007318885448916409,0.007891445649429573,0.007822556688781068,-2.4554080771126348,-2.4842645550308697,-2.135555050121885,-2.102843430243163,-2.106651280909721,H,non-synonymous,0.19254722850770736,0.22610587572172614,1.3398187376951511,1.2672442690895251,1.303531503392338
326,single,tttttagttttatctttgagagatccg,8.0,ccg,1.0,,FLVLSLRDP,,False,False,1.0,0.0,1.0,1.0,1.0,1.0,3.0,7.0,True,False,True,True,False,False,2.0,both,1.4954016399571318e-05,4.062422016005943e-05,6.191950464396284e-06,5.871611346301766e-06,9.00179135647994e-06,-4.825242147412796,-4.3912149628360515,-5.208172526667122,-5.231242698960969,-5.045671057358388,P,synonymous,-0.2305189478133594,-0.4979671931196219,0.9167525613740843,0.5431712002481772,0.7299618808111308
327,single,tttttagttttatctttgagagatcct,8.0,cct,1.0,,FLVLSLRDP,,False,False,1.0,0.0,1.0,3.0,5.0,7.0,466.0,302.0,True,False,True,True,False,False,1.0,both,0.0023228572140667446,0.001752644926905421,1.8575851393188854e-05,2.935805673150883e-05,6.301253949535957e-05,-2.6339774854424585,-2.756306059893158,-4.731051271947459,-4.53227269462495,-4.200573017344131,P,synonymous,-1.2624102681366192,-1.0527903807690222,-0.11513875894917547,-0.011651987401223085,-0.06339537317519928
328,single,tttttagttttatctttgagagatcgg,8.0,cgg,1.0,,FLVLSLRDR,,False,False,2.0,1.0,1.0,204.0,221.0,135.0,126.0,160.0,True,False,True,True,False,False,1.0,both,0.0006280686887819954,0.0009285536036585012,0.0012631578947368421,0.0012976261075326903,0.0012152418331247917,-3.2019928570148957,-3.032193020194384,-2.898542359241223,-2.8868504252758584,-2.9153372888633813,R,non-synonymous,0.18267312610830702,0.08615887418928923,1.3299446352957507,1.1272972675570883,1.2286209514264195
329,single,tttttagttttatctttgagagatcgt,8.0,cgt,1.0,,FLVLSLRDR,,False,False,2.0,1.0,1.0,615.0,629.0,396.0,456.0,426.0,True,False,True,True,False,False,1.0,both,0.0022730104927348406,0.0024722739697407596,0.003808049535603715,0.0036932435368238104,0.003564709377166056,-2.643398559468024,-2.6069034037475896,-2.419297410891705,-2.4325920535157004,-2.447975871432875,R,non-synonymous,0.1349058830855212,0.1033315092716859,1.282177392272965,1.1444699026394851,1.213323647456225
330,single,tttttagttttatctttgagagatctg,8.0,ctg,1.0,,FLVLSLRDL,,False,False,2.0,1.0,1.0,1365.0,1221.0,879.0,683.0,672.0,True,False,True,True,False,False,1.0,both,0.00340453106696907,0.003899925135365705,0.008452012383900928,0.0071692374538344554,0.007912574602345866,-2.4679426984509263,-2.408943729796483,-2.073039875290347,-2.144527035016087,-2.1016821822846157,L,non-synonymous,0.2377261983255762,0.1567458235619276,1.38499770751302,1.1978842169297268,1.2914409622213734
331,single,tttttagttttatctttgagagatctt,8.0,ctt,1.0,,FLVLSLRDL,,False,False,2.0,1.0,1.0,1214.0,1229.0,790.0,771.0,670.0,True,False,True,True,False,False,1.0,both,0.003843182214689829,0.0038883182153199736,0.00751702786377709,0.00721621034460487,0.007111415171619152,-2.415309024081502,-2.410238200149482,-2.123953839927883,-2.141690816074515,-2.148043966067946,L,non-synonymous,0.1753919096777985,0.15919449003472205,1.3226634188652422,1.200332883402521,1.2614981511338816
332,single,tttttagttttatctttgagagatgag,8.0,gag,1.0,,FLVLSLRDE,,False,False,3.0,1.0,1.0,777.0,752.0,451.0,402.0,285.0,True,False,True,True,False,False,1.0,both,0.0020038381975425565,0.0016539861065167053,0.004811145510835914,0.0044154517324189275,0.004059807901772453,-2.6981373490479887,-2.781468142841798,-2.317751507866207,-2.355024858369327,-2.391494515480427,E,non-synonymous,0.22898717005183492,0.2527949450491602,1.3762586792392786,1.2939333384169593,1.335096008828119
333,single,tttttagttttatctttgagagatgat,8.0,gat,1.0,,FLVLSLRDD,,False,False,3.0,1.0,1.0,1239.0,1297.0,956.0,602.0,561.0,True,False,True,True,False,False,1.0,both,0.0030007726241806443,0.0032557410728276197,0.007671826625386997,0.00761547991615339,0.008605712536794822,-2.5227669108746342,-2.4873501415941472,-2.1151012202910584,-2.1183027228768894,-2.0652131650822874,D,non-synonymous,0.2454092731841436,0.21877076115894636,1.3926807823715872,1.2599091545267456,1.3262949684491665
334,single,tttttagttttatctttgagagatgcg,8.0,gcg,1.0,,FLVLSLRDA,,False,False,2.0,1.0,1.0,352.0,330.0,217.0,184.0,173.0,True,False,True,True,False,False,1.0,both,0.0009171796725070409,0.0010039985839557545,0.0021795665634674923,0.0019376317442795826,0.001953388724356147,-3.0375455791229222,-2.998266899721513,-2.6616298631889905,-2.712728759083082,-2.709211323509858,A,non-synonymous,0.22629621466006156,0.16926658526566926,1.3735677238475053,1.2104049786334683,1.2919863512404868
335,single,tttttagttttatctttgagagatgct,8.0,gct,1.0,,FLVLSLRDA,,False,False,2.0,1.0,1.0,395.0,342.0,270.0,254.0,189.0,True,False,True,True,False,False,1.0,both,0.0012661067218303716,0.0010968539443216045,0.0024458204334365324,0.0020080910804352037,0.0024304836662495835,-2.8975296855125205,-2.9598511986770646,-2.6115754310406616,-2.697216592904834,-2.6143072931994,A,non-synonymous,0.17214062251202814,0.1556894038472886,1.3194121316994718,1.1968277972150878,1.2581199644572798
336,single,tttttagttttatctttgagagatggg,8.0,ggg,1.0,,FLVLSLRDG,,False,False,3.0,1.0,1.0,342.0,359.0,211.0,229.0,289.0,True,False,True,True,False,False,1.0,both,0.0011414899185006107,0.0016771999466081678,0.0021176470588235292,0.002107908473322334,0.0018993779762172672,-2.9425279197925707,-2.7754151600937607,-2.674146420610987,-2.67614825038265,-2.7213886020606948,G,non-synonymous,0.1615620597258004,0.058845276498286775,1.308833568913244,1.0999836698660859,1.2044086193896648
337,single,tttttagttttatctttgagagatggt,8.0,ggt,1.0,,FLVLSLRDG,,False,False,3.0,1.0,1.0,573.0,613.0,418.0,521.0,479.0,True,False,True,True,False,False,1.0,both,0.002597014181392219,0.0027798573509526378,0.0035479876160990713,0.0035992977552829824,0.0037627487870086147,-2.5855256788329344,-2.555977489435745,-2.450017904699732,-2.443782224442554,-2.4244947755833524,G,non-synonymous,0.08157386095755516,0.06650918628913392,1.2288453701449988,1.107647579656933,1.168246474900966
338,single,tttttagttttatctttgagagatgtg,8.0,gtg,1.0,,FLVLSLRDV,,False,False,3.0,1.0,1.0,1069.0,1141.0,866.0,615.0,611.0,True,False,True,True,False,False,1.0,both,0.0030655733619121203,0.0035459140739709013,0.006619195046439629,0.0066995085461303144,0.007795551314711628,-2.513488286357042,-2.4502717926077544,-2.179194821458344,-2.1739570545427545,-2.108153165341041,V,non-synonymous,0.201240178278333,0.1637989659324178,1.3485116874657768,1.2049373593002168,1.2767245233829967
339,single,tttttagttttatctttgagagatgtt,8.0,gtt,1.0,,FLVLSLRDV,,False,False,3.0,1.0,1.0,667.0,647.0,456.0,456.0,381.0,True,False,True,True,False,False,1.0,both,0.0022730104927348406,0.002211118268711806,0.004130030959752322,0.0037989325410572425,0.004104816858554852,-2.643398559468024,-2.655388027174689,-2.384046692750573,-2.420338418292269,-2.3867062146939526,V,non-synonymous,0.15612634219712956,0.1393370587011643,1.3033978513845732,1.1804754520689635,1.2419366517267685
340,single,tttttagttttatctttgagagattag,8.0,tag,1.0,,FLVLSLRD*,,True,False,3.0,1.0,1.0,7.0,11.0,3.0,217.0,205.0,True,False,True,True,False,False,1.0,both,0.0010816738529023254,0.0011897093046874547,4.334365325077399e-05,6.458772480931943e-05,2.7005374069439818e-05,-2.9659036682839295,-2.9245591417945542,-4.363074486652865,-4.189850013802744,-4.568549802638725,*,stop,-0.8410780768898718,-0.7500625478396123,0.3061934322975719,0.29107584552818677,0.29863463891287934
341,single,tttttagttttatctttgagagattat,8.0,tat,1.0,,FLVLSLRDY,,False,False,3.0,1.0,1.0,952.0,954.0,734.0,742.0,685.0,True,False,True,True,False,False,1.0,both,0.003698626722827306,0.003975370115662958,0.005894736842105263,0.005601517224371884,0.006607314855656275,-2.4319594968534317,-2.400622431357883,-2.2295355782826474,-2.2516943242568743,-2.179974997442317,Y,non-synonymous,0.12185648161960834,0.08828436048054433,1.269127990807052,1.1294227538483435,1.1992753723276977
342,single,tttttagttttatctttgagagattcg,8.0,tcg,1.0,,FLVLSLRDS,,False,False,2.0,1.0,1.0,660.0,619.0,465.0,690.0,572.0,True,False,True,True,False,False,1.0,both,0.003439423771901403,0.003319579133079142,0.004086687306501548,0.003634527423360793,0.004185832980763172,-2.4635143113952034,-2.4789169740572845,-2.388628591125253,-2.4395520499408514,-2.3782181044684334,S,non-synonymous,0.04508019832871371,0.023335468493045155,1.1923517075161574,1.0644738618608443,1.1284127846885008
343,single,tttttagttttatctttgagagattct,8.0,tct,1.0,,FLVLSLRDS,,False,False,2.0,1.0,1.0,704.0,715.0,443.0,675.0,633.0,True,False,True,True,False,False,1.0,both,0.0033646536899035466,0.003673590194473945,0.0043591331269349845,0.004198202112605762,0.003987793570920614,-2.4730596293014337,-2.434909292832953,-2.3605998675250097,-2.3769366571598884,-2.399267331135318,S,non-synonymous,0.06769926691772017,0.034366092240041966,1.2149707761051638,1.075504485607841,1.1452376308565024
344,single,tttttagttttatctttgagagattgg,8.0,tgg,1.0,,FLVLSLRDW,,False,False,3.0,1.0,1.0,5.0,9.0,5.0,453.0,371.0,True,False,True,True,False,False,1.0,both,0.002258056476335269,0.0021530836684831496,3.0959752321981425e-05,5.284450211671589e-05,4.50089567823997e-05,-2.6462652001196267,-2.666939093235263,-4.509202522331103,-4.277000189521645,-4.346701053022369,W,non-synonymous,-1.1214632597044751,-0.9544418242275803,0.02580824948296856,0.08669656914021884,0.0562524093115937
345,single,tttttagttttatctttgagagattgt,8.0,tgt,1.0,,FLVLSLRDC,,False,False,3.0,1.0,1.0,2.0,2.0,1.0,4.0,2.0,True,False,True,True,False,False,3.0,both,1.993868853276176e-05,1.1606920045731265e-05,1.2383900928792569e-05,1.1743222692603532e-05,9.00179135647994e-06,-4.700303410804496,-4.935283007186327,-4.9071425310031405,-4.930212703296988,-5.045671057358388,C,non-synonymous,-0.12451437372944825,0.003005668607664062,1.0227571354579954,1.0441440619754632,1.0334505987167293
346,single,tttttagttttatctttgagagatttg,8.0,ttg,1.0,,FLVLSLRDL,,False,False,3.0,1.0,1.0,951.0,974.0,622.0,584.0,528.0,True,False,True,True,False,False,1.0,both,0.0029110485257832167,0.003064226892073054,0.005888544891640867,0.005718949451297919,0.0055991142237305225,-2.5359505550200594,-2.5136790803164963,-2.229992009729708,-2.2426837420823538,-2.2518806726675686,L,non-synonymous,0.1841829370450535,0.1606456336209487,1.331454446232497,1.2017840269887479,1.2666192366106226
347,single,tttttagttttatctttgagagatttt,8.0,ttt,1.0,,FLVLSLRDF,,False,False,3.0,1.0,1.0,2804.0,2918.0,2030.0,1597.0,1381.0,True,False,True,True,False,False,1.0,both,0.007960521396705132,0.008014578291577439,0.017362229102167184,0.017133361908508553,0.018273636453654277,-2.099058485993976,-2.0961193242716774,-1.7603945173725006,-1.7661574114035363,-1.7381750194451746,F,non-synonymous,0.2038711628493424,0.19560093139935958,1.351142672036786,1.2367393247671588,1.2939409984019723
348,single,tttttagttttatctttgagagcgcca,7.0,gcg,1.0,,FLVLSLRAP,,False,False,2.0,1.0,1.0,278.0,283.0,130.0,118.0,100.0,True,False,True,True,False,False,1.0,both,0.0005881913117164718,0.0005803460022865632,0.001721362229102167,0.0016616660110033996,0.001170232876342392,-3.2304813948263336,-3.2363130028503084,-2.7641277307490455,-2.779456263436679,-2.931727705051551,A,non-synonymous,0.28073864539382054,0.2708239959231024,1.4280101545812642,1.3119623892909016,1.369986271936083
349,single,tttttagttttatctttgagagctcca,7.0,gct,1.0,,FLVLSLRAP,,False,False,1.0,1.0,1.0,1460.0,1521.0,1047.0,650.0,572.0,True,False,True,True,False,False,1.0,both,0.0032400368865737857,0.003319579133079142,0.009040247678018577,0.008930720857724986,0.009424875550234496,-2.4894500454896034,-2.4789169740572845,-2.0438196708826846,-2.049113484907971,-2.025724375679545,A,non-synonymous,0.2682635033242788,0.254786869386032,1.4155350125117225,1.2959252627538311,1.3557301376327768
350,single,tttttagttttatctttgagagggcca,7.0,ggg,1.0,,FLVLSLRGP,,False,False,2.0,1.0,1.0,2126.0,2230.0,1581.0,1135.0,926.0,True,False,True,True,False,False,1.0,both,0.0056576028711711485,0.005374003981173576,0.013164086687306502,0.013093693302252938,0.014231832134594785,-2.2473675406033173,-2.2697020161683743,-1.8806092664798437,-1.8829378359128086,-1.8467391874261785,G,non-synonymous,0.22078355762062918,0.22927323105964115,1.3680550668080729,1.2704116244274402,1.3192333456177565
351,single,tttttagttttatctttgagaggtcca,7.0,ggt,1.0,,FLVLSLRGP,,False,False,1.0,1.0,1.0,2.0,8.0,6.0,8.0,14.0,True,False,True,True,False,False,2.0,both,3.987737706552352e-05,8.124844032011886e-05,1.2383900928792569e-05,4.6972890770414126e-05,5.4010748138879636e-05,-4.399273415140515,-4.09018496717207,-4.9071425310031405,-4.328152711969025,-4.267519806974744,G,non-synonymous,-0.30573039006079616,-0.1410669253329566,0.8415411191266475,0.9000714680348425,0.870806293580745
352,single,tttttagttttatctttgagagtgcca,7.0,gtg,1.0,,FLVLSLRVP,,False,False,2.0,1.0,1.0,1253.0,1451.0,1002.0,747.0,586.0,True,False,True,True,False,False,1.0,both,0.0037235500834932583,0.0034008275733992607,0.0077585139318885445,0.008519708063483861,0.0090197949391929,-2.42904280031706,-2.468415386832218,-2.110221455672972,-2.0695752865232335,-2.0448033358271607,V,non-synonymous,0.1919261695844297,0.2364318185142388,1.3391976787718733,1.277570211882038,1.3083839453269557
353,single,tttttagttttatctttgagagttcca,7.0,gtt,1.0,,FLVLSLRVP,,False,False,1.0,1.0,1.0,1512.0,1695.0,1160.0,748.0,591.0,True,False,True,True,False,False,1.0,both,0.0037285347556264485,0.0034298448735135888,0.009362229102167182,0.009952381231981493,0.01044207797351673,-2.4284618042679975,-2.4647255219690534,-2.028620735501934,-2.002072996421868,-1.981213068131469,V,non-synonymous,0.2406989558885485,0.27425972932657544,1.387970465075992,1.3153981226943745,1.3516842938851834
354,single,tttttagttttatctttgagatagcca,7.0,tag,1.0,,FLVLSLR*P,,True,False,2.0,1.0,1.0,4.0,6.0,1.0,139.0,123.0,True,False,True,True,False,False,1.0,both,0.0006928694265134711,0.0007138255828124728,2.4767801857585138e-05,3.522966807781059e-05,9.00179135647994e-06,-3.1593486018783636,-3.1464078914109104,-4.606112535339159,-4.453091448577325,-5.045671057358388,*,stop,-0.8709324664319711,-0.7746000700635932,0.2763390427554726,0.2665383233042059,0.27143868302983926
355,single,tttttagttttatctttgagatatcca,7.0,tat,1.0,,FLVLSLRYP,,False,False,1.0,1.0,1.0,1198.0,1312.0,847.0,671.0,532.0,True,False,True,True,False,False,1.0,both,0.003344715001370785,0.0030874407321645164,0.007417956656346749,0.007703554086347916,0.0076245172789385085,-2.4756408819634665,-2.51040137055526,-2.129715708613829,-2.1133088639213278,-2.1177876470276806,Y,non-synonymous,0.20824231062051907,0.2353958475817865,1.3555138198079628,1.2765342409495857,1.3160240303787742
356,single,tttttagttttatctttgagatcgcca,7.0,tcg,1.0,,FLVLSLRSP,,False,False,3.0,1.0,1.0,1904.0,1978.0,1355.0,796.0,790.0,True,False,True,True,False,False,1.0,both,0.0039677990180195894,0.00458473341806385,0.011789473684210527,0.011614047242984891,0.012197427288030319,-2.4014503343947897,-2.338685911559867,-1.9285055826186661,-1.9350164116998085,-1.9137317621479628,S,non-synonymous,0.2847063917090641,0.23929467938832769,1.431977900896508,1.2804330727561268,1.3562054868263174
357,single,tttttagttttatctttgagatctcca,7.0,tct,1.0,,FLVLSLRSP,,False,False,2.0,1.0,1.0,1682.0,1747.0,1147.0,798.0,624.0,True,False,True,True,False,False,1.0,both,0.003977768362285971,0.003621359054268155,0.010414860681114552,0.010257705021989184,0.01032505468588249,-2.4003605107817294,-2.4411284131678843,-1.9823465352052283,-1.9889497939780383,-1.9861076394571198,S,non-synonymous,0.25163880183341675,0.26805081320932694,1.3989103110208605,1.309189206577126,1.3540497587989933
358,single,tttttagttttatctttgagatggcca,7.0,tgg,1.0,,FLVLSLRWP,,False,False,3.0,1.0,1.0,547.0,515.0,373.0,308.0,248.0,True,False,True,True,False,False,1.0,both,0.0015352790170226553,0.0014392580856706768,0.003386996904024768,0.0030238798433454093,0.0033576681759670173,-2.8138126856320147,-2.8418613220240925,-2.470185200333691,-2.5194354699197783,-2.4739622255497,W,non-synonymous,0.20685913325803446,0.19113356578229895,1.3541306424454782,1.2322719591500981,1.2932013007977883
359,single,tttttagttttatctttgagatgtcca,7.0,tgt,1.0,,FLVLSLRCP,,False,False,2.0,1.0,1.0,3152.0,3522.0,2296.0,1560.0,1347.0,True,False,True,True,False,False,1.0,both,0.0077760885277770855,0.007817260650800007,0.01951702786377709,0.02067981516167482,0.02066811295447794,-2.109238803777997,-2.106945407127323,-1.709586317849604,-1.6844533473297112,-1.6846991736324517,C,non-synonymous,0.24058543155182688,0.25045266493612334,1.3878569407392707,1.2915910583039225,1.3397239995215966
360,single,tttttagttttatctttgagattgcca,7.0,ttg,1.0,,FLVLSLRLP,,False,False,3.0,1.0,1.0,716.0,631.0,502.0,1482.0,1291.0,True,False,True,True,False,False,1.0,both,0.007387284101388231,0.007492266889519532,0.00443343653250774,0.003704986759516414,0.004518899260952929,-2.1315151984891494,-2.125386760583888,-2.353259504359266,-2.4312133397168347,-2.344967340213368,L,non-synonymous,-0.13348709541489234,-0.18129354144273477,1.0137844137725514,0.8598448519250643,0.9368146328488078
361,single,tttttagttttatctttgagatttcca,7.0,ttt,1.0,,FLVLSLRFP,,False,False,2.0,1.0,1.0,1488.0,1607.0,1086.0,807.0,729.0,True,False,True,True,False,False,1.0,both,0.004022630411484685,0.004230722356669046,0.009213622291021671,0.009435679433506938,0.009775945413137215,-2.3954898674103884,-2.3735854745323337,-2.035569595457262,-2.0252268221976246,-2.0098412321055594,F,non-synonymous,0.21666717210814163,0.2065064912050155,1.3639386812955854,1.2476448845728145,1.3057917829341998
362,single,tttttagttttatctttgagggatcca,6.0,agg,1.0,,FLVLSLRDP,,False,False,1.0,0.0,1.0,3.0,5.0,7.0,352.0,288.0,True,False,True,True,False,False,1.0,both,0.0017546045908830347,0.0016713964865853021,1.8575851393188854e-05,2.935805673150883e-05,6.301253949535957e-05,-2.755820738654328,-2.776920515091078,-4.731051271947459,-4.53227269462495,-4.200573017344131,R,synonymous,-1.1890622653397387,-1.040570162374862,-0.041790756152294994,0.0005682309929371243,-0.020611262579678935
363,single,tttttagttttatctttgagtgatcca,6.0,agt,1.0,,FLVLSLSDP,,False,False,1.0,1.0,1.0,99.0,116.0,90.0,640.0,526.0,True,False,True,True,False,False,1.0,both,0.0031901901652418812,0.0030526199720273227,0.0006130030959752322,0.0006811069161710048,0.0008101612220831946,-2.4961834281485715,-2.5153272586965696,-3.2125373320695716,-3.166784709734051,-3.0914285479190626,S,non-synonymous,-0.4312354337501836,-0.38618300846408843,0.7160360754372601,0.6549553849037106,0.6854957301704854
364,single,tttttagttttatctttgatggatcca,6.0,atg,1.0,,FLVLSLMDP,,False,False,2.0,1.0,1.0,3.0,12.0,11.0,749.0,683.0,True,False,True,True,False,False,1.0,both,0.003733519427759639,0.003963763195617227,1.8575851393188854e-05,7.045933615562119e-05,9.901970492127933e-05,-2.4278815844329924,-2.401892299168776,-4.731051271947459,-4.152061452913345,-4.0042783722001625,M,non-synonymous,-1.386477233891235,-1.0374976723924805,-0.2392057247037913,0.0036407209753186454,-0.11778250186423633
365,single,tttttagttttatctttgattgatcca,6.0,att,1.0,,FLVLSLIDP,,False,False,2.0,1.0,1.0,13.0,14.0,8.0,779.0,796.0,True,False,True,True,False,False,1.0,both,0.003883059591755352,0.004619554178201044,8.04953560371517e-05,8.220255884822472e-05,7.201433085183952e-05,-2.4108259444598943,-2.3353999351126395,-4.094229174360285,-4.085114663282731,-4.142581070366444,I,non-synonymous,-1.013386146217767,-1.0372282895875176,0.1338853629696768,0.00391010378028156,0.06889773337497918
366,single,tttttagttttatctttgcaggatcca,6.0,cag,1.0,,FLVLSLQDP,,False,False,3.0,1.0,1.0,12.0,11.0,10.0,916.0,802.0,True,False,True,True,False,False,1.0,both,0.004565959674002443,0.004654374938338237,7.430340557275542e-05,6.458772480931943e-05,9.00179135647994e-05,-2.340467928464608,-2.332138634566145,-4.128991280619497,-4.189850013802744,-4.045671057358388,Q,non-synonymous,-1.0766670486713814,-1.1012485437829227,0.07060446051606228,-0.060110150415123575,0.005247155050469354
367,single,tttttagttttatctttgcatgatcca,6.0,cat,1.0,,FLVLSLHDP,,False,False,3.0,1.0,1.0,2.0,1.0,1.0,11.0,7.0,True,False,True,True,False,False,2.0,both,5.483139346509483e-05,4.062422016005943e-05,1.2383900928792569e-05,5.871611346301766e-06,9.00179135647994e-06,-4.260970716974234,-4.3912149628360515,-4.9071425310031405,-5.231242698960969,-5.045671057358388,H,non-synonymous,-0.3889867577669102,-0.4979671931196219,0.7582847514205335,0.5431712002481772,0.6507279758343554
368,single,tttttagttttatctttgccggatcca,6.0,ccg,1.0,,FLVLSLPDP,,False,False,3.0,1.0,1.0,145.0,135.0,123.0,253.0,215.0,True,False,True,True,False,False,1.0,both,0.0012611220496971812,0.001247743904916111,0.0008978328173374613,0.0007926675317507383,0.0011072203368470326,-2.8992428809566406,-2.903874542934703,-3.046804524432147,-3.100908930465963,-2.9557659459189893,P,non-synonymous,-0.08883012848921018,-0.11680169200079218,1.0584413806982336,0.924336701367007,0.9913890410326203
369,single,tttttagttttatctttgcctgatcca,6.0,cct,1.0,,FLVLSLPDP,,False,False,3.0,1.0,1.0,499.0,572.0,382.0,732.0,694.0,True,False,True,True,False,False,1.0,both,0.003648780001495402,0.004027601255868749,0.003089783281733746,0.00335856169008461,0.003438684298175337,-2.437852321074067,-2.3949535323954536,-2.510071981043732,-2.473846670167945,-2.463607694446679,P,non-synonymous,-0.04347526581741607,-0.04676773478242043,1.1037962433700277,0.9943706585853787,1.0490834509777032
370,single,tttttagttttatctttgcgtgatcca,6.0,cgt,1.0,,FLVLSLRDP,,False,False,2.0,0.0,1.0,3.0,1.0,1.0,1.0,6.0,True,False,True,True,False,False,2.0,both,4.98467213319044e-06,3.482076013719379e-05,1.8575851393188854e-05,5.871611346301766e-06,9.00179135647994e-06,-5.302363402132459,-4.458161752466665,-4.731051271947459,-5.231242698960969,-5.045671057358388,R,synonymous,0.34392223301715874,-0.4582812357552703,1.4911937422046024,0.5828571576125288,1.0370254499085656
371,single,tttttagttttatctttgctggatcca,6.0,ctg,1.0,,FLVLSLLDP,,False,False,3.0,1.0,1.0,3.0,2.0,1.0,287.0,201.0,True,False,True,True,False,False,1.0,both,0.0014306009022256561,0.0011664954645959921,1.8575851393188854e-05,1.1743222692603532e-05,9.00179135647994e-06,-2.8444815053984662,-2.93311694542982,-4.731051271947459,-4.930212703296988,-5.045671057358388,L,non-synonymous,-1.1356896739512383,-1.1838753962146924,0.011581835236205373,-0.14273700284689328,-0.06557758380534395
372,single,tttttagttttatctttggaggatcca,6.0,gag,1.0,,FLVLSLEDP,,False,False,3.0,1.0,1.0,7.0,1.0,2.0,173.0,178.0,True,False,True,True,False,False,1.0,both,0.000862348279041946,0.0010330158840700825,4.334365325077399e-05,5.871611346301766e-06,1.800358271295988e-05,-3.0643172990036636,-2.985893000541415,-4.363074486652865,-5.231242698960969,-4.744641061694407,E,non-synonymous,-0.7818343923115365,-1.331039963099153,0.3654371168759072,-0.28990156973135384,0.037767773572276675
373,single,tttttagttttatctttggatgatcca,6.0,gat,1.0,,FLVLSLDDP,,False,False,3.0,1.0,1.0,9.0,31.0,10.0,1026.0,803.0,True,False,True,True,False,False,1.0,both,0.005114273608653391,0.004660178398361103,5.5727554179566566e-05,0.00018201995173535473,9.00179135647994e-05,-2.291216041356661,-2.3315974575716276,-4.2539300172277965,-3.7398810051266964,-4.045671057358388,D,non-synonymous,-1.1815274657952821,-0.8348283933189755,-0.03425595660783842,0.2063100000488236,0.08602702172049259
374,single,tttttagttttatctttggcggatcca,6.0,gcg,1.0,,FLVLSLADP,,False,False,3.0,1.0,1.0,61.0,102.0,54.0,338.0,280.0,True,False,True,True,False,False,1.0,both,0.0016848191810183684,0.001624968806402377,0.0003777089783281734,0.0005989043573227801,0.0004860967332499167,-2.773446701854804,-2.7891549715080894,-3.4228426916563546,-3.2226425271990515,-3.3132772975354188,A,non-synonymous,-0.39092766830036657,-0.2569707785548811,0.7563438408870771,0.784167614812918,0.7702557278499975
375,single,tttttagttttatctttggctgatcca,6.0,gct,1.0,,FLVLSLADP,,False,False,3.0,1.0,1.0,56.0,83.0,36.0,257.0,258.0,True,False,True,True,False,False,1.0,both,0.001281060738229943,0.001497292685899333,0.00034674922600619193,0.00048734374174304654,0.00032406448883327783,-2.892430278801164,-2.8246932968870784,-3.4599844996609215,-3.3121646065848953,-3.4893685565911,A,non-synonymous,-0.3416600220499334,-0.28897226767339756,0.8056114871375103,0.7521661256944016,0.7788888064159559
376,single,tttttagttttatctttgggggatcca,6.0,ggg,1.0,,FLVLSLGDP,,False,False,2.0,1.0,1.0,2268.0,2138.0,1493.0,1024.0,981.0,True,False,True,True,False,False,1.0,both,0.00510430426438701,0.005693194282431186,0.014043343653250774,0.012553505058393175,0.01343967449522455,-2.292063445492647,-2.24464399547036,-1.8525294764462528,-1.90123499808821,-1.8716112496333621,G,non-synonymous,0.26459354901563337,0.2035723431077079,1.4118650582030772,1.244710736475507,1.3282878973392922
377,single,tttttagttttatctttgggtgatcca,6.0,ggt,1.0,,FLVLSLGDP,,False,False,2.0,1.0,1.0,1744.0,1925.0,1259.0,903.0,912.0,True,False,True,True,False,False,1.0,both,0.004501158936270967,0.005292755540853457,0.01079876160990712,0.0113028518416309,0.011333255317808244,-2.346675651818953,-2.2763181645218924,-1.9666260460705733,-1.9468119651164497,-1.945645327250525,G,non-synonymous,0.22878476083458701,0.1953307851361737,1.3760562700220307,1.2364691785039728,1.3062627242630018
378,single,tttttagttttatctttggtggatcca,6.0,gtg,1.0,,FLVLSLVDP,,False,False,3.0,1.0,1.0,8.0,4.0,6.0,619.0,485.0,True,False,True,True,False,False,1.0,both,0.003085512050444882,0.002814678111089832,4.9535603715170275e-05,2.3486445385207063e-05,5.4010748138879636e-05,-2.510672753112341,-2.550571264248045,-4.305082539675178,-4.6291827076330065,-4.267519806974744,V,non-synonymous,-1.080210603164851,-1.2321977734016298,0.06706090602259263,-0.19105938003383072,-0.061999237005619046
379,single,tttttagttttatctttggttgatcca,6.0,gtt,1.0,,FLVLSLVDP,,False,False,3.0,1.0,1.0,6.0,3.0,9.0,353.0,315.0,True,False,True,True,False,False,1.0,both,0.001759589263016225,0.0018280899072026743,3.715170278637771e-05,1.7614834038905296e-05,8.101612220831946e-05,-2.7545886967446362,-2.738002449060708,-4.430021276283478,-4.7541214442413064,-4.091428547919063,V,non-synonymous,-1.0085879216989646,-1.1951523430125643,0.1386835874884791,-0.15401394964476522,-0.0076651810781430685
380,single,tttttagttttatctttgtaggatcca,6.0,tag,1.0,,FLVLSL*DP,,True,False,3.0,1.0,1.0,18.0,22.0,18.0,766.0,714.0,True,False,True,True,False,False,1.0,both,0.0038182588540238765,0.0041436704563260615,0.00011145510835913313,0.00012917544961863885,0.00016203224441663892,-2.418134632499855,-2.382614791074134,-3.9529000215638157,-3.888820018138763,-3.7903985522550814,*,stop,-0.9239081613642675,-0.8928762193537144,0.22336334782317624,0.1482621740140847,0.18581276091863047
381,single,tttttagttttatctttgtatgatcca,6.0,tat,1.0,,FLVLSLYDP,,False,False,3.0,1.0,1.0,5.0,6.0,6.0,690.0,605.0,True,False,True,True,False,False,1.0,both,0.003439423771901403,0.0035110933138337076,3.0959752321981425e-05,3.522966807781059e-05,5.4010748138879636e-05,-2.4635143113952034,-2.45455762819784,-4.509202522331103,-4.453091448577325,-4.267519806974744,Y,non-synonymous,-1.231476841449399,-1.1847278775340506,-0.08420533226195537,-0.1435894841662515,-0.11389740821410343
382,single,tttttagttttatctttgtcggatcca,6.0,tcg,1.0,,FLVLSLSDP,,False,False,3.0,1.0,1.0,144.0,160.0,112.0,796.0,646.0,True,False,True,True,False,False,1.0,both,0.0039677990180195894,0.0037490351747711988,0.000891640866873065,0.0009394578154082825,0.0010082006319257532,-2.4014503343947897,-2.426080484855224,-3.049810034571872,-3.0271227163050445,-2.996453034688206,S,non-synonymous,-0.39030383585769773,-0.3562969412439892,0.7569676733297459,0.68484145212381,0.7209045627267779
383,single,tttttagttttatctttgtctgatcca,6.0,tct,1.0,,FLVLSLSDP,,False,False,3.0,1.0,1.0,1.0,1.0,1.0,26.0,24.0,True,False,True,True,False,False,1.0,both,0.00012960147546295142,0.00013928304054877517,6.191950464396284e-06,5.871611346301766e-06,9.00179135647994e-06,-3.887390054161641,-3.8561017611387025,-5.208172526667122,-5.231242698960969,-5.045671057358388,S,non-synonymous,-0.7950933181252727,-0.8151815035419356,0.35217819106217096,0.22595688982586348,0.2890675404440172
384,single,tttttagttttatctttgtgggatcca,6.0,tgg,1.0,,FLVLSLWDP,,False,False,2.0,1.0,1.0,10.0,3.0,1.0,111.0,118.0,True,False,True,True,False,False,1.0,both,0.0005532986067841388,0.0006848082826981446,6.191950464396285e-05,1.7614834038905296e-05,9.00179135647994e-06,-3.2570404233458015,-3.164430995544183,-4.208172526667122,-4.7541214442413064,-5.045671057358388,W,non-synonymous,-0.5725687581018988,-0.9423661346213702,0.5747027510855449,0.09877225874642892,0.3367375049159869
385,single,tttttagttttatctttgtgtgatcca,6.0,tgt,1.0,,FLVLSLCDP,,False,False,2.0,1.0,1.0,7.0,7.0,11.0,436.0,437.0,True,False,True,True,False,False,1.0,both,0.0021733170500710317,0.0025361120299922813,4.334365325077399e-05,4.110127942411236e-05,9.901970492127933e-05,-2.6628769128638727,-2.5958315658798865,-4.363074486652865,-4.386144658946712,-4.0042783722001625,C,non-synonymous,-1.0234961157896638,-1.0612949399413891,0.12377539339777988,-0.020156546573590006,0.051809423412094935
386,single,tttttagttttatctttgttggatcca,6.0,ttg,1.0,,FLVLSLLDP,,False,False,3.0,1.0,1.0,27.0,6.0,8.0,1192.0,1028.0,True,False,True,True,False,False,1.0,both,0.005941729182763004,0.0059659569035058705,0.0001671826625386997,3.522966807781059e-05,7.201433085183952e-05,-2.2260871467282413,-2.2243198881910518,-3.7768087625081344,-4.453091448577325,-4.142581070366444,L,non-synonymous,-0.9335135956491907,-1.3212124675194654,0.21375791353825302,-0.2800740741516663,-0.03315808030670664
387,single,tttttagttttatctttgtttgatcca,6.0,ttt,1.0,,FLVLSLFDP,,False,False,3.0,1.0,1.0,11.0,4.0,7.0,936.0,772.0,True,False,True,True,False,False,1.0,both,0.004665653116666251,0.004480271137652268,6.811145510835913e-05,2.3486445385207063e-05,6.301253949535957e-05,-2.3310875533943536,-2.3486957025145725,-4.166779841508896,-4.6291827076330065,-4.200573017344131,F,non-synonymous,-1.1050621149183288,-1.351869306272201,0.04220939426911485,-0.3107309129044018,-0.13426075931764347
388,single,tttttagttttatcttttagagatcca,5.0,ttt,1.0,,FLVLSFRDP,,False,False,1.0,1.0,1.0,15.0,7.0,6.0,618.0,578.0,True,False,True,True,False,False,1.0,both,0.0030805273783116914,0.0033543998932163356,9.287925696594427e-05,4.110127942411236e-05,5.4010748138879636e-05,-2.5113749270436427,-2.4743851644297794,-4.03208126761144,-4.386144658946712,-4.267519806974744,F,non-synonymous,-0.9154448028997249,-1.1332881861686728,0.23182670628771884,-0.09214979280087365,0.0698384567434226
389,single,tttttagttttatggttgagagatcca,4.0,tgg,1.0,,FLVLWLRDP,,False,False,2.0,1.0,1.0,4.0,3.0,6.0,28.0,20.0,True,False,True,True,False,False,1.0,both,0.0001395708197293323,0.00011606920045731264,2.4767801857585138e-05,1.7614834038905296e-05,5.4010748138879636e-05,-3.8552053707902396,-3.935283007186327,-4.606112535339159,-4.7541214442413064,-4.267519806974744,W,non-synonymous,-0.45203603280158106,-0.48540620813274027,0.6952354763858626,0.5557321852350589,0.6254838308104607
390,single,tttttagttttatgtttgagagatcca,4.0,tgt,1.0,,FLVLCLRDP,,False,False,1.0,1.0,1.0,356.0,342.0,228.0,591.0,502.0,True,False,True,True,False,False,1.0,both,0.0029459412307155496,0.0029133369314785474,0.0022043343653250775,0.0020080910804352037,0.002052408429277426,-2.5307759212512035,-2.535609285705289,-2.6567225286942464,-2.697216592904834,-2.687736210357934,C,non-synonymous,-0.0758181669601879,-0.09580057144900121,1.0714533422272559,0.9453378219187979,1.0083955820730268
391,single,tttttagttttattgttgagagatcca,4.0,ttg,1.0,,FLVLLLRDP,,False,False,2.0,1.0,1.0,231.0,251.0,202.0,478.0,409.0,True,False,True,True,False,False,1.0,both,0.00238267327966503,0.0023736151493520437,0.001430340557275542,0.001473774447921743,0.0018183618540089479,-2.62293550552034,-2.6245896948429666,-2.8445605467749773,-2.831568977479931,-2.7403196879117635,L,non-synonymous,-0.13341529971739455,-0.12269701103454403,1.0138562094700492,0.9184413823332551,0.9661487959016521
392,single,tttttagttttatttttgagagatcca,4.0,ttt,1.0,,FLVLFLRDP,,False,False,1.0,1.0,1.0,1368.0,1419.0,961.0,729.0,590.0,True,False,True,True,False,False,1.0,both,0.0036338259850958302,0.003424041413490723,0.008470588235294117,0.008331816500402205,0.008650721493577223,-2.4396358738144843,-2.465460991208164,-2.0720864292830243,-2.0792603035034953,-2.062947669689842,F,non-synonymous,0.22125983158548207,0.22893919351320466,1.3685313407729258,1.2700775868810037,1.3193044638269646
393,single,tttttagttttgtctttgagagatcca,3.0,ttg,1.0,,FLVLSLRDP,,False,False,1.0,0.0,1.0,4.0,7.0,2.0,937.0,916.0,True,False,True,True,False,False,1.0,both,0.004670637788799442,0.005315969380944919,2.4767801857585138e-05,4.110127942411236e-05,1.800358271295988e-05,-2.3306238112446804,-2.274417529182458,-4.606112535339159,-4.386144658946712,-4.744641061694407,L,synonymous,-1.3698136655045705,-1.2518287030547357,-0.22254215631712682,-0.21069030968693658,-0.2166162330020317
394,single,tttttagttttttctttgagagatcca,3.0,ttt,1.0,,FLVFSLRDP,,False,False,1.0,1.0,1.0,778.0,774.0,532.0,409.0,299.0,True,False,True,True,False,False,1.0,both,0.00203873090247489,0.001735234546836824,0.004817337461300309,0.004544627182037566,0.0047889530016473275,-2.6906400941251167,-2.760641814525879,-2.3171929296774327,-2.342501738278077,-2.3197594250633395,F,non-synonymous,0.22481017980343573,0.24787281555781757,1.3720816889908793,1.2890112089256167,1.330546448958248
395,single,tttttatagttatctttgagagatcca,2.0,tag,1.0,,FL*LSLRDP,,True,False,3.0,1.0,1.0,5.0,10.0,6.0,524.0,585.0,True,False,True,True,False,False,1.0,both,0.0026119681977917904,0.003395024113376395,3.0959752321981425e-05,5.871611346301766e-05,5.4010748138879636e-05,-2.583032115148732,-2.469157136768128,-4.509202522331103,-4.231242698960969,-4.267519806974744,*,stop,-1.159528728009361,-1.0445617016046906,-0.012257218821917215,-0.00342330823689152,-0.007840263529404368
396,single,tttttatatttatctttgagagatcca,2.0,tat,1.0,,FLYLSLRDP,,False,False,2.0,1.0,1.0,50.0,67.0,24.0,931.0,791.0,True,False,True,True,False,False,1.0,both,0.004640729756000299,0.004590536878086715,0.00030959752321981426,0.0003933979602022183,0.00021604299255551855,-2.333413721151116,-2.338136519352632,-3.509202522331103,-3.405167896260143,-3.6654598156467815,Y,non-synonymous,-0.7078090743976411,-0.6325346138930154,0.4394624347898026,0.40860377947478377,0.4240331071322932
397,single,tttttatcgttatctttgagagatcca,2.0,tcg,1.0,,FLSLSLRDP,,False,False,3.0,1.0,1.0,12.0,5.0,7.0,221.0,147.0,True,False,True,True,False,False,1.0,both,0.0011016125414350872,0.000853108623361248,7.430340557275542e-05,2.935805673150883e-05,6.301253949535957e-05,-2.957971128447348,-3.0689956681021324,-4.128991280619497,-4.53227269462495,-4.200573017344131,S,non-synonymous,-0.7049384117097692,-0.8674284458931689,0.44233309747767446,0.1737099474746302,0.30802152247615233
398,single,tttttatctttatctttgagagatcca,2.0,tct,1.0,,FLSLSLRDP,,False,False,2.0,1.0,1.0,1.0,1.0,1.0,4.0,2.0,True,False,True,True,False,False,3.0,both,1.993868853276176e-05,1.1606920045731265e-05,6.191950464396284e-06,5.871611346301766e-06,9.00179135647994e-06,-4.700303410804496,-4.935283007186327,-5.208172526667122,-5.231242698960969,-5.045671057358388,S,non-synonymous,-0.30573039006079616,-0.1754444652856686,0.8415411191266475,0.8656939280821305,0.853617523604389
399,single,tttttatggttatctttgagagatcca,2.0,tgg,1.0,,FLWLSLRDP,,False,False,3.0,1.0,1.0,214.0,183.0,142.0,1369.0,1114.0,True,False,True,True,False,False,1.0,both,0.0068240161503377115,0.006465054465472315,0.001325077399380805,0.0010745048763732231,0.0012782543726201515,-2.1659599539984686,-2.1894278120125983,-2.8777587533179307,-2.9687916092305398,-2.893382712975331,W,non-synonymous,-0.42849332192826156,-0.4620057003236329,0.7187781872591821,0.5791326930441663,0.6489554401516742
400,single,tttttatgtttatctttgagagatcca,2.0,tgt,1.0,,FLCLSLRDP,,False,False,2.0,1.0,1.0,9.0,2.0,7.0,746.0,640.0,True,False,True,True,False,False,1.0,both,0.0037185654113600676,0.0037142144146340046,5.5727554179566566e-05,1.1743222692603532e-05,6.301253949535957e-05,-2.42962457465979,-2.4301330288664214,-4.2539300172277965,-4.930212703296988,-4.200573017344131,C,non-synonymous,-1.098207386757528,-1.4820435141756727,0.04906412242991576,-0.4409051208078736,-0.1959204991889789
401,single,tttttattgttatctttgagagatcca,2.0,ttg,1.0,,FLLLSLRDP,,False,False,2.0,1.0,1.0,16.0,8.0,6.0,1546.0,1211.0,True,False,True,True,False,False,1.0,both,0.00770630311791242,0.007027990087690281,9.907120743034055e-05,4.6972890770414126e-05,5.4010748138879636e-05,-2.113153912550153,-2.1531688597072565,-4.004052544011197,-4.328152711969025,-4.267519806974744,L,non-synonymous,-1.1382955925171547,-1.289327194108548,0.008975916670288964,-0.2481888007407489,-0.11960644203522997
402,single,tttttatttttatctttgagagatcca,2.0,ttt,1.0,,FLFLSLRDP,,False,False,1.0,1.0,1.0,17.0,14.0,11.0,1582.0,1251.0,True,False,True,True,False,False,1.0,both,0.007885751314707276,0.007260128488604906,0.00010526315789473685,8.220255884822472e-05,9.901970492127933e-05,-2.103156922970801,-2.1390556931568887,-3.9777236052888476,-4.085114663282731,-4.0042783722001625,F,non-synonymous,-1.1284639783748758,-1.153620864317176,0.01880753081256792,-0.1124824709493768,-0.04683747006840444
403,ortho,tttttgactcattcttttagagatcca,1.0,ttg,1.0,,FLTHSFRDP,,False,False,7.0,3.0,4.0,1117.0,1211.0,738.0,525.0,437.0,True,False,True,True,False,False,1.0,both,0.0026169528699249807,0.0025361120299922813,0.0069164086687306505,0.007110521340371438,0.006643322021082195,-2.582204098726502,-2.5958315658798865,-2.1601193535515124,-2.148098555817917,-2.177614695535346,L,synonymous,0.2540893504852668,0.26541546272753475,1.4013608596727105,1.3065538560953338,1.3539573578840223
404,ortho,tttttgactcattcttttagagatcca,2.0,act,2.0,,FLTHSFRDP,,False,False,7.0,3.0,4.0,1117.0,1211.0,738.0,525.0,437.0,True,False,True,True,False,False,1.0,both,0.0026169528699249807,0.0025361120299922813,0.0069164086687306505,0.007110521340371438,0.006643322021082195,-2.582204098726502,-2.5958315658798865,-2.1601193535515124,-2.148098555817917,-2.177614695535346,T,non-synonymous,0.2540893504852668,0.26541546272753475,1.4013608596727105,1.3065538560953338,1.3539573578840223
405,ortho,tttttgactcattcttttagagatcca,3.0,cat,3.0,,FLTHSFRDP,,False,False,7.0,3.0,4.0,1117.0,1211.0,738.0,525.0,437.0,True,False,True,True,False,False,1.0,both,0.0026169528699249807,0.0025361120299922813,0.0069164086687306505,0.007110521340371438,0.006643322021082195,-2.582204098726502,-2.5958315658798865,-2.1601193535515124,-2.148098555817917,-2.177614695535346,H,non-synonymous,0.2540893504852668,0.26541546272753475,1.4013608596727105,1.3065538560953338,1.3539573578840223
406,ortho,tttttgactcattcttttagagatcca,5.0,ttt,4.0,,FLTHSFRDP,,False,False,7.0,3.0,4.0,1117.0,1211.0,738.0,525.0,437.0,True,False,True,True,False,False,1.0,both,0.0026169528699249807,0.0025361120299922813,0.0069164086687306505,0.007110521340371438,0.006643322021082195,-2.582204098726502,-2.5958315658798865,-2.1601193535515124,-2.148098555817917,-2.177614695535346,F,non-synonymous,0.2540893504852668,0.26541546272753475,1.4013608596727105,1.3065538560953338,1.3539573578840223
407,ortho,tttttgacttcttctttttcttctcca,1.0,ttg,1.0,,FLTSSFSSP,,False,False,11.0,5.0,6.0,737.0,788.0,469.0,390.0,274.0,True,False,True,True,False,False,1.0,both,0.0019440221319442714,0.0015901480462651833,0.004563467492260062,0.004626829740885791,0.004221840146189091,-2.7112987951059595,-2.7985624400299205,-2.3407050388080703,-2.334716481471414,-2.3744982146433045,L,synonymous,0.22309246640171077,0.27496719464142994,1.3703639755891546,1.3161055880092292,1.3432347817991919
408,ortho,tttttgacttcttctttttcttctcca,2.0,act,2.0,,FLTSSFSSP,,False,False,11.0,5.0,6.0,737.0,788.0,469.0,390.0,274.0,True,False,True,True,False,False,1.0,both,0.0019440221319442714,0.0015901480462651833,0.004563467492260062,0.004626829740885791,0.004221840146189091,-2.7112987951059595,-2.7985624400299205,-2.3407050388080703,-2.334716481471414,-2.3744982146433045,T,non-synonymous,0.22309246640171077,0.27496719464142994,1.3703639755891546,1.3161055880092292,1.3432347817991919
409,ortho,tttttgacttcttctttttcttctcca,3.0,tct,3.0,,FLTSSFSSP,,False,False,11.0,5.0,6.0,737.0,788.0,469.0,390.0,274.0,True,False,True,True,False,False,1.0,both,0.0019440221319442714,0.0015901480462651833,0.004563467492260062,0.004626829740885791,0.004221840146189091,-2.7112987951059595,-2.7985624400299205,-2.3407050388080703,-2.334716481471414,-2.3744982146433045,S,non-synonymous,0.22309246640171077,0.27496719464142994,1.3703639755891546,1.3161055880092292,1.3432347817991919
410,ortho,tttttgacttcttctttttcttctcca,5.0,ttt,4.0,,FLTSSFSSP,,False,False,11.0,5.0,6.0,737.0,788.0,469.0,390.0,274.0,True,False,True,True,False,False,1.0,both,0.0019440221319442714,0.0015901480462651833,0.004563467492260062,0.004626829740885791,0.004221840146189091,-2.7112987951059595,-2.7985624400299205,-2.3407050388080703,-2.334716481471414,-2.3744982146433045,F,non-synonymous,0.22309246640171077,0.27496719464142994,1.3703639755891546,1.3161055880092292,1.3432347817991919
411,ortho,tttttgacttcttctttttcttctcca,6.0,tct,5.0,,FLTSSFSSP,,False,False,11.0,5.0,6.0,737.0,788.0,469.0,390.0,274.0,True,False,True,True,False,False,1.0,both,0.0019440221319442714,0.0015901480462651833,0.004563467492260062,0.004626829740885791,0.004221840146189091,-2.7112987951059595,-2.7985624400299205,-2.3407050388080703,-2.334716481471414,-2.3744982146433045,S,non-synonymous,0.22309246640171077,0.27496719464142994,1.3703639755891546,1.3161055880092292,1.3432347817991919
412,ortho,tttttgacttcttctttttcttctcca,7.0,tct,6.0,,FLTSSFSSP,,False,False,11.0,5.0,6.0,737.0,788.0,469.0,390.0,274.0,True,False,True,True,False,False,1.0,both,0.0019440221319442714,0.0015901480462651833,0.004563467492260062,0.004626829740885791,0.004221840146189091,-2.7112987951059595,-2.7985624400299205,-2.3407050388080703,-2.334716481471414,-2.3744982146433045,S,non-synonymous,0.22309246640171077,0.27496719464142994,1.3703639755891546,1.3161055880092292,1.3432347817991919
413,ortho,tttttgactttgaatttggctgattct,1.0,ttg,1.0,,FLTLNLADS,,False,False,11.0,4.0,6.0,646.0,794.0,446.0,228.0,251.0,True,False,True,True,False,False,1.0,both,0.0011365052463674203,0.0014566684657392737,0.004,0.004662059408963602,0.004014798944990053,-2.944428555132005,-2.8366392813692705,-2.3979400086720375,-2.331422196533873,-2.3963361986462455,L,synonymous,0.32897876884909194,0.29949193679260727,1.4762502780365356,1.3406303301604063,1.408440304098471
414,ortho,tttttgactttgaatttggctgattct,2.0,act,2.0,,FLTLNLADS,,False,False,11.0,4.0,6.0,646.0,794.0,446.0,228.0,251.0,True,False,True,True,False,False,1.0,both,0.0011365052463674203,0.0014566684657392737,0.004,0.004662059408963602,0.004014798944990053,-2.944428555132005,-2.8366392813692705,-2.3979400086720375,-2.331422196533873,-2.3963361986462455,T,non-synonymous,0.32897876884909194,0.29949193679260727,1.4762502780365356,1.3406303301604063,1.408440304098471
415,ortho,tttttgactttgaatttggctgattct,3.0,ttg,3.0,,FLTLNLADS,,False,False,11.0,4.0,6.0,646.0,794.0,446.0,228.0,251.0,True,False,True,True,False,False,1.0,both,0.0011365052463674203,0.0014566684657392737,0.004,0.004662059408963602,0.004014798944990053,-2.944428555132005,-2.8366392813692705,-2.3979400086720375,-2.331422196533873,-2.3963361986462455,L,synonymous,0.32897876884909194,0.29949193679260727,1.4762502780365356,1.3406303301604063,1.408440304098471
416,ortho,tttttgactttgaatttggctgattct,4.0,aat,4.0,,FLTLNLADS,,False,False,11.0,4.0,6.0,646.0,794.0,446.0,228.0,251.0,True,False,True,True,False,False,1.0,both,0.0011365052463674203,0.0014566684657392737,0.004,0.004662059408963602,0.004014798944990053,-2.944428555132005,-2.8366392813692705,-2.3979400086720375,-2.331422196533873,-2.3963361986462455,N,non-synonymous,0.32897876884909194,0.29949193679260727,1.4762502780365356,1.3406303301604063,1.408440304098471
417,ortho,tttttgactttgaatttggctgattct,6.0,gct,5.0,,FLTLNLADS,,False,False,11.0,4.0,6.0,646.0,794.0,446.0,228.0,251.0,True,False,True,True,False,False,1.0,both,0.0011365052463674203,0.0014566684657392737,0.004,0.004662059408963602,0.004014798944990053,-2.944428555132005,-2.8366392813692705,-2.3979400086720375,-2.331422196533873,-2.3963361986462455,A,non-synonymous,0.32897876884909194,0.29949193679260727,1.4762502780365356,1.3406303301604063,1.408440304098471
418,ortho,tttttgactttgaatttggctgattct,8.0,tct,6.0,,FLTLNLADS,,False,False,11.0,4.0,6.0,646.0,794.0,446.0,228.0,251.0,True,False,True,True,False,False,1.0,both,0.0011365052463674203,0.0014566684657392737,0.004,0.004662059408963602,0.004014798944990053,-2.944428555132005,-2.8366392813692705,-2.3979400086720375,-2.331422196533873,-2.3963361986462455,S,non-synonymous,0.32897876884909194,0.29949193679260727,1.4762502780365356,1.3406303301604063,1.408440304098471
419,ortho,tttttgactttgaatttgtctgattct,1.0,ttg,1.0,,FLTLNLSDS,,False,False,11.0,4.0,6.0,1573.0,1698.0,968.0,713.0,644.0,True,False,True,True,False,False,1.0,both,0.003554071230964783,0.0037374282547254674,0.009739938080495355,0.009969996066020398,0.008713734033072582,-2.4492738722805933,-2.4274271354904964,-2.011443804043835,-2.0013050130530354,-2.059795700049994,L,synonymous,0.2635678236015766,0.2526045606722723,1.4108393327890203,1.2937429540400713,1.3522911434145457
420,ortho,tttttgactttgaatttgtctgattct,2.0,act,2.0,,FLTLNLSDS,,False,False,11.0,4.0,6.0,1573.0,1698.0,968.0,713.0,644.0,True,False,True,True,False,False,1.0,both,0.003554071230964783,0.0037374282547254674,0.009739938080495355,0.009969996066020398,0.008713734033072582,-2.4492738722805933,-2.4274271354904964,-2.011443804043835,-2.0013050130530354,-2.059795700049994,T,non-synonymous,0.2635678236015766,0.2526045606722723,1.4108393327890203,1.2937429540400713,1.3522911434145457
421,ortho,tttttgactttgaatttgtctgattct,3.0,ttg,3.0,,FLTLNLSDS,,False,False,11.0,4.0,6.0,1573.0,1698.0,968.0,713.0,644.0,True,False,True,True,False,False,1.0,both,0.003554071230964783,0.0037374282547254674,0.009739938080495355,0.009969996066020398,0.008713734033072582,-2.4492738722805933,-2.4274271354904964,-2.011443804043835,-2.0013050130530354,-2.059795700049994,L,synonymous,0.2635678236015766,0.2526045606722723,1.4108393327890203,1.2937429540400713,1.3522911434145457
422,ortho,tttttgactttgaatttgtctgattct,4.0,aat,4.0,,FLTLNLSDS,,False,False,11.0,4.0,6.0,1573.0,1698.0,968.0,713.0,644.0,True,False,True,True,False,False,1.0,both,0.003554071230964783,0.0037374282547254674,0.009739938080495355,0.009969996066020398,0.008713734033072582,-2.4492738722805933,-2.4274271354904964,-2.011443804043835,-2.0013050130530354,-2.059795700049994,N,non-synonymous,0.2635678236015766,0.2526045606722723,1.4108393327890203,1.2937429540400713,1.3522911434145457
423,ortho,tttttgactttgaatttgtctgattct,6.0,tct,5.0,,FLTLNLSDS,,False,False,11.0,4.0,6.0,1573.0,1698.0,968.0,713.0,644.0,True,False,True,True,False,False,1.0,both,0.003554071230964783,0.0037374282547254674,0.009739938080495355,0.009969996066020398,0.008713734033072582,-2.4492738722805933,-2.4274271354904964,-2.011443804043835,-2.0013050130530354,-2.059795700049994,S,non-synonymous,0.2635678236015766,0.2526045606722723,1.4108393327890203,1.2937429540400713,1.3522911434145457
424,ortho,tttttgactttgaatttgtctgattct,8.0,tct,6.0,,FLTLNLSDS,,False,False,11.0,4.0,6.0,1573.0,1698.0,968.0,713.0,644.0,True,False,True,True,False,False,1.0,both,0.003554071230964783,0.0037374282547254674,0.009739938080495355,0.009969996066020398,0.008713734033072582,-2.4492738722805933,-2.4274271354904964,-2.011443804043835,-2.0013050130530354,-2.059795700049994,S,non-synonymous,0.2635678236015766,0.2526045606722723,1.4108393327890203,1.2937429540400713,1.3522911434145457
425,ortho,tttttgactttgtctattaaagatcca,1.0,ttg,1.0,,FLTLSIKDP,,False,False,7.0,3.0,5.0,7.0,4.0,3.0,653.0,508.0,True,False,True,True,False,False,1.0,both,0.003254990902973357,0.002948157691615741,4.334365325077399e-05,2.3486445385207063e-05,2.7005374069439818e-05,-2.4874502208573848,-2.530449290566389,-4.363074486652865,-4.6291827076330065,-4.568549802638725,L,synonymous,-1.1291006294311785,-1.2441260494851125,0.01817087975626519,-0.2029876561173134,-0.0924083881805241
426,ortho,tttttgactttgtctattaaagatcca,2.0,act,2.0,,FLTLSIKDP,,False,False,7.0,3.0,5.0,7.0,4.0,3.0,653.0,508.0,True,False,True,True,False,False,1.0,both,0.003254990902973357,0.002948157691615741,4.334365325077399e-05,2.3486445385207063e-05,2.7005374069439818e-05,-2.4874502208573848,-2.530449290566389,-4.363074486652865,-4.6291827076330065,-4.568549802638725,T,non-synonymous,-1.1291006294311785,-1.2441260494851125,0.01817087975626519,-0.2029876561173134,-0.0924083881805241
427,ortho,tttttgactttgtctattaaagatcca,3.0,ttg,3.0,,FLTLSIKDP,,False,False,7.0,3.0,5.0,7.0,4.0,3.0,653.0,508.0,True,False,True,True,False,False,1.0,both,0.003254990902973357,0.002948157691615741,4.334365325077399e-05,2.3486445385207063e-05,2.7005374069439818e-05,-2.4874502208573848,-2.530449290566389,-4.363074486652865,-4.6291827076330065,-4.568549802638725,L,synonymous,-1.1291006294311785,-1.2441260494851125,0.01817087975626519,-0.2029876561173134,-0.0924083881805241
428,ortho,tttttgactttgtctattaaagatcca,5.0,att,4.0,,FLTLSIKDP,,False,False,7.0,3.0,5.0,7.0,4.0,3.0,653.0,508.0,True,False,True,True,False,False,1.0,both,0.003254990902973357,0.002948157691615741,4.334365325077399e-05,2.3486445385207063e-05,2.7005374069439818e-05,-2.4874502208573848,-2.530449290566389,-4.363074486652865,-4.6291827076330065,-4.568549802638725,I,non-synonymous,-1.1291006294311785,-1.2441260494851125,0.01817087975626519,-0.2029876561173134,-0.0924083881805241
429,ortho,tttttgactttgtctattaaagatcca,6.0,aaa,5.0,,FLTLSIKDP,,False,False,7.0,3.0,5.0,7.0,4.0,3.0,653.0,508.0,True,False,True,True,False,False,1.0,both,0.003254990902973357,0.002948157691615741,4.334365325077399e-05,2.3486445385207063e-05,2.7005374069439818e-05,-2.4874502208573848,-2.530449290566389,-4.363074486652865,-4.6291827076330065,-4.568549802638725,K,non-synonymous,-1.1291006294311785,-1.2441260494851125,0.01817087975626519,-0.2029876561173134,-0.0924083881805241
430,ortho,tttttgactttgtctattagagatcca,1.0,ttg,1.0,,FLTLSIRDP,,False,False,6.0,2.0,4.0,16.0,6.0,5.0,658.0,467.0,True,False,True,True,False,False,1.0,both,0.0032799142636393093,0.0027102158306782503,9.907120743034055e-05,3.522966807781059e-05,4.50089567823997e-05,-2.4841375085185033,-2.566996122284196,-4.004052544011197,-4.453091448577325,-4.346701053022369,L,synonymous,-0.914968447867075,-1.118074505400093,0.2323030613203687,-0.07693611203229378,0.07768347464403746
431,ortho,tttttgactttgtctattagagatcca,2.0,act,2.0,,FLTLSIRDP,,False,False,6.0,2.0,4.0,16.0,6.0,5.0,658.0,467.0,True,False,True,True,False,False,1.0,both,0.0032799142636393093,0.0027102158306782503,9.907120743034055e-05,3.522966807781059e-05,4.50089567823997e-05,-2.4841375085185033,-2.566996122284196,-4.004052544011197,-4.453091448577325,-4.346701053022369,T,non-synonymous,-0.914968447867075,-1.118074505400093,0.2323030613203687,-0.07693611203229378,0.07768347464403746
432,ortho,tttttgactttgtctattagagatcca,3.0,ttg,3.0,,FLTLSIRDP,,False,False,6.0,2.0,4.0,16.0,6.0,5.0,658.0,467.0,True,False,True,True,False,False,1.0,both,0.0032799142636393093,0.0027102158306782503,9.907120743034055e-05,3.522966807781059e-05,4.50089567823997e-05,-2.4841375085185033,-2.566996122284196,-4.004052544011197,-4.453091448577325,-4.346701053022369,L,synonymous,-0.914968447867075,-1.118074505400093,0.2323030613203687,-0.07693611203229378,0.07768347464403746
433,ortho,tttttgactttgtctattagagatcca,5.0,att,4.0,,FLTLSIRDP,,False,False,6.0,2.0,4.0,16.0,6.0,5.0,658.0,467.0,True,False,True,True,False,False,1.0,both,0.0032799142636393093,0.0027102158306782503,9.907120743034055e-05,3.522966807781059e-05,4.50089567823997e-05,-2.4841375085185033,-2.566996122284196,-4.004052544011197,-4.453091448577325,-4.346701053022369,I,non-synonymous,-0.914968447867075,-1.118074505400093,0.2323030613203687,-0.07693611203229378,0.07768347464403746
434,ortho,tttttgactttgtctgctaaagatcca,1.0,ttg,1.0,,FLTLSAKDP,,False,False,8.0,3.0,5.0,3.0,2.0,4.0,445.0,310.0,True,False,True,True,False,False,1.0,both,0.0022181790992697454,0.001799072607088346,1.8575851393188854e-05,1.1743222692603532e-05,3.600716542591976e-05,-2.654003391151527,-2.744951309016036,-4.731051271947459,-4.930212703296988,-4.443611066030425,L,synonymous,-1.2503549417296274,-1.2954197057380692,-0.10308343254218366,-0.2542813123702701,-0.17868237245622687
435,ortho,tttttgactttgtctgctaaagatcca,2.0,act,2.0,,FLTLSAKDP,,False,False,8.0,3.0,5.0,3.0,2.0,4.0,445.0,310.0,True,False,True,True,False,False,1.0,both,0.0022181790992697454,0.001799072607088346,1.8575851393188854e-05,1.1743222692603532e-05,3.600716542591976e-05,-2.654003391151527,-2.744951309016036,-4.731051271947459,-4.930212703296988,-4.443611066030425,T,non-synonymous,-1.2503549417296274,-1.2954197057380692,-0.10308343254218366,-0.2542813123702701,-0.17868237245622687
436,ortho,tttttgactttgtctgctaaagatcca,3.0,ttg,3.0,,FLTLSAKDP,,False,False,8.0,3.0,5.0,3.0,2.0,4.0,445.0,310.0,True,False,True,True,False,False,1.0,both,0.0022181790992697454,0.001799072607088346,1.8575851393188854e-05,1.1743222692603532e-05,3.600716542591976e-05,-2.654003391151527,-2.744951309016036,-4.731051271947459,-4.930212703296988,-4.443611066030425,L,synonymous,-1.2503549417296274,-1.2954197057380692,-0.10308343254218366,-0.2542813123702701,-0.17868237245622687
437,ortho,tttttgactttgtctgctaaagatcca,5.0,gct,4.0,,FLTLSAKDP,,False,False,8.0,3.0,5.0,3.0,2.0,4.0,445.0,310.0,True,False,True,True,False,False,1.0,both,0.0022181790992697454,0.001799072607088346,1.8575851393188854e-05,1.1743222692603532e-05,3.600716542591976e-05,-2.654003391151527,-2.744951309016036,-4.731051271947459,-4.930212703296988,-4.443611066030425,A,non-synonymous,-1.2503549417296274,-1.2954197057380692,-0.10308343254218366,-0.2542813123702701,-0.17868237245622687
438,ortho,tttttgactttgtctgctaaagatcca,6.0,aaa,5.0,,FLTLSAKDP,,False,False,8.0,3.0,5.0,3.0,2.0,4.0,445.0,310.0,True,False,True,True,False,False,1.0,both,0.0022181790992697454,0.001799072607088346,1.8575851393188854e-05,1.1743222692603532e-05,3.600716542591976e-05,-2.654003391151527,-2.744951309016036,-4.731051271947459,-4.930212703296988,-4.443611066030425,K,non-synonymous,-1.2503549417296274,-1.2954197057380692,-0.10308343254218366,-0.2542813123702701,-0.17868237245622687
439,ortho,tttttgactttgtctgttagagatcca,1.0,ttg,1.0,,FLTLSVRDP,,False,False,6.0,2.0,4.0,10.0,7.0,7.0,693.0,500.0,True,False,True,True,False,False,1.0,both,0.0034543777883009746,0.0029017300114328164,6.191950464396285e-05,4.110127942411236e-05,6.301253949535957e-05,-2.461630167520652,-2.5373429985142897,-4.208172526667122,-4.386144658946712,-4.200573017344131,L,synonymous,-1.0513950544375852,-1.0959668757217373,0.09587645474985851,-0.054828482353938224,0.020523986197960142
440,ortho,tttttgactttgtctgttagagatcca,2.0,act,2.0,,FLTLSVRDP,,False,False,6.0,2.0,4.0,10.0,7.0,7.0,693.0,500.0,True,False,True,True,False,False,1.0,both,0.0034543777883009746,0.0029017300114328164,6.191950464396285e-05,4.110127942411236e-05,6.301253949535957e-05,-2.461630167520652,-2.5373429985142897,-4.208172526667122,-4.386144658946712,-4.200573017344131,T,non-synonymous,-1.0513950544375852,-1.0959668757217373,0.09587645474985851,-0.054828482353938224,0.020523986197960142
441,ortho,tttttgactttgtctgttagagatcca,3.0,ttg,3.0,,FLTLSVRDP,,False,False,6.0,2.0,4.0,10.0,7.0,7.0,693.0,500.0,True,False,True,True,False,False,1.0,both,0.0034543777883009746,0.0029017300114328164,6.191950464396285e-05,4.110127942411236e-05,6.301253949535957e-05,-2.461630167520652,-2.5373429985142897,-4.208172526667122,-4.386144658946712,-4.200573017344131,L,synonymous,-1.0513950544375852,-1.0959668757217373,0.09587645474985851,-0.054828482353938224,0.020523986197960142
442,ortho,tttttgactttgtctgttagagatcca,5.0,gtt,4.0,,FLTLSVRDP,,False,False,6.0,2.0,4.0,10.0,7.0,7.0,693.0,500.0,True,False,True,True,False,False,1.0,both,0.0034543777883009746,0.0029017300114328164,6.191950464396285e-05,4.110127942411236e-05,6.301253949535957e-05,-2.461630167520652,-2.5373429985142897,-4.208172526667122,-4.386144658946712,-4.200573017344131,V,non-synonymous,-1.0513950544375852,-1.0959668757217373,0.09587645474985851,-0.054828482353938224,0.020523986197960142
443,ortho,tttttgactttgtctttgaaagatcca,1.0,ttg,1.0,,FLTLSLKDP,,False,False,5.0,2.0,4.0,3.0,1.0,2.0,192.0,132.0,True,False,True,True,False,False,1.0,both,0.0009570570495725644,0.0007660567230182635,1.8575851393188854e-05,5.871611346301766e-06,1.800358271295988e-05,-3.0190621734289094,-3.1157390716444584,-4.731051271947459,-5.231242698960969,-4.744641061694407,L,synonymous,-1.0305944553861877,-1.2540674051892573,0.11667705380125604,-0.21292901182145818,-0.04812597901010107
444,ortho,tttttgactttgtctttgaaagatcca,2.0,act,2.0,,FLTLSLKDP,,False,False,5.0,2.0,4.0,3.0,1.0,2.0,192.0,132.0,True,False,True,True,False,False,1.0,both,0.0009570570495725644,0.0007660567230182635,1.8575851393188854e-05,5.871611346301766e-06,1.800358271295988e-05,-3.0190621734289094,-3.1157390716444584,-4.731051271947459,-5.231242698960969,-4.744641061694407,T,non-synonymous,-1.0305944553861877,-1.2540674051892573,0.11667705380125604,-0.21292901182145818,-0.04812597901010107
445,ortho,tttttgactttgtctttgaaagatcca,3.0,ttg,3.0,,FLTLSLKDP,,False,False,5.0,2.0,4.0,3.0,1.0,2.0,192.0,132.0,True,False,True,True,False,False,1.0,both,0.0009570570495725644,0.0007660567230182635,1.8575851393188854e-05,5.871611346301766e-06,1.800358271295988e-05,-3.0190621734289094,-3.1157390716444584,-4.731051271947459,-5.231242698960969,-4.744641061694407,L,synonymous,-1.0305944553861877,-1.2540674051892573,0.11667705380125604,-0.21292901182145818,-0.04812597901010107
446,ortho,tttttgactttgtctttgaaagatcca,6.0,aaa,4.0,,FLTLSLKDP,,False,False,5.0,2.0,4.0,3.0,1.0,2.0,192.0,132.0,True,False,True,True,False,False,1.0,both,0.0009570570495725644,0.0007660567230182635,1.8575851393188854e-05,5.871611346301766e-06,1.800358271295988e-05,-3.0190621734289094,-3.1157390716444584,-4.731051271947459,-5.231242698960969,-4.744641061694407,K,non-synonymous,-1.0305944553861877,-1.2540674051892573,0.11667705380125604,-0.21292901182145818,-0.04812597901010107
447,ortho,tttttgactttgtctttgagagatcca,1.0,ttg,1.0,,FLTLSLRDP,,False,False,4.0,1.0,3.0,18.0,20.0,12.0,1137.0,923.0,True,False,True,True,False,False,1.0,both,0.00566757221543753,0.005356593601104979,0.00011145510835913313,0.00011743222692603532,0.00010802149627775927,-2.246602937444724,-2.2711113018243965,-3.9529000215638157,-3.930212703296988,-3.9664898113107627,L,synonymous,-1.0271679391279145,-0.9835128442345614,0.12010357005952921,0.0576255491332377,0.08886455959638345
448,ortho,tttttgactttgtctttgagagatcca,2.0,act,2.0,,FLTLSLRDP,,False,False,4.0,1.0,3.0,18.0,20.0,12.0,1137.0,923.0,True,False,True,True,False,False,1.0,both,0.00566757221543753,0.005356593601104979,0.00011145510835913313,0.00011743222692603532,0.00010802149627775927,-2.246602937444724,-2.2711113018243965,-3.9529000215638157,-3.930212703296988,-3.9664898113107627,T,non-synonymous,-1.0271679391279145,-0.9835128442345614,0.12010357005952921,0.0576255491332377,0.08886455959638345
449,ortho,tttttgactttgtctttgagagatcca,3.0,ttg,3.0,,FLTLSLRDP,,False,False,4.0,1.0,3.0,18.0,20.0,12.0,1137.0,923.0,True,False,True,True,False,False,1.0,both,0.00566757221543753,0.005356593601104979,0.00011145510835913313,0.00011743222692603532,0.00010802149627775927,-2.246602937444724,-2.2711113018243965,-3.9529000215638157,-3.930212703296988,-3.9664898113107627,L,synonymous,-1.0271679391279145,-0.9835128442345614,0.12010357005952921,0.0576255491332377,0.08886455959638345
450,ortho,tttttgactttgtctttgagagatgct,1.0,ttg,1.0,,FLTLSLRDA,,False,False,6.0,2.0,4.0,1272.0,1331.0,787.0,941.0,805.0,True,False,True,True,False,False,1.0,both,0.004690576477332203,0.004671785318406834,0.007876160990712075,0.00781511470192765,0.007084409797549713,-2.3287737787052016,-2.33051712248244,-2.1036854153547266,-2.1070646434862943,-2.149696324999323,L,synonymous,0.1355001731270883,0.13246229734584045,1.282771682314532,1.1736006907136396,1.228186186514086
451,ortho,tttttgactttgtctttgagagatgct,2.0,act,2.0,,FLTLSLRDA,,False,False,6.0,2.0,4.0,1272.0,1331.0,787.0,941.0,805.0,True,False,True,True,False,False,1.0,both,0.004690576477332203,0.004671785318406834,0.007876160990712075,0.00781511470192765,0.007084409797549713,-2.3287737787052016,-2.33051712248244,-2.1036854153547266,-2.1070646434862943,-2.149696324999323,T,non-synonymous,0.1355001731270883,0.13246229734584045,1.282771682314532,1.1736006907136396,1.228186186514086
452,ortho,tttttgactttgtctttgagagatgct,3.0,ttg,3.0,,FLTLSLRDA,,False,False,6.0,2.0,4.0,1272.0,1331.0,787.0,941.0,805.0,True,False,True,True,False,False,1.0,both,0.004690576477332203,0.004671785318406834,0.007876160990712075,0.00781511470192765,0.007084409797549713,-2.3287737787052016,-2.33051712248244,-2.1036854153547266,-2.1070646434862943,-2.149696324999323,L,synonymous,0.1355001731270883,0.13246229734584045,1.282771682314532,1.1736006907136396,1.228186186514086
453,ortho,tttttgactttgtctttgagagatgct,8.0,gct,4.0,,FLTLSLRDA,,False,False,6.0,2.0,4.0,1272.0,1331.0,787.0,941.0,805.0,True,False,True,True,False,False,1.0,both,0.004690576477332203,0.004671785318406834,0.007876160990712075,0.00781511470192765,0.007084409797549713,-2.3287737787052016,-2.33051712248244,-2.1036854153547266,-2.1070646434862943,-2.149696324999323,A,non-synonymous,0.1355001731270883,0.13246229734584045,1.282771682314532,1.1736006907136396,1.228186186514086
454,ortho,tttttgactttgtctttggttgatcca,1.0,ttg,1.0,,FLTLSLVDP,,False,False,7.0,2.0,4.0,4.0,1.0,5.0,437.0,435.0,True,False,True,True,False,False,1.0,both,0.002178301722204222,0.00252450510994655,2.4767801857585138e-05,5.871611346301766e-06,4.50089567823997e-05,-2.661881965162037,-2.597823745895671,-4.606112535339159,-5.231242698960969,-4.346701053022369,L,synonymous,-1.1704007036906712,-1.5610868403170588,-0.02312919450322748,-0.5199484469492597,-0.2715388207262436
455,ortho,tttttgactttgtctttggttgatcca,2.0,act,2.0,,FLTLSLVDP,,False,False,7.0,2.0,4.0,4.0,1.0,5.0,437.0,435.0,True,False,True,True,False,False,1.0,both,0.002178301722204222,0.00252450510994655,2.4767801857585138e-05,5.871611346301766e-06,4.50089567823997e-05,-2.661881965162037,-2.597823745895671,-4.606112535339159,-5.231242698960969,-4.346701053022369,T,non-synonymous,-1.1704007036906712,-1.5610868403170588,-0.02312919450322748,-0.5199484469492597,-0.2715388207262436
456,ortho,tttttgactttgtctttggttgatcca,3.0,ttg,3.0,,FLTLSLVDP,,False,False,7.0,2.0,4.0,4.0,1.0,5.0,437.0,435.0,True,False,True,True,False,False,1.0,both,0.002178301722204222,0.00252450510994655,2.4767801857585138e-05,5.871611346301766e-06,4.50089567823997e-05,-2.661881965162037,-2.597823745895671,-4.606112535339159,-5.231242698960969,-4.346701053022369,L,synonymous,-1.1704007036906712,-1.5610868403170588,-0.02312919450322748,-0.5199484469492597,-0.2715388207262436
457,ortho,tttttgactttgtctttggttgatcca,6.0,gtt,4.0,,FLTLSLVDP,,False,False,7.0,2.0,4.0,4.0,1.0,5.0,437.0,435.0,True,False,True,True,False,False,1.0,both,0.002178301722204222,0.00252450510994655,2.4767801857585138e-05,5.871611346301766e-06,4.50089567823997e-05,-2.661881965162037,-2.597823745895671,-4.606112535339159,-5.231242698960969,-4.346701053022369,V,non-synonymous,-1.1704007036906712,-1.5610868403170588,-0.02312919450322748,-0.5199484469492597,-0.2715388207262436
458,ortho,tttttgactttgtcttttaaagatcca,1.0,ttg,1.0,,FLTLSFKDP,,False,False,6.0,3.0,5.0,8.0,17.0,1.0,662.0,546.0,True,False,True,True,False,False,1.0,both,0.003299852952172071,0.0031686891724846352,4.9535603715170275e-05,9.981739288713001e-05,9.00179135647994e-06,-2.481505412692759,-2.499120360145571,-4.305082539675178,-4.000793777582695,-5.045671057358388,L,synonymous,-1.0977689505519894,-0.8901897693438953,0.049502558635454275,0.15094862402390385,0.10022559132967906
459,ortho,tttttgactttgtcttttaaagatcca,2.0,act,2.0,,FLTLSFKDP,,False,False,6.0,3.0,5.0,8.0,17.0,1.0,662.0,546.0,True,False,True,True,False,False,1.0,both,0.003299852952172071,0.0031686891724846352,4.9535603715170275e-05,9.981739288713001e-05,9.00179135647994e-06,-2.481505412692759,-2.499120360145571,-4.305082539675178,-4.000793777582695,-5.045671057358388,T,non-synonymous,-1.0977689505519894,-0.8901897693438953,0.049502558635454275,0.15094862402390385,0.10022559132967906
460,ortho,tttttgactttgtcttttaaagatcca,3.0,ttg,3.0,,FLTLSFKDP,,False,False,6.0,3.0,5.0,8.0,17.0,1.0,662.0,546.0,True,False,True,True,False,False,1.0,both,0.003299852952172071,0.0031686891724846352,4.9535603715170275e-05,9.981739288713001e-05,9.00179135647994e-06,-2.481505412692759,-2.499120360145571,-4.305082539675178,-4.000793777582695,-5.045671057358388,L,synonymous,-1.0977689505519894,-0.8901897693438953,0.049502558635454275,0.15094862402390385,0.10022559132967906
461,ortho,tttttgactttgtcttttaaagatcca,5.0,ttt,4.0,,FLTLSFKDP,,False,False,6.0,3.0,5.0,8.0,17.0,1.0,662.0,546.0,True,False,True,True,False,False,1.0,both,0.003299852952172071,0.0031686891724846352,4.9535603715170275e-05,9.981739288713001e-05,9.00179135647994e-06,-2.481505412692759,-2.499120360145571,-4.305082539675178,-4.000793777582695,-5.045671057358388,F,non-synonymous,-1.0977689505519894,-0.8901897693438953,0.049502558635454275,0.15094862402390385,0.10022559132967906
462,ortho,tttttgactttgtcttttaaagatcca,6.0,aaa,5.0,,FLTLSFKDP,,False,False,6.0,3.0,5.0,8.0,17.0,1.0,662.0,546.0,True,False,True,True,False,False,1.0,both,0.003299852952172071,0.0031686891724846352,4.9535603715170275e-05,9.981739288713001e-05,9.00179135647994e-06,-2.481505412692759,-2.499120360145571,-4.305082539675178,-4.000793777582695,-5.045671057358388,K,non-synonymous,-1.0977689505519894,-0.8901897693438953,0.049502558635454275,0.15094862402390385,0.10022559132967906
463,ortho,tttttgactttgtcttttagagatact,1.0,ttg,1.0,,FLTLSFRDT,,False,False,7.0,3.0,5.0,5.0,7.0,3.0,268.0,255.0,True,False,True,True,False,False,1.0,both,0.0013358921316950377,0.0014798823058307362,3.0959752321981425e-05,4.110127942411236e-05,2.7005374069439818e-05,-2.87422860810367,-2.8297728224163534,-4.509202522331103,-4.386144658946712,-4.568549802638725,L,synonymous,-0.9842323483028809,-0.9226149108631373,0.16303916088456283,0.11852348250466183,0.14078132169461233
464,ortho,tttttgactttgtcttttagagatact,2.0,act,2.0,,FLTLSFRDT,,False,False,7.0,3.0,5.0,5.0,7.0,3.0,268.0,255.0,True,False,True,True,False,False,1.0,both,0.0013358921316950377,0.0014798823058307362,3.0959752321981425e-05,4.110127942411236e-05,2.7005374069439818e-05,-2.87422860810367,-2.8297728224163534,-4.509202522331103,-4.386144658946712,-4.568549802638725,T,non-synonymous,-0.9842323483028809,-0.9226149108631373,0.16303916088456283,0.11852348250466183,0.14078132169461233
465,ortho,tttttgactttgtcttttagagatact,3.0,ttg,3.0,,FLTLSFRDT,,False,False,7.0,3.0,5.0,5.0,7.0,3.0,268.0,255.0,True,False,True,True,False,False,1.0,both,0.0013358921316950377,0.0014798823058307362,3.0959752321981425e-05,4.110127942411236e-05,2.7005374069439818e-05,-2.87422860810367,-2.8297728224163534,-4.509202522331103,-4.386144658946712,-4.568549802638725,L,synonymous,-0.9842323483028809,-0.9226149108631373,0.16303916088456283,0.11852348250466183,0.14078132169461233
466,ortho,tttttgactttgtcttttagagatact,5.0,ttt,4.0,,FLTLSFRDT,,False,False,7.0,3.0,5.0,5.0,7.0,3.0,268.0,255.0,True,False,True,True,False,False,1.0,both,0.0013358921316950377,0.0014798823058307362,3.0959752321981425e-05,4.110127942411236e-05,2.7005374069439818e-05,-2.87422860810367,-2.8297728224163534,-4.509202522331103,-4.386144658946712,-4.568549802638725,F,non-synonymous,-0.9842323483028809,-0.9226149108631373,0.16303916088456283,0.11852348250466183,0.14078132169461233
467,ortho,tttttgactttgtcttttagagatact,8.0,act,5.0,,FLTLSFRDT,,False,False,7.0,3.0,5.0,5.0,7.0,3.0,268.0,255.0,True,False,True,True,False,False,1.0,both,0.0013358921316950377,0.0014798823058307362,3.0959752321981425e-05,4.110127942411236e-05,2.7005374069439818e-05,-2.87422860810367,-2.8297728224163534,-4.509202522331103,-4.386144658946712,-4.568549802638725,T,non-synonymous,-0.9842323483028809,-0.9226149108631373,0.16303916088456283,0.11852348250466183,0.14078132169461233
468,ortho,tttttgactttgtcttttagagatcca,1.0,ttg,1.0,,FLTLSFRDP,,False,False,5.0,2.0,4.0,2.0,5.0,2.0,172.0,118.0,True,False,True,True,False,False,1.0,both,0.0008573636069087555,0.0006848082826981446,1.2383900928792569e-05,2.935805673150883e-05,1.800358271295988e-05,-3.06683495522491,-3.164430995544183,-4.9071425310031405,-4.53227269462495,-4.744641061694407,L,synonymous,-1.107840456135761,-0.8108545256676314,0.039431053051682596,0.23028386770016773,0.13485746037592516
469,ortho,tttttgactttgtcttttagagatcca,2.0,act,2.0,,FLTLSFRDP,,False,False,5.0,2.0,4.0,2.0,5.0,2.0,172.0,118.0,True,False,True,True,False,False,1.0,both,0.0008573636069087555,0.0006848082826981446,1.2383900928792569e-05,2.935805673150883e-05,1.800358271295988e-05,-3.06683495522491,-3.164430995544183,-4.9071425310031405,-4.53227269462495,-4.744641061694407,T,non-synonymous,-1.107840456135761,-0.8108545256676314,0.039431053051682596,0.23028386770016773,0.13485746037592516
470,ortho,tttttgactttgtcttttagagatcca,3.0,ttg,3.0,,FLTLSFRDP,,False,False,5.0,2.0,4.0,2.0,5.0,2.0,172.0,118.0,True,False,True,True,False,False,1.0,both,0.0008573636069087555,0.0006848082826981446,1.2383900928792569e-05,2.935805673150883e-05,1.800358271295988e-05,-3.06683495522491,-3.164430995544183,-4.9071425310031405,-4.53227269462495,-4.744641061694407,L,synonymous,-1.107840456135761,-0.8108545256676314,0.039431053051682596,0.23028386770016773,0.13485746037592516
471,ortho,tttttgactttgtcttttagagatcca,5.0,ttt,4.0,,FLTLSFRDP,,False,False,5.0,2.0,4.0,2.0,5.0,2.0,172.0,118.0,True,False,True,True,False,False,1.0,both,0.0008573636069087555,0.0006848082826981446,1.2383900928792569e-05,2.935805673150883e-05,1.800358271295988e-05,-3.06683495522491,-3.164430995544183,-4.9071425310031405,-4.53227269462495,-4.744641061694407,F,non-synonymous,-1.107840456135761,-0.8108545256676314,0.039431053051682596,0.23028386770016773,0.13485746037592516
472,ortho,tttttgactttgtcttttgaaaatcca,1.0,ttg,1.0,,FLTLSFENP,,False,False,8.0,4.0,6.0,67.0,79.0,41.0,641.0,514.0,True,False,True,True,False,False,1.0,both,0.0031951748373750715,0.0029829784517529353,0.00041486068111455107,0.0004638572963578395,0.00036907344561567753,-2.4955053726136414,-2.5253498838550326,-3.3820977239662953,-3.3336156076705277,-3.432887200638652,L,synonymous,-0.5337166938051897,-0.4791387194426504,0.613554815382254,0.5619996739251487,0.5877772446537013
473,ortho,tttttgactttgtcttttgaaaatcca,2.0,act,2.0,,FLTLSFENP,,False,False,8.0,4.0,6.0,67.0,79.0,41.0,641.0,514.0,True,False,True,True,False,False,1.0,both,0.0031951748373750715,0.0029829784517529353,0.00041486068111455107,0.0004638572963578395,0.00036907344561567753,-2.4955053726136414,-2.5253498838550326,-3.3820977239662953,-3.3336156076705277,-3.432887200638652,T,non-synonymous,-0.5337166938051897,-0.4791387194426504,0.613554815382254,0.5619996739251487,0.5877772446537013
474,ortho,tttttgactttgtcttttgaaaatcca,3.0,ttg,3.0,,FLTLSFENP,,False,False,8.0,4.0,6.0,67.0,79.0,41.0,641.0,514.0,True,False,True,True,False,False,1.0,both,0.0031951748373750715,0.0029829784517529353,0.00041486068111455107,0.0004638572963578395,0.00036907344561567753,-2.4955053726136414,-2.5253498838550326,-3.3820977239662953,-3.3336156076705277,-3.432887200638652,L,synonymous,-0.5337166938051897,-0.4791387194426504,0.613554815382254,0.5619996739251487,0.5877772446537013
475,ortho,tttttgactttgtcttttgaaaatcca,5.0,ttt,4.0,,FLTLSFENP,,False,False,8.0,4.0,6.0,67.0,79.0,41.0,641.0,514.0,True,False,True,True,False,False,1.0,both,0.0031951748373750715,0.0029829784517529353,0.00041486068111455107,0.0004638572963578395,0.00036907344561567753,-2.4955053726136414,-2.5253498838550326,-3.3820977239662953,-3.3336156076705277,-3.432887200638652,F,non-synonymous,-0.5337166938051897,-0.4791387194426504,0.613554815382254,0.5619996739251487,0.5877772446537013
476,ortho,tttttgactttgtcttttgaaaatcca,6.0,gaa,5.0,,FLTLSFENP,,False,False,8.0,4.0,6.0,67.0,79.0,41.0,641.0,514.0,True,False,True,True,False,False,1.0,both,0.0031951748373750715,0.0029829784517529353,0.00041486068111455107,0.0004638572963578395,0.00036907344561567753,-2.4955053726136414,-2.5253498838550326,-3.3820977239662953,-3.3336156076705277,-3.432887200638652,E,non-synonymous,-0.5337166938051897,-0.4791387194426504,0.613554815382254,0.5619996739251487,0.5877772446537013
477,ortho,tttttgactttgtcttttgaaaatcca,7.0,aat,6.0,,FLTLSFENP,,False,False,8.0,4.0,6.0,67.0,79.0,41.0,641.0,514.0,True,False,True,True,False,False,1.0,both,0.0031951748373750715,0.0029829784517529353,0.00041486068111455107,0.0004638572963578395,0.00036907344561567753,-2.4955053726136414,-2.5253498838550326,-3.3820977239662953,-3.3336156076705277,-3.432887200638652,N,non-synonymous,-0.5337166938051897,-0.4791387194426504,0.613554815382254,0.5619996739251487,0.5877772446537013
478,ortho,tttttgattaaatctttgattgatcca,1.0,ttg,1.0,,FLIKSLIDP,,False,False,6.0,3.0,4.0,7.0,17.0,6.0,1106.0,917.0,True,False,True,True,False,False,1.0,both,0.005513047379308626,0.005321772840967785,4.334365325077399e-05,9.981739288713001e-05,5.4010748138879636e-05,-2.2586082751637795,-2.2739436671802875,-4.363074486652865,-4.000793777582695,-4.267519806974744,L,synonymous,-1.2668604087403466,-1.0236741781672807,-0.11958889955290286,0.01746421520051844,-0.05106234217619221
479,ortho,tttttgattaaatctttgattgatcca,2.0,att,2.0,,FLIKSLIDP,,False,False,6.0,3.0,4.0,7.0,17.0,6.0,1106.0,917.0,True,False,True,True,False,False,1.0,both,0.005513047379308626,0.005321772840967785,4.334365325077399e-05,9.981739288713001e-05,5.4010748138879636e-05,-2.2586082751637795,-2.2739436671802875,-4.363074486652865,-4.000793777582695,-4.267519806974744,I,non-synonymous,-1.2668604087403466,-1.0236741781672807,-0.11958889955290286,0.01746421520051844,-0.05106234217619221
480,ortho,tttttgattaaatctttgattgatcca,3.0,aaa,3.0,,FLIKSLIDP,,False,False,6.0,3.0,4.0,7.0,17.0,6.0,1106.0,917.0,True,False,True,True,False,False,1.0,both,0.005513047379308626,0.005321772840967785,4.334365325077399e-05,9.981739288713001e-05,5.4010748138879636e-05,-2.2586082751637795,-2.2739436671802875,-4.363074486652865,-4.000793777582695,-4.267519806974744,K,non-synonymous,-1.2668604087403466,-1.0236741781672807,-0.11958889955290286,0.01746421520051844,-0.05106234217619221
481,ortho,tttttgattaaatctttgattgatcca,6.0,att,4.0,,FLIKSLIDP,,False,False,6.0,3.0,4.0,7.0,17.0,6.0,1106.0,917.0,True,False,True,True,False,False,1.0,both,0.005513047379308626,0.005321772840967785,4.334365325077399e-05,9.981739288713001e-05,5.4010748138879636e-05,-2.2586082751637795,-2.2739436671802875,-4.363074486652865,-4.000793777582695,-4.267519806974744,I,non-synonymous,-1.2668604087403466,-1.0236741781672807,-0.11958889955290286,0.01746421520051844,-0.05106234217619221
482,ortho,tttttgattttgtctttgagagatcca,1.0,ttg,1.0,,FLILSLRDP,,False,False,3.0,1.0,3.0,5.0,7.0,6.0,706.0,730.0,True,False,True,True,False,False,1.0,both,0.00351917852603245,0.004236525816691912,3.0959752321981425e-05,4.110127942411236e-05,5.4010748138879636e-05,-2.453558701080655,-2.3729901427298525,-4.509202522331103,-4.386144658946712,-4.267519806974744,L,synonymous,-1.2374699852135957,-1.1933950042901014,-0.09019847602615205,-0.15225661092230225,-0.12122754347422715
483,ortho,tttttgattttgtctttgagagatcca,2.0,att,2.0,,FLILSLRDP,,False,False,3.0,1.0,3.0,5.0,7.0,6.0,706.0,730.0,True,False,True,True,False,False,1.0,both,0.00351917852603245,0.004236525816691912,3.0959752321981425e-05,4.110127942411236e-05,5.4010748138879636e-05,-2.453558701080655,-2.3729901427298525,-4.509202522331103,-4.386144658946712,-4.267519806974744,I,non-synonymous,-1.2374699852135957,-1.1933950042901014,-0.09019847602615205,-0.15225661092230225,-0.12122754347422715
484,ortho,tttttgattttgtctttgagagatcca,3.0,ttg,3.0,,FLILSLRDP,,False,False,3.0,1.0,3.0,5.0,7.0,6.0,706.0,730.0,True,False,True,True,False,False,1.0,both,0.00351917852603245,0.004236525816691912,3.0959752321981425e-05,4.110127942411236e-05,5.4010748138879636e-05,-2.453558701080655,-2.3729901427298525,-4.509202522331103,-4.386144658946712,-4.267519806974744,L,synonymous,-1.2374699852135957,-1.1933950042901014,-0.09019847602615205,-0.15225661092230225,-0.12122754347422715
485,ortho,tttttggctttgaatttgtctgattct,1.0,ttg,1.0,,FLALNLSDS,,False,False,10.0,4.0,6.0,334.0,339.0,224.0,135.0,141.0,True,False,True,True,False,False,1.0,both,0.0006729307379807093,0.0008182878632240542,0.002068111455108359,0.0019904762463962985,0.0020164012638515063,-3.1720296336374525,-3.0870938901949287,-2.684426059855557,-2.701043000757887,-2.6954230390242246,L,synonymous,0.29353080577496815,0.22885039332285761,1.4408023149624118,1.2699887866906567,1.3553955508265343
486,ortho,tttttggctttgaatttgtctgattct,2.0,gct,2.0,,FLALNLSDS,,False,False,10.0,4.0,6.0,334.0,339.0,224.0,135.0,141.0,True,False,True,True,False,False,1.0,both,0.0006729307379807093,0.0008182878632240542,0.002068111455108359,0.0019904762463962985,0.0020164012638515063,-3.1720296336374525,-3.0870938901949287,-2.684426059855557,-2.701043000757887,-2.6954230390242246,A,non-synonymous,0.29353080577496815,0.22885039332285761,1.4408023149624118,1.2699887866906567,1.3553955508265343
487,ortho,tttttggctttgaatttgtctgattct,3.0,ttg,3.0,,FLALNLSDS,,False,False,10.0,4.0,6.0,334.0,339.0,224.0,135.0,141.0,True,False,True,True,False,False,1.0,both,0.0006729307379807093,0.0008182878632240542,0.002068111455108359,0.0019904762463962985,0.0020164012638515063,-3.1720296336374525,-3.0870938901949287,-2.684426059855557,-2.701043000757887,-2.6954230390242246,L,synonymous,0.29353080577496815,0.22885039332285761,1.4408023149624118,1.2699887866906567,1.3553955508265343
488,ortho,tttttggctttgaatttgtctgattct,4.0,aat,4.0,,FLALNLSDS,,False,False,10.0,4.0,6.0,334.0,339.0,224.0,135.0,141.0,True,False,True,True,False,False,1.0,both,0.0006729307379807093,0.0008182878632240542,0.002068111455108359,0.0019904762463962985,0.0020164012638515063,-3.1720296336374525,-3.0870938901949287,-2.684426059855557,-2.701043000757887,-2.6954230390242246,N,non-synonymous,0.29353080577496815,0.22885039332285761,1.4408023149624118,1.2699887866906567,1.3553955508265343
489,ortho,tttttggctttgaatttgtctgattct,6.0,tct,5.0,,FLALNLSDS,,False,False,10.0,4.0,6.0,334.0,339.0,224.0,135.0,141.0,True,False,True,True,False,False,1.0,both,0.0006729307379807093,0.0008182878632240542,0.002068111455108359,0.0019904762463962985,0.0020164012638515063,-3.1720296336374525,-3.0870938901949287,-2.684426059855557,-2.701043000757887,-2.6954230390242246,S,non-synonymous,0.29353080577496815,0.22885039332285761,1.4408023149624118,1.2699887866906567,1.3553955508265343
490,ortho,tttttggctttgaatttgtctgattct,8.0,tct,6.0,,FLALNLSDS,,False,False,10.0,4.0,6.0,334.0,339.0,224.0,135.0,141.0,True,False,True,True,False,False,1.0,both,0.0006729307379807093,0.0008182878632240542,0.002068111455108359,0.0019904762463962985,0.0020164012638515063,-3.1720296336374525,-3.0870938901949287,-2.684426059855557,-2.701043000757887,-2.6954230390242246,S,non-synonymous,0.29353080577496815,0.22885039332285761,1.4408023149624118,1.2699887866906567,1.3553955508265343
491,ortho,tttttggctttgtctattagagatcca,1.0,ttg,1.0,,FLALSIRDP,,False,False,5.0,2.0,4.0,6.0,9.0,4.0,638.0,513.0,True,False,True,True,False,False,1.0,both,0.0031802208209755004,0.0029771749917300696,3.715170278637771e-05,5.284450211671589e-05,3.600716542591976e-05,-2.4975427234112964,-2.526195637738492,-4.430021276283478,-4.277000189521645,-4.443611066030425,L,synonymous,-1.1633261470334149,-1.0378743354051172,-0.016054637845971165,0.003264057962681921,-0.006395289941644622
492,ortho,tttttggctttgtctattagagatcca,2.0,gct,2.0,,FLALSIRDP,,False,False,5.0,2.0,4.0,6.0,9.0,4.0,638.0,513.0,True,False,True,True,False,False,1.0,both,0.0031802208209755004,0.0029771749917300696,3.715170278637771e-05,5.284450211671589e-05,3.600716542591976e-05,-2.4975427234112964,-2.526195637738492,-4.430021276283478,-4.277000189521645,-4.443611066030425,A,non-synonymous,-1.1633261470334149,-1.0378743354051172,-0.016054637845971165,0.003264057962681921,-0.006395289941644622
493,ortho,tttttggctttgtctattagagatcca,3.0,ttg,3.0,,FLALSIRDP,,False,False,5.0,2.0,4.0,6.0,9.0,4.0,638.0,513.0,True,False,True,True,False,False,1.0,both,0.0031802208209755004,0.0029771749917300696,3.715170278637771e-05,5.284450211671589e-05,3.600716542591976e-05,-2.4975427234112964,-2.526195637738492,-4.430021276283478,-4.277000189521645,-4.443611066030425,L,synonymous,-1.1633261470334149,-1.0378743354051172,-0.016054637845971165,0.003264057962681921,-0.006395289941644622
494,ortho,tttttggctttgtctattagagatcca,5.0,att,4.0,,FLALSIRDP,,False,False,5.0,2.0,4.0,6.0,9.0,4.0,638.0,513.0,True,False,True,True,False,False,1.0,both,0.0031802208209755004,0.0029771749917300696,3.715170278637771e-05,5.284450211671589e-05,3.600716542591976e-05,-2.4975427234112964,-2.526195637738492,-4.430021276283478,-4.277000189521645,-4.443611066030425,I,non-synonymous,-1.1633261470334149,-1.0378743354051172,-0.016054637845971165,0.003264057962681921,-0.006395289941644622
495,ortho,tttttggctttgtcttttaaagatcca,1.0,ttg,1.0,,FLALSFKDP,,False,False,5.0,3.0,5.0,6.0,2.0,5.0,436.0,273.0,True,False,True,True,False,False,1.0,both,0.0021733170500710317,0.0015843445862423176,3.715170278637771e-05,1.1743222692603532e-05,4.50089567823997e-05,-2.6628769128638727,-2.8001503558095524,-4.430021276283478,-4.930212703296988,-4.346701053022369,L,synonymous,-1.0637971844465375,-1.262697792862375,0.08347432474090621,-0.22155939949457593,-0.06904253737683486
496,ortho,tttttggctttgtcttttaaagatcca,2.0,gct,2.0,,FLALSFKDP,,False,False,5.0,3.0,5.0,6.0,2.0,5.0,436.0,273.0,True,False,True,True,False,False,1.0,both,0.0021733170500710317,0.0015843445862423176,3.715170278637771e-05,1.1743222692603532e-05,4.50089567823997e-05,-2.6628769128638727,-2.8001503558095524,-4.430021276283478,-4.930212703296988,-4.346701053022369,A,non-synonymous,-1.0637971844465375,-1.262697792862375,0.08347432474090621,-0.22155939949457593,-0.06904253737683486
497,ortho,tttttggctttgtcttttaaagatcca,3.0,ttg,3.0,,FLALSFKDP,,False,False,5.0,3.0,5.0,6.0,2.0,5.0,436.0,273.0,True,False,True,True,False,False,1.0,both,0.0021733170500710317,0.0015843445862423176,3.715170278637771e-05,1.1743222692603532e-05,4.50089567823997e-05,-2.6628769128638727,-2.8001503558095524,-4.430021276283478,-4.930212703296988,-4.346701053022369,L,synonymous,-1.0637971844465375,-1.262697792862375,0.08347432474090621,-0.22155939949457593,-0.06904253737683486
498,ortho,tttttggctttgtcttttaaagatcca,5.0,ttt,4.0,,FLALSFKDP,,False,False,5.0,3.0,5.0,6.0,2.0,5.0,436.0,273.0,True,False,True,True,False,False,1.0,both,0.0021733170500710317,0.0015843445862423176,3.715170278637771e-05,1.1743222692603532e-05,4.50089567823997e-05,-2.6628769128638727,-2.8001503558095524,-4.430021276283478,-4.930212703296988,-4.346701053022369,F,non-synonymous,-1.0637971844465375,-1.262697792862375,0.08347432474090621,-0.22155939949457593,-0.06904253737683486
499,ortho,tttttggctttgtcttttaaagatcca,6.0,aaa,5.0,,FLALSFKDP,,False,False,5.0,3.0,5.0,6.0,2.0,5.0,436.0,273.0,True,False,True,True,False,False,1.0,both,0.0021733170500710317,0.0015843445862423176,3.715170278637771e-05,1.1743222692603532e-05,4.50089567823997e-05,-2.6628769128638727,-2.8001503558095524,-4.430021276283478,-4.930212703296988,-4.346701053022369,K,non-synonymous,-1.0637971844465375,-1.262697792862375,0.08347432474090621,-0.22155939949457593,-0.06904253737683486
500,ortho,tttttggctttgtcttttagagatcca,1.0,ttg,1.0,,FLALSFRDP,,False,False,4.0,2.0,4.0,12.0,10.0,3.0,1334.0,1169.0,True,False,True,True,False,False,1.0,both,0.006649552625676046,0.006784244766729924,7.430340557275542e-05,5.871611346301766e-05,2.7005374069439818e-05,-2.1772075725519286,-2.168498491688468,-4.128991280619497,-4.231242698960969,-4.568549802638725,L,synonymous,-1.174947591306601,-1.2227916994237185,-0.027676082119157286,-0.18165330605591934,-0.10466469408753831
501,ortho,tttttggctttgtcttttagagatcca,2.0,gct,2.0,,FLALSFRDP,,False,False,4.0,2.0,4.0,12.0,10.0,3.0,1334.0,1169.0,True,False,True,True,False,False,1.0,both,0.006649552625676046,0.006784244766729924,7.430340557275542e-05,5.871611346301766e-05,2.7005374069439818e-05,-2.1772075725519286,-2.168498491688468,-4.128991280619497,-4.231242698960969,-4.568549802638725,A,non-synonymous,-1.174947591306601,-1.2227916994237185,-0.027676082119157286,-0.18165330605591934,-0.10466469408753831
502,ortho,tttttggctttgtcttttagagatcca,3.0,ttg,3.0,,FLALSFRDP,,False,False,4.0,2.0,4.0,12.0,10.0,3.0,1334.0,1169.0,True,False,True,True,False,False,1.0,both,0.006649552625676046,0.006784244766729924,7.430340557275542e-05,5.871611346301766e-05,2.7005374069439818e-05,-2.1772075725519286,-2.168498491688468,-4.128991280619497,-4.231242698960969,-4.568549802638725,L,synonymous,-1.174947591306601,-1.2227916994237185,-0.027676082119157286,-0.18165330605591934,-0.10466469408753831
503,ortho,tttttggctttgtcttttagagatcca,5.0,ttt,4.0,,FLALSFRDP,,False,False,4.0,2.0,4.0,12.0,10.0,3.0,1334.0,1169.0,True,False,True,True,False,False,1.0,both,0.006649552625676046,0.006784244766729924,7.430340557275542e-05,5.871611346301766e-05,2.7005374069439818e-05,-2.1772075725519286,-2.168498491688468,-4.128991280619497,-4.231242698960969,-4.568549802638725,F,non-synonymous,-1.174947591306601,-1.2227916994237185,-0.027676082119157286,-0.18165330605591934,-0.10466469408753831
504,ortho,tttttggctttgtcttttagagatgct,1.0,ttg,1.0,,FLALSFRDA,,False,False,6.0,3.0,5.0,2282.0,2249.0,1488.0,1045.0,926.0,True,False,True,True,False,False,1.0,both,0.005208982379184009,0.005374003981173576,0.014130030959752323,0.013205253917832671,0.01339466553844215,-2.283247111685386,-2.2697020161683743,-1.8498568865849259,-1.879253243525337,-1.8730681261485276,L,synonymous,0.26089509763444696,0.2314574519491122,1.4081666068218905,1.2725958453169113,1.3403812260694008
505,ortho,tttttggctttgtcttttagagatgct,2.0,gct,2.0,,FLALSFRDA,,False,False,6.0,3.0,5.0,2282.0,2249.0,1488.0,1045.0,926.0,True,False,True,True,False,False,1.0,both,0.005208982379184009,0.005374003981173576,0.014130030959752323,0.013205253917832671,0.01339466553844215,-2.283247111685386,-2.2697020161683743,-1.8498568865849259,-1.879253243525337,-1.8730681261485276,A,non-synonymous,0.26089509763444696,0.2314574519491122,1.4081666068218905,1.2725958453169113,1.3403812260694008
506,ortho,tttttggctttgtcttttagagatgct,3.0,ttg,3.0,,FLALSFRDA,,False,False,6.0,3.0,5.0,2282.0,2249.0,1488.0,1045.0,926.0,True,False,True,True,False,False,1.0,both,0.005208982379184009,0.005374003981173576,0.014130030959752323,0.013205253917832671,0.01339466553844215,-2.283247111685386,-2.2697020161683743,-1.8498568865849259,-1.879253243525337,-1.8730681261485276,L,synonymous,0.26089509763444696,0.2314574519491122,1.4081666068218905,1.2725958453169113,1.3403812260694008
507,ortho,tttttggctttgtcttttagagatgct,5.0,ttt,4.0,,FLALSFRDA,,False,False,6.0,3.0,5.0,2282.0,2249.0,1488.0,1045.0,926.0,True,False,True,True,False,False,1.0,both,0.005208982379184009,0.005374003981173576,0.014130030959752323,0.013205253917832671,0.01339466553844215,-2.283247111685386,-2.2697020161683743,-1.8498568865849259,-1.879253243525337,-1.8730681261485276,F,non-synonymous,0.26089509763444696,0.2314574519491122,1.4081666068218905,1.2725958453169113,1.3403812260694008
508,ortho,tttttggctttgtcttttagagatgct,8.0,gct,5.0,,FLALSFRDA,,False,False,6.0,3.0,5.0,2282.0,2249.0,1488.0,1045.0,926.0,True,False,True,True,False,False,1.0,both,0.005208982379184009,0.005374003981173576,0.014130030959752323,0.013205253917832671,0.01339466553844215,-2.283247111685386,-2.2697020161683743,-1.8498568865849259,-1.879253243525337,-1.8730681261485276,A,non-synonymous,0.26089509763444696,0.2314574519491122,1.4081666068218905,1.2725958453169113,1.3403812260694008
509,single,tttttggttttatctttgagagatcca,1.0,ttg,1.0,,FLVLSLRDP,,False,False,1.0,0.0,1.0,15.0,10.0,11.0,1566.0,1266.0,True,False,True,True,False,False,1.0,both,0.007805996560576228,0.00734718038894789,9.287925696594427e-05,5.871611346301766e-05,9.901970492127933e-05,-2.1075716444105344,-2.1338792971689724,-4.03208126761144,-4.231242698960969,-4.0042783722001625,L,synonymous,-1.1585289583470584,-1.2433139064670964,-0.011257449159614685,-0.20217551309929727,-0.10671648112945598
510,ortho,tttttggttttgtctttgagagatcca,1.0,ttg,1.0,,FLVLSLRDP,,False,False,2.0,0.0,2.0,4.0,5.0,3.0,476.0,289.0,True,False,True,True,False,False,1.0,both,0.002372703935398649,0.0016771999466081678,2.4767801857585138e-05,2.935805673150883e-05,2.7005374069439818e-05,-2.6247564494119655,-2.7754151600937607,-4.606112535339159,-4.53227269462495,-4.568549802638725,L,synonymous,-1.1927497657953803,-1.0414625345792854,-0.045478256607936585,-0.00032414121148627295,-0.02290119890971143
511,ortho,tttttggttttgtctttgagagatcca,3.0,ttg,2.0,,FLVLSLRDP,,False,False,2.0,0.0,2.0,4.0,5.0,3.0,476.0,289.0,True,False,True,True,False,False,1.0,both,0.002372703935398649,0.0016771999466081678,2.4767801857585138e-05,2.935805673150883e-05,2.7005374069439818e-05,-2.6247564494119655,-2.7754151600937607,-4.606112535339159,-4.53227269462495,-4.568549802638725,L,synonymous,-1.1927497657953803,-1.0414625345792854,-0.045478256607936585,-0.00032414121148627295,-0.02290119890971143
512,ortho,tttttgtctttgtcttttagagatcca,1.0,ttg,1.0,,FLSLSFRDP,,False,False,5.0,2.0,4.0,217.0,303.0,149.0,570.0,485.0,True,False,True,True,False,False,1.0,both,0.0028412631159185505,0.002814678111089832,0.0013436532507739938,0.001779098237929435,0.001341266912115511,-2.546488546459967,-2.550571264248045,-2.871712792818592,-2.7498000704586643,-2.8724847889461134,L,synonymous,-0.19578063046335373,-0.1181025401315108,0.95149087872409,0.9230358532362883,0.9372633659801892
513,ortho,tttttgtctttgtcttttagagatcca,2.0,tct,2.0,,FLSLSFRDP,,False,False,5.0,2.0,4.0,217.0,303.0,149.0,570.0,485.0,True,False,True,True,False,False,1.0,both,0.0028412631159185505,0.002814678111089832,0.0013436532507739938,0.001779098237929435,0.001341266912115511,-2.546488546459967,-2.550571264248045,-2.871712792818592,-2.7498000704586643,-2.8724847889461134,S,non-synonymous,-0.19578063046335373,-0.1181025401315108,0.95149087872409,0.9230358532362883,0.9372633659801892
514,ortho,tttttgtctttgtcttttagagatcca,3.0,ttg,3.0,,FLSLSFRDP,,False,False,5.0,2.0,4.0,217.0,303.0,149.0,570.0,485.0,True,False,True,True,False,False,1.0,both,0.0028412631159185505,0.002814678111089832,0.0013436532507739938,0.001779098237929435,0.001341266912115511,-2.546488546459967,-2.550571264248045,-2.871712792818592,-2.7498000704586643,-2.8724847889461134,L,synonymous,-0.19578063046335373,-0.1181025401315108,0.95149087872409,0.9230358532362883,0.9372633659801892
515,ortho,tttttgtctttgtcttttagagatcca,5.0,ttt,4.0,,FLSLSFRDP,,False,False,5.0,2.0,4.0,217.0,303.0,149.0,570.0,485.0,True,False,True,True,False,False,1.0,both,0.0028412631159185505,0.002814678111089832,0.0013436532507739938,0.001779098237929435,0.001341266912115511,-2.546488546459967,-2.550571264248045,-2.871712792818592,-2.7498000704586643,-2.8724847889461134,F,non-synonymous,-0.19578063046335373,-0.1181025401315108,0.95149087872409,0.9230358532362883,0.9372633659801892
516,single,ttttttgttttatctttgagagatcca,1.0,ttt,1.0,,FFVLSLRDP,,False,False,1.0,1.0,1.0,12.0,26.0,22.0,2350.0,1827.0,True,False,True,True,False,False,1.0,both,0.011713979512997533,0.01060292146177551,7.430340557275542e-05,0.00015266189500384592,0.00019803940984255866,-1.9312955398607226,-1.9745744554977707,-4.128991280619497,-3.8162693509901513,-3.703248376536181,F,non-synonymous,-1.3229833338376786,-1.0917539960307892,-0.17571182465023494,-0.050615602662990034,-0.11316371365661249
517,WT,tttttagttttatctttgagagatcca,0.0,ttt,,,FLVLSLRDP,True,,,,0.0,,,,,,,,,,,,,1.0,,0.031697530094958,0.03013736789874123,0.0007182662538699691,0.00048147213039674477,0.00036907344561567753,,,,,,F,synonymous,-0.9901113769329327,-1.064982782918291,0.15716013225451098,-0.02384438955049184,0.06665787135200957
518,WT,tttttagttttatctttgagagatcca,1.0,tta,,,FLVLSLRDP,True,,,,0.0,,,,,,,,,,,,,1.0,,0.031697530094958,0.03013736789874123,0.0007182662538699691,0.00048147213039674477,0.00036907344561567753,,,,,,L,synonymous,-0.9901113769329327,-1.064982782918291,0.15716013225451098,-0.02384438955049184,0.06665787135200957
519,WT,tttttagttttatctttgagagatcca,2.0,gtt,,,FLVLSLRDP,True,,,,0.0,,,,,,,,,,,,,1.0,,0.031697530094958,0.03013736789874123,0.0007182662538699691,0.00048147213039674477,0.00036907344561567753,,,,,,V,synonymous,-0.9901113769329327,-1.064982782918291,0.15716013225451098,-0.02384438955049184,0.06665787135200957
520,WT,tttttagttttatctttgagagatcca,3.0,tta,,,FLVLSLRDP,True,,,,0.0,,,,,,,,,,,,,1.0,,0.031697530094958,0.03013736789874123,0.0007182662538699691,0.00048147213039674477,0.00036907344561567753,,,,,,L,synonymous,-0.9901113769329327,-1.064982782918291,0.15716013225451098,-0.02384438955049184,0.06665787135200957
521,WT,tttttagttttatctttgagagatcca,4.0,tct,,,FLVLSLRDP,True,,,,0.0,,,,,,,,,,,,,1.0,,0.031697530094958,0.03013736789874123,0.0007182662538699691,0.00048147213039674477,0.00036907344561567753,,,,,,S,synonymous,-0.9901113769329327,-1.064982782918291,0.15716013225451098,-0.02384438955049184,0.06665787135200957
522,WT,tttttagttttatctttgagagatcca,5.0,ttg,,,FLVLSLRDP,True,,,,0.0,,,,,,,,,,,,,1.0,,0.031697530094958,0.03013736789874123,0.0007182662538699691,0.00048147213039674477,0.00036907344561567753,,,,,,L,synonymous,-0.9901113769329327,-1.064982782918291,0.15716013225451098,-0.02384438955049184,0.06665787135200957
523,WT,tttttagttttatctttgagagatcca,6.0,aga,,,FLVLSLRDP,True,,,,0.0,,,,,,,,,,,,,1.0,,0.031697530094958,0.03013736789874123,0.0007182662538699691,0.00048147213039674477,0.00036907344561567753,,,,,,R,synonymous,-0.9901113769329327,-1.064982782918291,0.15716013225451098,-0.02384438955049184,0.06665787135200957
524,WT,tttttagttttatctttgagagatcca,7.0,gat,,,FLVLSLRDP,True,,,,0.0,,,,,,,,,,,,,1.0,,0.031697530094958,0.03013736789874123,0.0007182662538699691,0.00048147213039674477,0.00036907344561567753,,,,,,D,synonymous,-0.9901113769329327,-1.064982782918291,0.15716013225451098,-0.02384438955049184,0.06665787135200957
525,WT,tttttagttttatctttgagagatcca,8.0,cca,,,FLVLSLRDP,True,,,,0.0,,,,,,,,,,,,,1.0,,0.031697530094958,0.03013736789874123,0.0007182662538699691,0.00048147213039674477,0.00036907344561567753,,,,,,P,synonymous,-0.9901113769329327,-1.064982782918291,0.15716013225451098,-0.02384438955049184,0.06665787135200957
