,seq_type,nt_seq,aa_pos,alt_codons,mutated_codon,aa_seq,WT,STOP,STOP_readthrough,Nham_nt,Nham_aa,Nmut_codons,b1,b2,b3,input1,input2,barcode_valid,indel,constant_region,permitted,too_many_substitutions,mixed_substitutions,confidence_score,Location,input1_abundance,input2_abundance,b1_abundance,b2_abundance,b3_abundance
0,single,aatgatacctacttatggtacattattgtgaat,0.0,aat,1.0,NDTYLWYIIVN,,False,False,3.0,1.0,1.0,19.0,6.0,5.0,282.0,294.0,True,False,True,True,False,False,1.0,both,0.0008046268899458732,0.0008772296252976315,5.892916404328502e-05,2.057091135994295e-05,2.4430285736621977e-05
1,single,acggatacctacttatggtacattattgtgaat,0.0,acg,1.0,TDTYLWYIIVN,,False,False,2.0,1.0,1.0,51.0,14.0,11.0,4168.0,3687.0,True,False,True,True,False,False,1.0,both,0.011892499564873756,0.011001175607048868,0.0001581782824319756,4.799879317320022e-05,5.374662862056835e-05
2,single,agggatacctacttatggtacattattgtgaat,0.0,agg,1.0,RDTYLWYIIVN,,False,False,2.0,1.0,1.0,1.0,1.0,1.0,11.0,7.0,True,False,True,True,False,False,2.0,both,3.138615528157661e-05,2.0886419649943606e-05,3.10153494964658e-06,3.4284852266571585e-06,4.886057147324395e-06
3,single,agtgatacctacttatggtacattattgtgaat,0.0,agt,1.0,SDTYLWYIIVN,,False,False,3.0,1.0,1.0,2.0,3.0,1.0,591.0,535.0,True,False,True,True,False,False,1.0,both,0.001686292524673798,0.0015963192161028328,6.20306989929316e-06,1.0285455679971476e-05,4.886057147324395e-06
4,single,atggatacctacttatggtacattattgtgaat,0.0,atg,1.0,MDTYLWYIIVN,,False,False,1.0,1.0,1.0,58.0,139.0,105.0,621.0,647.0,True,False,True,True,False,False,1.0,both,0.0017718911299871888,0.0019305019305019305,0.00017988902707950164,0.000476559446505345,0.0005130360004690614
5,ortho,atggatattcaaatttggtatgctatttattct,0.0,atg,1.0,MDIQIWYAIYS,,False,False,15.0,7.0,8.0,12.0,5.0,9.0,57.0,92.0,True,False,True,True,False,False,1.0,both,0.00016263735009544244,0.00027450722968497314,3.721841939575896e-05,1.7142426133285793e-05,4.397451432591956e-05
6,ortho,atggatattcaaatttggtatgctatttattct,2.0,att,2.0,MDIQIWYAIYS,,False,False,15.0,7.0,8.0,12.0,5.0,9.0,57.0,92.0,True,False,True,True,False,False,1.0,both,0.00016263735009544244,0.00027450722968497314,3.721841939575896e-05,1.7142426133285793e-05,4.397451432591956e-05
7,ortho,atggatattcaaatttggtatgctatttattct,3.0,caa,3.0,MDIQIWYAIYS,,False,False,15.0,7.0,8.0,12.0,5.0,9.0,57.0,92.0,True,False,True,True,False,False,1.0,both,0.00016263735009544244,0.00027450722968497314,3.721841939575896e-05,1.7142426133285793e-05,4.397451432591956e-05
8,ortho,atggatattcaaatttggtatgctatttattct,4.0,att,4.0,MDIQIWYAIYS,,False,False,15.0,7.0,8.0,12.0,5.0,9.0,57.0,92.0,True,False,True,True,False,False,1.0,both,0.00016263735009544244,0.00027450722968497314,3.721841939575896e-05,1.7142426133285793e-05,4.397451432591956e-05
9,ortho,atggatattcaaatttggtatgctatttattct,6.0,tat,5.0,MDIQIWYAIYS,,False,False,15.0,7.0,8.0,12.0,5.0,9.0,57.0,92.0,True,False,True,True,False,False,1.0,both,0.00016263735009544244,0.00027450722968497314,3.721841939575896e-05,1.7142426133285793e-05,4.397451432591956e-05
10,ortho,atggatattcaaatttggtatgctatttattct,7.0,gct,6.0,MDIQIWYAIYS,,False,False,15.0,7.0,8.0,12.0,5.0,9.0,57.0,92.0,True,False,True,True,False,False,1.0,both,0.00016263735009544244,0.00027450722968497314,3.721841939575896e-05,1.7142426133285793e-05,4.397451432591956e-05
11,ortho,atggatattcaaatttggtatgctatttattct,9.0,tat,7.0,MDIQIWYAIYS,,False,False,15.0,7.0,8.0,12.0,5.0,9.0,57.0,92.0,True,False,True,True,False,False,1.0,both,0.00016263735009544244,0.00027450722968497314,3.721841939575896e-05,1.7142426133285793e-05,4.397451432591956e-05
12,ortho,atggatattcaaatttggtatgctatttattct,10.0,tct,8.0,MDIQIWYAIYS,,False,False,15.0,7.0,8.0,12.0,5.0,9.0,57.0,92.0,True,False,True,True,False,False,1.0,both,0.00016263735009544244,0.00027450722968497314,3.721841939575896e-05,1.7142426133285793e-05,4.397451432591956e-05
13,ortho,atggatttgcaaatttggtattctatttattct,0.0,atg,1.0,MDLQIWYSIYS,,False,False,16.0,7.0,8.0,13.0,1.0,2.0,43.0,51.0,True,False,True,True,False,False,1.0,both,0.00012269133428252676,0.0001521724860210177,4.031995434540554e-05,3.4284852266571585e-06,9.77211429464879e-06
14,ortho,atggatttgcaaatttggtattctatttattct,2.0,ttg,2.0,MDLQIWYSIYS,,False,False,16.0,7.0,8.0,13.0,1.0,2.0,43.0,51.0,True,False,True,True,False,False,1.0,both,0.00012269133428252676,0.0001521724860210177,4.031995434540554e-05,3.4284852266571585e-06,9.77211429464879e-06
15,ortho,atggatttgcaaatttggtattctatttattct,3.0,caa,3.0,MDLQIWYSIYS,,False,False,16.0,7.0,8.0,13.0,1.0,2.0,43.0,51.0,True,False,True,True,False,False,1.0,both,0.00012269133428252676,0.0001521724860210177,4.031995434540554e-05,3.4284852266571585e-06,9.77211429464879e-06
16,ortho,atggatttgcaaatttggtattctatttattct,4.0,att,4.0,MDLQIWYSIYS,,False,False,16.0,7.0,8.0,13.0,1.0,2.0,43.0,51.0,True,False,True,True,False,False,1.0,both,0.00012269133428252676,0.0001521724860210177,4.031995434540554e-05,3.4284852266571585e-06,9.77211429464879e-06
17,ortho,atggatttgcaaatttggtattctatttattct,6.0,tat,5.0,MDLQIWYSIYS,,False,False,16.0,7.0,8.0,13.0,1.0,2.0,43.0,51.0,True,False,True,True,False,False,1.0,both,0.00012269133428252676,0.0001521724860210177,4.031995434540554e-05,3.4284852266571585e-06,9.77211429464879e-06
18,ortho,atggatttgcaaatttggtattctatttattct,7.0,tct,6.0,MDLQIWYSIYS,,False,False,16.0,7.0,8.0,13.0,1.0,2.0,43.0,51.0,True,False,True,True,False,False,1.0,both,0.00012269133428252676,0.0001521724860210177,4.031995434540554e-05,3.4284852266571585e-06,9.77211429464879e-06
19,ortho,atggatttgcaaatttggtattctatttattct,9.0,tat,7.0,MDLQIWYSIYS,,False,False,16.0,7.0,8.0,13.0,1.0,2.0,43.0,51.0,True,False,True,True,False,False,1.0,both,0.00012269133428252676,0.0001521724860210177,4.031995434540554e-05,3.4284852266571585e-06,9.77211429464879e-06
20,ortho,atggatttgcaaatttggtattctatttattct,10.0,tct,8.0,MDLQIWYSIYS,,False,False,16.0,7.0,8.0,13.0,1.0,2.0,43.0,51.0,True,False,True,True,False,False,1.0,both,0.00012269133428252676,0.0001521724860210177,4.031995434540554e-05,3.4284852266571585e-06,9.77211429464879e-06
21,single,attgatacctacttatggtacattattgtgaat,0.0,att,1.0,IDTYLWYIIVN,,False,False,2.0,1.0,1.0,9.0,19.0,27.0,2153.0,2011.0,True,False,True,True,False,False,1.0,both,0.006143126574657677,0.006000369988005227,2.791381454681922e-05,6.514121930648601e-05,0.00013192354297775867
22,single,caggatacctacttatggtacattattgtgaat,0.0,cag,1.0,QDTYLWYIIVN,,False,False,2.0,1.0,1.0,1.0,1.0,1.0,7.0,4.0,True,False,True,True,False,False,2.0,both,1.9973007906457844e-05,1.1935096942824917e-05,3.10153494964658e-06,3.4284852266571585e-06,4.886057147324395e-06
23,single,catgatacctacttatggtacattattgtgaat,0.0,cat,1.0,HDTYLWYIIVN,,False,False,3.0,1.0,1.0,302.0,237.0,140.0,522.0,478.0,True,False,True,True,False,False,1.0,both,0.0014894157324529993,0.0014262440846675778,0.0009366635547932672,0.0008125509987177465,0.0006840480006254153
24,single,ccggatacctacttatggtacattattgtgaat,0.0,ccg,1.0,PDTYLWYIIVN,,False,False,2.0,1.0,1.0,4.0,41.0,23.0,643.0,566.0,True,False,True,True,False,False,1.0,both,0.001834663440550342,0.001688816217409726,1.240613979858632e-05,0.0001405678942929435,0.00011237931438846108
25,single,cctgatacctacttatggtacattattgtgaat,0.0,cct,1.0,PDTYLWYIIVN,,False,False,3.0,1.0,1.0,27.0,39.0,32.0,916.0,776.0,True,False,True,True,False,False,1.0,both,0.002613610748902198,0.002315408806908034,8.374144364045766e-05,0.00013371092383962916,0.00015635382871438065
26,single,ctggatacctacttatggtacattattgtgaat,0.0,ctg,1.0,LDTYLWYIIVN,,False,False,1.0,0.0,1.0,1.0,24.0,25.0,1078.0,917.0,True,False,True,True,False,False,1.0,both,0.003075843217594508,0.0027361209741426124,3.10153494964658e-06,8.22836454397718e-05,0.00012215142868310987
27,single,cttgatacctacttatggtacattattgtgaat,0.0,ctt,1.0,LDTYLWYIIVN,,False,False,2.0,0.0,1.0,1.0,2.0,1.0,10.0,1.0,True,False,True,True,False,False,2.0,both,2.853286843779692e-05,2.9837742357062293e-06,3.10153494964658e-06,6.856970453314317e-06,4.886057147324395e-06
28,single,gaggatacctacttatggtacattattgtgaat,0.0,gag,1.0,EDTYLWYIIVN,,False,False,2.0,1.0,1.0,1254.0,1523.0,1057.0,1863.0,1807.0,True,False,True,True,False,False,1.0,both,0.0053156733899615664,0.005391680043921157,0.0038893248268568113,0.005221583000198852,0.0051645624047218855
29,single,gcggatacctacttatggtacattattgtgaat,0.0,gcg,1.0,ADTYLWYIIVN,,False,False,2.0,1.0,1.0,1.0,3.0,3.0,323.0,303.0,True,False,True,True,False,False,1.0,both,0.0009216116505408405,0.0009040835934189875,3.10153494964658e-06,1.0285455679971476e-05,1.4658171441973185e-05
30,single,gctgatacctacttatggtacattattgtgaat,0.0,gct,1.0,ADTYLWYIIVN,,False,False,3.0,1.0,1.0,1.0,1.0,1.0,2.0,7.0,True,False,True,True,False,False,2.0,both,5.7065736875593844e-06,2.0886419649943606e-05,3.10153494964658e-06,3.4284852266571585e-06,4.886057147324395e-06
31,single,gtggatacctacttatggtacattattgtgaat,0.0,gtg,1.0,VDTYLWYIIVN,,False,False,1.0,1.0,1.0,1.0,1.0,1.0,8.0,1.0,True,False,True,True,False,False,2.0,both,2.2826294750237538e-05,2.9837742357062293e-06,3.10153494964658e-06,3.4284852266571585e-06,4.886057147324395e-06
32,single,gttgatacctacttatggtacattattgtgaat,0.0,gtt,1.0,VDTYLWYIIVN,,False,False,2.0,1.0,1.0,7.0,5.0,1.0,778.0,793.0,True,False,True,True,False,False,1.0,both,0.0022198571644606005,0.00236613296891504,2.1710744647526062e-05,1.7142426133285793e-05,4.886057147324395e-06
33,single,taggatacctacttatggtacattattgtgaat,0.0,tag,1.0,*DTYLWYIIVN,,True,False,1.0,1.0,1.0,16.0,14.0,3.0,545.0,497.0,True,False,True,True,False,False,1.0,both,0.0015550413298599322,0.001482935795145996,4.962455919434528e-05,4.799879317320022e-05,1.4658171441973185e-05
34,single,tatgatacctacttatggtacattattgtgaat,0.0,tat,1.0,YDTYLWYIIVN,,False,False,2.0,1.0,1.0,1.0,13.0,5.0,788.0,754.0,True,False,True,True,False,False,1.0,both,0.0022483900328983974,0.002249765773722497,3.10153494964658e-06,4.457030794654306e-05,2.4430285736621977e-05
35,single,tgtgatacctacttatggtacattattgtgaat,0.0,tgt,1.0,CDTYLWYIIVN,,False,False,2.0,1.0,1.0,1.0,10.0,1.0,358.0,359.0,True,False,True,True,False,False,1.0,both,0.0010214766900731298,0.0010711749506185364,3.10153494964658e-06,3.4284852266571585e-05,4.886057147324395e-06
36,single,ttgaagacctacttatggtacattattgtgaat,1.0,aag,1.0,LKTYLWYIIVN,,False,False,2.0,1.0,1.0,2.0,1.0,2.0,44.0,43.0,True,False,True,True,False,False,1.0,both,0.00012554462112630645,0.00012830229213536788,6.20306989929316e-06,3.4284852266571585e-06,9.77211429464879e-06
37,single,ttgaatacctacttatggtacattattgtgaat,1.0,aat,1.0,LNTYLWYIIVN,,False,False,1.0,1.0,1.0,82.0,161.0,161.0,1711.0,1593.0,True,False,True,True,False,False,1.0,both,0.004881973789707053,0.004753152357480024,0.0002543258658710196,0.0005519861214918025,0.0007866552007192276
38,single,ttgacgacctacttatggtacattattgtgaat,1.0,acg,1.0,LTTYLWYIIVN,,False,False,3.0,1.0,1.0,6.0,20.0,30.0,1069.0,1032.0,True,False,True,True,False,False,1.0,both,0.003050163636000491,0.003079255011248829,1.860920969787948e-05,6.856970453314317e-05,0.00014658171441973185
39,single,ttgaggacctacttatggtacattattgtgaat,1.0,agg,1.0,LRTYLWYIIVN,,False,False,3.0,1.0,1.0,4.0,11.0,1.0,415.0,370.0,True,False,True,True,False,False,1.0,both,0.0011841140401685722,0.001103996467211305,1.240613979858632e-05,3.771333749322874e-05,4.886057147324395e-06
40,single,ttgatgacctacttatggtacattattgtgaat,1.0,atg,1.0,LMTYLWYIIVN,,False,False,3.0,1.0,1.0,336.0,608.0,530.0,817.0,858.0,True,False,True,True,False,False,1.0,both,0.0023311353513680083,0.002560078294235945,0.001042115743081251,0.0020845190178075523,0.0025896102880819294
41,single,ttgattacctacttatggtacattattgtgaat,1.0,att,1.0,LITYLWYIIVN,,False,False,2.0,1.0,1.0,6489.0,4756.0,3426.0,2269.0,2285.0,True,False,True,True,False,False,1.0,both,0.006474107848536121,0.006817924128588735,0.020125860288256657,0.016305875737981444,0.016739631786733378
42,single,ttgcagacctacttatggtacattattgtgaat,1.0,cag,1.0,LQTYLWYIIVN,,False,False,2.0,1.0,1.0,1679.0,1193.0,845.0,440.0,429.0,True,False,True,True,False,False,1.0,both,0.0012554462112630645,0.0012800391471179725,0.005207477180456608,0.00409018287540199,0.004128718289489114
43,single,ttgcatacctacttatggtacattattgtgaat,1.0,cat,1.0,LHTYLWYIIVN,,False,False,1.0,1.0,1.0,1.0,2.0,1.0,4.0,3.0,True,False,True,True,False,False,3.0,both,1.1413147375118769e-05,8.951322707118688e-06,3.10153494964658e-06,6.856970453314317e-06,4.886057147324395e-06
44,single,ttgccgacctacttatggtacattattgtgaat,1.0,ccg,1.0,LPTYLWYIIVN,,False,False,3.0,1.0,1.0,118.0,49.0,53.0,503.0,526.0,True,False,True,True,False,False,1.0,both,0.001435203282421185,0.0015694652479814766,0.00036598112405829644,0.00016799577610620076,0.00025896102880819296
45,single,ttgcggacctacttatggtacattattgtgaat,1.0,cgg,1.0,LRTYLWYIIVN,,False,False,3.0,1.0,1.0,1.0,1.0,3.0,3.0,7.0,True,False,True,True,False,False,2.0,both,8.559860531339077e-06,2.0886419649943606e-05,3.10153494964658e-06,3.4284852266571585e-06,1.4658171441973185e-05
46,single,ttgcgtacctacttatggtacattattgtgaat,1.0,cgt,1.0,LRTYLWYIIVN,,False,False,2.0,1.0,1.0,1.0,4.0,1.0,10.0,19.0,True,False,True,True,False,False,2.0,both,2.853286843779692e-05,5.669171047841836e-05,3.10153494964658e-06,1.3713940906628634e-05,4.886057147324395e-06
47,single,ttgctgacctacttatggtacattattgtgaat,1.0,ctg,1.0,LLTYLWYIIVN,,False,False,3.0,1.0,1.0,2.0,1.0,1.0,6.0,4.0,True,False,True,True,False,False,2.0,both,1.7119721062678153e-05,1.1935096942824917e-05,6.20306989929316e-06,3.4284852266571585e-06,4.886057147324395e-06
48,single,ttgcttacctacttatggtacattattgtgaat,1.0,ctt,1.0,LLTYLWYIIVN,,False,False,2.0,1.0,1.0,748.0,426.0,351.0,315.0,285.0,True,False,True,True,False,False,1.0,both,0.000898785355790603,0.0008503756571762754,0.002319948142335642,0.0014605347065559495,0.0017150060587108626
49,single,ttggagacctacttatggtacattattgtgaat,1.0,gag,1.0,LETYLWYIIVN,,False,False,1.0,1.0,1.0,25.0,29.0,43.0,451.0,367.0,True,False,True,True,False,False,1.0,both,0.0012868323665446411,0.0010950451445041862,7.75383737411645e-05,9.942607157305759e-05,0.000210100457334949
50,single,ttggataagtacttatggtacattattgtgaat,2.0,aag,1.0,LDKYLWYIIVN,,False,False,2.0,1.0,1.0,1588.0,1158.0,904.0,513.0,512.0,True,False,True,True,False,False,1.0,both,0.001463736150858982,0.0015276924086815894,0.004925237500038769,0.0039701858924689895,0.004416995661181253
51,single,ttggataccaagttatggtacattattgtgaat,3.0,aag,1.0,LDTKLWYIIVN,,False,False,2.0,1.0,1.0,18.0,33.0,33.0,837.0,838.0,True,False,True,True,False,False,1.0,both,0.002388201088243602,0.0025004028095218203,5.582762909363844e-05,0.00011314001247968622,0.00016123988586170504
52,single,ttggataccaatttatggtacattattgtgaat,3.0,aat,1.0,LDTNLWYIIVN,,False,False,2.0,1.0,1.0,6.0,1.0,1.0,11.0,10.0,True,False,True,True,False,False,2.0,both,3.138615528157661e-05,2.9837742357062296e-05,1.860920969787948e-05,3.4284852266571585e-06,4.886057147324395e-06
53,single,ttggataccacgttatggtacattattgtgaat,3.0,acg,1.0,LDTTLWYIIVN,,False,False,3.0,1.0,1.0,1.0,1.0,2.0,9.0,1.0,True,False,True,True,False,False,2.0,both,2.567958159401723e-05,2.9837742357062293e-06,3.10153494964658e-06,3.4284852266571585e-06,9.77211429464879e-06
54,single,ttggataccactttatggtacattattgtgaat,3.0,act,1.0,LDTTLWYIIVN,,False,False,3.0,1.0,1.0,1.0,4.0,3.0,50.0,49.0,True,False,True,True,False,False,1.0,both,0.0001426643421889846,0.00014620493754960524,3.10153494964658e-06,1.3713940906628634e-05,1.4658171441973185e-05
55,single,ttggataccaggttatggtacattattgtgaat,3.0,agg,1.0,LDTRLWYIIVN,,False,False,3.0,1.0,1.0,42.0,57.0,36.0,1874.0,1811.0,True,False,True,True,False,False,1.0,both,0.005347059545243143,0.005403615140863982,0.00013026446788515637,0.00019542365791945802,0.00017589805730367823
56,single,ttggataccatgttatggtacattattgtgaat,3.0,atg,1.0,LDTMLWYIIVN,,False,False,3.0,1.0,1.0,995.0,1163.0,794.0,749.0,648.0,True,False,True,True,False,False,1.0,both,0.002137111845990989,0.0019334857047376367,0.003086027274898347,0.003987328318602275,0.0038795293749755697
57,single,ttggataccattttatggtacattattgtgaat,3.0,att,1.0,LDTILWYIIVN,,False,False,3.0,1.0,1.0,199.0,217.0,100.0,664.0,632.0,True,False,True,True,False,False,1.0,both,0.0018945824642697155,0.0018857453169663372,0.0006172054549796694,0.0007439812941846033,0.0004886057147324395
58,single,ttggatacccagttatggtacattattgtgaat,3.0,cag,1.0,LDTQLWYIIVN,,False,False,2.0,1.0,1.0,237.0,264.0,279.0,2219.0,2122.0,True,False,True,True,False,False,1.0,both,0.006331443506347137,0.006331568928168619,0.0007350637830662394,0.0009051200998374898,0.0013632099441035063
59,single,ttggatacccatttatggtacattattgtgaat,3.0,cat,1.0,LDTHLWYIIVN,,False,False,2.0,1.0,1.0,416.0,370.0,289.0,220.0,150.0,True,False,True,True,False,False,1.0,both,0.0006277231056315322,0.0004475661353559344,0.0012902385390529774,0.0012685395338631485,0.0014120705155767502
60,single,ttggataccccgttatggtacattattgtgaat,3.0,ccg,1.0,LDTPLWYIIVN,,False,False,3.0,1.0,1.0,211.0,155.0,166.0,986.0,806.0,True,False,True,True,False,False,1.0,both,0.0028133408279667764,0.002404922033979221,0.0006544238743754284,0.0005314152101318595,0.0008110854864558496
61,single,ttggatacccctttatggtacattattgtgaat,3.0,cct,1.0,LDTPLWYIIVN,,False,False,3.0,1.0,1.0,514.0,452.0,422.0,2615.0,2530.0,True,False,True,True,False,False,1.0,both,0.007461345096483895,0.007548948816336761,0.001594188964118342,0.0015496753224490355,0.0020619161161708945
62,single,ttggatacccggttatggtacattattgtgaat,3.0,cgg,1.0,LDTRLWYIIVN,,False,False,3.0,1.0,1.0,26.0,21.0,12.0,591.0,562.0,True,False,True,True,False,False,1.0,both,0.001686292524673798,0.001676881120466901,8.063990869081109e-05,7.199818975980032e-05,5.863268576789274e-05
63,single,ttggatacccgtttatggtacattattgtgaat,3.0,cgt,1.0,LDTRLWYIIVN,,False,False,3.0,1.0,1.0,21.0,36.0,26.0,1389.0,1252.0,True,False,True,True,False,False,1.0,both,0.003963215426009992,0.0037356853431041994,6.513223394257819e-05,0.0001234254681596577,0.00012703748583043427
64,single,ttggataccctgttatggtacattattgtgaat,3.0,ctg,1.0,LDTLLWYIIVN,,False,False,3.0,1.0,1.0,2078.0,1197.0,978.0,714.0,656.0,True,False,True,True,False,False,1.0,both,0.0020372468064587,0.0019573558986232865,0.0064449896253655934,0.004103896816308619,0.004778563890083258
65,single,ttggatacccttttatggtacattattgtgaat,3.0,ctt,1.0,LDTLLWYIIVN,,False,False,3.0,1.0,1.0,7375.0,5172.0,3781.0,2650.0,2415.0,True,False,True,True,False,False,1.0,both,0.007561210136016184,0.007205814779230544,0.02287382025364353,0.017732125592270824,0.01847418207403354
66,single,ttggataccgatttatggtacattattgtgaat,3.0,gat,1.0,LDTDLWYIIVN,,False,False,2.0,1.0,1.0,31.0,7.0,18.0,2217.0,2173.0,True,False,True,True,False,False,1.0,both,0.006325736932659577,0.006483741414189637,9.614758343904398e-05,2.399939658660011e-05,8.794902865183911e-05
67,single,ttggataccgcgttatggtacattattgtgaat,3.0,gcg,1.0,LDTALWYIIVN,,False,False,3.0,1.0,1.0,937.0,1277.0,894.0,1017.0,1035.0,True,False,True,True,False,False,1.0,both,0.002901792720123947,0.0030882063339559476,0.0029061382478188457,0.004378175634441191,0.004368135089708009
68,single,ttggataccgctttatggtacattattgtgaat,3.0,gct,1.0,LDTALWYIIVN,,False,False,3.0,1.0,1.0,2235.0,2706.0,2038.0,2324.0,2241.0,True,False,True,True,False,False,1.0,both,0.006631038624944004,0.006686638062217661,0.006931930612460106,0.009277481023334271,0.009957784466247118
69,single,ttggataccgggttatggtacattattgtgaat,3.0,ggg,1.0,LDTGLWYIIVN,,False,False,3.0,1.0,1.0,9933.0,7630.0,5088.0,1927.0,1805.0,True,False,True,True,False,False,1.0,both,0.005498283747963467,0.0053857124954497446,0.03080754665483948,0.026159342279394118,0.02486025876558652
70,single,ttggataccggtttatggtacattattgtgaat,3.0,ggt,1.0,LDTGLWYIIVN,,False,False,3.0,1.0,1.0,1.0,2.0,5.0,10.0,4.0,True,False,True,True,False,False,2.0,both,2.853286843779692e-05,1.1935096942824917e-05,3.10153494964658e-06,6.856970453314317e-06,2.4430285736621977e-05
71,single,ttggataccgtgttatggtacattattgtgaat,3.0,gtg,1.0,LDTVLWYIIVN,,False,False,3.0,1.0,1.0,677.0,537.0,400.0,562.0,536.0,True,False,True,True,False,False,1.0,both,0.0016035472062041868,0.001599302990338539,0.0020997391609107346,0.001841096566714894,0.001954422858929758
72,single,ttggataccgttttatggtacattattgtgaat,3.0,gtt,1.0,LDTVLWYIIVN,,False,False,3.0,1.0,1.0,2592.0,2005.0,1677.0,1624.0,1343.0,True,False,True,True,False,False,1.0,both,0.00463373783429822,0.004007208798553466,0.008039178589483935,0.006874112879447602,0.00819391783606301
73,single,ttggatacctacaattggtacattattgtgaat,4.0,aat,1.0,LDTYNWYIIVN,,False,False,3.0,1.0,1.0,766.0,802.0,685.0,1103.0,1083.0,True,False,True,True,False,False,1.0,both,0.003147175388689,0.0032314274972698467,0.0023757757714292804,0.002749645151779041,0.0033469491459172107
74,single,ttggatacctacacgtggtacattattgtgaat,4.0,acg,1.0,LDTYTWYIIVN,,False,False,3.0,1.0,1.0,6.0,29.0,9.0,778.0,720.0,True,False,True,True,False,False,1.0,both,0.0022198571644606005,0.002148317449708485,1.860920969787948e-05,9.942607157305759e-05,4.397451432591956e-05
75,single,ttggatacctacaggtggtacattattgtgaat,4.0,agg,1.0,LDTYRWYIIVN,,False,False,3.0,1.0,1.0,13.0,8.0,8.0,725.0,735.0,True,False,True,True,False,False,1.0,both,0.0020686329617402768,0.0021930740632440785,4.031995434540554e-05,2.7427881813257268e-05,3.908845717859516e-05
76,single,ttggatacctacagttggtacattattgtgaat,4.0,agt,1.0,LDTYSWYIIVN,,False,False,3.0,1.0,1.0,4.0,26.0,12.0,1500.0,1438.0,True,False,True,True,False,False,1.0,both,0.004279930265669538,0.004290667350945558,1.240613979858632e-05,8.914061589308611e-05,5.863268576789274e-05
77,single,ttggatacctacatgtggtacattattgtgaat,4.0,atg,1.0,LDTYMWYIIVN,,False,False,2.0,1.0,1.0,19.0,6.0,1.0,1565.0,1648.0,True,False,True,True,False,False,1.0,both,0.004465393910515218,0.004917259940443866,5.892916404328502e-05,2.057091135994295e-05,4.886057147324395e-06
78,single,ttggatacctacatttggtacattattgtgaat,4.0,att,1.0,LDTYIWYIIVN,,False,False,2.0,1.0,1.0,168.0,393.0,252.0,368.0,314.0,True,False,True,True,False,False,1.0,both,0.0010500095585109267,0.000936905110011756,0.0005210578715406255,0.0013473946940762633,0.0012312864011257475
79,single,ttggatacctaccagtggtacattattgtgaat,4.0,cag,1.0,LDTYQWYIIVN,,False,False,3.0,1.0,1.0,37.0,77.0,62.0,439.0,363.0,True,False,True,True,False,False,1.0,both,0.001252592924419285,0.0010831100475613613,0.00011475679313692346,0.0002639933624526012,0.0003029355431341125
80,single,ttggatacctaccattggtacattattgtgaat,4.0,cat,1.0,LDTYHWYIIVN,,False,False,3.0,1.0,1.0,35.0,28.0,38.0,2538.0,2254.0,True,False,True,True,False,False,1.0,both,0.007241642009512858,0.006725427127281841,0.00010855372323763031,9.599758634640044e-05,0.00018567017159832702
81,single,ttggatacctacccgtggtacattattgtgaat,4.0,ccg,1.0,LDTYPWYIIVN,,False,False,3.0,1.0,1.0,1.0,1.0,1.0,2.0,4.0,True,False,True,True,False,False,3.0,both,5.7065736875593844e-06,1.1935096942824917e-05,3.10153494964658e-06,3.4284852266571585e-06,4.886057147324395e-06
82,single,ttggatacctaccggtggtacattattgtgaat,4.0,cgg,1.0,LDTYRWYIIVN,,False,False,3.0,1.0,1.0,12.0,3.0,1.0,182.0,227.0,True,False,True,True,False,False,1.0,both,0.0005192982055679039,0.0006773167515053141,3.721841939575896e-05,1.0285455679971476e-05,4.886057147324395e-06
83,single,ttggatacctaccgttggtacattattgtgaat,4.0,cgt,1.0,LDTYRWYIIVN,,False,False,3.0,1.0,1.0,21.0,1.0,1.0,1.0,5.0,True,False,True,True,False,False,2.0,both,2.8532868437796922e-06,1.4918871178531148e-05,6.513223394257819e-05,3.4284852266571585e-06,4.886057147324395e-06
84,single,ttggatacctacctgtggtacattattgtgaat,4.0,ctg,1.0,LDTYLWYIIVN,,False,False,2.0,0.0,1.0,20.0,27.0,21.0,822.0,776.0,True,False,True,True,False,False,1.0,both,0.0023454017855869067,0.002315408806908034,6.20306989929316e-05,9.256910111974328e-05,0.0001026072000938123
85,single,ttggatacctacctttggtacattattgtgaat,4.0,ctt,1.0,LDTYLWYIIVN,,False,False,2.0,0.0,1.0,36.0,39.0,19.0,1431.0,1392.0,True,False,True,True,False,False,1.0,both,0.004083053473448739,0.004153413736103072,0.00011165525818727688,0.00013371092383962916,9.283508579916351e-05
86,single,ttggatacctacgagtggtacattattgtgaat,4.0,gag,1.0,LDTYEWYIIVN,,False,False,3.0,1.0,1.0,60.0,34.0,37.0,1499.0,1438.0,True,False,True,True,False,False,1.0,both,0.004277076978825759,0.004290667350945558,0.0001860920969787948,0.00011656849770634338,0.00018078411445100263
87,single,ttggatacctacgattggtacattattgtgaat,4.0,gat,1.0,LDTYDWYIIVN,,False,False,3.0,1.0,1.0,233.0,167.0,149.0,894.0,877.0,True,False,True,True,False,False,1.0,both,0.0025508384383390445,0.0026167700047143635,0.0007226576432676532,0.0005725570328517454,0.0007280225149513349
88,single,ttggatacctacgcgtggtacattattgtgaat,4.0,gcg,1.0,LDTYAWYIIVN,,False,False,3.0,1.0,1.0,759.0,1392.0,864.0,1096.0,1014.0,True,False,True,True,False,False,1.0,both,0.0031272023807825426,0.0030255470750061167,0.002354065026781754,0.004772451435506765,0.004221553375288277
89,single,ttggatacctacgcttggtacattattgtgaat,4.0,gct,1.0,LDTYAWYIIVN,,False,False,3.0,1.0,1.0,863.0,1200.0,879.0,1130.0,1036.0,True,False,True,True,False,False,1.0,both,0.003224214133471052,0.0030911901081916537,0.0026766246615449987,0.00411418227198859,0.004294844232498143
90,single,ttggatacctacgggtggtacattattgtgaat,4.0,ggg,1.0,LDTYGWYIIVN,,False,False,3.0,1.0,1.0,1.0,1.0,1.0,6.0,6.0,True,False,True,True,False,False,2.0,both,1.7119721062678153e-05,1.7902645414237377e-05,3.10153494964658e-06,3.4284852266571585e-06,4.886057147324395e-06
91,single,ttggatacctacggttggtacattattgtgaat,4.0,ggt,1.0,LDTYGWYIIVN,,False,False,3.0,1.0,1.0,1.0,1.0,7.0,6.0,3.0,True,False,True,True,False,False,2.0,both,1.7119721062678153e-05,8.951322707118688e-06,3.10153494964658e-06,3.4284852266571585e-06,3.4202400031270765e-05
92,single,ttggatacctacgtgtggtacattattgtgaat,4.0,gtg,1.0,LDTYVWYIIVN,,False,False,2.0,1.0,1.0,154.0,267.0,265.0,1079.0,959.0,True,False,True,True,False,False,1.0,both,0.0030786965044382877,0.002861439492042274,0.00047763638224557333,0.0009154055555174612,0.0012948051440409647
93,single,ttggatacctacgtttggtacattattgtgaat,4.0,gtt,1.0,LDTYVWYIIVN,,False,False,2.0,1.0,1.0,279.0,354.0,315.0,1513.0,1430.0,True,False,True,True,False,False,1.0,both,0.004317022994638674,0.004266797157059909,0.0008653282509513958,0.0012136837702366341,0.0015391080014071845
94,single,ttggatacctactagtggtacattattgtgaat,4.0,tag,1.0,LDTY*WYIIVN,,True,False,2.0,1.0,1.0,1.0,2.0,1.0,64.0,69.0,True,False,True,True,False,False,1.0,both,0.0001826103580019003,0.00020588042226372984,3.10153494964658e-06,6.856970453314317e-06,4.886057147324395e-06
95,single,ttggatacctactattggtacattattgtgaat,4.0,tat,1.0,LDTYYWYIIVN,,False,False,2.0,1.0,1.0,3.0,3.0,4.0,131.0,145.0,True,False,True,True,False,False,1.0,both,0.00037378057653513966,0.0004326472641774033,9.30460484893974e-06,1.0285455679971476e-05,1.954422858929758e-05
96,single,ttggatacctactcgtggtacattattgtgaat,4.0,tcg,1.0,LDTYSWYIIVN,,False,False,2.0,1.0,1.0,6.0,19.0,12.0,716.0,685.0,True,False,True,True,False,False,1.0,both,0.0020429533801462597,0.002043885351458767,1.860920969787948e-05,6.514121930648601e-05,5.863268576789274e-05
97,single,ttggatacctactcttggtacattattgtgaat,4.0,tct,1.0,LDTYSWYIIVN,,False,False,2.0,1.0,1.0,11.0,6.0,18.0,1001.0,973.0,True,False,True,True,False,False,1.0,both,0.0028561401306234717,0.0029032123313421612,3.411688444611238e-05,2.057091135994295e-05,8.794902865183911e-05
98,single,ttggatacctactggtggtacattattgtgaat,4.0,tgg,1.0,LDTYWWYIIVN,,False,False,2.0,1.0,1.0,37.0,6.0,20.0,1923.0,1709.0,True,False,True,True,False,False,1.0,both,0.005486870600588348,0.005099270168821946,0.00011475679313692346,2.057091135994295e-05,9.772114294648791e-05
99,single,ttggatacctactgttggtacattattgtgaat,4.0,tgt,1.0,LDTYCWYIIVN,,False,False,2.0,1.0,1.0,26.0,54.0,45.0,591.0,583.0,True,False,True,True,False,False,1.0,both,0.001686292524673798,0.001739540379416732,8.063990869081109e-05,0.00018513820223948655,0.00021987257162959777
100,single,ttggatacctacttaaagtacattattgtgaat,5.0,aag,1.0,LDTYLKYIIVN,,False,False,2.0,1.0,1.0,1.0,1.0,5.0,485.0,454.0,True,False,True,True,False,False,1.0,both,0.0013838441192331507,0.0013546335030106282,3.10153494964658e-06,3.4284852266571585e-06,2.4430285736621977e-05
101,single,ttggatacctacttaacttacattattgtgaat,5.0,act,1.0,LDTYLTYIIVN,,False,False,3.0,1.0,1.0,8.0,3.0,6.0,2103.0,1762.0,True,False,True,True,False,False,1.0,both,0.0060004622324686925,0.005257410203314376,2.481227959717264e-05,1.0285455679971476e-05,2.931634288394637e-05
102,single,ttggatacctacttaaggtacattattgtgaat,5.0,agg,1.0,LDTYLRYIIVN,,False,False,1.0,1.0,1.0,13.0,12.0,23.0,694.0,631.0,True,False,True,True,False,False,1.0,both,0.0019801810695831063,0.0018827615427306308,4.031995434540554e-05,4.11418227198859e-05,0.00011237931438846108
103,single,ttggatacctacttaagttacattattgtgaat,5.0,agt,1.0,LDTYLSYIIVN,,False,False,2.0,1.0,1.0,2.0,15.0,9.0,1902.0,1762.0,True,False,True,True,False,False,1.0,both,0.005426951576868975,0.005257410203314376,6.20306989929316e-06,5.1427278399857374e-05,4.397451432591956e-05
104,single,ttggatacctacttaatgtacattattgtgaat,5.0,atg,1.0,LDTYLMYIIVN,,False,False,2.0,1.0,1.0,4678.0,3903.0,2052.0,1131.0,1176.0,True,False,True,True,False,False,1.0,both,0.0032270674203148317,0.003508918501190526,0.014508980494446702,0.01338137783964289,0.010026189266309658
105,single,ttggatacctacttaatttacattattgtgaat,5.0,att,1.0,LDTYLIYIIVN,,False,False,3.0,1.0,1.0,1.0,9.0,1.0,6.0,4.0,True,False,True,True,False,False,2.0,both,1.7119721062678153e-05,1.1935096942824917e-05,3.10153494964658e-06,3.085636703991442e-05,4.886057147324395e-06
106,single,ttggatacctacttacagtacattattgtgaat,5.0,cag,1.0,LDTYLQYIIVN,,False,False,2.0,1.0,1.0,8.0,55.0,28.0,1229.0,1275.0,True,False,True,True,False,False,1.0,both,0.0035066895310052414,0.0038043121505254426,2.481227959717264e-05,0.0001885666874661437,0.00013680960012508306
107,single,ttggatacctacttacattacattattgtgaat,5.0,cat,1.0,LDTYLHYIIVN,,False,False,3.0,1.0,1.0,15.0,4.0,2.0,1261.0,1190.0,True,False,True,True,False,False,1.0,both,0.0035979947100061916,0.003550691340490413,4.65230242446987e-05,1.3713940906628634e-05,9.77211429464879e-06
108,single,ttggatacctacttaccgtacattattgtgaat,5.0,ccg,1.0,LDTYLPYIIVN,,False,False,2.0,1.0,1.0,1.0,7.0,1.0,818.0,825.0,True,False,True,True,False,False,1.0,both,0.002333988638211788,0.0024616137444576393,3.10153494964658e-06,2.399939658660011e-05,4.886057147324395e-06
109,single,ttggatacctacttacggtacattattgtgaat,5.0,cgg,1.0,LDTYLRYIIVN,,False,False,1.0,1.0,1.0,9.0,3.0,1.0,428.0,371.0,True,False,True,True,False,False,1.0,both,0.0012212067691377082,0.001106980241447011,2.791381454681922e-05,1.0285455679971476e-05,4.886057147324395e-06
110,single,ttggatacctacttacgttacattattgtgaat,5.0,cgt,1.0,LDTYLRYIIVN,,False,False,2.0,1.0,1.0,19.0,1.0,1.0,88.0,66.0,True,False,True,True,False,False,1.0,both,0.0002510892422526129,0.00019692909955661115,5.892916404328502e-05,3.4284852266571585e-06,4.886057147324395e-06
111,single,ttggatacctacttactgtacattattgtgaat,5.0,ctg,1.0,LDTYLLYIIVN,,False,False,2.0,1.0,1.0,1.0,1.0,1.0,5.0,3.0,True,False,True,True,False,False,2.0,both,1.426643421889846e-05,8.951322707118688e-06,3.10153494964658e-06,3.4284852266571585e-06,4.886057147324395e-06
112,single,ttggatacctacttactttacattattgtgaat,5.0,ctt,1.0,LDTYLLYIIVN,,False,False,3.0,1.0,1.0,3987.0,2417.0,1640.0,1076.0,970.0,True,False,True,True,False,False,1.0,both,0.003070136643906949,0.0028942610086350427,0.012365819844240915,0.008286648792830352,0.008013133721612008
113,single,ttggatacctacttagagtacattattgtgaat,5.0,gag,1.0,LDTYLEYIIVN,,False,False,2.0,1.0,1.0,1.0,1.0,1.0,21.0,16.0,True,False,True,True,False,False,1.0,both,5.991902371937353e-05,4.774038777129967e-05,3.10153494964658e-06,3.4284852266571585e-06,4.886057147324395e-06
114,single,ttggatacctacttagattacattattgtgaat,5.0,gat,1.0,LDTYLDYIIVN,,False,False,3.0,1.0,1.0,3.0,1.0,2.0,1.0,6.0,True,False,True,True,False,False,2.0,both,2.8532868437796922e-06,1.7902645414237377e-05,9.30460484893974e-06,3.4284852266571585e-06,9.77211429464879e-06
115,single,ttggatacctacttagcgtacattattgtgaat,5.0,gcg,1.0,LDTYLAYIIVN,,False,False,2.0,1.0,1.0,7.0,1.0,1.0,189.0,227.0,True,False,True,True,False,False,1.0,both,0.0005392712134743618,0.0006773167515053141,2.1710744647526062e-05,3.4284852266571585e-06,4.886057147324395e-06
116,single,ttggatacctacttagcttacattattgtgaat,5.0,gct,1.0,LDTYLAYIIVN,,False,False,3.0,1.0,1.0,3.0,1.0,4.0,1754.0,1720.0,True,False,True,True,False,False,1.0,both,0.00500466512398958,0.005132091685414715,9.30460484893974e-06,3.4284852266571585e-06,1.954422858929758e-05
117,single,ttggatacctacttagggtacattattgtgaat,5.0,ggg,1.0,LDTYLGYIIVN,,False,False,1.0,1.0,1.0,6.0,2.0,6.0,878.0,735.0,True,False,True,True,False,False,1.0,both,0.00250518584883857,0.0021930740632440785,1.860920969787948e-05,6.856970453314317e-06,2.931634288394637e-05
118,single,ttggatacctacttaggttacattattgtgaat,5.0,ggt,1.0,LDTYLGYIIVN,,False,False,2.0,1.0,1.0,4.0,14.0,15.0,1449.0,1428.0,True,False,True,True,False,False,1.0,both,0.004134412636636773,0.004260829608588495,1.240613979858632e-05,4.799879317320022e-05,7.329085720986593e-05
119,single,ttggatacctacttagtgtacattattgtgaat,5.0,gtg,1.0,LDTYLVYIIVN,,False,False,2.0,1.0,1.0,37.0,51.0,54.0,3588.0,3228.0,True,False,True,True,False,False,1.0,both,0.010237593195481535,0.00963162323285971,0.00011475679313692346,0.00017485274655951508,0.00026384708595551733
120,single,ttggatacctacttagtttacattattgtgaat,5.0,gtt,1.0,LDTYLVYIIVN,,False,False,3.0,1.0,1.0,11.0,9.0,32.0,802.0,741.0,True,False,True,True,False,False,1.0,both,0.002288336048711313,0.002210976708658316,3.411688444611238e-05,3.085636703991442e-05,0.00015635382871438065
121,single,ttggatacctacttatagtacattattgtgaat,5.0,tag,1.0,LDTYL*YIIVN,,True,False,1.0,1.0,1.0,1.0,1.0,1.0,5.0,2.0,True,False,True,True,False,False,2.0,both,1.426643421889846e-05,5.967548471412459e-06,3.10153494964658e-06,3.4284852266571585e-06,4.886057147324395e-06
122,single,ttggatacctacttatattacattattgtgaat,5.0,tat,1.0,LDTYLYYIIVN,,False,False,2.0,1.0,1.0,1077.0,1236.0,639.0,1000.0,997.0,True,False,True,True,False,False,1.0,both,0.002853286843779692,0.002974822912999111,0.0033403531407693665,0.004237607740148247,0.0031221905171402884
123,single,ttggatacctacttatcgtacattattgtgaat,5.0,tcg,1.0,LDTYLSYIIVN,,False,False,1.0,1.0,1.0,13.0,6.0,5.0,1390.0,1339.0,True,False,True,True,False,False,1.0,both,0.003966068712853772,0.003995273701610642,4.031995434540554e-05,2.057091135994295e-05,2.4430285736621977e-05
124,single,ttggatacctacttatcttacattattgtgaat,5.0,tct,1.0,LDTYLSYIIVN,,False,False,2.0,1.0,1.0,1.0,11.0,4.0,1015.0,905.0,True,False,True,True,False,False,1.0,both,0.0028960861464363873,0.002700315683314138,3.10153494964658e-06,3.771333749322874e-05,1.954422858929758e-05
125,single,ttggatacctacttatggaagattattgtgaat,6.0,aag,1.0,LDTYLWKIIVN,,False,False,2.0,1.0,1.0,58.0,129.0,86.0,1167.0,1151.0,True,False,True,True,False,False,1.0,both,0.0033297857466909006,0.00343432414529787,0.00017988902707950164,0.0004422745942387734,0.000420200914669898
126,single,ttggatacctacttatggaatattattgtgaat,6.0,aat,1.0,LDTYLWNIIVN,,False,False,2.0,1.0,1.0,1983.0,2431.0,1533.0,1098.0,1060.0,True,False,True,True,False,False,1.0,both,0.0031329089544701017,0.0031628006898486035,0.006150343805149169,0.008334647586003552,0.007490325606848298
127,single,ttggatacctacttatggacgattattgtgaat,6.0,acg,1.0,LDTYLWTIIVN,,False,False,3.0,1.0,1.0,28.0,57.0,25.0,2491.0,2381.0,True,False,True,True,False,False,1.0,both,0.007107537527855213,0.007104366455216533,8.684297859010425e-05,0.00019542365791945802,0.00012215142868310987
128,single,ttggatacctacttatggactattattgtgaat,6.0,act,1.0,LDTYLWTIIVN,,False,False,3.0,1.0,1.0,8.0,5.0,6.0,414.0,333.0,True,False,True,True,False,False,1.0,both,0.0011812607533247925,0.0009935968204901745,2.481227959717264e-05,1.7142426133285793e-05,2.931634288394637e-05
129,single,ttggatacctacttatggaggattattgtgaat,6.0,agg,1.0,LDTYLWRIIVN,,False,False,3.0,1.0,1.0,825.0,549.0,481.0,2304.0,2294.0,True,False,True,True,False,False,1.0,both,0.0065739728880684105,0.006844778096710091,0.0025587663334584285,0.0018822383894347798,0.0023501934878630342
130,single,ttggatacctacttatggagtattattgtgaat,6.0,agt,1.0,LDTYLWSIIVN,,False,False,3.0,1.0,1.0,13.0,1.0,1.0,5.0,1.0,True,False,True,True,False,False,2.0,both,1.426643421889846e-05,2.9837742357062293e-06,4.031995434540554e-05,3.4284852266571585e-06,4.886057147324395e-06
131,single,ttggatacctacttatggatgattattgtgaat,6.0,atg,1.0,LDTYLWMIIVN,,False,False,3.0,1.0,1.0,1411.0,1809.0,1359.0,936.0,878.0,True,False,True,True,False,False,1.0,both,0.0026706764857777916,0.0026197537789500696,0.004376265813951325,0.006202129775022799,0.006640151663213853
132,single,ttggatacctacttatggattattattgtgaat,6.0,att,1.0,LDTYLWIIIVN,,False,False,3.0,1.0,1.0,1.0,3.0,4.0,68.0,60.0,True,False,True,True,False,False,1.0,both,0.00019402350537701905,0.00017902645414237376,3.10153494964658e-06,1.0285455679971476e-05,1.954422858929758e-05
133,single,ttggatacctacttatggcagattattgtgaat,6.0,cag,1.0,LDTYLWQIIVN,,False,False,2.0,1.0,1.0,1.0,1.0,1.0,10.0,12.0,True,False,True,True,False,False,2.0,both,2.853286843779692e-05,3.5805290828474754e-05,3.10153494964658e-06,3.4284852266571585e-06,4.886057147324395e-06
134,single,ttggatacctacttatggcatattattgtgaat,6.0,cat,1.0,LDTYLWHIIVN,,False,False,2.0,1.0,1.0,597.0,1060.0,825.0,1062.0,1064.0,True,False,True,True,False,False,1.0,both,0.003030190628094033,0.003174735786791428,0.0018516163649390084,0.003634194340256588,0.004030997146542626
135,single,ttggatacctacttatggccgattattgtgaat,6.0,ccg,1.0,LDTYLWPIIVN,,False,False,3.0,1.0,1.0,1.0,5.0,2.0,10.0,4.0,True,False,True,True,False,False,2.0,both,2.853286843779692e-05,1.1935096942824917e-05,3.10153494964658e-06,1.7142426133285793e-05,9.77211429464879e-06
136,single,ttggatacctacttatggcctattattgtgaat,6.0,cct,1.0,LDTYLWPIIVN,,False,False,3.0,1.0,1.0,9.0,4.0,5.0,252.0,224.0,True,False,True,True,False,False,1.0,both,0.0007190282846324824,0.0006683654287981954,2.791381454681922e-05,1.3713940906628634e-05,2.4430285736621977e-05
137,single,ttggatacctacttatggcggattattgtgaat,6.0,cgg,1.0,LDTYLWRIIVN,,False,False,3.0,1.0,1.0,661.0,485.0,425.0,2173.0,1950.0,True,False,True,True,False,False,1.0,both,0.006200192311533271,0.005818359759627147,0.0020501146017163894,0.0016628153349287217,0.002076574287612868
138,single,ttggatacctacttatggcgtattattgtgaat,6.0,cgt,1.0,LDTYLWRIIVN,,False,False,3.0,1.0,1.0,1.0,1.0,4.0,8.0,6.0,True,False,True,True,False,False,2.0,both,2.2826294750237538e-05,1.7902645414237377e-05,3.10153494964658e-06,3.4284852266571585e-06,1.954422858929758e-05
139,single,ttggatacctacttatggctgattattgtgaat,6.0,ctg,1.0,LDTYLWLIIVN,,False,False,3.0,1.0,1.0,886.0,1123.0,782.0,392.0,386.0,True,False,True,True,False,False,1.0,both,0.0011184884427616394,0.0011517368549826047,0.00274795996538687,0.0038501889095359887,0.003820896689207677
140,single,ttggatacctacttatggcttattattgtgaat,6.0,ctt,1.0,LDTYLWLIIVN,,False,False,3.0,1.0,1.0,2693.0,2935.0,2043.0,1170.0,987.0,True,False,True,True,False,False,1.0,both,0.0033383456072222394,0.0029449851706420485,0.00835243361939824,0.01006260414023876,0.009982214751983739
141,single,ttggatacctacttatgggagattattgtgaat,6.0,gag,1.0,LDTYLWEIIVN,,False,False,2.0,1.0,1.0,27.0,46.0,60.0,1606.0,1642.0,True,False,True,True,False,False,1.0,both,0.0045823786711101855,0.004899357295029629,8.374144364045766e-05,0.00015771032042622928,0.0002931634288394637
142,single,ttggatacctacttatgggatattattgtgaat,6.0,gat,1.0,LDTYLWDIIVN,,False,False,2.0,1.0,1.0,285.0,291.0,240.0,262.0,239.0,True,False,True,True,False,False,1.0,both,0.0007475611530702793,0.0007131220423337889,0.0008839374606492753,0.000997689200957233,0.0011726537153578548
143,single,ttggatacctacttatgggcgattattgtgaat,6.0,gcg,1.0,LDTYLWAIIVN,,False,False,3.0,1.0,1.0,1.0,1.0,1.0,7.0,4.0,True,False,True,True,False,False,2.0,both,1.9973007906457844e-05,1.1935096942824917e-05,3.10153494964658e-06,3.4284852266571585e-06,4.886057147324395e-06
144,single,ttggatacctacttatgggctattattgtgaat,6.0,gct,1.0,LDTYLWAIIVN,,False,False,3.0,1.0,1.0,32.0,72.0,47.0,1161.0,1053.0,True,False,True,True,False,False,1.0,both,0.0033126660256282223,0.00314191427019866,9.924911838869056e-05,0.0002468509363193154,0.00022964468592424656
145,single,ttggatacctacttatgggggattattgtgaat,6.0,ggg,1.0,LDTYLWGIIVN,,False,False,3.0,1.0,1.0,49.0,77.0,56.0,501.0,483.0,True,False,True,True,False,False,1.0,both,0.0014294967087336258,0.0014411629558461088,0.00015197521253268242,0.0002639933624526012,0.0002736192002501661
146,single,ttggatacctacttatggggtattattgtgaat,6.0,ggt,1.0,LDTYLWGIIVN,,False,False,3.0,1.0,1.0,338.0,595.0,533.0,4105.0,3865.0,True,False,True,True,False,False,1.0,both,0.011712742493715636,0.011532287421004577,0.0010483188129805441,0.002039948709861009,0.0026042684595239027
147,single,ttggatacctacttatgggtgattattgtgaat,6.0,gtg,1.0,LDTYLWVIIVN,,False,False,3.0,1.0,1.0,16.0,19.0,15.0,1408.0,1250.0,True,False,True,True,False,False,1.0,both,0.0040174278760418064,0.003729717794632787,4.962455919434528e-05,6.514121930648601e-05,7.329085720986593e-05
148,single,ttggatacctacttatgggttattattgtgaat,6.0,gtt,1.0,LDTYLWVIIVN,,False,False,3.0,1.0,1.0,10.0,2.0,5.0,648.0,569.0,True,False,True,True,False,False,1.0,both,0.0018489298747692404,0.0016977675401168447,3.10153494964658e-05,6.856970453314317e-06,2.4430285736621977e-05
149,single,ttggatacctacttatggtacaatattgtgaat,7.0,aat,1.0,LDTYLWYNIVN,,False,False,1.0,1.0,1.0,30411.0,23525.0,14781.0,2459.0,2285.0,True,False,True,True,False,False,1.0,both,0.007016232348854263,0.006817924128588735,0.09432077935370214,0.08065511495710966,0.07222081069460189
150,single,ttggatacctacttatggtacacgattgtgaat,7.0,acg,1.0,LDTYLWYTIVN,,False,False,2.0,1.0,1.0,15614.0,12535.0,8025.0,1836.0,1802.0,True,False,True,True,False,False,1.0,both,0.005238634645179515,0.005376761172742626,0.0484273667037817,0.04297606231614748,0.03921060860727827
151,single,ttggatacctacttatggtacaggattgtgaat,7.0,agg,1.0,LDTYLWYRIVN,,False,False,2.0,1.0,1.0,1403.0,1049.0,685.0,867.0,749.0,True,False,True,True,False,False,1.0,both,0.002473799693556993,0.0022348469025439657,0.004351453534354152,0.003596481002763359,0.0033469491459172107
152,single,ttggatacctacttatggtacagtattgtgaat,7.0,agt,1.0,LDTYLWYSIVN,,False,False,1.0,1.0,1.0,4863.0,4871.0,3490.0,1277.0,1283.0,True,False,True,True,False,False,1.0,both,0.0036436472995066667,0.0038281823444110924,0.015082764460131319,0.01670015153904702,0.017052339444162137
153,single,ttggatacctacttatggtacatgattgtgaat,7.0,atg,1.0,LDTYLWYMIVN,,False,False,1.0,1.0,1.0,19.0,6.0,7.0,3.0,6.0,True,False,True,True,False,False,2.0,both,8.559860531339077e-06,1.7902645414237377e-05,5.892916404328502e-05,2.057091135994295e-05,3.4202400031270765e-05
154,single,ttggatacctacttatggtacattaatgtgaat,8.0,aat,1.0,LDTYLWYINVN,,False,False,1.0,1.0,1.0,9.0,3.0,6.0,857.0,774.0,True,False,True,True,False,False,1.0,both,0.0024452668251191963,0.0023094412584366217,2.791381454681922e-05,1.0285455679971476e-05,2.931634288394637e-05
155,single,ttggatacctacttatggtacattacggtgaat,8.0,acg,1.0,LDTYLWYITVN,,False,False,2.0,1.0,1.0,1.0,9.0,2.0,629.0,692.0,True,False,True,True,False,False,1.0,both,0.0017947174247374264,0.0020647717711087107,3.10153494964658e-06,3.085636703991442e-05,9.77211429464879e-06
156,single,ttggatacctacttatggtacattactgtgaat,8.0,act,1.0,LDTYLWYITVN,,False,False,1.0,1.0,1.0,7.0,6.0,15.0,1809.0,1802.0,True,False,True,True,False,False,1.0,both,0.005161595900397463,0.005376761172742626,2.1710744647526062e-05,2.057091135994295e-05,7.329085720986593e-05
157,single,ttggatacctacttatggtacattagtgtgaat,8.0,agt,1.0,LDTYLWYISVN,,False,False,1.0,1.0,1.0,18.0,4.0,7.0,1678.0,1648.0,True,False,True,True,False,False,1.0,both,0.004787815323862323,0.004917259940443866,5.582762909363844e-05,1.3713940906628634e-05,3.4202400031270765e-05
158,single,ttggatacctacttatggtacattatggtgaat,8.0,atg,1.0,LDTYLWYIMVN,,False,False,1.0,1.0,1.0,1.0,1.0,1.0,5.0,3.0,True,False,True,True,False,False,2.0,both,1.426643421889846e-05,8.951322707118688e-06,3.10153494964658e-06,3.4284852266571585e-06,4.886057147324395e-06
159,single,ttggatacctacttatggtacattattaagaat,9.0,aag,1.0,LDTYLWYIIKN,,False,False,2.0,1.0,1.0,1.0,1.0,4.0,1.0,4.0,True,False,True,True,False,False,3.0,both,2.8532868437796922e-06,1.1935096942824917e-05,3.10153494964658e-06,3.4284852266571585e-06,1.954422858929758e-05
160,single,ttggatacctacttatggtacattattaataat,9.0,aat,1.0,LDTYLWYIINN,,False,False,3.0,1.0,1.0,14.0,65.0,35.0,931.0,823.0,True,False,True,True,False,False,1.0,both,0.002656410051558893,0.002455646195986227,4.3421489295052124e-05,0.0002228515397327153,0.00017101200015635383
161,single,ttggatacctacttatggtacattattactaat,9.0,act,1.0,LDTYLWYIITN,,False,False,3.0,1.0,1.0,61.0,63.0,20.0,2367.0,2231.0,True,False,True,True,False,False,1.0,both,0.006753729959226531,0.006656800319860598,0.0001891936319284414,0.00021599456927940097,9.772114294648791e-05
162,single,ttggatacctacttatggtacattattagtaat,9.0,agt,1.0,LDTYLWYIISN,,False,False,3.0,1.0,1.0,24.0,35.0,27.0,789.0,746.0,True,False,True,True,False,False,1.0,both,0.002251243319742177,0.0022258955798368472,7.443683879151792e-05,0.00011999698293300054,0.00013192354297775867
163,single,ttggatacctacttatggtacattattatgaat,9.0,atg,1.0,LDTYLWYIIMN,,False,False,1.0,1.0,1.0,1.0,1.0,1.0,2.0,4.0,True,False,True,True,False,False,3.0,both,5.7065736875593844e-06,1.1935096942824917e-05,3.10153494964658e-06,3.4284852266571585e-06,4.886057147324395e-06
164,single,ttggatacctacttatggtacattattattaat,9.0,att,1.0,LDTYLWYIIIN,,False,False,2.0,1.0,1.0,61.0,60.0,34.0,885.0,931.0,True,False,True,True,False,False,1.0,both,0.0025251588567450274,0.0027778938134424996,0.0001891936319284414,0.0002057091135994295,0.00016612594300902944
165,single,ttggatacctacttatggtacattattcagaat,9.0,cag,1.0,LDTYLWYIIQN,,False,False,2.0,1.0,1.0,9.0,31.0,20.0,939.0,894.0,True,False,True,True,False,False,1.0,both,0.002679236346309131,0.002667494166721369,2.791381454681922e-05,0.00010628304202637191,9.772114294648791e-05
166,single,ttggatacctacttatggtacattattcataat,9.0,cat,1.0,LDTYLWYIIHN,,False,False,3.0,1.0,1.0,2.0,1.0,3.0,19.0,22.0,True,False,True,True,False,False,1.0,both,5.421245003181415e-05,6.564303318553705e-05,6.20306989929316e-06,3.4284852266571585e-06,1.4658171441973185e-05
167,single,ttggatacctacttatggtacattattccgaat,9.0,ccg,1.0,LDTYLWYIIPN,,False,False,2.0,1.0,1.0,2.0,3.0,4.0,498.0,556.0,True,False,True,True,False,False,1.0,both,0.0014209368482022866,0.0016589784750526636,6.20306989929316e-06,1.0285455679971476e-05,1.954422858929758e-05
168,single,ttggatacctacttatggtacattattcggaat,9.0,cgg,1.0,LDTYLWYIIRN,,False,False,2.0,1.0,1.0,10.0,3.0,4.0,953.0,903.0,True,False,True,True,False,False,1.0,both,0.0027191823621220464,0.002694348134842725,3.10153494964658e-05,1.0285455679971476e-05,1.954422858929758e-05
169,single,ttggatacctacttatggtacattattcgtaat,9.0,cgt,1.0,LDTYLWYIIRN,,False,False,3.0,1.0,1.0,42.0,11.0,10.0,1682.0,1481.0,True,False,True,True,False,False,1.0,both,0.004799228471237442,0.004418969643080926,0.00013026446788515637,3.771333749322874e-05,4.8860571473243954e-05
170,single,ttggatacctacttatggtacattattctgaat,9.0,ctg,1.0,LDTYLWYIILN,,False,False,1.0,1.0,1.0,1.0,1.0,2.0,2.0,5.0,True,False,True,True,False,False,2.0,both,5.7065736875593844e-06,1.4918871178531148e-05,3.10153494964658e-06,3.4284852266571585e-06,9.77211429464879e-06
171,single,ttggatacctacttatggtacattattcttaat,9.0,ctt,1.0,LDTYLWYIILN,,False,False,2.0,1.0,1.0,123.0,457.0,379.0,1949.0,1610.0,True,False,True,True,False,False,1.0,both,0.00556105605852662,0.004803876519487029,0.00038148879880652936,0.0015668177485823214,0.0018518156588359458
172,single,ttggatacctacttatggtacattattgagaat,9.0,gag,1.0,LDTYLWYIIEN,,False,False,1.0,1.0,1.0,31.0,41.0,33.0,2283.0,1927.0,True,False,True,True,False,False,1.0,both,0.0065140538643490365,0.005749732952205904,9.614758343904398e-05,0.0001405678942929435,0.00016123988586170504
173,single,ttggatacctacttatggtacattattgcgaat,9.0,gcg,1.0,LDTYLWYIIAN,,False,False,1.0,1.0,1.0,5.0,47.0,27.0,1250.0,1248.0,True,False,True,True,False,False,1.0,both,0.003566608554724615,0.0037237502461613743,1.55076747482329e-05,0.00016113880565288643,0.00013192354297775867
174,single,ttggatacctacttatggtacattattgctaat,9.0,gct,1.0,LDTYLWYIIAN,,False,False,2.0,1.0,1.0,27.0,81.0,23.0,1536.0,1401.0,True,False,True,True,False,False,1.0,both,0.004382648592045607,0.004180267704224428,8.374144364045766e-05,0.0002777073033592298,0.00011237931438846108
175,single,ttggatacctacttatggtacattattgggaat,9.0,ggg,1.0,LDTYLWYIIGN,,False,False,1.0,1.0,1.0,4.0,2.0,2.0,332.0,286.0,True,False,True,True,False,False,1.0,both,0.0009472912321348577,0.0008533594314119816,1.240613979858632e-05,6.856970453314317e-06,9.77211429464879e-06
176,single,ttggatacctacttatggtacattattggtaat,9.0,ggt,1.0,LDTYLWYIIGN,,False,False,2.0,1.0,1.0,4.0,1.0,1.0,1.0,7.0,True,False,True,True,False,False,2.0,both,2.8532868437796922e-06,2.0886419649943606e-05,1.240613979858632e-05,3.4284852266571585e-06,4.886057147324395e-06
177,single,ttggatacctacttatggtacattattgtgaag,10.0,aag,1.0,LDTYLWYIIVK,,False,False,1.0,1.0,1.0,38.0,38.0,18.0,2037.0,2052.0,True,False,True,True,False,False,1.0,both,0.005812145300779233,0.006122704731669183,0.00011785832808657005,0.00013028243861297202,8.794902865183911e-05
178,WT,ttggatacctacttatggtacattattgtgaat,,,,LDTYLWYIIVN,True,False,False,0.0,0.0,0.0,466.0,575.0,359.0,23548.0,22413.0,True,False,True,True,False,False,1.0,both,0.06718919859732418,0.06687533194488372,0.0014453152865353063,0.001971379005327866,0.0017540945158894578
179,single,ttggatacctacttatggtacattattgtgacg,10.0,acg,1.0,LDTYLWYIIVT,,False,False,2.0,1.0,1.0,2020.0,2901.0,1927.0,1073.0,896.0,True,False,True,True,False,False,1.0,both,0.0030615767833756095,0.0026734617151927815,0.006265100598286092,0.009946035642532417,0.00941543212289411
180,single,ttggatacctacttatggtacattattgtgact,10.0,act,1.0,LDTYLWYIIVT,,False,False,1.0,1.0,1.0,984.0,1481.0,1032.0,563.0,520.0,True,False,True,True,False,False,1.0,both,0.0016064004930479666,0.0015515626025672394,0.003051910390452235,0.005077586620679251,0.005042410976038776
181,single,ttggatacctacttatggtacattattgtgagg,10.0,agg,1.0,LDTYLWYIIVR,,False,False,2.0,1.0,1.0,1.0,1.0,2.0,5.0,1.0,True,False,True,True,False,False,2.0,both,1.426643421889846e-05,2.9837742357062293e-06,3.10153494964658e-06,3.4284852266571585e-06,9.77211429464879e-06
182,single,ttggatacctacttatggtacattattgtgagt,10.0,agt,1.0,LDTYLWYIIVS,,False,False,1.0,1.0,1.0,3877.0,5656.0,3985.0,2424.0,2234.0,True,False,True,True,False,False,1.0,both,0.006916367309321973,0.006665751642567717,0.012024650999779792,0.01939151244197289,0.019470937732087714
183,single,ttggatacctacttatggtacattattgtgatg,10.0,atg,1.0,LDTYLWYIIVM,,False,False,2.0,1.0,1.0,89.0,263.0,180.0,1403.0,1202.0,True,False,True,True,False,False,1.0,both,0.004003161441822908,0.003586496631318888,0.0002760366105185456,0.0009016916146108326,0.0008794902865183911
184,single,ttggatacctacttatggtacattattgtgcag,10.0,cag,1.0,LDTYLWYIIVQ,,False,False,2.0,1.0,1.0,145.0,444.0,320.0,1077.0,1021.0,True,False,True,True,False,False,1.0,both,0.003072989930750728,0.0030464334946560603,0.0004497225676987541,0.0015222474406357783,0.0015635382871438065
185,single,ttggatacctacttatggtacattattgtgcat,10.0,cat,1.0,LDTYLWYIIVH,,False,False,1.0,1.0,1.0,1.0,1.0,2.0,4.0,1.0,True,False,True,True,False,False,3.0,both,1.1413147375118769e-05,2.9837742357062293e-06,3.10153494964658e-06,3.4284852266571585e-06,9.77211429464879e-06
186,single,ttggatacctacttatggtacattattgtgccg,10.0,ccg,1.0,LDTYLWYIIVP,,False,False,3.0,1.0,1.0,231.0,206.0,99.0,373.0,315.0,True,False,True,True,False,False,1.0,both,0.0010642759927298252,0.0009398888842474623,0.00071645457336836,0.0007062679566913746,0.0004837196575851151
187,single,ttggatacctacttatggtacattattgtgcct,10.0,cct,1.0,LDTYLWYIIVP,,False,False,2.0,1.0,1.0,3.0,1.0,1.0,69.0,86.0,True,False,True,True,False,False,1.0,both,0.00019687679222079874,0.00025660458427073575,9.30460484893974e-06,3.4284852266571585e-06,4.886057147324395e-06
188,single,ttggatacctacttatggtacattattgtgcgg,10.0,cgg,1.0,LDTYLWYIIVR,,False,False,3.0,1.0,1.0,6.0,1.0,4.0,198.0,165.0,True,False,True,True,False,False,1.0,both,0.000564950795068379,0.0004923227488915279,1.860920969787948e-05,3.4284852266571585e-06,1.954422858929758e-05
189,single,ttggatacctacttatggtacattattgtgcgt,10.0,cgt,1.0,LDTYLWYIIVR,,False,False,2.0,1.0,1.0,1.0,1.0,1.0,5.0,2.0,True,False,True,True,False,False,2.0,both,1.426643421889846e-05,5.967548471412459e-06,3.10153494964658e-06,3.4284852266571585e-06,4.886057147324395e-06
190,single,ttggatacctacttatggtacattattgtgctg,10.0,ctg,1.0,LDTYLWYIIVL,,False,False,3.0,1.0,1.0,18.0,4.0,8.0,405.0,425.0,True,False,True,True,False,False,1.0,both,0.0011555811717307754,0.0012681040501751476,5.582762909363844e-05,1.3713940906628634e-05,3.908845717859516e-05
191,single,ttggatacctacttatggtacattattgtgctt,10.0,ctt,1.0,LDTYLWYIIVL,,False,False,2.0,1.0,1.0,41.0,58.0,32.0,2596.0,2391.0,True,False,True,True,False,False,1.0,both,0.0074071326464520805,0.0071342041975735945,0.0001271629329355098,0.00019885214314611517,0.00015635382871438065
192,single,ttggatacctacttatggtacattattgtggag,10.0,gag,1.0,LDTYLWYIIVE,,False,False,2.0,1.0,1.0,17.0,10.0,2.0,390.0,471.0,True,False,True,True,False,False,1.0,both,0.0011127818690740798,0.0014053576650176342,5.272609414399186e-05,3.4284852266571585e-05,9.77211429464879e-06
193,single,ttggatacctacttatggtacattattgtggat,10.0,gat,1.0,LDTYLWYIIVD,,False,False,1.0,1.0,1.0,7.0,47.0,40.0,1551.0,1466.0,True,False,True,True,False,False,1.0,both,0.004425447894702303,0.004374213029545332,2.1710744647526062e-05,0.00016113880565288643,0.00019544228589297581
194,single,ttggatacctacttatggtacattattgtggcg,10.0,gcg,1.0,LDTYLWYIIVA,,False,False,3.0,1.0,1.0,386.0,858.0,625.0,2386.0,2345.0,True,False,True,True,False,False,1.0,both,0.006807942409258345,0.006996950582731108,0.00119719249056358,0.002941640324471842,0.003053785717077747
195,single,ttggatacctacttatggtacattattgtggct,10.0,gct,1.0,LDTYLWYIIVA,,False,False,2.0,1.0,1.0,1.0,2.0,1.0,3.0,4.0,True,False,True,True,False,False,3.0,both,8.559860531339077e-06,1.1935096942824917e-05,3.10153494964658e-06,6.856970453314317e-06,4.886057147324395e-06
196,single,ttggatacctacttatggtacattattgtgggg,10.0,ggg,1.0,LDTYLWYIIVG,,False,False,3.0,1.0,1.0,5875.0,8167.0,5997.0,3317.0,2999.0,True,False,True,True,False,False,1.0,both,0.009464352460817239,0.008948338932882983,0.018221517829173656,0.028000438846109012,0.029301684712504397
197,single,ttggatacctacttatggtacattattgtgggt,10.0,ggt,1.0,LDTYLWYIIVG,,False,False,2.0,1.0,1.0,11.0,15.0,7.0,23.0,25.0,True,False,True,True,False,False,1.0,both,6.562559740693292e-05,7.459435589265574e-05,3.411688444611238e-05,5.1427278399857374e-05,3.4202400031270765e-05
198,single,ttggatacctacttatggtacattattgtggtg,10.0,gtg,1.0,LDTYLWYIIVV,,False,False,3.0,1.0,1.0,39.0,132.0,88.0,1619.0,1519.0,True,False,True,True,False,False,1.0,both,0.004619471400079321,0.004532353064037762,0.00012095986303621662,0.0004525600499187449,0.0004299730289645468
199,single,ttggatacctacttatggtacattattgtggtt,10.0,gtt,1.0,LDTYLWYIIVV,,False,False,2.0,1.0,1.0,49.0,73.0,45.0,898.0,803.0,True,False,True,True,False,False,1.0,both,0.0025622515857141636,0.0023959707112721023,0.00015197521253268242,0.00025027942154597256,0.00021987257162959777
200,single,ttggatacctacttatggtacattattgtgtag,10.0,tag,1.0,LDTYLWYIIV*,,True,False,2.0,1.0,1.0,1.0,1.0,1.0,5.0,2.0,True,False,True,True,False,False,2.0,both,1.426643421889846e-05,5.967548471412459e-06,3.10153494964658e-06,3.4284852266571585e-06,4.886057147324395e-06
201,single,ttggatacctacttatggtacattattgtgtat,10.0,tat,1.0,LDTYLWYIIVY,,False,False,1.0,1.0,1.0,31.0,99.0,63.0,1200.0,1240.0,True,False,True,True,False,False,1.0,both,0.0034239442125356305,0.0036998800522757246,9.614758343904398e-05,0.0003394200374390587,0.00030782160028143687
202,single,ttggatacctacttatggtacattattgtgtcg,10.0,tcg,1.0,LDTYLWYIIVS,,False,False,3.0,1.0,1.0,2164.0,3296.0,2350.0,1298.0,1222.0,True,False,True,True,False,False,1.0,both,0.0037035663232260403,0.0036461721160330127,0.006711721631035199,0.011300287307061993,0.011482234296212328
203,single,ttggatacctacttatggtacattattgtgtct,10.0,tct,1.0,LDTYLWYIIVS,,False,False,2.0,1.0,1.0,1278.0,1895.0,1379.0,894.0,828.0,True,False,True,True,False,False,1.0,both,0.0025508384383390445,0.0024705650671647582,0.0039637616656483295,0.006496979504515315,0.0067378728061603405
204,single,ttggatacctacttatggtacattattgtgtgg,10.0,tgg,1.0,LDTYLWYIIVW,,False,False,3.0,1.0,1.0,6.0,56.0,29.0,1539.0,1407.0,True,False,True,True,False,False,1.0,both,0.004391208452576946,0.004198170349638665,1.860920969787948e-05,0.00019199517269280088,0.00014169565727240746
205,single,ttggatacctacttatggtacattattgtgtgt,10.0,tgt,1.0,LDTYLWYIIVC,,False,False,2.0,1.0,1.0,2.0,1.0,1.0,4.0,2.0,True,False,True,True,False,False,3.0,both,1.1413147375118769e-05,5.967548471412459e-06,6.20306989929316e-06,3.4284852266571585e-06,4.886057147324395e-06
206,single,ttggatacctacttatggtacattattgtgttg,10.0,ttg,1.0,LDTYLWYIIVL,,False,False,3.0,1.0,1.0,9.0,31.0,7.0,372.0,517.0,True,False,True,True,False,False,1.0,both,0.0010614227058860454,0.0015426112798601207,2.791381454681922e-05,0.00010628304202637191,3.4202400031270765e-05
207,single,ttggatacctacttatggtacattattgtgttt,10.0,ttt,1.0,LDTYLWYIIVF,,False,False,2.0,1.0,1.0,27.0,72.0,63.0,269.0,253.0,True,False,True,True,False,False,1.0,both,0.0007675341609767372,0.0007548948816336761,8.374144364045766e-05,0.0002468509363193154,0.00030782160028143687
208,single,ttggatacctacttatggtacattattgttaat,9.0,gtt,1.0,LDTYLWYIIVN,,False,False,1.0,0.0,1.0,1.0,1.0,1.0,93.0,126.0,True,False,True,True,False,False,1.0,both,0.00026535567647151134,0.0003759555536989849,3.10153494964658e-06,3.4284852266571585e-06,4.886057147324395e-06
209,single,ttggatacctacttatggtacattatttagaat,9.0,tag,1.0,LDTYLWYII*N,,True,False,2.0,1.0,1.0,2.0,4.0,5.0,248.0,225.0,True,False,True,True,False,False,1.0,both,0.0007076151372573637,0.0006713492030339017,6.20306989929316e-06,1.3713940906628634e-05,2.4430285736621977e-05
210,single,ttggatacctacttatggtacattatttataat,9.0,tat,1.0,LDTYLWYIIYN,,False,False,3.0,1.0,1.0,371.0,524.0,465.0,753.0,747.0,True,False,True,True,False,False,1.0,both,0.0021485249933661083,0.0022288793540725534,0.0011506694663188813,0.001796526258768351,0.002272016573505844
211,single,ttggatacctacttatggtacattatttctaat,9.0,tct,1.0,LDTYLWYIISN,,False,False,3.0,1.0,1.0,37.0,48.0,18.0,846.0,889.0,True,False,True,True,False,False,1.0,both,0.0024138806698376196,0.002652575295542838,0.00011475679313692346,0.0001645672908795436,8.794902865183911e-05
212,single,ttggatacctacttatggtacattatttggaat,9.0,tgg,1.0,LDTYLWYIIWN,,False,False,2.0,1.0,1.0,181.0,365.0,277.0,2250.0,2355.0,True,False,True,True,False,False,1.0,both,0.006419895398504307,0.007026788325088171,0.000561377825886031,0.0012513971077298628,0.0013534378298088573
213,single,ttggatacctacttatggtacattatttgtaat,9.0,tgt,1.0,LDTYLWYIICN,,False,False,3.0,1.0,1.0,35.0,30.0,23.0,547.0,446.0,True,False,True,True,False,False,1.0,both,0.0015607479035474915,0.0013307633091249784,0.00010855372323763031,0.00010285455679971475,0.00011237931438846108
214,single,ttggatacctacttatggtacattattttgaat,9.0,ttg,1.0,LDTYLWYIILN,,False,False,1.0,1.0,1.0,6.0,1.0,1.0,132.0,103.0,True,False,True,True,False,False,1.0,both,0.0003766338633789193,0.00030732874627774164,1.860920969787948e-05,3.4284852266571585e-06,4.886057147324395e-06
215,single,ttggatacctacttatggtacattatttttaat,9.0,ttt,1.0,LDTYLWYIIFN,,False,False,2.0,1.0,1.0,161.0,343.0,265.0,1926.0,1677.0,True,False,True,True,False,False,1.0,both,0.005495430461119687,0.005003789393279347,0.0004993471268930994,0.0011759704327434053,0.0012948051440409647
216,single,ttggatacctacttatggtacattcaggtgaat,8.0,cag,1.0,LDTYLWYIQVN,,False,False,3.0,1.0,1.0,1.0,1.0,1.0,4.0,4.0,True,False,True,True,False,False,3.0,both,1.1413147375118769e-05,1.1935096942824917e-05,3.10153494964658e-06,3.4284852266571585e-06,4.886057147324395e-06
217,single,ttggatacctacttatggtacattcatgtgaat,8.0,cat,1.0,LDTYLWYIHVN,,False,False,2.0,1.0,1.0,7.0,1.0,9.0,1085.0,960.0,True,False,True,True,False,False,1.0,both,0.003095816225500966,0.00286442326627798,2.1710744647526062e-05,3.4284852266571585e-06,4.397451432591956e-05
218,single,ttggatacctacttatggtacattccggtgaat,8.0,ccg,1.0,LDTYLWYIPVN,,False,False,3.0,1.0,1.0,8.0,1.0,1.0,168.0,151.0,True,False,True,True,False,False,1.0,both,0.00047935218975498825,0.0004505499095916407,2.481227959717264e-05,3.4284852266571585e-06,4.886057147324395e-06
219,single,ttggatacctacttatggtacattcgtgtgaat,8.0,cgt,1.0,LDTYLWYIRVN,,False,False,2.0,1.0,1.0,8.0,6.0,5.0,582.0,568.0,True,False,True,True,False,False,1.0,both,0.0016606129430797808,0.0016947837658811383,2.481227959717264e-05,2.057091135994295e-05,2.4430285736621977e-05
220,single,ttggatacctacttatggtacattcttgtgaat,8.0,ctt,1.0,LDTYLWYILVN,,False,False,1.0,1.0,1.0,6.0,27.0,26.0,945.0,893.0,True,False,True,True,False,False,1.0,both,0.002696356067371809,0.002664510392485663,1.860920969787948e-05,9.256910111974328e-05,0.00012703748583043427
221,single,ttggatacctacttatggtacattgaggtgaat,8.0,gag,1.0,LDTYLWYIEVN,,False,False,3.0,1.0,1.0,5.0,13.0,5.0,1251.0,1131.0,True,False,True,True,False,False,1.0,both,0.0035694618415683947,0.0033746486605837457,1.55076747482329e-05,4.457030794654306e-05,2.4430285736621977e-05
222,single,ttggatacctacttatggtacattgcggtgaat,8.0,gcg,1.0,LDTYLWYIAVN,,False,False,3.0,1.0,1.0,7.0,1.0,12.0,1128.0,1084.0,True,False,True,True,False,False,1.0,both,0.003218507559783493,0.003234411271505553,2.1710744647526062e-05,3.4284852266571585e-06,5.863268576789274e-05
223,single,ttggatacctacttatggtacattgctgtgaat,8.0,gct,1.0,LDTYLWYIAVN,,False,False,2.0,1.0,1.0,12.0,13.0,3.0,2152.0,1884.0,True,False,True,True,False,False,1.0,both,0.006140273287813898,0.005621430660070537,3.721841939575896e-05,4.457030794654306e-05,1.4658171441973185e-05
224,single,ttggatacctacttatggtacattgtggtgaat,8.0,gtg,1.0,LDTYLWYIVVN,,False,False,2.0,1.0,1.0,16.0,25.0,21.0,1442.0,1127.0,True,False,True,True,False,False,1.0,both,0.004114439628730316,0.0033627135636409206,4.962455919434528e-05,8.571213066642895e-05,0.0001026072000938123
225,single,ttggatacctacttatggtacattgttgtgaat,8.0,gtt,1.0,LDTYLWYIVVN,,False,False,1.0,1.0,1.0,6.0,1.0,2.0,716.0,637.0,True,False,True,True,False,False,1.0,both,0.0020429533801462597,0.0019006641881448682,1.860920969787948e-05,3.4284852266571585e-06,9.77211429464879e-06
226,single,ttggatacctacttatggtacatttaggtgaat,8.0,tag,1.0,LDTYLWYI*VN,,True,False,3.0,1.0,1.0,23.0,2.0,7.0,265.0,177.0,True,False,True,True,False,False,1.0,both,0.0007561210136016184,0.0005281280397200027,7.133530384187135e-05,6.856970453314317e-06,3.4202400031270765e-05
227,single,ttggatacctacttatggtacatttatgtgaat,8.0,tat,1.0,LDTYLWYIYVN,,False,False,2.0,1.0,1.0,17.0,8.0,8.0,1771.0,1734.0,True,False,True,True,False,False,1.0,both,0.005053171000333835,0.005173864524714602,5.272609414399186e-05,2.7427881813257268e-05,3.908845717859516e-05
228,single,ttggatacctacttatggtacatttcggtgaat,8.0,tcg,1.0,LDTYLWYISVN,,False,False,3.0,1.0,1.0,8.0,3.0,1.0,1073.0,969.0,True,False,True,True,False,False,1.0,both,0.0030615767833756095,0.0028912772343993366,2.481227959717264e-05,1.0285455679971476e-05,4.886057147324395e-06
229,single,ttggatacctacttatggtacatttgtgtgaat,8.0,tgt,1.0,LDTYLWYICVN,,False,False,2.0,1.0,1.0,1.0,7.0,5.0,819.0,697.0,True,False,True,True,False,False,1.0,both,0.002336841925055568,0.002079690642287242,3.10153494964658e-06,2.399939658660011e-05,2.4430285736621977e-05
230,single,ttggatacctacttatggtacattttggtgaat,8.0,ttg,1.0,LDTYLWYILVN,,False,False,2.0,1.0,1.0,33.0,58.0,37.0,2258.0,2122.0,True,False,True,True,False,False,1.0,both,0.006442721693254544,0.006331568928168619,0.00010235065333833715,0.00019885214314611517,0.00018078411445100263
231,single,ttggatacctacttatggtacatttttgtgaat,8.0,ttt,1.0,LDTYLWYIFVN,,False,False,1.0,1.0,1.0,1.0,1.0,1.0,7.0,6.0,True,False,True,True,False,False,2.0,both,1.9973007906457844e-05,1.7902645414237377e-05,3.10153494964658e-06,3.4284852266571585e-06,4.886057147324395e-06
232,single,ttggatacctacttatggtaccagattgtgaat,7.0,cag,1.0,LDTYLWYQIVN,,False,False,3.0,1.0,1.0,55.0,124.0,96.0,1558.0,1605.0,True,False,True,True,False,False,1.0,both,0.004445420902608761,0.004788957648308498,0.0001705844222305619,0.00042513216810548764,0.0004690614861431419
233,single,ttggatacctacttatggtaccatattgtgaat,7.0,cat,1.0,LDTYLWYHIVN,,False,False,2.0,1.0,1.0,592.0,717.0,386.0,815.0,778.0,True,False,True,True,False,False,1.0,both,0.002325428777680449,0.002321376355379447,0.0018361086901907753,0.0024582239075131825,0.0018860180588672166
234,single,ttggatacctacttatggtacccgattgtgaat,7.0,ccg,1.0,LDTYLWYPIVN,,False,False,3.0,1.0,1.0,10.0,4.0,3.0,74.0,92.0,True,False,True,True,False,False,1.0,both,0.00021114322643969721,0.00027450722968497314,3.10153494964658e-05,1.3713940906628634e-05,1.4658171441973185e-05
235,single,ttggatacctacttatggtaccctattgtgaat,7.0,cct,1.0,LDTYLWYPIVN,,False,False,2.0,1.0,1.0,25.0,14.0,15.0,915.0,934.0,True,False,True,True,False,False,1.0,both,0.002610757462058418,0.0027868451361496185,7.75383737411645e-05,4.799879317320022e-05,7.329085720986593e-05
236,single,ttggatacctacttatggtaccggattgtgaat,7.0,cgg,1.0,LDTYLWYRIVN,,False,False,3.0,1.0,1.0,1558.0,1204.0,777.0,892.0,911.0,True,False,True,True,False,False,1.0,both,0.0025451318646514853,0.002718218328728375,0.004832191451549372,0.004127896212895219,0.003796466403471055
237,single,ttggatacctacttatggtaccgtattgtgaat,7.0,cgt,1.0,LDTYLWYRIVN,,False,False,2.0,1.0,1.0,2.0,2.0,1.0,5.0,5.0,True,False,True,True,False,False,2.0,both,1.426643421889846e-05,1.4918871178531148e-05,6.20306989929316e-06,6.856970453314317e-06,4.886057147324395e-06
238,single,ttggatacctacttatggtacctgattgtgaat,7.0,ctg,1.0,LDTYLWYLIVN,,False,False,2.0,1.0,1.0,1.0,1.0,9.0,5.0,3.0,True,False,True,True,False,False,2.0,both,1.426643421889846e-05,8.951322707118688e-06,3.10153494964658e-06,3.4284852266571585e-06,4.397451432591956e-05
239,single,ttggatacctacttatggtaccttattgtgaat,7.0,ctt,1.0,LDTYLWYLIVN,,False,False,1.0,1.0,1.0,302.0,555.0,224.0,1104.0,1093.0,True,False,True,True,False,False,1.0,both,0.00315002867553278,0.0032612652396269088,0.0009366635547932672,0.0019028093007947228,0.0010944768010006645
240,single,ttggatacctacttatggtacgagattgtgaat,7.0,gag,1.0,LDTYLWYEIVN,,False,False,3.0,1.0,1.0,14.0,19.0,24.0,2334.0,2138.0,True,False,True,True,False,False,1.0,both,0.006659571493381801,0.006379309315939919,4.3421489295052124e-05,6.514121930648601e-05,0.00011726537153578548
241,single,ttggatacctacttatggtacgatattgtgaat,7.0,gat,1.0,LDTYLWYDIVN,,False,False,2.0,1.0,1.0,7.0,6.0,6.0,761.0,655.0,True,False,True,True,False,False,1.0,both,0.0021713512881163456,0.0019543721243875803,2.1710744647526062e-05,2.057091135994295e-05,2.931634288394637e-05
242,single,ttggatacctacttatggtacgctattgtgaat,7.0,gct,1.0,LDTYLWYAIVN,,False,False,2.0,1.0,1.0,37.0,50.0,34.0,2062.0,2071.0,True,False,True,True,False,False,1.0,both,0.005883477471873725,0.006179396442147602,0.00011475679313692346,0.0001714242613328579,0.00016612594300902944
243,single,ttggatacctacttatggtacgggattgtgaat,7.0,ggg,1.0,LDTYLWYGIVN,,False,False,3.0,1.0,1.0,11378.0,8919.0,5709.0,1795.0,1610.0,True,False,True,True,False,False,1.0,both,0.005121649884584547,0.004803876519487029,0.03528926465707879,0.030578659736555196,0.027894500254074972
244,single,ttggatacctacttatggtacgtgattgtgaat,7.0,gtg,1.0,LDTYLWYVIVN,,False,False,2.0,1.0,1.0,17.0,29.0,8.0,1361.0,1324.0,True,False,True,True,False,False,1.0,both,0.003883323394384161,0.003950517088075048,5.272609414399186e-05,9.942607157305759e-05,3.908845717859516e-05
245,single,ttggatacctacttatggtacgttattgtgaat,7.0,gtt,1.0,LDTYLWYVIVN,,False,False,1.0,1.0,1.0,20.0,8.0,5.0,955.0,816.0,True,False,True,True,False,False,1.0,both,0.002724888935809606,0.0024347597763362833,6.20306989929316e-05,2.7427881813257268e-05,2.4430285736621977e-05
246,single,ttggatacctacttatggtactagattgtgaat,7.0,tag,1.0,LDTYLWY*IVN,,True,False,3.0,1.0,1.0,1.0,1.0,1.0,9.0,5.0,True,False,True,True,False,False,2.0,both,2.567958159401723e-05,1.4918871178531148e-05,3.10153494964658e-06,3.4284852266571585e-06,4.886057147324395e-06
247,single,ttggatacctacttatggtactatattgtgaat,7.0,tat,1.0,LDTYLWYYIVN,,False,False,2.0,1.0,1.0,6978.0,5972.0,3915.0,1381.0,1173.0,True,False,True,True,False,False,1.0,both,0.003940389131259755,0.0034999671784834074,0.021642510878633836,0.02047491377359655,0.019128913731775006
248,single,ttggatacctacttatggtactcgattgtgaat,7.0,tcg,1.0,LDTYLWYSIVN,,False,False,3.0,1.0,1.0,810.0,1476.0,1194.0,939.0,748.0,True,False,True,True,False,False,1.0,both,0.002679236346309131,0.0022318631283082596,0.00251224330921373,0.005060444194545966,0.005833952233905328
249,single,ttggatacctacttatggtactctattgtgaat,7.0,tct,1.0,LDTYLWYSIVN,,False,False,2.0,1.0,1.0,3252.0,3653.0,2434.0,1007.0,882.0,True,False,True,True,False,False,1.0,both,0.00287325985168615,0.0026316888758928943,0.010086191656250678,0.0125242565329786,0.011892663096587578
250,single,ttggatacctacttatggtactggattgtgaat,7.0,tgg,1.0,LDTYLWYWIVN,,False,False,3.0,1.0,1.0,9342.0,7008.0,4766.0,1530.0,1475.0,True,False,True,True,False,False,1.0,both,0.004365528870982929,0.004401066997666688,0.028974539499598353,0.024026824468413366,0.023286948364148068
251,single,ttggatacctacttatggtactgtattgtgaat,7.0,tgt,1.0,LDTYLWYCIVN,,False,False,2.0,1.0,1.0,2271.0,2917.0,2009.0,1110.0,1161.0,True,False,True,True,False,False,1.0,both,0.003167148396595458,0.0034641618876549325,0.007043585870647383,0.01000089140615893,0.009816088808974709
252,single,ttggatacctacttatggtacttgattgtgaat,7.0,ttg,1.0,LDTYLWYLIVN,,False,False,2.0,1.0,1.0,285.0,489.0,252.0,1131.0,984.0,True,False,True,True,False,False,1.0,both,0.0032270674203148317,0.00293603384793493,0.0008839374606492753,0.0016765292758353504,0.0012312864011257475
253,single,ttggatacctacttatggtactttattgtgaat,7.0,ttt,1.0,LDTYLWYFIVN,,False,False,1.0,1.0,1.0,8671.0,6938.0,4541.0,1090.0,920.0,True,False,True,True,False,False,1.0,both,0.0031100826597198644,0.0027450722968497313,0.026893409548385497,0.023786830502547363,0.022187585506000078
254,single,ttggatacctacttatggtagattattgtgaat,6.0,tag,1.0,LDTYLW*IIVN,,True,False,1.0,1.0,1.0,4.0,4.0,2.0,80.0,112.0,True,False,True,True,False,False,1.0,both,0.00022826294750237535,0.0003341827143990977,1.240613979858632e-05,1.3713940906628634e-05,9.77211429464879e-06
255,single,ttggatacctacttatggtatattattgtgaat,6.0,tat,1.0,LDTYLWYIIVN,,False,False,1.0,0.0,1.0,2.0,4.0,1.0,3.0,8.0,True,False,True,True,False,False,2.0,both,8.559860531339077e-06,2.3870193885649835e-05,6.20306989929316e-06,1.3713940906628634e-05,4.886057147324395e-06
256,single,ttggatacctacttatggtcgattattgtgaat,6.0,tcg,1.0,LDTYLWSIIVN,,False,False,2.0,1.0,1.0,601.0,938.0,723.0,922.0,817.0,True,False,True,True,False,False,1.0,both,0.002630730469964876,0.0024377435505719895,0.0018640225047375947,0.0032159191426044146,0.0035326193175155376
257,single,ttggatacctacttatggtctattattgtgaat,6.0,tct,1.0,LDTYLWSIIVN,,False,False,2.0,1.0,1.0,684.0,1126.0,810.0,983.0,950.0,True,False,True,True,False,False,1.0,both,0.002804780967435437,0.002834585523920918,0.002121449905558261,0.0038604743652159604,0.00395770628933276
258,single,ttggatacctacttatggtggattattgtgaat,6.0,tgg,1.0,LDTYLWWIIVN,,False,False,2.0,1.0,1.0,46.0,74.0,38.0,2293.0,2079.0,True,False,True,True,False,False,1.0,both,0.006542586732786834,0.006203266636033251,0.0001426706076837427,0.00025370790677262974,0.00018567017159832702
259,single,ttggatacctacttatggtgtattattgtgaat,6.0,tgt,1.0,LDTYLWCIIVN,,False,False,2.0,1.0,1.0,1.0,2.0,1.0,5.0,4.0,True,False,True,True,False,False,2.0,both,1.426643421889846e-05,1.1935096942824917e-05,3.10153494964658e-06,6.856970453314317e-06,4.886057147324395e-06
260,single,ttggatacctacttatggttgattattgtgaat,6.0,ttg,1.0,LDTYLWLIIVN,,False,False,2.0,1.0,1.0,1949.0,2185.0,1298.0,851.0,784.0,True,False,True,True,False,False,1.0,both,0.002428147104056518,0.002339279000793684,0.006044891616861185,0.007491240220245891,0.006342102177227065
261,single,ttggatacctacttatggtttattattgtgaat,6.0,ttt,1.0,LDTYLWFIIVN,,False,False,2.0,1.0,1.0,510.0,1027.0,715.0,1721.0,1580.0,True,False,True,True,False,False,1.0,both,0.00491050665814485,0.0047143632924158425,0.0015817828243197558,0.0035210543277769016,0.0034935308603369426
262,single,ttggatacctacttatgttacattattgtgaat,5.0,tgt,1.0,LDTYLCYIIVN,,False,False,1.0,1.0,1.0,18.0,11.0,13.0,959.0,942.0,True,False,True,True,False,False,1.0,both,0.0027363020831847247,0.0028107153300352683,5.582762909363844e-05,3.771333749322874e-05,6.351874291521713e-05
263,single,ttggatacctacttattgtacattattgtgaat,5.0,ttg,1.0,LDTYLLYIIVN,,False,False,1.0,1.0,1.0,12.0,2.0,3.0,11.0,5.0,True,False,True,True,False,False,2.0,both,3.138615528157661e-05,1.4918871178531148e-05,3.721841939575896e-05,6.856970453314317e-06,1.4658171441973185e-05
264,single,ttggatacctacttattttacattattgtgaat,5.0,ttt,1.0,LDTYLFYIIVN,,False,False,2.0,1.0,1.0,242.0,116.0,75.0,93.0,155.0,True,False,True,True,False,False,1.0,both,0.00026535567647151134,0.00046248500653446557,0.0007505714578144724,0.00039770428629223035,0.0003664542860493296
265,single,ttggatacctacttgtggtacattattgtgaat,4.0,ttg,1.0,LDTYLWYIIVN,,False,False,1.0,0.0,1.0,37.0,102.0,20.0,3923.0,3444.0,True,False,True,True,False,False,1.0,both,0.011193444288147732,0.010276118467772254,0.00011475679313692346,0.00034970549311903016,9.772114294648791e-05
266,single,ttggatacctacttttggtacattattgtgaat,4.0,ttt,1.0,LDTYFWYIIVN,,False,False,1.0,1.0,1.0,11039.0,10991.0,6915.0,2408.0,2027.0,True,False,True,True,False,False,1.0,both,0.006870714719821498,0.006048110375776527,0.0342378443091486,0.03768248112618883,0.03378708517374819
267,single,ttggatacctagttatggtacattattgtgaat,3.0,tag,1.0,LDT*LWYIIVN,,True,False,1.0,1.0,1.0,2.0,2.0,1.0,1.0,4.0,True,False,True,True,False,False,3.0,both,2.8532868437796922e-06,1.1935096942824917e-05,6.20306989929316e-06,6.856970453314317e-06,4.886057147324395e-06
268,single,ttggatacctatttatggtacattattgtgaat,3.0,tat,1.0,LDTYLWYIIVN,,False,False,1.0,0.0,1.0,2.0,11.0,15.0,780.0,669.0,True,False,True,True,False,False,1.0,both,0.0022255637381481596,0.0019961449636874675,6.20306989929316e-06,3.771333749322874e-05,7.329085720986593e-05
269,single,ttggatacctcgttatggtacattattgtgaat,3.0,tcg,1.0,LDTSLWYIIVN,,False,False,2.0,1.0,1.0,809.0,848.0,622.0,503.0,468.0,True,False,True,True,False,False,1.0,both,0.001435203282421185,0.0013964063423105154,0.0025091417742640833,0.0029073554722052705,0.003039127545635774
270,single,ttggatacctctttatggtacattattgtgaat,3.0,tct,1.0,LDTSLWYIIVN,,False,False,2.0,1.0,1.0,3122.0,3050.0,2222.0,1887.0,1783.0,True,False,True,True,False,False,1.0,both,0.0053841522742122784,0.005320069462264207,0.009682992112796622,0.010456879941304334,0.010856818981354805
271,single,ttggatacctgtttatggtacattattgtgaat,3.0,tgt,1.0,LDTCLWYIIVN,,False,False,2.0,1.0,1.0,8847.0,7185.0,4911.0,2675.0,2386.0,True,False,True,True,False,False,1.0,both,0.007632542307110676,0.007119285326395063,0.027439279699523294,0.02463366635353168,0.023995426650510104
272,single,ttggataccttgttatggtacattattgtgaat,3.0,ttg,1.0,LDTLLWYIIVN,,False,False,2.0,1.0,1.0,2424.0,1817.0,1393.0,912.0,846.0,True,False,True,True,False,False,1.0,both,0.002602197601527079,0.00252427300340747,0.00751812071794331,0.006229557656836057,0.006806277606222882
273,single,ttggatacgtacttatggtacattattgtgaat,2.0,acg,1.0,LDTYLWYIIVN,,False,False,1.0,0.0,1.0,1.0,1.0,1.0,2.0,4.0,True,False,True,True,False,False,3.0,both,5.7065736875593844e-06,1.1935096942824917e-05,3.10153494964658e-06,3.4284852266571585e-06,4.886057147324395e-06
274,single,ttggatacttacttatggtacattattgtgaat,2.0,act,1.0,LDTYLWYIIVN,,False,False,1.0,0.0,1.0,5.0,39.0,12.0,1052.0,930.0,True,False,True,True,False,False,1.0,both,0.003001657759656236,0.0027749100392067934,1.55076747482329e-05,0.00013371092383962916,5.863268576789274e-05
275,ortho,ttggatacttatatgtggtatattatttgtaat,2.0,act,1.0,LDTYMWYIICN,,False,False,8.0,2.0,5.0,11.0,7.0,30.0,596.0,668.0,True,False,True,True,False,False,1.0,both,0.0017005589588926964,0.0019931611894517614,3.411688444611238e-05,2.399939658660011e-05,0.00014658171441973185
276,ortho,ttggatacttatatgtggtatattatttgtaat,3.0,tat,2.0,LDTYMWYIICN,,False,False,8.0,2.0,5.0,11.0,7.0,30.0,596.0,668.0,True,False,True,True,False,False,1.0,both,0.0017005589588926964,0.0019931611894517614,3.411688444611238e-05,2.399939658660011e-05,0.00014658171441973185
277,ortho,ttggatacttatatgtggtatattatttgtaat,4.0,atg,3.0,LDTYMWYIICN,,False,False,8.0,2.0,5.0,11.0,7.0,30.0,596.0,668.0,True,False,True,True,False,False,1.0,both,0.0017005589588926964,0.0019931611894517614,3.411688444611238e-05,2.399939658660011e-05,0.00014658171441973185
278,ortho,ttggatacttatatgtggtatattatttgtaat,6.0,tat,4.0,LDTYMWYIICN,,False,False,8.0,2.0,5.0,11.0,7.0,30.0,596.0,668.0,True,False,True,True,False,False,1.0,both,0.0017005589588926964,0.0019931611894517614,3.411688444611238e-05,2.399939658660011e-05,0.00014658171441973185
279,ortho,ttggatacttatatgtggtatattatttgtaat,9.0,tgt,5.0,LDTYMWYIICN,,False,False,8.0,2.0,5.0,11.0,7.0,30.0,596.0,668.0,True,False,True,True,False,False,1.0,both,0.0017005589588926964,0.0019931611894517614,3.411688444611238e-05,2.399939658660011e-05,0.00014658171441973185
280,ortho,ttggatacttatatgtggtatattattttgaat,2.0,act,1.0,LDTYMWYIILN,,False,False,6.0,2.0,5.0,20.0,18.0,27.0,934.0,1114.0,True,False,True,True,False,False,1.0,both,0.0026649699120902324,0.0033239244985767396,6.20306989929316e-05,6.171273407982885e-05,0.00013192354297775867
281,ortho,ttggatacttatatgtggtatattattttgaat,3.0,tat,2.0,LDTYMWYIILN,,False,False,6.0,2.0,5.0,20.0,18.0,27.0,934.0,1114.0,True,False,True,True,False,False,1.0,both,0.0026649699120902324,0.0033239244985767396,6.20306989929316e-05,6.171273407982885e-05,0.00013192354297775867
282,ortho,ttggatacttatatgtggtatattattttgaat,4.0,atg,3.0,LDTYMWYIILN,,False,False,6.0,2.0,5.0,20.0,18.0,27.0,934.0,1114.0,True,False,True,True,False,False,1.0,both,0.0026649699120902324,0.0033239244985767396,6.20306989929316e-05,6.171273407982885e-05,0.00013192354297775867
283,ortho,ttggatacttatatgtggtatattattttgaat,6.0,tat,4.0,LDTYMWYIILN,,False,False,6.0,2.0,5.0,20.0,18.0,27.0,934.0,1114.0,True,False,True,True,False,False,1.0,both,0.0026649699120902324,0.0033239244985767396,6.20306989929316e-05,6.171273407982885e-05,0.00013192354297775867
284,ortho,ttggatacttatatgtggtatattattttgaat,9.0,ttg,5.0,LDTYMWYIILN,,False,False,6.0,2.0,5.0,20.0,18.0,27.0,934.0,1114.0,True,False,True,True,False,False,1.0,both,0.0026649699120902324,0.0033239244985767396,6.20306989929316e-05,6.171273407982885e-05,0.00013192354297775867
285,ortho,ttggatacttatatgtggtatattgtttgtaat,2.0,act,1.0,LDTYMWYIVCN,,False,False,9.0,3.0,6.0,18.0,13.0,8.0,821.0,798.0,True,False,True,True,False,False,1.0,both,0.002342548498743127,0.002381051840093571,5.582762909363844e-05,4.457030794654306e-05,3.908845717859516e-05
286,ortho,ttggatacttatatgtggtatattgtttgtaat,3.0,tat,2.0,LDTYMWYIVCN,,False,False,9.0,3.0,6.0,18.0,13.0,8.0,821.0,798.0,True,False,True,True,False,False,1.0,both,0.002342548498743127,0.002381051840093571,5.582762909363844e-05,4.457030794654306e-05,3.908845717859516e-05
287,ortho,ttggatacttatatgtggtatattgtttgtaat,4.0,atg,3.0,LDTYMWYIVCN,,False,False,9.0,3.0,6.0,18.0,13.0,8.0,821.0,798.0,True,False,True,True,False,False,1.0,both,0.002342548498743127,0.002381051840093571,5.582762909363844e-05,4.457030794654306e-05,3.908845717859516e-05
288,ortho,ttggatacttatatgtggtatattgtttgtaat,6.0,tat,4.0,LDTYMWYIVCN,,False,False,9.0,3.0,6.0,18.0,13.0,8.0,821.0,798.0,True,False,True,True,False,False,1.0,both,0.002342548498743127,0.002381051840093571,5.582762909363844e-05,4.457030794654306e-05,3.908845717859516e-05
289,ortho,ttggatacttatatgtggtatattgtttgtaat,8.0,gtt,5.0,LDTYMWYIVCN,,False,False,9.0,3.0,6.0,18.0,13.0,8.0,821.0,798.0,True,False,True,True,False,False,1.0,both,0.002342548498743127,0.002381051840093571,5.582762909363844e-05,4.457030794654306e-05,3.908845717859516e-05
290,ortho,ttggatacttatatgtggtatattgtttgtaat,9.0,tgt,6.0,LDTYMWYIVCN,,False,False,9.0,3.0,6.0,18.0,13.0,8.0,821.0,798.0,True,False,True,True,False,False,1.0,both,0.002342548498743127,0.002381051840093571,5.582762909363844e-05,4.457030794654306e-05,3.908845717859516e-05
291,ortho,ttggatacttatatgtggtatattttgtgtaat,2.0,act,1.0,LDTYMWYILCN,,False,False,10.0,3.0,6.0,18.0,15.0,17.0,984.0,975.0,True,False,True,True,False,False,1.0,both,0.002807634254279217,0.0029091798798135736,5.582762909363844e-05,5.1427278399857374e-05,8.306297150451472e-05
292,ortho,ttggatacttatatgtggtatattttgtgtaat,3.0,tat,2.0,LDTYMWYILCN,,False,False,10.0,3.0,6.0,18.0,15.0,17.0,984.0,975.0,True,False,True,True,False,False,1.0,both,0.002807634254279217,0.0029091798798135736,5.582762909363844e-05,5.1427278399857374e-05,8.306297150451472e-05
293,ortho,ttggatacttatatgtggtatattttgtgtaat,4.0,atg,3.0,LDTYMWYILCN,,False,False,10.0,3.0,6.0,18.0,15.0,17.0,984.0,975.0,True,False,True,True,False,False,1.0,both,0.002807634254279217,0.0029091798798135736,5.582762909363844e-05,5.1427278399857374e-05,8.306297150451472e-05
294,ortho,ttggatacttatatgtggtatattttgtgtaat,6.0,tat,4.0,LDTYMWYILCN,,False,False,10.0,3.0,6.0,18.0,15.0,17.0,984.0,975.0,True,False,True,True,False,False,1.0,both,0.002807634254279217,0.0029091798798135736,5.582762909363844e-05,5.1427278399857374e-05,8.306297150451472e-05
295,ortho,ttggatacttatatgtggtatattttgtgtaat,8.0,ttg,5.0,LDTYMWYILCN,,False,False,10.0,3.0,6.0,18.0,15.0,17.0,984.0,975.0,True,False,True,True,False,False,1.0,both,0.002807634254279217,0.0029091798798135736,5.582762909363844e-05,5.1427278399857374e-05,8.306297150451472e-05
296,ortho,ttggatacttatatgtggtatattttgtgtaat,9.0,tgt,6.0,LDTYMWYILCN,,False,False,10.0,3.0,6.0,18.0,15.0,17.0,984.0,975.0,True,False,True,True,False,False,1.0,both,0.002807634254279217,0.0029091798798135736,5.582762909363844e-05,5.1427278399857374e-05,8.306297150451472e-05
297,ortho,ttggatacttatatgtggtggattattgttaat,2.0,act,1.0,LDTYMWWIIVN,,False,False,7.0,2.0,5.0,12.0,5.0,14.0,364.0,416.0,True,False,True,True,False,False,1.0,both,0.0010385964111358078,0.0012412500820537914,3.721841939575896e-05,1.7142426133285793e-05,6.840480006254153e-05
298,ortho,ttggatacttatatgtggtggattattgttaat,3.0,tat,2.0,LDTYMWWIIVN,,False,False,7.0,2.0,5.0,12.0,5.0,14.0,364.0,416.0,True,False,True,True,False,False,1.0,both,0.0010385964111358078,0.0012412500820537914,3.721841939575896e-05,1.7142426133285793e-05,6.840480006254153e-05
299,ortho,ttggatacttatatgtggtggattattgttaat,4.0,atg,3.0,LDTYMWWIIVN,,False,False,7.0,2.0,5.0,12.0,5.0,14.0,364.0,416.0,True,False,True,True,False,False,1.0,both,0.0010385964111358078,0.0012412500820537914,3.721841939575896e-05,1.7142426133285793e-05,6.840480006254153e-05
300,ortho,ttggatacttatatgtggtggattattgttaat,6.0,tgg,4.0,LDTYMWWIIVN,,False,False,7.0,2.0,5.0,12.0,5.0,14.0,364.0,416.0,True,False,True,True,False,False,1.0,both,0.0010385964111358078,0.0012412500820537914,3.721841939575896e-05,1.7142426133285793e-05,6.840480006254153e-05
301,ortho,ttggatacttatatgtggtggattattgttaat,9.0,gtt,5.0,LDTYMWWIIVN,,False,False,7.0,2.0,5.0,12.0,5.0,14.0,364.0,416.0,True,False,True,True,False,False,1.0,both,0.0010385964111358078,0.0012412500820537914,3.721841939575896e-05,1.7142426133285793e-05,6.840480006254153e-05
302,ortho,ttggatacttatttgatgtatgttgttgttaat,2.0,act,1.0,LDTYLMYVVVN,,False,False,9.0,3.0,8.0,8156.0,7593.0,4996.0,1393.0,1623.0,True,False,True,True,False,False,1.0,both,0.003974628573385111,0.004842665584551211,0.025296119049317507,0.026032488326007804,0.024410741508032678
303,ortho,ttggatacttatttgatgtatgttgttgttaat,3.0,tat,2.0,LDTYLMYVVVN,,False,False,9.0,3.0,8.0,8156.0,7593.0,4996.0,1393.0,1623.0,True,False,True,True,False,False,1.0,both,0.003974628573385111,0.004842665584551211,0.025296119049317507,0.026032488326007804,0.024410741508032678
304,ortho,ttggatacttatttgatgtatgttgttgttaat,4.0,ttg,3.0,LDTYLMYVVVN,,False,False,9.0,3.0,8.0,8156.0,7593.0,4996.0,1393.0,1623.0,True,False,True,True,False,False,1.0,both,0.003974628573385111,0.004842665584551211,0.025296119049317507,0.026032488326007804,0.024410741508032678
305,ortho,ttggatacttatttgatgtatgttgttgttaat,5.0,atg,4.0,LDTYLMYVVVN,,False,False,9.0,3.0,8.0,8156.0,7593.0,4996.0,1393.0,1623.0,True,False,True,True,False,False,1.0,both,0.003974628573385111,0.004842665584551211,0.025296119049317507,0.026032488326007804,0.024410741508032678
306,ortho,ttggatacttatttgatgtatgttgttgttaat,6.0,tat,5.0,LDTYLMYVVVN,,False,False,9.0,3.0,8.0,8156.0,7593.0,4996.0,1393.0,1623.0,True,False,True,True,False,False,1.0,both,0.003974628573385111,0.004842665584551211,0.025296119049317507,0.026032488326007804,0.024410741508032678
307,ortho,ttggatacttatttgatgtatgttgttgttaat,7.0,gtt,6.0,LDTYLMYVVVN,,False,False,9.0,3.0,8.0,8156.0,7593.0,4996.0,1393.0,1623.0,True,False,True,True,False,False,1.0,both,0.003974628573385111,0.004842665584551211,0.025296119049317507,0.026032488326007804,0.024410741508032678
308,ortho,ttggatacttatttgatgtatgttgttgttaat,8.0,gtt,7.0,LDTYLMYVVVN,,False,False,9.0,3.0,8.0,8156.0,7593.0,4996.0,1393.0,1623.0,True,False,True,True,False,False,1.0,both,0.003974628573385111,0.004842665584551211,0.025296119049317507,0.026032488326007804,0.024410741508032678
309,ortho,ttggatacttatttgatgtatgttgttgttaat,9.0,gtt,8.0,LDTYLMYVVVN,,False,False,9.0,3.0,8.0,8156.0,7593.0,4996.0,1393.0,1623.0,True,False,True,True,False,False,1.0,both,0.003974628573385111,0.004842665584551211,0.025296119049317507,0.026032488326007804,0.024410741508032678
310,ortho,ttggatacttatttgtggtatatgttgatttct,2.0,act,1.0,LDTYLWYMLIS,,False,False,11.0,4.0,8.0,6803.0,5409.0,4161.0,991.0,1072.0,True,False,True,True,False,False,1.0,both,0.002827607262185675,0.003198605980677078,0.021099742262445684,0.01854467659098857,0.020330883790016806
311,ortho,ttggatacttatttgtggtatatgttgatttct,3.0,tat,2.0,LDTYLWYMLIS,,False,False,11.0,4.0,8.0,6803.0,5409.0,4161.0,991.0,1072.0,True,False,True,True,False,False,1.0,both,0.002827607262185675,0.003198605980677078,0.021099742262445684,0.01854467659098857,0.020330883790016806
312,ortho,ttggatacttatttgtggtatatgttgatttct,4.0,ttg,3.0,LDTYLWYMLIS,,False,False,11.0,4.0,8.0,6803.0,5409.0,4161.0,991.0,1072.0,True,False,True,True,False,False,1.0,both,0.002827607262185675,0.003198605980677078,0.021099742262445684,0.01854467659098857,0.020330883790016806
313,ortho,ttggatacttatttgtggtatatgttgatttct,6.0,tat,4.0,LDTYLWYMLIS,,False,False,11.0,4.0,8.0,6803.0,5409.0,4161.0,991.0,1072.0,True,False,True,True,False,False,1.0,both,0.002827607262185675,0.003198605980677078,0.021099742262445684,0.01854467659098857,0.020330883790016806
314,ortho,ttggatacttatttgtggtatatgttgatttct,7.0,atg,5.0,LDTYLWYMLIS,,False,False,11.0,4.0,8.0,6803.0,5409.0,4161.0,991.0,1072.0,True,False,True,True,False,False,1.0,both,0.002827607262185675,0.003198605980677078,0.021099742262445684,0.01854467659098857,0.020330883790016806
315,ortho,ttggatacttatttgtggtatatgttgatttct,8.0,ttg,6.0,LDTYLWYMLIS,,False,False,11.0,4.0,8.0,6803.0,5409.0,4161.0,991.0,1072.0,True,False,True,True,False,False,1.0,both,0.002827607262185675,0.003198605980677078,0.021099742262445684,0.01854467659098857,0.020330883790016806
316,ortho,ttggatacttatttgtggtatatgttgatttct,9.0,att,7.0,LDTYLWYMLIS,,False,False,11.0,4.0,8.0,6803.0,5409.0,4161.0,991.0,1072.0,True,False,True,True,False,False,1.0,both,0.002827607262185675,0.003198605980677078,0.021099742262445684,0.01854467659098857,0.020330883790016806
317,ortho,ttggatacttatttgtggtatatgttgatttct,10.0,tct,8.0,LDTYLWYMLIS,,False,False,11.0,4.0,8.0,6803.0,5409.0,4161.0,991.0,1072.0,True,False,True,True,False,False,1.0,both,0.002827607262185675,0.003198605980677078,0.021099742262445684,0.01854467659098857,0.020330883790016806
318,ortho,ttggatacttatttgtggtatattattatgaat,2.0,act,1.0,LDTYLWYIIMN,,False,False,5.0,1.0,5.0,64.0,151.0,145.0,1939.0,1967.0,True,False,True,True,False,False,1.0,both,0.005532523190088822,0.005869083921634153,0.00019849823677738112,0.0005177012692252309,0.0007084782863620373
319,ortho,ttggatacttatttgtggtatattattatgaat,3.0,tat,2.0,LDTYLWYIIMN,,False,False,5.0,1.0,5.0,64.0,151.0,145.0,1939.0,1967.0,True,False,True,True,False,False,1.0,both,0.005532523190088822,0.005869083921634153,0.00019849823677738112,0.0005177012692252309,0.0007084782863620373
320,ortho,ttggatacttatttgtggtatattattatgaat,4.0,ttg,3.0,LDTYLWYIIMN,,False,False,5.0,1.0,5.0,64.0,151.0,145.0,1939.0,1967.0,True,False,True,True,False,False,1.0,both,0.005532523190088822,0.005869083921634153,0.00019849823677738112,0.0005177012692252309,0.0007084782863620373
321,ortho,ttggatacttatttgtggtatattattatgaat,6.0,tat,4.0,LDTYLWYIIMN,,False,False,5.0,1.0,5.0,64.0,151.0,145.0,1939.0,1967.0,True,False,True,True,False,False,1.0,both,0.005532523190088822,0.005869083921634153,0.00019849823677738112,0.0005177012692252309,0.0007084782863620373
322,ortho,ttggatacttatttgtggtatattattatgaat,9.0,atg,5.0,LDTYLWYIIMN,,False,False,5.0,1.0,5.0,64.0,151.0,145.0,1939.0,1967.0,True,False,True,True,False,False,1.0,both,0.005532523190088822,0.005869083921634153,0.00019849823677738112,0.0005177012692252309,0.0007084782863620373
323,ortho,ttggatacttatttgtggtatattattattaat,2.0,act,1.0,LDTYLWYIIIN,,False,False,6.0,1.0,5.0,27.0,87.0,66.0,857.0,920.0,True,False,True,True,False,False,1.0,both,0.0024452668251191963,0.0027450722968497313,8.374144364045766e-05,0.0002982782147191728,0.0003224797717234101
324,ortho,ttggatacttatttgtggtatattattattaat,3.0,tat,2.0,LDTYLWYIIIN,,False,False,6.0,1.0,5.0,27.0,87.0,66.0,857.0,920.0,True,False,True,True,False,False,1.0,both,0.0024452668251191963,0.0027450722968497313,8.374144364045766e-05,0.0002982782147191728,0.0003224797717234101
325,ortho,ttggatacttatttgtggtatattattattaat,4.0,ttg,3.0,LDTYLWYIIIN,,False,False,6.0,1.0,5.0,27.0,87.0,66.0,857.0,920.0,True,False,True,True,False,False,1.0,both,0.0024452668251191963,0.0027450722968497313,8.374144364045766e-05,0.0002982782147191728,0.0003224797717234101
326,ortho,ttggatacttatttgtggtatattattattaat,6.0,tat,4.0,LDTYLWYIIIN,,False,False,6.0,1.0,5.0,27.0,87.0,66.0,857.0,920.0,True,False,True,True,False,False,1.0,both,0.0024452668251191963,0.0027450722968497313,8.374144364045766e-05,0.0002982782147191728,0.0003224797717234101
327,ortho,ttggatacttatttgtggtatattattattaat,9.0,att,5.0,LDTYLWYIIIN,,False,False,6.0,1.0,5.0,27.0,87.0,66.0,857.0,920.0,True,False,True,True,False,False,1.0,both,0.0024452668251191963,0.0027450722968497313,8.374144364045766e-05,0.0002982782147191728,0.0003224797717234101
328,ortho,ttggatacttatttgtggtatattattgttaat,2.0,act,1.0,LDTYLWYIIVN,,False,False,5.0,0.0,5.0,25.0,44.0,26.0,1170.0,1217.0,True,False,True,True,False,False,1.0,both,0.0033383456072222394,0.0036312532448544814,7.75383737411645e-05,0.00015085334997291496,0.00012703748583043427
329,ortho,ttggatacttatttgtggtatattattgttaat,3.0,tat,2.0,LDTYLWYIIVN,,False,False,5.0,0.0,5.0,25.0,44.0,26.0,1170.0,1217.0,True,False,True,True,False,False,1.0,both,0.0033383456072222394,0.0036312532448544814,7.75383737411645e-05,0.00015085334997291496,0.00012703748583043427
330,ortho,ttggatacttatttgtggtatattattgttaat,4.0,ttg,3.0,LDTYLWYIIVN,,False,False,5.0,0.0,5.0,25.0,44.0,26.0,1170.0,1217.0,True,False,True,True,False,False,1.0,both,0.0033383456072222394,0.0036312532448544814,7.75383737411645e-05,0.00015085334997291496,0.00012703748583043427
331,ortho,ttggatacttatttgtggtatattattgttaat,6.0,tat,4.0,LDTYLWYIIVN,,False,False,5.0,0.0,5.0,25.0,44.0,26.0,1170.0,1217.0,True,False,True,True,False,False,1.0,both,0.0033383456072222394,0.0036312532448544814,7.75383737411645e-05,0.00015085334997291496,0.00012703748583043427
332,ortho,ttggatacttatttgtggtatattattgttaat,9.0,gtt,5.0,LDTYLWYIIVN,,False,False,5.0,0.0,5.0,25.0,44.0,26.0,1170.0,1217.0,True,False,True,True,False,False,1.0,both,0.0033383456072222394,0.0036312532448544814,7.75383737411645e-05,0.00015085334997291496,0.00012703748583043427
333,ortho,ttggatacttatttgtggtatattatttggaat,2.0,act,1.0,LDTYLWYIIWN,,False,False,6.0,1.0,5.0,69.0,143.0,117.0,605.0,857.0,True,False,True,True,False,False,1.0,both,0.0017262385404867137,0.002557094520000239,0.00021400591152561402,0.0004902733874119736,0.0005716686862369542
334,ortho,ttggatacttatttgtggtatattatttggaat,3.0,tat,2.0,LDTYLWYIIWN,,False,False,6.0,1.0,5.0,69.0,143.0,117.0,605.0,857.0,True,False,True,True,False,False,1.0,both,0.0017262385404867137,0.002557094520000239,0.00021400591152561402,0.0004902733874119736,0.0005716686862369542
335,ortho,ttggatacttatttgtggtatattatttggaat,4.0,ttg,3.0,LDTYLWYIIWN,,False,False,6.0,1.0,5.0,69.0,143.0,117.0,605.0,857.0,True,False,True,True,False,False,1.0,both,0.0017262385404867137,0.002557094520000239,0.00021400591152561402,0.0004902733874119736,0.0005716686862369542
336,ortho,ttggatacttatttgtggtatattatttggaat,6.0,tat,4.0,LDTYLWYIIWN,,False,False,6.0,1.0,5.0,69.0,143.0,117.0,605.0,857.0,True,False,True,True,False,False,1.0,both,0.0017262385404867137,0.002557094520000239,0.00021400591152561402,0.0004902733874119736,0.0005716686862369542
337,ortho,ttggatacttatttgtggtatattatttggaat,9.0,tgg,5.0,LDTYLWYIIWN,,False,False,6.0,1.0,5.0,69.0,143.0,117.0,605.0,857.0,True,False,True,True,False,False,1.0,both,0.0017262385404867137,0.002557094520000239,0.00021400591152561402,0.0004902733874119736,0.0005716686862369542
338,ortho,ttggatacttatttgtggtatattatttggatt,2.0,act,1.0,LDTYLWYIIWI,,False,False,7.0,2.0,6.0,34.0,20.0,18.0,332.0,373.0,True,False,True,True,False,False,1.0,both,0.0009472912321348577,0.0011129477899184236,0.00010545218828798372,6.856970453314317e-05,8.794902865183911e-05
339,ortho,ttggatacttatttgtggtatattatttggatt,3.0,tat,2.0,LDTYLWYIIWI,,False,False,7.0,2.0,6.0,34.0,20.0,18.0,332.0,373.0,True,False,True,True,False,False,1.0,both,0.0009472912321348577,0.0011129477899184236,0.00010545218828798372,6.856970453314317e-05,8.794902865183911e-05
340,ortho,ttggatacttatttgtggtatattatttggatt,4.0,ttg,3.0,LDTYLWYIIWI,,False,False,7.0,2.0,6.0,34.0,20.0,18.0,332.0,373.0,True,False,True,True,False,False,1.0,both,0.0009472912321348577,0.0011129477899184236,0.00010545218828798372,6.856970453314317e-05,8.794902865183911e-05
341,ortho,ttggatacttatttgtggtatattatttggatt,6.0,tat,4.0,LDTYLWYIIWI,,False,False,7.0,2.0,6.0,34.0,20.0,18.0,332.0,373.0,True,False,True,True,False,False,1.0,both,0.0009472912321348577,0.0011129477899184236,0.00010545218828798372,6.856970453314317e-05,8.794902865183911e-05
342,ortho,ttggatacttatttgtggtatattatttggatt,9.0,tgg,5.0,LDTYLWYIIWI,,False,False,7.0,2.0,6.0,34.0,20.0,18.0,332.0,373.0,True,False,True,True,False,False,1.0,both,0.0009472912321348577,0.0011129477899184236,0.00010545218828798372,6.856970453314317e-05,8.794902865183911e-05
343,ortho,ttggatacttatttgtggtatattatttggatt,10.0,att,6.0,LDTYLWYIIWI,,False,False,7.0,2.0,6.0,34.0,20.0,18.0,332.0,373.0,True,False,True,True,False,False,1.0,both,0.0009472912321348577,0.0011129477899184236,0.00010545218828798372,6.856970453314317e-05,8.794902865183911e-05
344,ortho,ttggatacttatttgtggtatattatttgggtt,2.0,act,1.0,LDTYLWYIIWV,,False,False,8.0,2.0,6.0,7.0,19.0,6.0,290.0,299.0,True,False,True,True,False,False,1.0,both,0.0008274531846961106,0.0008921484964761626,2.1710744647526062e-05,6.514121930648601e-05,2.931634288394637e-05
345,ortho,ttggatacttatttgtggtatattatttgggtt,3.0,tat,2.0,LDTYLWYIIWV,,False,False,8.0,2.0,6.0,7.0,19.0,6.0,290.0,299.0,True,False,True,True,False,False,1.0,both,0.0008274531846961106,0.0008921484964761626,2.1710744647526062e-05,6.514121930648601e-05,2.931634288394637e-05
346,ortho,ttggatacttatttgtggtatattatttgggtt,4.0,ttg,3.0,LDTYLWYIIWV,,False,False,8.0,2.0,6.0,7.0,19.0,6.0,290.0,299.0,True,False,True,True,False,False,1.0,both,0.0008274531846961106,0.0008921484964761626,2.1710744647526062e-05,6.514121930648601e-05,2.931634288394637e-05
347,ortho,ttggatacttatttgtggtatattatttgggtt,6.0,tat,4.0,LDTYLWYIIWV,,False,False,8.0,2.0,6.0,7.0,19.0,6.0,290.0,299.0,True,False,True,True,False,False,1.0,both,0.0008274531846961106,0.0008921484964761626,2.1710744647526062e-05,6.514121930648601e-05,2.931634288394637e-05
348,ortho,ttggatacttatttgtggtatattatttgggtt,9.0,tgg,5.0,LDTYLWYIIWV,,False,False,8.0,2.0,6.0,7.0,19.0,6.0,290.0,299.0,True,False,True,True,False,False,1.0,both,0.0008274531846961106,0.0008921484964761626,2.1710744647526062e-05,6.514121930648601e-05,2.931634288394637e-05
349,ortho,ttggatacttatttgtggtatattatttgggtt,10.0,gtt,6.0,LDTYLWYIIWV,,False,False,8.0,2.0,6.0,7.0,19.0,6.0,290.0,299.0,True,False,True,True,False,False,1.0,both,0.0008274531846961106,0.0008921484964761626,2.1710744647526062e-05,6.514121930648601e-05,2.931634288394637e-05
350,ortho,ttggatacttatttgtggtatattatttgtaat,2.0,act,1.0,LDTYLWYIICN,,False,False,7.0,1.0,5.0,36.0,47.0,59.0,1135.0,1364.0,True,False,True,True,False,False,1.0,both,0.0032384805676899503,0.004069868057503297,0.00011165525818727688,0.00016113880565288643,0.0002882773716921393
351,ortho,ttggatacttatttgtggtatattatttgtaat,3.0,tat,2.0,LDTYLWYIICN,,False,False,7.0,1.0,5.0,36.0,47.0,59.0,1135.0,1364.0,True,False,True,True,False,False,1.0,both,0.0032384805676899503,0.004069868057503297,0.00011165525818727688,0.00016113880565288643,0.0002882773716921393
352,ortho,ttggatacttatttgtggtatattatttgtaat,4.0,ttg,3.0,LDTYLWYIICN,,False,False,7.0,1.0,5.0,36.0,47.0,59.0,1135.0,1364.0,True,False,True,True,False,False,1.0,both,0.0032384805676899503,0.004069868057503297,0.00011165525818727688,0.00016113880565288643,0.0002882773716921393
353,ortho,ttggatacttatttgtggtatattatttgtaat,6.0,tat,4.0,LDTYLWYIICN,,False,False,7.0,1.0,5.0,36.0,47.0,59.0,1135.0,1364.0,True,False,True,True,False,False,1.0,both,0.0032384805676899503,0.004069868057503297,0.00011165525818727688,0.00016113880565288643,0.0002882773716921393
354,ortho,ttggatacttatttgtggtatattatttgtaat,9.0,tgt,5.0,LDTYLWYIICN,,False,False,7.0,1.0,5.0,36.0,47.0,59.0,1135.0,1364.0,True,False,True,True,False,False,1.0,both,0.0032384805676899503,0.004069868057503297,0.00011165525818727688,0.00016113880565288643,0.0002882773716921393
355,ortho,ttggatacttatttgtggtatattattttgaaa,2.0,act,1.0,LDTYLWYIILK,,False,False,6.0,2.0,6.0,43.0,36.0,16.0,710.0,924.0,True,False,True,True,False,False,1.0,both,0.0020258336590835814,0.002757007393792556,0.00013336600283480295,0.0001234254681596577,7.817691435719032e-05
356,ortho,ttggatacttatttgtggtatattattttgaaa,3.0,tat,2.0,LDTYLWYIILK,,False,False,6.0,2.0,6.0,43.0,36.0,16.0,710.0,924.0,True,False,True,True,False,False,1.0,both,0.0020258336590835814,0.002757007393792556,0.00013336600283480295,0.0001234254681596577,7.817691435719032e-05
357,ortho,ttggatacttatttgtggtatattattttgaaa,4.0,ttg,3.0,LDTYLWYIILK,,False,False,6.0,2.0,6.0,43.0,36.0,16.0,710.0,924.0,True,False,True,True,False,False,1.0,both,0.0020258336590835814,0.002757007393792556,0.00013336600283480295,0.0001234254681596577,7.817691435719032e-05
358,ortho,ttggatacttatttgtggtatattattttgaaa,6.0,tat,4.0,LDTYLWYIILK,,False,False,6.0,2.0,6.0,43.0,36.0,16.0,710.0,924.0,True,False,True,True,False,False,1.0,both,0.0020258336590835814,0.002757007393792556,0.00013336600283480295,0.0001234254681596577,7.817691435719032e-05
359,ortho,ttggatacttatttgtggtatattattttgaaa,9.0,ttg,5.0,LDTYLWYIILK,,False,False,6.0,2.0,6.0,43.0,36.0,16.0,710.0,924.0,True,False,True,True,False,False,1.0,both,0.0020258336590835814,0.002757007393792556,0.00013336600283480295,0.0001234254681596577,7.817691435719032e-05
360,ortho,ttggatacttatttgtggtatattattttgaaa,10.0,aaa,6.0,LDTYLWYIILK,,False,False,6.0,2.0,6.0,43.0,36.0,16.0,710.0,924.0,True,False,True,True,False,False,1.0,both,0.0020258336590835814,0.002757007393792556,0.00013336600283480295,0.0001234254681596577,7.817691435719032e-05
361,ortho,ttggatacttatttgtggtatattattttgaat,2.0,act,1.0,LDTYLWYIILN,,False,False,5.0,1.0,5.0,106.0,261.0,245.0,4718.0,3819.0,True,False,True,True,False,False,1.0,both,0.013461807328952587,0.01139503380616209,0.0003287627046625375,0.0008948346441575183,0.0011970840010944769
362,ortho,ttggatacttatttgtggtatattattttgaat,3.0,tat,2.0,LDTYLWYIILN,,False,False,5.0,1.0,5.0,106.0,261.0,245.0,4718.0,3819.0,True,False,True,True,False,False,1.0,both,0.013461807328952587,0.01139503380616209,0.0003287627046625375,0.0008948346441575183,0.0011970840010944769
363,ortho,ttggatacttatttgtggtatattattttgaat,4.0,ttg,3.0,LDTYLWYIILN,,False,False,5.0,1.0,5.0,106.0,261.0,245.0,4718.0,3819.0,True,False,True,True,False,False,1.0,both,0.013461807328952587,0.01139503380616209,0.0003287627046625375,0.0008948346441575183,0.0011970840010944769
364,ortho,ttggatacttatttgtggtatattattttgaat,6.0,tat,4.0,LDTYLWYIILN,,False,False,5.0,1.0,5.0,106.0,261.0,245.0,4718.0,3819.0,True,False,True,True,False,False,1.0,both,0.013461807328952587,0.01139503380616209,0.0003287627046625375,0.0008948346441575183,0.0011970840010944769
365,ortho,ttggatacttatttgtggtatattattttgaat,9.0,ttg,5.0,LDTYLWYIILN,,False,False,5.0,1.0,5.0,106.0,261.0,245.0,4718.0,3819.0,True,False,True,True,False,False,1.0,both,0.013461807328952587,0.01139503380616209,0.0003287627046625375,0.0008948346441575183,0.0011970840010944769
366,ortho,ttggatacttatttgtggtatattatttttaat,2.0,act,1.0,LDTYLWYIIFN,,False,False,6.0,1.0,5.0,83.0,120.0,93.0,766.0,866.0,True,False,True,True,False,False,1.0,both,0.002185617722335244,0.0025839484881215948,0.00025742740082066617,0.000411418227198859,0.00045440331470116875
367,ortho,ttggatacttatttgtggtatattatttttaat,3.0,tat,2.0,LDTYLWYIIFN,,False,False,6.0,1.0,5.0,83.0,120.0,93.0,766.0,866.0,True,False,True,True,False,False,1.0,both,0.002185617722335244,0.0025839484881215948,0.00025742740082066617,0.000411418227198859,0.00045440331470116875
368,ortho,ttggatacttatttgtggtatattatttttaat,4.0,ttg,3.0,LDTYLWYIIFN,,False,False,6.0,1.0,5.0,83.0,120.0,93.0,766.0,866.0,True,False,True,True,False,False,1.0,both,0.002185617722335244,0.0025839484881215948,0.00025742740082066617,0.000411418227198859,0.00045440331470116875
369,ortho,ttggatacttatttgtggtatattatttttaat,6.0,tat,4.0,LDTYLWYIIFN,,False,False,6.0,1.0,5.0,83.0,120.0,93.0,766.0,866.0,True,False,True,True,False,False,1.0,both,0.002185617722335244,0.0025839484881215948,0.00025742740082066617,0.000411418227198859,0.00045440331470116875
370,ortho,ttggatacttatttgtggtatattatttttaat,9.0,ttt,5.0,LDTYLWYIIFN,,False,False,6.0,1.0,5.0,83.0,120.0,93.0,766.0,866.0,True,False,True,True,False,False,1.0,both,0.002185617722335244,0.0025839484881215948,0.00025742740082066617,0.000411418227198859,0.00045440331470116875
371,ortho,ttggatacttatttgtggtatattgttgttaat,2.0,act,1.0,LDTYLWYIVVN,,False,False,6.0,1.0,6.0,31.0,13.0,20.0,726.0,737.0,True,False,True,True,False,False,1.0,both,0.0020714862485840565,0.0021990416117154913,9.614758343904398e-05,4.457030794654306e-05,9.772114294648791e-05
372,ortho,ttggatacttatttgtggtatattgttgttaat,3.0,tat,2.0,LDTYLWYIVVN,,False,False,6.0,1.0,6.0,31.0,13.0,20.0,726.0,737.0,True,False,True,True,False,False,1.0,both,0.0020714862485840565,0.0021990416117154913,9.614758343904398e-05,4.457030794654306e-05,9.772114294648791e-05
373,ortho,ttggatacttatttgtggtatattgttgttaat,4.0,ttg,3.0,LDTYLWYIVVN,,False,False,6.0,1.0,6.0,31.0,13.0,20.0,726.0,737.0,True,False,True,True,False,False,1.0,both,0.0020714862485840565,0.0021990416117154913,9.614758343904398e-05,4.457030794654306e-05,9.772114294648791e-05
374,ortho,ttggatacttatttgtggtatattgttgttaat,6.0,tat,4.0,LDTYLWYIVVN,,False,False,6.0,1.0,6.0,31.0,13.0,20.0,726.0,737.0,True,False,True,True,False,False,1.0,both,0.0020714862485840565,0.0021990416117154913,9.614758343904398e-05,4.457030794654306e-05,9.772114294648791e-05
375,ortho,ttggatacttatttgtggtatattgttgttaat,8.0,gtt,5.0,LDTYLWYIVVN,,False,False,6.0,1.0,6.0,31.0,13.0,20.0,726.0,737.0,True,False,True,True,False,False,1.0,both,0.0020714862485840565,0.0021990416117154913,9.614758343904398e-05,4.457030794654306e-05,9.772114294648791e-05
376,ortho,ttggatacttatttgtggtatattgttgttaat,9.0,gtt,6.0,LDTYLWYIVVN,,False,False,6.0,1.0,6.0,31.0,13.0,20.0,726.0,737.0,True,False,True,True,False,False,1.0,both,0.0020714862485840565,0.0021990416117154913,9.614758343904398e-05,4.457030794654306e-05,9.772114294648791e-05
377,ortho,ttggatacttatttgtggtatattttgattggt,2.0,act,1.0,LDTYLWYILIG,,False,False,10.0,3.0,7.0,968.0,1420.0,1229.0,538.0,624.0,True,False,True,True,False,False,1.0,both,0.0015350683219534744,0.0018618751230806872,0.0030022858312578897,0.004868449021853165,0.006004964234061681
378,ortho,ttggatacttatttgtggtatattttgattggt,3.0,tat,2.0,LDTYLWYILIG,,False,False,10.0,3.0,7.0,968.0,1420.0,1229.0,538.0,624.0,True,False,True,True,False,False,1.0,both,0.0015350683219534744,0.0018618751230806872,0.0030022858312578897,0.004868449021853165,0.006004964234061681
379,ortho,ttggatacttatttgtggtatattttgattggt,4.0,ttg,3.0,LDTYLWYILIG,,False,False,10.0,3.0,7.0,968.0,1420.0,1229.0,538.0,624.0,True,False,True,True,False,False,1.0,both,0.0015350683219534744,0.0018618751230806872,0.0030022858312578897,0.004868449021853165,0.006004964234061681
380,ortho,ttggatacttatttgtggtatattttgattggt,6.0,tat,4.0,LDTYLWYILIG,,False,False,10.0,3.0,7.0,968.0,1420.0,1229.0,538.0,624.0,True,False,True,True,False,False,1.0,both,0.0015350683219534744,0.0018618751230806872,0.0030022858312578897,0.004868449021853165,0.006004964234061681
381,ortho,ttggatacttatttgtggtatattttgattggt,8.0,ttg,5.0,LDTYLWYILIG,,False,False,10.0,3.0,7.0,968.0,1420.0,1229.0,538.0,624.0,True,False,True,True,False,False,1.0,both,0.0015350683219534744,0.0018618751230806872,0.0030022858312578897,0.004868449021853165,0.006004964234061681
382,ortho,ttggatacttatttgtggtatattttgattggt,9.0,att,6.0,LDTYLWYILIG,,False,False,10.0,3.0,7.0,968.0,1420.0,1229.0,538.0,624.0,True,False,True,True,False,False,1.0,both,0.0015350683219534744,0.0018618751230806872,0.0030022858312578897,0.004868449021853165,0.006004964234061681
383,ortho,ttggatacttatttgtggtatattttgattggt,10.0,ggt,7.0,LDTYLWYILIG,,False,False,10.0,3.0,7.0,968.0,1420.0,1229.0,538.0,624.0,True,False,True,True,False,False,1.0,both,0.0015350683219534744,0.0018618751230806872,0.0030022858312578897,0.004868449021853165,0.006004964234061681
384,ortho,ttggatacttatttgtggtatattttgatttct,2.0,act,1.0,LDTYLWYILIS,,False,False,10.0,3.0,7.0,1819.0,2360.0,2033.0,1132.0,1318.0,True,False,True,True,False,False,1.0,both,0.0032299207071586115,0.003932614442660811,0.00564169207340713,0.008091225134910894,0.009933354180510496
385,ortho,ttggatacttatttgtggtatattttgatttct,3.0,tat,2.0,LDTYLWYILIS,,False,False,10.0,3.0,7.0,1819.0,2360.0,2033.0,1132.0,1318.0,True,False,True,True,False,False,1.0,both,0.0032299207071586115,0.003932614442660811,0.00564169207340713,0.008091225134910894,0.009933354180510496
386,ortho,ttggatacttatttgtggtatattttgatttct,4.0,ttg,3.0,LDTYLWYILIS,,False,False,10.0,3.0,7.0,1819.0,2360.0,2033.0,1132.0,1318.0,True,False,True,True,False,False,1.0,both,0.0032299207071586115,0.003932614442660811,0.00564169207340713,0.008091225134910894,0.009933354180510496
387,ortho,ttggatacttatttgtggtatattttgatttct,6.0,tat,4.0,LDTYLWYILIS,,False,False,10.0,3.0,7.0,1819.0,2360.0,2033.0,1132.0,1318.0,True,False,True,True,False,False,1.0,both,0.0032299207071586115,0.003932614442660811,0.00564169207340713,0.008091225134910894,0.009933354180510496
388,ortho,ttggatacttatttgtggtatattttgatttct,8.0,ttg,5.0,LDTYLWYILIS,,False,False,10.0,3.0,7.0,1819.0,2360.0,2033.0,1132.0,1318.0,True,False,True,True,False,False,1.0,both,0.0032299207071586115,0.003932614442660811,0.00564169207340713,0.008091225134910894,0.009933354180510496
389,ortho,ttggatacttatttgtggtatattttgatttct,9.0,att,6.0,LDTYLWYILIS,,False,False,10.0,3.0,7.0,1819.0,2360.0,2033.0,1132.0,1318.0,True,False,True,True,False,False,1.0,both,0.0032299207071586115,0.003932614442660811,0.00564169207340713,0.008091225134910894,0.009933354180510496
390,ortho,ttggatacttatttgtggtatattttgatttct,10.0,tct,7.0,LDTYLWYILIS,,False,False,10.0,3.0,7.0,1819.0,2360.0,2033.0,1132.0,1318.0,True,False,True,True,False,False,1.0,both,0.0032299207071586115,0.003932614442660811,0.00564169207340713,0.008091225134910894,0.009933354180510496
391,ortho,ttggatacttatttgtggtatattttggttaat,2.0,act,1.0,LDTYLWYILVN,,False,False,7.0,1.0,6.0,37.0,34.0,47.0,1436.0,1440.0,True,False,True,True,False,False,1.0,both,0.0040973199076676375,0.00429663489941697,0.00011475679313692346,0.00011656849770634338,0.00022964468592424656
392,ortho,ttggatacttatttgtggtatattttggttaat,3.0,tat,2.0,LDTYLWYILVN,,False,False,7.0,1.0,6.0,37.0,34.0,47.0,1436.0,1440.0,True,False,True,True,False,False,1.0,both,0.0040973199076676375,0.00429663489941697,0.00011475679313692346,0.00011656849770634338,0.00022964468592424656
393,ortho,ttggatacttatttgtggtatattttggttaat,4.0,ttg,3.0,LDTYLWYILVN,,False,False,7.0,1.0,6.0,37.0,34.0,47.0,1436.0,1440.0,True,False,True,True,False,False,1.0,both,0.0040973199076676375,0.00429663489941697,0.00011475679313692346,0.00011656849770634338,0.00022964468592424656
394,ortho,ttggatacttatttgtggtatattttggttaat,6.0,tat,4.0,LDTYLWYILVN,,False,False,7.0,1.0,6.0,37.0,34.0,47.0,1436.0,1440.0,True,False,True,True,False,False,1.0,both,0.0040973199076676375,0.00429663489941697,0.00011475679313692346,0.00011656849770634338,0.00022964468592424656
395,ortho,ttggatacttatttgtggtatattttggttaat,8.0,ttg,5.0,LDTYLWYILVN,,False,False,7.0,1.0,6.0,37.0,34.0,47.0,1436.0,1440.0,True,False,True,True,False,False,1.0,both,0.0040973199076676375,0.00429663489941697,0.00011475679313692346,0.00011656849770634338,0.00022964468592424656
396,ortho,ttggatacttatttgtggtatattttggttaat,9.0,gtt,6.0,LDTYLWYILVN,,False,False,7.0,1.0,6.0,37.0,34.0,47.0,1436.0,1440.0,True,False,True,True,False,False,1.0,both,0.0040973199076676375,0.00429663489941697,0.00011475679313692346,0.00011656849770634338,0.00022964468592424656
397,ortho,ttggatacttatttgtggtatattttgtgtaat,2.0,act,1.0,LDTYLWYILCN,,False,False,9.0,2.0,6.0,53.0,45.0,66.0,1218.0,1375.0,True,False,True,True,False,False,1.0,both,0.0034753033757236648,0.0041026895740960655,0.00016438135233126874,0.00015428183519957214,0.0003224797717234101
398,ortho,ttggatacttatttgtggtatattttgtgtaat,3.0,tat,2.0,LDTYLWYILCN,,False,False,9.0,2.0,6.0,53.0,45.0,66.0,1218.0,1375.0,True,False,True,True,False,False,1.0,both,0.0034753033757236648,0.0041026895740960655,0.00016438135233126874,0.00015428183519957214,0.0003224797717234101
399,ortho,ttggatacttatttgtggtatattttgtgtaat,4.0,ttg,3.0,LDTYLWYILCN,,False,False,9.0,2.0,6.0,53.0,45.0,66.0,1218.0,1375.0,True,False,True,True,False,False,1.0,both,0.0034753033757236648,0.0041026895740960655,0.00016438135233126874,0.00015428183519957214,0.0003224797717234101
400,ortho,ttggatacttatttgtggtatattttgtgtaat,6.0,tat,4.0,LDTYLWYILCN,,False,False,9.0,2.0,6.0,53.0,45.0,66.0,1218.0,1375.0,True,False,True,True,False,False,1.0,both,0.0034753033757236648,0.0041026895740960655,0.00016438135233126874,0.00015428183519957214,0.0003224797717234101
401,ortho,ttggatacttatttgtggtatattttgtgtaat,8.0,ttg,5.0,LDTYLWYILCN,,False,False,9.0,2.0,6.0,53.0,45.0,66.0,1218.0,1375.0,True,False,True,True,False,False,1.0,both,0.0034753033757236648,0.0041026895740960655,0.00016438135233126874,0.00015428183519957214,0.0003224797717234101
402,ortho,ttggatacttatttgtggtatattttgtgtaat,9.0,tgt,6.0,LDTYLWYILCN,,False,False,9.0,2.0,6.0,53.0,45.0,66.0,1218.0,1375.0,True,False,True,True,False,False,1.0,both,0.0034753033757236648,0.0041026895740960655,0.00016438135233126874,0.00015428183519957214,0.0003224797717234101
403,ortho,ttggatacttatttgtggtatgttattgttaat,2.0,act,1.0,LDTYLWYVIVN,,False,False,6.0,1.0,6.0,24.0,20.0,20.0,1106.0,1251.0,True,False,True,True,False,False,1.0,both,0.0031557352492203395,0.0037327015688684933,7.443683879151792e-05,6.856970453314317e-05,9.772114294648791e-05
404,ortho,ttggatacttatttgtggtatgttattgttaat,3.0,tat,2.0,LDTYLWYVIVN,,False,False,6.0,1.0,6.0,24.0,20.0,20.0,1106.0,1251.0,True,False,True,True,False,False,1.0,both,0.0031557352492203395,0.0037327015688684933,7.443683879151792e-05,6.856970453314317e-05,9.772114294648791e-05
405,ortho,ttggatacttatttgtggtatgttattgttaat,4.0,ttg,3.0,LDTYLWYVIVN,,False,False,6.0,1.0,6.0,24.0,20.0,20.0,1106.0,1251.0,True,False,True,True,False,False,1.0,both,0.0031557352492203395,0.0037327015688684933,7.443683879151792e-05,6.856970453314317e-05,9.772114294648791e-05
406,ortho,ttggatacttatttgtggtatgttattgttaat,6.0,tat,4.0,LDTYLWYVIVN,,False,False,6.0,1.0,6.0,24.0,20.0,20.0,1106.0,1251.0,True,False,True,True,False,False,1.0,both,0.0031557352492203395,0.0037327015688684933,7.443683879151792e-05,6.856970453314317e-05,9.772114294648791e-05
407,ortho,ttggatacttatttgtggtatgttattgttaat,7.0,gtt,5.0,LDTYLWYVIVN,,False,False,6.0,1.0,6.0,24.0,20.0,20.0,1106.0,1251.0,True,False,True,True,False,False,1.0,both,0.0031557352492203395,0.0037327015688684933,7.443683879151792e-05,6.856970453314317e-05,9.772114294648791e-05
408,ortho,ttggatacttatttgtggtatgttattgttaat,9.0,gtt,6.0,LDTYLWYVIVN,,False,False,6.0,1.0,6.0,24.0,20.0,20.0,1106.0,1251.0,True,False,True,True,False,False,1.0,both,0.0031557352492203395,0.0037327015688684933,7.443683879151792e-05,6.856970453314317e-05,9.772114294648791e-05
409,ortho,ttggatacttatttgtggtatgttatttataat,2.0,act,1.0,LDTYLWYVIYN,,False,False,8.0,2.0,6.0,19.0,20.0,29.0,247.0,263.0,True,False,True,True,False,False,1.0,both,0.0007047618504135839,0.0007847326239907383,5.892916404328502e-05,6.856970453314317e-05,0.00014169565727240746
410,ortho,ttggatacttatttgtggtatgttatttataat,3.0,tat,2.0,LDTYLWYVIYN,,False,False,8.0,2.0,6.0,19.0,20.0,29.0,247.0,263.0,True,False,True,True,False,False,1.0,both,0.0007047618504135839,0.0007847326239907383,5.892916404328502e-05,6.856970453314317e-05,0.00014169565727240746
411,ortho,ttggatacttatttgtggtatgttatttataat,4.0,ttg,3.0,LDTYLWYVIYN,,False,False,8.0,2.0,6.0,19.0,20.0,29.0,247.0,263.0,True,False,True,True,False,False,1.0,both,0.0007047618504135839,0.0007847326239907383,5.892916404328502e-05,6.856970453314317e-05,0.00014169565727240746
412,ortho,ttggatacttatttgtggtatgttatttataat,6.0,tat,4.0,LDTYLWYVIYN,,False,False,8.0,2.0,6.0,19.0,20.0,29.0,247.0,263.0,True,False,True,True,False,False,1.0,both,0.0007047618504135839,0.0007847326239907383,5.892916404328502e-05,6.856970453314317e-05,0.00014169565727240746
413,ortho,ttggatacttatttgtggtatgttatttataat,7.0,gtt,5.0,LDTYLWYVIYN,,False,False,8.0,2.0,6.0,19.0,20.0,29.0,247.0,263.0,True,False,True,True,False,False,1.0,both,0.0007047618504135839,0.0007847326239907383,5.892916404328502e-05,6.856970453314317e-05,0.00014169565727240746
414,ortho,ttggatacttatttgtggtatgttatttataat,9.0,tat,6.0,LDTYLWYVIYN,,False,False,8.0,2.0,6.0,19.0,20.0,29.0,247.0,263.0,True,False,True,True,False,False,1.0,both,0.0007047618504135839,0.0007847326239907383,5.892916404328502e-05,6.856970453314317e-05,0.00014169565727240746
415,ortho,ttggatacttatttgtggtatgttatttggaat,2.0,act,1.0,LDTYLWYVIWN,,False,False,7.0,2.0,6.0,20.0,21.0,28.0,506.0,580.0,True,False,True,True,False,False,1.0,both,0.0014437631429525242,0.0017305890567096132,6.20306989929316e-05,7.199818975980032e-05,0.00013680960012508306
416,ortho,ttggatacttatttgtggtatgttatttggaat,3.0,tat,2.0,LDTYLWYVIWN,,False,False,7.0,2.0,6.0,20.0,21.0,28.0,506.0,580.0,True,False,True,True,False,False,1.0,both,0.0014437631429525242,0.0017305890567096132,6.20306989929316e-05,7.199818975980032e-05,0.00013680960012508306
417,ortho,ttggatacttatttgtggtatgttatttggaat,4.0,ttg,3.0,LDTYLWYVIWN,,False,False,7.0,2.0,6.0,20.0,21.0,28.0,506.0,580.0,True,False,True,True,False,False,1.0,both,0.0014437631429525242,0.0017305890567096132,6.20306989929316e-05,7.199818975980032e-05,0.00013680960012508306
418,ortho,ttggatacttatttgtggtatgttatttggaat,6.0,tat,4.0,LDTYLWYVIWN,,False,False,7.0,2.0,6.0,20.0,21.0,28.0,506.0,580.0,True,False,True,True,False,False,1.0,both,0.0014437631429525242,0.0017305890567096132,6.20306989929316e-05,7.199818975980032e-05,0.00013680960012508306
419,ortho,ttggatacttatttgtggtatgttatttggaat,7.0,gtt,5.0,LDTYLWYVIWN,,False,False,7.0,2.0,6.0,20.0,21.0,28.0,506.0,580.0,True,False,True,True,False,False,1.0,both,0.0014437631429525242,0.0017305890567096132,6.20306989929316e-05,7.199818975980032e-05,0.00013680960012508306
420,ortho,ttggatacttatttgtggtatgttatttggaat,9.0,tgg,6.0,LDTYLWYVIWN,,False,False,7.0,2.0,6.0,20.0,21.0,28.0,506.0,580.0,True,False,True,True,False,False,1.0,both,0.0014437631429525242,0.0017305890567096132,6.20306989929316e-05,7.199818975980032e-05,0.00013680960012508306
421,ortho,ttggatacttatttgtggtatgttatttgtaat,2.0,act,1.0,LDTYLWYVICN,,False,False,8.0,2.0,6.0,35.0,25.0,14.0,349.0,378.0,True,False,True,True,False,False,1.0,both,0.0009957971084791125,0.0011278666610969547,0.00010855372323763031,8.571213066642895e-05,6.840480006254153e-05
422,ortho,ttggatacttatttgtggtatgttatttgtaat,3.0,tat,2.0,LDTYLWYVICN,,False,False,8.0,2.0,6.0,35.0,25.0,14.0,349.0,378.0,True,False,True,True,False,False,1.0,both,0.0009957971084791125,0.0011278666610969547,0.00010855372323763031,8.571213066642895e-05,6.840480006254153e-05
423,ortho,ttggatacttatttgtggtatgttatttgtaat,4.0,ttg,3.0,LDTYLWYVICN,,False,False,8.0,2.0,6.0,35.0,25.0,14.0,349.0,378.0,True,False,True,True,False,False,1.0,both,0.0009957971084791125,0.0011278666610969547,0.00010855372323763031,8.571213066642895e-05,6.840480006254153e-05
424,ortho,ttggatacttatttgtggtatgttatttgtaat,6.0,tat,4.0,LDTYLWYVICN,,False,False,8.0,2.0,6.0,35.0,25.0,14.0,349.0,378.0,True,False,True,True,False,False,1.0,both,0.0009957971084791125,0.0011278666610969547,0.00010855372323763031,8.571213066642895e-05,6.840480006254153e-05
425,ortho,ttggatacttatttgtggtatgttatttgtaat,7.0,gtt,5.0,LDTYLWYVICN,,False,False,8.0,2.0,6.0,35.0,25.0,14.0,349.0,378.0,True,False,True,True,False,False,1.0,both,0.0009957971084791125,0.0011278666610969547,0.00010855372323763031,8.571213066642895e-05,6.840480006254153e-05
426,ortho,ttggatacttatttgtggtatgttatttgtaat,9.0,tgt,6.0,LDTYLWYVICN,,False,False,8.0,2.0,6.0,35.0,25.0,14.0,349.0,378.0,True,False,True,True,False,False,1.0,both,0.0009957971084791125,0.0011278666610969547,0.00010855372323763031,8.571213066642895e-05,6.840480006254153e-05
427,ortho,ttggatacttatttgtggtatgttattttgaat,2.0,act,1.0,LDTYLWYVILN,,False,False,6.0,2.0,6.0,34.0,12.0,12.0,858.0,896.0,True,False,True,True,False,False,1.0,both,0.0024481201119629756,0.0026734617151927815,0.00010545218828798372,4.11418227198859e-05,5.863268576789274e-05
428,ortho,ttggatacttatttgtggtatgttattttgaat,3.0,tat,2.0,LDTYLWYVILN,,False,False,6.0,2.0,6.0,34.0,12.0,12.0,858.0,896.0,True,False,True,True,False,False,1.0,both,0.0024481201119629756,0.0026734617151927815,0.00010545218828798372,4.11418227198859e-05,5.863268576789274e-05
429,ortho,ttggatacttatttgtggtatgttattttgaat,4.0,ttg,3.0,LDTYLWYVILN,,False,False,6.0,2.0,6.0,34.0,12.0,12.0,858.0,896.0,True,False,True,True,False,False,1.0,both,0.0024481201119629756,0.0026734617151927815,0.00010545218828798372,4.11418227198859e-05,5.863268576789274e-05
430,ortho,ttggatacttatttgtggtatgttattttgaat,6.0,tat,4.0,LDTYLWYVILN,,False,False,6.0,2.0,6.0,34.0,12.0,12.0,858.0,896.0,True,False,True,True,False,False,1.0,both,0.0024481201119629756,0.0026734617151927815,0.00010545218828798372,4.11418227198859e-05,5.863268576789274e-05
431,ortho,ttggatacttatttgtggtatgttattttgaat,7.0,gtt,5.0,LDTYLWYVILN,,False,False,6.0,2.0,6.0,34.0,12.0,12.0,858.0,896.0,True,False,True,True,False,False,1.0,both,0.0024481201119629756,0.0026734617151927815,0.00010545218828798372,4.11418227198859e-05,5.863268576789274e-05
432,ortho,ttggatacttatttgtggtatgttattttgaat,9.0,ttg,6.0,LDTYLWYVILN,,False,False,6.0,2.0,6.0,34.0,12.0,12.0,858.0,896.0,True,False,True,True,False,False,1.0,both,0.0024481201119629756,0.0026734617151927815,0.00010545218828798372,4.11418227198859e-05,5.863268576789274e-05
433,ortho,ttggatacttatttgtggtatgttgtttggaat,2.0,act,1.0,LDTYLWYVVWN,,False,False,8.0,3.0,7.0,32.0,27.0,21.0,596.0,712.0,True,False,True,True,False,False,1.0,both,0.0017005589588926964,0.0021244472558228354,9.924911838869056e-05,9.256910111974328e-05,0.0001026072000938123
434,ortho,ttggatacttatttgtggtatgttgtttggaat,3.0,tat,2.0,LDTYLWYVVWN,,False,False,8.0,3.0,7.0,32.0,27.0,21.0,596.0,712.0,True,False,True,True,False,False,1.0,both,0.0017005589588926964,0.0021244472558228354,9.924911838869056e-05,9.256910111974328e-05,0.0001026072000938123
435,ortho,ttggatacttatttgtggtatgttgtttggaat,4.0,ttg,3.0,LDTYLWYVVWN,,False,False,8.0,3.0,7.0,32.0,27.0,21.0,596.0,712.0,True,False,True,True,False,False,1.0,both,0.0017005589588926964,0.0021244472558228354,9.924911838869056e-05,9.256910111974328e-05,0.0001026072000938123
436,ortho,ttggatacttatttgtggtatgttgtttggaat,6.0,tat,4.0,LDTYLWYVVWN,,False,False,8.0,3.0,7.0,32.0,27.0,21.0,596.0,712.0,True,False,True,True,False,False,1.0,both,0.0017005589588926964,0.0021244472558228354,9.924911838869056e-05,9.256910111974328e-05,0.0001026072000938123
437,ortho,ttggatacttatttgtggtatgttgtttggaat,7.0,gtt,5.0,LDTYLWYVVWN,,False,False,8.0,3.0,7.0,32.0,27.0,21.0,596.0,712.0,True,False,True,True,False,False,1.0,both,0.0017005589588926964,0.0021244472558228354,9.924911838869056e-05,9.256910111974328e-05,0.0001026072000938123
438,ortho,ttggatacttatttgtggtatgttgtttggaat,8.0,gtt,6.0,LDTYLWYVVWN,,False,False,8.0,3.0,7.0,32.0,27.0,21.0,596.0,712.0,True,False,True,True,False,False,1.0,both,0.0017005589588926964,0.0021244472558228354,9.924911838869056e-05,9.256910111974328e-05,0.0001026072000938123
439,ortho,ttggatacttatttgtggtatgttgtttggaat,9.0,tgg,7.0,LDTYLWYVVWN,,False,False,8.0,3.0,7.0,32.0,27.0,21.0,596.0,712.0,True,False,True,True,False,False,1.0,both,0.0017005589588926964,0.0021244472558228354,9.924911838869056e-05,9.256910111974328e-05,0.0001026072000938123
440,ortho,ttggatacttatttgtggtatgttgtttggtct,2.0,act,1.0,LDTYLWYVVWS,,False,False,10.0,4.0,8.0,51.0,67.0,43.0,723.0,729.0,True,False,True,True,False,False,1.0,both,0.002062926388052717,0.0021751714178298415,0.0001581782824319756,0.00022970851018602962,0.000210100457334949
441,ortho,ttggatacttatttgtggtatgttgtttggtct,3.0,tat,2.0,LDTYLWYVVWS,,False,False,10.0,4.0,8.0,51.0,67.0,43.0,723.0,729.0,True,False,True,True,False,False,1.0,both,0.002062926388052717,0.0021751714178298415,0.0001581782824319756,0.00022970851018602962,0.000210100457334949
442,ortho,ttggatacttatttgtggtatgttgtttggtct,4.0,ttg,3.0,LDTYLWYVVWS,,False,False,10.0,4.0,8.0,51.0,67.0,43.0,723.0,729.0,True,False,True,True,False,False,1.0,both,0.002062926388052717,0.0021751714178298415,0.0001581782824319756,0.00022970851018602962,0.000210100457334949
443,ortho,ttggatacttatttgtggtatgttgtttggtct,6.0,tat,4.0,LDTYLWYVVWS,,False,False,10.0,4.0,8.0,51.0,67.0,43.0,723.0,729.0,True,False,True,True,False,False,1.0,both,0.002062926388052717,0.0021751714178298415,0.0001581782824319756,0.00022970851018602962,0.000210100457334949
444,ortho,ttggatacttatttgtggtatgttgtttggtct,7.0,gtt,5.0,LDTYLWYVVWS,,False,False,10.0,4.0,8.0,51.0,67.0,43.0,723.0,729.0,True,False,True,True,False,False,1.0,both,0.002062926388052717,0.0021751714178298415,0.0001581782824319756,0.00022970851018602962,0.000210100457334949
445,ortho,ttggatacttatttgtggtatgttgtttggtct,8.0,gtt,6.0,LDTYLWYVVWS,,False,False,10.0,4.0,8.0,51.0,67.0,43.0,723.0,729.0,True,False,True,True,False,False,1.0,both,0.002062926388052717,0.0021751714178298415,0.0001581782824319756,0.00022970851018602962,0.000210100457334949
446,ortho,ttggatacttatttgtggtatgttgtttggtct,9.0,tgg,7.0,LDTYLWYVVWS,,False,False,10.0,4.0,8.0,51.0,67.0,43.0,723.0,729.0,True,False,True,True,False,False,1.0,both,0.002062926388052717,0.0021751714178298415,0.0001581782824319756,0.00022970851018602962,0.000210100457334949
447,ortho,ttggatacttatttgtggtatgttgtttggtct,10.0,tct,8.0,LDTYLWYVVWS,,False,False,10.0,4.0,8.0,51.0,67.0,43.0,723.0,729.0,True,False,True,True,False,False,1.0,both,0.002062926388052717,0.0021751714178298415,0.0001581782824319756,0.00022970851018602962,0.000210100457334949
448,ortho,ttggatacttatttgtggtatgttttgactaat,2.0,act,1.0,LDTYLWYVLTN,,False,False,10.0,3.0,7.0,41.0,26.0,17.0,1159.0,1336.0,True,False,True,True,False,False,1.0,both,0.0033069594519406632,0.003986322378903523,0.0001271629329355098,8.914061589308611e-05,8.306297150451472e-05
449,ortho,ttggatacttatttgtggtatgttttgactaat,3.0,tat,2.0,LDTYLWYVLTN,,False,False,10.0,3.0,7.0,41.0,26.0,17.0,1159.0,1336.0,True,False,True,True,False,False,1.0,both,0.0033069594519406632,0.003986322378903523,0.0001271629329355098,8.914061589308611e-05,8.306297150451472e-05
450,ortho,ttggatacttatttgtggtatgttttgactaat,4.0,ttg,3.0,LDTYLWYVLTN,,False,False,10.0,3.0,7.0,41.0,26.0,17.0,1159.0,1336.0,True,False,True,True,False,False,1.0,both,0.0033069594519406632,0.003986322378903523,0.0001271629329355098,8.914061589308611e-05,8.306297150451472e-05
451,ortho,ttggatacttatttgtggtatgttttgactaat,6.0,tat,4.0,LDTYLWYVLTN,,False,False,10.0,3.0,7.0,41.0,26.0,17.0,1159.0,1336.0,True,False,True,True,False,False,1.0,both,0.0033069594519406632,0.003986322378903523,0.0001271629329355098,8.914061589308611e-05,8.306297150451472e-05
452,ortho,ttggatacttatttgtggtatgttttgactaat,7.0,gtt,5.0,LDTYLWYVLTN,,False,False,10.0,3.0,7.0,41.0,26.0,17.0,1159.0,1336.0,True,False,True,True,False,False,1.0,both,0.0033069594519406632,0.003986322378903523,0.0001271629329355098,8.914061589308611e-05,8.306297150451472e-05
453,ortho,ttggatacttatttgtggtatgttttgactaat,8.0,ttg,6.0,LDTYLWYVLTN,,False,False,10.0,3.0,7.0,41.0,26.0,17.0,1159.0,1336.0,True,False,True,True,False,False,1.0,both,0.0033069594519406632,0.003986322378903523,0.0001271629329355098,8.914061589308611e-05,8.306297150451472e-05
454,ortho,ttggatacttatttgtggtatgttttgactaat,9.0,act,7.0,LDTYLWYVLTN,,False,False,10.0,3.0,7.0,41.0,26.0,17.0,1159.0,1336.0,True,False,True,True,False,False,1.0,both,0.0033069594519406632,0.003986322378903523,0.0001271629329355098,8.914061589308611e-05,8.306297150451472e-05
455,ortho,ttggatacttatttgtggtatgttttgattaat,2.0,act,1.0,LDTYLWYVLIN,,False,False,9.0,3.0,7.0,25.0,9.0,28.0,526.0,639.0,True,False,True,True,False,False,1.0,both,0.001500828879828118,0.0019066317366162808,7.75383737411645e-05,3.085636703991442e-05,0.00013680960012508306
456,ortho,ttggatacttatttgtggtatgttttgattaat,3.0,tat,2.0,LDTYLWYVLIN,,False,False,9.0,3.0,7.0,25.0,9.0,28.0,526.0,639.0,True,False,True,True,False,False,1.0,both,0.001500828879828118,0.0019066317366162808,7.75383737411645e-05,3.085636703991442e-05,0.00013680960012508306
457,ortho,ttggatacttatttgtggtatgttttgattaat,4.0,ttg,3.0,LDTYLWYVLIN,,False,False,9.0,3.0,7.0,25.0,9.0,28.0,526.0,639.0,True,False,True,True,False,False,1.0,both,0.001500828879828118,0.0019066317366162808,7.75383737411645e-05,3.085636703991442e-05,0.00013680960012508306
458,ortho,ttggatacttatttgtggtatgttttgattaat,6.0,tat,4.0,LDTYLWYVLIN,,False,False,9.0,3.0,7.0,25.0,9.0,28.0,526.0,639.0,True,False,True,True,False,False,1.0,both,0.001500828879828118,0.0019066317366162808,7.75383737411645e-05,3.085636703991442e-05,0.00013680960012508306
459,ortho,ttggatacttatttgtggtatgttttgattaat,7.0,gtt,5.0,LDTYLWYVLIN,,False,False,9.0,3.0,7.0,25.0,9.0,28.0,526.0,639.0,True,False,True,True,False,False,1.0,both,0.001500828879828118,0.0019066317366162808,7.75383737411645e-05,3.085636703991442e-05,0.00013680960012508306
460,ortho,ttggatacttatttgtggtatgttttgattaat,8.0,ttg,6.0,LDTYLWYVLIN,,False,False,9.0,3.0,7.0,25.0,9.0,28.0,526.0,639.0,True,False,True,True,False,False,1.0,both,0.001500828879828118,0.0019066317366162808,7.75383737411645e-05,3.085636703991442e-05,0.00013680960012508306
461,ortho,ttggatacttatttgtggtatgttttgattaat,9.0,att,7.0,LDTYLWYVLIN,,False,False,9.0,3.0,7.0,25.0,9.0,28.0,526.0,639.0,True,False,True,True,False,False,1.0,both,0.001500828879828118,0.0019066317366162808,7.75383737411645e-05,3.085636703991442e-05,0.00013680960012508306
462,ortho,ttggatacttatttgtggtatgttttggctaat,2.0,act,1.0,LDTYLWYVLAN,,False,False,9.0,3.0,7.0,14.0,1.0,15.0,347.0,363.0,True,False,True,True,False,False,1.0,both,0.0009900905347915532,0.0010831100475613613,4.3421489295052124e-05,3.4284852266571585e-06,7.329085720986593e-05
463,ortho,ttggatacttatttgtggtatgttttggctaat,3.0,tat,2.0,LDTYLWYVLAN,,False,False,9.0,3.0,7.0,14.0,1.0,15.0,347.0,363.0,True,False,True,True,False,False,1.0,both,0.0009900905347915532,0.0010831100475613613,4.3421489295052124e-05,3.4284852266571585e-06,7.329085720986593e-05
464,ortho,ttggatacttatttgtggtatgttttggctaat,4.0,ttg,3.0,LDTYLWYVLAN,,False,False,9.0,3.0,7.0,14.0,1.0,15.0,347.0,363.0,True,False,True,True,False,False,1.0,both,0.0009900905347915532,0.0010831100475613613,4.3421489295052124e-05,3.4284852266571585e-06,7.329085720986593e-05
465,ortho,ttggatacttatttgtggtatgttttggctaat,6.0,tat,4.0,LDTYLWYVLAN,,False,False,9.0,3.0,7.0,14.0,1.0,15.0,347.0,363.0,True,False,True,True,False,False,1.0,both,0.0009900905347915532,0.0010831100475613613,4.3421489295052124e-05,3.4284852266571585e-06,7.329085720986593e-05
466,ortho,ttggatacttatttgtggtatgttttggctaat,7.0,gtt,5.0,LDTYLWYVLAN,,False,False,9.0,3.0,7.0,14.0,1.0,15.0,347.0,363.0,True,False,True,True,False,False,1.0,both,0.0009900905347915532,0.0010831100475613613,4.3421489295052124e-05,3.4284852266571585e-06,7.329085720986593e-05
467,ortho,ttggatacttatttgtggtatgttttggctaat,8.0,ttg,6.0,LDTYLWYVLAN,,False,False,9.0,3.0,7.0,14.0,1.0,15.0,347.0,363.0,True,False,True,True,False,False,1.0,both,0.0009900905347915532,0.0010831100475613613,4.3421489295052124e-05,3.4284852266571585e-06,7.329085720986593e-05
468,ortho,ttggatacttatttgtggtatgttttggctaat,9.0,gct,7.0,LDTYLWYVLAN,,False,False,9.0,3.0,7.0,14.0,1.0,15.0,347.0,363.0,True,False,True,True,False,False,1.0,both,0.0009900905347915532,0.0010831100475613613,4.3421489295052124e-05,3.4284852266571585e-06,7.329085720986593e-05
469,ortho,ttggatacttatttgtggtatgttttggttaat,2.0,act,1.0,LDTYLWYVLVN,,False,False,8.0,2.0,7.0,6.0,30.0,19.0,988.0,1108.0,True,False,True,True,False,False,1.0,both,0.0028190474016543355,0.003306021853162502,1.860920969787948e-05,0.00010285455679971475,9.283508579916351e-05
470,ortho,ttggatacttatttgtggtatgttttggttaat,3.0,tat,2.0,LDTYLWYVLVN,,False,False,8.0,2.0,7.0,6.0,30.0,19.0,988.0,1108.0,True,False,True,True,False,False,1.0,both,0.0028190474016543355,0.003306021853162502,1.860920969787948e-05,0.00010285455679971475,9.283508579916351e-05
471,ortho,ttggatacttatttgtggtatgttttggttaat,4.0,ttg,3.0,LDTYLWYVLVN,,False,False,8.0,2.0,7.0,6.0,30.0,19.0,988.0,1108.0,True,False,True,True,False,False,1.0,both,0.0028190474016543355,0.003306021853162502,1.860920969787948e-05,0.00010285455679971475,9.283508579916351e-05
472,ortho,ttggatacttatttgtggtatgttttggttaat,6.0,tat,4.0,LDTYLWYVLVN,,False,False,8.0,2.0,7.0,6.0,30.0,19.0,988.0,1108.0,True,False,True,True,False,False,1.0,both,0.0028190474016543355,0.003306021853162502,1.860920969787948e-05,0.00010285455679971475,9.283508579916351e-05
473,ortho,ttggatacttatttgtggtatgttttggttaat,7.0,gtt,5.0,LDTYLWYVLVN,,False,False,8.0,2.0,7.0,6.0,30.0,19.0,988.0,1108.0,True,False,True,True,False,False,1.0,both,0.0028190474016543355,0.003306021853162502,1.860920969787948e-05,0.00010285455679971475,9.283508579916351e-05
474,ortho,ttggatacttatttgtggtatgttttggttaat,8.0,ttg,6.0,LDTYLWYVLVN,,False,False,8.0,2.0,7.0,6.0,30.0,19.0,988.0,1108.0,True,False,True,True,False,False,1.0,both,0.0028190474016543355,0.003306021853162502,1.860920969787948e-05,0.00010285455679971475,9.283508579916351e-05
475,ortho,ttggatacttatttgtggtatgttttggttaat,9.0,gtt,7.0,LDTYLWYVLVN,,False,False,8.0,2.0,7.0,6.0,30.0,19.0,988.0,1108.0,True,False,True,True,False,False,1.0,both,0.0028190474016543355,0.003306021853162502,1.860920969787948e-05,0.00010285455679971475,9.283508579916351e-05
476,ortho,ttggatacttatttgtggtatgttttgttgaat,2.0,act,1.0,LDTYLWYVLLN,,False,False,8.0,3.0,7.0,26.0,26.0,11.0,478.0,522.0,True,False,True,True,False,False,1.0,both,0.0013638711113266929,0.0015575301510386518,8.063990869081109e-05,8.914061589308611e-05,5.374662862056835e-05
477,ortho,ttggatacttatttgtggtatgttttgttgaat,3.0,tat,2.0,LDTYLWYVLLN,,False,False,8.0,3.0,7.0,26.0,26.0,11.0,478.0,522.0,True,False,True,True,False,False,1.0,both,0.0013638711113266929,0.0015575301510386518,8.063990869081109e-05,8.914061589308611e-05,5.374662862056835e-05
478,ortho,ttggatacttatttgtggtatgttttgttgaat,4.0,ttg,3.0,LDTYLWYVLLN,,False,False,8.0,3.0,7.0,26.0,26.0,11.0,478.0,522.0,True,False,True,True,False,False,1.0,both,0.0013638711113266929,0.0015575301510386518,8.063990869081109e-05,8.914061589308611e-05,5.374662862056835e-05
479,ortho,ttggatacttatttgtggtatgttttgttgaat,6.0,tat,4.0,LDTYLWYVLLN,,False,False,8.0,3.0,7.0,26.0,26.0,11.0,478.0,522.0,True,False,True,True,False,False,1.0,both,0.0013638711113266929,0.0015575301510386518,8.063990869081109e-05,8.914061589308611e-05,5.374662862056835e-05
480,ortho,ttggatacttatttgtggtatgttttgttgaat,7.0,gtt,5.0,LDTYLWYVLLN,,False,False,8.0,3.0,7.0,26.0,26.0,11.0,478.0,522.0,True,False,True,True,False,False,1.0,both,0.0013638711113266929,0.0015575301510386518,8.063990869081109e-05,8.914061589308611e-05,5.374662862056835e-05
481,ortho,ttggatacttatttgtggtatgttttgttgaat,8.0,ttg,6.0,LDTYLWYVLLN,,False,False,8.0,3.0,7.0,26.0,26.0,11.0,478.0,522.0,True,False,True,True,False,False,1.0,both,0.0013638711113266929,0.0015575301510386518,8.063990869081109e-05,8.914061589308611e-05,5.374662862056835e-05
482,ortho,ttggatacttatttgtggtatgttttgttgaat,9.0,ttg,7.0,LDTYLWYVLLN,,False,False,8.0,3.0,7.0,26.0,26.0,11.0,478.0,522.0,True,False,True,True,False,False,1.0,both,0.0013638711113266929,0.0015575301510386518,8.063990869081109e-05,8.914061589308611e-05,5.374662862056835e-05
483,ortho,ttggatacttatttgtggtgggttttgttgaat,2.0,act,1.0,LDTYLWWVLLN,,False,False,9.0,4.0,7.0,19.0,17.0,42.0,687.0,721.0,True,False,True,True,False,False,1.0,both,0.0019602080616766483,0.0021513012239441913,5.892916404328502e-05,5.828424885317169e-05,0.0002052144001876246
484,ortho,ttggatacttatttgtggtgggttttgttgaat,3.0,tat,2.0,LDTYLWWVLLN,,False,False,9.0,4.0,7.0,19.0,17.0,42.0,687.0,721.0,True,False,True,True,False,False,1.0,both,0.0019602080616766483,0.0021513012239441913,5.892916404328502e-05,5.828424885317169e-05,0.0002052144001876246
485,ortho,ttggatacttatttgtggtgggttttgttgaat,4.0,ttg,3.0,LDTYLWWVLLN,,False,False,9.0,4.0,7.0,19.0,17.0,42.0,687.0,721.0,True,False,True,True,False,False,1.0,both,0.0019602080616766483,0.0021513012239441913,5.892916404328502e-05,5.828424885317169e-05,0.0002052144001876246
486,ortho,ttggatacttatttgtggtgggttttgttgaat,6.0,tgg,4.0,LDTYLWWVLLN,,False,False,9.0,4.0,7.0,19.0,17.0,42.0,687.0,721.0,True,False,True,True,False,False,1.0,both,0.0019602080616766483,0.0021513012239441913,5.892916404328502e-05,5.828424885317169e-05,0.0002052144001876246
487,ortho,ttggatacttatttgtggtgggttttgttgaat,7.0,gtt,5.0,LDTYLWWVLLN,,False,False,9.0,4.0,7.0,19.0,17.0,42.0,687.0,721.0,True,False,True,True,False,False,1.0,both,0.0019602080616766483,0.0021513012239441913,5.892916404328502e-05,5.828424885317169e-05,0.0002052144001876246
488,ortho,ttggatacttatttgtggtgggttttgttgaat,8.0,ttg,6.0,LDTYLWWVLLN,,False,False,9.0,4.0,7.0,19.0,17.0,42.0,687.0,721.0,True,False,True,True,False,False,1.0,both,0.0019602080616766483,0.0021513012239441913,5.892916404328502e-05,5.828424885317169e-05,0.0002052144001876246
489,ortho,ttggatacttatttgtggtgggttttgttgaat,9.0,ttg,7.0,LDTYLWWVLLN,,False,False,9.0,4.0,7.0,19.0,17.0,42.0,687.0,721.0,True,False,True,True,False,False,1.0,both,0.0019602080616766483,0.0021513012239441913,5.892916404328502e-05,5.828424885317169e-05,0.0002052144001876246
490,ortho,ttggatacttatttgtgttatgttattttgaat,2.0,act,1.0,LDTYLCYVILN,,False,False,7.0,3.0,7.0,45.0,13.0,29.0,800.0,885.0,True,False,True,True,False,False,1.0,both,0.0022826294750237534,0.0026406401986000133,0.0001395690727340961,4.457030794654306e-05,0.00014169565727240746
491,ortho,ttggatacttatttgtgttatgttattttgaat,3.0,tat,2.0,LDTYLCYVILN,,False,False,7.0,3.0,7.0,45.0,13.0,29.0,800.0,885.0,True,False,True,True,False,False,1.0,both,0.0022826294750237534,0.0026406401986000133,0.0001395690727340961,4.457030794654306e-05,0.00014169565727240746
492,ortho,ttggatacttatttgtgttatgttattttgaat,4.0,ttg,3.0,LDTYLCYVILN,,False,False,7.0,3.0,7.0,45.0,13.0,29.0,800.0,885.0,True,False,True,True,False,False,1.0,both,0.0022826294750237534,0.0026406401986000133,0.0001395690727340961,4.457030794654306e-05,0.00014169565727240746
493,ortho,ttggatacttatttgtgttatgttattttgaat,5.0,tgt,4.0,LDTYLCYVILN,,False,False,7.0,3.0,7.0,45.0,13.0,29.0,800.0,885.0,True,False,True,True,False,False,1.0,both,0.0022826294750237534,0.0026406401986000133,0.0001395690727340961,4.457030794654306e-05,0.00014169565727240746
494,ortho,ttggatacttatttgtgttatgttattttgaat,6.0,tat,5.0,LDTYLCYVILN,,False,False,7.0,3.0,7.0,45.0,13.0,29.0,800.0,885.0,True,False,True,True,False,False,1.0,both,0.0022826294750237534,0.0026406401986000133,0.0001395690727340961,4.457030794654306e-05,0.00014169565727240746
495,ortho,ttggatacttatttgtgttatgttattttgaat,7.0,gtt,6.0,LDTYLCYVILN,,False,False,7.0,3.0,7.0,45.0,13.0,29.0,800.0,885.0,True,False,True,True,False,False,1.0,both,0.0022826294750237534,0.0026406401986000133,0.0001395690727340961,4.457030794654306e-05,0.00014169565727240746
496,ortho,ttggatacttatttgtgttatgttattttgaat,9.0,ttg,7.0,LDTYLCYVILN,,False,False,7.0,3.0,7.0,45.0,13.0,29.0,800.0,885.0,True,False,True,True,False,False,1.0,both,0.0022826294750237534,0.0026406401986000133,0.0001395690727340961,4.457030794654306e-05,0.00014169565727240746
497,ortho,ttggatacttatttgttttatattttgattaat,2.0,act,1.0,LDTYLFYILIN,,False,False,10.0,3.0,7.0,6769.0,5333.0,4160.0,1081.0,1109.0,True,False,True,True,False,False,1.0,both,0.0030844030781258473,0.0033090056273982088,0.0209942900741577,0.018284111713762624,0.020325997732869482
498,ortho,ttggatacttatttgttttatattttgattaat,3.0,tat,2.0,LDTYLFYILIN,,False,False,10.0,3.0,7.0,6769.0,5333.0,4160.0,1081.0,1109.0,True,False,True,True,False,False,1.0,both,0.0030844030781258473,0.0033090056273982088,0.0209942900741577,0.018284111713762624,0.020325997732869482
499,ortho,ttggatacttatttgttttatattttgattaat,4.0,ttg,3.0,LDTYLFYILIN,,False,False,10.0,3.0,7.0,6769.0,5333.0,4160.0,1081.0,1109.0,True,False,True,True,False,False,1.0,both,0.0030844030781258473,0.0033090056273982088,0.0209942900741577,0.018284111713762624,0.020325997732869482
500,ortho,ttggatacttatttgttttatattttgattaat,5.0,ttt,4.0,LDTYLFYILIN,,False,False,10.0,3.0,7.0,6769.0,5333.0,4160.0,1081.0,1109.0,True,False,True,True,False,False,1.0,both,0.0030844030781258473,0.0033090056273982088,0.0209942900741577,0.018284111713762624,0.020325997732869482
501,ortho,ttggatacttatttgttttatattttgattaat,6.0,tat,5.0,LDTYLFYILIN,,False,False,10.0,3.0,7.0,6769.0,5333.0,4160.0,1081.0,1109.0,True,False,True,True,False,False,1.0,both,0.0030844030781258473,0.0033090056273982088,0.0209942900741577,0.018284111713762624,0.020325997732869482
502,ortho,ttggatacttatttgttttatattttgattaat,8.0,ttg,6.0,LDTYLFYILIN,,False,False,10.0,3.0,7.0,6769.0,5333.0,4160.0,1081.0,1109.0,True,False,True,True,False,False,1.0,both,0.0030844030781258473,0.0033090056273982088,0.0209942900741577,0.018284111713762624,0.020325997732869482
503,ortho,ttggatacttatttgttttatattttgattaat,9.0,att,7.0,LDTYLFYILIN,,False,False,10.0,3.0,7.0,6769.0,5333.0,4160.0,1081.0,1109.0,True,False,True,True,False,False,1.0,both,0.0030844030781258473,0.0033090056273982088,0.0209942900741577,0.018284111713762624,0.020325997732869482
504,ortho,ttggatacttatttgttttatgttattttgaat,2.0,act,1.0,LDTYLFYVILN,,False,False,8.0,3.0,7.0,2396.0,1960.0,1322.0,293.0,352.0,True,False,True,True,False,False,1.0,both,0.0008360130452274497,0.0010502885309685928,0.007431277739353206,0.0067198310442480305,0.00645936754876285
505,ortho,ttggatacttatttgttttatgttattttgaat,3.0,tat,2.0,LDTYLFYVILN,,False,False,8.0,3.0,7.0,2396.0,1960.0,1322.0,293.0,352.0,True,False,True,True,False,False,1.0,both,0.0008360130452274497,0.0010502885309685928,0.007431277739353206,0.0067198310442480305,0.00645936754876285
506,ortho,ttggatacttatttgttttatgttattttgaat,4.0,ttg,3.0,LDTYLFYVILN,,False,False,8.0,3.0,7.0,2396.0,1960.0,1322.0,293.0,352.0,True,False,True,True,False,False,1.0,both,0.0008360130452274497,0.0010502885309685928,0.007431277739353206,0.0067198310442480305,0.00645936754876285
507,ortho,ttggatacttatttgttttatgttattttgaat,5.0,ttt,4.0,LDTYLFYVILN,,False,False,8.0,3.0,7.0,2396.0,1960.0,1322.0,293.0,352.0,True,False,True,True,False,False,1.0,both,0.0008360130452274497,0.0010502885309685928,0.007431277739353206,0.0067198310442480305,0.00645936754876285
508,ortho,ttggatacttatttgttttatgttattttgaat,6.0,tat,5.0,LDTYLFYVILN,,False,False,8.0,3.0,7.0,2396.0,1960.0,1322.0,293.0,352.0,True,False,True,True,False,False,1.0,both,0.0008360130452274497,0.0010502885309685928,0.007431277739353206,0.0067198310442480305,0.00645936754876285
509,ortho,ttggatacttatttgttttatgttattttgaat,7.0,gtt,6.0,LDTYLFYVILN,,False,False,8.0,3.0,7.0,2396.0,1960.0,1322.0,293.0,352.0,True,False,True,True,False,False,1.0,both,0.0008360130452274497,0.0010502885309685928,0.007431277739353206,0.0067198310442480305,0.00645936754876285
510,ortho,ttggatacttatttgttttatgttattttgaat,9.0,ttg,7.0,LDTYLFYVILN,,False,False,8.0,3.0,7.0,2396.0,1960.0,1322.0,293.0,352.0,True,False,True,True,False,False,1.0,both,0.0008360130452274497,0.0010502885309685928,0.007431277739353206,0.0067198310442480305,0.00645936754876285
511,ortho,ttggatacttatttgttttatgttttgattaat,2.0,act,1.0,LDTYLFYVLIN,,False,False,11.0,4.0,8.0,7344.0,5682.0,4404.0,1178.0,1243.0,True,False,True,True,False,False,1.0,both,0.003361171901972477,0.0037088313749828435,0.022777672670204484,0.019480653057865973,0.021518195676816634
512,ortho,ttggatacttatttgttttatgttttgattaat,3.0,tat,2.0,LDTYLFYVLIN,,False,False,11.0,4.0,8.0,7344.0,5682.0,4404.0,1178.0,1243.0,True,False,True,True,False,False,1.0,both,0.003361171901972477,0.0037088313749828435,0.022777672670204484,0.019480653057865973,0.021518195676816634
513,ortho,ttggatacttatttgttttatgttttgattaat,4.0,ttg,3.0,LDTYLFYVLIN,,False,False,11.0,4.0,8.0,7344.0,5682.0,4404.0,1178.0,1243.0,True,False,True,True,False,False,1.0,both,0.003361171901972477,0.0037088313749828435,0.022777672670204484,0.019480653057865973,0.021518195676816634
514,ortho,ttggatacttatttgttttatgttttgattaat,5.0,ttt,4.0,LDTYLFYVLIN,,False,False,11.0,4.0,8.0,7344.0,5682.0,4404.0,1178.0,1243.0,True,False,True,True,False,False,1.0,both,0.003361171901972477,0.0037088313749828435,0.022777672670204484,0.019480653057865973,0.021518195676816634
515,ortho,ttggatacttatttgttttatgttttgattaat,6.0,tat,5.0,LDTYLFYVLIN,,False,False,11.0,4.0,8.0,7344.0,5682.0,4404.0,1178.0,1243.0,True,False,True,True,False,False,1.0,both,0.003361171901972477,0.0037088313749828435,0.022777672670204484,0.019480653057865973,0.021518195676816634
516,ortho,ttggatacttatttgttttatgttttgattaat,7.0,gtt,6.0,LDTYLFYVLIN,,False,False,11.0,4.0,8.0,7344.0,5682.0,4404.0,1178.0,1243.0,True,False,True,True,False,False,1.0,both,0.003361171901972477,0.0037088313749828435,0.022777672670204484,0.019480653057865973,0.021518195676816634
517,ortho,ttggatacttatttgttttatgttttgattaat,8.0,ttg,7.0,LDTYLFYVLIN,,False,False,11.0,4.0,8.0,7344.0,5682.0,4404.0,1178.0,1243.0,True,False,True,True,False,False,1.0,both,0.003361171901972477,0.0037088313749828435,0.022777672670204484,0.019480653057865973,0.021518195676816634
518,ortho,ttggatacttatttgttttatgttttgattaat,9.0,att,8.0,LDTYLFYVLIN,,False,False,11.0,4.0,8.0,7344.0,5682.0,4404.0,1178.0,1243.0,True,False,True,True,False,False,1.0,both,0.003361171901972477,0.0037088313749828435,0.022777672670204484,0.019480653057865973,0.021518195676816634
519,ortho,ttggatacttatttgttttatgttttgattgct,2.0,act,1.0,LDTYLFYVLIA,,False,False,13.0,5.0,9.0,1911.0,1452.0,1191.0,311.0,495.0,True,False,True,True,False,False,1.0,both,0.0008873722084154842,0.0014769682466745837,0.005927033288774614,0.004978160549106194,0.005819294062463355
520,ortho,ttggatacttatttgttttatgttttgattgct,3.0,tat,2.0,LDTYLFYVLIA,,False,False,13.0,5.0,9.0,1911.0,1452.0,1191.0,311.0,495.0,True,False,True,True,False,False,1.0,both,0.0008873722084154842,0.0014769682466745837,0.005927033288774614,0.004978160549106194,0.005819294062463355
521,ortho,ttggatacttatttgttttatgttttgattgct,4.0,ttg,3.0,LDTYLFYVLIA,,False,False,13.0,5.0,9.0,1911.0,1452.0,1191.0,311.0,495.0,True,False,True,True,False,False,1.0,both,0.0008873722084154842,0.0014769682466745837,0.005927033288774614,0.004978160549106194,0.005819294062463355
522,ortho,ttggatacttatttgttttatgttttgattgct,5.0,ttt,4.0,LDTYLFYVLIA,,False,False,13.0,5.0,9.0,1911.0,1452.0,1191.0,311.0,495.0,True,False,True,True,False,False,1.0,both,0.0008873722084154842,0.0014769682466745837,0.005927033288774614,0.004978160549106194,0.005819294062463355
523,ortho,ttggatacttatttgttttatgttttgattgct,6.0,tat,5.0,LDTYLFYVLIA,,False,False,13.0,5.0,9.0,1911.0,1452.0,1191.0,311.0,495.0,True,False,True,True,False,False,1.0,both,0.0008873722084154842,0.0014769682466745837,0.005927033288774614,0.004978160549106194,0.005819294062463355
524,ortho,ttggatacttatttgttttatgttttgattgct,7.0,gtt,6.0,LDTYLFYVLIA,,False,False,13.0,5.0,9.0,1911.0,1452.0,1191.0,311.0,495.0,True,False,True,True,False,False,1.0,both,0.0008873722084154842,0.0014769682466745837,0.005927033288774614,0.004978160549106194,0.005819294062463355
525,ortho,ttggatacttatttgttttatgttttgattgct,8.0,ttg,7.0,LDTYLFYVLIA,,False,False,13.0,5.0,9.0,1911.0,1452.0,1191.0,311.0,495.0,True,False,True,True,False,False,1.0,both,0.0008873722084154842,0.0014769682466745837,0.005927033288774614,0.004978160549106194,0.005819294062463355
526,ortho,ttggatacttatttgttttatgttttgattgct,9.0,att,8.0,LDTYLFYVLIA,,False,False,13.0,5.0,9.0,1911.0,1452.0,1191.0,311.0,495.0,True,False,True,True,False,False,1.0,both,0.0008873722084154842,0.0014769682466745837,0.005927033288774614,0.004978160549106194,0.005819294062463355
527,ortho,ttggatacttatttgttttatgttttgattgct,10.0,gct,9.0,LDTYLFYVLIA,,False,False,13.0,5.0,9.0,1911.0,1452.0,1191.0,311.0,495.0,True,False,True,True,False,False,1.0,both,0.0008873722084154842,0.0014769682466745837,0.005927033288774614,0.004978160549106194,0.005819294062463355
528,ortho,ttggatacttatttgttttatgttttggctaat,2.0,act,1.0,LDTYLFYVLAN,,False,False,11.0,4.0,8.0,688.0,480.0,452.0,128.0,155.0,True,False,True,True,False,False,1.0,both,0.0003652207160038006,0.00046248500653446557,0.002133856045356847,0.001645672908795436,0.0022084978305906265
529,ortho,ttggatacttatttgttttatgttttggctaat,3.0,tat,2.0,LDTYLFYVLAN,,False,False,11.0,4.0,8.0,688.0,480.0,452.0,128.0,155.0,True,False,True,True,False,False,1.0,both,0.0003652207160038006,0.00046248500653446557,0.002133856045356847,0.001645672908795436,0.0022084978305906265
530,ortho,ttggatacttatttgttttatgttttggctaat,4.0,ttg,3.0,LDTYLFYVLAN,,False,False,11.0,4.0,8.0,688.0,480.0,452.0,128.0,155.0,True,False,True,True,False,False,1.0,both,0.0003652207160038006,0.00046248500653446557,0.002133856045356847,0.001645672908795436,0.0022084978305906265
531,ortho,ttggatacttatttgttttatgttttggctaat,5.0,ttt,4.0,LDTYLFYVLAN,,False,False,11.0,4.0,8.0,688.0,480.0,452.0,128.0,155.0,True,False,True,True,False,False,1.0,both,0.0003652207160038006,0.00046248500653446557,0.002133856045356847,0.001645672908795436,0.0022084978305906265
532,ortho,ttggatacttatttgttttatgttttggctaat,6.0,tat,5.0,LDTYLFYVLAN,,False,False,11.0,4.0,8.0,688.0,480.0,452.0,128.0,155.0,True,False,True,True,False,False,1.0,both,0.0003652207160038006,0.00046248500653446557,0.002133856045356847,0.001645672908795436,0.0022084978305906265
533,ortho,ttggatacttatttgttttatgttttggctaat,7.0,gtt,6.0,LDTYLFYVLAN,,False,False,11.0,4.0,8.0,688.0,480.0,452.0,128.0,155.0,True,False,True,True,False,False,1.0,both,0.0003652207160038006,0.00046248500653446557,0.002133856045356847,0.001645672908795436,0.0022084978305906265
534,ortho,ttggatacttatttgttttatgttttggctaat,8.0,ttg,7.0,LDTYLFYVLAN,,False,False,11.0,4.0,8.0,688.0,480.0,452.0,128.0,155.0,True,False,True,True,False,False,1.0,both,0.0003652207160038006,0.00046248500653446557,0.002133856045356847,0.001645672908795436,0.0022084978305906265
535,ortho,ttggatacttatttgttttatgttttggctaat,9.0,gct,8.0,LDTYLFYVLAN,,False,False,11.0,4.0,8.0,688.0,480.0,452.0,128.0,155.0,True,False,True,True,False,False,1.0,both,0.0003652207160038006,0.00046248500653446557,0.002133856045356847,0.001645672908795436,0.0022084978305906265
536,ortho,ttggatacttatttgttttatgttttggttaat,2.0,act,1.0,LDTYLFYVLVN,,False,False,10.0,3.0,8.0,5796.0,4576.0,3617.0,1608.0,1416.0,True,False,True,True,False,False,1.0,both,0.004588085244797745,0.004225024317760021,0.01797649656815158,0.015688748397183157,0.017672868701872336
537,ortho,ttggatacttatttgttttatgttttggttaat,3.0,tat,2.0,LDTYLFYVLVN,,False,False,10.0,3.0,8.0,5796.0,4576.0,3617.0,1608.0,1416.0,True,False,True,True,False,False,1.0,both,0.004588085244797745,0.004225024317760021,0.01797649656815158,0.015688748397183157,0.017672868701872336
538,ortho,ttggatacttatttgttttatgttttggttaat,4.0,ttg,3.0,LDTYLFYVLVN,,False,False,10.0,3.0,8.0,5796.0,4576.0,3617.0,1608.0,1416.0,True,False,True,True,False,False,1.0,both,0.004588085244797745,0.004225024317760021,0.01797649656815158,0.015688748397183157,0.017672868701872336
539,ortho,ttggatacttatttgttttatgttttggttaat,5.0,ttt,4.0,LDTYLFYVLVN,,False,False,10.0,3.0,8.0,5796.0,4576.0,3617.0,1608.0,1416.0,True,False,True,True,False,False,1.0,both,0.004588085244797745,0.004225024317760021,0.01797649656815158,0.015688748397183157,0.017672868701872336
540,ortho,ttggatacttatttgttttatgttttggttaat,6.0,tat,5.0,LDTYLFYVLVN,,False,False,10.0,3.0,8.0,5796.0,4576.0,3617.0,1608.0,1416.0,True,False,True,True,False,False,1.0,both,0.004588085244797745,0.004225024317760021,0.01797649656815158,0.015688748397183157,0.017672868701872336
541,ortho,ttggatacttatttgttttatgttttggttaat,7.0,gtt,6.0,LDTYLFYVLVN,,False,False,10.0,3.0,8.0,5796.0,4576.0,3617.0,1608.0,1416.0,True,False,True,True,False,False,1.0,both,0.004588085244797745,0.004225024317760021,0.01797649656815158,0.015688748397183157,0.017672868701872336
542,ortho,ttggatacttatttgttttatgttttggttaat,8.0,ttg,7.0,LDTYLFYVLVN,,False,False,10.0,3.0,8.0,5796.0,4576.0,3617.0,1608.0,1416.0,True,False,True,True,False,False,1.0,both,0.004588085244797745,0.004225024317760021,0.01797649656815158,0.015688748397183157,0.017672868701872336
543,ortho,ttggatacttatttgttttatgttttggttaat,9.0,gtt,8.0,LDTYLFYVLVN,,False,False,10.0,3.0,8.0,5796.0,4576.0,3617.0,1608.0,1416.0,True,False,True,True,False,False,1.0,both,0.004588085244797745,0.004225024317760021,0.01797649656815158,0.015688748397183157,0.017672868701872336
544,ortho,ttggatacttatttgttttatgttttgttgaat,2.0,act,1.0,LDTYLFYVLLN,,False,False,10.0,4.0,8.0,5256.0,4057.0,3526.0,956.0,1050.0,True,False,True,True,False,False,1.0,both,0.0027277422226533858,0.003132962947491541,0.016301667695342425,0.013909364564548091,0.017228237501465817
545,ortho,ttggatacttatttgttttatgttttgttgaat,3.0,tat,2.0,LDTYLFYVLLN,,False,False,10.0,4.0,8.0,5256.0,4057.0,3526.0,956.0,1050.0,True,False,True,True,False,False,1.0,both,0.0027277422226533858,0.003132962947491541,0.016301667695342425,0.013909364564548091,0.017228237501465817
546,ortho,ttggatacttatttgttttatgttttgttgaat,4.0,ttg,3.0,LDTYLFYVLLN,,False,False,10.0,4.0,8.0,5256.0,4057.0,3526.0,956.0,1050.0,True,False,True,True,False,False,1.0,both,0.0027277422226533858,0.003132962947491541,0.016301667695342425,0.013909364564548091,0.017228237501465817
547,ortho,ttggatacttatttgttttatgttttgttgaat,5.0,ttt,4.0,LDTYLFYVLLN,,False,False,10.0,4.0,8.0,5256.0,4057.0,3526.0,956.0,1050.0,True,False,True,True,False,False,1.0,both,0.0027277422226533858,0.003132962947491541,0.016301667695342425,0.013909364564548091,0.017228237501465817
548,ortho,ttggatacttatttgttttatgttttgttgaat,6.0,tat,5.0,LDTYLFYVLLN,,False,False,10.0,4.0,8.0,5256.0,4057.0,3526.0,956.0,1050.0,True,False,True,True,False,False,1.0,both,0.0027277422226533858,0.003132962947491541,0.016301667695342425,0.013909364564548091,0.017228237501465817
549,ortho,ttggatacttatttgttttatgttttgttgaat,7.0,gtt,6.0,LDTYLFYVLLN,,False,False,10.0,4.0,8.0,5256.0,4057.0,3526.0,956.0,1050.0,True,False,True,True,False,False,1.0,both,0.0027277422226533858,0.003132962947491541,0.016301667695342425,0.013909364564548091,0.017228237501465817
550,ortho,ttggatacttatttgttttatgttttgttgaat,8.0,ttg,7.0,LDTYLFYVLLN,,False,False,10.0,4.0,8.0,5256.0,4057.0,3526.0,956.0,1050.0,True,False,True,True,False,False,1.0,both,0.0027277422226533858,0.003132962947491541,0.016301667695342425,0.013909364564548091,0.017228237501465817
551,ortho,ttggatacttatttgttttatgttttgttgaat,9.0,ttg,8.0,LDTYLFYVLLN,,False,False,10.0,4.0,8.0,5256.0,4057.0,3526.0,956.0,1050.0,True,False,True,True,False,False,1.0,both,0.0027277422226533858,0.003132962947491541,0.016301667695342425,0.013909364564548091,0.017228237501465817
552,ortho,ttggatacttatttgttttatgttttgtttaat,2.0,act,1.0,LDTYLFYVLFN,,False,False,11.0,4.0,8.0,9922.0,7438.0,5925.0,1684.0,1885.0,True,False,True,True,False,False,1.0,both,0.004804935044925001,0.005624414434306242,0.03077342977039337,0.025501073115875943,0.02894988859789704
553,ortho,ttggatacttatttgttttatgttttgtttaat,3.0,tat,2.0,LDTYLFYVLFN,,False,False,11.0,4.0,8.0,9922.0,7438.0,5925.0,1684.0,1885.0,True,False,True,True,False,False,1.0,both,0.004804935044925001,0.005624414434306242,0.03077342977039337,0.025501073115875943,0.02894988859789704
554,ortho,ttggatacttatttgttttatgttttgtttaat,4.0,ttg,3.0,LDTYLFYVLFN,,False,False,11.0,4.0,8.0,9922.0,7438.0,5925.0,1684.0,1885.0,True,False,True,True,False,False,1.0,both,0.004804935044925001,0.005624414434306242,0.03077342977039337,0.025501073115875943,0.02894988859789704
555,ortho,ttggatacttatttgttttatgttttgtttaat,5.0,ttt,4.0,LDTYLFYVLFN,,False,False,11.0,4.0,8.0,9922.0,7438.0,5925.0,1684.0,1885.0,True,False,True,True,False,False,1.0,both,0.004804935044925001,0.005624414434306242,0.03077342977039337,0.025501073115875943,0.02894988859789704
556,ortho,ttggatacttatttgttttatgttttgtttaat,6.0,tat,5.0,LDTYLFYVLFN,,False,False,11.0,4.0,8.0,9922.0,7438.0,5925.0,1684.0,1885.0,True,False,True,True,False,False,1.0,both,0.004804935044925001,0.005624414434306242,0.03077342977039337,0.025501073115875943,0.02894988859789704
557,ortho,ttggatacttatttgttttatgttttgtttaat,7.0,gtt,6.0,LDTYLFYVLFN,,False,False,11.0,4.0,8.0,9922.0,7438.0,5925.0,1684.0,1885.0,True,False,True,True,False,False,1.0,both,0.004804935044925001,0.005624414434306242,0.03077342977039337,0.025501073115875943,0.02894988859789704
558,ortho,ttggatacttatttgttttatgttttgtttaat,8.0,ttg,7.0,LDTYLFYVLFN,,False,False,11.0,4.0,8.0,9922.0,7438.0,5925.0,1684.0,1885.0,True,False,True,True,False,False,1.0,both,0.004804935044925001,0.005624414434306242,0.03077342977039337,0.025501073115875943,0.02894988859789704
559,ortho,ttggatacttatttgttttatgttttgtttaat,9.0,ttt,8.0,LDTYLFYVLFN,,False,False,11.0,4.0,8.0,9922.0,7438.0,5925.0,1684.0,1885.0,True,False,True,True,False,False,1.0,both,0.004804935044925001,0.005624414434306242,0.03077342977039337,0.025501073115875943,0.02894988859789704
560,ortho,ttggatacttttatgtggtatattattatgaat,2.0,act,1.0,LDTFMWYIIMN,,False,False,7.0,3.0,5.0,27.0,15.0,15.0,880.0,883.0,True,False,True,True,False,False,1.0,both,0.002510892422526129,0.0026346726501286005,8.374144364045766e-05,5.1427278399857374e-05,7.329085720986593e-05
561,ortho,ttggatacttttatgtggtatattattatgaat,3.0,ttt,2.0,LDTFMWYIIMN,,False,False,7.0,3.0,5.0,27.0,15.0,15.0,880.0,883.0,True,False,True,True,False,False,1.0,both,0.002510892422526129,0.0026346726501286005,8.374144364045766e-05,5.1427278399857374e-05,7.329085720986593e-05
562,ortho,ttggatacttttatgtggtatattattatgaat,4.0,atg,3.0,LDTFMWYIIMN,,False,False,7.0,3.0,5.0,27.0,15.0,15.0,880.0,883.0,True,False,True,True,False,False,1.0,both,0.002510892422526129,0.0026346726501286005,8.374144364045766e-05,5.1427278399857374e-05,7.329085720986593e-05
563,ortho,ttggatacttttatgtggtatattattatgaat,6.0,tat,4.0,LDTFMWYIIMN,,False,False,7.0,3.0,5.0,27.0,15.0,15.0,880.0,883.0,True,False,True,True,False,False,1.0,both,0.002510892422526129,0.0026346726501286005,8.374144364045766e-05,5.1427278399857374e-05,7.329085720986593e-05
564,ortho,ttggatacttttatgtggtatattattatgaat,9.0,atg,5.0,LDTFMWYIIMN,,False,False,7.0,3.0,5.0,27.0,15.0,15.0,880.0,883.0,True,False,True,True,False,False,1.0,both,0.002510892422526129,0.0026346726501286005,8.374144364045766e-05,5.1427278399857374e-05,7.329085720986593e-05
565,ortho,ttggatacttttatgtggtatgttatttgtaat,2.0,act,1.0,LDTFMWYVICN,,False,False,10.0,4.0,6.0,7.0,9.0,4.0,394.0,459.0,True,False,True,True,False,False,1.0,both,0.0011241950164491987,0.0013695523741891593,2.1710744647526062e-05,3.085636703991442e-05,1.954422858929758e-05
566,ortho,ttggatacttttatgtggtatgttatttgtaat,3.0,ttt,2.0,LDTFMWYVICN,,False,False,10.0,4.0,6.0,7.0,9.0,4.0,394.0,459.0,True,False,True,True,False,False,1.0,both,0.0011241950164491987,0.0013695523741891593,2.1710744647526062e-05,3.085636703991442e-05,1.954422858929758e-05
567,ortho,ttggatacttttatgtggtatgttatttgtaat,4.0,atg,3.0,LDTFMWYVICN,,False,False,10.0,4.0,6.0,7.0,9.0,4.0,394.0,459.0,True,False,True,True,False,False,1.0,both,0.0011241950164491987,0.0013695523741891593,2.1710744647526062e-05,3.085636703991442e-05,1.954422858929758e-05
568,ortho,ttggatacttttatgtggtatgttatttgtaat,6.0,tat,4.0,LDTFMWYVICN,,False,False,10.0,4.0,6.0,7.0,9.0,4.0,394.0,459.0,True,False,True,True,False,False,1.0,both,0.0011241950164491987,0.0013695523741891593,2.1710744647526062e-05,3.085636703991442e-05,1.954422858929758e-05
569,ortho,ttggatacttttatgtggtatgttatttgtaat,7.0,gtt,5.0,LDTFMWYVICN,,False,False,10.0,4.0,6.0,7.0,9.0,4.0,394.0,459.0,True,False,True,True,False,False,1.0,both,0.0011241950164491987,0.0013695523741891593,2.1710744647526062e-05,3.085636703991442e-05,1.954422858929758e-05
570,ortho,ttggatacttttatgtggtatgttatttgtaat,9.0,tgt,6.0,LDTFMWYVICN,,False,False,10.0,4.0,6.0,7.0,9.0,4.0,394.0,459.0,True,False,True,True,False,False,1.0,both,0.0011241950164491987,0.0013695523741891593,2.1710744647526062e-05,3.085636703991442e-05,1.954422858929758e-05
571,ortho,ttggatacttttttgtggtatattattatgaat,2.0,act,1.0,LDTFLWYIIMN,,False,False,6.0,2.0,5.0,10.0,21.0,32.0,255.0,229.0,True,False,True,True,False,False,1.0,both,0.0007275881451638214,0.0006832842999767265,3.10153494964658e-05,7.199818975980032e-05,0.00015635382871438065
572,ortho,ttggatacttttttgtggtatattattatgaat,3.0,ttt,2.0,LDTFLWYIIMN,,False,False,6.0,2.0,5.0,10.0,21.0,32.0,255.0,229.0,True,False,True,True,False,False,1.0,both,0.0007275881451638214,0.0006832842999767265,3.10153494964658e-05,7.199818975980032e-05,0.00015635382871438065
573,ortho,ttggatacttttttgtggtatattattatgaat,4.0,ttg,3.0,LDTFLWYIIMN,,False,False,6.0,2.0,5.0,10.0,21.0,32.0,255.0,229.0,True,False,True,True,False,False,1.0,both,0.0007275881451638214,0.0006832842999767265,3.10153494964658e-05,7.199818975980032e-05,0.00015635382871438065
574,ortho,ttggatacttttttgtggtatattattatgaat,6.0,tat,4.0,LDTFLWYIIMN,,False,False,6.0,2.0,5.0,10.0,21.0,32.0,255.0,229.0,True,False,True,True,False,False,1.0,both,0.0007275881451638214,0.0006832842999767265,3.10153494964658e-05,7.199818975980032e-05,0.00015635382871438065
575,ortho,ttggatacttttttgtggtatattattatgaat,9.0,atg,5.0,LDTFLWYIIMN,,False,False,6.0,2.0,5.0,10.0,21.0,32.0,255.0,229.0,True,False,True,True,False,False,1.0,both,0.0007275881451638214,0.0006832842999767265,3.10153494964658e-05,7.199818975980032e-05,0.00015635382871438065
576,ortho,ttggatacttttttgtggtatattatttggaat,2.0,act,1.0,LDTFLWYIIWN,,False,False,7.0,2.0,5.0,74.0,100.0,94.0,912.0,938.0,True,False,True,True,False,False,1.0,both,0.002602197601527079,0.002798780233092443,0.00022951358627384692,0.0003428485226657158,0.0004592893718484931
577,ortho,ttggatacttttttgtggtatattatttggaat,3.0,ttt,2.0,LDTFLWYIIWN,,False,False,7.0,2.0,5.0,74.0,100.0,94.0,912.0,938.0,True,False,True,True,False,False,1.0,both,0.002602197601527079,0.002798780233092443,0.00022951358627384692,0.0003428485226657158,0.0004592893718484931
578,ortho,ttggatacttttttgtggtatattatttggaat,4.0,ttg,3.0,LDTFLWYIIWN,,False,False,7.0,2.0,5.0,74.0,100.0,94.0,912.0,938.0,True,False,True,True,False,False,1.0,both,0.002602197601527079,0.002798780233092443,0.00022951358627384692,0.0003428485226657158,0.0004592893718484931
579,ortho,ttggatacttttttgtggtatattatttggaat,6.0,tat,4.0,LDTFLWYIIWN,,False,False,7.0,2.0,5.0,74.0,100.0,94.0,912.0,938.0,True,False,True,True,False,False,1.0,both,0.002602197601527079,0.002798780233092443,0.00022951358627384692,0.0003428485226657158,0.0004592893718484931
580,ortho,ttggatacttttttgtggtatattatttggaat,9.0,tgg,5.0,LDTFLWYIIWN,,False,False,7.0,2.0,5.0,74.0,100.0,94.0,912.0,938.0,True,False,True,True,False,False,1.0,both,0.002602197601527079,0.002798780233092443,0.00022951358627384692,0.0003428485226657158,0.0004592893718484931
581,ortho,ttggatacttttttgtggtatattattttgaat,2.0,act,1.0,LDTFLWYIILN,,False,False,6.0,2.0,5.0,97.0,180.0,195.0,914.0,996.0,True,False,True,True,False,False,1.0,both,0.0026079041752146387,0.0029718391387634044,0.00030084889011571826,0.0006171273407982885,0.000952781143728257
582,ortho,ttggatacttttttgtggtatattattttgaat,3.0,ttt,2.0,LDTFLWYIILN,,False,False,6.0,2.0,5.0,97.0,180.0,195.0,914.0,996.0,True,False,True,True,False,False,1.0,both,0.0026079041752146387,0.0029718391387634044,0.00030084889011571826,0.0006171273407982885,0.000952781143728257
583,ortho,ttggatacttttttgtggtatattattttgaat,4.0,ttg,3.0,LDTFLWYIILN,,False,False,6.0,2.0,5.0,97.0,180.0,195.0,914.0,996.0,True,False,True,True,False,False,1.0,both,0.0026079041752146387,0.0029718391387634044,0.00030084889011571826,0.0006171273407982885,0.000952781143728257
584,ortho,ttggatacttttttgtggtatattattttgaat,6.0,tat,4.0,LDTFLWYIILN,,False,False,6.0,2.0,5.0,97.0,180.0,195.0,914.0,996.0,True,False,True,True,False,False,1.0,both,0.0026079041752146387,0.0029718391387634044,0.00030084889011571826,0.0006171273407982885,0.000952781143728257
585,ortho,ttggatacttttttgtggtatattattttgaat,9.0,ttg,5.0,LDTFLWYIILN,,False,False,6.0,2.0,5.0,97.0,180.0,195.0,914.0,996.0,True,False,True,True,False,False,1.0,both,0.0026079041752146387,0.0029718391387634044,0.00030084889011571826,0.0006171273407982885,0.000952781143728257
586,ortho,ttggatacttttttgtggtatattttgttgaat,2.0,act,1.0,LDTFLWYILLN,,False,False,8.0,3.0,6.0,77.0,51.0,75.0,535.0,643.0,True,False,True,True,False,False,1.0,both,0.0015265084614221353,0.0019185668335591057,0.00023881819112278667,0.00017485274655951508,0.0003664542860493296
587,ortho,ttggatacttttttgtggtatattttgttgaat,3.0,ttt,2.0,LDTFLWYILLN,,False,False,8.0,3.0,6.0,77.0,51.0,75.0,535.0,643.0,True,False,True,True,False,False,1.0,both,0.0015265084614221353,0.0019185668335591057,0.00023881819112278667,0.00017485274655951508,0.0003664542860493296
588,ortho,ttggatacttttttgtggtatattttgttgaat,4.0,ttg,3.0,LDTFLWYILLN,,False,False,8.0,3.0,6.0,77.0,51.0,75.0,535.0,643.0,True,False,True,True,False,False,1.0,both,0.0015265084614221353,0.0019185668335591057,0.00023881819112278667,0.00017485274655951508,0.0003664542860493296
589,ortho,ttggatacttttttgtggtatattttgttgaat,6.0,tat,4.0,LDTFLWYILLN,,False,False,8.0,3.0,6.0,77.0,51.0,75.0,535.0,643.0,True,False,True,True,False,False,1.0,both,0.0015265084614221353,0.0019185668335591057,0.00023881819112278667,0.00017485274655951508,0.0003664542860493296
590,ortho,ttggatacttttttgtggtatattttgttgaat,8.0,ttg,5.0,LDTFLWYILLN,,False,False,8.0,3.0,6.0,77.0,51.0,75.0,535.0,643.0,True,False,True,True,False,False,1.0,both,0.0015265084614221353,0.0019185668335591057,0.00023881819112278667,0.00017485274655951508,0.0003664542860493296
591,ortho,ttggatacttttttgtggtatattttgttgaat,9.0,ttg,6.0,LDTFLWYILLN,,False,False,8.0,3.0,6.0,77.0,51.0,75.0,535.0,643.0,True,False,True,True,False,False,1.0,both,0.0015265084614221353,0.0019185668335591057,0.00023881819112278667,0.00017485274655951508,0.0003664542860493296
592,ortho,ttggatacttttttgtggtatgttatttggaat,2.0,act,1.0,LDTFLWYVIWN,,False,False,8.0,3.0,6.0,25.0,27.0,15.0,989.0,1081.0,True,False,True,True,False,False,1.0,both,0.0028219006884981153,0.0032254599487984343,7.75383737411645e-05,9.256910111974328e-05,7.329085720986593e-05
593,ortho,ttggatacttttttgtggtatgttatttggaat,3.0,ttt,2.0,LDTFLWYVIWN,,False,False,8.0,3.0,6.0,25.0,27.0,15.0,989.0,1081.0,True,False,True,True,False,False,1.0,both,0.0028219006884981153,0.0032254599487984343,7.75383737411645e-05,9.256910111974328e-05,7.329085720986593e-05
594,ortho,ttggatacttttttgtggtatgttatttggaat,4.0,ttg,3.0,LDTFLWYVIWN,,False,False,8.0,3.0,6.0,25.0,27.0,15.0,989.0,1081.0,True,False,True,True,False,False,1.0,both,0.0028219006884981153,0.0032254599487984343,7.75383737411645e-05,9.256910111974328e-05,7.329085720986593e-05
595,ortho,ttggatacttttttgtggtatgttatttggaat,6.0,tat,4.0,LDTFLWYVIWN,,False,False,8.0,3.0,6.0,25.0,27.0,15.0,989.0,1081.0,True,False,True,True,False,False,1.0,both,0.0028219006884981153,0.0032254599487984343,7.75383737411645e-05,9.256910111974328e-05,7.329085720986593e-05
596,ortho,ttggatacttttttgtggtatgttatttggaat,7.0,gtt,5.0,LDTFLWYVIWN,,False,False,8.0,3.0,6.0,25.0,27.0,15.0,989.0,1081.0,True,False,True,True,False,False,1.0,both,0.0028219006884981153,0.0032254599487984343,7.75383737411645e-05,9.256910111974328e-05,7.329085720986593e-05
597,ortho,ttggatacttttttgtggtatgttatttggaat,9.0,tgg,6.0,LDTFLWYVIWN,,False,False,8.0,3.0,6.0,25.0,27.0,15.0,989.0,1081.0,True,False,True,True,False,False,1.0,both,0.0028219006884981153,0.0032254599487984343,7.75383737411645e-05,9.256910111974328e-05,7.329085720986593e-05
598,ortho,ttggatacttttttgtggtatgttttgttgaat,2.0,act,1.0,LDTFLWYVLLN,,False,False,9.0,4.0,7.0,14.0,27.0,13.0,536.0,587.0,True,False,True,True,False,False,1.0,both,0.0015293617482659149,0.0017514754763595568,4.3421489295052124e-05,9.256910111974328e-05,6.351874291521713e-05
599,ortho,ttggatacttttttgtggtatgttttgttgaat,3.0,ttt,2.0,LDTFLWYVLLN,,False,False,9.0,4.0,7.0,14.0,27.0,13.0,536.0,587.0,True,False,True,True,False,False,1.0,both,0.0015293617482659149,0.0017514754763595568,4.3421489295052124e-05,9.256910111974328e-05,6.351874291521713e-05
600,ortho,ttggatacttttttgtggtatgttttgttgaat,4.0,ttg,3.0,LDTFLWYVLLN,,False,False,9.0,4.0,7.0,14.0,27.0,13.0,536.0,587.0,True,False,True,True,False,False,1.0,both,0.0015293617482659149,0.0017514754763595568,4.3421489295052124e-05,9.256910111974328e-05,6.351874291521713e-05
601,ortho,ttggatacttttttgtggtatgttttgttgaat,6.0,tat,4.0,LDTFLWYVLLN,,False,False,9.0,4.0,7.0,14.0,27.0,13.0,536.0,587.0,True,False,True,True,False,False,1.0,both,0.0015293617482659149,0.0017514754763595568,4.3421489295052124e-05,9.256910111974328e-05,6.351874291521713e-05
602,ortho,ttggatacttttttgtggtatgttttgttgaat,7.0,gtt,5.0,LDTFLWYVLLN,,False,False,9.0,4.0,7.0,14.0,27.0,13.0,536.0,587.0,True,False,True,True,False,False,1.0,both,0.0015293617482659149,0.0017514754763595568,4.3421489295052124e-05,9.256910111974328e-05,6.351874291521713e-05
603,ortho,ttggatacttttttgtggtatgttttgttgaat,8.0,ttg,6.0,LDTFLWYVLLN,,False,False,9.0,4.0,7.0,14.0,27.0,13.0,536.0,587.0,True,False,True,True,False,False,1.0,both,0.0015293617482659149,0.0017514754763595568,4.3421489295052124e-05,9.256910111974328e-05,6.351874291521713e-05
604,ortho,ttggatacttttttgtggtatgttttgttgaat,9.0,ttg,7.0,LDTFLWYVLLN,,False,False,9.0,4.0,7.0,14.0,27.0,13.0,536.0,587.0,True,False,True,True,False,False,1.0,both,0.0015293617482659149,0.0017514754763595568,4.3421489295052124e-05,9.256910111974328e-05,6.351874291521713e-05
605,ortho,ttggatacttttttgtggtatgttttgtttaat,2.0,act,1.0,LDTFLWYVLFN,,False,False,10.0,4.0,7.0,17.0,7.0,12.0,443.0,526.0,True,False,True,True,False,False,1.0,both,0.0012640060717944036,0.0015694652479814766,5.272609414399186e-05,2.399939658660011e-05,5.863268576789274e-05
606,ortho,ttggatacttttttgtggtatgttttgtttaat,3.0,ttt,2.0,LDTFLWYVLFN,,False,False,10.0,4.0,7.0,17.0,7.0,12.0,443.0,526.0,True,False,True,True,False,False,1.0,both,0.0012640060717944036,0.0015694652479814766,5.272609414399186e-05,2.399939658660011e-05,5.863268576789274e-05
607,ortho,ttggatacttttttgtggtatgttttgtttaat,4.0,ttg,3.0,LDTFLWYVLFN,,False,False,10.0,4.0,7.0,17.0,7.0,12.0,443.0,526.0,True,False,True,True,False,False,1.0,both,0.0012640060717944036,0.0015694652479814766,5.272609414399186e-05,2.399939658660011e-05,5.863268576789274e-05
608,ortho,ttggatacttttttgtggtatgttttgtttaat,6.0,tat,4.0,LDTFLWYVLFN,,False,False,10.0,4.0,7.0,17.0,7.0,12.0,443.0,526.0,True,False,True,True,False,False,1.0,both,0.0012640060717944036,0.0015694652479814766,5.272609414399186e-05,2.399939658660011e-05,5.863268576789274e-05
609,ortho,ttggatacttttttgtggtatgttttgtttaat,7.0,gtt,5.0,LDTFLWYVLFN,,False,False,10.0,4.0,7.0,17.0,7.0,12.0,443.0,526.0,True,False,True,True,False,False,1.0,both,0.0012640060717944036,0.0015694652479814766,5.272609414399186e-05,2.399939658660011e-05,5.863268576789274e-05
610,ortho,ttggatacttttttgtggtatgttttgtttaat,8.0,ttg,6.0,LDTFLWYVLFN,,False,False,10.0,4.0,7.0,17.0,7.0,12.0,443.0,526.0,True,False,True,True,False,False,1.0,both,0.0012640060717944036,0.0015694652479814766,5.272609414399186e-05,2.399939658660011e-05,5.863268576789274e-05
611,ortho,ttggatacttttttgtggtatgttttgtttaat,9.0,ttt,7.0,LDTFLWYVLFN,,False,False,10.0,4.0,7.0,17.0,7.0,12.0,443.0,526.0,True,False,True,True,False,False,1.0,both,0.0012640060717944036,0.0015694652479814766,5.272609414399186e-05,2.399939658660011e-05,5.863268576789274e-05
612,ortho,ttggatacttttttgttttatgttttgttgaat,2.0,act,1.0,LDTFLFYVLLN,,False,False,11.0,5.0,8.0,2251.0,1807.0,1249.0,469.0,510.0,True,False,True,True,False,False,1.0,both,0.0013381915297326756,0.001521724860210177,0.0069815551716544515,0.006195272804569485,0.0061026853770081695
613,ortho,ttggatacttttttgttttatgttttgttgaat,3.0,ttt,2.0,LDTFLFYVLLN,,False,False,11.0,5.0,8.0,2251.0,1807.0,1249.0,469.0,510.0,True,False,True,True,False,False,1.0,both,0.0013381915297326756,0.001521724860210177,0.0069815551716544515,0.006195272804569485,0.0061026853770081695
614,ortho,ttggatacttttttgttttatgttttgttgaat,4.0,ttg,3.0,LDTFLFYVLLN,,False,False,11.0,5.0,8.0,2251.0,1807.0,1249.0,469.0,510.0,True,False,True,True,False,False,1.0,both,0.0013381915297326756,0.001521724860210177,0.0069815551716544515,0.006195272804569485,0.0061026853770081695
615,ortho,ttggatacttttttgttttatgttttgttgaat,5.0,ttt,4.0,LDTFLFYVLLN,,False,False,11.0,5.0,8.0,2251.0,1807.0,1249.0,469.0,510.0,True,False,True,True,False,False,1.0,both,0.0013381915297326756,0.001521724860210177,0.0069815551716544515,0.006195272804569485,0.0061026853770081695
616,ortho,ttggatacttttttgttttatgttttgttgaat,6.0,tat,5.0,LDTFLFYVLLN,,False,False,11.0,5.0,8.0,2251.0,1807.0,1249.0,469.0,510.0,True,False,True,True,False,False,1.0,both,0.0013381915297326756,0.001521724860210177,0.0069815551716544515,0.006195272804569485,0.0061026853770081695
617,ortho,ttggatacttttttgttttatgttttgttgaat,7.0,gtt,6.0,LDTFLFYVLLN,,False,False,11.0,5.0,8.0,2251.0,1807.0,1249.0,469.0,510.0,True,False,True,True,False,False,1.0,both,0.0013381915297326756,0.001521724860210177,0.0069815551716544515,0.006195272804569485,0.0061026853770081695
618,ortho,ttggatacttttttgttttatgttttgttgaat,8.0,ttg,7.0,LDTFLFYVLLN,,False,False,11.0,5.0,8.0,2251.0,1807.0,1249.0,469.0,510.0,True,False,True,True,False,False,1.0,both,0.0013381915297326756,0.001521724860210177,0.0069815551716544515,0.006195272804569485,0.0061026853770081695
619,ortho,ttggatacttttttgttttatgttttgttgaat,9.0,ttg,8.0,LDTFLFYVLLN,,False,False,11.0,5.0,8.0,2251.0,1807.0,1249.0,469.0,510.0,True,False,True,True,False,False,1.0,both,0.0013381915297326756,0.001521724860210177,0.0069815551716544515,0.006195272804569485,0.0061026853770081695
620,single,ttggataggtacttatggtacattattgtgaat,2.0,agg,1.0,LDRYLWYIIVN,,False,False,2.0,1.0,1.0,1.0,2.0,1.0,52.0,52.0,True,False,True,True,False,False,1.0,both,0.00014837091587654398,0.00015515626025672393,3.10153494964658e-06,6.856970453314317e-06,4.886057147324395e-06
621,single,ttggatagttacttatggtacattattgtgaat,2.0,agt,1.0,LDSYLWYIIVN,,False,False,2.0,1.0,1.0,55.0,132.0,118.0,544.0,473.0,True,False,True,True,False,False,1.0,both,0.0015521880430161524,0.0014113252134890465,0.0001705844222305619,0.0004525600499187449,0.0005765547433842786
622,single,ttggatatgtacttatggtacattattgtgaat,2.0,atg,1.0,LDMYLWYIIVN,,False,False,2.0,1.0,1.0,5444.0,4745.0,3241.0,1695.0,1627.0,True,False,True,True,False,False,1.0,both,0.004836321200206578,0.004854600681494035,0.01688475626587598,0.016268162400488215,0.015835711214478364
623,single,ttggatatttacttatggtacattattgtgaat,2.0,att,1.0,LDIYLWYIIVN,,False,False,2.0,1.0,1.0,1.0,6.0,5.0,152.0,118.0,True,False,True,True,False,False,1.0,both,0.0004336996002545132,0.0003520853598133351,3.10153494964658e-06,2.057091135994295e-05,2.4430285736621977e-05
624,single,ttggatcagtacttatggtacattattgtgaat,2.0,cag,1.0,LDQYLWYIIVN,,False,False,3.0,1.0,1.0,29.0,36.0,41.0,883.0,832.0,True,False,True,True,False,False,1.0,both,0.0025194522830574682,0.002482500164107583,8.994451353975082e-05,0.0001234254681596577,0.0002003283430403002
625,single,ttggatcattacttatggtacattattgtgaat,2.0,cat,1.0,LDHYLWYIIVN,,False,False,3.0,1.0,1.0,7.0,2.0,5.0,868.0,742.0,True,False,True,True,False,False,1.0,both,0.0024766529804007725,0.002213960482894022,2.1710744647526062e-05,6.856970453314317e-06,2.4430285736621977e-05
626,single,ttggatccttacttatggtacattattgtgaat,2.0,cct,1.0,LDPYLWYIIVN,,False,False,2.0,1.0,1.0,1.0,1.0,1.0,8.0,2.0,True,False,True,True,False,False,2.0,both,2.2826294750237538e-05,5.967548471412459e-06,3.10153494964658e-06,3.4284852266571585e-06,4.886057147324395e-06
627,single,ttggatcggtacttatggtacattattgtgaat,2.0,cgg,1.0,LDRYLWYIIVN,,False,False,3.0,1.0,1.0,3.0,1.0,8.0,207.0,165.0,True,False,True,True,False,False,1.0,both,0.0005906303766623962,0.0004923227488915279,9.30460484893974e-06,3.4284852266571585e-06,3.908845717859516e-05
628,single,ttggatctgtacttatggtacattattgtgaat,2.0,ctg,1.0,LDLYLWYIIVN,,False,False,3.0,1.0,1.0,1.0,1.0,5.0,291.0,269.0,True,False,True,True,False,False,1.0,both,0.0008303064715398904,0.0008026352694049758,3.10153494964658e-06,3.4284852266571585e-06,2.4430285736621977e-05
629,single,ttggatctttacttatggtacattattgtgaat,2.0,ctt,1.0,LDLYLWYIIVN,,False,False,3.0,1.0,1.0,1.0,3.0,1.0,36.0,39.0,True,False,True,True,False,False,1.0,both,0.00010271832637606891,0.00011636719519254295,3.10153494964658e-06,1.0285455679971476e-05,4.886057147324395e-06
630,single,ttggatgagtacttatggtacattattgtgaat,2.0,gag,1.0,LDEYLWYIIVN,,False,False,3.0,1.0,1.0,3250.0,3181.0,2088.0,3001.0,2728.0,True,False,True,True,False,False,1.0,both,0.008562713818182856,0.008139736115006594,0.010079988586351386,0.01090601150599642,0.010202087323613338
631,single,ttggatgattacttatggtacattattgtgaat,2.0,gat,1.0,LDDYLWYIIVN,,False,False,3.0,1.0,1.0,1.0,3.0,1.0,7.0,2.0,True,False,True,True,False,False,2.0,both,1.9973007906457844e-05,5.967548471412459e-06,3.10153494964658e-06,1.0285455679971476e-05,4.886057147324395e-06
632,single,ttggatgcttacttatggtacattattgtgaat,2.0,gct,1.0,LDAYLWYIIVN,,False,False,2.0,1.0,1.0,1.0,1.0,1.0,8.0,3.0,True,False,True,True,False,False,2.0,both,2.2826294750237538e-05,8.951322707118688e-06,3.10153494964658e-06,3.4284852266571585e-06,4.886057147324395e-06
633,single,ttggatgggtacttatggtacattattgtgaat,2.0,ggg,1.0,LDGYLWYIIVN,,False,False,3.0,1.0,1.0,18967.0,15200.0,10164.0,2935.0,2715.0,True,False,True,True,False,False,1.0,both,0.008374396886493395,0.008100947049942414,0.058826813389946685,0.05211297544518881,0.04966188484540515
634,single,ttggatggttacttatggtacattattgtgaat,2.0,ggt,1.0,LDGYLWYIIVN,,False,False,3.0,1.0,1.0,5313.0,3988.0,2811.0,1235.0,1075.0,True,False,True,True,False,False,1.0,both,0.0035238092520679196,0.003207557303384197,0.01647845518747228,0.013672799083908747,0.013734706641128875
635,single,ttggatgtgtacttatggtacattattgtgaat,2.0,gtg,1.0,LDVYLWYIIVN,,False,False,3.0,1.0,1.0,12.0,1.0,4.0,2.0,7.0,True,False,True,True,False,False,2.0,both,5.7065736875593844e-06,2.0886419649943606e-05,3.721841939575896e-05,3.4284852266571585e-06,1.954422858929758e-05
636,single,ttggatgtttacttatggtacattattgtgaat,2.0,gtt,1.0,LDVYLWYIIVN,,False,False,3.0,1.0,1.0,459.0,413.0,310.0,1808.0,1599.0,True,False,True,True,False,False,1.0,both,0.005158742613553684,0.004771055002894261,0.0014236045418877803,0.0014159643986094064,0.0015146777156705624
637,single,ttggattagtacttatggtacattattgtgaat,2.0,tag,1.0,LD*YLWYIIVN,,True,False,3.0,1.0,1.0,3.0,2.0,3.0,199.0,180.0,True,False,True,True,False,False,1.0,both,0.0005678040819121587,0.0005370793624271213,9.30460484893974e-06,6.856970453314317e-06,1.4658171441973185e-05
638,single,ttggattattacttatggtacattattgtgaat,2.0,tat,1.0,LDYYLWYIIVN,,False,False,3.0,1.0,1.0,6.0,5.0,4.0,820.0,796.0,True,False,True,True,False,False,1.0,both,0.0023396952118993476,0.0023750842916221587,1.860920969787948e-05,1.7142426133285793e-05,1.954422858929758e-05
639,single,ttggattcgtacttatggtacattattgtgaat,2.0,tcg,1.0,LDSYLWYIIVN,,False,False,2.0,1.0,1.0,209.0,398.0,401.0,1644.0,1555.0,True,False,True,True,False,False,1.0,both,0.0046908035711738134,0.004639768936523187,0.0006482208044761353,0.001364537120209549,0.0019593089160770826
640,ortho,ttggattcttatttgtggtatatgttggtttgt,2.0,tct,1.0,LDSYLWYMLVC,,False,False,11.0,4.0,8.0,6259.0,5324.0,3884.0,902.0,928.0,True,False,True,True,False,False,1.0,both,0.0025736647330892822,0.002768942490735381,0.019412507249837944,0.018253255346722713,0.01897744596020795
641,ortho,ttggattcttatttgtggtatatgttggtttgt,3.0,tat,2.0,LDSYLWYMLVC,,False,False,11.0,4.0,8.0,6259.0,5324.0,3884.0,902.0,928.0,True,False,True,True,False,False,1.0,both,0.0025736647330892822,0.002768942490735381,0.019412507249837944,0.018253255346722713,0.01897744596020795
642,ortho,ttggattcttatttgtggtatatgttggtttgt,4.0,ttg,3.0,LDSYLWYMLVC,,False,False,11.0,4.0,8.0,6259.0,5324.0,3884.0,902.0,928.0,True,False,True,True,False,False,1.0,both,0.0025736647330892822,0.002768942490735381,0.019412507249837944,0.018253255346722713,0.01897744596020795
643,ortho,ttggattcttatttgtggtatatgttggtttgt,6.0,tat,4.0,LDSYLWYMLVC,,False,False,11.0,4.0,8.0,6259.0,5324.0,3884.0,902.0,928.0,True,False,True,True,False,False,1.0,both,0.0025736647330892822,0.002768942490735381,0.019412507249837944,0.018253255346722713,0.01897744596020795
644,ortho,ttggattcttatttgtggtatatgttggtttgt,7.0,atg,5.0,LDSYLWYMLVC,,False,False,11.0,4.0,8.0,6259.0,5324.0,3884.0,902.0,928.0,True,False,True,True,False,False,1.0,both,0.0025736647330892822,0.002768942490735381,0.019412507249837944,0.018253255346722713,0.01897744596020795
645,ortho,ttggattcttatttgtggtatatgttggtttgt,8.0,ttg,6.0,LDSYLWYMLVC,,False,False,11.0,4.0,8.0,6259.0,5324.0,3884.0,902.0,928.0,True,False,True,True,False,False,1.0,both,0.0025736647330892822,0.002768942490735381,0.019412507249837944,0.018253255346722713,0.01897744596020795
646,ortho,ttggattcttatttgtggtatatgttggtttgt,9.0,gtt,7.0,LDSYLWYMLVC,,False,False,11.0,4.0,8.0,6259.0,5324.0,3884.0,902.0,928.0,True,False,True,True,False,False,1.0,both,0.0025736647330892822,0.002768942490735381,0.019412507249837944,0.018253255346722713,0.01897744596020795
647,ortho,ttggattcttatttgtggtatatgttggtttgt,10.0,tgt,8.0,LDSYLWYMLVC,,False,False,11.0,4.0,8.0,6259.0,5324.0,3884.0,902.0,928.0,True,False,True,True,False,False,1.0,both,0.0025736647330892822,0.002768942490735381,0.019412507249837944,0.018253255346722713,0.01897744596020795
648,ortho,ttggattcttatttgtggtatattattgctaat,2.0,tct,1.0,LDSYLWYIIAN,,False,False,7.0,2.0,5.0,121.0,366.0,333.0,1638.0,1667.0,True,False,True,True,False,False,1.0,both,0.004673683850111136,0.004973951650922285,0.0003752857289072362,0.00125482559295652,0.0016270570300590235
649,ortho,ttggattcttatttgtggtatattattgctaat,3.0,tat,2.0,LDSYLWYIIAN,,False,False,7.0,2.0,5.0,121.0,366.0,333.0,1638.0,1667.0,True,False,True,True,False,False,1.0,both,0.004673683850111136,0.004973951650922285,0.0003752857289072362,0.00125482559295652,0.0016270570300590235
650,ortho,ttggattcttatttgtggtatattattgctaat,4.0,ttg,3.0,LDSYLWYIIAN,,False,False,7.0,2.0,5.0,121.0,366.0,333.0,1638.0,1667.0,True,False,True,True,False,False,1.0,both,0.004673683850111136,0.004973951650922285,0.0003752857289072362,0.00125482559295652,0.0016270570300590235
651,ortho,ttggattcttatttgtggtatattattgctaat,6.0,tat,4.0,LDSYLWYIIAN,,False,False,7.0,2.0,5.0,121.0,366.0,333.0,1638.0,1667.0,True,False,True,True,False,False,1.0,both,0.004673683850111136,0.004973951650922285,0.0003752857289072362,0.00125482559295652,0.0016270570300590235
652,ortho,ttggattcttatttgtggtatattattgctaat,9.0,gct,5.0,LDSYLWYIIAN,,False,False,7.0,2.0,5.0,121.0,366.0,333.0,1638.0,1667.0,True,False,True,True,False,False,1.0,both,0.004673683850111136,0.004973951650922285,0.0003752857289072362,0.00125482559295652,0.0016270570300590235
653,ortho,ttggattcttatttgtggtatattatttgtaat,2.0,tct,1.0,LDSYLWYIICN,,False,False,8.0,2.0,5.0,187.0,387.0,426.0,679.0,900.0,True,False,True,True,False,False,1.0,both,0.0019373817669264108,0.0026853968121356066,0.0005799870355839105,0.0013268237827163203,0.0020814603447601924
654,ortho,ttggattcttatttgtggtatattatttgtaat,3.0,tat,2.0,LDSYLWYIICN,,False,False,8.0,2.0,5.0,187.0,387.0,426.0,679.0,900.0,True,False,True,True,False,False,1.0,both,0.0019373817669264108,0.0026853968121356066,0.0005799870355839105,0.0013268237827163203,0.0020814603447601924
655,ortho,ttggattcttatttgtggtatattatttgtaat,4.0,ttg,3.0,LDSYLWYIICN,,False,False,8.0,2.0,5.0,187.0,387.0,426.0,679.0,900.0,True,False,True,True,False,False,1.0,both,0.0019373817669264108,0.0026853968121356066,0.0005799870355839105,0.0013268237827163203,0.0020814603447601924
656,ortho,ttggattcttatttgtggtatattatttgtaat,6.0,tat,4.0,LDSYLWYIICN,,False,False,8.0,2.0,5.0,187.0,387.0,426.0,679.0,900.0,True,False,True,True,False,False,1.0,both,0.0019373817669264108,0.0026853968121356066,0.0005799870355839105,0.0013268237827163203,0.0020814603447601924
657,ortho,ttggattcttatttgtggtatattatttgtaat,9.0,tgt,5.0,LDSYLWYIICN,,False,False,8.0,2.0,5.0,187.0,387.0,426.0,679.0,900.0,True,False,True,True,False,False,1.0,both,0.0019373817669264108,0.0026853968121356066,0.0005799870355839105,0.0013268237827163203,0.0020814603447601924
658,ortho,ttggattcttatttgtggtatattattttgaat,2.0,tct,1.0,LDSYLWYIILN,,False,False,6.0,2.0,5.0,1061.0,1488.0,1352.0,794.0,843.0,True,False,True,True,False,False,1.0,both,0.0022655097539610756,0.0025153216807003516,0.0032907285815750214,0.005101586017265852,0.006605949263182582
659,ortho,ttggattcttatttgtggtatattattttgaat,3.0,tat,2.0,LDSYLWYIILN,,False,False,6.0,2.0,5.0,1061.0,1488.0,1352.0,794.0,843.0,True,False,True,True,False,False,1.0,both,0.0022655097539610756,0.0025153216807003516,0.0032907285815750214,0.005101586017265852,0.006605949263182582
660,ortho,ttggattcttatttgtggtatattattttgaat,4.0,ttg,3.0,LDSYLWYIILN,,False,False,6.0,2.0,5.0,1061.0,1488.0,1352.0,794.0,843.0,True,False,True,True,False,False,1.0,both,0.0022655097539610756,0.0025153216807003516,0.0032907285815750214,0.005101586017265852,0.006605949263182582
661,ortho,ttggattcttatttgtggtatattattttgaat,6.0,tat,4.0,LDSYLWYIILN,,False,False,6.0,2.0,5.0,1061.0,1488.0,1352.0,794.0,843.0,True,False,True,True,False,False,1.0,both,0.0022655097539610756,0.0025153216807003516,0.0032907285815750214,0.005101586017265852,0.006605949263182582
662,ortho,ttggattcttatttgtggtatattattttgaat,9.0,ttg,5.0,LDSYLWYIILN,,False,False,6.0,2.0,5.0,1061.0,1488.0,1352.0,794.0,843.0,True,False,True,True,False,False,1.0,both,0.0022655097539610756,0.0025153216807003516,0.0032907285815750214,0.005101586017265852,0.006605949263182582
663,ortho,ttggattcttatttgtggtatgttatttgtaat,2.0,tct,1.0,LDSYLWYVICN,,False,False,9.0,3.0,6.0,36.0,70.0,49.0,826.0,921.0,True,False,True,True,False,False,1.0,both,0.002356814932962026,0.0027480560710854375,0.00011165525818727688,0.0002399939658660011,0.00023941680021889535
664,ortho,ttggattcttatttgtggtatgttatttgtaat,3.0,tat,2.0,LDSYLWYVICN,,False,False,9.0,3.0,6.0,36.0,70.0,49.0,826.0,921.0,True,False,True,True,False,False,1.0,both,0.002356814932962026,0.0027480560710854375,0.00011165525818727688,0.0002399939658660011,0.00023941680021889535
665,ortho,ttggattcttatttgtggtatgttatttgtaat,4.0,ttg,3.0,LDSYLWYVICN,,False,False,9.0,3.0,6.0,36.0,70.0,49.0,826.0,921.0,True,False,True,True,False,False,1.0,both,0.002356814932962026,0.0027480560710854375,0.00011165525818727688,0.0002399939658660011,0.00023941680021889535
666,ortho,ttggattcttatttgtggtatgttatttgtaat,6.0,tat,4.0,LDSYLWYVICN,,False,False,9.0,3.0,6.0,36.0,70.0,49.0,826.0,921.0,True,False,True,True,False,False,1.0,both,0.002356814932962026,0.0027480560710854375,0.00011165525818727688,0.0002399939658660011,0.00023941680021889535
667,ortho,ttggattcttatttgtggtatgttatttgtaat,7.0,gtt,5.0,LDSYLWYVICN,,False,False,9.0,3.0,6.0,36.0,70.0,49.0,826.0,921.0,True,False,True,True,False,False,1.0,both,0.002356814932962026,0.0027480560710854375,0.00011165525818727688,0.0002399939658660011,0.00023941680021889535
668,ortho,ttggattcttatttgtggtatgttatttgtaat,9.0,tgt,6.0,LDSYLWYVICN,,False,False,9.0,3.0,6.0,36.0,70.0,49.0,826.0,921.0,True,False,True,True,False,False,1.0,both,0.002356814932962026,0.0027480560710854375,0.00011165525818727688,0.0002399939658660011,0.00023941680021889535
669,ortho,ttggattcttatttgtggtatgttatttttaat,2.0,tct,1.0,LDSYLWYVIFN,,False,False,8.0,3.0,6.0,30.0,33.0,50.0,403.0,420.0,True,False,True,True,False,False,1.0,both,0.0011498745980432158,0.0012531851789966163,9.30460484893974e-05,0.00011314001247968622,0.00024430285736621975
670,ortho,ttggattcttatttgtggtatgttatttttaat,3.0,tat,2.0,LDSYLWYVIFN,,False,False,8.0,3.0,6.0,30.0,33.0,50.0,403.0,420.0,True,False,True,True,False,False,1.0,both,0.0011498745980432158,0.0012531851789966163,9.30460484893974e-05,0.00011314001247968622,0.00024430285736621975
671,ortho,ttggattcttatttgtggtatgttatttttaat,4.0,ttg,3.0,LDSYLWYVIFN,,False,False,8.0,3.0,6.0,30.0,33.0,50.0,403.0,420.0,True,False,True,True,False,False,1.0,both,0.0011498745980432158,0.0012531851789966163,9.30460484893974e-05,0.00011314001247968622,0.00024430285736621975
672,ortho,ttggattcttatttgtggtatgttatttttaat,6.0,tat,4.0,LDSYLWYVIFN,,False,False,8.0,3.0,6.0,30.0,33.0,50.0,403.0,420.0,True,False,True,True,False,False,1.0,both,0.0011498745980432158,0.0012531851789966163,9.30460484893974e-05,0.00011314001247968622,0.00024430285736621975
673,ortho,ttggattcttatttgtggtatgttatttttaat,7.0,gtt,5.0,LDSYLWYVIFN,,False,False,8.0,3.0,6.0,30.0,33.0,50.0,403.0,420.0,True,False,True,True,False,False,1.0,both,0.0011498745980432158,0.0012531851789966163,9.30460484893974e-05,0.00011314001247968622,0.00024430285736621975
674,ortho,ttggattcttatttgtggtatgttatttttaat,9.0,ttt,6.0,LDSYLWYVIFN,,False,False,8.0,3.0,6.0,30.0,33.0,50.0,403.0,420.0,True,False,True,True,False,False,1.0,both,0.0011498745980432158,0.0012531851789966163,9.30460484893974e-05,0.00011314001247968622,0.00024430285736621975
675,single,ttggattggtacttatggtacattattgtgaat,2.0,tgg,1.0,LDWYLWYIIVN,,False,False,3.0,1.0,1.0,9.0,3.0,10.0,1.0,6.0,True,False,True,True,False,False,2.0,both,2.8532868437796922e-06,1.7902645414237377e-05,2.791381454681922e-05,1.0285455679971476e-05,4.8860571473243954e-05
676,single,ttggattgttacttatggtacattattgtgaat,2.0,tgt,1.0,LDCYLWYIIVN,,False,False,3.0,1.0,1.0,13.0,5.0,8.0,331.0,358.0,True,False,True,True,False,False,1.0,both,0.0009444379452910781,0.0010681911763828302,4.031995434540554e-05,1.7142426133285793e-05,3.908845717859516e-05
677,single,ttggatttgtacttatggtacattattgtgaat,2.0,ttg,1.0,LDLYLWYIIVN,,False,False,3.0,1.0,1.0,1.0,1.0,3.0,198.0,224.0,True,False,True,True,False,False,1.0,both,0.000564950795068379,0.0006683654287981954,3.10153494964658e-06,3.4284852266571585e-06,1.4658171441973185e-05
678,single,ttggatttttacttatggtacattattgtgaat,2.0,ttt,1.0,LDFYLWYIIVN,,False,False,3.0,1.0,1.0,15.0,22.0,20.0,1542.0,1534.0,True,False,True,True,False,False,1.0,both,0.004399768313108285,0.004577109677573356,4.65230242446987e-05,7.542667498645748e-05,9.772114294648791e-05
679,single,ttggcgacctacttatggtacattattgtgaat,1.0,gcg,1.0,LATYLWYIIVN,,False,False,2.0,1.0,1.0,15.0,2.0,10.0,1027.0,1012.0,True,False,True,True,False,False,1.0,both,0.0029303255885617437,0.0030195795265347044,4.65230242446987e-05,6.856970453314317e-06,4.8860571473243954e-05
680,single,ttggctacctacttatggtacattattgtgaat,1.0,gct,1.0,LATYLWYIIVN,,False,False,1.0,1.0,1.0,1.0,8.0,5.0,356.0,348.0,True,False,True,True,False,False,1.0,both,0.0010157701163855703,0.001038353434025768,3.10153494964658e-06,2.7427881813257268e-05,2.4430285736621977e-05
681,single,ttggggacctacttatggtacattattgtgaat,1.0,ggg,1.0,LGTYLWYIIVN,,False,False,2.0,1.0,1.0,2.0,1.0,2.0,440.0,398.0,True,False,True,True,False,False,1.0,both,0.0012554462112630645,0.0011875421458110793,6.20306989929316e-06,3.4284852266571585e-06,9.77211429464879e-06
682,single,ttgggtacctacttatggtacattattgtgaat,1.0,ggt,1.0,LGTYLWYIIVN,,False,False,1.0,1.0,1.0,7.0,3.0,1.0,1476.0,1427.0,True,False,True,True,False,False,1.0,both,0.004211451381418825,0.00425784583435279,2.1710744647526062e-05,1.0285455679971476e-05,4.886057147324395e-06
683,single,ttggtgacctacttatggtacattattgtgaat,1.0,gtg,1.0,LVTYLWYIIVN,,False,False,2.0,1.0,1.0,1220.0,714.0,587.0,832.0,803.0,True,False,True,True,False,False,1.0,both,0.0023739346540247036,0.0023959707112721023,0.0037838726385688278,0.0024479384518332112,0.00286811554547942
684,single,ttggttacctacttatggtacattattgtgaat,1.0,gtt,1.0,LVTYLWYIIVN,,False,False,1.0,1.0,1.0,26.0,40.0,5.0,190.0,174.0,True,False,True,True,False,False,1.0,both,0.0005421245003181415,0.000519176717012884,8.063990869081109e-05,0.00013713940906628634,2.4430285736621977e-05
685,single,ttgtagacctacttatggtacattattgtgaat,1.0,tag,1.0,L*TYLWYIIVN,,True,False,2.0,1.0,1.0,3.0,6.0,3.0,214.0,191.0,True,False,True,True,False,False,1.0,both,0.0006106033845688541,0.0005699008790198899,9.30460484893974e-06,2.057091135994295e-05,1.4658171441973185e-05
686,single,ttgtatacctacttatggtacattattgtgaat,1.0,tat,1.0,LYTYLWYIIVN,,False,False,1.0,1.0,1.0,9.0,5.0,3.0,528.0,450.0,True,False,True,True,False,False,1.0,both,0.0015065354535156773,0.0013426984060678033,2.791381454681922e-05,1.7142426133285793e-05,1.4658171441973185e-05
687,single,ttgtcgacctacttatggtacattattgtgaat,1.0,tcg,1.0,LSTYLWYIIVN,,False,False,3.0,1.0,1.0,630.0,322.0,279.0,751.0,645.0,True,False,True,True,False,False,1.0,both,0.0021428184196785488,0.001924534382030518,0.0019539670182773454,0.001103972242983605,0.0013632099441035063
688,single,ttgtctacctacttatggtacattattgtgaat,1.0,tct,1.0,LSTYLWYIIVN,,False,False,2.0,1.0,1.0,822.0,531.0,409.0,980.0,934.0,True,False,True,True,False,False,1.0,both,0.002796221106904098,0.0027868451361496185,0.002549461728609489,0.001820525655354951,0.0019983973732556775
689,single,ttgtggacctacttatggtacattattgtgaat,1.0,tgg,1.0,LWTYLWYIIVN,,False,False,3.0,1.0,1.0,1.0,6.0,2.0,343.0,410.0,True,False,True,True,False,False,1.0,both,0.0009786773874164343,0.001223347436639554,3.10153494964658e-06,2.057091135994295e-05,9.77211429464879e-06
690,single,ttgtgtacctacttatggtacattattgtgaat,1.0,tgt,1.0,LCTYLWYIIVN,,False,False,2.0,1.0,1.0,36.0,18.0,4.0,3116.0,2999.0,True,False,True,True,False,False,1.0,both,0.008890841805217521,0.008948338932882983,0.00011165525818727688,6.171273407982885e-05,1.954422858929758e-05
691,single,ttgttgacctacttatggtacattattgtgaat,1.0,ttg,1.0,LLTYLWYIIVN,,False,False,3.0,1.0,1.0,1.0,1.0,1.0,3.0,5.0,True,False,True,True,False,False,2.0,both,8.559860531339077e-06,1.4918871178531148e-05,3.10153494964658e-06,3.4284852266571585e-06,4.886057147324395e-06
692,single,ttgtttacctacttatggtacattattgtgaat,1.0,ttt,1.0,LFTYLWYIIVN,,False,False,2.0,1.0,1.0,110.0,83.0,85.0,2193.0,2064.0,True,False,True,True,False,False,1.0,both,0.0062572580484088645,0.006158510022497658,0.0003411688444611238,0.00028456427381254415,0.0004153148575225736
693,single,tttgatacctacttatggtacattattgtgaat,0.0,ttt,1.0,FDTYLWYIIVN,,False,False,1.0,1.0,1.0,4176.0,4053.0,2488.0,1704.0,1604.0,True,False,True,True,False,False,1.0,both,0.004862000781800596,0.004785973874072792,0.01295200994972412,0.013895650623641462,0.012156510182543096
