,Filtered_sequenced_variants,Filtered_sequenced_variants_rc,Usable_variants,Covered_variants_%,Usable_variants_rc,Usable_variants_%rc,Unsequenced_variants,Unexpected_variants,Unexpected_variants_rc
input1,699,278176,225,65.0,265618.0,95.5,116,474,12558.0
input2,732,223275,228,65.9,212178.0,95.0,116,504,11097.0
input3,679,215798,224,64.7,205873.0,95.39999999999999,116,455,9925.0
b1,578,292386,205,59.199999999999996,274699.0,94.0,116,373,17687.0
b2,563,260894,205,59.199999999999996,245720.0,94.19999999999999,116,358,15174.0
b3,574,194189,205,59.199999999999996,181212.0,93.30000000000001,116,369,12977.0
