,rep_compared,Pearson,replicate1,replicate2
0,"('1', '2')",0.9433295068288146,1,2
1,"('1', '3')",0.9545272714520651,1,3
2,"('2', '3')",0.93807989529264,2,3
