,total_readcount,WT,WT_%,single_mut_readcount,single_mut_readcount_%,ortho_mut_readcount,ortho_mut_readcount_%,double_mut_readcount,double_mut_readcount_%
input1,265618.0,920.0,0.3,199093.0,75.0,65605.0,24.7,0.0,0.0
input2,212178.0,760.0,0.4,163050.0,76.8,48368.0,22.8,0.0,0.0
input3,205873.0,707.0,0.3,156241.0,75.9,48925.0,23.799999999999997,0.0,0.0
b1,274699.0,1033.0,0.4,264382.0,96.2,9284.0,3.4000000000000004,0.0,0.0
b2,245720.0,541.0,0.2,235417.0,95.8,9762.0,4.0,0.0,0.0
b3,181212.0,477.0,0.3,173900.0,96.0,6835.0,3.8,0.0,0.0
