,Total_reads,Reads_no_indels,Reads_no_indels_%,No_indels_acceptable_RC,Acceptable_RC_over_no_indels_%
input1,281639,279318,99.2,276649,99.0
input2,226059,224369,99.3,220920,98.5
input3,218453,216795,99.2,214418,98.9
b1,295598,294890,99.8,284322,96.39999999999999
b2,263753,263159,99.8,253750,96.39999999999999
b3,196813,196315,99.7,187113,95.3
