,seq_type,nt_seq,aa_pos,alt_codons,mutated_codon,combination,aa_seq,WT,STOP,STOP_readthrough,Nham_nt,Nham_aa,Nmut_codons,b1,b2,b3,input1,input2,input3,barcode_valid,indel,constant_region,permitted,too_many_substitutions,mixed_substitutions,confidence_score,Location,input1_abundance,input2_abundance,input3_abundance,b1_abundance,b2_abundance,b3_abundance
0,ortho,aaatggattaaaagatgtattatt,0.0,aaa,1.0,,KWIKRCII,,False,False,12.0,6.0,7.0,320.0,277.0,288.0,462.0,350.0,14.0,True,False,True,True,False,False,1.0,both,0.0024731274891867587,0.002309164082602098,0.0018570102135561746,0.0017419800869901306,0.0011775608760712828,0.0012145851432620045
1,ortho,aaatggattaaaagatgtattatt,2.0,att,2.0,,KWIKRCII,,False,False,12.0,6.0,7.0,320.0,277.0,288.0,462.0,350.0,14.0,True,False,True,True,False,False,1.0,both,0.0024731274891867587,0.002309164082602098,0.0018570102135561746,0.0017419800869901306,0.0011775608760712828,0.0012145851432620045
2,ortho,aaatggattaaaagatgtattatt,3.0,aaa,3.0,,KWIKRCII,,False,False,12.0,6.0,7.0,320.0,277.0,288.0,462.0,350.0,14.0,True,False,True,True,False,False,1.0,both,0.0024731274891867587,0.002309164082602098,0.0018570102135561746,0.0017419800869901306,0.0011775608760712828,0.0012145851432620045
3,ortho,aaatggattaaaagatgtattatt,4.0,aga,4.0,,KWIKRCII,,False,False,12.0,6.0,7.0,320.0,277.0,288.0,462.0,350.0,14.0,True,False,True,True,False,False,1.0,both,0.0024731274891867587,0.002309164082602098,0.0018570102135561746,0.0017419800869901306,0.0011775608760712828,0.0012145851432620045
4,ortho,aaatggattaaaagatgtattatt,5.0,tgt,5.0,,KWIKRCII,,False,False,12.0,6.0,7.0,320.0,277.0,288.0,462.0,350.0,14.0,True,False,True,True,False,False,1.0,both,0.0024731274891867587,0.002309164082602098,0.0018570102135561746,0.0017419800869901306,0.0011775608760712828,0.0012145851432620045
5,ortho,aaatggattaaaagatgtattatt,6.0,att,6.0,,KWIKRCII,,False,False,12.0,6.0,7.0,320.0,277.0,288.0,462.0,350.0,14.0,True,False,True,True,False,False,1.0,both,0.0024731274891867587,0.002309164082602098,0.0018570102135561746,0.0017419800869901306,0.0011775608760712828,0.0012145851432620045
6,ortho,aaatggattaaaagatgtattatt,7.0,att,7.0,,KWIKRCII,,False,False,12.0,6.0,7.0,320.0,277.0,288.0,462.0,350.0,14.0,True,False,True,True,False,False,1.0,both,0.0024731274891867587,0.002309164082602098,0.0018570102135561746,0.0017419800869901306,0.0011775608760712828,0.0012145851432620045
7,ortho,aatcaacaatttattattcaattg,0.0,aat,1.0,,NQQFIIQL,,False,False,16.0,7.0,7.0,25.0,20.0,38.0,203.0,165.0,8.0,True,False,True,True,False,False,2.0,both,0.0010866772300972122,0.0010886059246552747,0.001061148693460671,0.00013609219429610396,8.502244592572439e-05,0.00016025776195818117
8,ortho,aatcaacaatttattattcaattg,1.0,caa,2.0,,NQQFIIQL,,False,False,16.0,7.0,7.0,25.0,20.0,38.0,203.0,165.0,8.0,True,False,True,True,False,False,2.0,both,0.0010866772300972122,0.0010886059246552747,0.001061148693460671,0.00013609219429610396,8.502244592572439e-05,0.00016025776195818117
9,ortho,aatcaacaatttattattcaattg,2.0,caa,3.0,,NQQFIIQL,,False,False,16.0,7.0,7.0,25.0,20.0,38.0,203.0,165.0,8.0,True,False,True,True,False,False,2.0,both,0.0010866772300972122,0.0010886059246552747,0.001061148693460671,0.00013609219429610396,8.502244592572439e-05,0.00016025776195818117
10,ortho,aatcaacaatttattattcaattg,3.0,ttt,4.0,,NQQFIIQL,,False,False,16.0,7.0,7.0,25.0,20.0,38.0,203.0,165.0,8.0,True,False,True,True,False,False,2.0,both,0.0010866772300972122,0.0010886059246552747,0.001061148693460671,0.00013609219429610396,8.502244592572439e-05,0.00016025776195818117
11,ortho,aatcaacaatttattattcaattg,4.0,att,5.0,,NQQFIIQL,,False,False,16.0,7.0,7.0,25.0,20.0,38.0,203.0,165.0,8.0,True,False,True,True,False,False,2.0,both,0.0010866772300972122,0.0010886059246552747,0.001061148693460671,0.00013609219429610396,8.502244592572439e-05,0.00016025776195818117
12,ortho,aatcaacaatttattattcaattg,5.0,att,6.0,,NQQFIIQL,,False,False,16.0,7.0,7.0,25.0,20.0,38.0,203.0,165.0,8.0,True,False,True,True,False,False,2.0,both,0.0010866772300972122,0.0010886059246552747,0.001061148693460671,0.00013609219429610396,8.502244592572439e-05,0.00016025776195818117
13,ortho,aatcaacaatttattattcaattg,6.0,caa,7.0,,NQQFIIQL,,False,False,16.0,7.0,7.0,25.0,20.0,38.0,203.0,165.0,8.0,True,False,True,True,False,False,2.0,both,0.0010866772300972122,0.0010886059246552747,0.001061148693460671,0.00013609219429610396,8.502244592572439e-05,0.00016025776195818117
14,single,aattgggtgagacgttatacattg,0.0,aat,1.0,,NWVRRYTL,,False,False,1.0,1.0,1.0,2159.0,3213.0,3060.0,1957.0,1617.0,97.0,True,False,True,True,False,False,1.0,both,0.0104759967453214,0.010668338061621693,0.012866427908210638,0.011752921899411538,0.013658855937967623,0.012904967147158799
15,ortho,aattgggttaatagatgtattgtt,0.0,aat,1.0,,NWVNRCIV,,False,False,11.0,5.0,7.0,828.0,884.0,948.0,903.0,624.0,39.0,True,False,True,True,False,False,1.0,both,0.004833840092501392,0.004116909678696312,0.005173099880620772,0.004507373475086963,0.003757992109917018,0.003998009429904099
16,ortho,aattgggttaatagatgtattgtt,2.0,gtt,2.0,,NWVNRCIV,,False,False,11.0,5.0,7.0,828.0,884.0,948.0,903.0,624.0,39.0,True,False,True,True,False,False,1.0,both,0.004833840092501392,0.004116909678696312,0.005173099880620772,0.004507373475086963,0.003757992109917018,0.003998009429904099
17,ortho,aattgggttaatagatgtattgtt,3.0,aat,3.0,,NWVNRCIV,,False,False,11.0,5.0,7.0,828.0,884.0,948.0,903.0,624.0,39.0,True,False,True,True,False,False,1.0,both,0.004833840092501392,0.004116909678696312,0.005173099880620772,0.004507373475086963,0.003757992109917018,0.003998009429904099
18,ortho,aattgggttaatagatgtattgtt,4.0,aga,4.0,,NWVNRCIV,,False,False,11.0,5.0,7.0,828.0,884.0,948.0,903.0,624.0,39.0,True,False,True,True,False,False,1.0,both,0.004833840092501392,0.004116909678696312,0.005173099880620772,0.004507373475086963,0.003757992109917018,0.003998009429904099
19,ortho,aattgggttaatagatgtattgtt,5.0,tgt,5.0,,NWVNRCIV,,False,False,11.0,5.0,7.0,828.0,884.0,948.0,903.0,624.0,39.0,True,False,True,True,False,False,1.0,both,0.004833840092501392,0.004116909678696312,0.005173099880620772,0.004507373475086963,0.003757992109917018,0.003998009429904099
20,ortho,aattgggttaatagatgtattgtt,6.0,att,6.0,,NWVNRCIV,,False,False,11.0,5.0,7.0,828.0,884.0,948.0,903.0,624.0,39.0,True,False,True,True,False,False,1.0,both,0.004833840092501392,0.004116909678696312,0.005173099880620772,0.004507373475086963,0.003757992109917018,0.003998009429904099
21,ortho,aattgggttaatagatgtattgtt,7.0,gtt,7.0,,NWVNRCIV,,False,False,11.0,5.0,7.0,828.0,884.0,948.0,903.0,624.0,39.0,True,False,True,True,False,False,1.0,both,0.004833840092501392,0.004116909678696312,0.005173099880620772,0.004507373475086963,0.003757992109917018,0.003998009429904099
22,ortho,aattgggttaatagatgtgttatt,0.0,aat,1.0,,NWVNRCVI,,False,False,12.0,5.0,7.0,221.0,280.0,254.0,231.0,163.0,8.0,True,False,True,True,False,False,2.0,both,0.0012365637445933793,0.00107541070132612,0.001061148693460671,0.001203054997577559,0.0011903142429601414,0.0010711966194046846
23,ortho,aattgggttaatagatgtgttatt,2.0,gtt,2.0,,NWVNRCVI,,False,False,12.0,5.0,7.0,221.0,280.0,254.0,231.0,163.0,8.0,True,False,True,True,False,False,2.0,both,0.0012365637445933793,0.00107541070132612,0.001061148693460671,0.001203054997577559,0.0011903142429601414,0.0010711966194046846
24,ortho,aattgggttaatagatgtgttatt,3.0,aat,3.0,,NWVNRCVI,,False,False,12.0,5.0,7.0,221.0,280.0,254.0,231.0,163.0,8.0,True,False,True,True,False,False,2.0,both,0.0012365637445933793,0.00107541070132612,0.001061148693460671,0.001203054997577559,0.0011903142429601414,0.0010711966194046846
25,ortho,aattgggttaatagatgtgttatt,4.0,aga,4.0,,NWVNRCVI,,False,False,12.0,5.0,7.0,221.0,280.0,254.0,231.0,163.0,8.0,True,False,True,True,False,False,2.0,both,0.0012365637445933793,0.00107541070132612,0.001061148693460671,0.001203054997577559,0.0011903142429601414,0.0010711966194046846
26,ortho,aattgggttaatagatgtgttatt,5.0,tgt,5.0,,NWVNRCVI,,False,False,12.0,5.0,7.0,221.0,280.0,254.0,231.0,163.0,8.0,True,False,True,True,False,False,2.0,both,0.0012365637445933793,0.00107541070132612,0.001061148693460671,0.001203054997577559,0.0011903142429601414,0.0010711966194046846
27,ortho,aattgggttaatagatgtgttatt,6.0,gtt,6.0,,NWVNRCVI,,False,False,12.0,5.0,7.0,221.0,280.0,254.0,231.0,163.0,8.0,True,False,True,True,False,False,2.0,both,0.0012365637445933793,0.00107541070132612,0.001061148693460671,0.001203054997577559,0.0011903142429601414,0.0010711966194046846
28,ortho,aattgggttaatagatgtgttatt,7.0,att,7.0,,NWVNRCVI,,False,False,12.0,5.0,7.0,221.0,280.0,254.0,231.0,163.0,8.0,True,False,True,True,False,False,2.0,both,0.0012365637445933793,0.00107541070132612,0.001061148693460671,0.001203054997577559,0.0011903142429601414,0.0010711966194046846
29,ortho,aattgggttcaaagatgtgttgtt,0.0,aat,1.0,,NWVQRCVV,,False,False,12.0,5.0,7.0,899.0,947.0,1049.0,944.0,711.0,48.0,True,False,True,True,False,False,1.0,both,0.005053316774442208,0.004690901893514548,0.006366892160764027,0.0048938753068878986,0.00402581281458305,0.004423957691950843
30,ortho,aattgggttcaaagatgtgttgtt,2.0,gtt,2.0,,NWVQRCVV,,False,False,12.0,5.0,7.0,899.0,947.0,1049.0,944.0,711.0,48.0,True,False,True,True,False,False,1.0,both,0.005053316774442208,0.004690901893514548,0.006366892160764027,0.0048938753068878986,0.00402581281458305,0.004423957691950843
31,ortho,aattgggttcaaagatgtgttgtt,3.0,caa,3.0,,NWVQRCVV,,False,False,12.0,5.0,7.0,899.0,947.0,1049.0,944.0,711.0,48.0,True,False,True,True,False,False,1.0,both,0.005053316774442208,0.004690901893514548,0.006366892160764027,0.0048938753068878986,0.00402581281458305,0.004423957691950843
32,ortho,aattgggttcaaagatgtgttgtt,4.0,aga,4.0,,NWVQRCVV,,False,False,12.0,5.0,7.0,899.0,947.0,1049.0,944.0,711.0,48.0,True,False,True,True,False,False,1.0,both,0.005053316774442208,0.004690901893514548,0.006366892160764027,0.0048938753068878986,0.00402581281458305,0.004423957691950843
33,ortho,aattgggttcaaagatgtgttgtt,5.0,tgt,5.0,,NWVQRCVV,,False,False,12.0,5.0,7.0,899.0,947.0,1049.0,944.0,711.0,48.0,True,False,True,True,False,False,1.0,both,0.005053316774442208,0.004690901893514548,0.006366892160764027,0.0048938753068878986,0.00402581281458305,0.004423957691950843
34,ortho,aattgggttcaaagatgtgttgtt,6.0,gtt,6.0,,NWVQRCVV,,False,False,12.0,5.0,7.0,899.0,947.0,1049.0,944.0,711.0,48.0,True,False,True,True,False,False,1.0,both,0.005053316774442208,0.004690901893514548,0.006366892160764027,0.0048938753068878986,0.00402581281458305,0.004423957691950843
35,ortho,aattgggttcaaagatgtgttgtt,7.0,gtt,7.0,,NWVQRCVV,,False,False,12.0,5.0,7.0,899.0,947.0,1049.0,944.0,711.0,48.0,True,False,True,True,False,False,1.0,both,0.005053316774442208,0.004690901893514548,0.006366892160764027,0.0048938753068878986,0.00402581281458305,0.004423957691950843
36,ortho,aattgggttgatagatgtgttatt,0.0,aat,1.0,,NWVDRCVI,,False,False,13.0,5.0,7.0,1187.0,1328.0,1475.0,1318.0,958.0,39.0,True,False,True,True,False,False,1.0,both,0.007055372360926727,0.0063205119746651715,0.005173099880620772,0.006461657385179015,0.0056454904094681,0.0062205315496925585
37,ortho,aattgggttgatagatgtgttatt,2.0,gtt,2.0,,NWVDRCVI,,False,False,13.0,5.0,7.0,1187.0,1328.0,1475.0,1318.0,958.0,39.0,True,False,True,True,False,False,1.0,both,0.007055372360926727,0.0063205119746651715,0.005173099880620772,0.006461657385179015,0.0056454904094681,0.0062205315496925585
38,ortho,aattgggttgatagatgtgttatt,3.0,gat,3.0,,NWVDRCVI,,False,False,13.0,5.0,7.0,1187.0,1328.0,1475.0,1318.0,958.0,39.0,True,False,True,True,False,False,1.0,both,0.007055372360926727,0.0063205119746651715,0.005173099880620772,0.006461657385179015,0.0056454904094681,0.0062205315496925585
39,ortho,aattgggttgatagatgtgttatt,4.0,aga,4.0,,NWVDRCVI,,False,False,13.0,5.0,7.0,1187.0,1328.0,1475.0,1318.0,958.0,39.0,True,False,True,True,False,False,1.0,both,0.007055372360926727,0.0063205119746651715,0.005173099880620772,0.006461657385179015,0.0056454904094681,0.0062205315496925585
40,ortho,aattgggttgatagatgtgttatt,5.0,tgt,5.0,,NWVDRCVI,,False,False,13.0,5.0,7.0,1187.0,1328.0,1475.0,1318.0,958.0,39.0,True,False,True,True,False,False,1.0,both,0.007055372360926727,0.0063205119746651715,0.005173099880620772,0.006461657385179015,0.0056454904094681,0.0062205315496925585
41,ortho,aattgggttgatagatgtgttatt,6.0,gtt,6.0,,NWVDRCVI,,False,False,13.0,5.0,7.0,1187.0,1328.0,1475.0,1318.0,958.0,39.0,True,False,True,True,False,False,1.0,both,0.007055372360926727,0.0063205119746651715,0.005173099880620772,0.006461657385179015,0.0056454904094681,0.0062205315496925585
42,ortho,aattgggttgatagatgtgttatt,7.0,att,7.0,,NWVDRCVI,,False,False,13.0,5.0,7.0,1187.0,1328.0,1475.0,1318.0,958.0,39.0,True,False,True,True,False,False,1.0,both,0.007055372360926727,0.0063205119746651715,0.005173099880620772,0.006461657385179015,0.0056454904094681,0.0062205315496925585
43,ortho,aattgggtttatagatgtattttg,0.0,aat,1.0,,NWVYRCIL,,False,False,10.0,4.0,6.0,1741.0,1840.0,2067.0,2092.0,1491.0,78.0,True,False,True,True,False,False,1.0,both,0.011198663868785062,0.009837038991884938,0.010346199761241544,0.009477460410780679,0.007822065025166644,0.008717178788620012
44,ortho,aattgggtttatagatgtattttg,2.0,gtt,2.0,,NWVYRCIL,,False,False,10.0,4.0,6.0,1741.0,1840.0,2067.0,2092.0,1491.0,78.0,True,False,True,True,False,False,1.0,both,0.011198663868785062,0.009837038991884938,0.010346199761241544,0.009477460410780679,0.007822065025166644,0.008717178788620012
45,ortho,aattgggtttatagatgtattttg,3.0,tat,3.0,,NWVYRCIL,,False,False,10.0,4.0,6.0,1741.0,1840.0,2067.0,2092.0,1491.0,78.0,True,False,True,True,False,False,1.0,both,0.011198663868785062,0.009837038991884938,0.010346199761241544,0.009477460410780679,0.007822065025166644,0.008717178788620012
46,ortho,aattgggtttatagatgtattttg,4.0,aga,4.0,,NWVYRCIL,,False,False,10.0,4.0,6.0,1741.0,1840.0,2067.0,2092.0,1491.0,78.0,True,False,True,True,False,False,1.0,both,0.011198663868785062,0.009837038991884938,0.010346199761241544,0.009477460410780679,0.007822065025166644,0.008717178788620012
47,ortho,aattgggtttatagatgtattttg,5.0,tgt,5.0,,NWVYRCIL,,False,False,10.0,4.0,6.0,1741.0,1840.0,2067.0,2092.0,1491.0,78.0,True,False,True,True,False,False,1.0,both,0.011198663868785062,0.009837038991884938,0.010346199761241544,0.009477460410780679,0.007822065025166644,0.008717178788620012
48,ortho,aattgggtttatagatgtattttg,6.0,att,6.0,,NWVYRCIL,,False,False,10.0,4.0,6.0,1741.0,1840.0,2067.0,2092.0,1491.0,78.0,True,False,True,True,False,False,1.0,both,0.011198663868785062,0.009837038991884938,0.010346199761241544,0.009477460410780679,0.007822065025166644,0.008717178788620012
49,ortho,aattgggtttatagatgtgttatt,0.0,aat,1.0,,NWVYRCVI,,False,False,13.0,5.0,7.0,493.0,426.0,489.0,511.0,404.0,19.0,True,False,True,True,False,False,1.0,both,0.002735428889555051,0.002665435112489279,0.0025202281469690942,0.00268373807151917,0.0018109780982179294,0.0020622643578302787
50,ortho,aattgggtttatagatgtgttatt,2.0,gtt,2.0,,NWVYRCVI,,False,False,13.0,5.0,7.0,493.0,426.0,489.0,511.0,404.0,19.0,True,False,True,True,False,False,1.0,both,0.002735428889555051,0.002665435112489279,0.0025202281469690942,0.00268373807151917,0.0018109780982179294,0.0020622643578302787
51,ortho,aattgggtttatagatgtgttatt,3.0,tat,3.0,,NWVYRCVI,,False,False,13.0,5.0,7.0,493.0,426.0,489.0,511.0,404.0,19.0,True,False,True,True,False,False,1.0,both,0.002735428889555051,0.002665435112489279,0.0025202281469690942,0.00268373807151917,0.0018109780982179294,0.0020622643578302787
52,ortho,aattgggtttatagatgtgttatt,4.0,aga,4.0,,NWVYRCVI,,False,False,13.0,5.0,7.0,493.0,426.0,489.0,511.0,404.0,19.0,True,False,True,True,False,False,1.0,both,0.002735428889555051,0.002665435112489279,0.0025202281469690942,0.00268373807151917,0.0018109780982179294,0.0020622643578302787
53,ortho,aattgggtttatagatgtgttatt,5.0,tgt,5.0,,NWVYRCVI,,False,False,13.0,5.0,7.0,493.0,426.0,489.0,511.0,404.0,19.0,True,False,True,True,False,False,1.0,both,0.002735428889555051,0.002665435112489279,0.0025202281469690942,0.00268373807151917,0.0018109780982179294,0.0020622643578302787
54,ortho,aattgggtttatagatgtgttatt,6.0,gtt,6.0,,NWVYRCVI,,False,False,13.0,5.0,7.0,493.0,426.0,489.0,511.0,404.0,19.0,True,False,True,True,False,False,1.0,both,0.002735428889555051,0.002665435112489279,0.0025202281469690942,0.00268373807151917,0.0018109780982179294,0.0020622643578302787
55,ortho,aattgggtttatagatgtgttatt,7.0,att,7.0,,NWVYRCVI,,False,False,13.0,5.0,7.0,493.0,426.0,489.0,511.0,404.0,19.0,True,False,True,True,False,False,1.0,both,0.002735428889555051,0.002665435112489279,0.0025202281469690942,0.00268373807151917,0.0018109780982179294,0.0020622643578302787
56,ortho,aattgggtttatagatgtgttttg,0.0,aat,1.0,,NWVYRCVL,,False,False,11.0,4.0,6.0,619.0,733.0,728.0,750.0,503.0,30.0,True,False,True,True,False,False,1.0,both,0.004014817352575907,0.0033185986672824436,0.003979307600477517,0.003369642730771534,0.003116072643177799,0.003070201334356734
57,ortho,aattgggtttatagatgtgttttg,2.0,gtt,2.0,,NWVYRCVL,,False,False,11.0,4.0,6.0,619.0,733.0,728.0,750.0,503.0,30.0,True,False,True,True,False,False,1.0,both,0.004014817352575907,0.0033185986672824436,0.003979307600477517,0.003369642730771534,0.003116072643177799,0.003070201334356734
58,ortho,aattgggtttatagatgtgttttg,3.0,tat,3.0,,NWVYRCVL,,False,False,11.0,4.0,6.0,619.0,733.0,728.0,750.0,503.0,30.0,True,False,True,True,False,False,1.0,both,0.004014817352575907,0.0033185986672824436,0.003979307600477517,0.003369642730771534,0.003116072643177799,0.003070201334356734
59,ortho,aattgggtttatagatgtgttttg,4.0,aga,4.0,,NWVYRCVL,,False,False,11.0,4.0,6.0,619.0,733.0,728.0,750.0,503.0,30.0,True,False,True,True,False,False,1.0,both,0.004014817352575907,0.0033185986672824436,0.003979307600477517,0.003369642730771534,0.003116072643177799,0.003070201334356734
60,ortho,aattgggtttatagatgtgttttg,5.0,tgt,5.0,,NWVYRCVL,,False,False,11.0,4.0,6.0,619.0,733.0,728.0,750.0,503.0,30.0,True,False,True,True,False,False,1.0,both,0.004014817352575907,0.0033185986672824436,0.003979307600477517,0.003369642730771534,0.003116072643177799,0.003070201334356734
61,ortho,aattgggtttatagatgtgttttg,6.0,gtt,6.0,,NWVYRCVL,,False,False,11.0,4.0,6.0,619.0,733.0,728.0,750.0,503.0,30.0,True,False,True,True,False,False,1.0,both,0.004014817352575907,0.0033185986672824436,0.003979307600477517,0.003369642730771534,0.003116072643177799,0.003070201334356734
62,ortho,aattgggtttggagatgtgttatt,0.0,aat,1.0,,NWVWRCVI,,False,False,12.0,5.0,7.0,1756.0,1635.0,1880.0,1748.0,1267.0,92.0,True,False,True,True,False,False,1.0,both,0.00935720097640358,0.008359173979019596,0.012203209974797718,0.009559115727358342,0.006950584954427969,0.007928541907404753
63,ortho,aattgggtttggagatgtgttatt,2.0,gtt,2.0,,NWVWRCVI,,False,False,12.0,5.0,7.0,1756.0,1635.0,1880.0,1748.0,1267.0,92.0,True,False,True,True,False,False,1.0,both,0.00935720097640358,0.008359173979019596,0.012203209974797718,0.009559115727358342,0.006950584954427969,0.007928541907404753
64,ortho,aattgggtttggagatgtgttatt,3.0,tgg,3.0,,NWVWRCVI,,False,False,12.0,5.0,7.0,1756.0,1635.0,1880.0,1748.0,1267.0,92.0,True,False,True,True,False,False,1.0,both,0.00935720097640358,0.008359173979019596,0.012203209974797718,0.009559115727358342,0.006950584954427969,0.007928541907404753
65,ortho,aattgggtttggagatgtgttatt,4.0,aga,4.0,,NWVWRCVI,,False,False,12.0,5.0,7.0,1756.0,1635.0,1880.0,1748.0,1267.0,92.0,True,False,True,True,False,False,1.0,both,0.00935720097640358,0.008359173979019596,0.012203209974797718,0.009559115727358342,0.006950584954427969,0.007928541907404753
66,ortho,aattgggtttggagatgtgttatt,5.0,tgt,5.0,,NWVWRCVI,,False,False,12.0,5.0,7.0,1756.0,1635.0,1880.0,1748.0,1267.0,92.0,True,False,True,True,False,False,1.0,both,0.00935720097640358,0.008359173979019596,0.012203209974797718,0.009559115727358342,0.006950584954427969,0.007928541907404753
67,ortho,aattgggtttggagatgtgttatt,6.0,gtt,6.0,,NWVWRCVI,,False,False,12.0,5.0,7.0,1756.0,1635.0,1880.0,1748.0,1267.0,92.0,True,False,True,True,False,False,1.0,both,0.00935720097640358,0.008359173979019596,0.012203209974797718,0.009559115727358342,0.006950584954427969,0.007928541907404753
68,ortho,aattgggtttggagatgtgttatt,7.0,att,7.0,,NWVWRCVI,,False,False,12.0,5.0,7.0,1756.0,1635.0,1880.0,1748.0,1267.0,92.0,True,False,True,True,False,False,1.0,both,0.00935720097640358,0.008359173979019596,0.012203209974797718,0.009559115727358342,0.006950584954427969,0.007928541907404753
69,ortho,aattggttgaaaagagttgttatt,0.0,aat,1.0,,NWLKRVVI,,False,False,12.0,6.0,7.0,649.0,606.0,758.0,800.0,545.0,35.0,True,False,True,True,False,False,1.0,both,0.004282471842747634,0.0035956983571946957,0.004642525533890436,0.0035329533639268584,0.002576180111549449,0.0031967206201131927
70,ortho,aattggttgaaaagagttgttatt,2.0,ttg,2.0,,NWLKRVVI,,False,False,12.0,6.0,7.0,649.0,606.0,758.0,800.0,545.0,35.0,True,False,True,True,False,False,1.0,both,0.004282471842747634,0.0035956983571946957,0.004642525533890436,0.0035329533639268584,0.002576180111549449,0.0031967206201131927
71,ortho,aattggttgaaaagagttgttatt,3.0,aaa,3.0,,NWLKRVVI,,False,False,12.0,6.0,7.0,649.0,606.0,758.0,800.0,545.0,35.0,True,False,True,True,False,False,1.0,both,0.004282471842747634,0.0035956983571946957,0.004642525533890436,0.0035329533639268584,0.002576180111549449,0.0031967206201131927
72,ortho,aattggttgaaaagagttgttatt,4.0,aga,4.0,,NWLKRVVI,,False,False,12.0,6.0,7.0,649.0,606.0,758.0,800.0,545.0,35.0,True,False,True,True,False,False,1.0,both,0.004282471842747634,0.0035956983571946957,0.004642525533890436,0.0035329533639268584,0.002576180111549449,0.0031967206201131927
73,ortho,aattggttgaaaagagttgttatt,5.0,gtt,5.0,,NWLKRVVI,,False,False,12.0,6.0,7.0,649.0,606.0,758.0,800.0,545.0,35.0,True,False,True,True,False,False,1.0,both,0.004282471842747634,0.0035956983571946957,0.004642525533890436,0.0035329533639268584,0.002576180111549449,0.0031967206201131927
74,ortho,aattggttgaaaagagttgttatt,6.0,gtt,6.0,,NWLKRVVI,,False,False,12.0,6.0,7.0,649.0,606.0,758.0,800.0,545.0,35.0,True,False,True,True,False,False,1.0,both,0.004282471842747634,0.0035956983571946957,0.004642525533890436,0.0035329533639268584,0.002576180111549449,0.0031967206201131927
75,ortho,aattggttgaaaagagttgttatt,7.0,att,7.0,,NWLKRVVI,,False,False,12.0,6.0,7.0,649.0,606.0,758.0,800.0,545.0,35.0,True,False,True,True,False,False,1.0,both,0.004282471842747634,0.0035956983571946957,0.004642525533890436,0.0035329533639268584,0.002576180111549449,0.0031967206201131927
76,ortho,aattggttgaaaagatgtattatt,0.0,aat,1.0,,NWLKRCII,,False,False,10.0,6.0,7.0,551.0,480.0,568.0,633.0,450.0,18.0,True,False,True,True,False,False,1.0,both,0.003388505845574065,0.0029689252490598403,0.00238758456028651,0.002999471962286131,0.0020405387022173855,0.0023954318103222867
77,ortho,aattggttgaaaagatgtattatt,2.0,ttg,2.0,,NWLKRCII,,False,False,10.0,6.0,7.0,551.0,480.0,568.0,633.0,450.0,18.0,True,False,True,True,False,False,1.0,both,0.003388505845574065,0.0029689252490598403,0.00238758456028651,0.002999471962286131,0.0020405387022173855,0.0023954318103222867
78,ortho,aattggttgaaaagatgtattatt,3.0,aaa,3.0,,NWLKRCII,,False,False,10.0,6.0,7.0,551.0,480.0,568.0,633.0,450.0,18.0,True,False,True,True,False,False,1.0,both,0.003388505845574065,0.0029689252490598403,0.00238758456028651,0.002999471962286131,0.0020405387022173855,0.0023954318103222867
79,ortho,aattggttgaaaagatgtattatt,4.0,aga,4.0,,NWLKRCII,,False,False,10.0,6.0,7.0,551.0,480.0,568.0,633.0,450.0,18.0,True,False,True,True,False,False,1.0,both,0.003388505845574065,0.0029689252490598403,0.00238758456028651,0.002999471962286131,0.0020405387022173855,0.0023954318103222867
80,ortho,aattggttgaaaagatgtattatt,5.0,tgt,5.0,,NWLKRCII,,False,False,10.0,6.0,7.0,551.0,480.0,568.0,633.0,450.0,18.0,True,False,True,True,False,False,1.0,both,0.003388505845574065,0.0029689252490598403,0.00238758456028651,0.002999471962286131,0.0020405387022173855,0.0023954318103222867
81,ortho,aattggttgaaaagatgtattatt,6.0,att,6.0,,NWLKRCII,,False,False,10.0,6.0,7.0,551.0,480.0,568.0,633.0,450.0,18.0,True,False,True,True,False,False,1.0,both,0.003388505845574065,0.0029689252490598403,0.00238758456028651,0.002999471962286131,0.0020405387022173855,0.0023954318103222867
82,ortho,aattggttgaaaagatgtattatt,7.0,att,7.0,,NWLKRCII,,False,False,10.0,6.0,7.0,551.0,480.0,568.0,633.0,450.0,18.0,True,False,True,True,False,False,1.0,both,0.003388505845574065,0.0029689252490598403,0.00238758456028651,0.002999471962286131,0.0020405387022173855,0.0023954318103222867
83,single,atgtgggtgagacgttatacattg,0.0,atg,1.0,,MWVRRYTL,,False,False,3.0,1.0,1.0,986.0,1658.0,1573.0,932.0,796.0,37.0,True,False,True,True,False,False,1.0,both,0.004989079696800993,0.0052516988850036285,0.004907812707255604,0.00536747614303834,0.007048360767242552,0.006633827883163657
84,single,atttgggtgagacgttatacattg,0.0,att,1.0,,IWVRRYTL,,False,False,2.0,1.0,1.0,2030.0,2612.0,2736.0,1658.0,1412.0,80.0,True,False,True,True,False,False,1.0,both,0.008875422894094471,0.00931582767038332,0.010611486934606711,0.011050686176843641,0.011103931437899605,0.011538558860989043
85,ortho,caatgggttcaaagatctattttt,0.0,caa,1.0,,QWVQRSIF,,False,False,11.0,5.0,7.0,534.0,453.0,490.0,601.0,443.0,18.0,True,False,True,True,False,False,1.0,both,0.00321720697186416,0.0029227419674077984,0.00238758456028651,0.0029069292701647802,0.0019257584002176575,0.002066481667355494
86,ortho,caatgggttcaaagatctattttt,2.0,gtt,2.0,,QWVQRSIF,,False,False,11.0,5.0,7.0,534.0,453.0,490.0,601.0,443.0,18.0,True,False,True,True,False,False,1.0,both,0.00321720697186416,0.0029227419674077984,0.00238758456028651,0.0029069292701647802,0.0019257584002176575,0.002066481667355494
87,ortho,caatgggttcaaagatctattttt,3.0,caa,3.0,,QWVQRSIF,,False,False,11.0,5.0,7.0,534.0,453.0,490.0,601.0,443.0,18.0,True,False,True,True,False,False,1.0,both,0.00321720697186416,0.0029227419674077984,0.00238758456028651,0.0029069292701647802,0.0019257584002176575,0.002066481667355494
88,ortho,caatgggttcaaagatctattttt,4.0,aga,4.0,,QWVQRSIF,,False,False,11.0,5.0,7.0,534.0,453.0,490.0,601.0,443.0,18.0,True,False,True,True,False,False,1.0,both,0.00321720697186416,0.0029227419674077984,0.00238758456028651,0.0029069292701647802,0.0019257584002176575,0.002066481667355494
89,ortho,caatgggttcaaagatctattttt,5.0,tct,5.0,,QWVQRSIF,,False,False,11.0,5.0,7.0,534.0,453.0,490.0,601.0,443.0,18.0,True,False,True,True,False,False,1.0,both,0.00321720697186416,0.0029227419674077984,0.00238758456028651,0.0029069292701647802,0.0019257584002176575,0.002066481667355494
90,ortho,caatgggttcaaagatctattttt,6.0,att,6.0,,QWVQRSIF,,False,False,11.0,5.0,7.0,534.0,453.0,490.0,601.0,443.0,18.0,True,False,True,True,False,False,1.0,both,0.00321720697186416,0.0029227419674077984,0.00238758456028651,0.0029069292701647802,0.0019257584002176575,0.002066481667355494
91,ortho,caatgggttcaaagatctattttt,7.0,ttt,7.0,,QWVQRSIF,,False,False,11.0,5.0,7.0,534.0,453.0,490.0,601.0,443.0,18.0,True,False,True,True,False,False,1.0,both,0.00321720697186416,0.0029227419674077984,0.00238758456028651,0.0029069292701647802,0.0019257584002176575,0.002066481667355494
92,ortho,caatgggttcaaagatctgttttg,0.0,caa,1.0,,QWVQRSVL,,False,False,11.0,4.0,6.0,344.0,359.0,440.0,309.0,221.0,13.0,True,False,True,True,False,False,1.0,both,0.0016541047492612737,0.0014580721778716104,0.0017243666268735908,0.0018726285935143903,0.0015261529043667527,0.0018556161910947293
93,ortho,caatgggttcaaagatctgttttg,2.0,gtt,2.0,,QWVQRSVL,,False,False,11.0,4.0,6.0,344.0,359.0,440.0,309.0,221.0,13.0,True,False,True,True,False,False,1.0,both,0.0016541047492612737,0.0014580721778716104,0.0017243666268735908,0.0018726285935143903,0.0015261529043667527,0.0018556161910947293
94,ortho,caatgggttcaaagatctgttttg,3.0,caa,3.0,,QWVQRSVL,,False,False,11.0,4.0,6.0,344.0,359.0,440.0,309.0,221.0,13.0,True,False,True,True,False,False,1.0,both,0.0016541047492612737,0.0014580721778716104,0.0017243666268735908,0.0018726285935143903,0.0015261529043667527,0.0018556161910947293
95,ortho,caatgggttcaaagatctgttttg,4.0,aga,4.0,,QWVQRSVL,,False,False,11.0,4.0,6.0,344.0,359.0,440.0,309.0,221.0,13.0,True,False,True,True,False,False,1.0,both,0.0016541047492612737,0.0014580721778716104,0.0017243666268735908,0.0018726285935143903,0.0015261529043667527,0.0018556161910947293
96,ortho,caatgggttcaaagatctgttttg,5.0,tct,5.0,,QWVQRSVL,,False,False,11.0,4.0,6.0,344.0,359.0,440.0,309.0,221.0,13.0,True,False,True,True,False,False,1.0,both,0.0016541047492612737,0.0014580721778716104,0.0017243666268735908,0.0018726285935143903,0.0015261529043667527,0.0018556161910947293
97,ortho,caatgggttcaaagatctgttttg,6.0,gtt,6.0,,QWVQRSVL,,False,False,11.0,4.0,6.0,344.0,359.0,440.0,309.0,221.0,13.0,True,False,True,True,False,False,1.0,both,0.0016541047492612737,0.0014580721778716104,0.0017243666268735908,0.0018726285935143903,0.0015261529043667527,0.0018556161910947293
98,ortho,caatgggttgaaagatgtattgtt,0.0,caa,1.0,,QWVERCIV,,False,False,12.0,5.0,7.0,659.0,858.0,859.0,825.0,527.0,26.0,True,False,True,True,False,False,1.0,both,0.004416299087833498,0.003476941347232302,0.0034487332537471815,0.0035873902416453003,0.0036474629302135765,0.0036226688821599374
99,ortho,caatgggttgaaagatgtattgtt,2.0,gtt,2.0,,QWVERCIV,,False,False,12.0,5.0,7.0,659.0,858.0,859.0,825.0,527.0,26.0,True,False,True,True,False,False,1.0,both,0.004416299087833498,0.003476941347232302,0.0034487332537471815,0.0035873902416453003,0.0036474629302135765,0.0036226688821599374
100,ortho,caatgggttgaaagatgtattgtt,3.0,gaa,3.0,,QWVERCIV,,False,False,12.0,5.0,7.0,659.0,858.0,859.0,825.0,527.0,26.0,True,False,True,True,False,False,1.0,both,0.004416299087833498,0.003476941347232302,0.0034487332537471815,0.0035873902416453003,0.0036474629302135765,0.0036226688821599374
101,ortho,caatgggttgaaagatgtattgtt,4.0,aga,4.0,,QWVERCIV,,False,False,12.0,5.0,7.0,659.0,858.0,859.0,825.0,527.0,26.0,True,False,True,True,False,False,1.0,both,0.004416299087833498,0.003476941347232302,0.0034487332537471815,0.0035873902416453003,0.0036474629302135765,0.0036226688821599374
102,ortho,caatgggttgaaagatgtattgtt,5.0,tgt,5.0,,QWVERCIV,,False,False,12.0,5.0,7.0,659.0,858.0,859.0,825.0,527.0,26.0,True,False,True,True,False,False,1.0,both,0.004416299087833498,0.003476941347232302,0.0034487332537471815,0.0035873902416453003,0.0036474629302135765,0.0036226688821599374
103,ortho,caatgggttgaaagatgtattgtt,6.0,att,6.0,,QWVERCIV,,False,False,12.0,5.0,7.0,659.0,858.0,859.0,825.0,527.0,26.0,True,False,True,True,False,False,1.0,both,0.004416299087833498,0.003476941347232302,0.0034487332537471815,0.0035873902416453003,0.0036474629302135765,0.0036226688821599374
104,ortho,caatgggttgaaagatgtattgtt,7.0,gtt,7.0,,QWVERCIV,,False,False,12.0,5.0,7.0,659.0,858.0,859.0,825.0,527.0,26.0,True,False,True,True,False,False,1.0,both,0.004416299087833498,0.003476941347232302,0.0034487332537471815,0.0035873902416453003,0.0036474629302135765,0.0036226688821599374
105,single,cattgggtgagacgttatacattg,0.0,cat,1.0,,HWVRRYTL,,False,False,1.0,1.0,1.0,2.0,6.0,12.0,2.0,4.0,1.0,True,False,True,True,False,False,3.0,both,1.0706179606869085e-05,2.6390446658309693e-05,0.00013264358668258389,1.0887375543688316e-05,2.550673377771732e-05,5.0607714302583525e-05
106,ortho,cattgggttcaaagatgtattatt,0.0,cat,1.0,,HWVQRCII,,False,False,11.0,5.0,7.0,276.0,292.0,314.0,345.0,257.0,11.0,True,False,True,True,False,False,1.0,both,0.001846815982184917,0.0016955861977963978,0.001459079453508423,0.0015024578250289876,0.001241327710515576,0.0013242351909176023
107,ortho,cattgggttcaaagatgtattatt,2.0,gtt,2.0,,HWVQRCII,,False,False,11.0,5.0,7.0,276.0,292.0,314.0,345.0,257.0,11.0,True,False,True,True,False,False,1.0,both,0.001846815982184917,0.0016955861977963978,0.001459079453508423,0.0015024578250289876,0.001241327710515576,0.0013242351909176023
108,ortho,cattgggttcaaagatgtattatt,3.0,caa,3.0,,HWVQRCII,,False,False,11.0,5.0,7.0,276.0,292.0,314.0,345.0,257.0,11.0,True,False,True,True,False,False,1.0,both,0.001846815982184917,0.0016955861977963978,0.001459079453508423,0.0015024578250289876,0.001241327710515576,0.0013242351909176023
109,ortho,cattgggttcaaagatgtattatt,4.0,aga,4.0,,HWVQRCII,,False,False,11.0,5.0,7.0,276.0,292.0,314.0,345.0,257.0,11.0,True,False,True,True,False,False,1.0,both,0.001846815982184917,0.0016955861977963978,0.001459079453508423,0.0015024578250289876,0.001241327710515576,0.0013242351909176023
110,ortho,cattgggttcaaagatgtattatt,5.0,tgt,5.0,,HWVQRCII,,False,False,11.0,5.0,7.0,276.0,292.0,314.0,345.0,257.0,11.0,True,False,True,True,False,False,1.0,both,0.001846815982184917,0.0016955861977963978,0.001459079453508423,0.0015024578250289876,0.001241327710515576,0.0013242351909176023
111,ortho,cattgggttcaaagatgtattatt,6.0,att,6.0,,HWVQRCII,,False,False,11.0,5.0,7.0,276.0,292.0,314.0,345.0,257.0,11.0,True,False,True,True,False,False,1.0,both,0.001846815982184917,0.0016955861977963978,0.001459079453508423,0.0015024578250289876,0.001241327710515576,0.0013242351909176023
112,ortho,cattgggttcaaagatgtattatt,7.0,att,7.0,,HWVQRCII,,False,False,11.0,5.0,7.0,276.0,292.0,314.0,345.0,257.0,11.0,True,False,True,True,False,False,1.0,both,0.001846815982184917,0.0016955861977963978,0.001459079453508423,0.0015024578250289876,0.001241327710515576,0.0013242351909176023
113,ortho,cattgggttcaaagatgtattgtt,0.0,cat,1.0,,HWVQRCIV,,False,False,11.0,5.0,7.0,302.0,332.0,399.0,359.0,253.0,17.0,True,False,True,True,False,False,1.0,both,0.0019217592394330007,0.001669195751138088,0.002254940973603926,0.0016439937070969358,0.001411372602367025,0.0016827065005609021
114,ortho,cattgggttcaaagatgtattgtt,2.0,gtt,2.0,,HWVQRCIV,,False,False,11.0,5.0,7.0,302.0,332.0,399.0,359.0,253.0,17.0,True,False,True,True,False,False,1.0,both,0.0019217592394330007,0.001669195751138088,0.002254940973603926,0.0016439937070969358,0.001411372602367025,0.0016827065005609021
115,ortho,cattgggttcaaagatgtattgtt,3.0,caa,3.0,,HWVQRCIV,,False,False,11.0,5.0,7.0,302.0,332.0,399.0,359.0,253.0,17.0,True,False,True,True,False,False,1.0,both,0.0019217592394330007,0.001669195751138088,0.002254940973603926,0.0016439937070969358,0.001411372602367025,0.0016827065005609021
116,ortho,cattgggttcaaagatgtattgtt,4.0,aga,4.0,,HWVQRCIV,,False,False,11.0,5.0,7.0,302.0,332.0,399.0,359.0,253.0,17.0,True,False,True,True,False,False,1.0,both,0.0019217592394330007,0.001669195751138088,0.002254940973603926,0.0016439937070969358,0.001411372602367025,0.0016827065005609021
117,ortho,cattgggttcaaagatgtattgtt,5.0,tgt,5.0,,HWVQRCIV,,False,False,11.0,5.0,7.0,302.0,332.0,399.0,359.0,253.0,17.0,True,False,True,True,False,False,1.0,both,0.0019217592394330007,0.001669195751138088,0.002254940973603926,0.0016439937070969358,0.001411372602367025,0.0016827065005609021
118,ortho,cattgggttcaaagatgtattgtt,6.0,att,6.0,,HWVQRCIV,,False,False,11.0,5.0,7.0,302.0,332.0,399.0,359.0,253.0,17.0,True,False,True,True,False,False,1.0,both,0.0019217592394330007,0.001669195751138088,0.002254940973603926,0.0016439937070969358,0.001411372602367025,0.0016827065005609021
119,ortho,cattgggttcaaagatgtattgtt,7.0,gtt,7.0,,HWVQRCIV,,False,False,11.0,5.0,7.0,302.0,332.0,399.0,359.0,253.0,17.0,True,False,True,True,False,False,1.0,both,0.0019217592394330007,0.001669195751138088,0.002254940973603926,0.0016439937070969358,0.001411372602367025,0.0016827065005609021
120,single,ccttgggtgagacgttatacattg,0.0,cct,1.0,,PWVRRYTL,,False,False,2.0,1.0,1.0,3.0,4.0,2.0,32.0,28.0,2.0,True,False,True,True,False,False,2.0,both,0.00017129887370990535,0.00018473312660816785,0.00026528717336516777,1.6331063315532474e-05,1.7004489185144878e-05,8.434619050430587e-06
121,single,cggtgggtgagacgttatacattg,0.0,cgg,1.0,,RWVRRYTL,,False,False,3.0,1.0,1.0,364.0,615.0,562.0,296.0,280.0,21.0,True,False,True,True,False,False,1.0,both,0.0015845145818166246,0.0018473312660816784,0.002785515320334262,0.0019815023489512737,0.002614440212216025,0.002370127953170995
122,single,cgttgggtgagacgttatacattg,0.0,cgt,1.0,,RWVRRYTL,,False,False,2.0,1.0,1.0,6.0,9.0,3.0,4.0,8.0,1.0,True,False,True,True,False,False,2.0,both,2.141235921373817e-05,5.2780893316619387e-05,0.00013264358668258389,3.266212663106495e-05,3.8260100666575976e-05,1.2651928575645881e-05
123,single,ctgtgggtgagacgttatacattg,0.0,ctg,1.0,,LWVRRYTL,,False,False,3.0,1.0,1.0,3455.0,5016.0,4808.0,3200.0,2797.0,125.0,True,False,True,True,False,False,1.0,both,0.017129887370990537,0.01845351982582305,0.016580448335322986,0.018807941251721565,0.021323629438171676,0.020276824197235133
124,single,ctttgggtgagacgttatacattg,0.0,ctt,1.0,,LWVRRYTL,,False,False,2.0,1.0,1.0,1.0,6.0,1.0,1.0,2.0,6.0,True,False,True,True,False,False,2.0,both,5.353089803434542e-06,1.3195223329154847e-05,0.0007958615200955034,5.443687771844158e-06,2.550673377771732e-05,4.217309525215294e-06
125,ortho,gaatggattagaagatatactttg,0.0,gaa,1.0,,EWIRRYTL,,False,False,6.0,2.0,4.0,1254.0,1288.0,1431.0,952.0,732.0,33.0,True,False,True,True,False,False,1.0,both,0.0050961414928696845,0.004829451738470674,0.004377238360525269,0.006826384465892574,0.005475445517616651,0.006034969930583085
126,ortho,gaatggattagaagatatactttg,2.0,att,2.0,,EWIRRYTL,,False,False,6.0,2.0,4.0,1254.0,1288.0,1431.0,952.0,732.0,33.0,True,False,True,True,False,False,1.0,both,0.0050961414928696845,0.004829451738470674,0.004377238360525269,0.006826384465892574,0.005475445517616651,0.006034969930583085
127,ortho,gaatggattagaagatatactttg,4.0,aga,3.0,,EWIRRYTL,,False,False,6.0,2.0,4.0,1254.0,1288.0,1431.0,952.0,732.0,33.0,True,False,True,True,False,False,1.0,both,0.0050961414928696845,0.004829451738470674,0.004377238360525269,0.006826384465892574,0.005475445517616651,0.006034969930583085
128,ortho,gaatggattagaagatatactttg,6.0,act,4.0,,EWIRRYTL,,False,False,6.0,2.0,4.0,1254.0,1288.0,1431.0,952.0,732.0,33.0,True,False,True,True,False,False,1.0,both,0.0050961414928696845,0.004829451738470674,0.004377238360525269,0.006826384465892574,0.005475445517616651,0.006034969930583085
129,ortho,gaatggattagaagatgtattatt,0.0,gaa,1.0,,EWIRRCII,,False,False,10.0,5.0,6.0,576.0,561.0,580.0,656.0,547.0,26.0,True,False,True,True,False,False,1.0,both,0.0035116269110530597,0.0036088935805238505,0.0034487332537471815,0.003135564156582235,0.002384879608216569,0.00244603952462487
130,ortho,gaatggattagaagatgtattatt,2.0,att,2.0,,EWIRRCII,,False,False,10.0,5.0,6.0,576.0,561.0,580.0,656.0,547.0,26.0,True,False,True,True,False,False,1.0,both,0.0035116269110530597,0.0036088935805238505,0.0034487332537471815,0.003135564156582235,0.002384879608216569,0.00244603952462487
131,ortho,gaatggattagaagatgtattatt,4.0,aga,3.0,,EWIRRCII,,False,False,10.0,5.0,6.0,576.0,561.0,580.0,656.0,547.0,26.0,True,False,True,True,False,False,1.0,both,0.0035116269110530597,0.0036088935805238505,0.0034487332537471815,0.003135564156582235,0.002384879608216569,0.00244603952462487
132,ortho,gaatggattagaagatgtattatt,5.0,tgt,4.0,,EWIRRCII,,False,False,10.0,5.0,6.0,576.0,561.0,580.0,656.0,547.0,26.0,True,False,True,True,False,False,1.0,both,0.0035116269110530597,0.0036088935805238505,0.0034487332537471815,0.003135564156582235,0.002384879608216569,0.00244603952462487
133,ortho,gaatggattagaagatgtattatt,6.0,att,5.0,,EWIRRCII,,False,False,10.0,5.0,6.0,576.0,561.0,580.0,656.0,547.0,26.0,True,False,True,True,False,False,1.0,both,0.0035116269110530597,0.0036088935805238505,0.0034487332537471815,0.003135564156582235,0.002384879608216569,0.00244603952462487
134,ortho,gaatggattagaagatgtattatt,7.0,att,6.0,,EWIRRCII,,False,False,10.0,5.0,6.0,576.0,561.0,580.0,656.0,547.0,26.0,True,False,True,True,False,False,1.0,both,0.0035116269110530597,0.0036088935805238505,0.0034487332537471815,0.003135564156582235,0.002384879608216569,0.00244603952462487
135,ortho,gaatggattgaaagatgtattatt,0.0,gaa,1.0,,EWIERCII,,False,False,12.0,6.0,7.0,89.0,67.0,79.0,84.0,83.0,3.0,True,False,True,True,False,False,2.0,both,0.0004496595434885016,0.0005476017681599261,0.0003979307600477517,0.0004844882116941301,0.0002848251938511767,0.0003331674524920082
136,ortho,gaatggattgaaagatgtattatt,2.0,att,2.0,,EWIERCII,,False,False,12.0,6.0,7.0,89.0,67.0,79.0,84.0,83.0,3.0,True,False,True,True,False,False,2.0,both,0.0004496595434885016,0.0005476017681599261,0.0003979307600477517,0.0004844882116941301,0.0002848251938511767,0.0003331674524920082
137,ortho,gaatggattgaaagatgtattatt,3.0,gaa,3.0,,EWIERCII,,False,False,12.0,6.0,7.0,89.0,67.0,79.0,84.0,83.0,3.0,True,False,True,True,False,False,2.0,both,0.0004496595434885016,0.0005476017681599261,0.0003979307600477517,0.0004844882116941301,0.0002848251938511767,0.0003331674524920082
138,ortho,gaatggattgaaagatgtattatt,4.0,aga,4.0,,EWIERCII,,False,False,12.0,6.0,7.0,89.0,67.0,79.0,84.0,83.0,3.0,True,False,True,True,False,False,2.0,both,0.0004496595434885016,0.0005476017681599261,0.0003979307600477517,0.0004844882116941301,0.0002848251938511767,0.0003331674524920082
139,ortho,gaatggattgaaagatgtattatt,5.0,tgt,5.0,,EWIERCII,,False,False,12.0,6.0,7.0,89.0,67.0,79.0,84.0,83.0,3.0,True,False,True,True,False,False,2.0,both,0.0004496595434885016,0.0005476017681599261,0.0003979307600477517,0.0004844882116941301,0.0002848251938511767,0.0003331674524920082
140,ortho,gaatggattgaaagatgtattatt,6.0,att,6.0,,EWIERCII,,False,False,12.0,6.0,7.0,89.0,67.0,79.0,84.0,83.0,3.0,True,False,True,True,False,False,2.0,both,0.0004496595434885016,0.0005476017681599261,0.0003979307600477517,0.0004844882116941301,0.0002848251938511767,0.0003331674524920082
141,ortho,gaatggattgaaagatgtattatt,7.0,att,7.0,,EWIERCII,,False,False,12.0,6.0,7.0,89.0,67.0,79.0,84.0,83.0,3.0,True,False,True,True,False,False,2.0,both,0.0004496595434885016,0.0005476017681599261,0.0003979307600477517,0.0004844882116941301,0.0002848251938511767,0.0003331674524920082
142,ortho,gaatgggttaaaagatgtattttg,0.0,gaa,1.0,,EWVKRCIL,,False,False,8.0,4.0,6.0,321.0,318.0,335.0,326.0,199.0,15.0,True,False,True,True,False,False,1.0,both,0.001745107275919661,0.0013129247212509071,0.0019896538002387586,0.0017474237747619747,0.0013518568902190179,0.0014127986909471233
143,ortho,gaatgggttaaaagatgtattttg,2.0,gtt,2.0,,EWVKRCIL,,False,False,8.0,4.0,6.0,321.0,318.0,335.0,326.0,199.0,15.0,True,False,True,True,False,False,1.0,both,0.001745107275919661,0.0013129247212509071,0.0019896538002387586,0.0017474237747619747,0.0013518568902190179,0.0014127986909471233
144,ortho,gaatgggttaaaagatgtattttg,3.0,aaa,3.0,,EWVKRCIL,,False,False,8.0,4.0,6.0,321.0,318.0,335.0,326.0,199.0,15.0,True,False,True,True,False,False,1.0,both,0.001745107275919661,0.0013129247212509071,0.0019896538002387586,0.0017474237747619747,0.0013518568902190179,0.0014127986909471233
145,ortho,gaatgggttaaaagatgtattttg,4.0,aga,4.0,,EWVKRCIL,,False,False,8.0,4.0,6.0,321.0,318.0,335.0,326.0,199.0,15.0,True,False,True,True,False,False,1.0,both,0.001745107275919661,0.0013129247212509071,0.0019896538002387586,0.0017474237747619747,0.0013518568902190179,0.0014127986909471233
146,ortho,gaatgggttaaaagatgtattttg,5.0,tgt,5.0,,EWVKRCIL,,False,False,8.0,4.0,6.0,321.0,318.0,335.0,326.0,199.0,15.0,True,False,True,True,False,False,1.0,both,0.001745107275919661,0.0013129247212509071,0.0019896538002387586,0.0017474237747619747,0.0013518568902190179,0.0014127986909471233
147,ortho,gaatgggttaaaagatgtattttg,6.0,att,6.0,,EWVKRCIL,,False,False,8.0,4.0,6.0,321.0,318.0,335.0,326.0,199.0,15.0,True,False,True,True,False,False,1.0,both,0.001745107275919661,0.0013129247212509071,0.0019896538002387586,0.0017474237747619747,0.0013518568902190179,0.0014127986909471233
148,ortho,gaatgggttgaaagatgtattgtt,0.0,gaa,1.0,,EWVERCIV,,False,False,11.0,5.0,7.0,522.0,508.0,584.0,469.0,410.0,16.0,True,False,True,True,False,False,1.0,both,0.0025105991178108003,0.0027050207824767434,0.002122297386921342,0.0028416050169026504,0.0021595701265133996,0.0024629087627257313
149,ortho,gaatgggttgaaagatgtattgtt,2.0,gtt,2.0,,EWVERCIV,,False,False,11.0,5.0,7.0,522.0,508.0,584.0,469.0,410.0,16.0,True,False,True,True,False,False,1.0,both,0.0025105991178108003,0.0027050207824767434,0.002122297386921342,0.0028416050169026504,0.0021595701265133996,0.0024629087627257313
150,ortho,gaatgggttgaaagatgtattgtt,3.0,gaa,3.0,,EWVERCIV,,False,False,11.0,5.0,7.0,522.0,508.0,584.0,469.0,410.0,16.0,True,False,True,True,False,False,1.0,both,0.0025105991178108003,0.0027050207824767434,0.002122297386921342,0.0028416050169026504,0.0021595701265133996,0.0024629087627257313
151,ortho,gaatgggttgaaagatgtattgtt,4.0,aga,4.0,,EWVERCIV,,False,False,11.0,5.0,7.0,522.0,508.0,584.0,469.0,410.0,16.0,True,False,True,True,False,False,1.0,both,0.0025105991178108003,0.0027050207824767434,0.002122297386921342,0.0028416050169026504,0.0021595701265133996,0.0024629087627257313
152,ortho,gaatgggttgaaagatgtattgtt,5.0,tgt,5.0,,EWVERCIV,,False,False,11.0,5.0,7.0,522.0,508.0,584.0,469.0,410.0,16.0,True,False,True,True,False,False,1.0,both,0.0025105991178108003,0.0027050207824767434,0.002122297386921342,0.0028416050169026504,0.0021595701265133996,0.0024629087627257313
153,ortho,gaatgggttgaaagatgtattgtt,6.0,att,6.0,,EWVERCIV,,False,False,11.0,5.0,7.0,522.0,508.0,584.0,469.0,410.0,16.0,True,False,True,True,False,False,1.0,both,0.0025105991178108003,0.0027050207824767434,0.002122297386921342,0.0028416050169026504,0.0021595701265133996,0.0024629087627257313
154,ortho,gaatgggttgaaagatgtattgtt,7.0,gtt,7.0,,EWVERCIV,,False,False,11.0,5.0,7.0,522.0,508.0,584.0,469.0,410.0,16.0,True,False,True,True,False,False,1.0,both,0.0025105991178108003,0.0027050207824767434,0.002122297386921342,0.0028416050169026504,0.0021595701265133996,0.0024629087627257313
155,ortho,gaatgggttgaaagatgtgttgtt,0.0,gaa,1.0,,EWVERCVV,,False,False,12.0,5.0,7.0,1584.0,1580.0,1743.0,1559.0,1195.0,52.0,True,False,True,True,False,False,1.0,both,0.008345467003554452,0.00788414593917002,0.006897466507494363,0.008622801430601146,0.006716773228132227,0.007350770502450257
156,ortho,gaatgggttgaaagatgtgttgtt,2.0,gtt,2.0,,EWVERCVV,,False,False,12.0,5.0,7.0,1584.0,1580.0,1743.0,1559.0,1195.0,52.0,True,False,True,True,False,False,1.0,both,0.008345467003554452,0.00788414593917002,0.006897466507494363,0.008622801430601146,0.006716773228132227,0.007350770502450257
157,ortho,gaatgggttgaaagatgtgttgtt,3.0,gaa,3.0,,EWVERCVV,,False,False,12.0,5.0,7.0,1584.0,1580.0,1743.0,1559.0,1195.0,52.0,True,False,True,True,False,False,1.0,both,0.008345467003554452,0.00788414593917002,0.006897466507494363,0.008622801430601146,0.006716773228132227,0.007350770502450257
158,ortho,gaatgggttgaaagatgtgttgtt,4.0,aga,4.0,,EWVERCVV,,False,False,12.0,5.0,7.0,1584.0,1580.0,1743.0,1559.0,1195.0,52.0,True,False,True,True,False,False,1.0,both,0.008345467003554452,0.00788414593917002,0.006897466507494363,0.008622801430601146,0.006716773228132227,0.007350770502450257
159,ortho,gaatgggttgaaagatgtgttgtt,5.0,tgt,5.0,,EWVERCVV,,False,False,12.0,5.0,7.0,1584.0,1580.0,1743.0,1559.0,1195.0,52.0,True,False,True,True,False,False,1.0,both,0.008345467003554452,0.00788414593917002,0.006897466507494363,0.008622801430601146,0.006716773228132227,0.007350770502450257
160,ortho,gaatgggttgaaagatgtgttgtt,6.0,gtt,6.0,,EWVERCVV,,False,False,12.0,5.0,7.0,1584.0,1580.0,1743.0,1559.0,1195.0,52.0,True,False,True,True,False,False,1.0,both,0.008345467003554452,0.00788414593917002,0.006897466507494363,0.008622801430601146,0.006716773228132227,0.007350770502450257
161,ortho,gaatgggttgaaagatgtgttgtt,7.0,gtt,7.0,,EWVERCVV,,False,False,12.0,5.0,7.0,1584.0,1580.0,1743.0,1559.0,1195.0,52.0,True,False,True,True,False,False,1.0,both,0.008345467003554452,0.00788414593917002,0.006897466507494363,0.008622801430601146,0.006716773228132227,0.007350770502450257
162,ortho,gaatgggttgaaagatgtgttttg,0.0,gaa,1.0,,EWVERCVL,,False,False,10.0,4.0,6.0,92.0,107.0,112.0,105.0,84.0,7.0,True,False,True,True,False,False,2.0,both,0.000562074429360627,0.0005541993798245036,0.0009285051067780873,0.0005008192750096625,0.0004548700857026255,0.0004723386668241129
163,ortho,gaatgggttgaaagatgtgttttg,2.0,gtt,2.0,,EWVERCVL,,False,False,10.0,4.0,6.0,92.0,107.0,112.0,105.0,84.0,7.0,True,False,True,True,False,False,2.0,both,0.000562074429360627,0.0005541993798245036,0.0009285051067780873,0.0005008192750096625,0.0004548700857026255,0.0004723386668241129
164,ortho,gaatgggttgaaagatgtgttttg,3.0,gaa,3.0,,EWVERCVL,,False,False,10.0,4.0,6.0,92.0,107.0,112.0,105.0,84.0,7.0,True,False,True,True,False,False,2.0,both,0.000562074429360627,0.0005541993798245036,0.0009285051067780873,0.0005008192750096625,0.0004548700857026255,0.0004723386668241129
165,ortho,gaatgggttgaaagatgtgttttg,4.0,aga,4.0,,EWVERCVL,,False,False,10.0,4.0,6.0,92.0,107.0,112.0,105.0,84.0,7.0,True,False,True,True,False,False,2.0,both,0.000562074429360627,0.0005541993798245036,0.0009285051067780873,0.0005008192750096625,0.0004548700857026255,0.0004723386668241129
166,ortho,gaatgggttgaaagatgtgttttg,5.0,tgt,5.0,,EWVERCVL,,False,False,10.0,4.0,6.0,92.0,107.0,112.0,105.0,84.0,7.0,True,False,True,True,False,False,2.0,both,0.000562074429360627,0.0005541993798245036,0.0009285051067780873,0.0005008192750096625,0.0004548700857026255,0.0004723386668241129
167,ortho,gaatgggttgaaagatgtgttttg,6.0,gtt,6.0,,EWVERCVL,,False,False,10.0,4.0,6.0,92.0,107.0,112.0,105.0,84.0,7.0,True,False,True,True,False,False,2.0,both,0.000562074429360627,0.0005541993798245036,0.0009285051067780873,0.0005008192750096625,0.0004548700857026255,0.0004723386668241129
168,ortho,gaatggttgaaaagatgtattttg,0.0,gaa,1.0,,EWLKRCIL,,False,False,8.0,5.0,6.0,61.0,86.0,81.0,69.0,58.0,2.0,True,False,True,True,False,False,2.0,both,0.0003693631964369834,0.00038266147654549053,0.00026528717336516777,0.00033206495408249364,0.0003655965174806149,0.0003416020715424388
169,ortho,gaatggttgaaaagatgtattttg,2.0,ttg,2.0,,EWLKRCIL,,False,False,8.0,5.0,6.0,61.0,86.0,81.0,69.0,58.0,2.0,True,False,True,True,False,False,2.0,both,0.0003693631964369834,0.00038266147654549053,0.00026528717336516777,0.00033206495408249364,0.0003655965174806149,0.0003416020715424388
170,ortho,gaatggttgaaaagatgtattttg,3.0,aaa,3.0,,EWLKRCIL,,False,False,8.0,5.0,6.0,61.0,86.0,81.0,69.0,58.0,2.0,True,False,True,True,False,False,2.0,both,0.0003693631964369834,0.00038266147654549053,0.00026528717336516777,0.00033206495408249364,0.0003655965174806149,0.0003416020715424388
171,ortho,gaatggttgaaaagatgtattttg,4.0,aga,4.0,,EWLKRCIL,,False,False,8.0,5.0,6.0,61.0,86.0,81.0,69.0,58.0,2.0,True,False,True,True,False,False,2.0,both,0.0003693631964369834,0.00038266147654549053,0.00026528717336516777,0.00033206495408249364,0.0003655965174806149,0.0003416020715424388
172,ortho,gaatggttgaaaagatgtattttg,5.0,tgt,5.0,,EWLKRCIL,,False,False,8.0,5.0,6.0,61.0,86.0,81.0,69.0,58.0,2.0,True,False,True,True,False,False,2.0,both,0.0003693631964369834,0.00038266147654549053,0.00026528717336516777,0.00033206495408249364,0.0003655965174806149,0.0003416020715424388
173,ortho,gaatggttgaaaagatgtattttg,6.0,att,6.0,,EWLKRCIL,,False,False,8.0,5.0,6.0,61.0,86.0,81.0,69.0,58.0,2.0,True,False,True,True,False,False,2.0,both,0.0003693631964369834,0.00038266147654549053,0.00026528717336516777,0.00033206495408249364,0.0003655965174806149,0.0003416020715424388
174,single,gataatgtgagacgttatacattg,1.0,aat,1.0,,DNVRRYTL,,False,False,3.0,1.0,1.0,1623.0,2247.0,2191.0,1694.0,1372.0,56.0,True,False,True,True,False,False,1.0,both,0.009068134127018115,0.009051923203800225,0.007428040854224698,0.008835105253703068,0.009552271799755135,0.009240125169746708
175,single,gatagggtgagacgttatacattg,1.0,agg,1.0,,DRVRRYTL,,False,False,1.0,1.0,1.0,2510.0,3707.0,3599.0,2776.0,2101.0,106.0,True,False,True,True,False,False,1.0,both,0.01486017729433429,0.013861582107277165,0.014060220188353893,0.013663656307328837,0.015758910352333014,0.015178096981249842
176,single,gatagtgtgagacgttatacattg,1.0,agt,1.0,,DSVRRYTL,,False,False,2.0,1.0,1.0,1743.0,2697.0,2461.0,1983.0,1725.0,71.0,True,False,True,True,False,False,1.0,both,0.010615177080210697,0.011380880121396054,0.009417694654463456,0.009488347786324368,0.011465276833083933,0.010378798741554838
177,single,gatatggtgagacgttatacattg,1.0,atg,1.0,,DMVRRYTL,,False,False,2.0,1.0,1.0,6.0,9.0,6.0,5.0,2.0,2.0,True,False,True,True,False,False,2.0,both,2.6765449017172712e-05,1.3195223329154847e-05,0.00026528717336516777,3.266212663106495e-05,3.8260100666575976e-05,2.5303857151291762e-05
178,single,gatattgtgagacgttatacattg,1.0,att,1.0,,DIVRRYTL,,False,False,3.0,1.0,1.0,372.0,611.0,530.0,399.0,373.0,9.0,True,False,True,True,False,False,2.0,both,0.0021358828315703824,0.002460909150887379,0.001193792280143255,0.002025051851126027,0.0025974357230308803,0.0022351740483641056
179,single,gatcaggtgagacgttatacattg,1.0,cag,1.0,,DQVRRYTL,,False,False,2.0,1.0,1.0,1348.0,1754.0,1846.0,1216.0,953.0,44.0,True,False,True,True,False,False,1.0,both,0.006509357200976403,0.006287523916342284,0.005836317814033692,0.0073380911164459255,0.0074564685076860295,0.007785153383547432
180,single,gatcatgtgagacgttatacattg,1.0,cat,1.0,,DHVRRYTL,,False,False,3.0,1.0,1.0,1671.0,2192.0,2110.0,1451.0,1138.0,49.0,True,False,True,True,False,False,1.0,both,0.007767333304783521,0.007508082074289107,0.0064995357474466105,0.009096402266751588,0.009318460073459394,0.00889852309820427
181,single,gatcctgtgagacgttatacattg,1.0,cct,1.0,,DPVRRYTL,,False,False,3.0,1.0,1.0,2.0,1.0,3.0,1.0,4.0,1.0,True,False,True,True,False,False,3.0,both,5.353089803434542e-06,2.6390446658309693e-05,0.00013264358668258389,1.0887375543688316e-05,4.2511222962862195e-06,1.2651928575645881e-05
182,single,gatcgtgtgagacgttatacattg,1.0,cgt,1.0,,DRVRRYTL,,False,False,2.0,1.0,1.0,2056.0,2980.0,2674.0,2011.0,1660.0,81.0,True,False,True,True,False,False,1.0,both,0.010765063594706865,0.010952035363198522,0.010744130521289296,0.011192222058911589,0.012668344442932935,0.011277085670425695
183,single,gatcttgtgagacgttatacattg,1.0,ctt,1.0,,DLVRRYTL,,False,False,3.0,1.0,1.0,2720.0,3867.0,3820.0,2834.0,2450.0,101.0,True,False,True,True,False,False,1.0,both,0.015170656502933493,0.016164148578214688,0.013397002254940974,0.01480683073941611,0.01643908991973881,0.016110122386322423
184,single,gatggggtgagacgttatacattg,1.0,ggg,1.0,,DGVRRYTL,,False,False,1.0,1.0,1.0,835.0,1259.0,1227.0,966.0,839.0,44.0,True,False,True,True,False,False,1.0,both,0.005171084750117768,0.005535396186580458,0.005836317814033692,0.004545479289489872,0.00535216297102435,0.005174638787439166
185,single,gatggtgtgagacgttatacattg,1.0,ggt,1.0,,DGVRRYTL,,False,False,2.0,1.0,1.0,757.0,1164.0,1124.0,886.0,776.0,39.0,True,False,True,True,False,False,1.0,both,0.004742837565843005,0.00511974665171208,0.005173099880620772,0.004120871643286028,0.004948306352877159,0.00474025590634199
186,single,gatgtggtgagacgttatacattg,1.0,gtg,1.0,,DVVRRYTL,,False,False,2.0,1.0,1.0,1363.0,2009.0,1911.0,1280.0,1053.0,42.0,True,False,True,True,False,False,1.0,both,0.006851954948396214,0.0069472850828000265,0.005571030640668524,0.007419746433023587,0.008540504693239016,0.008059278502686427
187,single,gattaggtgagacgttatacattg,1.0,tag,1.0,,D*VRRYTL,,True,False,1.0,1.0,1.0,11.0,3.0,4.0,170.0,139.0,14.0,True,False,True,True,False,False,1.0,both,0.0009100252665838722,0.0009170680213762618,0.0018570102135561746,5.988056549028574e-05,1.275336688885866e-05,1.6869238100861175e-05
188,single,gattatgtgagacgttatacattg,1.0,tat,1.0,,DYVRRYTL,,False,False,2.0,1.0,1.0,233.0,350.0,293.0,313.0,232.0,10.0,True,False,True,True,False,False,2.0,both,0.0016755171084750118,0.0015306459061819621,0.001326435866825839,0.001268379250839689,0.001487892803700177,0.001235671690888081
189,single,gattcggtgagacgttatacattg,1.0,tcg,1.0,,DSVRRYTL,,False,False,1.0,1.0,1.0,918.0,1324.0,1211.0,1096.0,898.0,45.0,True,False,True,True,False,False,1.0,both,0.005866986424564258,0.005924655274790525,0.005968961400716275,0.004997305374552937,0.005628485920282955,0.005107161835035721
190,single,gattctgtgagacgttatacattg,1.0,tct,1.0,,DSVRRYTL,,False,False,2.0,1.0,1.0,2699.0,3768.0,3648.0,3095.0,2614.0,126.0,True,False,True,True,False,False,1.0,both,0.016567812941629907,0.017246156891205382,0.016713091922005572,0.014692513296207382,0.016018228812406474,0.015384745147985391
191,single,gattggaagagacgttatacattg,2.0,aag,1.0,,DWKRRYTL,,False,False,2.0,1.0,1.0,157.0,219.0,228.0,213.0,200.0,9.0,True,False,True,True,False,False,2.0,both,0.0011402081281315576,0.0013195223329154845,0.001193792280143255,0.0008546589801795328,0.0009309957828866821,0.000961546571749087
192,single,gattggaatagacgttatacattg,2.0,aat,1.0,,DWNRRYTL,,False,False,3.0,1.0,1.0,857.0,1208.0,1098.0,876.0,717.0,35.0,True,False,True,True,False,False,1.0,both,0.004689306667808659,0.004730487563502013,0.004642525533890436,0.004665240420470443,0.005135355733913753,0.004630605858686392
193,ortho,gattggactagaagatatactttg,2.0,act,1.0,,DWTRRYTL,,False,False,6.0,1.0,3.0,1254.0,1344.0,1559.0,1146.0,901.0,52.0,True,False,True,True,False,False,1.0,both,0.006134640914735986,0.005944448109784258,0.006897466507494363,0.006826384465892574,0.005713508366208679,0.006574785549810643
194,ortho,gattggactagaagatatactttg,4.0,aga,2.0,,DWTRRYTL,,False,False,6.0,1.0,3.0,1254.0,1344.0,1559.0,1146.0,901.0,52.0,True,False,True,True,False,False,1.0,both,0.006134640914735986,0.005944448109784258,0.006897466507494363,0.006826384465892574,0.005713508366208679,0.006574785549810643
195,ortho,gattggactagaagatatactttg,6.0,act,3.0,,DWTRRYTL,,False,False,6.0,1.0,3.0,1254.0,1344.0,1559.0,1146.0,901.0,52.0,True,False,True,True,False,False,1.0,both,0.006134640914735986,0.005944448109784258,0.006897466507494363,0.006826384465892574,0.005713508366208679,0.006574785549810643
196,single,gattggagtagacgttatacattg,2.0,agt,1.0,,DWSRRYTL,,False,False,3.0,1.0,1.0,1.0,1.0,1.0,2.0,6.0,1.0,True,False,True,True,False,False,2.0,both,1.0706179606869085e-05,3.9585669987464537e-05,0.00013264358668258389,5.443687771844158e-06,4.2511222962862195e-06,4.217309525215294e-06
197,single,gattggatgagacgttatacattg,2.0,atg,1.0,,DWMRRYTL,,False,False,1.0,1.0,1.0,1593.0,2063.0,2091.0,1465.0,1201.0,37.0,True,False,True,True,False,False,1.0,both,0.007842276562031604,0.007923731609157485,0.004907812707255604,0.008671794620547743,0.00877006529723847,0.008818394217225179
198,ortho,gattggatgtggagatgtgttatt,2.0,atg,1.0,,DWMWRCVI,,False,False,11.0,5.0,6.0,1490.0,1567.0,1702.0,1500.0,1076.0,63.0,True,False,True,True,False,False,1.0,both,0.008029634705151814,0.007099030151085307,0.008356545961002786,0.008111094780047796,0.006661508638280506,0.007177860811916429
199,ortho,gattggatgtggagatgtgttatt,3.0,tgg,2.0,,DWMWRCVI,,False,False,11.0,5.0,6.0,1490.0,1567.0,1702.0,1500.0,1076.0,63.0,True,False,True,True,False,False,1.0,both,0.008029634705151814,0.007099030151085307,0.008356545961002786,0.008111094780047796,0.006661508638280506,0.007177860811916429
200,ortho,gattggatgtggagatgtgttatt,4.0,aga,3.0,,DWMWRCVI,,False,False,11.0,5.0,6.0,1490.0,1567.0,1702.0,1500.0,1076.0,63.0,True,False,True,True,False,False,1.0,both,0.008029634705151814,0.007099030151085307,0.008356545961002786,0.008111094780047796,0.006661508638280506,0.007177860811916429
201,ortho,gattggatgtggagatgtgttatt,5.0,tgt,4.0,,DWMWRCVI,,False,False,11.0,5.0,6.0,1490.0,1567.0,1702.0,1500.0,1076.0,63.0,True,False,True,True,False,False,1.0,both,0.008029634705151814,0.007099030151085307,0.008356545961002786,0.008111094780047796,0.006661508638280506,0.007177860811916429
202,ortho,gattggatgtggagatgtgttatt,6.0,gtt,5.0,,DWMWRCVI,,False,False,11.0,5.0,6.0,1490.0,1567.0,1702.0,1500.0,1076.0,63.0,True,False,True,True,False,False,1.0,both,0.008029634705151814,0.007099030151085307,0.008356545961002786,0.008111094780047796,0.006661508638280506,0.007177860811916429
203,ortho,gattggatgtggagatgtgttatt,7.0,att,6.0,,DWMWRCVI,,False,False,11.0,5.0,6.0,1490.0,1567.0,1702.0,1500.0,1076.0,63.0,True,False,True,True,False,False,1.0,both,0.008029634705151814,0.007099030151085307,0.008356545961002786,0.008111094780047796,0.006661508638280506,0.007177860811916429
204,ortho,gattggattaaaagatgtattatg,2.0,att,1.0,,DWIKRCIM,,False,False,9.0,5.0,6.0,869.0,976.0,1058.0,1050.0,811.0,47.0,True,False,True,True,False,False,1.0,both,0.00562074429360627,0.0053506630599722904,0.006234248574081443,0.004730564673732574,0.00414909536117535,0.004461913477677781
205,ortho,gattggattaaaagatgtattatg,3.0,aaa,2.0,,DWIKRCIM,,False,False,9.0,5.0,6.0,869.0,976.0,1058.0,1050.0,811.0,47.0,True,False,True,True,False,False,1.0,both,0.00562074429360627,0.0053506630599722904,0.006234248574081443,0.004730564673732574,0.00414909536117535,0.004461913477677781
206,ortho,gattggattaaaagatgtattatg,4.0,aga,3.0,,DWIKRCIM,,False,False,9.0,5.0,6.0,869.0,976.0,1058.0,1050.0,811.0,47.0,True,False,True,True,False,False,1.0,both,0.00562074429360627,0.0053506630599722904,0.006234248574081443,0.004730564673732574,0.00414909536117535,0.004461913477677781
207,ortho,gattggattaaaagatgtattatg,5.0,tgt,4.0,,DWIKRCIM,,False,False,9.0,5.0,6.0,869.0,976.0,1058.0,1050.0,811.0,47.0,True,False,True,True,False,False,1.0,both,0.00562074429360627,0.0053506630599722904,0.006234248574081443,0.004730564673732574,0.00414909536117535,0.004461913477677781
208,ortho,gattggattaaaagatgtattatg,6.0,att,5.0,,DWIKRCIM,,False,False,9.0,5.0,6.0,869.0,976.0,1058.0,1050.0,811.0,47.0,True,False,True,True,False,False,1.0,both,0.00562074429360627,0.0053506630599722904,0.006234248574081443,0.004730564673732574,0.00414909536117535,0.004461913477677781
209,ortho,gattggattaaaagatgtattatg,7.0,atg,6.0,,DWIKRCIM,,False,False,9.0,5.0,6.0,869.0,976.0,1058.0,1050.0,811.0,47.0,True,False,True,True,False,False,1.0,both,0.00562074429360627,0.0053506630599722904,0.006234248574081443,0.004730564673732574,0.00414909536117535,0.004461913477677781
210,ortho,gattggattaaaagatgtattgtt,2.0,att,1.0,,DWIKRCIV,,False,False,10.0,5.0,6.0,1.0,6.0,2.0,91.0,70.0,8.0,True,False,True,True,False,False,2.0,both,0.00048713117211254337,0.0004618328165204196,0.001061148693460671,5.443687771844158e-06,2.550673377771732e-05,8.434619050430587e-06
211,ortho,gattggattaaaagatgtattgtt,3.0,aaa,2.0,,DWIKRCIV,,False,False,10.0,5.0,6.0,1.0,6.0,2.0,91.0,70.0,8.0,True,False,True,True,False,False,2.0,both,0.00048713117211254337,0.0004618328165204196,0.001061148693460671,5.443687771844158e-06,2.550673377771732e-05,8.434619050430587e-06
212,ortho,gattggattaaaagatgtattgtt,4.0,aga,3.0,,DWIKRCIV,,False,False,10.0,5.0,6.0,1.0,6.0,2.0,91.0,70.0,8.0,True,False,True,True,False,False,2.0,both,0.00048713117211254337,0.0004618328165204196,0.001061148693460671,5.443687771844158e-06,2.550673377771732e-05,8.434619050430587e-06
213,ortho,gattggattaaaagatgtattgtt,5.0,tgt,4.0,,DWIKRCIV,,False,False,10.0,5.0,6.0,1.0,6.0,2.0,91.0,70.0,8.0,True,False,True,True,False,False,2.0,both,0.00048713117211254337,0.0004618328165204196,0.001061148693460671,5.443687771844158e-06,2.550673377771732e-05,8.434619050430587e-06
214,ortho,gattggattaaaagatgtattgtt,6.0,att,5.0,,DWIKRCIV,,False,False,10.0,5.0,6.0,1.0,6.0,2.0,91.0,70.0,8.0,True,False,True,True,False,False,2.0,both,0.00048713117211254337,0.0004618328165204196,0.001061148693460671,5.443687771844158e-06,2.550673377771732e-05,8.434619050430587e-06
215,ortho,gattggattaaaagatgtattgtt,7.0,gtt,6.0,,DWIKRCIV,,False,False,10.0,5.0,6.0,1.0,6.0,2.0,91.0,70.0,8.0,True,False,True,True,False,False,2.0,both,0.00048713117211254337,0.0004618328165204196,0.001061148693460671,5.443687771844158e-06,2.550673377771732e-05,8.434619050430587e-06
216,ortho,gattggattagaagatgtattatt,2.0,att,1.0,,DWIRRCII,,False,False,9.0,4.0,5.0,331.0,331.0,351.0,464.0,320.0,13.0,True,False,True,True,False,False,1.0,both,0.0024838336687936276,0.002111235732664775,0.0017243666268735908,0.0018018606524804162,0.0014071214800707387,0.001480275643350568
217,ortho,gattggattagaagatgtattatt,4.0,aga,2.0,,DWIRRCII,,False,False,9.0,4.0,5.0,331.0,331.0,351.0,464.0,320.0,13.0,True,False,True,True,False,False,1.0,both,0.0024838336687936276,0.002111235732664775,0.0017243666268735908,0.0018018606524804162,0.0014071214800707387,0.001480275643350568
218,ortho,gattggattagaagatgtattatt,5.0,tgt,3.0,,DWIRRCII,,False,False,9.0,4.0,5.0,331.0,331.0,351.0,464.0,320.0,13.0,True,False,True,True,False,False,1.0,both,0.0024838336687936276,0.002111235732664775,0.0017243666268735908,0.0018018606524804162,0.0014071214800707387,0.001480275643350568
219,ortho,gattggattagaagatgtattatt,6.0,att,4.0,,DWIRRCII,,False,False,9.0,4.0,5.0,331.0,331.0,351.0,464.0,320.0,13.0,True,False,True,True,False,False,1.0,both,0.0024838336687936276,0.002111235732664775,0.0017243666268735908,0.0018018606524804162,0.0014071214800707387,0.001480275643350568
220,ortho,gattggattagaagatgtattatt,7.0,att,5.0,,DWIRRCII,,False,False,9.0,4.0,5.0,331.0,331.0,351.0,464.0,320.0,13.0,True,False,True,True,False,False,1.0,both,0.0024838336687936276,0.002111235732664775,0.0017243666268735908,0.0018018606524804162,0.0014071214800707387,0.001480275643350568
221,ortho,gattggattagaagatgtattgtt,2.0,att,1.0,,DWIRRCIV,,False,False,9.0,4.0,5.0,1295.0,1327.0,1560.0,1513.0,1053.0,60.0,True,False,True,True,False,False,1.0,both,0.008099224872596462,0.0069472850828000265,0.007958615200955034,0.007049575664538185,0.005641239287171813,0.006579002859335858
222,ortho,gattggattagaagatgtattgtt,4.0,aga,2.0,,DWIRRCIV,,False,False,9.0,4.0,5.0,1295.0,1327.0,1560.0,1513.0,1053.0,60.0,True,False,True,True,False,False,1.0,both,0.008099224872596462,0.0069472850828000265,0.007958615200955034,0.007049575664538185,0.005641239287171813,0.006579002859335858
223,ortho,gattggattagaagatgtattgtt,5.0,tgt,3.0,,DWIRRCIV,,False,False,9.0,4.0,5.0,1295.0,1327.0,1560.0,1513.0,1053.0,60.0,True,False,True,True,False,False,1.0,both,0.008099224872596462,0.0069472850828000265,0.007958615200955034,0.007049575664538185,0.005641239287171813,0.006579002859335858
224,ortho,gattggattagaagatgtattgtt,6.0,att,4.0,,DWIRRCIV,,False,False,9.0,4.0,5.0,1295.0,1327.0,1560.0,1513.0,1053.0,60.0,True,False,True,True,False,False,1.0,both,0.008099224872596462,0.0069472850828000265,0.007958615200955034,0.007049575664538185,0.005641239287171813,0.006579002859335858
225,ortho,gattggattagaagatgtattgtt,7.0,gtt,5.0,,DWIRRCIV,,False,False,9.0,4.0,5.0,1295.0,1327.0,1560.0,1513.0,1053.0,60.0,True,False,True,True,False,False,1.0,both,0.008099224872596462,0.0069472850828000265,0.007958615200955034,0.007049575664538185,0.005641239287171813,0.006579002859335858
226,ortho,gattggattagaagatgtgttttg,2.0,att,1.0,,DWIRRCVL,,False,False,8.0,3.0,4.0,1.0,1.0,1.0,2.0,4.0,1.0,True,False,True,True,False,False,3.0,both,1.0706179606869085e-05,2.6390446658309693e-05,0.00013264358668258389,5.443687771844158e-06,4.2511222962862195e-06,4.217309525215294e-06
227,ortho,gattggattagaagatgtgttttg,4.0,aga,2.0,,DWIRRCVL,,False,False,8.0,3.0,4.0,1.0,1.0,1.0,2.0,4.0,1.0,True,False,True,True,False,False,3.0,both,1.0706179606869085e-05,2.6390446658309693e-05,0.00013264358668258389,5.443687771844158e-06,4.2511222962862195e-06,4.217309525215294e-06
228,ortho,gattggattagaagatgtgttttg,5.0,tgt,3.0,,DWIRRCVL,,False,False,8.0,3.0,4.0,1.0,1.0,1.0,2.0,4.0,1.0,True,False,True,True,False,False,3.0,both,1.0706179606869085e-05,2.6390446658309693e-05,0.00013264358668258389,5.443687771844158e-06,4.2511222962862195e-06,4.217309525215294e-06
229,ortho,gattggattagaagatgtgttttg,6.0,gtt,4.0,,DWIRRCVL,,False,False,8.0,3.0,4.0,1.0,1.0,1.0,2.0,4.0,1.0,True,False,True,True,False,False,3.0,both,1.0706179606869085e-05,2.6390446658309693e-05,0.00013264358668258389,5.443687771844158e-06,4.2511222962862195e-06,4.217309525215294e-06
230,single,gattggattagacgttatacattg,2.0,att,1.0,,DWIRRYTL,,False,False,2.0,1.0,1.0,435.0,541.0,548.0,377.0,296.0,18.0,True,False,True,True,False,False,1.0,both,0.0020181148558948226,0.001952893052714917,0.00238758456028651,0.0023680041807522087,0.0022998571622908446,0.002311085619817981
231,ortho,gattggattcaaagatgttgtgtt,2.0,att,1.0,,DWIQRCCV,,False,False,12.0,5.0,6.0,66.0,71.0,54.0,173.0,101.0,4.0,True,False,True,True,False,False,2.0,both,0.0009260845359941759,0.0006663587781223198,0.0005305743467303355,0.00035928339294171444,0.0003018296830363216,0.00022773471436162587
232,ortho,gattggattcaaagatgttgtgtt,3.0,caa,2.0,,DWIQRCCV,,False,False,12.0,5.0,6.0,66.0,71.0,54.0,173.0,101.0,4.0,True,False,True,True,False,False,2.0,both,0.0009260845359941759,0.0006663587781223198,0.0005305743467303355,0.00035928339294171444,0.0003018296830363216,0.00022773471436162587
233,ortho,gattggattcaaagatgttgtgtt,4.0,aga,3.0,,DWIQRCCV,,False,False,12.0,5.0,6.0,66.0,71.0,54.0,173.0,101.0,4.0,True,False,True,True,False,False,2.0,both,0.0009260845359941759,0.0006663587781223198,0.0005305743467303355,0.00035928339294171444,0.0003018296830363216,0.00022773471436162587
234,ortho,gattggattcaaagatgttgtgtt,5.0,tgt,4.0,,DWIQRCCV,,False,False,12.0,5.0,6.0,66.0,71.0,54.0,173.0,101.0,4.0,True,False,True,True,False,False,2.0,both,0.0009260845359941759,0.0006663587781223198,0.0005305743467303355,0.00035928339294171444,0.0003018296830363216,0.00022773471436162587
235,ortho,gattggattcaaagatgttgtgtt,6.0,tgt,5.0,,DWIQRCCV,,False,False,12.0,5.0,6.0,66.0,71.0,54.0,173.0,101.0,4.0,True,False,True,True,False,False,2.0,both,0.0009260845359941759,0.0006663587781223198,0.0005305743467303355,0.00035928339294171444,0.0003018296830363216,0.00022773471436162587
236,ortho,gattggattcaaagatgttgtgtt,7.0,gtt,6.0,,DWIQRCCV,,False,False,12.0,5.0,6.0,66.0,71.0,54.0,173.0,101.0,4.0,True,False,True,True,False,False,2.0,both,0.0009260845359941759,0.0006663587781223198,0.0005305743467303355,0.00035928339294171444,0.0003018296830363216,0.00022773471436162587
237,ortho,gattggattgaaagatgttgtgtt,2.0,att,1.0,,DWIERCCV,,False,False,12.0,5.0,6.0,462.0,491.0,528.0,499.0,329.0,22.0,True,False,True,True,False,False,1.0,both,0.002671191811913837,0.0021706142376459723,0.002918158907016846,0.002514983750592001,0.0020873010474765337,0.002226739429313675
238,ortho,gattggattgaaagatgttgtgtt,3.0,gaa,2.0,,DWIERCCV,,False,False,12.0,5.0,6.0,462.0,491.0,528.0,499.0,329.0,22.0,True,False,True,True,False,False,1.0,both,0.002671191811913837,0.0021706142376459723,0.002918158907016846,0.002514983750592001,0.0020873010474765337,0.002226739429313675
239,ortho,gattggattgaaagatgttgtgtt,4.0,aga,3.0,,DWIERCCV,,False,False,12.0,5.0,6.0,462.0,491.0,528.0,499.0,329.0,22.0,True,False,True,True,False,False,1.0,both,0.002671191811913837,0.0021706142376459723,0.002918158907016846,0.002514983750592001,0.0020873010474765337,0.002226739429313675
240,ortho,gattggattgaaagatgttgtgtt,5.0,tgt,4.0,,DWIERCCV,,False,False,12.0,5.0,6.0,462.0,491.0,528.0,499.0,329.0,22.0,True,False,True,True,False,False,1.0,both,0.002671191811913837,0.0021706142376459723,0.002918158907016846,0.002514983750592001,0.0020873010474765337,0.002226739429313675
241,ortho,gattggattgaaagatgttgtgtt,6.0,tgt,5.0,,DWIERCCV,,False,False,12.0,5.0,6.0,462.0,491.0,528.0,499.0,329.0,22.0,True,False,True,True,False,False,1.0,both,0.002671191811913837,0.0021706142376459723,0.002918158907016846,0.002514983750592001,0.0020873010474765337,0.002226739429313675
242,ortho,gattggattgaaagatgttgtgtt,7.0,gtt,6.0,,DWIERCCV,,False,False,12.0,5.0,6.0,462.0,491.0,528.0,499.0,329.0,22.0,True,False,True,True,False,False,1.0,both,0.002671191811913837,0.0021706142376459723,0.002918158907016846,0.002514983750592001,0.0020873010474765337,0.002226739429313675
243,ortho,gattggattgatagatgtattgct,2.0,att,1.0,,DWIDRCIA,,False,False,13.0,5.0,6.0,473.0,523.0,616.0,457.0,330.0,26.0,True,False,True,True,False,False,1.0,both,0.002446362040169586,0.0021772118493105495,0.0034487332537471815,0.0025748643160822867,0.002223336960957693,0.002597862667532621
244,ortho,gattggattgatagatgtattgct,3.0,gat,2.0,,DWIDRCIA,,False,False,13.0,5.0,6.0,473.0,523.0,616.0,457.0,330.0,26.0,True,False,True,True,False,False,1.0,both,0.002446362040169586,0.0021772118493105495,0.0034487332537471815,0.0025748643160822867,0.002223336960957693,0.002597862667532621
245,ortho,gattggattgatagatgtattgct,4.0,aga,3.0,,DWIDRCIA,,False,False,13.0,5.0,6.0,473.0,523.0,616.0,457.0,330.0,26.0,True,False,True,True,False,False,1.0,both,0.002446362040169586,0.0021772118493105495,0.0034487332537471815,0.0025748643160822867,0.002223336960957693,0.002597862667532621
246,ortho,gattggattgatagatgtattgct,5.0,tgt,4.0,,DWIDRCIA,,False,False,13.0,5.0,6.0,473.0,523.0,616.0,457.0,330.0,26.0,True,False,True,True,False,False,1.0,both,0.002446362040169586,0.0021772118493105495,0.0034487332537471815,0.0025748643160822867,0.002223336960957693,0.002597862667532621
247,ortho,gattggattgatagatgtattgct,6.0,att,5.0,,DWIDRCIA,,False,False,13.0,5.0,6.0,473.0,523.0,616.0,457.0,330.0,26.0,True,False,True,True,False,False,1.0,both,0.002446362040169586,0.0021772118493105495,0.0034487332537471815,0.0025748643160822867,0.002223336960957693,0.002597862667532621
248,ortho,gattggattgatagatgtattgct,7.0,gct,6.0,,DWIDRCIA,,False,False,13.0,5.0,6.0,473.0,523.0,616.0,457.0,330.0,26.0,True,False,True,True,False,False,1.0,both,0.002446362040169586,0.0021772118493105495,0.0034487332537471815,0.0025748643160822867,0.002223336960957693,0.002597862667532621
249,ortho,gattggatttatagatctattgtt,2.0,att,1.0,,DWIYRSIV,,False,False,12.0,5.0,6.0,463.0,437.0,422.0,529.0,400.0,19.0,True,False,True,True,False,False,1.0,both,0.002831784506016873,0.002639044665830969,0.0025202281469690942,0.0025204274383638452,0.0018577404434770778,0.0017797046196408538
250,ortho,gattggatttatagatctattgtt,3.0,tat,2.0,,DWIYRSIV,,False,False,12.0,5.0,6.0,463.0,437.0,422.0,529.0,400.0,19.0,True,False,True,True,False,False,1.0,both,0.002831784506016873,0.002639044665830969,0.0025202281469690942,0.0025204274383638452,0.0018577404434770778,0.0017797046196408538
251,ortho,gattggatttatagatctattgtt,4.0,aga,3.0,,DWIYRSIV,,False,False,12.0,5.0,6.0,463.0,437.0,422.0,529.0,400.0,19.0,True,False,True,True,False,False,1.0,both,0.002831784506016873,0.002639044665830969,0.0025202281469690942,0.0025204274383638452,0.0018577404434770778,0.0017797046196408538
252,ortho,gattggatttatagatctattgtt,5.0,tct,4.0,,DWIYRSIV,,False,False,12.0,5.0,6.0,463.0,437.0,422.0,529.0,400.0,19.0,True,False,True,True,False,False,1.0,both,0.002831784506016873,0.002639044665830969,0.0025202281469690942,0.0025204274383638452,0.0018577404434770778,0.0017797046196408538
253,ortho,gattggatttatagatctattgtt,6.0,att,5.0,,DWIYRSIV,,False,False,12.0,5.0,6.0,463.0,437.0,422.0,529.0,400.0,19.0,True,False,True,True,False,False,1.0,both,0.002831784506016873,0.002639044665830969,0.0025202281469690942,0.0025204274383638452,0.0018577404434770778,0.0017797046196408538
254,ortho,gattggatttatagatctattgtt,7.0,gtt,6.0,,DWIYRSIV,,False,False,12.0,5.0,6.0,463.0,437.0,422.0,529.0,400.0,19.0,True,False,True,True,False,False,1.0,both,0.002831784506016873,0.002639044665830969,0.0025202281469690942,0.0025204274383638452,0.0018577404434770778,0.0017797046196408538
255,ortho,gattggatttatagatctattttg,2.0,att,1.0,,DWIYRSIL,,False,False,10.0,4.0,5.0,71.0,65.0,94.0,88.0,53.0,5.0,True,False,True,True,False,False,2.0,both,0.0004710719027022397,0.0003496734182226034,0.0006632179334129195,0.00038650183180093524,0.00027632294925860425,0.0003964270953702376
256,ortho,gattggatttatagatctattttg,3.0,tat,2.0,,DWIYRSIL,,False,False,10.0,4.0,5.0,71.0,65.0,94.0,88.0,53.0,5.0,True,False,True,True,False,False,2.0,both,0.0004710719027022397,0.0003496734182226034,0.0006632179334129195,0.00038650183180093524,0.00027632294925860425,0.0003964270953702376
257,ortho,gattggatttatagatctattttg,4.0,aga,3.0,,DWIYRSIL,,False,False,10.0,4.0,5.0,71.0,65.0,94.0,88.0,53.0,5.0,True,False,True,True,False,False,2.0,both,0.0004710719027022397,0.0003496734182226034,0.0006632179334129195,0.00038650183180093524,0.00027632294925860425,0.0003964270953702376
258,ortho,gattggatttatagatctattttg,5.0,tct,4.0,,DWIYRSIL,,False,False,10.0,4.0,5.0,71.0,65.0,94.0,88.0,53.0,5.0,True,False,True,True,False,False,2.0,both,0.0004710719027022397,0.0003496734182226034,0.0006632179334129195,0.00038650183180093524,0.00027632294925860425,0.0003964270953702376
259,ortho,gattggatttatagatctattttg,6.0,att,5.0,,DWIYRSIL,,False,False,10.0,4.0,5.0,71.0,65.0,94.0,88.0,53.0,5.0,True,False,True,True,False,False,2.0,both,0.0004710719027022397,0.0003496734182226034,0.0006632179334129195,0.00038650183180093524,0.00027632294925860425,0.0003964270953702376
260,ortho,gattggatttatagatctgttttg,2.0,att,1.0,,DWIYRSVL,,False,False,11.0,4.0,5.0,109.0,89.0,112.0,93.0,61.0,3.0,True,False,True,True,False,False,2.0,both,0.0004978373517194125,0.0004024543115392228,0.0003979307600477517,0.0005933619671310132,0.00037834988436947353,0.0004723386668241129
261,ortho,gattggatttatagatctgttttg,3.0,tat,2.0,,DWIYRSVL,,False,False,11.0,4.0,5.0,109.0,89.0,112.0,93.0,61.0,3.0,True,False,True,True,False,False,2.0,both,0.0004978373517194125,0.0004024543115392228,0.0003979307600477517,0.0005933619671310132,0.00037834988436947353,0.0004723386668241129
262,ortho,gattggatttatagatctgttttg,4.0,aga,3.0,,DWIYRSVL,,False,False,11.0,4.0,5.0,109.0,89.0,112.0,93.0,61.0,3.0,True,False,True,True,False,False,2.0,both,0.0004978373517194125,0.0004024543115392228,0.0003979307600477517,0.0005933619671310132,0.00037834988436947353,0.0004723386668241129
263,ortho,gattggatttatagatctgttttg,5.0,tct,4.0,,DWIYRSVL,,False,False,11.0,4.0,5.0,109.0,89.0,112.0,93.0,61.0,3.0,True,False,True,True,False,False,2.0,both,0.0004978373517194125,0.0004024543115392228,0.0003979307600477517,0.0005933619671310132,0.00037834988436947353,0.0004723386668241129
264,ortho,gattggatttatagatctgttttg,6.0,gtt,5.0,,DWIYRSVL,,False,False,11.0,4.0,5.0,109.0,89.0,112.0,93.0,61.0,3.0,True,False,True,True,False,False,2.0,both,0.0004978373517194125,0.0004024543115392228,0.0003979307600477517,0.0005933619671310132,0.00037834988436947353,0.0004723386668241129
265,ortho,gattggatttatagatgtattgtt,2.0,att,1.0,,DWIYRCIV,,False,False,12.0,5.0,6.0,476.0,441.0,521.0,695.0,471.0,17.0,True,False,True,True,False,False,1.0,both,0.0037203974133870068,0.003107475094015966,0.002254940973603926,0.0025911953793978193,0.0018747449326622229,0.002197218262637168
266,ortho,gattggatttatagatgtattgtt,3.0,tat,2.0,,DWIYRCIV,,False,False,12.0,5.0,6.0,476.0,441.0,521.0,695.0,471.0,17.0,True,False,True,True,False,False,1.0,both,0.0037203974133870068,0.003107475094015966,0.002254940973603926,0.0025911953793978193,0.0018747449326622229,0.002197218262637168
267,ortho,gattggatttatagatgtattgtt,4.0,aga,3.0,,DWIYRCIV,,False,False,12.0,5.0,6.0,476.0,441.0,521.0,695.0,471.0,17.0,True,False,True,True,False,False,1.0,both,0.0037203974133870068,0.003107475094015966,0.002254940973603926,0.0025911953793978193,0.0018747449326622229,0.002197218262637168
268,ortho,gattggatttatagatgtattgtt,5.0,tgt,4.0,,DWIYRCIV,,False,False,12.0,5.0,6.0,476.0,441.0,521.0,695.0,471.0,17.0,True,False,True,True,False,False,1.0,both,0.0037203974133870068,0.003107475094015966,0.002254940973603926,0.0025911953793978193,0.0018747449326622229,0.002197218262637168
269,ortho,gattggatttatagatgtattgtt,6.0,att,5.0,,DWIYRCIV,,False,False,12.0,5.0,6.0,476.0,441.0,521.0,695.0,471.0,17.0,True,False,True,True,False,False,1.0,both,0.0037203974133870068,0.003107475094015966,0.002254940973603926,0.0025911953793978193,0.0018747449326622229,0.002197218262637168
270,ortho,gattggatttatagatgtattgtt,7.0,gtt,6.0,,DWIYRCIV,,False,False,12.0,5.0,6.0,476.0,441.0,521.0,695.0,471.0,17.0,True,False,True,True,False,False,1.0,both,0.0037203974133870068,0.003107475094015966,0.002254940973603926,0.0025911953793978193,0.0018747449326622229,0.002197218262637168
271,ortho,gattggatttatagatgtgttttg,2.0,att,1.0,,DWIYRCVL,,False,False,11.0,4.0,5.0,356.0,356.0,395.0,397.0,294.0,23.0,True,False,True,True,False,False,1.0,both,0.0021251766519635134,0.0019396978293857623,0.0030508024936994295,0.0019379528467765204,0.0015133995374778941,0.001665837262460041
272,ortho,gattggatttatagatgtgttttg,3.0,tat,2.0,,DWIYRCVL,,False,False,11.0,4.0,5.0,356.0,356.0,395.0,397.0,294.0,23.0,True,False,True,True,False,False,1.0,both,0.0021251766519635134,0.0019396978293857623,0.0030508024936994295,0.0019379528467765204,0.0015133995374778941,0.001665837262460041
273,ortho,gattggatttatagatgtgttttg,4.0,aga,3.0,,DWIYRCVL,,False,False,11.0,4.0,5.0,356.0,356.0,395.0,397.0,294.0,23.0,True,False,True,True,False,False,1.0,both,0.0021251766519635134,0.0019396978293857623,0.0030508024936994295,0.0019379528467765204,0.0015133995374778941,0.001665837262460041
274,ortho,gattggatttatagatgtgttttg,5.0,tgt,4.0,,DWIYRCVL,,False,False,11.0,4.0,5.0,356.0,356.0,395.0,397.0,294.0,23.0,True,False,True,True,False,False,1.0,both,0.0021251766519635134,0.0019396978293857623,0.0030508024936994295,0.0019379528467765204,0.0015133995374778941,0.001665837262460041
275,ortho,gattggatttatagatgtgttttg,6.0,gtt,5.0,,DWIYRCVL,,False,False,11.0,4.0,5.0,356.0,356.0,395.0,397.0,294.0,23.0,True,False,True,True,False,False,1.0,both,0.0021251766519635134,0.0019396978293857623,0.0030508024936994295,0.0019379528467765204,0.0015133995374778941,0.001665837262460041
276,single,gattggcctagacgttatacattg,2.0,cct,1.0,,DWPRRYTL,,False,False,3.0,1.0,1.0,205.0,232.0,257.0,174.0,179.0,6.0,True,False,True,True,False,False,2.0,both,0.0009314376257976104,0.0011809724879593587,0.0007958615200955034,0.0011159559932280524,0.000986260372738403,0.0010838485479803305
277,single,gattggctgagacgttatacattg,2.0,ctg,1.0,,DWLRRYTL,,False,False,1.0,1.0,1.0,1794.0,2455.0,2462.0,1630.0,1282.0,57.0,True,False,True,True,False,False,1.0,both,0.008725536379598305,0.008458138153988257,0.007560684440907282,0.00976597586268842,0.01043650523738267,0.010383016051080054
278,single,gattggcttagacgttatacattg,2.0,ctt,1.0,,DWLRRYTL,,False,False,2.0,1.0,1.0,2.0,4.0,2.0,9.0,8.0,1.0,True,False,True,True,False,False,2.0,both,4.8177808230910885e-05,5.2780893316619387e-05,0.00013264358668258389,1.0887375543688316e-05,1.7004489185144878e-05,8.434619050430587e-06
279,single,gattgggatagacgttatacattg,2.0,gat,1.0,,DWDRRYTL,,False,False,2.0,1.0,1.0,1.0,2.0,2.0,5.0,2.0,1.0,True,False,True,True,False,False,2.0,both,2.6765449017172712e-05,1.3195223329154847e-05,0.00013264358668258389,5.443687771844158e-06,8.502244592572439e-06,8.434619050430587e-06
280,single,gattgggctagacgttatacattg,2.0,gct,1.0,,DWARRYTL,,False,False,2.0,1.0,1.0,2398.0,3125.0,3171.0,2147.0,1784.0,69.0,True,False,True,True,False,False,1.0,both,0.011493083807973963,0.011770139209606123,0.00915240748109829,0.013053963276882291,0.013284757175894436,0.013373088504457696
281,single,gattgggtgaagcgttatacattg,3.0,aag,1.0,,DWVKRYTL,,False,False,2.0,1.0,1.0,1202.0,1693.0,1540.0,1261.0,956.0,47.0,True,False,True,True,False,False,1.0,both,0.006750246242130958,0.006307316751336016,0.006234248574081443,0.006543312701756678,0.0071971500476125695,0.006494656668831552
282,single,gattgggtgaatcgttatacattg,3.0,aat,1.0,,DWVNRYTL,,False,False,2.0,1.0,1.0,786.0,1055.0,921.0,642.0,585.0,30.0,True,False,True,True,False,False,1.0,both,0.003436683653804976,0.0038596028237777922,0.003979307600477517,0.004278738588669508,0.004484934022581962,0.0038841420727232854
283,single,gattgggtgacgcgttatacattg,3.0,acg,1.0,,DWVTRYTL,,False,False,2.0,1.0,1.0,4.0,7.0,12.0,204.0,189.0,8.0,True,False,True,True,False,False,2.0,both,0.0010920303199006467,0.001246948604605133,0.001061148693460671,2.1774751087376632e-05,2.9757856074003535e-05,5.0607714302583525e-05
284,single,gattgggtgagaaagtatacattg,4.0,aag,1.0,,DWVRKYTL,,False,False,3.0,1.0,1.0,18.0,20.0,20.0,20.0,10.0,1.0,True,False,True,True,False,False,2.0,both,0.00010706179606869085,6.597611664577422e-05,0.00013264358668258389,9.798637989319484e-05,8.502244592572439e-05,8.434619050430587e-05
285,single,gattgggtgagaacgtatacattg,4.0,acg,1.0,,DWVRTYTL,,False,False,3.0,1.0,1.0,1.0,1.0,2.0,6.0,9.0,1.0,True,False,True,True,False,False,2.0,both,3.211853882060725e-05,5.9378504981196805e-05,0.00013264358668258389,5.443687771844158e-06,4.2511222962862195e-06,8.434619050430587e-06
286,single,gattgggtgagaacttatacattg,4.0,act,1.0,,DWVRTYTL,,False,False,2.0,1.0,1.0,981.0,1307.0,1189.0,1355.0,1227.0,66.0,True,False,True,True,False,False,1.0,both,0.007253436683653805,0.008095269512436498,0.008754476721050538,0.005340257704179119,0.005556216841246089,0.0050143810254809846
287,single,gattgggtgagaagttatacattg,4.0,agt,1.0,,DWVRSYTL,,False,False,1.0,1.0,1.0,228.0,282.0,268.0,956.0,853.0,38.0,True,False,True,True,False,False,1.0,both,0.005117553852083422,0.005627762749884542,0.0050404562939381885,0.0012411608119804682,0.0011988164875527138,0.0011302389527576987
288,single,gattgggtgagaatgtatacattg,4.0,atg,1.0,,DWVRMYTL,,False,False,3.0,1.0,1.0,2396.0,3497.0,3225.0,2323.0,1829.0,87.0,True,False,True,True,False,False,1.0,both,0.012435227613378442,0.012067031734512106,0.011539992041384799,0.013043075901338602,0.014866174670112909,0.013600823218819322
289,single,gattgggtgagaatttatacattg,4.0,att,1.0,,DWVRIYTL,,False,False,2.0,1.0,1.0,20.0,15.0,19.0,15.0,27.0,1.0,True,False,True,True,False,False,2.0,both,8.029634705151813e-05,0.00017813551494359043,0.00013264358668258389,0.00010887375543688316,6.37668344442933e-05,8.012888097909058e-05
290,single,gattgggtgagacggtatacattg,4.0,cgg,1.0,,DWVRRYTL,,False,False,1.0,0.0,1.0,2886.0,4394.0,4126.0,2762.0,2295.0,115.0,True,False,True,True,False,False,1.0,both,0.014785234037086207,0.015141518770205186,0.015254012468497148,0.01571048290954224,0.01867943136988165,0.017400619101038302
291,single,gattgggtgagacgtaagacattg,5.0,aag,1.0,,DWVRRKTL,,False,False,2.0,1.0,1.0,740.0,1104.0,1088.0,819.0,679.0,28.0,True,False,True,True,False,False,1.0,both,0.00438418054901289,0.0044797783202480705,0.003714020427112349,0.004028328951164677,0.0046932390150999865,0.004588432763434239
292,single,gattgggtgagacgtaatacattg,5.0,aat,1.0,,DWVRRNTL,,False,False,1.0,1.0,1.0,3626.0,5330.0,5354.0,3486.0,2948.0,131.0,True,False,True,True,False,False,1.0,both,0.018660871054772814,0.019449759187174242,0.01737630985541849,0.019738811860706917,0.02265848183920555,0.022579475198002682
293,single,gattgggtgagacgtacgacattg,5.0,acg,1.0,,DWVRRTTL,,False,False,3.0,1.0,1.0,1536.0,2383.0,2368.0,1414.0,1188.0,44.0,True,False,True,True,False,False,1.0,both,0.007569268982056443,0.007837962657517978,0.005836317814033692,0.008361504417552627,0.010130424432050061,0.009986588955709816
294,single,gattgggtgagacgtactacattg,5.0,act,1.0,,DWVRRTTL,,False,False,2.0,1.0,1.0,1756.0,2486.0,2470.0,1685.0,1419.0,63.0,True,False,True,True,False,False,1.0,both,0.009019956318787204,0.009362010952035362,0.008356545961002786,0.009559115727358342,0.010568290028567542,0.010416754527281776
295,single,gattgggtgagacgtatgacattg,5.0,atg,1.0,,DWVRRMTL,,False,False,3.0,1.0,1.0,1849.0,2578.0,2549.0,1460.0,1375.0,76.0,True,False,True,True,False,False,1.0,both,0.007815511113014432,0.009071716038793956,0.010080912587876377,0.010065378690139848,0.010959393279825874,0.010749921979773784
296,single,gattgggtgagacgtattacattg,5.0,att,1.0,,DWVRRITL,,False,False,2.0,1.0,1.0,1281.0,1805.0,1768.0,1281.0,1051.0,45.0,True,False,True,True,False,False,1.0,both,0.006857308038199649,0.006934089859470871,0.005968961400716275,0.006973364035732367,0.0076732757447966265,0.007456203240580639
297,single,gattgggtgagacgtcagacattg,5.0,cag,1.0,,DWVRRQTL,,False,False,2.0,1.0,1.0,1709.0,2306.0,2161.0,1527.0,1277.0,88.0,True,False,True,True,False,False,1.0,both,0.008174168129844546,0.008425150095665369,0.011672635628067383,0.009303262402081666,0.009803088015236022,0.00911360588399025
298,single,gattgggtgagacgtcatacattg,5.0,cat,1.0,,DWVRRHTL,,False,False,1.0,1.0,1.0,703.0,1048.0,1040.0,710.0,630.0,30.0,True,False,True,True,False,False,1.0,both,0.003800693760438525,0.004156495348683777,0.003979307600477517,0.003826912503606443,0.004455176166507958,0.004386001906223905
299,single,gattgggtgagacgtccgacattg,5.0,ccg,1.0,,DWVRRPTL,,False,False,3.0,1.0,1.0,9.0,14.0,17.0,95.0,76.0,3.0,True,False,True,True,False,False,2.0,both,0.0005085435313262816,0.0005014184865078841,0.0003979307600477517,4.899318994659742e-05,5.951571214800707e-05,7.169426192865999e-05
300,single,gattgggtgagacgtcctacattg,5.0,cct,1.0,,DWVRRPTL,,False,False,2.0,1.0,1.0,840.0,1214.0,1105.0,999.0,928.0,42.0,True,False,True,True,False,False,1.0,both,0.005347736713631108,0.0061225836247278485,0.005571030640668524,0.0045726977283490925,0.00516086246769147,0.004660127025362899
301,single,gattgggtgagacgtcgtacattg,5.0,cgt,1.0,,DWVRRRTL,,False,False,2.0,1.0,1.0,84.0,86.0,102.0,359.0,311.0,14.0,True,False,True,True,False,False,1.0,both,0.0019217592394330007,0.0020518572276835784,0.0018570102135561746,0.0004572697728349093,0.0003655965174806149,0.00043016557157195994
302,single,gattgggtgagacgtcttacattg,5.0,ctt,1.0,,DWVRRLTL,,False,False,2.0,1.0,1.0,9.0,15.0,20.0,17.0,10.0,2.0,True,False,True,True,False,False,2.0,both,9.100252665838722e-05,6.597611664577422e-05,0.00026528717336516777,4.899318994659742e-05,6.37668344442933e-05,8.434619050430587e-05
303,single,gattgggtgagacgtgagacattg,5.0,gag,1.0,,DWVRRETL,,False,False,2.0,1.0,1.0,1.0,5.0,2.0,4.0,1.0,1.0,True,False,True,True,False,False,3.0,both,2.141235921373817e-05,6.597611664577423e-06,0.00013264358668258389,5.443687771844158e-06,2.1255611481431098e-05,8.434619050430587e-06
304,single,gattgggtgagacgtgcgacattg,5.0,gcg,1.0,,DWVRRATL,,False,False,3.0,1.0,1.0,285.0,388.0,376.0,235.0,209.0,8.0,True,False,True,True,False,False,2.0,both,0.0012579761038071175,0.0013789008378966815,0.001061148693460671,0.0015514510149755851,0.0016494354509590532,0.0015857083814809505
305,single,gattgggtgagacgtgggacattg,5.0,ggg,1.0,,DWVRRGTL,,False,False,3.0,1.0,1.0,1926.0,2626.0,2580.0,1767.0,1553.0,80.0,True,False,True,True,False,False,1.0,both,0.009458909682668836,0.010246090915088739,0.010611486934606711,0.010484542648571848,0.011163447150047613,0.010880658575055458
306,single,gattgggtgagacgtgtgacattg,5.0,gtg,1.0,,DWVRRVTL,,False,False,3.0,1.0,1.0,4.0,1.0,2.0,4.0,1.0,1.0,True,False,True,True,False,False,3.0,both,2.141235921373817e-05,6.597611664577423e-06,0.00013264358668258389,2.1774751087376632e-05,4.2511222962862195e-06,8.434619050430587e-06
307,single,gattgggtgagacgtgttacattg,5.0,gtt,1.0,,DWVRRVTL,,False,False,2.0,1.0,1.0,479.0,647.0,624.0,416.0,374.0,9.0,True,False,True,True,False,False,2.0,both,0.0022268853582287696,0.002467506762551956,0.001193792280143255,0.002607526442713352,0.002750476125697184,0.0026316011437343433
308,single,gattgggtgagacgttagacattg,5.0,tag,1.0,,DWVRR*TL,,True,False,1.0,1.0,1.0,2.0,3.0,5.0,4.0,3.0,1.0,True,False,True,True,False,False,3.0,both,2.141235921373817e-05,1.9792834993732268e-05,0.00013264358668258389,1.0887375543688316e-05,1.275336688885866e-05,2.108654762607647e-05
309,single,gattgggtgagacgttataagttg,6.0,aag,1.0,,DWVRRYKL,,False,False,2.0,1.0,1.0,831.0,896.0,1029.0,1105.0,886.0,38.0,True,False,True,True,False,False,1.0,both,0.005915164232795169,0.005845483934815597,0.0050404562939381885,0.004523704538402495,0.0038090055774724525,0.004339611501446537
310,single,gattgggtgagacgttatacaact,7.0,act,1.0,,DWVRRYTT,,False,False,3.0,1.0,1.0,4366.0,5531.0,5536.0,4052.0,3215.0,159.0,True,False,True,True,False,False,1.0,both,0.021690719883516767,0.021211321501616413,0.02109033028253084,0.023767140811871593,0.02351295742075908,0.023347025531591865
311,single,gattgggtgagacgttatacactg,7.0,ctg,1.0,,DWVRRYTL,,False,False,1.0,0.0,1.0,7.0,3.0,2.0,1.0,1.0,6.0,True,False,True,True,False,False,2.0,both,5.353089803434542e-06,6.597611664577423e-06,0.0007958615200955034,3.8105814402909106e-05,1.275336688885866e-05,8.434619050430587e-06
312,single,gattgggtgagacgttatacactt,7.0,ctt,1.0,,DWVRRYTL,,False,False,2.0,0.0,1.0,493.0,573.0,661.0,436.0,358.0,18.0,True,False,True,True,False,False,1.0,both,0.0023339471542974605,0.0023619449759187173,0.00238758456028651,0.00268373807151917,0.002435893075772004,0.002787641596167309
313,single,gattgggtgagacgttatacagat,7.0,gat,1.0,,DWVRRYTD,,False,False,3.0,1.0,1.0,1372.0,1682.0,1782.0,1201.0,1107.0,65.0,True,False,True,True,False,False,1.0,both,0.006429060853924885,0.007303556112687207,0.008621833134367953,0.007468739622970185,0.007150387702353421,0.0075152455739336535
314,single,gattgggtgagacgttatacaggg,7.0,ggg,1.0,,DWVRRYTG,,False,False,2.0,1.0,1.0,1181.0,1467.0,1599.0,1043.0,878.0,68.0,True,False,True,True,False,False,1.0,both,0.0055832726649822275,0.005792703041498978,0.009019763894415705,0.006428995258547951,0.006236396408651884,0.0067434779308192545
315,single,gattgggtgagacgttatacagtg,7.0,gtg,1.0,,DWVRRYTV,,False,False,1.0,1.0,1.0,1.0,3.0,2.0,1.0,5.0,2.0,True,False,True,True,False,False,2.0,both,5.353089803434542e-06,3.298805832288711e-05,0.00026528717336516777,5.443687771844158e-06,1.275336688885866e-05,8.434619050430587e-06
316,single,gattgggtgagacgttatacatat,7.0,tat,1.0,,DWVRRYTY,,False,False,2.0,1.0,1.0,3086.0,3743.0,3852.0,2729.0,2449.0,133.0,True,False,True,True,False,False,1.0,both,0.014608582073572867,0.01615755096655011,0.017641597028783658,0.016799220463911073,0.01591195075499932,0.016245076291129312
317,single,gattgggtgagacgttatacatcg,7.0,tcg,1.0,,DWVRRYTS,,False,False,1.0,1.0,1.0,1511.0,2095.0,2132.0,1503.0,1274.0,55.0,True,False,True,True,False,False,1.0,both,0.008045693974562118,0.008405357260671638,0.007295397267542115,0.008225412223256522,0.00890610121071963,0.008991303907759006
318,single,gattgggtgagacgttatacatgt,7.0,tgt,1.0,,DWVRRYTC,,False,False,2.0,1.0,1.0,692.0,930.0,928.0,619.0,582.0,27.0,True,False,True,True,False,False,1.0,both,0.0033135625883259816,0.0038398099887840603,0.003581376840429765,0.0037670319381161574,0.003953543735546184,0.003913663239399793
319,WT,gattgggtgagacgttatacattg,,,,,DWVRRYTL,True,False,False,0.0,0.0,0.0,4031.0,5590.0,5754.0,3698.0,3059.0,142.0,True,False,True,True,False,False,1.0,both,0.019795726093100936,0.020182094081942336,0.018835389308926913,0.021943505408303803,0.02376377363623997,0.024266399008088798
320,single,gattgggtgagacgttatacgttg,6.0,acg,1.0,,DWVRRYTL,,False,False,1.0,0.0,1.0,1.0,1.0,1.0,2.0,6.0,1.0,True,False,True,True,False,False,2.0,both,1.0706179606869085e-05,3.9585669987464537e-05,0.00013264358668258389,5.443687771844158e-06,4.2511222962862195e-06,4.217309525215294e-06
321,single,gattgggtgagacgttatactttg,6.0,act,1.0,,DWVRRYTL,,False,False,1.0,0.0,1.0,750.0,897.0,864.0,617.0,546.0,22.0,True,False,True,True,False,False,1.0,both,0.0033028564087191127,0.003602295968859273,0.002918158907016846,0.004082765828883119,0.003813256699768739,0.003643755429786014
322,single,gattgggtgagacgttatatgttg,6.0,atg,1.0,,DWVRRYML,,False,False,2.0,1.0,1.0,1338.0,1676.0,1714.0,1254.0,1023.0,50.0,True,False,True,True,False,False,1.0,both,0.006712774613506917,0.0067493567328627034,0.006632179334129195,0.007283654238727484,0.007124880968575704,0.007228468526219014
323,single,gattgggtgagacgttatcctttg,6.0,cct,1.0,,DWVRRYPL,,False,False,2.0,1.0,1.0,19.0,19.0,17.0,157.0,124.0,12.0,True,False,True,True,False,False,1.0,both,0.0008404350991392231,0.0008181038464076004,0.0015917230401910067,0.00010343006766503901,8.077132362943817e-05,7.169426192865999e-05
324,single,gattgggtgagacgttatcggttg,6.0,cgg,1.0,,DWVRRYRL,,False,False,3.0,1.0,1.0,485.0,528.0,612.0,627.0,523.0,24.0,True,False,True,True,False,False,1.0,both,0.0033563873067534583,0.0034505509005739923,0.0031834460803820135,0.0026401885693444166,0.002244592572439124,0.00258099342943176
325,single,gattgggtgagacgttatcttttg,6.0,ctt,1.0,,DWVRRYLL,,False,False,3.0,1.0,1.0,682.0,785.0,755.0,615.0,486.0,19.0,True,False,True,True,False,False,1.0,both,0.0032921502291122437,0.0032064392689846277,0.0025202281469690942,0.003712595060397716,0.003337131002584682,0.003184068691537547
326,single,gattgggtgagacgttatgctttg,6.0,gct,1.0,,DWVRRYAL,,False,False,2.0,1.0,1.0,4.0,4.0,2.0,1.0,1.0,4.0,True,False,True,True,False,False,3.0,both,5.353089803434542e-06,6.597611664577423e-06,0.0005305743467303355,2.1774751087376632e-05,1.7004489185144878e-05,8.434619050430587e-06
327,single,gattgggtgagacgttatgggttg,6.0,ggg,1.0,,DWVRRYGL,,False,False,3.0,1.0,1.0,579.0,780.0,777.0,579.0,474.0,20.0,True,False,True,True,False,False,1.0,both,0.0030994389961886,0.0031272679290096986,0.002652871733651678,0.0031518952198977676,0.003315875391103251,0.003276849501092283
328,single,gattgggtgagacgttattagttg,6.0,tag,1.0,,DWVRRY*L,,True,False,3.0,1.0,1.0,3.0,5.0,8.0,362.0,293.0,22.0,True,False,True,True,False,False,1.0,both,0.0019378185088433043,0.001933100217721185,0.002918158907016846,1.6331063315532474e-05,2.1255611481431098e-05,3.373847620172235e-05
329,single,gattgggtgagacgttattatttg,6.0,tat,1.0,,DWVRRYYL,,False,False,3.0,1.0,1.0,2030.0,2430.0,2579.0,2035.0,1726.0,67.0,True,False,True,True,False,False,1.0,both,0.010893537749989295,0.011387477733060631,0.00888712030773312,0.011050686176843641,0.010330227179975513,0.010876441265530242
330,single,gattgggtgagacgttattggttg,6.0,tgg,1.0,,DWVRRYWL,,False,False,3.0,1.0,1.0,4.0,8.0,6.0,274.0,184.0,13.0,True,False,True,True,False,False,1.0,both,0.0014667466061410645,0.0012139605462822458,0.0017243666268735908,2.1774751087376632e-05,3.4008978370289756e-05,2.5303857151291762e-05
331,single,gattgggtgagacgttattgtttg,6.0,tgt,1.0,,DWVRRYCL,,False,False,3.0,1.0,1.0,1381.0,1767.0,1686.0,1252.0,1045.0,56.0,True,False,True,True,False,False,1.0,both,0.006702068433900047,0.006894504189483407,0.007428040854224698,0.0075177328129167826,0.00751173309753775,0.007110383859512985
332,single,gattgggtgagacgttatttgttg,6.0,ttg,1.0,,DWVRRYLL,,False,False,3.0,1.0,1.0,338.0,497.0,454.0,358.0,327.0,18.0,True,False,True,True,False,False,1.0,both,0.0019164061496295662,0.0021574190143168175,0.00238758456028651,0.0018399664668833254,0.002112807781254251,0.0019146585244477433
333,single,gattgggtgagacgttattttttg,6.0,ttt,1.0,,DWVRRYFL,,False,False,3.0,1.0,1.0,526.0,545.0,532.0,482.0,512.0,26.0,True,False,True,True,False,False,1.0,both,0.0025801892852554496,0.0033779771722636407,0.0034487332537471815,0.002863379767990027,0.00231686165147599,0.002243608667414536
334,single,gattgggtgagacgttcgacattg,5.0,tcg,1.0,,DWVRRSTL,,False,False,2.0,1.0,1.0,2033.0,2833.0,2771.0,1923.0,1504.0,67.0,True,False,True,True,False,False,1.0,both,0.010293991692004624,0.009922807943524445,0.00888712030773312,0.011067017240159174,0.01204342946537886,0.011686164694371578
335,single,gattgggtgagacgttctacattg,5.0,tct,1.0,,DWVRRSTL,,False,False,1.0,1.0,1.0,2162.0,3026.0,2874.0,1938.0,1604.0,70.0,True,False,True,True,False,False,1.0,both,0.010374288039056143,0.010582569109982187,0.009285051067780872,0.011769252962727069,0.0128638960685621,0.012120547575468753
336,single,gattgggtgagacgttggacattg,5.0,tgg,1.0,,DWVRRWTL,,False,False,2.0,1.0,1.0,824.0,1367.0,1263.0,804.0,685.0,27.0,True,False,True,True,False,False,1.0,both,0.004303884201961372,0.004519363990235534,0.003581376840429765,0.004485598723999586,0.005811284179023262,0.005326461930346916
337,single,gattgggtgagacgtttgacattg,5.0,ttg,1.0,,DWVRRLTL,,False,False,2.0,1.0,1.0,656.0,958.0,927.0,752.0,615.0,32.0,True,False,True,True,False,False,1.0,both,0.004025523532182776,0.004057531173715115,0.004244594773842684,0.0035710591783297677,0.004072575159842199,0.003909445929874578
338,single,gattgggtgagacgttttacattg,5.0,ttt,1.0,,DWVRRFTL,,False,False,1.0,1.0,1.0,872.0,1144.0,1181.0,772.0,695.0,32.0,True,False,True,True,False,False,1.0,both,0.004132585328251467,0.004585340106881309,0.004244594773842684,0.004746895737048106,0.004863283906951435,0.004980642549279262
339,single,gattgggtgagactgtatacattg,4.0,ctg,1.0,,DWVRLYTL,,False,False,2.0,1.0,1.0,3.0,2.0,8.0,2.0,5.0,3.0,True,False,True,True,False,False,2.0,both,1.0706179606869085e-05,3.298805832288711e-05,0.0003979307600477517,1.6331063315532474e-05,8.502244592572439e-06,3.373847620172235e-05
340,single,gattgggtgagagagtatacattg,4.0,gag,1.0,,DWVREYTL,,False,False,3.0,1.0,1.0,1526.0,2133.0,1953.0,1470.0,1267.0,73.0,True,False,True,True,False,False,1.0,both,0.007869042011048778,0.008359173979019596,0.009682981827828625,0.008307067539834186,0.009067643857978506,0.008236405502745469
341,single,gattgggtgagagcgtatacattg,4.0,gcg,1.0,,DWVRAYTL,,False,False,3.0,1.0,1.0,115.0,146.0,134.0,490.0,414.0,24.0,True,False,True,True,False,False,1.0,both,0.002623014003682926,0.002731411229135053,0.0031834460803820135,0.0006260240937620782,0.000620663855257788,0.0005651194763788493
342,single,gattgggtgagagtgtatacattg,4.0,gtg,1.0,,DWVRVYTL,,False,False,3.0,1.0,1.0,1.0,2.0,2.0,3.0,4.0,1.0,True,False,True,True,False,False,3.0,both,1.6059269410303626e-05,2.6390446658309693e-05,0.00013264358668258389,5.443687771844158e-06,8.502244592572439e-06,8.434619050430587e-06
343,single,gattgggtgagatcgtatacattg,4.0,tcg,1.0,,DWVRSYTL,,False,False,3.0,1.0,1.0,149.0,188.0,196.0,800.0,716.0,23.0,True,False,True,True,False,False,1.0,both,0.004282471842747634,0.004723889951837435,0.0030508024936994295,0.0008111094780047796,0.0007992109917018093,0.0008265926669421976
344,single,gattgggtgagatggtatacattg,4.0,tgg,1.0,,DWVRWYTL,,False,False,2.0,1.0,1.0,423.0,616.0,582.0,978.0,875.0,43.0,True,False,True,True,False,False,1.0,both,0.005235321827758982,0.005772910206505245,0.005703674227351107,0.002302679927490079,0.0026186913345123113,0.0024544741436753007
345,single,gattgggtgagatgttatacattg,4.0,tgt,1.0,,DWVRCYTL,,False,False,1.0,1.0,1.0,1.0,1.0,1.0,4.0,1.0,1.0,True,False,True,True,False,False,3.0,both,2.141235921373817e-05,6.597611664577423e-06,0.00013264358668258389,5.443687771844158e-06,4.2511222962862195e-06,4.217309525215294e-06
346,single,gattgggtgagattgtatacattg,4.0,ttg,1.0,,DWVRLYTL,,False,False,3.0,1.0,1.0,193.0,301.0,297.0,212.0,214.0,4.0,True,False,True,True,False,False,2.0,both,0.001134855038328123,0.0014118888962195684,0.0005305743467303355,0.0010506317399659225,0.001279587811182152,0.0012525409289889423
347,single,gattgggtgattcgttatacattg,3.0,att,1.0,,DWVIRYTL,,False,False,2.0,1.0,1.0,4167.0,5783.0,5648.0,4046.0,3438.0,148.0,True,False,True,True,False,False,1.0,both,0.02165860134469616,0.02268258890281718,0.019631250829022416,0.022683846945274606,0.024584240239423207,0.023819364198415977
348,single,gattgggtgcagcgttatacattg,3.0,cag,1.0,,DWVQRYTL,,False,False,3.0,1.0,1.0,2.0,3.0,1.0,1.0,5.0,3.0,True,False,True,True,False,False,2.0,both,5.353089803434542e-06,3.298805832288711e-05,0.0003979307600477517,1.0887375543688316e-05,1.275336688885866e-05,4.217309525215294e-06
349,single,gattgggtgccgcgttatacattg,3.0,ccg,1.0,,DWVPRYTL,,False,False,3.0,1.0,1.0,1756.0,2479.0,2453.0,1605.0,1365.0,47.0,True,False,True,True,False,False,1.0,both,0.00859170913451244,0.009005739922148183,0.006234248574081443,0.009559115727358342,0.010538532172493538,0.010345060265353116
350,single,gattgggtgcctcgttatacattg,3.0,cct,1.0,,DWVPRYTL,,False,False,3.0,1.0,1.0,1125.0,1538.0,1636.0,1033.0,932.0,42.0,True,False,True,True,False,False,1.0,both,0.005529741766947882,0.006148974071386158,0.005571030640668524,0.006124148743324678,0.006538226091688206,0.00689951838325222
351,single,gattgggtgcggcgttatacattg,3.0,cgg,1.0,,DWVRRYTL,,False,False,2.0,0.0,1.0,1.0,1.0,1.0,1.0,9.0,2.0,True,False,True,True,False,False,2.0,both,5.353089803434542e-06,5.9378504981196805e-05,0.00026528717336516777,5.443687771844158e-06,4.2511222962862195e-06,4.217309525215294e-06
352,single,gattgggtgctgcgttatacattg,3.0,ctg,1.0,,DWVLRYTL,,False,False,3.0,1.0,1.0,680.0,1041.0,957.0,689.0,629.0,25.0,True,False,True,True,False,False,1.0,both,0.0036882788745664,0.004149897737019199,0.0033160896670645975,0.0037017076848540275,0.004425418310433955,0.004035965215631036
353,single,gattgggtgcttcgttatacattg,3.0,ctt,1.0,,DWVLRYTL,,False,False,3.0,1.0,1.0,865.0,1068.0,939.0,732.0,549.0,44.0,True,False,True,True,False,False,1.0,both,0.003918461736114085,0.0036220888038530053,0.005836317814033692,0.004708789922645197,0.004540198612433682,0.003960053644177161
354,single,gattgggtggagcgttatacattg,3.0,gag,1.0,,DWVERYTL,,False,False,3.0,1.0,1.0,2476.0,3420.0,3348.0,2384.0,1990.0,103.0,True,False,True,True,False,False,1.0,both,0.012761766091387948,0.013129247212509071,0.013662289428306142,0.013478570923086136,0.014538838253298872,0.014119552290420802
355,single,gattgggtggcgcgttatacattg,3.0,gcg,1.0,,DWVARYTL,,False,False,3.0,1.0,1.0,2971.0,4077.0,3901.0,2642.0,2363.0,109.0,True,False,True,True,False,False,1.0,both,0.01414286326067406,0.015590156363396451,0.014458150948401645,0.016173196370148992,0.01733182560195892,0.01645172445786486
356,single,gattgggtggctcgttatacattg,3.0,gct,1.0,,DWVARYTL,,False,False,3.0,1.0,1.0,4.0,3.0,1.0,1.0,6.0,1.0,True,False,True,True,False,False,2.0,both,5.353089803434542e-06,3.9585669987464537e-05,0.00013264358668258389,2.1774751087376632e-05,1.275336688885866e-05,4.217309525215294e-06
357,single,gattgggtgggtcgttatacattg,3.0,ggt,1.0,,DWVGRYTL,,False,False,2.0,1.0,1.0,5.0,2.0,2.0,4.0,1.0,1.0,True,False,True,True,False,False,3.0,both,2.141235921373817e-05,6.597611664577423e-06,0.00013264358668258389,2.721843885922079e-05,8.502244592572439e-06,8.434619050430587e-06
358,single,gattgggtggtgcgttatacattg,3.0,gtg,1.0,,DWVVRYTL,,False,False,3.0,1.0,1.0,137.0,175.0,184.0,166.0,143.0,5.0,True,False,True,True,False,False,2.0,both,0.000888612907370134,0.0009434584680345715,0.0006632179334129195,0.0007457852247426496,0.0007439464018500885,0.0007759849526396141
359,single,gattgggtggttcgttatacattg,3.0,gtt,1.0,,DWVVRYTL,,False,False,3.0,1.0,1.0,1461.0,1958.0,1876.0,1349.0,1168.0,60.0,True,False,True,True,False,False,1.0,both,0.0072213181448331975,0.00770601042422643,0.007958615200955034,0.007953227834664315,0.008323697456128418,0.007911672669303892
360,single,gattgggtgtagcgttatacattg,3.0,tag,1.0,,DWV*RYTL,,True,False,3.0,1.0,1.0,6.0,5.0,6.0,4.0,9.0,3.0,True,False,True,True,False,False,2.0,both,2.141235921373817e-05,5.9378504981196805e-05,0.0003979307600477517,3.266212663106495e-05,2.1255611481431098e-05,2.5303857151291762e-05
361,single,gattgggtgtatcgttatacattg,3.0,tat,1.0,,DWVYRYTL,,False,False,3.0,1.0,1.0,1035.0,1552.0,1525.0,1060.0,835.0,36.0,True,False,True,True,False,False,1.0,both,0.005674275191640615,0.005509005739922148,0.00477516912057302,0.0056342168438587035,0.006597741803836213,0.006431397025953323
362,single,gattgggtgtcgcgttatacattg,3.0,tcg,1.0,,DWVSRYTL,,False,False,3.0,1.0,1.0,1706.0,2484.0,2653.0,1597.0,1362.0,72.0,True,False,True,True,False,False,1.0,both,0.008548884416084965,0.00898594708715445,0.00955033824114604,0.009286931338766133,0.01055978778397497,0.011188522170396174
363,single,gattgggtgtctcgttatacattg,3.0,tct,1.0,,DWVSRYTL,,False,False,3.0,1.0,1.0,1559.0,1911.0,2002.0,1325.0,1235.0,67.0,True,False,True,True,False,False,1.0,both,0.007092843989550768,0.008148050405753117,0.00888712030773312,0.008486709236305042,0.008123894708202966,0.008443053669481018
364,single,gattgggtgtggcgttatacattg,3.0,tgg,1.0,,DWVWRYTL,,False,False,2.0,1.0,1.0,1478.0,1907.0,1863.0,1309.0,1049.0,61.0,True,False,True,True,False,False,1.0,both,0.007007194552695816,0.006920894636141717,0.008091258787637617,0.008045770526785666,0.008106890219017822,0.007856847645476093
365,single,gattgggtgtgtcgttatacattg,3.0,tgt,1.0,,DWVCRYTL,,False,False,2.0,1.0,1.0,1556.0,2135.0,2079.0,1373.0,1221.0,68.0,True,False,True,True,False,False,1.0,both,0.007349792300115627,0.008055683842449033,0.009019763894415705,0.00847037817298951,0.009076146102571079,0.008767786502922596
366,single,gattgggtgttgcgttatacattg,3.0,ttg,1.0,,DWVLRYTL,,False,False,3.0,1.0,1.0,3329.0,4751.0,4375.0,3182.0,2640.0,132.0,True,False,True,True,False,False,1.0,both,0.017033531754528715,0.017417694794484396,0.017508953442101075,0.018122036592469203,0.020197082029655828,0.01845072917281691
367,single,gattgggtgtttcgttatacattg,3.0,ttt,1.0,,DWVFRYTL,,False,False,3.0,1.0,1.0,1602.0,2130.0,2135.0,1544.0,1332.0,63.0,True,False,True,True,False,False,1.0,both,0.008265170656502934,0.008788018737217127,0.008356545961002786,0.00872078781049434,0.009054890491089648,0.009003955836334652
368,ortho,gattgggttaatagatgtattatt,2.0,gtt,1.0,,DWVNRCII,,False,False,10.0,4.0,6.0,659.0,622.0,659.0,736.0,590.0,19.0,True,False,True,True,False,False,1.0,both,0.003939874095327823,0.0038925908821006794,0.0025202281469690942,0.0035873902416453003,0.0026441980682900285,0.0027792069771168785
369,ortho,gattgggttaatagatgtattatt,3.0,aat,2.0,,DWVNRCII,,False,False,10.0,4.0,6.0,659.0,622.0,659.0,736.0,590.0,19.0,True,False,True,True,False,False,1.0,both,0.003939874095327823,0.0038925908821006794,0.0025202281469690942,0.0035873902416453003,0.0026441980682900285,0.0027792069771168785
370,ortho,gattgggttaatagatgtattatt,4.0,aga,3.0,,DWVNRCII,,False,False,10.0,4.0,6.0,659.0,622.0,659.0,736.0,590.0,19.0,True,False,True,True,False,False,1.0,both,0.003939874095327823,0.0038925908821006794,0.0025202281469690942,0.0035873902416453003,0.0026441980682900285,0.0027792069771168785
371,ortho,gattgggttaatagatgtattatt,5.0,tgt,4.0,,DWVNRCII,,False,False,10.0,4.0,6.0,659.0,622.0,659.0,736.0,590.0,19.0,True,False,True,True,False,False,1.0,both,0.003939874095327823,0.0038925908821006794,0.0025202281469690942,0.0035873902416453003,0.0026441980682900285,0.0027792069771168785
372,ortho,gattgggttaatagatgtattatt,6.0,att,5.0,,DWVNRCII,,False,False,10.0,4.0,6.0,659.0,622.0,659.0,736.0,590.0,19.0,True,False,True,True,False,False,1.0,both,0.003939874095327823,0.0038925908821006794,0.0025202281469690942,0.0035873902416453003,0.0026441980682900285,0.0027792069771168785
373,ortho,gattgggttaatagatgtattatt,7.0,att,6.0,,DWVNRCII,,False,False,10.0,4.0,6.0,659.0,622.0,659.0,736.0,590.0,19.0,True,False,True,True,False,False,1.0,both,0.003939874095327823,0.0038925908821006794,0.0025202281469690942,0.0035873902416453003,0.0026441980682900285,0.0027792069771168785
374,ortho,gattgggttaatagatgtattgct,2.0,gtt,1.0,,DWVNRCIA,,False,False,11.0,4.0,6.0,466.0,451.0,630.0,485.0,365.0,18.0,True,False,True,True,False,False,1.0,both,0.002596248554665753,0.0024081282575707593,0.00238758456028651,0.002536758501679378,0.001917256155625085,0.002656905000885635
375,ortho,gattgggttaatagatgtattgct,3.0,aat,2.0,,DWVNRCIA,,False,False,11.0,4.0,6.0,466.0,451.0,630.0,485.0,365.0,18.0,True,False,True,True,False,False,1.0,both,0.002596248554665753,0.0024081282575707593,0.00238758456028651,0.002536758501679378,0.001917256155625085,0.002656905000885635
376,ortho,gattgggttaatagatgtattgct,4.0,aga,3.0,,DWVNRCIA,,False,False,11.0,4.0,6.0,466.0,451.0,630.0,485.0,365.0,18.0,True,False,True,True,False,False,1.0,both,0.002596248554665753,0.0024081282575707593,0.00238758456028651,0.002536758501679378,0.001917256155625085,0.002656905000885635
377,ortho,gattgggttaatagatgtattgct,5.0,tgt,4.0,,DWVNRCIA,,False,False,11.0,4.0,6.0,466.0,451.0,630.0,485.0,365.0,18.0,True,False,True,True,False,False,1.0,both,0.002596248554665753,0.0024081282575707593,0.00238758456028651,0.002536758501679378,0.001917256155625085,0.002656905000885635
378,ortho,gattgggttaatagatgtattgct,6.0,att,5.0,,DWVNRCIA,,False,False,11.0,4.0,6.0,466.0,451.0,630.0,485.0,365.0,18.0,True,False,True,True,False,False,1.0,both,0.002596248554665753,0.0024081282575707593,0.00238758456028651,0.002536758501679378,0.001917256155625085,0.002656905000885635
379,ortho,gattgggttaatagatgtattgct,7.0,gct,6.0,,DWVNRCIA,,False,False,11.0,4.0,6.0,466.0,451.0,630.0,485.0,365.0,18.0,True,False,True,True,False,False,1.0,both,0.002596248554665753,0.0024081282575707593,0.00238758456028651,0.002536758501679378,0.001917256155625085,0.002656905000885635
380,ortho,gattgggttaatagatgtattgtt,2.0,gtt,1.0,,DWVNRCIV,,False,False,10.0,4.0,6.0,244.0,249.0,322.0,268.0,218.0,9.0,True,False,True,True,False,False,2.0,both,0.0014346280673204574,0.0014382793428778782,0.001193792280143255,0.0013282598163299746,0.0010585294517752686,0.0013579736671193246
381,ortho,gattgggttaatagatgtattgtt,3.0,aat,2.0,,DWVNRCIV,,False,False,10.0,4.0,6.0,244.0,249.0,322.0,268.0,218.0,9.0,True,False,True,True,False,False,2.0,both,0.0014346280673204574,0.0014382793428778782,0.001193792280143255,0.0013282598163299746,0.0010585294517752686,0.0013579736671193246
382,ortho,gattgggttaatagatgtattgtt,4.0,aga,3.0,,DWVNRCIV,,False,False,10.0,4.0,6.0,244.0,249.0,322.0,268.0,218.0,9.0,True,False,True,True,False,False,2.0,both,0.0014346280673204574,0.0014382793428778782,0.001193792280143255,0.0013282598163299746,0.0010585294517752686,0.0013579736671193246
383,ortho,gattgggttaatagatgtattgtt,5.0,tgt,4.0,,DWVNRCIV,,False,False,10.0,4.0,6.0,244.0,249.0,322.0,268.0,218.0,9.0,True,False,True,True,False,False,2.0,both,0.0014346280673204574,0.0014382793428778782,0.001193792280143255,0.0013282598163299746,0.0010585294517752686,0.0013579736671193246
384,ortho,gattgggttaatagatgtattgtt,6.0,att,5.0,,DWVNRCIV,,False,False,10.0,4.0,6.0,244.0,249.0,322.0,268.0,218.0,9.0,True,False,True,True,False,False,2.0,both,0.0014346280673204574,0.0014382793428778782,0.001193792280143255,0.0013282598163299746,0.0010585294517752686,0.0013579736671193246
385,ortho,gattgggttaatagatgtattgtt,7.0,gtt,6.0,,DWVNRCIV,,False,False,10.0,4.0,6.0,244.0,249.0,322.0,268.0,218.0,9.0,True,False,True,True,False,False,2.0,both,0.0014346280673204574,0.0014382793428778782,0.001193792280143255,0.0013282598163299746,0.0010585294517752686,0.0013579736671193246
386,ortho,gattgggttaatagatgtattttg,2.0,gtt,1.0,,DWVNRCIL,,False,False,8.0,3.0,5.0,2127.0,2086.0,2379.0,2105.0,1559.0,77.0,True,False,True,True,False,False,1.0,both,0.011268254036229712,0.010285676585076202,0.01021355617455896,0.011578723890712524,0.008867841110053055,0.010032979360487184
387,ortho,gattgggttaatagatgtattttg,3.0,aat,2.0,,DWVNRCIL,,False,False,8.0,3.0,5.0,2127.0,2086.0,2379.0,2105.0,1559.0,77.0,True,False,True,True,False,False,1.0,both,0.011268254036229712,0.010285676585076202,0.01021355617455896,0.011578723890712524,0.008867841110053055,0.010032979360487184
388,ortho,gattgggttaatagatgtattttg,4.0,aga,3.0,,DWVNRCIL,,False,False,8.0,3.0,5.0,2127.0,2086.0,2379.0,2105.0,1559.0,77.0,True,False,True,True,False,False,1.0,both,0.011268254036229712,0.010285676585076202,0.01021355617455896,0.011578723890712524,0.008867841110053055,0.010032979360487184
389,ortho,gattgggttaatagatgtattttg,5.0,tgt,4.0,,DWVNRCIL,,False,False,8.0,3.0,5.0,2127.0,2086.0,2379.0,2105.0,1559.0,77.0,True,False,True,True,False,False,1.0,both,0.011268254036229712,0.010285676585076202,0.01021355617455896,0.011578723890712524,0.008867841110053055,0.010032979360487184
390,ortho,gattgggttaatagatgtattttg,6.0,att,5.0,,DWVNRCIL,,False,False,8.0,3.0,5.0,2127.0,2086.0,2379.0,2105.0,1559.0,77.0,True,False,True,True,False,False,1.0,both,0.011268254036229712,0.010285676585076202,0.01021355617455896,0.011578723890712524,0.008867841110053055,0.010032979360487184
391,ortho,gattgggttaatagatgtgttatt,2.0,gtt,1.0,,DWVNRCVI,,False,False,11.0,4.0,6.0,596.0,538.0,581.0,563.0,383.0,16.0,True,False,True,True,False,False,1.0,both,0.0030137895593336473,0.002526885267533153,0.002122297386921342,0.0032444379120191184,0.002287103795401986,0.0024502568341500854
392,ortho,gattgggttaatagatgtgttatt,3.0,aat,2.0,,DWVNRCVI,,False,False,11.0,4.0,6.0,596.0,538.0,581.0,563.0,383.0,16.0,True,False,True,True,False,False,1.0,both,0.0030137895593336473,0.002526885267533153,0.002122297386921342,0.0032444379120191184,0.002287103795401986,0.0024502568341500854
393,ortho,gattgggttaatagatgtgttatt,4.0,aga,3.0,,DWVNRCVI,,False,False,11.0,4.0,6.0,596.0,538.0,581.0,563.0,383.0,16.0,True,False,True,True,False,False,1.0,both,0.0030137895593336473,0.002526885267533153,0.002122297386921342,0.0032444379120191184,0.002287103795401986,0.0024502568341500854
394,ortho,gattgggttaatagatgtgttatt,5.0,tgt,4.0,,DWVNRCVI,,False,False,11.0,4.0,6.0,596.0,538.0,581.0,563.0,383.0,16.0,True,False,True,True,False,False,1.0,both,0.0030137895593336473,0.002526885267533153,0.002122297386921342,0.0032444379120191184,0.002287103795401986,0.0024502568341500854
395,ortho,gattgggttaatagatgtgttatt,6.0,gtt,5.0,,DWVNRCVI,,False,False,11.0,4.0,6.0,596.0,538.0,581.0,563.0,383.0,16.0,True,False,True,True,False,False,1.0,both,0.0030137895593336473,0.002526885267533153,0.002122297386921342,0.0032444379120191184,0.002287103795401986,0.0024502568341500854
396,ortho,gattgggttaatagatgtgttatt,7.0,att,6.0,,DWVNRCVI,,False,False,11.0,4.0,6.0,596.0,538.0,581.0,563.0,383.0,16.0,True,False,True,True,False,False,1.0,both,0.0030137895593336473,0.002526885267533153,0.002122297386921342,0.0032444379120191184,0.002287103795401986,0.0024502568341500854
397,ortho,gattgggttaatagatgtgttgct,2.0,gtt,1.0,,DWVNRCVA,,False,False,12.0,4.0,6.0,537.0,587.0,651.0,598.0,421.0,19.0,True,False,True,True,False,False,1.0,both,0.0032011477024538565,0.002777594510787095,0.0025202281469690942,0.002923260333480313,0.002495408787920011,0.002745468500915156
398,ortho,gattgggttaatagatgtgttgct,3.0,aat,2.0,,DWVNRCVA,,False,False,12.0,4.0,6.0,537.0,587.0,651.0,598.0,421.0,19.0,True,False,True,True,False,False,1.0,both,0.0032011477024538565,0.002777594510787095,0.0025202281469690942,0.002923260333480313,0.002495408787920011,0.002745468500915156
399,ortho,gattgggttaatagatgtgttgct,4.0,aga,3.0,,DWVNRCVA,,False,False,12.0,4.0,6.0,537.0,587.0,651.0,598.0,421.0,19.0,True,False,True,True,False,False,1.0,both,0.0032011477024538565,0.002777594510787095,0.0025202281469690942,0.002923260333480313,0.002495408787920011,0.002745468500915156
400,ortho,gattgggttaatagatgtgttgct,5.0,tgt,4.0,,DWVNRCVA,,False,False,12.0,4.0,6.0,537.0,587.0,651.0,598.0,421.0,19.0,True,False,True,True,False,False,1.0,both,0.0032011477024538565,0.002777594510787095,0.0025202281469690942,0.002923260333480313,0.002495408787920011,0.002745468500915156
401,ortho,gattgggttaatagatgtgttgct,6.0,gtt,5.0,,DWVNRCVA,,False,False,12.0,4.0,6.0,537.0,587.0,651.0,598.0,421.0,19.0,True,False,True,True,False,False,1.0,both,0.0032011477024538565,0.002777594510787095,0.0025202281469690942,0.002923260333480313,0.002495408787920011,0.002745468500915156
402,ortho,gattgggttaatagatgtgttgct,7.0,gct,6.0,,DWVNRCVA,,False,False,12.0,4.0,6.0,537.0,587.0,651.0,598.0,421.0,19.0,True,False,True,True,False,False,1.0,both,0.0032011477024538565,0.002777594510787095,0.0025202281469690942,0.002923260333480313,0.002495408787920011,0.002745468500915156
403,ortho,gattgggttactagatctattgtt,2.0,gtt,1.0,,DWVTRSIV,,False,False,10.0,4.0,6.0,390.0,405.0,391.0,425.0,303.0,15.0,True,False,True,True,False,False,1.0,both,0.0022750631664596806,0.0019990763343669593,0.0019896538002387586,0.002123038231019222,0.001721704529995919,0.0016489680243591798
404,ortho,gattgggttactagatctattgtt,3.0,act,2.0,,DWVTRSIV,,False,False,10.0,4.0,6.0,390.0,405.0,391.0,425.0,303.0,15.0,True,False,True,True,False,False,1.0,both,0.0022750631664596806,0.0019990763343669593,0.0019896538002387586,0.002123038231019222,0.001721704529995919,0.0016489680243591798
405,ortho,gattgggttactagatctattgtt,4.0,aga,3.0,,DWVTRSIV,,False,False,10.0,4.0,6.0,390.0,405.0,391.0,425.0,303.0,15.0,True,False,True,True,False,False,1.0,both,0.0022750631664596806,0.0019990763343669593,0.0019896538002387586,0.002123038231019222,0.001721704529995919,0.0016489680243591798
406,ortho,gattgggttactagatctattgtt,5.0,tct,4.0,,DWVTRSIV,,False,False,10.0,4.0,6.0,390.0,405.0,391.0,425.0,303.0,15.0,True,False,True,True,False,False,1.0,both,0.0022750631664596806,0.0019990763343669593,0.0019896538002387586,0.002123038231019222,0.001721704529995919,0.0016489680243591798
407,ortho,gattgggttactagatctattgtt,6.0,att,5.0,,DWVTRSIV,,False,False,10.0,4.0,6.0,390.0,405.0,391.0,425.0,303.0,15.0,True,False,True,True,False,False,1.0,both,0.0022750631664596806,0.0019990763343669593,0.0019896538002387586,0.002123038231019222,0.001721704529995919,0.0016489680243591798
408,ortho,gattgggttactagatctattgtt,7.0,gtt,6.0,,DWVTRSIV,,False,False,10.0,4.0,6.0,390.0,405.0,391.0,425.0,303.0,15.0,True,False,True,True,False,False,1.0,both,0.0022750631664596806,0.0019990763343669593,0.0019896538002387586,0.002123038231019222,0.001721704529995919,0.0016489680243591798
409,ortho,gattgggttactagatgtgttgtt,2.0,gtt,1.0,,DWVTRCVV,,False,False,11.0,4.0,6.0,490.0,521.0,543.0,488.0,371.0,18.0,True,False,True,True,False,False,1.0,both,0.002612307824076057,0.002447713927558224,0.00238758456028651,0.0026674070082036375,0.0022148347163651206,0.0022899990721919044
410,ortho,gattgggttactagatgtgttgtt,3.0,act,2.0,,DWVTRCVV,,False,False,11.0,4.0,6.0,490.0,521.0,543.0,488.0,371.0,18.0,True,False,True,True,False,False,1.0,both,0.002612307824076057,0.002447713927558224,0.00238758456028651,0.0026674070082036375,0.0022148347163651206,0.0022899990721919044
411,ortho,gattgggttactagatgtgttgtt,4.0,aga,3.0,,DWVTRCVV,,False,False,11.0,4.0,6.0,490.0,521.0,543.0,488.0,371.0,18.0,True,False,True,True,False,False,1.0,both,0.002612307824076057,0.002447713927558224,0.00238758456028651,0.0026674070082036375,0.0022148347163651206,0.0022899990721919044
412,ortho,gattgggttactagatgtgttgtt,5.0,tgt,4.0,,DWVTRCVV,,False,False,11.0,4.0,6.0,490.0,521.0,543.0,488.0,371.0,18.0,True,False,True,True,False,False,1.0,both,0.002612307824076057,0.002447713927558224,0.00238758456028651,0.0026674070082036375,0.0022148347163651206,0.0022899990721919044
413,ortho,gattgggttactagatgtgttgtt,6.0,gtt,5.0,,DWVTRCVV,,False,False,11.0,4.0,6.0,490.0,521.0,543.0,488.0,371.0,18.0,True,False,True,True,False,False,1.0,both,0.002612307824076057,0.002447713927558224,0.00238758456028651,0.0026674070082036375,0.0022148347163651206,0.0022899990721919044
414,ortho,gattgggttactagatgtgttgtt,7.0,gtt,6.0,,DWVTRCVV,,False,False,11.0,4.0,6.0,490.0,521.0,543.0,488.0,371.0,18.0,True,False,True,True,False,False,1.0,both,0.002612307824076057,0.002447713927558224,0.00238758456028651,0.0026674070082036375,0.0022148347163651206,0.0022899990721919044
415,ortho,gattgggttagaagatatactttg,2.0,gtt,1.0,,DWVRRYTL,,False,False,4.0,0.0,3.0,702.0,770.0,800.0,702.0,473.0,39.0,True,False,True,True,False,False,1.0,both,0.0037578690420110488,0.003120670317345121,0.005173099880620772,0.003821468815834599,0.003273364168140389,0.003373847620172235
416,ortho,gattgggttagaagatatactttg,4.0,aga,2.0,,DWVRRYTL,,False,False,4.0,0.0,3.0,702.0,770.0,800.0,702.0,473.0,39.0,True,False,True,True,False,False,1.0,both,0.0037578690420110488,0.003120670317345121,0.005173099880620772,0.003821468815834599,0.003273364168140389,0.003373847620172235
417,ortho,gattgggttagaagatatactttg,6.0,act,3.0,,DWVRRYTL,,False,False,4.0,0.0,3.0,702.0,770.0,800.0,702.0,473.0,39.0,True,False,True,True,False,False,1.0,both,0.0037578690420110488,0.003120670317345121,0.005173099880620772,0.003821468815834599,0.003273364168140389,0.003373847620172235
418,single,gattgggttagacgttatacattg,2.0,gtt,1.0,,DWVRRYTL,,False,False,1.0,0.0,1.0,406.0,482.0,544.0,393.0,325.0,23.0,True,False,True,True,False,False,1.0,both,0.002103764292749775,0.0021442237909876623,0.0030508024936994295,0.002210137235368728,0.002049040946809958,0.0022942163817171197
419,ortho,gattgggttcaaagatctattttg,2.0,gtt,1.0,,DWVQRSIL,,False,False,8.0,3.0,5.0,5.0,3.0,1.0,198.0,202.0,13.0,True,False,True,True,False,False,1.0,both,0.0010599117810800394,0.0013327175562446395,0.0017243666268735908,2.721843885922079e-05,1.275336688885866e-05,4.217309525215294e-06
420,ortho,gattgggttcaaagatctattttg,3.0,caa,2.0,,DWVQRSIL,,False,False,8.0,3.0,5.0,5.0,3.0,1.0,198.0,202.0,13.0,True,False,True,True,False,False,1.0,both,0.0010599117810800394,0.0013327175562446395,0.0017243666268735908,2.721843885922079e-05,1.275336688885866e-05,4.217309525215294e-06
421,ortho,gattgggttcaaagatctattttg,4.0,aga,3.0,,DWVQRSIL,,False,False,8.0,3.0,5.0,5.0,3.0,1.0,198.0,202.0,13.0,True,False,True,True,False,False,1.0,both,0.0010599117810800394,0.0013327175562446395,0.0017243666268735908,2.721843885922079e-05,1.275336688885866e-05,4.217309525215294e-06
422,ortho,gattgggttcaaagatctattttg,5.0,tct,4.0,,DWVQRSIL,,False,False,8.0,3.0,5.0,5.0,3.0,1.0,198.0,202.0,13.0,True,False,True,True,False,False,1.0,both,0.0010599117810800394,0.0013327175562446395,0.0017243666268735908,2.721843885922079e-05,1.275336688885866e-05,4.217309525215294e-06
423,ortho,gattgggttcaaagatctattttg,6.0,att,5.0,,DWVQRSIL,,False,False,8.0,3.0,5.0,5.0,3.0,1.0,198.0,202.0,13.0,True,False,True,True,False,False,1.0,both,0.0010599117810800394,0.0013327175562446395,0.0017243666268735908,2.721843885922079e-05,1.275336688885866e-05,4.217309525215294e-06
424,ortho,gattgggttcaaagatctattttt,2.0,gtt,1.0,,DWVQRSIF,,False,False,9.0,4.0,6.0,1169.0,923.0,971.0,1409.0,981.0,47.0,True,False,True,True,False,False,1.0,both,0.007542503533039271,0.006472257042950452,0.006234248574081443,0.006363671005285821,0.003923785879472181,0.00409500754898405
425,ortho,gattgggttcaaagatctattttt,3.0,caa,2.0,,DWVQRSIF,,False,False,9.0,4.0,6.0,1169.0,923.0,971.0,1409.0,981.0,47.0,True,False,True,True,False,False,1.0,both,0.007542503533039271,0.006472257042950452,0.006234248574081443,0.006363671005285821,0.003923785879472181,0.00409500754898405
426,ortho,gattgggttcaaagatctattttt,4.0,aga,3.0,,DWVQRSIF,,False,False,9.0,4.0,6.0,1169.0,923.0,971.0,1409.0,981.0,47.0,True,False,True,True,False,False,1.0,both,0.007542503533039271,0.006472257042950452,0.006234248574081443,0.006363671005285821,0.003923785879472181,0.00409500754898405
427,ortho,gattgggttcaaagatctattttt,5.0,tct,4.0,,DWVQRSIF,,False,False,9.0,4.0,6.0,1169.0,923.0,971.0,1409.0,981.0,47.0,True,False,True,True,False,False,1.0,both,0.007542503533039271,0.006472257042950452,0.006234248574081443,0.006363671005285821,0.003923785879472181,0.00409500754898405
428,ortho,gattgggttcaaagatctattttt,6.0,att,5.0,,DWVQRSIF,,False,False,9.0,4.0,6.0,1169.0,923.0,971.0,1409.0,981.0,47.0,True,False,True,True,False,False,1.0,both,0.007542503533039271,0.006472257042950452,0.006234248574081443,0.006363671005285821,0.003923785879472181,0.00409500754898405
429,ortho,gattgggttcaaagatctattttt,7.0,ttt,6.0,,DWVQRSIF,,False,False,9.0,4.0,6.0,1169.0,923.0,971.0,1409.0,981.0,47.0,True,False,True,True,False,False,1.0,both,0.007542503533039271,0.006472257042950452,0.006234248574081443,0.006363671005285821,0.003923785879472181,0.00409500754898405
430,ortho,gattgggttcaaagatgtattgtt,2.0,gtt,1.0,,DWVQRCIV,,False,False,10.0,4.0,6.0,566.0,539.0,613.0,567.0,430.0,22.0,True,False,True,True,False,False,1.0,both,0.0030352019185473857,0.002836973015768292,0.002918158907016846,0.0030811272788637935,0.002291354917698272,0.002585210738956975
431,ortho,gattgggttcaaagatgtattgtt,3.0,caa,2.0,,DWVQRCIV,,False,False,10.0,4.0,6.0,566.0,539.0,613.0,567.0,430.0,22.0,True,False,True,True,False,False,1.0,both,0.0030352019185473857,0.002836973015768292,0.002918158907016846,0.0030811272788637935,0.002291354917698272,0.002585210738956975
432,ortho,gattgggttcaaagatgtattgtt,4.0,aga,3.0,,DWVQRCIV,,False,False,10.0,4.0,6.0,566.0,539.0,613.0,567.0,430.0,22.0,True,False,True,True,False,False,1.0,both,0.0030352019185473857,0.002836973015768292,0.002918158907016846,0.0030811272788637935,0.002291354917698272,0.002585210738956975
433,ortho,gattgggttcaaagatgtattgtt,5.0,tgt,4.0,,DWVQRCIV,,False,False,10.0,4.0,6.0,566.0,539.0,613.0,567.0,430.0,22.0,True,False,True,True,False,False,1.0,both,0.0030352019185473857,0.002836973015768292,0.002918158907016846,0.0030811272788637935,0.002291354917698272,0.002585210738956975
434,ortho,gattgggttcaaagatgtattgtt,6.0,att,5.0,,DWVQRCIV,,False,False,10.0,4.0,6.0,566.0,539.0,613.0,567.0,430.0,22.0,True,False,True,True,False,False,1.0,both,0.0030352019185473857,0.002836973015768292,0.002918158907016846,0.0030811272788637935,0.002291354917698272,0.002585210738956975
435,ortho,gattgggttcaaagatgtattgtt,7.0,gtt,6.0,,DWVQRCIV,,False,False,10.0,4.0,6.0,566.0,539.0,613.0,567.0,430.0,22.0,True,False,True,True,False,False,1.0,both,0.0030352019185473857,0.002836973015768292,0.002918158907016846,0.0030811272788637935,0.002291354917698272,0.002585210738956975
436,ortho,gattgggttcaaagatgtgttttt,2.0,gtt,1.0,,DWVQRCVF,,False,False,10.0,4.0,6.0,265.0,224.0,265.0,330.0,232.0,17.0,True,False,True,True,False,False,1.0,both,0.001766519635133399,0.0015306459061819621,0.002254940973603926,0.001442577259538702,0.0009522513943681131,0.0011175870241820528
437,ortho,gattgggttcaaagatgtgttttt,3.0,caa,2.0,,DWVQRCVF,,False,False,10.0,4.0,6.0,265.0,224.0,265.0,330.0,232.0,17.0,True,False,True,True,False,False,1.0,both,0.001766519635133399,0.0015306459061819621,0.002254940973603926,0.001442577259538702,0.0009522513943681131,0.0011175870241820528
438,ortho,gattgggttcaaagatgtgttttt,4.0,aga,3.0,,DWVQRCVF,,False,False,10.0,4.0,6.0,265.0,224.0,265.0,330.0,232.0,17.0,True,False,True,True,False,False,1.0,both,0.001766519635133399,0.0015306459061819621,0.002254940973603926,0.001442577259538702,0.0009522513943681131,0.0011175870241820528
439,ortho,gattgggttcaaagatgtgttttt,5.0,tgt,4.0,,DWVQRCVF,,False,False,10.0,4.0,6.0,265.0,224.0,265.0,330.0,232.0,17.0,True,False,True,True,False,False,1.0,both,0.001766519635133399,0.0015306459061819621,0.002254940973603926,0.001442577259538702,0.0009522513943681131,0.0011175870241820528
440,ortho,gattgggttcaaagatgtgttttt,6.0,gtt,5.0,,DWVQRCVF,,False,False,10.0,4.0,6.0,265.0,224.0,265.0,330.0,232.0,17.0,True,False,True,True,False,False,1.0,both,0.001766519635133399,0.0015306459061819621,0.002254940973603926,0.001442577259538702,0.0009522513943681131,0.0011175870241820528
441,ortho,gattgggttcaaagatgtgttttt,7.0,ttt,6.0,,DWVQRCVF,,False,False,10.0,4.0,6.0,265.0,224.0,265.0,330.0,232.0,17.0,True,False,True,True,False,False,1.0,both,0.001766519635133399,0.0015306459061819621,0.002254940973603926,0.001442577259538702,0.0009522513943681131,0.0011175870241820528
442,ortho,gattgggttcatagatgtattgct,2.0,gtt,1.0,,DWVHRCIA,,False,False,12.0,4.0,6.0,100.0,128.0,157.0,154.0,98.0,5.0,True,False,True,True,False,False,2.0,both,0.0008243758297289195,0.0006465659431285875,0.0006632179334129195,0.0005443687771844158,0.0005441436539246361,0.0006621175954588011
443,ortho,gattgggttcatagatgtattgct,3.0,cat,2.0,,DWVHRCIA,,False,False,12.0,4.0,6.0,100.0,128.0,157.0,154.0,98.0,5.0,True,False,True,True,False,False,2.0,both,0.0008243758297289195,0.0006465659431285875,0.0006632179334129195,0.0005443687771844158,0.0005441436539246361,0.0006621175954588011
444,ortho,gattgggttcatagatgtattgct,4.0,aga,3.0,,DWVHRCIA,,False,False,12.0,4.0,6.0,100.0,128.0,157.0,154.0,98.0,5.0,True,False,True,True,False,False,2.0,both,0.0008243758297289195,0.0006465659431285875,0.0006632179334129195,0.0005443687771844158,0.0005441436539246361,0.0006621175954588011
445,ortho,gattgggttcatagatgtattgct,5.0,tgt,4.0,,DWVHRCIA,,False,False,12.0,4.0,6.0,100.0,128.0,157.0,154.0,98.0,5.0,True,False,True,True,False,False,2.0,both,0.0008243758297289195,0.0006465659431285875,0.0006632179334129195,0.0005443687771844158,0.0005441436539246361,0.0006621175954588011
446,ortho,gattgggttcatagatgtattgct,6.0,att,5.0,,DWVHRCIA,,False,False,12.0,4.0,6.0,100.0,128.0,157.0,154.0,98.0,5.0,True,False,True,True,False,False,2.0,both,0.0008243758297289195,0.0006465659431285875,0.0006632179334129195,0.0005443687771844158,0.0005441436539246361,0.0006621175954588011
447,ortho,gattgggttcatagatgtattgct,7.0,gct,6.0,,DWVHRCIA,,False,False,12.0,4.0,6.0,100.0,128.0,157.0,154.0,98.0,5.0,True,False,True,True,False,False,2.0,both,0.0008243758297289195,0.0006465659431285875,0.0006632179334129195,0.0005443687771844158,0.0005441436539246361,0.0006621175954588011
448,ortho,gattgggttgaaagatgtattgtt,2.0,gtt,1.0,,DWVERCIV,,False,False,10.0,4.0,6.0,333.0,317.0,394.0,331.0,256.0,16.0,True,False,True,True,False,False,1.0,both,0.0017718727249368335,0.0016889885861318204,0.002122297386921342,0.0018127480280241046,0.0013476057679227317,0.0016616199529348257
449,ortho,gattgggttgaaagatgtattgtt,3.0,gaa,2.0,,DWVERCIV,,False,False,10.0,4.0,6.0,333.0,317.0,394.0,331.0,256.0,16.0,True,False,True,True,False,False,1.0,both,0.0017718727249368335,0.0016889885861318204,0.002122297386921342,0.0018127480280241046,0.0013476057679227317,0.0016616199529348257
450,ortho,gattgggttgaaagatgtattgtt,4.0,aga,3.0,,DWVERCIV,,False,False,10.0,4.0,6.0,333.0,317.0,394.0,331.0,256.0,16.0,True,False,True,True,False,False,1.0,both,0.0017718727249368335,0.0016889885861318204,0.002122297386921342,0.0018127480280241046,0.0013476057679227317,0.0016616199529348257
451,ortho,gattgggttgaaagatgtattgtt,5.0,tgt,4.0,,DWVERCIV,,False,False,10.0,4.0,6.0,333.0,317.0,394.0,331.0,256.0,16.0,True,False,True,True,False,False,1.0,both,0.0017718727249368335,0.0016889885861318204,0.002122297386921342,0.0018127480280241046,0.0013476057679227317,0.0016616199529348257
452,ortho,gattgggttgaaagatgtattgtt,6.0,att,5.0,,DWVERCIV,,False,False,10.0,4.0,6.0,333.0,317.0,394.0,331.0,256.0,16.0,True,False,True,True,False,False,1.0,both,0.0017718727249368335,0.0016889885861318204,0.002122297386921342,0.0018127480280241046,0.0013476057679227317,0.0016616199529348257
453,ortho,gattgggttgaaagatgtattgtt,7.0,gtt,6.0,,DWVERCIV,,False,False,10.0,4.0,6.0,333.0,317.0,394.0,331.0,256.0,16.0,True,False,True,True,False,False,1.0,both,0.0017718727249368335,0.0016889885861318204,0.002122297386921342,0.0018127480280241046,0.0013476057679227317,0.0016616199529348257
454,ortho,gattgggttgaaagatgtgttgtt,2.0,gtt,1.0,,DWVERCVV,,False,False,11.0,4.0,6.0,135.0,124.0,157.0,166.0,94.0,3.0,True,False,True,True,False,False,2.0,both,0.000888612907370134,0.0006201754964702778,0.0003979307600477517,0.0007348978491989613,0.0005271391647394912,0.0006621175954588011
455,ortho,gattgggttgaaagatgtgttgtt,3.0,gaa,2.0,,DWVERCVV,,False,False,11.0,4.0,6.0,135.0,124.0,157.0,166.0,94.0,3.0,True,False,True,True,False,False,2.0,both,0.000888612907370134,0.0006201754964702778,0.0003979307600477517,0.0007348978491989613,0.0005271391647394912,0.0006621175954588011
456,ortho,gattgggttgaaagatgtgttgtt,4.0,aga,3.0,,DWVERCVV,,False,False,11.0,4.0,6.0,135.0,124.0,157.0,166.0,94.0,3.0,True,False,True,True,False,False,2.0,both,0.000888612907370134,0.0006201754964702778,0.0003979307600477517,0.0007348978491989613,0.0005271391647394912,0.0006621175954588011
457,ortho,gattgggttgaaagatgtgttgtt,5.0,tgt,4.0,,DWVERCVV,,False,False,11.0,4.0,6.0,135.0,124.0,157.0,166.0,94.0,3.0,True,False,True,True,False,False,2.0,both,0.000888612907370134,0.0006201754964702778,0.0003979307600477517,0.0007348978491989613,0.0005271391647394912,0.0006621175954588011
458,ortho,gattgggttgaaagatgtgttgtt,6.0,gtt,5.0,,DWVERCVV,,False,False,11.0,4.0,6.0,135.0,124.0,157.0,166.0,94.0,3.0,True,False,True,True,False,False,2.0,both,0.000888612907370134,0.0006201754964702778,0.0003979307600477517,0.0007348978491989613,0.0005271391647394912,0.0006621175954588011
459,ortho,gattgggttgaaagatgtgttgtt,7.0,gtt,6.0,,DWVERCVV,,False,False,11.0,4.0,6.0,135.0,124.0,157.0,166.0,94.0,3.0,True,False,True,True,False,False,2.0,both,0.000888612907370134,0.0006201754964702778,0.0003979307600477517,0.0007348978491989613,0.0005271391647394912,0.0006621175954588011
460,ortho,gattgggttgctagatctattgct,2.0,gtt,1.0,,DWVARSIA,,False,False,12.0,4.0,6.0,577.0,607.0,702.0,581.0,431.0,25.0,True,False,True,True,False,False,1.0,both,0.0031101451757954693,0.0028435706274328692,0.0033160896670645975,0.003141007844354079,0.002580431233845735,0.002960551286701136
461,ortho,gattgggttgctagatctattgct,3.0,gct,2.0,,DWVARSIA,,False,False,12.0,4.0,6.0,577.0,607.0,702.0,581.0,431.0,25.0,True,False,True,True,False,False,1.0,both,0.0031101451757954693,0.0028435706274328692,0.0033160896670645975,0.003141007844354079,0.002580431233845735,0.002960551286701136
462,ortho,gattgggttgctagatctattgct,4.0,aga,3.0,,DWVARSIA,,False,False,12.0,4.0,6.0,577.0,607.0,702.0,581.0,431.0,25.0,True,False,True,True,False,False,1.0,both,0.0031101451757954693,0.0028435706274328692,0.0033160896670645975,0.003141007844354079,0.002580431233845735,0.002960551286701136
463,ortho,gattgggttgctagatctattgct,5.0,tct,4.0,,DWVARSIA,,False,False,12.0,4.0,6.0,577.0,607.0,702.0,581.0,431.0,25.0,True,False,True,True,False,False,1.0,both,0.0031101451757954693,0.0028435706274328692,0.0033160896670645975,0.003141007844354079,0.002580431233845735,0.002960551286701136
464,ortho,gattgggttgctagatctattgct,6.0,att,5.0,,DWVARSIA,,False,False,12.0,4.0,6.0,577.0,607.0,702.0,581.0,431.0,25.0,True,False,True,True,False,False,1.0,both,0.0031101451757954693,0.0028435706274328692,0.0033160896670645975,0.003141007844354079,0.002580431233845735,0.002960551286701136
465,ortho,gattgggttgctagatctattgct,7.0,gct,6.0,,DWVARSIA,,False,False,12.0,4.0,6.0,577.0,607.0,702.0,581.0,431.0,25.0,True,False,True,True,False,False,1.0,both,0.0031101451757954693,0.0028435706274328692,0.0033160896670645975,0.003141007844354079,0.002580431233845735,0.002960551286701136
466,ortho,gattgggttgctagatgtattatt,2.0,gtt,1.0,,DWVARCII,,False,False,11.0,4.0,6.0,1100.0,941.0,1179.0,1206.0,872.0,40.0,True,False,True,True,False,False,1.0,both,0.006455826302942058,0.005753117371511513,0.005305743467303356,0.005988056549028574,0.004000306080805332,0.004972207930228831
467,ortho,gattgggttgctagatgtattatt,3.0,gct,2.0,,DWVARCII,,False,False,11.0,4.0,6.0,1100.0,941.0,1179.0,1206.0,872.0,40.0,True,False,True,True,False,False,1.0,both,0.006455826302942058,0.005753117371511513,0.005305743467303356,0.005988056549028574,0.004000306080805332,0.004972207930228831
468,ortho,gattgggttgctagatgtattatt,4.0,aga,3.0,,DWVARCII,,False,False,11.0,4.0,6.0,1100.0,941.0,1179.0,1206.0,872.0,40.0,True,False,True,True,False,False,1.0,both,0.006455826302942058,0.005753117371511513,0.005305743467303356,0.005988056549028574,0.004000306080805332,0.004972207930228831
469,ortho,gattgggttgctagatgtattatt,5.0,tgt,4.0,,DWVARCII,,False,False,11.0,4.0,6.0,1100.0,941.0,1179.0,1206.0,872.0,40.0,True,False,True,True,False,False,1.0,both,0.006455826302942058,0.005753117371511513,0.005305743467303356,0.005988056549028574,0.004000306080805332,0.004972207930228831
470,ortho,gattgggttgctagatgtattatt,6.0,att,5.0,,DWVARCII,,False,False,11.0,4.0,6.0,1100.0,941.0,1179.0,1206.0,872.0,40.0,True,False,True,True,False,False,1.0,both,0.006455826302942058,0.005753117371511513,0.005305743467303356,0.005988056549028574,0.004000306080805332,0.004972207930228831
471,ortho,gattgggttgctagatgtattatt,7.0,att,6.0,,DWVARCII,,False,False,11.0,4.0,6.0,1100.0,941.0,1179.0,1206.0,872.0,40.0,True,False,True,True,False,False,1.0,both,0.006455826302942058,0.005753117371511513,0.005305743467303356,0.005988056549028574,0.004000306080805332,0.004972207930228831
472,ortho,gattgggttgctagatgtattgtt,2.0,gtt,1.0,,DWVARCIV,,False,False,11.0,4.0,6.0,964.0,1054.0,1202.0,1023.0,754.0,52.0,True,False,True,True,False,False,1.0,both,0.005476210868913537,0.004974599195091377,0.006897466507494363,0.005247715012057768,0.004480682900285676,0.005069206049308783
473,ortho,gattgggttgctagatgtattgtt,3.0,gct,2.0,,DWVARCIV,,False,False,11.0,4.0,6.0,964.0,1054.0,1202.0,1023.0,754.0,52.0,True,False,True,True,False,False,1.0,both,0.005476210868913537,0.004974599195091377,0.006897466507494363,0.005247715012057768,0.004480682900285676,0.005069206049308783
474,ortho,gattgggttgctagatgtattgtt,4.0,aga,3.0,,DWVARCIV,,False,False,11.0,4.0,6.0,964.0,1054.0,1202.0,1023.0,754.0,52.0,True,False,True,True,False,False,1.0,both,0.005476210868913537,0.004974599195091377,0.006897466507494363,0.005247715012057768,0.004480682900285676,0.005069206049308783
475,ortho,gattgggttgctagatgtattgtt,5.0,tgt,4.0,,DWVARCIV,,False,False,11.0,4.0,6.0,964.0,1054.0,1202.0,1023.0,754.0,52.0,True,False,True,True,False,False,1.0,both,0.005476210868913537,0.004974599195091377,0.006897466507494363,0.005247715012057768,0.004480682900285676,0.005069206049308783
476,ortho,gattgggttgctagatgtattgtt,6.0,att,5.0,,DWVARCIV,,False,False,11.0,4.0,6.0,964.0,1054.0,1202.0,1023.0,754.0,52.0,True,False,True,True,False,False,1.0,both,0.005476210868913537,0.004974599195091377,0.006897466507494363,0.005247715012057768,0.004480682900285676,0.005069206049308783
477,ortho,gattgggttgctagatgtattgtt,7.0,gtt,6.0,,DWVARCIV,,False,False,11.0,4.0,6.0,964.0,1054.0,1202.0,1023.0,754.0,52.0,True,False,True,True,False,False,1.0,both,0.005476210868913537,0.004974599195091377,0.006897466507494363,0.005247715012057768,0.004480682900285676,0.005069206049308783
478,ortho,gattgggttgctagatgtattttg,2.0,gtt,1.0,,DWVARCIL,,False,False,9.0,3.0,5.0,1122.0,1325.0,1294.0,1244.0,874.0,58.0,True,False,True,True,False,False,1.0,both,0.0066592437154725705,0.005766312594840668,0.007693328027589866,0.006107817680009145,0.005632737042579241,0.00545719852562859
479,ortho,gattgggttgctagatgtattttg,3.0,gct,2.0,,DWVARCIL,,False,False,9.0,3.0,5.0,1122.0,1325.0,1294.0,1244.0,874.0,58.0,True,False,True,True,False,False,1.0,both,0.0066592437154725705,0.005766312594840668,0.007693328027589866,0.006107817680009145,0.005632737042579241,0.00545719852562859
480,ortho,gattgggttgctagatgtattttg,4.0,aga,3.0,,DWVARCIL,,False,False,9.0,3.0,5.0,1122.0,1325.0,1294.0,1244.0,874.0,58.0,True,False,True,True,False,False,1.0,both,0.0066592437154725705,0.005766312594840668,0.007693328027589866,0.006107817680009145,0.005632737042579241,0.00545719852562859
481,ortho,gattgggttgctagatgtattttg,5.0,tgt,4.0,,DWVARCIL,,False,False,9.0,3.0,5.0,1122.0,1325.0,1294.0,1244.0,874.0,58.0,True,False,True,True,False,False,1.0,both,0.0066592437154725705,0.005766312594840668,0.007693328027589866,0.006107817680009145,0.005632737042579241,0.00545719852562859
482,ortho,gattgggttgctagatgtattttg,6.0,att,5.0,,DWVARCIL,,False,False,9.0,3.0,5.0,1122.0,1325.0,1294.0,1244.0,874.0,58.0,True,False,True,True,False,False,1.0,both,0.0066592437154725705,0.005766312594840668,0.007693328027589866,0.006107817680009145,0.005632737042579241,0.00545719852562859
483,ortho,gattgggtttatagatctattatt,2.0,gtt,1.0,,DWVYRSII,,False,False,11.0,4.0,6.0,394.0,285.0,313.0,412.0,303.0,23.0,True,False,True,True,False,False,1.0,both,0.0022054729990150313,0.0019990763343669593,0.0030508024936994295,0.002144812982106598,0.0012115698544415726,0.001320017881392387
484,ortho,gattgggtttatagatctattatt,3.0,tat,2.0,,DWVYRSII,,False,False,11.0,4.0,6.0,394.0,285.0,313.0,412.0,303.0,23.0,True,False,True,True,False,False,1.0,both,0.0022054729990150313,0.0019990763343669593,0.0030508024936994295,0.002144812982106598,0.0012115698544415726,0.001320017881392387
485,ortho,gattgggtttatagatctattatt,4.0,aga,3.0,,DWVYRSII,,False,False,11.0,4.0,6.0,394.0,285.0,313.0,412.0,303.0,23.0,True,False,True,True,False,False,1.0,both,0.0022054729990150313,0.0019990763343669593,0.0030508024936994295,0.002144812982106598,0.0012115698544415726,0.001320017881392387
486,ortho,gattgggtttatagatctattatt,5.0,tct,4.0,,DWVYRSII,,False,False,11.0,4.0,6.0,394.0,285.0,313.0,412.0,303.0,23.0,True,False,True,True,False,False,1.0,both,0.0022054729990150313,0.0019990763343669593,0.0030508024936994295,0.002144812982106598,0.0012115698544415726,0.001320017881392387
487,ortho,gattgggtttatagatctattatt,6.0,att,5.0,,DWVYRSII,,False,False,11.0,4.0,6.0,394.0,285.0,313.0,412.0,303.0,23.0,True,False,True,True,False,False,1.0,both,0.0022054729990150313,0.0019990763343669593,0.0030508024936994295,0.002144812982106598,0.0012115698544415726,0.001320017881392387
488,ortho,gattgggtttatagatctattatt,7.0,att,6.0,,DWVYRSII,,False,False,11.0,4.0,6.0,394.0,285.0,313.0,412.0,303.0,23.0,True,False,True,True,False,False,1.0,both,0.0022054729990150313,0.0019990763343669593,0.0030508024936994295,0.002144812982106598,0.0012115698544415726,0.001320017881392387
489,ortho,gattgggtttatagatctattttg,2.0,gtt,1.0,,DWVYRSIL,,False,False,9.0,3.0,5.0,338.0,284.0,332.0,360.0,258.0,13.0,True,False,True,True,False,False,1.0,both,0.0019271123292364353,0.0017021838094609752,0.0017243666268735908,0.0018399664668833254,0.0012073187321452864,0.0014001467623714775
490,ortho,gattgggtttatagatctattttg,3.0,tat,2.0,,DWVYRSIL,,False,False,9.0,3.0,5.0,338.0,284.0,332.0,360.0,258.0,13.0,True,False,True,True,False,False,1.0,both,0.0019271123292364353,0.0017021838094609752,0.0017243666268735908,0.0018399664668833254,0.0012073187321452864,0.0014001467623714775
491,ortho,gattgggtttatagatctattttg,4.0,aga,3.0,,DWVYRSIL,,False,False,9.0,3.0,5.0,338.0,284.0,332.0,360.0,258.0,13.0,True,False,True,True,False,False,1.0,both,0.0019271123292364353,0.0017021838094609752,0.0017243666268735908,0.0018399664668833254,0.0012073187321452864,0.0014001467623714775
492,ortho,gattgggtttatagatctattttg,5.0,tct,4.0,,DWVYRSIL,,False,False,9.0,3.0,5.0,338.0,284.0,332.0,360.0,258.0,13.0,True,False,True,True,False,False,1.0,both,0.0019271123292364353,0.0017021838094609752,0.0017243666268735908,0.0018399664668833254,0.0012073187321452864,0.0014001467623714775
493,ortho,gattgggtttatagatctattttg,6.0,att,5.0,,DWVYRSIL,,False,False,9.0,3.0,5.0,338.0,284.0,332.0,360.0,258.0,13.0,True,False,True,True,False,False,1.0,both,0.0019271123292364353,0.0017021838094609752,0.0017243666268735908,0.0018399664668833254,0.0012073187321452864,0.0014001467623714775
494,ortho,gattgggtttatagatctgttatt,2.0,gtt,1.0,,DWVYRSVI,,False,False,12.0,4.0,6.0,1529.0,1305.0,1430.0,1606.0,1155.0,64.0,True,False,True,True,False,False,1.0,both,0.008597062224315876,0.007620241472586923,0.008489189547685369,0.008323398603149717,0.005547714596653516,0.0060307526210578695
495,ortho,gattgggtttatagatctgttatt,3.0,tat,2.0,,DWVYRSVI,,False,False,12.0,4.0,6.0,1529.0,1305.0,1430.0,1606.0,1155.0,64.0,True,False,True,True,False,False,1.0,both,0.008597062224315876,0.007620241472586923,0.008489189547685369,0.008323398603149717,0.005547714596653516,0.0060307526210578695
496,ortho,gattgggtttatagatctgttatt,4.0,aga,3.0,,DWVYRSVI,,False,False,12.0,4.0,6.0,1529.0,1305.0,1430.0,1606.0,1155.0,64.0,True,False,True,True,False,False,1.0,both,0.008597062224315876,0.007620241472586923,0.008489189547685369,0.008323398603149717,0.005547714596653516,0.0060307526210578695
497,ortho,gattgggtttatagatctgttatt,5.0,tct,4.0,,DWVYRSVI,,False,False,12.0,4.0,6.0,1529.0,1305.0,1430.0,1606.0,1155.0,64.0,True,False,True,True,False,False,1.0,both,0.008597062224315876,0.007620241472586923,0.008489189547685369,0.008323398603149717,0.005547714596653516,0.0060307526210578695
498,ortho,gattgggtttatagatctgttatt,6.0,gtt,5.0,,DWVYRSVI,,False,False,12.0,4.0,6.0,1529.0,1305.0,1430.0,1606.0,1155.0,64.0,True,False,True,True,False,False,1.0,both,0.008597062224315876,0.007620241472586923,0.008489189547685369,0.008323398603149717,0.005547714596653516,0.0060307526210578695
499,ortho,gattgggtttatagatctgttatt,7.0,att,6.0,,DWVYRSVI,,False,False,12.0,4.0,6.0,1529.0,1305.0,1430.0,1606.0,1155.0,64.0,True,False,True,True,False,False,1.0,both,0.008597062224315876,0.007620241472586923,0.008489189547685369,0.008323398603149717,0.005547714596653516,0.0060307526210578695
500,ortho,gattgggtttatagatctgttttg,2.0,gtt,1.0,,DWVYRSVL,,False,False,10.0,3.0,5.0,868.0,906.0,1065.0,957.0,644.0,40.0,True,False,True,True,False,False,1.0,both,0.005122906941886857,0.004248861911987861,0.005305743467303356,0.004725120985960729,0.003851516800435315,0.004491434644354288
501,ortho,gattgggtttatagatctgttttg,3.0,tat,2.0,,DWVYRSVL,,False,False,10.0,3.0,5.0,868.0,906.0,1065.0,957.0,644.0,40.0,True,False,True,True,False,False,1.0,both,0.005122906941886857,0.004248861911987861,0.005305743467303356,0.004725120985960729,0.003851516800435315,0.004491434644354288
502,ortho,gattgggtttatagatctgttttg,4.0,aga,3.0,,DWVYRSVL,,False,False,10.0,3.0,5.0,868.0,906.0,1065.0,957.0,644.0,40.0,True,False,True,True,False,False,1.0,both,0.005122906941886857,0.004248861911987861,0.005305743467303356,0.004725120985960729,0.003851516800435315,0.004491434644354288
503,ortho,gattgggtttatagatctgttttg,5.0,tct,4.0,,DWVYRSVL,,False,False,10.0,3.0,5.0,868.0,906.0,1065.0,957.0,644.0,40.0,True,False,True,True,False,False,1.0,both,0.005122906941886857,0.004248861911987861,0.005305743467303356,0.004725120985960729,0.003851516800435315,0.004491434644354288
504,ortho,gattgggtttatagatctgttttg,6.0,gtt,5.0,,DWVYRSVL,,False,False,10.0,3.0,5.0,868.0,906.0,1065.0,957.0,644.0,40.0,True,False,True,True,False,False,1.0,both,0.005122906941886857,0.004248861911987861,0.005305743467303356,0.004725120985960729,0.003851516800435315,0.004491434644354288
505,ortho,gattgggtttatagatgtactatt,2.0,gtt,1.0,,DWVYRCTI,,False,False,10.0,3.0,6.0,1246.0,1205.0,1305.0,1369.0,946.0,58.0,True,False,True,True,False,False,1.0,both,0.007328379940901889,0.006241340634690242,0.007693328027589866,0.006782834963717821,0.005122602367024894,0.005503588930405958
506,ortho,gattgggtttatagatgtactatt,3.0,tat,2.0,,DWVYRCTI,,False,False,10.0,3.0,6.0,1246.0,1205.0,1305.0,1369.0,946.0,58.0,True,False,True,True,False,False,1.0,both,0.007328379940901889,0.006241340634690242,0.007693328027589866,0.006782834963717821,0.005122602367024894,0.005503588930405958
507,ortho,gattgggtttatagatgtactatt,4.0,aga,3.0,,DWVYRCTI,,False,False,10.0,3.0,6.0,1246.0,1205.0,1305.0,1369.0,946.0,58.0,True,False,True,True,False,False,1.0,both,0.007328379940901889,0.006241340634690242,0.007693328027589866,0.006782834963717821,0.005122602367024894,0.005503588930405958
508,ortho,gattgggtttatagatgtactatt,5.0,tgt,4.0,,DWVYRCTI,,False,False,10.0,3.0,6.0,1246.0,1205.0,1305.0,1369.0,946.0,58.0,True,False,True,True,False,False,1.0,both,0.007328379940901889,0.006241340634690242,0.007693328027589866,0.006782834963717821,0.005122602367024894,0.005503588930405958
509,ortho,gattgggtttatagatgtactatt,6.0,act,5.0,,DWVYRCTI,,False,False,10.0,3.0,6.0,1246.0,1205.0,1305.0,1369.0,946.0,58.0,True,False,True,True,False,False,1.0,both,0.007328379940901889,0.006241340634690242,0.007693328027589866,0.006782834963717821,0.005122602367024894,0.005503588930405958
510,ortho,gattgggtttatagatgtactatt,7.0,att,6.0,,DWVYRCTI,,False,False,10.0,3.0,6.0,1246.0,1205.0,1305.0,1369.0,946.0,58.0,True,False,True,True,False,False,1.0,both,0.007328379940901889,0.006241340634690242,0.007693328027589866,0.006782834963717821,0.005122602367024894,0.005503588930405958
511,ortho,gattgggtttatagatgtattatt,2.0,gtt,1.0,,DWVYRCII,,False,False,11.0,4.0,6.0,110.0,92.0,100.0,91.0,58.0,5.0,True,False,True,True,False,False,2.0,both,0.00048713117211254337,0.00038266147654549053,0.0006632179334129195,0.0005988056549028574,0.0003911032512583322,0.00042173095252152936
512,ortho,gattgggtttatagatgtattatt,3.0,tat,2.0,,DWVYRCII,,False,False,11.0,4.0,6.0,110.0,92.0,100.0,91.0,58.0,5.0,True,False,True,True,False,False,2.0,both,0.00048713117211254337,0.00038266147654549053,0.0006632179334129195,0.0005988056549028574,0.0003911032512583322,0.00042173095252152936
513,ortho,gattgggtttatagatgtattatt,4.0,aga,3.0,,DWVYRCII,,False,False,11.0,4.0,6.0,110.0,92.0,100.0,91.0,58.0,5.0,True,False,True,True,False,False,2.0,both,0.00048713117211254337,0.00038266147654549053,0.0006632179334129195,0.0005988056549028574,0.0003911032512583322,0.00042173095252152936
514,ortho,gattgggtttatagatgtattatt,5.0,tgt,4.0,,DWVYRCII,,False,False,11.0,4.0,6.0,110.0,92.0,100.0,91.0,58.0,5.0,True,False,True,True,False,False,2.0,both,0.00048713117211254337,0.00038266147654549053,0.0006632179334129195,0.0005988056549028574,0.0003911032512583322,0.00042173095252152936
515,ortho,gattgggtttatagatgtattatt,6.0,att,5.0,,DWVYRCII,,False,False,11.0,4.0,6.0,110.0,92.0,100.0,91.0,58.0,5.0,True,False,True,True,False,False,2.0,both,0.00048713117211254337,0.00038266147654549053,0.0006632179334129195,0.0005988056549028574,0.0003911032512583322,0.00042173095252152936
516,ortho,gattgggtttatagatgtattatt,7.0,att,6.0,,DWVYRCII,,False,False,11.0,4.0,6.0,110.0,92.0,100.0,91.0,58.0,5.0,True,False,True,True,False,False,2.0,both,0.00048713117211254337,0.00038266147654549053,0.0006632179334129195,0.0005988056549028574,0.0003911032512583322,0.00042173095252152936
517,ortho,gattgggtttatagatgtattttg,2.0,gtt,1.0,,DWVYRCIL,,False,False,9.0,3.0,5.0,320.0,323.0,343.0,369.0,263.0,15.0,True,False,True,True,False,False,1.0,both,0.0019752901374673463,0.0017351718677838623,0.0019896538002387586,0.0017419800869901306,0.0013731125017004489,0.0014465371671488457
518,ortho,gattgggtttatagatgtattttg,3.0,tat,2.0,,DWVYRCIL,,False,False,9.0,3.0,5.0,320.0,323.0,343.0,369.0,263.0,15.0,True,False,True,True,False,False,1.0,both,0.0019752901374673463,0.0017351718677838623,0.0019896538002387586,0.0017419800869901306,0.0013731125017004489,0.0014465371671488457
519,ortho,gattgggtttatagatgtattttg,4.0,aga,3.0,,DWVYRCIL,,False,False,9.0,3.0,5.0,320.0,323.0,343.0,369.0,263.0,15.0,True,False,True,True,False,False,1.0,both,0.0019752901374673463,0.0017351718677838623,0.0019896538002387586,0.0017419800869901306,0.0013731125017004489,0.0014465371671488457
520,ortho,gattgggtttatagatgtattttg,5.0,tgt,4.0,,DWVYRCIL,,False,False,9.0,3.0,5.0,320.0,323.0,343.0,369.0,263.0,15.0,True,False,True,True,False,False,1.0,both,0.0019752901374673463,0.0017351718677838623,0.0019896538002387586,0.0017419800869901306,0.0013731125017004489,0.0014465371671488457
521,ortho,gattgggtttatagatgtattttg,6.0,att,5.0,,DWVYRCIL,,False,False,9.0,3.0,5.0,320.0,323.0,343.0,369.0,263.0,15.0,True,False,True,True,False,False,1.0,both,0.0019752901374673463,0.0017351718677838623,0.0019896538002387586,0.0017419800869901306,0.0013731125017004489,0.0014465371671488457
522,ortho,gattgggtttctagatgtattgtt,2.0,gtt,1.0,,DWVSRCIV,,False,False,11.0,4.0,6.0,266.0,204.0,280.0,265.0,178.0,8.0,True,False,True,True,False,False,2.0,both,0.0014185687979101538,0.0011743748762947813,0.001061148693460671,0.0014480209473105461,0.0008672289484423888,0.0011808466670602822
523,ortho,gattgggtttctagatgtattgtt,3.0,tct,2.0,,DWVSRCIV,,False,False,11.0,4.0,6.0,266.0,204.0,280.0,265.0,178.0,8.0,True,False,True,True,False,False,2.0,both,0.0014185687979101538,0.0011743748762947813,0.001061148693460671,0.0014480209473105461,0.0008672289484423888,0.0011808466670602822
524,ortho,gattgggtttctagatgtattgtt,4.0,aga,3.0,,DWVSRCIV,,False,False,11.0,4.0,6.0,266.0,204.0,280.0,265.0,178.0,8.0,True,False,True,True,False,False,2.0,both,0.0014185687979101538,0.0011743748762947813,0.001061148693460671,0.0014480209473105461,0.0008672289484423888,0.0011808466670602822
525,ortho,gattgggtttctagatgtattgtt,5.0,tgt,4.0,,DWVSRCIV,,False,False,11.0,4.0,6.0,266.0,204.0,280.0,265.0,178.0,8.0,True,False,True,True,False,False,2.0,both,0.0014185687979101538,0.0011743748762947813,0.001061148693460671,0.0014480209473105461,0.0008672289484423888,0.0011808466670602822
526,ortho,gattgggtttctagatgtattgtt,6.0,att,5.0,,DWVSRCIV,,False,False,11.0,4.0,6.0,266.0,204.0,280.0,265.0,178.0,8.0,True,False,True,True,False,False,2.0,both,0.0014185687979101538,0.0011743748762947813,0.001061148693460671,0.0014480209473105461,0.0008672289484423888,0.0011808466670602822
527,ortho,gattgggtttctagatgtattgtt,7.0,gtt,6.0,,DWVSRCIV,,False,False,11.0,4.0,6.0,266.0,204.0,280.0,265.0,178.0,8.0,True,False,True,True,False,False,2.0,both,0.0014185687979101538,0.0011743748762947813,0.001061148693460671,0.0014480209473105461,0.0008672289484423888,0.0011808466670602822
528,ortho,gattgggtttggagatgtattatt,2.0,gtt,1.0,,DWVWRCII,,False,False,10.0,4.0,6.0,464.0,399.0,492.0,518.0,345.0,17.0,True,False,True,True,False,False,1.0,both,0.002772900518179093,0.002276176024279211,0.002254940973603926,0.0025258711261356894,0.0016961977962182016,0.0020749162864059246
529,ortho,gattgggtttggagatgtattatt,3.0,tgg,2.0,,DWVWRCII,,False,False,10.0,4.0,6.0,464.0,399.0,492.0,518.0,345.0,17.0,True,False,True,True,False,False,1.0,both,0.002772900518179093,0.002276176024279211,0.002254940973603926,0.0025258711261356894,0.0016961977962182016,0.0020749162864059246
530,ortho,gattgggtttggagatgtattatt,4.0,aga,3.0,,DWVWRCII,,False,False,10.0,4.0,6.0,464.0,399.0,492.0,518.0,345.0,17.0,True,False,True,True,False,False,1.0,both,0.002772900518179093,0.002276176024279211,0.002254940973603926,0.0025258711261356894,0.0016961977962182016,0.0020749162864059246
531,ortho,gattgggtttggagatgtattatt,5.0,tgt,4.0,,DWVWRCII,,False,False,10.0,4.0,6.0,464.0,399.0,492.0,518.0,345.0,17.0,True,False,True,True,False,False,1.0,both,0.002772900518179093,0.002276176024279211,0.002254940973603926,0.0025258711261356894,0.0016961977962182016,0.0020749162864059246
532,ortho,gattgggtttggagatgtattatt,6.0,att,5.0,,DWVWRCII,,False,False,10.0,4.0,6.0,464.0,399.0,492.0,518.0,345.0,17.0,True,False,True,True,False,False,1.0,both,0.002772900518179093,0.002276176024279211,0.002254940973603926,0.0025258711261356894,0.0016961977962182016,0.0020749162864059246
533,ortho,gattgggtttggagatgtattatt,7.0,att,6.0,,DWVWRCII,,False,False,10.0,4.0,6.0,464.0,399.0,492.0,518.0,345.0,17.0,True,False,True,True,False,False,1.0,both,0.002772900518179093,0.002276176024279211,0.002254940973603926,0.0025258711261356894,0.0016961977962182016,0.0020749162864059246
534,ortho,gattgggtttggagatgtgttatg,2.0,gtt,1.0,,DWVWRCVM,,False,False,10.0,4.0,6.0,1676.0,1757.0,1964.0,1489.0,1125.0,79.0,True,False,True,True,False,False,1.0,both,0.007970750717314033,0.007422313122649601,0.010478843347924129,0.009123620705610808,0.007469221874574888,0.008282795907522837
535,ortho,gattgggtttggagatgtgttatg,3.0,tgg,2.0,,DWVWRCVM,,False,False,10.0,4.0,6.0,1676.0,1757.0,1964.0,1489.0,1125.0,79.0,True,False,True,True,False,False,1.0,both,0.007970750717314033,0.007422313122649601,0.010478843347924129,0.009123620705610808,0.007469221874574888,0.008282795907522837
536,ortho,gattgggtttggagatgtgttatg,4.0,aga,3.0,,DWVWRCVM,,False,False,10.0,4.0,6.0,1676.0,1757.0,1964.0,1489.0,1125.0,79.0,True,False,True,True,False,False,1.0,both,0.007970750717314033,0.007422313122649601,0.010478843347924129,0.009123620705610808,0.007469221874574888,0.008282795907522837
537,ortho,gattgggtttggagatgtgttatg,5.0,tgt,4.0,,DWVWRCVM,,False,False,10.0,4.0,6.0,1676.0,1757.0,1964.0,1489.0,1125.0,79.0,True,False,True,True,False,False,1.0,both,0.007970750717314033,0.007422313122649601,0.010478843347924129,0.009123620705610808,0.007469221874574888,0.008282795907522837
538,ortho,gattgggtttggagatgtgttatg,6.0,gtt,5.0,,DWVWRCVM,,False,False,10.0,4.0,6.0,1676.0,1757.0,1964.0,1489.0,1125.0,79.0,True,False,True,True,False,False,1.0,both,0.007970750717314033,0.007422313122649601,0.010478843347924129,0.009123620705610808,0.007469221874574888,0.008282795907522837
539,ortho,gattgggtttggagatgtgttatg,7.0,atg,6.0,,DWVWRCVM,,False,False,10.0,4.0,6.0,1676.0,1757.0,1964.0,1489.0,1125.0,79.0,True,False,True,True,False,False,1.0,both,0.007970750717314033,0.007422313122649601,0.010478843347924129,0.009123620705610808,0.007469221874574888,0.008282795907522837
540,ortho,gattgggtttttagatctattttg,2.0,gtt,1.0,,DWVFRSIL,,False,False,9.0,3.0,5.0,520.0,470.0,532.0,742.0,531.0,22.0,True,False,True,True,False,False,1.0,both,0.0039719926341484305,0.0035033317938906114,0.002918158907016846,0.0028307176413589624,0.001998027479254523,0.002243608667414536
541,ortho,gattgggtttttagatctattttg,3.0,ttt,2.0,,DWVFRSIL,,False,False,9.0,3.0,5.0,520.0,470.0,532.0,742.0,531.0,22.0,True,False,True,True,False,False,1.0,both,0.0039719926341484305,0.0035033317938906114,0.002918158907016846,0.0028307176413589624,0.001998027479254523,0.002243608667414536
542,ortho,gattgggtttttagatctattttg,4.0,aga,3.0,,DWVFRSIL,,False,False,9.0,3.0,5.0,520.0,470.0,532.0,742.0,531.0,22.0,True,False,True,True,False,False,1.0,both,0.0039719926341484305,0.0035033317938906114,0.002918158907016846,0.0028307176413589624,0.001998027479254523,0.002243608667414536
543,ortho,gattgggtttttagatctattttg,5.0,tct,4.0,,DWVFRSIL,,False,False,9.0,3.0,5.0,520.0,470.0,532.0,742.0,531.0,22.0,True,False,True,True,False,False,1.0,both,0.0039719926341484305,0.0035033317938906114,0.002918158907016846,0.0028307176413589624,0.001998027479254523,0.002243608667414536
544,ortho,gattgggtttttagatctattttg,6.0,att,5.0,,DWVFRSIL,,False,False,9.0,3.0,5.0,520.0,470.0,532.0,742.0,531.0,22.0,True,False,True,True,False,False,1.0,both,0.0039719926341484305,0.0035033317938906114,0.002918158907016846,0.0028307176413589624,0.001998027479254523,0.002243608667414536
545,ortho,gattgggtttttagatctgttttg,2.0,gtt,1.0,,DWVFRSVL,,False,False,10.0,3.0,5.0,637.0,580.0,671.0,620.0,499.0,20.0,True,False,True,True,False,False,1.0,both,0.0033189156781294163,0.003292208220624134,0.002652871733651678,0.0034676291106647285,0.0024656509318460073,0.002829814691419462
546,ortho,gattgggtttttagatctgttttg,3.0,ttt,2.0,,DWVFRSVL,,False,False,10.0,3.0,5.0,637.0,580.0,671.0,620.0,499.0,20.0,True,False,True,True,False,False,1.0,both,0.0033189156781294163,0.003292208220624134,0.002652871733651678,0.0034676291106647285,0.0024656509318460073,0.002829814691419462
547,ortho,gattgggtttttagatctgttttg,4.0,aga,3.0,,DWVFRSVL,,False,False,10.0,3.0,5.0,637.0,580.0,671.0,620.0,499.0,20.0,True,False,True,True,False,False,1.0,both,0.0033189156781294163,0.003292208220624134,0.002652871733651678,0.0034676291106647285,0.0024656509318460073,0.002829814691419462
548,ortho,gattgggtttttagatctgttttg,5.0,tct,4.0,,DWVFRSVL,,False,False,10.0,3.0,5.0,637.0,580.0,671.0,620.0,499.0,20.0,True,False,True,True,False,False,1.0,both,0.0033189156781294163,0.003292208220624134,0.002652871733651678,0.0034676291106647285,0.0024656509318460073,0.002829814691419462
549,ortho,gattgggtttttagatctgttttg,6.0,gtt,5.0,,DWVFRSVL,,False,False,10.0,3.0,5.0,637.0,580.0,671.0,620.0,499.0,20.0,True,False,True,True,False,False,1.0,both,0.0033189156781294163,0.003292208220624134,0.002652871733651678,0.0034676291106647285,0.0024656509318460073,0.002829814691419462
550,single,gattggtagagacgttatacattg,2.0,tag,1.0,,DW*RRYTL,,True,False,2.0,1.0,1.0,5.0,2.0,5.0,5.0,4.0,1.0,True,False,True,True,False,False,2.0,both,2.6765449017172712e-05,2.6390446658309693e-05,0.00013264358668258389,2.721843885922079e-05,8.502244592572439e-06,2.108654762607647e-05
551,single,gattggtcgagacgttatacattg,2.0,tcg,1.0,,DWSRRYTL,,False,False,2.0,1.0,1.0,1273.0,1958.0,1796.0,1276.0,1032.0,47.0,True,False,True,True,False,False,1.0,both,0.0068305425891824765,0.006808735237843901,0.006234248574081443,0.006929814533557613,0.008323697456128418,0.0075742879072866675
552,single,gattggtctagacgttatacattg,2.0,tct,1.0,,DWSRRYTL,,False,False,3.0,1.0,1.0,267.0,349.0,331.0,283.0,192.0,11.0,True,False,True,True,False,False,1.0,both,0.0015149244143719755,0.0012667414395988652,0.001459079453508423,0.0014534646350823901,0.0014836416814038907,0.0013959294528462622
553,single,gattggtggagacgttatacattg,2.0,tgg,1.0,,DWWRRYTL,,False,False,2.0,1.0,1.0,1213.0,1577.0,1518.0,1137.0,926.0,45.0,True,False,True,True,False,False,1.0,both,0.006086463106505075,0.006109388401398693,0.005968961400716275,0.0066031932672469635,0.006704019861243369,0.006401875859276816
554,single,gattggttgagacgttatacattg,2.0,ttg,1.0,,DWLRRYTL,,False,False,1.0,1.0,1.0,867.0,1053.0,1145.0,799.0,662.0,28.0,True,False,True,True,False,False,1.0,both,0.004277118752944199,0.004367618921950254,0.003714020427112349,0.004719677298188885,0.004476431777989389,0.004828819406371511
555,ortho,gattggttgcaaagatgtatgttg,2.0,ttg,1.0,,DWLQRCML,,False,False,8.0,4.0,5.0,2211.0,2301.0,2730.0,2119.0,1523.0,72.0,True,False,True,True,False,False,1.0,both,0.011343197293477795,0.010048162565151415,0.00955033824114604,0.012035993663547434,0.009781832403754591,0.011513255003837751
556,ortho,gattggttgcaaagatgtatgttg,3.0,caa,2.0,,DWLQRCML,,False,False,8.0,4.0,5.0,2211.0,2301.0,2730.0,2119.0,1523.0,72.0,True,False,True,True,False,False,1.0,both,0.011343197293477795,0.010048162565151415,0.00955033824114604,0.012035993663547434,0.009781832403754591,0.011513255003837751
557,ortho,gattggttgcaaagatgtatgttg,4.0,aga,3.0,,DWLQRCML,,False,False,8.0,4.0,5.0,2211.0,2301.0,2730.0,2119.0,1523.0,72.0,True,False,True,True,False,False,1.0,both,0.011343197293477795,0.010048162565151415,0.00955033824114604,0.012035993663547434,0.009781832403754591,0.011513255003837751
558,ortho,gattggttgcaaagatgtatgttg,5.0,tgt,4.0,,DWLQRCML,,False,False,8.0,4.0,5.0,2211.0,2301.0,2730.0,2119.0,1523.0,72.0,True,False,True,True,False,False,1.0,both,0.011343197293477795,0.010048162565151415,0.00955033824114604,0.012035993663547434,0.009781832403754591,0.011513255003837751
559,ortho,gattggttgcaaagatgtatgttg,6.0,atg,5.0,,DWLQRCML,,False,False,8.0,4.0,5.0,2211.0,2301.0,2730.0,2119.0,1523.0,72.0,True,False,True,True,False,False,1.0,both,0.011343197293477795,0.010048162565151415,0.00955033824114604,0.012035993663547434,0.009781832403754591,0.011513255003837751
560,single,gattggtttagacgttatacattg,2.0,ttt,1.0,,DWFRRYTL,,False,False,2.0,1.0,1.0,260.0,349.0,345.0,203.0,197.0,6.0,True,False,True,True,False,False,2.0,both,0.0010866772300972122,0.0012997294979217523,0.0007958615200955034,0.0014153588206794812,0.0014836416814038907,0.0014549717861992763
561,single,gattgtgtgagacgttatacattg,1.0,tgt,1.0,,DCVRRYTL,,False,False,1.0,1.0,1.0,776.0,1079.0,1044.0,862.0,739.0,25.0,True,False,True,True,False,False,1.0,both,0.004614363410560576,0.004875635020122716,0.0033160896670645975,0.004224301710951067,0.004586960957692831,0.004402871144324767
562,single,gatttggtgagacgttatacattg,1.0,ttg,1.0,,DLVRRYTL,,False,False,1.0,1.0,1.0,8.0,8.0,15.0,5.0,2.0,1.0,True,False,True,True,False,False,2.0,both,2.6765449017172712e-05,1.3195223329154847e-05,0.00013264358668258389,4.3549502174753264e-05,3.4008978370289756e-05,6.325964287822941e-05
563,ortho,gcttgggttaatagatgtattgct,0.0,gct,1.0,,AWVNRCIA,,False,False,12.0,5.0,7.0,601.0,544.0,703.0,613.0,485.0,23.0,True,False,True,True,False,False,1.0,both,0.0032814440495053743,0.00319984165732005,0.0030508024936994295,0.003271656350878339,0.0023126105291797036,0.0029647685962263513
564,ortho,gcttgggttaatagatgtattgct,2.0,gtt,2.0,,AWVNRCIA,,False,False,12.0,5.0,7.0,601.0,544.0,703.0,613.0,485.0,23.0,True,False,True,True,False,False,1.0,both,0.0032814440495053743,0.00319984165732005,0.0030508024936994295,0.003271656350878339,0.0023126105291797036,0.0029647685962263513
565,ortho,gcttgggttaatagatgtattgct,3.0,aat,3.0,,AWVNRCIA,,False,False,12.0,5.0,7.0,601.0,544.0,703.0,613.0,485.0,23.0,True,False,True,True,False,False,1.0,both,0.0032814440495053743,0.00319984165732005,0.0030508024936994295,0.003271656350878339,0.0023126105291797036,0.0029647685962263513
566,ortho,gcttgggttaatagatgtattgct,4.0,aga,4.0,,AWVNRCIA,,False,False,12.0,5.0,7.0,601.0,544.0,703.0,613.0,485.0,23.0,True,False,True,True,False,False,1.0,both,0.0032814440495053743,0.00319984165732005,0.0030508024936994295,0.003271656350878339,0.0023126105291797036,0.0029647685962263513
567,ortho,gcttgggttaatagatgtattgct,5.0,tgt,5.0,,AWVNRCIA,,False,False,12.0,5.0,7.0,601.0,544.0,703.0,613.0,485.0,23.0,True,False,True,True,False,False,1.0,both,0.0032814440495053743,0.00319984165732005,0.0030508024936994295,0.003271656350878339,0.0023126105291797036,0.0029647685962263513
568,ortho,gcttgggttaatagatgtattgct,6.0,att,6.0,,AWVNRCIA,,False,False,12.0,5.0,7.0,601.0,544.0,703.0,613.0,485.0,23.0,True,False,True,True,False,False,1.0,both,0.0032814440495053743,0.00319984165732005,0.0030508024936994295,0.003271656350878339,0.0023126105291797036,0.0029647685962263513
569,ortho,gcttgggttaatagatgtattgct,7.0,gct,7.0,,AWVNRCIA,,False,False,12.0,5.0,7.0,601.0,544.0,703.0,613.0,485.0,23.0,True,False,True,True,False,False,1.0,both,0.0032814440495053743,0.00319984165732005,0.0030508024936994295,0.003271656350878339,0.0023126105291797036,0.0029647685962263513
570,ortho,ggtgttattttgaatcaacaattt,0.0,ggt,1.0,,GVILNQQF,,False,False,16.0,8.0,8.0,15.0,9.0,9.0,21.0,17.0,3.0,True,False,True,True,False,False,2.0,both,0.0001124148858721254,0.00011215939829781619,0.0003979307600477517,8.165531657766238e-05,3.8260100666575976e-05,3.795578572693764e-05
571,ortho,ggtgttattttgaatcaacaattt,1.0,gtt,2.0,,GVILNQQF,,False,False,16.0,8.0,8.0,15.0,9.0,9.0,21.0,17.0,3.0,True,False,True,True,False,False,2.0,both,0.0001124148858721254,0.00011215939829781619,0.0003979307600477517,8.165531657766238e-05,3.8260100666575976e-05,3.795578572693764e-05
572,ortho,ggtgttattttgaatcaacaattt,2.0,att,3.0,,GVILNQQF,,False,False,16.0,8.0,8.0,15.0,9.0,9.0,21.0,17.0,3.0,True,False,True,True,False,False,2.0,both,0.0001124148858721254,0.00011215939829781619,0.0003979307600477517,8.165531657766238e-05,3.8260100666575976e-05,3.795578572693764e-05
573,ortho,ggtgttattttgaatcaacaattt,3.0,ttg,4.0,,GVILNQQF,,False,False,16.0,8.0,8.0,15.0,9.0,9.0,21.0,17.0,3.0,True,False,True,True,False,False,2.0,both,0.0001124148858721254,0.00011215939829781619,0.0003979307600477517,8.165531657766238e-05,3.8260100666575976e-05,3.795578572693764e-05
574,ortho,ggtgttattttgaatcaacaattt,4.0,aat,5.0,,GVILNQQF,,False,False,16.0,8.0,8.0,15.0,9.0,9.0,21.0,17.0,3.0,True,False,True,True,False,False,2.0,both,0.0001124148858721254,0.00011215939829781619,0.0003979307600477517,8.165531657766238e-05,3.8260100666575976e-05,3.795578572693764e-05
575,ortho,ggtgttattttgaatcaacaattt,5.0,caa,6.0,,GVILNQQF,,False,False,16.0,8.0,8.0,15.0,9.0,9.0,21.0,17.0,3.0,True,False,True,True,False,False,2.0,both,0.0001124148858721254,0.00011215939829781619,0.0003979307600477517,8.165531657766238e-05,3.8260100666575976e-05,3.795578572693764e-05
576,ortho,ggtgttattttgaatcaacaattt,6.0,caa,7.0,,GVILNQQF,,False,False,16.0,8.0,8.0,15.0,9.0,9.0,21.0,17.0,3.0,True,False,True,True,False,False,2.0,both,0.0001124148858721254,0.00011215939829781619,0.0003979307600477517,8.165531657766238e-05,3.8260100666575976e-05,3.795578572693764e-05
577,ortho,ggtgttattttgaatcaacaattt,7.0,ttt,8.0,,GVILNQQF,,False,False,16.0,8.0,8.0,15.0,9.0,9.0,21.0,17.0,3.0,True,False,True,True,False,False,2.0,both,0.0001124148858721254,0.00011215939829781619,0.0003979307600477517,8.165531657766238e-05,3.8260100666575976e-05,3.795578572693764e-05
578,ortho,ggttgggttcaaagatgtgttttg,0.0,ggt,1.0,,GWVQRCVL,,False,False,10.0,4.0,6.0,468.0,429.0,480.0,595.0,394.0,20.0,True,False,True,True,False,False,1.0,both,0.003185088433043553,0.0025994589958435047,0.002652871733651678,0.002547645877223066,0.0018237314651067882,0.002024308572103341
579,ortho,ggttgggttcaaagatgtgttttg,2.0,gtt,2.0,,GWVQRCVL,,False,False,10.0,4.0,6.0,468.0,429.0,480.0,595.0,394.0,20.0,True,False,True,True,False,False,1.0,both,0.003185088433043553,0.0025994589958435047,0.002652871733651678,0.002547645877223066,0.0018237314651067882,0.002024308572103341
580,ortho,ggttgggttcaaagatgtgttttg,3.0,caa,3.0,,GWVQRCVL,,False,False,10.0,4.0,6.0,468.0,429.0,480.0,595.0,394.0,20.0,True,False,True,True,False,False,1.0,both,0.003185088433043553,0.0025994589958435047,0.002652871733651678,0.002547645877223066,0.0018237314651067882,0.002024308572103341
581,ortho,ggttgggttcaaagatgtgttttg,4.0,aga,4.0,,GWVQRCVL,,False,False,10.0,4.0,6.0,468.0,429.0,480.0,595.0,394.0,20.0,True,False,True,True,False,False,1.0,both,0.003185088433043553,0.0025994589958435047,0.002652871733651678,0.002547645877223066,0.0018237314651067882,0.002024308572103341
582,ortho,ggttgggttcaaagatgtgttttg,5.0,tgt,5.0,,GWVQRCVL,,False,False,10.0,4.0,6.0,468.0,429.0,480.0,595.0,394.0,20.0,True,False,True,True,False,False,1.0,both,0.003185088433043553,0.0025994589958435047,0.002652871733651678,0.002547645877223066,0.0018237314651067882,0.002024308572103341
583,ortho,ggttgggttcaaagatgtgttttg,6.0,gtt,6.0,,GWVQRCVL,,False,False,10.0,4.0,6.0,468.0,429.0,480.0,595.0,394.0,20.0,True,False,True,True,False,False,1.0,both,0.003185088433043553,0.0025994589958435047,0.002652871733651678,0.002547645877223066,0.0018237314651067882,0.002024308572103341
584,ortho,ggttgggttgaaagatgtgttttg,0.0,ggt,1.0,,GWVERCVL,,False,False,10.0,4.0,6.0,200.0,215.0,232.0,235.0,212.0,9.0,True,False,True,True,False,False,2.0,both,0.0012579761038071175,0.0013986936728904136,0.001193792280143255,0.0010887375543688317,0.0009139912937015372,0.0009784158098499482
585,ortho,ggttgggttgaaagatgtgttttg,2.0,gtt,2.0,,GWVERCVL,,False,False,10.0,4.0,6.0,200.0,215.0,232.0,235.0,212.0,9.0,True,False,True,True,False,False,2.0,both,0.0012579761038071175,0.0013986936728904136,0.001193792280143255,0.0010887375543688317,0.0009139912937015372,0.0009784158098499482
586,ortho,ggttgggttgaaagatgtgttttg,3.0,gaa,3.0,,GWVERCVL,,False,False,10.0,4.0,6.0,200.0,215.0,232.0,235.0,212.0,9.0,True,False,True,True,False,False,2.0,both,0.0012579761038071175,0.0013986936728904136,0.001193792280143255,0.0010887375543688317,0.0009139912937015372,0.0009784158098499482
587,ortho,ggttgggttgaaagatgtgttttg,4.0,aga,4.0,,GWVERCVL,,False,False,10.0,4.0,6.0,200.0,215.0,232.0,235.0,212.0,9.0,True,False,True,True,False,False,2.0,both,0.0012579761038071175,0.0013986936728904136,0.001193792280143255,0.0010887375543688317,0.0009139912937015372,0.0009784158098499482
588,ortho,ggttgggttgaaagatgtgttttg,5.0,tgt,5.0,,GWVERCVL,,False,False,10.0,4.0,6.0,200.0,215.0,232.0,235.0,212.0,9.0,True,False,True,True,False,False,2.0,both,0.0012579761038071175,0.0013986936728904136,0.001193792280143255,0.0010887375543688317,0.0009139912937015372,0.0009784158098499482
589,ortho,ggttgggttgaaagatgtgttttg,6.0,gtt,6.0,,GWVERCVL,,False,False,10.0,4.0,6.0,200.0,215.0,232.0,235.0,212.0,9.0,True,False,True,True,False,False,2.0,both,0.0012579761038071175,0.0013986936728904136,0.001193792280143255,0.0010887375543688317,0.0009139912937015372,0.0009784158098499482
590,single,tagtgggtgagacgttatacattg,0.0,tag,1.0,,*WVRRYTL,,True,False,2.0,1.0,1.0,4.0,11.0,4.0,514.0,375.0,22.0,True,False,True,True,False,False,1.0,both,0.0027514881589653546,0.0024741043742165336,0.002918158907016846,2.1774751087376632e-05,4.6762345259148417e-05,1.6869238100861175e-05
591,single,tattgggtgagacgttatacattg,0.0,tat,1.0,,YWVRRYTL,,False,False,1.0,1.0,1.0,2.0,12.0,2.0,40.0,30.0,3.0,True,False,True,True,False,False,2.0,both,0.0002141235921373817,0.00019792834993732268,0.0003979307600477517,1.0887375543688316e-05,5.101346755543464e-05,8.434619050430587e-06
592,single,tcttgggtgagacgttatacattg,0.0,tct,1.0,,SWVRRYTL,,False,False,2.0,1.0,1.0,1716.0,2371.0,2315.0,1717.0,1546.0,77.0,True,False,True,True,False,False,1.0,both,0.00919125519249711,0.010199907633436697,0.01021355617455896,0.009341368216484576,0.010079410964494627,0.009763071550873404
593,ortho,tcttggttgaaaagatgtgttatt,0.0,tct,1.0,,SWLKRCVI,,False,False,12.0,6.0,7.0,373.0,385.0,390.0,431.0,297.0,10.0,True,False,True,True,False,False,2.0,both,0.002307181705280288,0.0019594906643794945,0.001326435866825839,0.002030495538897871,0.0016366820840701946,0.0016447507148339645
594,ortho,tcttggttgaaaagatgtgttatt,2.0,ttg,2.0,,SWLKRCVI,,False,False,12.0,6.0,7.0,373.0,385.0,390.0,431.0,297.0,10.0,True,False,True,True,False,False,2.0,both,0.002307181705280288,0.0019594906643794945,0.001326435866825839,0.002030495538897871,0.0016366820840701946,0.0016447507148339645
595,ortho,tcttggttgaaaagatgtgttatt,3.0,aaa,3.0,,SWLKRCVI,,False,False,12.0,6.0,7.0,373.0,385.0,390.0,431.0,297.0,10.0,True,False,True,True,False,False,2.0,both,0.002307181705280288,0.0019594906643794945,0.001326435866825839,0.002030495538897871,0.0016366820840701946,0.0016447507148339645
596,ortho,tcttggttgaaaagatgtgttatt,4.0,aga,4.0,,SWLKRCVI,,False,False,12.0,6.0,7.0,373.0,385.0,390.0,431.0,297.0,10.0,True,False,True,True,False,False,2.0,both,0.002307181705280288,0.0019594906643794945,0.001326435866825839,0.002030495538897871,0.0016366820840701946,0.0016447507148339645
597,ortho,tcttggttgaaaagatgtgttatt,5.0,tgt,5.0,,SWLKRCVI,,False,False,12.0,6.0,7.0,373.0,385.0,390.0,431.0,297.0,10.0,True,False,True,True,False,False,2.0,both,0.002307181705280288,0.0019594906643794945,0.001326435866825839,0.002030495538897871,0.0016366820840701946,0.0016447507148339645
598,ortho,tcttggttgaaaagatgtgttatt,6.0,gtt,6.0,,SWLKRCVI,,False,False,12.0,6.0,7.0,373.0,385.0,390.0,431.0,297.0,10.0,True,False,True,True,False,False,2.0,both,0.002307181705280288,0.0019594906643794945,0.001326435866825839,0.002030495538897871,0.0016366820840701946,0.0016447507148339645
599,ortho,tcttggttgaaaagatgtgttatt,7.0,att,7.0,,SWLKRCVI,,False,False,12.0,6.0,7.0,373.0,385.0,390.0,431.0,297.0,10.0,True,False,True,True,False,False,2.0,both,0.002307181705280288,0.0019594906643794945,0.001326435866825839,0.002030495538897871,0.0016366820840701946,0.0016447507148339645
600,single,tggtgggtgagacgttatacattg,0.0,tgg,1.0,,WWVRRYTL,,False,False,3.0,1.0,1.0,853.0,1284.0,1177.0,747.0,635.0,24.0,True,False,True,True,False,False,1.0,both,0.003998758083165604,0.0041894834070066635,0.0031834460803820135,0.004643465669383067,0.005458441028431506,0.0049637733111784
601,ortho,ttgtggattaaaagaactattatt,0.0,ttg,1.0,,LWIKRTII,,False,False,14.0,6.0,7.0,23.0,19.0,19.0,23.0,27.0,2.0,True,False,True,True,False,False,2.0,both,0.00012312106547899448,0.00017813551494359043,0.00026528717336516777,0.00012520481875241563,8.077132362943817e-05,8.012888097909058e-05
602,ortho,ttgtggattaaaagaactattatt,2.0,att,2.0,,LWIKRTII,,False,False,14.0,6.0,7.0,23.0,19.0,19.0,23.0,27.0,2.0,True,False,True,True,False,False,2.0,both,0.00012312106547899448,0.00017813551494359043,0.00026528717336516777,0.00012520481875241563,8.077132362943817e-05,8.012888097909058e-05
603,ortho,ttgtggattaaaagaactattatt,3.0,aaa,3.0,,LWIKRTII,,False,False,14.0,6.0,7.0,23.0,19.0,19.0,23.0,27.0,2.0,True,False,True,True,False,False,2.0,both,0.00012312106547899448,0.00017813551494359043,0.00026528717336516777,0.00012520481875241563,8.077132362943817e-05,8.012888097909058e-05
604,ortho,ttgtggattaaaagaactattatt,4.0,aga,4.0,,LWIKRTII,,False,False,14.0,6.0,7.0,23.0,19.0,19.0,23.0,27.0,2.0,True,False,True,True,False,False,2.0,both,0.00012312106547899448,0.00017813551494359043,0.00026528717336516777,0.00012520481875241563,8.077132362943817e-05,8.012888097909058e-05
605,ortho,ttgtggattaaaagaactattatt,5.0,act,5.0,,LWIKRTII,,False,False,14.0,6.0,7.0,23.0,19.0,19.0,23.0,27.0,2.0,True,False,True,True,False,False,2.0,both,0.00012312106547899448,0.00017813551494359043,0.00026528717336516777,0.00012520481875241563,8.077132362943817e-05,8.012888097909058e-05
606,ortho,ttgtggattaaaagaactattatt,6.0,att,6.0,,LWIKRTII,,False,False,14.0,6.0,7.0,23.0,19.0,19.0,23.0,27.0,2.0,True,False,True,True,False,False,2.0,both,0.00012312106547899448,0.00017813551494359043,0.00026528717336516777,0.00012520481875241563,8.077132362943817e-05,8.012888097909058e-05
607,ortho,ttgtggattaaaagaactattatt,7.0,att,7.0,,LWIKRTII,,False,False,14.0,6.0,7.0,23.0,19.0,19.0,23.0,27.0,2.0,True,False,True,True,False,False,2.0,both,0.00012312106547899448,0.00017813551494359043,0.00026528717336516777,0.00012520481875241563,8.077132362943817e-05,8.012888097909058e-05
608,single,ttgtgggtgagacgttatacattg,0.0,ttg,1.0,,LWVRRYTL,,False,False,3.0,1.0,1.0,2356.0,3445.0,3346.0,2282.0,1899.0,102.0,True,False,True,True,False,False,1.0,both,0.012215750931437626,0.012528864551032526,0.013529645841623557,0.012825328390464836,0.014645116310706027,0.014111117671370372
