,rep_compared,Pearson,replicate1,replicate2
0,"('1', '2')",0.8135696052475131,1,2
1,"('1', '3')",0.5647989712397615,1,3
2,"('2', '3')",0.69693285763819,2,3
