,seq_type,nt_seq,aa_pos,alt_codons,mutated_codon,combination,aa_seq,WT,STOP,STOP_readthrough,Nham_nt,Nham_aa,Nmut_codons,b1,b2,b3,input1,input2,input3,barcode_valid,indel,constant_region,permitted,too_many_substitutions,mixed_substitutions,confidence_score,Location,input1_abundance,input2_abundance,input3_abundance,b1_abundance,b2_abundance,b3_abundance,input1_log10,input2_log10,input3_log10,b1_log10,b2_log10,b3_log10,alt_aa,mutation_type,Log2FC_1,Log2FC_2,Log2FC_3,selcoeff_1,selcoeff_2,selcoeff_3,median_s
0,ortho,aaatggattaaaagatgtattatt,0.0,aaa,1.0,,KWIKRCII,,False,False,12.0,6.0,7.0,320.0,277.0,288.0,462.0,350.0,14.0,True,False,True,True,False,False,1.0,both,0.0024731274891867587,0.002309164082602098,0.0018570102135561746,0.0017419800869901306,0.0011775608760712828,0.0012145851432620045,-2.6067534952751013,-2.636545206261327,-2.7311857076340003,-2.7589568138287768,-2.9290166320050592,-2.915572035446941,K,non-synonymous,-0.0776008473351786,-0.148339382860818,-0.09367954533422655,-0.08978205201261906,-0.15699586417113853,-0.0150811726998525,-0.08978205201261906
1,ortho,aaatggattaaaagatgtattatt,2.0,att,2.0,,KWIKRCII,,False,False,12.0,6.0,7.0,320.0,277.0,288.0,462.0,350.0,14.0,True,False,True,True,False,False,1.0,both,0.0024731274891867587,0.002309164082602098,0.0018570102135561746,0.0017419800869901306,0.0011775608760712828,0.0012145851432620045,-2.6067534952751013,-2.636545206261327,-2.7311857076340003,-2.7589568138287768,-2.9290166320050592,-2.915572035446941,I,non-synonymous,-0.0776008473351786,-0.148339382860818,-0.09367954533422655,-0.08978205201261906,-0.15699586417113853,-0.0150811726998525,-0.08978205201261906
2,ortho,aaatggattaaaagatgtattatt,3.0,aaa,3.0,,KWIKRCII,,False,False,12.0,6.0,7.0,320.0,277.0,288.0,462.0,350.0,14.0,True,False,True,True,False,False,1.0,both,0.0024731274891867587,0.002309164082602098,0.0018570102135561746,0.0017419800869901306,0.0011775608760712828,0.0012145851432620045,-2.6067534952751013,-2.636545206261327,-2.7311857076340003,-2.7589568138287768,-2.9290166320050592,-2.915572035446941,K,non-synonymous,-0.0776008473351786,-0.148339382860818,-0.09367954533422655,-0.08978205201261906,-0.15699586417113853,-0.0150811726998525,-0.08978205201261906
3,ortho,aaatggattaaaagatgtattatt,4.0,aga,4.0,,KWIKRCII,,False,False,12.0,6.0,7.0,320.0,277.0,288.0,462.0,350.0,14.0,True,False,True,True,False,False,1.0,both,0.0024731274891867587,0.002309164082602098,0.0018570102135561746,0.0017419800869901306,0.0011775608760712828,0.0012145851432620045,-2.6067534952751013,-2.636545206261327,-2.7311857076340003,-2.7589568138287768,-2.9290166320050592,-2.915572035446941,R,synonymous,-0.0776008473351786,-0.148339382860818,-0.09367954533422655,-0.08978205201261906,-0.15699586417113853,-0.0150811726998525,-0.08978205201261906
4,ortho,aaatggattaaaagatgtattatt,5.0,tgt,5.0,,KWIKRCII,,False,False,12.0,6.0,7.0,320.0,277.0,288.0,462.0,350.0,14.0,True,False,True,True,False,False,1.0,both,0.0024731274891867587,0.002309164082602098,0.0018570102135561746,0.0017419800869901306,0.0011775608760712828,0.0012145851432620045,-2.6067534952751013,-2.636545206261327,-2.7311857076340003,-2.7589568138287768,-2.9290166320050592,-2.915572035446941,C,non-synonymous,-0.0776008473351786,-0.148339382860818,-0.09367954533422655,-0.08978205201261906,-0.15699586417113853,-0.0150811726998525,-0.08978205201261906
5,ortho,aaatggattaaaagatgtattatt,6.0,att,6.0,,KWIKRCII,,False,False,12.0,6.0,7.0,320.0,277.0,288.0,462.0,350.0,14.0,True,False,True,True,False,False,1.0,both,0.0024731274891867587,0.002309164082602098,0.0018570102135561746,0.0017419800869901306,0.0011775608760712828,0.0012145851432620045,-2.6067534952751013,-2.636545206261327,-2.7311857076340003,-2.7589568138287768,-2.9290166320050592,-2.915572035446941,I,non-synonymous,-0.0776008473351786,-0.148339382860818,-0.09367954533422655,-0.08978205201261906,-0.15699586417113853,-0.0150811726998525,-0.08978205201261906
6,ortho,aaatggattaaaagatgtattatt,7.0,att,7.0,,KWIKRCII,,False,False,12.0,6.0,7.0,320.0,277.0,288.0,462.0,350.0,14.0,True,False,True,True,False,False,1.0,both,0.0024731274891867587,0.002309164082602098,0.0018570102135561746,0.0017419800869901306,0.0011775608760712828,0.0012145851432620045,-2.6067534952751013,-2.636545206261327,-2.7311857076340003,-2.7589568138287768,-2.9290166320050592,-2.915572035446941,I,non-synonymous,-0.0776008473351786,-0.148339382860818,-0.09367954533422655,-0.08978205201261906,-0.15699586417113853,-0.0150811726998525,-0.08978205201261906
7,ortho,aatcaacaatttattattcaattg,0.0,aat,1.0,,NQQFIIQL,,False,False,16.0,7.0,7.0,25.0,20.0,38.0,203.0,165.0,8.0,True,False,True,True,False,False,2.0,both,0.0010866772300972122,0.0010886059246552747,0.001061148693460671,0.00013609219429610396,8.502244592572439e-05,0.00016025776195818117,-2.963899432918014,-2.9631293063976964,-2.9742237563202947,-3.866166783476645,-4.070466405405527,-3.795180926589362,N,non-synonymous,-0.4600209219585744,-0.5616333338137403,-0.4170965134014772,-0.47220212663601485,-0.5702898151240609,-0.33849814076710316,-0.47220212663601485
8,ortho,aatcaacaatttattattcaattg,1.0,caa,2.0,,NQQFIIQL,,False,False,16.0,7.0,7.0,25.0,20.0,38.0,203.0,165.0,8.0,True,False,True,True,False,False,2.0,both,0.0010866772300972122,0.0010886059246552747,0.001061148693460671,0.00013609219429610396,8.502244592572439e-05,0.00016025776195818117,-2.963899432918014,-2.9631293063976964,-2.9742237563202947,-3.866166783476645,-4.070466405405527,-3.795180926589362,Q,non-synonymous,-0.4600209219585744,-0.5616333338137403,-0.4170965134014772,-0.47220212663601485,-0.5702898151240609,-0.33849814076710316,-0.47220212663601485
9,ortho,aatcaacaatttattattcaattg,2.0,caa,3.0,,NQQFIIQL,,False,False,16.0,7.0,7.0,25.0,20.0,38.0,203.0,165.0,8.0,True,False,True,True,False,False,2.0,both,0.0010866772300972122,0.0010886059246552747,0.001061148693460671,0.00013609219429610396,8.502244592572439e-05,0.00016025776195818117,-2.963899432918014,-2.9631293063976964,-2.9742237563202947,-3.866166783476645,-4.070466405405527,-3.795180926589362,Q,non-synonymous,-0.4600209219585744,-0.5616333338137403,-0.4170965134014772,-0.47220212663601485,-0.5702898151240609,-0.33849814076710316,-0.47220212663601485
10,ortho,aatcaacaatttattattcaattg,3.0,ttt,4.0,,NQQFIIQL,,False,False,16.0,7.0,7.0,25.0,20.0,38.0,203.0,165.0,8.0,True,False,True,True,False,False,2.0,both,0.0010866772300972122,0.0010886059246552747,0.001061148693460671,0.00013609219429610396,8.502244592572439e-05,0.00016025776195818117,-2.963899432918014,-2.9631293063976964,-2.9742237563202947,-3.866166783476645,-4.070466405405527,-3.795180926589362,F,non-synonymous,-0.4600209219585744,-0.5616333338137403,-0.4170965134014772,-0.47220212663601485,-0.5702898151240609,-0.33849814076710316,-0.47220212663601485
11,ortho,aatcaacaatttattattcaattg,4.0,att,5.0,,NQQFIIQL,,False,False,16.0,7.0,7.0,25.0,20.0,38.0,203.0,165.0,8.0,True,False,True,True,False,False,2.0,both,0.0010866772300972122,0.0010886059246552747,0.001061148693460671,0.00013609219429610396,8.502244592572439e-05,0.00016025776195818117,-2.963899432918014,-2.9631293063976964,-2.9742237563202947,-3.866166783476645,-4.070466405405527,-3.795180926589362,I,non-synonymous,-0.4600209219585744,-0.5616333338137403,-0.4170965134014772,-0.47220212663601485,-0.5702898151240609,-0.33849814076710316,-0.47220212663601485
12,ortho,aatcaacaatttattattcaattg,5.0,att,6.0,,NQQFIIQL,,False,False,16.0,7.0,7.0,25.0,20.0,38.0,203.0,165.0,8.0,True,False,True,True,False,False,2.0,both,0.0010866772300972122,0.0010886059246552747,0.001061148693460671,0.00013609219429610396,8.502244592572439e-05,0.00016025776195818117,-2.963899432918014,-2.9631293063976964,-2.9742237563202947,-3.866166783476645,-4.070466405405527,-3.795180926589362,I,non-synonymous,-0.4600209219585744,-0.5616333338137403,-0.4170965134014772,-0.47220212663601485,-0.5702898151240609,-0.33849814076710316,-0.47220212663601485
13,ortho,aatcaacaatttattattcaattg,6.0,caa,7.0,,NQQFIIQL,,False,False,16.0,7.0,7.0,25.0,20.0,38.0,203.0,165.0,8.0,True,False,True,True,False,False,2.0,both,0.0010866772300972122,0.0010886059246552747,0.001061148693460671,0.00013609219429610396,8.502244592572439e-05,0.00016025776195818117,-2.963899432918014,-2.9631293063976964,-2.9742237563202947,-3.866166783476645,-4.070466405405527,-3.795180926589362,Q,non-synonymous,-0.4600209219585744,-0.5616333338137403,-0.4170965134014772,-0.47220212663601485,-0.5702898151240609,-0.33849814076710316,-0.47220212663601485
14,single,aattgggtgagacgttatacattg,0.0,aat,1.0,,NWVRRYTL,,False,False,1.0,1.0,1.0,2159.0,3213.0,3060.0,1957.0,1617.0,97.0,True,False,True,True,False,False,1.0,both,0.0104759967453214,0.010668338061621693,0.012866427908210638,0.011752921899411538,0.013658855937967623,0.012904967147158799,-1.9798046451732254,-1.9719032307052016,-1.8905420090459935,-1.929854149814452,-1.8645856755179897,-1.889243096724592,N,non-synonymous,0.025467255257550555,0.054430684522841666,0.0006599269975232455,0.01328605058011009,0.04577420321252112,0.0792582996318973,0.04577420321252112
15,ortho,aattgggttaatagatgtattgtt,0.0,aat,1.0,,NWVNRCIV,,False,False,11.0,5.0,7.0,828.0,884.0,948.0,903.0,624.0,39.0,True,False,True,True,False,False,1.0,both,0.004833840092501392,0.004116909678696312,0.005173099880620772,0.004507373475086963,0.003757992109917018,0.003998009429904099,-2.315707720517721,-2.3854286609291786,-2.2862491362857393,-2.3460764553638027,-2.4250441360564348,-2.3981561858681055,N,non-synonymous,-0.015483496542305776,-0.0200926812497038,-0.056855633760471695,-0.027664701219746242,-0.028749162560024348,0.021742738873902358,-0.027664701219746242
16,ortho,aattgggttaatagatgtattgtt,2.0,gtt,2.0,,NWVNRCIV,,False,False,11.0,5.0,7.0,828.0,884.0,948.0,903.0,624.0,39.0,True,False,True,True,False,False,1.0,both,0.004833840092501392,0.004116909678696312,0.005173099880620772,0.004507373475086963,0.003757992109917018,0.003998009429904099,-2.315707720517721,-2.3854286609291786,-2.2862491362857393,-2.3460764553638027,-2.4250441360564348,-2.3981561858681055,V,synonymous,-0.015483496542305776,-0.0200926812497038,-0.056855633760471695,-0.027664701219746242,-0.028749162560024348,0.021742738873902358,-0.027664701219746242
17,ortho,aattgggttaatagatgtattgtt,3.0,aat,3.0,,NWVNRCIV,,False,False,11.0,5.0,7.0,828.0,884.0,948.0,903.0,624.0,39.0,True,False,True,True,False,False,1.0,both,0.004833840092501392,0.004116909678696312,0.005173099880620772,0.004507373475086963,0.003757992109917018,0.003998009429904099,-2.315707720517721,-2.3854286609291786,-2.2862491362857393,-2.3460764553638027,-2.4250441360564348,-2.3981561858681055,N,non-synonymous,-0.015483496542305776,-0.0200926812497038,-0.056855633760471695,-0.027664701219746242,-0.028749162560024348,0.021742738873902358,-0.027664701219746242
18,ortho,aattgggttaatagatgtattgtt,4.0,aga,4.0,,NWVNRCIV,,False,False,11.0,5.0,7.0,828.0,884.0,948.0,903.0,624.0,39.0,True,False,True,True,False,False,1.0,both,0.004833840092501392,0.004116909678696312,0.005173099880620772,0.004507373475086963,0.003757992109917018,0.003998009429904099,-2.315707720517721,-2.3854286609291786,-2.2862491362857393,-2.3460764553638027,-2.4250441360564348,-2.3981561858681055,R,synonymous,-0.015483496542305776,-0.0200926812497038,-0.056855633760471695,-0.027664701219746242,-0.028749162560024348,0.021742738873902358,-0.027664701219746242
19,ortho,aattgggttaatagatgtattgtt,5.0,tgt,5.0,,NWVNRCIV,,False,False,11.0,5.0,7.0,828.0,884.0,948.0,903.0,624.0,39.0,True,False,True,True,False,False,1.0,both,0.004833840092501392,0.004116909678696312,0.005173099880620772,0.004507373475086963,0.003757992109917018,0.003998009429904099,-2.315707720517721,-2.3854286609291786,-2.2862491362857393,-2.3460764553638027,-2.4250441360564348,-2.3981561858681055,C,non-synonymous,-0.015483496542305776,-0.0200926812497038,-0.056855633760471695,-0.027664701219746242,-0.028749162560024348,0.021742738873902358,-0.027664701219746242
20,ortho,aattgggttaatagatgtattgtt,6.0,att,6.0,,NWVNRCIV,,False,False,11.0,5.0,7.0,828.0,884.0,948.0,903.0,624.0,39.0,True,False,True,True,False,False,1.0,both,0.004833840092501392,0.004116909678696312,0.005173099880620772,0.004507373475086963,0.003757992109917018,0.003998009429904099,-2.315707720517721,-2.3854286609291786,-2.2862491362857393,-2.3460764553638027,-2.4250441360564348,-2.3981561858681055,I,non-synonymous,-0.015483496542305776,-0.0200926812497038,-0.056855633760471695,-0.027664701219746242,-0.028749162560024348,0.021742738873902358,-0.027664701219746242
21,ortho,aattgggttaatagatgtattgtt,7.0,gtt,7.0,,NWVNRCIV,,False,False,11.0,5.0,7.0,828.0,884.0,948.0,903.0,624.0,39.0,True,False,True,True,False,False,1.0,both,0.004833840092501392,0.004116909678696312,0.005173099880620772,0.004507373475086963,0.003757992109917018,0.003998009429904099,-2.315707720517721,-2.3854286609291786,-2.2862491362857393,-2.3460764553638027,-2.4250441360564348,-2.3981561858681055,V,non-synonymous,-0.015483496542305776,-0.0200926812497038,-0.056855633760471695,-0.027664701219746242,-0.028749162560024348,0.021742738873902358,-0.027664701219746242
22,ortho,aattgggttaatagatgtgttatt,0.0,aat,1.0,,NWVNRCVI,,False,False,12.0,5.0,7.0,221.0,280.0,254.0,231.0,163.0,8.0,True,False,True,True,False,False,2.0,both,0.0012365637445933793,0.00107541070132612,0.001061148693460671,0.001203054997577559,0.0011903142429601414,0.0010711966194046846,-2.9077834909390825,-2.968425646207645,-2.9742237563202947,-2.919714518463572,-2.9243383697272884,-2.970130806586234,N,non-synonymous,-0.006083033236579682,0.02236074641644022,0.0020794690946481444,-0.018264237914020147,0.01370426510611967,0.0806778417290222,0.01370426510611967
23,ortho,aattgggttaatagatgtgttatt,2.0,gtt,2.0,,NWVNRCVI,,False,False,12.0,5.0,7.0,221.0,280.0,254.0,231.0,163.0,8.0,True,False,True,True,False,False,2.0,both,0.0012365637445933793,0.00107541070132612,0.001061148693460671,0.001203054997577559,0.0011903142429601414,0.0010711966194046846,-2.9077834909390825,-2.968425646207645,-2.9742237563202947,-2.919714518463572,-2.9243383697272884,-2.970130806586234,V,synonymous,-0.006083033236579682,0.02236074641644022,0.0020794690946481444,-0.018264237914020147,0.01370426510611967,0.0806778417290222,0.01370426510611967
24,ortho,aattgggttaatagatgtgttatt,3.0,aat,3.0,,NWVNRCVI,,False,False,12.0,5.0,7.0,221.0,280.0,254.0,231.0,163.0,8.0,True,False,True,True,False,False,2.0,both,0.0012365637445933793,0.00107541070132612,0.001061148693460671,0.001203054997577559,0.0011903142429601414,0.0010711966194046846,-2.9077834909390825,-2.968425646207645,-2.9742237563202947,-2.919714518463572,-2.9243383697272884,-2.970130806586234,N,non-synonymous,-0.006083033236579682,0.02236074641644022,0.0020794690946481444,-0.018264237914020147,0.01370426510611967,0.0806778417290222,0.01370426510611967
25,ortho,aattgggttaatagatgtgttatt,4.0,aga,4.0,,NWVNRCVI,,False,False,12.0,5.0,7.0,221.0,280.0,254.0,231.0,163.0,8.0,True,False,True,True,False,False,2.0,both,0.0012365637445933793,0.00107541070132612,0.001061148693460671,0.001203054997577559,0.0011903142429601414,0.0010711966194046846,-2.9077834909390825,-2.968425646207645,-2.9742237563202947,-2.919714518463572,-2.9243383697272884,-2.970130806586234,R,synonymous,-0.006083033236579682,0.02236074641644022,0.0020794690946481444,-0.018264237914020147,0.01370426510611967,0.0806778417290222,0.01370426510611967
26,ortho,aattgggttaatagatgtgttatt,5.0,tgt,5.0,,NWVNRCVI,,False,False,12.0,5.0,7.0,221.0,280.0,254.0,231.0,163.0,8.0,True,False,True,True,False,False,2.0,both,0.0012365637445933793,0.00107541070132612,0.001061148693460671,0.001203054997577559,0.0011903142429601414,0.0010711966194046846,-2.9077834909390825,-2.968425646207645,-2.9742237563202947,-2.919714518463572,-2.9243383697272884,-2.970130806586234,C,non-synonymous,-0.006083033236579682,0.02236074641644022,0.0020794690946481444,-0.018264237914020147,0.01370426510611967,0.0806778417290222,0.01370426510611967
27,ortho,aattgggttaatagatgtgttatt,6.0,gtt,6.0,,NWVNRCVI,,False,False,12.0,5.0,7.0,221.0,280.0,254.0,231.0,163.0,8.0,True,False,True,True,False,False,2.0,both,0.0012365637445933793,0.00107541070132612,0.001061148693460671,0.001203054997577559,0.0011903142429601414,0.0010711966194046846,-2.9077834909390825,-2.968425646207645,-2.9742237563202947,-2.919714518463572,-2.9243383697272884,-2.970130806586234,V,non-synonymous,-0.006083033236579682,0.02236074641644022,0.0020794690946481444,-0.018264237914020147,0.01370426510611967,0.0806778417290222,0.01370426510611967
28,ortho,aattgggttaatagatgtgttatt,7.0,att,7.0,,NWVNRCVI,,False,False,12.0,5.0,7.0,221.0,280.0,254.0,231.0,163.0,8.0,True,False,True,True,False,False,2.0,both,0.0012365637445933793,0.00107541070132612,0.001061148693460671,0.001203054997577559,0.0011903142429601414,0.0010711966194046846,-2.9077834909390825,-2.968425646207645,-2.9742237563202947,-2.919714518463572,-2.9243383697272884,-2.970130806586234,I,non-synonymous,-0.006083033236579682,0.02236074641644022,0.0020794690946481444,-0.018264237914020147,0.01370426510611967,0.0806778417290222,0.01370426510611967
29,ortho,aattgggttcaaagatgtgttgtt,0.0,aat,1.0,,NWVQRCVV,,False,False,12.0,5.0,7.0,899.0,947.0,1049.0,944.0,711.0,48.0,True,False,True,True,False,False,1.0,both,0.005053316774442208,0.004690901893514548,0.006366892160764027,0.0048938753068878986,0.00402581281458305,0.004423957691950843,-2.2964234765331577,-2.3287436498818366,-2.1960725059366513,-2.310347100415454,-2.3951464220662344,-2.354189035012614,N,non-synonymous,-0.007098958298083832,-0.03367900375577862,-0.08033287895775669,-0.019280162975524297,-0.04233548506609917,-0.0017345063233826369,-0.019280162975524297
30,ortho,aattgggttcaaagatgtgttgtt,2.0,gtt,2.0,,NWVQRCVV,,False,False,12.0,5.0,7.0,899.0,947.0,1049.0,944.0,711.0,48.0,True,False,True,True,False,False,1.0,both,0.005053316774442208,0.004690901893514548,0.006366892160764027,0.0048938753068878986,0.00402581281458305,0.004423957691950843,-2.2964234765331577,-2.3287436498818366,-2.1960725059366513,-2.310347100415454,-2.3951464220662344,-2.354189035012614,V,synonymous,-0.007098958298083832,-0.03367900375577862,-0.08033287895775669,-0.019280162975524297,-0.04233548506609917,-0.0017345063233826369,-0.019280162975524297
31,ortho,aattgggttcaaagatgtgttgtt,3.0,caa,3.0,,NWVQRCVV,,False,False,12.0,5.0,7.0,899.0,947.0,1049.0,944.0,711.0,48.0,True,False,True,True,False,False,1.0,both,0.005053316774442208,0.004690901893514548,0.006366892160764027,0.0048938753068878986,0.00402581281458305,0.004423957691950843,-2.2964234765331577,-2.3287436498818366,-2.1960725059366513,-2.310347100415454,-2.3951464220662344,-2.354189035012614,Q,non-synonymous,-0.007098958298083832,-0.03367900375577862,-0.08033287895775669,-0.019280162975524297,-0.04233548506609917,-0.0017345063233826369,-0.019280162975524297
32,ortho,aattgggttcaaagatgtgttgtt,4.0,aga,4.0,,NWVQRCVV,,False,False,12.0,5.0,7.0,899.0,947.0,1049.0,944.0,711.0,48.0,True,False,True,True,False,False,1.0,both,0.005053316774442208,0.004690901893514548,0.006366892160764027,0.0048938753068878986,0.00402581281458305,0.004423957691950843,-2.2964234765331577,-2.3287436498818366,-2.1960725059366513,-2.310347100415454,-2.3951464220662344,-2.354189035012614,R,synonymous,-0.007098958298083832,-0.03367900375577862,-0.08033287895775669,-0.019280162975524297,-0.04233548506609917,-0.0017345063233826369,-0.019280162975524297
33,ortho,aattgggttcaaagatgtgttgtt,5.0,tgt,5.0,,NWVQRCVV,,False,False,12.0,5.0,7.0,899.0,947.0,1049.0,944.0,711.0,48.0,True,False,True,True,False,False,1.0,both,0.005053316774442208,0.004690901893514548,0.006366892160764027,0.0048938753068878986,0.00402581281458305,0.004423957691950843,-2.2964234765331577,-2.3287436498818366,-2.1960725059366513,-2.310347100415454,-2.3951464220662344,-2.354189035012614,C,non-synonymous,-0.007098958298083832,-0.03367900375577862,-0.08033287895775669,-0.019280162975524297,-0.04233548506609917,-0.0017345063233826369,-0.019280162975524297
34,ortho,aattgggttcaaagatgtgttgtt,6.0,gtt,6.0,,NWVQRCVV,,False,False,12.0,5.0,7.0,899.0,947.0,1049.0,944.0,711.0,48.0,True,False,True,True,False,False,1.0,both,0.005053316774442208,0.004690901893514548,0.006366892160764027,0.0048938753068878986,0.00402581281458305,0.004423957691950843,-2.2964234765331577,-2.3287436498818366,-2.1960725059366513,-2.310347100415454,-2.3951464220662344,-2.354189035012614,V,non-synonymous,-0.007098958298083832,-0.03367900375577862,-0.08033287895775669,-0.019280162975524297,-0.04233548506609917,-0.0017345063233826369,-0.019280162975524297
35,ortho,aattgggttcaaagatgtgttgtt,7.0,gtt,7.0,,NWVQRCVV,,False,False,12.0,5.0,7.0,899.0,947.0,1049.0,944.0,711.0,48.0,True,False,True,True,False,False,1.0,both,0.005053316774442208,0.004690901893514548,0.006366892160764027,0.0048938753068878986,0.00402581281458305,0.004423957691950843,-2.2964234765331577,-2.3287436498818366,-2.1960725059366513,-2.310347100415454,-2.3951464220662344,-2.354189035012614,V,non-synonymous,-0.007098958298083832,-0.03367900375577862,-0.08033287895775669,-0.019280162975524297,-0.04233548506609917,-0.0017345063233826369,-0.019280162975524297
36,ortho,aattgggttgatagatgtgttatt,0.0,aat,1.0,,NWVDRCVI,,False,False,13.0,5.0,7.0,1187.0,1328.0,1475.0,1318.0,958.0,39.0,True,False,True,True,False,False,1.0,both,0.007055372360926727,0.0063205119746651715,0.005173099880620772,0.006461657385179015,0.0056454904094681,0.0062205315496925585,-2.1514800605732356,-2.1992477415330582,-2.2862491362857393,-2.1896560731940915,-2.248298326037509,-2.2061725028919903,N,non-synonymous,-0.019464036365357873,-0.024878100196796964,0.040683833216919665,-0.03164524104279834,-0.033534581507117515,0.11928220585129372,-0.03164524104279834
37,ortho,aattgggttgatagatgtgttatt,2.0,gtt,2.0,,NWVDRCVI,,False,False,13.0,5.0,7.0,1187.0,1328.0,1475.0,1318.0,958.0,39.0,True,False,True,True,False,False,1.0,both,0.007055372360926727,0.0063205119746651715,0.005173099880620772,0.006461657385179015,0.0056454904094681,0.0062205315496925585,-2.1514800605732356,-2.1992477415330582,-2.2862491362857393,-2.1896560731940915,-2.248298326037509,-2.2061725028919903,V,synonymous,-0.019464036365357873,-0.024878100196796964,0.040683833216919665,-0.03164524104279834,-0.033534581507117515,0.11928220585129372,-0.03164524104279834
38,ortho,aattgggttgatagatgtgttatt,3.0,gat,3.0,,NWVDRCVI,,False,False,13.0,5.0,7.0,1187.0,1328.0,1475.0,1318.0,958.0,39.0,True,False,True,True,False,False,1.0,both,0.007055372360926727,0.0063205119746651715,0.005173099880620772,0.006461657385179015,0.0056454904094681,0.0062205315496925585,-2.1514800605732356,-2.1992477415330582,-2.2862491362857393,-2.1896560731940915,-2.248298326037509,-2.2061725028919903,D,non-synonymous,-0.019464036365357873,-0.024878100196796964,0.040683833216919665,-0.03164524104279834,-0.033534581507117515,0.11928220585129372,-0.03164524104279834
39,ortho,aattgggttgatagatgtgttatt,4.0,aga,4.0,,NWVDRCVI,,False,False,13.0,5.0,7.0,1187.0,1328.0,1475.0,1318.0,958.0,39.0,True,False,True,True,False,False,1.0,both,0.007055372360926727,0.0063205119746651715,0.005173099880620772,0.006461657385179015,0.0056454904094681,0.0062205315496925585,-2.1514800605732356,-2.1992477415330582,-2.2862491362857393,-2.1896560731940915,-2.248298326037509,-2.2061725028919903,R,synonymous,-0.019464036365357873,-0.024878100196796964,0.040683833216919665,-0.03164524104279834,-0.033534581507117515,0.11928220585129372,-0.03164524104279834
40,ortho,aattgggttgatagatgtgttatt,5.0,tgt,5.0,,NWVDRCVI,,False,False,13.0,5.0,7.0,1187.0,1328.0,1475.0,1318.0,958.0,39.0,True,False,True,True,False,False,1.0,both,0.007055372360926727,0.0063205119746651715,0.005173099880620772,0.006461657385179015,0.0056454904094681,0.0062205315496925585,-2.1514800605732356,-2.1992477415330582,-2.2862491362857393,-2.1896560731940915,-2.248298326037509,-2.2061725028919903,C,non-synonymous,-0.019464036365357873,-0.024878100196796964,0.040683833216919665,-0.03164524104279834,-0.033534581507117515,0.11928220585129372,-0.03164524104279834
41,ortho,aattgggttgatagatgtgttatt,6.0,gtt,6.0,,NWVDRCVI,,False,False,13.0,5.0,7.0,1187.0,1328.0,1475.0,1318.0,958.0,39.0,True,False,True,True,False,False,1.0,both,0.007055372360926727,0.0063205119746651715,0.005173099880620772,0.006461657385179015,0.0056454904094681,0.0062205315496925585,-2.1514800605732356,-2.1992477415330582,-2.2862491362857393,-2.1896560731940915,-2.248298326037509,-2.2061725028919903,V,non-synonymous,-0.019464036365357873,-0.024878100196796964,0.040683833216919665,-0.03164524104279834,-0.033534581507117515,0.11928220585129372,-0.03164524104279834
42,ortho,aattgggttgatagatgtgttatt,7.0,att,7.0,,NWVDRCVI,,False,False,13.0,5.0,7.0,1187.0,1328.0,1475.0,1318.0,958.0,39.0,True,False,True,True,False,False,1.0,both,0.007055372360926727,0.0063205119746651715,0.005173099880620772,0.006461657385179015,0.0056454904094681,0.0062205315496925585,-2.1514800605732356,-2.1992477415330582,-2.2862491362857393,-2.1896560731940915,-2.248298326037509,-2.2061725028919903,I,non-synonymous,-0.019464036365357873,-0.024878100196796964,0.040683833216919665,-0.03164524104279834,-0.033534581507117515,0.11928220585129372,-0.03164524104279834
43,ortho,aattgggtttatagatgtattttg,0.0,aat,1.0,,NWVYRCIL,,False,False,10.0,4.0,6.0,1741.0,1840.0,2067.0,2092.0,1491.0,78.0,True,False,True,True,False,False,1.0,both,0.011198663868785062,0.009837038991884938,0.010346199761241544,0.009477460410780679,0.007822065025166644,0.008717178788620012,-1.95083379063599,-2.007135607158608,-1.985219140621758,-2.0233080210313514,-2.106678578059971,-2.0596240465788838,N,non-synonymous,-0.036950979401028254,-0.050487471841365074,-0.03780224837370089,-0.04913218407846872,-0.05914395315168562,0.04079612426067316,-0.04913218407846872
44,ortho,aattgggtttatagatgtattttg,2.0,gtt,2.0,,NWVYRCIL,,False,False,10.0,4.0,6.0,1741.0,1840.0,2067.0,2092.0,1491.0,78.0,True,False,True,True,False,False,1.0,both,0.011198663868785062,0.009837038991884938,0.010346199761241544,0.009477460410780679,0.007822065025166644,0.008717178788620012,-1.95083379063599,-2.007135607158608,-1.985219140621758,-2.0233080210313514,-2.106678578059971,-2.0596240465788838,V,synonymous,-0.036950979401028254,-0.050487471841365074,-0.03780224837370089,-0.04913218407846872,-0.05914395315168562,0.04079612426067316,-0.04913218407846872
45,ortho,aattgggtttatagatgtattttg,3.0,tat,3.0,,NWVYRCIL,,False,False,10.0,4.0,6.0,1741.0,1840.0,2067.0,2092.0,1491.0,78.0,True,False,True,True,False,False,1.0,both,0.011198663868785062,0.009837038991884938,0.010346199761241544,0.009477460410780679,0.007822065025166644,0.008717178788620012,-1.95083379063599,-2.007135607158608,-1.985219140621758,-2.0233080210313514,-2.106678578059971,-2.0596240465788838,Y,non-synonymous,-0.036950979401028254,-0.050487471841365074,-0.03780224837370089,-0.04913218407846872,-0.05914395315168562,0.04079612426067316,-0.04913218407846872
46,ortho,aattgggtttatagatgtattttg,4.0,aga,4.0,,NWVYRCIL,,False,False,10.0,4.0,6.0,1741.0,1840.0,2067.0,2092.0,1491.0,78.0,True,False,True,True,False,False,1.0,both,0.011198663868785062,0.009837038991884938,0.010346199761241544,0.009477460410780679,0.007822065025166644,0.008717178788620012,-1.95083379063599,-2.007135607158608,-1.985219140621758,-2.0233080210313514,-2.106678578059971,-2.0596240465788838,R,synonymous,-0.036950979401028254,-0.050487471841365074,-0.03780224837370089,-0.04913218407846872,-0.05914395315168562,0.04079612426067316,-0.04913218407846872
47,ortho,aattgggtttatagatgtattttg,5.0,tgt,5.0,,NWVYRCIL,,False,False,10.0,4.0,6.0,1741.0,1840.0,2067.0,2092.0,1491.0,78.0,True,False,True,True,False,False,1.0,both,0.011198663868785062,0.009837038991884938,0.010346199761241544,0.009477460410780679,0.007822065025166644,0.008717178788620012,-1.95083379063599,-2.007135607158608,-1.985219140621758,-2.0233080210313514,-2.106678578059971,-2.0596240465788838,C,non-synonymous,-0.036950979401028254,-0.050487471841365074,-0.03780224837370089,-0.04913218407846872,-0.05914395315168562,0.04079612426067316,-0.04913218407846872
48,ortho,aattgggtttatagatgtattttg,6.0,att,6.0,,NWVYRCIL,,False,False,10.0,4.0,6.0,1741.0,1840.0,2067.0,2092.0,1491.0,78.0,True,False,True,True,False,False,1.0,both,0.011198663868785062,0.009837038991884938,0.010346199761241544,0.009477460410780679,0.007822065025166644,0.008717178788620012,-1.95083379063599,-2.007135607158608,-1.985219140621758,-2.0233080210313514,-2.106678578059971,-2.0596240465788838,I,non-synonymous,-0.036950979401028254,-0.050487471841365074,-0.03780224837370089,-0.04913218407846872,-0.05914395315168562,0.04079612426067316,-0.04913218407846872
49,ortho,aattgggtttatagatgtgttatt,0.0,aat,1.0,,NWVYRCVI,,False,False,13.0,5.0,7.0,493.0,426.0,489.0,511.0,404.0,19.0,True,False,True,True,False,False,1.0,both,0.002735428889555051,0.002665435112489279,0.0025202281469690942,0.00268373807151917,0.0018109780982179294,0.0020622643578302787,-2.562974570696514,-2.5742318855009976,-2.5985601423594096,-2.5712598728714524,-2.742086801966789,-2.6856556640825517,N,non-synonymous,-0.004224260517529396,-0.08513479446880025,-0.044249858286394016,-0.01640546519496986,-0.0937912757791208,0.03434851434798004,-0.01640546519496986
50,ortho,aattgggtttatagatgtgttatt,2.0,gtt,2.0,,NWVYRCVI,,False,False,13.0,5.0,7.0,493.0,426.0,489.0,511.0,404.0,19.0,True,False,True,True,False,False,1.0,both,0.002735428889555051,0.002665435112489279,0.0025202281469690942,0.00268373807151917,0.0018109780982179294,0.0020622643578302787,-2.562974570696514,-2.5742318855009976,-2.5985601423594096,-2.5712598728714524,-2.742086801966789,-2.6856556640825517,V,synonymous,-0.004224260517529396,-0.08513479446880025,-0.044249858286394016,-0.01640546519496986,-0.0937912757791208,0.03434851434798004,-0.01640546519496986
51,ortho,aattgggtttatagatgtgttatt,3.0,tat,3.0,,NWVYRCVI,,False,False,13.0,5.0,7.0,493.0,426.0,489.0,511.0,404.0,19.0,True,False,True,True,False,False,1.0,both,0.002735428889555051,0.002665435112489279,0.0025202281469690942,0.00268373807151917,0.0018109780982179294,0.0020622643578302787,-2.562974570696514,-2.5742318855009976,-2.5985601423594096,-2.5712598728714524,-2.742086801966789,-2.6856556640825517,Y,non-synonymous,-0.004224260517529396,-0.08513479446880025,-0.044249858286394016,-0.01640546519496986,-0.0937912757791208,0.03434851434798004,-0.01640546519496986
52,ortho,aattgggtttatagatgtgttatt,4.0,aga,4.0,,NWVYRCVI,,False,False,13.0,5.0,7.0,493.0,426.0,489.0,511.0,404.0,19.0,True,False,True,True,False,False,1.0,both,0.002735428889555051,0.002665435112489279,0.0025202281469690942,0.00268373807151917,0.0018109780982179294,0.0020622643578302787,-2.562974570696514,-2.5742318855009976,-2.5985601423594096,-2.5712598728714524,-2.742086801966789,-2.6856556640825517,R,synonymous,-0.004224260517529396,-0.08513479446880025,-0.044249858286394016,-0.01640546519496986,-0.0937912757791208,0.03434851434798004,-0.01640546519496986
53,ortho,aattgggtttatagatgtgttatt,5.0,tgt,5.0,,NWVYRCVI,,False,False,13.0,5.0,7.0,493.0,426.0,489.0,511.0,404.0,19.0,True,False,True,True,False,False,1.0,both,0.002735428889555051,0.002665435112489279,0.0025202281469690942,0.00268373807151917,0.0018109780982179294,0.0020622643578302787,-2.562974570696514,-2.5742318855009976,-2.5985601423594096,-2.5712598728714524,-2.742086801966789,-2.6856556640825517,C,non-synonymous,-0.004224260517529396,-0.08513479446880025,-0.044249858286394016,-0.01640546519496986,-0.0937912757791208,0.03434851434798004,-0.01640546519496986
54,ortho,aattgggtttatagatgtgttatt,6.0,gtt,6.0,,NWVYRCVI,,False,False,13.0,5.0,7.0,493.0,426.0,489.0,511.0,404.0,19.0,True,False,True,True,False,False,1.0,both,0.002735428889555051,0.002665435112489279,0.0025202281469690942,0.00268373807151917,0.0018109780982179294,0.0020622643578302787,-2.562974570696514,-2.5742318855009976,-2.5985601423594096,-2.5712598728714524,-2.742086801966789,-2.6856556640825517,V,non-synonymous,-0.004224260517529396,-0.08513479446880025,-0.044249858286394016,-0.01640546519496986,-0.0937912757791208,0.03434851434798004,-0.01640546519496986
55,ortho,aattgggtttatagatgtgttatt,7.0,att,7.0,,NWVYRCVI,,False,False,13.0,5.0,7.0,493.0,426.0,489.0,511.0,404.0,19.0,True,False,True,True,False,False,1.0,both,0.002735428889555051,0.002665435112489279,0.0025202281469690942,0.00268373807151917,0.0018109780982179294,0.0020622643578302787,-2.562974570696514,-2.5742318855009976,-2.5985601423594096,-2.5712598728714524,-2.742086801966789,-2.6856556640825517,I,non-synonymous,-0.004224260517529396,-0.08513479446880025,-0.044249858286394016,-0.01640546519496986,-0.0937912757791208,0.03434851434798004,-0.01640546519496986
56,ortho,aattgggtttatagatgtgttttg,0.0,aat,1.0,,NWVYRCVL,,False,False,11.0,4.0,6.0,619.0,733.0,728.0,750.0,503.0,30.0,True,False,True,True,False,False,1.0,both,0.004014817352575907,0.0033185986672824436,0.003979307600477517,0.003369642730771534,0.003116072643177799,0.003070201334356734,-2.3963342074395264,-2.4790452655556754,-2.400192488592576,-2.4724161431285645,-2.5063924264283797,-2.512833143893135,N,non-synonymous,-0.038790367598245425,-0.01387028136692913,-0.05722835038729539,-0.05097157227568589,-0.02252676267724968,0.021370022247078665,-0.02252676267724968
57,ortho,aattgggtttatagatgtgttttg,2.0,gtt,2.0,,NWVYRCVL,,False,False,11.0,4.0,6.0,619.0,733.0,728.0,750.0,503.0,30.0,True,False,True,True,False,False,1.0,both,0.004014817352575907,0.0033185986672824436,0.003979307600477517,0.003369642730771534,0.003116072643177799,0.003070201334356734,-2.3963342074395264,-2.4790452655556754,-2.400192488592576,-2.4724161431285645,-2.5063924264283797,-2.512833143893135,V,synonymous,-0.038790367598245425,-0.01387028136692913,-0.05722835038729539,-0.05097157227568589,-0.02252676267724968,0.021370022247078665,-0.02252676267724968
58,ortho,aattgggtttatagatgtgttttg,3.0,tat,3.0,,NWVYRCVL,,False,False,11.0,4.0,6.0,619.0,733.0,728.0,750.0,503.0,30.0,True,False,True,True,False,False,1.0,both,0.004014817352575907,0.0033185986672824436,0.003979307600477517,0.003369642730771534,0.003116072643177799,0.003070201334356734,-2.3963342074395264,-2.4790452655556754,-2.400192488592576,-2.4724161431285645,-2.5063924264283797,-2.512833143893135,Y,non-synonymous,-0.038790367598245425,-0.01387028136692913,-0.05722835038729539,-0.05097157227568589,-0.02252676267724968,0.021370022247078665,-0.02252676267724968
59,ortho,aattgggtttatagatgtgttttg,4.0,aga,4.0,,NWVYRCVL,,False,False,11.0,4.0,6.0,619.0,733.0,728.0,750.0,503.0,30.0,True,False,True,True,False,False,1.0,both,0.004014817352575907,0.0033185986672824436,0.003979307600477517,0.003369642730771534,0.003116072643177799,0.003070201334356734,-2.3963342074395264,-2.4790452655556754,-2.400192488592576,-2.4724161431285645,-2.5063924264283797,-2.512833143893135,R,synonymous,-0.038790367598245425,-0.01387028136692913,-0.05722835038729539,-0.05097157227568589,-0.02252676267724968,0.021370022247078665,-0.02252676267724968
60,ortho,aattgggtttatagatgtgttttg,5.0,tgt,5.0,,NWVYRCVL,,False,False,11.0,4.0,6.0,619.0,733.0,728.0,750.0,503.0,30.0,True,False,True,True,False,False,1.0,both,0.004014817352575907,0.0033185986672824436,0.003979307600477517,0.003369642730771534,0.003116072643177799,0.003070201334356734,-2.3963342074395264,-2.4790452655556754,-2.400192488592576,-2.4724161431285645,-2.5063924264283797,-2.512833143893135,C,non-synonymous,-0.038790367598245425,-0.01387028136692913,-0.05722835038729539,-0.05097157227568589,-0.02252676267724968,0.021370022247078665,-0.02252676267724968
61,ortho,aattgggtttatagatgtgttttg,6.0,gtt,6.0,,NWVYRCVL,,False,False,11.0,4.0,6.0,619.0,733.0,728.0,750.0,503.0,30.0,True,False,True,True,False,False,1.0,both,0.004014817352575907,0.0033185986672824436,0.003979307600477517,0.003369642730771534,0.003116072643177799,0.003070201334356734,-2.3963342074395264,-2.4790452655556754,-2.400192488592576,-2.4724161431285645,-2.5063924264283797,-2.512833143893135,V,non-synonymous,-0.038790367598245425,-0.01387028136692913,-0.05722835038729539,-0.05097157227568589,-0.02252676267724968,0.021370022247078665,-0.02252676267724968
62,ortho,aattgggtttggagatgtgttatt,0.0,aat,1.0,,NWVWRCVI,,False,False,12.0,5.0,7.0,1756.0,1635.0,1880.0,1748.0,1267.0,92.0,True,False,True,True,False,False,1.0,both,0.00935720097640358,0.008359173979019596,0.012203209974797718,0.009559115727358342,0.006950584954427969,0.007928541907404753,-2.0288540425328425,-2.0778366357281612,-1.913525915966683,-2.019582280578599,-2.1579786440732027,-2.100806673942492,N,non-synonymous,0.004727206941191833,-0.04064744454573356,-0.09515009309595777,-0.007453997736248631,-0.04930392585605411,-0.01655172046158372,-0.01655172046158372
63,ortho,aattgggtttggagatgtgttatt,2.0,gtt,2.0,,NWVWRCVI,,False,False,12.0,5.0,7.0,1756.0,1635.0,1880.0,1748.0,1267.0,92.0,True,False,True,True,False,False,1.0,both,0.00935720097640358,0.008359173979019596,0.012203209974797718,0.009559115727358342,0.006950584954427969,0.007928541907404753,-2.0288540425328425,-2.0778366357281612,-1.913525915966683,-2.019582280578599,-2.1579786440732027,-2.100806673942492,V,synonymous,0.004727206941191833,-0.04064744454573356,-0.09515009309595777,-0.007453997736248631,-0.04930392585605411,-0.01655172046158372,-0.01655172046158372
64,ortho,aattgggtttggagatgtgttatt,3.0,tgg,3.0,,NWVWRCVI,,False,False,12.0,5.0,7.0,1756.0,1635.0,1880.0,1748.0,1267.0,92.0,True,False,True,True,False,False,1.0,both,0.00935720097640358,0.008359173979019596,0.012203209974797718,0.009559115727358342,0.006950584954427969,0.007928541907404753,-2.0288540425328425,-2.0778366357281612,-1.913525915966683,-2.019582280578599,-2.1579786440732027,-2.100806673942492,W,non-synonymous,0.004727206941191833,-0.04064744454573356,-0.09515009309595777,-0.007453997736248631,-0.04930392585605411,-0.01655172046158372,-0.01655172046158372
65,ortho,aattgggtttggagatgtgttatt,4.0,aga,4.0,,NWVWRCVI,,False,False,12.0,5.0,7.0,1756.0,1635.0,1880.0,1748.0,1267.0,92.0,True,False,True,True,False,False,1.0,both,0.00935720097640358,0.008359173979019596,0.012203209974797718,0.009559115727358342,0.006950584954427969,0.007928541907404753,-2.0288540425328425,-2.0778366357281612,-1.913525915966683,-2.019582280578599,-2.1579786440732027,-2.100806673942492,R,synonymous,0.004727206941191833,-0.04064744454573356,-0.09515009309595777,-0.007453997736248631,-0.04930392585605411,-0.01655172046158372,-0.01655172046158372
66,ortho,aattgggtttggagatgtgttatt,5.0,tgt,5.0,,NWVWRCVI,,False,False,12.0,5.0,7.0,1756.0,1635.0,1880.0,1748.0,1267.0,92.0,True,False,True,True,False,False,1.0,both,0.00935720097640358,0.008359173979019596,0.012203209974797718,0.009559115727358342,0.006950584954427969,0.007928541907404753,-2.0288540425328425,-2.0778366357281612,-1.913525915966683,-2.019582280578599,-2.1579786440732027,-2.100806673942492,C,non-synonymous,0.004727206941191833,-0.04064744454573356,-0.09515009309595777,-0.007453997736248631,-0.04930392585605411,-0.01655172046158372,-0.01655172046158372
67,ortho,aattgggtttggagatgtgttatt,6.0,gtt,6.0,,NWVWRCVI,,False,False,12.0,5.0,7.0,1756.0,1635.0,1880.0,1748.0,1267.0,92.0,True,False,True,True,False,False,1.0,both,0.00935720097640358,0.008359173979019596,0.012203209974797718,0.009559115727358342,0.006950584954427969,0.007928541907404753,-2.0288540425328425,-2.0778366357281612,-1.913525915966683,-2.019582280578599,-2.1579786440732027,-2.100806673942492,V,non-synonymous,0.004727206941191833,-0.04064744454573356,-0.09515009309595777,-0.007453997736248631,-0.04930392585605411,-0.01655172046158372,-0.01655172046158372
68,ortho,aattgggtttggagatgtgttatt,7.0,att,7.0,,NWVWRCVI,,False,False,12.0,5.0,7.0,1756.0,1635.0,1880.0,1748.0,1267.0,92.0,True,False,True,True,False,False,1.0,both,0.00935720097640358,0.008359173979019596,0.012203209974797718,0.009559115727358342,0.006950584954427969,0.007928541907404753,-2.0288540425328425,-2.0778366357281612,-1.913525915966683,-2.019582280578599,-2.1579786440732027,-2.100806673942492,I,non-synonymous,0.004727206941191833,-0.04064744454573356,-0.09515009309595777,-0.007453997736248631,-0.04930392585605411,-0.01655172046158372,-0.01655172046158372
69,ortho,aattggttgaaaagagttgttatt,0.0,aat,1.0,,NWLKRVVI,,False,False,12.0,6.0,7.0,649.0,606.0,758.0,800.0,545.0,35.0,True,False,True,True,False,False,1.0,both,0.004282471842747634,0.0035956983571946957,0.004642525533890436,0.0035329533639268584,0.002576180111549449,0.0031967206201131927,-2.368305483839283,-2.44421674833496,-2.3332456989619628,-2.4518620953483135,-2.5890237769032214,-2.4952953175741186,N,non-synonymous,-0.04260133034662085,-0.07344507312843046,-0.08233112928292792,-0.054782535024061316,-0.08210155443875101,-0.003732756648553867,-0.054782535024061316
70,ortho,aattggttgaaaagagttgttatt,2.0,ttg,2.0,,NWLKRVVI,,False,False,12.0,6.0,7.0,649.0,606.0,758.0,800.0,545.0,35.0,True,False,True,True,False,False,1.0,both,0.004282471842747634,0.0035956983571946957,0.004642525533890436,0.0035329533639268584,0.002576180111549449,0.0031967206201131927,-2.368305483839283,-2.44421674833496,-2.3332456989619628,-2.4518620953483135,-2.5890237769032214,-2.4952953175741186,L,non-synonymous,-0.04260133034662085,-0.07344507312843046,-0.08233112928292792,-0.054782535024061316,-0.08210155443875101,-0.003732756648553867,-0.054782535024061316
71,ortho,aattggttgaaaagagttgttatt,3.0,aaa,3.0,,NWLKRVVI,,False,False,12.0,6.0,7.0,649.0,606.0,758.0,800.0,545.0,35.0,True,False,True,True,False,False,1.0,both,0.004282471842747634,0.0035956983571946957,0.004642525533890436,0.0035329533639268584,0.002576180111549449,0.0031967206201131927,-2.368305483839283,-2.44421674833496,-2.3332456989619628,-2.4518620953483135,-2.5890237769032214,-2.4952953175741186,K,non-synonymous,-0.04260133034662085,-0.07344507312843046,-0.08233112928292792,-0.054782535024061316,-0.08210155443875101,-0.003732756648553867,-0.054782535024061316
72,ortho,aattggttgaaaagagttgttatt,4.0,aga,4.0,,NWLKRVVI,,False,False,12.0,6.0,7.0,649.0,606.0,758.0,800.0,545.0,35.0,True,False,True,True,False,False,1.0,both,0.004282471842747634,0.0035956983571946957,0.004642525533890436,0.0035329533639268584,0.002576180111549449,0.0031967206201131927,-2.368305483839283,-2.44421674833496,-2.3332456989619628,-2.4518620953483135,-2.5890237769032214,-2.4952953175741186,R,synonymous,-0.04260133034662085,-0.07344507312843046,-0.08233112928292792,-0.054782535024061316,-0.08210155443875101,-0.003732756648553867,-0.054782535024061316
73,ortho,aattggttgaaaagagttgttatt,5.0,gtt,5.0,,NWLKRVVI,,False,False,12.0,6.0,7.0,649.0,606.0,758.0,800.0,545.0,35.0,True,False,True,True,False,False,1.0,both,0.004282471842747634,0.0035956983571946957,0.004642525533890436,0.0035329533639268584,0.002576180111549449,0.0031967206201131927,-2.368305483839283,-2.44421674833496,-2.3332456989619628,-2.4518620953483135,-2.5890237769032214,-2.4952953175741186,V,non-synonymous,-0.04260133034662085,-0.07344507312843046,-0.08233112928292792,-0.054782535024061316,-0.08210155443875101,-0.003732756648553867,-0.054782535024061316
74,ortho,aattggttgaaaagagttgttatt,6.0,gtt,6.0,,NWLKRVVI,,False,False,12.0,6.0,7.0,649.0,606.0,758.0,800.0,545.0,35.0,True,False,True,True,False,False,1.0,both,0.004282471842747634,0.0035956983571946957,0.004642525533890436,0.0035329533639268584,0.002576180111549449,0.0031967206201131927,-2.368305483839283,-2.44421674833496,-2.3332456989619628,-2.4518620953483135,-2.5890237769032214,-2.4952953175741186,V,non-synonymous,-0.04260133034662085,-0.07344507312843046,-0.08233112928292792,-0.054782535024061316,-0.08210155443875101,-0.003732756648553867,-0.054782535024061316
75,ortho,aattggttgaaaagagttgttatt,7.0,att,7.0,,NWLKRVVI,,False,False,12.0,6.0,7.0,649.0,606.0,758.0,800.0,545.0,35.0,True,False,True,True,False,False,1.0,both,0.004282471842747634,0.0035956983571946957,0.004642525533890436,0.0035329533639268584,0.002576180111549449,0.0031967206201131927,-2.368305483839283,-2.44421674833496,-2.3332456989619628,-2.4518620953483135,-2.5890237769032214,-2.4952953175741186,I,non-synonymous,-0.04260133034662085,-0.07344507312843046,-0.08233112928292792,-0.054782535024061316,-0.08210155443875101,-0.003732756648553867,-0.054782535024061316
76,ortho,aattggttgaaaagatgtattatt,0.0,aat,1.0,,NWLKRCII,,False,False,10.0,6.0,7.0,551.0,480.0,568.0,633.0,450.0,18.0,True,False,True,True,False,False,1.0,both,0.003388505845574065,0.0029689252490598403,0.00238758456028651,0.002999471962286131,0.0020405387022173855,0.0023954318103222867,-2.4699917608138717,-2.527400736836259,-2.6220412382089324,-2.5229551932968977,-2.6902551636939207,-2.6206161874951532,N,non-synonymous,-0.027003400960754504,-0.08259858245907785,0.0007240130248728955,-0.039184605638194966,-0.0912550637693984,0.07932238565924694,-0.039184605638194966
77,ortho,aattggttgaaaagatgtattatt,2.0,ttg,2.0,,NWLKRCII,,False,False,10.0,6.0,7.0,551.0,480.0,568.0,633.0,450.0,18.0,True,False,True,True,False,False,1.0,both,0.003388505845574065,0.0029689252490598403,0.00238758456028651,0.002999471962286131,0.0020405387022173855,0.0023954318103222867,-2.4699917608138717,-2.527400736836259,-2.6220412382089324,-2.5229551932968977,-2.6902551636939207,-2.6206161874951532,L,non-synonymous,-0.027003400960754504,-0.08259858245907785,0.0007240130248728955,-0.039184605638194966,-0.0912550637693984,0.07932238565924694,-0.039184605638194966
78,ortho,aattggttgaaaagatgtattatt,3.0,aaa,3.0,,NWLKRCII,,False,False,10.0,6.0,7.0,551.0,480.0,568.0,633.0,450.0,18.0,True,False,True,True,False,False,1.0,both,0.003388505845574065,0.0029689252490598403,0.00238758456028651,0.002999471962286131,0.0020405387022173855,0.0023954318103222867,-2.4699917608138717,-2.527400736836259,-2.6220412382089324,-2.5229551932968977,-2.6902551636939207,-2.6206161874951532,K,non-synonymous,-0.027003400960754504,-0.08259858245907785,0.0007240130248728955,-0.039184605638194966,-0.0912550637693984,0.07932238565924694,-0.039184605638194966
79,ortho,aattggttgaaaagatgtattatt,4.0,aga,4.0,,NWLKRCII,,False,False,10.0,6.0,7.0,551.0,480.0,568.0,633.0,450.0,18.0,True,False,True,True,False,False,1.0,both,0.003388505845574065,0.0029689252490598403,0.00238758456028651,0.002999471962286131,0.0020405387022173855,0.0023954318103222867,-2.4699917608138717,-2.527400736836259,-2.6220412382089324,-2.5229551932968977,-2.6902551636939207,-2.6206161874951532,R,synonymous,-0.027003400960754504,-0.08259858245907785,0.0007240130248728955,-0.039184605638194966,-0.0912550637693984,0.07932238565924694,-0.039184605638194966
80,ortho,aattggttgaaaagatgtattatt,5.0,tgt,5.0,,NWLKRCII,,False,False,10.0,6.0,7.0,551.0,480.0,568.0,633.0,450.0,18.0,True,False,True,True,False,False,1.0,both,0.003388505845574065,0.0029689252490598403,0.00238758456028651,0.002999471962286131,0.0020405387022173855,0.0023954318103222867,-2.4699917608138717,-2.527400736836259,-2.6220412382089324,-2.5229551932968977,-2.6902551636939207,-2.6206161874951532,C,non-synonymous,-0.027003400960754504,-0.08259858245907785,0.0007240130248728955,-0.039184605638194966,-0.0912550637693984,0.07932238565924694,-0.039184605638194966
81,ortho,aattggttgaaaagatgtattatt,6.0,att,6.0,,NWLKRCII,,False,False,10.0,6.0,7.0,551.0,480.0,568.0,633.0,450.0,18.0,True,False,True,True,False,False,1.0,both,0.003388505845574065,0.0029689252490598403,0.00238758456028651,0.002999471962286131,0.0020405387022173855,0.0023954318103222867,-2.4699917608138717,-2.527400736836259,-2.6220412382089324,-2.5229551932968977,-2.6902551636939207,-2.6206161874951532,I,non-synonymous,-0.027003400960754504,-0.08259858245907785,0.0007240130248728955,-0.039184605638194966,-0.0912550637693984,0.07932238565924694,-0.039184605638194966
82,ortho,aattggttgaaaagatgtattatt,7.0,att,7.0,,NWLKRCII,,False,False,10.0,6.0,7.0,551.0,480.0,568.0,633.0,450.0,18.0,True,False,True,True,False,False,1.0,both,0.003388505845574065,0.0029689252490598403,0.00238758456028651,0.002999471962286131,0.0020405387022173855,0.0023954318103222867,-2.4699917608138717,-2.527400736836259,-2.6220412382089324,-2.5229551932968977,-2.6902551636939207,-2.6206161874951532,I,non-synonymous,-0.027003400960754504,-0.08259858245907785,0.0007240130248728955,-0.039184605638194966,-0.0912550637693984,0.07932238565924694,-0.039184605638194966
83,single,atgtgggtgagacgttatacattg,0.0,atg,1.0,,MWVRRYTL,,False,False,3.0,1.0,1.0,986.0,1658.0,1573.0,932.0,796.0,37.0,True,False,True,True,False,False,1.0,both,0.004989079696800993,0.0052516988850036285,0.004907812707255604,0.00536747614303834,0.007048360767242552,0.006633827883163657,-2.301979558477245,-2.279700182873934,-2.3091120192452435,-2.2702298772074716,-2.151911874855253,-2.1782358005828852,M,non-synonymous,0.016187571943692046,0.0648133016759346,0.06649313322075974,0.004006367266251582,0.056156820365614056,0.1450915058551338,0.056156820365614056
84,single,atttgggtgagacgttatacattg,0.0,att,1.0,,IWVRRYTL,,False,False,2.0,1.0,1.0,2030.0,2612.0,2736.0,1658.0,1412.0,80.0,True,False,True,True,False,False,1.0,both,0.008875422894094471,0.00931582767038332,0.010611486934606711,0.011050686176843641,0.011103931437899605,0.011538558860989043,-2.051810944616972,-2.030778553895818,-1.974223756320295,-1.9566107542354698,-1.9545232284664715,-1.9378484301580934,I,non-synonymous,0.04853780791559805,0.038676147200621,0.018480893115438882,0.036356603238157585,0.030019665890300452,0.09707926574981293,0.036356603238157585
85,ortho,caatgggttcaaagatctattttt,0.0,caa,1.0,,QWVQRSIF,,False,False,11.0,5.0,7.0,534.0,453.0,490.0,601.0,443.0,18.0,True,False,True,True,False,False,1.0,both,0.00321720697186416,0.0029227419674077984,0.00238758456028651,0.0029069292701647802,0.0019257584002176575,0.002066481667355494,-2.492520998828487,-2.534209524388533,-2.6220412382089324,-2.5365655351201264,-2.715398199056676,-2.684768443177658,Q,non-synonymous,-0.022456102594838517,-0.09189757978337418,-0.0318692611933707,-0.03463730727227898,-0.10055406109369473,0.046729111441003356,-0.03463730727227898
86,ortho,caatgggttcaaagatctattttt,2.0,gtt,2.0,,QWVQRSIF,,False,False,11.0,5.0,7.0,534.0,453.0,490.0,601.0,443.0,18.0,True,False,True,True,False,False,1.0,both,0.00321720697186416,0.0029227419674077984,0.00238758456028651,0.0029069292701647802,0.0019257584002176575,0.002066481667355494,-2.492520998828487,-2.534209524388533,-2.6220412382089324,-2.5365655351201264,-2.715398199056676,-2.684768443177658,V,synonymous,-0.022456102594838517,-0.09189757978337418,-0.0318692611933707,-0.03463730727227898,-0.10055406109369473,0.046729111441003356,-0.03463730727227898
87,ortho,caatgggttcaaagatctattttt,3.0,caa,3.0,,QWVQRSIF,,False,False,11.0,5.0,7.0,534.0,453.0,490.0,601.0,443.0,18.0,True,False,True,True,False,False,1.0,both,0.00321720697186416,0.0029227419674077984,0.00238758456028651,0.0029069292701647802,0.0019257584002176575,0.002066481667355494,-2.492520998828487,-2.534209524388533,-2.6220412382089324,-2.5365655351201264,-2.715398199056676,-2.684768443177658,Q,non-synonymous,-0.022456102594838517,-0.09189757978337418,-0.0318692611933707,-0.03463730727227898,-0.10055406109369473,0.046729111441003356,-0.03463730727227898
88,ortho,caatgggttcaaagatctattttt,4.0,aga,4.0,,QWVQRSIF,,False,False,11.0,5.0,7.0,534.0,453.0,490.0,601.0,443.0,18.0,True,False,True,True,False,False,1.0,both,0.00321720697186416,0.0029227419674077984,0.00238758456028651,0.0029069292701647802,0.0019257584002176575,0.002066481667355494,-2.492520998828487,-2.534209524388533,-2.6220412382089324,-2.5365655351201264,-2.715398199056676,-2.684768443177658,R,synonymous,-0.022456102594838517,-0.09189757978337418,-0.0318692611933707,-0.03463730727227898,-0.10055406109369473,0.046729111441003356,-0.03463730727227898
89,ortho,caatgggttcaaagatctattttt,5.0,tct,5.0,,QWVQRSIF,,False,False,11.0,5.0,7.0,534.0,453.0,490.0,601.0,443.0,18.0,True,False,True,True,False,False,1.0,both,0.00321720697186416,0.0029227419674077984,0.00238758456028651,0.0029069292701647802,0.0019257584002176575,0.002066481667355494,-2.492520998828487,-2.534209524388533,-2.6220412382089324,-2.5365655351201264,-2.715398199056676,-2.684768443177658,S,non-synonymous,-0.022456102594838517,-0.09189757978337418,-0.0318692611933707,-0.03463730727227898,-0.10055406109369473,0.046729111441003356,-0.03463730727227898
90,ortho,caatgggttcaaagatctattttt,6.0,att,6.0,,QWVQRSIF,,False,False,11.0,5.0,7.0,534.0,453.0,490.0,601.0,443.0,18.0,True,False,True,True,False,False,1.0,both,0.00321720697186416,0.0029227419674077984,0.00238758456028651,0.0029069292701647802,0.0019257584002176575,0.002066481667355494,-2.492520998828487,-2.534209524388533,-2.6220412382089324,-2.5365655351201264,-2.715398199056676,-2.684768443177658,I,non-synonymous,-0.022456102594838517,-0.09189757978337418,-0.0318692611933707,-0.03463730727227898,-0.10055406109369473,0.046729111441003356,-0.03463730727227898
91,ortho,caatgggttcaaagatctattttt,7.0,ttt,7.0,,QWVQRSIF,,False,False,11.0,5.0,7.0,534.0,453.0,490.0,601.0,443.0,18.0,True,False,True,True,False,False,1.0,both,0.00321720697186416,0.0029227419674077984,0.00238758456028651,0.0029069292701647802,0.0019257584002176575,0.002066481667355494,-2.492520998828487,-2.534209524388533,-2.6220412382089324,-2.5365655351201264,-2.715398199056676,-2.684768443177658,F,non-synonymous,-0.022456102594838517,-0.09189757978337418,-0.0318692611933707,-0.03463730727227898,-0.10055406109369473,0.046729111441003356,-0.03463730727227898
92,ortho,caatgggttcaaagatctgttttg,0.0,caa,1.0,,QWVQRSVL,,False,False,11.0,4.0,6.0,344.0,359.0,440.0,309.0,221.0,13.0,True,False,True,True,False,False,1.0,both,0.0016541047492612737,0.0014580721778716104,0.0017243666268735908,0.0018726285935143903,0.0015261529043667527,0.0018556161910947293,-2.781436991406392,-2.836220976926492,-2.7633703910054015,-2.7275483495771526,-2.8164019524911885,-2.7315118467199846,Q,non-synonymous,0.027475118856992473,0.010052065244186975,0.01618609133913634,0.01529391417955201,0.0013955839338664257,0.0947844639735104,0.01529391417955201
93,ortho,caatgggttcaaagatctgttttg,2.0,gtt,2.0,,QWVQRSVL,,False,False,11.0,4.0,6.0,344.0,359.0,440.0,309.0,221.0,13.0,True,False,True,True,False,False,1.0,both,0.0016541047492612737,0.0014580721778716104,0.0017243666268735908,0.0018726285935143903,0.0015261529043667527,0.0018556161910947293,-2.781436991406392,-2.836220976926492,-2.7633703910054015,-2.7275483495771526,-2.8164019524911885,-2.7315118467199846,V,synonymous,0.027475118856992473,0.010052065244186975,0.01618609133913634,0.01529391417955201,0.0013955839338664257,0.0947844639735104,0.01529391417955201
94,ortho,caatgggttcaaagatctgttttg,3.0,caa,3.0,,QWVQRSVL,,False,False,11.0,4.0,6.0,344.0,359.0,440.0,309.0,221.0,13.0,True,False,True,True,False,False,1.0,both,0.0016541047492612737,0.0014580721778716104,0.0017243666268735908,0.0018726285935143903,0.0015261529043667527,0.0018556161910947293,-2.781436991406392,-2.836220976926492,-2.7633703910054015,-2.7275483495771526,-2.8164019524911885,-2.7315118467199846,Q,non-synonymous,0.027475118856992473,0.010052065244186975,0.01618609133913634,0.01529391417955201,0.0013955839338664257,0.0947844639735104,0.01529391417955201
95,ortho,caatgggttcaaagatctgttttg,4.0,aga,4.0,,QWVQRSVL,,False,False,11.0,4.0,6.0,344.0,359.0,440.0,309.0,221.0,13.0,True,False,True,True,False,False,1.0,both,0.0016541047492612737,0.0014580721778716104,0.0017243666268735908,0.0018726285935143903,0.0015261529043667527,0.0018556161910947293,-2.781436991406392,-2.836220976926492,-2.7633703910054015,-2.7275483495771526,-2.8164019524911885,-2.7315118467199846,R,synonymous,0.027475118856992473,0.010052065244186975,0.01618609133913634,0.01529391417955201,0.0013955839338664257,0.0947844639735104,0.01529391417955201
96,ortho,caatgggttcaaagatctgttttg,5.0,tct,5.0,,QWVQRSVL,,False,False,11.0,4.0,6.0,344.0,359.0,440.0,309.0,221.0,13.0,True,False,True,True,False,False,1.0,both,0.0016541047492612737,0.0014580721778716104,0.0017243666268735908,0.0018726285935143903,0.0015261529043667527,0.0018556161910947293,-2.781436991406392,-2.836220976926492,-2.7633703910054015,-2.7275483495771526,-2.8164019524911885,-2.7315118467199846,S,non-synonymous,0.027475118856992473,0.010052065244186975,0.01618609133913634,0.01529391417955201,0.0013955839338664257,0.0947844639735104,0.01529391417955201
97,ortho,caatgggttcaaagatctgttttg,6.0,gtt,6.0,,QWVQRSVL,,False,False,11.0,4.0,6.0,344.0,359.0,440.0,309.0,221.0,13.0,True,False,True,True,False,False,1.0,both,0.0016541047492612737,0.0014580721778716104,0.0017243666268735908,0.0018726285935143903,0.0015261529043667527,0.0018556161910947293,-2.781436991406392,-2.836220976926492,-2.7633703910054015,-2.7275483495771526,-2.8164019524911885,-2.7315118467199846,V,non-synonymous,0.027475118856992473,0.010052065244186975,0.01618609133913634,0.01529391417955201,0.0013955839338664257,0.0947844639735104,0.01529391417955201
98,ortho,caatgggttgaaagatgtattgtt,0.0,caa,1.0,,QWVERCIV,,False,False,12.0,5.0,7.0,659.0,858.0,859.0,825.0,527.0,26.0,True,False,True,True,False,False,1.0,both,0.004416299087833498,0.003476941347232302,0.0034487332537471815,0.0035873902416453003,0.0036474629302135765,0.0036226688821599374,-2.3549415222813015,-2.458802635399056,-2.4623403953414202,-2.445221377554673,-2.438009113220802,-2.4409713593749296,Q,non-synonymous,-0.04602917553364818,0.010546323421446277,0.010856778793286965,-0.058210380211088646,0.0018898421111257276,0.08945515142766101,0.0018898421111257276
99,ortho,caatgggttgaaagatgtattgtt,2.0,gtt,2.0,,QWVERCIV,,False,False,12.0,5.0,7.0,659.0,858.0,859.0,825.0,527.0,26.0,True,False,True,True,False,False,1.0,both,0.004416299087833498,0.003476941347232302,0.0034487332537471815,0.0035873902416453003,0.0036474629302135765,0.0036226688821599374,-2.3549415222813015,-2.458802635399056,-2.4623403953414202,-2.445221377554673,-2.438009113220802,-2.4409713593749296,V,synonymous,-0.04602917553364818,0.010546323421446277,0.010856778793286965,-0.058210380211088646,0.0018898421111257276,0.08945515142766101,0.0018898421111257276
100,ortho,caatgggttgaaagatgtattgtt,3.0,gaa,3.0,,QWVERCIV,,False,False,12.0,5.0,7.0,659.0,858.0,859.0,825.0,527.0,26.0,True,False,True,True,False,False,1.0,both,0.004416299087833498,0.003476941347232302,0.0034487332537471815,0.0035873902416453003,0.0036474629302135765,0.0036226688821599374,-2.3549415222813015,-2.458802635399056,-2.4623403953414202,-2.445221377554673,-2.438009113220802,-2.4409713593749296,E,non-synonymous,-0.04602917553364818,0.010546323421446277,0.010856778793286965,-0.058210380211088646,0.0018898421111257276,0.08945515142766101,0.0018898421111257276
101,ortho,caatgggttgaaagatgtattgtt,4.0,aga,4.0,,QWVERCIV,,False,False,12.0,5.0,7.0,659.0,858.0,859.0,825.0,527.0,26.0,True,False,True,True,False,False,1.0,both,0.004416299087833498,0.003476941347232302,0.0034487332537471815,0.0035873902416453003,0.0036474629302135765,0.0036226688821599374,-2.3549415222813015,-2.458802635399056,-2.4623403953414202,-2.445221377554673,-2.438009113220802,-2.4409713593749296,R,synonymous,-0.04602917553364818,0.010546323421446277,0.010856778793286965,-0.058210380211088646,0.0018898421111257276,0.08945515142766101,0.0018898421111257276
102,ortho,caatgggttgaaagatgtattgtt,5.0,tgt,5.0,,QWVERCIV,,False,False,12.0,5.0,7.0,659.0,858.0,859.0,825.0,527.0,26.0,True,False,True,True,False,False,1.0,both,0.004416299087833498,0.003476941347232302,0.0034487332537471815,0.0035873902416453003,0.0036474629302135765,0.0036226688821599374,-2.3549415222813015,-2.458802635399056,-2.4623403953414202,-2.445221377554673,-2.438009113220802,-2.4409713593749296,C,non-synonymous,-0.04602917553364818,0.010546323421446277,0.010856778793286965,-0.058210380211088646,0.0018898421111257276,0.08945515142766101,0.0018898421111257276
103,ortho,caatgggttgaaagatgtattgtt,6.0,att,6.0,,QWVERCIV,,False,False,12.0,5.0,7.0,659.0,858.0,859.0,825.0,527.0,26.0,True,False,True,True,False,False,1.0,both,0.004416299087833498,0.003476941347232302,0.0034487332537471815,0.0035873902416453003,0.0036474629302135765,0.0036226688821599374,-2.3549415222813015,-2.458802635399056,-2.4623403953414202,-2.445221377554673,-2.438009113220802,-2.4409713593749296,I,non-synonymous,-0.04602917553364818,0.010546323421446277,0.010856778793286965,-0.058210380211088646,0.0018898421111257276,0.08945515142766101,0.0018898421111257276
104,ortho,caatgggttgaaagatgtattgtt,7.0,gtt,7.0,,QWVERCIV,,False,False,12.0,5.0,7.0,659.0,858.0,859.0,825.0,527.0,26.0,True,False,True,True,False,False,1.0,both,0.004416299087833498,0.003476941347232302,0.0034487332537471815,0.0035873902416453003,0.0036474629302135765,0.0036226688821599374,-2.3549415222813015,-2.458802635399056,-2.4623403953414202,-2.445221377554673,-2.438009113220802,-2.4409713593749296,V,non-synonymous,-0.04602917553364818,0.010546323421446277,0.010856778793286965,-0.058210380211088646,0.0018898421111257276,0.08945515142766101,0.0018898421111257276
105,single,cattgggtgagacgttatacattg,0.0,cat,1.0,,HWVRRYTL,,False,False,1.0,1.0,1.0,2.0,6.0,12.0,2.0,4.0,1.0,True,False,True,True,False,False,3.0,both,1.0706179606869085e-05,2.6390446658309693e-05,0.00013264358668258389,1.0887375543688316e-05,2.550673377771732e-05,5.0607714302583525e-05,-4.970365475167245,-4.57855325928364,-3.8773137433122384,-4.963076796484701,-4.593345150685864,-4.295783277158547,H,non-synonymous,0.0037161321257249656,-0.007502339882846266,-0.212608147968098,-0.008465072551715499,-0.016158821193166816,-0.13400977533372394,-0.016158821193166816
106,ortho,cattgggttcaaagatgtattatt,0.0,cat,1.0,,HWVQRCII,,False,False,11.0,5.0,7.0,276.0,292.0,314.0,345.0,257.0,11.0,True,False,True,True,False,False,1.0,both,0.001846815982184917,0.0016955861977963978,0.001459079453508423,0.0015024578250289876,0.001241327710515576,0.0013242351909176023,-2.7335763757579525,-2.770680127280308,-2.8359210581540135,-2.823197710083465,-2.9061135496210895,-2.878034875132957,H,non-synonymous,-0.04569342869167777,-0.06869084813216343,-0.021396397843980418,-0.05787463336911824,-0.07734732944248399,0.057201974790393635,-0.05787463336911824
107,ortho,cattgggttcaaagatgtattatt,2.0,gtt,2.0,,HWVQRCII,,False,False,11.0,5.0,7.0,276.0,292.0,314.0,345.0,257.0,11.0,True,False,True,True,False,False,1.0,both,0.001846815982184917,0.0016955861977963978,0.001459079453508423,0.0015024578250289876,0.001241327710515576,0.0013242351909176023,-2.7335763757579525,-2.770680127280308,-2.8359210581540135,-2.823197710083465,-2.9061135496210895,-2.878034875132957,V,synonymous,-0.04569342869167777,-0.06869084813216343,-0.021396397843980418,-0.05787463336911824,-0.07734732944248399,0.057201974790393635,-0.05787463336911824
108,ortho,cattgggttcaaagatgtattatt,3.0,caa,3.0,,HWVQRCII,,False,False,11.0,5.0,7.0,276.0,292.0,314.0,345.0,257.0,11.0,True,False,True,True,False,False,1.0,both,0.001846815982184917,0.0016955861977963978,0.001459079453508423,0.0015024578250289876,0.001241327710515576,0.0013242351909176023,-2.7335763757579525,-2.770680127280308,-2.8359210581540135,-2.823197710083465,-2.9061135496210895,-2.878034875132957,Q,non-synonymous,-0.04569342869167777,-0.06869084813216343,-0.021396397843980418,-0.05787463336911824,-0.07734732944248399,0.057201974790393635,-0.05787463336911824
109,ortho,cattgggttcaaagatgtattatt,4.0,aga,4.0,,HWVQRCII,,False,False,11.0,5.0,7.0,276.0,292.0,314.0,345.0,257.0,11.0,True,False,True,True,False,False,1.0,both,0.001846815982184917,0.0016955861977963978,0.001459079453508423,0.0015024578250289876,0.001241327710515576,0.0013242351909176023,-2.7335763757579525,-2.770680127280308,-2.8359210581540135,-2.823197710083465,-2.9061135496210895,-2.878034875132957,R,synonymous,-0.04569342869167777,-0.06869084813216343,-0.021396397843980418,-0.05787463336911824,-0.07734732944248399,0.057201974790393635,-0.05787463336911824
110,ortho,cattgggttcaaagatgtattatt,5.0,tgt,5.0,,HWVQRCII,,False,False,11.0,5.0,7.0,276.0,292.0,314.0,345.0,257.0,11.0,True,False,True,True,False,False,1.0,both,0.001846815982184917,0.0016955861977963978,0.001459079453508423,0.0015024578250289876,0.001241327710515576,0.0013242351909176023,-2.7335763757579525,-2.770680127280308,-2.8359210581540135,-2.823197710083465,-2.9061135496210895,-2.878034875132957,C,non-synonymous,-0.04569342869167777,-0.06869084813216343,-0.021396397843980418,-0.05787463336911824,-0.07734732944248399,0.057201974790393635,-0.05787463336911824
111,ortho,cattgggttcaaagatgtattatt,6.0,att,6.0,,HWVQRCII,,False,False,11.0,5.0,7.0,276.0,292.0,314.0,345.0,257.0,11.0,True,False,True,True,False,False,1.0,both,0.001846815982184917,0.0016955861977963978,0.001459079453508423,0.0015024578250289876,0.001241327710515576,0.0013242351909176023,-2.7335763757579525,-2.770680127280308,-2.8359210581540135,-2.823197710083465,-2.9061135496210895,-2.878034875132957,I,non-synonymous,-0.04569342869167777,-0.06869084813216343,-0.021396397843980418,-0.05787463336911824,-0.07734732944248399,0.057201974790393635,-0.05787463336911824
112,ortho,cattgggttcaaagatgtattatt,7.0,att,7.0,,HWVQRCII,,False,False,11.0,5.0,7.0,276.0,292.0,314.0,345.0,257.0,11.0,True,False,True,True,False,False,1.0,both,0.001846815982184917,0.0016955861977963978,0.001459079453508423,0.0015024578250289876,0.001241327710515576,0.0013242351909176023,-2.7335763757579525,-2.770680127280308,-2.8359210581540135,-2.823197710083465,-2.9061135496210895,-2.878034875132957,I,non-synonymous,-0.04569342869167777,-0.06869084813216343,-0.021396397843980418,-0.05787463336911824,-0.07734732944248399,0.057201974790393635,-0.05787463336911824
113,ortho,cattgggttcaaagatgtattgtt,0.0,cat,1.0,,HWVQRCIV,,False,False,11.0,5.0,7.0,302.0,332.0,399.0,359.0,253.0,17.0,True,False,True,True,False,False,1.0,both,0.0019217592394330007,0.001669195751138088,0.002254940973603926,0.0016439937070969358,0.001411372602367025,0.0016827065005609021,-2.7163010222529076,-2.7774927294357847,-2.6468648219339643,-2.784099849191532,-2.8503583173654716,-2.7739916275194236,H,non-synonymous,-0.034567225397999335,-0.036956896961111166,-0.06458820178424647,-0.0467484300754398,-0.045613378271431713,0.014010170850127582,-0.045613378271431713
114,ortho,cattgggttcaaagatgtattgtt,2.0,gtt,2.0,,HWVQRCIV,,False,False,11.0,5.0,7.0,302.0,332.0,399.0,359.0,253.0,17.0,True,False,True,True,False,False,1.0,both,0.0019217592394330007,0.001669195751138088,0.002254940973603926,0.0016439937070969358,0.001411372602367025,0.0016827065005609021,-2.7163010222529076,-2.7774927294357847,-2.6468648219339643,-2.784099849191532,-2.8503583173654716,-2.7739916275194236,V,synonymous,-0.034567225397999335,-0.036956896961111166,-0.06458820178424647,-0.0467484300754398,-0.045613378271431713,0.014010170850127582,-0.045613378271431713
115,ortho,cattgggttcaaagatgtattgtt,3.0,caa,3.0,,HWVQRCIV,,False,False,11.0,5.0,7.0,302.0,332.0,399.0,359.0,253.0,17.0,True,False,True,True,False,False,1.0,both,0.0019217592394330007,0.001669195751138088,0.002254940973603926,0.0016439937070969358,0.001411372602367025,0.0016827065005609021,-2.7163010222529076,-2.7774927294357847,-2.6468648219339643,-2.784099849191532,-2.8503583173654716,-2.7739916275194236,Q,non-synonymous,-0.034567225397999335,-0.036956896961111166,-0.06458820178424647,-0.0467484300754398,-0.045613378271431713,0.014010170850127582,-0.045613378271431713
116,ortho,cattgggttcaaagatgtattgtt,4.0,aga,4.0,,HWVQRCIV,,False,False,11.0,5.0,7.0,302.0,332.0,399.0,359.0,253.0,17.0,True,False,True,True,False,False,1.0,both,0.0019217592394330007,0.001669195751138088,0.002254940973603926,0.0016439937070969358,0.001411372602367025,0.0016827065005609021,-2.7163010222529076,-2.7774927294357847,-2.6468648219339643,-2.784099849191532,-2.8503583173654716,-2.7739916275194236,R,synonymous,-0.034567225397999335,-0.036956896961111166,-0.06458820178424647,-0.0467484300754398,-0.045613378271431713,0.014010170850127582,-0.045613378271431713
117,ortho,cattgggttcaaagatgtattgtt,5.0,tgt,5.0,,HWVQRCIV,,False,False,11.0,5.0,7.0,302.0,332.0,399.0,359.0,253.0,17.0,True,False,True,True,False,False,1.0,both,0.0019217592394330007,0.001669195751138088,0.002254940973603926,0.0016439937070969358,0.001411372602367025,0.0016827065005609021,-2.7163010222529076,-2.7774927294357847,-2.6468648219339643,-2.784099849191532,-2.8503583173654716,-2.7739916275194236,C,non-synonymous,-0.034567225397999335,-0.036956896961111166,-0.06458820178424647,-0.0467484300754398,-0.045613378271431713,0.014010170850127582,-0.045613378271431713
118,ortho,cattgggttcaaagatgtattgtt,6.0,att,6.0,,HWVQRCIV,,False,False,11.0,5.0,7.0,302.0,332.0,399.0,359.0,253.0,17.0,True,False,True,True,False,False,1.0,both,0.0019217592394330007,0.001669195751138088,0.002254940973603926,0.0016439937070969358,0.001411372602367025,0.0016827065005609021,-2.7163010222529076,-2.7774927294357847,-2.6468648219339643,-2.784099849191532,-2.8503583173654716,-2.7739916275194236,I,non-synonymous,-0.034567225397999335,-0.036956896961111166,-0.06458820178424647,-0.0467484300754398,-0.045613378271431713,0.014010170850127582,-0.045613378271431713
119,ortho,cattgggttcaaagatgtattgtt,7.0,gtt,7.0,,HWVQRCIV,,False,False,11.0,5.0,7.0,302.0,332.0,399.0,359.0,253.0,17.0,True,False,True,True,False,False,1.0,both,0.0019217592394330007,0.001669195751138088,0.002254940973603926,0.0016439937070969358,0.001411372602367025,0.0016827065005609021,-2.7163010222529076,-2.7774927294357847,-2.6468648219339643,-2.784099849191532,-2.8503583173654716,-2.7739916275194236,V,non-synonymous,-0.034567225397999335,-0.036956896961111166,-0.06458820178424647,-0.0467484300754398,-0.045613378271431713,0.014010170850127582,-0.045613378271431713
120,single,ccttgggtgagacgttatacattg,0.0,cct,1.0,,PWVRRYTL,,False,False,2.0,1.0,1.0,3.0,4.0,2.0,32.0,28.0,2.0,True,False,True,True,False,False,2.0,both,0.00017129887370990535,0.00018473312660816785,0.00026528717336516777,1.6331063315532474e-05,1.7004489185144878e-05,8.434619050430587e-06,-3.7662454925113207,-3.7334552192693837,-3.576283747648257,-4.78698553742902,-4.769436409741545,-5.073934527542191,P,non-synonymous,-0.5204242137902381,-0.5254421352761824,-0.7608983040881783,-0.5326054184676785,-0.534098616586503,-0.6822999314538042,-0.534098616586503
121,single,cggtgggtgagacgttatacattg,0.0,cgg,1.0,,RWVRRYTL,,False,False,3.0,1.0,1.0,364.0,615.0,562.0,296.0,280.0,21.0,True,False,True,True,False,False,1.0,both,0.0015845145818166246,0.0018473312660816784,0.002785515320334262,0.0019815023489512737,0.002614440212216025,0.002370127953170995,-2.800103759772288,-2.7334552192693837,-2.5550944485783194,-2.7030054084996267,-2.582621285294091,-2.625228207637111,R,non-synonymous,0.04950558506350901,0.07650187577629973,-0.035632244207787156,0.03732438038606854,0.06784539446597918,0.0429661284265869,0.0429661284265869
122,single,cgttgggtgagacgttatacattg,0.0,cgt,1.0,,RWVRRYTL,,False,False,2.0,1.0,1.0,6.0,9.0,3.0,4.0,8.0,1.0,True,False,True,True,False,False,2.0,both,2.141235921373817e-05,5.2780893316619387e-05,0.00013264358668258389,3.266212663106495e-05,3.8260100666575976e-05,1.2651928575645881e-05,-4.669335479503264,-4.277523263619659,-3.8773137433122384,-4.485955541765039,-4.417253891630183,-4.897843268486509,R,non-synonymous,0.09349624362980043,-0.0708703596364228,-0.518491490407404,0.08131503895235996,-0.07952684094674335,-0.43989311777303,-0.07952684094674335
123,single,ctgtgggtgagacgttatacattg,0.0,ctg,1.0,,LWVRRYTL,,False,False,3.0,1.0,1.0,3455.0,5016.0,4808.0,3200.0,2797.0,125.0,True,False,True,True,False,False,1.0,both,0.017129887370990537,0.01845351982582305,0.016580448335322986,0.018807941251721565,0.021323629438171676,0.020276824197235133,-1.7662454925113207,-1.7339207842400755,-1.7804037303041822,-1.7256587404384653,-1.6711388732468477,-1.6930000642114889,L,non-synonymous,0.0206931516432453,0.03184252925863069,0.04440641449519339,0.008511946965804837,0.02318604794831014,0.12300478712956744,0.02318604794831014
124,single,ctttgggtgagacgttatacattg,0.0,ctt,1.0,,LWVRRYTL,,False,False,2.0,1.0,1.0,1.0,6.0,1.0,1.0,2.0,6.0,True,False,True,True,False,False,2.0,both,5.353089803434542e-06,1.3195223329154847e-05,0.0007958615200955034,5.443687771844158e-06,2.550673377771732e-05,4.217309525215294e-06,-5.2713954708312265,-4.8795832549476215,-3.0991624929285946,-5.264106792148683,-4.593345150685864,-5.374964523206172,L,non-synonymous,0.0037161321257249656,0.14517788747897722,-1.1562467889886054,-0.008465072551715499,0.13652140616865668,-1.0776484163542315,-0.008465072551715499
125,ortho,gaatggattagaagatatactttg,0.0,gaa,1.0,,EWIRRYTL,,False,False,6.0,2.0,4.0,1254.0,1288.0,1431.0,952.0,732.0,33.0,True,False,True,True,False,False,1.0,both,0.0050961414928696845,0.004829451738470674,0.004377238360525269,0.006826384465892574,0.005475445517616651,0.006034969930583085,-2.292758522446752,-2.316102169553211,-2.358799803434351,-2.165809255653985,-2.2615805380457146,-2.2193248894463955,E,non-synonymous,0.06472507147223755,0.027652975499471582,0.07086179698300277,0.052543866794797084,0.01899649418915103,0.14946016961737682,0.052543866794797084
126,ortho,gaatggattagaagatatactttg,2.0,att,2.0,,EWIRRYTL,,False,False,6.0,2.0,4.0,1254.0,1288.0,1431.0,952.0,732.0,33.0,True,False,True,True,False,False,1.0,both,0.0050961414928696845,0.004829451738470674,0.004377238360525269,0.006826384465892574,0.005475445517616651,0.006034969930583085,-2.292758522446752,-2.316102169553211,-2.358799803434351,-2.165809255653985,-2.2615805380457146,-2.2193248894463955,I,non-synonymous,0.06472507147223755,0.027652975499471582,0.07086179698300277,0.052543866794797084,0.01899649418915103,0.14946016961737682,0.052543866794797084
127,ortho,gaatggattagaagatatactttg,4.0,aga,3.0,,EWIRRYTL,,False,False,6.0,2.0,4.0,1254.0,1288.0,1431.0,952.0,732.0,33.0,True,False,True,True,False,False,1.0,both,0.0050961414928696845,0.004829451738470674,0.004377238360525269,0.006826384465892574,0.005475445517616651,0.006034969930583085,-2.292758522446752,-2.316102169553211,-2.358799803434351,-2.165809255653985,-2.2615805380457146,-2.2193248894463955,R,synonymous,0.06472507147223755,0.027652975499471582,0.07086179698300277,0.052543866794797084,0.01899649418915103,0.14946016961737682,0.052543866794797084
128,ortho,gaatggattagaagatatactttg,6.0,act,4.0,,EWIRRYTL,,False,False,6.0,2.0,4.0,1254.0,1288.0,1431.0,952.0,732.0,33.0,True,False,True,True,False,False,1.0,both,0.0050961414928696845,0.004829451738470674,0.004377238360525269,0.006826384465892574,0.005475445517616651,0.006034969930583085,-2.292758522446752,-2.316102169553211,-2.358799803434351,-2.165809255653985,-2.2615805380457146,-2.2193248894463955,T,synonymous,0.06472507147223755,0.027652975499471582,0.07086179698300277,0.052543866794797084,0.01899649418915103,0.14946016961737682,0.052543866794797084
129,ortho,gaatggattagaagatgtattatt,0.0,gaa,1.0,,EWIRRCII,,False,False,10.0,5.0,6.0,576.0,561.0,580.0,656.0,547.0,26.0,True,False,True,True,False,False,1.0,both,0.0035116269110530597,0.0036088935805238505,0.0034487332537471815,0.003135564156582235,0.002384879608216569,0.00244603952462487,-2.4544916314555665,-2.442625924278172,-2.4623403953414202,-2.5036843087254708,-2.6225335398133462,-2.6115365296432347,E,non-synonymous,-0.02508088177778017,-0.09124783589571234,-0.07580077217654337,-0.03726208645522063,-0.09990431720603289,0.0027976004578306873,-0.03726208645522063
130,ortho,gaatggattagaagatgtattatt,2.0,att,2.0,,EWIRRCII,,False,False,10.0,5.0,6.0,576.0,561.0,580.0,656.0,547.0,26.0,True,False,True,True,False,False,1.0,both,0.0035116269110530597,0.0036088935805238505,0.0034487332537471815,0.003135564156582235,0.002384879608216569,0.00244603952462487,-2.4544916314555665,-2.442625924278172,-2.4623403953414202,-2.5036843087254708,-2.6225335398133462,-2.6115365296432347,I,non-synonymous,-0.02508088177778017,-0.09124783589571234,-0.07580077217654337,-0.03726208645522063,-0.09990431720603289,0.0027976004578306873,-0.03726208645522063
131,ortho,gaatggattagaagatgtattatt,4.0,aga,3.0,,EWIRRCII,,False,False,10.0,5.0,6.0,576.0,561.0,580.0,656.0,547.0,26.0,True,False,True,True,False,False,1.0,both,0.0035116269110530597,0.0036088935805238505,0.0034487332537471815,0.003135564156582235,0.002384879608216569,0.00244603952462487,-2.4544916314555665,-2.442625924278172,-2.4623403953414202,-2.5036843087254708,-2.6225335398133462,-2.6115365296432347,R,synonymous,-0.02508088177778017,-0.09124783589571234,-0.07580077217654337,-0.03726208645522063,-0.09990431720603289,0.0027976004578306873,-0.03726208645522063
132,ortho,gaatggattagaagatgtattatt,5.0,tgt,4.0,,EWIRRCII,,False,False,10.0,5.0,6.0,576.0,561.0,580.0,656.0,547.0,26.0,True,False,True,True,False,False,1.0,both,0.0035116269110530597,0.0036088935805238505,0.0034487332537471815,0.003135564156582235,0.002384879608216569,0.00244603952462487,-2.4544916314555665,-2.442625924278172,-2.4623403953414202,-2.5036843087254708,-2.6225335398133462,-2.6115365296432347,C,non-synonymous,-0.02508088177778017,-0.09124783589571234,-0.07580077217654337,-0.03726208645522063,-0.09990431720603289,0.0027976004578306873,-0.03726208645522063
133,ortho,gaatggattagaagatgtattatt,6.0,att,5.0,,EWIRRCII,,False,False,10.0,5.0,6.0,576.0,561.0,580.0,656.0,547.0,26.0,True,False,True,True,False,False,1.0,both,0.0035116269110530597,0.0036088935805238505,0.0034487332537471815,0.003135564156582235,0.002384879608216569,0.00244603952462487,-2.4544916314555665,-2.442625924278172,-2.4623403953414202,-2.5036843087254708,-2.6225335398133462,-2.6115365296432347,I,non-synonymous,-0.02508088177778017,-0.09124783589571234,-0.07580077217654337,-0.03726208645522063,-0.09990431720603289,0.0027976004578306873,-0.03726208645522063
134,ortho,gaatggattagaagatgtattatt,7.0,att,6.0,,EWIRRCII,,False,False,10.0,5.0,6.0,576.0,561.0,580.0,656.0,547.0,26.0,True,False,True,True,False,False,1.0,both,0.0035116269110530597,0.0036088935805238505,0.0034487332537471815,0.003135564156582235,0.002384879608216569,0.00244603952462487,-2.4544916314555665,-2.442625924278172,-2.4623403953414202,-2.5036843087254708,-2.6225335398133462,-2.6115365296432347,I,non-synonymous,-0.02508088177778017,-0.09124783589571234,-0.07580077217654337,-0.03726208645522063,-0.09990431720603289,0.0027976004578306873,-0.03726208645522063
135,ortho,gaatggattgaaagatgtattatt,0.0,gaa,1.0,,EWIERCII,,False,False,12.0,6.0,7.0,89.0,67.0,79.0,84.0,83.0,3.0,True,False,True,True,False,False,2.0,both,0.0004496595434885016,0.0005476017681599261,0.0003979307600477517,0.0004844882116941301,0.0002848251938511767,0.0003331674524920082,-3.347116184769345,-3.261535158235529,-3.400192488592576,-3.31471678550377,-3.5454215983686814,-3.4773374319157306,E,non-synonymous,0.016518830601402,-0.14398514051353914,-0.03919435514047147,0.004337625923961535,-0.15264162182385968,0.039404017493902585,0.004337625923961535
136,ortho,gaatggattgaaagatgtattatt,2.0,att,2.0,,EWIERCII,,False,False,12.0,6.0,7.0,89.0,67.0,79.0,84.0,83.0,3.0,True,False,True,True,False,False,2.0,both,0.0004496595434885016,0.0005476017681599261,0.0003979307600477517,0.0004844882116941301,0.0002848251938511767,0.0003331674524920082,-3.347116184769345,-3.261535158235529,-3.400192488592576,-3.31471678550377,-3.5454215983686814,-3.4773374319157306,I,non-synonymous,0.016518830601402,-0.14398514051353914,-0.03919435514047147,0.004337625923961535,-0.15264162182385968,0.039404017493902585,0.004337625923961535
137,ortho,gaatggattgaaagatgtattatt,3.0,gaa,3.0,,EWIERCII,,False,False,12.0,6.0,7.0,89.0,67.0,79.0,84.0,83.0,3.0,True,False,True,True,False,False,2.0,both,0.0004496595434885016,0.0005476017681599261,0.0003979307600477517,0.0004844882116941301,0.0002848251938511767,0.0003331674524920082,-3.347116184769345,-3.261535158235529,-3.400192488592576,-3.31471678550377,-3.5454215983686814,-3.4773374319157306,E,non-synonymous,0.016518830601402,-0.14398514051353914,-0.03919435514047147,0.004337625923961535,-0.15264162182385968,0.039404017493902585,0.004337625923961535
138,ortho,gaatggattgaaagatgtattatt,4.0,aga,4.0,,EWIERCII,,False,False,12.0,6.0,7.0,89.0,67.0,79.0,84.0,83.0,3.0,True,False,True,True,False,False,2.0,both,0.0004496595434885016,0.0005476017681599261,0.0003979307600477517,0.0004844882116941301,0.0002848251938511767,0.0003331674524920082,-3.347116184769345,-3.261535158235529,-3.400192488592576,-3.31471678550377,-3.5454215983686814,-3.4773374319157306,R,synonymous,0.016518830601402,-0.14398514051353914,-0.03919435514047147,0.004337625923961535,-0.15264162182385968,0.039404017493902585,0.004337625923961535
139,ortho,gaatggattgaaagatgtattatt,5.0,tgt,5.0,,EWIERCII,,False,False,12.0,6.0,7.0,89.0,67.0,79.0,84.0,83.0,3.0,True,False,True,True,False,False,2.0,both,0.0004496595434885016,0.0005476017681599261,0.0003979307600477517,0.0004844882116941301,0.0002848251938511767,0.0003331674524920082,-3.347116184769345,-3.261535158235529,-3.400192488592576,-3.31471678550377,-3.5454215983686814,-3.4773374319157306,C,non-synonymous,0.016518830601402,-0.14398514051353914,-0.03919435514047147,0.004337625923961535,-0.15264162182385968,0.039404017493902585,0.004337625923961535
140,ortho,gaatggattgaaagatgtattatt,6.0,att,6.0,,EWIERCII,,False,False,12.0,6.0,7.0,89.0,67.0,79.0,84.0,83.0,3.0,True,False,True,True,False,False,2.0,both,0.0004496595434885016,0.0005476017681599261,0.0003979307600477517,0.0004844882116941301,0.0002848251938511767,0.0003331674524920082,-3.347116184769345,-3.261535158235529,-3.400192488592576,-3.31471678550377,-3.5454215983686814,-3.4773374319157306,I,non-synonymous,0.016518830601402,-0.14398514051353914,-0.03919435514047147,0.004337625923961535,-0.15264162182385968,0.039404017493902585,0.004337625923961535
141,ortho,gaatggattgaaagatgtattatt,7.0,att,7.0,,EWIERCII,,False,False,12.0,6.0,7.0,89.0,67.0,79.0,84.0,83.0,3.0,True,False,True,True,False,False,2.0,both,0.0004496595434885016,0.0005476017681599261,0.0003979307600477517,0.0004844882116941301,0.0002848251938511767,0.0003331674524920082,-3.347116184769345,-3.261535158235529,-3.400192488592576,-3.31471678550377,-3.5454215983686814,-3.4773374319157306,I,non-synonymous,0.016518830601402,-0.14398514051353914,-0.03919435514047147,0.004337625923961535,-0.15264162182385968,0.039404017493902585,0.004337625923961535
142,ortho,gaatgggttaaaagatgtattttg,0.0,gaa,1.0,,EWVKRCIL,,False,False,8.0,4.0,6.0,321.0,318.0,335.0,326.0,199.0,15.0,True,False,True,True,False,False,1.0,both,0.001745107275919661,0.0013129247212509071,0.0019896538002387586,0.0017474237747619747,0.0013518568902190179,0.0014127986909471233,-2.7581778707632876,-2.881760174201896,-2.701222484256557,-2.7576017597438107,-2.869069281085075,-2.849919716169327,E,non-synonymous,0.0002937301479059543,0.006436728812445974,-0.07554729921286851,-0.01188747452953451,-0.002219752497874575,0.00305107342150554,-0.002219752497874575
143,ortho,gaatgggttaaaagatgtattttg,2.0,gtt,2.0,,EWVKRCIL,,False,False,8.0,4.0,6.0,321.0,318.0,335.0,326.0,199.0,15.0,True,False,True,True,False,False,1.0,both,0.001745107275919661,0.0013129247212509071,0.0019896538002387586,0.0017474237747619747,0.0013518568902190179,0.0014127986909471233,-2.7581778707632876,-2.881760174201896,-2.701222484256557,-2.7576017597438107,-2.869069281085075,-2.849919716169327,V,synonymous,0.0002937301479059543,0.006436728812445974,-0.07554729921286851,-0.01188747452953451,-0.002219752497874575,0.00305107342150554,-0.002219752497874575
144,ortho,gaatgggttaaaagatgtattttg,3.0,aaa,3.0,,EWVKRCIL,,False,False,8.0,4.0,6.0,321.0,318.0,335.0,326.0,199.0,15.0,True,False,True,True,False,False,1.0,both,0.001745107275919661,0.0013129247212509071,0.0019896538002387586,0.0017474237747619747,0.0013518568902190179,0.0014127986909471233,-2.7581778707632876,-2.881760174201896,-2.701222484256557,-2.7576017597438107,-2.869069281085075,-2.849919716169327,K,non-synonymous,0.0002937301479059543,0.006436728812445974,-0.07554729921286851,-0.01188747452953451,-0.002219752497874575,0.00305107342150554,-0.002219752497874575
145,ortho,gaatgggttaaaagatgtattttg,4.0,aga,4.0,,EWVKRCIL,,False,False,8.0,4.0,6.0,321.0,318.0,335.0,326.0,199.0,15.0,True,False,True,True,False,False,1.0,both,0.001745107275919661,0.0013129247212509071,0.0019896538002387586,0.0017474237747619747,0.0013518568902190179,0.0014127986909471233,-2.7581778707632876,-2.881760174201896,-2.701222484256557,-2.7576017597438107,-2.869069281085075,-2.849919716169327,R,synonymous,0.0002937301479059543,0.006436728812445974,-0.07554729921286851,-0.01188747452953451,-0.002219752497874575,0.00305107342150554,-0.002219752497874575
146,ortho,gaatgggttaaaagatgtattttg,5.0,tgt,5.0,,EWVKRCIL,,False,False,8.0,4.0,6.0,321.0,318.0,335.0,326.0,199.0,15.0,True,False,True,True,False,False,1.0,both,0.001745107275919661,0.0013129247212509071,0.0019896538002387586,0.0017474237747619747,0.0013518568902190179,0.0014127986909471233,-2.7581778707632876,-2.881760174201896,-2.701222484256557,-2.7576017597438107,-2.869069281085075,-2.849919716169327,C,non-synonymous,0.0002937301479059543,0.006436728812445974,-0.07554729921286851,-0.01188747452953451,-0.002219752497874575,0.00305107342150554,-0.002219752497874575
147,ortho,gaatgggttaaaagatgtattttg,6.0,att,6.0,,EWVKRCIL,,False,False,8.0,4.0,6.0,321.0,318.0,335.0,326.0,199.0,15.0,True,False,True,True,False,False,1.0,both,0.001745107275919661,0.0013129247212509071,0.0019896538002387586,0.0017474237747619747,0.0013518568902190179,0.0014127986909471233,-2.7581778707632876,-2.881760174201896,-2.701222484256557,-2.7576017597438107,-2.869069281085075,-2.849919716169327,I,non-synonymous,0.0002937301479059543,0.006436728812445974,-0.07554729921286851,-0.01188747452953451,-0.002219752497874575,0.00305107342150554,-0.002219752497874575
148,ortho,gaatgggttgaaagatgtattgtt,0.0,gaa,1.0,,EWVERCIV,,False,False,11.0,5.0,7.0,522.0,508.0,584.0,469.0,410.0,16.0,True,False,True,True,False,False,1.0,both,0.0025105991178108003,0.0027050207824767434,0.002122297386921342,0.0028416050169026504,0.0021595701265133996,0.0024629087627257313,-2.6002226281161436,-2.5678293938918673,-2.673193760656314,-2.5464362891464205,-2.6656326887855886,-2.6085516760937724,E,non-synonymous,0.027422959753901077,-0.04960512080589164,0.0328421372837302,0.015241755076460613,-0.05826160211621219,0.11144050991810425,0.015241755076460613
149,ortho,gaatgggttgaaagatgtattgtt,2.0,gtt,2.0,,EWVERCIV,,False,False,11.0,5.0,7.0,522.0,508.0,584.0,469.0,410.0,16.0,True,False,True,True,False,False,1.0,both,0.0025105991178108003,0.0027050207824767434,0.002122297386921342,0.0028416050169026504,0.0021595701265133996,0.0024629087627257313,-2.6002226281161436,-2.5678293938918673,-2.673193760656314,-2.5464362891464205,-2.6656326887855886,-2.6085516760937724,V,synonymous,0.027422959753901077,-0.04960512080589164,0.0328421372837302,0.015241755076460613,-0.05826160211621219,0.11144050991810425,0.015241755076460613
150,ortho,gaatgggttgaaagatgtattgtt,3.0,gaa,3.0,,EWVERCIV,,False,False,11.0,5.0,7.0,522.0,508.0,584.0,469.0,410.0,16.0,True,False,True,True,False,False,1.0,both,0.0025105991178108003,0.0027050207824767434,0.002122297386921342,0.0028416050169026504,0.0021595701265133996,0.0024629087627257313,-2.6002226281161436,-2.5678293938918673,-2.673193760656314,-2.5464362891464205,-2.6656326887855886,-2.6085516760937724,E,non-synonymous,0.027422959753901077,-0.04960512080589164,0.0328421372837302,0.015241755076460613,-0.05826160211621219,0.11144050991810425,0.015241755076460613
151,ortho,gaatgggttgaaagatgtattgtt,4.0,aga,4.0,,EWVERCIV,,False,False,11.0,5.0,7.0,522.0,508.0,584.0,469.0,410.0,16.0,True,False,True,True,False,False,1.0,both,0.0025105991178108003,0.0027050207824767434,0.002122297386921342,0.0028416050169026504,0.0021595701265133996,0.0024629087627257313,-2.6002226281161436,-2.5678293938918673,-2.673193760656314,-2.5464362891464205,-2.6656326887855886,-2.6085516760937724,R,synonymous,0.027422959753901077,-0.04960512080589164,0.0328421372837302,0.015241755076460613,-0.05826160211621219,0.11144050991810425,0.015241755076460613
152,ortho,gaatgggttgaaagatgtattgtt,5.0,tgt,5.0,,EWVERCIV,,False,False,11.0,5.0,7.0,522.0,508.0,584.0,469.0,410.0,16.0,True,False,True,True,False,False,1.0,both,0.0025105991178108003,0.0027050207824767434,0.002122297386921342,0.0028416050169026504,0.0021595701265133996,0.0024629087627257313,-2.6002226281161436,-2.5678293938918673,-2.673193760656314,-2.5464362891464205,-2.6656326887855886,-2.6085516760937724,C,non-synonymous,0.027422959753901077,-0.04960512080589164,0.0328421372837302,0.015241755076460613,-0.05826160211621219,0.11144050991810425,0.015241755076460613
153,ortho,gaatgggttgaaagatgtattgtt,6.0,att,6.0,,EWVERCIV,,False,False,11.0,5.0,7.0,522.0,508.0,584.0,469.0,410.0,16.0,True,False,True,True,False,False,1.0,both,0.0025105991178108003,0.0027050207824767434,0.002122297386921342,0.0028416050169026504,0.0021595701265133996,0.0024629087627257313,-2.6002226281161436,-2.5678293938918673,-2.673193760656314,-2.5464362891464205,-2.6656326887855886,-2.6085516760937724,I,non-synonymous,0.027422959753901077,-0.04960512080589164,0.0328421372837302,0.015241755076460613,-0.05826160211621219,0.11144050991810425,0.015241755076460613
154,ortho,gaatgggttgaaagatgtattgtt,7.0,gtt,7.0,,EWVERCIV,,False,False,11.0,5.0,7.0,522.0,508.0,584.0,469.0,410.0,16.0,True,False,True,True,False,False,1.0,both,0.0025105991178108003,0.0027050207824767434,0.002122297386921342,0.0028416050169026504,0.0021595701265133996,0.0024629087627257313,-2.6002226281161436,-2.5678293938918673,-2.673193760656314,-2.5464362891464205,-2.6656326887855886,-2.6085516760937724,V,non-synonymous,0.027422959753901077,-0.04960512080589164,0.0328421372837302,0.015241755076460613,-0.05826160211621219,0.11144050991810425,0.015241755076460613
155,ortho,gaatgggttgaaagatgtgttgtt,0.0,gaa,1.0,,EWVERCVV,,False,False,12.0,5.0,7.0,1584.0,1580.0,1743.0,1559.0,1195.0,52.0,True,False,True,True,False,False,1.0,both,0.008345467003554452,0.00788414593917002,0.006897466507494363,0.008622801430601146,0.006716773228132227,0.007350770502450257,-2.078549355642385,-2.1032453453274464,-2.1613103996774394,-2.064351614895208,-2.1728393141150852,-2.1336671360961788,E,non-synonymous,0.00723871675529586,-0.03529755549466566,0.014044470620803355,-0.004942487922144604,-0.043954036804986205,0.09264284325517741,-0.004942487922144604
156,ortho,gaatgggttgaaagatgtgttgtt,2.0,gtt,2.0,,EWVERCVV,,False,False,12.0,5.0,7.0,1584.0,1580.0,1743.0,1559.0,1195.0,52.0,True,False,True,True,False,False,1.0,both,0.008345467003554452,0.00788414593917002,0.006897466507494363,0.008622801430601146,0.006716773228132227,0.007350770502450257,-2.078549355642385,-2.1032453453274464,-2.1613103996774394,-2.064351614895208,-2.1728393141150852,-2.1336671360961788,V,synonymous,0.00723871675529586,-0.03529755549466566,0.014044470620803355,-0.004942487922144604,-0.043954036804986205,0.09264284325517741,-0.004942487922144604
157,ortho,gaatgggttgaaagatgtgttgtt,3.0,gaa,3.0,,EWVERCVV,,False,False,12.0,5.0,7.0,1584.0,1580.0,1743.0,1559.0,1195.0,52.0,True,False,True,True,False,False,1.0,both,0.008345467003554452,0.00788414593917002,0.006897466507494363,0.008622801430601146,0.006716773228132227,0.007350770502450257,-2.078549355642385,-2.1032453453274464,-2.1613103996774394,-2.064351614895208,-2.1728393141150852,-2.1336671360961788,E,non-synonymous,0.00723871675529586,-0.03529755549466566,0.014044470620803355,-0.004942487922144604,-0.043954036804986205,0.09264284325517741,-0.004942487922144604
158,ortho,gaatgggttgaaagatgtgttgtt,4.0,aga,4.0,,EWVERCVV,,False,False,12.0,5.0,7.0,1584.0,1580.0,1743.0,1559.0,1195.0,52.0,True,False,True,True,False,False,1.0,both,0.008345467003554452,0.00788414593917002,0.006897466507494363,0.008622801430601146,0.006716773228132227,0.007350770502450257,-2.078549355642385,-2.1032453453274464,-2.1613103996774394,-2.064351614895208,-2.1728393141150852,-2.1336671360961788,R,synonymous,0.00723871675529586,-0.03529755549466566,0.014044470620803355,-0.004942487922144604,-0.043954036804986205,0.09264284325517741,-0.004942487922144604
159,ortho,gaatgggttgaaagatgtgttgtt,5.0,tgt,5.0,,EWVERCVV,,False,False,12.0,5.0,7.0,1584.0,1580.0,1743.0,1559.0,1195.0,52.0,True,False,True,True,False,False,1.0,both,0.008345467003554452,0.00788414593917002,0.006897466507494363,0.008622801430601146,0.006716773228132227,0.007350770502450257,-2.078549355642385,-2.1032453453274464,-2.1613103996774394,-2.064351614895208,-2.1728393141150852,-2.1336671360961788,C,non-synonymous,0.00723871675529586,-0.03529755549466566,0.014044470620803355,-0.004942487922144604,-0.043954036804986205,0.09264284325517741,-0.004942487922144604
160,ortho,gaatgggttgaaagatgtgttgtt,6.0,gtt,6.0,,EWVERCVV,,False,False,12.0,5.0,7.0,1584.0,1580.0,1743.0,1559.0,1195.0,52.0,True,False,True,True,False,False,1.0,both,0.008345467003554452,0.00788414593917002,0.006897466507494363,0.008622801430601146,0.006716773228132227,0.007350770502450257,-2.078549355642385,-2.1032453453274464,-2.1613103996774394,-2.064351614895208,-2.1728393141150852,-2.1336671360961788,V,non-synonymous,0.00723871675529586,-0.03529755549466566,0.014044470620803355,-0.004942487922144604,-0.043954036804986205,0.09264284325517741,-0.004942487922144604
161,ortho,gaatgggttgaaagatgtgttgtt,7.0,gtt,7.0,,EWVERCVV,,False,False,12.0,5.0,7.0,1584.0,1580.0,1743.0,1559.0,1195.0,52.0,True,False,True,True,False,False,1.0,both,0.008345467003554452,0.00788414593917002,0.006897466507494363,0.008622801430601146,0.006716773228132227,0.007350770502450257,-2.078549355642385,-2.1032453453274464,-2.1613103996774394,-2.064351614895208,-2.1728393141150852,-2.1336671360961788,V,non-synonymous,0.00723871675529586,-0.03529755549466566,0.014044470620803355,-0.004942487922144604,-0.043954036804986205,0.09264284325517741,-0.004942487922144604
162,ortho,gaatgggttgaaagatgtgttttg,0.0,gaa,1.0,,EWVERCVL,,False,False,10.0,4.0,6.0,92.0,107.0,112.0,105.0,84.0,7.0,True,False,True,True,False,False,2.0,both,0.000562074429360627,0.0005541993798245036,0.0009285051067780873,0.0005008192750096625,0.0004548700857026255,0.0004723386668241129,-3.2502061717612887,-3.256333964549721,-3.0322157032979815,-3.3003189648031275,-3.342112623384298,-3.3257465005359905,E,non-synonymous,-0.02555000271566174,-0.04350631273394579,-0.14913161920956608,-0.037731207393102206,-0.05216279404426634,-0.07053324657519203,-0.05216279404426634
163,ortho,gaatgggttgaaagatgtgttttg,2.0,gtt,2.0,,EWVERCVL,,False,False,10.0,4.0,6.0,92.0,107.0,112.0,105.0,84.0,7.0,True,False,True,True,False,False,2.0,both,0.000562074429360627,0.0005541993798245036,0.0009285051067780873,0.0005008192750096625,0.0004548700857026255,0.0004723386668241129,-3.2502061717612887,-3.256333964549721,-3.0322157032979815,-3.3003189648031275,-3.342112623384298,-3.3257465005359905,V,synonymous,-0.02555000271566174,-0.04350631273394579,-0.14913161920956608,-0.037731207393102206,-0.05216279404426634,-0.07053324657519203,-0.05216279404426634
164,ortho,gaatgggttgaaagatgtgttttg,3.0,gaa,3.0,,EWVERCVL,,False,False,10.0,4.0,6.0,92.0,107.0,112.0,105.0,84.0,7.0,True,False,True,True,False,False,2.0,both,0.000562074429360627,0.0005541993798245036,0.0009285051067780873,0.0005008192750096625,0.0004548700857026255,0.0004723386668241129,-3.2502061717612887,-3.256333964549721,-3.0322157032979815,-3.3003189648031275,-3.342112623384298,-3.3257465005359905,E,non-synonymous,-0.02555000271566174,-0.04350631273394579,-0.14913161920956608,-0.037731207393102206,-0.05216279404426634,-0.07053324657519203,-0.05216279404426634
165,ortho,gaatgggttgaaagatgtgttttg,4.0,aga,4.0,,EWVERCVL,,False,False,10.0,4.0,6.0,92.0,107.0,112.0,105.0,84.0,7.0,True,False,True,True,False,False,2.0,both,0.000562074429360627,0.0005541993798245036,0.0009285051067780873,0.0005008192750096625,0.0004548700857026255,0.0004723386668241129,-3.2502061717612887,-3.256333964549721,-3.0322157032979815,-3.3003189648031275,-3.342112623384298,-3.3257465005359905,R,synonymous,-0.02555000271566174,-0.04350631273394579,-0.14913161920956608,-0.037731207393102206,-0.05216279404426634,-0.07053324657519203,-0.05216279404426634
166,ortho,gaatgggttgaaagatgtgttttg,5.0,tgt,5.0,,EWVERCVL,,False,False,10.0,4.0,6.0,92.0,107.0,112.0,105.0,84.0,7.0,True,False,True,True,False,False,2.0,both,0.000562074429360627,0.0005541993798245036,0.0009285051067780873,0.0005008192750096625,0.0004548700857026255,0.0004723386668241129,-3.2502061717612887,-3.256333964549721,-3.0322157032979815,-3.3003189648031275,-3.342112623384298,-3.3257465005359905,C,non-synonymous,-0.02555000271566174,-0.04350631273394579,-0.14913161920956608,-0.037731207393102206,-0.05216279404426634,-0.07053324657519203,-0.05216279404426634
167,ortho,gaatgggttgaaagatgtgttttg,6.0,gtt,6.0,,EWVERCVL,,False,False,10.0,4.0,6.0,92.0,107.0,112.0,105.0,84.0,7.0,True,False,True,True,False,False,2.0,both,0.000562074429360627,0.0005541993798245036,0.0009285051067780873,0.0005008192750096625,0.0004548700857026255,0.0004723386668241129,-3.2502061717612887,-3.256333964549721,-3.0322157032979815,-3.3003189648031275,-3.342112623384298,-3.3257465005359905,V,non-synonymous,-0.02555000271566174,-0.04350631273394579,-0.14913161920956608,-0.037731207393102206,-0.05216279404426634,-0.07053324657519203,-0.05216279404426634
168,ortho,gaatggttgaaaagatgtattttg,0.0,gaa,1.0,,EWLKRCIL,,False,False,8.0,5.0,6.0,61.0,86.0,81.0,69.0,58.0,2.0,True,False,True,True,False,False,2.0,both,0.0003693631964369834,0.00038266147654549053,0.00026528717336516777,0.00033206495408249364,0.0003655965174806149,0.0003416020715424388,-3.4325463800939713,-3.4171852570486654,-3.576283747648257,-3.4787769571379155,-3.43699794982594,-3.466479504327522,E,non-synonymous,-0.023570655262284364,-0.010048853873222779,0.05578727941526536,-0.03575185993972483,-0.01870533518354333,0.13438565204963943,-0.01870533518354333
169,ortho,gaatggttgaaaagatgtattttg,2.0,ttg,2.0,,EWLKRCIL,,False,False,8.0,5.0,6.0,61.0,86.0,81.0,69.0,58.0,2.0,True,False,True,True,False,False,2.0,both,0.0003693631964369834,0.00038266147654549053,0.00026528717336516777,0.00033206495408249364,0.0003655965174806149,0.0003416020715424388,-3.4325463800939713,-3.4171852570486654,-3.576283747648257,-3.4787769571379155,-3.43699794982594,-3.466479504327522,L,non-synonymous,-0.023570655262284364,-0.010048853873222779,0.05578727941526536,-0.03575185993972483,-0.01870533518354333,0.13438565204963943,-0.01870533518354333
170,ortho,gaatggttgaaaagatgtattttg,3.0,aaa,3.0,,EWLKRCIL,,False,False,8.0,5.0,6.0,61.0,86.0,81.0,69.0,58.0,2.0,True,False,True,True,False,False,2.0,both,0.0003693631964369834,0.00038266147654549053,0.00026528717336516777,0.00033206495408249364,0.0003655965174806149,0.0003416020715424388,-3.4325463800939713,-3.4171852570486654,-3.576283747648257,-3.4787769571379155,-3.43699794982594,-3.466479504327522,K,non-synonymous,-0.023570655262284364,-0.010048853873222779,0.05578727941526536,-0.03575185993972483,-0.01870533518354333,0.13438565204963943,-0.01870533518354333
171,ortho,gaatggttgaaaagatgtattttg,4.0,aga,4.0,,EWLKRCIL,,False,False,8.0,5.0,6.0,61.0,86.0,81.0,69.0,58.0,2.0,True,False,True,True,False,False,2.0,both,0.0003693631964369834,0.00038266147654549053,0.00026528717336516777,0.00033206495408249364,0.0003655965174806149,0.0003416020715424388,-3.4325463800939713,-3.4171852570486654,-3.576283747648257,-3.4787769571379155,-3.43699794982594,-3.466479504327522,R,synonymous,-0.023570655262284364,-0.010048853873222779,0.05578727941526536,-0.03575185993972483,-0.01870533518354333,0.13438565204963943,-0.01870533518354333
172,ortho,gaatggttgaaaagatgtattttg,5.0,tgt,5.0,,EWLKRCIL,,False,False,8.0,5.0,6.0,61.0,86.0,81.0,69.0,58.0,2.0,True,False,True,True,False,False,2.0,both,0.0003693631964369834,0.00038266147654549053,0.00026528717336516777,0.00033206495408249364,0.0003655965174806149,0.0003416020715424388,-3.4325463800939713,-3.4171852570486654,-3.576283747648257,-3.4787769571379155,-3.43699794982594,-3.466479504327522,C,non-synonymous,-0.023570655262284364,-0.010048853873222779,0.05578727941526536,-0.03575185993972483,-0.01870533518354333,0.13438565204963943,-0.01870533518354333
173,ortho,gaatggttgaaaagatgtattttg,6.0,att,6.0,,EWLKRCIL,,False,False,8.0,5.0,6.0,61.0,86.0,81.0,69.0,58.0,2.0,True,False,True,True,False,False,2.0,both,0.0003693631964369834,0.00038266147654549053,0.00026528717336516777,0.00033206495408249364,0.0003655965174806149,0.0003416020715424388,-3.4325463800939713,-3.4171852570486654,-3.576283747648257,-3.4787769571379155,-3.43699794982594,-3.466479504327522,I,non-synonymous,-0.023570655262284364,-0.010048853873222779,0.05578727941526536,-0.03575185993972483,-0.01870533518354333,0.13438565204963943,-0.01870533518354333
174,single,gataatgtgagacgttatacattg,1.0,aat,1.0,,DNVRRYTL,,False,False,3.0,1.0,1.0,1623.0,2247.0,2191.0,1694.0,1372.0,56.0,True,False,True,True,False,False,1.0,both,0.009068134127018115,0.009051923203800225,0.007428040854224698,0.008835105253703068,0.009552271799755135,0.009240125169746708,-2.0424820648365385,-2.04325913924087,-2.129125716306038,-2.0537882723224508,-2.0198933286503786,-2.0343221456454668,N,non-synonymous,-0.005764468799967206,0.011850969421105823,0.04816601914515832,-0.01794567347740767,0.003194488110785274,0.12676439177953236,0.003194488110785274
175,single,gatagggtgagacgttatacattg,1.0,agg,1.0,,DRVRRYTL,,False,False,1.0,1.0,1.0,2510.0,3707.0,3599.0,2776.0,2101.0,106.0,True,False,True,True,False,False,1.0,both,0.01486017729433429,0.013861582107277165,0.014060220188353893,0.013663656307328837,0.015758910352333014,0.015178096981249842,-1.8279760090484094,-1.8581871982056501,-1.8520078780474682,-1.8644330706676444,-1.802473815039944,-1.8187826765532606,R,non-synonymous,-0.018587629362402935,0.028257423284593245,0.016880436887777607,-0.0307688340398434,0.019600941974272694,0.09547880952215165,0.019600941974272694
176,single,gatagtgtgagacgttatacattg,1.0,agt,1.0,,DSVRRYTL,,False,False,2.0,1.0,1.0,1743.0,2697.0,2461.0,1983.0,1725.0,71.0,True,False,True,True,False,False,1.0,both,0.010615177080210697,0.011380880121396054,0.009417694654463456,0.009488347786324368,0.011465276833083933,0.010378798741554838,-1.974072756625924,-1.9438241512023098,-2.026055394593163,-2.0228094050386893,-1.9406154546166166,-1.9838529095033695,S,non-synonymous,-0.02484837550880037,0.0016274276028811637,0.021441446673840018,-0.037029580186240835,-0.007029053707439385,0.10003981930821407,-0.007029053707439385
177,single,gatatggtgagacgttatacattg,1.0,atg,1.0,,DMVRRYTL,,False,False,2.0,1.0,1.0,6.0,9.0,6.0,5.0,2.0,2.0,True,False,True,True,False,False,2.0,both,2.6765449017172712e-05,1.3195223329154847e-05,0.00026528717336516777,3.266212663106495e-05,3.8260100666575976e-05,2.5303857151291762e-05,-4.572425466495208,-4.8795832549476215,-3.576283747648257,-4.485955541765039,-4.417253891630183,-4.596813272822528,M,non-synonymous,0.04408668281239766,0.23449009508722418,-0.518491490407404,0.03190547813495719,0.22583361377690364,-0.43989311777303,0.03190547813495719
178,single,gatattgtgagacgttatacattg,1.0,att,1.0,,DIVRRYTL,,False,False,3.0,1.0,1.0,372.0,611.0,530.0,399.0,373.0,9.0,True,False,True,True,False,False,2.0,both,0.0021358828315703824,0.002460909150887379,0.001193792280143255,0.002025051851126027,0.0025974357230308803,0.0022351740483641056,-2.6704225751444786,-2.608904418802915,-2.9230712338729137,-2.6935638522667853,-2.5854551908269534,-2.650688653605383,I,non-synonymous,-0.011798577916524803,0.011893278113140001,0.13838702998799515,-0.023979782593965267,0.0032367968028194517,0.2169854026223692,0.0032367968028194517
179,single,gatcaggtgagacgttatacattg,1.0,cag,1.0,,DQVRRYTL,,False,False,2.0,1.0,1.0,1348.0,1754.0,1846.0,1216.0,953.0,44.0,True,False,True,True,False,False,1.0,both,0.006509357200976403,0.006287523916342284,0.005836317814033692,0.0073380911164459255,0.0074564685076860295,0.007785153383547432,-2.1864618958945106,-2.2015203499732765,-2.233861066826051,-2.1344168999493816,-2.127466812039486,-2.108732826516279,Q,non-synonymous,0.026535136180185485,0.037559416574882445,0.06357280824304493,0.014353931502745021,0.028902935264561898,0.14217118087741898,0.028902935264561898
180,single,gatcatgtgagacgttatacattg,1.0,cat,1.0,,DHVRRYTL,,False,False,3.0,1.0,1.0,1671.0,2192.0,2110.0,1451.0,1138.0,49.0,True,False,True,True,False,False,1.0,both,0.007767333304783521,0.007508082074289107,0.0064995357474466105,0.009096402266751588,0.009318460073459394,0.00889852309820427,-2.109728058393491,-2.1244709885525506,-2.1871176632837246,-2.041130342255291,-2.030655851257176,-2.0506820679084794,H,non-synonymous,0.034974538979615284,0.04758235623876827,0.0693176370165797,0.02279333430217482,0.03892587492844772,0.14791600965095375,0.03892587492844772
181,single,gatcctgtgagacgttatacattg,1.0,cct,1.0,,DPVRRYTL,,False,False,3.0,1.0,1.0,2.0,1.0,3.0,1.0,4.0,1.0,True,False,True,True,False,False,3.0,both,5.353089803434542e-06,2.6390446658309693e-05,0.00013264358668258389,1.0887375543688316e-05,4.2511222962862195e-06,1.2651928575645881e-05,-5.2713954708312265,-4.57855325928364,-3.8773137433122384,-4.963076796484701,-5.371496401069508,-4.897843268486509,P,non-synonymous,0.15719624648073457,-0.40217500221474023,-0.518491490407404,0.1450150418032941,-0.41083148352506077,-0.43989311777303,-0.41083148352506077
182,single,gatcgtgtgagacgttatacattg,1.0,cgt,1.0,,DRVRRYTL,,False,False,2.0,1.0,1.0,2056.0,2980.0,2674.0,2011.0,1660.0,81.0,True,False,True,True,False,False,1.0,both,0.010765063594706865,0.010952035363198522,0.010744130521289296,0.011192222058911589,0.012668344442932935,0.011277085670425695,-1.9679834002344847,-1.9605051625715477,-1.9688287244335887,-1.9510836818254444,-1.8972801369932526,-1.9478031202802064,R,non-synonymous,0.008616319806489291,0.03206727375775012,0.010682294402351248,-0.003564884870951173,0.023410792447429572,0.0892806670367253,0.023410792447429572
183,single,gatcttgtgagacgttatacattg,1.0,ctt,1.0,,DLVRRYTL,,False,False,3.0,1.0,1.0,2720.0,3867.0,3820.0,2834.0,2450.0,101.0,True,False,True,True,False,False,1.0,both,0.015170656502933493,0.016164148578214688,0.013397002254940974,0.01480683073941611,0.01643908991973881,0.016110122386322423,-1.818995624919785,-1.7914471662470701,-1.8729923695295958,-1.829537888114484,-1.7841222289964422,-1.7929011602944631,L,non-synonymous,-0.005374971876520539,0.0037151549710857435,0.04069123863688693,-0.017556176553961002,-0.004941326339234806,0.11928961127126098,-0.004941326339234806
184,single,gatggggtgagacgttatacattg,1.0,ggg,1.0,,DGVRRYTL,,False,False,1.0,1.0,1.0,835.0,1259.0,1227.0,966.0,839.0,44.0,True,False,True,True,False,False,1.0,both,0.005171084750117768,0.005535396186580458,0.005836317814033692,0.004545479289489872,0.00535216297102435,0.005174638787439166,-2.286418344415733,-2.2568512897829023,-2.233861066826051,-2.3424203166650805,-2.2714706709616452,-2.2861199604791675,G,non-synonymous,-0.028552600168556295,-0.007414843950471727,-0.026550718023194378,-0.04073380484599676,-0.016071325260792278,0.052047654611179675,-0.016071325260792278
185,single,gatggtgtgagacgttatacattg,1.0,ggt,1.0,,DGVRRYTL,,False,False,2.0,1.0,1.0,757.0,1164.0,1124.0,886.0,776.0,39.0,True,False,True,True,False,False,1.0,both,0.004742837565843005,0.00511974665171208,0.005173099880620772,0.004120871643286028,0.004948306352877159,0.00474025590634199,-2.3239617489441757,-2.290751529353414,-2.2862491362857393,-2.38501091264861,-2.305543420755638,-2.3241982119731297,G,non-synonymous,-0.03112591024680854,-0.007502339882846266,-0.019280454242005834,-0.043307114924249004,-0.016158821193166816,0.05931791839236822,-0.016158821193166816
186,single,gatgtggtgagacgttatacattg,1.0,gtg,1.0,,DVVRRYTL,,False,False,2.0,1.0,1.0,1363.0,2009.0,1911.0,1280.0,1053.0,42.0,True,False,True,True,False,False,1.0,both,0.006851954948396214,0.0069472850828000265,0.005571030640668524,0.007419746433023587,0.008540504693239016,0.008059278502686427,-2.164185501183358,-2.1581848794261163,-2.254064452914338,-2.129610936314009,-2.0685164643212586,-2.093703836151159,V,non-synonymous,0.017627838575414556,0.045479168862181715,0.08147301291845795,0.005446633897974092,0.03682268755186117,0.160071385552832,0.03682268755186117
187,single,gattaggtgagacgttatacattg,1.0,tag,1.0,,D*VRRYTL,,True,False,1.0,1.0,1.0,11.0,3.0,4.0,170.0,139.0,14.0,True,False,True,True,False,False,1.0,both,0.0009100252665838722,0.0009170680213762618,0.0018570102135561746,5.988056549028574e-05,1.275336688885866e-05,1.6869238100861175e-05,-3.040946549452953,-3.0375984503575078,-2.7311857076340003,-4.222714106990457,-4.894375146349845,-4.7729045318782095,*,stop,-0.6025240756218728,-0.9417436540798715,-1.0373181863547338,-0.6147052802993133,-0.9504001353901921,-0.9587198137203597,-0.9504001353901921
188,single,gattatgtgagacgttatacattg,1.0,tat,1.0,,DYVRRYTL,,False,False,2.0,1.0,1.0,233.0,350.0,293.0,313.0,232.0,10.0,True,False,True,True,False,False,2.0,both,0.0016755171084750118,0.0015306459061819621,0.001326435866825839,0.001268379250839689,0.001487892803700177,0.001235671690888081,-2.775851133284778,-2.815125265720703,-2.8773137433122384,-2.8967508711226637,-2.827428356719232,-2.9080969028520625,Y,non-synonymous,-0.06164071971605711,-0.006240038394729875,-0.015639730037724037,-0.07382192439349758,-0.014896519705050425,0.06295864259665002,-0.014896519705050425
189,single,gattcggtgagacgttatacattg,1.0,tcg,1.0,,DSVRRYTL,,False,False,1.0,1.0,1.0,918.0,1324.0,1211.0,1096.0,898.0,45.0,True,False,True,True,False,False,1.0,both,0.005866986424564258,0.005924655274790525,0.005968961400716275,0.004997305374552937,0.005628485920282955,0.005107161835035721,-2.2315849166828765,-2.2273369139442982,-2.224101229536895,-2.3012641109474403,-2.2496084159658265,-2.2918203800631196,S,non-synonymous,-0.03552593049839322,-0.011295944063102217,-0.03440547521588837,-0.047707135175833686,-0.019952425373422768,0.044192897418485685,-0.019952425373422768
190,single,gattctgtgagacgttatacattg,1.0,tct,1.0,,DSVRRYTL,,False,False,2.0,1.0,1.0,2699.0,3768.0,3648.0,3095.0,2614.0,126.0,True,False,True,True,False,False,1.0,both,0.016567812941629907,0.017246156891205382,0.016713091922005572,0.014692513296207382,0.016018228812406474,0.015384745147985391,-1.7807348174750899,-1.7633076673670773,-1.7769431981946755,-1.832903907592166,-1.795385506948668,-1.8129096935497935,S,non-synonymous,-0.026598405581825194,-0.016269647248243927,-0.018273182030888884,-0.03877961025926566,-0.024926128558564478,0.060325190603485165,-0.024926128558564478
191,single,gattggaagagacgttatacattg,2.0,aag,1.0,,DWKRRYTL,,False,False,2.0,1.0,1.0,157.0,219.0,228.0,213.0,200.0,9.0,True,False,True,True,False,False,2.0,both,0.0011402081281315576,0.0013195223329154845,0.001193792280143255,0.0008546589801795328,0.0009309957828866821,0.000961546571749087,-2.943015867392489,-2.8795832549476215,-2.9230712338729137,-3.068207139739449,-3.0310522862293894,-3.017029676205718,K,non-synonymous,-0.0638287581730169,-0.0768239925173097,-0.04773664220363922,-0.07600996285045737,-0.08548047382763026,0.030861730430734834,-0.07600996285045737
192,single,gattggaatagacgttatacattg,2.0,aat,1.0,,DWNRRYTL,,False,False,3.0,1.0,1.0,857.0,1208.0,1098.0,876.0,717.0,35.0,True,False,True,True,False,False,1.0,both,0.004689306667808659,0.004730487563502013,0.004642525533890436,0.004665240420470443,0.005135355733913753,0.004630605858686392,-2.328891364663146,-2.3250940949438026,-2.3332456989619628,-2.3311259702254845,-2.289429466784395,-2.334362183092099,N,non-synonymous,-0.0011393134311734672,0.01808884036337518,-0.0005672423054606028,-0.013320518108613932,0.00943235905305463,0.07803113032891346,0.00943235905305463
193,ortho,gattggactagaagatatactttg,2.0,act,1.0,,DWTRRYTL,,False,False,6.0,1.0,3.0,1254.0,1344.0,1559.0,1146.0,901.0,52.0,True,False,True,True,False,False,1.0,both,0.006134640914735986,0.005944448109784258,0.006897466507494363,0.006826384465892574,0.005713508366208679,0.006574785549810643,-2.2122108531998554,-2.22588845963254,-2.1613103996774394,-2.165809255653985,-2.2430971323517013,-2.18211840801733,T,non-synonymous,0.0236578500487533,-0.008728113813248053,-0.010571742404726072,0.011476645371312837,-0.017384595123568602,0.06802663022964799,0.011476645371312837
194,ortho,gattggactagaagatatactttg,4.0,aga,2.0,,DWTRRYTL,,False,False,6.0,1.0,3.0,1254.0,1344.0,1559.0,1146.0,901.0,52.0,True,False,True,True,False,False,1.0,both,0.006134640914735986,0.005944448109784258,0.006897466507494363,0.006826384465892574,0.005713508366208679,0.006574785549810643,-2.2122108531998554,-2.22588845963254,-2.1613103996774394,-2.165809255653985,-2.2430971323517013,-2.18211840801733,R,synonymous,0.0236578500487533,-0.008728113813248053,-0.010571742404726072,0.011476645371312837,-0.017384595123568602,0.06802663022964799,0.011476645371312837
195,ortho,gattggactagaagatatactttg,6.0,act,3.0,,DWTRRYTL,,False,False,6.0,1.0,3.0,1254.0,1344.0,1559.0,1146.0,901.0,52.0,True,False,True,True,False,False,1.0,both,0.006134640914735986,0.005944448109784258,0.006897466507494363,0.006826384465892574,0.005713508366208679,0.006574785549810643,-2.2122108531998554,-2.22588845963254,-2.1613103996774394,-2.165809255653985,-2.2430971323517013,-2.18211840801733,T,synonymous,0.0236578500487533,-0.008728113813248053,-0.010571742404726072,0.011476645371312837,-0.017384595123568602,0.06802663022964799,0.011476645371312837
196,single,gattggagtagacgttatacattg,2.0,agt,1.0,,DWSRRYTL,,False,False,3.0,1.0,1.0,1.0,1.0,1.0,2.0,6.0,1.0,True,False,True,True,False,False,2.0,both,1.0706179606869085e-05,3.9585669987464537e-05,0.00013264358668258389,5.443687771844158e-06,4.2511222962862195e-06,4.217309525215294e-06,-4.970365475167245,-4.402462000227959,-3.8773137433122384,-5.264106792148683,-5.371496401069508,-5.374964523206172,S,non-synonymous,-0.14976398222928464,-0.49148720982298716,-0.7608983040881783,-0.1619451869067251,-0.5001436911333077,-0.6822999314538042,-0.5001436911333077
197,single,gattggatgagacgttatacattg,2.0,atg,1.0,,DWMRRYTL,,False,False,1.0,1.0,1.0,1593.0,2063.0,2091.0,1465.0,1201.0,37.0,True,False,True,True,False,False,1.0,both,0.007842276562031604,0.007923731609157485,0.004907812707255604,0.008671794620547743,0.00877006529723847,0.008818394217225179,-2.1055578461410986,-2.1010702432086967,-2.3091120192452435,-2.061891016347551,-2.0569971730963563,-2.0546104903885,M,non-synonymous,0.02226352897309054,0.02235354104976618,0.12930236093400838,0.010082324295650076,0.013697059739445629,0.20790073356838243,0.013697059739445629
198,ortho,gattggatgtggagatgtgttatt,2.0,atg,1.0,,DWMWRCVI,,False,False,11.0,5.0,6.0,1490.0,1567.0,1702.0,1500.0,1076.0,63.0,True,False,True,True,False,False,1.0,both,0.008029634705151814,0.007099030151085307,0.008356545961002786,0.008111094780047796,0.006661508638280506,0.007177860811916429,-2.095304211775545,-2.1488009792812326,-2.0779731938586568,-2.0909205237364086,-2.1764274046009175,-2.1440049674576027,M,non-synonymous,0.002235022925404459,-0.014011922266086232,-0.03354818441114226,-0.009946181752036005,-0.02266840357640678,0.04505018822323179,-0.009946181752036005
199,ortho,gattggatgtggagatgtgttatt,3.0,tgg,2.0,,DWMWRCVI,,False,False,11.0,5.0,6.0,1490.0,1567.0,1702.0,1500.0,1076.0,63.0,True,False,True,True,False,False,1.0,both,0.008029634705151814,0.007099030151085307,0.008356545961002786,0.008111094780047796,0.006661508638280506,0.007177860811916429,-2.095304211775545,-2.1488009792812326,-2.0779731938586568,-2.0909205237364086,-2.1764274046009175,-2.1440049674576027,W,non-synonymous,0.002235022925404459,-0.014011922266086232,-0.03354818441114226,-0.009946181752036005,-0.02266840357640678,0.04505018822323179,-0.009946181752036005
200,ortho,gattggatgtggagatgtgttatt,4.0,aga,3.0,,DWMWRCVI,,False,False,11.0,5.0,6.0,1490.0,1567.0,1702.0,1500.0,1076.0,63.0,True,False,True,True,False,False,1.0,both,0.008029634705151814,0.007099030151085307,0.008356545961002786,0.008111094780047796,0.006661508638280506,0.007177860811916429,-2.095304211775545,-2.1488009792812326,-2.0779731938586568,-2.0909205237364086,-2.1764274046009175,-2.1440049674576027,R,synonymous,0.002235022925404459,-0.014011922266086232,-0.03354818441114226,-0.009946181752036005,-0.02266840357640678,0.04505018822323179,-0.009946181752036005
201,ortho,gattggatgtggagatgtgttatt,5.0,tgt,4.0,,DWMWRCVI,,False,False,11.0,5.0,6.0,1490.0,1567.0,1702.0,1500.0,1076.0,63.0,True,False,True,True,False,False,1.0,both,0.008029634705151814,0.007099030151085307,0.008356545961002786,0.008111094780047796,0.006661508638280506,0.007177860811916429,-2.095304211775545,-2.1488009792812326,-2.0779731938586568,-2.0909205237364086,-2.1764274046009175,-2.1440049674576027,C,non-synonymous,0.002235022925404459,-0.014011922266086232,-0.03354818441114226,-0.009946181752036005,-0.02266840357640678,0.04505018822323179,-0.009946181752036005
202,ortho,gattggatgtggagatgtgttatt,6.0,gtt,5.0,,DWMWRCVI,,False,False,11.0,5.0,6.0,1490.0,1567.0,1702.0,1500.0,1076.0,63.0,True,False,True,True,False,False,1.0,both,0.008029634705151814,0.007099030151085307,0.008356545961002786,0.008111094780047796,0.006661508638280506,0.007177860811916429,-2.095304211775545,-2.1488009792812326,-2.0779731938586568,-2.0909205237364086,-2.1764274046009175,-2.1440049674576027,V,non-synonymous,0.002235022925404459,-0.014011922266086232,-0.03354818441114226,-0.009946181752036005,-0.02266840357640678,0.04505018822323179,-0.009946181752036005
203,ortho,gattggatgtggagatgtgttatt,7.0,att,6.0,,DWMWRCVI,,False,False,11.0,5.0,6.0,1490.0,1567.0,1702.0,1500.0,1076.0,63.0,True,False,True,True,False,False,1.0,both,0.008029634705151814,0.007099030151085307,0.008356545961002786,0.008111094780047796,0.006661508638280506,0.007177860811916429,-2.095304211775545,-2.1488009792812326,-2.0779731938586568,-2.0909205237364086,-2.1764274046009175,-2.1440049674576027,I,non-synonymous,0.002235022925404459,-0.014011922266086232,-0.03354818441114226,-0.009946181752036005,-0.02266840357640678,0.04505018822323179,-0.009946181752036005
204,ortho,gattggattaaaagatgtattatg,2.0,att,1.0,,DWIKRCIM,,False,False,9.0,5.0,6.0,869.0,976.0,1058.0,1050.0,811.0,47.0,True,False,True,True,False,False,1.0,both,0.00562074429360627,0.0053506630599722904,0.006234248574081443,0.004730564673732574,0.00414909536117535,0.004461913477677781,-2.2502061717612887,-2.2715923964004467,-2.205215885376521,-2.3250870157000163,-2.3820465834028157,-2.350478855507005,I,non-synonymous,-0.03817799108479565,-0.05602156139752731,-0.07380248393215205,-0.05035919576223612,-0.06467804270784785,0.004795888702222001,-0.05035919576223612
205,ortho,gattggattaaaagatgtattatg,3.0,aaa,2.0,,DWIKRCIM,,False,False,9.0,5.0,6.0,869.0,976.0,1058.0,1050.0,811.0,47.0,True,False,True,True,False,False,1.0,both,0.00562074429360627,0.0053506630599722904,0.006234248574081443,0.004730564673732574,0.00414909536117535,0.004461913477677781,-2.2502061717612887,-2.2715923964004467,-2.205215885376521,-2.3250870157000163,-2.3820465834028157,-2.350478855507005,K,non-synonymous,-0.03817799108479565,-0.05602156139752731,-0.07380248393215205,-0.05035919576223612,-0.06467804270784785,0.004795888702222001,-0.05035919576223612
206,ortho,gattggattaaaagatgtattatg,4.0,aga,3.0,,DWIKRCIM,,False,False,9.0,5.0,6.0,869.0,976.0,1058.0,1050.0,811.0,47.0,True,False,True,True,False,False,1.0,both,0.00562074429360627,0.0053506630599722904,0.006234248574081443,0.004730564673732574,0.00414909536117535,0.004461913477677781,-2.2502061717612887,-2.2715923964004467,-2.205215885376521,-2.3250870157000163,-2.3820465834028157,-2.350478855507005,R,synonymous,-0.03817799108479565,-0.05602156139752731,-0.07380248393215205,-0.05035919576223612,-0.06467804270784785,0.004795888702222001,-0.05035919576223612
207,ortho,gattggattaaaagatgtattatg,5.0,tgt,4.0,,DWIKRCIM,,False,False,9.0,5.0,6.0,869.0,976.0,1058.0,1050.0,811.0,47.0,True,False,True,True,False,False,1.0,both,0.00562074429360627,0.0053506630599722904,0.006234248574081443,0.004730564673732574,0.00414909536117535,0.004461913477677781,-2.2502061717612887,-2.2715923964004467,-2.205215885376521,-2.3250870157000163,-2.3820465834028157,-2.350478855507005,C,non-synonymous,-0.03817799108479565,-0.05602156139752731,-0.07380248393215205,-0.05035919576223612,-0.06467804270784785,0.004795888702222001,-0.05035919576223612
208,ortho,gattggattaaaagatgtattatg,6.0,att,5.0,,DWIKRCIM,,False,False,9.0,5.0,6.0,869.0,976.0,1058.0,1050.0,811.0,47.0,True,False,True,True,False,False,1.0,both,0.00562074429360627,0.0053506630599722904,0.006234248574081443,0.004730564673732574,0.00414909536117535,0.004461913477677781,-2.2502061717612887,-2.2715923964004467,-2.205215885376521,-2.3250870157000163,-2.3820465834028157,-2.350478855507005,I,non-synonymous,-0.03817799108479565,-0.05602156139752731,-0.07380248393215205,-0.05035919576223612,-0.06467804270784785,0.004795888702222001,-0.05035919576223612
209,ortho,gattggattaaaagatgtattatg,7.0,atg,6.0,,DWIKRCIM,,False,False,9.0,5.0,6.0,869.0,976.0,1058.0,1050.0,811.0,47.0,True,False,True,True,False,False,1.0,both,0.00562074429360627,0.0053506630599722904,0.006234248574081443,0.004730564673732574,0.00414909536117535,0.004461913477677781,-2.2502061717612887,-2.2715923964004467,-2.205215885376521,-2.3250870157000163,-2.3820465834028157,-2.350478855507005,M,non-synonymous,-0.03817799108479565,-0.05602156139752731,-0.07380248393215205,-0.05035919576223612,-0.06467804270784785,0.004795888702222001,-0.05035919576223612
210,ortho,gattggattaaaagatgtattgtt,2.0,att,1.0,,DWIKRCIV,,False,False,10.0,5.0,6.0,1.0,6.0,2.0,91.0,70.0,8.0,True,False,True,True,False,False,2.0,both,0.00048713117211254337,0.0004618328165204196,0.001061148693460671,5.443687771844158e-06,2.550673377771732e-05,8.434619050430587e-06,-3.312354078510133,-3.335515210597346,-2.9742237563202947,-5.264106792148683,-4.593345150685864,-5.073934527542191,I,non-synonymous,-0.9951009334508895,-0.6379622097513201,-1.0667816465274842,-1.00728213812833,-0.6466186910616407,-0.9881832738931101,-0.9881832738931101
211,ortho,gattggattaaaagatgtattgtt,3.0,aaa,2.0,,DWIKRCIV,,False,False,10.0,5.0,6.0,1.0,6.0,2.0,91.0,70.0,8.0,True,False,True,True,False,False,2.0,both,0.00048713117211254337,0.0004618328165204196,0.001061148693460671,5.443687771844158e-06,2.550673377771732e-05,8.434619050430587e-06,-3.312354078510133,-3.335515210597346,-2.9742237563202947,-5.264106792148683,-4.593345150685864,-5.073934527542191,K,non-synonymous,-0.9951009334508895,-0.6379622097513201,-1.0667816465274842,-1.00728213812833,-0.6466186910616407,-0.9881832738931101,-0.9881832738931101
212,ortho,gattggattaaaagatgtattgtt,4.0,aga,3.0,,DWIKRCIV,,False,False,10.0,5.0,6.0,1.0,6.0,2.0,91.0,70.0,8.0,True,False,True,True,False,False,2.0,both,0.00048713117211254337,0.0004618328165204196,0.001061148693460671,5.443687771844158e-06,2.550673377771732e-05,8.434619050430587e-06,-3.312354078510133,-3.335515210597346,-2.9742237563202947,-5.264106792148683,-4.593345150685864,-5.073934527542191,R,synonymous,-0.9951009334508895,-0.6379622097513201,-1.0667816465274842,-1.00728213812833,-0.6466186910616407,-0.9881832738931101,-0.9881832738931101
213,ortho,gattggattaaaagatgtattgtt,5.0,tgt,4.0,,DWIKRCIV,,False,False,10.0,5.0,6.0,1.0,6.0,2.0,91.0,70.0,8.0,True,False,True,True,False,False,2.0,both,0.00048713117211254337,0.0004618328165204196,0.001061148693460671,5.443687771844158e-06,2.550673377771732e-05,8.434619050430587e-06,-3.312354078510133,-3.335515210597346,-2.9742237563202947,-5.264106792148683,-4.593345150685864,-5.073934527542191,C,non-synonymous,-0.9951009334508895,-0.6379622097513201,-1.0667816465274842,-1.00728213812833,-0.6466186910616407,-0.9881832738931101,-0.9881832738931101
214,ortho,gattggattaaaagatgtattgtt,6.0,att,5.0,,DWIKRCIV,,False,False,10.0,5.0,6.0,1.0,6.0,2.0,91.0,70.0,8.0,True,False,True,True,False,False,2.0,both,0.00048713117211254337,0.0004618328165204196,0.001061148693460671,5.443687771844158e-06,2.550673377771732e-05,8.434619050430587e-06,-3.312354078510133,-3.335515210597346,-2.9742237563202947,-5.264106792148683,-4.593345150685864,-5.073934527542191,I,non-synonymous,-0.9951009334508895,-0.6379622097513201,-1.0667816465274842,-1.00728213812833,-0.6466186910616407,-0.9881832738931101,-0.9881832738931101
215,ortho,gattggattaaaagatgtattgtt,7.0,gtt,6.0,,DWIKRCIV,,False,False,10.0,5.0,6.0,1.0,6.0,2.0,91.0,70.0,8.0,True,False,True,True,False,False,2.0,both,0.00048713117211254337,0.0004618328165204196,0.001061148693460671,5.443687771844158e-06,2.550673377771732e-05,8.434619050430587e-06,-3.312354078510133,-3.335515210597346,-2.9742237563202947,-5.264106792148683,-4.593345150685864,-5.073934527542191,V,non-synonymous,-0.9951009334508895,-0.6379622097513201,-1.0667816465274842,-1.00728213812833,-0.6466186910616407,-0.9881832738931101,-0.9881832738931101
216,ortho,gattggattagaagatgtattatt,2.0,att,1.0,,DWIRRCII,,False,False,9.0,4.0,5.0,331.0,331.0,351.0,464.0,320.0,13.0,True,False,True,True,False,False,1.0,both,0.0024838336687936276,0.002111235732664775,0.0017243666268735908,0.0018018606524804162,0.0014071214800707387,0.001480275643350568,-2.604877490276346,-2.675463272291697,-2.7633703910054015,-2.7442787983729637,-2.851668407293789,-2.8296574067403477,I,non-synonymous,-0.07107374353414601,-0.08936996466116363,-0.03367786304585579,-0.08325494821158648,-0.09802644597148419,0.044920509588518266,-0.08325494821158648
217,ortho,gattggattagaagatgtattatt,4.0,aga,2.0,,DWIRRCII,,False,False,9.0,4.0,5.0,331.0,331.0,351.0,464.0,320.0,13.0,True,False,True,True,False,False,1.0,both,0.0024838336687936276,0.002111235732664775,0.0017243666268735908,0.0018018606524804162,0.0014071214800707387,0.001480275643350568,-2.604877490276346,-2.675463272291697,-2.7633703910054015,-2.7442787983729637,-2.851668407293789,-2.8296574067403477,R,synonymous,-0.07107374353414601,-0.08936996466116363,-0.03367786304585579,-0.08325494821158648,-0.09802644597148419,0.044920509588518266,-0.08325494821158648
218,ortho,gattggattagaagatgtattatt,5.0,tgt,3.0,,DWIRRCII,,False,False,9.0,4.0,5.0,331.0,331.0,351.0,464.0,320.0,13.0,True,False,True,True,False,False,1.0,both,0.0024838336687936276,0.002111235732664775,0.0017243666268735908,0.0018018606524804162,0.0014071214800707387,0.001480275643350568,-2.604877490276346,-2.675463272291697,-2.7633703910054015,-2.7442787983729637,-2.851668407293789,-2.8296574067403477,C,non-synonymous,-0.07107374353414601,-0.08936996466116363,-0.03367786304585579,-0.08325494821158648,-0.09802644597148419,0.044920509588518266,-0.08325494821158648
219,ortho,gattggattagaagatgtattatt,6.0,att,4.0,,DWIRRCII,,False,False,9.0,4.0,5.0,331.0,331.0,351.0,464.0,320.0,13.0,True,False,True,True,False,False,1.0,both,0.0024838336687936276,0.002111235732664775,0.0017243666268735908,0.0018018606524804162,0.0014071214800707387,0.001480275643350568,-2.604877490276346,-2.675463272291697,-2.7633703910054015,-2.7442787983729637,-2.851668407293789,-2.8296574067403477,I,non-synonymous,-0.07107374353414601,-0.08936996466116363,-0.03367786304585579,-0.08325494821158648,-0.09802644597148419,0.044920509588518266,-0.08325494821158648
220,ortho,gattggattagaagatgtattatt,7.0,att,5.0,,DWIRRCII,,False,False,9.0,4.0,5.0,331.0,331.0,351.0,464.0,320.0,13.0,True,False,True,True,False,False,1.0,both,0.0024838336687936276,0.002111235732664775,0.0017243666268735908,0.0018018606524804162,0.0014071214800707387,0.001480275643350568,-2.604877490276346,-2.675463272291697,-2.7633703910054015,-2.7442787983729637,-2.851668407293789,-2.8296574067403477,I,non-synonymous,-0.07107374353414601,-0.08936996466116363,-0.03367786304585579,-0.08325494821158648,-0.09802644597148419,0.044920509588518266,-0.08325494821158648
221,ortho,gattggattagaagatgtattgtt,2.0,att,1.0,,DWIRRCIV,,False,False,9.0,4.0,5.0,1295.0,1327.0,1560.0,1513.0,1053.0,60.0,True,False,True,True,False,False,1.0,both,0.008099224872596462,0.0069472850828000265,0.007958615200955034,0.007049575664538185,0.005641239287171813,0.006579002859335858,-2.09155654280804,-2.1581848794261163,-2.0991624929285946,-2.151837023731412,-2.248625478205072,-2.1818399248517104,I,non-synonymous,-0.03073399740476802,-0.04587081481316537,-0.042005198128444735,-0.04291520208220848,-0.05452729612348592,0.03659317450592932,-0.04291520208220848
222,ortho,gattggattagaagatgtattgtt,4.0,aga,2.0,,DWIRRCIV,,False,False,9.0,4.0,5.0,1295.0,1327.0,1560.0,1513.0,1053.0,60.0,True,False,True,True,False,False,1.0,both,0.008099224872596462,0.0069472850828000265,0.007958615200955034,0.007049575664538185,0.005641239287171813,0.006579002859335858,-2.09155654280804,-2.1581848794261163,-2.0991624929285946,-2.151837023731412,-2.248625478205072,-2.1818399248517104,R,synonymous,-0.03073399740476802,-0.04587081481316537,-0.042005198128444735,-0.04291520208220848,-0.05452729612348592,0.03659317450592932,-0.04291520208220848
223,ortho,gattggattagaagatgtattgtt,5.0,tgt,3.0,,DWIRRCIV,,False,False,9.0,4.0,5.0,1295.0,1327.0,1560.0,1513.0,1053.0,60.0,True,False,True,True,False,False,1.0,both,0.008099224872596462,0.0069472850828000265,0.007958615200955034,0.007049575664538185,0.005641239287171813,0.006579002859335858,-2.09155654280804,-2.1581848794261163,-2.0991624929285946,-2.151837023731412,-2.248625478205072,-2.1818399248517104,C,non-synonymous,-0.03073399740476802,-0.04587081481316537,-0.042005198128444735,-0.04291520208220848,-0.05452729612348592,0.03659317450592932,-0.04291520208220848
224,ortho,gattggattagaagatgtattgtt,6.0,att,4.0,,DWIRRCIV,,False,False,9.0,4.0,5.0,1295.0,1327.0,1560.0,1513.0,1053.0,60.0,True,False,True,True,False,False,1.0,both,0.008099224872596462,0.0069472850828000265,0.007958615200955034,0.007049575664538185,0.005641239287171813,0.006579002859335858,-2.09155654280804,-2.1581848794261163,-2.0991624929285946,-2.151837023731412,-2.248625478205072,-2.1818399248517104,I,non-synonymous,-0.03073399740476802,-0.04587081481316537,-0.042005198128444735,-0.04291520208220848,-0.05452729612348592,0.03659317450592932,-0.04291520208220848
225,ortho,gattggattagaagatgtattgtt,7.0,gtt,5.0,,DWIRRCIV,,False,False,9.0,4.0,5.0,1295.0,1327.0,1560.0,1513.0,1053.0,60.0,True,False,True,True,False,False,1.0,both,0.008099224872596462,0.0069472850828000265,0.007958615200955034,0.007049575664538185,0.005641239287171813,0.006579002859335858,-2.09155654280804,-2.1581848794261163,-2.0991624929285946,-2.151837023731412,-2.248625478205072,-2.1818399248517104,V,non-synonymous,-0.03073399740476802,-0.04587081481316537,-0.042005198128444735,-0.04291520208220848,-0.05452729612348592,0.03659317450592932,-0.04291520208220848
226,ortho,gattggattagaagatgtgttttg,2.0,att,1.0,,DWIRRCVL,,False,False,8.0,3.0,4.0,1.0,1.0,1.0,2.0,4.0,1.0,True,False,True,True,False,False,3.0,both,1.0706179606869085e-05,2.6390446658309693e-05,0.00013264358668258389,5.443687771844158e-06,4.2511222962862195e-06,4.217309525215294e-06,-4.970365475167245,-4.57855325928364,-3.8773137433122384,-5.264106792148683,-5.371496401069508,-5.374964523206172,I,non-synonymous,-0.14976398222928464,-0.40217500221474023,-0.7608983040881783,-0.1619451869067251,-0.41083148352506077,-0.6822999314538042,-0.41083148352506077
227,ortho,gattggattagaagatgtgttttg,4.0,aga,2.0,,DWIRRCVL,,False,False,8.0,3.0,4.0,1.0,1.0,1.0,2.0,4.0,1.0,True,False,True,True,False,False,3.0,both,1.0706179606869085e-05,2.6390446658309693e-05,0.00013264358668258389,5.443687771844158e-06,4.2511222962862195e-06,4.217309525215294e-06,-4.970365475167245,-4.57855325928364,-3.8773137433122384,-5.264106792148683,-5.371496401069508,-5.374964523206172,R,synonymous,-0.14976398222928464,-0.40217500221474023,-0.7608983040881783,-0.1619451869067251,-0.41083148352506077,-0.6822999314538042,-0.41083148352506077
228,ortho,gattggattagaagatgtgttttg,5.0,tgt,3.0,,DWIRRCVL,,False,False,8.0,3.0,4.0,1.0,1.0,1.0,2.0,4.0,1.0,True,False,True,True,False,False,3.0,both,1.0706179606869085e-05,2.6390446658309693e-05,0.00013264358668258389,5.443687771844158e-06,4.2511222962862195e-06,4.217309525215294e-06,-4.970365475167245,-4.57855325928364,-3.8773137433122384,-5.264106792148683,-5.371496401069508,-5.374964523206172,C,non-synonymous,-0.14976398222928464,-0.40217500221474023,-0.7608983040881783,-0.1619451869067251,-0.41083148352506077,-0.6822999314538042,-0.41083148352506077
229,ortho,gattggattagaagatgtgttttg,6.0,gtt,4.0,,DWIRRCVL,,False,False,8.0,3.0,4.0,1.0,1.0,1.0,2.0,4.0,1.0,True,False,True,True,False,False,3.0,both,1.0706179606869085e-05,2.6390446658309693e-05,0.00013264358668258389,5.443687771844158e-06,4.2511222962862195e-06,4.217309525215294e-06,-4.970365475167245,-4.57855325928364,-3.8773137433122384,-5.264106792148683,-5.371496401069508,-5.374964523206172,V,non-synonymous,-0.14976398222928464,-0.40217500221474023,-0.7608983040881783,-0.1619451869067251,-0.41083148352506077,-0.6822999314538042,-0.41083148352506077
230,single,gattggattagacgttatacattg,2.0,att,1.0,,DWIRRYTL,,False,False,2.0,1.0,1.0,435.0,541.0,548.0,377.0,296.0,18.0,True,False,True,True,False,False,1.0,both,0.0020181148558948226,0.001952893052714917,0.00238758456028651,0.0023680041807522087,0.0022998571622908446,0.002311085619817981,-2.695054120625434,-2.709321539552664,-2.6220412382089324,-2.625617535194045,-2.638299135962938,-2.636183964721803,I,non-synonymous,0.03540223640811764,0.03602204725128659,-0.007185371091375662,0.023221031730677175,0.027365565940966043,0.07141300154299839,0.027365565940966043
231,ortho,gattggattcaaagatgttgtgtt,2.0,att,1.0,,DWIQRCCV,,False,False,12.0,5.0,6.0,66.0,71.0,54.0,173.0,101.0,4.0,True,False,True,True,False,False,2.0,both,0.0009260845359941759,0.0006663587781223198,0.0005305743467303355,0.00035928339294171444,0.0003018296830363216,0.00022773471436162587,-3.033349367702431,-3.17629187682896,-3.275253751984276,-3.444562856606814,-3.5202380523504324,-3.6425707633832034,I,non-synonymous,-0.20965715779305893,-0.1744470020770472,-0.18661953426550876,-0.2218383624704994,-0.18310348338736773,-0.1080211616311347,-0.18310348338736773
232,ortho,gattggattcaaagatgttgtgtt,3.0,caa,2.0,,DWIQRCCV,,False,False,12.0,5.0,6.0,66.0,71.0,54.0,173.0,101.0,4.0,True,False,True,True,False,False,2.0,both,0.0009260845359941759,0.0006663587781223198,0.0005305743467303355,0.00035928339294171444,0.0003018296830363216,0.00022773471436162587,-3.033349367702431,-3.17629187682896,-3.275253751984276,-3.444562856606814,-3.5202380523504324,-3.6425707633832034,Q,non-synonymous,-0.20965715779305893,-0.1744470020770472,-0.18661953426550876,-0.2218383624704994,-0.18310348338736773,-0.1080211616311347,-0.18310348338736773
233,ortho,gattggattcaaagatgttgtgtt,4.0,aga,3.0,,DWIQRCCV,,False,False,12.0,5.0,6.0,66.0,71.0,54.0,173.0,101.0,4.0,True,False,True,True,False,False,2.0,both,0.0009260845359941759,0.0006663587781223198,0.0005305743467303355,0.00035928339294171444,0.0003018296830363216,0.00022773471436162587,-3.033349367702431,-3.17629187682896,-3.275253751984276,-3.444562856606814,-3.5202380523504324,-3.6425707633832034,R,synonymous,-0.20965715779305893,-0.1744470020770472,-0.18661953426550876,-0.2218383624704994,-0.18310348338736773,-0.1080211616311347,-0.18310348338736773
234,ortho,gattggattcaaagatgttgtgtt,5.0,tgt,4.0,,DWIQRCCV,,False,False,12.0,5.0,6.0,66.0,71.0,54.0,173.0,101.0,4.0,True,False,True,True,False,False,2.0,both,0.0009260845359941759,0.0006663587781223198,0.0005305743467303355,0.00035928339294171444,0.0003018296830363216,0.00022773471436162587,-3.033349367702431,-3.17629187682896,-3.275253751984276,-3.444562856606814,-3.5202380523504324,-3.6425707633832034,C,non-synonymous,-0.20965715779305893,-0.1744470020770472,-0.18661953426550876,-0.2218383624704994,-0.18310348338736773,-0.1080211616311347,-0.18310348338736773
235,ortho,gattggattcaaagatgttgtgtt,6.0,tgt,5.0,,DWIQRCCV,,False,False,12.0,5.0,6.0,66.0,71.0,54.0,173.0,101.0,4.0,True,False,True,True,False,False,2.0,both,0.0009260845359941759,0.0006663587781223198,0.0005305743467303355,0.00035928339294171444,0.0003018296830363216,0.00022773471436162587,-3.033349367702431,-3.17629187682896,-3.275253751984276,-3.444562856606814,-3.5202380523504324,-3.6425707633832034,C,non-synonymous,-0.20965715779305893,-0.1744470020770472,-0.18661953426550876,-0.2218383624704994,-0.18310348338736773,-0.1080211616311347,-0.18310348338736773
236,ortho,gattggattcaaagatgttgtgtt,7.0,gtt,6.0,,DWIQRCCV,,False,False,12.0,5.0,6.0,66.0,71.0,54.0,173.0,101.0,4.0,True,False,True,True,False,False,2.0,both,0.0009260845359941759,0.0006663587781223198,0.0005305743467303355,0.00035928339294171444,0.0003018296830363216,0.00022773471436162587,-3.033349367702431,-3.17629187682896,-3.275253751984276,-3.444562856606814,-3.5202380523504324,-3.6425707633832034,V,non-synonymous,-0.20965715779305893,-0.1744470020770472,-0.18661953426550876,-0.2218383624704994,-0.18310348338736773,-0.1080211616311347,-0.18310348338736773
237,ortho,gattggattgaaagatgttgtgtt,2.0,att,1.0,,DWIERCCV,,False,False,12.0,5.0,6.0,462.0,491.0,528.0,499.0,329.0,22.0,True,False,True,True,False,False,1.0,both,0.002671191811913837,0.0021706142376459723,0.002918158907016846,0.002514983750592001,0.0020873010474765337,0.002226739429313675,-2.5732949252078368,-2.6634173526616283,-2.5348910624900323,-2.5994648165925573,-2.680414908946539,-2.6523306006723595,I,non-synonymous,-0.013342716607113395,-0.008621037091175504,-0.059666476748444996,-0.025523921284553858,-0.017277518401496054,0.018931895885929056,-0.017277518401496054
238,ortho,gattggattgaaagatgttgtgtt,3.0,gaa,2.0,,DWIERCCV,,False,False,12.0,5.0,6.0,462.0,491.0,528.0,499.0,329.0,22.0,True,False,True,True,False,False,1.0,both,0.002671191811913837,0.0021706142376459723,0.002918158907016846,0.002514983750592001,0.0020873010474765337,0.002226739429313675,-2.5732949252078368,-2.6634173526616283,-2.5348910624900323,-2.5994648165925573,-2.680414908946539,-2.6523306006723595,E,non-synonymous,-0.013342716607113395,-0.008621037091175504,-0.059666476748444996,-0.025523921284553858,-0.017277518401496054,0.018931895885929056,-0.017277518401496054
239,ortho,gattggattgaaagatgttgtgtt,4.0,aga,3.0,,DWIERCCV,,False,False,12.0,5.0,6.0,462.0,491.0,528.0,499.0,329.0,22.0,True,False,True,True,False,False,1.0,both,0.002671191811913837,0.0021706142376459723,0.002918158907016846,0.002514983750592001,0.0020873010474765337,0.002226739429313675,-2.5732949252078368,-2.6634173526616283,-2.5348910624900323,-2.5994648165925573,-2.680414908946539,-2.6523306006723595,R,synonymous,-0.013342716607113395,-0.008621037091175504,-0.059666476748444996,-0.025523921284553858,-0.017277518401496054,0.018931895885929056,-0.017277518401496054
240,ortho,gattggattgaaagatgttgtgtt,5.0,tgt,4.0,,DWIERCCV,,False,False,12.0,5.0,6.0,462.0,491.0,528.0,499.0,329.0,22.0,True,False,True,True,False,False,1.0,both,0.002671191811913837,0.0021706142376459723,0.002918158907016846,0.002514983750592001,0.0020873010474765337,0.002226739429313675,-2.5732949252078368,-2.6634173526616283,-2.5348910624900323,-2.5994648165925573,-2.680414908946539,-2.6523306006723595,C,non-synonymous,-0.013342716607113395,-0.008621037091175504,-0.059666476748444996,-0.025523921284553858,-0.017277518401496054,0.018931895885929056,-0.017277518401496054
241,ortho,gattggattgaaagatgttgtgtt,6.0,tgt,5.0,,DWIERCCV,,False,False,12.0,5.0,6.0,462.0,491.0,528.0,499.0,329.0,22.0,True,False,True,True,False,False,1.0,both,0.002671191811913837,0.0021706142376459723,0.002918158907016846,0.002514983750592001,0.0020873010474765337,0.002226739429313675,-2.5732949252078368,-2.6634173526616283,-2.5348910624900323,-2.5994648165925573,-2.680414908946539,-2.6523306006723595,C,non-synonymous,-0.013342716607113395,-0.008621037091175504,-0.059666476748444996,-0.025523921284553858,-0.017277518401496054,0.018931895885929056,-0.017277518401496054
242,ortho,gattggattgaaagatgttgtgtt,7.0,gtt,6.0,,DWIERCCV,,False,False,12.0,5.0,6.0,462.0,491.0,528.0,499.0,329.0,22.0,True,False,True,True,False,False,1.0,both,0.002671191811913837,0.0021706142376459723,0.002918158907016846,0.002514983750592001,0.0020873010474765337,0.002226739429313675,-2.5732949252078368,-2.6634173526616283,-2.5348910624900323,-2.5994648165925573,-2.680414908946539,-2.6523306006723595,V,non-synonymous,-0.013342716607113395,-0.008621037091175504,-0.059666476748444996,-0.025523921284553858,-0.017277518401496054,0.018931895885929056,-0.017277518401496054
243,ortho,gattggattgatagatgtattgct,2.0,att,1.0,,DWIDRCIA,,False,False,13.0,5.0,6.0,473.0,523.0,616.0,457.0,330.0,26.0,True,False,True,True,False,False,1.0,both,0.002446362040169586,0.0021772118493105495,0.0034487332537471815,0.0025748643160822867,0.002223336960957693,0.002597862667532621,-2.6114792707613765,-2.662099310733715,-2.4623403953414202,-2.589245651410871,-2.6529947122022333,-2.5853838110417464,I,non-synonymous,0.011335808688813672,0.004617786246711559,-0.06251358967824623,-0.0008453959886267921,-0.004038695063608991,0.01608478295612782,-0.0008453959886267921
244,ortho,gattggattgatagatgtattgct,3.0,gat,2.0,,DWIDRCIA,,False,False,13.0,5.0,6.0,473.0,523.0,616.0,457.0,330.0,26.0,True,False,True,True,False,False,1.0,both,0.002446362040169586,0.0021772118493105495,0.0034487332537471815,0.0025748643160822867,0.002223336960957693,0.002597862667532621,-2.6114792707613765,-2.662099310733715,-2.4623403953414202,-2.589245651410871,-2.6529947122022333,-2.5853838110417464,D,non-synonymous,0.011335808688813672,0.004617786246711559,-0.06251358967824623,-0.0008453959886267921,-0.004038695063608991,0.01608478295612782,-0.0008453959886267921
245,ortho,gattggattgatagatgtattgct,4.0,aga,3.0,,DWIDRCIA,,False,False,13.0,5.0,6.0,473.0,523.0,616.0,457.0,330.0,26.0,True,False,True,True,False,False,1.0,both,0.002446362040169586,0.0021772118493105495,0.0034487332537471815,0.0025748643160822867,0.002223336960957693,0.002597862667532621,-2.6114792707613765,-2.662099310733715,-2.4623403953414202,-2.589245651410871,-2.6529947122022333,-2.5853838110417464,R,synonymous,0.011335808688813672,0.004617786246711559,-0.06251358967824623,-0.0008453959886267921,-0.004038695063608991,0.01608478295612782,-0.0008453959886267921
246,ortho,gattggattgatagatgtattgct,5.0,tgt,4.0,,DWIDRCIA,,False,False,13.0,5.0,6.0,473.0,523.0,616.0,457.0,330.0,26.0,True,False,True,True,False,False,1.0,both,0.002446362040169586,0.0021772118493105495,0.0034487332537471815,0.0025748643160822867,0.002223336960957693,0.002597862667532621,-2.6114792707613765,-2.662099310733715,-2.4623403953414202,-2.589245651410871,-2.6529947122022333,-2.5853838110417464,C,non-synonymous,0.011335808688813672,0.004617786246711559,-0.06251358967824623,-0.0008453959886267921,-0.004038695063608991,0.01608478295612782,-0.0008453959886267921
247,ortho,gattggattgatagatgtattgct,6.0,att,5.0,,DWIDRCIA,,False,False,13.0,5.0,6.0,473.0,523.0,616.0,457.0,330.0,26.0,True,False,True,True,False,False,1.0,both,0.002446362040169586,0.0021772118493105495,0.0034487332537471815,0.0025748643160822867,0.002223336960957693,0.002597862667532621,-2.6114792707613765,-2.662099310733715,-2.4623403953414202,-2.589245651410871,-2.6529947122022333,-2.5853838110417464,I,non-synonymous,0.011335808688813672,0.004617786246711559,-0.06251358967824623,-0.0008453959886267921,-0.004038695063608991,0.01608478295612782,-0.0008453959886267921
248,ortho,gattggattgatagatgtattgct,7.0,gct,6.0,,DWIDRCIA,,False,False,13.0,5.0,6.0,473.0,523.0,616.0,457.0,330.0,26.0,True,False,True,True,False,False,1.0,both,0.002446362040169586,0.0021772118493105495,0.0034487332537471815,0.0025748643160822867,0.002223336960957693,0.002597862667532621,-2.6114792707613765,-2.662099310733715,-2.4623403953414202,-2.589245651410871,-2.6529947122022333,-2.5853838110417464,A,non-synonymous,0.011335808688813672,0.004617786246711559,-0.06251358967824623,-0.0008453959886267921,-0.004038695063608991,0.01608478295612782,-0.0008453959886267921
249,ortho,gattggatttatagatctattgtt,2.0,att,1.0,,DWIYRSIV,,False,False,12.0,5.0,6.0,463.0,437.0,422.0,529.0,400.0,19.0,True,False,True,True,False,False,1.0,both,0.002831784506016873,0.002639044665830969,0.0025202281469690942,0.0025204274383638452,0.0018577404434770778,0.0017797046196408538,-2.547939798796041,-2.57855325928364,-2.5985601423594096,-2.5985258011307297,-2.731014964099086,-2.749652072244498,I,non-synonymous,-0.025791268428137466,-0.0773274693236116,-0.07676395242094824,-0.03797247310557793,-0.08598395063393216,0.001834420213425808,-0.03797247310557793
250,ortho,gattggatttatagatctattgtt,3.0,tat,2.0,,DWIYRSIV,,False,False,12.0,5.0,6.0,463.0,437.0,422.0,529.0,400.0,19.0,True,False,True,True,False,False,1.0,both,0.002831784506016873,0.002639044665830969,0.0025202281469690942,0.0025204274383638452,0.0018577404434770778,0.0017797046196408538,-2.547939798796041,-2.57855325928364,-2.5985601423594096,-2.5985258011307297,-2.731014964099086,-2.749652072244498,Y,non-synonymous,-0.025791268428137466,-0.0773274693236116,-0.07676395242094824,-0.03797247310557793,-0.08598395063393216,0.001834420213425808,-0.03797247310557793
251,ortho,gattggatttatagatctattgtt,4.0,aga,3.0,,DWIYRSIV,,False,False,12.0,5.0,6.0,463.0,437.0,422.0,529.0,400.0,19.0,True,False,True,True,False,False,1.0,both,0.002831784506016873,0.002639044665830969,0.0025202281469690942,0.0025204274383638452,0.0018577404434770778,0.0017797046196408538,-2.547939798796041,-2.57855325928364,-2.5985601423594096,-2.5985258011307297,-2.731014964099086,-2.749652072244498,R,synonymous,-0.025791268428137466,-0.0773274693236116,-0.07676395242094824,-0.03797247310557793,-0.08598395063393216,0.001834420213425808,-0.03797247310557793
252,ortho,gattggatttatagatctattgtt,5.0,tct,4.0,,DWIYRSIV,,False,False,12.0,5.0,6.0,463.0,437.0,422.0,529.0,400.0,19.0,True,False,True,True,False,False,1.0,both,0.002831784506016873,0.002639044665830969,0.0025202281469690942,0.0025204274383638452,0.0018577404434770778,0.0017797046196408538,-2.547939798796041,-2.57855325928364,-2.5985601423594096,-2.5985258011307297,-2.731014964099086,-2.749652072244498,S,non-synonymous,-0.025791268428137466,-0.0773274693236116,-0.07676395242094824,-0.03797247310557793,-0.08598395063393216,0.001834420213425808,-0.03797247310557793
253,ortho,gattggatttatagatctattgtt,6.0,att,5.0,,DWIYRSIV,,False,False,12.0,5.0,6.0,463.0,437.0,422.0,529.0,400.0,19.0,True,False,True,True,False,False,1.0,both,0.002831784506016873,0.002639044665830969,0.0025202281469690942,0.0025204274383638452,0.0018577404434770778,0.0017797046196408538,-2.547939798796041,-2.57855325928364,-2.5985601423594096,-2.5985258011307297,-2.731014964099086,-2.749652072244498,I,non-synonymous,-0.025791268428137466,-0.0773274693236116,-0.07676395242094824,-0.03797247310557793,-0.08598395063393216,0.001834420213425808,-0.03797247310557793
254,ortho,gattggatttatagatctattgtt,7.0,gtt,6.0,,DWIYRSIV,,False,False,12.0,5.0,6.0,463.0,437.0,422.0,529.0,400.0,19.0,True,False,True,True,False,False,1.0,both,0.002831784506016873,0.002639044665830969,0.0025202281469690942,0.0025204274383638452,0.0018577404434770778,0.0017797046196408538,-2.547939798796041,-2.57855325928364,-2.5985601423594096,-2.5985258011307297,-2.731014964099086,-2.749652072244498,V,non-synonymous,-0.025791268428137466,-0.0773274693236116,-0.07676395242094824,-0.03797247310557793,-0.08598395063393216,0.001834420213425808,-0.03797247310557793
255,ortho,gattggatttatagatctattttg,2.0,att,1.0,,DWIYRSIL,,False,False,10.0,4.0,5.0,71.0,65.0,94.0,88.0,53.0,5.0,True,False,True,True,False,False,2.0,both,0.0004710719027022397,0.0003496734182226034,0.0006632179334129195,0.00038650183180093524,0.00027632294925860425,0.0003964270953702376,-3.326912798681058,-3.4563373810108136,-3.1783437389762197,-3.4128484434296076,-3.558583044426652,-3.4018366696064732,I,non-synonymous,-0.04381428021512269,-0.05185825785452971,-0.11354809423883216,-0.055995484892563153,-0.060514739164850256,-0.03494972160445811,-0.055995484892563153
256,ortho,gattggatttatagatctattttg,3.0,tat,2.0,,DWIYRSIL,,False,False,10.0,4.0,5.0,71.0,65.0,94.0,88.0,53.0,5.0,True,False,True,True,False,False,2.0,both,0.0004710719027022397,0.0003496734182226034,0.0006632179334129195,0.00038650183180093524,0.00027632294925860425,0.0003964270953702376,-3.326912798681058,-3.4563373810108136,-3.1783437389762197,-3.4128484434296076,-3.558583044426652,-3.4018366696064732,Y,non-synonymous,-0.04381428021512269,-0.05185825785452971,-0.11354809423883216,-0.055995484892563153,-0.060514739164850256,-0.03494972160445811,-0.055995484892563153
257,ortho,gattggatttatagatctattttg,4.0,aga,3.0,,DWIYRSIL,,False,False,10.0,4.0,5.0,71.0,65.0,94.0,88.0,53.0,5.0,True,False,True,True,False,False,2.0,both,0.0004710719027022397,0.0003496734182226034,0.0006632179334129195,0.00038650183180093524,0.00027632294925860425,0.0003964270953702376,-3.326912798681058,-3.4563373810108136,-3.1783437389762197,-3.4128484434296076,-3.558583044426652,-3.4018366696064732,R,synonymous,-0.04381428021512269,-0.05185825785452971,-0.11354809423883216,-0.055995484892563153,-0.060514739164850256,-0.03494972160445811,-0.055995484892563153
258,ortho,gattggatttatagatctattttg,5.0,tct,4.0,,DWIYRSIL,,False,False,10.0,4.0,5.0,71.0,65.0,94.0,88.0,53.0,5.0,True,False,True,True,False,False,2.0,both,0.0004710719027022397,0.0003496734182226034,0.0006632179334129195,0.00038650183180093524,0.00027632294925860425,0.0003964270953702376,-3.326912798681058,-3.4563373810108136,-3.1783437389762197,-3.4128484434296076,-3.558583044426652,-3.4018366696064732,S,non-synonymous,-0.04381428021512269,-0.05185825785452971,-0.11354809423883216,-0.055995484892563153,-0.060514739164850256,-0.03494972160445811,-0.055995484892563153
259,ortho,gattggatttatagatctattttg,6.0,att,5.0,,DWIYRSIL,,False,False,10.0,4.0,5.0,71.0,65.0,94.0,88.0,53.0,5.0,True,False,True,True,False,False,2.0,both,0.0004710719027022397,0.0003496734182226034,0.0006632179334129195,0.00038650183180093524,0.00027632294925860425,0.0003964270953702376,-3.326912798681058,-3.4563373810108136,-3.1783437389762197,-3.4128484434296076,-3.558583044426652,-3.4018366696064732,I,non-synonymous,-0.04381428021512269,-0.05185825785452971,-0.11354809423883216,-0.055995484892563153,-0.060514739164850256,-0.03494972160445811,-0.055995484892563153
260,ortho,gattggatttatagatctgttttg,2.0,att,1.0,,DWIYRSVL,,False,False,11.0,4.0,5.0,109.0,89.0,112.0,93.0,61.0,3.0,True,False,True,True,False,False,2.0,both,0.0004978373517194125,0.0004024543115392228,0.0003979307600477517,0.0005933619671310132,0.00037834988436947353,0.0004723386668241129,-3.3029125222772913,-3.3952834156008356,-3.400192488592576,-3.226680294208059,-3.422106394424595,-3.3257465005359905,I,non-synonymous,0.038866994153841775,-0.013604420038939519,0.03782312059586851,0.02668578947640131,-0.02226090134926007,0.11642149323024256,0.02668578947640131
261,ortho,gattggatttatagatctgttttg,3.0,tat,2.0,,DWIYRSVL,,False,False,11.0,4.0,5.0,109.0,89.0,112.0,93.0,61.0,3.0,True,False,True,True,False,False,2.0,both,0.0004978373517194125,0.0004024543115392228,0.0003979307600477517,0.0005933619671310132,0.00037834988436947353,0.0004723386668241129,-3.3029125222772913,-3.3952834156008356,-3.400192488592576,-3.226680294208059,-3.422106394424595,-3.3257465005359905,Y,non-synonymous,0.038866994153841775,-0.013604420038939519,0.03782312059586851,0.02668578947640131,-0.02226090134926007,0.11642149323024256,0.02668578947640131
262,ortho,gattggatttatagatctgttttg,4.0,aga,3.0,,DWIYRSVL,,False,False,11.0,4.0,5.0,109.0,89.0,112.0,93.0,61.0,3.0,True,False,True,True,False,False,2.0,both,0.0004978373517194125,0.0004024543115392228,0.0003979307600477517,0.0005933619671310132,0.00037834988436947353,0.0004723386668241129,-3.3029125222772913,-3.3952834156008356,-3.400192488592576,-3.226680294208059,-3.422106394424595,-3.3257465005359905,R,synonymous,0.038866994153841775,-0.013604420038939519,0.03782312059586851,0.02668578947640131,-0.02226090134926007,0.11642149323024256,0.02668578947640131
263,ortho,gattggatttatagatctgttttg,5.0,tct,4.0,,DWIYRSVL,,False,False,11.0,4.0,5.0,109.0,89.0,112.0,93.0,61.0,3.0,True,False,True,True,False,False,2.0,both,0.0004978373517194125,0.0004024543115392228,0.0003979307600477517,0.0005933619671310132,0.00037834988436947353,0.0004723386668241129,-3.3029125222772913,-3.3952834156008356,-3.400192488592576,-3.226680294208059,-3.422106394424595,-3.3257465005359905,S,non-synonymous,0.038866994153841775,-0.013604420038939519,0.03782312059586851,0.02668578947640131,-0.02226090134926007,0.11642149323024256,0.02668578947640131
264,ortho,gattggatttatagatctgttttg,6.0,gtt,5.0,,DWIYRSVL,,False,False,11.0,4.0,5.0,109.0,89.0,112.0,93.0,61.0,3.0,True,False,True,True,False,False,2.0,both,0.0004978373517194125,0.0004024543115392228,0.0003979307600477517,0.0005933619671310132,0.00037834988436947353,0.0004723386668241129,-3.3029125222772913,-3.3952834156008356,-3.400192488592576,-3.226680294208059,-3.422106394424595,-3.3257465005359905,V,non-synonymous,0.038866994153841775,-0.013604420038939519,0.03782312059586851,0.02668578947640131,-0.02226090134926007,0.11642149323024256,0.02668578947640131
265,ortho,gattggatttatagatgtattgtt,2.0,att,1.0,,DWIYRCIV,,False,False,12.0,5.0,6.0,476.0,441.0,521.0,695.0,471.0,17.0,True,False,True,True,False,False,1.0,both,0.0037203974133870068,0.003107475094015966,0.002254940973603926,0.0025911953793978193,0.0018747449326622229,0.002197218262637168,-2.429410666241113,-2.5075923434827065,-2.6468648219339643,-2.5864998394281895,-2.7270578116016693,-2.6581267999066474,I,non-synonymous,-0.08009189985040173,-0.111311291409893,-0.005721774431753566,-0.0922731045278422,-0.11996777272021356,0.07287659820262049,-0.0922731045278422
266,ortho,gattggatttatagatgtattgtt,3.0,tat,2.0,,DWIYRCIV,,False,False,12.0,5.0,6.0,476.0,441.0,521.0,695.0,471.0,17.0,True,False,True,True,False,False,1.0,both,0.0037203974133870068,0.003107475094015966,0.002254940973603926,0.0025911953793978193,0.0018747449326622229,0.002197218262637168,-2.429410666241113,-2.5075923434827065,-2.6468648219339643,-2.5864998394281895,-2.7270578116016693,-2.6581267999066474,Y,non-synonymous,-0.08009189985040173,-0.111311291409893,-0.005721774431753566,-0.0922731045278422,-0.11996777272021356,0.07287659820262049,-0.0922731045278422
267,ortho,gattggatttatagatgtattgtt,4.0,aga,3.0,,DWIYRCIV,,False,False,12.0,5.0,6.0,476.0,441.0,521.0,695.0,471.0,17.0,True,False,True,True,False,False,1.0,both,0.0037203974133870068,0.003107475094015966,0.002254940973603926,0.0025911953793978193,0.0018747449326622229,0.002197218262637168,-2.429410666241113,-2.5075923434827065,-2.6468648219339643,-2.5864998394281895,-2.7270578116016693,-2.6581267999066474,R,synonymous,-0.08009189985040173,-0.111311291409893,-0.005721774431753566,-0.0922731045278422,-0.11996777272021356,0.07287659820262049,-0.0922731045278422
268,ortho,gattggatttatagatgtattgtt,5.0,tgt,4.0,,DWIYRCIV,,False,False,12.0,5.0,6.0,476.0,441.0,521.0,695.0,471.0,17.0,True,False,True,True,False,False,1.0,both,0.0037203974133870068,0.003107475094015966,0.002254940973603926,0.0025911953793978193,0.0018747449326622229,0.002197218262637168,-2.429410666241113,-2.5075923434827065,-2.6468648219339643,-2.5864998394281895,-2.7270578116016693,-2.6581267999066474,C,non-synonymous,-0.08009189985040173,-0.111311291409893,-0.005721774431753566,-0.0922731045278422,-0.11996777272021356,0.07287659820262049,-0.0922731045278422
269,ortho,gattggatttatagatgtattgtt,6.0,att,5.0,,DWIYRCIV,,False,False,12.0,5.0,6.0,476.0,441.0,521.0,695.0,471.0,17.0,True,False,True,True,False,False,1.0,both,0.0037203974133870068,0.003107475094015966,0.002254940973603926,0.0025911953793978193,0.0018747449326622229,0.002197218262637168,-2.429410666241113,-2.5075923434827065,-2.6468648219339643,-2.5864998394281895,-2.7270578116016693,-2.6581267999066474,I,non-synonymous,-0.08009189985040173,-0.111311291409893,-0.005721774431753566,-0.0922731045278422,-0.11996777272021356,0.07287659820262049,-0.0922731045278422
270,ortho,gattggatttatagatgtattgtt,7.0,gtt,6.0,,DWIYRCIV,,False,False,12.0,5.0,6.0,476.0,441.0,521.0,695.0,471.0,17.0,True,False,True,True,False,False,1.0,both,0.0037203974133870068,0.003107475094015966,0.002254940973603926,0.0025911953793978193,0.0018747449326622229,0.002197218262637168,-2.429410666241113,-2.5075923434827065,-2.6468648219339643,-2.5864998394281895,-2.7270578116016693,-2.6581267999066474,V,non-synonymous,-0.08009189985040173,-0.111311291409893,-0.005721774431753566,-0.0922731045278422,-0.11996777272021356,0.07287659820262049,-0.0922731045278422
271,ortho,gattggatttatagatgtgttttg,2.0,att,1.0,,DWIYRCVL,,False,False,11.0,4.0,5.0,356.0,356.0,395.0,397.0,294.0,23.0,True,False,True,True,False,False,1.0,both,0.0021251766519635134,0.0019396978293857623,0.0030508024936994295,0.0019379528467765204,0.0015133995374778941,0.001665837262460041,-2.6726049640681113,-2.7122659201994455,-2.5155859072946454,-2.7126567941758073,-2.8200464030966326,-2.778367427579712,I,non-synonymous,-0.020420421730724243,-0.054665478095007804,-0.13350910360076124,-0.032601626408164705,-0.06332195940532835,-0.05491073096638718,-0.05491073096638718
272,ortho,gattggatttatagatgtgttttg,3.0,tat,2.0,,DWIYRCVL,,False,False,11.0,4.0,5.0,356.0,356.0,395.0,397.0,294.0,23.0,True,False,True,True,False,False,1.0,both,0.0021251766519635134,0.0019396978293857623,0.0030508024936994295,0.0019379528467765204,0.0015133995374778941,0.001665837262460041,-2.6726049640681113,-2.7122659201994455,-2.5155859072946454,-2.7126567941758073,-2.8200464030966326,-2.778367427579712,Y,non-synonymous,-0.020420421730724243,-0.054665478095007804,-0.13350910360076124,-0.032601626408164705,-0.06332195940532835,-0.05491073096638718,-0.05491073096638718
273,ortho,gattggatttatagatgtgttttg,4.0,aga,3.0,,DWIYRCVL,,False,False,11.0,4.0,5.0,356.0,356.0,395.0,397.0,294.0,23.0,True,False,True,True,False,False,1.0,both,0.0021251766519635134,0.0019396978293857623,0.0030508024936994295,0.0019379528467765204,0.0015133995374778941,0.001665837262460041,-2.6726049640681113,-2.7122659201994455,-2.5155859072946454,-2.7126567941758073,-2.8200464030966326,-2.778367427579712,R,synonymous,-0.020420421730724243,-0.054665478095007804,-0.13350910360076124,-0.032601626408164705,-0.06332195940532835,-0.05491073096638718,-0.05491073096638718
274,ortho,gattggatttatagatgtgttttg,5.0,tgt,4.0,,DWIYRCVL,,False,False,11.0,4.0,5.0,356.0,356.0,395.0,397.0,294.0,23.0,True,False,True,True,False,False,1.0,both,0.0021251766519635134,0.0019396978293857623,0.0030508024936994295,0.0019379528467765204,0.0015133995374778941,0.001665837262460041,-2.6726049640681113,-2.7122659201994455,-2.5155859072946454,-2.7126567941758073,-2.8200464030966326,-2.778367427579712,C,non-synonymous,-0.020420421730724243,-0.054665478095007804,-0.13350910360076124,-0.032601626408164705,-0.06332195940532835,-0.05491073096638718,-0.05491073096638718
275,ortho,gattggatttatagatgtgttttg,6.0,gtt,5.0,,DWIYRCVL,,False,False,11.0,4.0,5.0,356.0,356.0,395.0,397.0,294.0,23.0,True,False,True,True,False,False,1.0,both,0.0021251766519635134,0.0019396978293857623,0.0030508024936994295,0.0019379528467765204,0.0015133995374778941,0.001665837262460041,-2.6726049640681113,-2.7122659201994455,-2.5155859072946454,-2.7126567941758073,-2.8200464030966326,-2.778367427579712,V,non-synonymous,-0.020420421730724243,-0.054665478095007804,-0.13350910360076124,-0.032601626408164705,-0.06332195940532835,-0.05491073096638718,-0.05491073096638718
276,single,gattggcctagacgttatacattg,2.0,cct,1.0,,DWPRRYTL,,False,False,3.0,1.0,1.0,205.0,232.0,257.0,174.0,179.0,6.0,True,False,True,True,False,False,2.0,both,0.0009314376257976104,0.0011809724879593587,0.0007958615200955034,0.0011159559932280524,0.000986260372738403,0.0010838485479803305,-3.030846222548627,-2.9277602196317094,-3.0991624929285946,-2.9523529310929284,-3.006008416178608,-2.9650313998748774,P,non-synonymous,0.040019797104103604,-0.03968691695683596,0.06814680872218774,0.027838592426663138,-0.04834339826715651,0.14674518135656178,0.027838592426663138
277,single,gattggctgagacgttatacattg,2.0,ctg,1.0,,DWLRRYTL,,False,False,1.0,1.0,1.0,1794.0,2455.0,2462.0,1630.0,1282.0,57.0,True,False,True,True,False,False,1.0,both,0.008725536379598305,0.008458138153988257,0.007560684440907282,0.00976597586268842,0.01043650523738267,0.010383016051080054,-2.059207866427269,-2.072725225428804,-2.121438887639747,-2.010284353440609,-1.9814449046105205,-1.9836764746108744,L,non-synonymous,0.02494364839383919,0.046296715732449145,0.06999174163164262,0.012762443716398725,0.0376402344221286,0.14859011426601668,0.0376402344221286
278,single,gattggcttagacgttatacattg,2.0,ctt,1.0,,DWLRRYTL,,False,False,2.0,1.0,1.0,2.0,4.0,2.0,9.0,8.0,1.0,True,False,True,True,False,False,2.0,both,4.8177808230910885e-05,5.2780893316619387e-05,0.00013264358668258389,1.0887375543688316e-05,1.7004489185144878e-05,8.434619050430587e-06,-4.317152961391901,-4.277523263619659,-3.8773137433122384,-4.963076796484701,-4.769436409741545,-5.073934527542191,L,non-synonymous,-0.32932420523743555,-0.2494947748529167,-0.6079566328685251,-0.341505409914876,-0.25815125616323725,-0.529358260234151,-0.341505409914876
279,single,gattgggatagacgttatacattg,2.0,gat,1.0,,DWDRRYTL,,False,False,2.0,1.0,1.0,1.0,2.0,2.0,5.0,2.0,1.0,True,False,True,True,False,False,2.0,both,2.6765449017172712e-05,1.3195223329154847e-05,0.00013264358668258389,5.443687771844158e-06,8.502244592572439e-06,8.434619050430587e-06,-4.572425466495208,-4.8795832549476215,-3.8773137433122384,-5.264106792148683,-5.070466405405527,-5.073934527542191,D,non-synonymous,-0.352653657401697,-0.09681454749109324,-0.6079566328685251,-0.36483486207913746,-0.10547102880141379,-0.529358260234151,-0.36483486207913746
280,single,gattgggctagacgttatacattg,2.0,gct,1.0,,DWARRYTL,,False,False,2.0,1.0,1.0,2398.0,3125.0,3171.0,2147.0,1784.0,69.0,True,False,True,True,False,False,1.0,both,0.011493083807973963,0.011770139209606123,0.00915240748109829,0.013053963276882291,0.013284757175894436,0.013373088504457696,-1.939563426394978,-1.9292184005714985,-2.038464652574983,-1.8842576133858528,-1.8766463793894137,-1.8737682811790832,A,non-synonymous,0.028197663446842196,0.0266641473028188,0.08367584176966283,0.016016458769401734,0.01800766599249825,0.1622742144040369,0.01800766599249825
281,single,gattgggtgaagcgttatacattg,3.0,aag,1.0,,DWVKRYTL,,False,False,2.0,1.0,1.0,1202.0,1693.0,1540.0,1261.0,956.0,47.0,True,False,True,True,False,False,1.0,both,0.006750246242130958,0.006307316751336016,0.006234248574081443,0.006543312701756678,0.0071971500476125695,0.006494656668831552,-2.170680384258145,-2.2001553583355027,-2.205215885376521,-2.184202324481962,-2.1428394429605726,-2.187443802369709,K,non-synonymous,-0.006894159923417058,0.029070215981611074,0.009029306432141244,-0.01907536460085752,0.020413734671290526,0.0876276790665153,0.020413734671290526
282,single,gattgggtgaatcgttatacattg,3.0,aat,1.0,,DWVNRYTL,,False,False,2.0,1.0,1.0,786.0,1055.0,921.0,642.0,585.0,30.0,True,False,True,True,False,False,1.0,both,0.003436683653804976,0.0038596028237777922,0.003979307600477517,0.004278738588669508,0.004484934022581962,0.0038841420727232854,-2.4638604427623734,-2.4134573845294223,-2.400192488592576,-2.3686842461092747,-2.348243941435796,-2.410704893009323,N,non-synonymous,0.04852557471547772,0.0330757846792658,-0.00534094516557354,0.036344370038037255,0.024419303368945253,0.07325742746880051,0.036344370038037255
283,single,gattgggtgacgcgttatacattg,3.0,acg,1.0,,DWVTRYTL,,False,False,2.0,1.0,1.0,4.0,7.0,12.0,204.0,189.0,8.0,True,False,True,True,False,False,2.0,both,0.0010920303199006467,0.001246948604605133,0.001061148693460671,2.1774751087376632e-05,2.9757856074003535e-05,5.0607714302583525e-05,-2.9617653034053277,-2.9041514464383584,-2.9742237563202947,-4.66204680082072,-4.526398361055251,-4.295783277158547,T,non-synonymous,-0.8668883580303146,-0.8227918524013046,-0.6714331616270571,-0.879069562707755,-0.8314483337116252,-0.592834788992683,-0.8314483337116252
284,single,gattgggtgagaaagtatacattg,4.0,aag,1.0,,DWVRKYTL,,False,False,3.0,1.0,1.0,18.0,20.0,20.0,20.0,10.0,1.0,True,False,True,True,False,False,2.0,both,0.00010706179606869085,6.597611664577422e-05,0.00013264358668258389,9.798637989319484e-05,8.502244592572439e-05,8.434619050430587e-05,-3.9703654751672453,-4.180613250611603,-3.8773137433122384,-4.008834287045377,-4.070466405405527,-4.073934527542191,K,non-synonymous,-0.01961332003853652,0.05586567987073028,-0.09989539836493383,-0.031794524715976984,0.04720919856040973,-0.021297025730559777,-0.021297025730559777
285,single,gattgggtgagaacgtatacattg,4.0,acg,1.0,,DWVRTYTL,,False,False,3.0,1.0,1.0,1.0,1.0,2.0,6.0,9.0,1.0,True,False,True,True,False,False,2.0,both,3.211853882060725e-05,5.9378504981196805e-05,0.00013264358668258389,5.443687771844158e-06,4.2511222962862195e-06,8.434619050430587e-06,-4.493244220447583,-4.2263707411722775,-3.8773137433122384,-5.264106792148683,-5.371496401069508,-5.073934527542191,T,non-synonymous,-0.3930242080883697,-0.5807994174312341,-0.6079566328685251,-0.4052054127658101,-0.5894558987415547,-0.529358260234151,-0.529358260234151
286,single,gattgggtgagaacttatacattg,4.0,act,1.0,,DWVRTYTL,,False,False,2.0,1.0,1.0,981.0,1307.0,1189.0,1355.0,1227.0,66.0,True,False,True,True,False,False,1.0,both,0.007253436683653805,0.008095269512436498,0.008754476721050538,0.005340257704179119,0.005556216841246089,0.0050143810254809846,-2.139456175620802,-2.0917686878845987,-2.0577698077703697,-2.272437784768734,-2.2552208134889633,-2.2997826685874805,T,non-synonymous,-0.06780066064220426,-0.08290173092220454,-0.12295735283248706,-0.07998186531964473,-0.0915582122325251,-0.044358980198113004,-0.07998186531964473
287,single,gattgggtgagaagttatacattg,4.0,agt,1.0,,DWVRSYTL,,False,False,1.0,1.0,1.0,228.0,282.0,268.0,956.0,853.0,38.0,True,False,True,True,False,False,1.0,both,0.005117553852083422,0.005627762749884542,0.0050404562939381885,0.0012411608119804682,0.0011988164875527138,0.0011302389527576987,-2.2909375785551265,-2.2496642194440795,-2.2975301466954283,-2.9061719451482286,-2.9212472927501465,-2.946829729177383,S,non-synonymous,-0.31367718267266187,-0.34062205694338143,-0.32988394743844845,-0.3258583873501023,-0.349278538253702,-0.25128557480407443,-0.3258583873501023
288,single,gattgggtgagaatgtatacattg,4.0,atg,1.0,,DWVRMYTL,,False,False,3.0,1.0,1.0,2396.0,3497.0,3225.0,2323.0,1829.0,87.0,True,False,True,True,False,False,1.0,both,0.012435227613378442,0.012067031734512106,0.011539992041384799,0.013043075901338602,0.014866174670112909,0.013600823218819322,-1.9053462610309913,-1.9183995451351858,-1.93779449069362,-1.8846199784314088,-1.827800768760263,-1.8664348042348853,M,non-synonymous,0.01056729319123713,0.045951041340965365,0.03625509039601385,-0.0016139114862033337,0.03729456003064482,0.1148534630303879,0.03729456003064482
289,single,gattgggtgagaatttatacattg,4.0,att,1.0,,DWVRIYTL,,False,False,2.0,1.0,1.0,20.0,15.0,19.0,15.0,27.0,1.0,True,False,True,True,False,False,2.0,both,8.029634705151813e-05,0.00017813551494359043,0.00013264358668258389,0.00010887375543688316,6.37668344442933e-05,8.012888097909058e-05,-4.095304211775545,-3.7492494864526154,-3.8773137433122384,-3.9630767964847013,-4.1954051420138265,-4.096210922253343,I,non-synonymous,0.06741613497665915,-0.22628690798602596,-0.11121317096217108,0.05523493029921868,-0.2349433892963465,-0.032614798327797026,-0.032614798327797026
290,single,gattgggtgagacggtatacattg,4.0,cgg,1.0,,DWVRRYTL,,False,False,1.0,0.0,1.0,2886.0,4394.0,4126.0,2762.0,2295.0,115.0,True,False,True,True,False,False,1.0,both,0.014785234037086207,0.015141518770205186,0.015254012468497148,0.01571048290954224,0.01867943136988165,0.017400619101038302,-1.8301717965886142,-1.8198305607383227,-1.8166159029586266,-1.8038104653912073,-1.7286363484850162,-1.7594352995690392,R,synonymous,0.013440322177210869,0.04625304209371587,0.029051247947774084,0.0012591174997704044,0.03759656078339532,0.10764962058214814,0.03759656078339532
291,single,gattgggtgagacgtaagacattg,5.0,aag,1.0,,DWVRRKTL,,False,False,2.0,1.0,1.0,740.0,1104.0,1088.0,819.0,679.0,28.0,True,False,True,True,False,False,1.0,both,0.00438418054901289,0.0044797783202480705,0.003714020427112349,0.004028328951164677,0.0046932390150999865,0.004588432763434239,-2.3581115690708083,-2.348743476331101,-2.430155711970019,-2.3948750724177064,-2.3285273276763276,-2.338335627844011,K,non-synonymous,-0.01874386864779757,0.010253483763912332,0.04665022529328338,-0.030925073325238035,0.0015970024535917823,0.12524859792765744,0.0015970024535917823
292,single,gattgggtgagacgtaatacattg,5.0,aat,1.0,,DWVRRNTL,,False,False,1.0,1.0,1.0,3626.0,5330.0,5354.0,3486.0,2948.0,131.0,True,False,True,True,False,False,1.0,both,0.018660871054772814,0.019449759187174242,0.01737630985541849,0.019738811860706917,0.02265848183920555,0.022579475198002682,-1.7290680880572522,-1.7110857714245888,-1.7600424476564742,-1.7046789923891927,-1.6447691920429355,-1.6462861563552582,N,non-synonymous,0.012434778082139566,0.03363528739226157,0.057795161791045976,0.00025357340469910235,0.024978806081941023,0.13639353442542002,0.024978806081941023
293,single,gattgggtgagacgtacgacattg,5.0,acg,1.0,,DWVRRTTL,,False,False,3.0,1.0,1.0,1536.0,2383.0,2368.0,1414.0,1188.0,44.0,True,False,True,True,False,False,1.0,both,0.007569268982056443,0.007837962657517978,0.005836317814033692,0.008361504417552627,0.010130424432050061,0.009986588955709816,-2.120946061370346,-2.105796809966428,-2.233861066826051,-2.0777155764531896,-1.9943723587230515,-2.0005828251552895,T,non-synonymous,0.02204105857980319,0.056513672373349734,0.11851963144607405,0.009859853902362726,0.047857191063029186,0.1971180040804481,0.047857191063029186
294,single,gattgggtgagacgtactacattg,5.0,act,1.0,,DWVRRTTL,,False,False,2.0,1.0,1.0,1756.0,2486.0,2470.0,1685.0,1419.0,63.0,True,False,True,True,False,False,1.0,both,0.009019956318787204,0.009362010952035362,0.008356545961002786,0.009559115727358342,0.010568290028567542,0.010416754527281776,-2.044795565623869,-2.0286308551541286,-2.0779731938586568,-2.019582280578599,-1.9759952767638818,-1.9822675699465062,T,non-synonymous,0.012854990956891401,0.026696383057170443,0.04862431743374362,0.0006737862794509372,0.01803990174684989,0.12722269006811768,0.01803990174684989
295,single,gattgggtgagacgtatgacattg,5.0,atg,1.0,,DWVRRMTL,,False,False,3.0,1.0,1.0,1849.0,2578.0,2549.0,1460.0,1375.0,76.0,True,False,True,True,False,False,1.0,both,0.007815511113014432,0.009071716038793956,0.010080912587876377,0.010065378690139848,0.010959393279825874,0.010749921979773784,-2.1070426150467894,-2.042310552445321,-1.996500151031447,-1.9971698809895095,-1.9602134880521236,-1.9685946877369045,M,non-synonymous,0.056018602898404136,0.04163903477340909,0.014177684130819988,0.04383739822096367,0.032982553463088544,0.09277605676519404,0.04383739822096367
296,single,gattgggtgagacgtattacattg,5.0,att,1.0,,DWVRRITL,,False,False,2.0,1.0,1.0,1281.0,1805.0,1768.0,1281.0,1051.0,45.0,True,False,True,True,False,False,1.0,both,0.006857308038199649,0.006934089859470871,0.005968961400716275,0.006973364035732367,0.0076732757447966265,0.007456203240580639,-2.1638463410865403,-2.1590105345833606,-2.224101229536895,-2.1565576624039964,-2.115019194827831,-2.1274822625291177,I,non-synonymous,0.0037161321257249656,0.022312088006414984,0.04908835165443297,-0.008465072551715499,0.013655606696094435,0.127686724288807,0.013655606696094435
297,single,gattgggtgagacgtcagacattg,5.0,cag,1.0,,DWVRRQTL,,False,False,2.0,1.0,1.0,1709.0,2306.0,2161.0,1527.0,1277.0,88.0,True,False,True,True,False,False,1.0,both,0.008174168129844546,0.008425150095665369,0.011672635628067383,0.009303262402081666,0.009803088015236022,0.00911360588399025,-2.0875564337748056,-2.0744223533481874,-1.9328310711620698,-2.031364729427946,-2.0086370981108277,-2.0403097563229307,Q,non-synonymous,0.028649335060236394,0.03336580364538571,-0.0546057534656498,0.01646813038279593,0.024709322335065162,0.02399261916872425,0.02399261916872425
298,single,gattgggtgagacgtcatacattg,5.0,cat,1.0,,DWVRRHTL,,False,False,1.0,1.0,1.0,703.0,1048.0,1040.0,710.0,630.0,30.0,True,False,True,True,False,False,1.0,both,0.003800693760438525,0.004156495348683777,0.003979307600477517,0.003826912503606443,0.004455176166507958,0.004386001906223905,-2.4201371221121515,-2.381272701158021,-2.400192488592576,-2.4171514671288588,-2.3511351184217997,-2.3579311839073918,H,non-synonymous,0.001522235906257832,0.015285563068732348,0.021471330630087156,-0.010658968771182633,0.006629081758411799,0.10006970326446121,0.006629081758411799
299,single,gattgggtgagacgtccgacattg,5.0,ccg,1.0,,DWVRRPTL,,False,False,3.0,1.0,1.0,9.0,14.0,17.0,95.0,76.0,3.0,True,False,True,True,False,False,2.0,both,0.0005085435313262816,0.0005014184865078841,0.0003979307600477517,4.899318994659742e-05,5.951571214800707e-05,7.169426192865999e-05,-3.293671865542379,-3.2997996583308113,-3.400192488592576,-4.309864282709357,-4.22536836539127,-4.144515601827898,P,non-synonymous,-0.51810560621864,-0.4694417256369396,-0.3781617197798941,-0.5302868108960804,-0.47809820694726013,-0.29956334714552,-0.47809820694726013
300,single,gattgggtgagacgtcctacattg,5.0,cct,1.0,,DWVRRPTL,,False,False,2.0,1.0,1.0,840.0,1214.0,1105.0,999.0,928.0,42.0,True,False,True,True,False,False,1.0,both,0.005347736713631108,0.0061225836247278485,0.005571030640668524,0.0045726977283490925,0.00516086246769147,0.004660127025362899,-2.271829982605244,-2.213065274392741,-2.254064452914338,-2.339827506086801,-2.287277714330269,-2.3316022451850427,P,non-synonymous,-0.03466853081131507,-0.03764001051704244,-0.039393946461737155,-0.04684973548875553,-0.046296491827362986,0.0392044261726369,-0.046296491827362986
301,single,gattgggtgagacgtcgtacattg,5.0,cgt,1.0,,DWVRRRTL,,False,False,2.0,1.0,1.0,84.0,86.0,102.0,359.0,311.0,14.0,True,False,True,True,False,False,1.0,both,0.0019217592394330007,0.0020518572276835784,0.0018570102135561746,0.0004572697728349093,0.0003655965174806149,0.00043016557157195994,-2.7163010222529076,-2.687852861584765,-2.7311857076340003,-3.339827506086801,-3.43699794982594,-3.3663643514442545,R,non-synonymous,-0.3179049178508611,-0.3799609475705866,-0.3227096459045546,-0.33008612252830155,-0.38861742888090717,-0.24411127327018053,-0.33008612252830155
302,single,gattgggtgagacgtcttacattg,5.0,ctt,1.0,,DWVRRLTL,,False,False,2.0,1.0,1.0,9.0,15.0,20.0,17.0,10.0,2.0,True,False,True,True,False,False,2.0,both,9.100252665838722e-05,6.597611664577422e-05,0.00026528717336516777,4.899318994659742e-05,6.37668344442933e-05,8.434619050430587e-05,-4.040946549452952,-4.180613250611603,-3.576283747648257,-4.309864282709357,-4.1954051420138265,-4.073934527542191,L,non-synonymous,-0.13710768045305952,-0.00750233988284624,-0.25283706958458685,-0.14928888513049998,-0.01615882119316679,-0.1742386969502128,-0.14928888513049998
303,single,gattgggtgagacgtgagacattg,5.0,gag,1.0,,DWVRRETL,,False,False,2.0,1.0,1.0,1.0,5.0,2.0,4.0,1.0,1.0,True,False,True,True,False,False,3.0,both,2.141235921373817e-05,6.597611664577423e-06,0.00013264358668258389,5.443687771844158e-06,2.1255611481431098e-05,8.434619050430587e-06,-4.669335479503264,-5.180613250611603,-3.8773137433122384,-5.264106792148683,-4.672526396733489,-5.073934527542191,E,non-synonymous,-0.30324409658429424,0.25769796195411493,-0.6079566328685251,-0.3154253012617347,0.2490414806437944,-0.529358260234151,-0.3154253012617347
304,single,gattgggtgagacgtgcgacattg,5.0,gcg,1.0,,DWVRRATL,,False,False,3.0,1.0,1.0,285.0,388.0,376.0,235.0,209.0,8.0,True,False,True,True,False,False,2.0,both,0.0012579761038071175,0.0013789008378966815,0.001061148693460671,0.0015514510149755851,0.0016494354509590532,0.0015857083814809505,-2.9003276085594902,-2.8604669645005485,-2.9742237563202947,-2.8092619321401724,-2.7826646754753006,-2.7997766782785107,A,non-synonymous,0.046429826369377855,0.03946075590056732,0.0886297978254531,0.03424862169193739,0.030804274590246775,0.16722817045982716,0.03424862169193739
305,single,gattgggtgagacgtgggacattg,5.0,ggg,1.0,,DWVRRGTL,,False,False,3.0,1.0,1.0,1926.0,2626.0,2580.0,1767.0,1553.0,80.0,True,False,True,True,False,False,1.0,both,0.009458909682668836,0.010246090915088739,0.010611486934606711,0.010484542648571848,0.011163447150047613,0.010880658575055458,-2.0241589213244624,-1.989441794883044,-1.974223756320295,-1.9794505093601669,-1.952201679316047,-1.9633448172429417,G,non-synonymous,0.022794579542732257,0.018887916133435365,0.005527167217729375,0.010613374865291793,0.010231434823114815,0.08412553985210343,0.010613374865291793
306,single,gattgggtgagacgtgtgacattg,5.0,gtg,1.0,,DWVRRVTL,,False,False,3.0,1.0,1.0,4.0,1.0,2.0,4.0,1.0,1.0,True,False,True,True,False,False,3.0,both,2.141235921373817e-05,6.597611664577423e-06,0.00013264358668258389,2.1774751087376632e-05,4.2511222962862195e-06,8.434619050430587e-06,-4.669335479503264,-5.180613250611603,-3.8773137433122384,-4.66204680082072,-5.371496401069508,-5.073934527542191,V,non-synonymous,0.0037161321257249656,-0.09681454749109324,-0.6079566328685251,-0.008465072551715499,-0.10547102880141379,-0.529358260234151,-0.10547102880141379
307,single,gattgggtgagacgtgttacattg,5.0,gtt,1.0,,DWVRRVTL,,False,False,2.0,1.0,1.0,479.0,647.0,624.0,416.0,374.0,9.0,True,False,True,True,False,False,2.0,both,0.0022268853582287696,0.002467506762551956,0.001193792280143255,0.002607526442713352,0.002750476125697184,0.0026316011437343433,-2.6523021402044837,-2.6077416484111224,-2.9230712338729137,-2.5837712787341194,-2.5605921204008073,-2.579779933523748,V,non-synonymous,0.03494045313364555,0.023913898150711578,0.17441300184974023,0.022759248456205083,0.015257416840391029,0.25301137448411426,0.022759248456205083
308,single,gattgggtgagacgttagacattg,5.0,tag,1.0,,DWVRR*TL,,True,False,1.0,1.0,1.0,2.0,3.0,5.0,4.0,3.0,1.0,True,False,True,True,False,False,3.0,both,2.141235921373817e-05,1.9792834993732268e-05,0.00013264358668258389,1.0887375543688316e-05,1.275336688885866e-05,2.108654762607647e-05,-4.669335479503264,-4.70349199589194,-3.8773137433122384,-4.963076796484701,-4.894375146349845,-4.675994518870153,*,stop,-0.14976398222928464,-0.0968145474910932,-0.40577874080423987,-0.1619451869067251,-0.10547102880141375,-0.32718036816986584,-0.1619451869067251
309,single,gattgggtgagacgttataagttg,6.0,aag,1.0,,DWVRRYKL,,False,False,2.0,1.0,1.0,831.0,896.0,1029.0,1105.0,886.0,38.0,True,False,True,True,False,False,1.0,both,0.005915164232795169,0.005845483934815597,0.0050404562939381885,0.004523704538402495,0.0038090055774724525,0.004339611501446537,-2.228033192810097,-2.233179528724552,-2.2975301466954283,-2.344505768364572,-2.4191883914073826,-2.362549148443739,K,non-synonymous,-0.0593835314513881,-0.09434234413446817,-0.033033634294437945,-0.07156473612882856,-0.10299882544478872,0.04556473833993611,-0.07156473612882856
310,single,gattgggtgagacgttatacaact,7.0,act,1.0,,DWVRRYTT,,False,False,3.0,1.0,1.0,4366.0,5531.0,5536.0,4052.0,3215.0,159.0,True,False,True,True,False,False,1.0,both,0.021690719883516767,0.021211321501616413,0.02109033028253084,0.023767140811871593,0.02351295742075908,0.023347025531591865,-1.6637260341429838,-1.6734322733513618,-1.675916618991787,-1.6240230607755624,-1.6286927426003421,-1.6317684417574705,T,non-synonymous,0.02024255715522657,0.022691565045072082,0.02242997742675011,0.008061352477786105,0.014035083734751532,0.10102835006112416,0.014035083734751532
311,single,gattgggtgagacgttatacactg,7.0,ctg,1.0,,DWVRRYTL,,False,False,1.0,0.0,1.0,7.0,3.0,2.0,1.0,1.0,6.0,True,False,True,True,False,False,2.0,both,5.353089803434542e-06,6.597611664577423e-06,0.0007958615200955034,3.8105814402909106e-05,1.275336688885866e-05,8.434619050430587e-06,-5.2713954708312265,-5.180613250611603,-3.0991624929285946,-4.419008752134426,-4.894375146349845,-5.073934527542191,L,synonymous,0.4345892865982251,0.14517788747897722,-1.0033051177689523,0.42240808192078466,0.13652140616865668,-0.9247067451345782,0.13652140616865668
312,single,gattgggtgagacgttatacactt,7.0,ctt,1.0,,DWVRRYTL,,False,False,2.0,0.0,1.0,493.0,573.0,661.0,436.0,358.0,18.0,True,False,True,True,False,False,1.0,both,0.0023339471542974605,0.0023619449759187173,0.00238758456028651,0.00268373807151917,0.002435893075772004,0.002787641596167309,-2.6319089815626406,-2.6267302239677286,-2.6220412382089324,-2.5712598728714524,-2.6133417791021176,-2.554763063720532,L,synonymous,0.030921942236757337,0.00679052199297912,0.034181432385724825,0.01874073755931687,-0.0018659593173414295,0.11277980502009888,0.01874073755931687
313,single,gattgggtgagacgttatacagat,7.0,gat,1.0,,DWVRRYTD,,False,False,3.0,1.0,1.0,1372.0,1682.0,1782.0,1201.0,1107.0,65.0,True,False,True,True,False,False,1.0,both,0.006429060853924885,0.007303556112687207,0.008621833134367953,0.007468739622970185,0.007150387702353421,0.0075152455739336535,-2.1918524634283205,-2.13646562973288,-2.0644003866693827,-2.1267526807779498,-2.1456704096076145,-2.124056823505316,D,non-synonymous,0.03319111792705876,-0.00466859749637282,-0.0303091229449497,0.021009913249618296,-0.013325078806693369,0.04828924968942436,0.021009913249618296
314,single,gattgggtgagacgttatacaggg,7.0,ggg,1.0,,DWVRRYTG,,False,False,2.0,1.0,1.0,1181.0,1467.0,1599.0,1043.0,878.0,68.0,True,False,True,True,False,False,1.0,both,0.0055832726649822275,0.005792703041498978,0.009019763894415705,0.006428995258547951,0.006236396408651884,0.0067434779308192545,-2.2531111624046956,-2.2371187347055,-2.0448048306060023,-2.1918568945351677,-2.205066287226225,-2.1711160594599375,G,non-synonymous,0.031230482585667543,0.016256768558377155,-0.06417383886319596,0.01904927790822708,0.0076002872480566055,0.014424533771178097,0.014424533771178097
315,single,gattgggtgagacgttatacagtg,7.0,gtg,1.0,,DWVRRYTV,,False,False,1.0,1.0,1.0,1.0,3.0,2.0,1.0,5.0,2.0,True,False,True,True,False,False,2.0,both,5.353089803434542e-06,3.298805832288711e-05,0.00026528717336516777,5.443687771844158e-06,1.275336688885866e-05,8.434619050430587e-06,-5.2713954708312265,-4.481643246275584,-3.576283747648257,-5.264106792148683,-4.894375146349845,-5.073934527542191,V,non-synonymous,0.0037161321257249656,-0.20933462196623087,-0.7608983040881783,-0.008465072551715499,-0.2179911032765514,-0.6822999314538042,-0.2179911032765514
316,single,gattgggtgagacgttatacatat,7.0,tat,1.0,,DWVRRYTY,,False,False,2.0,1.0,1.0,3086.0,3743.0,3852.0,2729.0,2449.0,133.0,True,False,True,True,False,False,1.0,both,0.014608582073572867,0.01615755096655011,0.017641597028783658,0.016799220463911073,0.01591195075499932,0.016245076291129312,-1.8353919351613301,-1.7916244654868887,-1.7534621023451527,-1.7747108704215533,-1.7982765739550859,-1.789278244753675,Y,non-synonymous,0.030938235025058866,-0.003373901099522192,-0.018196793527230325,0.0187570303476184,-0.012030382409842742,0.06040157910714373,0.0187570303476184
317,single,gattgggtgagacgttatacatcg,7.0,tcg,1.0,,DWVRRYTS,,False,False,1.0,1.0,1.0,1511.0,2095.0,2132.0,1503.0,1274.0,55.0,True,False,True,True,False,False,1.0,both,0.008045693974562118,0.008405357260671638,0.007295397267542115,0.008225412223256522,0.00890610121071963,0.008991303907759006,-2.0944364902443184,-2.075443822612271,-2.1369510538179943,-2.0848423278096573,-2.0503123737671936,-2.046177322851637,S,non-synonymous,0.0048915827951444115,0.012746488319660748,0.04611861381526433,-0.007289621882296053,0.004090007009340198,0.12471698644963838,0.004090007009340198
318,single,gattgggtgagacgttatacatgt,7.0,tgt,1.0,,DWVRRYTC,,False,False,2.0,1.0,1.0,692.0,930.0,928.0,619.0,582.0,27.0,True,False,True,True,False,False,1.0,both,0.0033135625883259816,0.0038398099887840603,0.003581376840429765,0.0037670319381161574,0.003953543735546184,0.003913663239399793,-2.479704821811109,-2.415690265961714,-2.445949979153251,-2.424000697691925,-2.4030134525155726,-2.4074165469873097,C,non-synonymous,0.0284007423280209,0.0064295877057407485,0.019577343115888497,0.016219537650580436,-0.002226893604579801,0.09817571575026254,0.016219537650580436
319,single,gattgggtgagacgttatacgttg,6.0,acg,1.0,,DWVRRYTL,,False,False,1.0,0.0,1.0,1.0,1.0,1.0,2.0,6.0,1.0,True,False,True,True,False,False,2.0,both,1.0706179606869085e-05,3.9585669987464537e-05,0.00013264358668258389,5.443687771844158e-06,4.2511222962862195e-06,4.217309525215294e-06,-4.970365475167245,-4.402462000227959,-3.8773137433122384,-5.264106792148683,-5.371496401069508,-5.374964523206172,T,synonymous,-0.14976398222928464,-0.49148720982298716,-0.7608983040881783,-0.1619451869067251,-0.5001436911333077,-0.6822999314538042,-0.5001436911333077
320,single,gattgggtgagacgttatactttg,6.0,act,1.0,,DWVRRYTL,,False,False,1.0,0.0,1.0,750.0,897.0,864.0,617.0,546.0,22.0,True,False,True,True,False,False,1.0,both,0.0033028564087191127,0.003602295968859273,0.002918158907016846,0.004082765828883119,0.003813256699768739,0.003643755429786014,-2.481110306797985,-2.4434206079068654,-2.5348910624900323,-2.3890455287569825,-2.4187039580254157,-2.438450780727279,T,synonymous,0.046939218235162464,0.012536105298073766,0.04899756860825873,0.034758013557722,0.0038796239877532165,0.1275959412426328,0.034758013557722
321,single,gattgggtgagacgttatatgttg,6.0,atg,1.0,,DWVRRYML,,False,False,2.0,1.0,1.0,1338.0,1676.0,1714.0,1254.0,1023.0,50.0,True,False,True,True,False,False,1.0,both,0.006712774613506917,0.0067493567328627034,0.006632179334129195,0.007283654238727484,0.007124880968575704,0.007228468526219014,-2.173097934336529,-2.1707376168994426,-2.1783437389762197,-2.1376506787168785,-2.1472223867752502,-2.1409537056189927,M,non-synonymous,0.018072779870574835,0.0119267539233364,0.018996426505603226,0.005891575193134371,0.003270272613015851,0.09759479913997728,0.005891575193134371
322,single,gattgggtgagacgttatcctttg,6.0,cct,1.0,,DWVRRYPL,,False,False,2.0,1.0,1.0,19.0,19.0,17.0,157.0,124.0,12.0,True,False,True,True,False,False,1.0,both,0.0008404350991392231,0.0008181038464076004,0.0015917230401910067,0.00010343006766503901,8.077132362943817e-05,7.169426192865999e-05,-3.075495818421993,-3.0871915654493676,-2.7981324972646138,-3.9853531911958537,-4.092742800116679,-4.144515601827898,P,non-synonymous,-0.4638906940554746,-0.5100082827106032,-0.6840450622192003,-0.47607189873291506,-0.5186647640209238,-0.6054466895848262,-0.5186647640209238
323,single,gattgggtgagacgttatcggttg,6.0,cgg,1.0,,DWVRRYRL,,False,False,3.0,1.0,1.0,485.0,528.0,612.0,627.0,523.0,24.0,True,False,True,True,False,False,1.0,both,0.0033563873067534583,0.0034505509005739923,0.0031834460803820135,0.0026401885693444166,0.002244592572439124,0.00258099342943176,-2.47412793000051,-2.4621115617443285,-2.4971025016006325,-2.578365053546419,-2.6488624785356953,-2.5882131010606106,R,non-synonymous,-0.05314528742086277,-0.09471870858863564,-0.04628976363799884,-0.06532649209830323,-0.1033751898989562,0.032308608996375214,-0.06532649209830323
324,single,gattgggtgagacgttatcttttg,6.0,ctt,1.0,,DWVRRYLL,,False,False,3.0,1.0,1.0,682.0,785.0,755.0,615.0,486.0,19.0,True,False,True,True,False,False,1.0,both,0.0032921502291122437,0.0032064392689846277,0.0025202281469690942,0.003712595060397716,0.003337131002584682,0.003184068691537547,-2.4825203550558097,-2.4939769813493093,-2.5985601423594096,-2.430322417492204,-2.476626744324255,-2.4970175715769836,L,non-synonymous,0.026613113449665774,0.008799914200987868,0.051589843866387514,0.01443190877222531,0.0001434328906673183,0.13018821650076157,0.01443190877222531
325,single,gattgggtgagacgttatgctttg,6.0,gct,1.0,,DWVRRYAL,,False,False,2.0,1.0,1.0,4.0,4.0,2.0,1.0,1.0,4.0,True,False,True,True,False,False,3.0,both,5.353089803434542e-06,6.597611664577423e-06,0.0005305743467303355,2.1774751087376632e-05,1.7004489185144878e-05,8.434619050430587e-06,-5.2713954708312265,-5.180613250611603,-3.275253751984276,-4.66204680082072,-4.769436409741545,-5.073934527542191,A,non-synonymous,0.3106763608357442,0.20854590723255373,-0.9138399753078312,0.29849515615830374,0.1998894259222332,-0.8352416026734572,0.1998894259222332
326,single,gattgggtgagacgttatgggttg,6.0,ggg,1.0,,DWVRRYGL,,False,False,3.0,1.0,1.0,579.0,780.0,777.0,579.0,474.0,20.0,True,False,True,True,False,False,1.0,both,0.0030994389961886,0.0031272679290096986,0.002652871733651678,0.0031518952198977676,0.003315875391103251,0.003276849501092283,-2.5087169071037905,-2.5048349089375175,-2.576283747648257,-2.5014282284212466,-2.4794017983790275,-2.4845435044052575,G,non-synonymous,0.0037161321257249656,0.012899488949676496,0.04660966123569812,-0.008465072551715499,0.004243007639355947,0.12520803387007218,0.004243007639355947
327,single,gattgggtgagacgttattagttg,6.0,tag,1.0,,DWVRRY*L,,True,False,3.0,1.0,1.0,3.0,5.0,8.0,362.0,293.0,22.0,True,False,True,True,False,False,1.0,both,0.0019378185088433043,0.001933100217721185,0.002918158907016846,1.6331063315532474e-05,2.1255611481431098e-05,3.373847620172235e-05,-2.712686900298061,-2.713745630257493,-2.5348910624900323,-4.78698553742902,-4.672526396733489,-4.471874536214228,*,stop,-1.0575809607646784,-0.9934793777539354,-0.9841062148733698,-1.069762165442119,-1.002135859064256,-0.9055078422389957,-1.002135859064256
328,single,gattgggtgagacgttattatttg,6.0,tat,1.0,,DWVRRYYL,,False,False,3.0,1.0,1.0,2030.0,2430.0,2579.0,2035.0,1726.0,67.0,True,False,True,True,False,False,1.0,both,0.010893537749989295,0.011387477733060631,0.00888712030773312,0.011050686176843641,0.010330227179975513,0.010876441265530242,-1.9628310572699879,-1.943572459232412,-2.051238940611412,-1.9566107542354698,-1.9858901274711955,-1.9635131810682345,Y,non-synonymous,0.003171420904268596,-0.021463213969320646,0.04457005769127202,-0.009009783773171867,-0.030119695279641194,0.12316843032564607,-0.009009783773171867
329,single,gattgggtgagacgttattggttg,6.0,tgg,1.0,,DWVRRYWL,,False,False,3.0,1.0,1.0,4.0,8.0,6.0,274.0,184.0,13.0,True,False,True,True,False,False,1.0,both,0.0014667466061410645,0.0012139605462822458,0.0017243666268735908,2.1774751087376632e-05,3.4008978370289756e-05,2.5303857151291762e-05,-2.8336449080108386,-2.9157954276020663,-2.7633703910054015,-4.66204680082072,-4.468406414077564,-4.596813272822528,W,non-synonymous,-0.9322105293075741,-0.7874730154271729,-0.9315012539278315,-0.9443917339850145,-0.7961294967374934,-0.8529028812934574,-0.8529028812934574
330,single,gattgggtgagacgttattgtttg,6.0,tgt,1.0,,DWVRRYCL,,False,False,3.0,1.0,1.0,1381.0,1767.0,1686.0,1252.0,1045.0,56.0,True,False,True,True,False,False,1.0,both,0.006702068433900047,0.006894504189483407,0.007428040854224698,0.0075177328129167826,0.00751173309753775,0.007110383859512985,-2.1737911419568157,-2.1614969601645297,-2.129125716306038,-2.1239131135700515,-2.1242598515627438,-2.1481069529174484,C,non-synonymous,0.025430307978836997,0.01888639102252064,-0.009643630505197969,0.013249103301396533,0.010229909712200091,0.06895474212917609,0.013249103301396533
331,single,gattgggtgagacgttatttgttg,6.0,ttg,1.0,,DWVRRYLL,,False,False,3.0,1.0,1.0,338.0,497.0,454.0,358.0,327.0,18.0,True,False,True,True,False,False,1.0,both,0.0019164061496295662,0.0021574190143168175,0.00238758456028651,0.0018399664668833254,0.002112807781254251,0.0019146585244477433,-2.7175124441873524,-2.6660654979513168,-2.6220412382089324,-2.735190091871028,-2.6751400123361755,-2.7179086703490682,L,non-synonymous,-0.009012946972389533,-0.004602527786051441,-0.0487065259218066,-0.021194151649829997,-0.01325900909637199,0.029891846712567456,-0.01325900909637199
332,single,gattgggtgagacgttattttttg,6.0,ttt,1.0,,DWVRRYFL,,False,False,3.0,1.0,1.0,526.0,545.0,532.0,482.0,512.0,26.0,True,False,True,True,False,False,1.0,both,0.0025801892852554496,0.0033779771722636407,0.0034487332537471815,0.002863379767990027,0.00231686165147599,0.002243608667414536,-2.588348432592377,-2.471343289635772,-2.4623403953414202,-2.5431210479949438,-2.6350998987928653,-2.6490528909111237,F,non-synonymous,0.02305917768985521,-0.08305616276862558,-0.0948613809963898,0.010877973012414747,-0.09171264407894614,-0.016263008362015746,-0.016263008362015746
333,single,gattgggtgagacgttcgacattg,5.0,tcg,1.0,,DWVRRSTL,,False,False,2.0,1.0,1.0,2033.0,2833.0,2771.0,1923.0,1504.0,67.0,True,False,True,True,False,False,1.0,both,0.010293991692004624,0.009922807943524445,0.00888712030773312,0.011067017240159174,0.01204342946537886,0.011686164694371578,-1.9874161865927469,-2.0033654143559794,-2.051238940611412,-1.955969413510644,-1.9192498265490705,-1.9323279974239402,S,non-synonymous,0.01603313423332271,0.042662815187918215,0.06041404059181332,0.003851929555882245,0.03400633387759767,0.13901241322618738,0.03400633387759767
334,single,gattgggtgagacgttctacattg,5.0,tct,1.0,,DWVRRSTL,,False,False,1.0,1.0,1.0,2162.0,3026.0,2874.0,1938.0,1604.0,70.0,True,False,True,True,False,False,1.0,both,0.010374288039056143,0.010582569109982187,0.009285051067780872,0.011769252962727069,0.0128638960685621,0.012120547575468753,-1.9840416981164801,-1.975408886663458,-2.0322157032979815,-1.9292511025313912,-1.8906274773823397,-1.9164777594079652,S,non-synonymous,0.02793497989271881,0.0430005150036474,0.05880196265166915,0.01575377521527835,0.03434403369332685,0.1374003352860432,0.03434403369332685
335,single,gattgggtgagacgttggacattg,5.0,tgg,1.0,,DWVRRWTL,,False,False,2.0,1.0,1.0,824.0,1367.0,1263.0,804.0,685.0,27.0,True,False,True,True,False,False,1.0,both,0.004303884201961372,0.004519363990235534,0.003581376840429765,0.004485598723999586,0.005811284179023262,0.005326461930346916,-2.3661394220827754,-2.3449226791191773,-2.445949979153251,-2.348179580451567,-2.235727886501685,-2.273561172650841,W,non-synonymous,0.00915682352941534,0.05538280571274191,0.0875840698462151,-0.0030243811480251247,0.04672632440242136,0.16618244248058917,0.04672632440242136
336,single,gattgggtgagacgtttgacattg,5.0,ttg,1.0,,DWVRRLTL,,False,False,2.0,1.0,1.0,656.0,958.0,927.0,752.0,615.0,32.0,True,False,True,True,False,False,1.0,both,0.004025523532182776,0.004057531173715115,0.004244594773842684,0.0035710591783297677,0.004072575159842199,0.003909445929874578,-2.3951776302395844,-2.391738134836186,-2.3721637649923326,-2.4472029527730226,-2.3901308919909634,-2.407884789061675,L,non-synonymous,-0.026525105693125866,0.0008151818973820507,-0.01814846758640259,-0.03870631037056633,-0.007841299412938499,0.06044990504797146,-0.007841299412938499
337,single,gattgggtgagacgttttacattg,5.0,ttt,1.0,,DWVRRFTL,,False,False,1.0,1.0,1.0,872.0,1144.0,1181.0,772.0,695.0,32.0,True,False,True,True,False,False,1.0,both,0.004132585328251467,0.004585340106881309,0.004244594773842684,0.004746895737048106,0.004863283906951435,0.004980642549279262,-2.3837781704954906,-2.338628446021489,-2.3721637649923326,-2.3235903072161155,-2.3130703766125023,-2.302714625592657,F,non-synonymous,0.030686776307878263,0.01296286717104796,0.03528441549861107,0.018505571630437798,0.004306385860727411,0.11388278813298512,0.018505571630437798
338,single,gattgggtgagactgtatacattg,4.0,ctg,1.0,,DWVRLYTL,,False,False,2.0,1.0,1.0,3.0,2.0,8.0,2.0,5.0,3.0,True,False,True,True,False,False,2.0,both,1.0706179606869085e-05,3.298805832288711e-05,0.0003979307600477517,1.6331063315532474e-05,8.502244592572439e-06,3.373847620172235e-05,-4.970365475167245,-4.481643246275584,-3.400192488592576,-4.78698553742902,-5.070466405405527,-4.471874536214228,L,non-synonymous,0.09349624362980043,-0.2986468295744778,-0.5444801041099933,0.08131503895235996,-0.30730331088479834,-0.4658817314756192,-0.30730331088479834
339,single,gattgggtgagagagtatacattg,4.0,gag,1.0,,DWVREYTL,,False,False,3.0,1.0,1.0,1526.0,2133.0,1953.0,1470.0,1267.0,73.0,True,False,True,True,False,False,1.0,both,0.007869042011048778,0.008359173979019596,0.009682981827828625,0.008307067539834186,0.009067643857978506,0.008236405502745469,-2.1040781360830505,-2.0778366357281612,-2.0139908831917825,-2.080552258529821,-2.042505545620079,-2.0842622799183177,E,non-synonymous,0.011994666409263935,0.017919672286294114,-0.03570217257117503,-0.00018653826817652958,0.009263190975973565,0.042896200063199025,0.009263190975973565
340,single,gattgggtgagagcgtatacattg,4.0,gcg,1.0,,DWVRAYTL,,False,False,3.0,1.0,1.0,115.0,146.0,134.0,490.0,414.0,24.0,True,False,True,True,False,False,1.0,both,0.002623014003682926,0.002731411229135053,0.0031834460803820135,0.0006260240937620782,0.000620663855257788,0.0005651194763788493,-2.581199390802713,-2.5636129094907036,-2.4971025016006325,-3.203408951795071,-3.2071435452850707,-3.2478597248413643,A,non-synonymous,-0.31723348486668373,-0.32639406438771407,-0.38143064165217455,-0.3294146895441242,-0.3350505456980346,-0.30283226901780047,-0.3294146895441242
341,single,gattgggtgagagtgtatacattg,4.0,gtg,1.0,,DWVRVYTL,,False,False,3.0,1.0,1.0,1.0,2.0,2.0,3.0,4.0,1.0,True,False,True,True,False,False,3.0,both,1.6059269410303626e-05,2.6390446658309693e-05,0.00013264358668258389,5.443687771844158e-06,8.502244592572439e-06,8.434619050430587e-06,-4.794274216111564,-4.57855325928364,-3.8773137433122384,-5.264106792148683,-5.070466405405527,-5.073934527542191,V,non-synonymous,-0.23954409373336008,-0.2494947748529167,-0.6079566328685251,-0.25172529841080055,-0.25815125616323725,-0.529358260234151,-0.25815125616323725
342,single,gattgggtgagatcgtatacattg,4.0,tcg,1.0,,DWVRSYTL,,False,False,3.0,1.0,1.0,149.0,188.0,196.0,800.0,716.0,23.0,True,False,True,True,False,False,1.0,both,0.004282471842747634,0.004723889951837435,0.0030508024936994295,0.0008111094780047796,0.0007992109917018093,0.0008265926669421976,-2.368305483839283,-2.3257002283037473,-2.5155859072946454,-3.0909205237364086,-3.097338551805828,-3.082708451849696,S,non-synonymous,-0.36842520863554895,-0.3913693531222099,-0.2881329801014568,-0.3806064133129894,-0.4000258344325304,-0.20953460746708277,-0.3806064133129894
343,single,gattgggtgagatggtatacattg,4.0,tgg,1.0,,DWVRWYTL,,False,False,2.0,1.0,1.0,423.0,616.0,582.0,978.0,875.0,43.0,True,False,True,True,False,False,1.0,both,0.005235321827758982,0.005772910206505245,0.005703674227351107,0.002302679927490079,0.0026186913345123113,0.0024544741436753007,-2.2810566160436254,-2.2386051975892896,-2.243845287732652,-2.6377664247736403,-2.5819156889050823,-2.6100415385562834,W,non-synonymous,-0.18186846169491877,-0.1741245876650236,-0.18605011926404105,-0.19404966637235924,-0.18278106897534413,-0.107451746629667,-0.18278106897534413
344,single,gattgggtgagatgttatacattg,4.0,tgt,1.0,,DWVRCYTL,,False,False,1.0,1.0,1.0,1.0,1.0,1.0,4.0,1.0,1.0,True,False,True,True,False,False,3.0,both,2.141235921373817e-05,6.597611664577423e-06,0.00013264358668258389,5.443687771844158e-06,4.2511222962862195e-06,4.217309525215294e-06,-4.669335479503264,-5.180613250611603,-3.8773137433122384,-5.264106792148683,-5.371496401069508,-5.374964523206172,C,non-synonymous,-0.30324409658429424,-0.09681454749109324,-0.7608983040881783,-0.3154253012617347,-0.10547102880141379,-0.6822999314538042,-0.3154253012617347
345,single,gattgggtgagattgtatacattg,4.0,ttg,1.0,,DWVRLYTL,,False,False,3.0,1.0,1.0,193.0,301.0,297.0,212.0,214.0,4.0,True,False,True,True,False,False,2.0,both,0.001134855038328123,0.0014118888962195684,0.0005305743467303355,0.0010506317399659225,0.001279587811182152,0.0012525409289889423,-2.9450596099024753,-2.8501994772624117,-3.275253751984276,-2.9785494831409087,-2.8929299054756643,-2.9022080738889597,L,non-synonymous,-0.01707480865165024,-0.021672562830415902,0.18953004773933585,-0.029256013329090703,-0.03032904414073645,0.2681284203737099,-0.029256013329090703
346,single,gattgggtgattcgttatacattg,3.0,att,1.0,,DWVIRYTL,,False,False,2.0,1.0,1.0,4167.0,5783.0,5648.0,4046.0,3438.0,148.0,True,False,True,True,False,False,1.0,both,0.02165860134469616,0.02268258890281718,0.019631250829022416,0.022683846945274606,0.024584240239423207,0.023819364198415977,-1.6643695923964408,-1.644307378260569,-1.707052027917281,-1.6442832916914047,-1.6093432087659132,-1.6230698351624246,I,non-synonymous,0.01024099848381623,0.017733572816179505,0.042668096527350895,-0.0019402061936242346,0.009077091505858956,0.12126646916172495,0.009077091505858956
347,single,gattgggtgcagcgttatacattg,3.0,cag,1.0,,DWVQRYTL,,False,False,3.0,1.0,1.0,2.0,3.0,1.0,1.0,5.0,3.0,True,False,True,True,False,False,2.0,both,5.353089803434542e-06,3.298805832288711e-05,0.0003979307600477517,1.0887375543688316e-05,1.275336688885866e-05,4.217309525215294e-06,-5.2713954708312265,-4.481643246275584,-3.400192488592576,-4.963076796484701,-4.894375146349845,-5.374964523206172,Q,non-synonymous,0.15719624648073457,-0.20933462196623087,-1.0033051177689523,0.1450150418032941,-0.2179911032765514,-0.9247067451345782,-0.2179911032765514
348,single,gattgggtgccgcgttatacattg,3.0,ccg,1.0,,DWVPRYTL,,False,False,3.0,1.0,1.0,1756.0,2479.0,2453.0,1605.0,1365.0,47.0,True,False,True,True,False,False,1.0,both,0.00859170913451244,0.009005739922148183,0.006234248574081443,0.009559115727358342,0.010538532172493538,0.010345060265353116,-2.065920434090336,-2.045480599234828,-2.205215885376521,-2.019582280578599,-1.9772198743016862,-1.9852669749997862,P,non-synonymous,0.023625503114048395,0.03462134389527203,0.1117475149337236,0.01144429843660793,0.02596486258495148,0.19034588756809767,0.02596486258495148
349,single,gattgggtgcctcgttatacattg,3.0,cct,1.0,,DWVPRYTL,,False,False,3.0,1.0,1.0,1125.0,1538.0,1636.0,1033.0,932.0,42.0,True,False,True,True,False,False,1.0,both,0.005529741766947882,0.006148974071386158,0.005571030640668524,0.006124148743324678,0.006538226091688206,0.00689951838325222,-2.2572951493116062,-2.2111973382576213,-2.254064452914338,-2.212954269701301,-2.1845400656040956,-2.1611812238708676,P,non-synonymous,0.022607193207376315,0.013520375072953046,0.04719036801250528,0.010425988529935851,0.004863893762632496,0.12578874064687934,0.010425988529935851
350,single,gattgggtgcggcgttatacattg,3.0,cgg,1.0,,DWVRRYTL,,False,False,2.0,0.0,1.0,1.0,1.0,1.0,1.0,9.0,2.0,True,False,True,True,False,False,2.0,both,5.353089803434542e-06,5.9378504981196805e-05,0.00026528717336516777,5.443687771844158e-06,4.2511222962862195e-06,4.217309525215294e-06,-5.2713954708312265,-4.2263707411722775,-3.576283747648257,-5.264106792148683,-5.371496401069508,-5.374964523206172,R,synonymous,0.0037161321257249656,-0.5807994174312341,-0.9138399753078312,-0.008465072551715499,-0.5894558987415547,-0.8352416026734572,-0.5894558987415547
351,single,gattgggtgctgcgttatacattg,3.0,ctg,1.0,,DWVLRYTL,,False,False,3.0,1.0,1.0,680.0,1041.0,957.0,689.0,629.0,25.0,True,False,True,True,False,False,1.0,both,0.0036882788745664,0.004149897737019199,0.0033160896670645975,0.0037017076848540275,0.004425418310433955,0.004035965215631036,-2.433176248923601,-2.3819626051663336,-2.479373734640201,-2.4315978794424464,-2.3540456715589717,-2.3940525854293284,L,non-synonymous,0.0008047315282575722,0.014159265959578272,0.043348368397340985,-0.011376473149182892,0.005502784649257722,0.12194674103171504,0.005502784649257722
352,single,gattgggtgcttcgttatacattg,3.0,ctt,1.0,,DWVLRYTL,,False,False,3.0,1.0,1.0,865.0,1068.0,939.0,732.0,549.0,44.0,True,False,True,True,False,False,1.0,both,0.003918461736114085,0.0036220888038530053,0.005836317814033692,0.004708789922645197,0.004540198612433682,0.003960053644177161,-2.4068843897728347,-2.441040906161511,-2.233861066826051,-2.3270906846838684,-2.34292514837697,-2.402298930940061,L,non-synonymous,0.040682812870032566,0.049763599714637015,-0.08557674917891211,0.0285016081925921,0.04110711840431647,-0.006978376544538062,0.0285016081925921
353,single,gattgggtggagcgttatacattg,3.0,gag,1.0,,DWVERYTL,,False,False,3.0,1.0,1.0,2476.0,3420.0,3348.0,2384.0,1990.0,103.0,True,False,True,True,False,False,1.0,both,0.012761766091387948,0.013129247212509071,0.013662289428306142,0.013478570923086136,0.014538838253298872,0.014119552290420802,-1.894089219763028,-1.8817601742018961,-1.8644765186070662,-1.8703561518006022,-1.8374702950133728,-1.8501790738849495,E,non-synonymous,0.012100302419477876,0.022463505038480006,0.007263977415765437,-8.09022579625878e-05,0.013807023728159456,0.0858623500501395,0.013807023728159456
354,single,gattgggtggcgcgttatacattg,3.0,gcg,1.0,,DWVARYTL,,False,False,3.0,1.0,1.0,2971.0,4077.0,3901.0,2642.0,2363.0,109.0,True,False,True,True,False,False,1.0,both,0.01414286326067406,0.015590156363396451,0.014458150948401645,0.016173196370148992,0.01733182560195892,0.01645172445786486,-1.8494626575527182,-1.8071495289792336,-1.8398872453716149,-1.7912041403450187,-1.761155689617351,-1.7837885728943805,A,non-synonymous,0.02970309939867863,0.023327741262216282,0.028501560792796254,0.017521894721238163,0.014671259951895733,0.10709993342717031,0.017521894721238163
355,single,gattgggtggctcgttatacattg,3.0,gct,1.0,,DWVARYTL,,False,False,3.0,1.0,1.0,4.0,3.0,1.0,1.0,6.0,1.0,True,False,True,True,False,False,2.0,both,5.353089803434542e-06,3.9585669987464537e-05,0.00013264358668258389,2.1774751087376632e-05,1.275336688885866e-05,4.217309525215294e-06,-5.2713954708312265,-4.402462000227959,-3.8773137433122384,-4.66204680082072,-4.894375146349845,-5.374964523206172,A,non-synonymous,0.3106763608357442,-0.24949477485291668,-0.7608983040881783,0.29849515615830374,-0.25815125616323725,-0.6822999314538042,-0.25815125616323725
356,single,gattgggtgggtcgttatacattg,3.0,ggt,1.0,,DWVGRYTL,,False,False,2.0,1.0,1.0,5.0,2.0,2.0,4.0,1.0,1.0,True,False,True,True,False,False,3.0,both,2.141235921373817e-05,6.597611664577423e-06,0.00013264358668258389,2.721843885922079e-05,8.502244592572439e-06,8.434619050430587e-06,-4.669335479503264,-5.180613250611603,-3.8773137433122384,-4.565136787812664,-5.070466405405527,-5.073934527542191,G,non-synonymous,0.05312569294312774,0.055865679870730246,-0.6079566328685251,0.04094448826568727,0.0472091985604097,-0.529358260234151,0.04094448826568727
357,single,gattgggtggtgcgttatacattg,3.0,gtg,1.0,,DWVVRYTL,,False,False,3.0,1.0,1.0,137.0,175.0,184.0,166.0,143.0,5.0,True,False,True,True,False,False,2.0,both,0.000888612907370134,0.0009434584680345715,0.0006632179334129195,0.0007457852247426496,0.0007439464018500885,0.0007759849526396141,-3.0512873827911715,-3.025277213146541,-3.1783437389762197,-3.127386224992276,-3.1284583523832135,-3.1101467001966356,V,non-synonymous,-0.03879898738179739,-0.052332724396315235,0.034648271711844834,-0.05098019205923786,-0.06098920570663578,0.1132466443462189,-0.05098019205923786
358,single,gattgggtggttcgttatacattg,3.0,gtt,1.0,,DWVVRYTL,,False,False,3.0,1.0,1.0,1461.0,1958.0,1876.0,1349.0,1168.0,60.0,True,False,True,True,False,False,1.0,both,0.0072213181448331975,0.00770601042422643,0.007958615200955034,0.007953227834664315,0.008323697456128418,0.007911672669303892,-2.141383521159322,-2.1131704078352223,-2.0991624929285946,-2.099456576214386,-2.079683713602389,-2.101731689163126,V,non-synonymous,0.0213764488502599,0.016984208094571,-0.0013053090105980577,0.009195244172819436,0.008327726784250452,0.077293063623776,0.009195244172819436
359,single,gattgggtgtagcgttatacattg,3.0,tag,1.0,,DWV*RYTL,,True,False,3.0,1.0,1.0,6.0,5.0,6.0,4.0,9.0,3.0,True,False,True,True,False,False,2.0,both,2.141235921373817e-05,5.9378504981196805e-05,0.0003979307600477517,3.266212663106495e-05,2.1255611481431098e-05,2.5303857151291762e-05,-4.669335479503264,-4.2263707411722775,-3.400192488592576,-4.485955541765039,-4.672526396733489,-4.596813272822528,*,stop,0.09349624362980043,-0.22628690798602596,-0.6079566328685252,0.08131503895235996,-0.2349433892963465,-0.5293582602341511,-0.2349433892963465
360,single,gattgggtgtatcgttatacattg,3.0,tat,1.0,,DWVYRYTL,,False,False,3.0,1.0,1.0,1035.0,1552.0,1525.0,1060.0,835.0,36.0,True,False,True,True,False,False,1.0,both,0.005674275191640615,0.005509005739922148,0.00477516912057302,0.0056342168438587035,0.006597741803836213,0.006431397025953323,-2.2460896055664565,-2.2589267751280007,-2.321011242544951,-2.249166442355746,-2.180604684147338,-2.1916946795233674,Y,non-synonymous,-0.0015687249412812945,0.039724395676931576,0.06570073265050735,-0.013749929618721759,0.03106791436661103,0.1442991052848814,0.03106791436661103
361,single,gattgggtgtcgcgttatacattg,3.0,tcg,1.0,,DWVSRYTL,,False,False,3.0,1.0,1.0,1706.0,2484.0,2653.0,1597.0,1362.0,72.0,True,False,True,True,False,False,1.0,both,0.008548884416084965,0.00898594708715445,0.00955033824114604,0.009286931338766133,0.01055978778397497,0.011188522170396174,-2.0680905546927435,-2.0464361430348363,-2.01998124688097,-2.0321277653171785,-1.9763448095649652,-1.9512272732238427,S,non-synonymous,0.018335624706476056,0.03554981524903831,0.03493122873326743,0.006154420029035592,0.02689333393871776,0.11352960136764148,0.02689333393871776
362,single,gattgggtgtctcgttatacattg,3.0,tct,1.0,,DWVSRYTL,,False,False,3.0,1.0,1.0,1559.0,1911.0,2002.0,1325.0,1235.0,67.0,True,False,True,True,False,False,1.0,both,0.007092843989550768,0.008148050405753117,0.00888712030773312,0.008486709236305042,0.008123894708202966,0.008443053669481018,-2.1491795925584,-2.088946293015918,-2.051238940611412,-2.071260676959841,-2.090235714014495,-2.073500450062872,S,non-synonymous,0.0397269516285486,-0.000653984965164527,-0.011310209973822191,0.027545746951108133,-0.009310466275485076,0.06728816266055186,0.027545746951108133
363,single,gattgggtgtggcgttatacattg,3.0,tgg,1.0,,DWVWRYTL,,False,False,2.0,1.0,1.0,1478.0,1907.0,1863.0,1309.0,1049.0,61.0,True,False,True,True,False,False,1.0,both,0.007007194552695816,0.006920894636141717,0.008091258787637617,0.008045770526785666,0.008106890219017822,0.007856847645476093,-2.154455824280471,-2.1598377624180447,-2.0919839083014713,-2.094432358089876,-2.091145708023502,-2.1047516683099294,W,non-synonymous,0.030602958467965333,0.03484011106526565,-0.006486803911742684,0.018421753790524867,0.0261836297549451,0.07211156872263137,0.0261836297549451
364,single,gattgggtgtgtcgttatacattg,3.0,tgt,1.0,,DWVCRYTL,,False,False,2.0,1.0,1.0,1556.0,2135.0,2079.0,1373.0,1221.0,68.0,True,False,True,True,False,False,1.0,both,0.007349792300115627,0.008055683842449033,0.009019763894415705,0.00847037817298951,0.009076146102571079,0.008767786502922596,-2.1337249335944715,-2.09389758666672,-2.0448048306060023,-2.0720971994950124,-2.042098521708465,-2.057110033874703,C,non-synonymous,0.0314208943071012,0.026272109520222648,-0.006251796763513679,0.019239689629660738,0.017615628209902097,0.07234657587086038,0.019239689629660738
365,single,gattgggtgttgcgttatacattg,3.0,ttg,1.0,,DWVLRYTL,,False,False,3.0,1.0,1.0,3329.0,4751.0,4375.0,3182.0,2640.0,132.0,True,False,True,True,False,False,1.0,both,0.017033531754528715,0.017417694794484396,0.017508953442101075,0.018122036592469203,0.020197082029655828,0.01845072917281691,-1.7686952955206638,-1.7590093237417717,-1.7567398121063884,-1.7417929969920152,-1.6947113706503023,-1.7339864658478399,L,non-synonymous,0.013716134319047984,0.0326114547995525,0.01156009318920587,0.0015349296416075197,0.02395497348923195,0.09015846582357992,0.02395497348923195
366,single,gattgggtgtttcgttatacattg,3.0,ttt,1.0,,DWVFRYTL,,False,False,3.0,1.0,1.0,1602.0,2130.0,2135.0,1544.0,1332.0,63.0,True,False,True,True,False,False,1.0,both,0.008265170656502934,0.008788018737217127,0.008356545961002786,0.00872078781049434,0.009054890491089648,0.009003955836334652,-2.0827481748315093,-2.0561090257773205,-2.0779731938586568,-2.059444280400464,-2.04311679763077,-2.045566643845129,F,non-synonymous,0.011881488335754859,0.006589563750870272,0.016464511805875104,-0.0002997163416856054,-0.0020669175594502775,0.09506288444024916,-0.0002997163416856054
367,ortho,gattgggttaatagatgtattatt,2.0,gtt,1.0,,DWVNRCII,,False,False,10.0,4.0,6.0,659.0,622.0,659.0,736.0,590.0,19.0,True,False,True,True,False,False,1.0,both,0.003939874095327823,0.0038925908821006794,0.0025202281469690942,0.0035873902416453003,0.0026441980682900285,0.0027792069771168785,-2.4045176564937276,-2.4097612389694585,-2.5985601423594096,-2.445221377554673,-2.577706016378689,-2.556079108612162,V,synonymous,-0.02075278827058013,-0.08518037128663536,0.021582966448615196,-0.032933992948020595,-0.09383685259695591,0.10018133908298925,-0.032933992948020595
368,ortho,gattgggttaatagatgtattatt,3.0,aat,2.0,,DWVNRCII,,False,False,10.0,4.0,6.0,659.0,622.0,659.0,736.0,590.0,19.0,True,False,True,True,False,False,1.0,both,0.003939874095327823,0.0038925908821006794,0.0025202281469690942,0.0035873902416453003,0.0026441980682900285,0.0027792069771168785,-2.4045176564937276,-2.4097612389694585,-2.5985601423594096,-2.445221377554673,-2.577706016378689,-2.556079108612162,N,non-synonymous,-0.02075278827058013,-0.08518037128663536,0.021582966448615196,-0.032933992948020595,-0.09383685259695591,0.10018133908298925,-0.032933992948020595
369,ortho,gattgggttaatagatgtattatt,4.0,aga,3.0,,DWVNRCII,,False,False,10.0,4.0,6.0,659.0,622.0,659.0,736.0,590.0,19.0,True,False,True,True,False,False,1.0,both,0.003939874095327823,0.0038925908821006794,0.0025202281469690942,0.0035873902416453003,0.0026441980682900285,0.0027792069771168785,-2.4045176564937276,-2.4097612389694585,-2.5985601423594096,-2.445221377554673,-2.577706016378689,-2.556079108612162,R,synonymous,-0.02075278827058013,-0.08518037128663536,0.021582966448615196,-0.032933992948020595,-0.09383685259695591,0.10018133908298925,-0.032933992948020595
370,ortho,gattgggttaatagatgtattatt,5.0,tgt,4.0,,DWVNRCII,,False,False,10.0,4.0,6.0,659.0,622.0,659.0,736.0,590.0,19.0,True,False,True,True,False,False,1.0,both,0.003939874095327823,0.0038925908821006794,0.0025202281469690942,0.0035873902416453003,0.0026441980682900285,0.0027792069771168785,-2.4045176564937276,-2.4097612389694585,-2.5985601423594096,-2.445221377554673,-2.577706016378689,-2.556079108612162,C,non-synonymous,-0.02075278827058013,-0.08518037128663536,0.021582966448615196,-0.032933992948020595,-0.09383685259695591,0.10018133908298925,-0.032933992948020595
371,ortho,gattgggttaatagatgtattatt,6.0,att,5.0,,DWVNRCII,,False,False,10.0,4.0,6.0,659.0,622.0,659.0,736.0,590.0,19.0,True,False,True,True,False,False,1.0,both,0.003939874095327823,0.0038925908821006794,0.0025202281469690942,0.0035873902416453003,0.0026441980682900285,0.0027792069771168785,-2.4045176564937276,-2.4097612389694585,-2.5985601423594096,-2.445221377554673,-2.577706016378689,-2.556079108612162,I,non-synonymous,-0.02075278827058013,-0.08518037128663536,0.021582966448615196,-0.032933992948020595,-0.09383685259695591,0.10018133908298925,-0.032933992948020595
372,ortho,gattgggttaatagatgtattatt,7.0,att,6.0,,DWVNRCII,,False,False,10.0,4.0,6.0,659.0,622.0,659.0,736.0,590.0,19.0,True,False,True,True,False,False,1.0,both,0.003939874095327823,0.0038925908821006794,0.0025202281469690942,0.0035873902416453003,0.0026441980682900285,0.0027792069771168785,-2.4045176564937276,-2.4097612389694585,-2.5985601423594096,-2.445221377554673,-2.577706016378689,-2.556079108612162,I,non-synonymous,-0.02075278827058013,-0.08518037128663536,0.021582966448615196,-0.032933992948020595,-0.09383685259695591,0.10018133908298925,-0.032933992948020595
373,ortho,gattgggttaatagatgtattgct,2.0,gtt,1.0,,DWVNRCIA,,False,False,11.0,4.0,6.0,466.0,451.0,630.0,485.0,365.0,18.0,True,False,True,True,False,False,1.0,both,0.002596248554665753,0.0024081282575707593,0.00238758456028651,0.002536758501679378,0.001917256155625085,0.002656905000885635,-2.585653732228963,-2.618320386155128,-2.6220412382089324,-2.5957208754586825,-2.717319859191547,-2.5756239737525903,V,synonymous,-0.00513273200804316,-0.05021181367179534,0.02358281268196883,-0.017313936685483623,-0.05886829498211589,0.10218118531634288,-0.017313936685483623
374,ortho,gattgggttaatagatgtattgct,3.0,aat,2.0,,DWVNRCIA,,False,False,11.0,4.0,6.0,466.0,451.0,630.0,485.0,365.0,18.0,True,False,True,True,False,False,1.0,both,0.002596248554665753,0.0024081282575707593,0.00238758456028651,0.002536758501679378,0.001917256155625085,0.002656905000885635,-2.585653732228963,-2.618320386155128,-2.6220412382089324,-2.5957208754586825,-2.717319859191547,-2.5756239737525903,N,non-synonymous,-0.00513273200804316,-0.05021181367179534,0.02358281268196883,-0.017313936685483623,-0.05886829498211589,0.10218118531634288,-0.017313936685483623
375,ortho,gattgggttaatagatgtattgct,4.0,aga,3.0,,DWVNRCIA,,False,False,11.0,4.0,6.0,466.0,451.0,630.0,485.0,365.0,18.0,True,False,True,True,False,False,1.0,both,0.002596248554665753,0.0024081282575707593,0.00238758456028651,0.002536758501679378,0.001917256155625085,0.002656905000885635,-2.585653732228963,-2.618320386155128,-2.6220412382089324,-2.5957208754586825,-2.717319859191547,-2.5756239737525903,R,synonymous,-0.00513273200804316,-0.05021181367179534,0.02358281268196883,-0.017313936685483623,-0.05886829498211589,0.10218118531634288,-0.017313936685483623
376,ortho,gattgggttaatagatgtattgct,5.0,tgt,4.0,,DWVNRCIA,,False,False,11.0,4.0,6.0,466.0,451.0,630.0,485.0,365.0,18.0,True,False,True,True,False,False,1.0,both,0.002596248554665753,0.0024081282575707593,0.00238758456028651,0.002536758501679378,0.001917256155625085,0.002656905000885635,-2.585653732228963,-2.618320386155128,-2.6220412382089324,-2.5957208754586825,-2.717319859191547,-2.5756239737525903,C,non-synonymous,-0.00513273200804316,-0.05021181367179534,0.02358281268196883,-0.017313936685483623,-0.05886829498211589,0.10218118531634288,-0.017313936685483623
377,ortho,gattgggttaatagatgtattgct,6.0,att,5.0,,DWVNRCIA,,False,False,11.0,4.0,6.0,466.0,451.0,630.0,485.0,365.0,18.0,True,False,True,True,False,False,1.0,both,0.002596248554665753,0.0024081282575707593,0.00238758456028651,0.002536758501679378,0.001917256155625085,0.002656905000885635,-2.585653732228963,-2.618320386155128,-2.6220412382089324,-2.5957208754586825,-2.717319859191547,-2.5756239737525903,I,non-synonymous,-0.00513273200804316,-0.05021181367179534,0.02358281268196883,-0.017313936685483623,-0.05886829498211589,0.10218118531634288,-0.017313936685483623
378,ortho,gattgggttaatagatgtattgct,7.0,gct,6.0,,DWVNRCIA,,False,False,11.0,4.0,6.0,466.0,451.0,630.0,485.0,365.0,18.0,True,False,True,True,False,False,1.0,both,0.002596248554665753,0.0024081282575707593,0.00238758456028651,0.002536758501679378,0.001917256155625085,0.002656905000885635,-2.585653732228963,-2.618320386155128,-2.6220412382089324,-2.5957208754586825,-2.717319859191547,-2.5756239737525903,A,non-synonymous,-0.00513273200804316,-0.05021181367179534,0.02358281268196883,-0.017313936685483623,-0.05886829498211589,0.10218118531634288,-0.017313936685483623
379,ortho,gattgggttaatagatgtattgtt,2.0,gtt,1.0,,DWVNRCIV,,False,False,10.0,4.0,6.0,244.0,249.0,322.0,268.0,218.0,9.0,True,False,True,True,False,False,2.0,both,0.0014346280673204574,0.0014382793428778782,0.001193792280143255,0.0013282598163299746,0.0010585294517752686,0.0013579736671193246,-2.843260676802438,-2.842156757006998,-2.9230712338729137,-2.8767169658099534,-2.9752970539737715,-2.867108651510341,V,synonymous,-0.017057685734744605,-0.0675277915978788,0.028432418681137467,-0.029238890412185067,-0.07618427290819936,0.10703079131551152,-0.029238890412185067
380,ortho,gattgggttaatagatgtattgtt,3.0,aat,2.0,,DWVNRCIV,,False,False,10.0,4.0,6.0,244.0,249.0,322.0,268.0,218.0,9.0,True,False,True,True,False,False,2.0,both,0.0014346280673204574,0.0014382793428778782,0.001193792280143255,0.0013282598163299746,0.0010585294517752686,0.0013579736671193246,-2.843260676802438,-2.842156757006998,-2.9230712338729137,-2.8767169658099534,-2.9752970539737715,-2.867108651510341,N,non-synonymous,-0.017057685734744605,-0.0675277915978788,0.028432418681137467,-0.029238890412185067,-0.07618427290819936,0.10703079131551152,-0.029238890412185067
381,ortho,gattgggttaatagatgtattgtt,4.0,aga,3.0,,DWVNRCIV,,False,False,10.0,4.0,6.0,244.0,249.0,322.0,268.0,218.0,9.0,True,False,True,True,False,False,2.0,both,0.0014346280673204574,0.0014382793428778782,0.001193792280143255,0.0013282598163299746,0.0010585294517752686,0.0013579736671193246,-2.843260676802438,-2.842156757006998,-2.9230712338729137,-2.8767169658099534,-2.9752970539737715,-2.867108651510341,R,synonymous,-0.017057685734744605,-0.0675277915978788,0.028432418681137467,-0.029238890412185067,-0.07618427290819936,0.10703079131551152,-0.029238890412185067
382,ortho,gattgggttaatagatgtattgtt,5.0,tgt,4.0,,DWVNRCIV,,False,False,10.0,4.0,6.0,244.0,249.0,322.0,268.0,218.0,9.0,True,False,True,True,False,False,2.0,both,0.0014346280673204574,0.0014382793428778782,0.001193792280143255,0.0013282598163299746,0.0010585294517752686,0.0013579736671193246,-2.843260676802438,-2.842156757006998,-2.9230712338729137,-2.8767169658099534,-2.9752970539737715,-2.867108651510341,C,non-synonymous,-0.017057685734744605,-0.0675277915978788,0.028432418681137467,-0.029238890412185067,-0.07618427290819936,0.10703079131551152,-0.029238890412185067
383,ortho,gattgggttaatagatgtattgtt,6.0,att,5.0,,DWVNRCIV,,False,False,10.0,4.0,6.0,244.0,249.0,322.0,268.0,218.0,9.0,True,False,True,True,False,False,2.0,both,0.0014346280673204574,0.0014382793428778782,0.001193792280143255,0.0013282598163299746,0.0010585294517752686,0.0013579736671193246,-2.843260676802438,-2.842156757006998,-2.9230712338729137,-2.8767169658099534,-2.9752970539737715,-2.867108651510341,I,non-synonymous,-0.017057685734744605,-0.0675277915978788,0.028432418681137467,-0.029238890412185067,-0.07618427290819936,0.10703079131551152,-0.029238890412185067
384,ortho,gattgggttaatagatgtattgtt,7.0,gtt,6.0,,DWVNRCIV,,False,False,10.0,4.0,6.0,244.0,249.0,322.0,268.0,218.0,9.0,True,False,True,True,False,False,2.0,both,0.0014346280673204574,0.0014382793428778782,0.001193792280143255,0.0013282598163299746,0.0010585294517752686,0.0013579736671193246,-2.843260676802438,-2.842156757006998,-2.9230712338729137,-2.8767169658099534,-2.9752970539737715,-2.867108651510341,V,non-synonymous,-0.017057685734744605,-0.0675277915978788,0.028432418681137467,-0.029238890412185067,-0.07618427290819936,0.10703079131551152,-0.029238890412185067
385,ortho,gattgggttaatagatgtattttg,2.0,gtt,1.0,,DWVNRCIL,,False,False,8.0,3.0,5.0,2127.0,2086.0,2379.0,2105.0,1559.0,77.0,True,False,True,True,False,False,1.0,both,0.011268254036229712,0.010285676585076202,0.01021355617455896,0.011578723890712524,0.008867841110053055,0.010032979360487184,-1.9481433706595395,-1.987767135422761,-1.9908230181397566,-1.9363393022459536,-2.0521820969789957,-1.9985700811689058,V,synonymous,0.006018303146088357,-0.03267080064302633,-0.003935982406366642,-0.006162901531352107,-0.04132728195334688,0.07466239022800741,-0.006162901531352107
386,ortho,gattgggttaatagatgtattttg,3.0,aat,2.0,,DWVNRCIL,,False,False,8.0,3.0,5.0,2127.0,2086.0,2379.0,2105.0,1559.0,77.0,True,False,True,True,False,False,1.0,both,0.011268254036229712,0.010285676585076202,0.01021355617455896,0.011578723890712524,0.008867841110053055,0.010032979360487184,-1.9481433706595395,-1.987767135422761,-1.9908230181397566,-1.9363393022459536,-2.0521820969789957,-1.9985700811689058,N,non-synonymous,0.006018303146088357,-0.03267080064302633,-0.003935982406366642,-0.006162901531352107,-0.04132728195334688,0.07466239022800741,-0.006162901531352107
387,ortho,gattgggttaatagatgtattttg,4.0,aga,3.0,,DWVNRCIL,,False,False,8.0,3.0,5.0,2127.0,2086.0,2379.0,2105.0,1559.0,77.0,True,False,True,True,False,False,1.0,both,0.011268254036229712,0.010285676585076202,0.01021355617455896,0.011578723890712524,0.008867841110053055,0.010032979360487184,-1.9481433706595395,-1.987767135422761,-1.9908230181397566,-1.9363393022459536,-2.0521820969789957,-1.9985700811689058,R,synonymous,0.006018303146088357,-0.03267080064302633,-0.003935982406366642,-0.006162901531352107,-0.04132728195334688,0.07466239022800741,-0.006162901531352107
388,ortho,gattgggttaatagatgtattttg,5.0,tgt,4.0,,DWVNRCIL,,False,False,8.0,3.0,5.0,2127.0,2086.0,2379.0,2105.0,1559.0,77.0,True,False,True,True,False,False,1.0,both,0.011268254036229712,0.010285676585076202,0.01021355617455896,0.011578723890712524,0.008867841110053055,0.010032979360487184,-1.9481433706595395,-1.987767135422761,-1.9908230181397566,-1.9363393022459536,-2.0521820969789957,-1.9985700811689058,C,non-synonymous,0.006018303146088357,-0.03267080064302633,-0.003935982406366642,-0.006162901531352107,-0.04132728195334688,0.07466239022800741,-0.006162901531352107
389,ortho,gattgggttaatagatgtattttg,6.0,att,5.0,,DWVNRCIL,,False,False,8.0,3.0,5.0,2127.0,2086.0,2379.0,2105.0,1559.0,77.0,True,False,True,True,False,False,1.0,both,0.011268254036229712,0.010285676585076202,0.01021355617455896,0.011578723890712524,0.008867841110053055,0.010032979360487184,-1.9481433706595395,-1.987767135422761,-1.9908230181397566,-1.9363393022459536,-2.0521820969789957,-1.9985700811689058,I,non-synonymous,0.006018303146088357,-0.03267080064302633,-0.003935982406366642,-0.006162901531352107,-0.04132728195334688,0.07466239022800741,-0.006162901531352107
390,ortho,gattgggttaatagatgtgttatt,2.0,gtt,1.0,,DWVNRCVI,,False,False,11.0,4.0,6.0,596.0,538.0,581.0,563.0,383.0,16.0,True,False,True,True,False,False,1.0,both,0.0030137895593336473,0.002526885267533153,0.002122297386921342,0.0032444379120191184,0.002287103795401986,0.0024502568341500854,-2.5208870759798803,-2.59741447664298,-2.673193760656314,-2.488860532408446,-2.6407141254031186,-2.6107883908158414,V,synonymous,0.016328730161582254,-0.021961267357437888,0.03170574924080359,0.00414752548414179,-0.03061774866775844,0.11030412187517764,0.00414752548414179
391,ortho,gattgggttaatagatgtgttatt,3.0,aat,2.0,,DWVNRCVI,,False,False,11.0,4.0,6.0,596.0,538.0,581.0,563.0,383.0,16.0,True,False,True,True,False,False,1.0,both,0.0030137895593336473,0.002526885267533153,0.002122297386921342,0.0032444379120191184,0.002287103795401986,0.0024502568341500854,-2.5208870759798803,-2.59741447664298,-2.673193760656314,-2.488860532408446,-2.6407141254031186,-2.6107883908158414,N,non-synonymous,0.016328730161582254,-0.021961267357437888,0.03170574924080359,0.00414752548414179,-0.03061774866775844,0.11030412187517764,0.00414752548414179
392,ortho,gattgggttaatagatgtgttatt,4.0,aga,3.0,,DWVNRCVI,,False,False,11.0,4.0,6.0,596.0,538.0,581.0,563.0,383.0,16.0,True,False,True,True,False,False,1.0,both,0.0030137895593336473,0.002526885267533153,0.002122297386921342,0.0032444379120191184,0.002287103795401986,0.0024502568341500854,-2.5208870759798803,-2.59741447664298,-2.673193760656314,-2.488860532408446,-2.6407141254031186,-2.6107883908158414,R,synonymous,0.016328730161582254,-0.021961267357437888,0.03170574924080359,0.00414752548414179,-0.03061774866775844,0.11030412187517764,0.00414752548414179
393,ortho,gattgggttaatagatgtgttatt,5.0,tgt,4.0,,DWVNRCVI,,False,False,11.0,4.0,6.0,596.0,538.0,581.0,563.0,383.0,16.0,True,False,True,True,False,False,1.0,both,0.0030137895593336473,0.002526885267533153,0.002122297386921342,0.0032444379120191184,0.002287103795401986,0.0024502568341500854,-2.5208870759798803,-2.59741447664298,-2.673193760656314,-2.488860532408446,-2.6407141254031186,-2.6107883908158414,C,non-synonymous,0.016328730161582254,-0.021961267357437888,0.03170574924080359,0.00414752548414179,-0.03061774866775844,0.11030412187517764,0.00414752548414179
394,ortho,gattgggttaatagatgtgttatt,6.0,gtt,5.0,,DWVNRCVI,,False,False,11.0,4.0,6.0,596.0,538.0,581.0,563.0,383.0,16.0,True,False,True,True,False,False,1.0,both,0.0030137895593336473,0.002526885267533153,0.002122297386921342,0.0032444379120191184,0.002287103795401986,0.0024502568341500854,-2.5208870759798803,-2.59741447664298,-2.673193760656314,-2.488860532408446,-2.6407141254031186,-2.6107883908158414,V,non-synonymous,0.016328730161582254,-0.021961267357437888,0.03170574924080359,0.00414752548414179,-0.03061774866775844,0.11030412187517764,0.00414752548414179
395,ortho,gattgggttaatagatgtgttatt,7.0,att,6.0,,DWVNRCVI,,False,False,11.0,4.0,6.0,596.0,538.0,581.0,563.0,383.0,16.0,True,False,True,True,False,False,1.0,both,0.0030137895593336473,0.002526885267533153,0.002122297386921342,0.0032444379120191184,0.002287103795401986,0.0024502568341500854,-2.5208870759798803,-2.59741447664298,-2.673193760656314,-2.488860532408446,-2.6407141254031186,-2.6107883908158414,I,non-synonymous,0.016328730161582254,-0.021961267357437888,0.03170574924080359,0.00414752548414179,-0.03061774866775844,0.11030412187517764,0.00414752548414179
396,ortho,gattgggttaatagatgtgttgct,2.0,gtt,1.0,,DWVNRCVA,,False,False,12.0,4.0,6.0,537.0,587.0,651.0,598.0,421.0,19.0,True,False,True,True,False,False,1.0,both,0.0032011477024538565,0.002777594510787095,0.0025202281469690942,0.002923260333480313,0.002495408787920011,0.002745468500915156,-2.4946942868428157,-2.5563311547759344,-2.5985601423594096,-2.534132506449127,-2.6028582998218934,-2.56138353463798,V,synonymous,-0.02010757247557204,-0.023598230031677537,0.018887993213605167,-0.0322887771530125,-0.03225471134199809,0.09748636584797922,-0.03225471134199809
397,ortho,gattgggttaatagatgtgttgct,3.0,aat,2.0,,DWVNRCVA,,False,False,12.0,4.0,6.0,537.0,587.0,651.0,598.0,421.0,19.0,True,False,True,True,False,False,1.0,both,0.0032011477024538565,0.002777594510787095,0.0025202281469690942,0.002923260333480313,0.002495408787920011,0.002745468500915156,-2.4946942868428157,-2.5563311547759344,-2.5985601423594096,-2.534132506449127,-2.6028582998218934,-2.56138353463798,N,non-synonymous,-0.02010757247557204,-0.023598230031677537,0.018887993213605167,-0.0322887771530125,-0.03225471134199809,0.09748636584797922,-0.03225471134199809
398,ortho,gattgggttaatagatgtgttgct,4.0,aga,3.0,,DWVNRCVA,,False,False,12.0,4.0,6.0,537.0,587.0,651.0,598.0,421.0,19.0,True,False,True,True,False,False,1.0,both,0.0032011477024538565,0.002777594510787095,0.0025202281469690942,0.002923260333480313,0.002495408787920011,0.002745468500915156,-2.4946942868428157,-2.5563311547759344,-2.5985601423594096,-2.534132506449127,-2.6028582998218934,-2.56138353463798,R,synonymous,-0.02010757247557204,-0.023598230031677537,0.018887993213605167,-0.0322887771530125,-0.03225471134199809,0.09748636584797922,-0.03225471134199809
399,ortho,gattgggttaatagatgtgttgct,5.0,tgt,4.0,,DWVNRCVA,,False,False,12.0,4.0,6.0,537.0,587.0,651.0,598.0,421.0,19.0,True,False,True,True,False,False,1.0,both,0.0032011477024538565,0.002777594510787095,0.0025202281469690942,0.002923260333480313,0.002495408787920011,0.002745468500915156,-2.4946942868428157,-2.5563311547759344,-2.5985601423594096,-2.534132506449127,-2.6028582998218934,-2.56138353463798,C,non-synonymous,-0.02010757247557204,-0.023598230031677537,0.018887993213605167,-0.0322887771530125,-0.03225471134199809,0.09748636584797922,-0.03225471134199809
400,ortho,gattgggttaatagatgtgttgct,6.0,gtt,5.0,,DWVNRCVA,,False,False,12.0,4.0,6.0,537.0,587.0,651.0,598.0,421.0,19.0,True,False,True,True,False,False,1.0,both,0.0032011477024538565,0.002777594510787095,0.0025202281469690942,0.002923260333480313,0.002495408787920011,0.002745468500915156,-2.4946942868428157,-2.5563311547759344,-2.5985601423594096,-2.534132506449127,-2.6028582998218934,-2.56138353463798,V,non-synonymous,-0.02010757247557204,-0.023598230031677537,0.018887993213605167,-0.0322887771530125,-0.03225471134199809,0.09748636584797922,-0.03225471134199809
401,ortho,gattgggttaatagatgtgttgct,7.0,gct,6.0,,DWVNRCVA,,False,False,12.0,4.0,6.0,537.0,587.0,651.0,598.0,421.0,19.0,True,False,True,True,False,False,1.0,both,0.0032011477024538565,0.002777594510787095,0.0025202281469690942,0.002923260333480313,0.002495408787920011,0.002745468500915156,-2.4946942868428157,-2.5563311547759344,-2.5985601423594096,-2.534132506449127,-2.6028582998218934,-2.56138353463798,A,non-synonymous,-0.02010757247557204,-0.023598230031677537,0.018887993213605167,-0.0322887771530125,-0.03225471134199809,0.09748636584797922,-0.03225471134199809
402,ortho,gattgggttactagatctattgtt,2.0,gtt,1.0,,DWVTRSIV,,False,False,10.0,4.0,6.0,390.0,405.0,391.0,425.0,303.0,15.0,True,False,True,True,False,False,1.0,both,0.0022750631664596806,0.0019990763343669593,0.0019896538002387586,0.002123038231019222,0.001721704529995919,0.0016489680243591798,-2.643006540780915,-2.699170622109298,-2.701222484256557,-2.6730421851221835,-2.764041377854839,-2.7827877658103053,V,synonymous,-0.015313670380442571,-0.03290197614532164,-0.041440157638830216,-0.027494875057883034,-0.04155845745564219,0.03715821499554384,-0.027494875057883034
403,ortho,gattgggttactagatctattgtt,3.0,act,2.0,,DWVTRSIV,,False,False,10.0,4.0,6.0,390.0,405.0,391.0,425.0,303.0,15.0,True,False,True,True,False,False,1.0,both,0.0022750631664596806,0.0019990763343669593,0.0019896538002387586,0.002123038231019222,0.001721704529995919,0.0016489680243591798,-2.643006540780915,-2.699170622109298,-2.701222484256557,-2.6730421851221835,-2.764041377854839,-2.7827877658103053,T,non-synonymous,-0.015313670380442571,-0.03290197614532164,-0.041440157638830216,-0.027494875057883034,-0.04155845745564219,0.03715821499554384,-0.027494875057883034
404,ortho,gattgggttactagatctattgtt,4.0,aga,3.0,,DWVTRSIV,,False,False,10.0,4.0,6.0,390.0,405.0,391.0,425.0,303.0,15.0,True,False,True,True,False,False,1.0,both,0.0022750631664596806,0.0019990763343669593,0.0019896538002387586,0.002123038231019222,0.001721704529995919,0.0016489680243591798,-2.643006540780915,-2.699170622109298,-2.701222484256557,-2.6730421851221835,-2.764041377854839,-2.7827877658103053,R,synonymous,-0.015313670380442571,-0.03290197614532164,-0.041440157638830216,-0.027494875057883034,-0.04155845745564219,0.03715821499554384,-0.027494875057883034
405,ortho,gattgggttactagatctattgtt,5.0,tct,4.0,,DWVTRSIV,,False,False,10.0,4.0,6.0,390.0,405.0,391.0,425.0,303.0,15.0,True,False,True,True,False,False,1.0,both,0.0022750631664596806,0.0019990763343669593,0.0019896538002387586,0.002123038231019222,0.001721704529995919,0.0016489680243591798,-2.643006540780915,-2.699170622109298,-2.701222484256557,-2.6730421851221835,-2.764041377854839,-2.7827877658103053,S,non-synonymous,-0.015313670380442571,-0.03290197614532164,-0.041440157638830216,-0.027494875057883034,-0.04155845745564219,0.03715821499554384,-0.027494875057883034
406,ortho,gattgggttactagatctattgtt,6.0,att,5.0,,DWVTRSIV,,False,False,10.0,4.0,6.0,390.0,405.0,391.0,425.0,303.0,15.0,True,False,True,True,False,False,1.0,both,0.0022750631664596806,0.0019990763343669593,0.0019896538002387586,0.002123038231019222,0.001721704529995919,0.0016489680243591798,-2.643006540780915,-2.699170622109298,-2.701222484256557,-2.6730421851221835,-2.764041377854839,-2.7827877658103053,I,non-synonymous,-0.015313670380442571,-0.03290197614532164,-0.041440157638830216,-0.027494875057883034,-0.04155845745564219,0.03715821499554384,-0.027494875057883034
407,ortho,gattgggttactagatctattgtt,7.0,gtt,6.0,,DWVTRSIV,,False,False,10.0,4.0,6.0,390.0,405.0,391.0,425.0,303.0,15.0,True,False,True,True,False,False,1.0,both,0.0022750631664596806,0.0019990763343669593,0.0019896538002387586,0.002123038231019222,0.001721704529995919,0.0016489680243591798,-2.643006540780915,-2.699170622109298,-2.701222484256557,-2.6730421851221835,-2.764041377854839,-2.7827877658103053,V,non-synonymous,-0.015313670380442571,-0.03290197614532164,-0.041440157638830216,-0.027494875057883034,-0.04155845745564219,0.03715821499554384,-0.027494875057883034
408,ortho,gattgggttactagatgtgttgtt,2.0,gtt,1.0,,DWVTRCVV,,False,False,11.0,4.0,6.0,490.0,521.0,543.0,488.0,371.0,18.0,True,False,True,True,False,False,1.0,both,0.002612307824076057,0.002447713927558224,0.00238758456028651,0.0026674070082036375,0.0022148347163651206,0.0022899990721919044,-2.582975648828516,-2.6112393409965566,-2.6220412382089324,-2.5739107121201688,-2.654658677769983,-2.640164693617325,V,synonymous,0.0046217571094510175,-0.02202197224846031,-0.00920782512825877,-0.007559447567989447,-0.030678453558780856,0.06939054750611529,-0.007559447567989447
409,ortho,gattgggttactagatgtgttgtt,3.0,act,2.0,,DWVTRCVV,,False,False,11.0,4.0,6.0,490.0,521.0,543.0,488.0,371.0,18.0,True,False,True,True,False,False,1.0,both,0.002612307824076057,0.002447713927558224,0.00238758456028651,0.0026674070082036375,0.0022148347163651206,0.0022899990721919044,-2.582975648828516,-2.6112393409965566,-2.6220412382089324,-2.5739107121201688,-2.654658677769983,-2.640164693617325,T,non-synonymous,0.0046217571094510175,-0.02202197224846031,-0.00920782512825877,-0.007559447567989447,-0.030678453558780856,0.06939054750611529,-0.007559447567989447
410,ortho,gattgggttactagatgtgttgtt,4.0,aga,3.0,,DWVTRCVV,,False,False,11.0,4.0,6.0,490.0,521.0,543.0,488.0,371.0,18.0,True,False,True,True,False,False,1.0,both,0.002612307824076057,0.002447713927558224,0.00238758456028651,0.0026674070082036375,0.0022148347163651206,0.0022899990721919044,-2.582975648828516,-2.6112393409965566,-2.6220412382089324,-2.5739107121201688,-2.654658677769983,-2.640164693617325,R,synonymous,0.0046217571094510175,-0.02202197224846031,-0.00920782512825877,-0.007559447567989447,-0.030678453558780856,0.06939054750611529,-0.007559447567989447
411,ortho,gattgggttactagatgtgttgtt,5.0,tgt,4.0,,DWVTRCVV,,False,False,11.0,4.0,6.0,490.0,521.0,543.0,488.0,371.0,18.0,True,False,True,True,False,False,1.0,both,0.002612307824076057,0.002447713927558224,0.00238758456028651,0.0026674070082036375,0.0022148347163651206,0.0022899990721919044,-2.582975648828516,-2.6112393409965566,-2.6220412382089324,-2.5739107121201688,-2.654658677769983,-2.640164693617325,C,non-synonymous,0.0046217571094510175,-0.02202197224846031,-0.00920782512825877,-0.007559447567989447,-0.030678453558780856,0.06939054750611529,-0.007559447567989447
412,ortho,gattgggttactagatgtgttgtt,6.0,gtt,5.0,,DWVTRCVV,,False,False,11.0,4.0,6.0,490.0,521.0,543.0,488.0,371.0,18.0,True,False,True,True,False,False,1.0,both,0.002612307824076057,0.002447713927558224,0.00238758456028651,0.0026674070082036375,0.0022148347163651206,0.0022899990721919044,-2.582975648828516,-2.6112393409965566,-2.6220412382089324,-2.5739107121201688,-2.654658677769983,-2.640164693617325,V,non-synonymous,0.0046217571094510175,-0.02202197224846031,-0.00920782512825877,-0.007559447567989447,-0.030678453558780856,0.06939054750611529,-0.007559447567989447
413,ortho,gattgggttactagatgtgttgtt,7.0,gtt,6.0,,DWVTRCVV,,False,False,11.0,4.0,6.0,490.0,521.0,543.0,488.0,371.0,18.0,True,False,True,True,False,False,1.0,both,0.002612307824076057,0.002447713927558224,0.00238758456028651,0.0026674070082036375,0.0022148347163651206,0.0022899990721919044,-2.582975648828516,-2.6112393409965566,-2.6220412382089324,-2.5739107121201688,-2.654658677769983,-2.640164693617325,V,non-synonymous,0.0046217571094510175,-0.02202197224846031,-0.00920782512825877,-0.007559447567989447,-0.030678453558780856,0.06939054750611529,-0.007559447567989447
414,ortho,gattgggttagaagatatactttg,2.0,gtt,1.0,,DWVRRYTL,,False,False,4.0,0.0,3.0,702.0,770.0,800.0,702.0,473.0,39.0,True,False,True,True,False,False,1.0,both,0.0037578690420110488,0.003120670317345121,0.005173099880620772,0.003821468815834599,0.003273364168140389,0.003373847620172235,-2.4250583587014214,-2.505752109873791,-2.2862491362857393,-2.4177696800188775,-2.485005675897026,-2.4718745362142283,V,synonymous,0.0037161321257249656,0.010522440627661979,-0.09430906984289107,-0.008465072551715499,0.0018659593173414295,-0.01571069720851702,-0.008465072551715499
415,ortho,gattgggttagaagatatactttg,4.0,aga,2.0,,DWVRRYTL,,False,False,4.0,0.0,3.0,702.0,770.0,800.0,702.0,473.0,39.0,True,False,True,True,False,False,1.0,both,0.0037578690420110488,0.003120670317345121,0.005173099880620772,0.003821468815834599,0.003273364168140389,0.003373847620172235,-2.4250583587014214,-2.505752109873791,-2.2862491362857393,-2.4177696800188775,-2.485005675897026,-2.4718745362142283,R,synonymous,0.0037161321257249656,0.010522440627661979,-0.09430906984289107,-0.008465072551715499,0.0018659593173414295,-0.01571069720851702,-0.008465072551715499
416,ortho,gattgggttagaagatatactttg,6.0,act,3.0,,DWVRRYTL,,False,False,4.0,0.0,3.0,702.0,770.0,800.0,702.0,473.0,39.0,True,False,True,True,False,False,1.0,both,0.0037578690420110488,0.003120670317345121,0.005173099880620772,0.003821468815834599,0.003273364168140389,0.003373847620172235,-2.4250583587014214,-2.505752109873791,-2.2862491362857393,-2.4177696800188775,-2.485005675897026,-2.4718745362142283,T,synonymous,0.0037161321257249656,0.010522440627661979,-0.09430906984289107,-0.008465072551715499,0.0018659593173414295,-0.01571069720851702,-0.008465072551715499
417,single,gattgggttagacgttatacattg,2.0,gtt,1.0,,DWVRRYTL,,False,False,1.0,0.0,1.0,406.0,482.0,544.0,393.0,325.0,23.0,True,False,True,True,False,False,1.0,both,0.002103764292749775,0.0021442237909876623,0.0030508024936994295,0.002210137235368728,0.002049040946809958,0.0022942163817171197,-2.6770029204558,-2.6687298896327283,-2.5155859072946454,-2.655580758571489,-2.6884493628306583,-2.639365623507992,V,synonymous,0.01092208717767006,-0.010001573579650888,-0.06288767542585703,-0.0012591174997704044,-0.018658054889971437,0.01571069720851702,-0.0012591174997704044
418,ortho,gattgggttcaaagatctattttg,2.0,gtt,1.0,,DWVQRSIL,,False,False,8.0,3.0,5.0,5.0,3.0,1.0,198.0,202.0,13.0,True,False,True,True,False,False,1.0,both,0.0010599117810800394,0.0013327175562446395,0.0017243666268735908,2.721843885922079e-05,1.275336688885866e-05,4.217309525215294e-06,-2.9747302805696956,-2.875261881164979,-2.7633703910054015,-4.565136787812664,-4.894375146349845,-5.374964523206172,V,synonymous,-0.8108686048518211,-1.024079582892494,-1.3268497388282587,-0.8230498095292615,-1.0327360642028145,-1.2482513661938848,-1.0327360642028145
419,ortho,gattgggttcaaagatctattttg,3.0,caa,2.0,,DWVQRSIL,,False,False,8.0,3.0,5.0,5.0,3.0,1.0,198.0,202.0,13.0,True,False,True,True,False,False,1.0,both,0.0010599117810800394,0.0013327175562446395,0.0017243666268735908,2.721843885922079e-05,1.275336688885866e-05,4.217309525215294e-06,-2.9747302805696956,-2.875261881164979,-2.7633703910054015,-4.565136787812664,-4.894375146349845,-5.374964523206172,Q,non-synonymous,-0.8108686048518211,-1.024079582892494,-1.3268497388282587,-0.8230498095292615,-1.0327360642028145,-1.2482513661938848,-1.0327360642028145
420,ortho,gattgggttcaaagatctattttg,4.0,aga,3.0,,DWVQRSIL,,False,False,8.0,3.0,5.0,5.0,3.0,1.0,198.0,202.0,13.0,True,False,True,True,False,False,1.0,both,0.0010599117810800394,0.0013327175562446395,0.0017243666268735908,2.721843885922079e-05,1.275336688885866e-05,4.217309525215294e-06,-2.9747302805696956,-2.875261881164979,-2.7633703910054015,-4.565136787812664,-4.894375146349845,-5.374964523206172,R,synonymous,-0.8108686048518211,-1.024079582892494,-1.3268497388282587,-0.8230498095292615,-1.0327360642028145,-1.2482513661938848,-1.0327360642028145
421,ortho,gattgggttcaaagatctattttg,5.0,tct,4.0,,DWVQRSIL,,False,False,8.0,3.0,5.0,5.0,3.0,1.0,198.0,202.0,13.0,True,False,True,True,False,False,1.0,both,0.0010599117810800394,0.0013327175562446395,0.0017243666268735908,2.721843885922079e-05,1.275336688885866e-05,4.217309525215294e-06,-2.9747302805696956,-2.875261881164979,-2.7633703910054015,-4.565136787812664,-4.894375146349845,-5.374964523206172,S,non-synonymous,-0.8108686048518211,-1.024079582892494,-1.3268497388282587,-0.8230498095292615,-1.0327360642028145,-1.2482513661938848,-1.0327360642028145
422,ortho,gattgggttcaaagatctattttg,6.0,att,5.0,,DWVQRSIL,,False,False,8.0,3.0,5.0,5.0,3.0,1.0,198.0,202.0,13.0,True,False,True,True,False,False,1.0,both,0.0010599117810800394,0.0013327175562446395,0.0017243666268735908,2.721843885922079e-05,1.275336688885866e-05,4.217309525215294e-06,-2.9747302805696956,-2.875261881164979,-2.7633703910054015,-4.565136787812664,-4.894375146349845,-5.374964523206172,I,non-synonymous,-0.8108686048518211,-1.024079582892494,-1.3268497388282587,-0.8230498095292615,-1.0327360642028145,-1.2482513661938848,-1.0327360642028145
423,ortho,gattgggttcaaagatctattttt,2.0,gtt,1.0,,DWVQRSIF,,False,False,9.0,4.0,6.0,1169.0,923.0,971.0,1409.0,981.0,47.0,True,False,True,True,False,False,1.0,both,0.007542503533039271,0.006472257042950452,0.006234248574081443,0.006363671005285821,0.003923785879472181,0.00409500754898405,-2.12248447772187,-2.188944243231654,-2.205215885376521,-2.1962922809868424,-2.4062947000435955,-2.387745293298167,V,synonymous,-0.037630901400419574,-0.1102385730367071,-0.09273611632188113,-0.04981210607786004,-0.11889505434702766,-0.014137743687507073,-0.04981210607786004
424,ortho,gattgggttcaaagatctattttt,3.0,caa,2.0,,DWVQRSIF,,False,False,9.0,4.0,6.0,1169.0,923.0,971.0,1409.0,981.0,47.0,True,False,True,True,False,False,1.0,both,0.007542503533039271,0.006472257042950452,0.006234248574081443,0.006363671005285821,0.003923785879472181,0.00409500754898405,-2.12248447772187,-2.188944243231654,-2.205215885376521,-2.1962922809868424,-2.4062947000435955,-2.387745293298167,Q,non-synonymous,-0.037630901400419574,-0.1102385730367071,-0.09273611632188113,-0.04981210607786004,-0.11889505434702766,-0.014137743687507073,-0.04981210607786004
425,ortho,gattgggttcaaagatctattttt,4.0,aga,3.0,,DWVQRSIF,,False,False,9.0,4.0,6.0,1169.0,923.0,971.0,1409.0,981.0,47.0,True,False,True,True,False,False,1.0,both,0.007542503533039271,0.006472257042950452,0.006234248574081443,0.006363671005285821,0.003923785879472181,0.00409500754898405,-2.12248447772187,-2.188944243231654,-2.205215885376521,-2.1962922809868424,-2.4062947000435955,-2.387745293298167,R,synonymous,-0.037630901400419574,-0.1102385730367071,-0.09273611632188113,-0.04981210607786004,-0.11889505434702766,-0.014137743687507073,-0.04981210607786004
426,ortho,gattgggttcaaagatctattttt,5.0,tct,4.0,,DWVQRSIF,,False,False,9.0,4.0,6.0,1169.0,923.0,971.0,1409.0,981.0,47.0,True,False,True,True,False,False,1.0,both,0.007542503533039271,0.006472257042950452,0.006234248574081443,0.006363671005285821,0.003923785879472181,0.00409500754898405,-2.12248447772187,-2.188944243231654,-2.205215885376521,-2.1962922809868424,-2.4062947000435955,-2.387745293298167,S,non-synonymous,-0.037630901400419574,-0.1102385730367071,-0.09273611632188113,-0.04981210607786004,-0.11889505434702766,-0.014137743687507073,-0.04981210607786004
427,ortho,gattgggttcaaagatctattttt,6.0,att,5.0,,DWVQRSIF,,False,False,9.0,4.0,6.0,1169.0,923.0,971.0,1409.0,981.0,47.0,True,False,True,True,False,False,1.0,both,0.007542503533039271,0.006472257042950452,0.006234248574081443,0.006363671005285821,0.003923785879472181,0.00409500754898405,-2.12248447772187,-2.188944243231654,-2.205215885376521,-2.1962922809868424,-2.4062947000435955,-2.387745293298167,I,non-synonymous,-0.037630901400419574,-0.1102385730367071,-0.09273611632188113,-0.04981210607786004,-0.11889505434702766,-0.014137743687507073,-0.04981210607786004
428,ortho,gattgggttcaaagatctattttt,7.0,ttt,6.0,,DWVQRSIF,,False,False,9.0,4.0,6.0,1169.0,923.0,971.0,1409.0,981.0,47.0,True,False,True,True,False,False,1.0,both,0.007542503533039271,0.006472257042950452,0.006234248574081443,0.006363671005285821,0.003923785879472181,0.00409500754898405,-2.12248447772187,-2.188944243231654,-2.205215885376521,-2.1962922809868424,-2.4062947000435955,-2.387745293298167,F,non-synonymous,-0.037630901400419574,-0.1102385730367071,-0.09273611632188113,-0.04981210607786004,-0.11889505434702766,-0.014137743687507073,-0.04981210607786004
429,ortho,gattgggttcaaagatgtattgtt,2.0,gtt,1.0,,DWVQRCIV,,False,False,10.0,4.0,6.0,566.0,539.0,613.0,567.0,430.0,22.0,True,False,True,True,False,False,1.0,both,0.0030352019185473857,0.002836973015768292,0.002918158907016846,0.0030811272788637935,0.002291354917698272,0.002585210738956975,-2.51781241193832,-2.547144795032016,-2.5348910624900323,-2.511290360960411,-2.639907635882769,-2.587504048687757,V,synonymous,0.0033252670642031144,-0.04704863912508848,-0.026730618718536433,-0.00885593761323735,-0.055705120435409025,0.05186775391583762,-0.00885593761323735
430,ortho,gattgggttcaaagatgtattgtt,3.0,caa,2.0,,DWVQRCIV,,False,False,10.0,4.0,6.0,566.0,539.0,613.0,567.0,430.0,22.0,True,False,True,True,False,False,1.0,both,0.0030352019185473857,0.002836973015768292,0.002918158907016846,0.0030811272788637935,0.002291354917698272,0.002585210738956975,-2.51781241193832,-2.547144795032016,-2.5348910624900323,-2.511290360960411,-2.639907635882769,-2.587504048687757,Q,non-synonymous,0.0033252670642031144,-0.04704863912508848,-0.026730618718536433,-0.00885593761323735,-0.055705120435409025,0.05186775391583762,-0.00885593761323735
431,ortho,gattgggttcaaagatgtattgtt,4.0,aga,3.0,,DWVQRCIV,,False,False,10.0,4.0,6.0,566.0,539.0,613.0,567.0,430.0,22.0,True,False,True,True,False,False,1.0,both,0.0030352019185473857,0.002836973015768292,0.002918158907016846,0.0030811272788637935,0.002291354917698272,0.002585210738956975,-2.51781241193832,-2.547144795032016,-2.5348910624900323,-2.511290360960411,-2.639907635882769,-2.587504048687757,R,synonymous,0.0033252670642031144,-0.04704863912508848,-0.026730618718536433,-0.00885593761323735,-0.055705120435409025,0.05186775391583762,-0.00885593761323735
432,ortho,gattgggttcaaagatgtattgtt,5.0,tgt,4.0,,DWVQRCIV,,False,False,10.0,4.0,6.0,566.0,539.0,613.0,567.0,430.0,22.0,True,False,True,True,False,False,1.0,both,0.0030352019185473857,0.002836973015768292,0.002918158907016846,0.0030811272788637935,0.002291354917698272,0.002585210738956975,-2.51781241193832,-2.547144795032016,-2.5348910624900323,-2.511290360960411,-2.639907635882769,-2.587504048687757,C,non-synonymous,0.0033252670642031144,-0.04704863912508848,-0.026730618718536433,-0.00885593761323735,-0.055705120435409025,0.05186775391583762,-0.00885593761323735
433,ortho,gattgggttcaaagatgtattgtt,6.0,att,5.0,,DWVQRCIV,,False,False,10.0,4.0,6.0,566.0,539.0,613.0,567.0,430.0,22.0,True,False,True,True,False,False,1.0,both,0.0030352019185473857,0.002836973015768292,0.002918158907016846,0.0030811272788637935,0.002291354917698272,0.002585210738956975,-2.51781241193832,-2.547144795032016,-2.5348910624900323,-2.511290360960411,-2.639907635882769,-2.587504048687757,I,non-synonymous,0.0033252670642031144,-0.04704863912508848,-0.026730618718536433,-0.00885593761323735,-0.055705120435409025,0.05186775391583762,-0.00885593761323735
434,ortho,gattgggttcaaagatgtattgtt,7.0,gtt,6.0,,DWVQRCIV,,False,False,10.0,4.0,6.0,566.0,539.0,613.0,567.0,430.0,22.0,True,False,True,True,False,False,1.0,both,0.0030352019185473857,0.002836973015768292,0.002918158907016846,0.0030811272788637935,0.002291354917698272,0.002585210738956975,-2.51781241193832,-2.547144795032016,-2.5348910624900323,-2.511290360960411,-2.639907635882769,-2.587504048687757,V,non-synonymous,0.0033252670642031144,-0.04704863912508848,-0.026730618718536433,-0.00885593761323735,-0.055705120435409025,0.05186775391583762,-0.00885593761323735
435,ortho,gattgggttcaaagatgtgttttt,2.0,gtt,1.0,,DWVQRCVF,,False,False,10.0,4.0,6.0,265.0,224.0,265.0,330.0,232.0,17.0,True,False,True,True,False,False,1.0,both,0.001766519635133399,0.0015306459061819621,0.002254940973603926,0.001442577259538702,0.0009522513943681131,0.0011175870241820528,-2.752881530953339,-2.815125265720703,-2.6468648219339643,-2.8408609182118747,-3.021248382735345,-2.951718649269364,V,synonymous,-0.044856282137399624,-0.10454414783785224,-0.1548844118591678,-0.05703748681484009,-0.11320062914817279,-0.07628603922479374,-0.07628603922479374
436,ortho,gattgggttcaaagatgtgttttt,3.0,caa,2.0,,DWVQRCVF,,False,False,10.0,4.0,6.0,265.0,224.0,265.0,330.0,232.0,17.0,True,False,True,True,False,False,1.0,both,0.001766519635133399,0.0015306459061819621,0.002254940973603926,0.001442577259538702,0.0009522513943681131,0.0011175870241820528,-2.752881530953339,-2.815125265720703,-2.6468648219339643,-2.8408609182118747,-3.021248382735345,-2.951718649269364,Q,non-synonymous,-0.044856282137399624,-0.10454414783785224,-0.1548844118591678,-0.05703748681484009,-0.11320062914817279,-0.07628603922479374,-0.07628603922479374
437,ortho,gattgggttcaaagatgtgttttt,4.0,aga,3.0,,DWVQRCVF,,False,False,10.0,4.0,6.0,265.0,224.0,265.0,330.0,232.0,17.0,True,False,True,True,False,False,1.0,both,0.001766519635133399,0.0015306459061819621,0.002254940973603926,0.001442577259538702,0.0009522513943681131,0.0011175870241820528,-2.752881530953339,-2.815125265720703,-2.6468648219339643,-2.8408609182118747,-3.021248382735345,-2.951718649269364,R,synonymous,-0.044856282137399624,-0.10454414783785224,-0.1548844118591678,-0.05703748681484009,-0.11320062914817279,-0.07628603922479374,-0.07628603922479374
438,ortho,gattgggttcaaagatgtgttttt,5.0,tgt,4.0,,DWVQRCVF,,False,False,10.0,4.0,6.0,265.0,224.0,265.0,330.0,232.0,17.0,True,False,True,True,False,False,1.0,both,0.001766519635133399,0.0015306459061819621,0.002254940973603926,0.001442577259538702,0.0009522513943681131,0.0011175870241820528,-2.752881530953339,-2.815125265720703,-2.6468648219339643,-2.8408609182118747,-3.021248382735345,-2.951718649269364,C,non-synonymous,-0.044856282137399624,-0.10454414783785224,-0.1548844118591678,-0.05703748681484009,-0.11320062914817279,-0.07628603922479374,-0.07628603922479374
439,ortho,gattgggttcaaagatgtgttttt,6.0,gtt,5.0,,DWVQRCVF,,False,False,10.0,4.0,6.0,265.0,224.0,265.0,330.0,232.0,17.0,True,False,True,True,False,False,1.0,both,0.001766519635133399,0.0015306459061819621,0.002254940973603926,0.001442577259538702,0.0009522513943681131,0.0011175870241820528,-2.752881530953339,-2.815125265720703,-2.6468648219339643,-2.8408609182118747,-3.021248382735345,-2.951718649269364,V,non-synonymous,-0.044856282137399624,-0.10454414783785224,-0.1548844118591678,-0.05703748681484009,-0.11320062914817279,-0.07628603922479374,-0.07628603922479374
440,ortho,gattgggttcaaagatgtgttttt,7.0,ttt,6.0,,DWVQRCVF,,False,False,10.0,4.0,6.0,265.0,224.0,265.0,330.0,232.0,17.0,True,False,True,True,False,False,1.0,both,0.001766519635133399,0.0015306459061819621,0.002254940973603926,0.001442577259538702,0.0009522513943681131,0.0011175870241820528,-2.752881530953339,-2.815125265720703,-2.6468648219339643,-2.8408609182118747,-3.021248382735345,-2.951718649269364,F,non-synonymous,-0.044856282137399624,-0.10454414783785224,-0.1548844118591678,-0.05703748681484009,-0.11320062914817279,-0.07628603922479374,-0.07628603922479374
441,ortho,gattgggttcatagatgtattgct,2.0,gtt,1.0,,DWVHRCIA,,False,False,12.0,4.0,6.0,100.0,128.0,157.0,154.0,98.0,5.0,True,False,True,True,False,False,2.0,both,0.0008243758297289195,0.0006465659431285875,0.0006632179334129195,0.0005443687771844158,0.0005441436539246361,0.0006621175954588011,-3.0838747499947634,-3.189387174919108,-3.1783437389762197,-3.2641067921486826,-3.2642864314216395,-3.179064870796938,V,synonymous,-0.09189128936871,-0.03798835889033082,-0.0003663791230741017,-0.10407249404615046,-0.04664484020065137,0.07823199351129995,-0.04664484020065137
442,ortho,gattgggttcatagatgtattgct,3.0,cat,2.0,,DWVHRCIA,,False,False,12.0,4.0,6.0,100.0,128.0,157.0,154.0,98.0,5.0,True,False,True,True,False,False,2.0,both,0.0008243758297289195,0.0006465659431285875,0.0006632179334129195,0.0005443687771844158,0.0005441436539246361,0.0006621175954588011,-3.0838747499947634,-3.189387174919108,-3.1783437389762197,-3.2641067921486826,-3.2642864314216395,-3.179064870796938,H,non-synonymous,-0.09189128936871,-0.03798835889033082,-0.0003663791230741017,-0.10407249404615046,-0.04664484020065137,0.07823199351129995,-0.04664484020065137
443,ortho,gattgggttcatagatgtattgct,4.0,aga,3.0,,DWVHRCIA,,False,False,12.0,4.0,6.0,100.0,128.0,157.0,154.0,98.0,5.0,True,False,True,True,False,False,2.0,both,0.0008243758297289195,0.0006465659431285875,0.0006632179334129195,0.0005443687771844158,0.0005441436539246361,0.0006621175954588011,-3.0838747499947634,-3.189387174919108,-3.1783437389762197,-3.2641067921486826,-3.2642864314216395,-3.179064870796938,R,synonymous,-0.09189128936871,-0.03798835889033082,-0.0003663791230741017,-0.10407249404615046,-0.04664484020065137,0.07823199351129995,-0.04664484020065137
444,ortho,gattgggttcatagatgtattgct,5.0,tgt,4.0,,DWVHRCIA,,False,False,12.0,4.0,6.0,100.0,128.0,157.0,154.0,98.0,5.0,True,False,True,True,False,False,2.0,both,0.0008243758297289195,0.0006465659431285875,0.0006632179334129195,0.0005443687771844158,0.0005441436539246361,0.0006621175954588011,-3.0838747499947634,-3.189387174919108,-3.1783437389762197,-3.2641067921486826,-3.2642864314216395,-3.179064870796938,C,non-synonymous,-0.09189128936871,-0.03798835889033082,-0.0003663791230741017,-0.10407249404615046,-0.04664484020065137,0.07823199351129995,-0.04664484020065137
445,ortho,gattgggttcatagatgtattgct,6.0,att,5.0,,DWVHRCIA,,False,False,12.0,4.0,6.0,100.0,128.0,157.0,154.0,98.0,5.0,True,False,True,True,False,False,2.0,both,0.0008243758297289195,0.0006465659431285875,0.0006632179334129195,0.0005443687771844158,0.0005441436539246361,0.0006621175954588011,-3.0838747499947634,-3.189387174919108,-3.1783437389762197,-3.2641067921486826,-3.2642864314216395,-3.179064870796938,I,non-synonymous,-0.09189128936871,-0.03798835889033082,-0.0003663791230741017,-0.10407249404615046,-0.04664484020065137,0.07823199351129995,-0.04664484020065137
446,ortho,gattgggttcatagatgtattgct,7.0,gct,6.0,,DWVHRCIA,,False,False,12.0,4.0,6.0,100.0,128.0,157.0,154.0,98.0,5.0,True,False,True,True,False,False,2.0,both,0.0008243758297289195,0.0006465659431285875,0.0006632179334129195,0.0005443687771844158,0.0005441436539246361,0.0006621175954588011,-3.0838747499947634,-3.189387174919108,-3.1783437389762197,-3.2641067921486826,-3.2642864314216395,-3.179064870796938,A,non-synonymous,-0.09189128936871,-0.03798835889033082,-0.0003663791230741017,-0.10407249404615046,-0.04664484020065137,0.07823199351129995,-0.04664484020065137
447,ortho,gattgggttgaaagatgtattgtt,2.0,gtt,1.0,,DWVERCIV,,False,False,10.0,4.0,6.0,333.0,317.0,394.0,331.0,256.0,16.0,True,False,True,True,False,False,1.0,both,0.0017718727249368335,0.0016889885861318204,0.002122297386921342,0.0018127480280241046,0.0013476057679227317,0.0016616199529348257,-2.751567477055508,-2.772373285299753,-2.673193760656314,-2.741662558642363,-2.870437138851756,-2.779468301380598,V,synonymous,0.005050021700905375,-0.04973727426488437,-0.053993974356682004,-0.007131182976535089,-0.05839375557520492,0.02460439827769205,-0.007131182976535089
448,ortho,gattgggttgaaagatgtattgtt,3.0,gaa,2.0,,DWVERCIV,,False,False,10.0,4.0,6.0,333.0,317.0,394.0,331.0,256.0,16.0,True,False,True,True,False,False,1.0,both,0.0017718727249368335,0.0016889885861318204,0.002122297386921342,0.0018127480280241046,0.0013476057679227317,0.0016616199529348257,-2.751567477055508,-2.772373285299753,-2.673193760656314,-2.741662558642363,-2.870437138851756,-2.779468301380598,E,non-synonymous,0.005050021700905375,-0.04973727426488437,-0.053993974356682004,-0.007131182976535089,-0.05839375557520492,0.02460439827769205,-0.007131182976535089
449,ortho,gattgggttgaaagatgtattgtt,4.0,aga,3.0,,DWVERCIV,,False,False,10.0,4.0,6.0,333.0,317.0,394.0,331.0,256.0,16.0,True,False,True,True,False,False,1.0,both,0.0017718727249368335,0.0016889885861318204,0.002122297386921342,0.0018127480280241046,0.0013476057679227317,0.0016616199529348257,-2.751567477055508,-2.772373285299753,-2.673193760656314,-2.741662558642363,-2.870437138851756,-2.779468301380598,R,synonymous,0.005050021700905375,-0.04973727426488437,-0.053993974356682004,-0.007131182976535089,-0.05839375557520492,0.02460439827769205,-0.007131182976535089
450,ortho,gattgggttgaaagatgtattgtt,5.0,tgt,4.0,,DWVERCIV,,False,False,10.0,4.0,6.0,333.0,317.0,394.0,331.0,256.0,16.0,True,False,True,True,False,False,1.0,both,0.0017718727249368335,0.0016889885861318204,0.002122297386921342,0.0018127480280241046,0.0013476057679227317,0.0016616199529348257,-2.751567477055508,-2.772373285299753,-2.673193760656314,-2.741662558642363,-2.870437138851756,-2.779468301380598,C,non-synonymous,0.005050021700905375,-0.04973727426488437,-0.053993974356682004,-0.007131182976535089,-0.05839375557520492,0.02460439827769205,-0.007131182976535089
451,ortho,gattgggttgaaagatgtattgtt,6.0,att,5.0,,DWVERCIV,,False,False,10.0,4.0,6.0,333.0,317.0,394.0,331.0,256.0,16.0,True,False,True,True,False,False,1.0,both,0.0017718727249368335,0.0016889885861318204,0.002122297386921342,0.0018127480280241046,0.0013476057679227317,0.0016616199529348257,-2.751567477055508,-2.772373285299753,-2.673193760656314,-2.741662558642363,-2.870437138851756,-2.779468301380598,I,non-synonymous,0.005050021700905375,-0.04973727426488437,-0.053993974356682004,-0.007131182976535089,-0.05839375557520492,0.02460439827769205,-0.007131182976535089
452,ortho,gattgggttgaaagatgtattgtt,7.0,gtt,6.0,,DWVERCIV,,False,False,10.0,4.0,6.0,333.0,317.0,394.0,331.0,256.0,16.0,True,False,True,True,False,False,1.0,both,0.0017718727249368335,0.0016889885861318204,0.002122297386921342,0.0018127480280241046,0.0013476057679227317,0.0016616199529348257,-2.751567477055508,-2.772373285299753,-2.673193760656314,-2.741662558642363,-2.870437138851756,-2.779468301380598,V,non-synonymous,0.005050021700905375,-0.04973727426488437,-0.053993974356682004,-0.007131182976535089,-0.05839375557520492,0.02460439827769205,-0.007131182976535089
453,ortho,gattgggttgaaagatgtgttgtt,2.0,gtt,1.0,,DWVERCVV,,False,False,11.0,4.0,6.0,135.0,124.0,157.0,166.0,94.0,3.0,True,False,True,True,False,False,2.0,both,0.000888612907370134,0.0006201754964702778,0.0003979307600477517,0.0007348978491989613,0.0005271391647394912,0.0006621175954588011,-3.0512873827911715,-3.207485397011904,-3.400192488592576,-3.1337730236536765,-3.2780747159072727,-3.179064870796938,V,synonymous,-0.042055296065428925,-0.03580238983988633,0.11234637048009002,-0.05423650074286939,-0.04445887115020688,0.19094474311446408,-0.04445887115020688
454,ortho,gattgggttgaaagatgtgttgtt,3.0,gaa,2.0,,DWVERCVV,,False,False,11.0,4.0,6.0,135.0,124.0,157.0,166.0,94.0,3.0,True,False,True,True,False,False,2.0,both,0.000888612907370134,0.0006201754964702778,0.0003979307600477517,0.0007348978491989613,0.0005271391647394912,0.0006621175954588011,-3.0512873827911715,-3.207485397011904,-3.400192488592576,-3.1337730236536765,-3.2780747159072727,-3.179064870796938,E,non-synonymous,-0.042055296065428925,-0.03580238983988633,0.11234637048009002,-0.05423650074286939,-0.04445887115020688,0.19094474311446408,-0.04445887115020688
455,ortho,gattgggttgaaagatgtgttgtt,4.0,aga,3.0,,DWVERCVV,,False,False,11.0,4.0,6.0,135.0,124.0,157.0,166.0,94.0,3.0,True,False,True,True,False,False,2.0,both,0.000888612907370134,0.0006201754964702778,0.0003979307600477517,0.0007348978491989613,0.0005271391647394912,0.0006621175954588011,-3.0512873827911715,-3.207485397011904,-3.400192488592576,-3.1337730236536765,-3.2780747159072727,-3.179064870796938,R,synonymous,-0.042055296065428925,-0.03580238983988633,0.11234637048009002,-0.05423650074286939,-0.04445887115020688,0.19094474311446408,-0.04445887115020688
456,ortho,gattgggttgaaagatgtgttgtt,5.0,tgt,4.0,,DWVERCVV,,False,False,11.0,4.0,6.0,135.0,124.0,157.0,166.0,94.0,3.0,True,False,True,True,False,False,2.0,both,0.000888612907370134,0.0006201754964702778,0.0003979307600477517,0.0007348978491989613,0.0005271391647394912,0.0006621175954588011,-3.0512873827911715,-3.207485397011904,-3.400192488592576,-3.1337730236536765,-3.2780747159072727,-3.179064870796938,C,non-synonymous,-0.042055296065428925,-0.03580238983988633,0.11234637048009002,-0.05423650074286939,-0.04445887115020688,0.19094474311446408,-0.04445887115020688
457,ortho,gattgggttgaaagatgtgttgtt,6.0,gtt,5.0,,DWVERCVV,,False,False,11.0,4.0,6.0,135.0,124.0,157.0,166.0,94.0,3.0,True,False,True,True,False,False,2.0,both,0.000888612907370134,0.0006201754964702778,0.0003979307600477517,0.0007348978491989613,0.0005271391647394912,0.0006621175954588011,-3.0512873827911715,-3.207485397011904,-3.400192488592576,-3.1337730236536765,-3.2780747159072727,-3.179064870796938,V,non-synonymous,-0.042055296065428925,-0.03580238983988633,0.11234637048009002,-0.05423650074286939,-0.04445887115020688,0.19094474311446408,-0.04445887115020688
458,ortho,gattgggttgaaagatgtgttgtt,7.0,gtt,6.0,,DWVERCVV,,False,False,11.0,4.0,6.0,135.0,124.0,157.0,166.0,94.0,3.0,True,False,True,True,False,False,2.0,both,0.000888612907370134,0.0006201754964702778,0.0003979307600477517,0.0007348978491989613,0.0005271391647394912,0.0006621175954588011,-3.0512873827911715,-3.207485397011904,-3.400192488592576,-3.1337730236536765,-3.2780747159072727,-3.179064870796938,V,non-synonymous,-0.042055296065428925,-0.03580238983988633,0.11234637048009002,-0.05423650074286939,-0.04445887115020688,0.19094474311446408,-0.04445887115020688
459,ortho,gattgggttgctagatctattgct,2.0,gtt,1.0,,DWVARSIA,,False,False,12.0,4.0,6.0,577.0,607.0,702.0,581.0,431.0,25.0,True,False,True,True,False,False,1.0,both,0.0031101451757954693,0.0028435706274328692,0.0033160896670645975,0.003141007844354079,0.002580431233845735,0.002960551286701136,-2.507219338440896,-2.546135980450871,-2.479373734640201,-2.5029309789929512,-2.58830770999425,-2.528627411076367,V,synonymous,0.002186419652347885,-0.021389194922992363,-0.0250238836539989,-0.00999478502509258,-0.03004567623331291,0.05357448898037515,-0.00999478502509258
460,ortho,gattgggttgctagatctattgct,3.0,gct,2.0,,DWVARSIA,,False,False,12.0,4.0,6.0,577.0,607.0,702.0,581.0,431.0,25.0,True,False,True,True,False,False,1.0,both,0.0031101451757954693,0.0028435706274328692,0.0033160896670645975,0.003141007844354079,0.002580431233845735,0.002960551286701136,-2.507219338440896,-2.546135980450871,-2.479373734640201,-2.5029309789929512,-2.58830770999425,-2.528627411076367,A,non-synonymous,0.002186419652347885,-0.021389194922992363,-0.0250238836539989,-0.00999478502509258,-0.03004567623331291,0.05357448898037515,-0.00999478502509258
461,ortho,gattgggttgctagatctattgct,4.0,aga,3.0,,DWVARSIA,,False,False,12.0,4.0,6.0,577.0,607.0,702.0,581.0,431.0,25.0,True,False,True,True,False,False,1.0,both,0.0031101451757954693,0.0028435706274328692,0.0033160896670645975,0.003141007844354079,0.002580431233845735,0.002960551286701136,-2.507219338440896,-2.546135980450871,-2.479373734640201,-2.5029309789929512,-2.58830770999425,-2.528627411076367,R,synonymous,0.002186419652347885,-0.021389194922992363,-0.0250238836539989,-0.00999478502509258,-0.03004567623331291,0.05357448898037515,-0.00999478502509258
462,ortho,gattgggttgctagatctattgct,5.0,tct,4.0,,DWVARSIA,,False,False,12.0,4.0,6.0,577.0,607.0,702.0,581.0,431.0,25.0,True,False,True,True,False,False,1.0,both,0.0031101451757954693,0.0028435706274328692,0.0033160896670645975,0.003141007844354079,0.002580431233845735,0.002960551286701136,-2.507219338440896,-2.546135980450871,-2.479373734640201,-2.5029309789929512,-2.58830770999425,-2.528627411076367,S,non-synonymous,0.002186419652347885,-0.021389194922992363,-0.0250238836539989,-0.00999478502509258,-0.03004567623331291,0.05357448898037515,-0.00999478502509258
463,ortho,gattgggttgctagatctattgct,6.0,att,5.0,,DWVARSIA,,False,False,12.0,4.0,6.0,577.0,607.0,702.0,581.0,431.0,25.0,True,False,True,True,False,False,1.0,both,0.0031101451757954693,0.0028435706274328692,0.0033160896670645975,0.003141007844354079,0.002580431233845735,0.002960551286701136,-2.507219338440896,-2.546135980450871,-2.479373734640201,-2.5029309789929512,-2.58830770999425,-2.528627411076367,I,non-synonymous,0.002186419652347885,-0.021389194922992363,-0.0250238836539989,-0.00999478502509258,-0.03004567623331291,0.05357448898037515,-0.00999478502509258
464,ortho,gattgggttgctagatctattgct,7.0,gct,6.0,,DWVARSIA,,False,False,12.0,4.0,6.0,577.0,607.0,702.0,581.0,431.0,25.0,True,False,True,True,False,False,1.0,both,0.0031101451757954693,0.0028435706274328692,0.0033160896670645975,0.003141007844354079,0.002580431233845735,0.002960551286701136,-2.507219338440896,-2.546135980450871,-2.479373734640201,-2.5029309789929512,-2.58830770999425,-2.528627411076367,A,non-synonymous,0.002186419652347885,-0.021389194922992363,-0.0250238836539989,-0.00999478502509258,-0.03004567623331291,0.05357448898037515,-0.00999478502509258
465,ortho,gattgggttgctagatgtattatt,2.0,gtt,1.0,,DWVARCII,,False,False,11.0,4.0,6.0,1100.0,941.0,1179.0,1206.0,872.0,40.0,True,False,True,True,False,False,1.0,both,0.006455826302942058,0.005753117371511513,0.005305743467303356,0.005988056549028574,0.004000306080805332,0.004972207930228831,-2.190048163027094,-2.2400967656790356,-2.275253751984276,-2.2227141069904577,-2.397906777642251,-2.303450718111083,V,synonymous,-0.016654728389949774,-0.0800400918631736,-0.014325785419641412,-0.02883593306739024,-0.08869657317349415,0.06427258721473264,-0.02883593306739024
466,ortho,gattgggttgctagatgtattatt,3.0,gct,2.0,,DWVARCII,,False,False,11.0,4.0,6.0,1100.0,941.0,1179.0,1206.0,872.0,40.0,True,False,True,True,False,False,1.0,both,0.006455826302942058,0.005753117371511513,0.005305743467303356,0.005988056549028574,0.004000306080805332,0.004972207930228831,-2.190048163027094,-2.2400967656790356,-2.275253751984276,-2.2227141069904577,-2.397906777642251,-2.303450718111083,A,non-synonymous,-0.016654728389949774,-0.0800400918631736,-0.014325785419641412,-0.02883593306739024,-0.08869657317349415,0.06427258721473264,-0.02883593306739024
467,ortho,gattgggttgctagatgtattatt,4.0,aga,3.0,,DWVARCII,,False,False,11.0,4.0,6.0,1100.0,941.0,1179.0,1206.0,872.0,40.0,True,False,True,True,False,False,1.0,both,0.006455826302942058,0.005753117371511513,0.005305743467303356,0.005988056549028574,0.004000306080805332,0.004972207930228831,-2.190048163027094,-2.2400967656790356,-2.275253751984276,-2.2227141069904577,-2.397906777642251,-2.303450718111083,R,synonymous,-0.016654728389949774,-0.0800400918631736,-0.014325785419641412,-0.02883593306739024,-0.08869657317349415,0.06427258721473264,-0.02883593306739024
468,ortho,gattgggttgctagatgtattatt,5.0,tgt,4.0,,DWVARCII,,False,False,11.0,4.0,6.0,1100.0,941.0,1179.0,1206.0,872.0,40.0,True,False,True,True,False,False,1.0,both,0.006455826302942058,0.005753117371511513,0.005305743467303356,0.005988056549028574,0.004000306080805332,0.004972207930228831,-2.190048163027094,-2.2400967656790356,-2.275253751984276,-2.2227141069904577,-2.397906777642251,-2.303450718111083,C,non-synonymous,-0.016654728389949774,-0.0800400918631736,-0.014325785419641412,-0.02883593306739024,-0.08869657317349415,0.06427258721473264,-0.02883593306739024
469,ortho,gattgggttgctagatgtattatt,6.0,att,5.0,,DWVARCII,,False,False,11.0,4.0,6.0,1100.0,941.0,1179.0,1206.0,872.0,40.0,True,False,True,True,False,False,1.0,both,0.006455826302942058,0.005753117371511513,0.005305743467303356,0.005988056549028574,0.004000306080805332,0.004972207930228831,-2.190048163027094,-2.2400967656790356,-2.275253751984276,-2.2227141069904577,-2.397906777642251,-2.303450718111083,I,non-synonymous,-0.016654728389949774,-0.0800400918631736,-0.014325785419641412,-0.02883593306739024,-0.08869657317349415,0.06427258721473264,-0.02883593306739024
470,ortho,gattgggttgctagatgtattatt,7.0,att,6.0,,DWVARCII,,False,False,11.0,4.0,6.0,1100.0,941.0,1179.0,1206.0,872.0,40.0,True,False,True,True,False,False,1.0,both,0.006455826302942058,0.005753117371511513,0.005305743467303356,0.005988056549028574,0.004000306080805332,0.004972207930228831,-2.190048163027094,-2.2400967656790356,-2.275253751984276,-2.2227141069904577,-2.397906777642251,-2.303450718111083,I,non-synonymous,-0.016654728389949774,-0.0800400918631736,-0.014325785419641412,-0.02883593306739024,-0.08869657317349415,0.06427258721473264,-0.02883593306739024
471,ortho,gattgggttgctagatgtattgtt,2.0,gtt,1.0,,DWVARCIV,,False,False,11.0,4.0,6.0,964.0,1054.0,1202.0,1023.0,754.0,52.0,True,False,True,True,False,False,1.0,both,0.005476210868913537,0.004974599195091377,0.006897466507494363,0.005247715012057768,0.004480682900285676,0.005069206049308783,-2.2615198371190663,-2.303241904741829,-2.1613103996774394,-2.2800297582458517,-2.34865579019298,-2.295060055539451,V,synonymous,-0.00943728150736295,-0.023033592851010434,-0.06795301527168429,-0.021618486184803415,-0.03169007416133098,0.010645357362689761,-0.021618486184803415
472,ortho,gattgggttgctagatgtattgtt,3.0,gct,2.0,,DWVARCIV,,False,False,11.0,4.0,6.0,964.0,1054.0,1202.0,1023.0,754.0,52.0,True,False,True,True,False,False,1.0,both,0.005476210868913537,0.004974599195091377,0.006897466507494363,0.005247715012057768,0.004480682900285676,0.005069206049308783,-2.2615198371190663,-2.303241904741829,-2.1613103996774394,-2.2800297582458517,-2.34865579019298,-2.295060055539451,A,non-synonymous,-0.00943728150736295,-0.023033592851010434,-0.06795301527168429,-0.021618486184803415,-0.03169007416133098,0.010645357362689761,-0.021618486184803415
473,ortho,gattgggttgctagatgtattgtt,4.0,aga,3.0,,DWVARCIV,,False,False,11.0,4.0,6.0,964.0,1054.0,1202.0,1023.0,754.0,52.0,True,False,True,True,False,False,1.0,both,0.005476210868913537,0.004974599195091377,0.006897466507494363,0.005247715012057768,0.004480682900285676,0.005069206049308783,-2.2615198371190663,-2.303241904741829,-2.1613103996774394,-2.2800297582458517,-2.34865579019298,-2.295060055539451,R,synonymous,-0.00943728150736295,-0.023033592851010434,-0.06795301527168429,-0.021618486184803415,-0.03169007416133098,0.010645357362689761,-0.021618486184803415
474,ortho,gattgggttgctagatgtattgtt,5.0,tgt,4.0,,DWVARCIV,,False,False,11.0,4.0,6.0,964.0,1054.0,1202.0,1023.0,754.0,52.0,True,False,True,True,False,False,1.0,both,0.005476210868913537,0.004974599195091377,0.006897466507494363,0.005247715012057768,0.004480682900285676,0.005069206049308783,-2.2615198371190663,-2.303241904741829,-2.1613103996774394,-2.2800297582458517,-2.34865579019298,-2.295060055539451,C,non-synonymous,-0.00943728150736295,-0.023033592851010434,-0.06795301527168429,-0.021618486184803415,-0.03169007416133098,0.010645357362689761,-0.021618486184803415
475,ortho,gattgggttgctagatgtattgtt,6.0,att,5.0,,DWVARCIV,,False,False,11.0,4.0,6.0,964.0,1054.0,1202.0,1023.0,754.0,52.0,True,False,True,True,False,False,1.0,both,0.005476210868913537,0.004974599195091377,0.006897466507494363,0.005247715012057768,0.004480682900285676,0.005069206049308783,-2.2615198371190663,-2.303241904741829,-2.1613103996774394,-2.2800297582458517,-2.34865579019298,-2.295060055539451,I,non-synonymous,-0.00943728150736295,-0.023033592851010434,-0.06795301527168429,-0.021618486184803415,-0.03169007416133098,0.010645357362689761,-0.021618486184803415
476,ortho,gattgggttgctagatgtattgtt,7.0,gtt,6.0,,DWVARCIV,,False,False,11.0,4.0,6.0,964.0,1054.0,1202.0,1023.0,754.0,52.0,True,False,True,True,False,False,1.0,both,0.005476210868913537,0.004974599195091377,0.006897466507494363,0.005247715012057768,0.004480682900285676,0.005069206049308783,-2.2615198371190663,-2.303241904741829,-2.1613103996774394,-2.2800297582458517,-2.34865579019298,-2.295060055539451,V,non-synonymous,-0.00943728150736295,-0.023033592851010434,-0.06795301527168429,-0.021618486184803415,-0.03169007416133098,0.010645357362689761,-0.021618486184803415
477,ortho,gattgggttgctagatgtattttg,2.0,gtt,1.0,,DWVARCIL,,False,False,9.0,3.0,5.0,1122.0,1325.0,1294.0,1244.0,874.0,58.0,True,False,True,True,False,False,1.0,both,0.0066592437154725705,0.005766312594840668,0.007693328027589866,0.006107817680009145,0.005632737042579241,0.00545719852562859,-2.176575090476427,-2.2391018179771995,-2.113885749749301,-2.21411393522854,-2.2492805227966812,-2.26303024687349,V,synonymous,-0.0191391763887225,-0.005162565154543693,-0.0757745373283329,-0.031320381066162965,-0.013819046464864242,0.0028238353060411475,-0.013819046464864242
478,ortho,gattgggttgctagatgtattttg,3.0,gct,2.0,,DWVARCIL,,False,False,9.0,3.0,5.0,1122.0,1325.0,1294.0,1244.0,874.0,58.0,True,False,True,True,False,False,1.0,both,0.0066592437154725705,0.005766312594840668,0.007693328027589866,0.006107817680009145,0.005632737042579241,0.00545719852562859,-2.176575090476427,-2.2391018179771995,-2.113885749749301,-2.21411393522854,-2.2492805227966812,-2.26303024687349,A,non-synonymous,-0.0191391763887225,-0.005162565154543693,-0.0757745373283329,-0.031320381066162965,-0.013819046464864242,0.0028238353060411475,-0.013819046464864242
479,ortho,gattgggttgctagatgtattttg,4.0,aga,3.0,,DWVARCIL,,False,False,9.0,3.0,5.0,1122.0,1325.0,1294.0,1244.0,874.0,58.0,True,False,True,True,False,False,1.0,both,0.0066592437154725705,0.005766312594840668,0.007693328027589866,0.006107817680009145,0.005632737042579241,0.00545719852562859,-2.176575090476427,-2.2391018179771995,-2.113885749749301,-2.21411393522854,-2.2492805227966812,-2.26303024687349,R,synonymous,-0.0191391763887225,-0.005162565154543693,-0.0757745373283329,-0.031320381066162965,-0.013819046464864242,0.0028238353060411475,-0.013819046464864242
480,ortho,gattgggttgctagatgtattttg,5.0,tgt,4.0,,DWVARCIL,,False,False,9.0,3.0,5.0,1122.0,1325.0,1294.0,1244.0,874.0,58.0,True,False,True,True,False,False,1.0,both,0.0066592437154725705,0.005766312594840668,0.007693328027589866,0.006107817680009145,0.005632737042579241,0.00545719852562859,-2.176575090476427,-2.2391018179771995,-2.113885749749301,-2.21411393522854,-2.2492805227966812,-2.26303024687349,C,non-synonymous,-0.0191391763887225,-0.005162565154543693,-0.0757745373283329,-0.031320381066162965,-0.013819046464864242,0.0028238353060411475,-0.013819046464864242
481,ortho,gattgggttgctagatgtattttg,6.0,att,5.0,,DWVARCIL,,False,False,9.0,3.0,5.0,1122.0,1325.0,1294.0,1244.0,874.0,58.0,True,False,True,True,False,False,1.0,both,0.0066592437154725705,0.005766312594840668,0.007693328027589866,0.006107817680009145,0.005632737042579241,0.00545719852562859,-2.176575090476427,-2.2391018179771995,-2.113885749749301,-2.21411393522854,-2.2492805227966812,-2.26303024687349,I,non-synonymous,-0.0191391763887225,-0.005162565154543693,-0.0757745373283329,-0.031320381066162965,-0.013819046464864242,0.0028238353060411475,-0.013819046464864242
482,ortho,gattgggtttatagatctattatt,2.0,gtt,1.0,,DWVYRSII,,False,False,11.0,4.0,6.0,394.0,285.0,313.0,412.0,303.0,23.0,True,False,True,True,False,False,1.0,both,0.0022054729990150313,0.0019990763343669593,0.0030508024936994295,0.002144812982106598,0.0012115698544415726,0.001320017881392387,-2.656498254798092,-2.699170622109298,-2.5155859072946454,-2.6686105703231084,-2.9166515410609977,-2.8794201856597232,V,synonymous,-0.006175462906223338,-0.11030474248642085,-0.18485009262088475,-0.0183566675836638,-0.1189612237967414,-0.1062517199865107,-0.1062517199865107
483,ortho,gattgggtttatagatctattatt,3.0,tat,2.0,,DWVYRSII,,False,False,11.0,4.0,6.0,394.0,285.0,313.0,412.0,303.0,23.0,True,False,True,True,False,False,1.0,both,0.0022054729990150313,0.0019990763343669593,0.0030508024936994295,0.002144812982106598,0.0012115698544415726,0.001320017881392387,-2.656498254798092,-2.699170622109298,-2.5155859072946454,-2.6686105703231084,-2.9166515410609977,-2.8794201856597232,Y,non-synonymous,-0.006175462906223338,-0.11030474248642085,-0.18485009262088475,-0.0183566675836638,-0.1189612237967414,-0.1062517199865107,-0.1062517199865107
484,ortho,gattgggtttatagatctattatt,4.0,aga,3.0,,DWVYRSII,,False,False,11.0,4.0,6.0,394.0,285.0,313.0,412.0,303.0,23.0,True,False,True,True,False,False,1.0,both,0.0022054729990150313,0.0019990763343669593,0.0030508024936994295,0.002144812982106598,0.0012115698544415726,0.001320017881392387,-2.656498254798092,-2.699170622109298,-2.5155859072946454,-2.6686105703231084,-2.9166515410609977,-2.8794201856597232,R,synonymous,-0.006175462906223338,-0.11030474248642085,-0.18485009262088475,-0.0183566675836638,-0.1189612237967414,-0.1062517199865107,-0.1062517199865107
485,ortho,gattgggtttatagatctattatt,5.0,tct,4.0,,DWVYRSII,,False,False,11.0,4.0,6.0,394.0,285.0,313.0,412.0,303.0,23.0,True,False,True,True,False,False,1.0,both,0.0022054729990150313,0.0019990763343669593,0.0030508024936994295,0.002144812982106598,0.0012115698544415726,0.001320017881392387,-2.656498254798092,-2.699170622109298,-2.5155859072946454,-2.6686105703231084,-2.9166515410609977,-2.8794201856597232,S,non-synonymous,-0.006175462906223338,-0.11030474248642085,-0.18485009262088475,-0.0183566675836638,-0.1189612237967414,-0.1062517199865107,-0.1062517199865107
486,ortho,gattgggtttatagatctattatt,6.0,att,5.0,,DWVYRSII,,False,False,11.0,4.0,6.0,394.0,285.0,313.0,412.0,303.0,23.0,True,False,True,True,False,False,1.0,both,0.0022054729990150313,0.0019990763343669593,0.0030508024936994295,0.002144812982106598,0.0012115698544415726,0.001320017881392387,-2.656498254798092,-2.699170622109298,-2.5155859072946454,-2.6686105703231084,-2.9166515410609977,-2.8794201856597232,I,non-synonymous,-0.006175462906223338,-0.11030474248642085,-0.18485009262088475,-0.0183566675836638,-0.1189612237967414,-0.1062517199865107,-0.1062517199865107
487,ortho,gattgggtttatagatctattatt,7.0,att,6.0,,DWVYRSII,,False,False,11.0,4.0,6.0,394.0,285.0,313.0,412.0,303.0,23.0,True,False,True,True,False,False,1.0,both,0.0022054729990150313,0.0019990763343669593,0.0030508024936994295,0.002144812982106598,0.0012115698544415726,0.001320017881392387,-2.656498254798092,-2.699170622109298,-2.5155859072946454,-2.6686105703231084,-2.9166515410609977,-2.8794201856597232,I,non-synonymous,-0.006175462906223338,-0.11030474248642085,-0.18485009262088475,-0.0183566675836638,-0.1189612237967414,-0.1062517199865107,-0.1062517199865107
488,ortho,gattgggtttatagatctattttg,2.0,gtt,1.0,,DWVYRSIL,,False,False,9.0,3.0,5.0,338.0,284.0,332.0,360.0,258.0,13.0,True,False,True,True,False,False,1.0,both,0.0019271123292364353,0.0017021838094609752,0.0017243666268735908,0.0018399664668833254,0.0012073187321452864,0.0014001467623714775,-2.7150929700639392,-2.7689935446483727,-2.7633703910054015,-2.735190091871028,-2.91817806102247,-2.8538264395021358,V,synonymous,-0.010246515621657633,-0.0756653031490119,-0.04595721166756744,-0.0224277202990981,-0.08432178445933246,0.032641160966806616,-0.0224277202990981
489,ortho,gattgggtttatagatctattttg,3.0,tat,2.0,,DWVYRSIL,,False,False,9.0,3.0,5.0,338.0,284.0,332.0,360.0,258.0,13.0,True,False,True,True,False,False,1.0,both,0.0019271123292364353,0.0017021838094609752,0.0017243666268735908,0.0018399664668833254,0.0012073187321452864,0.0014001467623714775,-2.7150929700639392,-2.7689935446483727,-2.7633703910054015,-2.735190091871028,-2.91817806102247,-2.8538264395021358,Y,non-synonymous,-0.010246515621657633,-0.0756653031490119,-0.04595721166756744,-0.0224277202990981,-0.08432178445933246,0.032641160966806616,-0.0224277202990981
490,ortho,gattgggtttatagatctattttg,4.0,aga,3.0,,DWVYRSIL,,False,False,9.0,3.0,5.0,338.0,284.0,332.0,360.0,258.0,13.0,True,False,True,True,False,False,1.0,both,0.0019271123292364353,0.0017021838094609752,0.0017243666268735908,0.0018399664668833254,0.0012073187321452864,0.0014001467623714775,-2.7150929700639392,-2.7689935446483727,-2.7633703910054015,-2.735190091871028,-2.91817806102247,-2.8538264395021358,R,synonymous,-0.010246515621657633,-0.0756653031490119,-0.04595721166756744,-0.0224277202990981,-0.08432178445933246,0.032641160966806616,-0.0224277202990981
491,ortho,gattgggtttatagatctattttg,5.0,tct,4.0,,DWVYRSIL,,False,False,9.0,3.0,5.0,338.0,284.0,332.0,360.0,258.0,13.0,True,False,True,True,False,False,1.0,both,0.0019271123292364353,0.0017021838094609752,0.0017243666268735908,0.0018399664668833254,0.0012073187321452864,0.0014001467623714775,-2.7150929700639392,-2.7689935446483727,-2.7633703910054015,-2.735190091871028,-2.91817806102247,-2.8538264395021358,S,non-synonymous,-0.010246515621657633,-0.0756653031490119,-0.04595721166756744,-0.0224277202990981,-0.08432178445933246,0.032641160966806616,-0.0224277202990981
492,ortho,gattgggtttatagatctattttg,6.0,att,5.0,,DWVYRSIL,,False,False,9.0,3.0,5.0,338.0,284.0,332.0,360.0,258.0,13.0,True,False,True,True,False,False,1.0,both,0.0019271123292364353,0.0017021838094609752,0.0017243666268735908,0.0018399664668833254,0.0012073187321452864,0.0014001467623714775,-2.7150929700639392,-2.7689935446483727,-2.7633703910054015,-2.735190091871028,-2.91817806102247,-2.8538264395021358,I,non-synonymous,-0.010246515621657633,-0.0756653031490119,-0.04595721166756744,-0.0224277202990981,-0.08432178445933246,0.032641160966806616,-0.0224277202990981
493,ortho,gattgggtttatagatctgttatt,2.0,gtt,1.0,,DWVYRSVI,,False,False,12.0,4.0,6.0,1529.0,1305.0,1430.0,1606.0,1155.0,64.0,True,False,True,True,False,False,1.0,both,0.008597062224315876,0.007620241472586923,0.008489189547685369,0.008323398603149717,0.005547714596653516,0.0060307526210578695,-2.0656499298885644,-2.1180312663834395,-2.0711337693283514,-2.0796993067363627,-2.255885889395208,-2.21962848574111,V,synonymous,-0.007163073435457922,-0.06991886352684039,-0.075444408937927,-0.019344278112898385,-0.07857534483716094,0.0031539636964470485,-0.019344278112898385
494,ortho,gattgggtttatagatctgttatt,3.0,tat,2.0,,DWVYRSVI,,False,False,12.0,4.0,6.0,1529.0,1305.0,1430.0,1606.0,1155.0,64.0,True,False,True,True,False,False,1.0,both,0.008597062224315876,0.007620241472586923,0.008489189547685369,0.008323398603149717,0.005547714596653516,0.0060307526210578695,-2.0656499298885644,-2.1180312663834395,-2.0711337693283514,-2.0796993067363627,-2.255885889395208,-2.21962848574111,Y,non-synonymous,-0.007163073435457922,-0.06991886352684039,-0.075444408937927,-0.019344278112898385,-0.07857534483716094,0.0031539636964470485,-0.019344278112898385
495,ortho,gattgggtttatagatctgttatt,4.0,aga,3.0,,DWVYRSVI,,False,False,12.0,4.0,6.0,1529.0,1305.0,1430.0,1606.0,1155.0,64.0,True,False,True,True,False,False,1.0,both,0.008597062224315876,0.007620241472586923,0.008489189547685369,0.008323398603149717,0.005547714596653516,0.0060307526210578695,-2.0656499298885644,-2.1180312663834395,-2.0711337693283514,-2.0796993067363627,-2.255885889395208,-2.21962848574111,R,synonymous,-0.007163073435457922,-0.06991886352684039,-0.075444408937927,-0.019344278112898385,-0.07857534483716094,0.0031539636964470485,-0.019344278112898385
496,ortho,gattgggtttatagatctgttatt,5.0,tct,4.0,,DWVYRSVI,,False,False,12.0,4.0,6.0,1529.0,1305.0,1430.0,1606.0,1155.0,64.0,True,False,True,True,False,False,1.0,both,0.008597062224315876,0.007620241472586923,0.008489189547685369,0.008323398603149717,0.005547714596653516,0.0060307526210578695,-2.0656499298885644,-2.1180312663834395,-2.0711337693283514,-2.0796993067363627,-2.255885889395208,-2.21962848574111,S,non-synonymous,-0.007163073435457922,-0.06991886352684039,-0.075444408937927,-0.019344278112898385,-0.07857534483716094,0.0031539636964470485,-0.019344278112898385
497,ortho,gattgggtttatagatctgttatt,6.0,gtt,5.0,,DWVYRSVI,,False,False,12.0,4.0,6.0,1529.0,1305.0,1430.0,1606.0,1155.0,64.0,True,False,True,True,False,False,1.0,both,0.008597062224315876,0.007620241472586923,0.008489189547685369,0.008323398603149717,0.005547714596653516,0.0060307526210578695,-2.0656499298885644,-2.1180312663834395,-2.0711337693283514,-2.0796993067363627,-2.255885889395208,-2.21962848574111,V,non-synonymous,-0.007163073435457922,-0.06991886352684039,-0.075444408937927,-0.019344278112898385,-0.07857534483716094,0.0031539636964470485,-0.019344278112898385
498,ortho,gattgggtttatagatctgttatt,7.0,att,6.0,,DWVYRSVI,,False,False,12.0,4.0,6.0,1529.0,1305.0,1430.0,1606.0,1155.0,64.0,True,False,True,True,False,False,1.0,both,0.008597062224315876,0.007620241472586923,0.008489189547685369,0.008323398603149717,0.005547714596653516,0.0060307526210578695,-2.0656499298885644,-2.1180312663834395,-2.0711337693283514,-2.0796993067363627,-2.255885889395208,-2.21962848574111,I,non-synonymous,-0.007163073435457922,-0.06991886352684039,-0.075444408937927,-0.019344278112898385,-0.07857534483716094,0.0031539636964470485,-0.019344278112898385
499,ortho,gattgggtttatagatctgttttg,2.0,gtt,1.0,,DWVYRSVL,,False,False,10.0,3.0,5.0,868.0,906.0,1065.0,957.0,644.0,40.0,True,False,True,True,False,False,1.0,both,0.005122906941886857,0.004248861911987861,0.005305743467303356,0.004725120985960729,0.003851516800435315,0.004491434644354288,-2.290483533054383,-2.3717273832517907,-2.275253751984276,-2.325587066972191,-2.4143682033926948,-2.347614915431415,V,synonymous,-0.017897533393927925,-0.02162711426696153,-0.0367639020310698,-0.03007873807136839,-0.03028359557728208,0.04183447060330425,-0.03007873807136839
500,ortho,gattgggtttatagatctgttttg,3.0,tat,2.0,,DWVYRSVL,,False,False,10.0,3.0,5.0,868.0,906.0,1065.0,957.0,644.0,40.0,True,False,True,True,False,False,1.0,both,0.005122906941886857,0.004248861911987861,0.005305743467303356,0.004725120985960729,0.003851516800435315,0.004491434644354288,-2.290483533054383,-2.3717273832517907,-2.275253751984276,-2.325587066972191,-2.4143682033926948,-2.347614915431415,Y,non-synonymous,-0.017897533393927925,-0.02162711426696153,-0.0367639020310698,-0.03007873807136839,-0.03028359557728208,0.04183447060330425,-0.03007873807136839
501,ortho,gattgggtttatagatctgttttg,4.0,aga,3.0,,DWVYRSVL,,False,False,10.0,3.0,5.0,868.0,906.0,1065.0,957.0,644.0,40.0,True,False,True,True,False,False,1.0,both,0.005122906941886857,0.004248861911987861,0.005305743467303356,0.004725120985960729,0.003851516800435315,0.004491434644354288,-2.290483533054383,-2.3717273832517907,-2.275253751984276,-2.325587066972191,-2.4143682033926948,-2.347614915431415,R,synonymous,-0.017897533393927925,-0.02162711426696153,-0.0367639020310698,-0.03007873807136839,-0.03028359557728208,0.04183447060330425,-0.03007873807136839
502,ortho,gattgggtttatagatctgttttg,5.0,tct,4.0,,DWVYRSVL,,False,False,10.0,3.0,5.0,868.0,906.0,1065.0,957.0,644.0,40.0,True,False,True,True,False,False,1.0,both,0.005122906941886857,0.004248861911987861,0.005305743467303356,0.004725120985960729,0.003851516800435315,0.004491434644354288,-2.290483533054383,-2.3717273832517907,-2.275253751984276,-2.325587066972191,-2.4143682033926948,-2.347614915431415,S,non-synonymous,-0.017897533393927925,-0.02162711426696153,-0.0367639020310698,-0.03007873807136839,-0.03028359557728208,0.04183447060330425,-0.03007873807136839
503,ortho,gattgggtttatagatctgttttg,6.0,gtt,5.0,,DWVYRSVL,,False,False,10.0,3.0,5.0,868.0,906.0,1065.0,957.0,644.0,40.0,True,False,True,True,False,False,1.0,both,0.005122906941886857,0.004248861911987861,0.005305743467303356,0.004725120985960729,0.003851516800435315,0.004491434644354288,-2.290483533054383,-2.3717273832517907,-2.275253751984276,-2.325587066972191,-2.4143682033926948,-2.347614915431415,V,non-synonymous,-0.017897533393927925,-0.02162711426696153,-0.0367639020310698,-0.03007873807136839,-0.03028359557728208,0.04183447060330425,-0.03007873807136839
504,ortho,gattgggtttatagatgtactatt,2.0,gtt,1.0,,DWVYRCTI,,False,False,10.0,3.0,6.0,1246.0,1205.0,1305.0,1369.0,946.0,58.0,True,False,True,True,False,False,1.0,both,0.007328379940901889,0.006241340634690242,0.007693328027589866,0.006782834963717821,0.005122602367024894,0.005503588930405958,-2.1349920226972365,-2.20472211420981,-2.113885749749301,-2.1685887498255316,-2.290509354158621,-2.259354011531872,V,synonymous,-0.01712928809712558,-0.04351066501275876,-0.07390678466234467,-0.029310492774566044,-0.05216714632307931,0.004691587972029385,-0.029310492774566044
505,ortho,gattgggtttatagatgtactatt,3.0,tat,2.0,,DWVYRCTI,,False,False,10.0,3.0,6.0,1246.0,1205.0,1305.0,1369.0,946.0,58.0,True,False,True,True,False,False,1.0,both,0.007328379940901889,0.006241340634690242,0.007693328027589866,0.006782834963717821,0.005122602367024894,0.005503588930405958,-2.1349920226972365,-2.20472211420981,-2.113885749749301,-2.1685887498255316,-2.290509354158621,-2.259354011531872,Y,non-synonymous,-0.01712928809712558,-0.04351066501275876,-0.07390678466234467,-0.029310492774566044,-0.05216714632307931,0.004691587972029385,-0.029310492774566044
506,ortho,gattgggtttatagatgtactatt,4.0,aga,3.0,,DWVYRCTI,,False,False,10.0,3.0,6.0,1246.0,1205.0,1305.0,1369.0,946.0,58.0,True,False,True,True,False,False,1.0,both,0.007328379940901889,0.006241340634690242,0.007693328027589866,0.006782834963717821,0.005122602367024894,0.005503588930405958,-2.1349920226972365,-2.20472211420981,-2.113885749749301,-2.1685887498255316,-2.290509354158621,-2.259354011531872,R,synonymous,-0.01712928809712558,-0.04351066501275876,-0.07390678466234467,-0.029310492774566044,-0.05216714632307931,0.004691587972029385,-0.029310492774566044
507,ortho,gattgggtttatagatgtactatt,5.0,tgt,4.0,,DWVYRCTI,,False,False,10.0,3.0,6.0,1246.0,1205.0,1305.0,1369.0,946.0,58.0,True,False,True,True,False,False,1.0,both,0.007328379940901889,0.006241340634690242,0.007693328027589866,0.006782834963717821,0.005122602367024894,0.005503588930405958,-2.1349920226972365,-2.20472211420981,-2.113885749749301,-2.1685887498255316,-2.290509354158621,-2.259354011531872,C,non-synonymous,-0.01712928809712558,-0.04351066501275876,-0.07390678466234467,-0.029310492774566044,-0.05216714632307931,0.004691587972029385,-0.029310492774566044
508,ortho,gattgggtttatagatgtactatt,6.0,act,5.0,,DWVYRCTI,,False,False,10.0,3.0,6.0,1246.0,1205.0,1305.0,1369.0,946.0,58.0,True,False,True,True,False,False,1.0,both,0.007328379940901889,0.006241340634690242,0.007693328027589866,0.006782834963717821,0.005122602367024894,0.005503588930405958,-2.1349920226972365,-2.20472211420981,-2.113885749749301,-2.1685887498255316,-2.290509354158621,-2.259354011531872,T,synonymous,-0.01712928809712558,-0.04351066501275876,-0.07390678466234467,-0.029310492774566044,-0.05216714632307931,0.004691587972029385,-0.029310492774566044
509,ortho,gattgggtttatagatgtactatt,7.0,att,6.0,,DWVYRCTI,,False,False,10.0,3.0,6.0,1246.0,1205.0,1305.0,1369.0,946.0,58.0,True,False,True,True,False,False,1.0,both,0.007328379940901889,0.006241340634690242,0.007693328027589866,0.006782834963717821,0.005122602367024894,0.005503588930405958,-2.1349920226972365,-2.20472211420981,-2.113885749749301,-2.1685887498255316,-2.290509354158621,-2.259354011531872,I,non-synonymous,-0.01712928809712558,-0.04351066501275876,-0.07390678466234467,-0.029310492774566044,-0.05216714632307931,0.004691587972029385,-0.029310492774566044
510,ortho,gattgggtttatagatgtattatt,2.0,gtt,1.0,,DWVYRCII,,False,False,11.0,4.0,6.0,110.0,92.0,100.0,91.0,58.0,5.0,True,False,True,True,False,False,2.0,both,0.00048713117211254337,0.00038266147654549053,0.0006632179334129195,0.0005988056549028574,0.0003911032512583322,0.00042173095252152936,-3.312354078510133,-3.4171852570486654,-3.1783437389762197,-3.2227141069904577,-3.4077085737239523,-3.374964523206172,V,synonymous,0.045702930863330424,0.0048065049513147575,-0.09989539836493383,0.03352172618588996,-0.003849976359005792,-0.021297025730559777,-0.003849976359005792
511,ortho,gattgggtttatagatgtattatt,3.0,tat,2.0,,DWVYRCII,,False,False,11.0,4.0,6.0,110.0,92.0,100.0,91.0,58.0,5.0,True,False,True,True,False,False,2.0,both,0.00048713117211254337,0.00038266147654549053,0.0006632179334129195,0.0005988056549028574,0.0003911032512583322,0.00042173095252152936,-3.312354078510133,-3.4171852570486654,-3.1783437389762197,-3.2227141069904577,-3.4077085737239523,-3.374964523206172,Y,non-synonymous,0.045702930863330424,0.0048065049513147575,-0.09989539836493383,0.03352172618588996,-0.003849976359005792,-0.021297025730559777,-0.003849976359005792
512,ortho,gattgggtttatagatgtattatt,4.0,aga,3.0,,DWVYRCII,,False,False,11.0,4.0,6.0,110.0,92.0,100.0,91.0,58.0,5.0,True,False,True,True,False,False,2.0,both,0.00048713117211254337,0.00038266147654549053,0.0006632179334129195,0.0005988056549028574,0.0003911032512583322,0.00042173095252152936,-3.312354078510133,-3.4171852570486654,-3.1783437389762197,-3.2227141069904577,-3.4077085737239523,-3.374964523206172,R,synonymous,0.045702930863330424,0.0048065049513147575,-0.09989539836493383,0.03352172618588996,-0.003849976359005792,-0.021297025730559777,-0.003849976359005792
513,ortho,gattgggtttatagatgtattatt,5.0,tgt,4.0,,DWVYRCII,,False,False,11.0,4.0,6.0,110.0,92.0,100.0,91.0,58.0,5.0,True,False,True,True,False,False,2.0,both,0.00048713117211254337,0.00038266147654549053,0.0006632179334129195,0.0005988056549028574,0.0003911032512583322,0.00042173095252152936,-3.312354078510133,-3.4171852570486654,-3.1783437389762197,-3.2227141069904577,-3.4077085737239523,-3.374964523206172,C,non-synonymous,0.045702930863330424,0.0048065049513147575,-0.09989539836493383,0.03352172618588996,-0.003849976359005792,-0.021297025730559777,-0.003849976359005792
514,ortho,gattgggtttatagatgtattatt,6.0,att,5.0,,DWVYRCII,,False,False,11.0,4.0,6.0,110.0,92.0,100.0,91.0,58.0,5.0,True,False,True,True,False,False,2.0,both,0.00048713117211254337,0.00038266147654549053,0.0006632179334129195,0.0005988056549028574,0.0003911032512583322,0.00042173095252152936,-3.312354078510133,-3.4171852570486654,-3.1783437389762197,-3.2227141069904577,-3.4077085737239523,-3.374964523206172,I,non-synonymous,0.045702930863330424,0.0048065049513147575,-0.09989539836493383,0.03352172618588996,-0.003849976359005792,-0.021297025730559777,-0.003849976359005792
515,ortho,gattgggtttatagatgtattatt,7.0,att,6.0,,DWVYRCII,,False,False,11.0,4.0,6.0,110.0,92.0,100.0,91.0,58.0,5.0,True,False,True,True,False,False,2.0,both,0.00048713117211254337,0.00038266147654549053,0.0006632179334129195,0.0005988056549028574,0.0003911032512583322,0.00042173095252152936,-3.312354078510133,-3.4171852570486654,-3.1783437389762197,-3.2227141069904577,-3.4077085737239523,-3.374964523206172,I,non-synonymous,0.045702930863330424,0.0048065049513147575,-0.09989539836493383,0.03352172618588996,-0.003849976359005792,-0.021297025730559777,-0.003849976359005792
516,ortho,gattgggtttatagatgtattttg,2.0,gtt,1.0,,DWVYRCIL,,False,False,9.0,3.0,5.0,320.0,323.0,343.0,369.0,263.0,15.0,True,False,True,True,False,False,1.0,both,0.0019752901374673463,0.0017351718677838623,0.0019896538002387586,0.0017419800869901306,0.0013731125017004489,0.0014465371671488457,-2.7043691046721663,-2.7606575021218447,-2.701222484256557,-2.7589568138287768,-2.862293878738405,-2.8396704031634017,V,synonymous,-0.027831538266659985,-0.051549232015303266,-0.07034002059426445,-0.04001274294410045,-0.060205713325623814,0.008258352040109607,-0.04001274294410045
517,ortho,gattgggtttatagatgtattttg,3.0,tat,2.0,,DWVYRCIL,,False,False,9.0,3.0,5.0,320.0,323.0,343.0,369.0,263.0,15.0,True,False,True,True,False,False,1.0,both,0.0019752901374673463,0.0017351718677838623,0.0019896538002387586,0.0017419800869901306,0.0013731125017004489,0.0014465371671488457,-2.7043691046721663,-2.7606575021218447,-2.701222484256557,-2.7589568138287768,-2.862293878738405,-2.8396704031634017,Y,non-synonymous,-0.027831538266659985,-0.051549232015303266,-0.07034002059426445,-0.04001274294410045,-0.060205713325623814,0.008258352040109607,-0.04001274294410045
518,ortho,gattgggtttatagatgtattttg,4.0,aga,3.0,,DWVYRCIL,,False,False,9.0,3.0,5.0,320.0,323.0,343.0,369.0,263.0,15.0,True,False,True,True,False,False,1.0,both,0.0019752901374673463,0.0017351718677838623,0.0019896538002387586,0.0017419800869901306,0.0013731125017004489,0.0014465371671488457,-2.7043691046721663,-2.7606575021218447,-2.701222484256557,-2.7589568138287768,-2.862293878738405,-2.8396704031634017,R,synonymous,-0.027831538266659985,-0.051549232015303266,-0.07034002059426445,-0.04001274294410045,-0.060205713325623814,0.008258352040109607,-0.04001274294410045
519,ortho,gattgggtttatagatgtattttg,5.0,tgt,4.0,,DWVYRCIL,,False,False,9.0,3.0,5.0,320.0,323.0,343.0,369.0,263.0,15.0,True,False,True,True,False,False,1.0,both,0.0019752901374673463,0.0017351718677838623,0.0019896538002387586,0.0017419800869901306,0.0013731125017004489,0.0014465371671488457,-2.7043691046721663,-2.7606575021218447,-2.701222484256557,-2.7589568138287768,-2.862293878738405,-2.8396704031634017,C,non-synonymous,-0.027831538266659985,-0.051549232015303266,-0.07034002059426445,-0.04001274294410045,-0.060205713325623814,0.008258352040109607,-0.04001274294410045
520,ortho,gattgggtttatagatgtattttg,6.0,att,5.0,,DWVYRCIL,,False,False,9.0,3.0,5.0,320.0,323.0,343.0,369.0,263.0,15.0,True,False,True,True,False,False,1.0,both,0.0019752901374673463,0.0017351718677838623,0.0019896538002387586,0.0017419800869901306,0.0013731125017004489,0.0014465371671488457,-2.7043691046721663,-2.7606575021218447,-2.701222484256557,-2.7589568138287768,-2.862293878738405,-2.8396704031634017,I,non-synonymous,-0.027831538266659985,-0.051549232015303266,-0.07034002059426445,-0.04001274294410045,-0.060205713325623814,0.008258352040109607,-0.04001274294410045
521,ortho,gattgggtttctagatgtattgtt,2.0,gtt,1.0,,DWVSRCIV,,False,False,11.0,4.0,6.0,266.0,204.0,280.0,265.0,178.0,8.0,True,False,True,True,False,False,2.0,both,0.0014185687979101538,0.0011743748762947813,0.001061148693460671,0.0014480209473105461,0.0008672289484423888,0.0011808466670602822,-2.8481495968944186,-2.9301932483027087,-2.9742237563202947,-2.8392251555176156,-3.061866233643609,-2.9278064918639526,V,synonymous,0.004550125578167458,-0.06678358179860333,0.02358281268196883,-0.007631079099273006,-0.07544006310892389,0.10218118531634288,-0.007631079099273006
522,ortho,gattgggtttctagatgtattgtt,3.0,tct,2.0,,DWVSRCIV,,False,False,11.0,4.0,6.0,266.0,204.0,280.0,265.0,178.0,8.0,True,False,True,True,False,False,2.0,both,0.0014185687979101538,0.0011743748762947813,0.001061148693460671,0.0014480209473105461,0.0008672289484423888,0.0011808466670602822,-2.8481495968944186,-2.9301932483027087,-2.9742237563202947,-2.8392251555176156,-3.061866233643609,-2.9278064918639526,S,non-synonymous,0.004550125578167458,-0.06678358179860333,0.02358281268196883,-0.007631079099273006,-0.07544006310892389,0.10218118531634288,-0.007631079099273006
523,ortho,gattgggtttctagatgtattgtt,4.0,aga,3.0,,DWVSRCIV,,False,False,11.0,4.0,6.0,266.0,204.0,280.0,265.0,178.0,8.0,True,False,True,True,False,False,2.0,both,0.0014185687979101538,0.0011743748762947813,0.001061148693460671,0.0014480209473105461,0.0008672289484423888,0.0011808466670602822,-2.8481495968944186,-2.9301932483027087,-2.9742237563202947,-2.8392251555176156,-3.061866233643609,-2.9278064918639526,R,synonymous,0.004550125578167458,-0.06678358179860333,0.02358281268196883,-0.007631079099273006,-0.07544006310892389,0.10218118531634288,-0.007631079099273006
524,ortho,gattgggtttctagatgtattgtt,5.0,tgt,4.0,,DWVSRCIV,,False,False,11.0,4.0,6.0,266.0,204.0,280.0,265.0,178.0,8.0,True,False,True,True,False,False,2.0,both,0.0014185687979101538,0.0011743748762947813,0.001061148693460671,0.0014480209473105461,0.0008672289484423888,0.0011808466670602822,-2.8481495968944186,-2.9301932483027087,-2.9742237563202947,-2.8392251555176156,-3.061866233643609,-2.9278064918639526,C,non-synonymous,0.004550125578167458,-0.06678358179860333,0.02358281268196883,-0.007631079099273006,-0.07544006310892389,0.10218118531634288,-0.007631079099273006
525,ortho,gattgggtttctagatgtattgtt,6.0,att,5.0,,DWVSRCIV,,False,False,11.0,4.0,6.0,266.0,204.0,280.0,265.0,178.0,8.0,True,False,True,True,False,False,2.0,both,0.0014185687979101538,0.0011743748762947813,0.001061148693460671,0.0014480209473105461,0.0008672289484423888,0.0011808466670602822,-2.8481495968944186,-2.9301932483027087,-2.9742237563202947,-2.8392251555176156,-3.061866233643609,-2.9278064918639526,I,non-synonymous,0.004550125578167458,-0.06678358179860333,0.02358281268196883,-0.007631079099273006,-0.07544006310892389,0.10218118531634288,-0.007631079099273006
526,ortho,gattgggtttctagatgtattgtt,7.0,gtt,6.0,,DWVSRCIV,,False,False,11.0,4.0,6.0,266.0,204.0,280.0,265.0,178.0,8.0,True,False,True,True,False,False,2.0,both,0.0014185687979101538,0.0011743748762947813,0.001061148693460671,0.0014480209473105461,0.0008672289484423888,0.0011808466670602822,-2.8481495968944186,-2.9301932483027087,-2.9742237563202947,-2.8392251555176156,-3.061866233643609,-2.9278064918639526,V,non-synonymous,0.004550125578167458,-0.06678358179860333,0.02358281268196883,-0.007631079099273006,-0.07544006310892389,0.10218118531634288,-0.007631079099273006
527,ortho,gattgggtttggagatgtattatt,2.0,gtt,1.0,,DWVWRCII,,False,False,10.0,4.0,6.0,464.0,399.0,492.0,518.0,345.0,17.0,True,False,True,True,False,False,1.0,both,0.002772900518179093,0.002276176024279211,0.002254940973603926,0.0025258711261356894,0.0016961977962182016,0.0020749162864059246,-2.557065711085994,-2.6427941555383287,-2.6468648219339643,-2.597588811593802,-2.7705235053827595,-2.6829994204388115,V,synonymous,-0.0206606988989241,-0.0647833985181797,-0.018358588724664254,-0.032841903576364566,-0.07343987982850025,0.0602397839097098,-0.032841903576364566
528,ortho,gattgggtttggagatgtattatt,3.0,tgg,2.0,,DWVWRCII,,False,False,10.0,4.0,6.0,464.0,399.0,492.0,518.0,345.0,17.0,True,False,True,True,False,False,1.0,both,0.002772900518179093,0.002276176024279211,0.002254940973603926,0.0025258711261356894,0.0016961977962182016,0.0020749162864059246,-2.557065711085994,-2.6427941555383287,-2.6468648219339643,-2.597588811593802,-2.7705235053827595,-2.6829994204388115,W,non-synonymous,-0.0206606988989241,-0.0647833985181797,-0.018358588724664254,-0.032841903576364566,-0.07343987982850025,0.0602397839097098,-0.032841903576364566
529,ortho,gattgggtttggagatgtattatt,4.0,aga,3.0,,DWVWRCII,,False,False,10.0,4.0,6.0,464.0,399.0,492.0,518.0,345.0,17.0,True,False,True,True,False,False,1.0,both,0.002772900518179093,0.002276176024279211,0.002254940973603926,0.0025258711261356894,0.0016961977962182016,0.0020749162864059246,-2.557065711085994,-2.6427941555383287,-2.6468648219339643,-2.597588811593802,-2.7705235053827595,-2.6829994204388115,R,synonymous,-0.0206606988989241,-0.0647833985181797,-0.018358588724664254,-0.032841903576364566,-0.07343987982850025,0.0602397839097098,-0.032841903576364566
530,ortho,gattgggtttggagatgtattatt,5.0,tgt,4.0,,DWVWRCII,,False,False,10.0,4.0,6.0,464.0,399.0,492.0,518.0,345.0,17.0,True,False,True,True,False,False,1.0,both,0.002772900518179093,0.002276176024279211,0.002254940973603926,0.0025258711261356894,0.0016961977962182016,0.0020749162864059246,-2.557065711085994,-2.6427941555383287,-2.6468648219339643,-2.597588811593802,-2.7705235053827595,-2.6829994204388115,C,non-synonymous,-0.0206606988989241,-0.0647833985181797,-0.018358588724664254,-0.032841903576364566,-0.07343987982850025,0.0602397839097098,-0.032841903576364566
531,ortho,gattgggtttggagatgtattatt,6.0,att,5.0,,DWVWRCII,,False,False,10.0,4.0,6.0,464.0,399.0,492.0,518.0,345.0,17.0,True,False,True,True,False,False,1.0,both,0.002772900518179093,0.002276176024279211,0.002254940973603926,0.0025258711261356894,0.0016961977962182016,0.0020749162864059246,-2.557065711085994,-2.6427941555383287,-2.6468648219339643,-2.597588811593802,-2.7705235053827595,-2.6829994204388115,I,non-synonymous,-0.0206606988989241,-0.0647833985181797,-0.018358588724664254,-0.032841903576364566,-0.07343987982850025,0.0602397839097098,-0.032841903576364566
532,ortho,gattgggtttggagatgtattatt,7.0,att,6.0,,DWVWRCII,,False,False,10.0,4.0,6.0,464.0,399.0,492.0,518.0,345.0,17.0,True,False,True,True,False,False,1.0,both,0.002772900518179093,0.002276176024279211,0.002254940973603926,0.0025258711261356894,0.0016961977962182016,0.0020749162864059246,-2.557065711085994,-2.6427941555383287,-2.6468648219339643,-2.597588811593802,-2.7705235053827595,-2.6829994204388115,I,non-synonymous,-0.0206606988989241,-0.0647833985181797,-0.018358588724664254,-0.032841903576364566,-0.07343987982850025,0.0602397839097098,-0.032841903576364566
533,ortho,gattgggtttggagatgtgttatg,2.0,gtt,1.0,,DWVWRCVM,,False,False,10.0,4.0,6.0,1676.0,1757.0,1964.0,1489.0,1125.0,79.0,True,False,True,True,False,False,1.0,both,0.007970750717314033,0.007422313122649601,0.010478843347924129,0.009123620705610808,0.007469221874574888,0.008282795907522837,-2.0985007730790506,-2.1294607281642213,-1.979686652021797,-2.039832777854425,-2.1267246395742125,-2.081823039755241,V,synonymous,0.029911871726250268,0.0013877242601130122,-0.05189153923959109,0.017730667048809802,-0.007268757050207537,0.026706833394782963,0.017730667048809802
534,ortho,gattgggtttggagatgtgttatg,3.0,tgg,2.0,,DWVWRCVM,,False,False,10.0,4.0,6.0,1676.0,1757.0,1964.0,1489.0,1125.0,79.0,True,False,True,True,False,False,1.0,both,0.007970750717314033,0.007422313122649601,0.010478843347924129,0.009123620705610808,0.007469221874574888,0.008282795907522837,-2.0985007730790506,-2.1294607281642213,-1.979686652021797,-2.039832777854425,-2.1267246395742125,-2.081823039755241,W,non-synonymous,0.029911871726250268,0.0013877242601130122,-0.05189153923959109,0.017730667048809802,-0.007268757050207537,0.026706833394782963,0.017730667048809802
535,ortho,gattgggtttggagatgtgttatg,4.0,aga,3.0,,DWVWRCVM,,False,False,10.0,4.0,6.0,1676.0,1757.0,1964.0,1489.0,1125.0,79.0,True,False,True,True,False,False,1.0,both,0.007970750717314033,0.007422313122649601,0.010478843347924129,0.009123620705610808,0.007469221874574888,0.008282795907522837,-2.0985007730790506,-2.1294607281642213,-1.979686652021797,-2.039832777854425,-2.1267246395742125,-2.081823039755241,R,synonymous,0.029911871726250268,0.0013877242601130122,-0.05189153923959109,0.017730667048809802,-0.007268757050207537,0.026706833394782963,0.017730667048809802
536,ortho,gattgggtttggagatgtgttatg,5.0,tgt,4.0,,DWVWRCVM,,False,False,10.0,4.0,6.0,1676.0,1757.0,1964.0,1489.0,1125.0,79.0,True,False,True,True,False,False,1.0,both,0.007970750717314033,0.007422313122649601,0.010478843347924129,0.009123620705610808,0.007469221874574888,0.008282795907522837,-2.0985007730790506,-2.1294607281642213,-1.979686652021797,-2.039832777854425,-2.1267246395742125,-2.081823039755241,C,non-synonymous,0.029911871726250268,0.0013877242601130122,-0.05189153923959109,0.017730667048809802,-0.007268757050207537,0.026706833394782963,0.017730667048809802
537,ortho,gattgggtttggagatgtgttatg,6.0,gtt,5.0,,DWVWRCVM,,False,False,10.0,4.0,6.0,1676.0,1757.0,1964.0,1489.0,1125.0,79.0,True,False,True,True,False,False,1.0,both,0.007970750717314033,0.007422313122649601,0.010478843347924129,0.009123620705610808,0.007469221874574888,0.008282795907522837,-2.0985007730790506,-2.1294607281642213,-1.979686652021797,-2.039832777854425,-2.1267246395742125,-2.081823039755241,V,non-synonymous,0.029911871726250268,0.0013877242601130122,-0.05189153923959109,0.017730667048809802,-0.007268757050207537,0.026706833394782963,0.017730667048809802
538,ortho,gattgggtttggagatgtgttatg,7.0,atg,6.0,,DWVWRCVM,,False,False,10.0,4.0,6.0,1676.0,1757.0,1964.0,1489.0,1125.0,79.0,True,False,True,True,False,False,1.0,both,0.007970750717314033,0.007422313122649601,0.010478843347924129,0.009123620705610808,0.007469221874574888,0.008282795907522837,-2.0985007730790506,-2.1294607281642213,-1.979686652021797,-2.039832777854425,-2.1267246395742125,-2.081823039755241,M,non-synonymous,0.029911871726250268,0.0013877242601130122,-0.05189153923959109,0.017730667048809802,-0.007268757050207537,0.026706833394782963,0.017730667048809802
539,ortho,gattgggtttttagatctattttg,2.0,gtt,1.0,,DWVFRSIL,,False,False,9.0,3.0,5.0,520.0,470.0,532.0,742.0,531.0,22.0,True,False,True,True,False,False,1.0,both,0.0039719926341484305,0.0035033317938906114,0.002918158907016846,0.0028307176413589624,0.001998027479254523,0.002243608667414536,-2.4009915655521996,-2.4555187295301337,-2.5348910624900323,-2.5481034485138836,-2.6993985431337904,-2.6490528909111237,V,synonymous,-0.0750049793879781,-0.12369407011362732,-0.05800119948080698,-0.08718618406541856,-0.13235055142394786,0.020597173153567072,-0.08718618406541856
540,ortho,gattgggtttttagatctattttg,3.0,ttt,2.0,,DWVFRSIL,,False,False,9.0,3.0,5.0,520.0,470.0,532.0,742.0,531.0,22.0,True,False,True,True,False,False,1.0,both,0.0039719926341484305,0.0035033317938906114,0.002918158907016846,0.0028307176413589624,0.001998027479254523,0.002243608667414536,-2.4009915655521996,-2.4555187295301337,-2.5348910624900323,-2.5481034485138836,-2.6993985431337904,-2.6490528909111237,F,non-synonymous,-0.0750049793879781,-0.12369407011362732,-0.05800119948080698,-0.08718618406541856,-0.13235055142394786,0.020597173153567072,-0.08718618406541856
541,ortho,gattgggtttttagatctattttg,4.0,aga,3.0,,DWVFRSIL,,False,False,9.0,3.0,5.0,520.0,470.0,532.0,742.0,531.0,22.0,True,False,True,True,False,False,1.0,both,0.0039719926341484305,0.0035033317938906114,0.002918158907016846,0.0028307176413589624,0.001998027479254523,0.002243608667414536,-2.4009915655521996,-2.4555187295301337,-2.5348910624900323,-2.5481034485138836,-2.6993985431337904,-2.6490528909111237,R,synonymous,-0.0750049793879781,-0.12369407011362732,-0.05800119948080698,-0.08718618406541856,-0.13235055142394786,0.020597173153567072,-0.08718618406541856
542,ortho,gattgggtttttagatctattttg,5.0,tct,4.0,,DWVFRSIL,,False,False,9.0,3.0,5.0,520.0,470.0,532.0,742.0,531.0,22.0,True,False,True,True,False,False,1.0,both,0.0039719926341484305,0.0035033317938906114,0.002918158907016846,0.0028307176413589624,0.001998027479254523,0.002243608667414536,-2.4009915655521996,-2.4555187295301337,-2.5348910624900323,-2.5481034485138836,-2.6993985431337904,-2.6490528909111237,S,non-synonymous,-0.0750049793879781,-0.12369407011362732,-0.05800119948080698,-0.08718618406541856,-0.13235055142394786,0.020597173153567072,-0.08718618406541856
543,ortho,gattgggtttttagatctattttg,6.0,att,5.0,,DWVFRSIL,,False,False,9.0,3.0,5.0,520.0,470.0,532.0,742.0,531.0,22.0,True,False,True,True,False,False,1.0,both,0.0039719926341484305,0.0035033317938906114,0.002918158907016846,0.0028307176413589624,0.001998027479254523,0.002243608667414536,-2.4009915655521996,-2.4555187295301337,-2.5348910624900323,-2.5481034485138836,-2.6993985431337904,-2.6490528909111237,I,non-synonymous,-0.0750049793879781,-0.12369407011362732,-0.05800119948080698,-0.08718618406541856,-0.13235055142394786,0.020597173153567072,-0.08718618406541856
544,ortho,gattgggtttttagatctgttttg,2.0,gtt,1.0,,DWVFRSVL,,False,False,10.0,3.0,5.0,637.0,580.0,671.0,620.0,499.0,20.0,True,False,True,True,False,False,1.0,both,0.0033189156781294163,0.003292208220624134,0.002652871733651678,0.0034676291106647285,0.0024656509318460073,0.002829814691419462,-2.4790037813329726,-2.482512704988213,-2.576283747648257,-2.4599673598133323,-2.6080684075065705,-2.54824200303718,V,synonymous,0.009705717682054178,-0.06368094038201531,0.014246923384738383,-0.0024754869953862862,-0.07233742169233587,0.09284529601911244,-0.0024754869953862862
545,ortho,gattgggtttttagatctgttttg,3.0,ttt,2.0,,DWVFRSVL,,False,False,10.0,3.0,5.0,637.0,580.0,671.0,620.0,499.0,20.0,True,False,True,True,False,False,1.0,both,0.0033189156781294163,0.003292208220624134,0.002652871733651678,0.0034676291106647285,0.0024656509318460073,0.002829814691419462,-2.4790037813329726,-2.482512704988213,-2.576283747648257,-2.4599673598133323,-2.6080684075065705,-2.54824200303718,F,non-synonymous,0.009705717682054178,-0.06368094038201531,0.014246923384738383,-0.0024754869953862862,-0.07233742169233587,0.09284529601911244,-0.0024754869953862862
546,ortho,gattgggtttttagatctgttttg,4.0,aga,3.0,,DWVFRSVL,,False,False,10.0,3.0,5.0,637.0,580.0,671.0,620.0,499.0,20.0,True,False,True,True,False,False,1.0,both,0.0033189156781294163,0.003292208220624134,0.002652871733651678,0.0034676291106647285,0.0024656509318460073,0.002829814691419462,-2.4790037813329726,-2.482512704988213,-2.576283747648257,-2.4599673598133323,-2.6080684075065705,-2.54824200303718,R,synonymous,0.009705717682054178,-0.06368094038201531,0.014246923384738383,-0.0024754869953862862,-0.07233742169233587,0.09284529601911244,-0.0024754869953862862
547,ortho,gattgggtttttagatctgttttg,5.0,tct,4.0,,DWVFRSVL,,False,False,10.0,3.0,5.0,637.0,580.0,671.0,620.0,499.0,20.0,True,False,True,True,False,False,1.0,both,0.0033189156781294163,0.003292208220624134,0.002652871733651678,0.0034676291106647285,0.0024656509318460073,0.002829814691419462,-2.4790037813329726,-2.482512704988213,-2.576283747648257,-2.4599673598133323,-2.6080684075065705,-2.54824200303718,S,non-synonymous,0.009705717682054178,-0.06368094038201531,0.014246923384738383,-0.0024754869953862862,-0.07233742169233587,0.09284529601911244,-0.0024754869953862862
548,ortho,gattgggtttttagatctgttttg,6.0,gtt,5.0,,DWVFRSVL,,False,False,10.0,3.0,5.0,637.0,580.0,671.0,620.0,499.0,20.0,True,False,True,True,False,False,1.0,both,0.0033189156781294163,0.003292208220624134,0.002652871733651678,0.0034676291106647285,0.0024656509318460073,0.002829814691419462,-2.4790037813329726,-2.482512704988213,-2.576283747648257,-2.4599673598133323,-2.6080684075065705,-2.54824200303718,V,non-synonymous,0.009705717682054178,-0.06368094038201531,0.014246923384738383,-0.0024754869953862862,-0.07233742169233587,0.09284529601911244,-0.0024754869953862862
549,single,gattggtagagacgttatacattg,2.0,tag,1.0,,DW*RRYTL,,True,False,2.0,1.0,1.0,5.0,2.0,5.0,5.0,4.0,1.0,True,False,True,True,False,False,2.0,both,2.6765449017172712e-05,2.6390446658309693e-05,0.00013264358668258389,2.721843885922079e-05,8.502244592572439e-06,2.108654762607647e-05,-4.572425466495208,-4.57855325928364,-3.8773137433122384,-4.565136787812664,-5.070466405405527,-4.675994518870153,*,stop,0.0037161321257249656,-0.2494947748529167,-0.40577874080423987,-0.008465072551715499,-0.25815125616323725,-0.32718036816986584,-0.25815125616323725
550,single,gattggtcgagacgttatacattg,2.0,tcg,1.0,,DWSRRYTL,,False,False,2.0,1.0,1.0,1273.0,1958.0,1796.0,1276.0,1032.0,47.0,True,False,True,True,False,False,1.0,both,0.0068305425891824765,0.006808735237843901,0.006234248574081443,0.006929814533557613,0.008323697456128418,0.0075742879072866675,-2.165544796446083,-2.16693355332041,-2.205215885376521,-2.1592783884950273,-2.079683713602389,-2.1206581908748863,S,non-synonymous,0.0031949274915339153,0.04425248499255816,0.042960486655277984,-0.008986277185906548,0.035596003682237615,0.12155885928965204,0.035596003682237615
551,single,gattggtctagacgttatacattg,2.0,tct,1.0,,DWSRRYTL,,False,False,3.0,1.0,1.0,267.0,349.0,331.0,283.0,192.0,11.0,True,False,True,True,False,False,1.0,both,0.0015149244143719755,0.0012667414395988652,0.001459079453508423,0.0014534646350823901,0.0014836416814038907,0.0013959294528462622,-2.8196090353069363,-2.897312021908053,-2.8359210581540135,-2.8375955307841076,-2.8286709741103278,-2.855136529430453,S,non-synonymous,-0.00917041299021747,0.034814240889830594,-0.00976263605827634,-0.021351617667657932,0.026157759579510047,0.0688357365760977,0.026157759579510047
552,single,gattggtggagacgttatacattg,2.0,tgg,1.0,,DWWRRYTL,,False,False,2.0,1.0,1.0,1213.0,1577.0,1518.0,1137.0,926.0,45.0,True,False,True,True,False,False,1.0,both,0.006086463106505075,0.006109388401398693,0.005968961400716275,0.0066031932672469635,0.006704019861243369,0.006401875859276816,-2.2156350061434917,-2.2140022639296686,-2.224101229536895,-2.1802459912821095,-2.173664707740605,-2.1936927516467106,W,non-synonymous,0.018043085825569617,0.020458915519638587,0.015449368816262214,0.005861881148129152,0.011802434209318037,0.09404774145063627,0.011802434209318037
553,single,gattggttgagacgttatacattg,2.0,ttg,1.0,,DWLRRYTL,,False,False,1.0,1.0,1.0,867.0,1053.0,1145.0,799.0,662.0,28.0,True,False,True,True,False,False,1.0,both,0.004277118752944199,0.004367618921950254,0.003714020427112349,0.004719677298188885,0.004476431777989389,0.004828819406371511,-2.3688486915172353,-2.3597552611719026,-2.430155711970019,-2.3260876946724722,-2.349068029884021,-2.3161590365302653,L,non-synonymous,0.021801690131219346,0.005420486085790399,0.05791729165322666,0.009620485453778882,-0.0032359952245301507,0.1365156642876007,0.009620485453778882
554,ortho,gattggttgcaaagatgtatgttg,2.0,ttg,1.0,,DWLQRCML,,False,False,8.0,4.0,5.0,2211.0,2301.0,2730.0,2119.0,1523.0,72.0,True,False,True,True,False,False,1.0,both,0.011343197293477795,0.010048162565151415,0.00955033824114604,0.012035993663547434,0.009781832403754591,0.011513255003837751,-1.945264514120432,-1.9979133472755601,-2.01998124688097,-1.9195180495699686,-2.0095797824008645,-1.938801876165416,L,non-synonymous,0.013126832476366162,-0.005917131159984709,0.041244091301969044,0.0009456277989256974,-0.014573612470305258,0.1198424639363431,0.0009456277989256974
555,ortho,gattggttgcaaagatgtatgttg,3.0,caa,2.0,,DWLQRCML,,False,False,8.0,4.0,5.0,2211.0,2301.0,2730.0,2119.0,1523.0,72.0,True,False,True,True,False,False,1.0,both,0.011343197293477795,0.010048162565151415,0.00955033824114604,0.012035993663547434,0.009781832403754591,0.011513255003837751,-1.945264514120432,-1.9979133472755601,-2.01998124688097,-1.9195180495699686,-2.0095797824008645,-1.938801876165416,Q,non-synonymous,0.013126832476366162,-0.005917131159984709,0.041244091301969044,0.0009456277989256974,-0.014573612470305258,0.1198424639363431,0.0009456277989256974
556,ortho,gattggttgcaaagatgtatgttg,4.0,aga,3.0,,DWLQRCML,,False,False,8.0,4.0,5.0,2211.0,2301.0,2730.0,2119.0,1523.0,72.0,True,False,True,True,False,False,1.0,both,0.011343197293477795,0.010048162565151415,0.00955033824114604,0.012035993663547434,0.009781832403754591,0.011513255003837751,-1.945264514120432,-1.9979133472755601,-2.01998124688097,-1.9195180495699686,-2.0095797824008645,-1.938801876165416,R,synonymous,0.013126832476366162,-0.005917131159984709,0.041244091301969044,0.0009456277989256974,-0.014573612470305258,0.1198424639363431,0.0009456277989256974
557,ortho,gattggttgcaaagatgtatgttg,5.0,tgt,4.0,,DWLQRCML,,False,False,8.0,4.0,5.0,2211.0,2301.0,2730.0,2119.0,1523.0,72.0,True,False,True,True,False,False,1.0,both,0.011343197293477795,0.010048162565151415,0.00955033824114604,0.012035993663547434,0.009781832403754591,0.011513255003837751,-1.945264514120432,-1.9979133472755601,-2.01998124688097,-1.9195180495699686,-2.0095797824008645,-1.938801876165416,C,non-synonymous,0.013126832476366162,-0.005917131159984709,0.041244091301969044,0.0009456277989256974,-0.014573612470305258,0.1198424639363431,0.0009456277989256974
558,ortho,gattggttgcaaagatgtatgttg,6.0,atg,5.0,,DWLQRCML,,False,False,8.0,4.0,5.0,2211.0,2301.0,2730.0,2119.0,1523.0,72.0,True,False,True,True,False,False,1.0,both,0.011343197293477795,0.010048162565151415,0.00955033824114604,0.012035993663547434,0.009781832403754591,0.011513255003837751,-1.945264514120432,-1.9979133472755601,-2.01998124688097,-1.9195180495699686,-2.0095797824008645,-1.938801876165416,M,non-synonymous,0.013126832476366162,-0.005917131159984709,0.041244091301969044,0.0009456277989256974,-0.014573612470305258,0.1198424639363431,0.0009456277989256974
559,single,gattggtttagacgttatacattg,2.0,ttt,1.0,,DWFRRYTL,,False,False,2.0,1.0,1.0,260.0,349.0,345.0,203.0,197.0,6.0,True,False,True,True,False,False,2.0,both,0.0010866772300972122,0.0012997294979217523,0.0007958615200955034,0.0014153588206794812,0.0014836416814038907,0.0014549717861992763,-2.963899432918014,-2.88614702445001,-3.0991624929285946,-2.849133444177865,-2.8286709741103278,-2.837145428132898,F,non-synonymous,0.05851342832813722,0.029151435272642055,0.13312071340110926,0.04633222365069675,0.020494953962321504,0.2117190860354833,0.04633222365069675
560,single,gattgtgtgagacgttatacattg,1.0,tgt,1.0,,DCVRRYTL,,False,False,1.0,1.0,1.0,776.0,1079.0,1044.0,862.0,739.0,25.0,True,False,True,True,False,False,1.0,both,0.004614363410560576,0.004875635020122716,0.0033160896670645975,0.004224301710951067,0.004586960957692831,0.004402871144324767,-2.3358882050065137,-2.3119688122167767,-2.479373734640201,-2.374245070890494,-2.338474956386597,-2.3562640245399287,C,non-synonymous,-0.019556244384178727,-0.013443723803692801,0.06254727129292355,-0.03173744906161919,-0.022100205114013352,0.14114564392729761,-0.022100205114013352
561,single,gatttggtgagacgttatacattg,1.0,ttg,1.0,,DLVRRYTL,,False,False,1.0,1.0,1.0,8.0,8.0,15.0,5.0,2.0,1.0,True,False,True,True,False,False,2.0,both,2.6765449017172712e-05,1.3195223329154847e-05,0.00013264358668258389,4.3549502174753264e-05,3.4008978370289756e-05,6.325964287822941e-05,-4.572425466495208,-4.8795832549476215,-3.8773137433122384,-4.361016805156739,-4.468406414077564,-4.198873264150491,L,non-synonymous,0.10778668566333181,0.20854590723255373,-0.1633719271234657,0.09560548098589135,0.1998894259222332,-0.08477355448909166,0.09560548098589135
562,ortho,gcttgggttaatagatgtattgct,0.0,gct,1.0,,AWVNRCIA,,False,False,12.0,5.0,7.0,601.0,544.0,703.0,613.0,485.0,23.0,True,False,True,True,False,False,1.0,both,0.0032814440495053743,0.00319984165732005,0.0030508024936994295,0.003271656350878339,0.0023126105291797036,0.0029647685962263513,-2.4839349963128114,-2.494871512009339,-2.5155859072946454,-2.485232320145943,-2.635897501371328,-2.528009198186348,A,non-synonymous,-0.0006614404316265075,-0.07152735750542637,-0.0063117925070355786,-0.012842645109066972,-0.08018383881574692,0.07228658012733848,-0.012842645109066972
563,ortho,gcttgggttaatagatgtattgct,2.0,gtt,2.0,,AWVNRCIA,,False,False,12.0,5.0,7.0,601.0,544.0,703.0,613.0,485.0,23.0,True,False,True,True,False,False,1.0,both,0.0032814440495053743,0.00319984165732005,0.0030508024936994295,0.003271656350878339,0.0023126105291797036,0.0029647685962263513,-2.4839349963128114,-2.494871512009339,-2.5155859072946454,-2.485232320145943,-2.635897501371328,-2.528009198186348,V,synonymous,-0.0006614404316265075,-0.07152735750542637,-0.0063117925070355786,-0.012842645109066972,-0.08018383881574692,0.07228658012733848,-0.012842645109066972
564,ortho,gcttgggttaatagatgtattgct,3.0,aat,3.0,,AWVNRCIA,,False,False,12.0,5.0,7.0,601.0,544.0,703.0,613.0,485.0,23.0,True,False,True,True,False,False,1.0,both,0.0032814440495053743,0.00319984165732005,0.0030508024936994295,0.003271656350878339,0.0023126105291797036,0.0029647685962263513,-2.4839349963128114,-2.494871512009339,-2.5155859072946454,-2.485232320145943,-2.635897501371328,-2.528009198186348,N,non-synonymous,-0.0006614404316265075,-0.07152735750542637,-0.0063117925070355786,-0.012842645109066972,-0.08018383881574692,0.07228658012733848,-0.012842645109066972
565,ortho,gcttgggttaatagatgtattgct,4.0,aga,4.0,,AWVNRCIA,,False,False,12.0,5.0,7.0,601.0,544.0,703.0,613.0,485.0,23.0,True,False,True,True,False,False,1.0,both,0.0032814440495053743,0.00319984165732005,0.0030508024936994295,0.003271656350878339,0.0023126105291797036,0.0029647685962263513,-2.4839349963128114,-2.494871512009339,-2.5155859072946454,-2.485232320145943,-2.635897501371328,-2.528009198186348,R,synonymous,-0.0006614404316265075,-0.07152735750542637,-0.0063117925070355786,-0.012842645109066972,-0.08018383881574692,0.07228658012733848,-0.012842645109066972
566,ortho,gcttgggttaatagatgtattgct,5.0,tgt,5.0,,AWVNRCIA,,False,False,12.0,5.0,7.0,601.0,544.0,703.0,613.0,485.0,23.0,True,False,True,True,False,False,1.0,both,0.0032814440495053743,0.00319984165732005,0.0030508024936994295,0.003271656350878339,0.0023126105291797036,0.0029647685962263513,-2.4839349963128114,-2.494871512009339,-2.5155859072946454,-2.485232320145943,-2.635897501371328,-2.528009198186348,C,non-synonymous,-0.0006614404316265075,-0.07152735750542637,-0.0063117925070355786,-0.012842645109066972,-0.08018383881574692,0.07228658012733848,-0.012842645109066972
567,ortho,gcttgggttaatagatgtattgct,6.0,att,6.0,,AWVNRCIA,,False,False,12.0,5.0,7.0,601.0,544.0,703.0,613.0,485.0,23.0,True,False,True,True,False,False,1.0,both,0.0032814440495053743,0.00319984165732005,0.0030508024936994295,0.003271656350878339,0.0023126105291797036,0.0029647685962263513,-2.4839349963128114,-2.494871512009339,-2.5155859072946454,-2.485232320145943,-2.635897501371328,-2.528009198186348,I,non-synonymous,-0.0006614404316265075,-0.07152735750542637,-0.0063117925070355786,-0.012842645109066972,-0.08018383881574692,0.07228658012733848,-0.012842645109066972
568,ortho,gcttgggttaatagatgtattgct,7.0,gct,7.0,,AWVNRCIA,,False,False,12.0,5.0,7.0,601.0,544.0,703.0,613.0,485.0,23.0,True,False,True,True,False,False,1.0,both,0.0032814440495053743,0.00319984165732005,0.0030508024936994295,0.003271656350878339,0.0023126105291797036,0.0029647685962263513,-2.4839349963128114,-2.494871512009339,-2.5155859072946454,-2.485232320145943,-2.635897501371328,-2.528009198186348,A,non-synonymous,-0.0006614404316265075,-0.07152735750542637,-0.0063117925070355786,-0.012842645109066972,-0.08018383881574692,0.07228658012733848,-0.012842645109066972
569,ortho,ggtgttattttgaatcaacaattt,0.0,ggt,1.0,,GVILNQQF,,False,False,16.0,8.0,8.0,15.0,9.0,9.0,21.0,17.0,3.0,True,False,True,True,False,False,2.0,both,0.0001124148858721254,0.00011215939829781619,0.0003979307600477517,8.165531657766238e-05,3.8260100666575976e-05,3.795578572693764e-05,-3.9491761760973074,-3.9501643292333286,-3.400192488592576,-4.088015533093001,-4.417253891630183,-4.420722013766847,G,non-synonymous,-0.07078723281935322,-0.23690443348605916,-0.518491490407404,-0.08296843749679368,-0.2455609147963797,-0.43989311777303,-0.2455609147963797
570,ortho,ggtgttattttgaatcaacaattt,1.0,gtt,2.0,,GVILNQQF,,False,False,16.0,8.0,8.0,15.0,9.0,9.0,21.0,17.0,3.0,True,False,True,True,False,False,2.0,both,0.0001124148858721254,0.00011215939829781619,0.0003979307600477517,8.165531657766238e-05,3.8260100666575976e-05,3.795578572693764e-05,-3.9491761760973074,-3.9501643292333286,-3.400192488592576,-4.088015533093001,-4.417253891630183,-4.420722013766847,V,non-synonymous,-0.07078723281935322,-0.23690443348605916,-0.518491490407404,-0.08296843749679368,-0.2455609147963797,-0.43989311777303,-0.2455609147963797
571,ortho,ggtgttattttgaatcaacaattt,2.0,att,3.0,,GVILNQQF,,False,False,16.0,8.0,8.0,15.0,9.0,9.0,21.0,17.0,3.0,True,False,True,True,False,False,2.0,both,0.0001124148858721254,0.00011215939829781619,0.0003979307600477517,8.165531657766238e-05,3.8260100666575976e-05,3.795578572693764e-05,-3.9491761760973074,-3.9501643292333286,-3.400192488592576,-4.088015533093001,-4.417253891630183,-4.420722013766847,I,non-synonymous,-0.07078723281935322,-0.23690443348605916,-0.518491490407404,-0.08296843749679368,-0.2455609147963797,-0.43989311777303,-0.2455609147963797
572,ortho,ggtgttattttgaatcaacaattt,3.0,ttg,4.0,,GVILNQQF,,False,False,16.0,8.0,8.0,15.0,9.0,9.0,21.0,17.0,3.0,True,False,True,True,False,False,2.0,both,0.0001124148858721254,0.00011215939829781619,0.0003979307600477517,8.165531657766238e-05,3.8260100666575976e-05,3.795578572693764e-05,-3.9491761760973074,-3.9501643292333286,-3.400192488592576,-4.088015533093001,-4.417253891630183,-4.420722013766847,L,non-synonymous,-0.07078723281935322,-0.23690443348605916,-0.518491490407404,-0.08296843749679368,-0.2455609147963797,-0.43989311777303,-0.2455609147963797
573,ortho,ggtgttattttgaatcaacaattt,4.0,aat,5.0,,GVILNQQF,,False,False,16.0,8.0,8.0,15.0,9.0,9.0,21.0,17.0,3.0,True,False,True,True,False,False,2.0,both,0.0001124148858721254,0.00011215939829781619,0.0003979307600477517,8.165531657766238e-05,3.8260100666575976e-05,3.795578572693764e-05,-3.9491761760973074,-3.9501643292333286,-3.400192488592576,-4.088015533093001,-4.417253891630183,-4.420722013766847,N,non-synonymous,-0.07078723281935322,-0.23690443348605916,-0.518491490407404,-0.08296843749679368,-0.2455609147963797,-0.43989311777303,-0.2455609147963797
574,ortho,ggtgttattttgaatcaacaattt,5.0,caa,6.0,,GVILNQQF,,False,False,16.0,8.0,8.0,15.0,9.0,9.0,21.0,17.0,3.0,True,False,True,True,False,False,2.0,both,0.0001124148858721254,0.00011215939829781619,0.0003979307600477517,8.165531657766238e-05,3.8260100666575976e-05,3.795578572693764e-05,-3.9491761760973074,-3.9501643292333286,-3.400192488592576,-4.088015533093001,-4.417253891630183,-4.420722013766847,Q,non-synonymous,-0.07078723281935322,-0.23690443348605916,-0.518491490407404,-0.08296843749679368,-0.2455609147963797,-0.43989311777303,-0.2455609147963797
575,ortho,ggtgttattttgaatcaacaattt,6.0,caa,7.0,,GVILNQQF,,False,False,16.0,8.0,8.0,15.0,9.0,9.0,21.0,17.0,3.0,True,False,True,True,False,False,2.0,both,0.0001124148858721254,0.00011215939829781619,0.0003979307600477517,8.165531657766238e-05,3.8260100666575976e-05,3.795578572693764e-05,-3.9491761760973074,-3.9501643292333286,-3.400192488592576,-4.088015533093001,-4.417253891630183,-4.420722013766847,Q,non-synonymous,-0.07078723281935322,-0.23690443348605916,-0.518491490407404,-0.08296843749679368,-0.2455609147963797,-0.43989311777303,-0.2455609147963797
576,ortho,ggtgttattttgaatcaacaattt,7.0,ttt,8.0,,GVILNQQF,,False,False,16.0,8.0,8.0,15.0,9.0,9.0,21.0,17.0,3.0,True,False,True,True,False,False,2.0,both,0.0001124148858721254,0.00011215939829781619,0.0003979307600477517,8.165531657766238e-05,3.8260100666575976e-05,3.795578572693764e-05,-3.9491761760973074,-3.9501643292333286,-3.400192488592576,-4.088015533093001,-4.417253891630183,-4.420722013766847,F,non-synonymous,-0.07078723281935322,-0.23690443348605916,-0.518491490407404,-0.08296843749679368,-0.2455609147963797,-0.43989311777303,-0.2455609147963797
577,ortho,ggttgggttcaaagatgtgttttg,0.0,ggt,1.0,,GWVQRCVL,,False,False,10.0,4.0,6.0,468.0,429.0,480.0,595.0,394.0,20.0,True,False,True,True,False,False,1.0,both,0.003185088433043553,0.0025994589958435047,0.002652871733651678,0.002547645877223066,0.0018237314651067882,0.002024308572103341,-2.496878505102677,-2.5851170287860286,-2.576283747648257,-2.593860939074559,-2.7390391088847834,-2.693723285830585,G,non-synonymous,-0.04944648463884806,-0.07806816106031862,-0.05966647674844496,-0.06162768931628852,-0.08672464237063918,0.01893189588592909,-0.06162768931628852
578,ortho,ggttgggttcaaagatgtgttttg,2.0,gtt,2.0,,GWVQRCVL,,False,False,10.0,4.0,6.0,468.0,429.0,480.0,595.0,394.0,20.0,True,False,True,True,False,False,1.0,both,0.003185088433043553,0.0025994589958435047,0.002652871733651678,0.002547645877223066,0.0018237314651067882,0.002024308572103341,-2.496878505102677,-2.5851170287860286,-2.576283747648257,-2.593860939074559,-2.7390391088847834,-2.693723285830585,V,synonymous,-0.04944648463884806,-0.07806816106031862,-0.05966647674844496,-0.06162768931628852,-0.08672464237063918,0.01893189588592909,-0.06162768931628852
579,ortho,ggttgggttcaaagatgtgttttg,3.0,caa,3.0,,GWVQRCVL,,False,False,10.0,4.0,6.0,468.0,429.0,480.0,595.0,394.0,20.0,True,False,True,True,False,False,1.0,both,0.003185088433043553,0.0025994589958435047,0.002652871733651678,0.002547645877223066,0.0018237314651067882,0.002024308572103341,-2.496878505102677,-2.5851170287860286,-2.576283747648257,-2.593860939074559,-2.7390391088847834,-2.693723285830585,Q,non-synonymous,-0.04944648463884806,-0.07806816106031862,-0.05966647674844496,-0.06162768931628852,-0.08672464237063918,0.01893189588592909,-0.06162768931628852
580,ortho,ggttgggttcaaagatgtgttttg,4.0,aga,4.0,,GWVQRCVL,,False,False,10.0,4.0,6.0,468.0,429.0,480.0,595.0,394.0,20.0,True,False,True,True,False,False,1.0,both,0.003185088433043553,0.0025994589958435047,0.002652871733651678,0.002547645877223066,0.0018237314651067882,0.002024308572103341,-2.496878505102677,-2.5851170287860286,-2.576283747648257,-2.593860939074559,-2.7390391088847834,-2.693723285830585,R,synonymous,-0.04944648463884806,-0.07806816106031862,-0.05966647674844496,-0.06162768931628852,-0.08672464237063918,0.01893189588592909,-0.06162768931628852
581,ortho,ggttgggttcaaagatgtgttttg,5.0,tgt,5.0,,GWVQRCVL,,False,False,10.0,4.0,6.0,468.0,429.0,480.0,595.0,394.0,20.0,True,False,True,True,False,False,1.0,both,0.003185088433043553,0.0025994589958435047,0.002652871733651678,0.002547645877223066,0.0018237314651067882,0.002024308572103341,-2.496878505102677,-2.5851170287860286,-2.576283747648257,-2.593860939074559,-2.7390391088847834,-2.693723285830585,C,non-synonymous,-0.04944648463884806,-0.07806816106031862,-0.05966647674844496,-0.06162768931628852,-0.08672464237063918,0.01893189588592909,-0.06162768931628852
582,ortho,ggttgggttcaaagatgtgttttg,6.0,gtt,6.0,,GWVQRCVL,,False,False,10.0,4.0,6.0,468.0,429.0,480.0,595.0,394.0,20.0,True,False,True,True,False,False,1.0,both,0.003185088433043553,0.0025994589958435047,0.002652871733651678,0.002547645877223066,0.0018237314651067882,0.002024308572103341,-2.496878505102677,-2.5851170287860286,-2.576283747648257,-2.593860939074559,-2.7390391088847834,-2.693723285830585,V,non-synonymous,-0.04944648463884806,-0.07806816106031862,-0.05966647674844496,-0.06162768931628852,-0.08672464237063918,0.01893189588592909,-0.06162768931628852
583,ortho,ggttgggttgaaagatgtgttttg,0.0,ggt,1.0,,GWVERCVL,,False,False,10.0,4.0,6.0,200.0,215.0,232.0,235.0,212.0,9.0,True,False,True,True,False,False,2.0,both,0.0012579761038071175,0.0013986936728904136,0.001193792280143255,0.0010887375543688317,0.0009139912937015372,0.0009784158098499482,-2.9003276085594902,-2.8542773896828515,-2.9230712338729137,-2.9630767964847013,-3.0390579411539025,-3.009476538315272,G,non-synonymous,-0.031992667432369504,-0.09371935360931498,-0.04389918564264342,-0.04417387210980997,-0.10237583491963553,0.034699186991730635,-0.04417387210980997
584,ortho,ggttgggttgaaagatgtgttttg,2.0,gtt,2.0,,GWVERCVL,,False,False,10.0,4.0,6.0,200.0,215.0,232.0,235.0,212.0,9.0,True,False,True,True,False,False,2.0,both,0.0012579761038071175,0.0013986936728904136,0.001193792280143255,0.0010887375543688317,0.0009139912937015372,0.0009784158098499482,-2.9003276085594902,-2.8542773896828515,-2.9230712338729137,-2.9630767964847013,-3.0390579411539025,-3.009476538315272,V,synonymous,-0.031992667432369504,-0.09371935360931498,-0.04389918564264342,-0.04417387210980997,-0.10237583491963553,0.034699186991730635,-0.04417387210980997
585,ortho,ggttgggttgaaagatgtgttttg,3.0,gaa,3.0,,GWVERCVL,,False,False,10.0,4.0,6.0,200.0,215.0,232.0,235.0,212.0,9.0,True,False,True,True,False,False,2.0,both,0.0012579761038071175,0.0013986936728904136,0.001193792280143255,0.0010887375543688317,0.0009139912937015372,0.0009784158098499482,-2.9003276085594902,-2.8542773896828515,-2.9230712338729137,-2.9630767964847013,-3.0390579411539025,-3.009476538315272,E,non-synonymous,-0.031992667432369504,-0.09371935360931498,-0.04389918564264342,-0.04417387210980997,-0.10237583491963553,0.034699186991730635,-0.04417387210980997
586,ortho,ggttgggttgaaagatgtgttttg,4.0,aga,4.0,,GWVERCVL,,False,False,10.0,4.0,6.0,200.0,215.0,232.0,235.0,212.0,9.0,True,False,True,True,False,False,2.0,both,0.0012579761038071175,0.0013986936728904136,0.001193792280143255,0.0010887375543688317,0.0009139912937015372,0.0009784158098499482,-2.9003276085594902,-2.8542773896828515,-2.9230712338729137,-2.9630767964847013,-3.0390579411539025,-3.009476538315272,R,synonymous,-0.031992667432369504,-0.09371935360931498,-0.04389918564264342,-0.04417387210980997,-0.10237583491963553,0.034699186991730635,-0.04417387210980997
587,ortho,ggttgggttgaaagatgtgttttg,5.0,tgt,5.0,,GWVERCVL,,False,False,10.0,4.0,6.0,200.0,215.0,232.0,235.0,212.0,9.0,True,False,True,True,False,False,2.0,both,0.0012579761038071175,0.0013986936728904136,0.001193792280143255,0.0010887375543688317,0.0009139912937015372,0.0009784158098499482,-2.9003276085594902,-2.8542773896828515,-2.9230712338729137,-2.9630767964847013,-3.0390579411539025,-3.009476538315272,C,non-synonymous,-0.031992667432369504,-0.09371935360931498,-0.04389918564264342,-0.04417387210980997,-0.10237583491963553,0.034699186991730635,-0.04417387210980997
588,ortho,ggttgggttgaaagatgtgttttg,6.0,gtt,6.0,,GWVERCVL,,False,False,10.0,4.0,6.0,200.0,215.0,232.0,235.0,212.0,9.0,True,False,True,True,False,False,2.0,both,0.0012579761038071175,0.0013986936728904136,0.001193792280143255,0.0010887375543688317,0.0009139912937015372,0.0009784158098499482,-2.9003276085594902,-2.8542773896828515,-2.9230712338729137,-2.9630767964847013,-3.0390579411539025,-3.009476538315272,V,non-synonymous,-0.031992667432369504,-0.09371935360931498,-0.04389918564264342,-0.04417387210980997,-0.10237583491963553,0.034699186991730635,-0.04417387210980997
589,single,tagtgggtgagacgttatacattg,0.0,tag,1.0,,*WVRRYTL,,True,False,2.0,1.0,1.0,4.0,11.0,4.0,514.0,375.0,22.0,True,False,True,True,False,False,1.0,both,0.0027514881589653546,0.0024741043742165336,0.002918158907016846,2.1774751087376632e-05,4.6762345259148417e-05,1.6869238100861175e-05,-2.560432351835951,-2.606581982883884,-2.5348910624900323,-4.66204680082072,-4.3301037159112825,-4.7729045318782095,*,stop,-1.071507924812814,-0.8741577047205645,-1.1370478860930229,-1.0836891294902546,-0.8828141860308851,-1.058449513458649,-1.058449513458649
590,single,tattgggtgagacgttatacattg,0.0,tat,1.0,,YWVRRYTL,,False,False,1.0,1.0,1.0,2.0,12.0,2.0,40.0,30.0,3.0,True,False,True,True,False,False,2.0,both,0.0002141235921373817,0.00019792834993732268,0.0003979307600477517,1.0887375543688316e-05,5.101346755543464e-05,8.434619050430587e-06,-3.6693354795032644,-3.70349199589194,-3.400192488592576,-4.963076796484701,-4.292315155021883,-5.073934527542191,Y,non-synonymous,-0.6596138861117162,-0.2986468295744778,-0.8503634465492993,-0.6717950907891567,-0.30730331088479834,-0.7717650739149252,-0.6717950907891567
591,single,tcttgggtgagacgttatacattg,0.0,tct,1.0,,SWVRRYTL,,False,False,2.0,1.0,1.0,1716.0,2371.0,2315.0,1717.0,1546.0,77.0,True,False,True,True,False,False,1.0,both,0.00919125519249711,0.010199907633436697,0.01021355617455896,0.009341368216484576,0.010079410964494627,0.009763071550873404,-2.03662517567031,-1.9914037610292965,-1.9908230181397566,-2.029589508635996,-1.9965648470913195,-2.0104135278522,S,non-synonymous,0.003587134161193861,-0.00261766536469405,-0.009953178549058648,-0.008594070516246603,-0.011274146675014599,0.0686451940853154,-0.008594070516246603
592,ortho,tcttggttgaaaagatgtgttatt,0.0,tct,1.0,,SWLKRCVI,,False,False,12.0,6.0,7.0,373.0,385.0,390.0,431.0,297.0,10.0,True,False,True,True,False,False,2.0,both,0.002307181705280288,0.0019594906643794945,0.001326435866825839,0.002030495538897871,0.0016366820840701946,0.0016447507148339645,-2.636918200670495,-2.7078568012943904,-2.8773137433122384,-2.6923979603399952,-2.786035671561007,-2.783899916179673,S,non-synonymous,-0.02828635013491501,-0.03965175517100717,0.0474599443326764,-0.04046755481235548,-0.04830823648132772,0.12605831696705044,-0.04046755481235548
593,ortho,tcttggttgaaaagatgtgttatt,2.0,ttg,2.0,,SWLKRCVI,,False,False,12.0,6.0,7.0,373.0,385.0,390.0,431.0,297.0,10.0,True,False,True,True,False,False,2.0,both,0.002307181705280288,0.0019594906643794945,0.001326435866825839,0.002030495538897871,0.0016366820840701946,0.0016447507148339645,-2.636918200670495,-2.7078568012943904,-2.8773137433122384,-2.6923979603399952,-2.786035671561007,-2.783899916179673,L,non-synonymous,-0.02828635013491501,-0.03965175517100717,0.0474599443326764,-0.04046755481235548,-0.04830823648132772,0.12605831696705044,-0.04046755481235548
594,ortho,tcttggttgaaaagatgtgttatt,3.0,aaa,3.0,,SWLKRCVI,,False,False,12.0,6.0,7.0,373.0,385.0,390.0,431.0,297.0,10.0,True,False,True,True,False,False,2.0,both,0.002307181705280288,0.0019594906643794945,0.001326435866825839,0.002030495538897871,0.0016366820840701946,0.0016447507148339645,-2.636918200670495,-2.7078568012943904,-2.8773137433122384,-2.6923979603399952,-2.786035671561007,-2.783899916179673,K,non-synonymous,-0.02828635013491501,-0.03965175517100717,0.0474599443326764,-0.04046755481235548,-0.04830823648132772,0.12605831696705044,-0.04046755481235548
595,ortho,tcttggttgaaaagatgtgttatt,4.0,aga,4.0,,SWLKRCVI,,False,False,12.0,6.0,7.0,373.0,385.0,390.0,431.0,297.0,10.0,True,False,True,True,False,False,2.0,both,0.002307181705280288,0.0019594906643794945,0.001326435866825839,0.002030495538897871,0.0016366820840701946,0.0016447507148339645,-2.636918200670495,-2.7078568012943904,-2.8773137433122384,-2.6923979603399952,-2.786035671561007,-2.783899916179673,R,synonymous,-0.02828635013491501,-0.03965175517100717,0.0474599443326764,-0.04046755481235548,-0.04830823648132772,0.12605831696705044,-0.04046755481235548
596,ortho,tcttggttgaaaagatgtgttatt,5.0,tgt,5.0,,SWLKRCVI,,False,False,12.0,6.0,7.0,373.0,385.0,390.0,431.0,297.0,10.0,True,False,True,True,False,False,2.0,both,0.002307181705280288,0.0019594906643794945,0.001326435866825839,0.002030495538897871,0.0016366820840701946,0.0016447507148339645,-2.636918200670495,-2.7078568012943904,-2.8773137433122384,-2.6923979603399952,-2.786035671561007,-2.783899916179673,C,non-synonymous,-0.02828635013491501,-0.03965175517100717,0.0474599443326764,-0.04046755481235548,-0.04830823648132772,0.12605831696705044,-0.04046755481235548
597,ortho,tcttggttgaaaagatgtgttatt,6.0,gtt,6.0,,SWLKRCVI,,False,False,12.0,6.0,7.0,373.0,385.0,390.0,431.0,297.0,10.0,True,False,True,True,False,False,2.0,both,0.002307181705280288,0.0019594906643794945,0.001326435866825839,0.002030495538897871,0.0016366820840701946,0.0016447507148339645,-2.636918200670495,-2.7078568012943904,-2.8773137433122384,-2.6923979603399952,-2.786035671561007,-2.783899916179673,V,non-synonymous,-0.02828635013491501,-0.03965175517100717,0.0474599443326764,-0.04046755481235548,-0.04830823648132772,0.12605831696705044,-0.04046755481235548
598,ortho,tcttggttgaaaagatgtgttatt,7.0,att,7.0,,SWLKRCVI,,False,False,12.0,6.0,7.0,373.0,385.0,390.0,431.0,297.0,10.0,True,False,True,True,False,False,2.0,both,0.002307181705280288,0.0019594906643794945,0.001326435866825839,0.002030495538897871,0.0016366820840701946,0.0016447507148339645,-2.636918200670495,-2.7078568012943904,-2.8773137433122384,-2.6923979603399952,-2.786035671561007,-2.783899916179673,I,non-synonymous,-0.02828635013491501,-0.03965175517100717,0.0474599443326764,-0.04046755481235548,-0.04830823648132772,0.12605831696705044,-0.04046755481235548
599,single,tggtgggtgagacgttatacattg,0.0,tgg,1.0,,WWVRRYTL,,False,False,3.0,1.0,1.0,853.0,1284.0,1177.0,747.0,635.0,24.0,True,False,True,True,False,False,1.0,both,0.003998758083165604,0.0041894834070066635,0.0031834460803820135,0.004643465669383067,0.005458441028431506,0.0049637733111784,-2.3980748690158276,-2.377839525319627,-2.4971025016006325,-2.33315776098116,-2.262931377336673,-2.3041880603627374,W,non-synonymous,0.033097981291800964,0.058280578056901726,0.09801234916889551,0.020916776614360498,0.04962409674658118,0.17661072180326956,0.04962409674658118
600,ortho,ttgtggattaaaagaactattatt,0.0,ttg,1.0,,LWIKRTII,,False,False,14.0,6.0,7.0,23.0,19.0,19.0,23.0,27.0,2.0,True,False,True,True,False,False,2.0,both,0.00012312106547899448,0.00017813551494359043,0.00026528717336516777,0.00012520481875241563,8.077132362943817e-05,8.012888097909058e-05,-3.909667634813634,-3.7492494864526154,-3.576283747648257,-3.9023789561310895,-4.092742800116679,-4.096210922253343,L,non-synonymous,0.0037161321257249656,-0.17421731383219247,-0.2641548421818241,-0.008465072551715499,-0.182873795142513,-0.18555646954745006,-0.182873795142513
601,ortho,ttgtggattaaaagaactattatt,2.0,att,2.0,,LWIKRTII,,False,False,14.0,6.0,7.0,23.0,19.0,19.0,23.0,27.0,2.0,True,False,True,True,False,False,2.0,both,0.00012312106547899448,0.00017813551494359043,0.00026528717336516777,0.00012520481875241563,8.077132362943817e-05,8.012888097909058e-05,-3.909667634813634,-3.7492494864526154,-3.576283747648257,-3.9023789561310895,-4.092742800116679,-4.096210922253343,I,non-synonymous,0.0037161321257249656,-0.17421731383219247,-0.2641548421818241,-0.008465072551715499,-0.182873795142513,-0.18555646954745006,-0.182873795142513
602,ortho,ttgtggattaaaagaactattatt,3.0,aaa,3.0,,LWIKRTII,,False,False,14.0,6.0,7.0,23.0,19.0,19.0,23.0,27.0,2.0,True,False,True,True,False,False,2.0,both,0.00012312106547899448,0.00017813551494359043,0.00026528717336516777,0.00012520481875241563,8.077132362943817e-05,8.012888097909058e-05,-3.909667634813634,-3.7492494864526154,-3.576283747648257,-3.9023789561310895,-4.092742800116679,-4.096210922253343,K,non-synonymous,0.0037161321257249656,-0.17421731383219247,-0.2641548421818241,-0.008465072551715499,-0.182873795142513,-0.18555646954745006,-0.182873795142513
603,ortho,ttgtggattaaaagaactattatt,4.0,aga,4.0,,LWIKRTII,,False,False,14.0,6.0,7.0,23.0,19.0,19.0,23.0,27.0,2.0,True,False,True,True,False,False,2.0,both,0.00012312106547899448,0.00017813551494359043,0.00026528717336516777,0.00012520481875241563,8.077132362943817e-05,8.012888097909058e-05,-3.909667634813634,-3.7492494864526154,-3.576283747648257,-3.9023789561310895,-4.092742800116679,-4.096210922253343,R,synonymous,0.0037161321257249656,-0.17421731383219247,-0.2641548421818241,-0.008465072551715499,-0.182873795142513,-0.18555646954745006,-0.182873795142513
604,ortho,ttgtggattaaaagaactattatt,5.0,act,5.0,,LWIKRTII,,False,False,14.0,6.0,7.0,23.0,19.0,19.0,23.0,27.0,2.0,True,False,True,True,False,False,2.0,both,0.00012312106547899448,0.00017813551494359043,0.00026528717336516777,0.00012520481875241563,8.077132362943817e-05,8.012888097909058e-05,-3.909667634813634,-3.7492494864526154,-3.576283747648257,-3.9023789561310895,-4.092742800116679,-4.096210922253343,T,non-synonymous,0.0037161321257249656,-0.17421731383219247,-0.2641548421818241,-0.008465072551715499,-0.182873795142513,-0.18555646954745006,-0.182873795142513
605,ortho,ttgtggattaaaagaactattatt,6.0,att,6.0,,LWIKRTII,,False,False,14.0,6.0,7.0,23.0,19.0,19.0,23.0,27.0,2.0,True,False,True,True,False,False,2.0,both,0.00012312106547899448,0.00017813551494359043,0.00026528717336516777,0.00012520481875241563,8.077132362943817e-05,8.012888097909058e-05,-3.909667634813634,-3.7492494864526154,-3.576283747648257,-3.9023789561310895,-4.092742800116679,-4.096210922253343,I,non-synonymous,0.0037161321257249656,-0.17421731383219247,-0.2641548421818241,-0.008465072551715499,-0.182873795142513,-0.18555646954745006,-0.182873795142513
606,ortho,ttgtggattaaaagaactattatt,7.0,att,7.0,,LWIKRTII,,False,False,14.0,6.0,7.0,23.0,19.0,19.0,23.0,27.0,2.0,True,False,True,True,False,False,2.0,both,0.00012312106547899448,0.00017813551494359043,0.00026528717336516777,0.00012520481875241563,8.077132362943817e-05,8.012888097909058e-05,-3.909667634813634,-3.7492494864526154,-3.576283747648257,-3.9023789561310895,-4.092742800116679,-4.096210922253343,I,non-synonymous,0.0037161321257249656,-0.17421731383219247,-0.2641548421818241,-0.008465072551715499,-0.182873795142513,-0.18555646954745006,-0.182873795142513
607,single,ttgtgggtgagacgttatacattg,0.0,ttg,1.0,,LWVRRYTL,,False,False,3.0,1.0,1.0,2356.0,3445.0,3346.0,2282.0,1899.0,102.0,True,False,True,True,False,False,1.0,both,0.012215750931437626,0.012528864551032526,0.013529645841623557,0.012825328390464836,0.014645116310706027,0.014111117671370372,-1.9130798307490309,-1.9020882858745851,-1.868713571550321,-1.8919315060336186,-1.834307174825863,-1.8504385865797963,L,non-synonymous,0.010782471323427334,0.03437808721662271,0.009284811424659282,-0.0013987333540131305,0.02572160590630216,0.08788318405903334,0.02572160590630216
608,WT,gattgggtgagacgttatacattg,0.0,gat,,,DWVRRYTL,True,,,,0.0,,,,,,,,,,,,,,1.0,,0.019795726093100936,0.020182094081942336,0.018835389308926913,0.021943505408303803,0.02376377363623997,0.024266399008088798,,,,,,,D,synonymous,0.022807916221064903,0.03598490900352698,0.05590235018220914,0.01062671154362444,0.027328427693206432,0.1345007228165832,0.027328427693206432
609,WT,gattgggtgagacgttatacattg,1.0,tgg,,,DWVRRYTL,True,,,,0.0,,,,,,,,,,,,,,1.0,,0.019795726093100936,0.020182094081942336,0.018835389308926913,0.021943505408303803,0.02376377363623997,0.024266399008088798,,,,,,,W,synonymous,0.022807916221064903,0.03598490900352698,0.05590235018220914,0.01062671154362444,0.027328427693206432,0.1345007228165832,0.027328427693206432
610,WT,gattgggtgagacgttatacattg,2.0,gtg,,,DWVRRYTL,True,,,,0.0,,,,,,,,,,,,,,1.0,,0.019795726093100936,0.020182094081942336,0.018835389308926913,0.021943505408303803,0.02376377363623997,0.024266399008088798,,,,,,,V,synonymous,0.022807916221064903,0.03598490900352698,0.05590235018220914,0.01062671154362444,0.027328427693206432,0.1345007228165832,0.027328427693206432
611,WT,gattgggtgagacgttatacattg,3.0,aga,,,DWVRRYTL,True,,,,0.0,,,,,,,,,,,,,,1.0,,0.019795726093100936,0.020182094081942336,0.018835389308926913,0.021943505408303803,0.02376377363623997,0.024266399008088798,,,,,,,R,synonymous,0.022807916221064903,0.03598490900352698,0.05590235018220914,0.01062671154362444,0.027328427693206432,0.1345007228165832,0.027328427693206432
612,WT,gattgggtgagacgttatacattg,4.0,cgt,,,DWVRRYTL,True,,,,0.0,,,,,,,,,,,,,,1.0,,0.019795726093100936,0.020182094081942336,0.018835389308926913,0.021943505408303803,0.02376377363623997,0.024266399008088798,,,,,,,R,synonymous,0.022807916221064903,0.03598490900352698,0.05590235018220914,0.01062671154362444,0.027328427693206432,0.1345007228165832,0.027328427693206432
613,WT,gattgggtgagacgttatacattg,5.0,tat,,,DWVRRYTL,True,,,,0.0,,,,,,,,,,,,,,1.0,,0.019795726093100936,0.020182094081942336,0.018835389308926913,0.021943505408303803,0.02376377363623997,0.024266399008088798,,,,,,,Y,synonymous,0.022807916221064903,0.03598490900352698,0.05590235018220914,0.01062671154362444,0.027328427693206432,0.1345007228165832,0.027328427693206432
614,WT,gattgggtgagacgttatacattg,6.0,aca,,,DWVRRYTL,True,,,,0.0,,,,,,,,,,,,,,1.0,,0.019795726093100936,0.020182094081942336,0.018835389308926913,0.021943505408303803,0.02376377363623997,0.024266399008088798,,,,,,,T,synonymous,0.022807916221064903,0.03598490900352698,0.05590235018220914,0.01062671154362444,0.027328427693206432,0.1345007228165832,0.027328427693206432
615,WT,gattgggtgagacgttatacattg,7.0,ttg,,,DWVRRYTL,True,,,,0.0,,,,,,,,,,,,,,1.0,,0.019795726093100936,0.020182094081942336,0.018835389308926913,0.021943505408303803,0.02376377363623997,0.024266399008088798,,,,,,,L,synonymous,0.022807916221064903,0.03598490900352698,0.05590235018220914,0.01062671154362444,0.027328427693206432,0.1345007228165832,0.027328427693206432
