,total_readcount,WT,WT_%,single_mut_readcount,single_mut_readcount_%,ortho_mut_readcount,ortho_mut_readcount_%,double_mut_readcount,double_mut_readcount_%
input1,200299.0,6358.0,3.2,164949.0,82.39999999999999,28992.0,14.499999999999998,0.0,0.0
input2,171995.0,5192.0,3.0,142215.0,82.69999999999999,24588.0,14.299999999999999,0.0,0.0
b1,103690.0,89.0,0.1,81366.0,78.5,22235.0,21.4,0.0,0.0
b2,113065.0,67.0,0.1,88341.0,78.10000000000001,24657.0,21.8,0.0,0.0
b3,156725.0,112.0,0.1,127012.0,81.0,29601.0,18.9,0.0,0.0
