,seq_type,nt_seq,aa_pos,alt_codons,mutated_codon,combination,aa_seq,WT,STOP,STOP_readthrough,Nham_nt,Nham_aa,Nmut_codons,b1,b2,b3,input1,input2,barcode_valid,indel,constant_region,permitted,too_many_substitutions,mixed_substitutions,confidence_score,Location,input1_abundance,input2_abundance,b1_abundance,b2_abundance,b3_abundance,input1_log10,input2_log10,b1_log10,b2_log10,b3_log10,alt_aa,mutation_type,Log2FC_1,Log2FC_2,selcoeff_1,selcoeff_2,median_s
0,single,aagttagttttatctttgagagatcca,0.0,aag,1.0,,KLVLSLRDP,,False,False,3.0,1.0,1.0,519.0,280.0,520.0,384.0,344.0,True,False,True,True,False,False,1.0,both,0.0019141140991451287,0.0019963902478657776,0.002344766517276276,0.0022794991614699515,0.002664657924538937,-2.718032177764928,-2.6997545602787785,-2.6299003961501293,-2.6421605632203167,-2.5743585356132126,K,non-synonymous,0.05006736025783602,0.03311853473991603,0.07748461892267616,0.04985022748909221,0.06366742320588419
1,single,aatttagttttatctttgagagatcca,0.0,aat,1.0,,NLVLSLRDP,,False,False,2.0,1.0,1.0,10.0,11.0,82.0,36.0,42.0,True,False,True,True,False,False,1.0,both,0.00017944819679485582,0.00024374532096035656,4.517854561225965e-05,8.95517527720338e-05,0.0004201960573311401,-3.7460609013651713,-3.613063712452408,-4.345067753998587,-4.047925909404311,-3.376548026864295,N,non-synonymous,-0.34029372081448717,-0.25006076175280617,-0.31287646214964704,-0.23332906900362999,-0.2731027655766385
2,single,acgttagttttatctttgagagatcca,0.0,acg,1.0,,TLVLSLRDP,,False,False,3.0,1.0,1.0,12.0,6.0,16.0,52.0,26.0,True,False,True,True,False,False,1.0,both,0.00025920295092590284,0.00015088996059450644,5.421425473471158e-05,4.8846410602927526e-05,8.198947460119807e-05,-3.5863600584976596,-3.8213396548794907,-4.265886507950962,-4.311167344178893,-4.086241896592087,T,non-synonymous,-0.3860366252234461,-0.28166781562613663,-0.358619366558606,-0.26493612287696044,-0.3117777447177832
3,single,actttagttttatctttgagagatcca,0.0,act,1.0,,TLVLSLRDP,,False,False,2.0,1.0,1.0,836.0,363.0,676.0,691.0,552.0,True,False,True,True,False,False,1.0,both,0.0034444084440345937,0.003203509932621829,0.0037769264131849068,0.0029552078414771155,0.0034640553019006184,-2.4628853547582605,-2.4943739251211094,-2.4228614765595706,-2.5294119695264237,-2.4604151833063757,T,non-synonymous,0.02273742674859373,-0.02014808400393215,0.050154685413433875,-0.0034163912547559745,0.023369147079338952
4,single,aggttagttttatctttgagagatcca,0.0,agg,1.0,,RLVLSLRDP,,False,False,3.0,1.0,1.0,84.0,29.0,63.0,50.0,53.0,True,False,True,True,False,False,1.0,both,0.00024923360665952195,0.0003075833812118785,0.00037949978314298107,0.0002360909845808164,0.0003228335562422174,-3.60339339779644,-3.5120371332495193,-3.4207884679367053,-3.62692059666358,-3.49102132979443,R,non-synonymous,0.10373722896132881,-0.06606195382234613,0.13115448762616896,-0.049330261073169956,0.040912113276499504
5,single,agtttagttttatctttgagagatcca,0.0,agt,1.0,,SLVLSLRDP,,False,False,2.0,1.0,1.0,1.0,1.0,1.0,1.0,6.0,True,False,True,True,False,False,2.0,both,4.98467213319044e-06,3.482076013719379e-05,4.517854561225965e-06,8.141068433821254e-06,5.124342162574879e-06,-5.302363402132459,-4.458161752466665,-5.345067753998587,-5.089318594562536,-5.290361879248012,S,non-synonymous,-0.024260194566403874,-0.3629369529617801,0.003157064098436274,-0.3462052602126039,-0.1715240980570838
6,single,atgttagttttatctttgagagatcca,0.0,atg,1.0,,MLVLSLRDP,,False,False,2.0,1.0,1.0,732.0,450.0,655.0,630.0,561.0,True,False,True,True,False,False,1.0,both,0.003140343443909977,0.0032557410728276197,0.003307069538817406,0.0036634807952195645,0.003356444116486546,-2.503022852678877,-2.4873501415941472,-2.480556672940195,-2.436106080787192,-2.4741205792562284,M,non-synonymous,0.012762958991458833,0.029467102384417018,0.04018021765629898,0.04619879513359319,0.043189506394946085
7,single,attttagttttatctttgagagatcca,0.0,att,1.0,,ILVLSLRDP,,False,False,1.0,1.0,1.0,765.0,379.0,634.0,670.0,509.0,True,False,True,True,False,False,1.0,both,0.0033397303292375946,0.002953961151638607,0.003456158739337863,0.0030854649364182554,0.0032488329310724736,-2.476288599431632,-2.5295952205135497,-2.4614063188449693,-2.5106793845944635,-2.4882726213662787,I,non-synonymous,0.00845457211845962,0.010877258065365757,0.035871830783299766,0.027608950814541934,0.03174039079892085
8,single,cagttagttttatctttgagagatcca,0.0,cag,1.0,,QLVLSLRDP,,False,False,3.0,1.0,1.0,1054.0,541.0,814.0,744.0,599.0,True,False,True,True,False,False,1.0,both,0.0037085960670936867,0.003476272553696514,0.0047618187075321675,0.004404318022697299,0.004171214520335952,-2.43079046658658,-2.458886180460997,-2.322227143122059,-2.3561213294559664,-2.3797374743588104,Q,non-synonymous,0.06167444850307492,0.05909333371319418,0.08909170716791506,0.07582502646237035,0.08245836681514271
9,single,catttagttttatctttgagagatcca,0.0,cat,1.0,,HLVLSLRDP,,False,False,2.0,1.0,1.0,572.0,310.0,575.0,434.0,452.0,True,False,True,True,False,False,1.0,both,0.0021633477058046508,0.002623163930335266,0.002584212809021252,0.002523731214484589,0.0029464967434805556,-2.6648736726199482,-2.5811745680389264,-2.5876717252055625,-2.5979569007282635,-2.530694034558381,H,non-synonymous,0.043858159258560715,-0.009650420123202315,0.07127541792340086,0.007081272625973861,0.03917834527468736
10,single,ccgttagttttatctttgagagatcca,0.0,ccg,1.0,,PLVLSLRDP,,False,False,3.0,1.0,1.0,96.0,50.0,79.0,43.0,72.0,True,False,True,True,False,False,1.0,both,0.0002143409017271889,0.00041784912164632553,0.00043371403787769266,0.00040705342169106276,0.00040482303084341545,-3.6688949465528724,-3.37898050641904,-3.3627965209590185,-3.3903485902265174,-3.39273478795757,P,non-synonymous,0.17389345668226536,-0.006537040277340725,0.2013107153471055,0.010194652471835451,0.10575268390947049
11,single,cctttagttttatctttgagagatcca,0.0,cct,1.0,,PLVLSLRDP,,False,False,2.0,1.0,1.0,790.0,354.0,632.0,625.0,552.0,True,False,True,True,False,False,1.0,both,0.0031154200832440248,0.003203509932621829,0.0035691051033685125,0.0028819382255727242,0.0032385842467473236,-2.5064833847883836,-2.4943739251211094,-2.4474406627081455,-2.540315332536748,-2.4896448009656265,P,non-synonymous,0.03354196616511135,-0.02641789379457422,0.060959224829951496,-0.009686201045398045,0.025636511892276725
12,single,cggttagttttatctttgagagatcca,0.0,cgg,1.0,,RLVLSLRDP,,False,False,3.0,1.0,1.0,752.0,370.0,532.0,668.0,488.0,True,False,True,True,False,False,1.0,both,0.0033297609849712137,0.0028320884911584286,0.0033974266300419256,0.003012195320513864,0.002726150030489836,-2.4775869396569132,-2.547893180847598,-2.468849913406945,-2.521116870495541,-2.5644502469529633,R,non-synonymous,0.004963474388288993,0.0153973019740446,0.03238073305312914,0.032128994723220776,0.03225486388817496
13,single,ctgttagttttatctttgagagatcca,0.0,ctg,1.0,,LLVLSLRDP,,False,False,2.0,1.0,1.0,331.0,186.0,264.0,290.0,257.0,True,False,True,True,False,False,1.0,both,0.0014455549186252275,0.0014914892258764676,0.0014954098597657944,0.0015142387286907534,0.0013528263309197683,-2.8399654042335025,-2.826379879519014,-2.825239760222868,-2.8198056503446196,-2.8687579523781803,L,non-synonymous,0.008365587421476563,0.0037804085220780625,0.03578284608631671,0.02051210127125424,0.028147473678785475
14,single,cttttagttttatctttgagagatcca,0.0,ctt,1.0,,LLVLSLRDP,,False,False,1.0,1.0,1.0,168.0,125.0,158.0,170.0,156.0,True,False,True,True,False,False,1.0,both,0.0008473942626423747,0.0009053397635670387,0.0007589995662859621,0.0010176335542276568,0.0008096460616868309,-3.071914480754185,-3.043188404495847,-3.119758472272724,-2.9924085815544794,-3.091704792293589,L,non-synonymous,-0.02718000607319307,0.0292001496000246,0.00023725259164707885,0.04593184234920078,0.02308454747042393
15,single,gagttagttttatctttgagagatcca,0.0,gag,1.0,,ELVLSLRDP,,False,False,3.0,1.0,1.0,177.0,103.0,186.0,158.0,150.0,True,False,True,True,False,False,1.0,both,0.0007875781970440894,0.0008705190034298449,0.0007996602573369958,0.0008385300486835893,0.0009531276422389276,-3.103706315178036,-3.060221743794627,-3.0970944876367805,-3.0764813698573636,-3.020848935030095,E,non-synonymous,0.003756156353647898,-0.009349845784625364,0.031173415018488047,0.007381846964550812,0.01927763099151943
16,single,gatttagttttatctttgagagatcca,0.0,gat,1.0,,DLVLSLRDP,,False,False,2.0,1.0,1.0,347.0,219.0,307.0,358.0,317.0,True,False,True,True,False,False,1.0,both,0.0017845126236821773,0.0018396968272484055,0.0015676955327454099,0.0017828939870068547,0.001573173043910488,-2.7484803754885845,-2.735253740632557,-2.8047382792077133,-2.7488744797224176,-2.803223503770825,D,non-synonymous,-0.0319599204877904,-0.007832394759352898,-0.004542661822950253,0.008899297989823278,0.0021783180834365123
17,single,gcgttagttttatctttgagagatcca,0.0,gcg,1.0,,ALVLSLRDP,,False,False,3.0,1.0,1.0,637.0,314.0,557.0,501.0,380.0,True,False,True,True,False,False,1.0,both,0.00249732073872841,0.0022053148086889404,0.00287787335550094,0.002556295488219874,0.0028542585845542077,-2.602525676265213,-2.6565294062334983,-2.5409283216632366,-2.5923889464893213,-2.5445066840742827,A,non-synonymous,0.03499324406337627,0.03688297657333074,0.06241050272821642,0.053614669322506914,0.05801258602536166
18,ortho,gctatttgttctgatttgagagaagat,0.0,gct,1.0,,AICSDLRED,,False,False,14.0,7.0,7.0,292.0,175.0,230.0,400.0,363.0,True,False,True,True,False,False,1.0,both,0.0019938688532761756,0.0021066559883002245,0.0013192135318779818,0.0014246869759187196,0.0011785986973922222,-2.7003034108044965,-2.676406377814196,-2.8796849025501685,-2.8462805458762417,-2.9286340432304185,A,non-synonymous,-0.1019060049196886,-0.0976835056380346,-0.07448874625484844,-0.08095181288885843,-0.07772027957185343
19,ortho,gctatttgttctgatttgagagaagat,1.0,att,2.0,,AICSDLRED,,False,False,14.0,7.0,7.0,292.0,175.0,230.0,400.0,363.0,True,False,True,True,False,False,1.0,both,0.0019938688532761756,0.0021066559883002245,0.0013192135318779818,0.0014246869759187196,0.0011785986973922222,-2.7003034108044965,-2.676406377814196,-2.8796849025501685,-2.8462805458762417,-2.9286340432304185,I,non-synonymous,-0.1019060049196886,-0.0976835056380346,-0.07448874625484844,-0.08095181288885843,-0.07772027957185343
20,ortho,gctatttgttctgatttgagagaagat,2.0,tgt,3.0,,AICSDLRED,,False,False,14.0,7.0,7.0,292.0,175.0,230.0,400.0,363.0,True,False,True,True,False,False,1.0,both,0.0019938688532761756,0.0021066559883002245,0.0013192135318779818,0.0014246869759187196,0.0011785986973922222,-2.7003034108044965,-2.676406377814196,-2.8796849025501685,-2.8462805458762417,-2.9286340432304185,C,non-synonymous,-0.1019060049196886,-0.0976835056380346,-0.07448874625484844,-0.08095181288885843,-0.07772027957185343
21,ortho,gctatttgttctgatttgagagaagat,3.0,tct,4.0,,AICSDLRED,,False,False,14.0,7.0,7.0,292.0,175.0,230.0,400.0,363.0,True,False,True,True,False,False,1.0,both,0.0019938688532761756,0.0021066559883002245,0.0013192135318779818,0.0014246869759187196,0.0011785986973922222,-2.7003034108044965,-2.676406377814196,-2.8796849025501685,-2.8462805458762417,-2.9286340432304185,S,non-synonymous,-0.1019060049196886,-0.0976835056380346,-0.07448874625484844,-0.08095181288885843,-0.07772027957185343
22,ortho,gctatttgttctgatttgagagaagat,4.0,gat,5.0,,AICSDLRED,,False,False,14.0,7.0,7.0,292.0,175.0,230.0,400.0,363.0,True,False,True,True,False,False,1.0,both,0.0019938688532761756,0.0021066559883002245,0.0013192135318779818,0.0014246869759187196,0.0011785986973922222,-2.7003034108044965,-2.676406377814196,-2.8796849025501685,-2.8462805458762417,-2.9286340432304185,D,non-synonymous,-0.1019060049196886,-0.0976835056380346,-0.07448874625484844,-0.08095181288885843,-0.07772027957185343
23,ortho,gctatttgttctgatttgagagaagat,7.0,gaa,6.0,,AICSDLRED,,False,False,14.0,7.0,7.0,292.0,175.0,230.0,400.0,363.0,True,False,True,True,False,False,1.0,both,0.0019938688532761756,0.0021066559883002245,0.0013192135318779818,0.0014246869759187196,0.0011785986973922222,-2.7003034108044965,-2.676406377814196,-2.8796849025501685,-2.8462805458762417,-2.9286340432304185,E,non-synonymous,-0.1019060049196886,-0.0976835056380346,-0.07448874625484844,-0.08095181288885843,-0.07772027957185343
24,ortho,gctatttgttctgatttgagagaagat,8.0,gat,7.0,,AICSDLRED,,False,False,14.0,7.0,7.0,292.0,175.0,230.0,400.0,363.0,True,False,True,True,False,False,1.0,both,0.0019938688532761756,0.0021066559883002245,0.0013192135318779818,0.0014246869759187196,0.0011785986973922222,-2.7003034108044965,-2.676406377814196,-2.8796849025501685,-2.8462805458762417,-2.9286340432304185,D,non-synonymous,-0.1019060049196886,-0.0976835056380346,-0.07448874625484844,-0.08095181288885843,-0.07772027957185343
25,single,gctttagttttatctttgagagatcca,0.0,gct,1.0,,ALVLSLRDP,,False,False,2.0,1.0,1.0,124.0,67.0,82.0,89.0,125.0,True,False,True,True,False,False,1.0,both,0.0004436358198539491,0.0007254325028582041,0.0005602139655920197,0.000545451585066024,0.0004201960573311401,-3.352973395487546,-3.139402989842252,-3.2516460688363518,-3.2632437918617097,-3.376548026864295,A,non-synonymous,0.05756370374517526,-0.07121273246128851,0.0849809624100154,-0.054481039712112336,0.015249961348951534
26,ortho,gctttgactttgtcttttagagatcca,0.0,gct,1.0,,ALTLSFRDP,,False,False,7.0,3.0,5.0,710.0,336.0,499.0,467.0,479.0,True,False,True,True,False,False,1.0,both,0.0023278418861999352,0.0027798573509526378,0.003207676738470435,0.002735398993763942,0.002557046739124865,-2.6330465215663468,-2.555977489435745,-2.493809405279512,-2.562979317172692,-2.592261333624622,A,non-synonymous,0.07910012409444561,-0.004026292443526522,0.10651738275928577,0.012705400305649654,0.05961139153246771
27,ortho,gctttgactttgtcttttagagatcca,1.0,ttg,2.0,,ALTLSFRDP,,False,False,7.0,3.0,5.0,710.0,336.0,499.0,467.0,479.0,True,False,True,True,False,False,1.0,both,0.0023278418861999352,0.0027798573509526378,0.003207676738470435,0.002735398993763942,0.002557046739124865,-2.6330465215663468,-2.555977489435745,-2.493809405279512,-2.562979317172692,-2.592261333624622,L,synonymous,0.07910012409444561,-0.004026292443526522,0.10651738275928577,0.012705400305649654,0.05961139153246771
28,ortho,gctttgactttgtcttttagagatcca,2.0,act,3.0,,ALTLSFRDP,,False,False,7.0,3.0,5.0,710.0,336.0,499.0,467.0,479.0,True,False,True,True,False,False,1.0,both,0.0023278418861999352,0.0027798573509526378,0.003207676738470435,0.002735398993763942,0.002557046739124865,-2.6330465215663468,-2.555977489435745,-2.493809405279512,-2.562979317172692,-2.592261333624622,T,non-synonymous,0.07910012409444561,-0.004026292443526522,0.10651738275928577,0.012705400305649654,0.05961139153246771
29,ortho,gctttgactttgtcttttagagatcca,3.0,ttg,4.0,,ALTLSFRDP,,False,False,7.0,3.0,5.0,710.0,336.0,499.0,467.0,479.0,True,False,True,True,False,False,1.0,both,0.0023278418861999352,0.0027798573509526378,0.003207676738470435,0.002735398993763942,0.002557046739124865,-2.6330465215663468,-2.555977489435745,-2.493809405279512,-2.562979317172692,-2.592261333624622,L,synonymous,0.07910012409444561,-0.004026292443526522,0.10651738275928577,0.012705400305649654,0.05961139153246771
30,ortho,gctttgactttgtcttttagagatcca,5.0,ttt,5.0,,ALTLSFRDP,,False,False,7.0,3.0,5.0,710.0,336.0,499.0,467.0,479.0,True,False,True,True,False,False,1.0,both,0.0023278418861999352,0.0027798573509526378,0.003207676738470435,0.002735398993763942,0.002557046739124865,-2.6330465215663468,-2.555977489435745,-2.493809405279512,-2.562979317172692,-2.592261333624622,F,non-synonymous,0.07910012409444561,-0.004026292443526522,0.10651738275928577,0.012705400305649654,0.05961139153246771
31,ortho,gctttggctttgaatattaaagatcca,0.0,gct,1.0,,ALALNIKDP,,False,False,10.0,5.0,7.0,1261.0,634.0,926.0,975.0,702.0,True,False,True,True,False,False,1.0,both,0.004860055329860678,0.004074028936051674,0.005697014601705942,0.005161437387042675,0.004745140842544338,-2.313358786433922,-2.3899758907205033,-2.244352667425505,-2.287229336680803,-2.3237508925660775,A,non-synonymous,0.039202137493262235,0.05908281232706217,0.06661939615810239,0.07581450507623834,0.07121695061717037
32,ortho,gctttggctttgaatattaaagatcca,1.0,ttg,2.0,,ALALNIKDP,,False,False,10.0,5.0,7.0,1261.0,634.0,926.0,975.0,702.0,True,False,True,True,False,False,1.0,both,0.004860055329860678,0.004074028936051674,0.005697014601705942,0.005161437387042675,0.004745140842544338,-2.313358786433922,-2.3899758907205033,-2.244352667425505,-2.287229336680803,-2.3237508925660775,L,synonymous,0.039202137493262235,0.05908281232706217,0.06661939615810239,0.07581450507623834,0.07121695061717037
33,ortho,gctttggctttgaatattaaagatcca,2.0,gct,3.0,,ALALNIKDP,,False,False,10.0,5.0,7.0,1261.0,634.0,926.0,975.0,702.0,True,False,True,True,False,False,1.0,both,0.004860055329860678,0.004074028936051674,0.005697014601705942,0.005161437387042675,0.004745140842544338,-2.313358786433922,-2.3899758907205033,-2.244352667425505,-2.287229336680803,-2.3237508925660775,A,non-synonymous,0.039202137493262235,0.05908281232706217,0.06661939615810239,0.07581450507623834,0.07121695061717037
34,ortho,gctttggctttgaatattaaagatcca,3.0,ttg,4.0,,ALALNIKDP,,False,False,10.0,5.0,7.0,1261.0,634.0,926.0,975.0,702.0,True,False,True,True,False,False,1.0,both,0.004860055329860678,0.004074028936051674,0.005697014601705942,0.005161437387042675,0.004745140842544338,-2.313358786433922,-2.3899758907205033,-2.244352667425505,-2.287229336680803,-2.3237508925660775,L,synonymous,0.039202137493262235,0.05908281232706217,0.06661939615810239,0.07581450507623834,0.07121695061717037
35,ortho,gctttggctttgaatattaaagatcca,4.0,aat,5.0,,ALALNIKDP,,False,False,10.0,5.0,7.0,1261.0,634.0,926.0,975.0,702.0,True,False,True,True,False,False,1.0,both,0.004860055329860678,0.004074028936051674,0.005697014601705942,0.005161437387042675,0.004745140842544338,-2.313358786433922,-2.3899758907205033,-2.244352667425505,-2.287229336680803,-2.3237508925660775,N,non-synonymous,0.039202137493262235,0.05908281232706217,0.06661939615810239,0.07581450507623834,0.07121695061717037
36,ortho,gctttggctttgaatattaaagatcca,5.0,att,6.0,,ALALNIKDP,,False,False,10.0,5.0,7.0,1261.0,634.0,926.0,975.0,702.0,True,False,True,True,False,False,1.0,both,0.004860055329860678,0.004074028936051674,0.005697014601705942,0.005161437387042675,0.004745140842544338,-2.313358786433922,-2.3899758907205033,-2.244352667425505,-2.287229336680803,-2.3237508925660775,I,non-synonymous,0.039202137493262235,0.05908281232706217,0.06661939615810239,0.07581450507623834,0.07121695061717037
37,ortho,gctttggctttgaatattaaagatcca,6.0,aaa,7.0,,ALALNIKDP,,False,False,10.0,5.0,7.0,1261.0,634.0,926.0,975.0,702.0,True,False,True,True,False,False,1.0,both,0.004860055329860678,0.004074028936051674,0.005697014601705942,0.005161437387042675,0.004745140842544338,-2.313358786433922,-2.3899758907205033,-2.244352667425505,-2.287229336680803,-2.3237508925660775,K,non-synonymous,0.039202137493262235,0.05908281232706217,0.06661939615810239,0.07581450507623834,0.07121695061717037
38,single,gggttagttttatctttgagagatcca,0.0,ggg,1.0,,GLVLSLRDP,,False,False,3.0,1.0,1.0,534.0,318.0,547.0,425.0,372.0,True,False,True,True,False,False,1.0,both,0.0021184856566059365,0.0021588871285060152,0.0024125343356946652,0.002588859761955159,0.002803015162928459,-2.6739744720821474,-2.665770062968411,-2.6175264969700307,-2.5868914745781035,-2.5523745529145807,G,non-synonymous,0.03206789938862576,0.04535790886658279,0.05948515805346591,0.062089601615758966,0.06078737983461244
39,single,gtgttagttttatctttgagagatcca,0.0,gtg,1.0,,VLVLSLRDP,,False,False,2.0,1.0,1.0,294.0,159.0,285.0,264.0,218.0,True,False,True,True,False,False,1.0,both,0.001315953443162276,0.0012651542849847078,0.0013282492410004337,0.0012944298809775795,0.0014604375163338407,-2.8807594752626278,-2.897856509245704,-2.8767204235864297,-2.8879214702420843,-2.8355170192395014,V,non-synonymous,0.002294571284807222,0.005712990089050293,0.02971182994964737,0.022444682838226468,0.02607825639393692
40,ortho,gttttgactttgttggttactcaacat,0.0,gtt,1.0,,VLTLLVTQH,,False,False,15.0,7.0,9.0,152.0,96.0,108.0,243.0,198.0,True,False,True,True,False,False,1.0,both,0.0012112753283652767,0.0011490850845273953,0.0006867138933063467,0.0007815425696468404,0.000553428953558087,-2.9167571285341465,-2.9396478125887775,-3.1632241660538143,-3.1070473615229677,-3.2569381237610617,V,non-synonymous,-0.14001707140238626,-0.09626051428928786,-0.1125998127375461,-0.07952882154011169,-0.0960643171388289
41,ortho,gttttgactttgttggttactcaacat,1.0,ttg,2.0,,VLTLLVTQH,,False,False,15.0,7.0,9.0,152.0,96.0,108.0,243.0,198.0,True,False,True,True,False,False,1.0,both,0.0012112753283652767,0.0011490850845273953,0.0006867138933063467,0.0007815425696468404,0.000553428953558087,-2.9167571285341465,-2.9396478125887775,-3.1632241660538143,-3.1070473615229677,-3.2569381237610617,L,synonymous,-0.14001707140238626,-0.09626051428928786,-0.1125998127375461,-0.07952882154011169,-0.0960643171388289
42,ortho,gttttgactttgttggttactcaacat,2.0,act,3.0,,VLTLLVTQH,,False,False,15.0,7.0,9.0,152.0,96.0,108.0,243.0,198.0,True,False,True,True,False,False,1.0,both,0.0012112753283652767,0.0011490850845273953,0.0006867138933063467,0.0007815425696468404,0.000553428953558087,-2.9167571285341465,-2.9396478125887775,-3.1632241660538143,-3.1070473615229677,-3.2569381237610617,T,non-synonymous,-0.14001707140238626,-0.09626051428928786,-0.1125998127375461,-0.07952882154011169,-0.0960643171388289
43,ortho,gttttgactttgttggttactcaacat,3.0,ttg,4.0,,VLTLLVTQH,,False,False,15.0,7.0,9.0,152.0,96.0,108.0,243.0,198.0,True,False,True,True,False,False,1.0,both,0.0012112753283652767,0.0011490850845273953,0.0006867138933063467,0.0007815425696468404,0.000553428953558087,-2.9167571285341465,-2.9396478125887775,-3.1632241660538143,-3.1070473615229677,-3.2569381237610617,L,synonymous,-0.14001707140238626,-0.09626051428928786,-0.1125998127375461,-0.07952882154011169,-0.0960643171388289
44,ortho,gttttgactttgttggttactcaacat,4.0,ttg,5.0,,VLTLLVTQH,,False,False,15.0,7.0,9.0,152.0,96.0,108.0,243.0,198.0,True,False,True,True,False,False,1.0,both,0.0012112753283652767,0.0011490850845273953,0.0006867138933063467,0.0007815425696468404,0.000553428953558087,-2.9167571285341465,-2.9396478125887775,-3.1632241660538143,-3.1070473615229677,-3.2569381237610617,L,non-synonymous,-0.14001707140238626,-0.09626051428928786,-0.1125998127375461,-0.07952882154011169,-0.0960643171388289
45,ortho,gttttgactttgttggttactcaacat,5.0,gtt,6.0,,VLTLLVTQH,,False,False,15.0,7.0,9.0,152.0,96.0,108.0,243.0,198.0,True,False,True,True,False,False,1.0,both,0.0012112753283652767,0.0011490850845273953,0.0006867138933063467,0.0007815425696468404,0.000553428953558087,-2.9167571285341465,-2.9396478125887775,-3.1632241660538143,-3.1070473615229677,-3.2569381237610617,V,non-synonymous,-0.14001707140238626,-0.09626051428928786,-0.1125998127375461,-0.07952882154011169,-0.0960643171388289
46,ortho,gttttgactttgttggttactcaacat,6.0,act,7.0,,VLTLLVTQH,,False,False,15.0,7.0,9.0,152.0,96.0,108.0,243.0,198.0,True,False,True,True,False,False,1.0,both,0.0012112753283652767,0.0011490850845273953,0.0006867138933063467,0.0007815425696468404,0.000553428953558087,-2.9167571285341465,-2.9396478125887775,-3.1632241660538143,-3.1070473615229677,-3.2569381237610617,T,non-synonymous,-0.14001707140238626,-0.09626051428928786,-0.1125998127375461,-0.07952882154011169,-0.0960643171388289
47,ortho,gttttgactttgttggttactcaacat,7.0,caa,8.0,,VLTLLVTQH,,False,False,15.0,7.0,9.0,152.0,96.0,108.0,243.0,198.0,True,False,True,True,False,False,1.0,both,0.0012112753283652767,0.0011490850845273953,0.0006867138933063467,0.0007815425696468404,0.000553428953558087,-2.9167571285341465,-2.9396478125887775,-3.1632241660538143,-3.1070473615229677,-3.2569381237610617,Q,non-synonymous,-0.14001707140238626,-0.09626051428928786,-0.1125998127375461,-0.07952882154011169,-0.0960643171388289
48,ortho,gttttgactttgttggttactcaacat,8.0,cat,9.0,,VLTLLVTQH,,False,False,15.0,7.0,9.0,152.0,96.0,108.0,243.0,198.0,True,False,True,True,False,False,1.0,both,0.0012112753283652767,0.0011490850845273953,0.0006867138933063467,0.0007815425696468404,0.000553428953558087,-2.9167571285341465,-2.9396478125887775,-3.1632241660538143,-3.1070473615229677,-3.2569381237610617,H,non-synonymous,-0.14001707140238626,-0.09626051428928786,-0.1125998127375461,-0.07952882154011169,-0.0960643171388289
49,single,tagttagttttatctttgagagatcca,0.0,tag,1.0,,*LVLSLRDP,,True,False,2.0,1.0,1.0,157.0,55.0,79.0,195.0,226.0,True,False,True,True,False,False,1.0,both,0.0009720110659721357,0.001311581965167633,0.0007093031661124765,0.000447758763860169,0.00040482303084341545,-3.0123287907699408,-2.8822045637029077,-3.1491681015893533,-3.348955905068292,-3.39273478795757,*,stop,-0.07773793910322009,-0.26839811965509,-0.05032068043837994,-0.2516664269059138,-0.15099355367214687
50,single,tatttagttttatctttgagagatcca,0.0,tat,1.0,,YLVLSLRDP,,False,False,1.0,1.0,1.0,361.0,223.0,295.0,332.0,236.0,True,False,True,True,False,False,1.0,both,0.001654911148219226,0.0013696165653962892,0.0016309454966025733,0.0018154582607421397,0.0015116809379595894,-2.7812253184284224,-2.863400999880202,-2.787560552092929,-2.7410137315143754,-2.8205398632698486,Y,non-synonymous,-0.00359902432909814,0.07037690047771307,0.023818234335742008,0.08710859322688924,0.055463413781315626
51,ortho,tatttgactagagcttttagagattct,0.0,tat,1.0,,YLTRAFRDS,,False,False,10.0,6.0,7.0,846.0,450.0,705.0,638.0,649.0,True,False,True,True,False,False,1.0,both,0.0031802208209755004,0.0037664455548397954,0.0038221049587971664,0.0036634807952195645,0.00361266122461529,-2.4975427234112964,-2.4240683060499393,-2.4176973909595634,-2.436106080787192,-2.4421727622566127,Y,non-synonymous,0.045359857153918354,-0.006922135659768821,0.07277711581875851,0.009809557089407355,0.04129333645408293
52,ortho,tatttgactagagcttttagagattct,1.0,ttg,2.0,,YLTRAFRDS,,False,False,10.0,6.0,7.0,846.0,450.0,705.0,638.0,649.0,True,False,True,True,False,False,1.0,both,0.0031802208209755004,0.0037664455548397954,0.0038221049587971664,0.0036634807952195645,0.00361266122461529,-2.4975427234112964,-2.4240683060499393,-2.4176973909595634,-2.436106080787192,-2.4421727622566127,L,synonymous,0.045359857153918354,-0.006922135659768821,0.07277711581875851,0.009809557089407355,0.04129333645408293
53,ortho,tatttgactagagcttttagagattct,2.0,act,3.0,,YLTRAFRDS,,False,False,10.0,6.0,7.0,846.0,450.0,705.0,638.0,649.0,True,False,True,True,False,False,1.0,both,0.0031802208209755004,0.0037664455548397954,0.0038221049587971664,0.0036634807952195645,0.00361266122461529,-2.4975427234112964,-2.4240683060499393,-2.4176973909595634,-2.436106080787192,-2.4421727622566127,T,non-synonymous,0.045359857153918354,-0.006922135659768821,0.07277711581875851,0.009809557089407355,0.04129333645408293
54,ortho,tatttgactagagcttttagagattct,3.0,aga,4.0,,YLTRAFRDS,,False,False,10.0,6.0,7.0,846.0,450.0,705.0,638.0,649.0,True,False,True,True,False,False,1.0,both,0.0031802208209755004,0.0037664455548397954,0.0038221049587971664,0.0036634807952195645,0.00361266122461529,-2.4975427234112964,-2.4240683060499393,-2.4176973909595634,-2.436106080787192,-2.4421727622566127,R,non-synonymous,0.045359857153918354,-0.006922135659768821,0.07277711581875851,0.009809557089407355,0.04129333645408293
55,ortho,tatttgactagagcttttagagattct,4.0,gct,5.0,,YLTRAFRDS,,False,False,10.0,6.0,7.0,846.0,450.0,705.0,638.0,649.0,True,False,True,True,False,False,1.0,both,0.0031802208209755004,0.0037664455548397954,0.0038221049587971664,0.0036634807952195645,0.00361266122461529,-2.4975427234112964,-2.4240683060499393,-2.4176973909595634,-2.436106080787192,-2.4421727622566127,A,non-synonymous,0.045359857153918354,-0.006922135659768821,0.07277711581875851,0.009809557089407355,0.04129333645408293
56,ortho,tatttgactagagcttttagagattct,5.0,ttt,6.0,,YLTRAFRDS,,False,False,10.0,6.0,7.0,846.0,450.0,705.0,638.0,649.0,True,False,True,True,False,False,1.0,both,0.0031802208209755004,0.0037664455548397954,0.0038221049587971664,0.0036634807952195645,0.00361266122461529,-2.4975427234112964,-2.4240683060499393,-2.4176973909595634,-2.436106080787192,-2.4421727622566127,F,non-synonymous,0.045359857153918354,-0.006922135659768821,0.07277711581875851,0.009809557089407355,0.04129333645408293
57,ortho,tatttgactagagcttttagagattct,8.0,tct,7.0,,YLTRAFRDS,,False,False,10.0,6.0,7.0,846.0,450.0,705.0,638.0,649.0,True,False,True,True,False,False,1.0,both,0.0031802208209755004,0.0037664455548397954,0.0038221049587971664,0.0036634807952195645,0.00361266122461529,-2.4975427234112964,-2.4240683060499393,-2.4176973909595634,-2.436106080787192,-2.4421727622566127,S,non-synonymous,0.045359857153918354,-0.006922135659768821,0.07277711581875851,0.009809557089407355,0.04129333645408293
58,ortho,tatttgactagatcttttagagatcca,0.0,tat,1.0,,YLTRSFRDP,,False,False,7.0,4.0,5.0,303.0,123.0,179.0,228.0,166.0,True,False,True,True,False,False,1.0,both,0.0011365052463674203,0.000963374363795695,0.0013689099320514674,0.0010013514173600143,0.0009172572471009034,-2.944428555132005,-3.0162049148102534,-2.863625125496282,-2.999413483123138,-3.0375088482681183,Y,non-synonymous,0.04590414884976202,0.00965565236075163,0.07332140751460217,0.026387345109927806,0.04985437631226499
59,ortho,tatttgactagatcttttagagatcca,1.0,ttg,2.0,,YLTRSFRDP,,False,False,7.0,4.0,5.0,303.0,123.0,179.0,228.0,166.0,True,False,True,True,False,False,1.0,both,0.0011365052463674203,0.000963374363795695,0.0013689099320514674,0.0010013514173600143,0.0009172572471009034,-2.944428555132005,-3.0162049148102534,-2.863625125496282,-2.999413483123138,-3.0375088482681183,L,synonymous,0.04590414884976202,0.00965565236075163,0.07332140751460217,0.026387345109927806,0.04985437631226499
60,ortho,tatttgactagatcttttagagatcca,2.0,act,3.0,,YLTRSFRDP,,False,False,7.0,4.0,5.0,303.0,123.0,179.0,228.0,166.0,True,False,True,True,False,False,1.0,both,0.0011365052463674203,0.000963374363795695,0.0013689099320514674,0.0010013514173600143,0.0009172572471009034,-2.944428555132005,-3.0162049148102534,-2.863625125496282,-2.999413483123138,-3.0375088482681183,T,non-synonymous,0.04590414884976202,0.00965565236075163,0.07332140751460217,0.026387345109927806,0.04985437631226499
61,ortho,tatttgactagatcttttagagatcca,3.0,aga,4.0,,YLTRSFRDP,,False,False,7.0,4.0,5.0,303.0,123.0,179.0,228.0,166.0,True,False,True,True,False,False,1.0,both,0.0011365052463674203,0.000963374363795695,0.0013689099320514674,0.0010013514173600143,0.0009172572471009034,-2.944428555132005,-3.0162049148102534,-2.863625125496282,-2.999413483123138,-3.0375088482681183,R,non-synonymous,0.04590414884976202,0.00965565236075163,0.07332140751460217,0.026387345109927806,0.04985437631226499
62,ortho,tatttgactagatcttttagagatcca,5.0,ttt,5.0,,YLTRSFRDP,,False,False,7.0,4.0,5.0,303.0,123.0,179.0,228.0,166.0,True,False,True,True,False,False,1.0,both,0.0011365052463674203,0.000963374363795695,0.0013689099320514674,0.0010013514173600143,0.0009172572471009034,-2.944428555132005,-3.0162049148102534,-2.863625125496282,-2.999413483123138,-3.0375088482681183,F,non-synonymous,0.04590414884976202,0.00965565236075163,0.07332140751460217,0.026387345109927806,0.04985437631226499
63,ortho,tatttgactttggcttttagagattct,0.0,tat,1.0,,YLTLAFRDS,,False,False,9.0,5.0,7.0,701.0,420.0,577.0,556.0,579.0,True,False,True,True,False,False,1.0,both,0.0027714777060538843,0.0033602033532392013,0.0031670160474194017,0.003419248742204927,0.0029567454278057056,-2.557288610550401,-2.4736344391228724,-2.4993497360319283,-2.4660693041646353,-2.5291860660922802,Y,non-synonymous,0.03291487418385335,0.004350213524374712,0.0603321328486935,0.021081906273550888,0.040707019561122194
64,ortho,tatttgactttggcttttagagattct,1.0,ttg,2.0,,YLTLAFRDS,,False,False,9.0,5.0,7.0,701.0,420.0,577.0,556.0,579.0,True,False,True,True,False,False,1.0,both,0.0027714777060538843,0.0033602033532392013,0.0031670160474194017,0.003419248742204927,0.0029567454278057056,-2.557288610550401,-2.4736344391228724,-2.4993497360319283,-2.4660693041646353,-2.5291860660922802,L,synonymous,0.03291487418385335,0.004350213524374712,0.0603321328486935,0.021081906273550888,0.040707019561122194
65,ortho,tatttgactttggcttttagagattct,2.0,act,3.0,,YLTLAFRDS,,False,False,9.0,5.0,7.0,701.0,420.0,577.0,556.0,579.0,True,False,True,True,False,False,1.0,both,0.0027714777060538843,0.0033602033532392013,0.0031670160474194017,0.003419248742204927,0.0029567454278057056,-2.557288610550401,-2.4736344391228724,-2.4993497360319283,-2.4660693041646353,-2.5291860660922802,T,non-synonymous,0.03291487418385335,0.004350213524374712,0.0603321328486935,0.021081906273550888,0.040707019561122194
66,ortho,tatttgactttggcttttagagattct,3.0,ttg,4.0,,YLTLAFRDS,,False,False,9.0,5.0,7.0,701.0,420.0,577.0,556.0,579.0,True,False,True,True,False,False,1.0,both,0.0027714777060538843,0.0033602033532392013,0.0031670160474194017,0.003419248742204927,0.0029567454278057056,-2.557288610550401,-2.4736344391228724,-2.4993497360319283,-2.4660693041646353,-2.5291860660922802,L,synonymous,0.03291487418385335,0.004350213524374712,0.0603321328486935,0.021081906273550888,0.040707019561122194
67,ortho,tatttgactttggcttttagagattct,4.0,gct,5.0,,YLTLAFRDS,,False,False,9.0,5.0,7.0,701.0,420.0,577.0,556.0,579.0,True,False,True,True,False,False,1.0,both,0.0027714777060538843,0.0033602033532392013,0.0031670160474194017,0.003419248742204927,0.0029567454278057056,-2.557288610550401,-2.4736344391228724,-2.4993497360319283,-2.4660693041646353,-2.5291860660922802,A,non-synonymous,0.03291487418385335,0.004350213524374712,0.0603321328486935,0.021081906273550888,0.040707019561122194
68,ortho,tatttgactttggcttttagagattct,5.0,ttt,6.0,,YLTLAFRDS,,False,False,9.0,5.0,7.0,701.0,420.0,577.0,556.0,579.0,True,False,True,True,False,False,1.0,both,0.0027714777060538843,0.0033602033532392013,0.0031670160474194017,0.003419248742204927,0.0029567454278057056,-2.557288610550401,-2.4736344391228724,-2.4993497360319283,-2.4660693041646353,-2.5291860660922802,F,non-synonymous,0.03291487418385335,0.004350213524374712,0.0603321328486935,0.021081906273550888,0.040707019561122194
69,ortho,tatttgactttggcttttagagattct,8.0,tct,7.0,,YLTLAFRDS,,False,False,9.0,5.0,7.0,701.0,420.0,577.0,556.0,579.0,True,False,True,True,False,False,1.0,both,0.0027714777060538843,0.0033602033532392013,0.0031670160474194017,0.003419248742204927,0.0029567454278057056,-2.557288610550401,-2.4736344391228724,-2.4993497360319283,-2.4660693041646353,-2.5291860660922802,S,non-synonymous,0.03291487418385335,0.004350213524374712,0.0603321328486935,0.021081906273550888,0.040707019561122194
70,ortho,tatttgactttgtctattaaagatcca,0.0,tat,1.0,,YLTLSIKDP,,False,False,8.0,4.0,6.0,830.0,500.0,716.0,714.0,636.0,True,False,True,True,False,False,1.0,both,0.0035590559030979738,0.0036910005745425423,0.0037498192858175508,0.004070534216910627,0.0036690289884036137,-2.448665190356284,-2.4328558872018946,-2.425989661622513,-2.3903485902265174,-2.4354488569401562,Y,non-synonymous,0.01288188943136039,0.024443161848099852,0.04029914809620054,0.04117485459727603,0.040737001346738286
71,ortho,tatttgactttgtctattaaagatcca,1.0,ttg,2.0,,YLTLSIKDP,,False,False,8.0,4.0,6.0,830.0,500.0,716.0,714.0,636.0,True,False,True,True,False,False,1.0,both,0.0035590559030979738,0.0036910005745425423,0.0037498192858175508,0.004070534216910627,0.0036690289884036137,-2.448665190356284,-2.4328558872018946,-2.425989661622513,-2.3903485902265174,-2.4354488569401562,L,synonymous,0.01288188943136039,0.024443161848099852,0.04029914809620054,0.04117485459727603,0.040737001346738286
72,ortho,tatttgactttgtctattaaagatcca,2.0,act,3.0,,YLTLSIKDP,,False,False,8.0,4.0,6.0,830.0,500.0,716.0,714.0,636.0,True,False,True,True,False,False,1.0,both,0.0035590559030979738,0.0036910005745425423,0.0037498192858175508,0.004070534216910627,0.0036690289884036137,-2.448665190356284,-2.4328558872018946,-2.425989661622513,-2.3903485902265174,-2.4354488569401562,T,non-synonymous,0.01288188943136039,0.024443161848099852,0.04029914809620054,0.04117485459727603,0.040737001346738286
73,ortho,tatttgactttgtctattaaagatcca,3.0,ttg,4.0,,YLTLSIKDP,,False,False,8.0,4.0,6.0,830.0,500.0,716.0,714.0,636.0,True,False,True,True,False,False,1.0,both,0.0035590559030979738,0.0036910005745425423,0.0037498192858175508,0.004070534216910627,0.0036690289884036137,-2.448665190356284,-2.4328558872018946,-2.425989661622513,-2.3903485902265174,-2.4354488569401562,L,synonymous,0.01288188943136039,0.024443161848099852,0.04029914809620054,0.04117485459727603,0.040737001346738286
74,ortho,tatttgactttgtctattaaagatcca,5.0,att,5.0,,YLTLSIKDP,,False,False,8.0,4.0,6.0,830.0,500.0,716.0,714.0,636.0,True,False,True,True,False,False,1.0,both,0.0035590559030979738,0.0036910005745425423,0.0037498192858175508,0.004070534216910627,0.0036690289884036137,-2.448665190356284,-2.4328558872018946,-2.425989661622513,-2.3903485902265174,-2.4354488569401562,I,non-synonymous,0.01288188943136039,0.024443161848099852,0.04029914809620054,0.04117485459727603,0.040737001346738286
75,ortho,tatttgactttgtctattaaagatcca,6.0,aaa,6.0,,YLTLSIKDP,,False,False,8.0,4.0,6.0,830.0,500.0,716.0,714.0,636.0,True,False,True,True,False,False,1.0,both,0.0035590559030979738,0.0036910005745425423,0.0037498192858175508,0.004070534216910627,0.0036690289884036137,-2.448665190356284,-2.4328558872018946,-2.425989661622513,-2.3903485902265174,-2.4354488569401562,K,non-synonymous,0.01288188943136039,0.024443161848099852,0.04029914809620054,0.04117485459727603,0.040737001346738286
76,ortho,tatttgactttgtctattagagatcca,0.0,tat,1.0,,YLTLSIRDP,,False,False,7.0,3.0,5.0,1003.0,569.0,813.0,727.0,654.0,True,False,True,True,False,False,1.0,both,0.0036238566408294494,0.0037954628549541234,0.004531408124909643,0.004632267938844294,0.004166090178173377,-2.440828991273421,-2.420735254526041,-2.343766820978169,-2.3342063281674648,-2.3802713336539436,Y,non-synonymous,0.05514068317397772,0.04975711706039896,0.08255794183881787,0.06648880980957514,0.0745233758241965
77,ortho,tatttgactttgtctattagagatcca,1.0,ttg,2.0,,YLTLSIRDP,,False,False,7.0,3.0,5.0,1003.0,569.0,813.0,727.0,654.0,True,False,True,True,False,False,1.0,both,0.0036238566408294494,0.0037954628549541234,0.004531408124909643,0.004632267938844294,0.004166090178173377,-2.440828991273421,-2.420735254526041,-2.343766820978169,-2.3342063281674648,-2.3802713336539436,L,synonymous,0.05514068317397772,0.04975711706039896,0.08255794183881787,0.06648880980957514,0.0745233758241965
78,ortho,tatttgactttgtctattagagatcca,2.0,act,3.0,,YLTLSIRDP,,False,False,7.0,3.0,5.0,1003.0,569.0,813.0,727.0,654.0,True,False,True,True,False,False,1.0,both,0.0036238566408294494,0.0037954628549541234,0.004531408124909643,0.004632267938844294,0.004166090178173377,-2.440828991273421,-2.420735254526041,-2.343766820978169,-2.3342063281674648,-2.3802713336539436,T,non-synonymous,0.05514068317397772,0.04975711706039896,0.08255794183881787,0.06648880980957514,0.0745233758241965
79,ortho,tatttgactttgtctattagagatcca,3.0,ttg,4.0,,YLTLSIRDP,,False,False,7.0,3.0,5.0,1003.0,569.0,813.0,727.0,654.0,True,False,True,True,False,False,1.0,both,0.0036238566408294494,0.0037954628549541234,0.004531408124909643,0.004632267938844294,0.004166090178173377,-2.440828991273421,-2.420735254526041,-2.343766820978169,-2.3342063281674648,-2.3802713336539436,L,synonymous,0.05514068317397772,0.04975711706039896,0.08255794183881787,0.06648880980957514,0.0745233758241965
80,ortho,tatttgactttgtctattagagatcca,5.0,att,5.0,,YLTLSIRDP,,False,False,7.0,3.0,5.0,1003.0,569.0,813.0,727.0,654.0,True,False,True,True,False,False,1.0,both,0.0036238566408294494,0.0037954628549541234,0.004531408124909643,0.004632267938844294,0.004166090178173377,-2.440828991273421,-2.420735254526041,-2.343766820978169,-2.3342063281674648,-2.3802713336539436,I,non-synonymous,0.05514068317397772,0.04975711706039896,0.08255794183881787,0.06648880980957514,0.0745233758241965
81,ortho,tatttgactttgtctttgagagatcca,0.0,tat,1.0,,YLTLSLRDP,,False,False,5.0,2.0,4.0,421.0,217.0,327.0,274.0,250.0,True,False,True,True,False,False,1.0,both,0.0013658001644941803,0.0014508650057164082,0.0019020167702761314,0.0017666118501392122,0.0016756598871619855,-2.8646128393120707,-2.838372994178271,-2.7207856581629186,-2.7528588607140065,-2.7758141265877256,Y,non-synonymous,0.08170772406414697,0.04917357614570989,0.10912498272898713,0.06590526889488607,0.0875151258119366
82,ortho,tatttgactttgtctttgagagatcca,1.0,ttg,2.0,,YLTLSLRDP,,False,False,5.0,2.0,4.0,421.0,217.0,327.0,274.0,250.0,True,False,True,True,False,False,1.0,both,0.0013658001644941803,0.0014508650057164082,0.0019020167702761314,0.0017666118501392122,0.0016756598871619855,-2.8646128393120707,-2.838372994178271,-2.7207856581629186,-2.7528588607140065,-2.7758141265877256,L,synonymous,0.08170772406414697,0.04917357614570989,0.10912498272898713,0.06590526889488607,0.0875151258119366
83,ortho,tatttgactttgtctttgagagatcca,2.0,act,3.0,,YLTLSLRDP,,False,False,5.0,2.0,4.0,421.0,217.0,327.0,274.0,250.0,True,False,True,True,False,False,1.0,both,0.0013658001644941803,0.0014508650057164082,0.0019020167702761314,0.0017666118501392122,0.0016756598871619855,-2.8646128393120707,-2.838372994178271,-2.7207856581629186,-2.7528588607140065,-2.7758141265877256,T,non-synonymous,0.08170772406414697,0.04917357614570989,0.10912498272898713,0.06590526889488607,0.0875151258119366
84,ortho,tatttgactttgtctttgagagatcca,3.0,ttg,4.0,,YLTLSLRDP,,False,False,5.0,2.0,4.0,421.0,217.0,327.0,274.0,250.0,True,False,True,True,False,False,1.0,both,0.0013658001644941803,0.0014508650057164082,0.0019020167702761314,0.0017666118501392122,0.0016756598871619855,-2.8646128393120707,-2.838372994178271,-2.7207856581629186,-2.7528588607140065,-2.7758141265877256,L,synonymous,0.08170772406414697,0.04917357614570989,0.10912498272898713,0.06590526889488607,0.0875151258119366
85,ortho,tatttgactttgtcttttaaagatcca,0.0,tat,1.0,,YLTLSFKDP,,False,False,7.0,4.0,6.0,449.0,225.0,391.0,409.0,371.0,True,False,True,True,False,False,1.0,both,0.00203873090247489,0.0021530836684831496,0.002028516697990458,0.0018317403976097822,0.002003617785566778,-2.6906400941251167,-2.666939093235263,-2.6928214129952637,-2.7371360764511734,-2.698185121852145,Y,non-synonymous,-0.0012391997042134285,-0.04036568646058028,0.02617805896062672,-0.023633993711404105,0.0012720326246113082
86,ortho,tatttgactttgtcttttaaagatcca,1.0,ttg,2.0,,YLTLSFKDP,,False,False,7.0,4.0,6.0,449.0,225.0,391.0,409.0,371.0,True,False,True,True,False,False,1.0,both,0.00203873090247489,0.0021530836684831496,0.002028516697990458,0.0018317403976097822,0.002003617785566778,-2.6906400941251167,-2.666939093235263,-2.6928214129952637,-2.7371360764511734,-2.698185121852145,L,synonymous,-0.0012391997042134285,-0.04036568646058028,0.02617805896062672,-0.023633993711404105,0.0012720326246113082
87,ortho,tatttgactttgtcttttaaagatcca,2.0,act,3.0,,YLTLSFKDP,,False,False,7.0,4.0,6.0,449.0,225.0,391.0,409.0,371.0,True,False,True,True,False,False,1.0,both,0.00203873090247489,0.0021530836684831496,0.002028516697990458,0.0018317403976097822,0.002003617785566778,-2.6906400941251167,-2.666939093235263,-2.6928214129952637,-2.7371360764511734,-2.698185121852145,T,non-synonymous,-0.0012391997042134285,-0.04036568646058028,0.02617805896062672,-0.023633993711404105,0.0012720326246113082
88,ortho,tatttgactttgtcttttaaagatcca,3.0,ttg,4.0,,YLTLSFKDP,,False,False,7.0,4.0,6.0,449.0,225.0,391.0,409.0,371.0,True,False,True,True,False,False,1.0,both,0.00203873090247489,0.0021530836684831496,0.002028516697990458,0.0018317403976097822,0.002003617785566778,-2.6906400941251167,-2.666939093235263,-2.6928214129952637,-2.7371360764511734,-2.698185121852145,L,synonymous,-0.0012391997042134285,-0.04036568646058028,0.02617805896062672,-0.023633993711404105,0.0012720326246113082
89,ortho,tatttgactttgtcttttaaagatcca,5.0,ttt,5.0,,YLTLSFKDP,,False,False,7.0,4.0,6.0,449.0,225.0,391.0,409.0,371.0,True,False,True,True,False,False,1.0,both,0.00203873090247489,0.0021530836684831496,0.002028516697990458,0.0018317403976097822,0.002003617785566778,-2.6906400941251167,-2.666939093235263,-2.6928214129952637,-2.7371360764511734,-2.698185121852145,F,non-synonymous,-0.0012391997042134285,-0.04036568646058028,0.02617805896062672,-0.023633993711404105,0.0012720326246113082
90,ortho,tatttgactttgtcttttaaagatcca,6.0,aaa,6.0,,YLTLSFKDP,,False,False,7.0,4.0,6.0,449.0,225.0,391.0,409.0,371.0,True,False,True,True,False,False,1.0,both,0.00203873090247489,0.0021530836684831496,0.002028516697990458,0.0018317403976097822,0.002003617785566778,-2.6906400941251167,-2.666939093235263,-2.6928214129952637,-2.7371360764511734,-2.698185121852145,K,non-synonymous,-0.0012391997042134285,-0.04036568646058028,0.02617805896062672,-0.023633993711404105,0.0012720326246113082
91,ortho,tatttgactttgtcttttagagatcca,0.0,tat,1.0,,YLTLSFRDP,,False,False,6.0,3.0,5.0,610.0,332.0,408.0,552.0,419.0,True,False,True,True,False,False,1.0,both,0.0027515390175211225,0.0024316497495807,0.0027558912823478386,0.0027028347200286564,0.0020907316023305506,-2.56042432440326,-2.6140989798840133,-2.5597379189878198,-2.5681805108585,-2.6797017161581316,Y,non-synonymous,0.0003899445420038061,0.0264047034291015,0.027807203206843954,0.04313639617827768,0.03547179969256081
92,ortho,tatttgactttgtcttttagagatcca,1.0,ttg,2.0,,YLTLSFRDP,,False,False,6.0,3.0,5.0,610.0,332.0,408.0,552.0,419.0,True,False,True,True,False,False,1.0,both,0.0027515390175211225,0.0024316497495807,0.0027558912823478386,0.0027028347200286564,0.0020907316023305506,-2.56042432440326,-2.6140989798840133,-2.5597379189878198,-2.5681805108585,-2.6797017161581316,L,synonymous,0.0003899445420038061,0.0264047034291015,0.027807203206843954,0.04313639617827768,0.03547179969256081
93,ortho,tatttgactttgtcttttagagatcca,2.0,act,3.0,,YLTLSFRDP,,False,False,6.0,3.0,5.0,610.0,332.0,408.0,552.0,419.0,True,False,True,True,False,False,1.0,both,0.0027515390175211225,0.0024316497495807,0.0027558912823478386,0.0027028347200286564,0.0020907316023305506,-2.56042432440326,-2.6140989798840133,-2.5597379189878198,-2.5681805108585,-2.6797017161581316,T,non-synonymous,0.0003899445420038061,0.0264047034291015,0.027807203206843954,0.04313639617827768,0.03547179969256081
94,ortho,tatttgactttgtcttttagagatcca,3.0,ttg,4.0,,YLTLSFRDP,,False,False,6.0,3.0,5.0,610.0,332.0,408.0,552.0,419.0,True,False,True,True,False,False,1.0,both,0.0027515390175211225,0.0024316497495807,0.0027558912823478386,0.0027028347200286564,0.0020907316023305506,-2.56042432440326,-2.6140989798840133,-2.5597379189878198,-2.5681805108585,-2.6797017161581316,L,synonymous,0.0003899445420038061,0.0264047034291015,0.027807203206843954,0.04313639617827768,0.03547179969256081
95,ortho,tatttgactttgtcttttagagatcca,5.0,ttt,5.0,,YLTLSFRDP,,False,False,6.0,3.0,5.0,610.0,332.0,408.0,552.0,419.0,True,False,True,True,False,False,1.0,both,0.0027515390175211225,0.0024316497495807,0.0027558912823478386,0.0027028347200286564,0.0020907316023305506,-2.56042432440326,-2.6140989798840133,-2.5597379189878198,-2.5681805108585,-2.6797017161581316,F,non-synonymous,0.0003899445420038061,0.0264047034291015,0.027807203206843954,0.04313639617827768,0.03547179969256081
96,ortho,tatttgactttgtcttttagagatgct,0.0,tat,1.0,,YLTLSFRDA,,False,False,8.0,4.0,6.0,565.0,277.0,449.0,476.0,365.0,True,False,True,True,False,False,1.0,both,0.002372703935398649,0.002118262908345956,0.0025525878270926702,0.0022550759561684878,0.0023008296309961207,-2.6247564494119655,-2.674020138393834,-2.5930193061791487,-2.6468388254980875,-2.6381155382446884,Y,non-synonymous,0.018029761281090222,0.015630192405304635,0.04544701994593037,0.03236188515448081,0.03890445255020559
97,ortho,tatttgactttgtcttttagagatgct,1.0,ttg,2.0,,YLTLSFRDA,,False,False,8.0,4.0,6.0,565.0,277.0,449.0,476.0,365.0,True,False,True,True,False,False,1.0,both,0.002372703935398649,0.002118262908345956,0.0025525878270926702,0.0022550759561684878,0.0023008296309961207,-2.6247564494119655,-2.674020138393834,-2.5930193061791487,-2.6468388254980875,-2.6381155382446884,L,synonymous,0.018029761281090222,0.015630192405304635,0.04544701994593037,0.03236188515448081,0.03890445255020559
98,ortho,tatttgactttgtcttttagagatgct,2.0,act,3.0,,YLTLSFRDA,,False,False,8.0,4.0,6.0,565.0,277.0,449.0,476.0,365.0,True,False,True,True,False,False,1.0,both,0.002372703935398649,0.002118262908345956,0.0025525878270926702,0.0022550759561684878,0.0023008296309961207,-2.6247564494119655,-2.674020138393834,-2.5930193061791487,-2.6468388254980875,-2.6381155382446884,T,non-synonymous,0.018029761281090222,0.015630192405304635,0.04544701994593037,0.03236188515448081,0.03890445255020559
99,ortho,tatttgactttgtcttttagagatgct,3.0,ttg,4.0,,YLTLSFRDA,,False,False,8.0,4.0,6.0,565.0,277.0,449.0,476.0,365.0,True,False,True,True,False,False,1.0,both,0.002372703935398649,0.002118262908345956,0.0025525878270926702,0.0022550759561684878,0.0023008296309961207,-2.6247564494119655,-2.674020138393834,-2.5930193061791487,-2.6468388254980875,-2.6381155382446884,L,synonymous,0.018029761281090222,0.015630192405304635,0.04544701994593037,0.03236188515448081,0.03890445255020559
100,ortho,tatttgactttgtcttttagagatgct,5.0,ttt,5.0,,YLTLSFRDA,,False,False,8.0,4.0,6.0,565.0,277.0,449.0,476.0,365.0,True,False,True,True,False,False,1.0,both,0.002372703935398649,0.002118262908345956,0.0025525878270926702,0.0022550759561684878,0.0023008296309961207,-2.6247564494119655,-2.674020138393834,-2.5930193061791487,-2.6468388254980875,-2.6381155382446884,F,non-synonymous,0.018029761281090222,0.015630192405304635,0.04544701994593037,0.03236188515448081,0.03890445255020559
101,ortho,tatttgactttgtcttttagagatgct,8.0,gct,6.0,,YLTLSFRDA,,False,False,8.0,4.0,6.0,565.0,277.0,449.0,476.0,365.0,True,False,True,True,False,False,1.0,both,0.002372703935398649,0.002118262908345956,0.0025525878270926702,0.0022550759561684878,0.0023008296309961207,-2.6247564494119655,-2.674020138393834,-2.5930193061791487,-2.6468388254980875,-2.6381155382446884,A,non-synonymous,0.018029761281090222,0.015630192405304635,0.04544701994593037,0.03236188515448081,0.03890445255020559
102,ortho,tatttgactttgtcttttagagatgtt,0.0,tat,1.0,,YLTLSFRDV,,False,False,9.0,4.0,6.0,634.0,359.0,510.0,586.0,516.0,True,False,True,True,False,False,1.0,both,0.0029210178700495976,0.002994585371798666,0.0028643197918172617,0.0029226435677418305,0.0026134145029131886,-2.5344657861143682,-2.523663301223097,-2.5429784961168544,-2.5342241459842167,-2.5827917031500753,Y,non-synonymous,-0.004836041104079919,-0.006072849983809469,0.02258121756076023,0.010658842765366706,0.016620030163063466
103,ortho,tatttgactttgtcttttagagatgtt,1.0,ttg,2.0,,YLTLSFRDV,,False,False,9.0,4.0,6.0,634.0,359.0,510.0,586.0,516.0,True,False,True,True,False,False,1.0,both,0.0029210178700495976,0.002994585371798666,0.0028643197918172617,0.0029226435677418305,0.0026134145029131886,-2.5344657861143682,-2.523663301223097,-2.5429784961168544,-2.5342241459842167,-2.5827917031500753,L,synonymous,-0.004836041104079919,-0.006072849983809469,0.02258121756076023,0.010658842765366706,0.016620030163063466
104,ortho,tatttgactttgtcttttagagatgtt,2.0,act,3.0,,YLTLSFRDV,,False,False,9.0,4.0,6.0,634.0,359.0,510.0,586.0,516.0,True,False,True,True,False,False,1.0,both,0.0029210178700495976,0.002994585371798666,0.0028643197918172617,0.0029226435677418305,0.0026134145029131886,-2.5344657861143682,-2.523663301223097,-2.5429784961168544,-2.5342241459842167,-2.5827917031500753,T,non-synonymous,-0.004836041104079919,-0.006072849983809469,0.02258121756076023,0.010658842765366706,0.016620030163063466
105,ortho,tatttgactttgtcttttagagatgtt,3.0,ttg,4.0,,YLTLSFRDV,,False,False,9.0,4.0,6.0,634.0,359.0,510.0,586.0,516.0,True,False,True,True,False,False,1.0,both,0.0029210178700495976,0.002994585371798666,0.0028643197918172617,0.0029226435677418305,0.0026134145029131886,-2.5344657861143682,-2.523663301223097,-2.5429784961168544,-2.5342241459842167,-2.5827917031500753,L,synonymous,-0.004836041104079919,-0.006072849983809469,0.02258121756076023,0.010658842765366706,0.016620030163063466
106,ortho,tatttgactttgtcttttagagatgtt,5.0,ttt,5.0,,YLTLSFRDV,,False,False,9.0,4.0,6.0,634.0,359.0,510.0,586.0,516.0,True,False,True,True,False,False,1.0,both,0.0029210178700495976,0.002994585371798666,0.0028643197918172617,0.0029226435677418305,0.0026134145029131886,-2.5344657861143682,-2.523663301223097,-2.5429784961168544,-2.5342241459842167,-2.5827917031500753,F,non-synonymous,-0.004836041104079919,-0.006072849983809469,0.02258121756076023,0.010658842765366706,0.016620030163063466
107,ortho,tatttgactttgtcttttagagatgtt,8.0,gtt,6.0,,YLTLSFRDV,,False,False,9.0,4.0,6.0,634.0,359.0,510.0,586.0,516.0,True,False,True,True,False,False,1.0,both,0.0029210178700495976,0.002994585371798666,0.0028643197918172617,0.0029226435677418305,0.0026134145029131886,-2.5344657861143682,-2.523663301223097,-2.5429784961168544,-2.5342241459842167,-2.5827917031500753,V,non-synonymous,-0.004836041104079919,-0.006072849983809469,0.02258121756076023,0.010658842765366706,0.016620030163063466
108,ortho,tatttgactttgtctttttctgatcca,0.0,tat,1.0,,YLTLSFSDP,,False,False,9.0,4.0,6.0,1093.0,576.0,926.0,888.0,775.0,True,False,True,True,False,False,1.0,both,0.0044263888542731104,0.004497681517720865,0.00493801503541998,0.004689255417881043,0.004745140842544338,-2.3539504363538577,-2.3470113003439983,-2.306447592048884,-2.328896111139324,-2.3237508925660775,Y,non-synonymous,0.026986201521309566,0.010416858590074424,0.054403460186149714,0.0271485513392506,0.04077600576270016
109,ortho,tatttgactttgtctttttctgatcca,1.0,ttg,2.0,,YLTLSFSDP,,False,False,9.0,4.0,6.0,1093.0,576.0,926.0,888.0,775.0,True,False,True,True,False,False,1.0,both,0.0044263888542731104,0.004497681517720865,0.00493801503541998,0.004689255417881043,0.004745140842544338,-2.3539504363538577,-2.3470113003439983,-2.306447592048884,-2.328896111139324,-2.3237508925660775,L,synonymous,0.026986201521309566,0.010416858590074424,0.054403460186149714,0.0271485513392506,0.04077600576270016
110,ortho,tatttgactttgtctttttctgatcca,2.0,act,3.0,,YLTLSFSDP,,False,False,9.0,4.0,6.0,1093.0,576.0,926.0,888.0,775.0,True,False,True,True,False,False,1.0,both,0.0044263888542731104,0.004497681517720865,0.00493801503541998,0.004689255417881043,0.004745140842544338,-2.3539504363538577,-2.3470113003439983,-2.306447592048884,-2.328896111139324,-2.3237508925660775,T,non-synonymous,0.026986201521309566,0.010416858590074424,0.054403460186149714,0.0271485513392506,0.04077600576270016
111,ortho,tatttgactttgtctttttctgatcca,3.0,ttg,4.0,,YLTLSFSDP,,False,False,9.0,4.0,6.0,1093.0,576.0,926.0,888.0,775.0,True,False,True,True,False,False,1.0,both,0.0044263888542731104,0.004497681517720865,0.00493801503541998,0.004689255417881043,0.004745140842544338,-2.3539504363538577,-2.3470113003439983,-2.306447592048884,-2.328896111139324,-2.3237508925660775,L,synonymous,0.026986201521309566,0.010416858590074424,0.054403460186149714,0.0271485513392506,0.04077600576270016
112,ortho,tatttgactttgtctttttctgatcca,5.0,ttt,5.0,,YLTLSFSDP,,False,False,9.0,4.0,6.0,1093.0,576.0,926.0,888.0,775.0,True,False,True,True,False,False,1.0,both,0.0044263888542731104,0.004497681517720865,0.00493801503541998,0.004689255417881043,0.004745140842544338,-2.3539504363538577,-2.3470113003439983,-2.306447592048884,-2.328896111139324,-2.3237508925660775,F,non-synonymous,0.026986201521309566,0.010416858590074424,0.054403460186149714,0.0271485513392506,0.04077600576270016
113,ortho,tatttgactttgtctttttctgatcca,6.0,tct,6.0,,YLTLSFSDP,,False,False,9.0,4.0,6.0,1093.0,576.0,926.0,888.0,775.0,True,False,True,True,False,False,1.0,both,0.0044263888542731104,0.004497681517720865,0.00493801503541998,0.004689255417881043,0.004745140842544338,-2.3539504363538577,-2.3470113003439983,-2.306447592048884,-2.328896111139324,-2.3237508925660775,S,non-synonymous,0.026986201521309566,0.010416858590074424,0.054403460186149714,0.0271485513392506,0.04077600576270016
114,ortho,tatttgattttgtctattagagatcca,0.0,tat,1.0,,YLILSIRDP,,False,False,6.0,3.0,5.0,910.0,487.0,711.0,708.0,626.0,True,False,True,True,False,False,1.0,both,0.003529147870298831,0.003632965974313886,0.004111247650715628,0.003964700327270951,0.0036434072775907394,-2.4523301444426897,-2.439738669639879,-2.3860263616774935,-2.4017896333479016,-2.4384922785182455,Y,non-synonymous,0.03766694962178047,0.02182200473959864,0.06508420828662062,0.03855369748877481,0.051818952887697715
115,ortho,tatttgattttgtctattagagatcca,1.0,ttg,2.0,,YLILSIRDP,,False,False,6.0,3.0,5.0,910.0,487.0,711.0,708.0,626.0,True,False,True,True,False,False,1.0,both,0.003529147870298831,0.003632965974313886,0.004111247650715628,0.003964700327270951,0.0036434072775907394,-2.4523301444426897,-2.439738669639879,-2.3860263616774935,-2.4017896333479016,-2.4384922785182455,L,synonymous,0.03766694962178047,0.02182200473959864,0.06508420828662062,0.03855369748877481,0.051818952887697715
116,ortho,tatttgattttgtctattagagatcca,2.0,att,3.0,,YLILSIRDP,,False,False,6.0,3.0,5.0,910.0,487.0,711.0,708.0,626.0,True,False,True,True,False,False,1.0,both,0.003529147870298831,0.003632965974313886,0.004111247650715628,0.003964700327270951,0.0036434072775907394,-2.4523301444426897,-2.439738669639879,-2.3860263616774935,-2.4017896333479016,-2.4384922785182455,I,non-synonymous,0.03766694962178047,0.02182200473959864,0.06508420828662062,0.03855369748877481,0.051818952887697715
117,ortho,tatttgattttgtctattagagatcca,3.0,ttg,4.0,,YLILSIRDP,,False,False,6.0,3.0,5.0,910.0,487.0,711.0,708.0,626.0,True,False,True,True,False,False,1.0,both,0.003529147870298831,0.003632965974313886,0.004111247650715628,0.003964700327270951,0.0036434072775907394,-2.4523301444426897,-2.439738669639879,-2.3860263616774935,-2.4017896333479016,-2.4384922785182455,L,synonymous,0.03766694962178047,0.02182200473959864,0.06508420828662062,0.03855369748877481,0.051818952887697715
118,ortho,tatttgattttgtctattagagatcca,5.0,att,5.0,,YLILSIRDP,,False,False,6.0,3.0,5.0,910.0,487.0,711.0,708.0,626.0,True,False,True,True,False,False,1.0,both,0.003529147870298831,0.003632965974313886,0.004111247650715628,0.003964700327270951,0.0036434072775907394,-2.4523301444426897,-2.439738669639879,-2.3860263616774935,-2.4017896333479016,-2.4384922785182455,I,non-synonymous,0.03766694962178047,0.02182200473959864,0.06508420828662062,0.03855369748877481,0.051818952887697715
119,ortho,tatttgattttgtctttgagagatcca,0.0,tat,1.0,,YLILSLRDP,,False,False,4.0,2.0,4.0,904.0,447.0,822.0,703.0,741.0,True,False,True,True,False,False,1.0,both,0.003504224509632879,0.004300363876943433,0.004084140523348273,0.0036390575899181007,0.004212209257636551,-2.4554080771126348,-2.3664947948709805,-2.3888993235232237,-2.4390110714305995,-2.375490061707961,Y,non-synonymous,0.03778339283795373,-0.04169936012621752,0.06520065150279389,-0.024967667377041345,0.020116492062876273
120,ortho,tatttgattttgtctttgagagatcca,1.0,ttg,2.0,,YLILSLRDP,,False,False,4.0,2.0,4.0,904.0,447.0,822.0,703.0,741.0,True,False,True,True,False,False,1.0,both,0.003504224509632879,0.004300363876943433,0.004084140523348273,0.0036390575899181007,0.004212209257636551,-2.4554080771126348,-2.3664947948709805,-2.3888993235232237,-2.4390110714305995,-2.375490061707961,L,synonymous,0.03778339283795373,-0.04169936012621752,0.06520065150279389,-0.024967667377041345,0.020116492062876273
121,ortho,tatttgattttgtctttgagagatcca,2.0,att,3.0,,YLILSLRDP,,False,False,4.0,2.0,4.0,904.0,447.0,822.0,703.0,741.0,True,False,True,True,False,False,1.0,both,0.003504224509632879,0.004300363876943433,0.004084140523348273,0.0036390575899181007,0.004212209257636551,-2.4554080771126348,-2.3664947948709805,-2.3888993235232237,-2.4390110714305995,-2.375490061707961,I,non-synonymous,0.03778339283795373,-0.04169936012621752,0.06520065150279389,-0.024967667377041345,0.020116492062876273
122,ortho,tatttgattttgtctttgagagatcca,3.0,ttg,4.0,,YLILSLRDP,,False,False,4.0,2.0,4.0,904.0,447.0,822.0,703.0,741.0,True,False,True,True,False,False,1.0,both,0.003504224509632879,0.004300363876943433,0.004084140523348273,0.0036390575899181007,0.004212209257636551,-2.4554080771126348,-2.3664947948709805,-2.3888993235232237,-2.4390110714305995,-2.375490061707961,L,synonymous,0.03778339283795373,-0.04169936012621752,0.06520065150279389,-0.024967667377041345,0.020116492062876273
123,ortho,tatttgattttgtcttttagagatcca,0.0,tat,1.0,,YLILSFRDP,,False,False,5.0,3.0,5.0,566.0,294.0,474.0,377.0,426.0,True,False,True,True,False,False,1.0,both,0.0018792213942127956,0.0024722739697407596,0.002557105681653896,0.002393474119543449,0.002428938185060493,-2.726022051926666,-2.6069034037475896,-2.5922513228103155,-2.620971264150379,-2.6145835375739264,Y,non-synonymous,0.07599468845296868,-0.008089504935612196,0.10341194711780882,0.00864218781356398,0.0560270674656864
124,ortho,tatttgattttgtcttttagagatcca,1.0,ttg,2.0,,YLILSFRDP,,False,False,5.0,3.0,5.0,566.0,294.0,474.0,377.0,426.0,True,False,True,True,False,False,1.0,both,0.0018792213942127956,0.0024722739697407596,0.002557105681653896,0.002393474119543449,0.002428938185060493,-2.726022051926666,-2.6069034037475896,-2.5922513228103155,-2.620971264150379,-2.6145835375739264,L,synonymous,0.07599468845296868,-0.008089504935612196,0.10341194711780882,0.00864218781356398,0.0560270674656864
125,ortho,tatttgattttgtcttttagagatcca,2.0,att,3.0,,YLILSFRDP,,False,False,5.0,3.0,5.0,566.0,294.0,474.0,377.0,426.0,True,False,True,True,False,False,1.0,both,0.0018792213942127956,0.0024722739697407596,0.002557105681653896,0.002393474119543449,0.002428938185060493,-2.726022051926666,-2.6069034037475896,-2.5922513228103155,-2.620971264150379,-2.6145835375739264,I,non-synonymous,0.07599468845296868,-0.008089504935612196,0.10341194711780882,0.00864218781356398,0.0560270674656864
126,ortho,tatttgattttgtcttttagagatcca,3.0,ttg,4.0,,YLILSFRDP,,False,False,5.0,3.0,5.0,566.0,294.0,474.0,377.0,426.0,True,False,True,True,False,False,1.0,both,0.0018792213942127956,0.0024722739697407596,0.002557105681653896,0.002393474119543449,0.002428938185060493,-2.726022051926666,-2.6069034037475896,-2.5922513228103155,-2.620971264150379,-2.6145835375739264,L,synonymous,0.07599468845296868,-0.008089504935612196,0.10341194711780882,0.00864218781356398,0.0560270674656864
127,ortho,tatttgattttgtcttttagagatcca,5.0,ttt,5.0,,YLILSFRDP,,False,False,5.0,3.0,5.0,566.0,294.0,474.0,377.0,426.0,True,False,True,True,False,False,1.0,both,0.0018792213942127956,0.0024722739697407596,0.002557105681653896,0.002393474119543449,0.002428938185060493,-2.726022051926666,-2.6069034037475896,-2.5922513228103155,-2.620971264150379,-2.6145835375739264,F,non-synonymous,0.07599468845296868,-0.008089504935612196,0.10341194711780882,0.00864218781356398,0.0560270674656864
128,ortho,tatttggctttgtcttttaaagatcca,0.0,tat,1.0,,YLALSFKDP,,False,False,6.0,4.0,6.0,645.0,359.0,526.0,523.0,482.0,True,False,True,True,False,False,1.0,both,0.0026069835256585998,0.002797267731021235,0.0029140161919907473,0.0029226435677418305,0.0026954039775143866,-2.5838617132651844,-2.553265964611459,-2.5355080393633194,-2.5342241459842167,-2.5693761350942723,Y,non-synonymous,0.027469554871997454,0.010949702467730419,0.0548868135368376,0.027681395216906594,0.0412841043768721
129,ortho,tatttggctttgtcttttaaagatcca,1.0,ttg,2.0,,YLALSFKDP,,False,False,6.0,4.0,6.0,645.0,359.0,526.0,523.0,482.0,True,False,True,True,False,False,1.0,both,0.0026069835256585998,0.002797267731021235,0.0029140161919907473,0.0029226435677418305,0.0026954039775143866,-2.5838617132651844,-2.553265964611459,-2.5355080393633194,-2.5342241459842167,-2.5693761350942723,L,synonymous,0.027469554871997454,0.010949702467730419,0.0548868135368376,0.027681395216906594,0.0412841043768721
130,ortho,tatttggctttgtcttttaaagatcca,2.0,gct,3.0,,YLALSFKDP,,False,False,6.0,4.0,6.0,645.0,359.0,526.0,523.0,482.0,True,False,True,True,False,False,1.0,both,0.0026069835256585998,0.002797267731021235,0.0029140161919907473,0.0029226435677418305,0.0026954039775143866,-2.5838617132651844,-2.553265964611459,-2.5355080393633194,-2.5342241459842167,-2.5693761350942723,A,non-synonymous,0.027469554871997454,0.010949702467730419,0.0548868135368376,0.027681395216906594,0.0412841043768721
131,ortho,tatttggctttgtcttttaaagatcca,3.0,ttg,4.0,,YLALSFKDP,,False,False,6.0,4.0,6.0,645.0,359.0,526.0,523.0,482.0,True,False,True,True,False,False,1.0,both,0.0026069835256585998,0.002797267731021235,0.0029140161919907473,0.0029226435677418305,0.0026954039775143866,-2.5838617132651844,-2.553265964611459,-2.5355080393633194,-2.5342241459842167,-2.5693761350942723,L,synonymous,0.027469554871997454,0.010949702467730419,0.0548868135368376,0.027681395216906594,0.0412841043768721
132,ortho,tatttggctttgtcttttaaagatcca,5.0,ttt,5.0,,YLALSFKDP,,False,False,6.0,4.0,6.0,645.0,359.0,526.0,523.0,482.0,True,False,True,True,False,False,1.0,both,0.0026069835256585998,0.002797267731021235,0.0029140161919907473,0.0029226435677418305,0.0026954039775143866,-2.5838617132651844,-2.553265964611459,-2.5355080393633194,-2.5342241459842167,-2.5693761350942723,F,non-synonymous,0.027469554871997454,0.010949702467730419,0.0548868135368376,0.027681395216906594,0.0412841043768721
133,ortho,tatttggctttgtcttttaaagatcca,6.0,aaa,6.0,,YLALSFKDP,,False,False,6.0,4.0,6.0,645.0,359.0,526.0,523.0,482.0,True,False,True,True,False,False,1.0,both,0.0026069835256585998,0.002797267731021235,0.0029140161919907473,0.0029226435677418305,0.0026954039775143866,-2.5838617132651844,-2.553265964611459,-2.5355080393633194,-2.5342241459842167,-2.5693761350942723,K,non-synonymous,0.027469554871997454,0.010949702467730419,0.0548868135368376,0.027681395216906594,0.0412841043768721
134,ortho,tatttggctttgtcttttagagatcca,0.0,tat,1.0,,YLALSFRDP,,False,False,5.0,3.0,5.0,307.0,174.0,296.0,291.0,240.0,True,False,True,True,False,False,1.0,both,0.001450539590758418,0.0013928304054877517,0.0013869813502963714,0.0014165459074848984,0.0015168052801221644,-2.8384704131465512,-2.8561017611387025,-2.8579293785214004,-2.848769346279936,-2.819070168189073,Y,non-synonymous,-0.011054570914333216,0.0042163914406049925,0.01636268775050693,0.02094808418978117,0.018655385970144052
135,ortho,tatttggctttgtcttttagagatcca,1.0,ttg,2.0,,YLALSFRDP,,False,False,5.0,3.0,5.0,307.0,174.0,296.0,291.0,240.0,True,False,True,True,False,False,1.0,both,0.001450539590758418,0.0013928304054877517,0.0013869813502963714,0.0014165459074848984,0.0015168052801221644,-2.8384704131465512,-2.8561017611387025,-2.8579293785214004,-2.848769346279936,-2.819070168189073,L,synonymous,-0.011054570914333216,0.0042163914406049925,0.01636268775050693,0.02094808418978117,0.018655385970144052
136,ortho,tatttggctttgtcttttagagatcca,2.0,gct,3.0,,YLALSFRDP,,False,False,5.0,3.0,5.0,307.0,174.0,296.0,291.0,240.0,True,False,True,True,False,False,1.0,both,0.001450539590758418,0.0013928304054877517,0.0013869813502963714,0.0014165459074848984,0.0015168052801221644,-2.8384704131465512,-2.8561017611387025,-2.8579293785214004,-2.848769346279936,-2.819070168189073,A,non-synonymous,-0.011054570914333216,0.0042163914406049925,0.01636268775050693,0.02094808418978117,0.018655385970144052
137,ortho,tatttggctttgtcttttagagatcca,3.0,ttg,4.0,,YLALSFRDP,,False,False,5.0,3.0,5.0,307.0,174.0,296.0,291.0,240.0,True,False,True,True,False,False,1.0,both,0.001450539590758418,0.0013928304054877517,0.0013869813502963714,0.0014165459074848984,0.0015168052801221644,-2.8384704131465512,-2.8561017611387025,-2.8579293785214004,-2.848769346279936,-2.819070168189073,L,synonymous,-0.011054570914333216,0.0042163914406049925,0.01636268775050693,0.02094808418978117,0.018655385970144052
138,ortho,tatttggctttgtcttttagagatcca,5.0,ttt,5.0,,YLALSFRDP,,False,False,5.0,3.0,5.0,307.0,174.0,296.0,291.0,240.0,True,False,True,True,False,False,1.0,both,0.001450539590758418,0.0013928304054877517,0.0013869813502963714,0.0014165459074848984,0.0015168052801221644,-2.8384704131465512,-2.8561017611387025,-2.8579293785214004,-2.848769346279936,-2.819070168189073,F,non-synonymous,-0.011054570914333216,0.0042163914406049925,0.01636268775050693,0.02094808418978117,0.018655385970144052
139,single,tcgttagttttatctttgagagatcca,0.0,tcg,1.0,,SLVLSLRDP,,False,False,2.0,1.0,1.0,760.0,408.0,746.0,607.0,567.0,True,False,True,True,False,False,1.0,both,0.0030256959848465968,0.0032905618329648135,0.0034335694665317334,0.003321555920999072,0.00382275925328086,-2.519174711057201,-2.482729943957402,-2.4642541617177955,-2.478658431472656,-2.417623051775343,S,non-synonymous,0.03120017409102904,0.0023412601062084144,0.058617432755869184,0.01907295285538459,0.038845192805626885
140,single,tctttagttttatctttgagagatcca,0.0,tct,1.0,,SLVLSLRDP,,False,False,1.0,1.0,1.0,920.0,483.0,752.0,879.0,706.0,True,False,True,True,False,False,1.0,both,0.004381526805074396,0.004097242776143137,0.0041564261963278875,0.003932136053535666,0.0038535053062563095,-2.358374527058687,-2.387508301798505,-2.381279926653032,-2.405371463811024,-2.4141440386563695,S,non-synonymous,-0.013012478272051486,-0.01027193426210461,0.014404780392788662,0.006459758487071565,0.010432269439930114
141,ortho,tctttgactttgtcttttagagatgtt,0.0,tct,1.0,,SLTLSFRDV,,False,False,9.0,4.0,6.0,495.0,255.0,340.0,364.0,384.0,True,False,True,True,False,False,1.0,both,0.00181442065648132,0.0022285286487804027,0.002236338007806853,0.00207597245062442,0.001742276335275459,-2.7412620184834027,-2.6519817784827775,-2.650462555065018,-2.682778414128581,-2.7588829622057567,S,non-synonymous,0.051582861062042754,-0.01770912767996916,0.0790001197268829,-0.0009774349307929836,0.039011342398044956
142,ortho,tctttgactttgtcttttagagatgtt,1.0,ttg,2.0,,SLTLSFRDV,,False,False,9.0,4.0,6.0,495.0,255.0,340.0,364.0,384.0,True,False,True,True,False,False,1.0,both,0.00181442065648132,0.0022285286487804027,0.002236338007806853,0.00207597245062442,0.001742276335275459,-2.7412620184834027,-2.6519817784827775,-2.650462555065018,-2.682778414128581,-2.7588829622057567,L,synonymous,0.051582861062042754,-0.01770912767996916,0.0790001197268829,-0.0009774349307929836,0.039011342398044956
143,ortho,tctttgactttgtcttttagagatgtt,2.0,act,3.0,,SLTLSFRDV,,False,False,9.0,4.0,6.0,495.0,255.0,340.0,364.0,384.0,True,False,True,True,False,False,1.0,both,0.00181442065648132,0.0022285286487804027,0.002236338007806853,0.00207597245062442,0.001742276335275459,-2.7412620184834027,-2.6519817784827775,-2.650462555065018,-2.682778414128581,-2.7588829622057567,T,non-synonymous,0.051582861062042754,-0.01770912767996916,0.0790001197268829,-0.0009774349307929836,0.039011342398044956
144,ortho,tctttgactttgtcttttagagatgtt,3.0,ttg,4.0,,SLTLSFRDV,,False,False,9.0,4.0,6.0,495.0,255.0,340.0,364.0,384.0,True,False,True,True,False,False,1.0,both,0.00181442065648132,0.0022285286487804027,0.002236338007806853,0.00207597245062442,0.001742276335275459,-2.7412620184834027,-2.6519817784827775,-2.650462555065018,-2.682778414128581,-2.7588829622057567,L,synonymous,0.051582861062042754,-0.01770912767996916,0.0790001197268829,-0.0009774349307929836,0.039011342398044956
145,ortho,tctttgactttgtcttttagagatgtt,5.0,ttt,5.0,,SLTLSFRDV,,False,False,9.0,4.0,6.0,495.0,255.0,340.0,364.0,384.0,True,False,True,True,False,False,1.0,both,0.00181442065648132,0.0022285286487804027,0.002236338007806853,0.00207597245062442,0.001742276335275459,-2.7412620184834027,-2.6519817784827775,-2.650462555065018,-2.682778414128581,-2.7588829622057567,F,non-synonymous,0.051582861062042754,-0.01770912767996916,0.0790001197268829,-0.0009774349307929836,0.039011342398044956
146,ortho,tctttgactttgtcttttagagatgtt,8.0,gtt,6.0,,SLTLSFRDV,,False,False,9.0,4.0,6.0,495.0,255.0,340.0,364.0,384.0,True,False,True,True,False,False,1.0,both,0.00181442065648132,0.0022285286487804027,0.002236338007806853,0.00207597245062442,0.001742276335275459,-2.7412620184834027,-2.6519817784827775,-2.650462555065018,-2.682778414128581,-2.7588829622057567,V,non-synonymous,0.051582861062042754,-0.01770912767996916,0.0790001197268829,-0.0009774349307929836,0.039011342398044956
147,single,tggttagttttatctttgagagatcca,0.0,tgg,1.0,,WLVLSLRDP,,False,False,2.0,1.0,1.0,1945.0,1095.0,1812.0,1605.0,1362.0,True,False,True,True,False,False,1.0,both,0.008000398773770656,0.00790431255114299,0.008787227121584503,0.008914469935034273,0.00928530799858568,-2.096888365391568,-2.102135895273542,-2.0561481483368604,-2.049904475386399,-2.0322036859072172,W,non-synonymous,0.023144376374639914,0.030034867909785944,0.050561635039480066,0.04676656065896212,0.04866409784922109
148,ortho,ttgcaaattagaccattgattgctcca,0.0,ttg,1.0,,LQIRPLIAP,,False,False,11.0,7.0,7.0,1269.0,670.0,1028.0,962.0,723.0,True,False,True,True,False,False,1.0,both,0.004795254592129203,0.004195901596531853,0.00573315743819575,0.00545451585066024,0.005267823743126976,-2.319188330094646,-2.3771747055557775,-2.241606131903882,-2.2632437918617097,-2.2783687645887545,L,non-synonymous,0.04407417840920565,0.06551420487967345,0.07149143707404579,0.08224589762884962,0.0768686673514477
149,ortho,ttgcaaattagaccattgattgctcca,1.0,caa,2.0,,LQIRPLIAP,,False,False,11.0,7.0,7.0,1269.0,670.0,1028.0,962.0,723.0,True,False,True,True,False,False,1.0,both,0.004795254592129203,0.004195901596531853,0.00573315743819575,0.00545451585066024,0.005267823743126976,-2.319188330094646,-2.3771747055557775,-2.241606131903882,-2.2632437918617097,-2.2783687645887545,Q,non-synonymous,0.04407417840920565,0.06551420487967345,0.07149143707404579,0.08224589762884962,0.0768686673514477
150,ortho,ttgcaaattagaccattgattgctcca,2.0,att,3.0,,LQIRPLIAP,,False,False,11.0,7.0,7.0,1269.0,670.0,1028.0,962.0,723.0,True,False,True,True,False,False,1.0,both,0.004795254592129203,0.004195901596531853,0.00573315743819575,0.00545451585066024,0.005267823743126976,-2.319188330094646,-2.3771747055557775,-2.241606131903882,-2.2632437918617097,-2.2783687645887545,I,non-synonymous,0.04407417840920565,0.06551420487967345,0.07149143707404579,0.08224589762884962,0.0768686673514477
151,ortho,ttgcaaattagaccattgattgctcca,3.0,aga,4.0,,LQIRPLIAP,,False,False,11.0,7.0,7.0,1269.0,670.0,1028.0,962.0,723.0,True,False,True,True,False,False,1.0,both,0.004795254592129203,0.004195901596531853,0.00573315743819575,0.00545451585066024,0.005267823743126976,-2.319188330094646,-2.3771747055557775,-2.241606131903882,-2.2632437918617097,-2.2783687645887545,R,non-synonymous,0.04407417840920565,0.06551420487967345,0.07149143707404579,0.08224589762884962,0.0768686673514477
152,ortho,ttgcaaattagaccattgattgctcca,4.0,cca,5.0,,LQIRPLIAP,,False,False,11.0,7.0,7.0,1269.0,670.0,1028.0,962.0,723.0,True,False,True,True,False,False,1.0,both,0.004795254592129203,0.004195901596531853,0.00573315743819575,0.00545451585066024,0.005267823743126976,-2.319188330094646,-2.3771747055557775,-2.241606131903882,-2.2632437918617097,-2.2783687645887545,P,non-synonymous,0.04407417840920565,0.06551420487967345,0.07149143707404579,0.08224589762884962,0.0768686673514477
153,ortho,ttgcaaattagaccattgattgctcca,6.0,att,6.0,,LQIRPLIAP,,False,False,11.0,7.0,7.0,1269.0,670.0,1028.0,962.0,723.0,True,False,True,True,False,False,1.0,both,0.004795254592129203,0.004195901596531853,0.00573315743819575,0.00545451585066024,0.005267823743126976,-2.319188330094646,-2.3771747055557775,-2.241606131903882,-2.2632437918617097,-2.2783687645887545,I,non-synonymous,0.04407417840920565,0.06551420487967345,0.07149143707404579,0.08224589762884962,0.0768686673514477
154,ortho,ttgcaaattagaccattgattgctcca,7.0,gct,7.0,,LQIRPLIAP,,False,False,11.0,7.0,7.0,1269.0,670.0,1028.0,962.0,723.0,True,False,True,True,False,False,1.0,both,0.004795254592129203,0.004195901596531853,0.00573315743819575,0.00545451585066024,0.005267823743126976,-2.319188330094646,-2.3771747055557775,-2.241606131903882,-2.2632437918617097,-2.2783687645887545,A,non-synonymous,0.04407417840920565,0.06551420487967345,0.07149143707404579,0.08224589762884962,0.0768686673514477
155,ortho,ttgcaagttaaaccaatgattaaacca,0.0,ttg,1.0,,LQVKPMIKP,,False,False,12.0,7.0,7.0,715.0,390.0,612.0,559.0,434.0,True,False,True,True,False,False,1.0,both,0.002786431722453456,0.0025187016499236847,0.003230266011276565,0.003175016689190289,0.003136097403495826,-2.5549515942460355,-2.5988232733377976,-2.4907617121975063,-2.498253987536037,-2.5036104571024502,L,non-synonymous,0.036466049937336695,0.05783080799572354,0.06388330860217684,0.07456250074489972,0.06922290467353828
156,ortho,ttgcaagttaaaccaatgattaaacca,1.0,caa,2.0,,LQVKPMIKP,,False,False,12.0,7.0,7.0,715.0,390.0,612.0,559.0,434.0,True,False,True,True,False,False,1.0,both,0.002786431722453456,0.0025187016499236847,0.003230266011276565,0.003175016689190289,0.003136097403495826,-2.5549515942460355,-2.5988232733377976,-2.4907617121975063,-2.498253987536037,-2.5036104571024502,Q,non-synonymous,0.036466049937336695,0.05783080799572354,0.06388330860217684,0.07456250074489972,0.06922290467353828
157,ortho,ttgcaagttaaaccaatgattaaacca,3.0,aaa,3.0,,LQVKPMIKP,,False,False,12.0,7.0,7.0,715.0,390.0,612.0,559.0,434.0,True,False,True,True,False,False,1.0,both,0.002786431722453456,0.0025187016499236847,0.003230266011276565,0.003175016689190289,0.003136097403495826,-2.5549515942460355,-2.5988232733377976,-2.4907617121975063,-2.498253987536037,-2.5036104571024502,K,non-synonymous,0.036466049937336695,0.05783080799572354,0.06388330860217684,0.07456250074489972,0.06922290467353828
158,ortho,ttgcaagttaaaccaatgattaaacca,4.0,cca,4.0,,LQVKPMIKP,,False,False,12.0,7.0,7.0,715.0,390.0,612.0,559.0,434.0,True,False,True,True,False,False,1.0,both,0.002786431722453456,0.0025187016499236847,0.003230266011276565,0.003175016689190289,0.003136097403495826,-2.5549515942460355,-2.5988232733377976,-2.4907617121975063,-2.498253987536037,-2.5036104571024502,P,non-synonymous,0.036466049937336695,0.05783080799572354,0.06388330860217684,0.07456250074489972,0.06922290467353828
159,ortho,ttgcaagttaaaccaatgattaaacca,5.0,atg,5.0,,LQVKPMIKP,,False,False,12.0,7.0,7.0,715.0,390.0,612.0,559.0,434.0,True,False,True,True,False,False,1.0,both,0.002786431722453456,0.0025187016499236847,0.003230266011276565,0.003175016689190289,0.003136097403495826,-2.5549515942460355,-2.5988232733377976,-2.4907617121975063,-2.498253987536037,-2.5036104571024502,M,non-synonymous,0.036466049937336695,0.05783080799572354,0.06388330860217684,0.07456250074489972,0.06922290467353828
160,ortho,ttgcaagttaaaccaatgattaaacca,6.0,att,6.0,,LQVKPMIKP,,False,False,12.0,7.0,7.0,715.0,390.0,612.0,559.0,434.0,True,False,True,True,False,False,1.0,both,0.002786431722453456,0.0025187016499236847,0.003230266011276565,0.003175016689190289,0.003136097403495826,-2.5549515942460355,-2.5988232733377976,-2.4907617121975063,-2.498253987536037,-2.5036104571024502,I,non-synonymous,0.036466049937336695,0.05783080799572354,0.06388330860217684,0.07456250074489972,0.06922290467353828
161,ortho,ttgcaagttaaaccaatgattaaacca,7.0,aaa,7.0,,LQVKPMIKP,,False,False,12.0,7.0,7.0,715.0,390.0,612.0,559.0,434.0,True,False,True,True,False,False,1.0,both,0.002786431722453456,0.0025187016499236847,0.003230266011276565,0.003175016689190289,0.003136097403495826,-2.5549515942460355,-2.5988232733377976,-2.4907617121975063,-2.498253987536037,-2.5036104571024502,K,non-synonymous,0.036466049937336695,0.05783080799572354,0.06388330860217684,0.07456250074489972,0.06922290467353828
162,single,ttgttagttttatctttgagagatcca,0.0,ttg,1.0,,LLVLSLRDP,,False,False,1.0,1.0,1.0,885.0,534.0,808.0,763.0,636.0,True,False,True,True,False,False,1.0,both,0.0038033048376243054,0.0036910005745425423,0.003998301286684979,0.00434733054366055,0.004140468467360502,-2.4198388641775783,-2.4328558872018946,-2.3981244833007613,-2.3617773375339794,-2.3829505184734256,L,non-synonymous,0.012335864658758845,0.04087261757592911,0.039753123323598996,0.05760431032510528,0.04867871682435214
163,single,tttaaggttttatctttgagagatcca,1.0,aag,1.0,,FKVLSLRDP,,False,False,3.0,1.0,1.0,7.0,4.0,14.0,170.0,149.0,True,False,True,True,False,False,1.0,both,0.0008473942626423747,0.0008647155434069792,3.162498192858175e-05,3.256427373528502e-05,7.174079027604831e-05,-3.071914480754185,-3.0631267344380344,-4.49996971398433,-4.487258603234574,-4.144233843569774,K,non-synonymous,-0.8112732378737688,-0.8189249432208013,-0.7838559792089287,-0.8021932504716252,-0.7930246148402769
164,single,tttaatgttttatctttgagagatcca,1.0,aat,1.0,,FNVLSLRDP,,False,False,3.0,1.0,1.0,615.0,400.0,604.0,704.0,543.0,True,False,True,True,False,False,1.0,both,0.0035092091817660693,0.0031512787924160386,0.0027784805551539686,0.003256427373528502,0.003095102666195227,-2.4547907429903466,-2.5015131732614617,-2.55619263822317,-2.4872586032345736,-2.50932494062688,N,non-synonymous,-0.057606065898441174,0.008196869409130485,-0.030188807233601025,0.02492856215830666,-0.0026301225376471823
165,single,tttacggttttatctttgagagatcca,1.0,acg,1.0,,FTVLSLRDP,,False,False,3.0,1.0,1.0,1518.0,769.0,1344.0,1307.0,1073.0,True,False,True,True,False,False,1.0,both,0.006514966478079904,0.006227112604534824,0.006858103223941015,0.006260481625608545,0.006887115866500638,-2.1860878145519145,-2.2057132808843574,-2.1637959824391255,-2.203392254761105,-2.161962610530205,T,non-synonymous,0.012663912708316316,0.001334670073639126,0.04008117137315646,0.0180663628228153,0.029073767097985884
166,single,tttactgttttatctttgagagatcca,1.0,act,1.0,,FTVLSLRDP,,False,False,3.0,1.0,1.0,104.0,56.0,114.0,93.0,126.0,True,False,True,True,False,False,1.0,both,0.00046357450838671084,0.0007312359628810697,0.0004698568743675004,0.00045589983229399024,0.0005841750065335362,-3.333880453578524,-3.1359424577327455,-3.3280344146998067,-3.3411305675563354,-3.233457027911539,T,non-synonymous,0.003321114463580697,-0.11799024013756788,0.030738373128420846,-0.10125854738839171,-0.035260087129985435
167,single,tttagggttttatctttgagagatcca,1.0,agg,1.0,,FRVLSLRDP,,False,False,3.0,1.0,1.0,988.0,516.0,690.0,756.0,642.0,True,False,True,True,False,False,1.0,both,0.003768412132691972,0.003725821334679736,0.004463640306491253,0.004200791311851767,0.003535796092176667,-2.4238416066312523,-2.4287779747814553,-2.350310809410959,-2.376668892935325,-2.4515127885107564,R,non-synonymous,0.04177259153304271,0.02996451931673411,0.06918985019788286,0.046696212065910285,0.05794303113189657
168,single,tttagtgttttatctttgagagatcca,1.0,agt,1.0,,FSVLSLRDP,,False,False,3.0,1.0,1.0,1636.0,898.0,1454.0,1418.0,1241.0,True,False,True,True,False,False,1.0,both,0.007068265084864043,0.00720209388837625,0.0073912100621656785,0.007310679453571486,0.007450793504383875,-2.150687171285411,-2.142541221351579,-2.131284454663283,-2.1360422578952316,-2.1277974727249926,S,non-synonymous,0.011022616192495956,0.0037371281382675425,0.038439874857336104,0.020468820887443718,0.02945434787238991
169,ortho,tttatggctttgtctttgagagatcca,1.0,atg,1.0,,FMALSLRDP,,False,False,4.0,2.0,3.0,1522.0,751.0,1026.0,1220.0,897.0,True,False,True,True,False,False,1.0,both,0.006081300002492336,0.005205703640510473,0.006876174642185919,0.006113942393799763,0.005257575058801827,-2.2160035714577107,-2.2835205598062163,-2.162653101564033,-2.2136786575583676,-2.279214518472214,M,non-synonymous,0.030308217389344857,0.04016150265711357,0.057725476054185,0.056893195406289745,0.057309335730237373
170,ortho,tttatggctttgtctttgagagatcca,2.0,gct,2.0,,FMALSLRDP,,False,False,4.0,2.0,3.0,1522.0,751.0,1026.0,1220.0,897.0,True,False,True,True,False,False,1.0,both,0.006081300002492336,0.005205703640510473,0.006876174642185919,0.006113942393799763,0.005257575058801827,-2.2160035714577107,-2.2835205598062163,-2.162653101564033,-2.2136786575583676,-2.279214518472214,A,non-synonymous,0.030308217389344857,0.04016150265711357,0.057725476054185,0.056893195406289745,0.057309335730237373
171,ortho,tttatggctttgtctttgagagatcca,3.0,ttg,3.0,,FMALSLRDP,,False,False,4.0,2.0,3.0,1522.0,751.0,1026.0,1220.0,897.0,True,False,True,True,False,False,1.0,both,0.006081300002492336,0.005205703640510473,0.006876174642185919,0.006113942393799763,0.005257575058801827,-2.2160035714577107,-2.2835205598062163,-2.162653101564033,-2.2136786575583676,-2.279214518472214,L,synonymous,0.030308217389344857,0.04016150265711357,0.057725476054185,0.056893195406289745,0.057309335730237373
172,single,tttatggttttatctttgagagatcca,1.0,atg,1.0,,FMVLSLRDP,,False,False,2.0,1.0,1.0,2059.0,1181.0,1754.0,1913.0,1526.0,True,False,True,True,False,False,1.0,both,0.00953567779079331,0.008856079994892956,0.009302262541564263,0.009614601820342902,0.00898809615315634,-2.0206484321051628,-2.052758469231447,-2.0314114073805554,-2.0170686969490212,-2.0463322902179897,M,non-synonymous,-0.006114409021192205,0.020522850011528215,0.021302849643647943,0.03725454276070439,0.029278696202176165
173,single,tttattgttttatctttgagagatcca,1.0,att,1.0,,FIVLSLRDP,,False,False,2.0,1.0,1.0,1193.0,627.0,1005.0,1128.0,968.0,True,False,True,True,False,False,1.0,both,0.005622710166238816,0.0056177493021339325,0.005389800491542576,0.005104449908005927,0.005149963873387754,-2.250054302485135,-2.250437645541915,-2.2684273103282453,-2.2920510537318197,-2.288195817491504,I,non-synonymous,-0.01043764219724525,-0.023929144966006226,0.016979616467594896,-0.0071974522168300505,0.004891082125382423
174,single,tttcaggttttatctttgagagatcca,1.0,cag,1.0,,FQVLSLRDP,,False,False,3.0,1.0,1.0,2258.0,1189.0,1819.0,1951.0,1746.0,True,False,True,True,False,False,1.0,both,0.009725095331854547,0.010132841199923394,0.010201315599248228,0.009679730367813472,0.009321178393723706,-2.012106132737941,-1.9942687634807577,-1.991343816409638,-2.0141367399438446,-2.030529180184528,Q,non-synonymous,0.011795000082260164,-0.011424771717730653,0.03921225874710031,0.0053069210314455224,0.022259589889272915
175,single,tttcatgttttatctttgagagatcca,1.0,cat,1.0,,FHVLSLRDP,,False,False,3.0,1.0,1.0,849.0,365.0,609.0,673.0,617.0,True,False,True,True,False,False,1.0,both,0.0033546843456371657,0.0035807348341080954,0.003835658522480844,0.002971489978344758,0.0031207243770081015,-2.474348337908482,-2.446027838817067,-2.416160063754634,-2.5270257301060615,-2.5057445866151364,H,non-synonymous,0.033056557253952276,-0.04657658112861243,0.060473815918792424,-0.029844888379436257,0.015314463769678084
176,single,tttccggttttatctttgagagatcca,1.0,ccg,1.0,,FPVLSLRDP,,False,False,3.0,1.0,1.0,295.0,161.0,238.0,274.0,229.0,True,False,True,True,False,False,1.0,both,0.0013658001644941803,0.0013289923452362298,0.0013327670955616596,0.001310712017845222,0.0012195934346928214,-2.8646128393120707,-2.8764775205104205,-2.875245738020424,-2.882492718530686,-2.9137849221914998,P,non-synonymous,-0.006040512973435734,-0.0034589463273304363,0.021376745691404415,0.013272746421845739,0.017324746056625078
177,single,tttcctgttttatctttgagagatcca,1.0,cct,1.0,,FPVLSLRDP,,False,False,3.0,1.0,1.0,43.0,35.0,34.0,51.0,30.0,True,False,True,True,False,False,1.0,both,0.0002542182787927124,0.00017410380068596897,0.00019426774613271649,0.00028493739518374394,0.0001742276335275459,-3.5947932260345223,-3.7591917481306463,-3.7115992984190003,-3.5452505502122604,-3.7588829622057567,P,non-synonymous,-0.06635712565005637,0.12302356768826353,-0.038939866985216225,0.13975526043743972,0.05040769672611174
178,single,tttcgggttttatctttgagagatcca,1.0,cgg,1.0,,FRVLSLRDP,,False,False,3.0,1.0,1.0,874.0,420.0,672.0,683.0,666.0,True,False,True,True,False,False,1.0,both,0.00340453106696907,0.0038651043752285113,0.003948604886511493,0.003419248742204927,0.003443557933250319,-2.4679426984509263,-2.4128387736800074,-2.403556321364184,-2.4660693041646353,-2.4629926061941863,R,non-synonymous,0.03657767808880302,-0.03060939096291302,0.06399493675364318,-0.013877698213736845,0.025058619269953168
179,single,tttcgtgttttatctttgagagatcca,1.0,cgt,1.0,,FRVLSLRDP,,False,False,3.0,1.0,1.0,296.0,190.0,235.0,233.0,253.0,True,False,True,True,False,False,1.0,both,0.0011614286070333723,0.001468275385785005,0.0013372849501228857,0.0015468030024260383,0.0012042204082050967,-2.9350074811064397,-2.8331924816744904,-2.873776042939648,-2.8105649936097072,-2.9192940169762753,R,non-synonymous,0.034785368202375884,0.013011586064948559,0.06220262686721603,0.029743278814124734,0.045972952840670385
180,single,tttctggttttatctttgagagatcca,1.0,ctg,1.0,,FLVLSLRDP,,False,False,2.0,0.0,1.0,1217.0,707.0,1222.0,1307.0,1098.0,True,False,True,True,False,False,1.0,both,0.006514966478079904,0.006372199105106465,0.005498229001012,0.005755735382711627,0.006261946122666503,-2.1860878145519145,-2.1957106627362353,-2.259777175768522,-2.2398991807656365,-2.2032906733414763,L,synonymous,-0.041862671190822466,-0.025409921939896326,-0.014445412525982318,-0.00867822919072015,-0.011561820858351234
181,single,tttcttgttttatctttgagagatcca,1.0,ctt,1.0,,FLVLSLRDP,,False,False,2.0,0.0,1.0,164.0,136.0,153.0,475.0,459.0,True,False,True,True,False,False,1.0,both,0.002367719263265459,0.0026637881504953252,0.0007409281480410582,0.0011071853069996905,0.0007840243508739565,-2.6256697925075922,-2.5745003173130474,-3.130223905950889,-2.9557796861923187,-3.1056704484304127,L,synonymous,-0.28663544642443434,-0.21924878752595958,-0.2592181877595942,-0.2025170947767834,-0.23086764126818882
182,single,tttgaggttttatctttgagagatcca,1.0,gag,1.0,,FEVLSLRDP,,False,False,3.0,1.0,1.0,180.0,113.0,171.0,158.0,153.0,True,False,True,True,False,False,1.0,both,0.0007875781970440894,0.0008879293834984417,0.0008132138210206737,0.0009199407330218017,0.0008762625098003043,-3.103706315178036,-3.0516215720327096,-3.089795248895281,-3.036240151079116,-3.057365768855858,E,non-synonymous,0.00790282863216721,0.008844847557355208,0.035320087297007356,0.025576540306531385,0.03044831380176937
183,single,tttgcggttttatctttgagagatcca,1.0,gcg,1.0,,FAVLSLRDP,,False,False,3.0,1.0,1.0,1246.0,677.0,1095.0,1021.0,921.0,True,False,True,True,False,False,1.0,both,0.005089350247987439,0.0053449866810592475,0.005629246783287552,0.005511503329696989,0.005611154668019493,-2.2933376600455486,-2.2720533726534597,-2.249549711675436,-2.258729925877392,-2.2509477600718744,A,non-synonymous,0.02487578199179176,0.00766144142523614,0.05229304065663191,0.024393134174412315,0.038343087415522115
184,single,tttgctgttttatctttgagagatcca,1.0,gct,1.0,,FAVLSLRDP,,False,False,3.0,1.0,1.0,412.0,199.0,283.0,298.0,241.0,True,False,True,True,False,False,1.0,both,0.001485432295690751,0.0013986338655106174,0.0018613560792250976,0.0016200726183304298,0.001450188832008691,-2.8281471380562033,-2.85429596027544,-2.7301705379654524,-2.7904655181528293,-2.8385754437237214,A,non-synonymous,0.05566016757747992,0.036704705748345036,0.08307742624232006,0.053436398497521215,0.06825691236992064
185,single,tttggggttttatctttgagagatcca,1.0,ggg,1.0,,FGVLSLRDP,,False,False,3.0,1.0,1.0,75.0,41.0,62.0,62.0,61.0,True,False,True,True,False,False,1.0,both,0.00030904967225780724,0.00035401106139480357,0.00033883909209194736,0.0003337838057866714,0.0003177092140796425,-3.5099717126342047,-3.4509831678395413,-3.470006490606887,-3.4765347378428006,-3.4979701897497577,G,non-synonymous,0.022704104380548887,-0.014693034031886201,0.050121363045389035,0.0020386587172899744,0.026080010881339506
186,single,tttggtgttttatctttgagagatcca,1.0,ggt,1.0,,FGVLSLRDP,,False,False,3.0,1.0,1.0,162.0,104.0,122.0,153.0,123.0,True,False,True,True,False,False,1.0,both,0.0007626548363781372,0.0007138255828124728,0.0007318924389186064,0.0008466711171174105,0.0006251697438341353,-3.11767197131486,-3.1464078914109104,-3.135552739455956,-3.0722852552637554,-3.204002048573263,G,non-synonymous,-0.010158002525354209,0.04262307229279278,0.017259256139485937,0.05935476504196896,0.03830701059072745
187,single,tttgtggttttatctttgagagatcca,1.0,gtg,1.0,,FVVLSLRDP,,False,False,2.0,1.0,1.0,544.0,274.0,430.0,450.0,368.0,True,False,True,True,False,False,1.0,both,0.002243102459935698,0.002135673288414553,0.002457712881306925,0.0022306527508670236,0.002203467129907198,-2.649150888357115,-2.670465184176791,-2.609468854300407,-2.651568031742148,-2.656893423668425,V,non-synonymous,0.02254322627408799,0.010866514417412817,0.04996048493892814,0.027598207166588992,0.03877934605275857
188,single,tttgttgttttatctttgagagatcca,1.0,gtt,1.0,,FVVLSLRDP,,False,False,2.0,1.0,1.0,1085.0,494.0,929.0,890.0,810.0,True,False,True,True,False,False,1.0,both,0.004436358198539491,0.004700802618521163,0.004901872198930172,0.0040216878063077,0.004760513869032063,-2.352973395487546,-2.327827983971659,-2.3096380158140386,-2.395591645638889,-2.3223461652543698,V,non-synonymous,0.024618679280838083,-0.03896644264422283,0.052035937945678234,-0.022234749895046656,0.014900594025315789
189,single,ttttaggttttatctttgagagatcca,1.0,tag,1.0,,F*VLSLRDP,,True,False,2.0,1.0,1.0,287.0,128.0,193.0,371.0,434.0,True,False,True,True,False,False,1.0,both,0.001849313361413653,0.0025187016499236847,0.001296624259071852,0.0010420567595291206,0.0009889980373769518,-2.732989492517413,-2.5988232733377976,-2.8871858572645945,-2.9821086249146678,-3.0048045702402377,*,stop,-0.08759842139568728,-0.2204022967639216,-0.060181162730847136,-0.2036706040147454,-0.13192588337279626
190,single,ttttatgttttatctttgagagatcca,1.0,tat,1.0,,FYVLSLRDP,,False,False,2.0,1.0,1.0,1536.0,756.0,1097.0,1078.0,1125.0,True,False,True,True,False,False,1.0,both,0.005373476559579294,0.0065288925257238365,0.0069394246060430825,0.006154647735968868,0.005621403352344643,-2.269744641281739,-2.1851604804029274,-2.158676538303094,-2.2107967990613293,-2.2501552516733003,Y,non-synonymous,0.06309740508017242,-0.014741767431595759,0.09051466374501257,0.001989925317580417,0.04625229453129649
191,single,ttttcggttttatctttgagagatcca,1.0,tcg,1.0,,FSVLSLRDP,,False,False,2.0,1.0,1.0,1965.0,1028.0,1667.0,1687.0,1386.0,True,False,True,True,False,False,1.0,both,0.008409141888692271,0.008043595591691767,0.008877584212809021,0.00836901834996825,0.008542278385012324,-2.0752483195433333,-2.0945497725745206,-2.0517051992871416,-2.077325479903279,-2.0684262794200063,S,non-synonymous,0.01337476517395621,0.009904562356107236,0.04079202383879636,0.02663625510528341,0.033714139472039883
192,single,ttttctgttttatctttgagagatcca,1.0,tct,1.0,,FSVLSLRDP,,False,False,2.0,1.0,1.0,2063.0,1113.0,1838.0,1757.0,1855.0,True,False,True,True,False,False,1.0,both,0.008758068938015602,0.010765418342415749,0.009320333959809166,0.009061009166843057,0.009418540894812628,-2.0575916406371637,-1.9679690888992438,-2.0305685260254354,-2.042823430227828,-2.026016372197919,S,non-synonymous,0.015351737928863223,-0.04304382800880832,0.04276899659370337,-0.026312135259632146,0.008228430667035611
193,single,ttttgggttttatctttgagagatcca,1.0,tgg,1.0,,FWVLSLRDP,,False,False,2.0,1.0,1.0,346.0,174.0,222.0,258.0,234.0,True,False,True,True,False,False,1.0,both,0.0012860454103631334,0.001358009645350558,0.001563177678184184,0.0014165459074848984,0.0011376039600916232,-2.8907436961692285,-2.8670971454401655,-2.80599165520581,-2.848769346279936,-2.944008904797373,W,non-synonymous,0.04814734128544852,0.010539116647488909,0.07556459995028866,0.027270809396665083,0.05141770467347687
194,single,ttttgtgttttatctttgagagatcca,1.0,tgt,1.0,,FCVLSLRDP,,False,False,2.0,1.0,1.0,406.0,203.0,408.0,425.0,315.0,True,False,True,True,False,False,1.0,both,0.0021184856566059365,0.0018280899072026743,0.0018342489518577418,0.0016526368920657148,0.0020907316023305506,-2.6739744720821474,-2.738002449060708,-2.7365417204213927,-2.781822556649323,-2.6797017161581316,C,non-synonymous,-0.03554423734032953,-0.025198073229876463,-0.00812697867548938,-0.008466380480700288,-0.008296679578094834
195,single,tttttaaagttatctttgagagatcca,2.0,aag,1.0,,FLKLSLRDP,,False,False,3.0,1.0,1.0,324.0,200.0,260.0,472.0,478.0,True,False,True,True,False,False,1.0,both,0.0023527652468658873,0.0027740538909297725,0.0014637848778372127,0.001628213686764251,0.0013323289622694686,-2.628421403498371,-2.5568851062381897,-2.834522743791975,-2.788288598898555,-2.875388531277194,K,non-synonymous,-0.11708545844680836,-0.1330649894437958,-0.08966819978196822,-0.11633329669461963,-0.10300074823829392
196,single,tttttaaatttatctttgagagatcca,2.0,aat,1.0,,FLNLSLRDP,,False,False,2.0,1.0,1.0,1.0,1.0,13.0,1.0,6.0,True,False,True,True,False,False,2.0,both,4.98467213319044e-06,3.482076013719379e-05,4.517854561225965e-06,8.141068433821254e-06,6.661644811347344e-05,-5.302363402132459,-4.458161752466665,-5.345067753998587,-5.089318594562536,-4.176418526941175,N,non-synonymous,-0.024260194566403874,-0.3629369529617801,0.003157064098436274,-0.3462052602126039,-0.1715240980570838
197,single,tttttaacgttatctttgagagatcca,2.0,acg,1.0,,FLTLSLRDP,,False,False,3.0,1.0,1.0,250.0,147.0,244.0,260.0,169.0,True,False,True,True,False,False,1.0,both,0.0012960147546295143,0.000980784743864292,0.0011294636403064912,0.0011967370597717245,0.0012503394876682706,-2.887390054161641,-3.008426298236635,-2.9471277453265494,-2.92200125981436,-2.902972052909282,T,non-synonymous,-0.03393677569798049,0.04969737791390484,-0.00651951703314034,0.06642907066308101,0.029954776814970337
198,single,tttttaactttatctttgagagatcca,2.0,act,1.0,,FLTLSLRDP,,False,False,2.0,1.0,1.0,608.0,346.0,499.0,578.0,479.0,True,False,True,True,False,False,1.0,both,0.002881140492984074,0.0027798573509526378,0.0027468555732253867,0.0028168096781021543,0.002557046739124865,-2.5404355637119296,-2.555977489435745,-2.5611641747258522,-2.5502424957697594,-2.592261333624622,T,non-synonymous,-0.011775852209758656,0.0032978191593015962,0.01564140645508149,0.020029511908477772,0.01783545918177963
199,single,tttttaaggttatctttgagagatcca,2.0,agg,1.0,,FLRLSLRDP,,False,False,3.0,1.0,1.0,164.0,84.0,90.0,240.0,166.0,True,False,True,True,False,False,1.0,both,0.0011963213119657054,0.000963374363795695,0.0007409281480410582,0.0006838497484409854,0.00046119079463173915,-2.9221521604208527,-3.0162049148102534,-3.130223905950889,-3.1650393085006545,-3.336119369808687,R,non-synonymous,-0.11820483884533,-0.08558490970728158,-0.09078758018048985,-0.06885321695810541,-0.07982039856929762
200,single,tttttaagtttatctttgagagatcca,2.0,agt,1.0,,FLSLSLRDP,,False,False,2.0,1.0,1.0,11.0,9.0,7.0,44.0,32.0,True,False,True,True,False,False,1.0,both,0.00021932557386037933,0.00018571072073170024,4.9696400173485616e-05,7.32696159043913e-05,3.5870395138024155e-05,-3.658910725646271,-3.7311630245304026,-4.303675068840362,-4.135076085123211,-4.445263839233755,S,non-synonymous,-0.36628839291142756,-0.232263940902907,-0.33887113424658744,-0.21553224815373082,-0.27720169120015914
201,single,tttttaatgttatctttgagagatcca,2.0,atg,1.0,,FLMLSLRDP,,False,False,2.0,1.0,1.0,2308.0,1314.0,2197.0,2267.0,1970.0,True,False,True,True,False,False,1.0,both,0.011300251725942727,0.011432816245045297,0.010427208327309527,0.010697363922041129,0.01125817973117701,-1.9469118820059412,-1.9418467766887155,-1.981831949514893,-1.970723229338774,-1.9485318223275012,M,non-synonymous,-0.01983796955155468,-0.016604956229826308,0.007579289113285467,0.0001267365193498675,0.0038530128163176674
202,single,tttttaattttatctttgagagatcca,2.0,att,1.0,,FLILSLRDP,,False,False,1.0,1.0,1.0,942.0,582.0,965.0,878.0,779.0,True,False,True,True,False,False,1.0,both,0.0043765421329412055,0.004520895357812328,0.004255818996674859,0.0047381018284839704,0.004944990186884758,-2.358868886226356,-2.344775545177744,-2.3710168512057095,-2.3243956099126475,-2.305834565904219,I,non-synonymous,-0.0069012168808661924,0.011719165686472827,0.020516041783973954,0.028450858435649002,0.024483450109811476
203,single,tttttacagttatctttgagagatcca,2.0,cag,1.0,,FLQLSLRDP,,False,False,3.0,1.0,1.0,752.0,371.0,592.0,631.0,633.0,True,False,True,True,False,False,1.0,both,0.0031453281160431674,0.003673590194473945,0.0033974266300419256,0.0030203363889476855,0.0030336105602443287,-2.5023340428883243,-2.434909292832953,-2.468849913406945,-2.51994468494749,-2.5180401725250916,Q,non-synonymous,0.019022218125484484,-0.0488982833577081,0.04643947679032463,-0.03216659060853193,0.007136443090896352
204,single,tttttacatttatctttgagagatcca,2.0,cat,1.0,,FLHLSLRDP,,False,False,2.0,1.0,1.0,454.0,284.0,444.0,562.0,523.0,True,False,True,True,False,False,1.0,both,0.002801385738853027,0.0030352095919587256,0.002051105970796588,0.0023120634352052365,0.0022752079201832465,-2.5526270865633975,-2.5178113139830343,-2.688011901141483,-2.636000254515498,-2.642978909133392,H,non-synonymous,-0.07691164482011478,-0.06796271717215711,-0.049494386155274635,-0.05123102442298094,-0.050362705289127785
205,single,tttttaccgttatctttgagagatcca,2.0,ccg,1.0,,FLPLSLRDP,,False,False,3.0,1.0,1.0,1380.0,673.0,1148.0,1245.0,1032.0,True,False,True,True,False,False,1.0,both,0.006205916805822097,0.005989170743597332,0.006234639294491832,0.005478939055961704,0.005882744802635962,-2.2071940507007035,-2.222633305559116,-2.2051886675973504,-2.261303530338559,-2.2304199911860567,P,non-synonymous,0.0011392512037190136,-0.022236712993862096,0.028556509868559163,-0.00550502024468592,0.011525744811936621
206,single,tttttacctttatctttgagagatcca,2.0,cct,1.0,,FLPLSLRDP,,False,False,2.0,1.0,1.0,623.0,353.0,638.0,605.0,564.0,True,False,True,True,False,False,1.0,both,0.003015726640580216,0.003273151452896217,0.002814623391643776,0.002873797157138903,0.003269330299722773,-2.52060802747999,-2.4850338988669662,-2.550579707339417,-2.5415438891747133,-2.4855412005268493,P,non-synonymous,-0.01702680764600031,-0.03249519347059245,0.010390451018839838,-0.015763500721416277,-0.0026865248512882196
207,single,tttttacggttatctttgagagatcca,2.0,cgg,1.0,,FLRLSLRDP,,False,False,3.0,1.0,1.0,174.0,100.0,160.0,266.0,281.0,True,False,True,True,False,False,1.0,both,0.0013259227874286568,0.0016307722664252427,0.0007861066936533179,0.0008141068433821255,0.0008198947460119808,-2.8774817655013916,-2.7876066829452286,-3.1045185057159874,-3.089318594562536,-3.0862418965920866,R,non-synonymous,-0.12897878671932062,-0.17349475529891556,-0.10156152805448046,-0.15676306254973937,-0.12916229530210993
208,single,tttttacgtttatctttgagagatcca,2.0,cgt,1.0,,FLRLSLRDP,,False,False,2.0,1.0,1.0,57.0,48.0,53.0,74.0,75.0,True,False,True,True,False,False,1.0,both,0.00036886573785609254,0.00043525950171492244,0.00025751770998988,0.0003907712848234202,0.00027159013461646863,-3.4331316824014824,-3.3612517394586083,-3.5891928983260954,-3.408077357186949,-3.5660860096472224,R,non-synonymous,-0.08865783689843736,-0.026926345221011633,-0.06124057823359721,-0.010194652471835458,-0.035717615352716336
209,single,tttttactgttatctttgagagatcca,2.0,ctg,1.0,,FLLLSLRDP,,False,False,2.0,1.0,1.0,479.0,275.0,454.0,444.0,389.0,True,False,True,True,False,False,1.0,both,0.0022131944271365552,0.002257545948894731,0.002164052334827237,0.0022387938193008453,0.0023264513418089954,-2.654980432017839,-2.6463634015246007,-2.6647322405840237,-2.6499859007322732,-2.633306026390908,L,non-synonymous,-0.005539968711657623,-0.0020830619853114637,0.021877289953182527,0.014648630763864712,0.01826296035852362
210,single,tttttacttttatctttgagagatcca,2.0,ctt,1.0,,FLLLSLRDP,,False,False,1.0,1.0,1.0,1629.0,937.0,1555.0,1614.0,1297.0,True,False,True,True,False,False,1.0,both,0.00804526082296937,0.007527087649656725,0.007359585080237097,0.0076281811224905155,0.007968352062803937,-2.094459871746407,-2.1233730267662283,-2.1331466696900776,-2.117579003674758,-2.0986314858851554,L,non-synonymous,-0.02197783608112846,0.0033317631148949006,0.005439422583711689,0.020063455864071076,0.012751439223891383
211,single,tttttagagttatctttgagagatcca,2.0,gag,1.0,,FLELSLRDP,,False,False,2.0,1.0,1.0,895.0,494.0,774.0,716.0,649.0,True,False,True,True,False,False,1.0,both,0.0035690252473643547,0.0037664455548397954,0.004043479832297239,0.0040216878063077,0.003966240833832957,-2.4474503798246032,-2.4240683060499393,-2.393244718682675,-2.395591645638889,-2.401620918565119,E,non-synonymous,0.030794048579081364,0.016375061903462686,0.05821130724392151,0.03310675465263886,0.04565903094828019
212,single,tttttagatttatctttgagagatcca,2.0,gat,1.0,,FLDLSLRDP,,False,False,1.0,1.0,1.0,1.0,1.0,2.0,2.0,6.0,True,False,True,True,False,False,2.0,both,9.96934426638088e-06,3.482076013719379e-05,4.517854561225965e-06,8.141068433821254e-06,1.0248684325149758e-05,-5.001333406468477,-4.458161752466665,-5.345067753998587,-5.089318594562536,-4.989331883584031,D,non-synonymous,-0.19527429373891572,-0.3629369529617801,-0.16785703507407557,-0.3462052602126039,-0.25703114764333973
213,single,tttttagcgttatctttgagagatcca,2.0,gcg,1.0,,FLALSLRDP,,False,False,2.0,1.0,1.0,271.0,148.0,275.0,208.0,202.0,True,False,True,True,False,False,1.0,both,0.0010368118037036114,0.0011722989246188578,0.0012243385860922365,0.0012048781282055457,0.0014091940947080917,-2.984300067169697,-2.9309616334036845,-2.912098463124181,-2.9190568791675786,-2.851029185417749,A,non-synonymous,0.04101748148857881,0.006845644283699112,0.06843474015341897,0.023577337032875286,0.04600603859314713
214,single,tttttagctttatctttgagagatcca,2.0,gct,1.0,,FLALSLRDP,,False,False,1.0,1.0,1.0,2.0,1.0,7.0,3.0,5.0,True,False,True,True,False,False,2.0,both,1.4954016399571318e-05,2.901730011432816e-05,9.03570912245193e-06,8.141068433821254e-06,3.5870395138024155e-05,-4.825242147412796,-4.53734299851429,-5.044037758334606,-5.089318594562536,-4.445263839233755,A,non-synonymous,-0.12429702967693221,-0.317405005503502,-0.09687977101209205,-0.3006733127543258,-0.19877654188320892
215,single,tttttagggttatctttgagagatcca,2.0,ggg,1.0,,FLGLSLRDP,,False,False,2.0,1.0,1.0,1.0,1.0,3.0,3.0,9.0,True,False,True,True,False,False,2.0,both,1.4954016399571318e-05,5.223114020579069e-05,4.517854561225965e-06,8.141068433821254e-06,1.537302648772464e-05,-4.825242147412796,-4.282070493410983,-5.345067753998587,-5.089318594562536,-4.813240624528349,G,non-synonymous,-0.29531112884944405,-0.4641955003501719,-0.2678938701846039,-0.4474638076009957,-0.35767883889279983
216,single,tttttaggtttatctttgagagatcca,2.0,ggt,1.0,,FLGLSLRDP,,False,False,1.0,1.0,1.0,665.0,406.0,732.0,603.0,560.0,True,False,True,True,False,False,1.0,both,0.003005757296313835,0.003249937612804754,0.0030043732832152666,0.0033052737841314296,0.0037510184630048116,-2.5220460899923074,-2.488124975844108,-2.5222461086954824,-2.480792560985342,-2.42585079818962,G,non-synonymous,-0.00011362993334157608,0.0042163914406049925,0.027303628731498573,0.02094808418978117,0.02412585646063987
217,single,tttttagtgttatctttgagagatcca,2.0,gtg,1.0,,FLVLSLRDP,,False,False,1.0,0.0,1.0,1.0,4.0,5.0,11.0,6.0,True,False,True,True,False,False,2.0,both,5.483139346509483e-05,3.482076013719379e-05,4.517854561225965e-06,3.256427373528502e-05,2.56217108128744e-05,-4.260970716974234,-4.458161752466665,-5.345067753998587,-4.487258603234574,-4.591391874911992,V,synonymous,-0.6158717764765658,-0.016731692749176175,-0.5884545178117256,0.0,-0.2942272589058628
218,single,tttttagttaagtctttgagagatcca,3.0,aag,1.0,,FLVKSLRDP,,False,False,3.0,1.0,1.0,226.0,115.0,234.0,168.0,162.0,True,False,True,True,False,False,1.0,both,0.0008374249183759938,0.0009401605237042324,0.0010210351308370682,0.0009362228698894443,0.0011990960660425217,-3.0770541204065958,-3.0267979883076777,-2.990959314851186,-3.0286207542089243,-2.9211460218378686,K,non-synonymous,0.048910161205083784,-0.0010481532608666898,0.07632741986992393,0.015683539488309486,0.04600547967911671
219,single,tttttagttaattctttgagagatcca,3.0,aat,1.0,,FLVNSLRDP,,False,False,3.0,1.0,1.0,700.0,417.0,635.0,667.0,493.0,True,False,True,True,False,False,1.0,both,0.003324776312838023,0.002861105791272757,0.0031624981928581753,0.0033948255369034633,0.0032539572732350483,-2.47823756821591,-2.5434660835730782,-2.49996971398433,-2.4691825395887785,-2.487588153956036,N,non-synonymous,-0.012345956832224123,0.04271559984890255,0.015071301832616025,0.059447292598078724,0.037259297215347376
220,single,tttttagttacgtctttgagagatcca,3.0,acg,1.0,,FLVTSLRDP,,False,False,3.0,1.0,1.0,1063.0,600.0,937.0,792.0,780.0,True,False,True,True,False,False,1.0,both,0.003947860329486828,0.004526698817835194,0.0048024793985832,0.004884641060292753,0.004801508606332662,-2.403638220542965,-2.344218400159828,-2.31853448947529,-2.3111673441788922,-2.3186222883602334,T,non-synonymous,0.048347135217062236,0.019005497128189167,0.07576439388190238,0.03573718987736534,0.05575079187963386
221,single,tttttagttacttctttgagagatcca,3.0,act,1.0,,FLVTSLRDP,,False,False,3.0,1.0,1.0,531.0,275.0,516.0,491.0,394.0,True,False,True,True,False,False,1.0,both,0.002447474017396506,0.002286563249009059,0.0023989807720109875,0.0022387938193008453,0.0026441605558886376,-2.6112819100094904,-2.6408167810247343,-2.619973232917118,-2.6499859007322732,-2.5777121776208003,T,non-synonymous,-0.004937510477608543,-0.005272560077056885,0.022479748187231606,0.011459132672119291,0.01696944042967545
222,single,tttttagttaggtctttgagagatcca,3.0,agg,1.0,,FLVRSLRDP,,False,False,3.0,1.0,1.0,1105.0,632.0,958.0,1171.0,825.0,True,False,True,True,False,False,1.0,both,0.005837051067966005,0.004787854518864147,0.004992229290154691,0.005145155250175033,0.004909119791746734,-2.2338065070600956,-2.3198590543003834,-2.3017054759774576,-2.288601516280151,-2.308996370169467,R,non-synonymous,-0.03857316935653923,0.017974162441903682,-0.011155910691699085,0.034705855191079854,0.011774972249690385
223,single,tttttagttagttctttgagagatcca,3.0,agt,1.0,,FLVSSLRDP,,False,False,3.0,1.0,1.0,379.0,174.0,354.0,352.0,263.0,True,False,True,True,False,False,1.0,both,0.0017546045908830347,0.0015263099860136613,0.0017122668787046408,0.0014165459074848984,0.0018140171255515074,-2.755820738654328,-2.816357254360551,-2.7664285440305147,-2.848769346279936,-2.741358617222224,S,non-synonymous,-0.006026257538238366,-0.018638070754768272,0.02139100112660178,-0.0019063780055920965,0.009742311560504842
224,single,tttttagttatgtctttgagagatcca,3.0,atg,1.0,,FLVMSLRDP,,False,False,2.0,1.0,1.0,1821.0,998.0,1579.0,1694.0,1254.0,True,False,True,True,False,False,1.0,both,0.008444034593624604,0.007277538868673503,0.008227013155992483,0.008124786296953613,0.008091336274705735,-2.0734499961377706,-2.138015466355611,-2.084757808203667,-2.090188053275165,-2.091979749239717,M,non-synonymous,-0.006423928917103211,0.027502412100643574,0.020993329747736936,0.04423410484981975,0.03261371729877834
225,single,tttttagttatttctttgagagatcca,3.0,att,1.0,,FLVISLRDP,,False,False,2.0,1.0,1.0,252.0,132.0,236.0,229.0,238.0,True,False,True,True,False,False,1.0,both,0.0011414899185006107,0.0013812234854420206,0.001138499349428943,0.0010746210332644055,0.0012093447503676716,-2.9425279197925707,-2.8597360457937966,-2.9436672132170427,-2.968744663356686,-2.917449876277905,I,non-synonymous,-0.0006472286532427807,-0.06268371483302654,0.02677003001159737,-0.045952022083850366,-0.009590996036126499
226,single,tttttagttcagtctttgagagatcca,3.0,cag,1.0,,FLVQSLRDP,,False,False,3.0,1.0,1.0,641.0,357.0,583.0,557.0,427.0,True,False,True,True,False,False,1.0,both,0.002776462378187075,0.0024780774297636253,0.0028959447737458436,0.002906361430874188,0.0029874914807811546,-2.5565082069587297,-2.6058851278252844,-2.5382097244797697,-2.536650378450343,-2.5246933244889975,Q,non-synonymous,0.010395304595680246,0.03981236881433831,0.03781256326052039,0.05654406156351449,0.04717831241201744
227,single,tttttagttcattctttgagagatcca,3.0,cat,1.0,,FLVHSLRDP,,False,False,3.0,1.0,1.0,356.0,196.0,367.0,322.0,277.0,True,False,True,True,False,False,1.0,both,0.0016050644268873215,0.0016075584263337802,0.0016083562237964436,0.0015956494130289658,0.0018806335736649808,-2.794507530436628,-2.79383323378586,-2.7936177560257116,-2.7970625232060597,-2.7256958149959223,H,non-synonymous,0.0005054777648119235,-0.0018569527956112653,0.02792273642965207,0.01487473995356491,0.02139873819160849
228,single,tttttagttccgtctttgagagatcca,3.0,ccg,1.0,,FLVPSLRDP,,False,False,3.0,1.0,1.0,355.0,153.0,294.0,290.0,249.0,True,False,True,True,False,False,1.0,both,0.0014455549186252275,0.0014450615456935425,0.0016038383692352175,0.001245583470374652,0.0015065565957970146,-2.8399654042335025,-2.840113655754572,-2.7948394009434927,-2.9046271637449372,-2.8220145488358543,P,non-synonymous,0.02563592636300264,-0.037097492181415614,0.053053185027842786,-0.02036579943223944,0.016343692797801672
229,single,tttttagttcgttctttgagagatcca,3.0,cgt,1.0,,FLVRSLRDP,,False,False,3.0,1.0,1.0,764.0,395.0,659.0,626.0,565.0,True,False,True,True,False,False,1.0,both,0.003120404755377215,0.0032789549129190825,0.003451640884776637,0.0032157220313593954,0.0033769414851368457,-2.505789068922029,-2.4842645550308697,-2.461974395422897,-2.492721498936076,-2.4714764646540015,R,non-synonymous,0.024890964445136613,-0.004863034427594599,0.052308223109976765,0.011868658321581576,0.03208844071577917
230,single,tttttagttctgtctttgagagatcca,3.0,ctg,1.0,,FLVLSLRDP,,False,False,2.0,0.0,1.0,548.0,308.0,477.0,538.0,403.0,True,False,True,True,False,False,1.0,both,0.0026817536076564562,0.00233879438921485,0.0024757842995518286,0.0025074490776169464,0.0024443112115482175,-2.5715811264660697,-2.631007956709199,-2.6062871955142177,-2.6007678780620918,-2.6118435002078977,L,synonymous,-0.019716397766264958,0.017389088209929605,0.00770086089857519,0.034120780959105784,0.020910820928840487
231,single,tttttagttctttctttgagagatcca,3.0,ctt,1.0,,FLVLSLRDP,,False,False,2.0,0.0,1.0,256.0,172.0,276.0,300.0,271.0,True,False,True,True,False,False,1.0,both,0.001495401639957132,0.0015727376661965864,0.001156570767673847,0.0014002637706172559,0.0014143184368706667,-2.8252421474127964,-2.8033437119759026,-2.9368277886867373,-2.853790147654987,-2.849452797182794,L,synonymous,-0.06339141679539075,-0.029008440425602175,-0.0359741581305506,-0.012276747676426,-0.024125452903488297
232,single,tttttagttgagtctttgagagatcca,3.0,gag,1.0,,FLVESLRDP,,False,False,3.0,1.0,1.0,1445.0,848.0,1245.0,1323.0,1106.0,True,False,True,True,False,False,1.0,both,0.006594721232210951,0.006418626785289389,0.006528299840971519,0.006903626031880424,0.006379805992405725,-2.180803557944958,-2.192557875881629,-2.1851999069060204,-2.1609227423058224,-2.1951925278162565,E,non-synonymous,-0.002497550636327084,0.01819129290972374,0.024919708028513066,0.03492298565889991,0.029921346843706488
233,single,tttttagttgattctttgagagatcca,3.0,gat,1.0,,FLVDSLRDP,,False,False,3.0,1.0,1.0,300.0,169.0,256.0,273.0,218.0,True,False,True,True,False,False,1.0,both,0.00136081549236099,0.0012651542849847078,0.0013553563683677894,0.0013758405653157921,0.001311831593619169,-2.8662007550917026,-2.897856509245704,-2.8679464992789248,-2.861431889948862,-2.882121913936162,D,non-synonymous,-0.0009917512336432884,0.02094541238987373,0.02642550743119686,0.037677105139049906,0.032051306285123385
234,single,tttttagttgcgtctttgagagatcca,3.0,gcg,1.0,,FLVASLRDP,,False,False,3.0,1.0,1.0,1.0,1.0,4.0,3.0,5.0,True,False,True,True,False,False,2.0,both,1.4954016399571318e-05,2.901730011432816e-05,4.517854561225965e-06,8.141068433821254e-06,2.0497368650299517e-05,-4.825242147412796,-4.53734299851429,-5.345067753998587,-5.089318594562536,-4.6883018879200495,A,non-synonymous,-0.29531112884944405,-0.317405005503502,-0.2678938701846039,-0.3006733127543258,-0.28428359146946486
235,single,tttttagttgcttctttgagagatcca,3.0,gct,1.0,,FLVASLRDP,,False,False,3.0,1.0,1.0,629.0,353.0,554.0,482.0,436.0,True,False,True,True,False,False,1.0,both,0.0024026119681977917,0.0025303085699694156,0.002841730519011132,0.002873797157138903,0.0028388855580664834,-2.619316363893609,-2.5968265135817226,-2.5464171085533183,-2.5415438891747133,-2.5468521145195817,A,non-synonymous,0.04141381477572964,0.0317894157455125,0.0688310734405698,0.04852110849468867,0.058676090967629234
236,single,tttttagttgtgtctttgagagatcca,3.0,gtg,1.0,,FLVVSLRDP,,False,False,2.0,1.0,1.0,4.0,1.0,2.0,12.0,4.0,True,False,True,True,False,False,2.0,both,5.981606559828527e-05,2.321384009146253e-05,1.807141824490386e-05,8.141068433821254e-06,1.0248684325149758e-05,-4.2231821560848335,-4.634253011522346,-4.743007762670625,-5.089318594562536,-4.989331883584031,V,non-synonymous,-0.29531112884944405,-0.2616784055733884,-0.2678938701846039,-0.2449467128242122,-0.25642029150440804
237,single,tttttagttgtttctttgagagatcca,3.0,gtt,1.0,,FLVVSLRDP,,False,False,2.0,1.0,1.0,1057.0,586.0,897.0,882.0,795.0,True,False,True,True,False,False,1.0,both,0.004396480821473967,0.004613750718178178,0.004775372271215845,0.004770666102219255,0.004596534919829667,-2.356894817000639,-2.3359458741938384,-2.3209927666911607,-2.3214209785444453,-2.3375694362039194,V,non-synonymous,0.020395830583524354,0.008352315965668804,0.0478130892483645,0.02508400871484498,0.03644854898160474
238,single,tttttagtttagtctttgagagatcca,3.0,tag,1.0,,FLV*SLRDP,,True,False,2.0,1.0,1.0,146.0,34.0,98.0,170.0,208.0,True,False,True,True,False,False,1.0,both,0.0008473942626423747,0.0012071196847560515,0.0006596067659389909,0.00027679632674992263,0.0005021855319323382,-3.071914480754185,-2.918249667887547,-3.1807148982141498,-3.5578396775202807,-3.299135803555517,*,stop,-0.06180914078169863,-0.3677863151575246,-0.03439188211685848,-0.3510546224083484,-0.19272325226260345
239,single,tttttagtttattctttgagagatcca,3.0,tat,1.0,,FLVYSLRDP,,False,False,2.0,1.0,1.0,311.0,190.0,523.0,285.0,280.0,True,False,True,True,False,False,1.0,both,0.0014206315579592752,0.001624968806402377,0.001405052768541275,0.0015468030024260383,0.002680030951026662,-2.8475185421239484,-2.7891549715080894,-2.8523073649717494,-2.8105649936097072,-2.5718601903807374,Y,non-synonymous,-0.0027205136936837553,-0.012311501145424,0.02469674497115639,0.004420191603752175,0.014558468287454284
240,single,tttttagtttcgtctttgagagatcca,3.0,tcg,1.0,,FLVSSLRDP,,False,False,2.0,1.0,1.0,513.0,272.0,387.0,355.0,377.0,True,False,True,True,False,False,1.0,both,0.001769558607282606,0.0021879044286203433,0.00231765938990892,0.002214370613999381,0.0019831204169164784,-2.752135049077365,-2.659971652644516,-2.6349503888867707,-2.6547496905283374,-2.7026509142291,S,non-synonymous,0.06657220007304801,0.003002808323576305,0.09398945873788817,0.01973450107275248,0.056861979905320326
241,single,tttttagtttcttctttgagagatcca,3.0,tct,1.0,,FLVSSLRDP,,False,False,2.0,1.0,1.0,349.0,198.0,272.0,329.0,242.0,True,False,True,True,False,False,1.0,both,0.0016399571318196546,0.0014044373255334831,0.0015767312418678617,0.0016119315498966083,0.0013938210682203672,-2.7851675041824846,-2.8524976368698773,-2.8022423270394072,-2.7926534043010047,-2.855792975213813,S,non-synonymous,-0.009700147797451625,0.03441249776958523,0.017717110867388523,0.0511441905187614,0.034430650693074966
242,single,tttttagtttggtctttgagagatcca,3.0,tgg,1.0,,FLVWSLRDP,,False,False,2.0,1.0,1.0,825.0,472.0,781.0,661.0,619.0,True,False,True,True,False,False,1.0,both,0.0032948682800388804,0.0035923417541538264,0.003727230013011421,0.0038425843007636323,0.004002111228970981,-2.4821619426468184,-2.4446223538301903,-2.428613805448662,-2.415376595928448,-2.397710845370711,W,non-synonymous,0.030420511501221624,0.01681731948697466,0.05783777016606177,0.03354901223615084,0.045693391201106305
243,single,tttttagtttgttctttgagagatcca,3.0,tgt,1.0,,FLVCSLRDP,,False,False,2.0,1.0,1.0,239.0,106.0,211.0,174.0,158.0,True,False,True,True,False,False,1.0,both,0.0008673329511751364,0.0009169466836127699,0.0010797672401330056,0.000862953253985053,0.0010812361963032995,-3.061814153849859,-3.037655915895886,-2.9666698530504494,-3.0640127292977657,-2.966079423950319,C,non-synonymous,0.05405114814794656,-0.015156076759138491,0.0814684068127867,0.0015756159900376845,0.04152201140141219
244,single,tttttagttttaaagttgagagatcca,4.0,aag,1.0,,FLVLKLRDP,,False,False,3.0,1.0,1.0,1082.0,717.0,1143.0,1075.0,1003.0,True,False,True,True,False,False,1.0,both,0.005358522543179723,0.005820870402934229,0.004888318635246494,0.005837146067049839,0.005857123091823087,-2.2709549378808345,-2.2350120698298905,-2.3108404932280364,-2.233799438894736,-2.23231564885273,K,non-synonymous,-0.022658846015168762,0.0006973046116567906,0.004758412649671386,0.017428997360832966,0.011093705005252176
245,single,tttttagttttaaatttgagagatcca,4.0,aat,1.0,,FLVLNLRDP,,False,False,2.0,1.0,1.0,522.0,306.0,524.0,453.0,445.0,True,False,True,True,False,False,1.0,both,0.002258056476335269,0.0025825397101752064,0.0023583200809599537,0.002491166940749304,0.002685155293189237,-2.6462652001196267,-2.587952991869377,-2.627397250996325,-2.603597168080956,-2.571030592264285,N,non-synonymous,0.010718816626353793,-0.008995940893191208,0.03813607529119394,0.007735751855984968,0.022935913573589456
246,single,tttttagttttaacgttgagagatcca,4.0,acg,1.0,,FLVLTLRDP,,False,False,2.0,1.0,1.0,1757.0,982.0,1610.0,1640.0,1294.0,True,False,True,True,False,False,1.0,both,0.00817486229843232,0.007509677269588128,0.00793787046407402,0.007994529202012473,0.008250190881745556,-2.087519554084761,-2.124378726517627,-2.100295992503292,-2.097207106775586,-2.083536003216162,T,non-synonymous,-0.007258250467561649,0.01562461850760454,0.020159008197278498,0.03235631125678071,0.026257659727029606
247,single,tttttagttttaactttgagagatcca,4.0,act,1.0,,FLVLTLRDP,,False,False,1.0,1.0,1.0,445.0,262.0,385.0,473.0,272.0,True,False,True,True,False,False,1.0,both,0.002357749918999078,0.0015785411262194521,0.0020104452797455544,0.0021329599296611686,0.0019728717325913285,-2.627502261394647,-2.8017440988161098,-2.6967077430176554,-2.6710173032427904,-2.704901149739511,T,non-synonymous,-0.03931539470494922,0.07517241625439139,-0.011898136040109072,0.09190410900356756,0.040002986481729244
248,single,tttttagttttaaggttgagagatcca,4.0,agg,1.0,,FLVLRLRDP,,False,False,3.0,1.0,1.0,3.0,2.0,2.0,5.0,2.0,True,False,True,True,False,False,2.0,both,2.4923360665952197e-05,1.1606920045731265e-05,1.3553563683677896e-05,1.628213686764251e-05,1.0248684325149758e-05,-4.60339339779644,-4.935283007186327,-4.867946499278925,-4.788288598898554,-4.989331883584031,R,non-synonymous,-0.15029170177387252,0.08452685463921551,-0.12287444310903237,0.10125854738839168,-0.010807947860320341
249,single,tttttagttttaatgttgagagatcca,4.0,atg,1.0,,FLVLMLRDP,,False,False,3.0,1.0,1.0,760.0,460.0,656.0,718.0,614.0,True,False,True,True,False,False,1.0,both,0.0035789945916307356,0.0035633244540394984,0.0034335694665317334,0.0037448914795577774,0.003361568458649121,-2.4462389578901584,-2.4481446317091407,-2.4642541617177955,-2.426560762880962,-2.473458039872351,M,non-synonymous,-0.01023437497381991,0.01241146900921359,0.017182883691020237,0.029143161758389765,0.023163022724705003
250,single,tttttagttttaattttgagagatcca,4.0,att,1.0,,FLVLILRDP,,False,False,2.0,1.0,1.0,1659.0,919.0,1472.0,1504.0,1247.0,True,False,True,True,False,False,1.0,both,0.0074969468883184206,0.007236914648513444,0.007495120717073876,0.007481641890681733,0.007543031663310222,-2.1251155658768353,-2.1404465493717657,-2.1252213679742264,-2.1260030831764247,-2.1224540692465315,I,non-synonymous,-6.0105805522687386e-05,0.008305491221066953,0.02735715285931746,0.025037183970243126,0.026197168414780293
251,single,tttttagttttacagttgagagatcca,4.0,cag,1.0,,FLVLQLRDP,,False,False,3.0,1.0,1.0,1314.0,853.0,1376.0,1386.0,1195.0,True,False,True,True,False,False,1.0,both,0.006908755576601949,0.006935134727324431,0.0059364608934509185,0.00694433137404953,0.007051094815703034,-2.1606001718566707,-2.158945097566152,-2.226472388774825,-2.158369563395013,-2.151743445348519,Q,non-synonymous,-0.037421778557007485,0.00033095199872182205,-0.010004519892167336,0.017062644747898,0.003529062427865331
252,single,tttttagttttacatttgagagatcca,4.0,cat,1.0,,FLVLHLRDP,,False,False,2.0,1.0,1.0,690.0,396.0,568.0,588.0,476.0,True,False,True,True,False,False,1.0,both,0.0029309872143159785,0.002762446970884041,0.003117319647245916,0.0032238630997932166,0.0029106263483425314,-2.53298607605632,-2.5587060501298153,-2.5062186632613317,-2.4916234086370235,-2.536013543536993,H,non-synonymous,0.015206474611332094,0.03857483255536514,0.04262373327617224,0.05530652530454132,0.048965129290356776
253,single,tttttagttttaccgttgagagatcca,4.0,ccg,1.0,,FLVLPLRDP,,False,False,2.0,1.0,1.0,209.0,122.0,219.0,205.0,149.0,True,False,True,True,False,False,1.0,both,0.00102185778730404,0.0008647155434069792,0.0009442316032962267,0.000993210348926193,0.0011222309336038985,-2.9906095410767044,-3.0631267344380344,-3.024921467887533,-3.0029587638877877,-2.949917764407893,P,non-synonymous,-0.019492486924714413,0.03459865827467915,0.007924771740125736,0.05133035102385533,0.029627561381990533
254,single,tttttagttttacctttgagagatcca,4.0,cct,1.0,,FLVLPLRDP,,False,False,1.0,1.0,1.0,527.0,297.0,514.0,487.0,363.0,True,False,True,True,False,False,1.0,both,0.002427535328863744,0.0021066559883002245,0.0023809093537660838,0.0024178973248449127,0.002633911871563488,-2.6148344409178246,-2.676406377814196,-2.62325713878604,-2.616562145245324,-2.5793987602527357,P,non-synonymous,-0.004784905521983271,0.03441249776958528,0.022632353142856877,0.051144190518761456,0.036888271830809165
255,single,tttttagttttacggttgagagatcca,4.0,cgg,1.0,,FLVLRLRDP,,False,False,3.0,1.0,1.0,496.0,283.0,530.0,391.0,376.0,True,False,True,True,False,False,1.0,both,0.0019490068040774618,0.002182100968597478,0.002240855862368079,0.0023039223667714152,0.002715901346164686,-2.710186644736592,-2.6611251579226476,-2.6495860775083893,-2.637532159038246,-2.5660860096472224,R,non-synonymous,0.03442697260455866,0.013566788086937589,0.06184423126939881,0.030298480836113764,0.046071356052756286
256,single,tttttagttttacgtttgagagatcca,4.0,cgt,1.0,,FLVLRLRDP,,False,False,2.0,1.0,1.0,631.0,376.0,547.0,669.0,516.0,True,False,True,True,False,False,1.0,both,0.003334745657104404,0.002994585371798666,0.002850766228133584,0.0030610417311167917,0.002803015162928459,-2.476937284364636,-2.523663301223097,-2.5450383947544526,-2.514130749634875,-2.5523745529145807,R,non-synonymous,-0.03868800522776554,0.005481545943305831,-0.011270746562925392,0.022213238692482005,0.005471246064778307
257,single,tttttagttttactgttgagagatcca,4.0,ctg,1.0,,FLVLLLRDP,,False,False,3.0,1.0,1.0,1547.0,825.0,1531.0,1433.0,1150.0,True,False,True,True,False,False,1.0,both,0.0071430351668619,0.006673979026295477,0.006989121006216568,0.006716381457902535,0.007845367850902141,-2.146117211735114,-2.1756151624966966,-2.1555774402992194,-2.172864646012611,-2.1053866885497508,L,non-synonymous,-0.005374323121149643,0.0015816418443478837,0.022042935543690505,0.01831333459352406,0.020178135068607283
258,single,tttttagttttacttttgagagatcca,4.0,ctt,1.0,,FLVLLLRDP,,False,False,2.0,1.0,1.0,1488.0,845.0,1234.0,1256.0,1144.0,True,False,True,True,False,False,1.0,both,0.006260748199287192,0.006639158266158284,0.006722567587104236,0.00687920282657896,0.006323438228617401,-2.2033737627312813,-2.1778869783933033,-2.172464822788727,-2.1624618856128435,-2.199046719550789,L,non-synonymous,0.017559261856926224,0.00886996036405531,0.04497652052176637,0.025601653113231485,0.03528908681749893
259,single,tttttagttttagagttgagagatcca,4.0,gag,1.0,,FLVLELRDP,,False,False,3.0,1.0,1.0,716.0,451.0,684.0,699.0,585.0,True,False,True,True,False,False,1.0,both,0.0034842858211001173,0.003395024113376395,0.003234783865837791,0.0036716218636533857,0.0035050500392012174,-2.457886226386777,-2.469157136768128,-2.4901547316907315,-2.4351420526845753,-2.4553057775278955,E,non-synonymous,-0.018331626235542648,0.019559846536763195,0.0090856324292975,0.03629153928593937,0.022688585857618432
260,single,tttttagttttagatttgagagatcca,4.0,gat,1.0,,FLVLDLRDP,,False,False,2.0,1.0,1.0,938.0,457.0,772.0,847.0,653.0,True,False,True,True,False,False,1.0,both,0.004222017296812302,0.003789659394931258,0.004237747578429955,0.003720468274256313,0.003955992149507807,-2.374479991801752,-2.4213998215752346,-2.3728649156195227,-2.4294023944926857,-2.402744578912275,D,non-synonymous,0.0009175191920317051,-0.004601755438267184,0.028334777856871853,0.012129937310908992,0.02023235758389042
261,single,tttttagttttagcgttgagagatcca,4.0,gcg,1.0,,FLVLALRDP,,False,False,2.0,1.0,1.0,662.0,372.0,574.0,541.0,460.0,True,False,True,True,False,False,1.0,both,0.002696707624056028,0.002669591610518191,0.002990819719531589,0.0030284774573815067,0.002941372401317981,-2.5691661370258894,-2.5735551711687346,-2.5242097645588872,-2.5187756546806384,-2.531449986850038,A,non-synonymous,0.02553955967926228,0.031500111339819996,0.05295681834410243,0.048231804088996175,0.0505943112165493
262,single,tttttagttttagctttgagagatcca,4.0,gct,1.0,,FLVLALRDP,,False,False,1.0,1.0,1.0,129.0,59.0,80.0,78.0,72.0,True,False,True,True,False,False,1.0,both,0.00038880442638885426,0.00041784912164632553,0.0005828032383981495,0.00048032303759545404,0.0004099473730059904,-3.4102687994419782,-3.37898050641904,-3.234478043699338,-3.318466582920392,-3.387271892256068,A,non-synonymous,0.09986612021793204,0.03479759315201335,0.1272833788827722,0.05152928590118952,0.08940633239198086
263,single,tttttagttttagggttgagagatcca,4.0,ggg,1.0,,FLVLGLRDP,,False,False,3.0,1.0,1.0,1998.0,1102.0,1711.0,1687.0,1462.0,True,False,True,True,False,False,1.0,both,0.008409141888692271,0.008484658553429555,0.009026673413329477,0.008971457414071023,0.00876774944016562,-2.0752483195433333,-2.071365630228467,-2.0444722701086233,-2.04713700004677,-2.0571118697069113,G,non-synonymous,0.0174837672191329,0.013932298005964181,0.044901025883973045,0.030663990755140355,0.0377825083195567
264,single,tttttagttttaggtttgagagatcca,4.0,ggt,1.0,,FLVLGLRDP,,False,False,2.0,1.0,1.0,2.0,2.0,2.0,7.0,1.0,True,False,True,True,False,False,2.0,both,3.489270493233308e-05,5.8034600228656326e-06,9.03570912245193e-06,1.628213686764251e-05,1.0248684325149758e-05,-4.457265362118202,-5.236313002850308,-5.044037758334606,-4.788288598898554,-4.989331883584031,G,non-synonymous,-0.3333433684470904,0.2576294847455175,-0.30592610978225027,0.2743611774946937,-0.01578246614377829
265,single,tttttagttttagtgttgagagatcca,4.0,gtg,1.0,,FLVLVLRDP,,False,False,3.0,1.0,1.0,4.0,5.0,9.0,31.0,16.0,True,False,True,True,False,False,1.0,both,0.00015452483612890362,9.285536036585012e-05,1.807141824490386e-05,4.070534216910627e-05,4.611907946317391e-05,-3.811001708298186,-4.032193020194383,-4.743007762670625,-4.390348590226517,-4.336119369808687,V,non-synonymous,-0.5294694153659736,-0.20595180564327484,-0.5020521567011335,-0.18922011289409865,-0.34563613479761607
266,single,tttttagttttagttttgagagatcca,4.0,gtt,1.0,,FLVLVLRDP,,False,False,2.0,1.0,1.0,307.0,163.0,292.0,255.0,210.0,True,False,True,True,False,False,1.0,both,0.001271091393963562,0.001218726604801783,0.0013869813502963714,0.0013269941547128644,0.0014963079114718649,-2.8958232216985036,-2.9140937081163893,-2.8579293785214004,-2.8771309901585784,-2.824979027799593,V,non-synonymous,0.0215273612213393,0.021254837679088125,0.048944619886179444,0.037986530428264303,0.043465575157221874
267,single,tttttagttttatagttgagagatcca,4.0,tag,1.0,,FLVL*LRDP,,True,False,2.0,1.0,1.0,24.0,7.0,15.0,57.0,38.0,True,False,True,True,False,False,1.0,both,0.00028412631159185507,0.00022053148086889404,0.00010842850946942316,5.698747903674878e-05,7.68651324386232e-05,-3.546488546459967,-3.6565294062334983,-3.964856512286981,-4.244220554548279,-4.114270620192331,*,stop,-0.23767339411055133,-0.3379426798950509,-0.21025613544571117,-0.3212109871458747,-0.26573356129579295
268,single,tttttagttttatatttgagagatcca,4.0,tat,1.0,,FLVLYLRDP,,False,False,1.0,1.0,1.0,314.0,173.0,247.0,312.0,268.0,True,False,True,True,False,False,1.0,both,0.001555217705555417,0.0015553272861279896,0.001418606332224953,0.0014084048390510771,0.0012657125141559951,-2.808208808114016,-2.8081782088215195,-2.848138105925372,-2.8512724914337406,-2.897664925988346,Y,non-synonymous,-0.022683695957734895,-0.02478069883456562,0.004733562707105253,-0.008049006085389443,-0.001657721689142095
269,single,tttttagttttatcgttgagagatcca,4.0,tcg,1.0,,FLVLSLRDP,,False,False,1.0,0.0,1.0,796.0,425.0,774.0,761.0,635.0,True,False,True,True,False,False,1.0,both,0.0037933354933579245,0.0036851971145196766,0.003596212230735868,0.0034599540843740333,0.003966240833832957,-2.420978745361886,-2.433539277558333,-2.444154686260918,-2.4609296645122245,-2.401620918565119,S,synonymous,-0.013166171851350704,-0.015750417199754452,0.014251086813489444,0.0009812755494217236,0.007616181181455584
270,single,tttttagttttatctaagagagatcca,5.0,aag,1.0,,FLVLSKRDP,,False,False,2.0,1.0,1.0,264.0,158.0,231.0,225.0,209.0,True,False,True,True,False,False,1.0,both,0.001121551229967849,0.0012129231447789172,0.0011927136041636548,0.0012862888125437582,0.0011837230395547972,-2.9501808840210964,-2.9161667167392546,-2.9234638271287556,-2.8906615076081135,-2.926749899355867,K,non-synonymous,0.01517786759723569,0.01466637493142035,0.04259512626207584,0.031398067680596525,0.036996596971336185
271,single,tttttagttttatctaatagagatcca,5.0,aat,1.0,,FLVLSNRDP,,False,False,3.0,1.0,1.0,1032.0,538.0,946.0,934.0,777.0,True,False,True,True,False,False,1.0,both,0.0046556837723998705,0.004509288437766597,0.004662425907185196,0.004379894817395835,0.004847627685795836,-2.3320165259023655,-2.3458919840493944,-2.3313880567073944,-2.358536318896147,-2.314470742846219,N,non-synonymous,0.0003570311755763046,-0.00727092864314032,0.027774289840416452,0.009460764106035855,0.018617526973226155
272,single,tttttagttttatctacgagagatcca,5.0,acg,1.0,,FLVLSTRDP,,False,False,2.0,1.0,1.0,1571.0,832.0,1285.0,1288.0,1148.0,True,False,True,True,False,False,1.0,both,0.006420257707549286,0.006662372106249746,0.007097549515685991,0.006773368936939284,0.00658477967890872,-2.1924475391086653,-2.176371114788354,-2.1488915689586134,-2.169195268271812,-2.1814587515806982,T,non-synonymous,0.024743995967466237,0.00412635924374482,0.052161254632306385,0.020858051992920994,0.03650965331261369
273,single,tttttagttttatctactagagatcca,5.0,act,1.0,,FLVLSTRDP,,False,False,3.0,1.0,1.0,477.0,267.0,452.0,502.0,372.0,True,False,True,True,False,False,1.0,both,0.0025023054108616006,0.0021588871285060152,0.0021550166257047853,0.002173665271830275,0.0023162026574838454,-2.6016596849874394,-2.665770062968411,-2.666549374958473,-2.6628073331979607,-2.6352234444366296,T,non-synonymous,-0.036863608397240115,0.001703671803296414,-0.009446349732399967,0.018435364552472588,0.0044945074100363105
274,single,tttttagttttatctaggagagatcca,5.0,agg,1.0,,FLVLSRRDP,,False,False,2.0,1.0,1.0,829.0,469.0,845.0,890.0,759.0,True,False,True,True,False,False,1.0,both,0.004436358198539491,0.004404826157355015,0.003745301431256325,0.0038181610954621686,0.004330069127375773,-2.352973395487546,-2.3560712269548283,-2.4265132234483135,-2.4181457518474527,-2.3635051702983194,R,non-synonymous,-0.041777721865465654,-0.03569499277908044,-0.014360463200625506,-0.018963300029904265,-0.016661881615264884
275,single,tttttagttttatctagtagagatcca,5.0,agt,1.0,,FLVLSSRDP,,False,False,3.0,1.0,1.0,237.0,146.0,231.0,252.0,189.0,True,False,True,True,False,False,1.0,both,0.0012561373775639908,0.0010968539443216045,0.0010707315310105538,0.0011885959913379032,0.0011837230395547972,-2.900962861350915,-2.9598511986770646,-2.970319407988483,-2.924965738778099,-2.926749899355867,S,non-synonymous,-0.0394012142171361,0.02006034265010422,-0.01198395555229595,0.036792035399280394,0.012404039923492222
276,single,tttttagttttatctatgagagatcca,5.0,atg,1.0,,FLVLSMRDP,,False,False,1.0,1.0,1.0,643.0,372.0,616.0,631.0,536.0,True,False,True,True,False,False,1.0,both,0.0031453281160431674,0.003110654572255979,0.0029049804828682954,0.0030284774573815067,0.0031565947721461257,-2.5023340428883243,-2.5071482131575387,-2.536856781074365,-2.5187756546806384,-2.500781167083586,M,non-synonymous,-0.019612248137704756,-0.006686179909136101,0.007805010527135392,0.010045512840040075,0.008925261683587734
277,single,tttttagttttatctattagagatcca,5.0,att,1.0,,FLVLSIRDP,,False,False,2.0,1.0,1.0,737.0,441.0,660.0,812.0,703.0,True,False,True,True,False,False,1.0,both,0.004047553772150637,0.00407983239607454,0.0033296588116235363,0.0035902111793151732,0.0033820658272994204,-2.3928073728912835,-2.3893576778304846,-2.4776002661395355,-2.4448800050946975,-2.470817943706143,I,non-synonymous,-0.048170549327140766,-0.03192725315581592,-0.020753290662300618,-0.015195560406639743,-0.01797442553447018
278,single,tttttagttttatctcagagagatcca,5.0,cag,1.0,,FLVLSQRDP,,False,False,2.0,1.0,1.0,578.0,375.0,509.0,520.0,484.0,True,False,True,True,False,False,1.0,both,0.0025920295092590286,0.0028088746510669662,0.0026113199363886077,0.0030529006626829704,0.0026082901607506134,-2.5863600584976596,-2.551467641205896,-2.583139915578058,-2.5152873268348173,-2.583644096911253,Q,non-synonymous,0.0018293520530661966,0.020804928631422588,0.029246610717906345,0.03753662138059877,0.03339161604925256
279,single,tttttagttttatctcatagagatcca,5.0,cat,1.0,,FLVLSHRDP,,False,False,3.0,1.0,1.0,308.0,166.0,350.0,250.0,279.0,True,False,True,True,False,False,1.0,both,0.0012461680332976099,0.0016191653463795115,0.0013914992048575973,0.0013514173600143282,0.0017935197569012079,-2.904423393460421,-2.790708799576711,-2.8565170374981426,-2.869210506522481,-2.746293834897736,H,non-synonymous,0.027215435097941644,-0.04514118903723877,0.05463269376278179,-0.028409496288062597,0.013111598737359597
280,single,tttttagttttatctccgagagatcca,5.0,ccg,1.0,,FLVLSPRDP,,False,False,2.0,1.0,1.0,1117.0,608.0,993.0,1108.0,964.0,True,False,True,True,False,False,1.0,both,0.005523016723575007,0.00559453546204247,0.005046443544889403,0.004949769607763323,0.005088471767436855,-2.257823641740048,-2.2522359689474776,-2.297014580882978,-2.305415015289801,-2.2934126307526306,P,non-synonymous,-0.022264236952433562,-0.03057978580538688,0.005153021712406586,-0.013848093056210705,-0.00434753567190206
281,single,tttttagttttatctcctagagatcca,5.0,cct,1.0,,FLVLSPRDP,,False,False,3.0,1.0,1.0,391.0,193.0,306.0,382.0,323.0,True,False,True,True,False,False,1.0,both,0.0019041447548787478,0.0018745175873855994,0.0017664811334393523,0.001571226207727502,0.001568048701747913,-2.72030003922075,-2.7271104805192055,-2.75289099660272,-2.8037612855547622,-2.8046404527664315,P,non-synonymous,-0.018514810145593155,-0.0440768566007983,0.008902448519246993,-0.027345163851622122,-0.009221357666187565
282,single,tttttagttttatctcgtagagatcca,5.0,cgt,1.0,,FLVLSRRDP,,False,False,3.0,1.0,1.0,139.0,90.0,131.0,134.0,124.0,True,False,True,True,False,False,1.0,both,0.0006679460658475188,0.0007196290428353384,0.0006279817840104091,0.0007326961590439129,0.0006712888232973093,-3.1752586037676513,-3.1428913176880733,-3.202052953744492,-3.135076085123211,-3.173090583592247,R,non-synonymous,-0.015221777531157506,0.004494028274113175,0.012195481133682642,0.02122572102328935,0.016710601078485994
283,single,tttttagttttatctctgagagatcca,5.0,ctg,1.0,,FLVLSLRDP,,False,False,1.0,0.0,1.0,845.0,447.0,737.0,726.0,737.0,True,False,True,True,False,False,1.0,both,0.003618871968696259,0.0042771500368519715,0.0038175871042359405,0.0036390575899181007,0.0037766401738176863,-2.441426781432365,-2.368845514991257,-2.4182110450488947,-2.4390110714305995,-2.4228943913889602,L,synonymous,0.013188779528394177,-0.04034761498013614,0.04060603819323433,-0.023615922230959967,0.00849505798113718
284,single,tttttagttttatctcttagagatcca,5.0,ctt,1.0,,FLVLSLRDP,,False,False,2.0,0.0,1.0,1553.0,888.0,1472.0,1573.0,1223.0,True,False,True,True,False,False,1.0,both,0.007840889265508562,0.007097631607964668,0.007016228133583924,0.007229268769233274,0.007543031663310222,-2.105634679509172,-2.148886545814023,-2.1538962982700283,-2.140905628783935,-2.1224540692465315,L,synonymous,-0.027417258664840148,0.00458930255611643,0.0,0.021320995305292606,0.010660497652646303
285,single,tttttagttttatctgagagagatcca,5.0,gag,1.0,,FLVLSERDP,,False,False,2.0,1.0,1.0,979.0,579.0,903.0,855.0,844.0,True,False,True,True,False,False,1.0,both,0.0042618946738778255,0.004898120259298594,0.00442297961544022,0.004713678623182506,0.004627280972805116,-2.3703972874042862,-2.3099705562246533,-2.354285062195449,-2.3266400308350996,-2.334674128934506,E,non-synonymous,0.009153299403523815,-0.009585522835336972,0.03657055806836396,0.007146169913839203,0.02185836399110158
286,single,tttttagttttatctgatagagatcca,5.0,gat,1.0,,FLVLSDRDP,,False,False,3.0,1.0,1.0,986.0,559.0,854.0,833.0,751.0,True,False,True,True,False,False,1.0,both,0.004152231886947636,0.00435839847717209,0.004454604597368801,0.004550857254506081,0.004376188206838947,-2.381718400725671,-2.3606730658461403,-2.351190839057376,-2.3419067866761125,-2.3589040085590067,D,non-synonymous,0.017342602178635605,0.010791257776407489,0.04475986084347575,0.027522950525583664,0.03614140568452971
287,single,tttttagttttatctgcgagagatcca,5.0,gcg,1.0,,FLVLSARDP,,False,False,2.0,1.0,1.0,342.0,172.0,322.0,333.0,224.0,True,False,True,True,False,False,1.0,both,0.0016598958203524164,0.0012999750451219017,0.00154510625993928,0.0014002637706172559,0.0016500381763491113,-2.779919168626139,-2.8860649845161457,-2.811041647942452,-2.853790147654987,-2.782506007552181,A,non-synonymous,-0.01768057283645387,0.01855914436232664,0.009736685828386278,0.03529083711150281,0.022513761469944545
288,single,tttttagttttatctgctagagatcca,5.0,gct,1.0,,FLVLSARDP,,False,False,3.0,1.0,1.0,589.0,383.0,513.0,598.0,474.0,True,False,True,True,False,False,1.0,both,0.002980833935647883,0.0027508400508383097,0.0026610163365620933,0.0031180292101535404,0.0026287875294009133,-2.525662218144048,-2.5605346611762236,-2.5749524592114854,-2.5061198205939132,-2.5802445141361954,A,non-synonymous,-0.028001615438857572,0.0312904101162304,-0.0005843567740174242,0.04802210286540658,0.023718873045694575
289,single,tttttagttttatctggtagagatcca,5.0,ggt,1.0,,FLVLSGRDP,,False,False,3.0,1.0,1.0,974.0,558.0,786.0,887.0,749.0,True,False,True,True,False,False,1.0,both,0.00442140418213992,0.004346791557126359,0.00440039034263409,0.0045427161860722605,0.004027732939783855,-2.3544397823007324,-2.361831185150842,-2.3565087971199716,-2.342684395624957,-2.3949393332086037,G,non-synonymous,-0.0011754001613902515,0.01101006435492246,0.026241858503449896,0.027741757104098635,0.026991807803774266
290,single,tttttagttttatctgtgagagatcca,5.0,gtg,1.0,,FLVLSVRDP,,False,False,1.0,1.0,1.0,524.0,319.0,391.0,466.0,395.0,True,False,True,True,False,False,1.0,both,0.0023228572140667446,0.002292366709031925,0.0023673557900824056,0.00259700083038898,0.002003617785566778,-2.6339774854424585,-2.6397159072238483,-2.6257364670148604,-2.5855279115053547,-2.698185121852145,V,non-synonymous,0.004681694060258798,0.03115996649559988,0.032098952725098946,0.04789165924477606,0.0399953059849375
291,single,tttttagttttatctgttagagatcca,5.0,gtt,1.0,,FLVLSVRDP,,False,False,2.0,1.0,1.0,679.0,380.0,640.0,588.0,578.0,True,False,True,True,False,False,1.0,both,0.0029309872143159785,0.0033543998932163356,0.0030676232470724304,0.0030936060048520767,0.003279578984047923,-2.53298607605632,-2.4743851644297794,-2.5131979797180852,-2.509534997945726,-2.4841819052641245,V,non-synonymous,0.011241549076057861,-0.02021236659818013,0.03865880774089801,-0.003480673849003954,0.01758906694594703
292,single,tttttagttttatcttagagagatcca,5.0,tag,1.0,,FLVLS*RDP,,True,False,1.0,1.0,1.0,301.0,113.0,181.0,391.0,376.0,True,False,True,True,False,False,1.0,both,0.0019490068040774618,0.002182100968597478,0.0013598742229290154,0.0009199407330218017,0.0009275059314260532,-2.710186644736592,-2.6611251579226476,-2.866501258404744,-3.036240151079116,-3.032683304378827,*,stop,-0.08880179127995351,-0.21570405887449448,-0.06138453261511336,-0.1989723661253183,-0.13017844937021583
293,single,tttttagttttatcttatagagatcca,5.0,tat,1.0,,FLVLSYRDP,,False,False,2.0,1.0,1.0,675.0,366.0,617.0,649.0,507.0,True,False,True,True,False,False,1.0,both,0.003235052214440595,0.002942354231592876,0.0030495518288275263,0.0029796310467785792,0.0031617191143087004,-2.4901187053320895,-2.5313050435169724,-2.515763981167562,-2.525837509168125,-2.50007671521477,Y,non-synonymous,-0.014568992486480904,0.0031440208272083526,0.012848266178359245,0.019875713576384527,0.016361989877371884
294,single,tttttagttttatcttcgagagatcca,5.0,tcg,1.0,,FLVLSSRDP,,False,False,1.0,1.0,1.0,576.0,315.0,509.0,501.0,401.0,True,False,True,True,False,False,1.0,both,0.00249732073872841,0.0023271874691691186,0.002602284227266156,0.002564436556653695,0.0026082901607506134,-2.602525676265213,-2.6331686302301263,-2.584645270575375,-2.5910080407729357,-2.583644096911253,S,non-synonymous,0.010157796618048458,0.02424379306711385,0.037575055282888604,0.04097548581629003,0.03927527054958932
295,single,tttttagttttatcttctagagatcca,5.0,tct,1.0,,FLVLSSRDP,,False,False,2.0,1.0,1.0,1187.0,676.0,1118.0,1062.0,925.0,True,False,True,True,False,False,1.0,both,0.005293721805448247,0.00536820052115071,0.00536269336417522,0.005503362261263169,0.005729014537758715,-2.2762388853870084,-2.270171270111276,-2.270617035043996,-2.2593718986209,-2.241920075697607,S,non-synonymous,0.003193753731990752,0.006210011079978048,0.0306110123968309,0.022941703829154225,0.026776358112992563
296,single,tttttagttttatcttggagagatcca,5.0,tgg,1.0,,FLVLSWRDP,,False,False,1.0,1.0,1.0,444.0,208.0,325.0,338.0,313.0,True,False,True,True,False,False,1.0,both,0.0016848191810183684,0.001816482987156943,0.0020059274251843285,0.001693342234234821,0.0016654112028368358,-2.773446701854804,-2.74076866530386,-2.6976847838839673,-2.7712552595997746,-2.778478518269137,W,non-synonymous,0.043040083513227995,-0.017530843210379808,0.07045734217806815,-0.0007991504612036328,0.03482909585843226
297,single,tttttagttttatcttgtagagatcca,5.0,tgt,1.0,,FLVLSCRDP,,False,False,2.0,1.0,1.0,832.0,456.0,799.0,828.0,661.0,True,False,True,True,False,False,1.0,both,0.004127308526281684,0.0038360870751141833,0.003758854994940003,0.003712327205822492,0.004094349387897329,-2.3843330653475787,-2.4161115433646683,-2.424944427707863,-2.430353751898101,-2.3878150999340204,C,non-synonymous,-0.02307117446848997,-0.008189761124042747,0.004346084196350179,0.008541931625133429,0.006444007910741804
298,single,tttttagttttatctttgaaggatcca,6.0,aag,1.0,,FLVLSLKDP,,False,False,2.0,1.0,1.0,681.0,430.0,628.0,676.0,567.0,True,False,True,True,False,False,1.0,both,0.003369638362036737,0.0032905618329648135,0.0030766589561948823,0.0035006594265431395,0.003218086878097024,-2.4724167061908227,-2.482729943957402,-2.511920642085802,-2.4558501389829495,-2.4924022355108155,K,non-synonymous,-0.02244204932451128,0.015456814951477335,0.004975209340328867,0.03218850770065351,0.01858185852049119
299,single,tttttagttttatctttgaatgatcca,6.0,aat,1.0,,FLVLSLNDP,,False,False,2.0,1.0,1.0,1060.0,623.0,882.0,912.0,809.0,True,False,True,True,False,False,1.0,both,0.004546020985469681,0.004694999158498297,0.004788925834899523,0.005071885634270642,0.0045196697873910435,-2.3423685638040426,-2.328364481238036,-2.3197618887338165,-2.2948305479033664,-2.3448932941161917,N,non-synonymous,0.012842773903288238,0.019283168261146455,0.040260032568128386,0.03601486101032263,0.03813744678922551
300,single,tttttagttttatctttgacggatcca,6.0,acg,1.0,,FLVLSLTDP,,False,False,2.0,1.0,1.0,800.0,381.0,656.0,647.0,561.0,True,False,True,True,False,False,1.0,both,0.003225082870174214,0.0032557410728276197,0.003614283648980772,0.003101747073285898,0.003361568458649121,-2.4914591214637585,-2.4873501415941472,-2.441977767006643,-2.5083936188869167,-2.473458039872351,T,non-synonymous,0.028110186294407796,-0.012100725238114585,0.05552744495924794,0.00463096751106159,0.030079206235154764
301,single,tttttagttttatctttgactgatcca,6.0,act,1.0,,FLVLSLTDP,,False,False,2.0,1.0,1.0,879.0,369.0,653.0,510.0,603.0,True,False,True,True,False,False,1.0,both,0.002542182787927124,0.003499486393787976,0.003971194159317623,0.003004054252080043,0.0033461954321613962,-2.5947932260345223,-2.455995690710157,-2.401078878924815,-2.5222922284034754,-2.4754486979729378,T,non-synonymous,0.11004845046982034,-0.038122795757752244,0.1374657091346605,-0.02139110300857607,0.058037303063042216
302,single,tttttagttttatctttgagaaagcca,7.0,aag,1.0,,FLVLSLRKP,,False,False,2.0,1.0,1.0,1532.0,974.0,1480.0,1559.0,1288.0,True,False,True,True,False,False,1.0,both,0.007771103855643895,0.007474856509450935,0.006921353187798179,0.007929400654541901,0.007584026400610821,-2.109517286943617,-2.126397139826515,-2.159808988702002,-2.1007596376839204,-2.120100163853054,K,non-synonymous,-0.028570541792994703,0.014742447975825084,-0.0011532831281545544,0.03147414072500126,0.015160428798423352
303,single,tttttagttttatctttgagaaatcca,7.0,aat,1.0,,FLVLSLRNP,,False,False,1.0,1.0,1.0,1274.0,807.0,1162.0,1141.0,983.0,True,False,True,True,False,False,1.0,both,0.005687510903970292,0.005704801202476917,0.00575574671100188,0.0065698422260937524,0.00595448559291201,-2.245077757714244,-2.243759485018173,-2.2398983259992553,-2.1824450598404654,-2.2251557511936997,N,non-synonymous,0.0029424172398854406,0.03525790922697457,0.03035967590472559,0.05198960197615074,0.041174638940438164
304,single,tttttagttttatctttgagaacgcca,7.0,acg,1.0,,FLVLSLRTP,,False,False,3.0,1.0,1.0,1156.0,617.0,1145.0,1025.0,919.0,True,False,True,True,False,False,1.0,both,0.0051092889365202,0.005333379761013516,0.005222639872777215,0.0050230392236677145,0.005867371776148237,-2.2916395367406857,-2.272997491464197,-2.2821099199140766,-2.299033430529294,-2.231556392572105,T,non-synonymous,0.005413742353040668,-0.014971562948452609,0.03283100101788081,0.0017601298007235665,0.017295565409302188
305,single,tttttagttttatctttgagaactcca,7.0,act,1.0,,FLVLSLRTP,,False,False,2.0,1.0,1.0,959.0,485.0,984.0,1053.0,741.0,True,False,True,True,False,False,1.0,both,0.005248859756249532,0.004300363876943433,0.004332622524215701,0.003948418190403308,0.0050423526879736814,-2.279935030946972,-2.3664947948709805,-2.3632491468279233,-2.4035768559602726,-2.2973667808166702,T,non-synonymous,-0.04733046102036635,-0.021323464095864046,-0.019913202355526204,-0.004591771346687871,-0.012252486851107037
306,single,tttttagttttatctttgagaagtcca,7.0,agt,1.0,,FLVLSLRSP,,False,False,2.0,1.0,1.0,850.0,562.0,886.0,833.0,728.0,True,False,True,True,False,False,1.0,both,0.004152231886947636,0.00422491889664618,0.00384017637704207,0.0045752804598075455,0.004540167156041343,-2.381718400725671,-2.3741816235372712,-2.415648828284294,-2.339582278993475,-2.342928157360961,S,non-synonymous,-0.019275758519270998,0.019895816452692196,0.00814150014556915,0.03662750920186837,0.02238450467371876
307,single,tttttagttttatctttgagaatgcca,7.0,atg,1.0,,FLVLSLRMP,,False,False,3.0,1.0,1.0,690.0,401.0,690.0,771.0,635.0,True,False,True,True,False,False,1.0,both,0.003843182214689829,0.0036851971145196766,0.003117319647245916,0.0032645684419623233,0.003535796092176667,-2.415309024081502,-2.433539277558333,-2.5062186632613317,-2.4861742219423535,-2.4515127885107564,M,non-synonymous,-0.05164545153098475,-0.030266908413150908,-0.024228192866144603,-0.013535215663974733,-0.018881704265059668
308,single,tttttagttttatctttgagaattcca,7.0,att,1.0,,FLVLSLRIP,,False,False,2.0,1.0,1.0,1148.0,705.0,1136.0,1011.0,896.0,True,False,True,True,False,False,1.0,both,0.005039503526655534,0.005199900180487607,0.005186497036287408,0.005739453245843984,0.005821252696685063,-2.2976122465414575,-2.284004993188183,-2.2851258659366325,-2.2411294775711372,-2.2349835478730116,I,non-synonymous,0.0070934696270031706,0.0246549002670119,0.03451072829184332,0.04138659301618808,0.0379486606540157
309,single,tttttagttttatctttgagacagcca,7.0,cag,1.0,,FLVLSLRQP,,False,False,2.0,1.0,1.0,1053.0,565.0,920.0,998.0,820.0,True,False,True,True,False,False,1.0,both,0.004974702788924058,0.004758837218749819,0.004757300852970941,0.004599703665109009,0.004714394789568889,-2.3032328608450876,-2.3224991504665917,-2.3226393828131005,-2.3372701467430974,-2.3265740519024565,Q,non-synonymous,-0.011024777996328982,-0.008493832314330606,0.016392480668511164,0.008237860434845569,0.012315170551678366
310,single,tttttagttttatctttgagacatcca,7.0,cat,1.0,,FLVLSLRHP,,False,False,1.0,1.0,1.0,560.0,365.0,586.0,557.0,513.0,True,False,True,True,False,False,1.0,both,0.002776462378187075,0.0029771749917300696,0.0025299985542865406,0.002971489978344758,0.0030028645072688793,-2.5565082069587297,-2.526195637738492,-2.5968797269923867,-2.5270257301060615,-2.522464263229921,H,non-synonymous,-0.022934920872428197,-0.000477331741444668,0.0044823377924119515,0.01625436100773151,0.01036834940007173
311,single,tttttagttttatctttgagaccgcca,7.0,ccg,1.0,,FLVLSLRPP,,False,False,3.0,1.0,1.0,949.0,523.0,942.0,888.0,805.0,True,False,True,True,False,False,1.0,both,0.0044263888542731104,0.004671785318406834,0.004287443978603441,0.004257778790888516,0.004827130317145536,-2.3539504363538577,-2.33051712248244,-2.3678015415712945,-2.370816905695262,-2.316310976455134,P,non-synonymous,-0.007868764958385241,-0.023173765296930954,0.01954849370645491,-0.006442072547754779,0.006553210579350065
312,single,tttttagttttatctttgagacctcca,7.0,cct,1.0,,FLVLSLRPP,,False,False,2.0,1.0,1.0,71.0,39.0,77.0,81.0,55.0,True,False,True,True,False,False,1.0,both,0.0004037584427884256,0.0003191903012576098,0.0003207676738470435,0.0003175016689190289,0.0003945743465182657,-3.393878383253809,-3.4959503133560648,-3.493809405279512,-3.498253987536037,-3.4038711540755298,P,non-synonymous,-0.056770467917721855,-0.0013246921077801261,-0.029353209252881707,0.01540700064139605,-0.0069731043057428286
313,single,tttttagttttatctttgagacggcca,7.0,cgg,1.0,,FLVLSLRRP,,False,False,3.0,1.0,1.0,883.0,479.0,764.0,780.0,668.0,True,False,True,True,False,False,1.0,both,0.0038880442638885428,0.0038767112952742427,0.003989265577562527,0.003899571779800381,0.0039149974122072075,-2.4102687994419782,-2.4115365403747626,-2.3991070504210184,-2.408983081147973,-2.407268520672322,R,non-synonymous,0.006340951006556201,0.0014683271248488623,0.03375820967139635,0.018200019874025038,0.025979114772710695
314,single,tttttagttttatctttgagacgtcca,7.0,cgt,1.0,,FLVLSLRRP,,False,False,2.0,1.0,1.0,90.0,33.0,68.0,66.0,52.0,True,False,True,True,False,False,1.0,both,0.000328988360790569,0.0003017799211890129,0.00040660691051033683,0.0002686552583161014,0.0003484552670550918,-3.4828194665905903,-3.5203096592155094,-3.390825244559262,-3.5708046546846486,-3.4578529665417754,R,non-synonymous,0.052261599296983256,-0.029036363979723003,0.0796788579618234,-0.012304671230546828,0.033687093365638285
315,single,tttttagttttatctttgagactgcca,7.0,ctg,1.0,,FLVLSLRLP,,False,False,3.0,1.0,1.0,695.0,398.0,550.0,577.0,526.0,True,False,True,True,False,False,1.0,both,0.0028761558208508834,0.0030526199720273227,0.0031399089200520457,0.0032401452366608596,0.0028183881894161835,-2.5411875889767273,-2.5153272586965696,-2.503082949408473,-2.489435522488848,-2.549999189753768,L,non-synonymous,0.021647113921936485,0.014888641331869103,0.049064372586776636,0.03162033408104528,0.04034235333391096
316,single,tttttagttttatctttgagacttcca,7.0,ctt,1.0,,FLVLSLRLP,,False,False,2.0,1.0,1.0,503.0,286.0,420.0,573.0,377.0,True,False,True,True,False,False,1.0,both,0.0028562171323181216,0.0021879044286203433,0.0022724808442966603,0.002328345572072879,0.0021522237082814495,-2.544208780165069,-2.659971652644516,-2.6434997689426596,-2.632952561433493,-2.6671125888501113,L,non-synonymous,-0.05640686724356015,0.015536909341522211,-0.028989608578720003,0.03226860209069839,0.001639496755989192
317,single,tttttagttttatctttgagagagcca,7.0,gag,1.0,,FLVLSLREP,,False,False,1.0,1.0,1.0,804.0,474.0,737.0,817.0,632.0,True,False,True,True,False,False,1.0,both,0.004072477132816589,0.0036677867344510795,0.003632355067225676,0.003858866437631275,0.0037766401738176863,-2.390141345600043,-2.4355959245679237,-2.439811705250136,-2.413540252888451,-2.4228943913889602,E,non-synonymous,-0.0282175594907056,0.01268277192130524,-0.0008003008258654527,0.029414464670481415,0.014307081922307981
318,single,tttttagttttatctttgagagataag,8.0,aag,1.0,,FLVLSLRDK,,False,False,3.0,1.0,1.0,163.0,105.0,213.0,216.0,207.0,True,False,True,True,False,False,1.0,both,0.001076689180769135,0.0012013162247331859,0.0007364102934798323,0.0008548121855512318,0.0010914848806284493,-2.967909650981528,-2.9203426573933906,-3.1328801495946292,-3.068129295492598,-2.961982275809274,K,non-synonymous,-0.09371916957355651,-0.08498241410499391,-0.06630191090871637,-0.06825072135581774,-0.06727631613226706
319,single,tttttagttttatctttgagagatacg,8.0,acg,1.0,,FLVLSLRDT,,False,False,2.0,1.0,1.0,111.0,43.0,75.0,102.0,71.0,True,False,True,True,False,False,1.0,both,0.0005084365575854248,0.0004120456616234599,0.0005014818562960821,0.00035006594265431397,0.00038432566219311596,-3.293763230370541,-3.3850546541312334,-3.2997447752119293,-3.4558501389829495,-3.4153006158563115,T,non-synonymous,-0.0033980949322134396,-0.040709845543638816,0.02401916373262671,-0.02397815279446264,2.0505469082034156e-05
320,single,tttttagttttatctttgagagatact,8.0,act,1.0,,FLVLSLRDT,,False,False,2.0,1.0,1.0,348.0,220.0,324.0,305.0,287.0,True,False,True,True,False,False,1.0,both,0.001520325000623084,0.0016655930265624364,0.0015722133873066358,0.001791035055440676,0.001660286860674261,-2.8180635627856727,-2.778431106116316,-2.803488510052006,-2.74689591374033,-2.7798168690413996,T,non-synonymous,0.008280037037977233,0.018133823272830148,0.03569729570281738,0.034865516022006326,0.03528140586241185
321,single,tttttagttttatctttgagagatagg,8.0,agg,1.0,,FLVLSLRDR,,False,False,3.0,1.0,1.0,1012.0,624.0,977.0,1177.0,1003.0,True,False,True,True,False,False,1.0,both,0.005866959100765147,0.005820870402934229,0.004572068815960677,0.005080026702704463,0.005006482292835657,-2.231586939289024,-2.2350120698298905,-2.3398872414948064,-2.294134004880112,-2.3004673155292386,R,non-synonymous,-0.06152502703586477,-0.033997151784139805,-0.034107768371024624,-0.01726545903496363,-0.025686613702994125
322,single,tttttagttttatctttgagagatagt,8.0,agt,1.0,,FLVLSLRDS,,False,False,3.0,1.0,1.0,1527.0,906.0,1443.0,1397.0,1341.0,True,False,True,True,False,False,1.0,both,0.006963586970067044,0.007782439890662813,0.006898763914992049,0.007375808001042056,0.007394425740595551,-2.157166996018277,-2.1088842249987096,-2.1612287169421656,-2.132190396885723,-2.1310955481545175,S,non-synonymous,-0.0023074496059998996,-0.013401852670704739,0.02510980905884025,0.0033298400784714365,0.014219824568655844
323,single,tttttagttttatctttgagagatatg,8.0,atg,1.0,,FLVLSLRDM,,False,False,3.0,1.0,1.0,1037.0,664.0,953.0,1004.0,845.0,True,False,True,True,False,False,1.0,both,0.005004610821723201,0.004903923719321459,0.0046850151799913255,0.005405669440057313,0.00488349808093386,-2.300629689323458,-2.3094562939006162,-2.329288997609546,-2.2671505151945186,-2.311268978609685,M,non-synonymous,-0.016281253895121535,0.02432728189284868,0.011136004769718613,0.041058974642024855,0.026097489705871734
324,single,tttttagttttatctttgagagatatt,8.0,att,1.0,,FLVLSLRDI,,False,False,3.0,1.0,1.0,798.0,449.0,796.0,749.0,621.0,True,False,True,True,False,False,1.0,both,0.003733519427759639,0.0036039486741995578,0.00360524793985832,0.003655339726785743,0.004078976361409604,-2.4278815844329924,-2.4432214026737284,-2.4430648626478577,-2.437072253559213,-2.3894488115103427,I,non-synonymous,-0.008625567829789169,0.003535972826530596,0.01879169083505098,0.02026766557570677,0.019529678205378875
325,single,tttttagttttatctttgagagatcat,8.0,cat,1.0,,FLVLSLRDH,,False,False,2.0,1.0,1.0,730.0,348.0,607.0,703.0,565.0,True,False,True,True,False,False,1.0,both,0.003504224509632879,0.0032789549129190825,0.0032980338296949544,0.0028330918149697968,0.003110475692682952,-2.4554080771126348,-2.4842645550308697,-2.481744893878131,-2.547739350615955,-2.507173188172754,H,non-synonymous,-0.014961854496554308,-0.036500196722930124,0.01245540416828584,-0.01976850397375395,-0.0036565499027340544
326,single,tttttagttttatctttgagagatccg,8.0,ccg,1.0,,FLVLSLRDP,,False,False,1.0,0.0,1.0,1.0,1.0,16.0,3.0,7.0,True,False,True,True,False,False,2.0,both,1.4954016399571318e-05,4.062422016005943e-05,4.517854561225965e-06,8.141068433821254e-06,8.198947460119807e-05,-4.825242147412796,-4.3912149628360515,-5.345067753998587,-5.089318594562536,-4.086241896592087,P,synonymous,-0.29531112884944405,-0.40143366601082814,-0.2678938701846039,-0.38470197326165195,-0.32629792172312794
327,single,tttttagttttatctttgagagatcct,8.0,cct,1.0,,FLVLSLRDP,,False,False,1.0,0.0,1.0,427.0,229.0,413.0,466.0,302.0,True,False,True,True,False,False,1.0,both,0.0023228572140667446,0.001752644926905421,0.0019291238976434871,0.0018643046713450674,0.0021163533131434253,-2.6339774854424585,-2.756306059893158,-2.7146398789735633,-2.729483112222648,-2.6744118275916104,P,synonymous,-0.04582402672661965,0.015424120040687802,-0.018406768061779502,0.03215581278986398,0.006874522364042238
328,single,tttttagttttatctttgagagatcgg,8.0,cgg,1.0,,FLVLSLRDR,,False,False,2.0,1.0,1.0,146.0,63.0,166.0,126.0,160.0,True,False,True,True,False,False,1.0,both,0.0006280686887819954,0.0009285536036585012,0.0006596067659389909,0.000512887311330739,0.00085064079898743,-3.2019928570148957,-3.032193020194384,-3.1807148982141498,-3.2899780451089544,-3.0702537912079566,R,non-synonymous,0.012087934787074069,-0.14823528039558087,0.039505193451914215,-0.13150358764640468,-0.04599919709724523
329,single,tttttagttttatctttgagagatcgt,8.0,cgt,1.0,,FLVLSLRDR,,False,False,2.0,1.0,1.0,404.0,226.0,413.0,456.0,426.0,True,False,True,True,False,False,1.0,both,0.0022730104927348406,0.0024722739697407596,0.0018252132427352898,0.0018398814660436035,0.0021163533131434253,-2.643398559468024,-2.6069034037475896,-2.738686388887982,-2.735210155415135,-2.6744118275916104,R,non-synonymous,-0.05413268626076631,-0.07378080754065457,-0.026715427595926163,-0.057049114791478395,-0.041882271193702275
330,single,tttttagttttatctttgagagatctg,8.0,ctg,1.0,,FLVLSLRDL,,False,False,2.0,1.0,1.0,793.0,505.0,761.0,683.0,672.0,True,False,True,True,False,False,1.0,both,0.00340453106696907,0.003899925135365705,0.0035826586670521902,0.004111239559079734,0.0038996243857194832,-2.4679426984509263,-2.408943729796483,-2.4457945666809833,-2.3860272164438747,-2.408977222477439,L,non-synonymous,0.012582277040653365,0.013177785574002164,0.039999535705493514,0.02990947832317834,0.03495450701433593
331,single,tttttagttttatctttgagagatctt,8.0,ctt,1.0,,FLVLSLRDL,,False,False,2.0,1.0,1.0,818.0,551.0,776.0,771.0,670.0,True,False,True,True,False,False,1.0,both,0.003843182214689829,0.0038883182153199736,0.0036956050310828392,0.004485728707035511,0.003976489518158106,-2.415309024081502,-2.410238200149482,-2.432314450327264,-2.348166995710751,-2.400500157989823,L,non-synonymous,-0.00966072382271765,0.03569308340356845,0.017756534842122498,0.05242477615274463,0.035090655497433565
332,single,tttttagttttatctttgagagatgag,8.0,gag,1.0,,FLVLSLRDE,,False,False,3.0,1.0,1.0,343.0,219.0,363.0,402.0,285.0,True,False,True,True,False,False,1.0,both,0.0020038381975425565,0.0016539861065167053,0.001549624114500506,0.0017828939870068547,0.0018601362050146813,-2.6981373490479887,-2.781468142841798,-2.8097736339558166,-2.7488744797224176,-2.730455254211899,E,non-synonymous,-0.06342018726860832,0.018742480457201307,-0.03600292860376817,0.03547417320637748,-0.0002643776986953443
333,single,tttttagttttatctttgagagatgat,8.0,gat,1.0,,FLVLSLRDD,,False,False,3.0,1.0,1.0,751.0,429.0,664.0,602.0,561.0,True,False,True,True,False,False,1.0,both,0.0030007726241806443,0.0032557410728276197,0.0033929087754806997,0.0034925183581093183,0.00340256319594972,-2.5227669108746342,-2.4873501415941472,-2.4694278169944184,-2.4568613023778116,-2.468193799879994,D,non-synonymous,0.03030175471545063,0.017532134117049698,0.05771901338029078,0.03426382686622587,0.045991420123258325
334,single,tttttagttttatctttgagagatgcg,8.0,gcg,1.0,,FLVLSLRDA,,False,False,2.0,1.0,1.0,253.0,120.0,179.0,184.0,173.0,True,False,True,True,False,False,1.0,both,0.0009171796725070409,0.0010039985839557545,0.0011430172039901692,0.0009769282120585506,0.0009172572471009034,-3.0375455791229222,-2.998266899721513,-2.941947232822769,-3.010137348514911,-3.0375088482681183,A,non-synonymous,0.05430908982622253,-0.006825917470938772,0.08172634849106268,0.009905775278237404,0.04581606188465004
335,single,tttttagttttatctttgagagatgct,8.0,gct,1.0,,FLVLSLRDA,,False,False,2.0,1.0,1.0,207.0,128.0,227.0,254.0,189.0,True,False,True,True,False,False,1.0,both,0.0012661067218303716,0.0010968539443216045,0.0009351958941737747,0.0010420567595291206,0.0011632256709044977,-2.8975296855125205,-2.9598511986770646,-3.029097408541669,-2.9821086249146678,-2.9343360220548886,A,non-synonymous,-0.07474316831576973,-0.012798787750795355,-0.04732590965092958,0.00393290499838082,-0.021696502326274382
336,single,tttttagttttatctttgagagatggg,8.0,ggg,1.0,,FLVLSLRDG,,False,False,3.0,1.0,1.0,298.0,156.0,325.0,229.0,289.0,True,False,True,True,False,False,1.0,both,0.0011414899185006107,0.0016771999466081678,0.0013463206592453376,0.0012700066756761157,0.0016654112028368358,-2.9425279197925707,-2.7754151600937607,-2.8708514899223316,-2.8961939962080745,-2.778478518269137,G,non-synonymous,0.040719131856358365,-0.06945199645786429,0.06813639052119852,-0.05272030370868812,0.007708043406255201
337,single,tttttagttttatctttgagagatggt,8.0,ggt,1.0,,FLVLSLRDG,,False,False,3.0,1.0,1.0,575.0,328.0,546.0,521.0,479.0,True,False,True,True,False,False,1.0,both,0.002597014181392219,0.0027798573509526378,0.00259776637270493,0.0026702704462933714,0.002797890820765884,-2.5855256788329344,-2.555977489435745,-2.5853999093089564,-2.573444750850857,-2.5531692365432743,G,non-synonymous,7.144923149263429e-05,-0.010044277763885074,0.027488707896332783,0.006687414985291101,0.017088061440811944
338,single,tttttagttttatctttgagagatgtg,8.0,gtg,1.0,,FLVLSLRDV,,False,False,3.0,1.0,1.0,722.0,424.0,731.0,615.0,611.0,True,False,True,True,False,False,1.0,both,0.0030655733619121203,0.0035459140739709013,0.0032618909932051465,0.003451813015940212,0.003745894120842237,-2.513488286357042,-2.4502717926077544,-2.486530556428948,-2.461952737969803,-2.4264445022901513,V,non-synonymous,0.015314593116278242,-0.006716946461892533,0.04273185178111839,0.010014746287283643,0.02637329903420102
339,single,tttttagttttatctttgagagatgtt,8.0,gtt,1.0,,FLVLSLRDV,,False,False,3.0,1.0,1.0,434.0,256.0,462.0,456.0,381.0,True,False,True,True,False,False,1.0,both,0.0022730104927348406,0.002211118268711806,0.001960748879572069,0.002084113519058241,0.0023674460791095944,-2.643398559468024,-2.655388027174689,-2.707578024486076,-2.6810786292506865,-2.625719903691886,V,non-synonymous,-0.036460132058359004,-0.014772982268961494,-0.009042873393518856,0.001958710480214681,-0.0035420814566520875
340,single,tttttagttttatctttgagagattag,8.0,tag,1.0,,FLVLSLRD*,,True,False,3.0,1.0,1.0,145.0,68.0,58.0,217.0,205.0,True,False,True,True,False,False,1.0,both,0.0010816738529023254,0.0011897093046874547,0.0006550889113777649,0.0005535926534998453,0.000297211845429343,-2.9659036682839295,-2.9245591417945542,-3.183699751763612,-3.2568096818563,-3.5269338856850743,*,stop,-0.12372920159476232,-0.19105551993936726,-0.09631194292992218,-0.17432382719019107,-0.13531788506005663
341,single,tttttagttttatctttgagagattat,8.0,tat,1.0,,FLVLSLRDY,,False,False,3.0,1.0,1.0,817.0,442.0,749.0,742.0,685.0,True,False,True,True,False,False,1.0,both,0.003698626722827306,0.003975370115662958,0.0036910871765216133,0.0035983522477489945,0.0038381322797685848,-2.4319594968534317,-2.400622431357883,-2.4328456974661714,-2.4438963252134442,-2.415880061548545,Y,non-synonymous,-0.0005034475024309227,-0.024883981494322777,0.026913811162409224,-0.008152288745146601,0.009380761208631311
342,single,tttttagttttatctttgagagattcg,8.0,tcg,1.0,,FLVLSLRDS,,False,False,2.0,1.0,1.0,747.0,448.0,664.0,690.0,572.0,True,False,True,True,False,False,1.0,both,0.003439423771901403,0.003319579133079142,0.003374837357235796,0.003647198658351922,0.00340256319594972,-2.4635143113952034,-2.4789169740572845,-2.471747152183188,-2.438040580564392,-2.468193799879994,S,non-synonymous,-0.004677048371483528,0.02350533609540364,0.02274021029335662,0.04023702884457982,0.031488619568968215
343,single,tttttagttttatctttgagagattct,8.0,tct,1.0,,FLVLSLRDS,,False,False,2.0,1.0,1.0,801.0,436.0,737.0,675.0,633.0,True,False,True,True,False,False,1.0,both,0.0033646536899035466,0.003673590194473945,0.003618801503541998,0.003549505837146067,0.0037766401738176863,-2.4730596293014337,-2.434909292832953,-2.4414352379143494,-2.44983210529395,-2.4228943913889602,S,non-synonymous,0.017965707347576167,-0.00858113185659087,0.045382966012416315,0.008150560892585305,0.02676676345250081
344,single,tttttagttttatctttgagagattgg,8.0,tgg,1.0,,FLVLSLRDW,,False,False,3.0,1.0,1.0,457.0,256.0,373.0,453.0,371.0,True,False,True,True,False,False,1.0,both,0.002258056476335269,0.0021530836684831496,0.002064659534480266,0.002084113519058241,0.00191137962664043,-2.6462652001196267,-2.666939093235263,-2.685151553928737,-2.6810786292506865,-2.718653047439324,W,non-synonymous,-0.02209120307795359,-0.008130720884986882,0.005326055586886556,0.008600971864189294,0.006963513725537925
345,single,tttttagttttatctttgagagattgt,8.0,tgt,1.0,,FLVLSLRDC,,False,False,3.0,1.0,1.0,1.0,1.0,2.0,4.0,2.0,True,False,True,True,False,False,3.0,both,1.993868853276176e-05,1.1606920045731265e-05,4.517854561225965e-06,8.141068433821254e-06,1.0248684325149758e-05,-4.700303410804496,-4.935283007186327,-5.345067753998587,-5.089318594562536,-4.989331883584031,C,non-synonymous,-0.36628839291142756,-0.08857577546708645,-0.33887113424658744,-0.07184408271791028,-0.20535760848224885
346,single,tttttagttttatctttgagagatttg,8.0,ttg,1.0,,FLVLSLRDL,,False,False,3.0,1.0,1.0,614.0,345.0,584.0,584.0,528.0,True,False,True,True,False,False,1.0,both,0.0029110485257832167,0.003064226892073054,0.0027739627005927427,0.002808668609668333,0.0029926158229437298,-2.5359505550200594,-2.5136790803164963,-2.556899382857419,-2.5514994994892617,-2.523949032135612,L,non-synonymous,-0.011900956625349407,-0.02174804546001551,0.015516302039490741,-0.0050163527108393335,0.005249974664325704
347,single,tttttagttttatctttgagagatttt,8.0,ttt,1.0,,FLVLSLRDF,,False,False,3.0,1.0,1.0,1654.0,994.0,1576.0,1597.0,1381.0,True,False,True,True,False,False,1.0,both,0.007960521396705132,0.008014578291577439,0.007472531444267746,0.008092222023218328,0.00807596324821801,-2.099058485993976,-2.0961193242716774,-2.126532248782059,-2.0919322101652225,-2.092805666094475,F,non-synonymous,-0.015607749598906559,0.0024077350258195776,0.01180950906593359,0.019139427774995752,0.015474468420464672
348,single,tttttagttttatctttgagagcgcca,7.0,gcg,1.0,,FLVLSLRAP,,False,False,2.0,1.0,1.0,124.0,79.0,122.0,118.0,100.0,True,False,True,True,False,False,1.0,both,0.0005881913117164718,0.0005803460022865632,0.0005602139655920197,0.0006431444062718791,0.0006251697438341353,-3.2304813948263336,-3.2363130028503084,-3.2516460688363518,-3.1916915032720947,-3.204002048573263,A,non-synonymous,-0.012023578089352045,0.02565890126410508,0.015393680575488103,0.042390594013281255,0.028892137294384678
349,single,tttttagttttatctttgagagctcca,7.0,gct,1.0,,FLVLSLRAP,,False,False,1.0,1.0,1.0,724.0,458.0,730.0,650.0,572.0,True,False,True,True,False,False,1.0,both,0.0032400368865737857,0.003319579133079142,0.003270926702327599,0.003728609342690135,0.003740769778679662,-2.4894500454896034,-2.4789169740572845,-2.48532918780144,-2.428453116558667,-2.4270390191275557,A,non-synonymous,0.0023410449972100845,0.029018458572716663,0.029758303662050234,0.045750151321892835,0.037754227491971534
350,single,tttttagttttatctttgagagggcca,7.0,ggg,1.0,,FLVLSLRGP,,False,False,2.0,1.0,1.0,1124.0,639.0,978.0,1135.0,926.0,True,False,True,True,False,False,1.0,both,0.0056576028711711485,0.005374003981173576,0.005078068526817985,0.005202142729211782,0.005011606634998232,-2.2473675406033173,-2.2697020161683743,-2.2943014427655446,-2.283817736404136,-2.30002302446041,G,non-synonymous,-0.02666298745817806,-0.008117025990268987,0.0007542712066620876,0.008614666758907189,0.004684468982784638
351,single,tttttagttttatctttgagaggtcca,7.0,ggt,1.0,,FLVLSLRGP,,False,False,1.0,1.0,1.0,3.0,4.0,97.0,8.0,14.0,True,False,True,True,False,False,2.0,both,3.987737706552352e-05,8.124844032011886e-05,1.3553563683677896e-05,3.256427373528502e-05,0.0004970611897697633,-4.399273415140515,-4.09018496717207,-4.867946499278925,-4.487258603234574,-3.303590144981767,G,non-synonymous,-0.2662515578008992,-0.2283310359045262,-0.23883429913605905,-0.21159934315535,-0.22521682114570452
352,single,tttttagttttatctttgagagtgcca,7.0,gtg,1.0,,FLVLSLRVP,,False,False,2.0,1.0,1.0,716.0,398.0,678.0,747.0,586.0,True,False,True,True,False,False,1.0,both,0.0037235500834932583,0.0034008275733992607,0.003234783865837791,0.0032401452366608596,0.0034743039862257684,-2.42904280031706,-2.468415386832218,-2.4901547316907315,-2.489435522488848,-2.4591321853809482,V,non-synonymous,-0.034717476806618665,-0.012087302992275633,-0.007300218141778517,0.004644389756900543,-0.001327914192438987
353,single,tttttagttttatctttgagagttcca,7.0,gtt,1.0,,FLVLSLRVP,,False,False,1.0,1.0,1.0,818.0,451.0,738.0,748.0,591.0,True,False,True,True,False,False,1.0,both,0.0037285347556264485,0.0034298448735135888,0.0036956050310828392,0.0036716218636533857,0.003781764515980261,-2.4284618042679975,-2.4647255219690534,-2.432314450327264,-2.4351420526845753,-2.42230551742497,V,non-synonymous,-0.002188674898668348,0.017011515179797147,0.0252285837661718,0.033743207928973326,0.029485895847572562
354,single,tttttagttttatctttgagatagcca,7.0,tag,1.0,,FLVLSLR*P,,True,False,2.0,1.0,1.0,81.0,40.0,65.0,139.0,123.0,True,False,True,True,False,False,1.0,both,0.0006928694265134711,0.0007138255828124728,0.0003659462194593032,0.0003256427373528502,0.00033308224056736714,-3.1593486018783636,-3.1464078914109104,-3.436582735119937,-3.4872586032345736,-3.477448522605156,*,stop,-0.15749575204824887,-0.19600091532453554,-0.1300784933834087,-0.17926922257535935,-0.15467385797938404
355,single,tttttagttttatctttgagatatcca,7.0,tat,1.0,,FLVLSLRYP,,False,False,1.0,1.0,1.0,636.0,422.0,590.0,671.0,532.0,True,False,True,True,False,False,1.0,both,0.003344715001370785,0.0030874407321645164,0.002873355500939714,0.0034355308790725695,0.003023361875919179,-2.4756408819634665,-2.51040137055526,-2.541610638350173,-2.4640061436008622,-2.5195098676058674,Y,non-synonymous,-0.03747719039167012,0.02667885568170994,-0.010059931726829972,0.04341054843088611,0.01667530835202807
356,single,tttttagttttatctttgagatcgcca,7.0,tcg,1.0,,FLVLSLRSP,,False,False,3.0,1.0,1.0,898.0,559.0,868.0,796.0,790.0,True,False,True,True,False,False,1.0,both,0.0039677990180195894,0.00458473341806385,0.004057033395980916,0.004550857254506081,0.004447928997114995,-2.4014503343947897,-2.338685911559867,-2.391791417331283,-2.3419067866761125,-2.3518421540715195,S,non-synonymous,0.005487197370329423,-0.0018521142806260497,0.032904456035169574,0.014879578468550125,0.02389201725185985
357,single,tttttagttttatctttgagatctcca,7.0,tct,1.0,,FLVLSLRSP,,False,False,2.0,1.0,1.0,897.0,522.0,768.0,798.0,624.0,True,False,True,True,False,False,1.0,both,0.003977768362285971,0.003621359054268155,0.004052515541419691,0.004249637722454695,0.0039354947808575074,-2.4003605107817294,-2.4411284131678843,-2.3922753109544947,-2.371648091560274,-2.4050006592164994,S,non-synonymous,0.0045931740524211406,0.03995358131797032,0.03201043271726129,0.05668527406714649,0.04434785339220389
358,single,tttttagttttatctttgagatggcca,7.0,tgg,1.0,,FLVLSLRWP,,False,False,3.0,1.0,1.0,335.0,200.0,353.0,308.0,248.0,True,False,True,True,False,False,1.0,both,0.0015352790170226553,0.0014392580856706768,0.0015134812780106983,0.001628213686764251,0.0018088927833889324,-2.8138126856320147,-2.8418613220240925,-2.8200229469617417,-2.788288598898555,-2.7425871738601892,W,non-synonymous,-0.0035280279780313603,0.030806163533745278,0.023889230686808788,0.047537856282921453,0.03571354348486512
359,single,tttttagttttatctttgagatgtcca,7.0,tgt,1.0,,FLVLSLRCP,,False,False,2.0,1.0,1.0,1814.0,1049.0,1572.0,1560.0,1347.0,True,False,True,True,False,False,1.0,both,0.0077760885277770855,0.007817260650800007,0.0081953881740639,0.008539980787078497,0.00805546587956771,-2.109238803777997,-2.106945407127323,-2.0864304712745105,-2.068543106368978,-2.0939093375446225,C,non-synonymous,0.012957334793522682,0.02208264744096436,0.040374593458362834,0.03881434019014053,0.03959446682425168
360,single,tttttagttttatctttgagattgcca,7.0,ttg,1.0,,FLVLSLRLP,,False,False,3.0,1.0,1.0,1698.0,945.0,1613.0,1482.0,1291.0,True,False,True,True,False,False,1.0,both,0.007387284101388231,0.007492266889519532,0.007671317044961688,0.0076933096699610855,0.00826556390823328,-2.1315151984891494,-2.125386760583888,-2.1151300680906533,-2.113886786053273,-2.08272751185905,L,non-synonymous,0.00930833589769825,0.006612881992088982,0.0367255945625384,0.023344574741265157,0.03003508465190178
361,single,tttttagttttatctttgagatttcca,7.0,ttt,1.0,,FLVLSLRFP,,False,False,2.0,1.0,1.0,882.0,466.0,833.0,807.0,729.0,True,False,True,True,False,False,1.0,both,0.004022630411484685,0.004230722356669046,0.0039847477230013015,0.003793737890160705,0.004268577021424875,-2.3954898674103884,-2.3735854745323337,-2.399599168866767,-2.420932677872536,-2.369716877841224,F,non-synonymous,-0.0023344799419103613,-0.027226274937449686,0.025082778722929785,-0.01049458218827351,0.007294098267328138
362,single,tttttagttttatctttgagggatcca,6.0,agg,1.0,,FLVLSLRDP,,False,False,1.0,0.0,1.0,385.0,202.0,390.0,352.0,288.0,True,False,True,True,False,False,1.0,both,0.0017546045908830347,0.0016713964865853021,0.0017393740060719965,0.0016444958236318935,0.001998493443404203,-2.755820738654328,-2.776920515091078,-2.7596070244900863,-2.783967225115912,-2.6992972722215125,R,synonymous,-0.002150975885255813,-0.004052101307063392,0.025266282779584336,0.012679591442112784,0.01897293711084856
363,single,tttttagttttatctttgagtgatcca,6.0,agt,1.0,,FLVLSLSDP,,False,False,1.0,1.0,1.0,775.0,440.0,566.0,640.0,526.0,True,False,True,True,False,False,1.0,both,0.0031901901652418812,0.0030526199720273227,0.0035013372849501227,0.003582070110881352,0.002900377664017382,-2.4961834281485715,-2.5153272586965696,-2.455766051492277,-2.4458659180763487,-2.53754544805974,S,non-synonymous,0.02296097186111543,0.03994266659556221,0.05037823052595558,0.056674359344738384,0.05352629493534698
364,single,tttttagttttatctttgatggatcca,6.0,atg,1.0,,FLVLSLMDP,,False,False,2.0,1.0,1.0,1023.0,468.0,855.0,749.0,683.0,True,False,True,True,False,False,1.0,both,0.003733519427759639,0.003963763195617227,0.0046217652161341626,0.0038100200270283473,0.004381312549001522,-2.4278815844329924,-2.401892299168776,-2.3351921202864268,-2.419072741488412,-2.358395764519839,M,non-synonymous,0.05265656393757297,-0.009879346891524551,0.08007382260241311,0.006852345857651624,0.04346308423003237
365,single,tttttagttttatctttgattgatcca,6.0,att,1.0,,FLVLSLIDP,,False,False,2.0,1.0,1.0,857.0,521.0,804.0,779.0,796.0,True,False,True,True,False,False,1.0,both,0.003883059591755352,0.004619554178201044,0.003871801358970652,0.004241496654020874,0.004119971098710203,-2.4108259444598943,-2.3353999351126395,-2.412086932075389,-2.3724808712630114,-2.3851058304995605,I,non-synonymous,-0.0007163627021813153,-0.021322817217185652,0.026700895962658833,-0.004591124468009477,0.011054885747324678
366,single,tttttagttttatctttgcaggatcca,6.0,cag,1.0,,FLVLSLQDP,,False,False,3.0,1.0,1.0,1018.0,605.0,853.0,916.0,802.0,True,False,True,True,False,False,1.0,both,0.004565959674002443,0.004654374938338237,0.0045991759433280325,0.004925346402461859,0.004371063864676372,-2.340467928464608,-2.332138634566145,-2.337319975997847,-2.307563219910067,-2.3594128480804883,Q,non-synonymous,0.0017883409065387484,0.014131711039416002,0.029205599571378898,0.030863403788592175,0.03003450167998554
367,single,tttttagttttatctttgcatgatcca,6.0,cat,1.0,,FLVLSLHDP,,False,False,3.0,1.0,1.0,2.0,3.0,4.0,11.0,7.0,True,False,True,True,False,False,2.0,both,5.483139346509483e-05,4.062422016005943e-05,9.03570912245193e-06,2.4423205301463763e-05,2.0497368650299517e-05,-4.260970716974234,-4.3912149628360515,-5.044037758334606,-4.612197339842874,-4.6883018879200495,H,non-synonymous,-0.4448576773040539,-0.1270724885161345,-0.4174404186392138,-0.11034079576695834,-0.26389060720308605
368,single,tttttagttttatctttgccggatcca,6.0,ccg,1.0,,FLVLSLPDP,,False,False,3.0,1.0,1.0,276.0,140.0,243.0,253.0,215.0,True,False,True,True,False,False,1.0,both,0.0012611220496971812,0.001247743904916111,0.0012469278588983664,0.0011397495807349757,0.0012452151455056956,-2.8992428809566406,-2.903874542934703,-2.904158671933369,-2.943190558884298,-2.9047556056496995,P,non-synonymous,-0.002792643848501898,-0.02260806519019752,0.02462461481633825,-0.005876372441021346,0.009374121187658452
369,single,tttttagttttatctttgcctgatcca,6.0,cct,1.0,,FLVLSLPDP,,False,False,3.0,1.0,1.0,888.0,492.0,725.0,732.0,694.0,True,False,True,True,False,False,1.0,both,0.003648780001495402,0.004027601255868749,0.004011854850368657,0.004005405669440057,0.0037151480678667874,-2.437852321074067,-2.3949535323954536,-2.396654788219986,-2.3973534917951755,-2.430023872677018,P,non-synonymous,0.02340417589825454,-0.0013800594300375506,0.05082143456309469,0.015351633319138625,0.03308653394111666
370,single,tttttagttttatctttgcgtgatcca,6.0,cgt,1.0,,FLVLSLRDP,,False,False,2.0,0.0,1.0,1.0,1.0,15.0,1.0,6.0,True,False,True,True,False,False,2.0,both,4.98467213319044e-06,3.482076013719379e-05,4.517854561225965e-06,8.141068433821254e-06,7.68651324386232e-05,-5.302363402132459,-4.458161752466665,-5.345067753998587,-5.089318594562536,-4.114270620192331,R,synonymous,-0.024260194566403874,-0.3629369529617801,0.003157064098436274,-0.3462052602126039,-0.1715240980570838
371,single,tttttagttttatctttgctggatcca,6.0,ctg,1.0,,FLVLSLLDP,,False,False,3.0,1.0,1.0,268.0,112.0,265.0,287.0,201.0,True,False,True,True,False,False,1.0,both,0.0014306009022256561,0.0011664954645959921,0.0012107850224085585,0.0009117996645879805,0.001357950673082343,-2.8444815053984662,-2.93311694542982,-2.916932959969798,-3.0401005718923546,-2.8671160053112037,L,non-synonymous,-0.04115942070797756,-0.0615192751078752,-0.013742162043137413,-0.04478758235869902,-0.029264872200918217
372,single,tttttagttttatctttggaggatcca,6.0,gag,1.0,,FLVLSLEDP,,False,False,3.0,1.0,1.0,213.0,131.0,192.0,173.0,178.0,True,False,True,True,False,False,1.0,both,0.000862348279041946,0.0010330158840700825,0.0009623030215411305,0.0010664799648305843,0.0009838736952143769,-3.0643172990036636,-2.985893000541415,-3.0166881505598493,-2.9720472989067717,-3.007060650544462,E,non-synonymous,0.02705795446565628,0.007961755981616856,0.05447521313049643,0.02469344873079303,0.03958433093064473
373,single,tttttagttttatctttggatgatcca,6.0,gat,1.0,,FLVLSLDDP,,False,False,3.0,1.0,1.0,996.0,542.0,870.0,1026.0,803.0,True,False,True,True,False,False,1.0,both,0.005114273608653391,0.004660178398361103,0.004499783142981061,0.00441245909113112,0.004458177681440145,-2.291216041356661,-2.3315974575716276,-2.346808415574888,-2.355319308024149,-2.350842626629393,D,non-synonymous,-0.031581835480618804,-0.013640882182729198,-0.004164576815778656,0.0030908105664469773,-0.0005368831246658394
374,single,tttttagttttatctttggcggatcca,6.0,gcg,1.0,,FLVLSLADP,,False,False,3.0,1.0,1.0,378.0,200.0,341.0,338.0,280.0,True,False,True,True,False,False,1.0,both,0.0016848191810183684,0.001624968806402377,0.0017077490241434149,0.001628213686764251,0.001747400677438034,-2.773446701854804,-2.7891549715080894,-2.767575954161362,-2.788288598898555,-2.757607500255514,A,non-synonymous,0.00333515145575004,0.0004981941318893777,0.030752410120590188,0.017229886881065554,0.02399114850082787
375,single,tttttagttttatctttggctgatcca,6.0,gct,1.0,,FLVLSLADP,,False,False,3.0,1.0,1.0,316.0,158.0,294.0,257.0,258.0,True,False,True,True,False,False,1.0,both,0.001281060738229943,0.001497292685899333,0.001427642041347405,0.0012862888125437582,0.0015065565957970146,-2.892430278801164,-2.8246932968870784,-2.845380671380183,-2.8906615076081135,-2.8220145488358543,A,non-synonymous,0.026728719215412526,-0.03793399642461027,0.054145977880252674,-0.021202303675434093,0.016471837102409292
376,single,tttttagttttatctttgggggatcca,6.0,ggg,1.0,,FLVLSLGDP,,False,False,2.0,1.0,1.0,1202.0,615.0,1014.0,1024.0,981.0,True,False,True,True,False,False,1.0,both,0.00510430426438701,0.005693194282431186,0.00543046118259361,0.005006757086800072,0.005196082952850928,-2.292063445492647,-2.24464399547036,-2.2651632863318665,-2.3004434787871193,-2.2843239242506943,G,non-synonymous,0.015281887362524076,-0.03208662744521131,0.04269914602736422,-0.015354934696035136,0.013672105665664543
377,single,tttttagttttatctttgggtgatcca,6.0,ggt,1.0,,FLVLSLGDP,,False,False,2.0,1.0,1.0,1093.0,638.0,862.0,903.0,912.0,True,False,True,True,False,False,1.0,both,0.004501158936270967,0.005292755540853457,0.00493801503541998,0.00519400166077796,0.0044171829441395465,-2.346675651818953,-2.2763181645218924,-2.306447592048884,-2.284497915841374,-2.354854613423299,G,non-synonymous,0.022853421592961328,-0.0047036391303617265,0.05027068025780147,0.012028053618814448,0.03114936693830796
378,single,tttttagttttatctttggtggatcca,6.0,gtg,1.0,,FLVLSLVDP,,False,False,3.0,1.0,1.0,637.0,345.0,476.0,619.0,485.0,True,False,True,True,False,False,1.0,both,0.003085512050444882,0.002814678111089832,0.00287787335550094,0.002808668609668333,0.0024391868693856428,-2.510672753112341,-2.550571264248045,-2.5409283216632366,-2.5514994994892617,-2.6127549265275185,V,non-synonymous,-0.017188083829556746,-0.0005337672787644082,0.010229174835283402,0.016197925470411767,0.013213550152847585
379,single,tttttagttttatctttggttgatcca,6.0,gtt,1.0,,FLVLSLVDP,,False,False,3.0,1.0,1.0,384.0,190.0,333.0,353.0,315.0,True,False,True,True,False,False,1.0,both,0.001759589263016225,0.0018280899072026743,0.0017348561515107706,0.0015468030024260383,0.001706405940137435,-2.7545886967446362,-2.738002449060708,-2.760736529631056,-2.8105649936097072,-2.767917645741692,V,non-synonymous,-0.0034925625953495334,-0.04172596581590543,0.023924696069490613,-0.024994273066729255,-0.0005347884986193208
380,single,tttttagttttatctttgtaggatcca,6.0,tag,1.0,,FLVLSL*DP,,True,False,3.0,1.0,1.0,471.0,273.0,278.0,766.0,714.0,True,False,True,True,False,False,1.0,both,0.0038182588540238765,0.0041436704563260615,0.0021279094983374294,0.0022225116824332023,0.0014245671211958165,-2.418134632499855,-2.382614791074134,-2.6720468468696907,-2.65315594752178,-2.8463170833299354,*,stop,-0.14424665061559114,-0.15557049598925227,-0.11682939195075098,-0.13883880324007608,-0.12783409759541353
381,single,tttttagttttatctttgtatgatcca,6.0,tat,1.0,,FLVLSLYDP,,False,False,3.0,1.0,1.0,869.0,418.0,690.0,690.0,605.0,True,False,True,True,False,False,1.0,both,0.003439423771901403,0.0035110933138337076,0.003926015613705364,0.0034029666053372845,0.003535796092176667,-2.4635143113952034,-2.45455762819784,-2.4060479775499206,-2.4681423127875006,-2.4515127885107564,Y,non-synonymous,0.032646425462091525,-0.007811662178209523,0.06006368412693167,0.008920030570966651,0.03449185734894916
382,single,tttttagttttatctttgtcggatcca,6.0,tcg,1.0,,FLVLSLSDP,,False,False,3.0,1.0,1.0,863.0,478.0,835.0,796.0,646.0,True,False,True,True,False,False,1.0,both,0.0039677990180195894,0.0037490351747711988,0.0038989084863380076,0.00389143071136656,0.004278825705750024,-2.4014503343947897,-2.426080484855224,-2.409056958283377,-2.409890697950417,-2.3686754037644095,S,non-synonymous,-0.004321296717231328,0.009309685860046107,0.02309596194760882,0.02604137860922228,0.02456867027841555
383,single,tttttagttttatctttgtctgatcca,6.0,tct,1.0,,FLVLSLSDP,,False,False,3.0,1.0,1.0,27.0,13.0,10.0,26.0,24.0,True,False,True,True,False,False,1.0,both,0.00012960147546295142,0.00013928304054877517,0.00012198207315310106,0.00010583388963967631,5.12434216257488e-05,-3.887390054161641,-3.8561017611387025,-3.9137039898395996,-3.975375242255699,-4.290361879248011,S,non-synonymous,-0.01494885582987766,-0.06858636541433825,0.012468402834962488,-0.05185467266516208,-0.019693134915099796
384,single,tttttagttttatctttgtgggatcca,6.0,tgg,1.0,,FLVLSLWDP,,False,False,2.0,1.0,1.0,167.0,87.0,126.0,111.0,118.0,True,False,True,True,False,False,1.0,both,0.0005532986067841388,0.0006848082826981446,0.0007544817117247362,0.0007082729537424492,0.0006456671124844348,-3.2570404233458015,-3.164430995544183,-3.1223512828510036,-3.1497993419439174,-3.1899913341304487,W,non-synonymous,0.07651643477997012,0.008413705469529026,0.10393369344481027,0.0251453982187052,0.06453954583175774
385,single,tttttagttttatctttgtgtgatcca,6.0,tgt,1.0,,FLVLSLCDP,,False,False,2.0,1.0,1.0,506.0,245.0,373.0,436.0,437.0,True,False,True,True,False,False,1.0,both,0.0021733170500710317,0.0025361120299922813,0.0022860344079803385,0.0019945617662862074,0.00191137962664043,-2.6628769128638727,-2.5958315658798865,-2.6409172371587877,-2.7001525101980035,-2.718653047439324,C,non-synonymous,0.012475215802140486,-0.05998814103826467,0.03989247446698063,-0.04325644828908849,-0.0016819869110539301
386,single,tttttagttttatctttgttggatcca,6.0,ttg,1.0,,FLVLSLLDP,,False,False,3.0,1.0,1.0,1254.0,736.0,1294.0,1192.0,1028.0,True,False,True,True,False,False,1.0,both,0.005941729182763004,0.0059659569035058705,0.00566538961977736,0.005991826367292443,0.006630898758371894,-2.2260871467282413,-2.2243198881910518,-2.2467702175038893,-2.222440780225037,-2.17842760291533,L,non-synonymous,-0.01174998095793418,0.0010805518913599528,0.015667277706905968,0.01781224464053613,0.01673976117372105
387,single,tttttagttttatctttgtttgatcca,6.0,ttt,1.0,,FLVLSLFDP,,False,False,3.0,1.0,1.0,973.0,529.0,890.0,936.0,772.0,True,False,True,True,False,False,1.0,both,0.004665653116666251,0.004480271137652268,0.004395872488072864,0.004306625201491444,0.004560664524691642,-2.3310875533943536,-2.3486957025145725,-2.356954913730235,-2.3658629225273504,-2.340971872603099,F,non-synonymous,-0.014695157922898125,-0.009871743609040466,0.012722100741942024,0.006859949140135709,0.009791024941038867
388,single,tttttagttttatcttttagagatcca,5.0,ttt,1.0,,FLVLSFRDP,,False,False,1.0,1.0,1.0,741.0,419.0,655.0,618.0,578.0,True,False,True,True,False,False,1.0,both,0.0030805273783116914,0.0033543998932163356,0.00334773022986844,0.0034111076737711058,0.003356444116486546,-2.5113749270436427,-2.4743851644297794,-2.475249546019259,-2.4671045715962405,-2.4741205792562284,F,non-synonymous,0.020522703990086166,0.004186591988744623,0.04793996265492631,0.0209182847379208,0.03442912369642356
389,single,tttttagttttatggttgagagatcca,4.0,tgg,1.0,,FLVLWLRDP,,False,False,2.0,1.0,1.0,9.0,5.0,15.0,28.0,20.0,True,False,True,True,False,False,1.0,both,0.0001395708197293323,0.00011606920045731264,4.0660691051033685e-05,4.070534216910627e-05,7.68651324386232e-05,-3.8552053707902396,-3.935283007186327,-4.390825244559262,-4.390348590226517,-4.114270620192331,W,non-synonymous,-0.30428379739854555,-0.2616784055733884,-0.2768665387337054,-0.2449467128242122,-0.26090662577895884
390,single,tttttagttttatgtttgagagatcca,4.0,tgt,1.0,,FLVLCLRDP,,False,False,1.0,1.0,1.0,703.0,401.0,644.0,591.0,502.0,True,False,True,True,False,False,1.0,both,0.0029459412307155496,0.0029133369314785474,0.0031760517565418535,0.0032645684419623233,0.0033000763526982225,-2.5307759212512035,-2.535609285705289,-2.498112428978763,-2.4861742219423535,-2.4814760118881996,C,non-synonymous,0.018556016965946727,0.028426866691347388,0.045973275630786875,0.04515855944052356,0.04556591753565522
391,single,tttttagttttattgttgagagatcca,4.0,ttg,1.0,,FLVLLLRDP,,False,False,2.0,1.0,1.0,513.0,251.0,481.0,478.0,409.0,True,False,True,True,False,False,1.0,both,0.00238267327966503,0.0023736151493520437,0.00231765938990892,0.002043408176889135,0.002464808580198517,-2.62293550552034,-2.6245896948429666,-2.6349503888867707,-2.689644873081498,-2.6082168028741797,L,non-synonymous,-0.006825613676939011,-0.03740897125645286,0.020591644987901135,-0.020677278507276683,-4.2816759687773834e-05
392,single,tttttagttttatttttgagagatcca,4.0,ttt,1.0,,FLVLFLRDP,,False,False,1.0,1.0,1.0,686.0,422.0,726.0,729.0,590.0,True,False,True,True,False,False,1.0,both,0.0036338259850958302,0.003424041413490723,0.003099248229001012,0.0034355308790725695,0.0037202724100293626,-2.4396358738144843,-2.465460991208164,-2.5087436382918353,-2.4640061436008622,-2.429425258547918,F,non-synonymous,-0.03925988193253798,0.0008365875522550522,-0.011842623267697833,0.017568280301431226,0.0028628285168666966
393,single,tttttagttttgtctttgagagatcca,3.0,ttg,1.0,,FLVLSLRDP,,False,False,1.0,0.0,1.0,1007.0,601.0,1045.0,937.0,916.0,True,False,True,True,False,False,1.0,both,0.004670637788799442,0.005315969380944919,0.004549479543154547,0.004892782128726574,0.005354937559890749,-2.3306238112446804,-2.274417529182458,-2.342038283444969,-2.3104441225597965,-2.2712455888009386,L,synonymous,-0.006484522170478075,-0.020716533758146454,0.020932736494362073,-0.003984841008970279,0.008473947742695897
394,single,tttttagttttttctttgagagatcca,3.0,ttt,1.0,,FLVFSLRDP,,False,False,1.0,1.0,1.0,407.0,236.0,389.0,409.0,299.0,True,False,True,True,False,False,1.0,both,0.00203873090247489,0.001735234546836824,0.0018387668064189678,0.0019212921503818162,0.001993369101241628,-2.6906400941251167,-2.760641814525879,-2.735473344773367,-2.7164065915924294,-2.700412277922304,F,non-synonymous,-0.025469614599948946,0.02543677887058786,0.001947644064891202,0.04216847161976403,0.022058057842327616
395,single,tttttatagttatctttgagagatcca,2.0,tag,1.0,,FL*LSLRDP,,True,False,3.0,1.0,1.0,371.0,173.0,209.0,524.0,585.0,True,False,True,True,False,False,1.0,both,0.0026119681977917904,0.003395024113376395,0.001676124042214833,0.0014084048390510771,0.0010709875119781498,-2.583032115148732,-2.469157136768128,-2.7756938443835413,-2.8512724914337406,-2.970215593136958,*,stop,-0.1094504618964506,-0.21972950818646375,-0.08203320323161045,-0.20299781543728757,-0.142515509334449
396,single,tttttatatttatctttgagagatcca,2.0,tat,1.0,,FLYLSLRDP,,False,False,2.0,1.0,1.0,1018.0,634.0,991.0,931.0,791.0,True,False,True,True,False,False,1.0,both,0.004640729756000299,0.004590536878086715,0.0045991759433280325,0.005161437387042675,0.005078223083111706,-2.333413721151116,-2.338136519352632,-2.337319975997847,-2.287229336680803,-2.2942882247627363,Y,non-synonymous,-0.0022191298653759903,0.029273385837708683,0.025198128799464158,0.04600507858688486,0.035601603693174506
397,single,tttttatcgttatctttgagagatcca,2.0,tcg,1.0,,FLSLSLRDP,,False,False,3.0,1.0,1.0,178.0,114.0,175.0,221.0,147.0,True,False,True,True,False,False,1.0,both,0.0011016125414350872,0.000853108623361248,0.0008041781118982218,0.000928081801455623,0.0008967598784506039,-2.957971128447348,-3.0689956681021324,-3.094647751689693,-3.0324137432260634,-3.047323830561717,S,non-synonymous,-0.07764551685347917,0.02103586852343824,-0.050228258188639026,0.037767561272614415,-0.006230348458012305
398,single,tttttatctttatctttgagagatcca,2.0,tct,1.0,,FLSLSLRDP,,False,False,2.0,1.0,1.0,1.0,1.0,1.0,4.0,2.0,True,False,True,True,False,False,3.0,both,1.993868853276176e-05,1.1606920045731265e-05,4.517854561225965e-06,8.141068433821254e-06,5.124342162574879e-06,-4.700303410804496,-4.935283007186327,-5.345067753998587,-5.089318594562536,-5.290361879248012,S,non-synonymous,-0.36628839291142756,-0.08857577546708645,-0.33887113424658744,-0.07184408271791028,-0.20535760848224885
399,single,tttttatggttatctttgagagatcca,2.0,tgg,1.0,,FLWLSLRDP,,False,False,3.0,1.0,1.0,1241.0,811.0,1210.0,1369.0,1114.0,True,False,True,True,False,False,1.0,both,0.0068240161503377115,0.006465054465472315,0.005606657510481423,0.0066024064998290374,0.006200454016715604,-2.1659599539984686,-2.1894278120125983,-2.251295972499857,-2.18029774035138,-2.2075765089315613,W,non-synonymous,-0.04847909690459425,0.00525010610364575,-0.021061838239754105,0.021981798852821925,0.0004599803065339098
400,single,tttttatgtttatctttgagagatcca,2.0,tgt,1.0,,FLCLSLRDP,,False,False,2.0,1.0,1.0,956.0,439.0,868.0,746.0,640.0,True,False,True,True,False,False,1.0,both,0.0037185654113600676,0.0037142144146340046,0.0043190689605320225,0.0035739290424475307,0.004447928997114995,-2.42962457465979,-2.4301330288664214,-2.364609861722487,-2.446854074320415,-2.3518421540715195,C,non-synonymous,0.03693463351188124,-0.009615177849067704,0.06435189217672138,0.007116514900108471,0.03573420353841493
401,single,tttttattgttatctttgagagatcca,2.0,ttg,1.0,,FLLLSLRDP,,False,False,2.0,1.0,1.0,1540.0,856.0,1427.0,1546.0,1211.0,True,False,True,True,False,False,1.0,both,0.00770630311791242,0.007027990087690281,0.006957496024287986,0.006968754579350994,0.007312436265994353,-2.113153912550153,-2.1531688597072565,-2.157547033162124,-2.1568448298853826,-2.1359379061333645,L,non-synonymous,-0.025219578248897114,-0.0021138096375495764,0.002197680415943034,0.014617883111626599,0.008407781763784816
402,single,tttttatttttatctttgagagatcca,2.0,ttt,1.0,,FLFLSLRDP,,False,False,1.0,1.0,1.0,1482.0,803.0,1371.0,1582.0,1251.0,True,False,True,True,False,False,1.0,both,0.007885751314707276,0.007260128488604906,0.00669546045973688,0.0065372779523584675,0.00702547310489016,-2.103156922970801,-2.1390556931568887,-2.1742195503552777,-2.184603049283855,-2.153324424458499,F,non-synonymous,-0.04037043278754643,-0.026191300712660726,-0.01295317412270628,-0.009459607963484551,-0.011206391043095416
403,ortho,tttttgactcattcttttagagatcca,1.0,ttg,1.0,,FLTHSFRDP,,False,False,7.0,3.0,4.0,588.0,339.0,465.0,525.0,437.0,True,False,True,True,False,False,1.0,both,0.0026169528699249807,0.0025361120299922813,0.0026564984820008674,0.0027598221990654055,0.002382819105597319,-2.582204098726502,-2.5958315658798865,-2.5756904279224484,-2.559118896359454,-2.6229089263580576,L,synonymous,0.0037003938508004485,0.021111051203362808,0.031117652515640595,0.03784274395253898,0.03448019823408979
404,ortho,tttttgactcattcttttagagatcca,2.0,act,2.0,,FLTHSFRDP,,False,False,7.0,3.0,4.0,588.0,339.0,465.0,525.0,437.0,True,False,True,True,False,False,1.0,both,0.0026169528699249807,0.0025361120299922813,0.0026564984820008674,0.0027598221990654055,0.002382819105597319,-2.582204098726502,-2.5958315658798865,-2.5756904279224484,-2.559118896359454,-2.6229089263580576,T,non-synonymous,0.0037003938508004485,0.021111051203362808,0.031117652515640595,0.03784274395253898,0.03448019823408979
405,ortho,tttttgactcattcttttagagatcca,3.0,cat,3.0,,FLTHSFRDP,,False,False,7.0,3.0,4.0,588.0,339.0,465.0,525.0,437.0,True,False,True,True,False,False,1.0,both,0.0026169528699249807,0.0025361120299922813,0.0026564984820008674,0.0027598221990654055,0.002382819105597319,-2.582204098726502,-2.5958315658798865,-2.5756904279224484,-2.559118896359454,-2.6229089263580576,H,non-synonymous,0.0037003938508004485,0.021111051203362808,0.031117652515640595,0.03784274395253898,0.03448019823408979
406,ortho,tttttgactcattcttttagagatcca,5.0,ttt,4.0,,FLTHSFRDP,,False,False,7.0,3.0,4.0,588.0,339.0,465.0,525.0,437.0,True,False,True,True,False,False,1.0,both,0.0026169528699249807,0.0025361120299922813,0.0026564984820008674,0.0027598221990654055,0.002382819105597319,-2.582204098726502,-2.5958315658798865,-2.5756904279224484,-2.559118896359454,-2.6229089263580576,F,non-synonymous,0.0037003938508004485,0.021111051203362808,0.031117652515640595,0.03784274395253898,0.03448019823408979
407,ortho,tttttgacttcttctttttcttctcca,1.0,ttg,1.0,,FLTSSFSSP,,False,False,11.0,5.0,6.0,450.0,210.0,299.0,390.0,274.0,True,False,True,True,False,False,1.0,both,0.0019440221319442714,0.0015901480462651833,0.002033034552551684,0.0017096243711024635,0.0015321783066098889,-2.7112987951059595,-2.7985624400299205,-2.6918552402232434,-2.7670992998286166,-2.814690690923582,L,synonymous,0.01104581626706266,0.018092390787290167,0.038463074931902805,0.03482408353646634,0.03664357923418457
408,ortho,tttttgacttcttctttttcttctcca,2.0,act,2.0,,FLTSSFSSP,,False,False,11.0,5.0,6.0,450.0,210.0,299.0,390.0,274.0,True,False,True,True,False,False,1.0,both,0.0019440221319442714,0.0015901480462651833,0.002033034552551684,0.0017096243711024635,0.0015321783066098889,-2.7112987951059595,-2.7985624400299205,-2.6918552402232434,-2.7670992998286166,-2.814690690923582,T,non-synonymous,0.01104581626706266,0.018092390787290167,0.038463074931902805,0.03482408353646634,0.03664357923418457
409,ortho,tttttgacttcttctttttcttctcca,3.0,tct,3.0,,FLTSSFSSP,,False,False,11.0,5.0,6.0,450.0,210.0,299.0,390.0,274.0,True,False,True,True,False,False,1.0,both,0.0019440221319442714,0.0015901480462651833,0.002033034552551684,0.0017096243711024635,0.0015321783066098889,-2.7112987951059595,-2.7985624400299205,-2.6918552402232434,-2.7670992998286166,-2.814690690923582,S,non-synonymous,0.01104581626706266,0.018092390787290167,0.038463074931902805,0.03482408353646634,0.03664357923418457
410,ortho,tttttgacttcttctttttcttctcca,5.0,ttt,4.0,,FLTSSFSSP,,False,False,11.0,5.0,6.0,450.0,210.0,299.0,390.0,274.0,True,False,True,True,False,False,1.0,both,0.0019440221319442714,0.0015901480462651833,0.002033034552551684,0.0017096243711024635,0.0015321783066098889,-2.7112987951059595,-2.7985624400299205,-2.6918552402232434,-2.7670992998286166,-2.814690690923582,F,non-synonymous,0.01104581626706266,0.018092390787290167,0.038463074931902805,0.03482408353646634,0.03664357923418457
411,ortho,tttttgacttcttctttttcttctcca,6.0,tct,5.0,,FLTSSFSSP,,False,False,11.0,5.0,6.0,450.0,210.0,299.0,390.0,274.0,True,False,True,True,False,False,1.0,both,0.0019440221319442714,0.0015901480462651833,0.002033034552551684,0.0017096243711024635,0.0015321783066098889,-2.7112987951059595,-2.7985624400299205,-2.6918552402232434,-2.7670992998286166,-2.814690690923582,S,non-synonymous,0.01104581626706266,0.018092390787290167,0.038463074931902805,0.03482408353646634,0.03664357923418457
412,ortho,tttttgacttcttctttttcttctcca,7.0,tct,6.0,,FLTSSFSSP,,False,False,11.0,5.0,6.0,450.0,210.0,299.0,390.0,274.0,True,False,True,True,False,False,1.0,both,0.0019440221319442714,0.0015901480462651833,0.002033034552551684,0.0017096243711024635,0.0015321783066098889,-2.7112987951059595,-2.7985624400299205,-2.6918552402232434,-2.7670992998286166,-2.814690690923582,S,non-synonymous,0.01104581626706266,0.018092390787290167,0.038463074931902805,0.03482408353646634,0.03664357923418457
413,ortho,tttttgactttgaatttggctgattct,1.0,ttg,1.0,,FLTLNLADS,,False,False,11.0,4.0,6.0,300.0,187.0,280.0,228.0,251.0,True,False,True,True,False,False,1.0,both,0.0011365052463674203,0.0014566684657392737,0.0013553563683677894,0.0015223797971245746,0.0014348158055209662,-2.944428555132005,-2.8366392813692705,-2.8679464992789248,-2.817476988026037,-2.843203847905792,L,synonymous,0.043449191352930884,0.011018979584628396,0.07086645001777103,0.02775067233380457,0.0493085611757878
414,ortho,tttttgactttgaatttggctgattct,2.0,act,2.0,,FLTLNLADS,,False,False,11.0,4.0,6.0,300.0,187.0,280.0,228.0,251.0,True,False,True,True,False,False,1.0,both,0.0011365052463674203,0.0014566684657392737,0.0013553563683677894,0.0015223797971245746,0.0014348158055209662,-2.944428555132005,-2.8366392813692705,-2.8679464992789248,-2.817476988026037,-2.843203847905792,T,non-synonymous,0.043449191352930884,0.011018979584628396,0.07086645001777103,0.02775067233380457,0.0493085611757878
415,ortho,tttttgactttgaatttggctgattct,3.0,ttg,3.0,,FLTLNLADS,,False,False,11.0,4.0,6.0,300.0,187.0,280.0,228.0,251.0,True,False,True,True,False,False,1.0,both,0.0011365052463674203,0.0014566684657392737,0.0013553563683677894,0.0015223797971245746,0.0014348158055209662,-2.944428555132005,-2.8366392813692705,-2.8679464992789248,-2.817476988026037,-2.843203847905792,L,synonymous,0.043449191352930884,0.011018979584628396,0.07086645001777103,0.02775067233380457,0.0493085611757878
416,ortho,tttttgactttgaatttggctgattct,4.0,aat,4.0,,FLTLNLADS,,False,False,11.0,4.0,6.0,300.0,187.0,280.0,228.0,251.0,True,False,True,True,False,False,1.0,both,0.0011365052463674203,0.0014566684657392737,0.0013553563683677894,0.0015223797971245746,0.0014348158055209662,-2.944428555132005,-2.8366392813692705,-2.8679464992789248,-2.817476988026037,-2.843203847905792,N,non-synonymous,0.043449191352930884,0.011018979584628396,0.07086645001777103,0.02775067233380457,0.0493085611757878
417,ortho,tttttgactttgaatttggctgattct,6.0,gct,5.0,,FLTLNLADS,,False,False,11.0,4.0,6.0,300.0,187.0,280.0,228.0,251.0,True,False,True,True,False,False,1.0,both,0.0011365052463674203,0.0014566684657392737,0.0013553563683677894,0.0015223797971245746,0.0014348158055209662,-2.944428555132005,-2.8366392813692705,-2.8679464992789248,-2.817476988026037,-2.843203847905792,A,non-synonymous,0.043449191352930884,0.011018979584628396,0.07086645001777103,0.02775067233380457,0.0493085611757878
418,ortho,tttttgactttgaatttggctgattct,8.0,tct,6.0,,FLTLNLADS,,False,False,11.0,4.0,6.0,300.0,187.0,280.0,228.0,251.0,True,False,True,True,False,False,1.0,both,0.0011365052463674203,0.0014566684657392737,0.0013553563683677894,0.0015223797971245746,0.0014348158055209662,-2.944428555132005,-2.8366392813692705,-2.8679464992789248,-2.817476988026037,-2.843203847905792,S,non-synonymous,0.043449191352930884,0.011018979584628396,0.07086645001777103,0.02775067233380457,0.0493085611757878
419,ortho,tttttgactttgaatttgtctgattct,1.0,ttg,1.0,,FLTLNLSDS,,False,False,11.0,4.0,6.0,787.0,475.0,645.0,713.0,644.0,True,False,True,True,False,False,1.0,both,0.003554071230964783,0.0037374282547254674,0.0035555515396848343,0.003867007506065096,0.0033052006948607973,-2.4492738722805933,-2.4274271354904964,-2.4490930216395226,-2.4126249849376693,-2.4808021646127436,L,synonymous,0.00010274062356897904,0.008511747097734114,0.027519999288409126,0.02524343984691029,0.02638171956765971
420,ortho,tttttgactttgaatttgtctgattct,2.0,act,2.0,,FLTLNLSDS,,False,False,11.0,4.0,6.0,787.0,475.0,645.0,713.0,644.0,True,False,True,True,False,False,1.0,both,0.003554071230964783,0.0037374282547254674,0.0035555515396848343,0.003867007506065096,0.0033052006948607973,-2.4492738722805933,-2.4274271354904964,-2.4490930216395226,-2.4126249849376693,-2.4808021646127436,T,non-synonymous,0.00010274062356897904,0.008511747097734114,0.027519999288409126,0.02524343984691029,0.02638171956765971
421,ortho,tttttgactttgaatttgtctgattct,3.0,ttg,3.0,,FLTLNLSDS,,False,False,11.0,4.0,6.0,787.0,475.0,645.0,713.0,644.0,True,False,True,True,False,False,1.0,both,0.003554071230964783,0.0037374282547254674,0.0035555515396848343,0.003867007506065096,0.0033052006948607973,-2.4492738722805933,-2.4274271354904964,-2.4490930216395226,-2.4126249849376693,-2.4808021646127436,L,synonymous,0.00010274062356897904,0.008511747097734114,0.027519999288409126,0.02524343984691029,0.02638171956765971
422,ortho,tttttgactttgaatttgtctgattct,4.0,aat,4.0,,FLTLNLSDS,,False,False,11.0,4.0,6.0,787.0,475.0,645.0,713.0,644.0,True,False,True,True,False,False,1.0,both,0.003554071230964783,0.0037374282547254674,0.0035555515396848343,0.003867007506065096,0.0033052006948607973,-2.4492738722805933,-2.4274271354904964,-2.4490930216395226,-2.4126249849376693,-2.4808021646127436,N,non-synonymous,0.00010274062356897904,0.008511747097734114,0.027519999288409126,0.02524343984691029,0.02638171956765971
423,ortho,tttttgactttgaatttgtctgattct,6.0,tct,5.0,,FLTLNLSDS,,False,False,11.0,4.0,6.0,787.0,475.0,645.0,713.0,644.0,True,False,True,True,False,False,1.0,both,0.003554071230964783,0.0037374282547254674,0.0035555515396848343,0.003867007506065096,0.0033052006948607973,-2.4492738722805933,-2.4274271354904964,-2.4490930216395226,-2.4126249849376693,-2.4808021646127436,S,non-synonymous,0.00010274062356897904,0.008511747097734114,0.027519999288409126,0.02524343984691029,0.02638171956765971
424,ortho,tttttgactttgaatttgtctgattct,8.0,tct,6.0,,FLTLNLSDS,,False,False,11.0,4.0,6.0,787.0,475.0,645.0,713.0,644.0,True,False,True,True,False,False,1.0,both,0.003554071230964783,0.0037374282547254674,0.0035555515396848343,0.003867007506065096,0.0033052006948607973,-2.4492738722805933,-2.4274271354904964,-2.4490930216395226,-2.4126249849376693,-2.4808021646127436,S,non-synonymous,0.00010274062356897904,0.008511747097734114,0.027519999288409126,0.02524343984691029,0.02638171956765971
425,ortho,tttttgactttgtctattaaagatcca,1.0,ttg,1.0,,FLTLSIKDP,,False,False,7.0,3.0,5.0,743.0,433.0,551.0,653.0,508.0,True,False,True,True,False,False,1.0,both,0.003254990902973357,0.002948157691615741,0.003356765938990892,0.0035250826318446032,0.0028235125315787587,-2.4874502208573848,-2.530449290566389,-2.474078940238012,-2.4528306982091705,-2.5492102803962267,L,synonymous,0.007596178264100375,0.044633367689979726,0.035013436928940524,0.061365060439155905,0.04818924868404821
426,ortho,tttttgactttgtctattaaagatcca,2.0,act,2.0,,FLTLSIKDP,,False,False,7.0,3.0,5.0,743.0,433.0,551.0,653.0,508.0,True,False,True,True,False,False,1.0,both,0.003254990902973357,0.002948157691615741,0.003356765938990892,0.0035250826318446032,0.0028235125315787587,-2.4874502208573848,-2.530449290566389,-2.474078940238012,-2.4528306982091705,-2.5492102803962267,T,non-synonymous,0.007596178264100375,0.044633367689979726,0.035013436928940524,0.061365060439155905,0.04818924868404821
427,ortho,tttttgactttgtctattaaagatcca,3.0,ttg,3.0,,FLTLSIKDP,,False,False,7.0,3.0,5.0,743.0,433.0,551.0,653.0,508.0,True,False,True,True,False,False,1.0,both,0.003254990902973357,0.002948157691615741,0.003356765938990892,0.0035250826318446032,0.0028235125315787587,-2.4874502208573848,-2.530449290566389,-2.474078940238012,-2.4528306982091705,-2.5492102803962267,L,synonymous,0.007596178264100375,0.044633367689979726,0.035013436928940524,0.061365060439155905,0.04818924868404821
428,ortho,tttttgactttgtctattaaagatcca,5.0,att,4.0,,FLTLSIKDP,,False,False,7.0,3.0,5.0,743.0,433.0,551.0,653.0,508.0,True,False,True,True,False,False,1.0,both,0.003254990902973357,0.002948157691615741,0.003356765938990892,0.0035250826318446032,0.0028235125315787587,-2.4874502208573848,-2.530449290566389,-2.474078940238012,-2.4528306982091705,-2.5492102803962267,I,non-synonymous,0.007596178264100375,0.044633367689979726,0.035013436928940524,0.061365060439155905,0.04818924868404821
429,ortho,tttttgactttgtctattaaagatcca,6.0,aaa,5.0,,FLTLSIKDP,,False,False,7.0,3.0,5.0,743.0,433.0,551.0,653.0,508.0,True,False,True,True,False,False,1.0,both,0.003254990902973357,0.002948157691615741,0.003356765938990892,0.0035250826318446032,0.0028235125315787587,-2.4874502208573848,-2.530449290566389,-2.474078940238012,-2.4528306982091705,-2.5492102803962267,K,non-synonymous,0.007596178264100375,0.044633367689979726,0.035013436928940524,0.061365060439155905,0.04818924868404821
430,ortho,tttttgactttgtctattagagatcca,1.0,ttg,1.0,,FLTLSIRDP,,False,False,6.0,2.0,4.0,788.0,406.0,592.0,658.0,467.0,True,False,True,True,False,False,1.0,both,0.0032799142636393093,0.0027102158306782503,0.0035600693942460606,0.0033052737841314296,0.0030336105602443287,-2.4841375085185033,-2.566996122284196,-2.4485415365090315,-2.480792560985342,-2.5180401725250916,L,synonymous,0.020221948560118556,0.04957002092913691,0.04763920722495871,0.06630171367831308,0.056970460451635896
431,ortho,tttttgactttgtctattagagatcca,2.0,act,2.0,,FLTLSIRDP,,False,False,6.0,2.0,4.0,788.0,406.0,592.0,658.0,467.0,True,False,True,True,False,False,1.0,both,0.0032799142636393093,0.0027102158306782503,0.0035600693942460606,0.0033052737841314296,0.0030336105602443287,-2.4841375085185033,-2.566996122284196,-2.4485415365090315,-2.480792560985342,-2.5180401725250916,T,non-synonymous,0.020221948560118556,0.04957002092913691,0.04763920722495871,0.06630171367831308,0.056970460451635896
432,ortho,tttttgactttgtctattagagatcca,3.0,ttg,3.0,,FLTLSIRDP,,False,False,6.0,2.0,4.0,788.0,406.0,592.0,658.0,467.0,True,False,True,True,False,False,1.0,both,0.0032799142636393093,0.0027102158306782503,0.0035600693942460606,0.0033052737841314296,0.0030336105602443287,-2.4841375085185033,-2.566996122284196,-2.4485415365090315,-2.480792560985342,-2.5180401725250916,L,synonymous,0.020221948560118556,0.04957002092913691,0.04763920722495871,0.06630171367831308,0.056970460451635896
433,ortho,tttttgactttgtctattagagatcca,5.0,att,4.0,,FLTLSIRDP,,False,False,6.0,2.0,4.0,788.0,406.0,592.0,658.0,467.0,True,False,True,True,False,False,1.0,both,0.0032799142636393093,0.0027102158306782503,0.0035600693942460606,0.0033052737841314296,0.0030336105602443287,-2.4841375085185033,-2.566996122284196,-2.4485415365090315,-2.480792560985342,-2.5180401725250916,I,non-synonymous,0.020221948560118556,0.04957002092913691,0.04763920722495871,0.06630171367831308,0.056970460451635896
434,ortho,tttttgactttgtctgctaaagatcca,1.0,ttg,1.0,,FLTLSAKDP,,False,False,8.0,3.0,5.0,498.0,257.0,355.0,445.0,310.0,True,False,True,True,False,False,1.0,both,0.0022181790992697454,0.001799072607088346,0.0022498915714905306,0.0020922545874920624,0.0018191414677140821,-2.654003391151527,-2.744951309016036,-2.6478384112388693,-2.6793854712312415,-2.7401335261929174,L,synonymous,0.003502303761637904,0.03770261810832913,0.030919562426478052,0.0544343108575053,0.04267693664199168
435,ortho,tttttgactttgtctgctaaagatcca,2.0,act,2.0,,FLTLSAKDP,,False,False,8.0,3.0,5.0,498.0,257.0,355.0,445.0,310.0,True,False,True,True,False,False,1.0,both,0.0022181790992697454,0.001799072607088346,0.0022498915714905306,0.0020922545874920624,0.0018191414677140821,-2.654003391151527,-2.744951309016036,-2.6478384112388693,-2.6793854712312415,-2.7401335261929174,T,non-synonymous,0.003502303761637904,0.03770261810832913,0.030919562426478052,0.0544343108575053,0.04267693664199168
436,ortho,tttttgactttgtctgctaaagatcca,3.0,ttg,3.0,,FLTLSAKDP,,False,False,8.0,3.0,5.0,498.0,257.0,355.0,445.0,310.0,True,False,True,True,False,False,1.0,both,0.0022181790992697454,0.001799072607088346,0.0022498915714905306,0.0020922545874920624,0.0018191414677140821,-2.654003391151527,-2.744951309016036,-2.6478384112388693,-2.6793854712312415,-2.7401335261929174,L,synonymous,0.003502303761637904,0.03770261810832913,0.030919562426478052,0.0544343108575053,0.04267693664199168
437,ortho,tttttgactttgtctgctaaagatcca,5.0,gct,4.0,,FLTLSAKDP,,False,False,8.0,3.0,5.0,498.0,257.0,355.0,445.0,310.0,True,False,True,True,False,False,1.0,both,0.0022181790992697454,0.001799072607088346,0.0022498915714905306,0.0020922545874920624,0.0018191414677140821,-2.654003391151527,-2.744951309016036,-2.6478384112388693,-2.6793854712312415,-2.7401335261929174,A,non-synonymous,0.003502303761637904,0.03770261810832913,0.030919562426478052,0.0544343108575053,0.04267693664199168
438,ortho,tttttgactttgtctgctaaagatcca,6.0,aaa,5.0,,FLTLSAKDP,,False,False,8.0,3.0,5.0,498.0,257.0,355.0,445.0,310.0,True,False,True,True,False,False,1.0,both,0.0022181790992697454,0.001799072607088346,0.0022498915714905306,0.0020922545874920624,0.0018191414677140821,-2.654003391151527,-2.744951309016036,-2.6478384112388693,-2.6793854712312415,-2.7401335261929174,K,non-synonymous,0.003502303761637904,0.03770261810832913,0.030919562426478052,0.0544343108575053,0.04267693664199168
439,ortho,tttttgactttgtctgttagagatcca,1.0,ttg,1.0,,FLTLSVRDP,,False,False,6.0,2.0,4.0,897.0,448.0,658.0,693.0,500.0,True,False,True,True,False,False,1.0,both,0.0034543777883009746,0.0029017300114328164,0.004052515541419691,0.003647198658351922,0.0033718171429742705,-2.461630167520652,-2.5373429985142897,-2.3922753109544947,-2.438040580564392,-2.472135985634056,L,synonymous,0.03940025409341383,0.0571023152863145,0.06681751275825398,0.07383400803549067,0.07032576039687233
440,ortho,tttttgactttgtctgttagagatcca,2.0,act,2.0,,FLTLSVRDP,,False,False,6.0,2.0,4.0,897.0,448.0,658.0,693.0,500.0,True,False,True,True,False,False,1.0,both,0.0034543777883009746,0.0029017300114328164,0.004052515541419691,0.003647198658351922,0.0033718171429742705,-2.461630167520652,-2.5373429985142897,-2.3922753109544947,-2.438040580564392,-2.472135985634056,T,non-synonymous,0.03940025409341383,0.0571023152863145,0.06681751275825398,0.07383400803549067,0.07032576039687233
441,ortho,tttttgactttgtctgttagagatcca,3.0,ttg,3.0,,FLTLSVRDP,,False,False,6.0,2.0,4.0,897.0,448.0,658.0,693.0,500.0,True,False,True,True,False,False,1.0,both,0.0034543777883009746,0.0029017300114328164,0.004052515541419691,0.003647198658351922,0.0033718171429742705,-2.461630167520652,-2.5373429985142897,-2.3922753109544947,-2.438040580564392,-2.472135985634056,L,synonymous,0.03940025409341383,0.0571023152863145,0.06681751275825398,0.07383400803549067,0.07032576039687233
442,ortho,tttttgactttgtctgttagagatcca,5.0,gtt,4.0,,FLTLSVRDP,,False,False,6.0,2.0,4.0,897.0,448.0,658.0,693.0,500.0,True,False,True,True,False,False,1.0,both,0.0034543777883009746,0.0029017300114328164,0.004052515541419691,0.003647198658351922,0.0033718171429742705,-2.461630167520652,-2.5373429985142897,-2.3922753109544947,-2.438040580564392,-2.472135985634056,V,non-synonymous,0.03940025409341383,0.0571023152863145,0.06681751275825398,0.07383400803549067,0.07032576039687233
443,ortho,tttttgactttgtctttgaaagatcca,1.0,ttg,1.0,,FLTLSLKDP,,False,False,5.0,2.0,4.0,211.0,92.0,140.0,192.0,132.0,True,False,True,True,False,False,1.0,both,0.0009570570495725644,0.0007660567230182635,0.0009532673124186786,0.0007489782959115554,0.0007174079027604831,-3.0190621734289094,-3.1157390716444584,-3.0207852987008943,-3.1255307672169805,-3.1442338435697734,L,synonymous,-0.0009789015061437828,-0.005630562672218827,0.026438357158696364,0.011101130076957347,0.018769743617826858
444,ortho,tttttgactttgtctttgaaagatcca,2.0,act,2.0,,FLTLSLKDP,,False,False,5.0,2.0,4.0,211.0,92.0,140.0,192.0,132.0,True,False,True,True,False,False,1.0,both,0.0009570570495725644,0.0007660567230182635,0.0009532673124186786,0.0007489782959115554,0.0007174079027604831,-3.0190621734289094,-3.1157390716444584,-3.0207852987008943,-3.1255307672169805,-3.1442338435697734,T,non-synonymous,-0.0009789015061437828,-0.005630562672218827,0.026438357158696364,0.011101130076957347,0.018769743617826858
445,ortho,tttttgactttgtctttgaaagatcca,3.0,ttg,3.0,,FLTLSLKDP,,False,False,5.0,2.0,4.0,211.0,92.0,140.0,192.0,132.0,True,False,True,True,False,False,1.0,both,0.0009570570495725644,0.0007660567230182635,0.0009532673124186786,0.0007489782959115554,0.0007174079027604831,-3.0190621734289094,-3.1157390716444584,-3.0207852987008943,-3.1255307672169805,-3.1442338435697734,L,synonymous,-0.0009789015061437828,-0.005630562672218827,0.026438357158696364,0.011101130076957347,0.018769743617826858
446,ortho,tttttgactttgtctttgaaagatcca,6.0,aaa,4.0,,FLTLSLKDP,,False,False,5.0,2.0,4.0,211.0,92.0,140.0,192.0,132.0,True,False,True,True,False,False,1.0,both,0.0009570570495725644,0.0007660567230182635,0.0009532673124186786,0.0007489782959115554,0.0007174079027604831,-3.0190621734289094,-3.1157390716444584,-3.0207852987008943,-3.1255307672169805,-3.1442338435697734,K,non-synonymous,-0.0009789015061437828,-0.005630562672218827,0.026438357158696364,0.011101130076957347,0.018769743617826858
447,ortho,tttttgactttgtctttgagagatcca,1.0,ttg,1.0,,FLTLSLRDP,,False,False,4.0,1.0,3.0,1428.0,715.0,1064.0,1137.0,923.0,True,False,True,True,False,False,1.0,both,0.00566757221543753,0.005356593601104979,0.006451496313430678,0.005820863930182197,0.005452300060979672,-2.246602937444724,-2.2711113018243965,-2.190339546558431,-2.2350125527614555,-2.263420251288982,L,synonymous,0.031963037728474135,0.02075802576603559,0.05938029639331428,0.03748971851521177,0.048435007454263025
448,ortho,tttttgactttgtctttgagagatcca,2.0,act,2.0,,FLTLSLRDP,,False,False,4.0,1.0,3.0,1428.0,715.0,1064.0,1137.0,923.0,True,False,True,True,False,False,1.0,both,0.00566757221543753,0.005356593601104979,0.006451496313430678,0.005820863930182197,0.005452300060979672,-2.246602937444724,-2.2711113018243965,-2.190339546558431,-2.2350125527614555,-2.263420251288982,T,non-synonymous,0.031963037728474135,0.02075802576603559,0.05938029639331428,0.03748971851521177,0.048435007454263025
449,ortho,tttttgactttgtctttgagagatcca,3.0,ttg,3.0,,FLTLSLRDP,,False,False,4.0,1.0,3.0,1428.0,715.0,1064.0,1137.0,923.0,True,False,True,True,False,False,1.0,both,0.00566757221543753,0.005356593601104979,0.006451496313430678,0.005820863930182197,0.005452300060979672,-2.246602937444724,-2.2711113018243965,-2.190339546558431,-2.2350125527614555,-2.263420251288982,L,synonymous,0.031963037728474135,0.02075802576603559,0.05938029639331428,0.03748971851521177,0.048435007454263025
450,ortho,tttttgactttgtctttgagagatgct,1.0,ttg,1.0,,FLTLSLRDA,,False,False,6.0,2.0,4.0,1093.0,656.0,864.0,941.0,805.0,True,False,True,True,False,False,1.0,both,0.004690576477332203,0.004671785318406834,0.00493801503541998,0.005340540892586743,0.004427431628464696,-2.3287737787052016,-2.33051712248244,-2.306447592048884,-2.2724147551868756,-2.3538481367691184,L,synonymous,0.012683429405650967,0.033410865160066104,0.040100688070491115,0.05014255790924228,0.0451216229898667
451,ortho,tttttgactttgtctttgagagatgct,2.0,act,2.0,,FLTLSLRDA,,False,False,6.0,2.0,4.0,1093.0,656.0,864.0,941.0,805.0,True,False,True,True,False,False,1.0,both,0.004690576477332203,0.004671785318406834,0.00493801503541998,0.005340540892586743,0.004427431628464696,-2.3287737787052016,-2.33051712248244,-2.306447592048884,-2.2724147551868756,-2.3538481367691184,T,non-synonymous,0.012683429405650967,0.033410865160066104,0.040100688070491115,0.05014255790924228,0.0451216229898667
452,ortho,tttttgactttgtctttgagagatgct,3.0,ttg,3.0,,FLTLSLRDA,,False,False,6.0,2.0,4.0,1093.0,656.0,864.0,941.0,805.0,True,False,True,True,False,False,1.0,both,0.004690576477332203,0.004671785318406834,0.00493801503541998,0.005340540892586743,0.004427431628464696,-2.3287737787052016,-2.33051712248244,-2.306447592048884,-2.2724147551868756,-2.3538481367691184,L,synonymous,0.012683429405650967,0.033410865160066104,0.040100688070491115,0.05014255790924228,0.0451216229898667
453,ortho,tttttgactttgtctttgagagatgct,8.0,gct,4.0,,FLTLSLRDA,,False,False,6.0,2.0,4.0,1093.0,656.0,864.0,941.0,805.0,True,False,True,True,False,False,1.0,both,0.004690576477332203,0.004671785318406834,0.00493801503541998,0.005340540892586743,0.004427431628464696,-2.3287737787052016,-2.33051712248244,-2.306447592048884,-2.2724147551868756,-2.3538481367691184,A,non-synonymous,0.012683429405650967,0.033410865160066104,0.040100688070491115,0.05014255790924228,0.0451216229898667
454,ortho,tttttgactttgtctttggttgatcca,1.0,ttg,1.0,,FLTLSLVDP,,False,False,7.0,2.0,4.0,594.0,327.0,509.0,437.0,435.0,True,False,True,True,False,False,1.0,both,0.002178301722204222,0.00252450510994655,0.0026836056093682233,0.00266212937785955,0.0026082901607506134,-2.661881965162037,-2.597823745895671,-2.5712813090173934,-2.57477084190225,-2.583644096911253,L,synonymous,0.05146991933757187,0.013256214896616604,0.07888717800241202,0.02998790764579278,0.0544375428241024
455,ortho,tttttgactttgtctttggttgatcca,2.0,act,2.0,,FLTLSLVDP,,False,False,7.0,2.0,4.0,594.0,327.0,509.0,437.0,435.0,True,False,True,True,False,False,1.0,both,0.002178301722204222,0.00252450510994655,0.0026836056093682233,0.00266212937785955,0.0026082901607506134,-2.661881965162037,-2.597823745895671,-2.5712813090173934,-2.57477084190225,-2.583644096911253,T,non-synonymous,0.05146991933757187,0.013256214896616604,0.07888717800241202,0.02998790764579278,0.0544375428241024
456,ortho,tttttgactttgtctttggttgatcca,3.0,ttg,3.0,,FLTLSLVDP,,False,False,7.0,2.0,4.0,594.0,327.0,509.0,437.0,435.0,True,False,True,True,False,False,1.0,both,0.002178301722204222,0.00252450510994655,0.0026836056093682233,0.00266212937785955,0.0026082901607506134,-2.661881965162037,-2.597823745895671,-2.5712813090173934,-2.57477084190225,-2.583644096911253,L,synonymous,0.05146991933757187,0.013256214896616604,0.07888717800241202,0.02998790764579278,0.0544375428241024
457,ortho,tttttgactttgtctttggttgatcca,6.0,gtt,4.0,,FLTLSLVDP,,False,False,7.0,2.0,4.0,594.0,327.0,509.0,437.0,435.0,True,False,True,True,False,False,1.0,both,0.002178301722204222,0.00252450510994655,0.0026836056093682233,0.00266212937785955,0.0026082901607506134,-2.661881965162037,-2.597823745895671,-2.5712813090173934,-2.57477084190225,-2.583644096911253,V,non-synonymous,0.05146991933757187,0.013256214896616604,0.07888717800241202,0.02998790764579278,0.0544375428241024
458,ortho,tttttgactttgtcttttaaagatcca,1.0,ttg,1.0,,FLTLSFKDP,,False,False,6.0,3.0,5.0,793.0,406.0,628.0,662.0,546.0,True,False,True,True,False,False,1.0,both,0.003299852952172071,0.0031686891724846352,0.0035826586670521902,0.0033052737841314296,0.003218086878097024,-2.481505412692759,-2.499120360145571,-2.4457945666809833,-2.480792560985342,-2.4924022355108155,L,synonymous,0.020287208083439544,0.010539116647488961,0.04770446674827969,0.027270809396665138,0.037487638072472414
459,ortho,tttttgactttgtcttttaaagatcca,2.0,act,2.0,,FLTLSFKDP,,False,False,6.0,3.0,5.0,793.0,406.0,628.0,662.0,546.0,True,False,True,True,False,False,1.0,both,0.003299852952172071,0.0031686891724846352,0.0035826586670521902,0.0033052737841314296,0.003218086878097024,-2.481505412692759,-2.499120360145571,-2.4457945666809833,-2.480792560985342,-2.4924022355108155,T,non-synonymous,0.020287208083439544,0.010539116647488961,0.04770446674827969,0.027270809396665138,0.037487638072472414
460,ortho,tttttgactttgtcttttaaagatcca,3.0,ttg,3.0,,FLTLSFKDP,,False,False,6.0,3.0,5.0,793.0,406.0,628.0,662.0,546.0,True,False,True,True,False,False,1.0,both,0.003299852952172071,0.0031686891724846352,0.0035826586670521902,0.0033052737841314296,0.003218086878097024,-2.481505412692759,-2.499120360145571,-2.4457945666809833,-2.480792560985342,-2.4924022355108155,L,synonymous,0.020287208083439544,0.010539116647488961,0.04770446674827969,0.027270809396665138,0.037487638072472414
461,ortho,tttttgactttgtcttttaaagatcca,5.0,ttt,4.0,,FLTLSFKDP,,False,False,6.0,3.0,5.0,793.0,406.0,628.0,662.0,546.0,True,False,True,True,False,False,1.0,both,0.003299852952172071,0.0031686891724846352,0.0035826586670521902,0.0033052737841314296,0.003218086878097024,-2.481505412692759,-2.499120360145571,-2.4457945666809833,-2.480792560985342,-2.4924022355108155,F,non-synonymous,0.020287208083439544,0.010539116647488961,0.04770446674827969,0.027270809396665138,0.037487638072472414
462,ortho,tttttgactttgtcttttaaagatcca,6.0,aaa,5.0,,FLTLSFKDP,,False,False,6.0,3.0,5.0,793.0,406.0,628.0,662.0,546.0,True,False,True,True,False,False,1.0,both,0.003299852952172071,0.0031686891724846352,0.0035826586670521902,0.0033052737841314296,0.003218086878097024,-2.481505412692759,-2.499120360145571,-2.4457945666809833,-2.480792560985342,-2.4924022355108155,K,non-synonymous,0.020287208083439544,0.010539116647488961,0.04770446674827969,0.027270809396665138,0.037487638072472414
463,ortho,tttttgactttgtcttttagagatact,1.0,ttg,1.0,,FLTLSFRDT,,False,False,7.0,3.0,5.0,357.0,188.0,260.0,268.0,255.0,True,False,True,True,False,False,1.0,both,0.0013358921316950377,0.0014798823058307362,0.0016128740783576696,0.0015305208655583958,0.0013323289622694686,-2.87422860810367,-2.8297728224163534,-2.7923995378863937,-2.815160745298856,-2.875388531277194,L,synonymous,0.046486811716106045,0.008402448316739385,0.0739040703809462,0.02513414106591556,0.04951910572343088
464,ortho,tttttgactttgtcttttagagatact,2.0,act,2.0,,FLTLSFRDT,,False,False,7.0,3.0,5.0,357.0,188.0,260.0,268.0,255.0,True,False,True,True,False,False,1.0,both,0.0013358921316950377,0.0014798823058307362,0.0016128740783576696,0.0015305208655583958,0.0013323289622694686,-2.87422860810367,-2.8297728224163534,-2.7923995378863937,-2.815160745298856,-2.875388531277194,T,non-synonymous,0.046486811716106045,0.008402448316739385,0.0739040703809462,0.02513414106591556,0.04951910572343088
465,ortho,tttttgactttgtcttttagagatact,3.0,ttg,3.0,,FLTLSFRDT,,False,False,7.0,3.0,5.0,357.0,188.0,260.0,268.0,255.0,True,False,True,True,False,False,1.0,both,0.0013358921316950377,0.0014798823058307362,0.0016128740783576696,0.0015305208655583958,0.0013323289622694686,-2.87422860810367,-2.8297728224163534,-2.7923995378863937,-2.815160745298856,-2.875388531277194,L,synonymous,0.046486811716106045,0.008402448316739385,0.0739040703809462,0.02513414106591556,0.04951910572343088
466,ortho,tttttgactttgtcttttagagatact,5.0,ttt,4.0,,FLTLSFRDT,,False,False,7.0,3.0,5.0,357.0,188.0,260.0,268.0,255.0,True,False,True,True,False,False,1.0,both,0.0013358921316950377,0.0014798823058307362,0.0016128740783576696,0.0015305208655583958,0.0013323289622694686,-2.87422860810367,-2.8297728224163534,-2.7923995378863937,-2.815160745298856,-2.875388531277194,F,non-synonymous,0.046486811716106045,0.008402448316739385,0.0739040703809462,0.02513414106591556,0.04951910572343088
467,ortho,tttttgactttgtcttttagagatact,8.0,act,5.0,,FLTLSFRDT,,False,False,7.0,3.0,5.0,357.0,188.0,260.0,268.0,255.0,True,False,True,True,False,False,1.0,both,0.0013358921316950377,0.0014798823058307362,0.0016128740783576696,0.0015305208655583958,0.0013323289622694686,-2.87422860810367,-2.8297728224163534,-2.7923995378863937,-2.815160745298856,-2.875388531277194,T,non-synonymous,0.046486811716106045,0.008402448316739385,0.0739040703809462,0.02513414106591556,0.04951910572343088
468,ortho,tttttgactttgtcttttagagatcca,1.0,ttg,1.0,,FLTLSFRDP,,False,False,5.0,2.0,4.0,210.0,99.0,170.0,172.0,118.0,True,False,True,True,False,False,1.0,both,0.0008573636069087555,0.0006848082826981446,0.0009487494578574526,0.0008059657749483042,0.0008711381676377295,-3.06683495522491,-3.164430995544183,-3.022848459264668,-3.093683399964986,-3.0599129578697375,L,synonymous,0.024988576190901477,0.04068230756022734,0.05240583485574163,0.05741400030940351,0.05490991758257257
469,ortho,tttttgactttgtcttttagagatcca,2.0,act,2.0,,FLTLSFRDP,,False,False,5.0,2.0,4.0,210.0,99.0,170.0,172.0,118.0,True,False,True,True,False,False,1.0,both,0.0008573636069087555,0.0006848082826981446,0.0009487494578574526,0.0008059657749483042,0.0008711381676377295,-3.06683495522491,-3.164430995544183,-3.022848459264668,-3.093683399964986,-3.0599129578697375,T,non-synonymous,0.024988576190901477,0.04068230756022734,0.05240583485574163,0.05741400030940351,0.05490991758257257
470,ortho,tttttgactttgtcttttagagatcca,3.0,ttg,3.0,,FLTLSFRDP,,False,False,5.0,2.0,4.0,210.0,99.0,170.0,172.0,118.0,True,False,True,True,False,False,1.0,both,0.0008573636069087555,0.0006848082826981446,0.0009487494578574526,0.0008059657749483042,0.0008711381676377295,-3.06683495522491,-3.164430995544183,-3.022848459264668,-3.093683399964986,-3.0599129578697375,L,synonymous,0.024988576190901477,0.04068230756022734,0.05240583485574163,0.05741400030940351,0.05490991758257257
471,ortho,tttttgactttgtcttttagagatcca,5.0,ttt,4.0,,FLTLSFRDP,,False,False,5.0,2.0,4.0,210.0,99.0,170.0,172.0,118.0,True,False,True,True,False,False,1.0,both,0.0008573636069087555,0.0006848082826981446,0.0009487494578574526,0.0008059657749483042,0.0008711381676377295,-3.06683495522491,-3.164430995544183,-3.022848459264668,-3.093683399964986,-3.0599129578697375,F,non-synonymous,0.024988576190901477,0.04068230756022734,0.05240583485574163,0.05741400030940351,0.05490991758257257
472,ortho,tttttgactttgtcttttgaaaatcca,1.0,ttg,1.0,,FLTLSFENP,,False,False,8.0,4.0,6.0,755.0,386.0,592.0,641.0,514.0,True,False,True,True,False,False,1.0,both,0.0031951748373750715,0.0029829784517529353,0.003410980193725604,0.003142452415455004,0.0030336105602443287,-2.4955053726136414,-2.5253498838550326,-2.467120802369399,-2.502731289890781,-2.5180401725250916,L,synonymous,0.016125176163960774,0.013006471650383019,0.04354243482880092,0.029738164399559196,0.036640299614180055
473,ortho,tttttgactttgtcttttgaaaatcca,2.0,act,2.0,,FLTLSFENP,,False,False,8.0,4.0,6.0,755.0,386.0,592.0,641.0,514.0,True,False,True,True,False,False,1.0,both,0.0031951748373750715,0.0029829784517529353,0.003410980193725604,0.003142452415455004,0.0030336105602443287,-2.4955053726136414,-2.5253498838550326,-2.467120802369399,-2.502731289890781,-2.5180401725250916,T,non-synonymous,0.016125176163960774,0.013006471650383019,0.04354243482880092,0.029738164399559196,0.036640299614180055
474,ortho,tttttgactttgtcttttgaaaatcca,3.0,ttg,3.0,,FLTLSFENP,,False,False,8.0,4.0,6.0,755.0,386.0,592.0,641.0,514.0,True,False,True,True,False,False,1.0,both,0.0031951748373750715,0.0029829784517529353,0.003410980193725604,0.003142452415455004,0.0030336105602443287,-2.4955053726136414,-2.5253498838550326,-2.467120802369399,-2.502731289890781,-2.5180401725250916,L,synonymous,0.016125176163960774,0.013006471650383019,0.04354243482880092,0.029738164399559196,0.036640299614180055
475,ortho,tttttgactttgtcttttgaaaatcca,5.0,ttt,4.0,,FLTLSFENP,,False,False,8.0,4.0,6.0,755.0,386.0,592.0,641.0,514.0,True,False,True,True,False,False,1.0,both,0.0031951748373750715,0.0029829784517529353,0.003410980193725604,0.003142452415455004,0.0030336105602443287,-2.4955053726136414,-2.5253498838550326,-2.467120802369399,-2.502731289890781,-2.5180401725250916,F,non-synonymous,0.016125176163960774,0.013006471650383019,0.04354243482880092,0.029738164399559196,0.036640299614180055
476,ortho,tttttgactttgtcttttgaaaatcca,6.0,gaa,5.0,,FLTLSFENP,,False,False,8.0,4.0,6.0,755.0,386.0,592.0,641.0,514.0,True,False,True,True,False,False,1.0,both,0.0031951748373750715,0.0029829784517529353,0.003410980193725604,0.003142452415455004,0.0030336105602443287,-2.4955053726136414,-2.5253498838550326,-2.467120802369399,-2.502731289890781,-2.5180401725250916,E,non-synonymous,0.016125176163960774,0.013006471650383019,0.04354243482880092,0.029738164399559196,0.036640299614180055
477,ortho,tttttgactttgtcttttgaaaatcca,7.0,aat,6.0,,FLTLSFENP,,False,False,8.0,4.0,6.0,755.0,386.0,592.0,641.0,514.0,True,False,True,True,False,False,1.0,both,0.0031951748373750715,0.0029829784517529353,0.003410980193725604,0.003142452415455004,0.0030336105602443287,-2.4955053726136414,-2.5253498838550326,-2.467120802369399,-2.502731289890781,-2.5180401725250916,N,non-synonymous,0.016125176163960774,0.013006471650383019,0.04354243482880092,0.029738164399559196,0.036640299614180055
478,ortho,tttttgattaaatctttgattgatcca,1.0,ttg,1.0,,FLIKSLIDP,,False,False,6.0,3.0,4.0,1418.0,788.0,1091.0,1106.0,917.0,True,False,True,True,False,False,1.0,both,0.005513047379308626,0.005321772840967785,0.006406317767818418,0.006415161925851148,0.005590657299369193,-2.2586082751637795,-2.2739436671802875,-2.193391523151539,-2.1927923770729807,-2.25253712865967,L,synonymous,0.037049411211431675,0.046664790739905426,0.06446666987627182,0.0633964834890816,0.06393157668267671
479,ortho,tttttgattaaatctttgattgatcca,2.0,att,2.0,,FLIKSLIDP,,False,False,6.0,3.0,4.0,1418.0,788.0,1091.0,1106.0,917.0,True,False,True,True,False,False,1.0,both,0.005513047379308626,0.005321772840967785,0.006406317767818418,0.006415161925851148,0.005590657299369193,-2.2586082751637795,-2.2739436671802875,-2.193391523151539,-2.1927923770729807,-2.25253712865967,I,non-synonymous,0.037049411211431675,0.046664790739905426,0.06446666987627182,0.0633964834890816,0.06393157668267671
480,ortho,tttttgattaaatctttgattgatcca,3.0,aaa,3.0,,FLIKSLIDP,,False,False,6.0,3.0,4.0,1418.0,788.0,1091.0,1106.0,917.0,True,False,True,True,False,False,1.0,both,0.005513047379308626,0.005321772840967785,0.006406317767818418,0.006415161925851148,0.005590657299369193,-2.2586082751637795,-2.2739436671802875,-2.193391523151539,-2.1927923770729807,-2.25253712865967,K,non-synonymous,0.037049411211431675,0.046664790739905426,0.06446666987627182,0.0633964834890816,0.06393157668267671
481,ortho,tttttgattaaatctttgattgatcca,6.0,att,4.0,,FLIKSLIDP,,False,False,6.0,3.0,4.0,1418.0,788.0,1091.0,1106.0,917.0,True,False,True,True,False,False,1.0,both,0.005513047379308626,0.005321772840967785,0.006406317767818418,0.006415161925851148,0.005590657299369193,-2.2586082751637795,-2.2739436671802875,-2.193391523151539,-2.1927923770729807,-2.25253712865967,I,non-synonymous,0.037049411211431675,0.046664790739905426,0.06446666987627182,0.0633964834890816,0.06393157668267671
482,ortho,tttttgattttgtctttgagagatcca,1.0,ttg,1.0,,FLILSLRDP,,False,False,3.0,1.0,3.0,908.0,405.0,736.0,706.0,730.0,True,False,True,True,False,False,1.0,both,0.00351917852603245,0.004236525816691912,0.004102211941593176,0.0032971327156976083,0.003771515831655111,-2.453558701080655,-2.3729901427298525,-2.386981905477502,-2.4818635713478674,-2.4234840649105127,L,synonymous,0.037822047270580327,-0.06260597652702314,0.06523930593542047,-0.04587428377784697,0.009682511078786753
483,ortho,tttttgattttgtctttgagagatcca,2.0,att,2.0,,FLILSLRDP,,False,False,3.0,1.0,3.0,908.0,405.0,736.0,706.0,730.0,True,False,True,True,False,False,1.0,both,0.00351917852603245,0.004236525816691912,0.004102211941593176,0.0032971327156976083,0.003771515831655111,-2.453558701080655,-2.3729901427298525,-2.386981905477502,-2.4818635713478674,-2.4234840649105127,I,non-synonymous,0.037822047270580327,-0.06260597652702314,0.06523930593542047,-0.04587428377784697,0.009682511078786753
484,ortho,tttttgattttgtctttgagagatcca,3.0,ttg,3.0,,FLILSLRDP,,False,False,3.0,1.0,3.0,908.0,405.0,736.0,706.0,730.0,True,False,True,True,False,False,1.0,both,0.00351917852603245,0.004236525816691912,0.004102211941593176,0.0032971327156976083,0.003771515831655111,-2.453558701080655,-2.3729901427298525,-2.386981905477502,-2.4818635713478674,-2.4234840649105127,L,synonymous,0.037822047270580327,-0.06260597652702314,0.06523930593542047,-0.04587428377784697,0.009682511078786753
485,ortho,tttttggctttgaatttgtctgattct,1.0,ttg,1.0,,FLALNLSDS,,False,False,10.0,4.0,6.0,188.0,94.0,164.0,135.0,141.0,True,False,True,True,False,False,1.0,both,0.0006729307379807093,0.0008182878632240542,0.0008493566575104814,0.0007652604327791979,0.0008403921146622802,-3.1720296336374525,-3.0870938901949287,-3.0709099047349073,-3.1161907409628373,-3.0755180312003136,L,synonymous,0.05744576818231859,-0.016731692749176203,0.08486302684715874,-2.7755575615628914e-17,0.042431513423579356
486,ortho,tttttggctttgaatttgtctgattct,2.0,gct,2.0,,FLALNLSDS,,False,False,10.0,4.0,6.0,188.0,94.0,164.0,135.0,141.0,True,False,True,True,False,False,1.0,both,0.0006729307379807093,0.0008182878632240542,0.0008493566575104814,0.0007652604327791979,0.0008403921146622802,-3.1720296336374525,-3.0870938901949287,-3.0709099047349073,-3.1161907409628373,-3.0755180312003136,A,non-synonymous,0.05744576818231859,-0.016731692749176203,0.08486302684715874,-2.7755575615628914e-17,0.042431513423579356
487,ortho,tttttggctttgaatttgtctgattct,3.0,ttg,3.0,,FLALNLSDS,,False,False,10.0,4.0,6.0,188.0,94.0,164.0,135.0,141.0,True,False,True,True,False,False,1.0,both,0.0006729307379807093,0.0008182878632240542,0.0008493566575104814,0.0007652604327791979,0.0008403921146622802,-3.1720296336374525,-3.0870938901949287,-3.0709099047349073,-3.1161907409628373,-3.0755180312003136,L,synonymous,0.05744576818231859,-0.016731692749176203,0.08486302684715874,-2.7755575615628914e-17,0.042431513423579356
488,ortho,tttttggctttgaatttgtctgattct,4.0,aat,4.0,,FLALNLSDS,,False,False,10.0,4.0,6.0,188.0,94.0,164.0,135.0,141.0,True,False,True,True,False,False,1.0,both,0.0006729307379807093,0.0008182878632240542,0.0008493566575104814,0.0007652604327791979,0.0008403921146622802,-3.1720296336374525,-3.0870938901949287,-3.0709099047349073,-3.1161907409628373,-3.0755180312003136,N,non-synonymous,0.05744576818231859,-0.016731692749176203,0.08486302684715874,-2.7755575615628914e-17,0.042431513423579356
489,ortho,tttttggctttgaatttgtctgattct,6.0,tct,5.0,,FLALNLSDS,,False,False,10.0,4.0,6.0,188.0,94.0,164.0,135.0,141.0,True,False,True,True,False,False,1.0,both,0.0006729307379807093,0.0008182878632240542,0.0008493566575104814,0.0007652604327791979,0.0008403921146622802,-3.1720296336374525,-3.0870938901949287,-3.0709099047349073,-3.1161907409628373,-3.0755180312003136,S,non-synonymous,0.05744576818231859,-0.016731692749176203,0.08486302684715874,-2.7755575615628914e-17,0.042431513423579356
490,ortho,tttttggctttgaatttgtctgattct,8.0,tct,6.0,,FLALNLSDS,,False,False,10.0,4.0,6.0,188.0,94.0,164.0,135.0,141.0,True,False,True,True,False,False,1.0,both,0.0006729307379807093,0.0008182878632240542,0.0008493566575104814,0.0007652604327791979,0.0008403921146622802,-3.1720296336374525,-3.0870938901949287,-3.0709099047349073,-3.1161907409628373,-3.0755180312003136,S,non-synonymous,0.05744576818231859,-0.016731692749176203,0.08486302684715874,-2.7755575615628914e-17,0.042431513423579356
491,ortho,tttttggctttgtctattagagatcca,1.0,ttg,1.0,,FLALSIRDP,,False,False,5.0,2.0,4.0,817.0,437.0,668.0,638.0,513.0,True,False,True,True,False,False,1.0,both,0.0031802208209755004,0.0029771749917300696,0.0036910871765216133,0.0035576469055798882,0.0034230605646000194,-2.4975427234112964,-2.526195637738492,-2.4328456974661714,-2.448837157592114,-2.465585416772466,L,synonymous,0.03675415663061116,0.04448379419741142,0.06417141529545131,0.0612154869465876,0.06269345112101946
492,ortho,tttttggctttgtctattagagatcca,2.0,gct,2.0,,FLALSIRDP,,False,False,5.0,2.0,4.0,817.0,437.0,668.0,638.0,513.0,True,False,True,True,False,False,1.0,both,0.0031802208209755004,0.0029771749917300696,0.0036910871765216133,0.0035576469055798882,0.0034230605646000194,-2.4975427234112964,-2.526195637738492,-2.4328456974661714,-2.448837157592114,-2.465585416772466,A,non-synonymous,0.03675415663061116,0.04448379419741142,0.06417141529545131,0.0612154869465876,0.06269345112101946
493,ortho,tttttggctttgtctattagagatcca,3.0,ttg,3.0,,FLALSIRDP,,False,False,5.0,2.0,4.0,817.0,437.0,668.0,638.0,513.0,True,False,True,True,False,False,1.0,both,0.0031802208209755004,0.0029771749917300696,0.0036910871765216133,0.0035576469055798882,0.0034230605646000194,-2.4975427234112964,-2.526195637738492,-2.4328456974661714,-2.448837157592114,-2.465585416772466,L,synonymous,0.03675415663061116,0.04448379419741142,0.06417141529545131,0.0612154869465876,0.06269345112101946
494,ortho,tttttggctttgtctattagagatcca,5.0,att,4.0,,FLALSIRDP,,False,False,5.0,2.0,4.0,817.0,437.0,668.0,638.0,513.0,True,False,True,True,False,False,1.0,both,0.0031802208209755004,0.0029771749917300696,0.0036910871765216133,0.0035576469055798882,0.0034230605646000194,-2.4975427234112964,-2.526195637738492,-2.4328456974661714,-2.448837157592114,-2.465585416772466,I,non-synonymous,0.03675415663061116,0.04448379419741142,0.06417141529545131,0.0612154869465876,0.06269345112101946
495,ortho,tttttggctttgtcttttaaagatcca,1.0,ttg,1.0,,FLALSFKDP,,False,False,5.0,3.0,5.0,398.0,224.0,339.0,436.0,273.0,True,False,True,True,False,False,1.0,both,0.0021733170500710317,0.0015843445862423176,0.001798106115367934,0.001823599329175961,0.0017371519931128842,-2.6628769128638727,-2.8001503558095524,-2.7451846819248993,-2.7390705762283734,-2.7601621810449295,L,synonymous,-0.04675875887325993,0.0351229799159859,-0.01934150020841978,0.05185467266516207,0.016256586228371145
496,ortho,tttttggctttgtcttttaaagatcca,2.0,gct,2.0,,FLALSFKDP,,False,False,5.0,3.0,5.0,398.0,224.0,339.0,436.0,273.0,True,False,True,True,False,False,1.0,both,0.0021733170500710317,0.0015843445862423176,0.001798106115367934,0.001823599329175961,0.0017371519931128842,-2.6628769128638727,-2.8001503558095524,-2.7451846819248993,-2.7390705762283734,-2.7601621810449295,A,non-synonymous,-0.04675875887325993,0.0351229799159859,-0.01934150020841978,0.05185467266516207,0.016256586228371145
497,ortho,tttttggctttgtcttttaaagatcca,3.0,ttg,3.0,,FLALSFKDP,,False,False,5.0,3.0,5.0,398.0,224.0,339.0,436.0,273.0,True,False,True,True,False,False,1.0,both,0.0021733170500710317,0.0015843445862423176,0.001798106115367934,0.001823599329175961,0.0017371519931128842,-2.6628769128638727,-2.8001503558095524,-2.7451846819248993,-2.7390705762283734,-2.7601621810449295,L,synonymous,-0.04675875887325993,0.0351229799159859,-0.01934150020841978,0.05185467266516207,0.016256586228371145
498,ortho,tttttggctttgtcttttaaagatcca,5.0,ttt,4.0,,FLALSFKDP,,False,False,5.0,3.0,5.0,398.0,224.0,339.0,436.0,273.0,True,False,True,True,False,False,1.0,both,0.0021733170500710317,0.0015843445862423176,0.001798106115367934,0.001823599329175961,0.0017371519931128842,-2.6628769128638727,-2.8001503558095524,-2.7451846819248993,-2.7390705762283734,-2.7601621810449295,F,non-synonymous,-0.04675875887325993,0.0351229799159859,-0.01934150020841978,0.05185467266516207,0.016256586228371145
499,ortho,tttttggctttgtcttttaaagatcca,6.0,aaa,5.0,,FLALSFKDP,,False,False,5.0,3.0,5.0,398.0,224.0,339.0,436.0,273.0,True,False,True,True,False,False,1.0,both,0.0021733170500710317,0.0015843445862423176,0.001798106115367934,0.001823599329175961,0.0017371519931128842,-2.6628769128638727,-2.8001503558095524,-2.7451846819248993,-2.7390705762283734,-2.7601621810449295,K,non-synonymous,-0.04675875887325993,0.0351229799159859,-0.01934150020841978,0.05185467266516207,0.016256586228371145
500,ortho,tttttggctttgtcttttagagatcca,1.0,ttg,1.0,,FLALSFRDP,,False,False,4.0,2.0,4.0,1594.0,916.0,1297.0,1334.0,1169.0,True,False,True,True,False,False,1.0,both,0.006649552625676046,0.006784244766729924,0.007201460170594188,0.00745721868538027,0.006646271784859619,-2.1772075725519286,-2.168498491688468,-2.1425794369384934,-2.1274231208946857,-2.1774219031639315,L,synonymous,0.019672124051602482,0.023619754906192347,0.047089382716442627,0.04035144765536852,0.043720415185905574
501,ortho,tttttggctttgtcttttagagatcca,2.0,gct,2.0,,FLALSFRDP,,False,False,4.0,2.0,4.0,1594.0,916.0,1297.0,1334.0,1169.0,True,False,True,True,False,False,1.0,both,0.006649552625676046,0.006784244766729924,0.007201460170594188,0.00745721868538027,0.006646271784859619,-2.1772075725519286,-2.168498491688468,-2.1425794369384934,-2.1274231208946857,-2.1774219031639315,A,non-synonymous,0.019672124051602482,0.023619754906192347,0.047089382716442627,0.04035144765536852,0.043720415185905574
502,ortho,tttttggctttgtcttttagagatcca,3.0,ttg,3.0,,FLALSFRDP,,False,False,4.0,2.0,4.0,1594.0,916.0,1297.0,1334.0,1169.0,True,False,True,True,False,False,1.0,both,0.006649552625676046,0.006784244766729924,0.007201460170594188,0.00745721868538027,0.006646271784859619,-2.1772075725519286,-2.168498491688468,-2.1425794369384934,-2.1274231208946857,-2.1774219031639315,L,synonymous,0.019672124051602482,0.023619754906192347,0.047089382716442627,0.04035144765536852,0.043720415185905574
503,ortho,tttttggctttgtcttttagagatcca,5.0,ttt,4.0,,FLALSFRDP,,False,False,4.0,2.0,4.0,1594.0,916.0,1297.0,1334.0,1169.0,True,False,True,True,False,False,1.0,both,0.006649552625676046,0.006784244766729924,0.007201460170594188,0.00745721868538027,0.006646271784859619,-2.1772075725519286,-2.168498491688468,-2.1425794369384934,-2.1274231208946857,-2.1774219031639315,F,non-synonymous,0.019672124051602482,0.023619754906192347,0.047089382716442627,0.04035144765536852,0.043720415185905574
504,ortho,tttttggctttgtcttttagagatgct,1.0,ttg,1.0,,FLALSFRDA,,False,False,6.0,3.0,5.0,1210.0,666.0,1027.0,1045.0,926.0,True,False,True,True,False,False,1.0,both,0.005208982379184009,0.005374003981173576,0.005466604019083418,0.005421951576924955,0.0052626994009644015,-2.283247111685386,-2.2697020161683743,-2.2622823836821366,-2.265844365392235,-2.2787914356507333,L,synonymous,0.01190998945458698,0.0022182822476159267,0.03932724811942713,0.0189499749967921,0.029138611558109616
505,ortho,tttttggctttgtcttttagagatgct,2.0,gct,2.0,,FLALSFRDA,,False,False,6.0,3.0,5.0,1210.0,666.0,1027.0,1045.0,926.0,True,False,True,True,False,False,1.0,both,0.005208982379184009,0.005374003981173576,0.005466604019083418,0.005421951576924955,0.0052626994009644015,-2.283247111685386,-2.2697020161683743,-2.2622823836821366,-2.265844365392235,-2.2787914356507333,A,non-synonymous,0.01190998945458698,0.0022182822476159267,0.03932724811942713,0.0189499749967921,0.029138611558109616
506,ortho,tttttggctttgtcttttagagatgct,3.0,ttg,3.0,,FLALSFRDA,,False,False,6.0,3.0,5.0,1210.0,666.0,1027.0,1045.0,926.0,True,False,True,True,False,False,1.0,both,0.005208982379184009,0.005374003981173576,0.005466604019083418,0.005421951576924955,0.0052626994009644015,-2.283247111685386,-2.2697020161683743,-2.2622823836821366,-2.265844365392235,-2.2787914356507333,L,synonymous,0.01190998945458698,0.0022182822476159267,0.03932724811942713,0.0189499749967921,0.029138611558109616
507,ortho,tttttggctttgtcttttagagatgct,5.0,ttt,4.0,,FLALSFRDA,,False,False,6.0,3.0,5.0,1210.0,666.0,1027.0,1045.0,926.0,True,False,True,True,False,False,1.0,both,0.005208982379184009,0.005374003981173576,0.005466604019083418,0.005421951576924955,0.0052626994009644015,-2.283247111685386,-2.2697020161683743,-2.2622823836821366,-2.265844365392235,-2.2787914356507333,F,non-synonymous,0.01190998945458698,0.0022182822476159267,0.03932724811942713,0.0189499749967921,0.029138611558109616
508,ortho,tttttggctttgtcttttagagatgct,8.0,gct,5.0,,FLALSFRDA,,False,False,6.0,3.0,5.0,1210.0,666.0,1027.0,1045.0,926.0,True,False,True,True,False,False,1.0,both,0.005208982379184009,0.005374003981173576,0.005466604019083418,0.005421951576924955,0.0052626994009644015,-2.283247111685386,-2.2697020161683743,-2.2622823836821366,-2.265844365392235,-2.2787914356507333,A,non-synonymous,0.01190998945458698,0.0022182822476159267,0.03932724811942713,0.0189499749967921,0.029138611558109616
509,single,tttttggttttatctttgagagatcca,1.0,ttg,1.0,,FLVLSLRDP,,False,False,1.0,0.0,1.0,1614.0,936.0,1508.0,1566.0,1266.0,True,False,True,True,False,False,1.0,both,0.007805996560576228,0.00734718038894789,0.007291817261818707,0.007620040054056695,0.007727507981162918,-2.1075716444105344,-2.1338792971689724,-2.1371642236125354,-2.1180427458244306,-2.1119605377142565,L,synonymous,-0.016811441873953337,0.009106563229710816,0.010605816790886811,0.02583825597888699,0.0182220363848869
510,ortho,tttttggttttgtctttgagagatcca,1.0,ttg,1.0,,FLVLSLRDP,,False,False,2.0,0.0,2.0,424.0,293.0,362.0,476.0,289.0,True,False,True,True,False,False,1.0,both,0.002372703935398649,0.0016771999466081678,0.0019155703339598091,0.0023853330511096277,0.0018550118628521063,-2.6247564494119655,-2.7754151600937607,-2.7177018974058544,-2.6224509742084265,-2.731653308714846,L,synonymous,-0.05280198747570289,0.08795968265692936,-0.02538472881086274,0.10469137540610553,0.03965332329762139
511,ortho,tttttggttttgtctttgagagatcca,3.0,ttg,2.0,,FLVLSLRDP,,False,False,2.0,0.0,2.0,424.0,293.0,362.0,476.0,289.0,True,False,True,True,False,False,1.0,both,0.002372703935398649,0.0016771999466081678,0.0019155703339598091,0.0023853330511096277,0.0018550118628521063,-2.6247564494119655,-2.7754151600937607,-2.7177018974058544,-2.6224509742084265,-2.731653308714846,L,synonymous,-0.05280198747570289,0.08795968265692936,-0.02538472881086274,0.10469137540610553,0.03965332329762139
512,ortho,tttttgtctttgtcttttagagatcca,1.0,ttg,1.0,,FLSLSFRDP,,False,False,5.0,2.0,4.0,734.0,391.0,506.0,570.0,485.0,True,False,True,True,False,False,1.0,both,0.0028412631159185505,0.002814678111089832,0.0033161052479398585,0.0031831577576241104,0.002592917134262889,-2.546488546459967,-2.550571264248045,-2.4793716940825163,-2.4971418371666694,-2.5862113624082124,L,synonymous,0.03812885165582053,0.030723763366035963,0.06554611032066068,0.04745545611521214,0.05650078321793641
513,ortho,tttttgtctttgtcttttagagatcca,2.0,tct,2.0,,FLSLSFRDP,,False,False,5.0,2.0,4.0,734.0,391.0,506.0,570.0,485.0,True,False,True,True,False,False,1.0,both,0.0028412631159185505,0.002814678111089832,0.0033161052479398585,0.0031831577576241104,0.002592917134262889,-2.546488546459967,-2.550571264248045,-2.4793716940825163,-2.4971418371666694,-2.5862113624082124,S,non-synonymous,0.03812885165582053,0.030723763366035963,0.06554611032066068,0.04745545611521214,0.05650078321793641
514,ortho,tttttgtctttgtcttttagagatcca,3.0,ttg,3.0,,FLSLSFRDP,,False,False,5.0,2.0,4.0,734.0,391.0,506.0,570.0,485.0,True,False,True,True,False,False,1.0,both,0.0028412631159185505,0.002814678111089832,0.0033161052479398585,0.0031831577576241104,0.002592917134262889,-2.546488546459967,-2.550571264248045,-2.4793716940825163,-2.4971418371666694,-2.5862113624082124,L,synonymous,0.03812885165582053,0.030723763366035963,0.06554611032066068,0.04745545611521214,0.05650078321793641
515,ortho,tttttgtctttgtcttttagagatcca,5.0,ttt,4.0,,FLSLSFRDP,,False,False,5.0,2.0,4.0,734.0,391.0,506.0,570.0,485.0,True,False,True,True,False,False,1.0,both,0.0028412631159185505,0.002814678111089832,0.0033161052479398585,0.0031831577576241104,0.002592917134262889,-2.546488546459967,-2.550571264248045,-2.4793716940825163,-2.4971418371666694,-2.5862113624082124,F,non-synonymous,0.03812885165582053,0.030723763366035963,0.06554611032066068,0.04745545611521214,0.05650078321793641
516,single,ttttttgttttatctttgagagatcca,1.0,ttt,1.0,,FFVLSLRDP,,False,False,1.0,1.0,1.0,2323.0,1380.0,2031.0,2350.0,1827.0,True,False,True,True,False,False,1.0,both,0.011713979512997533,0.01060292146177551,0.010494976145727917,0.011234674438673332,0.01040753893218958,-1.9312955398607226,-1.9745744554977707,-1.9790185441983514,-1.9494395081612994,-1.9826519558432047,F,non-synonymous,-0.027111273674253363,0.014453461629063729,0.00030598499058678494,0.031185154378239904,0.015745569684413346
517,WT,tttttagttttatctttgagagatcca,0.0,ttt,,,FLVLSLRDP,True,,,,0.0,,,,,,,,,,,,,1.0,,0.031697530094958,0.03013736789874123,0.03109187509035709,0.0311395867593663,0.031350725350633116,,,,,,F,synonymous,-0.0047598017315956045,0.008169817000934245,0.022657456933244544,0.02490150975011042,0.023779483341677482
518,WT,tttttagttttatctttgagagatcca,1.0,tta,,,FLVLSLRDP,True,,,,0.0,,,,,,,,,,,,,1.0,,0.031697530094958,0.03013736789874123,0.03109187509035709,0.0311395867593663,0.031350725350633116,,,,,,L,synonymous,-0.0047598017315956045,0.008169817000934245,0.022657456933244544,0.02490150975011042,0.023779483341677482
519,WT,tttttagttttatctttgagagatcca,2.0,gtt,,,FLVLSLRDP,True,,,,0.0,,,,,,,,,,,,,1.0,,0.031697530094958,0.03013736789874123,0.03109187509035709,0.0311395867593663,0.031350725350633116,,,,,,V,synonymous,-0.0047598017315956045,0.008169817000934245,0.022657456933244544,0.02490150975011042,0.023779483341677482
520,WT,tttttagttttatctttgagagatcca,3.0,tta,,,FLVLSLRDP,True,,,,0.0,,,,,,,,,,,,,1.0,,0.031697530094958,0.03013736789874123,0.03109187509035709,0.0311395867593663,0.031350725350633116,,,,,,L,synonymous,-0.0047598017315956045,0.008169817000934245,0.022657456933244544,0.02490150975011042,0.023779483341677482
521,WT,tttttagttttatctttgagagatcca,4.0,tct,,,FLVLSLRDP,True,,,,0.0,,,,,,,,,,,,,1.0,,0.031697530094958,0.03013736789874123,0.03109187509035709,0.0311395867593663,0.031350725350633116,,,,,,S,synonymous,-0.0047598017315956045,0.008169817000934245,0.022657456933244544,0.02490150975011042,0.023779483341677482
522,WT,tttttagttttatctttgagagatcca,5.0,ttg,,,FLVLSLRDP,True,,,,0.0,,,,,,,,,,,,,1.0,,0.031697530094958,0.03013736789874123,0.03109187509035709,0.0311395867593663,0.031350725350633116,,,,,,L,synonymous,-0.0047598017315956045,0.008169817000934245,0.022657456933244544,0.02490150975011042,0.023779483341677482
523,WT,tttttagttttatctttgagagatcca,6.0,aga,,,FLVLSLRDP,True,,,,0.0,,,,,,,,,,,,,1.0,,0.031697530094958,0.03013736789874123,0.03109187509035709,0.0311395867593663,0.031350725350633116,,,,,,R,synonymous,-0.0047598017315956045,0.008169817000934245,0.022657456933244544,0.02490150975011042,0.023779483341677482
524,WT,tttttagttttatctttgagagatcca,7.0,gat,,,FLVLSLRDP,True,,,,0.0,,,,,,,,,,,,,1.0,,0.031697530094958,0.03013736789874123,0.03109187509035709,0.0311395867593663,0.031350725350633116,,,,,,D,synonymous,-0.0047598017315956045,0.008169817000934245,0.022657456933244544,0.02490150975011042,0.023779483341677482
525,WT,tttttagttttatctttgagagatcca,8.0,cca,,,FLVLSLRDP,True,,,,0.0,,,,,,,,,,,,,1.0,,0.031697530094958,0.03013736789874123,0.03109187509035709,0.0311395867593663,0.031350725350633116,,,,,,P,synonymous,-0.0047598017315956045,0.008169817000934245,0.022657456933244544,0.02490150975011042,0.023779483341677482
