,total_readcount,WT,WT_%,single_mut_readcount,single_mut_readcount_%,ortho_mut_readcount,ortho_mut_readcount_%,double_mut_readcount,double_mut_readcount_%
input1,200299.0,6358.0,3.2,164949.0,82.39999999999999,28992.0,14.499999999999998,0.0,0.0
input2,171995.0,5192.0,3.0,142215.0,82.69999999999999,24588.0,14.299999999999999,0.0,0.0
b1,113398.0,79.0,0.1,84221.0,74.3,29098.0,25.7,0.0,0.0
b2,110549.0,84.0,0.1,82064.0,74.2,28401.0,25.7,0.0,0.0
b3,174126.0,103.0,0.1,133822.0,76.9,40201.0,23.1,0.0,0.0
