,seq_type,nt_seq,aa_pos,alt_codons,mutated_codon,combination,aa_seq,WT,STOP,STOP_readthrough,Nham_nt,Nham_aa,Nmut_codons,b1,b2,b3,input1,input2,barcode_valid,indel,constant_region,permitted,too_many_substitutions,mixed_substitutions,confidence_score,Location,input1_abundance,input2_abundance,b1_abundance,b2_abundance,b3_abundance,input1_log10,input2_log10,b1_log10,b2_log10,b3_log10,alt_aa,mutation_type,Log2FC_1,Log2FC_2,selcoeff_1,selcoeff_2,median_s
0,single,aagttagttttatctttgagagatcca,0.0,aag,1.0,,KLVLSLRDP,,False,False,3.0,1.0,1.0,788.0,840.0,1246.0,384.0,344.0,True,False,True,True,False,False,1.0,both,0.0019141140991451287,0.0019963902478657776,0.006929665652426262,0.0075767825734000815,0.007142775249079923,-2.718032177764928,-2.6997545602787785,-2.1592877190403206,-2.1205151752723364,-2.146133014948959,K,non-synonymous,0.3631874815741984,0.3792782120003443,1.449624877394513,1.5401225772776925,1.4948737273361028
1,single,aatttagttttatctttgagagatcca,0.0,aat,1.0,,NLVLSLRDP,,False,False,2.0,1.0,1.0,27.0,23.0,48.0,36.0,42.0,True,False,True,True,False,False,1.0,both,0.00017944819679485582,0.00024374532096035656,0.00023743778250699123,0.00020745952284309746,0.0002751630914573325,-3.7460609013651713,-3.613063712452408,-3.6244501723708886,-3.683066625316625,-3.5604098198965226,N,non-synonymous,0.07904775377397555,-0.04583697226607067,1.1654851495942902,1.1150073930112776,1.1402462713027839
2,single,acgttagttttatctttgagagatcca,0.0,acg,1.0,,TLVLSLRDP,,False,False,3.0,1.0,1.0,29.0,13.0,38.0,52.0,26.0,True,False,True,True,False,False,1.0,both,0.00025920295092590284,0.00015088996059450644,0.000255025766396398,0.00011725973030262031,0.00021783744740372157,-3.5863600584976596,-3.8213396548794907,-3.5934159386309195,-3.930851109027381,-3.6618674606552997,T,non-synonymous,-0.004586367338188139,-0.07170663735565509,1.0818510284821266,1.0891377279216932,1.08549437820191
3,single,actttagttttatctttgagagatcca,0.0,act,1.0,,TLVLSLRDP,,False,False,2.0,1.0,1.0,1296.0,1241.0,1993.0,691.0,552.0,True,False,True,True,False,False,1.0,both,0.0034444084440345937,0.003203509932621829,0.01139701356033558,0.011193794254273215,0.011425000859884661,-2.4628853547582605,-2.4943739251211094,-1.9432089349953012,-1.9510226798354882,-1.9421437585716221,T,non-synonymous,0.3377930056935576,0.3557791374939034,1.4242304015138723,1.5166235027712518,1.470426952142562
4,single,aggttagttttatctttgagagatcca,0.0,agg,1.0,,RLVLSLRDP,,False,False,3.0,1.0,1.0,132.0,112.0,171.0,50.0,53.0,True,False,True,True,False,False,1.0,both,0.00024923360665952195,0.0003075833812118785,0.001160806936700846,0.001010237676453344,0.000980268513316747,-3.60339339779644,-3.5120371332495193,-2.935240005324026,-2.9955764386640364,-3.0086549468799557,R,non-synonymous,0.43430399018402993,0.3381715640911734,1.5207413860043446,1.4990159293685217,1.5098786576864331
5,single,agtttagttttatctttgagagatcca,0.0,agt,1.0,,SLVLSLRDP,,False,False,2.0,1.0,1.0,4.0,1.0,1.0,1.0,6.0,True,False,True,True,False,False,2.0,both,4.98467213319044e-06,3.482076013719379e-05,3.5175967778813516e-05,9.019979254047716e-06,5.732564405361094e-06,-5.302363402132459,-4.458161752466665,-4.453753945201913,-5.0447944613342175,-5.24165105727211,S,non-synonymous,0.5516015894030725,-0.38411926170684935,1.6380389852233872,0.776725103570499,1.207382044396943
6,single,atgttagttttatctttgagagatcca,0.0,atg,1.0,,MLVLSLRDP,,False,False,2.0,1.0,1.0,3.0,1.0,3.0,630.0,561.0,True,False,True,True,False,False,1.0,both,0.003140343443909977,0.0032557410728276197,2.6381975834110136e-05,9.019979254047716e-06,1.7197693216083282e-05,-2.503022852678877,-2.4873501415941472,-4.578692681810213,-5.0447944613342175,-4.764529802552447,M,non-synonymous,-1.349198700856049,-1.67458037900973,-0.26276130503573447,-0.5137360137323816,-0.38824865938405806
7,single,attttagttttatctttgagagatcca,0.0,att,1.0,,ILVLSLRDP,,False,False,1.0,1.0,1.0,309.0,258.0,518.0,670.0,509.0,True,False,True,True,False,False,1.0,both,0.0033397303292375946,0.002953961151638607,0.002717343510913344,0.002327154647544311,0.0029694683619770467,-2.476288599431632,-2.5295952205135497,-2.565855457105041,-2.633174755370988,-2.5273212975268766,I,non-synonymous,-0.05821903190802491,-0.06782249584102346,1.0282183639122897,1.093021869436325,1.0606201166743072
8,single,cagttagttttatctttgagagatcca,0.0,cag,1.0,,QLVLSLRDP,,False,False,3.0,1.0,1.0,7.0,6.0,2.0,744.0,599.0,True,False,True,True,False,False,1.0,both,0.0037085960670936867,0.003476272553696514,6.155794361292365e-05,5.411987552428629e-05,1.1465128810722188e-05,-2.43079046658658,-2.458886180460997,-4.210715896515619,-4.2666432109505745,-4.9406210616081285,Q,non-synonymous,-1.1569629446731013,-1.1836951561011568,-0.07052554885278672,-0.022850790823808476,-0.0466881698382976
9,single,catttagttttatctttgagagatcca,0.0,cat,1.0,,HLVLSLRDP,,False,False,2.0,1.0,1.0,974.0,1009.0,1514.0,434.0,452.0,True,False,True,True,False,False,1.0,both,0.0021633477058046508,0.002623163930335266,0.008565348154141091,0.009101159067334144,0.008679102509716697,-2.6648736726199482,-2.5811745680389264,-2.0672549796512603,-2.0409032950973076,-2.061525182108056,H,non-synonymous,0.38845598314548957,0.3537624127443755,1.4748933789658043,1.5146067780217238,1.4947500784937642
10,single,ccgttagttttatctttgagagatcca,0.0,ccg,1.0,,PLVLSLRDP,,False,False,3.0,1.0,1.0,143.0,139.0,164.0,43.0,72.0,True,False,True,True,False,False,1.0,both,0.0002143409017271889,0.00041784912164632553,0.001257540848092583,0.0012537771163126325,0.0009401405624792195,-3.6688949465528724,-3.37898050641904,-2.900477899064814,-2.901779661080123,-3.026807209224412,P,non-synonymous,0.4994760089664192,0.3124647392255352,1.5859134047867338,1.4733091045028837,1.5296112546448088
11,single,cctttagttttatctttgagagatcca,0.0,cct,1.0,,PLVLSLRDP,,False,False,2.0,1.0,1.0,1145.0,1083.0,1780.0,625.0,552.0,True,False,True,True,False,False,1.0,both,0.0031154200832440248,0.003203509932621829,0.010069120776685368,0.009768637532133676,0.010203964641542747,-2.5064833847883836,-2.4943739251211094,-1.997008449853969,-2.0101660047088976,-1.9912310549632157,P,non-synonymous,0.3311619751296865,0.31705287838517104,1.417599370950001,1.4778972436625195,1.4477483073062603
12,single,cggttagttttatctttgagagatcca,0.0,cgg,1.0,,RLVLSLRDP,,False,False,3.0,1.0,1.0,1085.0,1256.0,1730.0,668.0,488.0,True,False,True,True,False,False,1.0,both,0.0033297609849712137,0.0028320884911584286,0.009541481260003166,0.01132909394308393,0.009917336421274693,-2.4775869396569132,-2.547893180847598,-2.0203841983453277,-1.9458048219330406,-2.0036049541433143,R,non-synonymous,0.29718471403689917,0.39423941490579933,1.383622109857214,1.5550837801831476,1.4693529450201808
13,single,ctgttagttttatctttgagagatcca,0.0,ctg,1.0,,LLVLSLRDP,,False,False,2.0,1.0,1.0,2.0,9.0,13.0,290.0,257.0,True,False,True,True,False,False,1.0,both,0.0014455549186252275,0.0014914892258764676,1.7587983889406758e-05,8.117981328642944e-05,7.452333726969422e-05,-2.8399654042335025,-2.826379879519014,-4.754783940865894,-4.090551951894893,-4.127707704965273,L,non-synonymous,-1.2446443291420204,-0.8277629865692933,-0.15820693332170577,0.3330813787080551,0.08743722269317467
14,single,cttttagttttatctttgagagatcca,0.0,ctt,1.0,,LLVLSLRDP,,False,False,1.0,1.0,1.0,4.0,2.0,1.0,170.0,156.0,True,False,True,True,False,False,1.0,both,0.0008473942626423747,0.0009053397635670387,3.5175967778813516e-05,1.8039958508095433e-05,5.732564405361094e-06,-3.071914480754185,-3.043188404495847,-4.453753945201913,-4.743764465670237,-5.24165105727211,L,non-synonymous,-0.8982045140602789,-1.113514489084055,0.18823288176003572,0.04732987619329343,0.11778137897666457
15,single,gagttagttttatctttgagagatcca,0.0,gag,1.0,,ELVLSLRDP,,False,False,3.0,1.0,1.0,12.0,18.0,55.0,158.0,150.0,True,False,True,True,False,False,1.0,both,0.0007875781970440894,0.0008705190034298449,0.00010552790333644054,0.00016235962657285889,0.0003152910422948602,-3.103706315178036,-3.060221743794627,-3.976632690482251,-3.789521956230912,-3.5012883677778657,E,non-synonymous,-0.5674077422979709,-0.47753603733494215,0.5190296535223438,0.6833083279424061,0.601168990732375
16,single,gatttagttttatctttgagagatcca,0.0,gat,1.0,,DLVLSLRDP,,False,False,2.0,1.0,1.0,204.0,212.0,298.0,358.0,317.0,True,False,True,True,False,False,1.0,both,0.0017845126236821773,0.0018396968272484055,0.0017939743567194893,0.0019122356018581156,0.0017083041927976061,-2.7484803754885845,-2.735253740632557,-2.746183769103977,-2.7184586004054667,-2.7674347931958545,D,non-synonymous,0.001492808878850764,0.010997233476371908,1.0879302046991655,1.1718415987537203,1.1298859017264429
17,single,gcgttagttttatctttgagagatcca,0.0,gcg,1.0,,ALVLSLRDP,,False,False,3.0,1.0,1.0,1058.0,1007.0,1493.0,501.0,380.0,True,False,True,True,False,False,1.0,both,0.00249732073872841,0.0022053148086889404,0.009304043477496174,0.00908311910882605,0.008558718657204114,-2.602525676265213,-2.6565294062334983,-2.031328268830709,-2.0417649907806,-2.0675912495470845,A,non-synonymous,0.3712819781002914,0.40253952740423354,1.457719373920606,1.563383892681582,1.510551633301094
18,ortho,gctatttgttctgatttgagagaagat,0.0,gct,1.0,,AICSDLRED,,False,False,14.0,7.0,7.0,507.0,478.0,739.0,400.0,363.0,True,False,True,True,False,False,1.0,both,0.0019938688532761756,0.0021066559883002245,0.004458553915964613,0.0043115500834348085,0.004236365095561849,-2.7003034108044965,-2.676406377814196,-2.35080597719654,-2.365366564722099,-2.373006618877284,A,non-synonymous,0.22717557328167043,0.20366471483837337,1.313612969101985,1.3645090801157218,1.3390610246088535
19,ortho,gctatttgttctgatttgagagaagat,1.0,att,2.0,,AICSDLRED,,False,False,14.0,7.0,7.0,507.0,478.0,739.0,400.0,363.0,True,False,True,True,False,False,1.0,both,0.0019938688532761756,0.0021066559883002245,0.004458553915964613,0.0043115500834348085,0.004236365095561849,-2.7003034108044965,-2.676406377814196,-2.35080597719654,-2.365366564722099,-2.373006618877284,I,non-synonymous,0.22717557328167043,0.20366471483837337,1.313612969101985,1.3645090801157218,1.3390610246088535
20,ortho,gctatttgttctgatttgagagaagat,2.0,tgt,3.0,,AICSDLRED,,False,False,14.0,7.0,7.0,507.0,478.0,739.0,400.0,363.0,True,False,True,True,False,False,1.0,both,0.0019938688532761756,0.0021066559883002245,0.004458553915964613,0.0043115500834348085,0.004236365095561849,-2.7003034108044965,-2.676406377814196,-2.35080597719654,-2.365366564722099,-2.373006618877284,C,non-synonymous,0.22717557328167043,0.20366471483837337,1.313612969101985,1.3645090801157218,1.3390610246088535
21,ortho,gctatttgttctgatttgagagaagat,3.0,tct,4.0,,AICSDLRED,,False,False,14.0,7.0,7.0,507.0,478.0,739.0,400.0,363.0,True,False,True,True,False,False,1.0,both,0.0019938688532761756,0.0021066559883002245,0.004458553915964613,0.0043115500834348085,0.004236365095561849,-2.7003034108044965,-2.676406377814196,-2.35080597719654,-2.365366564722099,-2.373006618877284,S,non-synonymous,0.22717557328167043,0.20366471483837337,1.313612969101985,1.3645090801157218,1.3390610246088535
22,ortho,gctatttgttctgatttgagagaagat,4.0,gat,5.0,,AICSDLRED,,False,False,14.0,7.0,7.0,507.0,478.0,739.0,400.0,363.0,True,False,True,True,False,False,1.0,both,0.0019938688532761756,0.0021066559883002245,0.004458553915964613,0.0043115500834348085,0.004236365095561849,-2.7003034108044965,-2.676406377814196,-2.35080597719654,-2.365366564722099,-2.373006618877284,D,non-synonymous,0.22717557328167043,0.20366471483837337,1.313612969101985,1.3645090801157218,1.3390610246088535
23,ortho,gctatttgttctgatttgagagaagat,7.0,gaa,6.0,,AICSDLRED,,False,False,14.0,7.0,7.0,507.0,478.0,739.0,400.0,363.0,True,False,True,True,False,False,1.0,both,0.0019938688532761756,0.0021066559883002245,0.004458553915964613,0.0043115500834348085,0.004236365095561849,-2.7003034108044965,-2.676406377814196,-2.35080597719654,-2.365366564722099,-2.373006618877284,E,non-synonymous,0.22717557328167043,0.20366471483837337,1.313612969101985,1.3645090801157218,1.3390610246088535
24,ortho,gctatttgttctgatttgagagaagat,8.0,gat,7.0,,AICSDLRED,,False,False,14.0,7.0,7.0,507.0,478.0,739.0,400.0,363.0,True,False,True,True,False,False,1.0,both,0.0019938688532761756,0.0021066559883002245,0.004458553915964613,0.0043115500834348085,0.004236365095561849,-2.7003034108044965,-2.676406377814196,-2.35080597719654,-2.365366564722099,-2.373006618877284,D,non-synonymous,0.22717557328167043,0.20366471483837337,1.313612969101985,1.3645090801157218,1.3390610246088535
25,single,gctttagttttatctttgagagatcca,0.0,gct,1.0,,ALVLSLRDP,,False,False,2.0,1.0,1.0,85.0,84.0,84.0,89.0,125.0,True,False,True,True,False,False,1.0,both,0.0004436358198539491,0.0007254325028582041,0.0007474893152997872,0.0007576782573400082,0.0004815354100503319,-3.352973395487546,-3.139402989842252,-3.126395010815583,-3.1205151752723364,-3.317371771210228,A,non-synonymous,0.14727740315491747,0.012367488682752567,1.2337147989752322,1.1732118539601009,1.2034633264676664
26,ortho,gctttgactttgtcttttagagatcca,0.0,gct,1.0,,ALTLSFRDP,,False,False,7.0,3.0,5.0,1147.0,1149.0,1388.0,467.0,479.0,True,False,True,True,False,False,1.0,both,0.0023278418861999352,0.0027798573509526378,0.010086708760574775,0.010363956162900825,0.007956799394641199,-2.6330465215663468,-2.555977489435745,-1.9962505186286081,-1.9844744326459327,-2.0992615911532737,A,non-synonymous,0.41392148588173105,0.3742125676235924,1.5003588817020457,1.5350569329009407,1.5177079073014932
27,ortho,gctttgactttgtcttttagagatcca,1.0,ttg,2.0,,ALTLSFRDP,,False,False,7.0,3.0,5.0,1147.0,1149.0,1388.0,467.0,479.0,True,False,True,True,False,False,1.0,both,0.0023278418861999352,0.0027798573509526378,0.010086708760574775,0.010363956162900825,0.007956799394641199,-2.6330465215663468,-2.555977489435745,-1.9962505186286081,-1.9844744326459327,-2.0992615911532737,L,synonymous,0.41392148588173105,0.3742125676235924,1.5003588817020457,1.5350569329009407,1.5177079073014932
28,ortho,gctttgactttgtcttttagagatcca,2.0,act,3.0,,ALTLSFRDP,,False,False,7.0,3.0,5.0,1147.0,1149.0,1388.0,467.0,479.0,True,False,True,True,False,False,1.0,both,0.0023278418861999352,0.0027798573509526378,0.010086708760574775,0.010363956162900825,0.007956799394641199,-2.6330465215663468,-2.555977489435745,-1.9962505186286081,-1.9844744326459327,-2.0992615911532737,T,non-synonymous,0.41392148588173105,0.3742125676235924,1.5003588817020457,1.5350569329009407,1.5177079073014932
29,ortho,gctttgactttgtcttttagagatcca,3.0,ttg,4.0,,ALTLSFRDP,,False,False,7.0,3.0,5.0,1147.0,1149.0,1388.0,467.0,479.0,True,False,True,True,False,False,1.0,both,0.0023278418861999352,0.0027798573509526378,0.010086708760574775,0.010363956162900825,0.007956799394641199,-2.6330465215663468,-2.555977489435745,-1.9962505186286081,-1.9844744326459327,-2.0992615911532737,L,synonymous,0.41392148588173105,0.3742125676235924,1.5003588817020457,1.5350569329009407,1.5177079073014932
30,ortho,gctttgactttgtcttttagagatcca,5.0,ttt,5.0,,ALTLSFRDP,,False,False,7.0,3.0,5.0,1147.0,1149.0,1388.0,467.0,479.0,True,False,True,True,False,False,1.0,both,0.0023278418861999352,0.0027798573509526378,0.010086708760574775,0.010363956162900825,0.007956799394641199,-2.6330465215663468,-2.555977489435745,-1.9962505186286081,-1.9844744326459327,-2.0992615911532737,F,non-synonymous,0.41392148588173105,0.3742125676235924,1.5003588817020457,1.5350569329009407,1.5177079073014932
31,ortho,gctttggctttgaatattaaagatcca,0.0,gct,1.0,,ALALNIKDP,,False,False,10.0,5.0,7.0,1687.0,1665.0,2236.0,975.0,702.0,True,False,True,True,False,False,1.0,both,0.004860055329860678,0.004074028936051674,0.014835464410714599,0.015018265457989446,0.012818014010387407,-2.313358786433922,-2.3899758907205033,-1.8286988539407505,-1.8233802234918792,-1.892179258057724,A,non-synonymous,0.3150320643964961,0.37099927449032927,1.4014694602168107,1.5318436397676776,1.4666565499922442
32,ortho,gctttggctttgaatattaaagatcca,1.0,ttg,2.0,,ALALNIKDP,,False,False,10.0,5.0,7.0,1687.0,1665.0,2236.0,975.0,702.0,True,False,True,True,False,False,1.0,both,0.004860055329860678,0.004074028936051674,0.014835464410714599,0.015018265457989446,0.012818014010387407,-2.313358786433922,-2.3899758907205033,-1.8286988539407505,-1.8233802234918792,-1.892179258057724,L,synonymous,0.3150320643964961,0.37099927449032927,1.4014694602168107,1.5318436397676776,1.4666565499922442
33,ortho,gctttggctttgaatattaaagatcca,2.0,gct,3.0,,ALALNIKDP,,False,False,10.0,5.0,7.0,1687.0,1665.0,2236.0,975.0,702.0,True,False,True,True,False,False,1.0,both,0.004860055329860678,0.004074028936051674,0.014835464410714599,0.015018265457989446,0.012818014010387407,-2.313358786433922,-2.3899758907205033,-1.8286988539407505,-1.8233802234918792,-1.892179258057724,A,non-synonymous,0.3150320643964961,0.37099927449032927,1.4014694602168107,1.5318436397676776,1.4666565499922442
34,ortho,gctttggctttgaatattaaagatcca,3.0,ttg,4.0,,ALALNIKDP,,False,False,10.0,5.0,7.0,1687.0,1665.0,2236.0,975.0,702.0,True,False,True,True,False,False,1.0,both,0.004860055329860678,0.004074028936051674,0.014835464410714599,0.015018265457989446,0.012818014010387407,-2.313358786433922,-2.3899758907205033,-1.8286988539407505,-1.8233802234918792,-1.892179258057724,L,synonymous,0.3150320643964961,0.37099927449032927,1.4014694602168107,1.5318436397676776,1.4666565499922442
35,ortho,gctttggctttgaatattaaagatcca,4.0,aat,5.0,,ALALNIKDP,,False,False,10.0,5.0,7.0,1687.0,1665.0,2236.0,975.0,702.0,True,False,True,True,False,False,1.0,both,0.004860055329860678,0.004074028936051674,0.014835464410714599,0.015018265457989446,0.012818014010387407,-2.313358786433922,-2.3899758907205033,-1.8286988539407505,-1.8233802234918792,-1.892179258057724,N,non-synonymous,0.3150320643964961,0.37099927449032927,1.4014694602168107,1.5318436397676776,1.4666565499922442
36,ortho,gctttggctttgaatattaaagatcca,5.0,att,6.0,,ALALNIKDP,,False,False,10.0,5.0,7.0,1687.0,1665.0,2236.0,975.0,702.0,True,False,True,True,False,False,1.0,both,0.004860055329860678,0.004074028936051674,0.014835464410714599,0.015018265457989446,0.012818014010387407,-2.313358786433922,-2.3899758907205033,-1.8286988539407505,-1.8233802234918792,-1.892179258057724,I,non-synonymous,0.3150320643964961,0.37099927449032927,1.4014694602168107,1.5318436397676776,1.4666565499922442
37,ortho,gctttggctttgaatattaaagatcca,6.0,aaa,7.0,,ALALNIKDP,,False,False,10.0,5.0,7.0,1687.0,1665.0,2236.0,975.0,702.0,True,False,True,True,False,False,1.0,both,0.004860055329860678,0.004074028936051674,0.014835464410714599,0.015018265457989446,0.012818014010387407,-2.313358786433922,-2.3899758907205033,-1.8286988539407505,-1.8233802234918792,-1.892179258057724,K,non-synonymous,0.3150320643964961,0.37099927449032927,1.4014694602168107,1.5318436397676776,1.4666565499922442
38,single,gggttagttttatctttgagagatcca,0.0,ggg,1.0,,GLVLSLRDP,,False,False,3.0,1.0,1.0,1018.0,995.0,1567.0,425.0,372.0,True,False,True,True,False,False,1.0,both,0.0021184856566059365,0.0021588871285060152,0.00895228379970804,0.008974879357777478,0.008982928423200835,-2.6739744720821474,-2.665770062968411,-2.048066158529136,-2.0469713805884924,-2.0465820608035195,G,non-synonymous,0.4068444179554966,0.40518111149954733,1.4932818137758113,1.5660254767768957,1.5296536452763534
39,single,gtgttagttttatctttgagagatcca,0.0,gtg,1.0,,VLVLSLRDP,,False,False,2.0,1.0,1.0,398.0,367.0,710.0,264.0,218.0,True,False,True,True,False,False,1.0,both,0.001315953443162276,0.0012651542849847078,0.003500008793991945,0.0033103323862355115,0.004070120727806377,-2.8807594752626278,-2.897856509245704,-2.455930864456188,-2.4801283970821286,-2.3903927085530343,V,non-synonymous,0.2761413215831164,0.27352278796083235,1.362578717403431,1.4343671532381808,1.3984729353208059
40,ortho,gttttgactttgttggttactcaacat,0.0,gtt,1.0,,VLTLLVTQH,,False,False,15.0,7.0,9.0,210.0,276.0,385.0,243.0,198.0,True,False,True,True,False,False,1.0,both,0.0012112753283652767,0.0011490850845273953,0.0018467383083877096,0.0024895142741171695,0.002207037296064021,-2.9167571285341465,-2.9396478125887775,-2.7335946417959565,-2.603885379269,-2.656190327763609,V,non-synonymous,0.11905679105821451,0.21985275632628737,1.2054941868785292,1.3806971216036357,1.2930956542410823
41,ortho,gttttgactttgttggttactcaacat,1.0,ttg,2.0,,VLTLLVTQH,,False,False,15.0,7.0,9.0,210.0,276.0,385.0,243.0,198.0,True,False,True,True,False,False,1.0,both,0.0012112753283652767,0.0011490850845273953,0.0018467383083877096,0.0024895142741171695,0.002207037296064021,-2.9167571285341465,-2.9396478125887775,-2.7335946417959565,-2.603885379269,-2.656190327763609,L,synonymous,0.11905679105821451,0.21985275632628737,1.2054941868785292,1.3806971216036357,1.2930956542410823
42,ortho,gttttgactttgttggttactcaacat,2.0,act,3.0,,VLTLLVTQH,,False,False,15.0,7.0,9.0,210.0,276.0,385.0,243.0,198.0,True,False,True,True,False,False,1.0,both,0.0012112753283652767,0.0011490850845273953,0.0018467383083877096,0.0024895142741171695,0.002207037296064021,-2.9167571285341465,-2.9396478125887775,-2.7335946417959565,-2.603885379269,-2.656190327763609,T,non-synonymous,0.11905679105821451,0.21985275632628737,1.2054941868785292,1.3806971216036357,1.2930956542410823
43,ortho,gttttgactttgttggttactcaacat,3.0,ttg,4.0,,VLTLLVTQH,,False,False,15.0,7.0,9.0,210.0,276.0,385.0,243.0,198.0,True,False,True,True,False,False,1.0,both,0.0012112753283652767,0.0011490850845273953,0.0018467383083877096,0.0024895142741171695,0.002207037296064021,-2.9167571285341465,-2.9396478125887775,-2.7335946417959565,-2.603885379269,-2.656190327763609,L,synonymous,0.11905679105821451,0.21985275632628737,1.2054941868785292,1.3806971216036357,1.2930956542410823
44,ortho,gttttgactttgttggttactcaacat,4.0,ttg,5.0,,VLTLLVTQH,,False,False,15.0,7.0,9.0,210.0,276.0,385.0,243.0,198.0,True,False,True,True,False,False,1.0,both,0.0012112753283652767,0.0011490850845273953,0.0018467383083877096,0.0024895142741171695,0.002207037296064021,-2.9167571285341465,-2.9396478125887775,-2.7335946417959565,-2.603885379269,-2.656190327763609,L,non-synonymous,0.11905679105821451,0.21985275632628737,1.2054941868785292,1.3806971216036357,1.2930956542410823
45,ortho,gttttgactttgttggttactcaacat,5.0,gtt,6.0,,VLTLLVTQH,,False,False,15.0,7.0,9.0,210.0,276.0,385.0,243.0,198.0,True,False,True,True,False,False,1.0,both,0.0012112753283652767,0.0011490850845273953,0.0018467383083877096,0.0024895142741171695,0.002207037296064021,-2.9167571285341465,-2.9396478125887775,-2.7335946417959565,-2.603885379269,-2.656190327763609,V,non-synonymous,0.11905679105821451,0.21985275632628737,1.2054941868785292,1.3806971216036357,1.2930956542410823
46,ortho,gttttgactttgttggttactcaacat,6.0,act,7.0,,VLTLLVTQH,,False,False,15.0,7.0,9.0,210.0,276.0,385.0,243.0,198.0,True,False,True,True,False,False,1.0,both,0.0012112753283652767,0.0011490850845273953,0.0018467383083877096,0.0024895142741171695,0.002207037296064021,-2.9167571285341465,-2.9396478125887775,-2.7335946417959565,-2.603885379269,-2.656190327763609,T,non-synonymous,0.11905679105821451,0.21985275632628737,1.2054941868785292,1.3806971216036357,1.2930956542410823
47,ortho,gttttgactttgttggttactcaacat,7.0,caa,8.0,,VLTLLVTQH,,False,False,15.0,7.0,9.0,210.0,276.0,385.0,243.0,198.0,True,False,True,True,False,False,1.0,both,0.0012112753283652767,0.0011490850845273953,0.0018467383083877096,0.0024895142741171695,0.002207037296064021,-2.9167571285341465,-2.9396478125887775,-2.7335946417959565,-2.603885379269,-2.656190327763609,Q,non-synonymous,0.11905679105821451,0.21985275632628737,1.2054941868785292,1.3806971216036357,1.2930956542410823
48,ortho,gttttgactttgttggttactcaacat,8.0,cat,9.0,,VLTLLVTQH,,False,False,15.0,7.0,9.0,210.0,276.0,385.0,243.0,198.0,True,False,True,True,False,False,1.0,both,0.0012112753283652767,0.0011490850845273953,0.0018467383083877096,0.0024895142741171695,0.002207037296064021,-2.9167571285341465,-2.9396478125887775,-2.7335946417959565,-2.603885379269,-2.656190327763609,H,non-synonymous,0.11905679105821451,0.21985275632628737,1.2054941868785292,1.3806971216036357,1.2930956542410823
49,single,tagttagttttatctttgagagatcca,0.0,tag,1.0,,*LVLSLRDP,,True,False,2.0,1.0,1.0,5.0,9.0,9.0,195.0,226.0,True,False,True,True,False,False,1.0,both,0.0009720110659721357,0.001311581965167633,4.396995972351689e-05,8.117981328642944e-05,5.159307964824985e-05,-3.0123287907699408,-2.8822045637029077,-4.356843932193857,-4.090551951894893,-4.287408547832785,*,stop,-0.8739434647222278,-0.7912097290546725,0.21249393109808679,0.3696346362226759,0.29106428366038134
50,single,tatttagttttatctttgagagatcca,0.0,tat,1.0,,YLVLSLRDP,,False,False,1.0,1.0,1.0,387.0,440.0,505.0,332.0,236.0,True,False,True,True,False,False,1.0,both,0.001654911148219226,0.0013696165653962892,0.0034032748826002077,0.003968790871780995,0.0028949450247073524,-2.7812253184284224,-2.863400999880202,-2.468102971510964,-2.4013417848480305,-2.5383596791534484,Y,non-synonymous,0.2035315336480234,0.3025502019579272,1.289968929468338,1.4633945672352755,1.3766817483518068
51,ortho,tatttgactagagcttttagagattct,0.0,tat,1.0,,YLTRAFRDS,,False,False,10.0,6.0,7.0,1428.0,1475.0,1914.0,638.0,649.0,True,False,True,True,False,False,1.0,both,0.0031802208209755004,0.0037664455548397954,0.012557820497036425,0.013304469399720381,0.010972128271861134,-2.4975427234112964,-2.4240683060499393,-1.9010857290897203,-1.8760024410200362,-1.959709123831285,Y,non-synonymous,0.38770087157452987,0.35886620752601583,1.4741382673948444,1.5197105728033642,1.4969244200991043
52,ortho,tatttgactagagcttttagagattct,1.0,ttg,2.0,,YLTRAFRDS,,False,False,10.0,6.0,7.0,1428.0,1475.0,1914.0,638.0,649.0,True,False,True,True,False,False,1.0,both,0.0031802208209755004,0.0037664455548397954,0.012557820497036425,0.013304469399720381,0.010972128271861134,-2.4975427234112964,-2.4240683060499393,-1.9010857290897203,-1.8760024410200362,-1.959709123831285,L,synonymous,0.38770087157452987,0.35886620752601583,1.4741382673948444,1.5197105728033642,1.4969244200991043
53,ortho,tatttgactagagcttttagagattct,2.0,act,3.0,,YLTRAFRDS,,False,False,10.0,6.0,7.0,1428.0,1475.0,1914.0,638.0,649.0,True,False,True,True,False,False,1.0,both,0.0031802208209755004,0.0037664455548397954,0.012557820497036425,0.013304469399720381,0.010972128271861134,-2.4975427234112964,-2.4240683060499393,-1.9010857290897203,-1.8760024410200362,-1.959709123831285,T,non-synonymous,0.38770087157452987,0.35886620752601583,1.4741382673948444,1.5197105728033642,1.4969244200991043
54,ortho,tatttgactagagcttttagagattct,3.0,aga,4.0,,YLTRAFRDS,,False,False,10.0,6.0,7.0,1428.0,1475.0,1914.0,638.0,649.0,True,False,True,True,False,False,1.0,both,0.0031802208209755004,0.0037664455548397954,0.012557820497036425,0.013304469399720381,0.010972128271861134,-2.4975427234112964,-2.4240683060499393,-1.9010857290897203,-1.8760024410200362,-1.959709123831285,R,non-synonymous,0.38770087157452987,0.35886620752601583,1.4741382673948444,1.5197105728033642,1.4969244200991043
55,ortho,tatttgactagagcttttagagattct,4.0,gct,5.0,,YLTRAFRDS,,False,False,10.0,6.0,7.0,1428.0,1475.0,1914.0,638.0,649.0,True,False,True,True,False,False,1.0,both,0.0031802208209755004,0.0037664455548397954,0.012557820497036425,0.013304469399720381,0.010972128271861134,-2.4975427234112964,-2.4240683060499393,-1.9010857290897203,-1.8760024410200362,-1.959709123831285,A,non-synonymous,0.38770087157452987,0.35886620752601583,1.4741382673948444,1.5197105728033642,1.4969244200991043
56,ortho,tatttgactagagcttttagagattct,5.0,ttt,6.0,,YLTRAFRDS,,False,False,10.0,6.0,7.0,1428.0,1475.0,1914.0,638.0,649.0,True,False,True,True,False,False,1.0,both,0.0031802208209755004,0.0037664455548397954,0.012557820497036425,0.013304469399720381,0.010972128271861134,-2.4975427234112964,-2.4240683060499393,-1.9010857290897203,-1.8760024410200362,-1.959709123831285,F,non-synonymous,0.38770087157452987,0.35886620752601583,1.4741382673948444,1.5197105728033642,1.4969244200991043
57,ortho,tatttgactagagcttttagagattct,8.0,tct,7.0,,YLTRAFRDS,,False,False,10.0,6.0,7.0,1428.0,1475.0,1914.0,638.0,649.0,True,False,True,True,False,False,1.0,both,0.0031802208209755004,0.0037664455548397954,0.012557820497036425,0.013304469399720381,0.010972128271861134,-2.4975427234112964,-2.4240683060499393,-1.9010857290897203,-1.8760024410200362,-1.959709123831285,S,non-synonymous,0.38770087157452987,0.35886620752601583,1.4741382673948444,1.5197105728033642,1.4969244200991043
58,ortho,tatttgactagatcttttagagatcca,0.0,tat,1.0,,YLTRSFRDP,,False,False,7.0,4.0,5.0,486.0,418.0,610.0,228.0,166.0,True,False,True,True,False,False,1.0,both,0.0011365052463674203,0.000963374363795695,0.004273880085125842,0.0037703513281919453,0.0034968642872702676,-2.944428555132005,-3.0162049148102534,-2.369177667267582,-2.423618179559183,-2.4563212222613426,Y,non-synonymous,0.3739167663759778,0.38801787865072024,1.4603541621962925,1.5488622439280686,1.5046082030621806
59,ortho,tatttgactagatcttttagagatcca,1.0,ttg,2.0,,YLTRSFRDP,,False,False,7.0,4.0,5.0,486.0,418.0,610.0,228.0,166.0,True,False,True,True,False,False,1.0,both,0.0011365052463674203,0.000963374363795695,0.004273880085125842,0.0037703513281919453,0.0034968642872702676,-2.944428555132005,-3.0162049148102534,-2.369177667267582,-2.423618179559183,-2.4563212222613426,L,synonymous,0.3739167663759778,0.38801787865072024,1.4603541621962925,1.5488622439280686,1.5046082030621806
60,ortho,tatttgactagatcttttagagatcca,2.0,act,3.0,,YLTRSFRDP,,False,False,7.0,4.0,5.0,486.0,418.0,610.0,228.0,166.0,True,False,True,True,False,False,1.0,both,0.0011365052463674203,0.000963374363795695,0.004273880085125842,0.0037703513281919453,0.0034968642872702676,-2.944428555132005,-3.0162049148102534,-2.369177667267582,-2.423618179559183,-2.4563212222613426,T,non-synonymous,0.3739167663759778,0.38801787865072024,1.4603541621962925,1.5488622439280686,1.5046082030621806
61,ortho,tatttgactagatcttttagagatcca,3.0,aga,4.0,,YLTRSFRDP,,False,False,7.0,4.0,5.0,486.0,418.0,610.0,228.0,166.0,True,False,True,True,False,False,1.0,both,0.0011365052463674203,0.000963374363795695,0.004273880085125842,0.0037703513281919453,0.0034968642872702676,-2.944428555132005,-3.0162049148102534,-2.369177667267582,-2.423618179559183,-2.4563212222613426,R,non-synonymous,0.3739167663759778,0.38801787865072024,1.4603541621962925,1.5488622439280686,1.5046082030621806
62,ortho,tatttgactagatcttttagagatcca,5.0,ttt,5.0,,YLTRSFRDP,,False,False,7.0,4.0,5.0,486.0,418.0,610.0,228.0,166.0,True,False,True,True,False,False,1.0,both,0.0011365052463674203,0.000963374363795695,0.004273880085125842,0.0037703513281919453,0.0034968642872702676,-2.944428555132005,-3.0162049148102534,-2.369177667267582,-2.423618179559183,-2.4563212222613426,F,non-synonymous,0.3739167663759778,0.38801787865072024,1.4603541621962925,1.5488622439280686,1.5046082030621806
63,ortho,tatttgactttggcttttagagattct,0.0,tat,1.0,,YLTLAFRDS,,False,False,9.0,5.0,7.0,1126.0,1163.0,1492.0,556.0,579.0,True,False,True,True,False,False,1.0,both,0.0027714777060538843,0.0033602033532392013,0.009902034929736004,0.010490235872457494,0.008552986092798753,-2.557288610550401,-2.4736344391228724,-2.0042755460145485,-1.9792147466057695,-2.0678822341354595,Y,non-synonymous,0.359462038594282,0.3237394103537368,1.4458994344145966,1.4845837756310851,1.465241605022841
64,ortho,tatttgactttggcttttagagattct,1.0,ttg,2.0,,YLTLAFRDS,,False,False,9.0,5.0,7.0,1126.0,1163.0,1492.0,556.0,579.0,True,False,True,True,False,False,1.0,both,0.0027714777060538843,0.0033602033532392013,0.009902034929736004,0.010490235872457494,0.008552986092798753,-2.557288610550401,-2.4736344391228724,-2.0042755460145485,-1.9792147466057695,-2.0678822341354595,L,synonymous,0.359462038594282,0.3237394103537368,1.4458994344145966,1.4845837756310851,1.465241605022841
65,ortho,tatttgactttggcttttagagattct,2.0,act,3.0,,YLTLAFRDS,,False,False,9.0,5.0,7.0,1126.0,1163.0,1492.0,556.0,579.0,True,False,True,True,False,False,1.0,both,0.0027714777060538843,0.0033602033532392013,0.009902034929736004,0.010490235872457494,0.008552986092798753,-2.557288610550401,-2.4736344391228724,-2.0042755460145485,-1.9792147466057695,-2.0678822341354595,T,non-synonymous,0.359462038594282,0.3237394103537368,1.4458994344145966,1.4845837756310851,1.465241605022841
66,ortho,tatttgactttggcttttagagattct,3.0,ttg,4.0,,YLTLAFRDS,,False,False,9.0,5.0,7.0,1126.0,1163.0,1492.0,556.0,579.0,True,False,True,True,False,False,1.0,both,0.0027714777060538843,0.0033602033532392013,0.009902034929736004,0.010490235872457494,0.008552986092798753,-2.557288610550401,-2.4736344391228724,-2.0042755460145485,-1.9792147466057695,-2.0678822341354595,L,synonymous,0.359462038594282,0.3237394103537368,1.4458994344145966,1.4845837756310851,1.465241605022841
67,ortho,tatttgactttggcttttagagattct,4.0,gct,5.0,,YLTLAFRDS,,False,False,9.0,5.0,7.0,1126.0,1163.0,1492.0,556.0,579.0,True,False,True,True,False,False,1.0,both,0.0027714777060538843,0.0033602033532392013,0.009902034929736004,0.010490235872457494,0.008552986092798753,-2.557288610550401,-2.4736344391228724,-2.0042755460145485,-1.9792147466057695,-2.0678822341354595,A,non-synonymous,0.359462038594282,0.3237394103537368,1.4458994344145966,1.4845837756310851,1.465241605022841
68,ortho,tatttgactttggcttttagagattct,5.0,ttt,6.0,,YLTLAFRDS,,False,False,9.0,5.0,7.0,1126.0,1163.0,1492.0,556.0,579.0,True,False,True,True,False,False,1.0,both,0.0027714777060538843,0.0033602033532392013,0.009902034929736004,0.010490235872457494,0.008552986092798753,-2.557288610550401,-2.4736344391228724,-2.0042755460145485,-1.9792147466057695,-2.0678822341354595,F,non-synonymous,0.359462038594282,0.3237394103537368,1.4458994344145966,1.4845837756310851,1.465241605022841
69,ortho,tatttgactttggcttttagagattct,8.0,tct,7.0,,YLTLAFRDS,,False,False,9.0,5.0,7.0,1126.0,1163.0,1492.0,556.0,579.0,True,False,True,True,False,False,1.0,both,0.0027714777060538843,0.0033602033532392013,0.009902034929736004,0.010490235872457494,0.008552986092798753,-2.557288610550401,-2.4736344391228724,-2.0042755460145485,-1.9792147466057695,-2.0678822341354595,S,non-synonymous,0.359462038594282,0.3237394103537368,1.4458994344145966,1.4845837756310851,1.465241605022841
70,ortho,tatttgactttgtctattaaagatcca,0.0,tat,1.0,,YLTLSIKDP,,False,False,8.0,4.0,6.0,750.0,669.0,1073.0,714.0,636.0,True,False,True,True,False,False,1.0,both,0.0035590559030979738,0.0036910005745425423,0.006595493958527534,0.006034366120957922,0.006151041606952454,-2.448665190356284,-2.4328558872018946,-2.180752673138176,-2.2193683435663947,-2.2110513353061587,Y,non-synonymous,0.1741448543986494,0.13978879187145968,1.260582250218964,1.3006331571488081,1.280607703683886
71,ortho,tatttgactttgtctattaaagatcca,1.0,ttg,2.0,,YLTLSIKDP,,False,False,8.0,4.0,6.0,750.0,669.0,1073.0,714.0,636.0,True,False,True,True,False,False,1.0,both,0.0035590559030979738,0.0036910005745425423,0.006595493958527534,0.006034366120957922,0.006151041606952454,-2.448665190356284,-2.4328558872018946,-2.180752673138176,-2.2193683435663947,-2.2110513353061587,L,synonymous,0.1741448543986494,0.13978879187145968,1.260582250218964,1.3006331571488081,1.280607703683886
72,ortho,tatttgactttgtctattaaagatcca,2.0,act,3.0,,YLTLSIKDP,,False,False,8.0,4.0,6.0,750.0,669.0,1073.0,714.0,636.0,True,False,True,True,False,False,1.0,both,0.0035590559030979738,0.0036910005745425423,0.006595493958527534,0.006034366120957922,0.006151041606952454,-2.448665190356284,-2.4328558872018946,-2.180752673138176,-2.2193683435663947,-2.2110513353061587,T,non-synonymous,0.1741448543986494,0.13978879187145968,1.260582250218964,1.3006331571488081,1.280607703683886
73,ortho,tatttgactttgtctattaaagatcca,3.0,ttg,4.0,,YLTLSIKDP,,False,False,8.0,4.0,6.0,750.0,669.0,1073.0,714.0,636.0,True,False,True,True,False,False,1.0,both,0.0035590559030979738,0.0036910005745425423,0.006595493958527534,0.006034366120957922,0.006151041606952454,-2.448665190356284,-2.4328558872018946,-2.180752673138176,-2.2193683435663947,-2.2110513353061587,L,synonymous,0.1741448543986494,0.13978879187145968,1.260582250218964,1.3006331571488081,1.280607703683886
74,ortho,tatttgactttgtctattaaagatcca,5.0,att,5.0,,YLTLSIKDP,,False,False,8.0,4.0,6.0,750.0,669.0,1073.0,714.0,636.0,True,False,True,True,False,False,1.0,both,0.0035590559030979738,0.0036910005745425423,0.006595493958527534,0.006034366120957922,0.006151041606952454,-2.448665190356284,-2.4328558872018946,-2.180752673138176,-2.2193683435663947,-2.2110513353061587,I,non-synonymous,0.1741448543986494,0.13978879187145968,1.260582250218964,1.3006331571488081,1.280607703683886
75,ortho,tatttgactttgtctattaaagatcca,6.0,aaa,6.0,,YLTLSIKDP,,False,False,8.0,4.0,6.0,750.0,669.0,1073.0,714.0,636.0,True,False,True,True,False,False,1.0,both,0.0035590559030979738,0.0036910005745425423,0.006595493958527534,0.006034366120957922,0.006151041606952454,-2.448665190356284,-2.4328558872018946,-2.180752673138176,-2.2193683435663947,-2.2110513353061587,K,non-synonymous,0.1741448543986494,0.13978879187145968,1.260582250218964,1.3006331571488081,1.280607703683886
76,ortho,tatttgactttgtctattagagatcca,0.0,tat,1.0,,YLTLSIRDP,,False,False,7.0,3.0,5.0,702.0,727.0,1014.0,727.0,654.0,True,False,True,True,False,False,1.0,both,0.0036238566408294494,0.0037954628549541234,0.006173382345181772,0.0065575249176926895,0.00581282030703615,-2.440828991273421,-2.420735254526041,-2.2094768244000704,-2.1832600504751802,-2.2356131022747925,Y,non-synonymous,0.15038039220157973,0.15549559149163486,1.2368177880218942,1.3163399567689833,1.2765788723954388
77,ortho,tatttgactttgtctattagagatcca,1.0,ttg,2.0,,YLTLSIRDP,,False,False,7.0,3.0,5.0,702.0,727.0,1014.0,727.0,654.0,True,False,True,True,False,False,1.0,both,0.0036238566408294494,0.0037954628549541234,0.006173382345181772,0.0065575249176926895,0.00581282030703615,-2.440828991273421,-2.420735254526041,-2.2094768244000704,-2.1832600504751802,-2.2356131022747925,L,synonymous,0.15038039220157973,0.15549559149163486,1.2368177880218942,1.3163399567689833,1.2765788723954388
78,ortho,tatttgactttgtctattagagatcca,2.0,act,3.0,,YLTLSIRDP,,False,False,7.0,3.0,5.0,702.0,727.0,1014.0,727.0,654.0,True,False,True,True,False,False,1.0,both,0.0036238566408294494,0.0037954628549541234,0.006173382345181772,0.0065575249176926895,0.00581282030703615,-2.440828991273421,-2.420735254526041,-2.2094768244000704,-2.1832600504751802,-2.2356131022747925,T,non-synonymous,0.15038039220157973,0.15549559149163486,1.2368177880218942,1.3163399567689833,1.2765788723954388
79,ortho,tatttgactttgtctattagagatcca,3.0,ttg,4.0,,YLTLSIRDP,,False,False,7.0,3.0,5.0,702.0,727.0,1014.0,727.0,654.0,True,False,True,True,False,False,1.0,both,0.0036238566408294494,0.0037954628549541234,0.006173382345181772,0.0065575249176926895,0.00581282030703615,-2.440828991273421,-2.420735254526041,-2.2094768244000704,-2.1832600504751802,-2.2356131022747925,L,synonymous,0.15038039220157973,0.15549559149163486,1.2368177880218942,1.3163399567689833,1.2765788723954388
80,ortho,tatttgactttgtctattagagatcca,5.0,att,5.0,,YLTLSIRDP,,False,False,7.0,3.0,5.0,702.0,727.0,1014.0,727.0,654.0,True,False,True,True,False,False,1.0,both,0.0036238566408294494,0.0037954628549541234,0.006173382345181772,0.0065575249176926895,0.00581282030703615,-2.440828991273421,-2.420735254526041,-2.2094768244000704,-2.1832600504751802,-2.2356131022747925,I,non-synonymous,0.15038039220157973,0.15549559149163486,1.2368177880218942,1.3163399567689833,1.2765788723954388
81,ortho,tatttgactttgtctttgagagatcca,0.0,tat,1.0,,YLTLSLRDP,,False,False,5.0,2.0,4.0,332.0,345.0,499.0,274.0,250.0,True,False,True,True,False,False,1.0,both,0.0013658001644941803,0.0014508650057164082,0.0029196053256415216,0.003111892842646462,0.002860549638275186,-2.8646128393120707,-2.838372994178271,-2.5346758528258393,-2.506975366260944,-2.5435505116487196,Y,non-synonymous,0.21446115720527562,0.21699474005249358,1.3008985530255903,1.377839105329842,1.3393688291777162
82,ortho,tatttgactttgtctttgagagatcca,1.0,ttg,2.0,,YLTLSLRDP,,False,False,5.0,2.0,4.0,332.0,345.0,499.0,274.0,250.0,True,False,True,True,False,False,1.0,both,0.0013658001644941803,0.0014508650057164082,0.0029196053256415216,0.003111892842646462,0.002860549638275186,-2.8646128393120707,-2.838372994178271,-2.5346758528258393,-2.506975366260944,-2.5435505116487196,L,synonymous,0.21446115720527562,0.21699474005249358,1.3008985530255903,1.377839105329842,1.3393688291777162
83,ortho,tatttgactttgtctttgagagatcca,2.0,act,3.0,,YLTLSLRDP,,False,False,5.0,2.0,4.0,332.0,345.0,499.0,274.0,250.0,True,False,True,True,False,False,1.0,both,0.0013658001644941803,0.0014508650057164082,0.0029196053256415216,0.003111892842646462,0.002860549638275186,-2.8646128393120707,-2.838372994178271,-2.5346758528258393,-2.506975366260944,-2.5435505116487196,T,non-synonymous,0.21446115720527562,0.21699474005249358,1.3008985530255903,1.377839105329842,1.3393688291777162
84,ortho,tatttgactttgtctttgagagatcca,3.0,ttg,4.0,,YLTLSLRDP,,False,False,5.0,2.0,4.0,332.0,345.0,499.0,274.0,250.0,True,False,True,True,False,False,1.0,both,0.0013658001644941803,0.0014508650057164082,0.0029196053256415216,0.003111892842646462,0.002860549638275186,-2.8646128393120707,-2.838372994178271,-2.5346758528258393,-2.506975366260944,-2.5435505116487196,L,synonymous,0.21446115720527562,0.21699474005249358,1.3008985530255903,1.377839105329842,1.3393688291777162
85,ortho,tatttgactttgtcttttaaagatcca,0.0,tat,1.0,,YLTLSFKDP,,False,False,7.0,4.0,6.0,747.0,685.0,912.0,409.0,371.0,True,False,True,True,False,False,1.0,both,0.00203873090247489,0.0021530836684831496,0.006569111982693424,0.0061786857890226855,0.005228098737689318,-2.6906400941251167,-2.666939093235263,-2.182493334714477,-2.2091038898417925,-2.2816562189436933,Y,non-synonymous,0.33029865252122736,0.2997843755599563,1.416736048341542,1.4606287408373047,1.4386823945894234
86,ortho,tatttgactttgtcttttaaagatcca,1.0,ttg,2.0,,YLTLSFKDP,,False,False,7.0,4.0,6.0,747.0,685.0,912.0,409.0,371.0,True,False,True,True,False,False,1.0,both,0.00203873090247489,0.0021530836684831496,0.006569111982693424,0.0061786857890226855,0.005228098737689318,-2.6906400941251167,-2.666939093235263,-2.182493334714477,-2.2091038898417925,-2.2816562189436933,L,synonymous,0.33029865252122736,0.2997843755599563,1.416736048341542,1.4606287408373047,1.4386823945894234
87,ortho,tatttgactttgtcttttaaagatcca,2.0,act,3.0,,YLTLSFKDP,,False,False,7.0,4.0,6.0,747.0,685.0,912.0,409.0,371.0,True,False,True,True,False,False,1.0,both,0.00203873090247489,0.0021530836684831496,0.006569111982693424,0.0061786857890226855,0.005228098737689318,-2.6906400941251167,-2.666939093235263,-2.182493334714477,-2.2091038898417925,-2.2816562189436933,T,non-synonymous,0.33029865252122736,0.2997843755599563,1.416736048341542,1.4606287408373047,1.4386823945894234
88,ortho,tatttgactttgtcttttaaagatcca,3.0,ttg,4.0,,YLTLSFKDP,,False,False,7.0,4.0,6.0,747.0,685.0,912.0,409.0,371.0,True,False,True,True,False,False,1.0,both,0.00203873090247489,0.0021530836684831496,0.006569111982693424,0.0061786857890226855,0.005228098737689318,-2.6906400941251167,-2.666939093235263,-2.182493334714477,-2.2091038898417925,-2.2816562189436933,L,synonymous,0.33029865252122736,0.2997843755599563,1.416736048341542,1.4606287408373047,1.4386823945894234
89,ortho,tatttgactttgtcttttaaagatcca,5.0,ttt,5.0,,YLTLSFKDP,,False,False,7.0,4.0,6.0,747.0,685.0,912.0,409.0,371.0,True,False,True,True,False,False,1.0,both,0.00203873090247489,0.0021530836684831496,0.006569111982693424,0.0061786857890226855,0.005228098737689318,-2.6906400941251167,-2.666939093235263,-2.182493334714477,-2.2091038898417925,-2.2816562189436933,F,non-synonymous,0.33029865252122736,0.2997843755599563,1.416736048341542,1.4606287408373047,1.4386823945894234
90,ortho,tatttgactttgtcttttaaagatcca,6.0,aaa,6.0,,YLTLSFKDP,,False,False,7.0,4.0,6.0,747.0,685.0,912.0,409.0,371.0,True,False,True,True,False,False,1.0,both,0.00203873090247489,0.0021530836684831496,0.006569111982693424,0.0061786857890226855,0.005228098737689318,-2.6906400941251167,-2.666939093235263,-2.182493334714477,-2.2091038898417925,-2.2816562189436933,K,non-synonymous,0.33029865252122736,0.2997843755599563,1.416736048341542,1.4606287408373047,1.4386823945894234
91,ortho,tatttgactttgtcttttagagatcca,0.0,tat,1.0,,YLTLSFRDP,,False,False,6.0,3.0,5.0,848.0,882.0,1374.0,552.0,419.0,True,False,True,True,False,False,1.0,both,0.0027515390175211225,0.0024316497495807,0.007457305169108465,0.007955621702070086,0.007876543492966143,-2.56042432440326,-2.6140989798840133,-2.127418084273162,-2.099325876202398,-2.103664324548578,Y,non-synonymous,0.28145683308919217,0.33706655210964176,1.3678942289095068,1.49791091738699,1.4329025731482483
92,ortho,tatttgactttgtcttttagagatcca,1.0,ttg,2.0,,YLTLSFRDP,,False,False,6.0,3.0,5.0,848.0,882.0,1374.0,552.0,419.0,True,False,True,True,False,False,1.0,both,0.0027515390175211225,0.0024316497495807,0.007457305169108465,0.007955621702070086,0.007876543492966143,-2.56042432440326,-2.6140989798840133,-2.127418084273162,-2.099325876202398,-2.103664324548578,L,synonymous,0.28145683308919217,0.33706655210964176,1.3678942289095068,1.49791091738699,1.4329025731482483
93,ortho,tatttgactttgtcttttagagatcca,2.0,act,3.0,,YLTLSFRDP,,False,False,6.0,3.0,5.0,848.0,882.0,1374.0,552.0,419.0,True,False,True,True,False,False,1.0,both,0.0027515390175211225,0.0024316497495807,0.007457305169108465,0.007955621702070086,0.007876543492966143,-2.56042432440326,-2.6140989798840133,-2.127418084273162,-2.099325876202398,-2.103664324548578,T,non-synonymous,0.28145683308919217,0.33706655210964176,1.3678942289095068,1.49791091738699,1.4329025731482483
94,ortho,tatttgactttgtcttttagagatcca,3.0,ttg,4.0,,YLTLSFRDP,,False,False,6.0,3.0,5.0,848.0,882.0,1374.0,552.0,419.0,True,False,True,True,False,False,1.0,both,0.0027515390175211225,0.0024316497495807,0.007457305169108465,0.007955621702070086,0.007876543492966143,-2.56042432440326,-2.6140989798840133,-2.127418084273162,-2.099325876202398,-2.103664324548578,L,synonymous,0.28145683308919217,0.33706655210964176,1.3678942289095068,1.49791091738699,1.4329025731482483
95,ortho,tatttgactttgtcttttagagatcca,5.0,ttt,5.0,,YLTLSFRDP,,False,False,6.0,3.0,5.0,848.0,882.0,1374.0,552.0,419.0,True,False,True,True,False,False,1.0,both,0.0027515390175211225,0.0024316497495807,0.007457305169108465,0.007955621702070086,0.007876543492966143,-2.56042432440326,-2.6140989798840133,-2.127418084273162,-2.099325876202398,-2.103664324548578,F,non-synonymous,0.28145683308919217,0.33706655210964176,1.3678942289095068,1.49791091738699,1.4329025731482483
96,ortho,tatttgactttgtcttttagagatgct,0.0,tat,1.0,,YLTLSFRDA,,False,False,8.0,4.0,6.0,957.0,876.0,1284.0,476.0,365.0,True,False,True,True,False,False,1.0,both,0.002372703935398649,0.002118262908345956,0.008415850291081134,0.007901501826545799,0.007360612696483645,-2.6247564494119655,-2.674020138393834,-2.0749019987530324,-2.1022903551661374,-2.1330860335392754,Y,non-synonymous,0.35740891931710433,0.3743610250665767,1.443846315137419,1.5352053903439251,1.489525852740672
97,ortho,tatttgactttgtcttttagagatgct,1.0,ttg,2.0,,YLTLSFRDA,,False,False,8.0,4.0,6.0,957.0,876.0,1284.0,476.0,365.0,True,False,True,True,False,False,1.0,both,0.002372703935398649,0.002118262908345956,0.008415850291081134,0.007901501826545799,0.007360612696483645,-2.6247564494119655,-2.674020138393834,-2.0749019987530324,-2.1022903551661374,-2.1330860335392754,L,synonymous,0.35740891931710433,0.3743610250665767,1.443846315137419,1.5352053903439251,1.489525852740672
98,ortho,tatttgactttgtcttttagagatgct,2.0,act,3.0,,YLTLSFRDA,,False,False,8.0,4.0,6.0,957.0,876.0,1284.0,476.0,365.0,True,False,True,True,False,False,1.0,both,0.002372703935398649,0.002118262908345956,0.008415850291081134,0.007901501826545799,0.007360612696483645,-2.6247564494119655,-2.674020138393834,-2.0749019987530324,-2.1022903551661374,-2.1330860335392754,T,non-synonymous,0.35740891931710433,0.3743610250665767,1.443846315137419,1.5352053903439251,1.489525852740672
99,ortho,tatttgactttgtcttttagagatgct,3.0,ttg,4.0,,YLTLSFRDA,,False,False,8.0,4.0,6.0,957.0,876.0,1284.0,476.0,365.0,True,False,True,True,False,False,1.0,both,0.002372703935398649,0.002118262908345956,0.008415850291081134,0.007901501826545799,0.007360612696483645,-2.6247564494119655,-2.674020138393834,-2.0749019987530324,-2.1022903551661374,-2.1330860335392754,L,synonymous,0.35740891931710433,0.3743610250665767,1.443846315137419,1.5352053903439251,1.489525852740672
100,ortho,tatttgactttgtcttttagagatgct,5.0,ttt,5.0,,YLTLSFRDA,,False,False,8.0,4.0,6.0,957.0,876.0,1284.0,476.0,365.0,True,False,True,True,False,False,1.0,both,0.002372703935398649,0.002118262908345956,0.008415850291081134,0.007901501826545799,0.007360612696483645,-2.6247564494119655,-2.674020138393834,-2.0749019987530324,-2.1022903551661374,-2.1330860335392754,F,non-synonymous,0.35740891931710433,0.3743610250665767,1.443846315137419,1.5352053903439251,1.489525852740672
101,ortho,tatttgactttgtcttttagagatgct,8.0,gct,6.0,,YLTLSFRDA,,False,False,8.0,4.0,6.0,957.0,876.0,1284.0,476.0,365.0,True,False,True,True,False,False,1.0,both,0.002372703935398649,0.002118262908345956,0.008415850291081134,0.007901501826545799,0.007360612696483645,-2.6247564494119655,-2.674020138393834,-2.0749019987530324,-2.1022903551661374,-2.1330860335392754,A,non-synonymous,0.35740891931710433,0.3743610250665767,1.443846315137419,1.5352053903439251,1.489525852740672
102,ortho,tatttgactttgtcttttagagatgtt,0.0,tat,1.0,,YLTLSFRDV,,False,False,9.0,4.0,6.0,871.0,828.0,1130.0,586.0,516.0,True,False,True,True,False,False,1.0,both,0.0029210178700495976,0.002994585371798666,0.007659566983836643,0.007468542822351509,0.006477797778058037,-2.5344657861143682,-2.523663301223097,-2.1157957815222126,-2.1267641245493376,-2.18857261378869,Y,non-synonymous,0.2721381880467612,0.25988427922862667,1.3585755838670759,1.420728644505975,1.3896521141865255
103,ortho,tatttgactttgtcttttagagatgtt,1.0,ttg,2.0,,YLTLSFRDV,,False,False,9.0,4.0,6.0,871.0,828.0,1130.0,586.0,516.0,True,False,True,True,False,False,1.0,both,0.0029210178700495976,0.002994585371798666,0.007659566983836643,0.007468542822351509,0.006477797778058037,-2.5344657861143682,-2.523663301223097,-2.1157957815222126,-2.1267641245493376,-2.18857261378869,L,synonymous,0.2721381880467612,0.25988427922862667,1.3585755838670759,1.420728644505975,1.3896521141865255
104,ortho,tatttgactttgtcttttagagatgtt,2.0,act,3.0,,YLTLSFRDV,,False,False,9.0,4.0,6.0,871.0,828.0,1130.0,586.0,516.0,True,False,True,True,False,False,1.0,both,0.0029210178700495976,0.002994585371798666,0.007659566983836643,0.007468542822351509,0.006477797778058037,-2.5344657861143682,-2.523663301223097,-2.1157957815222126,-2.1267641245493376,-2.18857261378869,T,non-synonymous,0.2721381880467612,0.25988427922862667,1.3585755838670759,1.420728644505975,1.3896521141865255
105,ortho,tatttgactttgtcttttagagatgtt,3.0,ttg,4.0,,YLTLSFRDV,,False,False,9.0,4.0,6.0,871.0,828.0,1130.0,586.0,516.0,True,False,True,True,False,False,1.0,both,0.0029210178700495976,0.002994585371798666,0.007659566983836643,0.007468542822351509,0.006477797778058037,-2.5344657861143682,-2.523663301223097,-2.1157957815222126,-2.1267641245493376,-2.18857261378869,L,synonymous,0.2721381880467612,0.25988427922862667,1.3585755838670759,1.420728644505975,1.3896521141865255
106,ortho,tatttgactttgtcttttagagatgtt,5.0,ttt,5.0,,YLTLSFRDV,,False,False,9.0,4.0,6.0,871.0,828.0,1130.0,586.0,516.0,True,False,True,True,False,False,1.0,both,0.0029210178700495976,0.002994585371798666,0.007659566983836643,0.007468542822351509,0.006477797778058037,-2.5344657861143682,-2.523663301223097,-2.1157957815222126,-2.1267641245493376,-2.18857261378869,F,non-synonymous,0.2721381880467612,0.25988427922862667,1.3585755838670759,1.420728644505975,1.3896521141865255
107,ortho,tatttgactttgtcttttagagatgtt,8.0,gtt,6.0,,YLTLSFRDV,,False,False,9.0,4.0,6.0,871.0,828.0,1130.0,586.0,516.0,True,False,True,True,False,False,1.0,both,0.0029210178700495976,0.002994585371798666,0.007659566983836643,0.007468542822351509,0.006477797778058037,-2.5344657861143682,-2.523663301223097,-2.1157957815222126,-2.1267641245493376,-2.18857261378869,V,non-synonymous,0.2721381880467612,0.25988427922862667,1.3585755838670759,1.420728644505975,1.3896521141865255
108,ortho,tatttgactttgtctttttctgatcca,0.0,tat,1.0,,YLTLSFSDP,,False,False,9.0,4.0,6.0,1905.0,1761.0,2656.0,888.0,775.0,True,False,True,True,False,False,1.0,both,0.0044263888542731104,0.004497681517720865,0.016752554654659937,0.015884183466378026,0.015225691060639066,-2.3539504363538577,-2.3470113003439983,-1.7759189565182376,-1.7990351053669411,-1.8174229865761298,Y,non-synonymous,0.37572416899006333,0.35880749277319735,1.462161564810378,1.5196518580505458,1.490906711430462
109,ortho,tatttgactttgtctttttctgatcca,1.0,ttg,2.0,,YLTLSFSDP,,False,False,9.0,4.0,6.0,1905.0,1761.0,2656.0,888.0,775.0,True,False,True,True,False,False,1.0,both,0.0044263888542731104,0.004497681517720865,0.016752554654659937,0.015884183466378026,0.015225691060639066,-2.3539504363538577,-2.3470113003439983,-1.7759189565182376,-1.7990351053669411,-1.8174229865761298,L,synonymous,0.37572416899006333,0.35880749277319735,1.462161564810378,1.5196518580505458,1.490906711430462
110,ortho,tatttgactttgtctttttctgatcca,2.0,act,3.0,,YLTLSFSDP,,False,False,9.0,4.0,6.0,1905.0,1761.0,2656.0,888.0,775.0,True,False,True,True,False,False,1.0,both,0.0044263888542731104,0.004497681517720865,0.016752554654659937,0.015884183466378026,0.015225691060639066,-2.3539504363538577,-2.3470113003439983,-1.7759189565182376,-1.7990351053669411,-1.8174229865761298,T,non-synonymous,0.37572416899006333,0.35880749277319735,1.462161564810378,1.5196518580505458,1.490906711430462
111,ortho,tatttgactttgtctttttctgatcca,3.0,ttg,4.0,,YLTLSFSDP,,False,False,9.0,4.0,6.0,1905.0,1761.0,2656.0,888.0,775.0,True,False,True,True,False,False,1.0,both,0.0044263888542731104,0.004497681517720865,0.016752554654659937,0.015884183466378026,0.015225691060639066,-2.3539504363538577,-2.3470113003439983,-1.7759189565182376,-1.7990351053669411,-1.8174229865761298,L,synonymous,0.37572416899006333,0.35880749277319735,1.462161564810378,1.5196518580505458,1.490906711430462
112,ortho,tatttgactttgtctttttctgatcca,5.0,ttt,5.0,,YLTLSFSDP,,False,False,9.0,4.0,6.0,1905.0,1761.0,2656.0,888.0,775.0,True,False,True,True,False,False,1.0,both,0.0044263888542731104,0.004497681517720865,0.016752554654659937,0.015884183466378026,0.015225691060639066,-2.3539504363538577,-2.3470113003439983,-1.7759189565182376,-1.7990351053669411,-1.8174229865761298,F,non-synonymous,0.37572416899006333,0.35880749277319735,1.462161564810378,1.5196518580505458,1.490906711430462
113,ortho,tatttgactttgtctttttctgatcca,6.0,tct,6.0,,YLTLSFSDP,,False,False,9.0,4.0,6.0,1905.0,1761.0,2656.0,888.0,775.0,True,False,True,True,False,False,1.0,both,0.0044263888542731104,0.004497681517720865,0.016752554654659937,0.015884183466378026,0.015225691060639066,-2.3539504363538577,-2.3470113003439983,-1.7759189565182376,-1.7990351053669411,-1.8174229865761298,S,non-synonymous,0.37572416899006333,0.35880749277319735,1.462161564810378,1.5196518580505458,1.490906711430462
114,ortho,tatttgattttgtctattagagatcca,0.0,tat,1.0,,YLILSIRDP,,False,False,6.0,3.0,5.0,741.0,757.0,1224.0,708.0,626.0,True,False,True,True,False,False,1.0,both,0.003529147870298831,0.003632965974313886,0.006516348031025203,0.006828124295314121,0.007016658832161979,-2.4523301444426897,-2.439738669639879,-2.1859957285505476,-2.165698581834145,-2.153869639462567,Y,non-synonymous,0.1731190784159131,0.17943778895183385,1.2595564742362277,1.3402821542291823,1.299919314232705
115,ortho,tatttgattttgtctattagagatcca,1.0,ttg,2.0,,YLILSIRDP,,False,False,6.0,3.0,5.0,741.0,757.0,1224.0,708.0,626.0,True,False,True,True,False,False,1.0,both,0.003529147870298831,0.003632965974313886,0.006516348031025203,0.006828124295314121,0.007016658832161979,-2.4523301444426897,-2.439738669639879,-2.1859957285505476,-2.165698581834145,-2.153869639462567,L,synonymous,0.1731190784159131,0.17943778895183385,1.2595564742362277,1.3402821542291823,1.299919314232705
116,ortho,tatttgattttgtctattagagatcca,2.0,att,3.0,,YLILSIRDP,,False,False,6.0,3.0,5.0,741.0,757.0,1224.0,708.0,626.0,True,False,True,True,False,False,1.0,both,0.003529147870298831,0.003632965974313886,0.006516348031025203,0.006828124295314121,0.007016658832161979,-2.4523301444426897,-2.439738669639879,-2.1859957285505476,-2.165698581834145,-2.153869639462567,I,non-synonymous,0.1731190784159131,0.17943778895183385,1.2595564742362277,1.3402821542291823,1.299919314232705
117,ortho,tatttgattttgtctattagagatcca,3.0,ttg,4.0,,YLILSIRDP,,False,False,6.0,3.0,5.0,741.0,757.0,1224.0,708.0,626.0,True,False,True,True,False,False,1.0,both,0.003529147870298831,0.003632965974313886,0.006516348031025203,0.006828124295314121,0.007016658832161979,-2.4523301444426897,-2.439738669639879,-2.1859957285505476,-2.165698581834145,-2.153869639462567,L,synonymous,0.1731190784159131,0.17943778895183385,1.2595564742362277,1.3402821542291823,1.299919314232705
118,ortho,tatttgattttgtctattagagatcca,5.0,att,5.0,,YLILSIRDP,,False,False,6.0,3.0,5.0,741.0,757.0,1224.0,708.0,626.0,True,False,True,True,False,False,1.0,both,0.003529147870298831,0.003632965974313886,0.006516348031025203,0.006828124295314121,0.007016658832161979,-2.4523301444426897,-2.439738669639879,-2.1859957285505476,-2.165698581834145,-2.153869639462567,I,non-synonymous,0.1731190784159131,0.17943778895183385,1.2595564742362277,1.3402821542291823,1.299919314232705
119,ortho,tatttgattttgtctttgagagatcca,0.0,tat,1.0,,YLILSLRDP,,False,False,4.0,2.0,4.0,282.0,298.0,423.0,703.0,741.0,True,False,True,True,False,False,1.0,both,0.003504224509632879,0.004300363876943433,0.0024799057284063527,0.0026879538177062194,0.0024248747434677427,-2.4554080771126348,-2.3664947948709805,-2.6055648282105146,-2.5705781972579627,-2.6153106898970675,Y,non-synonymous,-0.09760285121589342,-0.13363108579956207,0.9888345446044212,1.0272132794777864,1.0080239120411039
120,ortho,tatttgattttgtctttgagagatcca,1.0,ttg,2.0,,YLILSLRDP,,False,False,4.0,2.0,4.0,282.0,298.0,423.0,703.0,741.0,True,False,True,True,False,False,1.0,both,0.003504224509632879,0.004300363876943433,0.0024799057284063527,0.0026879538177062194,0.0024248747434677427,-2.4554080771126348,-2.3664947948709805,-2.6055648282105146,-2.5705781972579627,-2.6153106898970675,L,synonymous,-0.09760285121589342,-0.13363108579956207,0.9888345446044212,1.0272132794777864,1.0080239120411039
121,ortho,tatttgattttgtctttgagagatcca,2.0,att,3.0,,YLILSLRDP,,False,False,4.0,2.0,4.0,282.0,298.0,423.0,703.0,741.0,True,False,True,True,False,False,1.0,both,0.003504224509632879,0.004300363876943433,0.0024799057284063527,0.0026879538177062194,0.0024248747434677427,-2.4554080771126348,-2.3664947948709805,-2.6055648282105146,-2.5705781972579627,-2.6153106898970675,I,non-synonymous,-0.09760285121589342,-0.13363108579956207,0.9888345446044212,1.0272132794777864,1.0080239120411039
122,ortho,tatttgattttgtctttgagagatcca,3.0,ttg,4.0,,YLILSLRDP,,False,False,4.0,2.0,4.0,282.0,298.0,423.0,703.0,741.0,True,False,True,True,False,False,1.0,both,0.003504224509632879,0.004300363876943433,0.0024799057284063527,0.0026879538177062194,0.0024248747434677427,-2.4554080771126348,-2.3664947948709805,-2.6055648282105146,-2.5705781972579627,-2.6153106898970675,L,synonymous,-0.09760285121589342,-0.13363108579956207,0.9888345446044212,1.0272132794777864,1.0080239120411039
123,ortho,tatttgattttgtcttttagagatcca,0.0,tat,1.0,,YLILSFRDP,,False,False,5.0,3.0,5.0,869.0,879.0,1223.0,377.0,426.0,True,False,True,True,False,False,1.0,both,0.0018792213942127956,0.0024722739697407596,0.007641978999947236,0.007928561764307942,0.007010926267756618,-2.726022051926666,-2.6069034037475896,-2.1167941600812092,-2.1008055862604462,-2.1542246002358243,Y,non-synonymous,0.3960020368688176,0.3313860905913114,1.4824394326891321,1.4922304558686599,1.4873349442788961
124,ortho,tatttgattttgtcttttagagatcca,1.0,ttg,2.0,,YLILSFRDP,,False,False,5.0,3.0,5.0,869.0,879.0,1223.0,377.0,426.0,True,False,True,True,False,False,1.0,both,0.0018792213942127956,0.0024722739697407596,0.007641978999947236,0.007928561764307942,0.007010926267756618,-2.726022051926666,-2.6069034037475896,-2.1167941600812092,-2.1008055862604462,-2.1542246002358243,L,synonymous,0.3960020368688176,0.3313860905913114,1.4824394326891321,1.4922304558686599,1.4873349442788961
125,ortho,tatttgattttgtcttttagagatcca,2.0,att,3.0,,YLILSFRDP,,False,False,5.0,3.0,5.0,869.0,879.0,1223.0,377.0,426.0,True,False,True,True,False,False,1.0,both,0.0018792213942127956,0.0024722739697407596,0.007641978999947236,0.007928561764307942,0.007010926267756618,-2.726022051926666,-2.6069034037475896,-2.1167941600812092,-2.1008055862604462,-2.1542246002358243,I,non-synonymous,0.3960020368688176,0.3313860905913114,1.4824394326891321,1.4922304558686599,1.4873349442788961
126,ortho,tatttgattttgtcttttagagatcca,3.0,ttg,4.0,,YLILSFRDP,,False,False,5.0,3.0,5.0,869.0,879.0,1223.0,377.0,426.0,True,False,True,True,False,False,1.0,both,0.0018792213942127956,0.0024722739697407596,0.007641978999947236,0.007928561764307942,0.007010926267756618,-2.726022051926666,-2.6069034037475896,-2.1167941600812092,-2.1008055862604462,-2.1542246002358243,L,synonymous,0.3960020368688176,0.3313860905913114,1.4824394326891321,1.4922304558686599,1.4873349442788961
127,ortho,tatttgattttgtcttttagagatcca,5.0,ttt,5.0,,YLILSFRDP,,False,False,5.0,3.0,5.0,869.0,879.0,1223.0,377.0,426.0,True,False,True,True,False,False,1.0,both,0.0018792213942127956,0.0024722739697407596,0.007641978999947236,0.007928561764307942,0.007010926267756618,-2.726022051926666,-2.6069034037475896,-2.1167941600812092,-2.1008055862604462,-2.1542246002358243,F,non-synonymous,0.3960020368688176,0.3313860905913114,1.4824394326891321,1.4922304558686599,1.4873349442788961
128,ortho,tatttggctttgtcttttaaagatcca,0.0,tat,1.0,,YLALSFKDP,,False,False,6.0,4.0,6.0,1114.0,1010.0,1320.0,523.0,482.0,True,False,True,True,False,False,1.0,both,0.0026069835256585998,0.002797267731021235,0.009796507026399564,0.009110179046588193,0.007566985015076644,-2.5838617132651844,-2.553265964611459,-2.008928745692166,-2.0404730875515753,-2.1210771260662598,Y,non-synonymous,0.37371011614764305,0.33576992616899126,1.4601475119679577,1.4966142914463396,1.4783809017071485
129,ortho,tatttggctttgtcttttaaagatcca,1.0,ttg,2.0,,YLALSFKDP,,False,False,6.0,4.0,6.0,1114.0,1010.0,1320.0,523.0,482.0,True,False,True,True,False,False,1.0,both,0.0026069835256585998,0.002797267731021235,0.009796507026399564,0.009110179046588193,0.007566985015076644,-2.5838617132651844,-2.553265964611459,-2.008928745692166,-2.0404730875515753,-2.1210771260662598,L,synonymous,0.37371011614764305,0.33576992616899126,1.4601475119679577,1.4966142914463396,1.4783809017071485
130,ortho,tatttggctttgtcttttaaagatcca,2.0,gct,3.0,,YLALSFKDP,,False,False,6.0,4.0,6.0,1114.0,1010.0,1320.0,523.0,482.0,True,False,True,True,False,False,1.0,both,0.0026069835256585998,0.002797267731021235,0.009796507026399564,0.009110179046588193,0.007566985015076644,-2.5838617132651844,-2.553265964611459,-2.008928745692166,-2.0404730875515753,-2.1210771260662598,A,non-synonymous,0.37371011614764305,0.33576992616899126,1.4601475119679577,1.4966142914463396,1.4783809017071485
131,ortho,tatttggctttgtcttttaaagatcca,3.0,ttg,4.0,,YLALSFKDP,,False,False,6.0,4.0,6.0,1114.0,1010.0,1320.0,523.0,482.0,True,False,True,True,False,False,1.0,both,0.0026069835256585998,0.002797267731021235,0.009796507026399564,0.009110179046588193,0.007566985015076644,-2.5838617132651844,-2.553265964611459,-2.008928745692166,-2.0404730875515753,-2.1210771260662598,L,synonymous,0.37371011614764305,0.33576992616899126,1.4601475119679577,1.4966142914463396,1.4783809017071485
132,ortho,tatttggctttgtcttttaaagatcca,5.0,ttt,5.0,,YLALSFKDP,,False,False,6.0,4.0,6.0,1114.0,1010.0,1320.0,523.0,482.0,True,False,True,True,False,False,1.0,both,0.0026069835256585998,0.002797267731021235,0.009796507026399564,0.009110179046588193,0.007566985015076644,-2.5838617132651844,-2.553265964611459,-2.008928745692166,-2.0404730875515753,-2.1210771260662598,F,non-synonymous,0.37371011614764305,0.33576992616899126,1.4601475119679577,1.4966142914463396,1.4783809017071485
133,ortho,tatttggctttgtcttttaaagatcca,6.0,aaa,6.0,,YLALSFKDP,,False,False,6.0,4.0,6.0,1114.0,1010.0,1320.0,523.0,482.0,True,False,True,True,False,False,1.0,both,0.0026069835256585998,0.002797267731021235,0.009796507026399564,0.009110179046588193,0.007566985015076644,-2.5838617132651844,-2.553265964611459,-2.008928745692166,-2.0404730875515753,-2.1210771260662598,K,non-synonymous,0.37371011614764305,0.33576992616899126,1.4601475119679577,1.4966142914463396,1.4783809017071485
134,ortho,tatttggctttgtcttttagagatcca,0.0,tat,1.0,,YLALSFRDP,,False,False,5.0,3.0,5.0,521.0,501.0,725.0,291.0,240.0,True,False,True,True,False,False,1.0,both,0.001450539590758418,0.0013928304054877517,0.00458166980319046,0.0045190096062779055,0.004156109193886794,-2.8384704131465512,-2.8561017611387025,-2.3389762132303513,-2.344956735466972,-2.3813130507011158,Y,non-synonymous,0.3246744333582676,0.3346909350915214,1.4111118291785822,1.4955353003688698,1.4533235647737262
135,ortho,tatttggctttgtcttttagagatcca,1.0,ttg,2.0,,YLALSFRDP,,False,False,5.0,3.0,5.0,521.0,501.0,725.0,291.0,240.0,True,False,True,True,False,False,1.0,both,0.001450539590758418,0.0013928304054877517,0.00458166980319046,0.0045190096062779055,0.004156109193886794,-2.8384704131465512,-2.8561017611387025,-2.3389762132303513,-2.344956735466972,-2.3813130507011158,L,synonymous,0.3246744333582676,0.3346909350915214,1.4111118291785822,1.4955353003688698,1.4533235647737262
136,ortho,tatttggctttgtcttttagagatcca,2.0,gct,3.0,,YLALSFRDP,,False,False,5.0,3.0,5.0,521.0,501.0,725.0,291.0,240.0,True,False,True,True,False,False,1.0,both,0.001450539590758418,0.0013928304054877517,0.00458166980319046,0.0045190096062779055,0.004156109193886794,-2.8384704131465512,-2.8561017611387025,-2.3389762132303513,-2.344956735466972,-2.3813130507011158,A,non-synonymous,0.3246744333582676,0.3346909350915214,1.4111118291785822,1.4955353003688698,1.4533235647737262
137,ortho,tatttggctttgtcttttagagatcca,3.0,ttg,4.0,,YLALSFRDP,,False,False,5.0,3.0,5.0,521.0,501.0,725.0,291.0,240.0,True,False,True,True,False,False,1.0,both,0.001450539590758418,0.0013928304054877517,0.00458166980319046,0.0045190096062779055,0.004156109193886794,-2.8384704131465512,-2.8561017611387025,-2.3389762132303513,-2.344956735466972,-2.3813130507011158,L,synonymous,0.3246744333582676,0.3346909350915214,1.4111118291785822,1.4955353003688698,1.4533235647737262
138,ortho,tatttggctttgtcttttagagatcca,5.0,ttt,5.0,,YLALSFRDP,,False,False,5.0,3.0,5.0,521.0,501.0,725.0,291.0,240.0,True,False,True,True,False,False,1.0,both,0.001450539590758418,0.0013928304054877517,0.00458166980319046,0.0045190096062779055,0.004156109193886794,-2.8384704131465512,-2.8561017611387025,-2.3389762132303513,-2.344956735466972,-2.3813130507011158,F,non-synonymous,0.3246744333582676,0.3346909350915214,1.4111118291785822,1.4955353003688698,1.4533235647737262
139,single,tcgttagttttatctttgagagatcca,0.0,tcg,1.0,,SLVLSLRDP,,False,False,2.0,1.0,1.0,1428.0,1371.0,2152.0,607.0,567.0,True,False,True,True,False,False,1.0,both,0.0030256959848465968,0.0032905618329648135,0.012557820497036425,0.012366391557299418,0.012336478600337075,-2.519174711057201,-2.482729943957402,-1.9010857290897203,-1.9077570065447054,-1.9088087902777582,S,non-synonymous,0.40176180227707947,0.37648459910585685,1.488199198097394,1.5373289643832053,1.5127640812402996
140,single,tctttagttttatctttgagagatcca,0.0,tct,1.0,,SLVLSLRDP,,False,False,1.0,1.0,1.0,1645.0,1594.0,2509.0,879.0,706.0,True,False,True,True,False,False,1.0,both,0.004381526805074396,0.004097242776143137,0.014466116749037057,0.014377846930952058,0.014383004093050985,-2.358374527058687,-2.387508301798505,-1.8396480342438828,-1.8423061442741244,-1.8421503959574992,S,non-synonymous,0.3371755470850779,0.35699109010392516,1.4236129429053925,1.5178354553812734,1.470724199143333
141,ortho,tctttgactttgtcttttagagatgtt,0.0,tct,1.0,,SLTLSFRDV,,False,False,9.0,4.0,6.0,789.0,750.0,978.0,364.0,384.0,True,False,True,True,False,False,1.0,both,0.00181442065648132,0.0022285286487804027,0.0069384596443709656,0.006764984440535787,0.00560644798844315,-2.7412620184834027,-2.6519817784827775,-2.1587369333204554,-2.169733197942518,-2.2513122024845083,S,non-synonymous,0.37864504127172427,0.31576992880927723,1.4650824370920388,1.4766142940866256,1.4708483655893323
142,ortho,tctttgactttgtcttttagagatgtt,1.0,ttg,2.0,,SLTLSFRDV,,False,False,9.0,4.0,6.0,789.0,750.0,978.0,364.0,384.0,True,False,True,True,False,False,1.0,both,0.00181442065648132,0.0022285286487804027,0.0069384596443709656,0.006764984440535787,0.00560644798844315,-2.7412620184834027,-2.6519817784827775,-2.1587369333204554,-2.169733197942518,-2.2513122024845083,L,synonymous,0.37864504127172427,0.31576992880927723,1.4650824370920388,1.4766142940866256,1.4708483655893323
143,ortho,tctttgactttgtcttttagagatgtt,2.0,act,3.0,,SLTLSFRDV,,False,False,9.0,4.0,6.0,789.0,750.0,978.0,364.0,384.0,True,False,True,True,False,False,1.0,both,0.00181442065648132,0.0022285286487804027,0.0069384596443709656,0.006764984440535787,0.00560644798844315,-2.7412620184834027,-2.6519817784827775,-2.1587369333204554,-2.169733197942518,-2.2513122024845083,T,non-synonymous,0.37864504127172427,0.31576992880927723,1.4650824370920388,1.4766142940866256,1.4708483655893323
144,ortho,tctttgactttgtcttttagagatgtt,3.0,ttg,4.0,,SLTLSFRDV,,False,False,9.0,4.0,6.0,789.0,750.0,978.0,364.0,384.0,True,False,True,True,False,False,1.0,both,0.00181442065648132,0.0022285286487804027,0.0069384596443709656,0.006764984440535787,0.00560644798844315,-2.7412620184834027,-2.6519817784827775,-2.1587369333204554,-2.169733197942518,-2.2513122024845083,L,synonymous,0.37864504127172427,0.31576992880927723,1.4650824370920388,1.4766142940866256,1.4708483655893323
145,ortho,tctttgactttgtcttttagagatgtt,5.0,ttt,5.0,,SLTLSFRDV,,False,False,9.0,4.0,6.0,789.0,750.0,978.0,364.0,384.0,True,False,True,True,False,False,1.0,both,0.00181442065648132,0.0022285286487804027,0.0069384596443709656,0.006764984440535787,0.00560644798844315,-2.7412620184834027,-2.6519817784827775,-2.1587369333204554,-2.169733197942518,-2.2513122024845083,F,non-synonymous,0.37864504127172427,0.31576992880927723,1.4650824370920388,1.4766142940866256,1.4708483655893323
146,ortho,tctttgactttgtcttttagagatgtt,8.0,gtt,6.0,,SLTLSFRDV,,False,False,9.0,4.0,6.0,789.0,750.0,978.0,364.0,384.0,True,False,True,True,False,False,1.0,both,0.00181442065648132,0.0022285286487804027,0.0069384596443709656,0.006764984440535787,0.00560644798844315,-2.7412620184834027,-2.6519817784827775,-2.1587369333204554,-2.169733197942518,-2.2513122024845083,V,non-synonymous,0.37864504127172427,0.31576992880927723,1.4650824370920388,1.4766142940866256,1.4708483655893323
147,single,tggttagttttatctttgagagatcca,0.0,tgg,1.0,,WLVLSLRDP,,False,False,2.0,1.0,1.0,2434.0,2233.0,4052.0,1605.0,1362.0,True,False,True,True,False,False,1.0,both,0.008000398773770656,0.00790431255114299,0.021404576393408023,0.020141613674288548,0.023228350970523153,-2.096888365391568,-2.102135895273542,-1.6694933626358295,-1.69590573826278,-1.6339816205838669,W,non-synonymous,0.2778094928092357,0.26599408051292545,1.3642468886295505,1.4268384457902739,1.395542667209912
148,ortho,ttgcaaattagaccattgattgctcca,0.0,ttg,1.0,,LQIRPLIAP,,False,False,11.0,7.0,7.0,2395.0,2187.0,3032.0,962.0,723.0,True,False,True,True,False,False,1.0,both,0.004795254592129203,0.004195901596531853,0.02106161070756459,0.019726694628602354,0.017381135277054836,-2.319188330094646,-2.3771747055557775,-1.6765084187792938,-1.7049456782965808,-1.7599218603120939,L,non-synonymous,0.417746064062527,0.44016658762035527,1.5041834598828416,1.6010109528977037,1.5525972063902727
149,ortho,ttgcaaattagaccattgattgctcca,1.0,caa,2.0,,LQIRPLIAP,,False,False,11.0,7.0,7.0,2395.0,2187.0,3032.0,962.0,723.0,True,False,True,True,False,False,1.0,both,0.004795254592129203,0.004195901596531853,0.02106161070756459,0.019726694628602354,0.017381135277054836,-2.319188330094646,-2.3771747055557775,-1.6765084187792938,-1.7049456782965808,-1.7599218603120939,Q,non-synonymous,0.417746064062527,0.44016658762035527,1.5041834598828416,1.6010109528977037,1.5525972063902727
150,ortho,ttgcaaattagaccattgattgctcca,2.0,att,3.0,,LQIRPLIAP,,False,False,11.0,7.0,7.0,2395.0,2187.0,3032.0,962.0,723.0,True,False,True,True,False,False,1.0,both,0.004795254592129203,0.004195901596531853,0.02106161070756459,0.019726694628602354,0.017381135277054836,-2.319188330094646,-2.3771747055557775,-1.6765084187792938,-1.7049456782965808,-1.7599218603120939,I,non-synonymous,0.417746064062527,0.44016658762035527,1.5041834598828416,1.6010109528977037,1.5525972063902727
151,ortho,ttgcaaattagaccattgattgctcca,3.0,aga,4.0,,LQIRPLIAP,,False,False,11.0,7.0,7.0,2395.0,2187.0,3032.0,962.0,723.0,True,False,True,True,False,False,1.0,both,0.004795254592129203,0.004195901596531853,0.02106161070756459,0.019726694628602354,0.017381135277054836,-2.319188330094646,-2.3771747055557775,-1.6765084187792938,-1.7049456782965808,-1.7599218603120939,R,non-synonymous,0.417746064062527,0.44016658762035527,1.5041834598828416,1.6010109528977037,1.5525972063902727
152,ortho,ttgcaaattagaccattgattgctcca,4.0,cca,5.0,,LQIRPLIAP,,False,False,11.0,7.0,7.0,2395.0,2187.0,3032.0,962.0,723.0,True,False,True,True,False,False,1.0,both,0.004795254592129203,0.004195901596531853,0.02106161070756459,0.019726694628602354,0.017381135277054836,-2.319188330094646,-2.3771747055557775,-1.6765084187792938,-1.7049456782965808,-1.7599218603120939,P,non-synonymous,0.417746064062527,0.44016658762035527,1.5041834598828416,1.6010109528977037,1.5525972063902727
153,ortho,ttgcaaattagaccattgattgctcca,6.0,att,6.0,,LQIRPLIAP,,False,False,11.0,7.0,7.0,2395.0,2187.0,3032.0,962.0,723.0,True,False,True,True,False,False,1.0,both,0.004795254592129203,0.004195901596531853,0.02106161070756459,0.019726694628602354,0.017381135277054836,-2.319188330094646,-2.3771747055557775,-1.6765084187792938,-1.7049456782965808,-1.7599218603120939,I,non-synonymous,0.417746064062527,0.44016658762035527,1.5041834598828416,1.6010109528977037,1.5525972063902727
154,ortho,ttgcaaattagaccattgattgctcca,7.0,gct,7.0,,LQIRPLIAP,,False,False,11.0,7.0,7.0,2395.0,2187.0,3032.0,962.0,723.0,True,False,True,True,False,False,1.0,both,0.004795254592129203,0.004195901596531853,0.02106161070756459,0.019726694628602354,0.017381135277054836,-2.319188330094646,-2.3771747055557775,-1.6765084187792938,-1.7049456782965808,-1.7599218603120939,A,non-synonymous,0.417746064062527,0.44016658762035527,1.5041834598828416,1.6010109528977037,1.5525972063902727
155,ortho,ttgcaagttaaaccaatgattaaacca,0.0,ttg,1.0,,LQVKPMIKP,,False,False,12.0,7.0,7.0,1253.0,1201.0,1790.0,559.0,434.0,True,False,True,True,False,False,1.0,both,0.002786431722453456,0.0025187016499236847,0.011018871906713334,0.010832995084111306,0.010261290285596358,-2.5549515942460355,-2.5988232733377976,-1.9578628655357257,-1.965251453931312,-1.9887980262922165,L,non-synonymous,0.38811150297871705,0.4148543642895146,1.4745488987990316,1.575698729566863,1.5251238141829473
156,ortho,ttgcaagttaaaccaatgattaaacca,1.0,caa,2.0,,LQVKPMIKP,,False,False,12.0,7.0,7.0,1253.0,1201.0,1790.0,559.0,434.0,True,False,True,True,False,False,1.0,both,0.002786431722453456,0.0025187016499236847,0.011018871906713334,0.010832995084111306,0.010261290285596358,-2.5549515942460355,-2.5988232733377976,-1.9578628655357257,-1.965251453931312,-1.9887980262922165,Q,non-synonymous,0.38811150297871705,0.4148543642895146,1.4745488987990316,1.575698729566863,1.5251238141829473
157,ortho,ttgcaagttaaaccaatgattaaacca,3.0,aaa,3.0,,LQVKPMIKP,,False,False,12.0,7.0,7.0,1253.0,1201.0,1790.0,559.0,434.0,True,False,True,True,False,False,1.0,both,0.002786431722453456,0.0025187016499236847,0.011018871906713334,0.010832995084111306,0.010261290285596358,-2.5549515942460355,-2.5988232733377976,-1.9578628655357257,-1.965251453931312,-1.9887980262922165,K,non-synonymous,0.38811150297871705,0.4148543642895146,1.4745488987990316,1.575698729566863,1.5251238141829473
158,ortho,ttgcaagttaaaccaatgattaaacca,4.0,cca,4.0,,LQVKPMIKP,,False,False,12.0,7.0,7.0,1253.0,1201.0,1790.0,559.0,434.0,True,False,True,True,False,False,1.0,both,0.002786431722453456,0.0025187016499236847,0.011018871906713334,0.010832995084111306,0.010261290285596358,-2.5549515942460355,-2.5988232733377976,-1.9578628655357257,-1.965251453931312,-1.9887980262922165,P,non-synonymous,0.38811150297871705,0.4148543642895146,1.4745488987990316,1.575698729566863,1.5251238141829473
159,ortho,ttgcaagttaaaccaatgattaaacca,5.0,atg,5.0,,LQVKPMIKP,,False,False,12.0,7.0,7.0,1253.0,1201.0,1790.0,559.0,434.0,True,False,True,True,False,False,1.0,both,0.002786431722453456,0.0025187016499236847,0.011018871906713334,0.010832995084111306,0.010261290285596358,-2.5549515942460355,-2.5988232733377976,-1.9578628655357257,-1.965251453931312,-1.9887980262922165,M,non-synonymous,0.38811150297871705,0.4148543642895146,1.4745488987990316,1.575698729566863,1.5251238141829473
160,ortho,ttgcaagttaaaccaatgattaaacca,6.0,att,6.0,,LQVKPMIKP,,False,False,12.0,7.0,7.0,1253.0,1201.0,1790.0,559.0,434.0,True,False,True,True,False,False,1.0,both,0.002786431722453456,0.0025187016499236847,0.011018871906713334,0.010832995084111306,0.010261290285596358,-2.5549515942460355,-2.5988232733377976,-1.9578628655357257,-1.965251453931312,-1.9887980262922165,I,non-synonymous,0.38811150297871705,0.4148543642895146,1.4745488987990316,1.575698729566863,1.5251238141829473
161,ortho,ttgcaagttaaaccaatgattaaacca,7.0,aaa,7.0,,LQVKPMIKP,,False,False,12.0,7.0,7.0,1253.0,1201.0,1790.0,559.0,434.0,True,False,True,True,False,False,1.0,both,0.002786431722453456,0.0025187016499236847,0.011018871906713334,0.010832995084111306,0.010261290285596358,-2.5549515942460355,-2.5988232733377976,-1.9578628655357257,-1.965251453931312,-1.9887980262922165,K,non-synonymous,0.38811150297871705,0.4148543642895146,1.4745488987990316,1.575698729566863,1.5251238141829473
162,single,ttgttagttttatctttgagagatcca,0.0,ttg,1.0,,LLVLSLRDP,,False,False,1.0,1.0,1.0,9.0,7.0,18.0,763.0,636.0,True,False,True,True,False,False,1.0,both,0.0038033048376243054,0.0036910005745425423,7.914592750233041e-05,6.3139854778334e-05,0.0001031861592964997,-2.4198388641775783,-2.4328558872018946,-4.101571427090551,-4.1996964213199615,-3.9863785521688038,L,non-synonymous,-1.0931369513710496,-1.1569035808270884,-0.006699555550734981,0.003940784450259915,-0.001379385550237533
163,single,tttaaggttttatctttgagagatcca,1.0,aag,1.0,,FKVLSLRDP,,False,False,3.0,1.0,1.0,1.0,2.0,5.0,170.0,149.0,True,False,True,True,False,False,1.0,both,0.0008473942626423747,0.0008647155434069792,8.793991944703379e-06,1.8039958508095433e-05,2.8662822026805472e-05,-3.071914480754185,-3.0631267344380344,-5.0558139365298755,-4.743764465670237,-4.542681052936091,K,non-synonymous,-1.2895473696227342,-1.1004591369680006,-0.20310997380241957,0.06038522830934778,-0.0713623727465359
164,single,tttaatgttttatctttgagagatcca,1.0,aat,1.0,,FNVLSLRDP,,False,False,3.0,1.0,1.0,9.0,3.0,4.0,704.0,543.0,True,False,True,True,False,False,1.0,both,0.0035092091817660693,0.0031512787924160386,7.914592750233041e-05,2.7059937762143145e-05,2.2930257621444375e-05,-2.4547907429903466,-2.5015131732614617,-4.101571427090551,-4.567673206614556,-4.639591065944147,N,non-synonymous,-1.070418005985405,-1.3528939907082072,0.016019389834909692,-0.1920496254308588,-0.08801511779797455
165,single,tttacggttttatctttgagagatcca,1.0,acg,1.0,,FTVLSLRDP,,False,False,3.0,1.0,1.0,7.0,10.0,19.0,1307.0,1073.0,True,False,True,True,False,False,1.0,both,0.006514966478079904,0.006227112604534824,6.155794361292365e-05,9.019979254047716e-05,0.00010891872370186078,-2.1860878145519145,-2.2057132808843574,-4.210715896515619,-4.044794461334218,-3.962897456319281,T,non-synonymous,-1.3160212378503784,-1.204205791076772,-0.22958384203006377,-0.0433614257994237,-0.13647263391474374
166,single,tttactgttttatctttgagagatcca,1.0,act,1.0,,FTVLSLRDP,,False,False,3.0,1.0,1.0,1.0,3.0,10.0,93.0,126.0,True,False,True,True,False,False,1.0,both,0.00046357450838671084,0.0007312359628810697,8.793991944703379e-06,2.7059937762143145e-05,5.7325644053610944e-05,-3.333880453578524,-3.1359424577327455,-5.0558139365298755,-4.567673206614556,-4.24165105727211,T,non-synonymous,-1.1192678072170867,-0.9374781697480178,-0.03283041139677212,0.22336619552933057,0.09526789206627923
167,single,tttagggttttatctttgagagatcca,1.0,agg,1.0,,FRVLSLRDP,,False,False,3.0,1.0,1.0,12.0,15.0,14.0,756.0,642.0,True,False,True,True,False,False,1.0,both,0.003768412132691972,0.003725821334679736,0.00010552790333644054,0.00013529968881071573,8.025590167505532e-05,-2.4238416066312523,-2.4287779747814553,-3.976632690482251,-3.8687032022785366,-4.095523021593872,R,non-synonymous,-1.009324163038679,-0.942843804885968,0.07711323278163573,0.21800056039138038,0.14755689658650806
168,single,tttagtgttttatctttgagagatcca,1.0,agt,1.0,,FSVLSLRDP,,False,False,3.0,1.0,1.0,90.0,73.0,106.0,1418.0,1241.0,True,False,True,True,False,False,1.0,both,0.007068265084864043,0.00720209388837625,0.000791459275023304,0.0006584584855454833,0.0006076518269682759,-2.150687171285411,-2.142541221351579,-3.101571427090551,-3.181471601213762,-3.2163451920073394,S,non-synonymous,-0.6180808645918751,-0.680277735020703,0.46835653122843957,0.48056663025664537,0.47446158074254247
169,ortho,tttatggctttgtctttgagagatcca,1.0,atg,1.0,,FMALSLRDP,,False,False,4.0,2.0,3.0,6.0,8.0,6.0,1220.0,897.0,True,False,True,True,False,False,1.0,both,0.006081300002492336,0.005205703640510473,5.276395166822027e-05,7.215983403238173e-05,3.4395386432166565e-05,-2.2160035714577107,-2.2835205598062163,-4.277662686146233,-4.141704474342275,-4.463499806888466,M,non-synonymous,-1.3400916466131199,-1.2167140061879569,-0.25365425079280524,-0.05586964091060853,-0.15476194585170688
170,ortho,tttatggctttgtctttgagagatcca,2.0,gct,2.0,,FMALSLRDP,,False,False,4.0,2.0,3.0,6.0,8.0,6.0,1220.0,897.0,True,False,True,True,False,False,1.0,both,0.006081300002492336,0.005205703640510473,5.276395166822027e-05,7.215983403238173e-05,3.4395386432166565e-05,-2.2160035714577107,-2.2835205598062163,-4.277662686146233,-4.141704474342275,-4.463499806888466,A,non-synonymous,-1.3400916466131199,-1.2167140061879569,-0.25365425079280524,-0.05586964091060853,-0.15476194585170688
171,ortho,tttatggctttgtctttgagagatcca,3.0,ttg,3.0,,FMALSLRDP,,False,False,4.0,2.0,3.0,6.0,8.0,6.0,1220.0,897.0,True,False,True,True,False,False,1.0,both,0.006081300002492336,0.005205703640510473,5.276395166822027e-05,7.215983403238173e-05,3.4395386432166565e-05,-2.2160035714577107,-2.2835205598062163,-4.277662686146233,-4.141704474342275,-4.463499806888466,L,synonymous,-1.3400916466131199,-1.2167140061879569,-0.25365425079280524,-0.05586964091060853,-0.15476194585170688
172,single,tttatggttttatctttgagagatcca,1.0,atg,1.0,,FMVLSLRDP,,False,False,2.0,1.0,1.0,18.0,9.0,26.0,1913.0,1526.0,True,False,True,True,False,False,1.0,both,0.00953567779079331,0.008856079994892956,0.00015829185500466081,8.117981328642944e-05,0.00014904667453938844,-2.0206484321051628,-2.052758469231447,-3.8005414314265695,-4.090551951894893,-3.8266777093012916,M,non-synonymous,-1.1569418645701528,-1.3343199522283011,-0.07050446874983818,-0.17347558695095278,-0.12199002785039548
173,single,tttattgttttatctttgagagatcca,1.0,att,1.0,,FIVLSLRDP,,False,False,2.0,1.0,1.0,13.0,12.0,14.0,1128.0,968.0,True,False,True,True,False,False,1.0,both,0.005622710166238816,0.0056177493021339325,0.00011432189528114392,0.00010823975104857258,8.025590167505532e-05,-2.250054302485135,-2.250437645541915,-3.941870584223039,-3.9656132152865933,-4.095523021593872,I,non-synonymous,-1.0996914332773016,-1.1230740522801266,-0.013254037456986945,0.03777031299722178,0.012258137770117417
174,single,tttcaggttttatctttgagagatcca,1.0,cag,1.0,,FQVLSLRDP,,False,False,3.0,1.0,1.0,21.0,17.0,40.0,1951.0,1746.0,True,False,True,True,False,False,1.0,both,0.009725095331854547,0.010132841199923394,0.00018467383083877096,0.00015333964731881116,0.00022930257621444378,-2.012106132737941,-1.9942687634807577,-3.7335946417959565,-3.814345539955944,-3.6395910659441473,Q,non-synonymous,-1.1189785713326612,-1.1917619612091492,-0.03254117551234659,-0.03091759593180088,-0.03172938572207373
175,single,tttcatgttttatctttgagagatcca,1.0,cat,1.0,,FHVLSLRDP,,False,False,3.0,1.0,1.0,12.0,14.0,18.0,673.0,617.0,True,False,True,True,False,False,1.0,both,0.0033546843456371657,0.0035807348341080954,0.00010552790333644054,0.000126279709556668,0.0001031861592964997,-2.474348337908482,-2.446027838817067,-3.976632690482251,-3.8986664256559798,-3.9863785521688038,H,non-synonymous,-0.9764944637929941,-0.9511683427618483,0.10994293202732053,0.2096760225155001,0.15980947727141032
176,single,tttccggttttatctttgagagatcca,1.0,ccg,1.0,,FPVLSLRDP,,False,False,3.0,1.0,1.0,4.0,2.0,1.0,274.0,229.0,True,False,True,True,False,False,1.0,both,0.0013658001644941803,0.0013289923452362298,3.5175967778813516e-05,1.8039958508095433e-05,5.732564405361094e-06,-2.8646128393120707,-2.8764775205104205,-4.453753945201913,-4.743764465670237,-5.24165105727211,P,non-synonymous,-1.032951910488003,-1.2226745490449054,0.05348548533231168,-0.061830183767557,-0.004172349217622662
177,single,tttcctgttttatctttgagagatcca,1.0,cct,1.0,,FPVLSLRDP,,False,False,3.0,1.0,1.0,1.0,2.0,16.0,51.0,30.0,True,False,True,True,False,False,1.0,both,0.0002542182787927124,0.00017410380068596897,8.793991944703379e-06,1.8039958508095433e-05,9.17210304857775e-05,-3.5947932260345223,-3.7591917481306463,-5.0558139365298755,-4.743764465670237,-4.037531074616185,P,non-synonymous,-0.9496728318053641,-0.6446850638248344,0.13676456401495052,0.516159301452514,0.32646193273373225
178,single,tttcgggttttatctttgagagatcca,1.0,cgg,1.0,,FRVLSLRDP,,False,False,3.0,1.0,1.0,21.0,6.0,13.0,683.0,666.0,True,False,True,True,False,False,1.0,both,0.00340453106696907,0.0038651043752285113,0.00018467383083877096,5.411987552428629e-05,7.452333726969422e-05,-2.4679426984509263,-2.4128387736800074,-3.7335946417959565,-4.2666432109505745,-4.127707704965273,R,non-synonymous,-0.8226818801965641,-1.213846382974226,0.26375551562375055,-0.053002017696877735,0.1053767489634364
179,single,tttcgtgttttatctttgagagatcca,1.0,cgt,1.0,,FRVLSLRDP,,False,False,3.0,1.0,1.0,3.0,8.0,4.0,233.0,253.0,True,False,True,True,False,False,1.0,both,0.0011614286070333723,0.001468275385785005,2.6381975834110136e-05,7.215983403238173e-05,2.2930257621444375e-05,-2.9350074811064397,-2.8331924816744904,-4.578692681810213,-4.141704474342275,-4.639591065944147,R,non-synonymous,-1.0684059219254205,-0.8567961740973898,0.018031473894894123,0.3040481911799585,0.16103983253742632
180,single,tttctggttttatctttgagagatcca,1.0,ctg,1.0,,FLVLSLRDP,,False,False,2.0,0.0,1.0,6.0,5.0,16.0,1307.0,1098.0,True,False,True,True,False,False,1.0,both,0.006514966478079904,0.006372199105106465,5.276395166822027e-05,4.509989627023858e-05,9.17210304857775e-05,-2.1860878145519145,-2.1957106627362353,-4.277662686146233,-4.345824456998199,-4.037531074616185,L,synonymous,-1.3595370804610054,-1.4078657919227713,-0.2730996846406908,-0.24702142664542293,-0.26006055564305686
181,single,tttcttgttttatctttgagagatcca,1.0,ctt,1.0,,FLVLSLRDP,,False,False,2.0,0.0,1.0,4.0,8.0,11.0,475.0,459.0,True,False,True,True,False,False,1.0,both,0.002367719263265459,0.0026637881504953252,3.5175967778813516e-05,7.215983403238173e-05,6.305820845897204e-05,-2.6256697925075922,-2.5745003173130474,-4.453753945201913,-4.141704474342275,-4.200258372113884,L,synonymous,-1.1882664233275064,-1.0261843477907517,-0.1018290275071918,0.13466001748659662,0.016415494989702406
182,single,tttgaggttttatctttgagagatcca,1.0,gag,1.0,,FEVLSLRDP,,False,False,3.0,1.0,1.0,2.0,3.0,3.0,158.0,153.0,True,False,True,True,False,False,1.0,both,0.0007875781970440894,0.0008879293834984417,1.7587983889406758e-05,2.7059937762143145e-05,1.7197693216083282e-05,-3.103706315178036,-3.0516215720327096,-4.754783940865894,-4.567673206614556,-4.764529802552447,E,non-synonymous,-1.0732110455750123,-0.9926903593718972,0.013226350245302276,0.16815400590545115,0.09069017807537672
183,single,tttgcggttttatctttgagagatcca,1.0,gcg,1.0,,FAVLSLRDP,,False,False,3.0,1.0,1.0,8.0,5.0,12.0,1021.0,921.0,True,False,True,True,False,False,1.0,both,0.005089350247987439,0.0053449866810592475,7.035193555762703e-05,4.509989627023858e-05,6.879077286433313e-05,-2.2933376600455486,-2.2720533726534597,-4.152723949537932,-4.345824456998199,-4.162469811224485,A,non-synonymous,-1.2086130129966537,-1.3578776052314543,-0.12217561717633907,-0.19703323995410593,-0.1596044285652225
184,single,tttgctgttttatctttgagagatcca,1.0,gct,1.0,,FAVLSLRDP,,False,False,3.0,1.0,1.0,1.0,1.0,14.0,298.0,241.0,True,False,True,True,False,False,1.0,both,0.001485432295690751,0.0013986338655106174,8.793991944703379e-06,9.019979254047716e-06,8.025590167505532e-05,-2.8281471380562033,-2.85429596027544,-5.0558139365298755,-5.0447944613342175,-4.095523021593872,A,non-synonymous,-1.4479977057327347,-1.4343091584868102,-0.36156030991242005,-0.2734647932094618,-0.31751255156094094
185,single,tttggggttttatctttgagagatcca,1.0,ggg,1.0,,FGVLSLRDP,,False,False,3.0,1.0,1.0,5.0,2.0,21.0,62.0,61.0,True,False,True,True,False,False,1.0,both,0.00030904967225780724,0.00035401106139480357,4.396995972351689e-05,1.8039958508095433e-05,0.00012038385251258298,-3.5099717126342047,-3.4509831678395413,-4.356843932193857,-4.743764465670237,-3.9194317625381903,G,non-synonymous,-0.5504723739705446,-0.8464959252438565,0.53596502184977,0.3143484400334918,0.4251567309416309
186,single,tttggtgttttatctttgagagatcca,1.0,ggt,1.0,,FGVLSLRDP,,False,False,3.0,1.0,1.0,13.0,18.0,24.0,153.0,123.0,True,False,True,True,False,False,1.0,both,0.0007626548363781372,0.0007138255828124728,0.00011432189528114392,0.00016235962657285889,0.00013758154572866626,-3.11767197131486,-3.1464078914109104,-3.941870584223039,-3.789521956230912,-3.861439815560504,G,non-synonymous,-0.5357343842341467,-0.42110249912389985,0.550703011586168,0.7397418661534485,0.6452224388698082
187,single,tttgtggttttatctttgagagatcca,1.0,gtg,1.0,,FVVLSLRDP,,False,False,2.0,1.0,1.0,2.0,7.0,4.0,450.0,368.0,True,False,True,True,False,False,1.0,both,0.002243102459935698,0.002135673288414553,1.7587983889406758e-05,6.3139854778334e-05,2.2930257621444375e-05,-2.649150888357115,-2.670465184176791,-4.754783940865894,-4.1996964213199615,-4.639591065944147,V,non-synonymous,-1.3686749882149225,-1.0013201870799677,-0.2822375923946079,0.15952417819738063,-0.06135670709861363
188,single,tttgttgttttatctttgagagatcca,1.0,gtt,1.0,,FVVLSLRDP,,False,False,2.0,1.0,1.0,6.0,18.0,36.0,890.0,810.0,True,False,True,True,False,False,1.0,both,0.004436358198539491,0.004700802618521163,5.276395166822027e-05,0.00016235962657285889,0.0002063723185929994,-2.352973395487546,-2.327827983971659,-4.277662686146233,-3.789521956230912,-3.6853485565048225,V,non-synonymous,-1.2510603825633484,-0.9570976881760286,-0.16462298674303377,0.20374667710131977,0.019561845179143
189,single,ttttaggttttatctttgagagatcca,1.0,tag,1.0,,F*VLSLRDP,,True,False,2.0,1.0,1.0,12.0,13.0,33.0,371.0,434.0,True,False,True,True,False,False,1.0,both,0.001849313361413653,0.0025187016499236847,0.00010552790333644054,0.00011725973030262031,0.00018917462537691612,-2.732989492517413,-2.5988232733377976,-3.976632690482251,-3.930851109027381,-3.7231371173942223,*,stop,-0.8083760545504624,-0.8721940339906528,0.27806134126985227,0.2886503312866956,0.28335583627827393
190,single,ttttatgttttatctttgagagatcca,1.0,tat,1.0,,FYVLSLRDP,,False,False,2.0,1.0,1.0,10.0,9.0,25.0,1078.0,1125.0,True,False,True,True,False,False,1.0,both,0.005373476559579294,0.0065288925257238365,8.793991944703378e-05,8.117981328642944e-05,0.00014331411013402735,-2.269744641281739,-2.1851604804029274,-4.0558139365298755,-4.090551951894893,-3.8437110486000723,Y,non-synonymous,-1.1609564965330474,-1.2476248838986326,-0.07451910071273282,-0.08678051862128422,-0.08064980966700852
191,single,ttttcggttttatctttgagagatcca,1.0,tcg,1.0,,FSVLSLRDP,,False,False,2.0,1.0,1.0,121.0,88.0,146.0,1687.0,1386.0,True,False,True,True,False,False,1.0,both,0.008409141888692271,0.008043595591691767,0.0010640730253091088,0.000793758174356199,0.0008369544031827197,-2.0752483195433333,-2.0945497725745206,-2.9730285662134257,-3.1003117891840493,-3.0772982014876726,S,non-synonymous,-0.583562918081452,-0.6585595338156781,0.5028744777388626,0.5022848314616702,0.5025796546002664
192,single,ttttctgttttatctttgagagatcca,1.0,tct,1.0,,FSVLSLRDP,,False,False,2.0,1.0,1.0,95.0,88.0,241.0,1757.0,1855.0,True,False,True,True,False,False,1.0,both,0.008758068938015602,0.010765418342415749,0.000835429234746821,0.000793758174356199,0.0013815480216920236,-2.0575916406371637,-1.9679690888992438,-3.078090331241028,-3.1003117891840493,-2.8596340146972414,S,non-synonymous,-0.6633306936702184,-0.741442874660338,0.42310670215009627,0.4194014906170104,0.4212540963835533
193,single,ttttgggttttatctttgagagatcca,1.0,tgg,1.0,,FWVLSLRDP,,False,False,2.0,1.0,1.0,7.0,4.0,16.0,258.0,234.0,True,False,True,True,False,False,1.0,both,0.0012860454103631334,0.001358009645350558,6.155794361292365e-05,3.6079917016190865e-05,9.17210304857775e-05,-2.8907436961692285,-2.8670971454401655,-4.210715896515619,-4.442734470006256,-4.037531074616185,W,non-synonymous,-0.8579903956202686,-1.0317062732462268,0.22844700020004605,0.1291380920311216,0.17879254611558382
194,single,ttttgtgttttatctttgagagatcca,1.0,tgt,1.0,,FCVLSLRDP,,False,False,2.0,1.0,1.0,2.0,3.0,5.0,425.0,315.0,True,False,True,True,False,False,1.0,both,0.0021184856566059365,0.0018280899072026743,1.7587983889406758e-05,2.7059937762143145e-05,2.8662822026805472e-05,-2.6739744720821474,-2.738002449060708,-4.754783940865894,-4.567673206614556,-4.542681052936091,C,non-synonymous,-1.3525394995922349,-1.1980439718660025,-0.26610210377192023,-0.03719960658865418,-0.1516508551802872
195,single,tttttaaagttatctttgagagatcca,2.0,aag,1.0,,FLKLSLRDP,,False,False,3.0,1.0,1.0,439.0,495.0,776.0,472.0,478.0,True,False,True,True,False,False,1.0,both,0.0023527652468658873,0.0027740538909297725,0.003860562463724783,0.00446488973075362,0.0044484699785602095,-2.628421403498371,-2.5568851062381897,-2.4133494162877542,-2.350189262400649,-2.3517893360139213,K,non-synonymous,0.13979817101091185,0.13534167756519666,1.2262355668312264,1.2961860428425451,1.2612108048368857
196,single,tttttaaatttatctttgagagatcca,2.0,aat,1.0,,FLNLSLRDP,,False,False,2.0,1.0,1.0,1.0,1.0,7.0,1.0,6.0,True,False,True,True,False,False,2.0,both,4.98467213319044e-06,3.482076013719379e-05,8.793991944703379e-06,9.019979254047716e-06,4.012795083752766e-05,-5.302363402132459,-4.458161752466665,-5.0558139365298755,-5.0447944613342175,-4.396553017257853,N,non-synonymous,0.16025873384061715,-0.38411926170684935,1.2466961296609318,0.776725103570499,1.0117106166157153
197,single,tttttaacgttatctttgagagatcca,2.0,acg,1.0,,FLTLSLRDP,,False,False,3.0,1.0,1.0,5.0,2.0,2.0,260.0,169.0,True,False,True,True,False,False,1.0,both,0.0012960147546295143,0.000980784743864292,4.396995972351689e-05,1.8039958508095433e-05,1.1465128810722188e-05,-2.887390054161641,-3.008426298236635,-4.356843932193857,-4.743764465670237,-4.9406210616081285,T,non-synonymous,-0.9551544447888697,-1.1362762519210439,0.13128295103144494,0.02456811335630449,0.07792553219387471
198,single,tttttaactttatctttgagagatcca,2.0,act,1.0,,FLTLSLRDP,,False,False,2.0,1.0,1.0,6.0,7.0,17.0,578.0,479.0,True,False,True,True,False,False,1.0,both,0.002881140492984074,0.0027798573509526378,5.276395166822027e-05,6.3139854778334e-05,9.74535948911386e-05,-2.5404355637119296,-2.555977489435745,-4.277662686146233,-4.1996964213199615,-4.011202135893836,T,non-synonymous,-1.129208770963904,-1.0762852003049266,-0.04277137514358942,0.08455916497242177,0.020893894914416178
199,single,tttttaaggttatctttgagagatcca,2.0,agg,1.0,,FLRLSLRDP,,False,False,3.0,1.0,1.0,102.0,135.0,188.0,240.0,166.0,True,False,True,True,False,False,1.0,both,0.0011963213119657054,0.000963374363795695,0.0008969871783597446,0.0012176971992964416,0.0010777221082078857,-2.9221521604208527,-3.0162049148102534,-3.047213764767958,-2.914460692839212,-2.9674932080084298,R,non-synonymous,-0.08129084488485452,0.06662075747855718,1.00514655093546,1.2274651227559055,1.1163058368456826
200,single,tttttaagtttatctttgagagatcca,2.0,agt,1.0,,FLSLSLRDP,,False,False,2.0,1.0,1.0,2.0,1.0,1.0,44.0,32.0,True,False,True,True,False,False,1.0,both,0.00021932557386037933,0.00018571072073170024,1.7587983889406758e-05,9.019979254047716e-06,5.732564405361094e-06,-3.658910725646271,-3.7311630245304026,-4.754783940865894,-5.0447944613342175,-5.24165105727211,S,non-synonymous,-0.7123246180708941,-0.8601483177337003,0.37411277774942053,0.3006960475436481,0.3374044126465343
201,single,tttttaatgttatctttgagagatcca,2.0,atg,1.0,,FLMLSLRDP,,False,False,2.0,1.0,1.0,12.0,24.0,21.0,2267.0,1970.0,True,False,True,True,False,False,1.0,both,0.011300251725942727,0.011432816245045297,0.00010552790333644054,0.00021647950209714516,0.00012038385251258298,-1.9469118820059412,-1.9418467766887155,-3.976632690482251,-3.664583219622612,-3.9194317625381903,M,non-synonymous,-1.3193315427448218,-1.1280248110486037,-0.23289414692450716,0.03281955422874461,-0.10003729634788128
202,single,tttttaattttatctttgagagatcca,2.0,att,1.0,,FLILSLRDP,,False,False,1.0,1.0,1.0,10.0,6.0,8.0,878.0,779.0,True,False,True,True,False,False,1.0,both,0.0043765421329412055,0.004520895357812328,8.793991944703378e-05,5.411987552428629e-05,4.586051524288875e-05,-2.358868886226356,-2.344775545177744,-4.0558139365298755,-4.2666432109505745,-4.338561070280166,I,non-synonymous,-1.103025165737351,-1.2584132758297977,-0.016587769917036477,-0.09756891055244932,-0.0570783402347429
203,single,tttttacagttatctttgagagatcca,2.0,cag,1.0,,FLQLSLRDP,,False,False,3.0,1.0,1.0,2.0,4.0,5.0,631.0,633.0,True,False,True,True,False,False,1.0,both,0.0031453281160431674,0.003673590194473945,1.7587983889406758e-05,3.6079917016190865e-05,2.8662822026805472e-05,-2.5023340428883243,-2.434909292832953,-4.754783940865894,-4.442734470006256,-4.542681052936091,Q,non-synonymous,-1.464106879352047,-1.3146971061007788,-0.37766948353173246,-0.15385274082343048,-0.26576111217758147
204,single,tttttacatttatctttgagagatcca,2.0,cat,1.0,,FLHLSLRDP,,False,False,2.0,1.0,1.0,233.0,225.0,369.0,562.0,523.0,True,False,True,True,False,False,1.0,both,0.002801385738853027,0.0030352095919587256,0.0020490001231158873,0.002029495332160736,0.0021153162655782438,-2.5526270865633975,-2.5178113139830343,-2.6884580155038567,-2.6926119432228557,-2.674624691113049,H,non-synonymous,-0.08829097493758577,-0.11445711709309464,0.9981464208827289,1.0463872481842538,1.0222668345334913
205,single,tttttaccgttatctttgagagatcca,2.0,ccg,1.0,,FLPLSLRDP,,False,False,3.0,1.0,1.0,9.0,16.0,18.0,1245.0,1032.0,True,False,True,True,False,False,1.0,both,0.006205916805822097,0.005989170743597332,7.914592750233041e-05,0.00014431966806476346,0.0001031861592964997,-2.2071940507007035,-2.222633305559116,-4.101571427090551,-3.8406744786782934,-3.9863785521688038,P,non-synonymous,-1.231357443888804,-1.0594717468611976,-0.14492004806848935,0.10137261841615075,-0.0217737148261693
206,single,tttttacctttatctttgagagatcca,2.0,cct,1.0,,FLPLSLRDP,,False,False,2.0,1.0,1.0,6.0,3.0,3.0,605.0,564.0,True,False,True,True,False,False,1.0,both,0.003015726640580216,0.003273151452896217,5.276395166822027e-05,2.7059937762143145e-05,1.7197693216083282e-05,-2.52060802747999,-2.4850338988669662,-4.277662686146233,-4.567673206614556,-4.764529802552447,P,non-synonymous,-1.1420967966748645,-1.3636843994566346,-0.0556594008545499,-0.2028400341792862,-0.12924971751691805
207,single,tttttacggttatctttgagagatcca,2.0,cgg,1.0,,FLRLSLRDP,,False,False,3.0,1.0,1.0,264.0,231.0,392.0,266.0,281.0,True,False,True,True,False,False,1.0,both,0.0013259227874286568,0.0016307722664252427,0.002321613873401692,0.0020836152076850224,0.002247165246901549,-2.8774817655013916,-2.7876066829452286,-2.6342100096600447,-2.6811824814420735,-2.6483649902516526,R,non-synonymous,0.15812820147483458,0.06968514556245525,1.2445655972951493,1.2305295108398036,1.2375475540674765
208,single,tttttacgtttatctttgagagatcca,2.0,cgt,1.0,,FLRLSLRDP,,False,False,2.0,1.0,1.0,109.0,102.0,188.0,74.0,75.0,True,False,True,True,False,False,1.0,both,0.00036886573785609254,0.00043525950171492244,0.0009585451219726683,0.000920037883912867,0.0010777221082078857,-3.4331316824014824,-3.3612517394586083,-3.018387438589252,-3.0361942895723004,-2.9674932080084298,R,non-synonymous,0.2695864183626765,0.21284327616793403,1.3560238141829912,1.3736876414452823,1.3648557278141369
209,single,tttttactgttatctttgagagatcca,2.0,ctg,1.0,,FLLLSLRDP,,False,False,2.0,1.0,1.0,6.0,4.0,12.0,444.0,389.0,True,False,True,True,False,False,1.0,both,0.0022131944271365552,0.002257545948894731,5.276395166822027e-05,3.6079917016190865e-05,6.879077286433313e-05,-2.654980432017839,-2.6463634015246007,-4.277662686146233,-4.442734470006256,-4.162469811224485,L,non-synonymous,-1.0547538719529492,-1.1762397802685542,0.03168352386736539,-0.015395414991205891,0.00814405443807975
210,single,tttttacttttatctttgagagatcca,2.0,ctt,1.0,,FLLLSLRDP,,False,False,1.0,1.0,1.0,18.0,21.0,31.0,1614.0,1297.0,True,False,True,True,False,False,1.0,both,0.00804526082296937,0.007527087649656725,0.00015829185500466081,0.00018941956433500204,0.00017770949656619391,-2.094459871746407,-2.1233730267662283,-3.8005414314265695,-3.722575166600299,-3.750289363437837,L,non-synonymous,-1.108963955427465,-1.0471361995121324,-0.022526559607150443,0.11370816576521592,0.04559080307903274
211,single,tttttagagttatctttgagagatcca,2.0,gag,1.0,,FLELSLRDP,,False,False,2.0,1.0,1.0,7.0,5.0,12.0,716.0,649.0,True,False,True,True,False,False,1.0,both,0.0035690252473643547,0.0037664455548397954,6.155794361292365e-05,4.509989627023858e-05,6.879077286433313e-05,-2.4474503798246032,-2.4240683060499393,-4.210715896515619,-4.345824456998199,-4.162469811224485,E,non-synonymous,-1.1461338942231452,-1.2583402574122498,-0.05969649840283053,-0.0974958921349014,-0.07859619526886596
212,single,tttttagatttatctttgagagatcca,2.0,gat,1.0,,FLDLSLRDP,,False,False,1.0,1.0,1.0,1.0,1.0,1.0,2.0,6.0,True,False,True,True,False,False,2.0,both,9.96934426638088e-06,3.482076013719379e-05,8.793991944703379e-06,9.019979254047716e-06,5.732564405361094e-06,-5.001333406468477,-4.458161752466665,-5.0558139365298755,-5.0447944613342175,-5.24165105727211,D,non-synonymous,-0.03541269394061055,-0.38411926170684935,1.051024701879704,0.776725103570499,0.9138749027251015
213,single,tttttagcgttatctttgagagatcca,2.0,gcg,1.0,,FLALSLRDP,,False,False,2.0,1.0,1.0,1.0,1.0,1.0,208.0,202.0,True,False,True,True,False,False,1.0,both,0.0010368118037036114,0.0011722989246188578,8.793991944703379e-06,9.019979254047716e-06,5.732564405361094e-06,-2.984300067169697,-2.9309616334036845,-5.0558139365298755,-5.0447944613342175,-5.24165105727211,A,non-synonymous,-1.346497300351325,-1.3841094997989603,-0.26005990453101036,-0.2232651345216119,-0.24166251952631113
214,single,tttttagctttatctttgagagatcca,2.0,gct,1.0,,FLALSLRDP,,False,False,1.0,1.0,1.0,1.0,1.0,8.0,3.0,5.0,True,False,True,True,False,False,2.0,both,1.4954016399571318e-05,2.901730011432816e-05,8.793991944703379e-06,9.019979254047716e-06,4.586051524288875e-05,-4.825242147412796,-4.53734299851429,-5.0558139365298755,-5.0447944613342175,-4.338561070280166,A,non-synonymous,-0.14987314165519658,-0.33227243947364005,0.936564254165118,0.8285719258037083,0.8825680899844132
215,single,tttttagggttatctttgagagatcca,2.0,ggg,1.0,,FLGLSLRDP,,False,False,2.0,1.0,1.0,1.0,1.0,1.0,3.0,9.0,True,False,True,True,False,False,2.0,both,1.4954016399571318e-05,5.223114020579069e-05,8.793991944703379e-06,9.019979254047716e-06,5.732564405361094e-06,-4.825242147412796,-4.282070493410983,-5.0558139365298755,-5.0447944613342175,-5.24165105727211,G,non-synonymous,-0.14987314165519658,-0.49942146596353226,0.936564254165118,0.661422899313816,0.798993576739467
216,single,tttttaggtttatctttgagagatcca,2.0,ggt,1.0,,FLGLSLRDP,,False,False,1.0,1.0,1.0,3.0,7.0,4.0,603.0,560.0,True,False,True,True,False,False,1.0,both,0.003005757296313835,0.003249937612804754,2.6381975834110136e-05,6.3139854778334e-05,2.2930257621444375e-05,-2.5220460899923074,-2.488124975844108,-4.578692681810213,-4.1996964213199615,-4.639591065944147,G,non-synonymous,-1.3368334746003405,-1.1207141198516852,-0.2503960787800259,0.040130245425663125,-0.10513291667718139
217,single,tttttagtgttatctttgagagatcca,2.0,gtg,1.0,,FLVLSLRDP,,False,False,1.0,0.0,1.0,1.0,1.0,2.0,11.0,6.0,True,False,True,True,False,False,2.0,both,5.483139346509483e-05,3.482076013719379e-05,8.793991944703379e-06,9.019979254047716e-06,1.1465128810722188e-05,-4.260970716974234,-4.458161752466665,-5.0558139365298755,-5.0447944613342175,-4.9406210616081285,V,synonymous,-0.5166531902896664,-0.38411926170684935,0.5697842055306482,0.776725103570499,0.6732546545505735
218,single,tttttagttaagtctttgagagatcca,3.0,aag,1.0,,FLVKSLRDP,,False,False,3.0,1.0,1.0,1.0,4.0,2.0,168.0,162.0,True,False,True,True,False,False,1.0,both,0.0008374249183759938,0.0009401605237042324,8.793991944703379e-06,3.6079917016190865e-05,1.1465128810722188e-05,-3.0770541204065958,-3.0267979883076777,-5.0558139365298755,-4.442734470006256,-4.9406210616081285,K,non-synonymous,-1.2862065708865482,-0.9271362945714094,-0.1997691750662336,0.2337080707059389,0.016969447819852657
219,single,tttttagttaattctttgagagatcca,3.0,aat,1.0,,FLVNSLRDP,,False,False,3.0,1.0,1.0,6.0,5.0,15.0,667.0,493.0,True,False,True,True,False,False,1.0,both,0.003324776312838023,0.002861105791272757,5.276395166822027e-05,4.509989627023858e-05,8.598846608041641e-05,-2.47823756821591,-2.5434660835730782,-4.277662686146233,-4.345824456998199,-4.065559798216428,N,non-synonymous,-1.1696378669315417,-1.1801601875689545,-0.08320047111122708,-0.01931582229160611,-0.051258146701416596
220,single,tttttagttacgtctttgagagatcca,3.0,acg,1.0,,FLVTSLRDP,,False,False,3.0,1.0,1.0,3.0,12.0,10.0,792.0,780.0,True,False,True,True,False,False,1.0,both,0.003947860329486828,0.004526698817835194,2.6381975834110136e-05,0.00010823975104857258,5.7325644053610944e-05,-2.403638220542965,-2.344218400159828,-4.578692681810213,-3.9656132152865933,-4.24165105727211,T,non-synonymous,-1.4137993491291632,-1.0616676668508458,-0.32736195330884854,0.09917669842650256,-0.11409262744117299
221,single,tttttagttacttctttgagagatcca,3.0,act,1.0,,FLVTSLRDP,,False,False,3.0,1.0,1.0,2.0,5.0,10.0,491.0,394.0,True,False,True,True,False,False,1.0,both,0.002447474017396506,0.002286563249009059,1.7587983889406758e-05,4.509989627023858e-05,5.7325644053610944e-05,-2.6112819100094904,-2.6408167810247343,-4.754783940865894,-4.345824456998199,-4.24165105727211,T,non-synonymous,-1.393290067006497,-1.1164162512583393,-0.3068526711861823,0.044428114019009035,-0.13121227858358664
222,single,tttttagttaggtctttgagagatcca,3.0,agg,1.0,,FLVRSLRDP,,False,False,3.0,1.0,1.0,36.0,37.0,45.0,1171.0,825.0,True,False,True,True,False,False,1.0,both,0.005837051067966005,0.004787854518864147,0.00031658371000932163,0.0003337392323997655,0.00025796539824124925,-2.2338065070600956,-2.3198590543003834,-3.4995114357625887,-3.476592737267223,-3.588438543496766,R,non-synonymous,-0.8227163210187265,-0.7574137643132755,0.26372107480158813,0.4034306009640729,0.3335758378828305
223,single,tttttagttagttctttgagagatcca,3.0,agt,1.0,,FLVSSLRDP,,False,False,3.0,1.0,1.0,3.0,14.0,8.0,352.0,263.0,True,False,True,True,False,False,1.0,both,0.0017546045908830347,0.0015263099860136613,2.6381975834110136e-05,0.000126279709556668,4.586051524288875e-05,-2.755820738654328,-2.816357254360551,-4.578692681810213,-3.8986664256559798,-4.338561070280166,S,non-synonymous,-1.1848784536999912,-0.708681588210614,-0.09844105787967661,0.45216277706673436,0.17686085959352887
224,single,tttttagttatgtctttgagagatcca,3.0,atg,1.0,,FLVMSLRDP,,False,False,2.0,1.0,1.0,11.0,8.0,27.0,1694.0,1254.0,True,False,True,True,False,False,1.0,both,0.008444034593624604,0.007277538868673503,9.673391139173717e-05,7.215983403238173e-05,0.00015477923894474956,-2.0734499961377706,-2.138015466355611,-4.014421251371651,-4.141704474342275,-3.8102872931131224,M,non-synonymous,-1.2616437639585627,-1.3119887977670461,-0.17520636813824808,-0.15114443248969778,-0.16317540031397293
225,single,tttttagttatttctttgagagatcca,3.0,att,1.0,,FLVISLRDP,,False,False,2.0,1.0,1.0,2.0,1.0,2.0,229.0,238.0,True,False,True,True,False,False,1.0,both,0.0011414899185006107,0.0013812234854420206,1.7587983889406758e-05,9.019979254047716e-06,1.1465128810722188e-05,-2.9425279197925707,-2.8597360457937966,-4.754783940865894,-5.0447944613342175,-4.9406210616081285,I,non-synonymous,-1.177978036263093,-1.4307470631563826,-0.09154064044277832,-0.2699026978790342,-0.18072166916090626
226,single,tttttagttcagtctttgagagatcca,3.0,cag,1.0,,FLVQSLRDP,,False,False,3.0,1.0,1.0,2.0,4.0,7.0,557.0,427.0,True,False,True,True,False,False,1.0,both,0.002776462378187075,0.0024780774297636253,1.7587983889406758e-05,3.6079917016190865e-05,4.012795083752766e-05,-2.5565082069587297,-2.6058851278252844,-4.754783940865894,-4.442734470006256,-4.396553017257853,Q,non-synonymous,-1.428893325270403,-1.2027444131905134,-0.3424559294500884,-0.04190004791316504,-0.19217798868162672
227,single,tttttagttcattctttgagagatcca,3.0,cat,1.0,,FLVHSLRDP,,False,False,3.0,1.0,1.0,779.0,688.0,1111.0,322.0,277.0,True,False,True,True,False,False,1.0,both,0.0016050644268873215,0.0016075584263337802,0.006850519724923932,0.006205745726784828,0.006368879054356176,-2.794507530436628,-2.79383323378586,-2.1642764788573112,-2.2072060230987067,-2.1959369983312422,H,non-synonymous,0.40965422539566765,0.38411566157176663,1.4960916212159823,1.544960026849115,1.5205258240325485
228,single,tttttagttccgtctttgagagatcca,3.0,ccg,1.0,,FLVPSLRDP,,False,False,3.0,1.0,1.0,2.0,2.0,9.0,290.0,249.0,True,False,True,True,False,False,1.0,both,0.0014455549186252275,0.0014450615456935425,1.7587983889406758e-05,1.8039958508095433e-05,5.159307964824985e-05,-2.8399654042335025,-2.840113655754572,-4.754783940865894,-4.743764465670237,-4.287408547832785,P,non-synonymous,-1.2446443291420204,-1.2464851219496933,-0.15820693332170577,-0.08564075667234494,-0.12192384499702535
229,single,tttttagttcgttctttgagagatcca,3.0,cgt,1.0,,FLVRSLRDP,,False,False,3.0,1.0,1.0,17.0,23.0,33.0,626.0,565.0,True,False,True,True,False,False,1.0,both,0.003120404755377215,0.0032789549129190825,0.00014949786305995744,0.00020745952284309746,0.00018917462537691612,-2.505789068922029,-2.4842645550308697,-3.825365015151602,-3.683066625316625,-3.7231371173942223,R,non-synonymous,-0.8577328279030354,-0.7849595823930988,0.22870456791727922,0.37588478288424954,0.3022946754007644
230,single,tttttagttctgtctttgagagatcca,3.0,ctg,1.0,,FLVLSLRDP,,False,False,2.0,0.0,1.0,2.0,3.0,12.0,538.0,403.0,True,False,True,True,False,False,1.0,both,0.0026817536076564562,0.00233879438921485,1.7587983889406758e-05,2.7059937762143145e-05,6.879077286433313e-05,-2.5715811264660697,-2.631007956709199,-4.754783940865894,-4.567673206614556,-4.162469811224485,L,synonymous,-1.4190958309232788,-1.2681025362581901,-0.3326584351029642,-0.10725817098084178,-0.219958303041903
231,single,tttttagttctttctttgagagatcca,3.0,ctt,1.0,,FLVLSLRDP,,False,False,2.0,0.0,1.0,5.0,2.0,3.0,300.0,271.0,True,False,True,True,False,False,1.0,both,0.001495401639957132,0.0015727376661965864,4.396995972351689e-05,1.8039958508095433e-05,1.7197693216083282e-05,-2.8252421474127964,-2.8033437119759026,-4.356843932193857,-4.743764465670237,-4.764529802552447,L,synonymous,-0.9955509827496082,-1.2705615899743459,0.09088641307070644,-0.10971722469699752,-0.009415405813145539
232,single,tttttagttgagtctttgagagatcca,3.0,gag,1.0,,FLVESLRDP,,False,False,3.0,1.0,1.0,15.0,17.0,13.0,1323.0,1106.0,True,False,True,True,False,False,1.0,both,0.006594721232210951,0.006418626785289389,0.0001319098791705507,0.00015333964731881116,7.452333726969422e-05,-2.180803557944958,-2.192557875881629,-3.8797226774741946,-3.814345539955944,-4.127707704965273,E,non-synonymous,-1.1043083233943913,-1.061924899094146,-0.01787092757407671,0.09891946618320246,0.04052426930456288
233,single,tttttagttgattctttgagagatcca,3.0,gat,1.0,,FLVDSLRDP,,False,False,3.0,1.0,1.0,6.0,1.0,5.0,273.0,218.0,True,False,True,True,False,False,1.0,both,0.00136081549236099,0.0012651542849847078,5.276395166822027e-05,9.019979254047716e-06,2.8662822026805472e-05,-2.8662007550917026,-2.897856509245704,-4.277662686146233,-5.0447944613342175,-4.542681052936091,D,non-synonymous,-0.9174593073328551,-1.4057862928895213,0.16897808848745954,-0.24494192761217293,-0.03798191956235669
234,single,tttttagttgcgtctttgagagatcca,3.0,gcg,1.0,,FLVASLRDP,,False,False,3.0,1.0,1.0,1.0,1.0,3.0,3.0,5.0,True,False,True,True,False,False,2.0,both,1.4954016399571318e-05,2.901730011432816e-05,8.793991944703379e-06,9.019979254047716e-06,1.7197693216083282e-05,-4.825242147412796,-4.53734299851429,-5.0558139365298755,-5.0447944613342175,-4.764529802552447,A,non-synonymous,-0.14987314165519658,-0.33227243947364005,0.936564254165118,0.8285719258037083,0.8825680899844132
235,single,tttttagttgcttctttgagagatcca,3.0,gct,1.0,,FLVASLRDP,,False,False,3.0,1.0,1.0,2.0,10.0,1.0,482.0,436.0,True,False,True,True,False,False,1.0,both,0.0024026119681977917,0.0025303085699694156,1.7587983889406758e-05,9.019979254047716e-05,5.732564405361094e-06,-2.619316363893609,-2.5968265135817226,-4.754783940865894,-4.044794461334218,-5.24165105727211,A,non-synonymous,-1.3880676204543505,-0.948110070677025,-0.3016302246340359,0.21273429460032334,-0.04444796501685627
236,single,tttttagttgtgtctttgagagatcca,3.0,gtg,1.0,,FLVVSLRDP,,False,False,2.0,1.0,1.0,1.0,1.0,2.0,12.0,4.0,True,False,True,True,False,False,2.0,both,5.981606559828527e-05,2.321384009146253e-05,8.793991944703379e-06,9.019979254047716e-06,1.1465128810722188e-05,-4.2231821560848335,-4.634253011522346,-5.0558139365298755,-5.0447944613342175,-4.9406210616081285,V,non-synonymous,-0.541215997217652,-0.2688170574501664,0.5452213986026626,0.892027307827182,0.7186243532149224
237,single,tttttagttgtttctttgagagatcca,3.0,gtt,1.0,,FLVVSLRDP,,False,False,2.0,1.0,1.0,11.0,4.0,6.0,882.0,795.0,True,False,True,True,False,False,1.0,both,0.004396480821473967,0.004613750718178178,9.673391139173717e-05,3.6079917016190865e-05,3.4395386432166565e-05,-2.356894817000639,-2.3359458741938384,-4.014421251371651,-4.442734470006256,-4.463499806888466,V,non-synonymous,-1.0774028125772916,-1.379497030702708,0.009034583243022976,-0.21865266542535955,-0.10480904109116829
238,single,tttttagtttagtctttgagagatcca,3.0,tag,1.0,,FLV*SLRDP,,True,False,2.0,1.0,1.0,6.0,2.0,1.0,170.0,208.0,True,False,True,True,False,False,1.0,both,0.0008473942626423747,0.0012071196847560515,5.276395166822027e-05,1.8039958508095433e-05,5.732564405361094e-06,-3.071914480754185,-2.918249667887547,-4.277662686146233,-4.743764465670237,-5.24165105727211,*,stop,-0.7837440663456928,-1.1953227049218833,0.3026933294746218,-0.03447833964453495,0.13410749491504342
239,single,tttttagtttattctttgagagatcca,3.0,tat,1.0,,FLVYSLRDP,,False,False,2.0,1.0,1.0,650.0,624.0,1054.0,285.0,280.0,True,False,True,True,False,False,1.0,both,0.0014206315579592752,0.001624968806402377,0.0057160947640571965,0.005628467054525774,0.006042122883250593,-2.8475185421239484,-2.7891549715080894,-2.2429005798870203,-2.249609871651794,-2.218810446395582,Y,non-synonymous,0.39300555305835183,0.35328692430810277,1.4794429488786665,1.514131289585451,1.4967871192320588
240,single,tttttagtttcgtctttgagagatcca,3.0,tcg,1.0,,FLVSSLRDP,,False,False,2.0,1.0,1.0,3.0,7.0,10.0,355.0,377.0,True,False,True,True,False,False,1.0,both,0.001769558607282606,0.0021879044286203433,2.6381975834110136e-05,6.3139854778334e-05,5.7325644053610944e-05,-2.752135049077365,-2.659971652644516,-4.578692681810213,-4.1996964213199615,-4.24165105727211,S,non-synonymous,-1.1872741755624987,-1.008191211357929,-0.10083677974218408,0.15265315391941936,0.02590818708861764
241,single,tttttagtttcttctttgagagatcca,3.0,tct,1.0,,FLVSSLRDP,,False,False,2.0,1.0,1.0,5.0,8.0,1.0,329.0,242.0,True,False,True,True,False,False,1.0,both,0.0016399571318196546,0.0014044373255334831,4.396995972351689e-05,7.215983403238173e-05,5.732564405361094e-06,-2.7851675041824846,-2.8524976368698773,-4.356843932193857,-4.141704474342275,-5.24165105727211,S,non-synonymous,-1.0215997578605485,-0.8441554163477869,0.06483763795976616,0.31668894892956145,0.1907632934446638
242,single,tttttagtttggtctttgagagatcca,3.0,tgg,1.0,,FLVWSLRDP,,False,False,2.0,1.0,1.0,1455.0,1491.0,2366.0,661.0,619.0,True,False,True,True,False,False,1.0,both,0.0032948682800388804,0.0035923417541538264,0.012795258279543417,0.013448789067785145,0.01356324738308435,-2.4821619426468184,-2.4446223538301903,-1.8929509432079497,-1.8713168178812234,-1.8676363169801982,W,non-synonymous,0.3829909284299355,0.3753928069000436,1.4694283242502502,1.536237172177392,1.502832748213821
243,single,tttttagtttgttctttgagagatcca,3.0,tgt,1.0,,FLVCSLRDP,,False,False,2.0,1.0,1.0,1.0,2.0,9.0,174.0,158.0,True,False,True,True,False,False,1.0,both,0.0008673329511751364,0.0009169466836127699,8.793991944703379e-06,1.8039958508095433e-05,5.159307964824985e-05,-3.061814153849859,-3.037655915895886,-5.0558139365298755,-4.743764465670237,-4.287408547832785,C,non-synonymous,-1.2961126468871056,-1.1171370887180252,-0.20967525106679097,0.04370727655932316,-0.0829839872537339
244,single,tttttagttttaaagttgagagatcca,4.0,aag,1.0,,FLVLKLRDP,,False,False,3.0,1.0,1.0,2076.0,1814.0,2997.0,1075.0,1003.0,True,False,True,True,False,False,1.0,both,0.005358522543179723,0.005820870402934229,0.018256327277204214,0.016362242366842555,0.017180495522867198,-2.2709549378808345,-2.2350120698298905,-1.7385865873534554,-1.7861571786101416,-1.764964314326465,K,non-synonymous,0.3460428420877575,0.2939041871048565,1.432480237908072,1.4547485523822048,1.4436143951451386
245,single,tttttagttttaaatttgagagatcca,4.0,aat,1.0,,FLVLNLRDP,,False,False,2.0,1.0,1.0,836.0,881.0,1344.0,453.0,445.0,True,False,True,True,False,False,1.0,both,0.002258056476335269,0.0025825397101752064,0.0073517772657720245,0.007946601722816037,0.0077045665608053105,-2.6462652001196267,-2.587952991869377,-2.1336076590908593,-2.0998185529221702,-2.113251788554303,N,non-synonymous,0.3332306895020656,0.3196239102726565,1.4196680853223802,1.480468275550005,1.4500681804361926
246,single,tttttagttttaacgttgagagatcca,4.0,acg,1.0,,FLVLTLRDP,,False,False,2.0,1.0,1.0,120.0,148.0,289.0,1640.0,1294.0,True,False,True,True,False,False,1.0,both,0.00817486229843232,0.007509677269588128,0.0010552790333644055,0.001334956929599062,0.0016567111131493562,-2.087519554084761,-2.124378726517627,-2.976632690482251,-2.8745327459392604,-2.780753214515562,T,non-synonymous,-0.5779292408193681,-0.49119083159019716,0.5085081550009465,0.6696535336871512,0.5890808443440488
247,single,tttttagttttaactttgagagatcca,4.0,act,1.0,,FLVLTLRDP,,False,False,1.0,1.0,1.0,33.0,25.0,51.0,473.0,272.0,True,False,True,True,False,False,1.0,both,0.002357749918999078,0.0015785411262194521,0.0002902017341752115,0.0002254994813511929,0.0002923607846734158,-2.627502261394647,-2.8017440988161098,-3.5372999966519885,-3.6468544526621804,-3.5340808811741735,T,non-synonymous,-0.5913743627350819,-0.5533669709737555,0.4950630330852327,0.6074773943035928,0.5512702136944128
248,single,tttttagttttaaggttgagagatcca,4.0,agg,1.0,,FLVLRLRDP,,False,False,3.0,1.0,1.0,3.0,3.0,4.0,5.0,2.0,True,False,True,True,False,False,2.0,both,2.4923360665952197e-05,1.1606920045731265e-05,2.6381975834110136e-05,2.7059937762143145e-05,2.2930257621444375e-05,-4.60339339779644,-4.935283007186327,-4.578692681810213,-4.567673206614556,-4.639591065944147,R,non-synonymous,0.016055623804474756,0.24070598699553913,1.1024930196247893,1.4015503522728876,1.2520216859488384
249,single,tttttagttttaatgttgagagatcca,4.0,atg,1.0,,FLVLMLRDP,,False,False,3.0,1.0,1.0,362.0,320.0,619.0,718.0,614.0,True,False,True,True,False,False,1.0,both,0.0035789945916307356,0.0035633244540394984,0.003183425083982623,0.002886393361295269,0.0035484573669185174,-2.4462389578901584,-2.4481446317091407,-2.49710536599671,-2.539644483014312,-2.4499604082519917,M,non-synonymous,-0.03306349149146431,-0.05991288040770346,1.0533739043288504,1.100931484869645,1.0771526945992478
250,single,tttttagttttaattttgagagatcca,4.0,att,1.0,,FLVLILRDP,,False,False,2.0,1.0,1.0,1591.0,1506.0,2522.0,1504.0,1247.0,True,False,True,True,False,False,1.0,both,0.0074969468883184206,0.007236914648513444,0.013991241184023076,0.01358408875659586,0.01445752743032068,-2.1251155658768353,-2.1404465493717657,-1.8541437568832941,-1.8669694894695361,-1.8399059750350468,I,non-synonymous,0.17613341367287677,0.17906912580137335,1.2625708094931913,1.3399134910787218,1.3012421502859566
251,single,tttttagttttacagttgagagatcca,4.0,cag,1.0,,FLVLQLRDP,,False,False,3.0,1.0,1.0,2483.0,2239.0,3757.0,1386.0,1195.0,True,False,True,True,False,False,1.0,both,0.006908755576601949,0.006935134727324431,0.02183548199869849,0.020195733549812835,0.02153724447094163,-2.1606001718566707,-2.158945097566152,-1.6608372169753114,-1.6947403677551875,-1.666809862208725,Q,non-synonymous,0.3248491258092309,0.303955056375953,1.4112865216295456,1.4647994216533013,1.4380429716414236
252,single,tttttagttttacatttgagagatcca,4.0,cat,1.0,,FLVLHLRDP,,False,False,2.0,1.0,1.0,1086.0,1042.0,1733.0,588.0,476.0,True,False,True,True,False,False,1.0,both,0.0029309872143159785,0.002762446970884041,0.00955027525194787,0.00939881838271772,0.009934534114490776,-2.53298607605632,-2.5587060501298153,-2.0199841112770476,-2.0269267423707125,-2.0028524945581925,H,non-synonymous,0.33345456714879124,0.3482019873759279,1.4198919629691058,1.5090463526532762,1.464469157811191
253,single,tttttagttttaccgttgagagatcca,4.0,ccg,1.0,,FLVLPLRDP,,False,False,2.0,1.0,1.0,355.0,334.0,494.0,205.0,149.0,True,False,True,True,False,False,1.0,both,0.00102185778730404,0.0008647155434069792,0.0031218671403696993,0.003012673070851937,0.0028318868162483806,-2.9906095410767044,-3.0631267344380344,-2.5055855834747818,-2.5210479945226534,-2.5479241083484627,P,non-synonymous,0.31526868305179157,0.35494591797520597,1.401706078872106,1.5157902832525543,1.4587481810623302
254,single,tttttagttttacctttgagagatcca,4.0,cct,1.0,,FLVLPLRDP,,False,False,1.0,1.0,1.0,933.0,922.0,1416.0,487.0,363.0,True,False,True,True,False,False,1.0,both,0.002427535328863744,0.0021066559883002245,0.008204794484408253,0.008316420872231995,0.00811731119799131,-2.6148344409178246,-2.676406377814196,-2.085932292783376,-2.0800635402805887,-2.0905878039183596,P,non-synonymous,0.34378978830251117,0.3904773242524642,1.4302271841228258,1.5513216895298125,1.4907744368263192
255,single,tttttagttttacggttgagagatcca,4.0,cgg,1.0,,FLVLRLRDP,,False,False,3.0,1.0,1.0,912.0,906.0,1487.0,391.0,376.0,True,False,True,True,False,False,1.0,both,0.0019490068040774618,0.002182100968597478,0.008020120653569482,0.008172101204167231,0.008524323270771947,-2.710186644736592,-2.6611251579226476,-2.0958190982014595,-2.087666263657405,-2.0693400887501556,R,non-synonymous,0.39934284537932196,0.3754932238770275,1.4857802411996366,1.5363375891543758,1.5110589151770062
256,single,tttttagttttacgtttgagagatcca,4.0,cgt,1.0,,FLVLRLRDP,,False,False,2.0,1.0,1.0,1226.0,1265.0,1817.0,669.0,516.0,True,False,True,True,False,False,1.0,both,0.003334745657104404,0.002994585371798666,0.010781434124206343,0.01141027375637036,0.010416069524541108,-2.476937284364636,-2.523663301223097,-1.9673234663474795,-1.9427039358223812,-1.9822961299640753,R,non-synonymous,0.3312522500241692,0.3804044321875447,1.4176896458444839,1.5412487974648932,1.4794692216546885
257,single,tttttagttttactgttgagagatcca,4.0,ctg,1.0,,FLVLLLRDP,,False,False,3.0,1.0,1.0,219.0,222.0,296.0,1433.0,1150.0,True,False,True,True,False,False,1.0,both,0.0071430351668619,0.006673979026295477,0.00192588423589004,0.0020024353943985927,0.0016968390639868838,-2.146117211735114,-2.1756151624966966,-2.7153698216897575,-2.6984414868835795,-2.770359346213171,L,non-synonymous,-0.3700178472657864,-0.34233969345500115,0.7164195485545282,0.8185046718223472,0.7674621101884377
258,single,tttttagttttacttttgagagatcca,4.0,ctt,1.0,,FLVLLLRDP,,False,False,2.0,1.0,1.0,166.0,150.0,342.0,1256.0,1144.0,True,False,True,True,False,False,1.0,both,0.006260748199287192,0.006639158266158284,0.0014598026628207608,0.0013529968881071574,0.001960537026633494,-2.2033737627312813,-2.1778869783933033,-2.8357058484898205,-2.8687032022785366,-2.707624951215975,L,non-synonymous,-0.4110199110867527,-0.45233723568901807,0.6754174847335619,0.7085071295883303,0.6919623071609461
259,single,tttttagttttagagttgagagatcca,4.0,gag,1.0,,FLVLELRDP,,False,False,3.0,1.0,1.0,580.0,532.0,843.0,699.0,585.0,True,False,True,True,False,False,1.0,both,0.0034842858211001173,0.003395024113376395,0.00510051532792796,0.004798628963153384,0.004832551793719403,-2.457886226386777,-2.469157136768128,-2.2923859429669387,-2.3188828290391696,-2.3158234826473674,E,non-synonymous,0.10757624562804481,0.09839760938285458,1.1940136414483595,1.259241974660203,1.2266278080542814
260,single,tttttagttttagatttgagagatcca,4.0,gat,1.0,,FLVLDLRDP,,False,False,2.0,1.0,1.0,250.0,245.0,453.0,847.0,653.0,True,False,True,True,False,False,1.0,both,0.004222017296812302,0.003789659394931258,0.0021984979861758448,0.00220989491724169,0.0025968516756285755,-2.374479991801752,-2.4213998215752346,-2.657873927857838,-2.6556283769696853,-2.585552855259278,D,non-synonymous,-0.18420787593052237,-0.15336972931915344,0.9022295198897923,1.007474635958195,0.9548520779239936
261,single,tttttagttttagcgttgagagatcca,4.0,gcg,1.0,,FLVLALRDP,,False,False,2.0,1.0,1.0,1.0,9.0,6.0,541.0,460.0,True,False,True,True,False,False,1.0,both,0.002696707624056028,0.002669591610518191,8.793991944703379e-06,8.117981328642944e-05,3.4395386432166565e-05,-2.5691661370258894,-2.5735551711687346,-5.0558139365298755,-4.090551951894893,-4.463499806888466,A,non-synonymous,-1.6163370173287073,-0.9933092284422211,-0.5298996215083926,0.16753513683512722,-0.18118224233663272
262,single,tttttagttttagctttgagagatcca,4.0,gct,1.0,,FLVLALRDP,,False,False,1.0,1.0,1.0,1.0,1.0,1.0,78.0,72.0,True,False,True,True,False,False,1.0,both,0.00038880442638885426,0.00041784912164632553,8.793991944703379e-06,9.019979254047716e-06,5.732564405361094e-06,-3.4102687994419782,-3.37898050641904,-5.0558139365298755,-5.0447944613342175,-5.24165105727211,A,non-synonymous,-1.0696148925034554,-1.0907527262470662,0.016822503316859194,0.07009163903028215,0.04345707117357067
263,single,tttttagttttagggttgagagatcca,4.0,ggg,1.0,,FLVLGLRDP,,False,False,3.0,1.0,1.0,14.0,11.0,14.0,1687.0,1462.0,True,False,True,True,False,False,1.0,both,0.008409141888692271,0.008484658553429555,0.0001231158872258473,9.921977179452487e-05,8.025590167505532e-05,-2.0752483195433333,-2.071365630228467,-3.909685900851638,-4.003401776175993,-4.095523021593872,G,non-synonymous,-1.192396192673123,-1.2650714608207523,-0.1059587968528084,-0.10422709554340392,-0.10509294619810616
264,single,tttttagttttaggtttgagagatcca,4.0,ggt,1.0,,FLVLGLRDP,,False,False,2.0,1.0,1.0,1.0,1.0,1.0,7.0,1.0,True,False,True,True,False,False,2.0,both,3.489270493233308e-05,5.8034600228656326e-06,8.793991944703379e-06,9.019979254047716e-06,5.732564405361094e-06,-4.457265362118202,-5.236313002850308,-5.0558139365298755,-5.0447944613342175,-5.24165105727211,G,non-synonymous,-0.38906041204705144,0.1254037827388562,0.6973769837732632,1.2862481480162045,0.9918125658947339
265,single,tttttagttttagtgttgagagatcca,4.0,gtg,1.0,,FLVLVLRDP,,False,False,3.0,1.0,1.0,2.0,1.0,1.0,31.0,16.0,True,False,True,True,False,False,1.0,both,0.00015452483612890362,9.285536036585012e-05,1.7587983889406758e-05,9.019979254047716e-06,5.732564405361094e-06,-3.811001708298186,-4.032193020194383,-4.754783940865894,-5.0447944613342175,-5.24165105727211,V,non-synonymous,-0.6134645039400453,-0.663037897639189,0.47297289188026936,0.4978064676381594,0.4853896797592144
266,single,tttttagttttagttttgagagatcca,4.0,gtt,1.0,,FLVLVLRDP,,False,False,2.0,1.0,1.0,6.0,2.0,12.0,255.0,210.0,True,False,True,True,False,False,1.0,both,0.001271091393963562,0.001218726604801783,5.276395166822027e-05,1.8039958508095433e-05,6.879077286433313e-05,-2.8958232216985036,-2.9140937081163893,-4.277662686146233,-4.743764465670237,-4.162469811224485,V,non-synonymous,-0.8982045140602789,-1.1980439718660025,0.18823288176003572,-0.03719960658865418,0.07551663758569077
267,single,tttttagttttatagttgagagatcca,4.0,tag,1.0,,FLVL*LRDP,,True,False,2.0,1.0,1.0,4.0,2.0,2.0,57.0,38.0,True,False,True,True,False,False,1.0,both,0.00028412631159185507,0.00022053148086889404,3.5175967778813516e-05,1.8039958508095433e-05,1.1465128810722188e-05,-3.546488546459967,-3.6565294062334983,-4.453753945201913,-4.743764465670237,-4.9406210616081285,*,stop,-0.5897283277594079,-0.7119069939670417,0.49670906806090676,0.44893737131030664,0.4728232196856067
268,single,tttttagttttatatttgagagatcca,4.0,tat,1.0,,FLVLYLRDP,,False,False,1.0,1.0,1.0,418.0,482.0,858.0,312.0,268.0,True,False,True,True,False,False,1.0,both,0.001555217705555417,0.0015553272861279896,0.0036758886328860122,0.004347630000450999,0.004918540259799819,-2.808208808114016,-2.8081782088215195,-2.4346376547548405,-2.3617474230953683,-2.308163769423404,Y,non-synonymous,0.24282364551226693,0.2923169152081058,1.3292610413325816,1.4531612804854541,1.3912111609090179
269,single,tttttagttttatcgttgagagatcca,4.0,tcg,1.0,,FLVLSLRDP,,False,False,1.0,0.0,1.0,9.0,4.0,7.0,761.0,635.0,True,False,True,True,False,False,1.0,both,0.0037933354933579245,0.0036851971145196766,7.914592750233041e-05,3.6079917016190865e-05,4.012795083752766e-05,-2.420978745361886,-2.433539277558333,-4.101571427090551,-4.442734470006256,-4.396553017257853,S,synonymous,-1.0923960212908348,-1.315594173802357,-0.0059586254705201736,-0.15474980852500875,-0.08035421699776446
270,single,tttttagttttatctaagagagatcca,5.0,aag,1.0,,FLVLSKRDP,,False,False,2.0,1.0,1.0,6.0,2.0,10.0,225.0,209.0,True,False,True,True,False,False,1.0,both,0.001121551229967849,0.0012129231447789172,5.276395166822027e-05,1.8039958508095433e-05,5.7325644053610944e-05,-2.9501808840210964,-2.9161667167392546,-4.277662686146233,-4.743764465670237,-4.24165105727211,K,non-synonymous,-0.8628716849378811,-1.1966865935103632,0.2235657108824335,-0.03584222823301486,0.09386174132470931
271,single,tttttagttttatctaatagagatcca,5.0,aat,1.0,,FLVLSNRDP,,False,False,3.0,1.0,1.0,5.0,10.0,12.0,934.0,777.0,True,False,True,True,False,False,1.0,both,0.0046556837723998705,0.004509288437766597,4.396995972351689e-05,9.019979254047716e-05,6.879077286433313e-05,-2.3320165259023655,-2.3458919840493944,-4.356843932193857,-4.044794461334218,-4.162469811224485,N,non-synonymous,-1.3161507999417692,-1.112418648708387,-0.22971340412145458,0.04842571656896144,-0.09064384377624657
272,single,tttttagttttatctacgagagatcca,5.0,acg,1.0,,FLVLSTRDP,,False,False,2.0,1.0,1.0,3.0,19.0,9.0,1288.0,1148.0,True,False,True,True,False,False,1.0,both,0.006420257707549286,0.006662372106249746,2.6381975834110136e-05,0.00017137960582690659,5.159307964824985e-05,-2.1924475391086653,-2.176371114788354,-4.578692681810213,-3.766040860381389,-4.287408547832785,T,non-synonymous,-1.5510746464934397,-1.0408945150938984,-0.4646372506731251,0.11994985018344995,-0.17234370024483758
273,single,tttttagttttatctactagagatcca,5.0,act,1.0,,FLVLSTRDP,,False,False,3.0,1.0,1.0,2.0,7.0,8.0,502.0,372.0,True,False,True,True,False,False,1.0,both,0.0025023054108616006,0.0021588871285060152,1.7587983889406758e-05,6.3139854778334e-05,4.586051524288875e-05,-2.6016596849874394,-2.665770062968411,-4.754783940865894,-4.1996964213199615,-4.338561070280166,T,non-synonymous,-1.3995445749811726,-1.0043944897312271,-0.31310717916085795,0.15644987554612122,-0.07832865180736837
274,single,tttttagttttatctaggagagatcca,5.0,agg,1.0,,FLVLSRRDP,,False,False,2.0,1.0,1.0,1535.0,1535.0,2455.0,890.0,759.0,True,False,True,True,False,False,1.0,both,0.004436358198539491,0.004404826157355015,0.013498777635119686,0.013845668154963244,0.014073445615161486,-2.352973395487546,-2.3560712269548283,-1.8697055567166705,-1.8586860815210127,-1.8515995608131224,R,non-synonymous,0.3141271945490708,0.3256811493119907,1.4005645903693855,1.486525514589339,1.4435450524793623
275,single,tttttagttttatctagtagagatcca,5.0,agt,1.0,,FLVLSSRDP,,False,False,3.0,1.0,1.0,3.0,5.0,7.0,252.0,189.0,True,False,True,True,False,False,1.0,both,0.0012561373775639908,0.0010968539443216045,2.6381975834110136e-05,4.509989627023858e-05,4.012795083752766e-05,-2.900962861350915,-2.9598511986770646,-4.578692681810213,-4.345824456998199,-4.396553017257853,S,non-synonymous,-1.0905351431053205,-0.9075167761433987,-0.004097747285005893,0.2533275891339497,0.1246149209244719
276,single,tttttagttttatctatgagagatcca,5.0,atg,1.0,,FLVLSMRDP,,False,False,1.0,1.0,1.0,11.0,7.0,9.0,631.0,536.0,True,False,True,True,False,False,1.0,both,0.0031453281160431674,0.003110654572255979,9.673391139173717e-05,6.3139854778334e-05,5.159307964824985e-05,-2.5023340428883243,-2.5071482131575387,-4.014421251371651,-4.1996964213199615,-4.287408547832785,M,non-synonymous,-0.9828663830029912,-1.1082579581654148,0.1035710128173234,0.05258640711193352,0.07807870996462846
277,single,tttttagttttatctattagagatcca,5.0,att,1.0,,FLVLSIRDP,,False,False,2.0,1.0,1.0,8.0,8.0,5.0,812.0,703.0,True,False,True,True,False,False,1.0,both,0.004047553772150637,0.00407983239607454,7.035193555762703e-05,7.215983403238173e-05,2.8662822026805472e-05,-2.3928073728912835,-2.3893576778304846,-4.152723949537932,-4.141704474342275,-4.542681052936091,I,non-synonymous,-1.1439570617165051,-1.1474132750453958,-0.05751966589619051,0.013431090231952547,-0.02204428783211898
278,single,tttttagttttatctcagagagatcca,5.0,cag,1.0,,FLVLSQRDP,,False,False,2.0,1.0,1.0,950.0,934.0,1371.0,520.0,484.0,True,False,True,True,False,False,1.0,both,0.0025920295092590286,0.0028088746510669662,0.00835429234746821,0.008424660623280567,0.00785934579975006,-2.5863600584976596,-2.551467641205896,-2.078090331241028,-2.0744475851041244,-2.104613602482597,Q,non-synonymous,0.3303785824097533,0.3123463608479793,1.416815978230068,1.4731907261253276,1.445003352177698
279,single,tttttagttttatctcatagagatcca,5.0,cat,1.0,,FLVLSHRDP,,False,False,3.0,1.0,1.0,571.0,530.0,917.0,250.0,279.0,True,False,True,True,False,False,1.0,both,0.0012461680332976099,0.0016191653463795115,0.00502136940042563,0.004780589004645289,0.005256761559716124,-2.904423393460421,-2.790708799576711,-2.299177828284028,-2.320518591733429,-2.2792817216020884,H,non-synonymous,0.3934134989940184,0.30787426743933666,1.479850894814333,1.468718632716685,1.474284763765509
280,single,tttttagttttatctccgagagatcca,5.0,ccg,1.0,,FLVLSPRDP,,False,False,2.0,1.0,1.0,12.0,18.0,46.0,1108.0,964.0,True,False,True,True,False,False,1.0,both,0.005523016723575007,0.00559453546204247,0.00010552790333644054,0.00016235962657285889,0.00026369796264661034,-2.257823641740048,-2.2522359689474776,-3.976632690482251,-3.789521956230912,-3.5788932255905355,P,non-synonymous,-1.1172369049431647,-1.0065943298789328,-0.03079950912285012,0.15425003539841553,0.061725263137782704
281,single,tttttagttttatctcctagagatcca,5.0,cct,1.0,,FLVLSPRDP,,False,False,3.0,1.0,1.0,2.0,4.0,12.0,382.0,323.0,True,False,True,True,False,False,1.0,both,0.0019041447548787478,0.0018745175873855994,1.7587983889406758e-05,3.6079917016190865e-05,6.879077286433313e-05,-2.72030003922075,-2.7271104805192055,-4.754783940865894,-4.442734470006256,-4.162469811224485,P,non-synonymous,-1.3224275838517727,-1.1233676715375782,-0.2359901880314581,0.03747669373977014,-0.09925674714584398
282,single,tttttagttttatctcgtagagatcca,5.0,cgt,1.0,,FLVLSRRDP,,False,False,3.0,1.0,1.0,260.0,215.0,400.0,134.0,124.0,True,False,True,True,False,False,1.0,both,0.0006679460658475188,0.0007196290428353384,0.0022864379056228784,0.0019392955396202588,0.0022930257621444376,-3.1752586037676513,-3.1428913176880733,-2.640840588559058,-2.7123560014186125,-2.6395910659441473,R,non-synonymous,0.3473751372756883,0.28190877413466575,1.433812533096003,1.442753139412014,1.4382828362540085
283,single,tttttagttttatctctgagagatcca,5.0,ctg,1.0,,FLVLSLRDP,,False,False,1.0,0.0,1.0,13.0,8.0,20.0,726.0,737.0,True,False,True,True,False,False,1.0,both,0.003618871968696259,0.0042771500368519715,0.00011432189528114392,7.215983403238173e-05,0.00011465128810722189,-2.441426781432365,-2.368845514991257,-3.941870584223039,-4.141704474342275,-3.9406210616081285,L,synonymous,-0.9752980946299601,-1.1608443652773484,0.11113930119035453,0.0,0.05556965059517727
284,single,tttttagttttatctcttagagatcca,5.0,ctt,1.0,,FLVLSLRDP,,False,False,2.0,0.0,1.0,19.0,16.0,28.0,1573.0,1223.0,True,False,True,True,False,False,1.0,both,0.007840889265508562,0.007097631607964668,0.0001670858469493642,0.00014431966806476346,0.00016051180335011065,-2.105634679509172,-2.148886545814023,-3.7770603355770467,-3.8406744786782934,-3.7944930259298904,L,synonymous,-1.0864373958203146,-1.1077601400557084,0.0,0.053084225221639914,0.026542112610819957
285,single,tttttagttttatctgagagagatcca,5.0,gag,1.0,,FLVLSERDP,,False,False,2.0,1.0,1.0,4.0,8.0,7.0,855.0,844.0,True,False,True,True,False,False,1.0,both,0.0042618946738778255,0.004898120259298594,3.5175967778813516e-05,7.215983403238173e-05,4.012795083752766e-05,-2.3703972874042862,-2.3099705562246533,-4.453753945201913,-4.141704474342275,-4.396553017257853,E,non-synonymous,-1.3541951887871777,-1.199394901844096,-0.2677577929668631,-0.03855053656674756,-0.15315416476680532
286,single,tttttagttttatctgatagagatcca,5.0,gat,1.0,,FLVLSDRDP,,False,False,3.0,1.0,1.0,6.0,10.0,2.0,833.0,751.0,True,False,True,True,False,False,1.0,both,0.004152231886947636,0.00435839847717209,5.276395166822027e-05,9.019979254047716e-05,1.1465128810722188e-05,-2.381718400725671,-2.3606730658461403,-4.277662686146233,-4.044794461334218,-4.9406210616081285,D,non-synonymous,-1.2323759448078462,-1.1027401937890304,-0.14593854898753156,0.058104171488317924,-0.04391718874960682
287,single,tttttagttttatctgcgagagatcca,5.0,gcg,1.0,,FLVLSARDP,,False,False,2.0,1.0,1.0,6.0,1.0,5.0,333.0,224.0,True,False,True,True,False,False,1.0,both,0.0016598958203524164,0.0012999750451219017,5.276395166822027e-05,9.019979254047716e-06,2.8662822026805472e-05,-2.779919168626139,-2.8860649845161457,-4.277662686146233,-5.0447944613342175,-4.542681052936091,A,non-synonymous,-0.9735428918863076,-1.4135072257748686,0.11289450393400702,-0.2526628604975203,-0.06988417828175664
288,single,tttttagttttatctgctagagatcca,5.0,gct,1.0,,FLVLSARDP,,False,False,3.0,1.0,1.0,4.0,8.0,4.0,598.0,474.0,True,False,True,True,False,False,1.0,both,0.002980833935647883,0.0027508400508383097,3.5175967778813516e-05,7.215983403238173e-05,2.2930257621444375e-05,-2.525662218144048,-2.5605346611762236,-4.453753945201913,-4.141704474342275,-4.639591065944147,A,non-synonymous,-1.2532719880437053,-1.0353288728801968,-0.1668345922233907,0.12551549239715154,-0.02065954991311958
289,single,tttttagttttatctggtagagatcca,5.0,ggt,1.0,,FLVLSGRDP,,False,False,3.0,1.0,1.0,1.0,12.0,4.0,887.0,749.0,True,False,True,True,False,False,1.0,both,0.00442140418213992,0.004346791557126359,8.793991944703379e-06,0.00010823975104857258,2.2930257621444375e-05,-2.3544397823007324,-2.361831185150842,-5.0558139365298755,-3.9656132152865933,-4.639591065944147,G,non-synonymous,-1.7559105250074212,-1.0501350505049045,-0.6694731291871066,0.11070931477244383,-0.27938190720733136
290,single,tttttagttttatctgtgagagatcca,5.0,gtg,1.0,,FLVLSVRDP,,False,False,1.0,1.0,1.0,7.0,7.0,7.0,466.0,395.0,True,False,True,True,False,False,1.0,both,0.0023228572140667446,0.002292366709031925,6.155794361292365e-05,6.3139854778334e-05,4.012795083752766e-05,-2.6339774854424585,-2.6397159072238483,-4.210715896515619,-4.1996964213199615,-4.396553017257853,V,non-synonymous,-1.0248900793147935,-1.021454402889353,0.061547316505521144,0.13938996238799528,0.10046863944675821
291,single,tttttagttttatctgttagagatcca,5.0,gtt,1.0,,FLVLSVRDP,,False,False,2.0,1.0,1.0,5.0,11.0,1.0,588.0,578.0,True,False,True,True,False,False,1.0,both,0.0029309872143159785,0.0033543998932163356,4.396995972351689e-05,9.921977179452487e-05,5.732564405361094e-06,-2.53298607605632,-2.4743851644297794,-4.356843932193857,-4.003401776175993,-5.24165105727211,V,non-synonymous,-1.185519303461033,-1.0011796532369406,-0.09908190764071834,0.15966471204040777,0.03029140219984472
292,single,tttttagttttatcttagagagatcca,5.0,tag,1.0,,FLVLS*RDP,,True,False,1.0,1.0,1.0,8.0,8.0,8.0,391.0,376.0,True,False,True,True,False,False,1.0,both,0.0019490068040774618,0.002182100968597478,7.035193555762703e-05,7.215983403238173e-05,4.586051524288875e-05,-2.710186644736592,-2.6611251579226476,-4.152723949537932,-4.141704474342275,-4.338561070280166,*,stop,-0.9376584995643862,-0.969463559267612,0.14877889625592844,0.1913808060097364,0.17007985113283242
293,single,tttttagttttatcttatagagatcca,5.0,tat,1.0,,FLVLSYRDP,,False,False,2.0,1.0,1.0,7.0,8.0,2.0,649.0,507.0,True,False,True,True,False,False,1.0,both,0.003235052214440595,0.002942354231592876,6.155794361292365e-05,7.215983403238173e-05,1.1465128810722188e-05,-2.4901187053320895,-2.5313050435169724,-4.210715896515619,-4.141704474342275,-4.9406210616081285,Y,non-synonymous,-1.1183992089979444,-1.0544680360832155,-0.031961813177629805,0.10637632919413287,0.03720725800825153
294,single,tttttagttttatcttcgagagatcca,5.0,tcg,1.0,,FLVLSSRDP,,False,False,1.0,1.0,1.0,5.0,8.0,3.0,501.0,401.0,True,False,True,True,False,False,1.0,both,0.00249732073872841,0.0023271874691691186,4.396995972351689e-05,7.215983403238173e-05,1.7197693216083282e-05,-2.602525676265213,-2.6331686302301263,-4.356843932193857,-4.141704474342275,-4.764529802552447,S,non-synonymous,-1.1403181173460177,-0.9877691201659609,-0.05388072152570311,0.1730752451113875,0.05959726179284219
295,single,tttttagttttatcttctagagatcca,5.0,tct,1.0,,FLVLSSRDP,,False,False,2.0,1.0,1.0,8.0,7.0,23.0,1062.0,925.0,True,False,True,True,False,False,1.0,both,0.005293721805448247,0.00536820052115071,7.035193555762703e-05,6.3139854778334e-05,0.00013184898132330517,-2.2762388853870084,-2.270171270111276,-4.152723949537932,-4.1996964213199615,-3.8799232212545167,S,non-synonymous,-1.2197273261845016,-1.2634272950068561,-0.13328993036418701,-0.10258292972950778,-0.1179364300468474
296,single,tttttagttttatcttggagagatcca,5.0,tgg,1.0,,FLVLSWRDP,,False,False,1.0,1.0,1.0,139.0,130.0,264.0,338.0,313.0,True,False,True,True,False,False,1.0,both,0.0016848191810183684,0.001816482987156943,0.0012223648803137697,0.0011725973030262031,0.001513397003015329,-2.773446701854804,-2.74076866530386,-2.9127991362757806,-2.930851109027381,-2.8200471304022785,W,non-synonymous,-0.09057997608443968,-0.12446344508723513,0.9958574197358749,1.0363809201901133,1.0161191699629941
297,single,tttttagttttatcttgtagagatcca,5.0,tgt,1.0,,FLVLSCRDP,,False,False,2.0,1.0,1.0,7.0,8.0,1.0,828.0,661.0,True,False,True,True,False,False,1.0,both,0.004127308526281684,0.0038360870751141833,6.155794361292365e-05,7.215983403238173e-05,5.732564405361094e-06,-2.3843330653475787,-2.4161115433646683,-4.210715896515619,-4.141704474342275,-5.24165105727211,C,non-synonymous,-1.187160553424316,-1.1298952012635346,-0.1007231576040013,0.030949164013813757,-0.03488699679509377
298,single,tttttagttttatctttgaaggatcca,6.0,aag,1.0,,FLVLSLKDP,,False,False,2.0,1.0,1.0,6.0,3.0,14.0,676.0,567.0,True,False,True,True,False,False,1.0,both,0.003369638362036737,0.0032905618329648135,5.276395166822027e-05,2.7059937762143145e-05,8.025590167505532e-05,-2.4724167061908227,-2.482729943957402,-4.277662686146233,-4.567673206614556,-4.095523021593872,K,non-synonymous,-1.1734214645788594,-1.365192998355895,-0.08698406875854481,-0.20434863307854667,-0.14566635091854574
299,single,tttttagttttatctttgaatgatcca,6.0,aat,1.0,,FLVLSLNDP,,False,False,2.0,1.0,1.0,1763.0,1694.0,2695.0,912.0,809.0,True,False,True,True,False,False,1.0,both,0.004546020985469681,0.004694999158498297,0.015503807798512056,0.01527984485635683,0.015449261072448149,-2.3423685638040426,-2.328364481238036,-1.8095616242305537,-1.81588105533953,-1.8110922877493523,N,non-synonymous,0.3463279277805377,0.33556730168207505,1.4327653236008524,1.4964116669594234,1.4645884952801378
300,single,tttttagttttatctttgacggatcca,6.0,acg,1.0,,FLVLSLTDP,,False,False,2.0,1.0,1.0,243.0,233.0,474.0,647.0,561.0,True,False,True,True,False,False,1.0,both,0.003225082870174214,0.0032557410728276197,0.002136940042562921,0.002101655166193118,0.0027172355281411585,-2.4914591214637585,-2.4873501415941472,-2.6702076629315634,-2.677438540308199,-2.5658727155980245,T,non-synonymous,-0.11618769832445097,-0.12446734433548969,0.9702496974958636,1.0363770209418586,1.0033133592188612
301,single,tttttagttttatctttgactgatcca,6.0,act,1.0,,FLVLSLTDP,,False,False,2.0,1.0,1.0,293.0,222.0,483.0,510.0,603.0,True,False,True,True,False,False,1.0,both,0.002542182787927124,0.003499486393787976,0.00257663963979809,0.0020024353943985927,0.0027688286077894083,-2.5947932260345223,-2.455995690710157,-2.5889463161757664,-2.6984414868835795,-2.5577039265205976,T,non-synonymous,0.0038005289062555056,-0.1587502688178442,1.09023792472657,1.0020940964595042,1.046166010593037
302,single,tttttagttttatctttgagaaagcca,7.0,aag,1.0,,FLVLSLRKP,,False,False,2.0,1.0,1.0,118.0,105.0,222.0,1559.0,1288.0,True,False,True,True,False,False,1.0,both,0.007771103855643895,0.007474856509450935,0.0010376910494749986,0.0009470978216750102,0.0012726292979901629,-2.109517286943617,-2.126397139826515,-2.9839319292237505,-3.0236051622642797,-2.895298082821471,K,non-synonymous,-0.5683751253770402,-0.5874798284629342,0.5180622704432745,0.5733645368144141,0.5457134036288442
303,single,tttttagttttatctttgagaaatcca,7.0,aat,1.0,,FLVLSLRNP,,False,False,1.0,1.0,1.0,9.0,7.0,10.0,1141.0,983.0,True,False,True,True,False,False,1.0,both,0.005687510903970292,0.005704801202476917,7.914592750233041e-05,6.3139854778334e-05,5.7325644053610944e-05,-2.245077757714244,-2.243759485018173,-4.101571427090551,-4.1996964213199615,-4.24165105727211,N,non-synonymous,-1.206732791369925,-1.2807213790853034,-0.12029539554961044,-0.11987701380795501,-0.12008620467878273
304,single,tttttagttttatctttgagaacgcca,7.0,acg,1.0,,FLVLSLRTP,,False,False,3.0,1.0,1.0,2083.0,2113.0,3078.0,1025.0,919.0,True,False,True,True,False,False,1.0,both,0.0051092889365202,0.005333379761013516,0.018317885220817138,0.019059216163802822,0.01764483323970145,-2.2916395367406857,-2.272997491464197,-1.7371246665821298,-1.7198949642819046,-1.7533824417766497,T,non-synonymous,0.36043822188058866,0.3621641466252138,1.4468756177009032,1.523008511902562,1.4849420648017326
305,single,tttttagttttatctttgagaactcca,7.0,act,1.0,,FLVLSLRTP,,False,False,2.0,1.0,1.0,1578.0,1606.0,2728.0,1053.0,741.0,True,False,True,True,False,False,1.0,both,0.005248859756249532,0.004300363876943433,0.013876919288741931,0.014486086682000632,0.015638435697825064,-2.279935030946972,-2.3664947948709805,-1.8577069376564743,-1.8390489203915559,-1.8058066912876685,T,non-synonymous,0.274450968519821,0.3453645131490658,1.3608883643401355,1.5062088784264143,1.4335486213832749
306,single,tttttagttttatctttgagaagtcca,7.0,agt,1.0,,FLVLSLRSP,,False,False,2.0,1.0,1.0,191.0,145.0,321.0,833.0,728.0,True,False,True,True,False,False,1.0,both,0.004152231886947636,0.00422491889664618,0.0016796524614383452,0.0013078969918369188,0.0018401531741209112,-2.381718400725671,-2.3741816235372712,-2.7747805692821483,-2.883426459099243,-2.7351460248672375,S,non-synonymous,-0.2554929303924978,-0.33344671598980763,0.8309444654278169,0.8273976492875408,0.8291710573576788
307,single,tttttagttttatctttgagaatgcca,7.0,atg,1.0,,FLVLSLRMP,,False,False,3.0,1.0,1.0,4.0,6.0,11.0,771.0,635.0,True,False,True,True,False,False,1.0,both,0.003843182214689829,0.0036851971145196766,3.5175967778813516e-05,5.411987552428629e-05,6.305820845897204e-05,-2.415309024081502,-2.433539277558333,-4.453753945201913,-4.2666432109505745,-4.200258372113884,M,non-synonymous,-1.3250022719139547,-1.2002919695456742,-0.23856487609364008,-0.03944760426832583,-0.13900624018098295
308,single,tttttagttttatctttgagaattcca,7.0,att,1.0,,FLVLSLRIP,,False,False,2.0,1.0,1.0,2066.0,2017.0,3358.0,1011.0,896.0,True,False,True,True,False,False,1.0,both,0.005039503526655534,0.005199900180487607,0.01816838735775718,0.018193298155414244,0.019249951273202556,-2.2976122465414575,-2.284004993188183,-1.740683619346274,-1.7400885631214524,-1.7155703654700796,I,non-synonymous,0.36200717943457666,0.356149212939009,1.4484445752548913,1.5169935782163573,1.4827190767356244
309,single,tttttagttttatctttgagacagcca,7.0,cag,1.0,,FLVLSLRQP,,False,False,2.0,1.0,1.0,11.0,2.0,10.0,998.0,820.0,True,False,True,True,False,False,1.0,both,0.004974702788924058,0.004758837218749819,9.673391139173717e-05,1.8039958508095433e-05,5.7325644053610944e-05,-2.3032328608450876,-2.3224991504665917,-4.014421251371651,-4.743764465670237,-4.24165105727211,Q,non-synonymous,-1.112283428229331,-1.5854121858766128,-0.025846032409016395,-0.42456782059926446,-0.22520692650414043
310,single,tttttagttttatctttgagacatcca,7.0,cat,1.0,,FLVLSLRHP,,False,False,1.0,1.0,1.0,259.0,211.0,397.0,557.0,513.0,True,False,True,True,False,False,1.0,both,0.002776462378187075,0.0029771749917300696,0.002277643913678175,0.0019032156226040681,0.0022758280689283545,-2.5565082069587297,-2.526195637738492,-2.642514172448624,-2.7205120060365253,-2.6428605505089946,H,non-synonymous,-0.05590442915162355,-0.1272357623431609,1.030532966668691,1.0336086029341875,1.0320707848014394
311,single,tttttagttttatctttgagaccgcca,7.0,ccg,1.0,,FLVLSLRPP,,False,False,3.0,1.0,1.0,1673.0,1680.0,2862.0,888.0,805.0,True,False,True,True,False,False,1.0,both,0.0044263888542731104,0.004671785318406834,0.014712348523488752,0.015153565146800163,0.01640659932814345,-2.3539504363538577,-2.33051712248244,-1.8323179955674813,-1.819485179608355,-1.7849814278483522,P,non-synonymous,0.3390644319033543,0.3346168899861486,1.4255018277236688,1.495461255263497,1.460481541493583
312,single,tttttagttttatctttgagacctcca,7.0,cct,1.0,,FLVLSLRPP,,False,False,2.0,1.0,1.0,127.0,117.0,162.0,81.0,55.0,True,False,True,True,False,False,1.0,both,0.0004037584427884256,0.0003191903012576098,0.001116836976977329,0.0010553375727235827,0.0009286754336684973,-3.393878383253809,-3.4959503133560648,-2.9520102155739187,-2.9766085995880562,-3.0321360427294786,P,non-synonymous,0.28721714283087385,0.34005801696812116,1.3736545386511885,1.5009023822454695,1.4372784604483289
313,single,tttttagttttatctttgagacggcca,7.0,cgg,1.0,,FLVLSLRRP,,False,False,3.0,1.0,1.0,1486.0,1565.0,2828.0,780.0,668.0,True,False,True,True,False,False,1.0,both,0.0038880442638885428,0.0038767112952742427,0.01306787202982922,0.014116267532584674,0.016211692138361173,-2.4102687994419782,-2.4115365403747626,-1.8837951271053193,-1.8502801194517506,-1.790171652147248,R,non-synonymous,0.3422112634593721,0.3675032073294276,1.4286486592796868,1.528347572606776,1.4784981159432313
314,single,tttttagttttatctttgagacgtcca,7.0,cgt,1.0,,FLVLSLRRP,,False,False,2.0,1.0,1.0,150.0,160.0,207.0,66.0,52.0,True,False,True,True,False,False,1.0,both,0.000328988360790569,0.0003017799211890129,0.0013190987917055068,0.0014431966806476345,0.0011866408319097465,-3.4828194665905903,-3.5203096592155094,-2.8797226774741946,-2.8406744786782934,-2.925680711815192,R,non-synonymous,0.39201678077424584,0.4450160378576807,1.4784541765945605,1.605860403135029,1.5421572898647948
315,single,tttttagttttatctttgagactgcca,7.0,ctg,1.0,,FLVLSLRLP,,False,False,3.0,1.0,1.0,3.0,5.0,11.0,577.0,526.0,True,False,True,True,False,False,1.0,both,0.0028761558208508834,0.0030526199720273227,2.6381975834110136e-05,4.509989627023858e-05,6.305820845897204e-05,-2.5411875889767273,-2.5153272586965696,-4.578692681810213,-4.345824456998199,-4.200258372113884,L,non-synonymous,-1.3243913775000398,-1.1985851142283088,-0.23795398167972515,-0.03774074895096047,-0.1378473653153428
316,single,tttttagttttatctttgagacttcca,7.0,ctt,1.0,,FLVLSLRLP,,False,False,2.0,1.0,1.0,6.0,4.0,1.0,573.0,377.0,True,False,True,True,False,False,1.0,both,0.0028562171323181216,0.0021879044286203433,5.276395166822027e-05,3.6079917016190865e-05,5.732564405361094e-06,-2.544208780165069,-2.659971652644516,-4.277662686146233,-4.442734470006256,-5.24165105727211,L,non-synonymous,-1.126756156070545,-1.1673292792100747,-0.0403187602502304,-0.006484913932726322,-0.02340183709147836
317,single,tttttagttttatctttgagagagcca,7.0,gag,1.0,,FLVLSLREP,,False,False,1.0,1.0,1.0,7.0,4.0,7.0,817.0,632.0,True,False,True,True,False,False,1.0,both,0.004072477132816589,0.0036677867344510795,6.155794361292365e-05,3.6079917016190865e-05,4.012795083752766e-05,-2.390141345600043,-2.4355959245679237,-4.210715896515619,-4.442734470006256,-4.396553017257853,E,non-synonymous,-1.1833851340098938,-1.3142475088125365,-0.09694773818957914,-0.15340314353518814,-0.12517544086238364
318,single,tttttagttttatctttgagagataag,8.0,aag,1.0,,FLVLSLRDK,,False,False,3.0,1.0,1.0,252.0,231.0,404.0,216.0,207.0,True,False,True,True,False,False,1.0,both,0.001076689180769135,0.0012013162247331859,0.0022160859700652512,0.0020836152076850224,0.002315956019765882,-2.967909650981528,-2.9203426573933906,-2.654413395748332,-2.6811824814420735,-2.6352696921615046,K,non-synonymous,0.20377457645124428,0.1565988885847161,1.2902119722715588,1.3174432538620644,1.3038276130668116
319,single,tttttagttttatctttgagagatacg,8.0,acg,1.0,,FLVLSLRDT,,False,False,2.0,1.0,1.0,148.0,148.0,258.0,102.0,71.0,True,False,True,True,False,False,1.0,both,0.0005084365575854248,0.0004120456616234599,0.0013015108078161001,0.001334956929599062,0.0014790016165831623,-3.293763230370541,-3.3850546541312334,-2.8855522211349185,-2.8745327459392604,-2.8300313513088797,T,non-synonymous,0.2653397739882022,0.3342829260891882,1.3517771698085168,1.4951272913665365,1.4234522305875266
320,single,tttttagttttatctttgagagatact,8.0,act,1.0,,FLVLSLRDT,,False,False,2.0,1.0,1.0,565.0,544.0,856.0,305.0,287.0,True,False,True,True,False,False,1.0,both,0.001520325000623084,0.0016655930265624364,0.004968605448757409,0.004906868714201957,0.004907075130989097,-2.8180635627856727,-2.778431106116316,-2.3037654887104373,-2.309195561636038,-2.3091772925949563,T,non-synonymous,0.33429704650352204,0.30724916662134183,1.4207344423238366,1.46809353189869,1.4444139871112633
321,single,tttttagttttatctttgagagatagg,8.0,agg,1.0,,FLVLSLRDR,,False,False,3.0,1.0,1.0,376.0,336.0,546.0,1177.0,1003.0,True,False,True,True,False,False,1.0,both,0.005866959100765147,0.005820870402934229,0.00330654097120847,0.0030307130293600326,0.0031299801653271574,-2.231586939289024,-2.2350120698298905,-2.4806260916022147,-2.518455183944374,-2.5044584145673725,R,non-synonymous,-0.16187704616965276,-0.1855947649760646,0.9245603496506618,0.9752496003012837,0.9499049749759727
322,single,tttttagttttatctttgagagatagt,8.0,agt,1.0,,FLVLSLRDS,,False,False,3.0,1.0,1.0,477.0,409.0,800.0,1397.0,1341.0,True,False,True,True,False,False,1.0,both,0.006963586970067044,0.007782439890662813,0.004194734157623512,0.0036891715149055156,0.004586051524288875,-2.157166996018277,-2.1088842249987096,-2.377295557489762,-2.433071153326876,-2.338561070280166,S,non-synonymous,-0.1430849767098707,-0.21227327027982268,0.9433524191104439,0.9485710949975257,0.9459617570539848
323,single,tttttagttttatctttgagagatatg,8.0,atg,1.0,,FLVLSLRDM,,False,False,3.0,1.0,1.0,1811.0,1753.0,2768.0,1004.0,845.0,True,False,True,True,False,False,1.0,both,0.005004610821723201,0.004903923719321459,0.01592591941185782,0.015812023632345646,0.01586773827403951,-2.300629689323458,-2.3094562939006162,-1.7978954862158174,-1.801012545240423,-1.7994849714873895,M,non-synonymous,0.3267804562118593,0.33292217498719595,1.4132178520321739,1.4937665402645444,1.4534921961483591
324,single,tttttagttttatctttgagagatatt,8.0,att,1.0,,FLVLSLRDI,,False,False,3.0,1.0,1.0,1039.0,998.0,1669.0,749.0,621.0,True,False,True,True,False,False,1.0,both,0.003733519427759639,0.0036039486741995578,0.00913695763054681,0.009001939295539621,0.009567649992547667,-2.4278815844329924,-2.4432214026737284,-2.0391983889726983,-2.045663920046847,-2.019194720592863,I,non-synonymous,0.2526465697962528,0.2603153291732822,1.3390839656165674,1.4211596944506306,1.3801218300335991
325,single,tttttagttttatctttgagagatcat,8.0,cat,1.0,,FLVLSLRDH,,False,False,2.0,1.0,1.0,1138.0,1055.0,1567.0,703.0,565.0,True,False,True,True,False,False,1.0,both,0.003504224509632879,0.0032789549129190825,0.010007562833072445,0.00951607811302034,0.008982928423200835,-2.4554080771126348,-2.4842645550308697,-1.9996716744708234,-2.0215420017005066,-2.0465820608035195,H,non-synonymous,0.2962315844974568,0.30298454701491395,1.3826689803177714,1.4638289122922623,1.4232489463050169
326,single,tttttagttttatctttgagagatccg,8.0,ccg,1.0,,FLVLSLRDP,,False,False,1.0,0.0,1.0,1.0,1.0,8.0,3.0,7.0,True,False,True,True,False,False,2.0,both,1.4954016399571318e-05,4.062422016005943e-05,8.793991944703379e-06,9.019979254047716e-06,4.586051524288875e-05,-4.825242147412796,-4.3912149628360515,-5.0558139365298755,-5.0447944613342175,-4.338561070280166,P,synonymous,-0.14987314165519658,-0.42795512530231217,0.936564254165118,0.7328892399750362,0.8347267470700771
327,single,tttttagttttatctttgagagatcct,8.0,cct,1.0,,FLVLSLRDP,,False,False,1.0,0.0,1.0,8.0,4.0,20.0,466.0,302.0,True,False,True,True,False,False,1.0,both,0.0023228572140667446,0.001752644926905421,7.035193555762703e-05,3.6079917016190865e-05,0.00011465128810722189,-2.6339774854424585,-2.756306059893158,-4.152723949537932,-4.442734470006256,-3.9406210616081285,P,synonymous,-0.9871949418587789,-1.1042507961491002,0.09924245396153575,0.0565935691282482,0.07791801154489197
328,single,tttttagttttatctttgagagatcgg,8.0,cgg,1.0,,FLVLSLRDR,,False,False,2.0,1.0,1.0,43.0,42.0,81.0,126.0,160.0,True,False,True,True,False,False,1.0,both,0.0006280686887819954,0.0009285536036585012,0.0003781416536222453,0.0003788391286700041,0.00046433771683424864,-3.2019928570148957,-3.032193020194384,-3.4223454809502893,-3.4215451709363176,-3.33316603839346,R,non-synonymous,-0.14323061874839388,-0.25494258745932263,0.9432067770719208,0.9059017778180257,0.9245542774449733
329,single,tttttagttttatctttgagagatcgt,8.0,cgt,1.0,,FLVLSLRDR,,False,False,2.0,1.0,1.0,151.0,163.0,226.0,456.0,426.0,True,False,True,True,False,False,1.0,both,0.0022730104927348406,0.0024722739697407596,0.0013278927836502103,0.0014702566184097777,0.0012955595556116072,-2.643398559468024,-2.6069034037475896,-2.8768369892367063,-2.8326068569302603,-2.8875426181247086,R,non-synonymous,-0.15173647646340294,-0.14778760626657775,0.9347009193569117,1.0130567590107706,0.9738788391838411
330,single,tttttagttttatctttgagagatctg,8.0,ctg,1.0,,FLVLSLRDL,,False,False,2.0,1.0,1.0,740.0,713.0,1156.0,683.0,672.0,True,False,True,True,False,False,1.0,both,0.00340453106696907,0.003899925135365705,0.006507554039080501,0.006431245208136021,0.006626844452597425,-2.4679426984509263,-2.408943729796483,-2.1865822167988997,-2.1917049314823522,-2.1786932231875995,L,non-synonymous,0.1828861175267037,0.14224506332691897,1.2693235133470182,1.3030894286042674,1.286206470975643
331,single,tttttagttttatctttgagagatctt,8.0,ctt,1.0,,FLVLSLRDL,,False,False,2.0,1.0,1.0,662.0,657.0,1064.0,771.0,670.0,True,False,True,True,False,False,1.0,both,0.003843182214689829,0.0038883182153199736,0.005821622667393636,0.005926126369909349,0.006099448527304204,-2.415309024081502,-2.410238200149482,-2.234955947090176,-2.2272290917744373,-2.2147094293130802,L,non-synonymous,0.11723065670512824,0.1198319195844949,1.2036680525254428,1.2806762848618432,1.242172168693643
332,single,tttttagttttatctttgagagatgag,8.0,gag,1.0,,FLVLSLRDE,,False,False,3.0,1.0,1.0,691.0,684.0,1140.0,402.0,285.0,True,False,True,True,False,False,1.0,both,0.0020038381975425565,0.0016539861065167053,0.006076648433790035,0.006169665809768638,0.006535123422111647,-2.6981373490479887,-2.781468142841798,-2.2163358891556775,-2.209738359614102,-2.184746205935637,E,non-synonymous,0.3131740388736571,0.37436102506657676,1.3996114346939716,1.5352053903439251,1.4674084125189484
333,single,tttttagttttatctttgagagatgat,8.0,gat,1.0,,FLVLSLRDD,,False,False,3.0,1.0,1.0,1084.0,1066.0,1919.0,602.0,561.0,True,False,True,True,False,False,1.0,both,0.0030007726241806443,0.0032557410728276197,0.009532687268058462,0.009615297884814866,0.01100079109388794,-2.5227669108746342,-2.4873501415941472,-2.0207846543275076,-2.0170372566436643,-1.958576082536638,D,non-synonymous,0.32629168612505627,0.3079545947704485,1.4127290819453708,1.4687989600477969,1.4407640209965837
334,single,tttttagttttatctttgagagatgcg,8.0,gcg,1.0,,FLVLSLRDA,,False,False,2.0,1.0,1.0,318.0,305.0,473.0,184.0,173.0,True,False,True,True,False,False,1.0,both,0.0009171796725070409,0.0010039985839557545,0.0027964894384156745,0.0027510936724845533,0.0027115029637357975,-3.0375455791229222,-2.998266899721513,-2.553386816545443,-2.560494621987432,-2.566789916534298,A,non-synonymous,0.31470630073713657,0.28664743983258967,1.401143696557451,1.4474918051099381,1.4243177508336946
335,single,tttttagttttatctttgagagatgct,8.0,gct,1.0,,FLVLSLRDA,,False,False,2.0,1.0,1.0,351.0,318.0,541.0,254.0,189.0,True,False,True,True,False,False,1.0,both,0.0012661067218303716,0.0010968539443216045,0.003086691172590886,0.0028683534027871735,0.003101317343300352,-2.8975296855125205,-2.9598511986770646,-2.5105068200640517,-2.5423673413497854,-2.50845379216554,A,non-synonymous,0.2515673446403503,0.2733628531567069,1.338004740460665,1.4342072184340553,1.3861059794473602
336,single,tttttagttttatctttgagagatggg,8.0,ggg,1.0,,FLVLSLRDG,,False,False,3.0,1.0,1.0,99.0,92.0,132.0,229.0,289.0,True,False,True,True,False,False,1.0,both,0.0011414899185006107,0.0016771999466081678,0.0008706052025256345,0.0008298380913723899,0.0007566985015076645,-2.9425279197925707,-2.7754151600937607,-3.060178741932326,-3.081006633988663,-3.1210771260662598,G,non-synonymous,-0.07647378892240957,-0.20009721510929243,1.009963606897905,0.9607471501680559,0.9853553785329805
337,single,tttttagttttatctttgagagatggt,8.0,ggt,1.0,,FLVLSLRDG,,False,False,3.0,1.0,1.0,194.0,180.0,352.0,521.0,479.0,True,False,True,True,False,False,1.0,both,0.002597014181392219,0.0027798573509526378,0.0017060344372724554,0.0016235962657285888,0.0020178626706871053,-2.5855256788329344,-2.555977489435745,-2.7680122065996495,-2.789521956230912,-2.6951083937939786,G,non-synonymous,-0.11861741339161946,-0.15292179724218752,0.9678199824286952,1.007922568035161,0.9878712752319281
338,single,tttttagttttatctttgagagatgtg,8.0,gtg,1.0,,FLVLSLRDV,,False,False,3.0,1.0,1.0,725.0,715.0,1228.0,615.0,611.0,True,False,True,True,False,False,1.0,both,0.0030655733619121203,0.0035459140739709013,0.00637564415990995,0.006449285166644117,0.0070395890897834235,-2.513488286357042,-2.4502717926077544,-2.195475929958882,-2.1904884195331373,-2.1524526904669607,V,non-synonymous,0.2067100711716419,0.17010268258271713,1.2931474669919565,1.3309470478600656,1.312047257426011
339,single,tttttagttttatctttgagagatgtt,8.0,gtt,1.0,,FLVLSLRDV,,False,False,3.0,1.0,1.0,436.0,440.0,650.0,456.0,381.0,True,False,True,True,False,False,1.0,both,0.0022730104927348406,0.002211118268711806,0.003834180487890673,0.003968790871780995,0.003726166863484711,-2.643398559468024,-2.655388027174689,-2.4163274472612897,-2.4013417848480305,-2.428737700629254,V,non-synonymous,0.14759767921253467,0.16634608600378525,1.2340350750328493,1.3271904512811337,1.2806127631569915
340,single,tttttagttttatctttgagagattag,8.0,tag,1.0,,FLVLSLRD*,,True,False,3.0,1.0,1.0,5.0,3.0,17.0,217.0,205.0,True,False,True,True,False,False,1.0,both,0.0010816738529023254,0.0011897093046874547,4.396995972351689e-05,2.7059937762143145e-05,9.74535948911386e-05,-2.9659036682839295,-2.9245591417945542,-4.356843932193857,-4.567673206614556,-4.011202135893836,*,stop,-0.9041200920769855,-1.0758891414309075,0.1823173037433291,0.08495522384644083,0.13363626379488497
341,single,tttttagttttatctttgagagattat,8.0,tat,1.0,,FLVLSLRDY,,False,False,3.0,1.0,1.0,386.0,345.0,687.0,742.0,685.0,True,False,True,True,False,False,1.0,both,0.003698626722827306,0.003975370115662958,0.0033944808906555043,0.003111892842646462,0.003938271746483072,-2.4319594968534317,-2.400622431357883,-2.469226631858121,-2.506975366260944,-2.4046943202125592,Y,non-synonymous,-0.024223876758856164,-0.06963848114467099,1.0622135190614586,1.0912058841326773,1.076709701597068
342,single,tttttagttttatctttgagagattcg,8.0,tcg,1.0,,FLVLSLRDS,,False,False,2.0,1.0,1.0,206.0,205.0,394.0,690.0,572.0,True,False,True,True,False,False,1.0,both,0.003439423771901403,0.003319579133079142,0.001811562340608896,0.0018490957470797818,0.002258630375712271,-2.4635143113952034,-2.4789169740572845,-2.7419467161607223,-2.7330406002784637,-2.6461548354465356,S,non-synonymous,-0.18098284877179963,-0.16639675594424708,0.905454547048515,0.9944476093331013,0.9499510781908082
343,single,tttttagttttatctttgagagattct,8.0,tct,1.0,,FLVLSLRDS,,False,False,2.0,1.0,1.0,262.0,229.0,404.0,675.0,633.0,True,False,True,True,False,False,1.0,both,0.0033646536899035466,0.003673590194473945,0.0023040258895122854,0.002065575249176927,0.002315956019765882,-2.4730596293014337,-2.434909292832953,-2.6375126452101303,-2.68495897899433,-2.6352696921615046,S,non-synonymous,-0.10689551502934776,-0.16372919441152872,0.9795418807909668,0.9971151708658197,0.9883285258283933
344,single,tttttagttttatctttgagagattgg,8.0,tgg,1.0,,FLVLSLRDW,,False,False,3.0,1.0,1.0,4.0,5.0,4.0,453.0,371.0,True,False,True,True,False,False,1.0,both,0.002258056476335269,0.0021530836684831496,3.5175967778813516e-05,4.509989627023858e-05,2.2930257621444375e-05,-2.6462652001196267,-2.666939093235263,-4.453753945201913,-4.345824456998199,-4.639591065944147,W,non-synonymous,-1.1748792762948845,-1.099311710156712,-0.08844188047456991,0.061532655120636326,-0.013454612676966793
345,single,tttttagttttatctttgagagattgt,8.0,tgt,1.0,,FLVLSLRDC,,False,False,3.0,1.0,1.0,1.0,2.0,5.0,4.0,2.0,True,False,True,True,False,False,3.0,both,1.993868853276176e-05,1.1606920045731265e-05,8.793991944703379e-06,1.8039958508095433e-05,2.8662822026805472e-05,-4.700303410804496,-4.935283007186327,-5.0558139365298755,-4.743764465670237,-4.542681052936091,C,non-synonymous,-0.23108412172183823,0.1254037827388562,0.8553532740984764,1.2862481480162045,1.0708007110573403
346,single,tttttagttttatctttgagagatttg,8.0,ttg,1.0,,FLVLSLRDL,,False,False,3.0,1.0,1.0,498.0,446.0,854.0,584.0,528.0,True,False,True,True,False,False,1.0,both,0.0029110485257832167,0.003064226892073054,0.004379407988462283,0.004022910747305281,0.0048956100021783746,-2.5359505550200594,-2.5136790803164963,-2.3585845937701584,-2.395459602622076,-2.3101931865831045,L,non-synonymous,0.1152890123158933,0.07740853485481758,1.201726408136208,1.2382529001321658,1.2199896541341868
347,single,tttttagttttatctttgagagatttt,8.0,ttt,1.0,,FLVLSLRDF,,False,False,3.0,1.0,1.0,2107.0,1983.0,3507.0,1597.0,1381.0,True,False,True,True,False,False,1.0,both,0.007960521396705132,0.008014578291577439,0.018528941027490017,0.01788661886077662,0.020104103369601358,-2.099058485993976,-2.0961193242716774,-1.7321494009217757,-1.7474717471289152,-1.6967152913906072,F,non-synonymous,0.23849325839980268,0.22828977638578246,1.3249306542201174,1.3891341416631309,1.3570323979416241
348,single,tttttagttttatctttgagagcgcca,7.0,gcg,1.0,,FLVLSLRAP,,False,False,2.0,1.0,1.0,4.0,3.0,2.0,118.0,100.0,True,False,True,True,False,False,1.0,both,0.0005881913117164718,0.0005803460022865632,3.5175967778813516e-05,2.7059937762143145e-05,1.1465128810722188e-05,-3.2304813948263336,-3.2363130028503084,-4.453753945201913,-4.567673206614556,-4.9406210616081285,A,non-synonymous,-0.7951350029741017,-0.8717568775239646,0.29130239284621295,0.2890874877533838,0.29019494029979837
349,single,tttttagttttatctttgagagctcca,7.0,gct,1.0,,FLVLSLRAP,,False,False,1.0,1.0,1.0,11.0,8.0,7.0,650.0,572.0,True,False,True,True,False,False,1.0,both,0.0032400368865737857,0.003319579133079142,9.673391139173717e-05,7.215983403238173e-05,4.012795083752766e-05,-2.4894500454896034,-2.4789169740572845,-4.014421251371651,-4.141704474342275,-4.396553017257853,A,non-synonymous,-0.9912410639412707,-1.0887710441816711,0.09519633187904397,0.07207332109567721,0.08363482648736059
350,single,tttttagttttatctttgagagggcca,7.0,ggg,1.0,,FLVLSLRGP,,False,False,2.0,1.0,1.0,10.0,13.0,15.0,1135.0,926.0,True,False,True,True,False,False,1.0,both,0.0056576028711711485,0.005374003981173576,8.793991944703378e-05,0.00011725973030262031,8.598846608041641e-05,-2.2473675406033173,-2.2697020161683743,-4.0558139365298755,-3.930851109027381,-4.065559798216428,G,non-synonymous,-1.1755017554853764,-1.0876982368844805,-0.08906435966506177,0.07314612839286783,-0.00795911563609697
351,single,tttttagttttatctttgagaggtcca,7.0,ggt,1.0,,FLVLSLRGP,,False,False,1.0,1.0,1.0,1.0,1.0,43.0,8.0,14.0,True,False,True,True,False,False,2.0,both,3.987737706552352e-05,8.124844032011886e-05,8.793991944703379e-06,9.019979254047716e-06,0.00024650026943052707,-4.399273415140515,-4.09018496717207,-5.0558139365298755,-5.0447944613342175,-3.608182601692523,G,non-synonymous,-0.426755549503066,-0.6250655453968235,0.6596818463172487,0.5357788198805249,0.5977303330988868
352,single,tttttagttttatctttgagagtgcca,7.0,gtg,1.0,,FLVLSLRVP,,False,False,2.0,1.0,1.0,1278.0,1394.0,1996.0,747.0,586.0,True,False,True,True,False,False,1.0,both,0.0037235500834932583,0.0034008275733992607,0.011238721705330917,0.012573851080142516,0.011442198553100745,-2.42904280031706,-2.468415386832218,-1.9492830827074945,-1.9005316875722273,-1.9414905203207573,V,non-synonymous,0.3118468932955396,0.3718426606593317,1.3982842891158542,1.53268702593668,1.4654856575262671
353,single,tttttagttttatctttgagagttcca,7.0,gtt,1.0,,FLVLSLRVP,,False,False,1.0,1.0,1.0,1479.0,1539.0,2466.0,748.0,591.0,True,False,True,True,False,False,1.0,both,0.0037285347556264485,0.0034298448735135888,0.013006314086216298,0.013881748071979434,0.014136503823620458,-2.4284618042679975,-2.4647255219690534,-1.8858457625329832,-1.8575558415027393,-1.8496579850123969,V,non-synonymous,0.3527039070943734,0.39756659638315633,1.439141302914688,1.5584109616605046,1.4987761322875963
354,single,tttttagttttatctttgagatagcca,7.0,tag,1.0,,FLVLSLR*P,,True,False,2.0,1.0,1.0,7.0,5.0,4.0,139.0,123.0,True,False,True,True,False,False,1.0,both,0.0006928694265134711,0.0007138255828124728,6.155794361292365e-05,4.509989627023858e-05,2.2930257621444375e-05,-3.1593486018783636,-3.1464078914109104,-4.210715896515619,-4.345824456998199,-4.639591065944147,*,stop,-0.6833954842619477,-0.7853619457083034,0.4030419115583669,0.37548241956904493,0.3892621655637059
355,single,tttttagttttatctttgagatatcca,7.0,tat,1.0,,FLVLSLRYP,,False,False,1.0,1.0,1.0,680.0,711.0,1103.0,671.0,532.0,True,False,True,True,False,False,1.0,both,0.003344715001370785,0.0030874407321645164,0.005979914522398298,0.006413205249627926,0.006323018539113287,-2.4756408819634665,-2.51040137055526,-2.2233050238236394,-2.192924860604452,-2.1990755448319192,Y,non-synonymous,0.16401992609977345,0.20787937796203731,1.250457321920088,1.3687237432393857,1.3095905325797368
356,single,tttttagttttatctttgagatcgcca,7.0,tcg,1.0,,FLVLSLRSP,,False,False,3.0,1.0,1.0,165.0,198.0,271.0,796.0,790.0,True,False,True,True,False,False,1.0,both,0.0039677990180195894,0.00458473341806385,0.0014510086708760576,0.0017859558923014477,0.0015535249538528564,-2.4014503343947897,-2.338685911559867,-2.8383299923159693,-2.748129271072687,-2.808681766397704,S,non-synonymous,-0.28397457949483673,-0.26809804259030023,0.8024628163254779,0.8927463226870481,0.8476045695062631
357,single,tttttagttttatctttgagatctcca,7.0,tct,1.0,,FLVLSLRSP,,False,False,2.0,1.0,1.0,193.0,168.0,317.0,798.0,624.0,True,False,True,True,False,False,1.0,both,0.003977768362285971,0.003621359054268155,0.0016972404453277521,0.0015153565146800163,0.0018172229164994669,-2.4003605107817294,-2.4411284131678843,-2.770256627522102,-2.819485179608355,-2.740591795054358,S,non-synonymous,-0.2404348481408844,-0.2477429566916924,0.8460025476794302,0.9131014085856559,0.879551978132543
358,single,tttttagttttatctttgagatggcca,7.0,tgg,1.0,,FLVLSLRWP,,False,False,3.0,1.0,1.0,4.0,2.0,1.0,308.0,248.0,True,False,True,True,False,False,1.0,both,0.0015352790170226553,0.0014392580856706768,3.5175967778813516e-05,1.8039958508095433e-05,5.732564405361094e-06,-2.8138126856320147,-2.8418613220240925,-4.453753945201913,-4.743764465670237,-5.24165105727211,W,non-synonymous,-1.065972336177335,-1.2453407734212012,0.02046505964297962,-0.08449640814385284,-0.03201567425043661
359,single,tttttagttttatctttgagatgtcca,7.0,tgt,1.0,,FLVLSLRCP,,False,False,2.0,1.0,1.0,370.0,347.0,565.0,1560.0,1347.0,True,False,True,True,False,False,1.0,both,0.0077760885277770855,0.007817260650800007,0.0032537770195402503,0.0031299328011545574,0.0032388988890290184,-2.109238803777997,-2.106945407127323,-2.4876122124628806,-2.5044649865433444,-2.489602609452671,C,non-synonymous,-0.24594514227234468,-0.26029051065711045,0.84049225354797,0.9005538546202378,0.8705230540841039
360,single,tttttagttttatctttgagattgcca,7.0,ttg,1.0,,FLVLSLRLP,,False,False,3.0,1.0,1.0,16.0,6.0,11.0,1482.0,1291.0,True,False,True,True,False,False,1.0,both,0.007387284101388231,0.007492266889519532,0.00014070387111525407,5.411987552428629e-05,6.305820845897204e-05,-2.1315151984891494,-2.125386760583888,-3.851693953873951,-4.2666432109505745,-4.200258372113884,L,non-synonymous,-1.1181272230452115,-1.402066121453824,-0.03168982722489688,-0.24122175617647557,-0.13645579170068622
361,single,tttttagttttatctttgagatttcca,7.0,ttt,1.0,,FLVLSLRFP,,False,False,2.0,1.0,1.0,47.0,77.0,114.0,807.0,729.0,True,False,True,True,False,False,1.0,both,0.004022630411484685,0.004230722356669046,0.00041331762140105877,0.0006945384025616741,0.0006535123422111648,-2.3954898674103884,-2.3735854745323337,-3.3837160785941585,-3.158303736161736,-3.184746205935637,F,non-synonymous,-0.6423533750736393,-0.5138230356893081,0.4440840207466753,0.6470213295880403,0.5455526751673578
362,single,tttttagttttatctttgagggatcca,6.0,agg,1.0,,FLVLSLRDP,,False,False,1.0,0.0,1.0,5.0,2.0,4.0,352.0,288.0,True,False,True,True,False,False,1.0,both,0.0017546045908830347,0.0016713964865853021,4.396995972351689e-05,1.8039958508095433e-05,2.2930257621444375e-05,-2.755820738654328,-2.776920515091078,-4.356843932193857,-4.743764465670237,-4.639591065944147,R,synonymous,-1.0406753436638487,-1.2878631463415775,0.04576205215646589,-0.12701878106422915,-0.04062836445388163
363,single,tttttagttttatctttgagtgatcca,6.0,agt,1.0,,FLVLSLSDP,,False,False,1.0,1.0,1.0,1328.0,1254.0,2110.0,640.0,526.0,True,False,True,True,False,False,1.0,both,0.0031901901652418812,0.0030526199720273227,0.011678421302566086,0.011311053984575836,0.012095710895311909,-2.4961834281485715,-2.5153272586965696,-1.932615861497877,-1.9464969248395203,-1.917368601974417,S,non-synonymous,0.3663225326582566,0.3724625043486313,1.4527599284785713,1.5333068696259797,1.4930333990522755
364,single,tttttagttttatctttgatggatcca,6.0,atg,1.0,,FLVLSLMDP,,False,False,2.0,1.0,1.0,222.0,189.0,304.0,749.0,683.0,True,False,True,True,False,False,1.0,both,0.003733519427759639,0.003963763195617227,0.00195226621172415,0.0017047760790150183,0.0017426995792297726,-2.4278815844329924,-2.401892299168776,-2.709460962079237,-2.7683326571609737,-2.758777473663356,M,non-synonymous,-0.18302840132679415,-0.23994025161548901,0.9034089944935204,0.9209041136618593,0.9121565540776899
365,single,tttttagttttatctttgattgatcca,6.0,att,1.0,,FLVLSLIDP,,False,False,2.0,1.0,1.0,4.0,6.0,12.0,779.0,796.0,True,False,True,True,False,False,1.0,both,0.003883059591755352,0.004619554178201044,3.5175967778813516e-05,5.411987552428629e-05,6.879077286433313e-05,-2.4108259444598943,-2.3353999351126395,-4.453753945201913,-4.2666432109505745,-4.162469811224485,I,non-synonymous,-1.3279163024193932,-1.2645523000639074,-0.24147890659907856,-0.10370793478655904,-0.1725934206928188
366,single,tttttagttttatctttgcaggatcca,6.0,cag,1.0,,FLVLSLQDP,,False,False,3.0,1.0,1.0,1728.0,1690.0,2705.0,916.0,802.0,True,False,True,True,False,False,1.0,both,0.004565959674002443,0.004654374938338237,0.015196018080447439,0.01524376493934064,0.01550658671650176,-2.340467928464608,-2.332138634566145,-1.8182701983870013,-1.8169077567205445,-1.8094837878295214,Q,non-synonymous,0.33943187356803145,0.3373662965174128,1.4258692693883461,1.498210661794761,1.4620399655915537
367,single,tttttagttttatctttgcatgatcca,6.0,cat,1.0,,FLVLSLHDP,,False,False,3.0,1.0,1.0,3.0,7.0,2.0,11.0,7.0,True,False,True,True,False,False,2.0,both,5.483139346509483e-05,4.062422016005943e-05,2.6381975834110136e-05,6.3139854778334e-05,1.1465128810722188e-05,-4.260970716974234,-4.3912149628360515,-4.578692681810213,-4.1996964213199615,-4.9406210616081285,H,non-synonymous,-0.20652131479385266,0.12540378273885613,0.8799160810264619,1.2862481480162045,1.0830821145213332
368,single,tttttagttttatctttgccggatcca,6.0,ccg,1.0,,FLVLSLPDP,,False,False,3.0,1.0,1.0,435.0,432.0,719.0,253.0,215.0,True,False,True,True,False,False,1.0,both,0.0012611220496971812,0.001247743904916111,0.0038253864959459697,0.003896631037748613,0.0041217138074546265,-2.8992428809566406,-2.903874542934703,-2.4173246795752386,-2.409310714519306,-2.3849221668892273,P,non-synonymous,0.313249921590266,0.32383378861461704,1.3996873174105806,1.4846781538919653,1.442182735651273
369,single,tttttagttttatctttgcctgatcca,6.0,cct,1.0,,FLVLSLPDP,,False,False,3.0,1.0,1.0,1389.0,1339.0,2055.0,732.0,694.0,True,False,True,True,False,False,1.0,both,0.003648780001495402,0.004027601255868749,0.012214854811192994,0.012077752221169892,0.011780419853017048,-2.437852321074067,-2.3949535323954536,-1.91311169079226,-1.918013884322209,-1.9288392310600218,P,non-synonymous,0.34108477500917667,0.3122937107449657,1.4275221708294912,1.473138076022314,1.4503301234259025
370,single,tttttagttttatctttgcgtgatcca,6.0,cgt,1.0,,FLVLSLRDP,,False,False,2.0,0.0,1.0,2.0,1.0,6.0,1.0,6.0,True,False,True,True,False,False,2.0,both,4.98467213319044e-06,3.482076013719379e-05,1.7587983889406758e-05,9.019979254047716e-06,3.4395386432166565e-05,-5.302363402132459,-4.458161752466665,-4.754783940865894,-5.0447944613342175,-4.463499806888466,R,synonymous,0.3559301616218449,-0.38411926170684935,1.4423675574421595,0.776725103570499,1.1095463305063293
371,single,tttttagttttatctttgctggatcca,6.0,ctg,1.0,,FLVLSLLDP,,False,False,3.0,1.0,1.0,2.0,4.0,9.0,287.0,201.0,True,False,True,True,False,False,1.0,both,0.0014306009022256561,0.0011664954645959921,1.7587983889406758e-05,3.6079917016190865e-05,5.159307964824985e-05,-2.8444815053984662,-2.93311694542982,-4.754783940865894,-4.442734470006256,-4.287408547832785,L,non-synonymous,-1.2417088344216227,-0.988477390085221,-0.1552714386013081,0.1723669751921274,0.008547768295409652
372,single,tttttagttttatctttggaggatcca,6.0,gag,1.0,,FLVLSLEDP,,False,False,3.0,1.0,1.0,74.0,96.0,119.0,173.0,178.0,True,False,True,True,False,False,1.0,both,0.000862348279041946,0.0010330158840700825,0.0006507554039080501,0.0008659180083885807,0.0006821751642379703,-3.0643172990036636,-2.985893000541415,-3.1865822167988997,-3.0625232282946495,-3.1661040958795788,E,non-synonymous,-0.07947298069011274,-0.050176449529761996,1.006964415130202,1.1106679157475863,1.0588161654388941
373,single,tttttagttttatctttggatgatcca,6.0,gat,1.0,,FLVLSLDDP,,False,False,3.0,1.0,1.0,1692.0,1622.0,2817.0,1026.0,803.0,True,False,True,True,False,False,1.0,both,0.005114273608653391,0.004660178398361103,0.014879434370438116,0.014630406350065395,0.016148633929902203,-2.291216041356661,-2.3315974575716276,-1.827413577826871,-1.8347436114590807,-1.7918642102863362,D,non-synonymous,0.3014745758048177,0.3253332616133572,1.3879119716251322,1.4861776268907056,1.437044799257919
374,single,tttttagttttatctttggcggatcca,6.0,gcg,1.0,,FLVLSLADP,,False,False,3.0,1.0,1.0,711.0,693.0,1059.0,338.0,280.0,True,False,True,True,False,False,1.0,both,0.0016848191810183684,0.001624968806402377,0.006252528272684102,0.006250845623055067,0.0060707857052773985,-2.773446701854804,-2.7891549715080894,-2.2039443358001094,-2.2040612267224113,-2.216755097164625,A,non-synonymous,0.3701801903325839,0.3831115685830474,1.4566175861528985,1.5439559338603956,1.500286760006647
375,single,tttttagttttatctttggctgatcca,6.0,gct,1.0,,FLVLSLADP,,False,False,3.0,1.0,1.0,498.0,525.0,815.0,257.0,258.0,True,False,True,True,False,False,1.0,both,0.001281060738229943,0.001497292685899333,0.004379407988462283,0.004735489108375051,0.004672039990369292,-2.892430278801164,-2.8246932968870784,-2.3585845937701584,-2.324635157928261,-2.330493448532133,A,non-synonymous,0.3470031189897238,0.327431389767135,1.4334405148100384,1.4882757550444834,1.460858134927261
376,single,tttttagttttatctttgggggatcca,6.0,ggg,1.0,,FLVLSLGDP,,False,False,2.0,1.0,1.0,2085.0,2117.0,3357.0,1024.0,981.0,True,False,True,True,False,False,1.0,both,0.00510430426438701,0.005693194282431186,0.018335473204706545,0.019095296080819012,0.019244218708797195,-2.292063445492647,-2.24464399547036,-1.7367078772200994,-1.719073603314806,-1.7156997160240972,G,non-synonymous,0.3609846810463435,0.3441364723755124,1.4474220768666581,1.5049808376528608,1.4762014572597595
377,single,tttttagttttatctttgggtgatcca,6.0,ggt,1.0,,FLVLSLGDP,,False,False,2.0,1.0,1.0,1862.0,1762.0,2946.0,903.0,912.0,True,False,True,True,False,False,1.0,both,0.004501158936270967,0.005292755540853457,0.01637441300103769,0.015893203445632074,0.016888134738193783,-2.346675651818953,-2.2763181645218924,-1.785834259884552,-1.798788557258189,-1.7724183147654977,G,non-synonymous,0.3645505016088536,0.3126800081423844,1.4509878974291683,1.4735243734197327,1.4622561354244505
378,single,tttttagttttatctttggtggatcca,6.0,gtg,1.0,,FLVLSLVDP,,False,False,3.0,1.0,1.0,12.0,21.0,11.0,619.0,485.0,True,False,True,True,False,False,1.0,both,0.003085512050444882,0.002814678111089832,0.00010552790333644054,0.00018941956433500204,6.305820845897204e-05,-2.510672753112341,-2.550571264248045,-3.976632690482251,-3.722575166600299,-4.200258372113884,V,non-synonymous,-0.952883360950635,-0.7674124999919422,0.13355403486967965,0.3934318652854062,0.2634929500775429
379,single,tttttagttttatctttggttgatcca,6.0,gtt,1.0,,FLVLSLVDP,,False,False,3.0,1.0,1.0,10.0,6.0,13.0,353.0,315.0,True,False,True,True,False,False,1.0,both,0.001759589263016225,0.0018280899072026743,8.793991944703378e-05,5.411987552428629e-05,7.452333726969422e-05,-2.7545886967446362,-2.738002449060708,-4.0558139365298755,-4.2666432109505745,-4.127707704965273,V,non-synonymous,-0.8458047510253912,-1.0009335517714912,0.2406326447949234,0.15991081350585712,0.20027172915039027
380,single,tttttagttttatctttgtaggatcca,6.0,tag,1.0,,FLVLSL*DP,,True,False,3.0,1.0,1.0,17.0,12.0,47.0,766.0,714.0,True,False,True,True,False,False,1.0,both,0.0038182588540238765,0.0041436704563260615,0.00014949786305995744,0.00010823975104857258,0.00026943052705197143,-2.418134632499855,-2.382614791074134,-3.825365015151602,-3.9656132152865933,-3.5695531993363923,*,stop,-0.9147087737328012,-1.03652622296736,0.17172862208751338,0.12431814230998839,0.14802338219875089
381,single,tttttagttttatctttgtatgatcca,6.0,tat,1.0,,FLVLSLYDP,,False,False,3.0,1.0,1.0,130.0,111.0,226.0,690.0,605.0,True,False,True,True,False,False,1.0,both,0.003439423771901403,0.0035110933138337076,0.0011432189528114392,0.0010012176971992963,0.0012955595556116072,-2.4635143113952034,-2.45455762819784,-2.941870584223039,-2.999471482547561,-2.8875426181247086,Y,non-synonymous,-0.31093464518668423,-0.3568023130362235,0.7755027506336304,0.8040420522411249,0.7897724014373777
382,single,tttttagttttatctttgtcggatcca,6.0,tcg,1.0,,FLVLSLSDP,,False,False,3.0,1.0,1.0,1626.0,1545.0,2369.0,796.0,646.0,True,False,True,True,False,False,1.0,both,0.0039677990180195894,0.0037490351747711988,0.014299030902087694,0.01393586794750372,0.013580445076300433,-2.4014503343947897,-2.426080484855224,-1.8446933952718265,-1.8558659775733646,-1.8670859965493445,S,non-synonymous,0.361895581086544,0.37336884261783376,1.4483329769068587,1.5342132078951822,1.4912730924010205
383,single,tttttagttttatctttgtctgatcca,6.0,tct,1.0,,FLVLSLSDP,,False,False,3.0,1.0,1.0,5.0,2.0,4.0,26.0,24.0,True,False,True,True,False,False,1.0,both,0.00012960147546295142,0.00013928304054877517,4.396995972351689e-05,1.8039958508095433e-05,2.2930257621444375e-05,-3.887390054161641,-3.8561017611387025,-4.356843932193857,-4.743764465670237,-4.639591065944147,S,non-synonymous,-0.3051480314756857,-0.5812296818013606,0.7812893643446289,0.5796146834759878,0.6804520239103083
384,single,tttttagttttatctttgtgggatcca,6.0,tgg,1.0,,FLVLSLWDP,,False,False,2.0,1.0,1.0,75.0,86.0,128.0,111.0,118.0,True,False,True,True,False,False,1.0,both,0.0005532986067841388,0.0006848082826981446,0.0006595493958527534,0.0007757182158481035,0.00073376824388622,-3.2570404233458015,-3.164430995544183,-3.180752673138176,-3.11029601009065,-3.1344410876242415,W,non-synonymous,0.04958752689219082,0.03544686535645752,1.1360249227125054,1.1962912306338058,1.1661580766731556
385,single,tttttagttttatctttgtgtgatcca,6.0,tgt,1.0,,FLVLSLCDP,,False,False,2.0,1.0,1.0,388.0,376.0,568.0,436.0,437.0,True,False,True,True,False,False,1.0,both,0.0021733170500710317,0.0025361120299922813,0.0034120688745449108,0.0033915121995219412,0.0032560965822451015,-2.6628769128638727,-2.5958315658798865,-2.4669822109356687,-2.4696066164065567,-2.487302721561091,C,non-synonymous,0.1273328125874072,0.08265041084101328,1.2137702084077218,1.2434947761183617,1.2286324922630416
386,single,tttttagttttatctttgttggatcca,6.0,ttg,1.0,,FLVLSLLDP,,False,False,3.0,1.0,1.0,6.0,10.0,66.0,1192.0,1028.0,True,False,True,True,False,False,1.0,both,0.005941729182763004,0.0059659569035058705,5.276395166822027e-05,9.019979254047716e-05,0.00037834925075383224,-2.2260871467282413,-2.2243198881910518,-4.277662686146233,-4.044794461334218,-3.422107121730241,L,non-synonymous,-1.3335372580181486,-1.1920224331536968,-0.24709986219783397,-0.03117806787634847,-0.13913896503709122
387,single,tttttagttttatctttgtttgatcca,6.0,ttt,1.0,,FLVLSLFDP,,False,False,3.0,1.0,1.0,410.0,347.0,673.0,936.0,772.0,True,False,True,True,False,False,1.0,both,0.004665653116666251,0.004480271137652268,0.003605536697328385,0.0031299328011545574,0.0038580158448080163,-2.3310875533943536,-2.3486957025145725,-2.44303007981014,-2.5044649865433444,-2.413635993048133,F,non-synonymous,-0.0727633600927419,-0.1019956464637661,1.0136740357275726,1.0588487188135822,1.0362613772705775
388,single,tttttagttttatcttttagagatcca,5.0,ttt,1.0,,FLVLSFRDP,,False,False,1.0,1.0,1.0,10.0,6.0,10.0,618.0,578.0,True,False,True,True,False,False,1.0,both,0.0030805273783116914,0.0033543998932163356,8.793991944703378e-05,5.411987552428629e-05,5.7325644053610944e-05,-2.5113749270436427,-2.4743851644297794,-4.0558139365298755,-4.2666432109505745,-4.24165105727211,F,non-synonymous,-1.0038952611371126,-1.1735466284290679,0.08254213468320204,-0.012702263151719517,0.03491993576574126
389,single,tttttagttttatggttgagagatcca,4.0,tgg,1.0,,FLVLWLRDP,,False,False,2.0,1.0,1.0,3.0,4.0,2.0,28.0,20.0,True,False,True,True,False,False,1.0,both,0.0001395708197293323,0.00011606920045731264,2.6381975834110136e-05,3.6079917016190865e-05,1.1465128810722188e-05,-3.8552053707902396,-3.935283007186327,-4.578692681810213,-4.442734470006256,-4.9406210616081285,W,non-synonymous,-0.47027139211369307,-0.33227243947364005,0.6161660037066216,0.8285719258037083,0.722368964755165
390,single,tttttagttttatgtttgagagatcca,4.0,tgt,1.0,,FLVLCLRDP,,False,False,1.0,1.0,1.0,82.0,64.0,160.0,591.0,502.0,True,False,True,True,False,False,1.0,both,0.0029459412307155496,0.0029133369314785474,0.000721107339465677,0.0005772786722590538,0.0009172103048577751,-2.5307759212512035,-2.535609285705289,-3.1420000841461593,-3.238614487350331,-3.0375310746161848,C,non-synonymous,-0.3972996258537034,-0.4603184155095175,0.6891377699666112,0.7005259497678309,0.6948318598672211
391,single,tttttagttttattgttgagagatcca,4.0,ttg,1.0,,FLVLLLRDP,,False,False,2.0,1.0,1.0,79.0,70.0,129.0,478.0,409.0,True,False,True,True,False,False,1.0,both,0.00238267327966503,0.0023736151493520437,0.0006947253636315669,0.0006313985477833401,0.0007395008082915812,-2.62293550552034,-2.6245896948429666,-3.158186845239434,-3.199696421319961,-3.1310613469728605,L,non-synonymous,-0.3479168035518851,-0.3765722023980458,0.7385205922684295,0.7842721628793026,0.761396377573866
392,single,tttttagttttatttttgagagatcca,4.0,ttt,1.0,,FLVLFLRDP,,False,False,1.0,1.0,1.0,906.0,918.0,1334.0,729.0,590.0,True,False,True,True,False,False,1.0,both,0.0036338259850958302,0.003424041413490723,0.007967356701901261,0.008280340955215803,0.007647240916751699,-2.4396358738144843,-2.465460991208164,-2.098685738853063,-2.0819517801329757,-2.1164952276915794,F,non-synonymous,0.2216197743449195,0.2511167086137323,1.3080571701652342,1.4119610738910806,1.3600091220281574
393,single,tttttagttttgtctttgagagatcca,3.0,ttg,1.0,,FLVLSLRDP,,False,False,1.0,0.0,1.0,4.0,11.0,30.0,937.0,916.0,True,False,True,True,False,False,1.0,both,0.004670637788799442,0.005315969380944919,3.5175967778813516e-05,9.921977179452487e-05,0.00017197693216083282,-2.3306238112446804,-2.274417529182458,-4.453753945201913,-4.003401776175993,-3.764529802552447,L,synonymous,-1.3800482033706805,-1.1321157896906064,-0.29361080755036584,0.02872857558674191,-0.13244111598181196
394,single,tttttagttttttctttgagagatcca,3.0,ttt,1.0,,FLVFSLRDP,,False,False,1.0,1.0,1.0,785.0,792.0,1165.0,409.0,299.0,True,False,True,True,False,False,1.0,both,0.00203873090247489,0.001735234546836824,0.006903283676592153,0.007143823569205791,0.006678437532245674,-2.6906400941251167,-2.760641814525879,-2.1609442797846232,-2.1460692797447245,-2.175325131910072,F,non-synonymous,0.3443056764264704,0.4024138865034588,1.430743072246785,1.5632582517808071,1.4970006620137961
395,single,tttttatagttatctttgagagatcca,2.0,tag,1.0,,FL*LSLRDP,,True,False,3.0,1.0,1.0,6.0,12.0,21.0,524.0,585.0,True,False,True,True,False,False,1.0,both,0.0026119681977917904,0.003395024113376395,5.276395166822027e-05,0.00010823975104857258,0.00012038385251258298,-2.583032115148732,-2.469157136768128,-4.277662686146233,-3.9656132152865933,-3.9194317625381903,*,stop,-1.1015207393449578,-0.9798594510130173,-0.015083343524643134,0.18098491426433105,0.08295078536984396
396,single,tttttatatttatctttgagagatcca,2.0,tat,1.0,,FLYLSLRDP,,False,False,2.0,1.0,1.0,7.0,8.0,15.0,931.0,791.0,True,False,True,True,False,False,1.0,both,0.004640729756000299,0.004590536878086715,6.155794361292365e-05,7.215983403238173e-05,8.598846608041641e-05,-2.333413721151116,-2.338136519352632,-4.210715896515619,-4.141704474342275,-4.065559798216428,Y,non-synonymous,-1.2202584537137182,-1.180952205420184,-0.1338210578934036,-0.02010784014283562,-0.07696444901811961
397,single,tttttatcgttatctttgagagatcca,2.0,tcg,1.0,,FLSLSLRDP,,False,False,3.0,1.0,1.0,1.0,4.0,6.0,221.0,147.0,True,False,True,True,False,False,1.0,both,0.0011016125414350872,0.000853108623361248,8.793991944703379e-06,3.6079917016190865e-05,3.4395386432166565e-05,-2.957971128447348,-3.0689956681021324,-5.0558139365298755,-4.442734470006256,-4.463499806888466,S,non-synonymous,-1.3636112793765818,-0.8995058175056522,-0.27717388355626715,0.2613385477716962,-0.007917667892285485
398,single,tttttatctttatctttgagagatcca,2.0,tct,1.0,,FLSLSLRDP,,False,False,2.0,1.0,1.0,1.0,1.0,2.0,4.0,2.0,True,False,True,True,False,False,3.0,both,1.993868853276176e-05,1.1606920045731265e-05,8.793991944703379e-06,9.019979254047716e-06,1.1465128810722188e-05,-4.700303410804496,-4.935283007186327,-5.0558139365298755,-5.0447944613342175,-4.9406210616081285,S,non-synonymous,-0.23108412172183823,-0.07170663735565509,0.8553532740984764,1.0891377279216932,0.9722455010100848
399,single,tttttatggttatctttgagagatcca,2.0,tgg,1.0,,FLWLSLRDP,,False,False,3.0,1.0,1.0,16.0,26.0,30.0,1369.0,1114.0,True,False,True,True,False,False,1.0,both,0.0068240161503377115,0.006465054465472315,0.00014070387111525407,0.00023451946060524062,0.00017197693216083282,-2.1659599539984686,-2.1894278120125983,-3.851693953873951,-3.6298211133633997,-3.764529802552447,W,non-synonymous,-1.0957379110591492,-0.943150293392997,-0.009300515238834572,0.2176940718843513,0.10419677832275837
400,single,tttttatgtttatctttgagagatcca,2.0,tgt,1.0,,FLCLSLRDP,,False,False,2.0,1.0,1.0,4.0,10.0,13.0,746.0,640.0,True,False,True,True,False,False,1.0,both,0.0037185654113600676,0.0037142144146340046,3.5175967778813516e-05,9.019979254047716e-05,7.452333726969422e-05,-2.42962457465979,-2.4301330288664214,-4.453753945201913,-4.044794461334218,-4.127707704965273,C,non-synonymous,-1.315697072227958,-1.0572587378282114,-0.22925967640764333,0.10358562744913691,-0.06283702447925321
401,single,tttttattgttatctttgagagatcca,2.0,ttg,1.0,,FLLLSLRDP,,False,False,2.0,1.0,1.0,10.0,3.0,13.0,1546.0,1211.0,True,False,True,True,False,False,1.0,both,0.00770630311791242,0.007027990087690281,8.793991944703378e-05,2.7059937762143145e-05,7.452333726969422e-05,-2.113153912550153,-2.1531688597072565,-4.0558139365298755,-4.567673206614556,-4.127707704965273,L,non-synonymous,-1.2627414744739636,-1.5809851941471047,-0.17630407865364894,-0.42014082886975634,-0.29822245376170264
402,single,tttttatttttatctttgagagatcca,2.0,ttt,1.0,,FLFLSLRDP,,False,False,1.0,1.0,1.0,13.0,15.0,18.0,1582.0,1251.0,True,False,True,True,False,False,1.0,both,0.007885751314707276,0.007260128488604906,0.00011432189528114392,0.00013529968881071573,0.0001031861592964997,-2.103156922970801,-2.1390556931568887,-3.941870584223039,-3.8687032022785366,-3.9863785521688038,F,non-synonymous,-1.1951756720605198,-1.1325500848724432,-0.10873827624020516,0.028294280404905114,-0.04022199791765002
403,ortho,tttttgactcattcttttagagatcca,1.0,ttg,1.0,,FLTHSFRDP,,False,False,7.0,3.0,4.0,1110.0,1066.0,1471.0,525.0,437.0,True,False,True,True,False,False,1.0,both,0.0026169528699249807,0.0025361120299922813,0.00976133105862075,0.009615297884814866,0.00843260224028617,-2.582204098726502,-2.5958315658798865,-2.0104909577432184,-2.0170372566436643,-2.0740383845445796,L,synonymous,0.37161720821455874,0.37898678233118976,1.4580546040348734,1.5398311476085382,1.4989428758217058
404,ortho,tttttgactcattcttttagagatcca,2.0,act,2.0,,FLTHSFRDP,,False,False,7.0,3.0,4.0,1110.0,1066.0,1471.0,525.0,437.0,True,False,True,True,False,False,1.0,both,0.0026169528699249807,0.0025361120299922813,0.00976133105862075,0.009615297884814866,0.00843260224028617,-2.582204098726502,-2.5958315658798865,-2.0104909577432184,-2.0170372566436643,-2.0740383845445796,T,non-synonymous,0.37161720821455874,0.37898678233118976,1.4580546040348734,1.5398311476085382,1.4989428758217058
405,ortho,tttttgactcattcttttagagatcca,3.0,cat,3.0,,FLTHSFRDP,,False,False,7.0,3.0,4.0,1110.0,1066.0,1471.0,525.0,437.0,True,False,True,True,False,False,1.0,both,0.0026169528699249807,0.0025361120299922813,0.00976133105862075,0.009615297884814866,0.00843260224028617,-2.582204098726502,-2.5958315658798865,-2.0104909577432184,-2.0170372566436643,-2.0740383845445796,H,non-synonymous,0.37161720821455874,0.37898678233118976,1.4580546040348734,1.5398311476085382,1.4989428758217058
406,ortho,tttttgactcattcttttagagatcca,5.0,ttt,4.0,,FLTHSFRDP,,False,False,7.0,3.0,4.0,1110.0,1066.0,1471.0,525.0,437.0,True,False,True,True,False,False,1.0,both,0.0026169528699249807,0.0025361120299922813,0.00976133105862075,0.009615297884814866,0.00843260224028617,-2.582204098726502,-2.5958315658798865,-2.0104909577432184,-2.0170372566436643,-2.0740383845445796,F,non-synonymous,0.37161720821455874,0.37898678233118976,1.4580546040348734,1.5398311476085382,1.4989428758217058
407,ortho,tttttgacttcttctttttcttctcca,1.0,ttg,1.0,,FLTSSFSSP,,False,False,11.0,5.0,6.0,715.0,732.0,984.0,390.0,274.0,True,False,True,True,False,False,1.0,both,0.0019440221319442714,0.0015901480462651833,0.006287704240462916,0.006602624813962928,0.005640843374875317,-2.7112987951059595,-2.7985624400299205,-2.201507894728795,-2.180283380275826,-2.248655958840768,L,synonymous,0.33136735469385925,0.4048408695451173,1.4178047505141738,1.5656852348224657,1.4917449926683197
408,ortho,tttttgacttcttctttttcttctcca,2.0,act,2.0,,FLTSSFSSP,,False,False,11.0,5.0,6.0,715.0,732.0,984.0,390.0,274.0,True,False,True,True,False,False,1.0,both,0.0019440221319442714,0.0015901480462651833,0.006287704240462916,0.006602624813962928,0.005640843374875317,-2.7112987951059595,-2.7985624400299205,-2.201507894728795,-2.180283380275826,-2.248655958840768,T,non-synonymous,0.33136735469385925,0.4048408695451173,1.4178047505141738,1.5656852348224657,1.4917449926683197
409,ortho,tttttgacttcttctttttcttctcca,3.0,tct,3.0,,FLTSSFSSP,,False,False,11.0,5.0,6.0,715.0,732.0,984.0,390.0,274.0,True,False,True,True,False,False,1.0,both,0.0019440221319442714,0.0015901480462651833,0.006287704240462916,0.006602624813962928,0.005640843374875317,-2.7112987951059595,-2.7985624400299205,-2.201507894728795,-2.180283380275826,-2.248655958840768,S,non-synonymous,0.33136735469385925,0.4048408695451173,1.4178047505141738,1.5656852348224657,1.4917449926683197
410,ortho,tttttgacttcttctttttcttctcca,5.0,ttt,4.0,,FLTSSFSSP,,False,False,11.0,5.0,6.0,715.0,732.0,984.0,390.0,274.0,True,False,True,True,False,False,1.0,both,0.0019440221319442714,0.0015901480462651833,0.006287704240462916,0.006602624813962928,0.005640843374875317,-2.7112987951059595,-2.7985624400299205,-2.201507894728795,-2.180283380275826,-2.248655958840768,F,non-synonymous,0.33136735469385925,0.4048408695451173,1.4178047505141738,1.5656852348224657,1.4917449926683197
411,ortho,tttttgacttcttctttttcttctcca,6.0,tct,5.0,,FLTSSFSSP,,False,False,11.0,5.0,6.0,715.0,732.0,984.0,390.0,274.0,True,False,True,True,False,False,1.0,both,0.0019440221319442714,0.0015901480462651833,0.006287704240462916,0.006602624813962928,0.005640843374875317,-2.7112987951059595,-2.7985624400299205,-2.201507894728795,-2.180283380275826,-2.248655958840768,S,non-synonymous,0.33136735469385925,0.4048408695451173,1.4178047505141738,1.5656852348224657,1.4917449926683197
412,ortho,tttttgacttcttctttttcttctcca,7.0,tct,6.0,,FLTSSFSSP,,False,False,11.0,5.0,6.0,715.0,732.0,984.0,390.0,274.0,True,False,True,True,False,False,1.0,both,0.0019440221319442714,0.0015901480462651833,0.006287704240462916,0.006602624813962928,0.005640843374875317,-2.7112987951059595,-2.7985624400299205,-2.201507894728795,-2.180283380275826,-2.248655958840768,S,non-synonymous,0.33136735469385925,0.4048408695451173,1.4178047505141738,1.5656852348224657,1.4917449926683197
413,ortho,tttttgactttgaatttggctgattct,1.0,ttg,1.0,,FLTLNLADS,,False,False,11.0,4.0,6.0,636.0,622.0,965.0,228.0,251.0,True,False,True,True,False,False,1.0,both,0.0011365052463674203,0.0014566684657392737,0.005592978876831349,0.005610427096017679,0.005531924651173456,-2.944428555132005,-2.8366392813692705,-2.2523568208814617,-2.251004076643399,-2.257123743928317,L,synonymous,0.44985106573563044,0.38346610931923014,1.5362884615559451,1.5443104745965786,1.5402994680762618
414,ortho,tttttgactttgaatttggctgattct,2.0,act,2.0,,FLTLNLADS,,False,False,11.0,4.0,6.0,636.0,622.0,965.0,228.0,251.0,True,False,True,True,False,False,1.0,both,0.0011365052463674203,0.0014566684657392737,0.005592978876831349,0.005610427096017679,0.005531924651173456,-2.944428555132005,-2.8366392813692705,-2.2523568208814617,-2.251004076643399,-2.257123743928317,T,non-synonymous,0.44985106573563044,0.38346610931923014,1.5362884615559451,1.5443104745965786,1.5402994680762618
415,ortho,tttttgactttgaatttggctgattct,3.0,ttg,3.0,,FLTLNLADS,,False,False,11.0,4.0,6.0,636.0,622.0,965.0,228.0,251.0,True,False,True,True,False,False,1.0,both,0.0011365052463674203,0.0014566684657392737,0.005592978876831349,0.005610427096017679,0.005531924651173456,-2.944428555132005,-2.8366392813692705,-2.2523568208814617,-2.251004076643399,-2.257123743928317,L,synonymous,0.44985106573563044,0.38346610931923014,1.5362884615559451,1.5443104745965786,1.5402994680762618
416,ortho,tttttgactttgaatttggctgattct,4.0,aat,4.0,,FLTLNLADS,,False,False,11.0,4.0,6.0,636.0,622.0,965.0,228.0,251.0,True,False,True,True,False,False,1.0,both,0.0011365052463674203,0.0014566684657392737,0.005592978876831349,0.005610427096017679,0.005531924651173456,-2.944428555132005,-2.8366392813692705,-2.2523568208814617,-2.251004076643399,-2.257123743928317,N,non-synonymous,0.44985106573563044,0.38346610931923014,1.5362884615559451,1.5443104745965786,1.5402994680762618
417,ortho,tttttgactttgaatttggctgattct,6.0,gct,5.0,,FLTLNLADS,,False,False,11.0,4.0,6.0,636.0,622.0,965.0,228.0,251.0,True,False,True,True,False,False,1.0,both,0.0011365052463674203,0.0014566684657392737,0.005592978876831349,0.005610427096017679,0.005531924651173456,-2.944428555132005,-2.8366392813692705,-2.2523568208814617,-2.251004076643399,-2.257123743928317,A,non-synonymous,0.44985106573563044,0.38346610931923014,1.5362884615559451,1.5443104745965786,1.5402994680762618
418,ortho,tttttgactttgaatttggctgattct,8.0,tct,6.0,,FLTLNLADS,,False,False,11.0,4.0,6.0,636.0,622.0,965.0,228.0,251.0,True,False,True,True,False,False,1.0,both,0.0011365052463674203,0.0014566684657392737,0.005592978876831349,0.005610427096017679,0.005531924651173456,-2.944428555132005,-2.8366392813692705,-2.2523568208814617,-2.251004076643399,-2.257123743928317,S,non-synonymous,0.44985106573563044,0.38346610931923014,1.5362884615559451,1.5443104745965786,1.5402994680762618
419,ortho,tttttgactttgaatttgtctgattct,1.0,ttg,1.0,,FLTLNLSDS,,False,False,11.0,4.0,6.0,1450.0,1466.0,2287.0,713.0,644.0,True,False,True,True,False,False,1.0,both,0.003554071230964783,0.0037374282547254674,0.0127512883198199,0.013223289586433951,0.013110374795060822,-2.4492738722805933,-2.4274271354904964,-1.894445934294901,-1.878660491029109,-1.8823848926653612,L,synonymous,0.36064171797602945,0.3593250685369554,1.4470791137963441,1.5201694338143037,1.483624273805324
420,ortho,tttttgactttgaatttgtctgattct,2.0,act,2.0,,FLTLNLSDS,,False,False,11.0,4.0,6.0,1450.0,1466.0,2287.0,713.0,644.0,True,False,True,True,False,False,1.0,both,0.003554071230964783,0.0037374282547254674,0.0127512883198199,0.013223289586433951,0.013110374795060822,-2.4492738722805933,-2.4274271354904964,-1.894445934294901,-1.878660491029109,-1.8823848926653612,T,non-synonymous,0.36064171797602945,0.3593250685369554,1.4470791137963441,1.5201694338143037,1.483624273805324
421,ortho,tttttgactttgaatttgtctgattct,3.0,ttg,3.0,,FLTLNLSDS,,False,False,11.0,4.0,6.0,1450.0,1466.0,2287.0,713.0,644.0,True,False,True,True,False,False,1.0,both,0.003554071230964783,0.0037374282547254674,0.0127512883198199,0.013223289586433951,0.013110374795060822,-2.4492738722805933,-2.4274271354904964,-1.894445934294901,-1.878660491029109,-1.8823848926653612,L,synonymous,0.36064171797602945,0.3593250685369554,1.4470791137963441,1.5201694338143037,1.483624273805324
422,ortho,tttttgactttgaatttgtctgattct,4.0,aat,4.0,,FLTLNLSDS,,False,False,11.0,4.0,6.0,1450.0,1466.0,2287.0,713.0,644.0,True,False,True,True,False,False,1.0,both,0.003554071230964783,0.0037374282547254674,0.0127512883198199,0.013223289586433951,0.013110374795060822,-2.4492738722805933,-2.4274271354904964,-1.894445934294901,-1.878660491029109,-1.8823848926653612,N,non-synonymous,0.36064171797602945,0.3593250685369554,1.4470791137963441,1.5201694338143037,1.483624273805324
423,ortho,tttttgactttgaatttgtctgattct,6.0,tct,5.0,,FLTLNLSDS,,False,False,11.0,4.0,6.0,1450.0,1466.0,2287.0,713.0,644.0,True,False,True,True,False,False,1.0,both,0.003554071230964783,0.0037374282547254674,0.0127512883198199,0.013223289586433951,0.013110374795060822,-2.4492738722805933,-2.4274271354904964,-1.894445934294901,-1.878660491029109,-1.8823848926653612,S,non-synonymous,0.36064171797602945,0.3593250685369554,1.4470791137963441,1.5201694338143037,1.483624273805324
424,ortho,tttttgactttgaatttgtctgattct,8.0,tct,6.0,,FLTLNLSDS,,False,False,11.0,4.0,6.0,1450.0,1466.0,2287.0,713.0,644.0,True,False,True,True,False,False,1.0,both,0.003554071230964783,0.0037374282547254674,0.0127512883198199,0.013223289586433951,0.013110374795060822,-2.4492738722805933,-2.4274271354904964,-1.894445934294901,-1.878660491029109,-1.8823848926653612,S,non-synonymous,0.36064171797602945,0.3593250685369554,1.4470791137963441,1.5201694338143037,1.483624273805324
425,ortho,tttttgactttgtctattaaagatcca,1.0,ttg,1.0,,FLTLSIKDP,,False,False,7.0,3.0,5.0,4.0,9.0,3.0,653.0,508.0,True,False,True,True,False,False,1.0,both,0.003254990902973357,0.002948157691615741,3.5175967778813516e-05,8.117981328642944e-05,1.7197693216083282e-05,-2.4874502208573848,-2.530449290566389,-4.453753945201913,-4.090551951894893,-4.764529802552447,L,synonymous,-1.2781100313455422,-1.0215343832655175,-0.19167263552522762,0.13930998201183087,-0.026181326756698375
426,ortho,tttttgactttgtctattaaagatcca,2.0,act,2.0,,FLTLSIKDP,,False,False,7.0,3.0,5.0,4.0,9.0,3.0,653.0,508.0,True,False,True,True,False,False,1.0,both,0.003254990902973357,0.002948157691615741,3.5175967778813516e-05,8.117981328642944e-05,1.7197693216083282e-05,-2.4874502208573848,-2.530449290566389,-4.453753945201913,-4.090551951894893,-4.764529802552447,T,non-synonymous,-1.2781100313455422,-1.0215343832655175,-0.19167263552522762,0.13930998201183087,-0.026181326756698375
427,ortho,tttttgactttgtctattaaagatcca,3.0,ttg,3.0,,FLTLSIKDP,,False,False,7.0,3.0,5.0,4.0,9.0,3.0,653.0,508.0,True,False,True,True,False,False,1.0,both,0.003254990902973357,0.002948157691615741,3.5175967778813516e-05,8.117981328642944e-05,1.7197693216083282e-05,-2.4874502208573848,-2.530449290566389,-4.453753945201913,-4.090551951894893,-4.764529802552447,L,synonymous,-1.2781100313455422,-1.0215343832655175,-0.19167263552522762,0.13930998201183087,-0.026181326756698375
428,ortho,tttttgactttgtctattaaagatcca,5.0,att,4.0,,FLTLSIKDP,,False,False,7.0,3.0,5.0,4.0,9.0,3.0,653.0,508.0,True,False,True,True,False,False,1.0,both,0.003254990902973357,0.002948157691615741,3.5175967778813516e-05,8.117981328642944e-05,1.7197693216083282e-05,-2.4874502208573848,-2.530449290566389,-4.453753945201913,-4.090551951894893,-4.764529802552447,I,non-synonymous,-1.2781100313455422,-1.0215343832655175,-0.19167263552522762,0.13930998201183087,-0.026181326756698375
429,ortho,tttttgactttgtctattaaagatcca,6.0,aaa,5.0,,FLTLSIKDP,,False,False,7.0,3.0,5.0,4.0,9.0,3.0,653.0,508.0,True,False,True,True,False,False,1.0,both,0.003254990902973357,0.002948157691615741,3.5175967778813516e-05,8.117981328642944e-05,1.7197693216083282e-05,-2.4874502208573848,-2.530449290566389,-4.453753945201913,-4.090551951894893,-4.764529802552447,K,non-synonymous,-1.2781100313455422,-1.0215343832655175,-0.19167263552522762,0.13930998201183087,-0.026181326756698375
430,ortho,tttttgactttgtctattagagatcca,1.0,ttg,1.0,,FLTLSIRDP,,False,False,6.0,2.0,4.0,5.0,8.0,13.0,658.0,467.0,True,False,True,True,False,False,1.0,both,0.0032799142636393093,0.0027102158306782503,4.396995972351689e-05,7.215983403238173e-05,7.452333726969422e-05,-2.4841375085185033,-2.566996122284196,-4.356843932193857,-4.141704474342275,-4.127707704965273,L,synonymous,-1.2172711856417762,-1.03109799445691,-0.13083378982146154,0.12974637082043827,-0.0005437095005116355
431,ortho,tttttgactttgtctattagagatcca,2.0,act,2.0,,FLTLSIRDP,,False,False,6.0,2.0,4.0,5.0,8.0,13.0,658.0,467.0,True,False,True,True,False,False,1.0,both,0.0032799142636393093,0.0027102158306782503,4.396995972351689e-05,7.215983403238173e-05,7.452333726969422e-05,-2.4841375085185033,-2.566996122284196,-4.356843932193857,-4.141704474342275,-4.127707704965273,T,non-synonymous,-1.2172711856417762,-1.03109799445691,-0.13083378982146154,0.12974637082043827,-0.0005437095005116355
432,ortho,tttttgactttgtctattagagatcca,3.0,ttg,3.0,,FLTLSIRDP,,False,False,6.0,2.0,4.0,5.0,8.0,13.0,658.0,467.0,True,False,True,True,False,False,1.0,both,0.0032799142636393093,0.0027102158306782503,4.396995972351689e-05,7.215983403238173e-05,7.452333726969422e-05,-2.4841375085185033,-2.566996122284196,-4.356843932193857,-4.141704474342275,-4.127707704965273,L,synonymous,-1.2172711856417762,-1.03109799445691,-0.13083378982146154,0.12974637082043827,-0.0005437095005116355
433,ortho,tttttgactttgtctattagagatcca,5.0,att,4.0,,FLTLSIRDP,,False,False,6.0,2.0,4.0,5.0,8.0,13.0,658.0,467.0,True,False,True,True,False,False,1.0,both,0.0032799142636393093,0.0027102158306782503,4.396995972351689e-05,7.215983403238173e-05,7.452333726969422e-05,-2.4841375085185033,-2.566996122284196,-4.356843932193857,-4.141704474342275,-4.127707704965273,I,non-synonymous,-1.2172711856417762,-1.03109799445691,-0.13083378982146154,0.12974637082043827,-0.0005437095005116355
434,ortho,tttttgactttgtctgctaaagatcca,1.0,ttg,1.0,,FLTLSAKDP,,False,False,8.0,3.0,5.0,5.0,1.0,16.0,445.0,310.0,True,False,True,True,False,False,1.0,both,0.0022181790992697454,0.001799072607088346,4.396995972351689e-05,9.019979254047716e-06,9.17210304857775e-05,-2.654003391151527,-2.744951309016036,-4.356843932193857,-5.0447944613342175,-4.037531074616185,L,synonymous,-1.1068572725272061,-1.5059065755391863,-0.020419876706891493,-0.3450622102618379,-0.1827410434843647
435,ortho,tttttgactttgtctgctaaagatcca,2.0,act,2.0,,FLTLSAKDP,,False,False,8.0,3.0,5.0,5.0,1.0,16.0,445.0,310.0,True,False,True,True,False,False,1.0,both,0.0022181790992697454,0.001799072607088346,4.396995972351689e-05,9.019979254047716e-06,9.17210304857775e-05,-2.654003391151527,-2.744951309016036,-4.356843932193857,-5.0447944613342175,-4.037531074616185,T,non-synonymous,-1.1068572725272061,-1.5059065755391863,-0.020419876706891493,-0.3450622102618379,-0.1827410434843647
436,ortho,tttttgactttgtctgctaaagatcca,3.0,ttg,3.0,,FLTLSAKDP,,False,False,8.0,3.0,5.0,5.0,1.0,16.0,445.0,310.0,True,False,True,True,False,False,1.0,both,0.0022181790992697454,0.001799072607088346,4.396995972351689e-05,9.019979254047716e-06,9.17210304857775e-05,-2.654003391151527,-2.744951309016036,-4.356843932193857,-5.0447944613342175,-4.037531074616185,L,synonymous,-1.1068572725272061,-1.5059065755391863,-0.020419876706891493,-0.3450622102618379,-0.1827410434843647
437,ortho,tttttgactttgtctgctaaagatcca,5.0,gct,4.0,,FLTLSAKDP,,False,False,8.0,3.0,5.0,5.0,1.0,16.0,445.0,310.0,True,False,True,True,False,False,1.0,both,0.0022181790992697454,0.001799072607088346,4.396995972351689e-05,9.019979254047716e-06,9.17210304857775e-05,-2.654003391151527,-2.744951309016036,-4.356843932193857,-5.0447944613342175,-4.037531074616185,A,non-synonymous,-1.1068572725272061,-1.5059065755391863,-0.020419876706891493,-0.3450622102618379,-0.1827410434843647
438,ortho,tttttgactttgtctgctaaagatcca,6.0,aaa,5.0,,FLTLSAKDP,,False,False,8.0,3.0,5.0,5.0,1.0,16.0,445.0,310.0,True,False,True,True,False,False,1.0,both,0.0022181790992697454,0.001799072607088346,4.396995972351689e-05,9.019979254047716e-06,9.17210304857775e-05,-2.654003391151527,-2.744951309016036,-4.356843932193857,-5.0447944613342175,-4.037531074616185,K,non-synonymous,-1.1068572725272061,-1.5059065755391863,-0.020419876706891493,-0.3450622102618379,-0.1827410434843647
439,ortho,tttttgactttgtctgttagagatcca,1.0,ttg,1.0,,FLTLSVRDP,,False,False,6.0,2.0,4.0,5.0,4.0,3.0,693.0,500.0,True,False,True,True,False,False,1.0,both,0.0034543777883009746,0.0029017300114328164,4.396995972351689e-05,3.6079917016190865e-05,1.7197693216083282e-05,-2.461630167520652,-2.5373429985142897,-4.356843932193857,-4.442734470006256,-4.764529802552447,L,synonymous,-1.2319011016370065,-1.2476248838986326,-0.14546370581669188,-0.08678051862128422,-0.11612211221898805
440,ortho,tttttgactttgtctgttagagatcca,2.0,act,2.0,,FLTLSVRDP,,False,False,6.0,2.0,4.0,5.0,4.0,3.0,693.0,500.0,True,False,True,True,False,False,1.0,both,0.0034543777883009746,0.0029017300114328164,4.396995972351689e-05,3.6079917016190865e-05,1.7197693216083282e-05,-2.461630167520652,-2.5373429985142897,-4.356843932193857,-4.442734470006256,-4.764529802552447,T,non-synonymous,-1.2319011016370065,-1.2476248838986326,-0.14546370581669188,-0.08678051862128422,-0.11612211221898805
441,ortho,tttttgactttgtctgttagagatcca,3.0,ttg,3.0,,FLTLSVRDP,,False,False,6.0,2.0,4.0,5.0,4.0,3.0,693.0,500.0,True,False,True,True,False,False,1.0,both,0.0034543777883009746,0.0029017300114328164,4.396995972351689e-05,3.6079917016190865e-05,1.7197693216083282e-05,-2.461630167520652,-2.5373429985142897,-4.356843932193857,-4.442734470006256,-4.764529802552447,L,synonymous,-1.2319011016370065,-1.2476248838986326,-0.14546370581669188,-0.08678051862128422,-0.11612211221898805
442,ortho,tttttgactttgtctgttagagatcca,5.0,gtt,4.0,,FLTLSVRDP,,False,False,6.0,2.0,4.0,5.0,4.0,3.0,693.0,500.0,True,False,True,True,False,False,1.0,both,0.0034543777883009746,0.0029017300114328164,4.396995972351689e-05,3.6079917016190865e-05,1.7197693216083282e-05,-2.461630167520652,-2.5373429985142897,-4.356843932193857,-4.442734470006256,-4.764529802552447,V,non-synonymous,-1.2319011016370065,-1.2476248838986326,-0.14546370581669188,-0.08678051862128422,-0.11612211221898805
443,ortho,tttttgactttgtctttgaaagatcca,1.0,ttg,1.0,,FLTLSLKDP,,False,False,5.0,2.0,4.0,3.0,4.0,2.0,192.0,132.0,True,False,True,True,False,False,1.0,both,0.0009570570495725644,0.0007660567230182635,2.6381975834110136e-05,3.6079917016190865e-05,1.1465128810722188e-05,-3.0190621734289094,-3.1157390716444584,-4.578692681810213,-4.442734470006256,-4.9406210616081285,L,synonymous,-1.013769832846749,-0.8688988612501709,0.07266756297356558,0.29194550402717745,0.18230653350037151
444,ortho,tttttgactttgtctttgaaagatcca,2.0,act,2.0,,FLTLSLKDP,,False,False,5.0,2.0,4.0,3.0,4.0,2.0,192.0,132.0,True,False,True,True,False,False,1.0,both,0.0009570570495725644,0.0007660567230182635,2.6381975834110136e-05,3.6079917016190865e-05,1.1465128810722188e-05,-3.0190621734289094,-3.1157390716444584,-4.578692681810213,-4.442734470006256,-4.9406210616081285,T,non-synonymous,-1.013769832846749,-0.8688988612501709,0.07266756297356558,0.29194550402717745,0.18230653350037151
445,ortho,tttttgactttgtctttgaaagatcca,3.0,ttg,3.0,,FLTLSLKDP,,False,False,5.0,2.0,4.0,3.0,4.0,2.0,192.0,132.0,True,False,True,True,False,False,1.0,both,0.0009570570495725644,0.0007660567230182635,2.6381975834110136e-05,3.6079917016190865e-05,1.1465128810722188e-05,-3.0190621734289094,-3.1157390716444584,-4.578692681810213,-4.442734470006256,-4.9406210616081285,L,synonymous,-1.013769832846749,-0.8688988612501709,0.07266756297356558,0.29194550402717745,0.18230653350037151
446,ortho,tttttgactttgtctttgaaagatcca,6.0,aaa,4.0,,FLTLSLKDP,,False,False,5.0,2.0,4.0,3.0,4.0,2.0,192.0,132.0,True,False,True,True,False,False,1.0,both,0.0009570570495725644,0.0007660567230182635,2.6381975834110136e-05,3.6079917016190865e-05,1.1465128810722188e-05,-3.0190621734289094,-3.1157390716444584,-4.578692681810213,-4.442734470006256,-4.9406210616081285,K,non-synonymous,-1.013769832846749,-0.8688988612501709,0.07266756297356558,0.29194550402717745,0.18230653350037151
447,ortho,tttttgactttgtctttgagagatcca,1.0,ttg,1.0,,FLTLSLRDP,,False,False,4.0,1.0,3.0,7.0,9.0,4.0,1137.0,923.0,True,False,True,True,False,False,1.0,both,0.00566757221543753,0.005356593601104979,6.155794361292365e-05,8.117981328642944e-05,2.2930257621444375e-05,-2.246602937444724,-2.2711113018243965,-4.210715896515619,-4.090551951894893,-4.639591065944147,L,synonymous,-1.2766860198676167,-1.1913454341365395,-0.19024862404730203,-0.030501068859191127,-0.11037484645324658
448,ortho,tttttgactttgtctttgagagatcca,2.0,act,2.0,,FLTLSLRDP,,False,False,4.0,1.0,3.0,7.0,9.0,4.0,1137.0,923.0,True,False,True,True,False,False,1.0,both,0.00566757221543753,0.005356593601104979,6.155794361292365e-05,8.117981328642944e-05,2.2930257621444375e-05,-2.246602937444724,-2.2711113018243965,-4.210715896515619,-4.090551951894893,-4.639591065944147,T,non-synonymous,-1.2766860198676167,-1.1913454341365395,-0.19024862404730203,-0.030501068859191127,-0.11037484645324658
449,ortho,tttttgactttgtctttgagagatcca,3.0,ttg,3.0,,FLTLSLRDP,,False,False,4.0,1.0,3.0,7.0,9.0,4.0,1137.0,923.0,True,False,True,True,False,False,1.0,both,0.00566757221543753,0.005356593601104979,6.155794361292365e-05,8.117981328642944e-05,2.2930257621444375e-05,-2.246602937444724,-2.2711113018243965,-4.210715896515619,-4.090551951894893,-4.639591065944147,L,synonymous,-1.2766860198676167,-1.1913454341365395,-0.19024862404730203,-0.030501068859191127,-0.11037484645324658
450,ortho,tttttgactttgtctttgagagatgct,1.0,ttg,1.0,,FLTLSLRDA,,False,False,6.0,2.0,4.0,556.0,552.0,928.0,941.0,805.0,True,False,True,True,False,False,1.0,both,0.004690576477332203,0.004671785318406834,0.004889459521255079,0.004979028548234339,0.0053198197681750955,-2.3287737787052016,-2.33051712248244,-2.310739144947818,-2.302855383605019,-2.2741030810532474,L,synonymous,0.01172262760405377,0.01811253711991969,1.0981600234243685,1.1789569023972681,1.1385584629108183
451,ortho,tttttgactttgtctttgagagatgct,2.0,act,2.0,,FLTLSLRDA,,False,False,6.0,2.0,4.0,556.0,552.0,928.0,941.0,805.0,True,False,True,True,False,False,1.0,both,0.004690576477332203,0.004671785318406834,0.004889459521255079,0.004979028548234339,0.0053198197681750955,-2.3287737787052016,-2.33051712248244,-2.310739144947818,-2.302855383605019,-2.2741030810532474,T,non-synonymous,0.01172262760405377,0.01811253711991969,1.0981600234243685,1.1789569023972681,1.1385584629108183
452,ortho,tttttgactttgtctttgagagatgct,3.0,ttg,3.0,,FLTLSLRDA,,False,False,6.0,2.0,4.0,556.0,552.0,928.0,941.0,805.0,True,False,True,True,False,False,1.0,both,0.004690576477332203,0.004671785318406834,0.004889459521255079,0.004979028548234339,0.0053198197681750955,-2.3287737787052016,-2.33051712248244,-2.310739144947818,-2.302855383605019,-2.2741030810532474,L,synonymous,0.01172262760405377,0.01811253711991969,1.0981600234243685,1.1789569023972681,1.1385584629108183
453,ortho,tttttgactttgtctttgagagatgct,8.0,gct,4.0,,FLTLSLRDA,,False,False,6.0,2.0,4.0,556.0,552.0,928.0,941.0,805.0,True,False,True,True,False,False,1.0,both,0.004690576477332203,0.004671785318406834,0.004889459521255079,0.004979028548234339,0.0053198197681750955,-2.3287737787052016,-2.33051712248244,-2.310739144947818,-2.302855383605019,-2.2741030810532474,A,non-synonymous,0.01172262760405377,0.01811253711991969,1.0981600234243685,1.1789569023972681,1.1385584629108183
454,ortho,tttttgactttgtctttggttgatcca,1.0,ttg,1.0,,FLTLSLVDP,,False,False,7.0,2.0,4.0,6.0,14.0,19.0,437.0,435.0,True,False,True,True,False,False,1.0,both,0.002178301722204222,0.00252450510994655,5.276395166822027e-05,0.000126279709556668,0.00010891872370186078,-2.661881965162037,-2.597823745895671,-4.277662686146233,-3.8986664256559798,-3.962897456319281,L,synonymous,-1.050267831147527,-0.8517744104499024,0.036169564672787535,0.3090699548274459,0.17261975975011673
455,ortho,tttttgactttgtctttggttgatcca,2.0,act,2.0,,FLTLSLVDP,,False,False,7.0,2.0,4.0,6.0,14.0,19.0,437.0,435.0,True,False,True,True,False,False,1.0,both,0.002178301722204222,0.00252450510994655,5.276395166822027e-05,0.000126279709556668,0.00010891872370186078,-2.661881965162037,-2.597823745895671,-4.277662686146233,-3.8986664256559798,-3.962897456319281,T,non-synonymous,-1.050267831147527,-0.8517744104499024,0.036169564672787535,0.3090699548274459,0.17261975975011673
456,ortho,tttttgactttgtctttggttgatcca,3.0,ttg,3.0,,FLTLSLVDP,,False,False,7.0,2.0,4.0,6.0,14.0,19.0,437.0,435.0,True,False,True,True,False,False,1.0,both,0.002178301722204222,0.00252450510994655,5.276395166822027e-05,0.000126279709556668,0.00010891872370186078,-2.661881965162037,-2.597823745895671,-4.277662686146233,-3.8986664256559798,-3.962897456319281,L,synonymous,-1.050267831147527,-0.8517744104499024,0.036169564672787535,0.3090699548274459,0.17261975975011673
457,ortho,tttttgactttgtctttggttgatcca,6.0,gtt,4.0,,FLTLSLVDP,,False,False,7.0,2.0,4.0,6.0,14.0,19.0,437.0,435.0,True,False,True,True,False,False,1.0,both,0.002178301722204222,0.00252450510994655,5.276395166822027e-05,0.000126279709556668,0.00010891872370186078,-2.661881965162037,-2.597823745895671,-4.277662686146233,-3.8986664256559798,-3.962897456319281,V,non-synonymous,-1.050267831147527,-0.8517744104499024,0.036169564672787535,0.3090699548274459,0.17261975975011673
458,ortho,tttttgactttgtcttttaaagatcca,1.0,ttg,1.0,,FLTLSFKDP,,False,False,6.0,3.0,5.0,8.0,15.0,7.0,662.0,546.0,True,False,True,True,False,False,1.0,both,0.003299852952172071,0.0031686891724846352,7.035193555762703e-05,0.00013529968881071573,4.012795083752766e-05,-2.481505412692759,-2.499120360145571,-4.152723949537932,-3.8687032022785366,-4.396553017257853,L,synonymous,-1.086302766997238,-0.8967845505615327,0.00013462882307657686,0.26405981471581563,0.1320972217694461
459,ortho,tttttgactttgtcttttaaagatcca,2.0,act,2.0,,FLTLSFKDP,,False,False,6.0,3.0,5.0,8.0,15.0,7.0,662.0,546.0,True,False,True,True,False,False,1.0,both,0.003299852952172071,0.0031686891724846352,7.035193555762703e-05,0.00013529968881071573,4.012795083752766e-05,-2.481505412692759,-2.499120360145571,-4.152723949537932,-3.8687032022785366,-4.396553017257853,T,non-synonymous,-1.086302766997238,-0.8967845505615327,0.00013462882307657686,0.26405981471581563,0.1320972217694461
460,ortho,tttttgactttgtcttttaaagatcca,3.0,ttg,3.0,,FLTLSFKDP,,False,False,6.0,3.0,5.0,8.0,15.0,7.0,662.0,546.0,True,False,True,True,False,False,1.0,both,0.003299852952172071,0.0031686891724846352,7.035193555762703e-05,0.00013529968881071573,4.012795083752766e-05,-2.481505412692759,-2.499120360145571,-4.152723949537932,-3.8687032022785366,-4.396553017257853,L,synonymous,-1.086302766997238,-0.8967845505615327,0.00013462882307657686,0.26405981471581563,0.1320972217694461
461,ortho,tttttgactttgtcttttaaagatcca,5.0,ttt,4.0,,FLTLSFKDP,,False,False,6.0,3.0,5.0,8.0,15.0,7.0,662.0,546.0,True,False,True,True,False,False,1.0,both,0.003299852952172071,0.0031686891724846352,7.035193555762703e-05,0.00013529968881071573,4.012795083752766e-05,-2.481505412692759,-2.499120360145571,-4.152723949537932,-3.8687032022785366,-4.396553017257853,F,non-synonymous,-1.086302766997238,-0.8967845505615327,0.00013462882307657686,0.26405981471581563,0.1320972217694461
462,ortho,tttttgactttgtcttttaaagatcca,6.0,aaa,5.0,,FLTLSFKDP,,False,False,6.0,3.0,5.0,8.0,15.0,7.0,662.0,546.0,True,False,True,True,False,False,1.0,both,0.003299852952172071,0.0031686891724846352,7.035193555762703e-05,0.00013529968881071573,4.012795083752766e-05,-2.481505412692759,-2.499120360145571,-4.152723949537932,-3.8687032022785366,-4.396553017257853,K,non-synonymous,-1.086302766997238,-0.8967845505615327,0.00013462882307657686,0.26405981471581563,0.1320972217694461
463,ortho,tttttgactttgtcttttagagatact,1.0,ttg,1.0,,FLTLSFRDT,,False,False,7.0,3.0,5.0,2.0,8.0,13.0,268.0,255.0,True,False,True,True,False,False,1.0,both,0.0013358921316950377,0.0014798823058307362,1.7587983889406758e-05,7.215983403238173e-05,7.452333726969422e-05,-2.87422860810367,-2.8297728224163534,-4.754783940865894,-4.141704474342275,-4.127707704965273,L,synonymous,-1.2223730268857544,-0.8590353213008596,-0.13593563106543982,0.3018090439764888,0.08293670645552448
464,ortho,tttttgactttgtcttttagagatact,2.0,act,2.0,,FLTLSFRDT,,False,False,7.0,3.0,5.0,2.0,8.0,13.0,268.0,255.0,True,False,True,True,False,False,1.0,both,0.0013358921316950377,0.0014798823058307362,1.7587983889406758e-05,7.215983403238173e-05,7.452333726969422e-05,-2.87422860810367,-2.8297728224163534,-4.754783940865894,-4.141704474342275,-4.127707704965273,T,non-synonymous,-1.2223730268857544,-0.8590353213008596,-0.13593563106543982,0.3018090439764888,0.08293670645552448
465,ortho,tttttgactttgtcttttagagatact,3.0,ttg,3.0,,FLTLSFRDT,,False,False,7.0,3.0,5.0,2.0,8.0,13.0,268.0,255.0,True,False,True,True,False,False,1.0,both,0.0013358921316950377,0.0014798823058307362,1.7587983889406758e-05,7.215983403238173e-05,7.452333726969422e-05,-2.87422860810367,-2.8297728224163534,-4.754783940865894,-4.141704474342275,-4.127707704965273,L,synonymous,-1.2223730268857544,-0.8590353213008596,-0.13593563106543982,0.3018090439764888,0.08293670645552448
466,ortho,tttttgactttgtcttttagagatact,5.0,ttt,4.0,,FLTLSFRDT,,False,False,7.0,3.0,5.0,2.0,8.0,13.0,268.0,255.0,True,False,True,True,False,False,1.0,both,0.0013358921316950377,0.0014798823058307362,1.7587983889406758e-05,7.215983403238173e-05,7.452333726969422e-05,-2.87422860810367,-2.8297728224163534,-4.754783940865894,-4.141704474342275,-4.127707704965273,F,non-synonymous,-1.2223730268857544,-0.8590353213008596,-0.13593563106543982,0.3018090439764888,0.08293670645552448
467,ortho,tttttgactttgtcttttagagatact,8.0,act,5.0,,FLTLSFRDT,,False,False,7.0,3.0,5.0,2.0,8.0,13.0,268.0,255.0,True,False,True,True,False,False,1.0,both,0.0013358921316950377,0.0014798823058307362,1.7587983889406758e-05,7.215983403238173e-05,7.452333726969422e-05,-2.87422860810367,-2.8297728224163534,-4.754783940865894,-4.141704474342275,-4.127707704965273,T,non-synonymous,-1.2223730268857544,-0.8590353213008596,-0.13593563106543982,0.3018090439764888,0.08293670645552448
468,ortho,tttttgactttgtcttttagagatcca,1.0,ttg,1.0,,FLTLSFRDP,,False,False,5.0,2.0,4.0,1.0,2.0,1.0,172.0,118.0,True,False,True,True,False,False,1.0,both,0.0008573636069087555,0.0006848082826981446,8.793991944703379e-06,1.8039958508095433e-05,5.732564405361094e-06,-3.06683495522491,-3.164430995544183,-5.0558139365298755,-4.743764465670237,-5.24165105727211,L,synonymous,-1.292849093793351,-1.0341264599869133,-0.20641169797303638,0.12671790529043503,-0.039846896341300675
469,ortho,tttttgactttgtcttttagagatcca,2.0,act,2.0,,FLTLSFRDP,,False,False,5.0,2.0,4.0,1.0,2.0,1.0,172.0,118.0,True,False,True,True,False,False,1.0,both,0.0008573636069087555,0.0006848082826981446,8.793991944703379e-06,1.8039958508095433e-05,5.732564405361094e-06,-3.06683495522491,-3.164430995544183,-5.0558139365298755,-4.743764465670237,-5.24165105727211,T,non-synonymous,-1.292849093793351,-1.0341264599869133,-0.20641169797303638,0.12671790529043503,-0.039846896341300675
470,ortho,tttttgactttgtcttttagagatcca,3.0,ttg,3.0,,FLTLSFRDP,,False,False,5.0,2.0,4.0,1.0,2.0,1.0,172.0,118.0,True,False,True,True,False,False,1.0,both,0.0008573636069087555,0.0006848082826981446,8.793991944703379e-06,1.8039958508095433e-05,5.732564405361094e-06,-3.06683495522491,-3.164430995544183,-5.0558139365298755,-4.743764465670237,-5.24165105727211,L,synonymous,-1.292849093793351,-1.0341264599869133,-0.20641169797303638,0.12671790529043503,-0.039846896341300675
471,ortho,tttttgactttgtcttttagagatcca,5.0,ttt,4.0,,FLTLSFRDP,,False,False,5.0,2.0,4.0,1.0,2.0,1.0,172.0,118.0,True,False,True,True,False,False,1.0,both,0.0008573636069087555,0.0006848082826981446,8.793991944703379e-06,1.8039958508095433e-05,5.732564405361094e-06,-3.06683495522491,-3.164430995544183,-5.0558139365298755,-4.743764465670237,-5.24165105727211,F,non-synonymous,-1.292849093793351,-1.0341264599869133,-0.20641169797303638,0.12671790529043503,-0.039846896341300675
472,ortho,tttttgactttgtcttttgaaaatcca,1.0,ttg,1.0,,FLTLSFENP,,False,False,8.0,4.0,6.0,72.0,44.0,72.0,641.0,514.0,True,False,True,True,False,False,1.0,both,0.0031951748373750715,0.0029829784517529353,0.0006331674200186433,0.0003968790871780995,0.0004127446371859988,-2.4955053726136414,-2.5253498838550326,-3.1984814400986075,-3.4013417848480305,-3.3843185608408413,L,synonymous,-0.4569389522709094,-0.5735877955393376,0.6294984435494052,0.5872565697380108,0.608377506643708
473,ortho,tttttgactttgtcttttgaaaatcca,2.0,act,2.0,,FLTLSFENP,,False,False,8.0,4.0,6.0,72.0,44.0,72.0,641.0,514.0,True,False,True,True,False,False,1.0,both,0.0031951748373750715,0.0029829784517529353,0.0006331674200186433,0.0003968790871780995,0.0004127446371859988,-2.4955053726136414,-2.5253498838550326,-3.1984814400986075,-3.4013417848480305,-3.3843185608408413,T,non-synonymous,-0.4569389522709094,-0.5735877955393376,0.6294984435494052,0.5872565697380108,0.608377506643708
474,ortho,tttttgactttgtcttttgaaaatcca,3.0,ttg,3.0,,FLTLSFENP,,False,False,8.0,4.0,6.0,72.0,44.0,72.0,641.0,514.0,True,False,True,True,False,False,1.0,both,0.0031951748373750715,0.0029829784517529353,0.0006331674200186433,0.0003968790871780995,0.0004127446371859988,-2.4955053726136414,-2.5253498838550326,-3.1984814400986075,-3.4013417848480305,-3.3843185608408413,L,synonymous,-0.4569389522709094,-0.5735877955393376,0.6294984435494052,0.5872565697380108,0.608377506643708
475,ortho,tttttgactttgtcttttgaaaatcca,5.0,ttt,4.0,,FLTLSFENP,,False,False,8.0,4.0,6.0,72.0,44.0,72.0,641.0,514.0,True,False,True,True,False,False,1.0,both,0.0031951748373750715,0.0029829784517529353,0.0006331674200186433,0.0003968790871780995,0.0004127446371859988,-2.4955053726136414,-2.5253498838550326,-3.1984814400986075,-3.4013417848480305,-3.3843185608408413,F,non-synonymous,-0.4569389522709094,-0.5735877955393376,0.6294984435494052,0.5872565697380108,0.608377506643708
476,ortho,tttttgactttgtcttttgaaaatcca,6.0,gaa,5.0,,FLTLSFENP,,False,False,8.0,4.0,6.0,72.0,44.0,72.0,641.0,514.0,True,False,True,True,False,False,1.0,both,0.0031951748373750715,0.0029829784517529353,0.0006331674200186433,0.0003968790871780995,0.0004127446371859988,-2.4955053726136414,-2.5253498838550326,-3.1984814400986075,-3.4013417848480305,-3.3843185608408413,E,non-synonymous,-0.4569389522709094,-0.5735877955393376,0.6294984435494052,0.5872565697380108,0.608377506643708
477,ortho,tttttgactttgtcttttgaaaatcca,7.0,aat,6.0,,FLTLSFENP,,False,False,8.0,4.0,6.0,72.0,44.0,72.0,641.0,514.0,True,False,True,True,False,False,1.0,both,0.0031951748373750715,0.0029829784517529353,0.0006331674200186433,0.0003968790871780995,0.0004127446371859988,-2.4955053726136414,-2.5253498838550326,-3.1984814400986075,-3.4013417848480305,-3.3843185608408413,N,non-synonymous,-0.4569389522709094,-0.5735877955393376,0.6294984435494052,0.5872565697380108,0.608377506643708
478,ortho,tttttgattaaatctttgattgatcca,1.0,ttg,1.0,,FLIKSLIDP,,False,False,6.0,3.0,4.0,9.0,12.0,6.0,1106.0,917.0,True,False,True,True,False,False,1.0,both,0.005513047379308626,0.005321772840967785,7.914592750233041e-05,0.00010823975104857258,3.4395386432166565e-05,-2.2586082751637795,-2.2739436671802875,-4.101571427090551,-3.9656132152865933,-4.463499806888466,L,synonymous,-1.1979378682522812,-1.1076826232975405,-0.11150047243196659,0.05316174197980783,-0.02916936522607938
479,ortho,tttttgattaaatctttgattgatcca,2.0,att,2.0,,FLIKSLIDP,,False,False,6.0,3.0,4.0,9.0,12.0,6.0,1106.0,917.0,True,False,True,True,False,False,1.0,both,0.005513047379308626,0.005321772840967785,7.914592750233041e-05,0.00010823975104857258,3.4395386432166565e-05,-2.2586082751637795,-2.2739436671802875,-4.101571427090551,-3.9656132152865933,-4.463499806888466,I,non-synonymous,-1.1979378682522812,-1.1076826232975405,-0.11150047243196659,0.05316174197980783,-0.02916936522607938
480,ortho,tttttgattaaatctttgattgatcca,3.0,aaa,3.0,,FLIKSLIDP,,False,False,6.0,3.0,4.0,9.0,12.0,6.0,1106.0,917.0,True,False,True,True,False,False,1.0,both,0.005513047379308626,0.005321772840967785,7.914592750233041e-05,0.00010823975104857258,3.4395386432166565e-05,-2.2586082751637795,-2.2739436671802875,-4.101571427090551,-3.9656132152865933,-4.463499806888466,K,non-synonymous,-1.1979378682522812,-1.1076826232975405,-0.11150047243196659,0.05316174197980783,-0.02916936522607938
481,ortho,tttttgattaaatctttgattgatcca,6.0,att,4.0,,FLIKSLIDP,,False,False,6.0,3.0,4.0,9.0,12.0,6.0,1106.0,917.0,True,False,True,True,False,False,1.0,both,0.005513047379308626,0.005321772840967785,7.914592750233041e-05,0.00010823975104857258,3.4395386432166565e-05,-2.2586082751637795,-2.2739436671802875,-4.101571427090551,-3.9656132152865933,-4.463499806888466,I,non-synonymous,-1.1979378682522812,-1.1076826232975405,-0.11150047243196659,0.05316174197980783,-0.02916936522607938
482,ortho,tttttgattttgtctttgagagatcca,1.0,ttg,1.0,,FLILSLRDP,,False,False,3.0,1.0,3.0,5.0,19.0,5.0,706.0,730.0,True,False,True,True,False,False,1.0,both,0.00351917852603245,0.004236525816691912,4.396995972351689e-05,0.00017137960582690659,2.8662822026805472e-05,-2.453558701080655,-2.3729901427298525,-4.356843932193857,-3.766040860381389,-4.542681052936091,L,synonymous,-1.2371476065878466,-0.9121510019744167,-0.150710210767532,0.24869336330293168,0.04899157626769984
483,ortho,tttttgattttgtctttgagagatcca,2.0,att,2.0,,FLILSLRDP,,False,False,3.0,1.0,3.0,5.0,19.0,5.0,706.0,730.0,True,False,True,True,False,False,1.0,both,0.00351917852603245,0.004236525816691912,4.396995972351689e-05,0.00017137960582690659,2.8662822026805472e-05,-2.453558701080655,-2.3729901427298525,-4.356843932193857,-3.766040860381389,-4.542681052936091,I,non-synonymous,-1.2371476065878466,-0.9121510019744167,-0.150710210767532,0.24869336330293168,0.04899157626769984
484,ortho,tttttgattttgtctttgagagatcca,3.0,ttg,3.0,,FLILSLRDP,,False,False,3.0,1.0,3.0,5.0,19.0,5.0,706.0,730.0,True,False,True,True,False,False,1.0,both,0.00351917852603245,0.004236525816691912,4.396995972351689e-05,0.00017137960582690659,2.8662822026805472e-05,-2.453558701080655,-2.3729901427298525,-4.356843932193857,-3.766040860381389,-4.542681052936091,L,synonymous,-1.2371476065878466,-0.9121510019744167,-0.150710210767532,0.24869336330293168,0.04899157626769984
485,ortho,tttttggctttgaatttgtctgattct,1.0,ttg,1.0,,FLALNLSDS,,False,False,10.0,4.0,6.0,323.0,381.0,436.0,135.0,141.0,True,False,True,True,False,False,1.0,both,0.0006729307379807093,0.0008182878632240542,0.0028404593981391914,0.0034366120957921797,0.002499398080737437,-3.1720296336374525,-3.0870938901949287,-2.546611414198773,-2.4638694856585985,-2.6021645680035235,L,synonymous,0.406525853638054,0.40807901525012763,1.4929632494583687,1.568923380527476,1.5309433149929224
486,ortho,tttttggctttgaatttgtctgattct,2.0,gct,2.0,,FLALNLSDS,,False,False,10.0,4.0,6.0,323.0,381.0,436.0,135.0,141.0,True,False,True,True,False,False,1.0,both,0.0006729307379807093,0.0008182878632240542,0.0028404593981391914,0.0034366120957921797,0.002499398080737437,-3.1720296336374525,-3.0870938901949287,-2.546611414198773,-2.4638694856585985,-2.6021645680035235,A,non-synonymous,0.406525853638054,0.40807901525012763,1.4929632494583687,1.568923380527476,1.5309433149929224
487,ortho,tttttggctttgaatttgtctgattct,3.0,ttg,3.0,,FLALNLSDS,,False,False,10.0,4.0,6.0,323.0,381.0,436.0,135.0,141.0,True,False,True,True,False,False,1.0,both,0.0006729307379807093,0.0008182878632240542,0.0028404593981391914,0.0034366120957921797,0.002499398080737437,-3.1720296336374525,-3.0870938901949287,-2.546611414198773,-2.4638694856585985,-2.6021645680035235,L,synonymous,0.406525853638054,0.40807901525012763,1.4929632494583687,1.568923380527476,1.5309433149929224
488,ortho,tttttggctttgaatttgtctgattct,4.0,aat,4.0,,FLALNLSDS,,False,False,10.0,4.0,6.0,323.0,381.0,436.0,135.0,141.0,True,False,True,True,False,False,1.0,both,0.0006729307379807093,0.0008182878632240542,0.0028404593981391914,0.0034366120957921797,0.002499398080737437,-3.1720296336374525,-3.0870938901949287,-2.546611414198773,-2.4638694856585985,-2.6021645680035235,N,non-synonymous,0.406525853638054,0.40807901525012763,1.4929632494583687,1.568923380527476,1.5309433149929224
489,ortho,tttttggctttgaatttgtctgattct,6.0,tct,5.0,,FLALNLSDS,,False,False,10.0,4.0,6.0,323.0,381.0,436.0,135.0,141.0,True,False,True,True,False,False,1.0,both,0.0006729307379807093,0.0008182878632240542,0.0028404593981391914,0.0034366120957921797,0.002499398080737437,-3.1720296336374525,-3.0870938901949287,-2.546611414198773,-2.4638694856585985,-2.6021645680035235,S,non-synonymous,0.406525853638054,0.40807901525012763,1.4929632494583687,1.568923380527476,1.5309433149929224
490,ortho,tttttggctttgaatttgtctgattct,8.0,tct,6.0,,FLALNLSDS,,False,False,10.0,4.0,6.0,323.0,381.0,436.0,135.0,141.0,True,False,True,True,False,False,1.0,both,0.0006729307379807093,0.0008182878632240542,0.0028404593981391914,0.0034366120957921797,0.002499398080737437,-3.1720296336374525,-3.0870938901949287,-2.546611414198773,-2.4638694856585985,-2.6021645680035235,S,non-synonymous,0.406525853638054,0.40807901525012763,1.4929632494583687,1.568923380527476,1.5309433149929224
491,ortho,tttttggctttgtctattagagatcca,1.0,ttg,1.0,,FLALSIRDP,,False,False,5.0,2.0,4.0,8.0,9.0,1.0,638.0,513.0,True,False,True,True,False,False,1.0,both,0.0031802208209755004,0.0029771749917300696,7.035193555762703e-05,8.117981328642944e-05,5.732564405361094e-06,-2.4975427234112964,-2.526195637738492,-4.152723949537932,-4.090551951894893,-5.24165105727211,L,synonymous,-1.0758784121778924,-1.0243196183182361,0.010558983642422248,0.1365247469591122,0.07354186530076723
492,ortho,tttttggctttgtctattagagatcca,2.0,gct,2.0,,FLALSIRDP,,False,False,5.0,2.0,4.0,8.0,9.0,1.0,638.0,513.0,True,False,True,True,False,False,1.0,both,0.0031802208209755004,0.0029771749917300696,7.035193555762703e-05,8.117981328642944e-05,5.732564405361094e-06,-2.4975427234112964,-2.526195637738492,-4.152723949537932,-4.090551951894893,-5.24165105727211,A,non-synonymous,-1.0758784121778924,-1.0243196183182361,0.010558983642422248,0.1365247469591122,0.07354186530076723
493,ortho,tttttggctttgtctattagagatcca,3.0,ttg,3.0,,FLALSIRDP,,False,False,5.0,2.0,4.0,8.0,9.0,1.0,638.0,513.0,True,False,True,True,False,False,1.0,both,0.0031802208209755004,0.0029771749917300696,7.035193555762703e-05,8.117981328642944e-05,5.732564405361094e-06,-2.4975427234112964,-2.526195637738492,-4.152723949537932,-4.090551951894893,-5.24165105727211,L,synonymous,-1.0758784121778924,-1.0243196183182361,0.010558983642422248,0.1365247469591122,0.07354186530076723
494,ortho,tttttggctttgtctattagagatcca,5.0,att,4.0,,FLALSIRDP,,False,False,5.0,2.0,4.0,8.0,9.0,1.0,638.0,513.0,True,False,True,True,False,False,1.0,both,0.0031802208209755004,0.0029771749917300696,7.035193555762703e-05,8.117981328642944e-05,5.732564405361094e-06,-2.4975427234112964,-2.526195637738492,-4.152723949537932,-4.090551951894893,-5.24165105727211,I,non-synonymous,-1.0758784121778924,-1.0243196183182361,0.010558983642422248,0.1365247469591122,0.07354186530076723
495,ortho,tttttggctttgtcttttaaagatcca,1.0,ttg,1.0,,FLALSFKDP,,False,False,5.0,3.0,5.0,6.0,3.0,4.0,436.0,273.0,True,False,True,True,False,False,1.0,both,0.0021733170500710317,0.0015843445862423176,5.276395166822027e-05,2.7059937762143145e-05,2.2930257621444375e-05,-2.6628769128638727,-2.8001503558095524,-4.277662686146233,-4.567673206614556,-4.639591065944147,L,synonymous,-1.0496211087604224,-1.1573503526795177,0.03681628705989226,0.0034940125978306646,0.020155149828861463
496,ortho,tttttggctttgtcttttaaagatcca,2.0,gct,2.0,,FLALSFKDP,,False,False,5.0,3.0,5.0,6.0,3.0,4.0,436.0,273.0,True,False,True,True,False,False,1.0,both,0.0021733170500710317,0.0015843445862423176,5.276395166822027e-05,2.7059937762143145e-05,2.2930257621444375e-05,-2.6628769128638727,-2.8001503558095524,-4.277662686146233,-4.567673206614556,-4.639591065944147,A,non-synonymous,-1.0496211087604224,-1.1573503526795177,0.03681628705989226,0.0034940125978306646,0.020155149828861463
497,ortho,tttttggctttgtcttttaaagatcca,3.0,ttg,3.0,,FLALSFKDP,,False,False,5.0,3.0,5.0,6.0,3.0,4.0,436.0,273.0,True,False,True,True,False,False,1.0,both,0.0021733170500710317,0.0015843445862423176,5.276395166822027e-05,2.7059937762143145e-05,2.2930257621444375e-05,-2.6628769128638727,-2.8001503558095524,-4.277662686146233,-4.567673206614556,-4.639591065944147,L,synonymous,-1.0496211087604224,-1.1573503526795177,0.03681628705989226,0.0034940125978306646,0.020155149828861463
498,ortho,tttttggctttgtcttttaaagatcca,5.0,ttt,4.0,,FLALSFKDP,,False,False,5.0,3.0,5.0,6.0,3.0,4.0,436.0,273.0,True,False,True,True,False,False,1.0,both,0.0021733170500710317,0.0015843445862423176,5.276395166822027e-05,2.7059937762143145e-05,2.2930257621444375e-05,-2.6628769128638727,-2.8001503558095524,-4.277662686146233,-4.567673206614556,-4.639591065944147,F,non-synonymous,-1.0496211087604224,-1.1573503526795177,0.03681628705989226,0.0034940125978306646,0.020155149828861463
499,ortho,tttttggctttgtcttttaaagatcca,6.0,aaa,5.0,,FLALSFKDP,,False,False,5.0,3.0,5.0,6.0,3.0,4.0,436.0,273.0,True,False,True,True,False,False,1.0,both,0.0021733170500710317,0.0015843445862423176,5.276395166822027e-05,2.7059937762143145e-05,2.2930257621444375e-05,-2.6628769128638727,-2.8001503558095524,-4.277662686146233,-4.567673206614556,-4.639591065944147,K,non-synonymous,-1.0496211087604224,-1.1573503526795177,0.03681628705989226,0.0034940125978306646,0.020155149828861463
500,ortho,tttttggctttgtcttttagagatcca,1.0,ttg,1.0,,FLALSFRDP,,False,False,4.0,2.0,4.0,9.0,22.0,7.0,1334.0,1169.0,True,False,True,True,False,False,1.0,both,0.006649552625676046,0.006784244766729924,7.914592750233041e-05,0.00019843954358904974,4.012795083752766e-05,-2.1772075725519286,-2.168498491688468,-4.101571427090551,-3.7023717805120118,-4.396553017257853,L,synonymous,-1.2508488469981833,-1.0043597405131748,-0.1644114511778687,0.15648462476417357,-0.003963413206847566
501,ortho,tttttggctttgtcttttagagatcca,2.0,gct,2.0,,FLALSFRDP,,False,False,4.0,2.0,4.0,9.0,22.0,7.0,1334.0,1169.0,True,False,True,True,False,False,1.0,both,0.006649552625676046,0.006784244766729924,7.914592750233041e-05,0.00019843954358904974,4.012795083752766e-05,-2.1772075725519286,-2.168498491688468,-4.101571427090551,-3.7023717805120118,-4.396553017257853,A,non-synonymous,-1.2508488469981833,-1.0043597405131748,-0.1644114511778687,0.15648462476417357,-0.003963413206847566
502,ortho,tttttggctttgtcttttagagatcca,3.0,ttg,3.0,,FLALSFRDP,,False,False,4.0,2.0,4.0,9.0,22.0,7.0,1334.0,1169.0,True,False,True,True,False,False,1.0,both,0.006649552625676046,0.006784244766729924,7.914592750233041e-05,0.00019843954358904974,4.012795083752766e-05,-2.1772075725519286,-2.168498491688468,-4.101571427090551,-3.7023717805120118,-4.396553017257853,L,synonymous,-1.2508488469981833,-1.0043597405131748,-0.1644114511778687,0.15648462476417357,-0.003963413206847566
503,ortho,tttttggctttgtcttttagagatcca,5.0,ttt,4.0,,FLALSFRDP,,False,False,4.0,2.0,4.0,9.0,22.0,7.0,1334.0,1169.0,True,False,True,True,False,False,1.0,both,0.006649552625676046,0.006784244766729924,7.914592750233041e-05,0.00019843954358904974,4.012795083752766e-05,-2.1772075725519286,-2.168498491688468,-4.101571427090551,-3.7023717805120118,-4.396553017257853,F,non-synonymous,-1.2508488469981833,-1.0043597405131748,-0.1644114511778687,0.15648462476417357,-0.003963413206847566
504,ortho,tttttggctttgtcttttagagatgct,1.0,ttg,1.0,,FLALSFRDA,,False,False,6.0,3.0,5.0,2106.0,2013.0,2881.0,1045.0,926.0,True,False,True,True,False,False,1.0,both,0.005208982379184009,0.005374003981173576,0.018520147035545314,0.01815721823839805,0.016515518051845313,-2.283247111685386,-2.2697020161683743,-1.732355569680408,-1.7409506864455635,-1.7821077989916967,L,synonymous,0.3580830353432248,0.34621930780456467,1.4445204311635393,1.507063673081913,1.4757920521227261
505,ortho,tttttggctttgtcttttagagatgct,2.0,gct,2.0,,FLALSFRDA,,False,False,6.0,3.0,5.0,2106.0,2013.0,2881.0,1045.0,926.0,True,False,True,True,False,False,1.0,both,0.005208982379184009,0.005374003981173576,0.018520147035545314,0.01815721823839805,0.016515518051845313,-2.283247111685386,-2.2697020161683743,-1.732355569680408,-1.7409506864455635,-1.7821077989916967,A,non-synonymous,0.3580830353432248,0.34621930780456467,1.4445204311635393,1.507063673081913,1.4757920521227261
506,ortho,tttttggctttgtcttttagagatgct,3.0,ttg,3.0,,FLALSFRDA,,False,False,6.0,3.0,5.0,2106.0,2013.0,2881.0,1045.0,926.0,True,False,True,True,False,False,1.0,both,0.005208982379184009,0.005374003981173576,0.018520147035545314,0.01815721823839805,0.016515518051845313,-2.283247111685386,-2.2697020161683743,-1.732355569680408,-1.7409506864455635,-1.7821077989916967,L,synonymous,0.3580830353432248,0.34621930780456467,1.4445204311635393,1.507063673081913,1.4757920521227261
507,ortho,tttttggctttgtcttttagagatgct,5.0,ttt,4.0,,FLALSFRDA,,False,False,6.0,3.0,5.0,2106.0,2013.0,2881.0,1045.0,926.0,True,False,True,True,False,False,1.0,both,0.005208982379184009,0.005374003981173576,0.018520147035545314,0.01815721823839805,0.016515518051845313,-2.283247111685386,-2.2697020161683743,-1.732355569680408,-1.7409506864455635,-1.7821077989916967,F,non-synonymous,0.3580830353432248,0.34621930780456467,1.4445204311635393,1.507063673081913,1.4757920521227261
508,ortho,tttttggctttgtcttttagagatgct,8.0,gct,5.0,,FLALSFRDA,,False,False,6.0,3.0,5.0,2106.0,2013.0,2881.0,1045.0,926.0,True,False,True,True,False,False,1.0,both,0.005208982379184009,0.005374003981173576,0.018520147035545314,0.01815721823839805,0.016515518051845313,-2.283247111685386,-2.2697020161683743,-1.732355569680408,-1.7409506864455635,-1.7821077989916967,A,non-synonymous,0.3580830353432248,0.34621930780456467,1.4445204311635393,1.507063673081913,1.4757920521227261
509,single,tttttggttttatctttgagagatcca,1.0,ttg,1.0,,FLVLSLRDP,,False,False,1.0,0.0,1.0,10.0,13.0,30.0,1566.0,1266.0,True,False,True,True,False,False,1.0,both,0.007805996560576228,0.00734718038894789,8.793991944703378e-05,0.00011725973030262031,0.00017197693216083282,-2.1075716444105344,-2.1338792971689724,-4.0558139365298755,-3.930851109027381,-3.764529802552447,L,synonymous,-1.2663699845655494,-1.1766331390071072,-0.17993258874523477,-0.015788773729758843,-0.0978606812374968
510,ortho,tttttggttttgtctttgagagatcca,1.0,ttg,1.0,,FLVLSLRDP,,False,False,2.0,0.0,2.0,1.0,3.0,7.0,476.0,289.0,True,False,True,True,False,False,1.0,both,0.002372703935398649,0.0016771999466081678,8.793991944703379e-06,2.7059937762143145e-05,4.012795083752766e-05,-2.6247564494119655,-2.7754151600937607,-5.0558139365298755,-4.567673206614556,-4.396553017257853,L,synonymous,-1.5802029577596746,-1.1735466284290679,-0.49376556193935994,-0.012702263151719517,-0.25323391254553973
511,ortho,tttttggttttgtctttgagagatcca,3.0,ttg,2.0,,FLVLSLRDP,,False,False,2.0,0.0,2.0,1.0,3.0,7.0,476.0,289.0,True,False,True,True,False,False,1.0,both,0.002372703935398649,0.0016771999466081678,8.793991944703379e-06,2.7059937762143145e-05,4.012795083752766e-05,-2.6247564494119655,-2.7754151600937607,-5.0558139365298755,-4.567673206614556,-4.396553017257853,L,synonymous,-1.5802029577596746,-1.1735466284290679,-0.49376556193935994,-0.012702263151719517,-0.25323391254553973
512,ortho,tttttgtctttgtcttttagagatcca,1.0,ttg,1.0,,FLSLSFRDP,,False,False,5.0,2.0,4.0,422.0,444.0,688.0,570.0,485.0,True,False,True,True,False,False,1.0,both,0.0028412631159185505,0.002814678111089832,0.0037110646006648256,0.004004870788797185,0.003944004310888433,-2.546488546459967,-2.550571264248045,-2.430501485568202,-2.3974114912195983,-2.4040626190365986,L,synonymous,0.0753923334409943,0.10028697351779996,1.161829729261309,1.2611313387951484,1.2114805340282286
513,ortho,tttttgtctttgtcttttagagatcca,2.0,tct,2.0,,FLSLSFRDP,,False,False,5.0,2.0,4.0,422.0,444.0,688.0,570.0,485.0,True,False,True,True,False,False,1.0,both,0.0028412631159185505,0.002814678111089832,0.0037110646006648256,0.004004870788797185,0.003944004310888433,-2.546488546459967,-2.550571264248045,-2.430501485568202,-2.3974114912195983,-2.4040626190365986,S,non-synonymous,0.0753923334409943,0.10028697351779996,1.161829729261309,1.2611313387951484,1.2114805340282286
514,ortho,tttttgtctttgtcttttagagatcca,3.0,ttg,3.0,,FLSLSFRDP,,False,False,5.0,2.0,4.0,422.0,444.0,688.0,570.0,485.0,True,False,True,True,False,False,1.0,both,0.0028412631159185505,0.002814678111089832,0.0037110646006648256,0.004004870788797185,0.003944004310888433,-2.546488546459967,-2.550571264248045,-2.430501485568202,-2.3974114912195983,-2.4040626190365986,L,synonymous,0.0753923334409943,0.10028697351779996,1.161829729261309,1.2611313387951484,1.2114805340282286
515,ortho,tttttgtctttgtcttttagagatcca,5.0,ttt,4.0,,FLSLSFRDP,,False,False,5.0,2.0,4.0,422.0,444.0,688.0,570.0,485.0,True,False,True,True,False,False,1.0,both,0.0028412631159185505,0.002814678111089832,0.0037110646006648256,0.004004870788797185,0.003944004310888433,-2.546488546459967,-2.550571264248045,-2.430501485568202,-2.3974114912195983,-2.4040626190365986,F,non-synonymous,0.0753923334409943,0.10028697351779996,1.161829729261309,1.2611313387951484,1.2114805340282286
516,single,ttttttgttttatctttgagagatcca,1.0,ttt,1.0,,FFVLSLRDP,,False,False,1.0,1.0,1.0,14.0,16.0,33.0,2350.0,1827.0,True,False,True,True,False,False,1.0,both,0.011713979512997533,0.01060292146177551,0.0001231158872258473,0.00014431966806476346,0.00018917462537691612,-1.9312955398607226,-1.9745744554977707,-3.909685900851638,-3.8406744786782934,-3.7231371173942223,F,non-synonymous,-1.2859664226810799,-1.2218973683874033,-0.19952902686076524,-0.061053003110054904,-0.13029101498541007
517,WT,tttttagttttatctttgagagatcca,0.0,ttt,,,FLVLSLRDP,True,,,,0.0,,,,,,,,,,,,,1.0,,0.031697530094958,0.03013736789874123,0.0007035193555762702,0.0007666982365940559,0.0005961866981575538,,,,,,F,synonymous,-1.0749476980655592,-1.0440447655070395,0.01148969775475539,0.11679959977030885,0.06414464876253212
518,WT,tttttagttttatctttgagagatcca,1.0,tta,,,FLVLSLRDP,True,,,,0.0,,,,,,,,,,,,,1.0,,0.031697530094958,0.03013736789874123,0.0007035193555762702,0.0007666982365940559,0.0005961866981575538,,,,,,L,synonymous,-1.0749476980655592,-1.0440447655070395,0.01148969775475539,0.11679959977030885,0.06414464876253212
519,WT,tttttagttttatctttgagagatcca,2.0,gtt,,,FLVLSLRDP,True,,,,0.0,,,,,,,,,,,,,1.0,,0.031697530094958,0.03013736789874123,0.0007035193555762702,0.0007666982365940559,0.0005961866981575538,,,,,,V,synonymous,-1.0749476980655592,-1.0440447655070395,0.01148969775475539,0.11679959977030885,0.06414464876253212
520,WT,tttttagttttatctttgagagatcca,3.0,tta,,,FLVLSLRDP,True,,,,0.0,,,,,,,,,,,,,1.0,,0.031697530094958,0.03013736789874123,0.0007035193555762702,0.0007666982365940559,0.0005961866981575538,,,,,,L,synonymous,-1.0749476980655592,-1.0440447655070395,0.01148969775475539,0.11679959977030885,0.06414464876253212
521,WT,tttttagttttatctttgagagatcca,4.0,tct,,,FLVLSLRDP,True,,,,0.0,,,,,,,,,,,,,1.0,,0.031697530094958,0.03013736789874123,0.0007035193555762702,0.0007666982365940559,0.0005961866981575538,,,,,,S,synonymous,-1.0749476980655592,-1.0440447655070395,0.01148969775475539,0.11679959977030885,0.06414464876253212
522,WT,tttttagttttatctttgagagatcca,5.0,ttg,,,FLVLSLRDP,True,,,,0.0,,,,,,,,,,,,,1.0,,0.031697530094958,0.03013736789874123,0.0007035193555762702,0.0007666982365940559,0.0005961866981575538,,,,,,L,synonymous,-1.0749476980655592,-1.0440447655070395,0.01148969775475539,0.11679959977030885,0.06414464876253212
523,WT,tttttagttttatctttgagagatcca,6.0,aga,,,FLVLSLRDP,True,,,,0.0,,,,,,,,,,,,,1.0,,0.031697530094958,0.03013736789874123,0.0007035193555762702,0.0007666982365940559,0.0005961866981575538,,,,,,R,synonymous,-1.0749476980655592,-1.0440447655070395,0.01148969775475539,0.11679959977030885,0.06414464876253212
524,WT,tttttagttttatctttgagagatcca,7.0,gat,,,FLVLSLRDP,True,,,,0.0,,,,,,,,,,,,,1.0,,0.031697530094958,0.03013736789874123,0.0007035193555762702,0.0007666982365940559,0.0005961866981575538,,,,,,D,synonymous,-1.0749476980655592,-1.0440447655070395,0.01148969775475539,0.11679959977030885,0.06414464876253212
525,WT,tttttagttttatctttgagagatcca,8.0,cca,,,FLVLSLRDP,True,,,,0.0,,,,,,,,,,,,,1.0,,0.031697530094958,0.03013736789874123,0.0007035193555762702,0.0007666982365940559,0.0005961866981575538,,,,,,P,synonymous,-1.0749476980655592,-1.0440447655070395,0.01148969775475539,0.11679959977030885,0.06414464876253212
