,rep_compared,Pearson,replicate1,replicate2
0,"('1', '2')",0.6976946591397625,1,2
1,"('1', '3')",0.6442063236529452,1,3
2,"('2', '3')",0.7945028611851187,2,3
