,rep_compared,Pearson,replicate1,replicate2
0,"('1', '2')",0.9697454805248673,1,2
1,"('1', '3')",0.9628409577439295,1,3
2,"('2', '3')",0.9721939995487783,2,3
