,total_readcount,WT,WT_%,single_mut_readcount,single_mut_readcount_%,ortho_mut_readcount,ortho_mut_readcount_%,double_mut_readcount,double_mut_readcount_%
input1,144502.0,1445.0,1.0,127623.0,88.3,15434.0,10.7,0.0,0.0
input2,193167.0,1990.0,1.0,167871.0,86.9,23306.0,12.1,0.0,0.0
input3,148350.0,1557.0,1.0,130205.0,87.8,16588.0,11.200000000000001,0.0,0.0
b1,252814.0,166.0,0.1,217072.0,85.9,35576.0,14.099999999999998,0.0,0.0
b2,260758.0,263.0,0.1,225763.0,86.6,34732.0,13.3,0.0,0.0
b3,209835.0,68.0,0.0,183423.0,87.4,26344.0,12.6,0.0,0.0
