,seq_type,nt_seq,aa_pos,alt_codons,mutated_codon,combination,aa_seq,WT,STOP,STOP_readthrough,Nham_nt,Nham_aa,Nmut_codons,b1,b2,b3,input1,input2,input3,barcode_valid,indel,constant_region,permitted,too_many_substitutions,mixed_substitutions,confidence_score,Location,input1_abundance,input2_abundance,input3_abundance,b1_abundance,b2_abundance,b3_abundance,input1_log10,input2_log10,input3_log10,b1_log10,b2_log10,b3_log10,alt_aa,mutation_type,Log2FC_1,Log2FC_2,Log2FC_3,selcoeff_1,selcoeff_2,selcoeff_3,median_s
0,single,aagatactgtcactaagagatcca,0.0,aag,1.0,,KILSLRDP,,False,False,3.0,1.0,1.0,68.0,81.0,72.0,2152.0,2939.0,2112.0,True,False,True,True,False,False,1.0,both,0.014867936521096303,0.015196012533220272,0.014213703571596821,0.0002687184107677048,0.00031034839480913575,0.0003427363690889877,-1.8277493017999091,-1.8182703569239664,-1.847292746059919,-3.5707025776274564,-3.5081504965403454,-3.4650398084484504,K,non-synonymous,-0.9969431761404798,-0.9794982937941228,-0.9148252512358641,-0.04429674988389731,0.027671604702005803,0.026034075087856268,0.026034075087856268
1,single,aatatactgtcactaagagatcca,0.0,aat,1.0,,NILSLRDP,,False,False,3.0,1.0,1.0,26.0,18.0,20.0,631.0,932.0,630.0,True,False,True,True,False,False,1.0,both,0.004359511126771267,0.0048188784215587935,0.0042398831676638245,0.00010274527470529889,6.896630995758572e-05,9.520454696916325e-05,-2.3605622095501264,-2.3170540306425975,-2.372646110468112,-3.9882381423628748,-4.161363010315689,-4.021342309215737,N,non-synonymous,-0.931006262009696,-1.0690092489216823,-0.9323267829051218,0.021640164246886417,-0.06183935042555366,0.008532543418598548,0.008532543418598548
2,single,acgatactgtcactaagagatcca,0.0,acg,1.0,,TILSLRDP,,False,False,3.0,1.0,1.0,50.0,35.0,15.0,296.0,354.0,303.0,True,False,True,True,False,False,1.0,both,0.002045032160894287,0.001830346524926838,0.0020391819044478393,0.0001975870667409594,0.00013410115825086111,7.140341022687243e-05,-2.689299857735322,-2.7374666809707913,-2.690544031419389,-3.704241485997674,-3.8725674710687197,-4.146281045824037,T,non-synonymous,-0.5805314144159384,-0.6579338150205605,-0.8232096419138711,0.3721150118406441,0.3492360834755681,0.11764968440984924,0.3492360834755681
3,single,actatactgtcactaagagatcca,0.0,act,1.0,,TILSLRDP,,False,False,3.0,1.0,1.0,83.0,69.0,61.0,627.0,795.0,628.0,True,False,True,True,False,False,1.0,both,0.004331875557029453,0.004110523975471288,0.004226423221099812,0.0003279945307899926,0.00026437085483741195,0.0002903738682559479,-2.3633240279635443,-2.386102814340109,-2.3740270161844976,-3.484133397957619,-3.5777864246817397,-3.5370424698689518,T,non-synonymous,-0.6410861775048868,-0.6907306830276299,-0.6576775376968943,0.31156024875169563,0.31643921546849874,0.2831817886268261,0.31156024875169563
4,single,atgatactgtcactaagagatcca,0.0,atg,1.0,,MILSLRDP,,False,False,2.0,1.0,1.0,19.0,12.0,11.0,201.0,273.0,241.0,True,False,True,True,False,False,1.0,both,0.0013886873795261882,0.0014115384217656122,0.001621923560963463,7.508308536156458e-05,4.597753997172381e-05,5.2362500833039786e-05,-2.8573955113737717,-2.850307295955823,-2.7899696173468254,-4.124457889380864,-4.337454269371371,-4.280979619721494,M,non-synonymous,-0.7247407082090266,-0.8619889002378,-0.8431562830370326,0.22790571804755588,0.14518099825832864,0.09770304328668777,0.14518099825832864
5,ortho,atgattttgtctttgagagatcca,0.0,atg,1.0,,MILSLRDP,,False,False,7.0,1.0,5.0,106.0,70.0,67.0,892.0,1353.0,995.0,True,False,True,True,False,False,1.0,both,0.0061627320524246755,0.006995646463915287,0.00669632341559604,0.00041888458149083396,0.00026820231650172223,0.0003189352323466969,-2.2102267144181376,-2.155172146398956,-2.1741635791759686,-3.3779056250689226,-3.5715374754047384,-3.4962975021788925,M,non-synonymous,-0.6678948529723118,-0.8209620260199362,-0.7476579784313155,0.2847515732842707,0.18620787247619242,0.19320134789240484,0.19320134789240484
6,ortho,atgattttgtctttgagagatcca,1.0,att,2.0,,MILSLRDP,,False,False,7.0,1.0,5.0,106.0,70.0,67.0,892.0,1353.0,995.0,True,False,True,True,False,False,1.0,both,0.0061627320524246755,0.006995646463915287,0.00669632341559604,0.00041888458149083396,0.00026820231650172223,0.0003189352323466969,-2.2102267144181376,-2.155172146398956,-2.1741635791759686,-3.3779056250689226,-3.5715374754047384,-3.4962975021788925,I,synonymous,-0.6678948529723118,-0.8209620260199362,-0.7476579784313155,0.2847515732842707,0.18620787247619242,0.19320134789240484,0.19320134789240484
7,ortho,atgattttgtctttgagagatcca,2.0,ttg,3.0,,MILSLRDP,,False,False,7.0,1.0,5.0,106.0,70.0,67.0,892.0,1353.0,995.0,True,False,True,True,False,False,1.0,both,0.0061627320524246755,0.006995646463915287,0.00669632341559604,0.00041888458149083396,0.00026820231650172223,0.0003189352323466969,-2.2102267144181376,-2.155172146398956,-2.1741635791759686,-3.3779056250689226,-3.5715374754047384,-3.4962975021788925,L,synonymous,-0.6678948529723118,-0.8209620260199362,-0.7476579784313155,0.2847515732842707,0.18620787247619242,0.19320134789240484,0.19320134789240484
8,ortho,atgattttgtctttgagagatcca,3.0,tct,4.0,,MILSLRDP,,False,False,7.0,1.0,5.0,106.0,70.0,67.0,892.0,1353.0,995.0,True,False,True,True,False,False,1.0,both,0.0061627320524246755,0.006995646463915287,0.00669632341559604,0.00041888458149083396,0.00026820231650172223,0.0003189352323466969,-2.2102267144181376,-2.155172146398956,-2.1741635791759686,-3.3779056250689226,-3.5715374754047384,-3.4962975021788925,S,synonymous,-0.6678948529723118,-0.8209620260199362,-0.7476579784313155,0.2847515732842707,0.18620787247619242,0.19320134789240484,0.19320134789240484
9,ortho,atgattttgtctttgagagatcca,4.0,ttg,5.0,,MILSLRDP,,False,False,7.0,1.0,5.0,106.0,70.0,67.0,892.0,1353.0,995.0,True,False,True,True,False,False,1.0,both,0.0061627320524246755,0.006995646463915287,0.00669632341559604,0.00041888458149083396,0.00026820231650172223,0.0003189352323466969,-2.2102267144181376,-2.155172146398956,-2.1741635791759686,-3.3779056250689226,-3.5715374754047384,-3.4962975021788925,L,synonymous,-0.6678948529723118,-0.8209620260199362,-0.7476579784313155,0.2847515732842707,0.18620787247619242,0.19320134789240484,0.19320134789240484
10,ortho,atggctttgtctttgagagatcca,0.0,atg,1.0,,MALSLRDP,,False,False,9.0,2.0,5.0,36.0,25.0,27.0,594.0,801.0,620.0,True,False,True,True,False,False,1.0,both,0.004103882106659481,0.004141546797927676,0.004172583434843764,0.00014226268805349077,9.578654160775794e-05,0.00012852613840837039,-2.386805123813067,-2.3828374269123413,-2.37959497042344,-3.8469089895664057,-4.018695506746957,-3.8910085407207315,M,non-synonymous,-0.8351575487461036,-0.9481857088699086,-0.8546943655870715,0.11748887751047887,0.058984189626219985,0.08616496073664892,0.08616496073664892
11,ortho,atggctttgtctttgagagatcca,1.0,gct,2.0,,MALSLRDP,,False,False,9.0,2.0,5.0,36.0,25.0,27.0,594.0,801.0,620.0,True,False,True,True,False,False,1.0,both,0.004103882106659481,0.004141546797927676,0.004172583434843764,0.00014226268805349077,9.578654160775794e-05,0.00012852613840837039,-2.386805123813067,-2.3828374269123413,-2.37959497042344,-3.8469089895664057,-4.018695506746957,-3.8910085407207315,A,non-synonymous,-0.8351575487461036,-0.9481857088699086,-0.8546943655870715,0.11748887751047887,0.058984189626219985,0.08616496073664892,0.08616496073664892
12,ortho,atggctttgtctttgagagatcca,2.0,ttg,3.0,,MALSLRDP,,False,False,9.0,2.0,5.0,36.0,25.0,27.0,594.0,801.0,620.0,True,False,True,True,False,False,1.0,both,0.004103882106659481,0.004141546797927676,0.004172583434843764,0.00014226268805349077,9.578654160775794e-05,0.00012852613840837039,-2.386805123813067,-2.3828374269123413,-2.37959497042344,-3.8469089895664057,-4.018695506746957,-3.8910085407207315,L,synonymous,-0.8351575487461036,-0.9481857088699086,-0.8546943655870715,0.11748887751047887,0.058984189626219985,0.08616496073664892,0.08616496073664892
13,ortho,atggctttgtctttgagagatcca,3.0,tct,4.0,,MALSLRDP,,False,False,9.0,2.0,5.0,36.0,25.0,27.0,594.0,801.0,620.0,True,False,True,True,False,False,1.0,both,0.004103882106659481,0.004141546797927676,0.004172583434843764,0.00014226268805349077,9.578654160775794e-05,0.00012852613840837039,-2.386805123813067,-2.3828374269123413,-2.37959497042344,-3.8469089895664057,-4.018695506746957,-3.8910085407207315,S,synonymous,-0.8351575487461036,-0.9481857088699086,-0.8546943655870715,0.11748887751047887,0.058984189626219985,0.08616496073664892,0.08616496073664892
14,ortho,atggctttgtctttgagagatcca,4.0,ttg,5.0,,MALSLRDP,,False,False,9.0,2.0,5.0,36.0,25.0,27.0,594.0,801.0,620.0,True,False,True,True,False,False,1.0,both,0.004103882106659481,0.004141546797927676,0.004172583434843764,0.00014226268805349077,9.578654160775794e-05,0.00012852613840837039,-2.386805123813067,-2.3828374269123413,-2.37959497042344,-3.8469089895664057,-4.018695506746957,-3.8910085407207315,L,synonymous,-0.8351575487461036,-0.9481857088699086,-0.8546943655870715,0.11748887751047887,0.058984189626219985,0.08616496073664892,0.08616496073664892
15,single,attatactgtcactaagagatcca,0.0,att,1.0,,IILSLRDP,,False,False,2.0,1.0,1.0,22.0,20.0,34.0,851.0,1027.0,767.0,True,False,True,True,False,False,1.0,both,0.005879467462571075,0.005310073110451589,0.0051618895072986564,8.693830936602214e-05,7.662923328620635e-05,0.0001618477298475775,-2.2306620087096727,-2.2748994993993006,-2.287191295972713,-4.060788809511487,-4.115605519755014,-3.7908933878374635,I,non-synonymous,-1.0468051271568908,-1.066920880391129,-0.8503335755980399,-0.09415870090030831,-0.05975098189500039,0.09052575072568048,-0.05975098189500039
16,ortho,caaattagaccattgattgctcca,0.0,caa,1.0,,QIRPLIAP,,False,False,11.0,5.0,7.0,1147.0,1196.0,980.0,327.0,459.0,300.0,True,False,True,True,False,False,1.0,both,0.002259207826393351,0.002373245917913612,0.002018991984601821,0.004532647311037609,0.00458242815051514,0.004665022801488999,-2.6460438161339743,-2.624657257459318,-2.6948654052020315,-2.3436480724324253,-2.3389043357666033,-2.331146229187224,Q,non-synonymous,0.1729658375575488,0.16562979390256552,0.20568078552760466,1.1256122638141313,1.172799692398694,1.146540111851325,1.146540111851325
17,ortho,caaattagaccattgattgctcca,1.0,att,2.0,,QIRPLIAP,,False,False,11.0,5.0,7.0,1147.0,1196.0,980.0,327.0,459.0,300.0,True,False,True,True,False,False,1.0,both,0.002259207826393351,0.002373245917913612,0.002018991984601821,0.004532647311037609,0.00458242815051514,0.004665022801488999,-2.6460438161339743,-2.624657257459318,-2.6948654052020315,-2.3436480724324253,-2.3389043357666033,-2.331146229187224,I,synonymous,0.1729658375575488,0.16562979390256552,0.20568078552760466,1.1256122638141313,1.172799692398694,1.146540111851325,1.146540111851325
18,ortho,caaattagaccattgattgctcca,2.0,aga,3.0,,QIRPLIAP,,False,False,11.0,5.0,7.0,1147.0,1196.0,980.0,327.0,459.0,300.0,True,False,True,True,False,False,1.0,both,0.002259207826393351,0.002373245917913612,0.002018991984601821,0.004532647311037609,0.00458242815051514,0.004665022801488999,-2.6460438161339743,-2.624657257459318,-2.6948654052020315,-2.3436480724324253,-2.3389043357666033,-2.331146229187224,R,non-synonymous,0.1729658375575488,0.16562979390256552,0.20568078552760466,1.1256122638141313,1.172799692398694,1.146540111851325,1.146540111851325
19,ortho,caaattagaccattgattgctcca,3.0,cca,4.0,,QIRPLIAP,,False,False,11.0,5.0,7.0,1147.0,1196.0,980.0,327.0,459.0,300.0,True,False,True,True,False,False,1.0,both,0.002259207826393351,0.002373245917913612,0.002018991984601821,0.004532647311037609,0.00458242815051514,0.004665022801488999,-2.6460438161339743,-2.624657257459318,-2.6948654052020315,-2.3436480724324253,-2.3389043357666033,-2.331146229187224,P,non-synonymous,0.1729658375575488,0.16562979390256552,0.20568078552760466,1.1256122638141313,1.172799692398694,1.146540111851325,1.146540111851325
20,ortho,caaattagaccattgattgctcca,4.0,ttg,5.0,,QIRPLIAP,,False,False,11.0,5.0,7.0,1147.0,1196.0,980.0,327.0,459.0,300.0,True,False,True,True,False,False,1.0,both,0.002259207826393351,0.002373245917913612,0.002018991984601821,0.004532647311037609,0.00458242815051514,0.004665022801488999,-2.6460438161339743,-2.624657257459318,-2.6948654052020315,-2.3436480724324253,-2.3389043357666033,-2.331146229187224,L,synonymous,0.1729658375575488,0.16562979390256552,0.20568078552760466,1.1256122638141313,1.172799692398694,1.146540111851325,1.146540111851325
21,ortho,caaattagaccattgattgctcca,5.0,att,6.0,,QIRPLIAP,,False,False,11.0,5.0,7.0,1147.0,1196.0,980.0,327.0,459.0,300.0,True,False,True,True,False,False,1.0,both,0.002259207826393351,0.002373245917913612,0.002018991984601821,0.004532647311037609,0.00458242815051514,0.004665022801488999,-2.6460438161339743,-2.624657257459318,-2.6948654052020315,-2.3436480724324253,-2.3389043357666033,-2.331146229187224,I,non-synonymous,0.1729658375575488,0.16562979390256552,0.20568078552760466,1.1256122638141313,1.172799692398694,1.146540111851325,1.146540111851325
22,ortho,caaattagaccattgattgctcca,6.0,gct,7.0,,QIRPLIAP,,False,False,11.0,5.0,7.0,1147.0,1196.0,980.0,327.0,459.0,300.0,True,False,True,True,False,False,1.0,both,0.002259207826393351,0.002373245917913612,0.002018991984601821,0.004532647311037609,0.00458242815051514,0.004665022801488999,-2.6460438161339743,-2.624657257459318,-2.6948654052020315,-2.3436480724324253,-2.3389043357666033,-2.331146229187224,A,non-synonymous,0.1729658375575488,0.16562979390256552,0.20568078552760466,1.1256122638141313,1.172799692398694,1.146540111851325,1.146540111851325
23,ortho,caagttaaaccaatgattaaacca,0.0,caa,1.0,,QVKPMIKP,,False,False,13.0,7.0,7.0,3269.0,3439.0,2492.0,306.0,413.0,305.0,True,False,True,True,False,False,1.0,both,0.0021141210852488237,0.0021354042790813106,0.0020526418510118513,0.012918242423523926,0.013176396663563184,0.011862486552357741,-2.6748701423126806,-2.670519891340178,-2.6876868205749083,-1.8887965697533238,-1.8802033395969817,-1.9258242668925867,Q,non-synonymous,0.44962231344689096,0.4580879411751934,0.4308282291365006,1.4022687397034734,1.465257839671322,1.371687555460221,1.4022687397034734
24,ortho,caagttaaaccaatgattaaacca,1.0,gtt,2.0,,QVKPMIKP,,False,False,13.0,7.0,7.0,3269.0,3439.0,2492.0,306.0,413.0,305.0,True,False,True,True,False,False,1.0,both,0.0021141210852488237,0.0021354042790813106,0.0020526418510118513,0.012918242423523926,0.013176396663563184,0.011862486552357741,-2.6748701423126806,-2.670519891340178,-2.6876868205749083,-1.8887965697533238,-1.8802033395969817,-1.9258242668925867,V,non-synonymous,0.44962231344689096,0.4580879411751934,0.4308282291365006,1.4022687397034734,1.465257839671322,1.371687555460221,1.4022687397034734
25,ortho,caagttaaaccaatgattaaacca,2.0,aaa,3.0,,QVKPMIKP,,False,False,13.0,7.0,7.0,3269.0,3439.0,2492.0,306.0,413.0,305.0,True,False,True,True,False,False,1.0,both,0.0021141210852488237,0.0021354042790813106,0.0020526418510118513,0.012918242423523926,0.013176396663563184,0.011862486552357741,-2.6748701423126806,-2.670519891340178,-2.6876868205749083,-1.8887965697533238,-1.8802033395969817,-1.9258242668925867,K,non-synonymous,0.44962231344689096,0.4580879411751934,0.4308282291365006,1.4022687397034734,1.465257839671322,1.371687555460221,1.4022687397034734
26,ortho,caagttaaaccaatgattaaacca,3.0,cca,4.0,,QVKPMIKP,,False,False,13.0,7.0,7.0,3269.0,3439.0,2492.0,306.0,413.0,305.0,True,False,True,True,False,False,1.0,both,0.0021141210852488237,0.0021354042790813106,0.0020526418510118513,0.012918242423523926,0.013176396663563184,0.011862486552357741,-2.6748701423126806,-2.670519891340178,-2.6876868205749083,-1.8887965697533238,-1.8802033395969817,-1.9258242668925867,P,non-synonymous,0.44962231344689096,0.4580879411751934,0.4308282291365006,1.4022687397034734,1.465257839671322,1.371687555460221,1.4022687397034734
27,ortho,caagttaaaccaatgattaaacca,4.0,atg,5.0,,QVKPMIKP,,False,False,13.0,7.0,7.0,3269.0,3439.0,2492.0,306.0,413.0,305.0,True,False,True,True,False,False,1.0,both,0.0021141210852488237,0.0021354042790813106,0.0020526418510118513,0.012918242423523926,0.013176396663563184,0.011862486552357741,-2.6748701423126806,-2.670519891340178,-2.6876868205749083,-1.8887965697533238,-1.8802033395969817,-1.9258242668925867,M,non-synonymous,0.44962231344689096,0.4580879411751934,0.4308282291365006,1.4022687397034734,1.465257839671322,1.371687555460221,1.4022687397034734
28,ortho,caagttaaaccaatgattaaacca,5.0,att,6.0,,QVKPMIKP,,False,False,13.0,7.0,7.0,3269.0,3439.0,2492.0,306.0,413.0,305.0,True,False,True,True,False,False,1.0,both,0.0021141210852488237,0.0021354042790813106,0.0020526418510118513,0.012918242423523926,0.013176396663563184,0.011862486552357741,-2.6748701423126806,-2.670519891340178,-2.6876868205749083,-1.8887965697533238,-1.8802033395969817,-1.9258242668925867,I,non-synonymous,0.44962231344689096,0.4580879411751934,0.4308282291365006,1.4022687397034734,1.465257839671322,1.371687555460221,1.4022687397034734
29,ortho,caagttaaaccaatgattaaacca,6.0,aaa,7.0,,QVKPMIKP,,False,False,13.0,7.0,7.0,3269.0,3439.0,2492.0,306.0,413.0,305.0,True,False,True,True,False,False,1.0,both,0.0021141210852488237,0.0021354042790813106,0.0020526418510118513,0.012918242423523926,0.013176396663563184,0.011862486552357741,-2.6748701423126806,-2.670519891340178,-2.6876868205749083,-1.8887965697533238,-1.8802033395969817,-1.9258242668925867,K,non-synonymous,0.44962231344689096,0.4580879411751934,0.4308282291365006,1.4022687397034734,1.465257839671322,1.371687555460221,1.4022687397034734
30,single,cagatactgtcactaagagatcca,0.0,cag,1.0,,QILSLRDP,,False,False,2.0,1.0,1.0,445.0,456.0,326.0,1490.0,1816.0,1423.0,True,False,True,True,False,False,1.0,both,0.010294249728825972,0.00938957426346649,0.009576751980294639,0.0017585248939945388,0.001747146518925505,0.0015518341155973609,-1.9874053003819865,-2.0273540988115126,-2.0187817598374096,-2.754851479352761,-2.75767067275456,-2.8091547048117795,Q,non-synonymous,-0.4389677232263914,-0.4233104001501402,-0.44695066661944827,0.513678703030191,0.5838594983459884,0.4939086597042721,0.513678703030191
31,single,catatactgtcactaagagatcca,0.0,cat,1.0,,HILSLRDP,,False,False,2.0,1.0,1.0,205.0,159.0,171.0,1605.0,2072.0,1583.0,True,False,True,True,False,False,1.0,both,0.011088772358903144,0.010713214688272339,0.010653547705415609,0.0008101069736379335,0.0006092024046253405,0.0008139988765863457,-1.9551165320533697,-1.9700801919233835,-1.972505745059338,-3.0914576292779383,-3.2152383910985436,-3.089376194487565,H,non-synonymous,-0.6499700929206712,-0.7217259396117296,-0.6315828433571902,0.30267633333591126,0.285443958884399,0.3092764829665302,0.30267633333591126
32,single,ccgatactgtcactaagagatcca,0.0,ccg,1.0,,PILSLRDP,,False,False,2.0,1.0,1.0,22.0,28.0,28.0,88.0,143.0,110.0,True,False,True,True,False,False,1.0,both,0.0006079825343199231,0.0007393772685438921,0.0007402970610206678,8.693830936602214e-05,0.0001072809266006889,0.00013328636575682854,-3.216108896644092,-3.131133905531517,-3.130593974763469,-4.060788809511487,-3.969477484076776,-3.8752142735374995,P,non-synonymous,-0.48314426257712456,-0.48592564972374397,-0.42107784816219623,0.4695021636794579,0.5212442487723846,0.5197814781615242,0.5197814781615242
33,single,cctatactgtcactaagagatcca,0.0,cct,1.0,,PILSLRDP,,False,False,2.0,1.0,1.0,1.0,4.0,2.0,7.0,6.0,7.0,True,False,True,True,False,False,2.0,both,4.836224704817571e-05,3.102282245638708e-05,4.7109812974042495e-05,3.9517413348191884e-06,1.532584665724127e-05,9.520454696916324e-06,-4.315493528780004,-4.508318692612935,-4.326888619907437,-5.4032114903336925,-4.814575524091032,-5.021342309215737,P,non-synonymous,-0.6221583873621152,-0.17751439102875596,-0.39270896270714983,0.3304880388944673,0.8296555074673726,0.5481503636165705,0.5481503636165705
34,single,cggatactgtcactaagagatcca,0.0,cgg,1.0,,RILSLRDP,,False,False,2.0,1.0,1.0,2.0,4.0,6.0,44.0,85.0,43.0,True,False,True,True,False,False,1.0,both,0.00030399126715996156,0.000439489984798817,0.000289388851126261,7.903482669638377e-06,1.532584665724127e-05,2.8561364090748974e-05,-3.5171388923080733,-3.357051017282286,-3.5385182043421075,-5.102181494669711,-4.814575524091032,-4.5442210544960755,R,non-synonymous,-0.9066206353501424,-0.8448189514236067,-0.5687183021073312,0.0460257909064401,0.16235094707252185,0.37214102421638917,0.16235094707252185
35,single,cgtatactgtcactaagagatcca,0.0,cgt,1.0,,RILSLRDP,,False,False,2.0,1.0,1.0,34.0,23.0,25.0,500.0,654.0,416.0,True,False,True,True,False,False,1.0,both,0.003454446217726836,0.003381487647746192,0.002799668885314525,0.0001343592053838524,8.81236182791373e-05,0.00011900568371145406,-2.461621564458242,-2.4708921946723117,-2.552893329294951,-3.8717325732914376,-4.054907679401402,-3.924432296207681,R,non-synonymous,-0.8065623831421147,-0.9181363981162777,-0.775596203607491,0.14608404311446777,0.08903350037985092,0.16526312271622934,0.14608404311446777
36,single,ctaaagctgtcactaagagatcca,1.0,aag,1.0,,LKLSLRDP,,False,False,2.0,1.0,1.0,46633.0,54478.0,43001.0,2053.0,2664.0,1859.0,True,False,True,True,False,False,1.0,both,0.014183956169986389,0.013774133170635864,0.012511020331249284,0.1842815536666232,0.2087303685482975,0.20469453621104944,-1.8482026194236687,-1.8609357224983154,-1.9027072701497953,-0.7345181348934366,-0.6804143600698365,-0.6888937495458985,K,non-synonymous,0.6370108497020873,0.6842607550549149,0.6864035081605728,1.5896572759586698,1.6914306535510435,1.6272628344842932,1.6272628344842932
37,single,ctaaatctgtcactaagagatcca,1.0,aat,1.0,,LNLSLRDP,,False,False,2.0,1.0,1.0,54.0,37.0,42.0,1123.0,1465.0,1082.0,True,False,True,True,False,False,1.0,both,0.007758686205014474,0.007574739149767846,0.007281831091130568,0.00021339403208023617,0.00014176408157948176,0.00019992954863524282,-2.110211812532803,-2.1206323183064506,-2.137759399151143,-3.6708177305107244,-3.848433791352,-3.699123014481818,N,non-synonymous,-0.8926432177786483,-1.0014784807443657,-0.882940785289692,0.06000320847793417,0.005691417751762851,0.05791854103402838,0.05791854103402838
38,single,ctaactctgtcactaagagatcca,1.0,act,1.0,,LTLSLRDP,,False,False,2.0,1.0,1.0,30.0,33.0,28.0,830.0,1096.0,888.0,True,False,True,True,False,False,1.0,both,0.005734380721426548,0.0056668355687000405,0.0059762162744213905,0.00011855224004457565,0.00012643823492224047,0.00013328636575682854,-2.2415134764181865,-2.2466593888482285,-2.223573694143093,-3.9260902356140304,-3.898121575541108,-3.8752142735374995,T,non-synonymous,-0.9635526827119074,-0.9572302533234102,-0.9339918106635088,-0.010906256455324947,0.04993964517271843,0.006867515660211598,0.006867515660211598
39,single,ctaaggctgtcactaagagatcca,1.0,agg,1.0,,LRLSLRDP,,False,False,2.0,1.0,1.0,5419.0,6261.0,4977.0,236.0,339.0,237.0,True,False,True,True,False,False,1.0,both,0.0016304986147670667,0.0017527894687858702,0.0015950036678354386,0.02141448629338518,0.0239887814802469,0.023691651513276273,-2.787679565824154,-2.756270244793497,-2.79723831391159,-1.669292339321302,-1.6199918116338787,-1.6254046641356956,R,non-synonymous,0.6397007476952088,0.6586164074379643,0.6626641691934698,1.5923471739517914,1.665786305934093,1.6035234955171902,1.6035234955171902
40,single,ctaagtctgtcactaagagatcca,1.0,agt,1.0,,LSLSLRDP,,False,False,2.0,1.0,1.0,18.0,29.0,12.0,535.0,696.0,530.0,True,False,True,True,False,False,1.0,both,0.0036962574529677147,0.0035986474049409015,0.0035668858394632174,7.113134402674539e-05,0.00011111238826499922,5.712272818149795e-05,-2.4322377867730323,-2.443860703386017,-2.447710790320905,-4.147938985230387,-3.954237517520039,-4.243191058832094,S,non-synonymous,-0.9813553959362361,-0.8754535175295451,-1.015332202368294,-0.02870896967965364,0.13171638096658345,-0.07447287604457364,-0.02870896967965364
41,single,ctaataaagtcactaagagatcca,2.0,aag,1.0,,LIKSLRDP,,False,False,2.0,1.0,1.0,64.0,38.0,58.0,1646.0,2217.0,1851.0,True,False,True,True,False,False,1.0,both,0.011372036948756745,0.011462932897635027,0.012457180544993236,0.00025291144542842806,0.00014559554324379206,0.0002760931862105734,-1.9441617379180096,-1.9407042498820908,-1.9045802411687898,-3.5970315163498054,-3.836851918802185,-3.5589443113167816,K,non-synonymous,-0.945416764470653,-1.0990562957385586,-0.9355319266500018,0.007229661785929431,-0.09188639724242997,0.005327399673718536,0.005327399673718536
42,single,ctaataaattcactaagagatcca,2.0,aat,1.0,,LINSLRDP,,False,False,3.0,1.0,1.0,56.0,51.0,48.0,2157.0,2743.0,2359.0,True,False,True,True,False,False,1.0,both,0.014902480983273571,0.014182600332978294,0.015876006972252322,0.00022129751474987453,0.0001954045448798262,0.0002284909127259918,-1.8267414236917157,-1.8482441353920496,-1.7992587190360982,-3.6550234633274923,-3.7090653393210586,-3.6411310675041313,N,non-synonymous,-1.045749951391943,-1.0785801617374804,-1.0415666163805888,-0.09310352513536058,-0.0714102632413518,-0.1007072900568684,-0.09310352513536058
43,single,ctaataacgtcactaagagatcca,2.0,acg,1.0,,LITSLRDP,,False,False,2.0,1.0,1.0,23.0,25.0,16.0,775.0,988.0,838.0,True,False,True,True,False,False,1.0,both,0.005354391637476596,0.005108424764485073,0.005639717610321087,9.089005070084133e-05,9.578654160775794e-05,7.61636375753306e-05,-2.27128986628795,-2.2917129984089506,-2.2487426412914173,-4.0414836543160995,-4.018695506746957,-4.118252322223794,T,non-synonymous,-1.0125243412408853,-1.001003787590153,-1.0571953448777696,-0.05987791498430284,0.00616611090597563,-0.11633601855404918,-0.05987791498430284
44,single,ctaataacttcactaagagatcca,2.0,act,1.0,,LITSLRDP,,False,False,3.0,1.0,1.0,1.0,1.0,1.0,18.0,25.0,21.0,True,False,True,True,False,False,1.0,both,0.0001243600638381661,0.00012926176023494618,0.00014132943892212747,3.9517413348191884e-06,3.831461664310318e-06,4.760227348458162e-06,-3.9053190636909547,-3.8885299343245414,-3.8497673651877746,-5.4032114903336925,-5.416635515418995,-5.3223723048797185,T,non-synonymous,-0.8567720397581872,-0.8857295700031592,-0.8327483419662726,0.0958743864983953,0.12144032849296937,0.10811098435744781,0.10811098435744781
45,single,ctaataaggtcactaagagatcca,2.0,agg,1.0,,LIRSLRDP,,False,False,2.0,1.0,1.0,3.0,6.0,3.0,169.0,234.0,169.0,True,False,True,True,False,False,1.0,both,0.0011676028215916706,0.0012098900757990963,0.001137365484659026,1.1855224004457564e-05,2.2988769985861906e-05,1.4280682045374487e-05,-2.932704864180587,-2.917254085586436,-2.9440999553080203,-4.926090235614031,-4.638484265035352,-4.845251050160056,R,non-synonymous,-1.1401865850507487,-0.9976695887910082,-1.07508835492334,-0.1875401587941662,0.009500309705120391,-0.13422902859961972,-0.13422902859961972
46,single,ctaataagttcactaagagatcca,2.0,agt,1.0,,LISSLRDP,,False,False,3.0,1.0,1.0,21.0,16.0,28.0,660.0,896.0,741.0,True,False,True,True,False,False,1.0,both,0.004559869007399424,0.004632741486820471,0.004986910201966498,8.298656803120295e-05,6.130338662896508e-05,0.00013328636575682854,-2.341047633252392,-2.3341619333344537,-2.3021684519423657,-4.080992195599774,-4.212515532763071,-3.8752142735374995,S,non-synonymous,-0.995222237079971,-1.0887423922267314,-0.8895469955739459,-0.04257581082338857,-0.08157249373060282,0.05131233074977448,-0.04257581082338857
47,single,ctaataatgtcactaagagatcca,2.0,atg,1.0,,LIMSLRDP,,False,False,1.0,1.0,1.0,24.0,27.0,39.0,1072.0,1440.0,1149.0,True,False,True,True,False,False,1.0,both,0.0074063326908063365,0.0074454773895329,0.007732739301024975,9.484179203566051e-05,0.00010344946493637857,0.00018564886658986834,-2.1303967834375093,-2.128107450901329,-2.1116666312334087,-4.023000248622087,-3.985271751260008,-3.7313076978532194,M,non-synonymous,-1.0825408437066315,-1.0764605257208564,-0.9158962980867632,-0.12989441745004904,-0.06929062722472779,0.024963028236957174,-0.06929062722472779
48,single,ctaataatttcactaagagatcca,2.0,att,1.0,,LIISLRDP,,False,False,2.0,1.0,1.0,53.0,35.0,30.0,1088.0,1398.0,1092.0,True,False,True,True,False,False,1.0,both,0.007516874969773595,0.00722831763233819,0.007349130823950629,0.00020944229074541698,0.00013410115825086111,0.00014280682045374486,-2.1239626734320995,-2.140962771586916,-2.1337640215529756,-3.678935620732904,-3.8725674710687197,-3.8452510501600563,I,non-synonymous,-0.889421242895079,-1.0036829292835792,-0.9678345813966075,0.06322518336150351,0.003486969212549429,-0.026975255072887117,0.003486969212549429
49,single,ctaatacagtcactaagagatcca,2.0,cag,1.0,,LIQSLRDP,,False,False,1.0,1.0,1.0,32.0,22.0,25.0,1136.0,1499.0,1173.0,True,False,True,True,False,False,1.0,both,0.007848501806675371,0.007750535143687373,0.00789425865979312,0.00012645572271421403,8.4292156614827e-05,0.00011900568371145406,-2.1052132374192607,-2.1106683101482995,-2.102688647806165,-3.8980615120137867,-4.074212834596789,-3.924432296207681,Q,non-synonymous,-1.025482368346111,-1.1381212586608034,-1.030183969783033,-0.07283594208952848,-0.1309513601646748,-0.08932464345931268,-0.08932464345931268
50,single,ctaataccgtcactaagagatcca,2.0,ccg,1.0,,LIPSLRDP,,False,False,1.0,1.0,1.0,7.0,6.0,6.0,223.0,346.0,290.0,True,False,True,True,False,False,1.0,both,0.0015406830131061689,0.001788982761651655,0.0019516922517817605,2.7662189343734316e-05,2.2988769985861906e-05,2.8561364090748974e-05,-2.8122867057461,-2.747393844203802,-2.7095886620227376,-4.558113450319436,-4.638484265035352,-4.5442210544960755,P,non-synonymous,-0.9985867572379745,-1.0961249837727596,-1.0374724692077884,-0.04594033098139205,-0.08895508527663099,-0.09661314288406797,-0.08895508527663099
51,single,ctaataccttcactaagagatcca,2.0,cct,1.0,,LIPSLRDP,,False,False,2.0,1.0,1.0,6.0,13.0,5.0,243.0,399.0,319.0,True,False,True,True,False,False,1.0,both,0.0016788608618152423,0.002063017693349741,0.0021468614769599363,2.3710448008915127e-05,4.980900163603413e-05,2.380113674229081e-05,-2.7749852951959486,-2.6854970473098305,-2.6681959768645127,-4.62506023995005,-4.302692163112158,-4.6234023005437,P,non-synonymous,-1.0582151668095363,-0.9373681715794133,-1.1056562288772565,-0.10556874055295384,0.06980172691671527,-0.16479690255353607,-0.10556874055295384
52,single,ctaatacggtcactaagagatcca,2.0,cgg,1.0,,LIRSLRDP,,False,False,1.0,1.0,1.0,24.0,22.0,26.0,744.0,997.0,746.0,True,False,True,True,False,False,1.0,both,0.005140215971977532,0.005154958998169653,0.005020560068376529,9.484179203566051e-05,8.4292156614827e-05,0.0001237659110599122,-2.2890186332483817,-2.287774784684923,-2.299247832449025,-4.023000248622087,-4.074212834596789,-3.9073989569089007,R,non-synonymous,-0.9918115206955791,-1.0354657592785241,-0.9093988118804655,-0.03916509443899663,-0.028295860782395543,0.03146051444325493,-0.028295860782395543
53,single,ctaatactgaagctaagagatcca,3.0,aag,1.0,,LILKLRDP,,False,False,3.0,1.0,1.0,18737.0,20017.0,16144.0,758.0,1018.0,713.0,True,False,True,True,False,False,1.0,both,0.005236940466073883,0.005263538876767008,0.004798470950070328,0.07404377739050713,0.07669436813449963,0.07684911031350858,-2.2809223631622073,-2.278722164995839,-2.3188971300698284,-1.130511433544107,-1.1152365262454307,-1.1143611559868833,K,non-synonymous,0.6580178263789943,0.6743864084163382,0.6811571170378771,1.6106642526355768,1.6815563069124668,1.6220164433615976,1.6220164433615976
54,single,ctaatactgaatctaagagatcca,3.0,aat,1.0,,LILNLRDP,,False,False,3.0,1.0,1.0,19.0,10.0,13.0,27.0,56.0,37.0,True,False,True,True,False,False,1.0,both,0.00018654009575724915,0.00028954634292627945,0.0002490090114342246,7.508308536156458e-05,3.8314616643103176e-05,6.18829555299561e-05,-3.7292278046352734,-3.5382819159903787,-3.6037849358546987,-4.124457889380864,-4.416635515418995,-4.208428952572882,N,non-synonymous,-0.22606569060519416,-0.5091164940157022,-0.34192218756730863,0.7265807356513883,0.49805340448042634,0.5989371387564117,0.5989371387564117
55,single,ctaatactgacgctaagagatcca,3.0,acg,1.0,,LILTLRDP,,False,False,2.0,1.0,1.0,31.0,29.0,22.0,440.0,660.0,507.0,True,False,True,True,False,False,1.0,both,0.003039912671599616,0.0034125104702025792,0.0034120964539770776,0.00012250398137939484,0.00011111238826499922,0.00010472500166607957,-2.5171388923080733,-2.46692600745471,-2.466978700588358,-3.91184979649942,-3.954237517520039,-3.9799496240575123,T,non-synonymous,-0.7977537538762206,-0.8620842699412181,-0.855575038493137,0.15489267238036186,0.14508562855491047,0.0852842878305834,0.14508562855491047
56,single,ctaatactgactctaagagatcca,3.0,act,1.0,,LILTLRDP,,False,False,2.0,1.0,1.0,72.0,51.0,57.0,1209.0,1484.0,1186.0,True,False,True,True,False,False,1.0,both,0.00835285095446349,0.007672978087546405,0.0079817483124592,0.00028452537610698154,0.0001954045448798262,0.00027133295886211525,-2.078165267933489,-2.1150360420535708,-2.0979019708934503,-3.5458789939024244,-3.7090653393210586,-3.5664974492072274,T,non-synonymous,-0.8395102748452701,-0.9239406632033632,-0.8304810181071358,0.11313615141131239,0.08322923529276538,0.11037830821658456,0.11037830821658456
57,single,ctaatactgatgctaagagatcca,3.0,atg,1.0,,LILMLRDP,,False,False,3.0,1.0,1.0,69.0,33.0,36.0,889.0,1255.0,993.0,True,False,True,True,False,False,1.0,both,0.006142005375118315,0.006488940363794298,0.006682863469032028,0.00027267015210252397,0.00012643823492224047,0.00017136818454449384,-2.211689807824047,-2.187826217179522,-2.1750374114263127,-3.5643623995964377,-3.898121575541108,-3.7660698041124316,M,non-synonymous,-0.7737084686217197,-0.9913314832964878,-0.8997182824207832,0.17893795763486275,0.0158384151996408,0.04114104390293716,0.04114104390293716
58,single,ctaatactgattctaagagatcca,3.0,att,1.0,,LILILRDP,,False,False,3.0,1.0,1.0,37.0,16.0,36.0,875.0,1226.0,959.0,True,False,True,True,False,False,1.0,both,0.006045280881021963,0.006338996721921761,0.006454044377443822,0.00014621442938830996,6.130338662896508e-05,0.00017136818454449384,-2.2185835157719476,-2.1979794728141826,-2.19016805275103,-3.835009766266698,-4.212515532763071,-3.7660698041124316,I,non-synonymous,-0.9245716121678341,-1.1676772732263816,-0.8911620049451143,0.028074814088748345,-0.160507374730253,0.04969732137860605,0.028074814088748345
59,single,ctaatactgcagctaagagatcca,3.0,cag,1.0,,LILQLRDP,,False,False,3.0,1.0,1.0,2015.0,1979.0,1558.0,119.0,215.0,107.0,True,False,True,True,False,False,1.0,both,0.000822158199818987,0.001111651138020537,0.0007201071411746495,0.007962758789660664,0.007582462633670119,0.007416434208897817,-3.0850446074017297,-2.9540314830809735,-3.142602882236484,-2.0989364398565646,-2.120189721212599,-2.129804851543173,Q,non-synonymous,0.5640391066156242,0.4833162801888237,0.5727305797188171,1.5166855328722066,1.4904861786849524,1.5135899060425375,1.5135899060425375
60,single,ctaatactgcatctaagagatcca,3.0,cat,1.0,,LILHLRDP,,False,False,3.0,1.0,1.0,10.0,10.0,8.0,1.0,5.0,4.0,True,False,True,True,False,False,2.0,both,6.908892435453672e-06,2.5852352046989236e-05,2.691989312802428e-05,3.951741334819188e-05,3.8314616643103176e-05,3.80818187876653e-05,-5.160591568794261,-4.58749993866056,-4.569926668593731,-4.4032114903336925,-4.416635515418995,-4.419282317887776,H,non-synonymous,0.4332100644565485,0.09903744479370151,0.08518838277373537,1.385856490713131,1.10620734328983,1.0260477090974558,1.10620734328983
61,single,ctaatactgccgctaagagatcca,3.0,ccg,1.0,,LILPLRDP,,False,False,2.0,1.0,1.0,13384.0,13905.0,11644.0,750.0,952.0,713.0,True,False,True,True,False,False,1.0,both,0.005181669326590255,0.0049222878297467505,0.004798470950070328,0.05289010602522001,0.05327647444223497,0.055428087245446844,-2.2855303054025606,-2.3078329946121046,-2.3188971300698284,-1.2766255623793548,-1.2734645222188168,-1.2562701081129455,P,non-synonymous,0.5770784064507922,0.5995467548921294,0.6009085443162139,1.5297248327073747,1.606716653388258,1.5417678706399343,1.5417678706399343
62,single,ctaatactgcctctaagagatcca,3.0,cct,1.0,,LILPLRDP,,False,False,2.0,1.0,1.0,3500.0,3839.0,3043.0,198.0,281.0,222.0,True,False,True,True,False,False,1.0,both,0.001367960702219827,0.001452902185040795,0.0014940540686053476,0.013831094671867158,0.01470898132928731,0.014485371821358188,-2.8639263785327294,-2.837763623091499,-2.8256336854710553,-1.8591434459834173,-1.83241740330159,-1.8390703525215515,P,non-synonymous,0.574720792576524,0.5827247056587885,0.5578950318680052,1.5273672188331064,1.5898946041549171,1.4987543581917255,1.5273672188331064
63,single,ctaatactgcggctaagagatcca,3.0,cgg,1.0,,LILRLRDP,,False,False,3.0,1.0,1.0,556.0,552.0,445.0,168.0,234.0,171.0,True,False,True,True,False,False,1.0,both,0.001160693929156217,0.0012098900757990963,0.001150825431223038,0.0021971681821594687,0.0021149668386992956,0.002118301170063882,-2.935282287068398,-2.917254085586436,-2.93899054952954,-2.6581366987516355,-2.6746964376897964,-2.6740122938987874,R,non-synonymous,0.15852312675372757,0.1405926945300444,0.14984344890204213,1.11116955301031,1.147762593026173,1.0907027752257625,1.11116955301031
64,single,ctaatactgcgtctaagagatcca,3.0,cgt,1.0,,LILRLRDP,,False,False,3.0,1.0,1.0,22486.0,22751.0,18293.0,1500.0,1946.0,1518.0,True,False,True,True,False,False,1.0,both,0.01036333865318051,0.01006173541668821,0.010216099442085215,0.08885885565474426,0.08716958432472403,0.08707883888534516,-1.9845003097385794,-1.9973271070642458,-1.9907148883622323,-1.0512992840056823,-1.0596350249780728,-1.0600873705019744,R,non-synonymous,0.5337770136895851,0.543510615324568,0.526263698835912,1.4864234399461675,1.5506805138206965,1.4671230251596323,1.4864234399461675
65,single,ctaatactgctgctaagagatcca,3.0,ctg,1.0,,LILLLRDP,,False,False,3.0,1.0,1.0,3495.0,3623.0,3091.0,671.0,828.0,594.0,True,False,True,True,False,False,1.0,both,0.004635866824189414,0.0042811494989814175,0.0039976041295116055,0.013811335965193062,0.01388138560979628,0.01471386273408418,-2.3338690486252687,-2.368439606211699,-2.3982002149405,-1.8597643102519925,-1.8575671813844583,-1.8322732998164137,L,non-synonymous,0.27118081147223516,0.29611488811173564,0.32002792299627697,1.2238272377288175,1.3032847866078643,1.2608872493199974,1.2608872493199974
66,single,ctaatactgcttctaagagatcca,3.0,ctt,1.0,,LILLLRDP,,False,False,3.0,1.0,1.0,5226.0,5355.0,4304.0,905.0,1234.0,1083.0,True,False,True,True,False,False,1.0,both,0.006252547654085574,0.006380360485196943,0.007288561064412574,0.020651800215765077,0.02051747721238175,0.020488018507763932,-2.2039429895890574,-2.195154783299356,-2.1373582032963734,-1.685042084942386,-1.6878760402511208,-1.6885000422213858,L,non-synonymous,0.29680354783750684,0.29403189708269517,0.25382631779805026,1.2494499740940892,1.3012017955788238,1.1946856441217706,1.2494499740940892
67,single,ctaatactggagctaagagatcca,3.0,gag,1.0,,LILELRDP,,False,False,3.0,1.0,1.0,2448.0,2233.0,1927.0,294.0,388.0,292.0,True,False,True,True,False,False,1.0,both,0.00203121437602338,0.0020061425188463646,0.0019651521983457725,0.009673862787637372,0.00855565389640494,0.009172958100478879,-2.692244238382103,-2.6976382174023716,-2.7066038084732758,-2.014400076860169,-2.067746792347557,-2.037490590224266,E,non-synonymous,0.38771671087688986,0.36510138302282197,0.37837909412496035,1.3403631371334723,1.3722712815189506,1.3192384204486807,1.3403631371334723
68,single,ctaatactggcgctaagagatcca,3.0,gcg,1.0,,LILALRDP,,False,False,2.0,1.0,1.0,54.0,44.0,41.0,1551.0,2011.0,1539.0,True,False,True,True,False,False,1.0,both,0.010715692167388645,0.010397815993299071,0.010357428881007342,0.00021339403208023617,0.000168584313229654,0.00019516932128678467,-1.9699797709806557,-1.9830578723998369,-1.984748040090215,-3.6708177305107244,-3.7731828389328075,-3.709588448159983,A,non-synonymous,-0.9728538458204604,-1.0376027916366612,-0.9753858290581326,-0.02020741956387795,-0.030432893140532657,-0.03452650273441227,-0.030432893140532657
69,single,ctaatactggctctaagagatcca,3.0,gct,1.0,,LILALRDP,,False,False,2.0,1.0,1.0,1.0,1.0,2.0,2.0,4.0,2.0,True,False,True,True,False,False,3.0,both,1.3817784870907345e-05,2.0681881637591387e-05,1.345994656401214e-05,3.9517413348191884e-06,3.831461664310318e-06,9.520454696916324e-06,-4.8595615731302795,-4.684409951668616,-4.8709566642577125,-5.4032114903336925,-5.416635515418995,-5.021342309215737,A,non-synonymous,-0.3109596124474111,-0.42441690008189026,-0.0850420863864014,0.6416868138091714,0.5827529984142383,0.855817239937319,0.6416868138091714
70,single,ctaatactggggctaagagatcca,3.0,ggg,1.0,,LILGLRDP,,False,False,3.0,1.0,1.0,24.0,28.0,26.0,653.0,940.0,762.0,True,False,True,True,False,False,1.0,both,0.004511506760351248,0.004860242184833976,0.005128239640888626,9.484179203566051e-05,0.0001072809266006889,0.0001237659110599122,-2.3456783875191864,-2.31334208939688,-2.2900316885820935,-4.023000248622087,-3.969477484076776,-3.9073989569089007,G,non-synonymous,-0.9594029896319707,-0.9599389657004115,-0.9146104802089143,-0.006756563375388214,0.04723093279571711,0.026248846114806046,0.026248846114806046
71,single,ctaatactggtgctaagagatcca,3.0,gtg,1.0,,LILVLRDP,,False,False,3.0,1.0,1.0,37.0,17.0,21.0,736.0,982.0,793.0,True,False,True,True,False,False,1.0,both,0.005084944832493903,0.005077401942028686,0.005336868812630814,0.00014621442938830996,6.51348482932754e-05,9.996477431762141e-05,-2.293713754456762,-2.2943584552096294,-2.27271347260409,-3.835009766266698,-4.186186594040721,-4.0001530101458,V,non-synonymous,-0.8815982405821451,-1.096552584230871,-0.9768556195633632,0.07104818567443738,-0.0893826857347424,-0.03599629323964282,-0.03599629323964282
72,single,ctaatactggttctaagagatcca,3.0,gtt,1.0,,LILVLRDP,,False,False,3.0,1.0,1.0,16.0,9.0,10.0,415.0,573.0,472.0,True,False,True,True,False,False,1.0,both,0.002867190360713274,0.0029626795445849663,0.0031765473891068653,6.322786135710702e-05,3.448315497879286e-05,4.760227348458162e-05,-2.542543472082168,-2.528315321029189,-2.498044661287606,-4.1990915076777675,-4.462393005979671,-4.3223723048797185,V,non-synonymous,-0.9475206724929742,-1.1210415153493303,-1.0316452019523805,0.005125753763608243,-0.11387161685320168,-0.09078587562866014,-0.09078587562866014
73,single,ctaatactgtagctaagagatcca,3.0,tag,1.0,,LIL*LRDP,,True,False,2.0,1.0,1.0,33.0,15.0,24.0,637.0,864.0,725.0,True,False,True,True,False,False,1.0,both,0.004400964481383989,0.00446728643371974,0.004879230629454401,0.0001304074640490332,5.747192496465477e-05,0.0001142454563629959,-2.35645213645891,-2.3499562005176857,-2.3116486533507,-3.8846975504558054,-4.240544256363314,-3.9421610631681125,*,stop,-0.874133494042633,-1.0958338000165653,-0.9220439706761563,0.0785129322139495,-0.08866390152043668,0.01881535564756409,0.01881535564756409
74,single,ctaatactgtatctaagagatcca,3.0,tat,1.0,,LILYLRDP,,False,False,2.0,1.0,1.0,318.0,294.0,235.0,73.0,150.0,79.0,True,False,True,True,False,False,1.0,both,0.0005043491477881181,0.000775570561409677,0.0005316678892784795,0.0012566537444725018,0.0011264497293072334,0.001118653426887668,-3.297268708673805,-3.1103786839408976,-3.2743595686312523,-2.90078437034926,-2.9482881850068376,-2.9513044426079826,Y,non-synonymous,0.2267831048721339,0.09395185103612828,0.18268553453030026,1.1794295311287164,1.101121749532257,1.1235448608540206,1.1235448608540206
75,single,ctaatactgtcaaagagagatcca,4.0,aag,1.0,,LILSKRDP,,False,False,3.0,1.0,1.0,833.0,430.0,424.0,1002.0,1256.0,979.0,True,False,True,True,False,False,1.0,both,0.00692271022032458,0.006494110834203696,0.006588643843083943,0.0032918005319043835,0.0016475285156534367,0.0020183363957462608,-2.1597238472630336,-2.1874803035954016,-2.181203968118556,-2.4825664889269055,-2.7831670598394087,-2.695006448286986,K,non-synonymous,-0.18466115703597794,-0.34527547114034685,-0.2905519001911843,0.7679852692206045,0.6618944273557817,0.6503074261325361,0.6618944273557817
76,single,ctaatactgtcaaatagagatcca,4.0,aat,1.0,,LILSNRDP,,False,False,3.0,1.0,1.0,10331.0,10733.0,8532.0,1151.0,1442.0,1145.0,True,False,True,True,False,False,1.0,both,0.007952135193207177,0.007455818330351695,0.007705819407896951,0.04082543973001703,0.04112307804304264,0.04061425973704504,-2.0995162451644687,-2.1275046826131687,-2.113181173245787,-1.389069128788687,-1.385914386058533,-1.3913214581023277,N,non-synonymous,0.40636511288188754,0.42984494174506405,0.40820688883721407,1.35901153913847,1.4370148402411926,1.3490662151609345,1.35901153913847
77,single,ctaatactgtcaaggagagatcca,4.0,agg,1.0,,LILSRRDP,,False,False,3.0,1.0,1.0,3067.0,3501.0,2726.0,285.0,339.0,296.0,True,False,True,True,False,False,1.0,both,0.001969034344104297,0.0017527894687858702,0.001992072091473797,0.01211999067389045,0.013413947286750423,0.01297637975189695,-2.7057467087857505,-2.756270244793497,-2.7006949488627554,-1.9164977143512074,-1.8724434046539624,-1.886846453381064,R,non-synonymous,0.45143860721318896,0.5122889260788931,0.4602259349787997,1.4040850334697714,1.5194588245750218,1.4010852613025202,1.4040850334697714
78,single,ctaatactgtcaatgagagatcca,4.0,atg,1.0,,LILSMRDP,,False,False,2.0,1.0,1.0,14.0,9.0,14.0,294.0,368.0,325.0,True,False,True,True,False,False,1.0,both,0.00203121437602338,0.0019027331106584078,0.002187241316651973,5.532437868746863e-05,3.448315497879286e-05,6.664318287841427e-05,-2.692244238382103,-2.7206221243230613,-2.6601032989428197,-4.257083454655454,-4.462393005979671,-4.17624426920148,M,non-synonymous,-0.8950646010175034,-1.0095755117580278,-0.8573676789608985,0.057581825239079065,-0.002405613261899253,0.08349164736282189,0.057581825239079065
79,single,ctaatactgtcaattagagatcca,4.0,att,1.0,,LILSIRDP,,False,False,2.0,1.0,1.0,49.0,21.0,20.0,518.0,657.0,604.0,True,False,True,True,False,False,1.0,both,0.003578806281565002,0.0033969990589743856,0.004064903862331667,0.0001936353254061402,8.046069495051667e-05,9.520454696916325e-05,-2.4462618090490276,-2.4689045734367983,-2.390949721300562,-3.713015410305179,-4.094416220685076,-4.021342309215737,I,non-synonymous,-0.7245640925308725,-0.9421886485887724,-0.9219762121838888,0.22808233372570996,0.06498124990735621,0.01888311413983157,0.06498124990735621
80,single,ctaatactgtcacagagagatcca,4.0,cag,1.0,,LILSQRDP,,False,False,2.0,1.0,1.0,10.0,15.0,17.0,366.0,549.0,348.0,True,False,True,True,False,False,1.0,both,0.0025286546313760443,0.002838588254759418,0.0023420307021381126,3.951741334819188e-05,5.747192496465477e-05,8.092386492378876e-05,-2.5971104833998497,-2.546897598546487,-2.630407415975113,-4.4032114903336925,-4.240544256363314,-4.091923383501445,Q,non-synonymous,-1.033062732808047,-0.9816814652891855,-0.8264776016365847,-0.08041630655146459,0.02548843320694305,0.1143817246871357,0.02548843320694305
81,single,ctaatactgtcacatagagatcca,4.0,cat,1.0,,LILSHRDP,,False,False,2.0,1.0,1.0,1.0,11.0,7.0,2.0,5.0,5.0,True,False,True,True,False,False,2.0,both,1.3817784870907345e-05,2.5852352046989236e-05,3.364986641003035e-05,3.9517413348191884e-06,4.21460783074135e-05,3.3321591439207134e-05,-4.8595615731302795,-4.58749993866056,-4.473016655585675,-5.4032114903336925,-4.37524283026077,-4.4772742648654615,H,non-synonymous,-0.3109596124474111,0.12302971710790404,-0.002407649854294516,0.6416868138091714,1.1301996156040326,0.9384516764694258,0.9384516764694258
82,single,ctaatactgtcaccgagagatcca,4.0,ccg,1.0,,LILSPRDP,,False,False,2.0,1.0,1.0,10.0,3.0,3.0,154.0,216.0,159.0,True,False,True,True,False,False,1.0,both,0.0010639694350598656,0.001116821608429935,0.0010700657518389653,3.951741334819188e-05,1.1494384992930953e-05,1.4280682045374487e-05,-2.9730708479577976,-2.9520161918456482,-2.9705895356012424,-4.4032114903336925,-4.939514260699332,-4.845251050160056,P,non-synonymous,-0.8180190336203141,-1.1520053533520027,-1.0601086726786388,0.13462739263626833,-0.14483545485587412,-0.11924934635491846,-0.11924934635491846
83,single,ctaatactgtcacctagagatcca,4.0,cct,1.0,,LILSPRDP,,False,False,2.0,1.0,1.0,20.0,13.0,20.0,418.0,538.0,423.0,True,False,True,True,False,False,1.0,both,0.002887917038019635,0.0027817130802560417,0.002846778698288568,7.903482669638376e-05,4.980900163603413e-05,9.520454696916325e-05,-2.5394152870192253,-2.5556876673301896,-2.5456462925466514,-4.102181494669711,-4.302692163112158,-4.021342309215737,P,non-synonymous,-0.8938788711248505,-1.0126090500463294,-0.8344963255280713,0.05876755513173193,-0.005439151550200805,0.10636300079564909,0.05876755513173193
84,single,ctaatactgtcacggagagatcca,4.0,cgg,1.0,,LILSRRDP,,False,False,2.0,1.0,1.0,1.0,1.0,1.0,2.0,10.0,8.0,True,False,True,True,False,False,2.0,both,1.3817784870907345e-05,5.170470409397847e-05,5.383978625604856e-05,3.9517413348191884e-06,3.831461664310318e-06,4.760227348458162e-06,-4.8595615731302795,-4.286469942996579,-4.26889667292975,-5.4032114903336925,-5.416635515418995,-5.3223723048797185,R,non-synonymous,-0.3109596124474111,-0.6550732350425247,-0.5957334938668117,0.6416868138091714,0.3520966634536039,0.34512583245690864,0.3520966634536039
85,single,ctaatactgtcacgtagagatcca,4.0,cgt,1.0,,LILSRRDP,,False,False,2.0,1.0,1.0,12546.0,13484.0,10209.0,1431.0,1700.0,1392.0,True,False,True,True,False,False,1.0,both,0.009886625075134206,0.00878979969597634,0.00936812280855245,0.04957854678664153,0.051663429081560325,0.04859716100040938,-2.004951935034484,-2.056021021618305,-2.0283474246471505,-1.3047062071323774,-1.2868167715700607,-1.3133891010642469,R,non-synonymous,0.400530071422638,0.44585070434195445,0.404304197609983,1.3531764976792204,1.453020602838083,1.3451635239337034,1.3531764976792204
86,single,ctaatactgtcactaaaggatcca,5.0,aag,1.0,,LILSLKDP,,False,False,2.0,1.0,1.0,1.0,1.0,1.0,1.0,8.0,10.0,True,False,True,True,False,False,2.0,both,6.908892435453672e-06,4.1363763275182774e-05,6.72997328200607e-05,3.9517413348191884e-06,3.831461664310318e-06,4.760227348458162e-06,-5.160591568794261,-4.383379956004635,-4.171986659921694,-5.4032114903336925,-5.416635515418995,-5.3223723048797185,K,non-synonymous,-0.1387749623176976,-0.5989016817070876,-0.6505354644953164,0.8138714639388849,0.408268216789041,0.290323861828404,0.408268216789041
87,single,ctaatactgtcactaaatgatcca,5.0,aat,1.0,,LILSLNDP,,False,False,2.0,1.0,1.0,2.0,4.0,2.0,12.0,17.0,5.0,True,False,True,True,False,False,2.0,both,8.290670922544407e-05,8.78979969597634e-05,3.364986641003035e-05,7.903482669638377e-06,1.532584665724127e-05,9.520454696916324e-06,-4.081410322746636,-4.056021021618305,-4.473016655585675,-5.102181494669711,-4.814575524091032,-5.021342309215737,N,non-synonymous,-0.5838658261027991,-0.43967783483777506,-0.3100745261750429,0.36878060015378333,0.5674920636583536,0.6307848001486775,0.5674920636583536
88,single,ctaatactgtcactaactgatcca,5.0,act,1.0,,LILSLTDP,,False,False,2.0,1.0,1.0,41.0,40.0,40.0,867.0,1100.0,941.0,True,False,True,True,False,False,1.0,both,0.005990009741538334,0.005687517450337631,0.006332904858367712,0.0001620213947275867,0.0001532584665724127,0.0001904090939383265,-2.2225724713180504,-2.245077257838354,-2.198397036494437,-3.7904276336139575,-3.814575524091033,-3.7203123135517564,T,non-synonymous,-0.8967896769839644,-0.9097218423173618,-0.8606330112187088,0.05585674927261808,0.09744805617876684,0.08022631510501155,0.08022631510501155
89,single,ctaatactgtcactaagaaagcca,6.0,aag,1.0,,LILSLRKP,,False,False,2.0,1.0,1.0,39.0,35.0,40.0,400.0,554.0,417.0,True,False,True,True,False,False,1.0,both,0.002763556974181469,0.0028644406068064074,0.0028063988585965314,0.00015411791205794835,0.00013410115825086111,0.0001904090939383265,-2.5585315774662982,-2.542960178268149,-2.551850604947936,-3.8121468833071934,-3.8725674710687197,-3.7203123135517564,K,non-synonymous,-0.7170491842760092,-0.7706748213574652,-0.6607573587892889,0.2355972419805733,0.23649507713866336,0.2801019675344315,0.23649507713866336
90,single,ctaatactgtcactaagaactcca,6.0,act,1.0,,LILSLRTP,,False,False,2.0,1.0,1.0,224.0,126.0,96.0,704.0,919.0,747.0,True,False,True,True,False,False,1.0,both,0.004863860274559385,0.004751662306236621,0.0050272900416585345,0.0008851900589994981,0.00048276416970310004,0.0004569818254519836,-2.3130189096521483,-2.3231544316104675,-2.298666058106295,-3.05296347199953,-3.3162649703014324,-3.3401010718401505,T,non-synonymous,-0.4232372103057249,-0.5756325880115892,-0.5889246039972621,0.5294092159508575,0.43153731048453936,0.3519347223264583,0.43153731048453936
91,single,ctaatactgtcactaagaagtcca,6.0,agt,1.0,,LILSLRSP,,False,False,2.0,1.0,1.0,14.0,9.0,13.0,201.0,269.0,190.0,True,False,True,True,False,False,1.0,both,0.0013886873795261882,0.0013908565401280209,0.0012786949235811533,5.532437868746863e-05,3.448315497879286e-05,6.18829555299561e-05,-2.8573955113737717,-2.856717662994171,-2.893233058968865,-4.257083454655454,-4.462393005979671,-4.208428952572882,S,non-synonymous,-0.800600545713563,-0.930691012913272,-0.7437345687491088,0.15204588054301948,0.07647888558285654,0.19712475757461156,0.15204588054301948
92,single,ctaatactgtcactaagaatgcca,6.0,atg,1.0,,LILSLRMP,,False,False,3.0,1.0,1.0,18.0,17.0,8.0,481.0,637.0,495.0,True,False,True,True,False,False,1.0,both,0.0033231772614532164,0.0032935896507864286,0.003331336774593005,7.113134402674539e-05,6.51348482932754e-05,3.80818187876653e-05,-2.478446492420429,-2.4823305106612286,-2.4773814609881253,-4.147938985230387,-4.186186594040721,-4.419282317887776,M,non-synonymous,-0.9549247081993067,-0.9875991127511643,-1.09813207552078,-0.0022782819427242806,0.019570785744964292,-0.15727274919705958,-0.0022782819427242806
93,single,ctaatactgtcactaagaattcca,6.0,att,1.0,,LILSLRIP,,False,False,2.0,1.0,1.0,157.0,152.0,137.0,997.0,1360.0,1039.0,True,False,True,True,False,False,1.0,both,0.006888165758147311,0.007031839756781072,0.006992442240004307,0.0006204233895666125,0.0005823821729751683,0.0006521511467387683,-2.161896410482605,-2.1529310346263615,-2.1553711123645165,-3.207311837924459,-3.2347919274742227,-3.185651737723312,I,non-synonymous,-0.597961971255539,-0.6270745917563274,-0.5826168712343107,0.3546844550010435,0.3800953067398012,0.35824245508940966,0.35824245508940966
94,single,ctaatactgtcactaagacagcca,6.0,cag,1.0,,LILSLRQP,,False,False,2.0,1.0,1.0,16.0,13.0,15.0,307.0,388.0,328.0,True,False,True,True,False,False,1.0,both,0.0021210299776842773,0.0020061425188463646,0.002207431236497991,6.322786135710702e-05,4.980900163603413e-05,7.140341022687243e-05,-2.673453193317074,-2.6976382174023716,-2.656112816210015,-4.1990915076777675,-4.302692163112158,-4.146281045824037,Q,non-synonymous,-0.8726422720874173,-0.9303308349591913,-0.842680266115015,0.08000415416916518,0.07683906353693726,0.09817906020870537,0.08000415416916518
95,single,ctaatactgtcactaagaccgcca,6.0,ccg,1.0,,LILSLRPP,,False,False,3.0,1.0,1.0,2936.0,2374.0,1890.0,668.0,785.0,624.0,True,False,True,True,False,False,1.0,both,0.004615140146883053,0.0040588192713773095,0.004199503327971788,0.011602312559029136,0.009095889991072694,0.008996829688585927,-2.335815106318715,-2.3916002862513266,-2.37680207023927,-1.93545543908966,-2.0411548008004226,-2.0459105007064746,P,non-synonymous,0.22899973497933934,0.20312727927848015,0.1871169914428614,1.1816461612359217,1.2102971777746088,1.1279763177665818,1.1816461612359217
96,single,ctaatactgtcactaagacctcca,6.0,cct,1.0,,LILSLRPP,,False,False,2.0,1.0,1.0,1252.0,1023.0,900.0,299.0,384.0,264.0,True,False,True,True,False,False,1.0,both,0.002065758838200648,0.0019854606372087732,0.0017767129464496027,0.004947580151193624,0.003919585282589455,0.0042842046136123465,-2.6849203804698307,-2.702138718629048,-2.750382733051863,-2.3056071614592817,-2.4067598817068347,-2.3681297954403937,P,non-synonymous,0.21696148173157434,0.17120922366356686,0.21616150498196599,1.1696079079881567,1.1783791221596955,1.1570208313056864,1.1696079079881567
97,single,ctaatactgtcactaagacggcca,6.0,cgg,1.0,,LILSLRRP,,False,False,3.0,1.0,1.0,14.0,2.0,4.0,13.0,8.0,11.0,True,False,True,True,False,False,2.0,both,8.981560166089775e-05,4.1363763275182774e-05,7.402970610206677e-05,5.532437868746863e-05,7.662923328620635e-06,1.904090939383265e-05,-4.046648216487424,-4.383379956004635,-4.130593974763469,-4.257083454655454,-5.115605519755014,-4.720312313551756,R,non-synonymous,-0.12036580533778608,-0.42441690008189026,-0.3334818155341663,0.8322806209187964,0.5827529984142383,0.607377510789554,0.607377510789554
98,single,ctaatactgtcactaagacgtcca,6.0,cgt,1.0,,LILSLRRP,,False,False,2.0,1.0,1.0,6046.0,5297.0,4464.0,2789.0,3604.0,2944.0,True,False,True,True,False,False,1.0,both,0.019268901002480292,0.01863437535546984,0.019813041342225873,0.023892228110316813,0.020295252435851754,0.02124965488351724,-1.7151430545282107,-1.7296851606895536,-1.7030488542562325,-1.6217433474918945,-1.6926055424833975,-1.6726481189501963,R,non-synonymous,0.05342323392987412,0.021492307008065314,0.01719141450520542,1.0060696601864565,1.0286622055041938,0.9580507408289258,1.0060696601864565
99,single,ctaatactgtcactaagactgcca,6.0,ctg,1.0,,LILSLRLP,,False,False,3.0,1.0,1.0,13.0,5.0,8.0,230.0,263.0,263.0,True,False,True,True,False,False,1.0,both,0.0015890452601543445,0.0013598337176716337,0.0017699829731675964,5.1372637352649446e-05,1.9157308321551588e-05,3.80818187876653e-05,-2.7988637327766677,-2.866514194506821,-2.752030911431936,-4.289268138026856,-4.717665511082976,-4.419282317887776,L,non-synonymous,-0.8524890036414834,-1.072975244594983,-0.9428196299935523,0.10015742261509908,-0.06580534609885436,-0.0019603036698319087,-0.0019603036698319087
100,single,ctaatactgtcactaagacttcca,6.0,ctt,1.0,,LILSLRLP,,False,False,2.0,1.0,1.0,21.0,15.0,16.0,465.0,549.0,563.0,True,False,True,True,False,False,1.0,both,0.003212634982485958,0.002838588254759418,0.0037889749577694177,8.298656803120295e-05,5.747192496465477e-05,7.61636375753306e-05,-2.4931386159043067,-2.546897598546487,-2.4214782650703475,-4.080992195599774,-4.240544256363314,-4.118252322223794,L,non-synonymous,-0.9082284722956943,-0.9816814652891855,-0.9595144934672716,0.04441795396088821,0.02548843320694305,-0.0186551671435512,0.02548843320694305
101,single,ctaatactgtcactaagagagcca,6.0,gag,1.0,,LILSLREP,,False,False,1.0,1.0,1.0,56.0,54.0,60.0,1820.0,2416.0,1901.0,True,False,True,True,False,False,1.0,both,0.012574184232525683,0.012491856509105198,0.01279367920909354,0.00022129751474987453,0.00020689892987275715,0.0002856136409074897,-1.9005201808091858,-1.9033730130474846,-1.8930045430562508,-3.6550234633274923,-3.6842417555960267,-3.544221054496075,E,non-synonymous,-1.0035496070267362,-1.0322376444956445,-0.9337520030433243,-0.050903180770153766,-0.02506774599951589,0.007107323280396094,-0.02506774599951589
102,single,ctaatactgtcactaagagatacg,7.0,acg,1.0,,LILSLRDT,,False,False,2.0,1.0,1.0,6337.0,5754.0,4928.0,1137.0,1374.0,1080.0,True,False,True,True,False,False,1.0,both,0.007855410699110825,0.0071042263425126415,0.007268371144566556,0.025042184838749194,0.02204623041644157,0.023458400373201824,-2.104831104106526,-2.148483210273047,-2.1385629044347443,-1.6013277832084531,-1.656665657864688,-1.6297016057233495,T,non-synonymous,0.28799636048480587,0.2850701905706452,0.2877576947971962,1.2406427867413883,1.2922400890667738,1.2286170211209166,1.2406427867413883
103,single,ctaatactgtcactaagagatact,7.0,act,1.0,,LILSLRDT,,False,False,2.0,1.0,1.0,3929.0,3371.0,3081.0,640.0,952.0,660.0,True,False,True,True,False,False,1.0,both,0.00442169115869035,0.0049222878297467505,0.004441782366124006,0.01552639170450459,0.012915857270390081,0.014666260460599599,-2.354411594810373,-2.3078329946121046,-2.3524427243798254,-1.8089294615218867,-1.8888767628980232,-1.833680606562778,T,non-synonymous,0.312007612613888,0.24283788211838242,0.293356542439297,1.2646540388704706,1.250007780614511,1.2342158687630174,1.250007780614511
104,single,ctaatactgtcactaagagatagt,7.0,agt,1.0,,LILSLRDS,,False,False,3.0,1.0,1.0,37.0,35.0,26.0,536.0,800.0,657.0,True,False,True,True,False,False,1.0,both,0.0037031663454031682,0.004136376327518278,0.004421592446277988,0.00014621442938830996,0.00013410115825086111,0.0001237659110599122,-2.4314267791014905,-2.383379956004635,-2.354421290361913,-3.835009766266698,-3.8725674710687197,-3.9073989569089007,S,non-synonymous,-0.8028284524935675,-0.8631716510236701,-0.8781985867833564,0.14981797376301498,0.14399824747245848,0.062660739540364,0.14399824747245848
105,single,ctaatactgtcactaagagatatt,7.0,att,1.0,,LILSLRDI,,False,False,3.0,1.0,1.0,12.0,8.0,18.0,6.0,10.0,10.0,True,False,True,True,False,False,2.0,both,4.145335461272204e-05,5.170470409397847e-05,6.72997328200607e-05,4.7420896017830255e-05,3.065169331448254e-05,8.568409227224692e-05,-4.382440318410617,-4.286469942996579,-4.171986659921694,-4.324030244286068,-4.513545528427051,-4.067099799776413,I,non-synonymous,0.03340968781201583,-0.13161889016693293,0.05931282486279242,0.9860561140685983,0.8755510083291956,1.0001721511865127,0.9860561140685983
106,single,ctaatactgtcactaagagatcat,7.0,cat,1.0,,LILSLRDH,,False,False,2.0,1.0,1.0,7012.0,7343.0,5888.0,948.0,1094.0,922.0,True,False,True,True,False,False,1.0,both,0.006549630028810082,0.005656494627881245,0.006205035366009597,0.027709610239752148,0.028134423001030664,0.02802821862772166,-2.1837832314561942,-2.2474526209991668,-2.2072557388680645,-1.5573695829119354,-1.5507619872111804,-1.5524045035502763,H,non-synonymous,0.35829922753434107,0.4038199343845728,0.37031403721865214,1.3109456537909234,1.4109898328807013,1.3111733635423726,1.3111733635423726
107,single,ctaatactgtcactaagagatcct,7.0,cct,1.0,,LILSLRDP,,False,False,1.0,0.0,1.0,39.0,20.0,33.0,931.0,1204.0,841.0,True,False,True,True,False,False,1.0,both,0.006432178857407369,0.006225246372915008,0.005659907530167105,0.00015411791205794835,7.662923328620635e-05,0.00015708750249911936,-2.191641887812918,-2.2058434560747733,-2.2471906641237815,-3.8121468833071934,-4.115605519755014,-3.8038583650018314,P,synonymous,-0.9269045932355928,-1.106947551530008,-0.8802852767625664,0.025741833020989646,-0.09977765303387942,0.060574049561153975,0.025741833020989646
108,single,ctaatactgtcactaagagatcgg,7.0,cgg,1.0,,LILSLRDR,,False,False,2.0,1.0,1.0,12.0,16.0,12.0,1.0,3.0,8.0,True,False,True,True,False,False,2.0,both,6.908892435453672e-06,1.551141122819354e-05,5.383978625604856e-05,4.7420896017830255e-05,6.130338662896508e-05,5.712272818149795e-05,-5.160591568794261,-4.809348688276916,-4.26889667292975,-4.324030244286068,-4.212515532763071,-4.243191058832094,R,non-synonymous,0.4785005515971173,0.34593995384683585,0.014536354552447875,1.4311469778536998,1.3531098523429645,0.9553956808761682,1.3531098523429645
109,single,ctaatactgtcactaagagatctg,7.0,ctg,1.0,,LILSLRDL,,False,False,2.0,1.0,1.0,1.0,1.0,1.0,4.0,12.0,2.0,True,False,True,True,False,False,2.0,both,2.763556974181469e-05,6.204564491277416e-05,1.345994656401214e-05,3.9517413348191884e-06,3.831461664310318e-06,4.760227348458162e-06,-4.558531577466298,-4.207288696948954,-4.8709566642577125,-5.4032114903336925,-5.416635515418995,-5.3223723048797185,L,non-synonymous,-0.48314426257712456,-0.7009687359043478,-0.25527255554653816,0.4695021636794579,0.30620116259178076,0.6855867707771822,0.4695021636794579
110,single,ctaatactgtcactaagagatgag,7.0,gag,1.0,,LILSLRDE,,False,False,3.0,1.0,1.0,10.0,9.0,1.0,21.0,58.0,23.0,True,False,True,True,False,False,1.0,both,0.00014508674114452712,0.0002998872837450751,0.00015478938548613963,3.951741334819188e-05,3.448315497879286e-05,4.760227348458162e-06,-3.838372274060341,-3.5230419494336416,-3.810258823904101,-4.4032114903336925,-4.462393005979671,-5.3223723048797185,E,non-synonymous,-0.3230795742432572,-0.5444721998859708,-0.8550901604409327,0.6295668520133253,0.46269769861015775,0.08576916588278771,0.46269769861015775
111,single,ctaatactgtcactaagagatgat,7.0,gat,1.0,,LILSLRDD,,False,False,3.0,1.0,1.0,9.0,11.0,6.0,147.0,248.0,181.0,True,False,True,True,False,False,1.0,both,0.00101560718801169,0.0012822766615306661,0.0012181251640430988,3.556567201337269e-05,4.21460783074135e-05,2.8561364090748974e-05,-2.9932742340460843,-2.8920182621703625,-2.914308085052509,-4.448968980894368,-4.37524283026077,-4.5442210544960755,D,non-synonymous,-0.8326355987511449,-0.859715372528068,-0.9217049911141748,0.12001082750543757,0.14745452596806063,0.01915433520954557,0.12001082750543757
112,single,ctaatactgtcactaagagatggg,7.0,ggg,1.0,,LILSLRDG,,False,False,3.0,1.0,1.0,1.0,1.0,1.0,12.0,5.0,5.0,True,False,True,True,False,False,2.0,both,8.290670922544407e-05,2.5852352046989236e-05,3.364986641003035e-05,3.9517413348191884e-06,3.831461664310318e-06,4.760227348458162e-06,-4.081410322746636,-4.58749993866056,-4.473016655585675,-5.4032114903336925,-5.416635515418995,-5.3223723048797185,G,non-synonymous,-0.7560504762325126,-0.4805884534173275,-0.4803049953351797,0.19659595002406982,0.5265814450788011,0.4605543309885407,0.4605543309885407
113,single,ctaatactgtcactaagagatggt,7.0,ggt,1.0,,LILSLRDG,,False,False,3.0,1.0,1.0,40.0,25.0,28.0,907.0,1158.0,909.0,True,False,True,True,False,False,1.0,both,0.006266365438956481,0.005987404734082707,0.006117545713343518,0.0001580696533927675,9.578654160775794e-05,0.00013328636575682854,-2.202984281734165,-2.2227613836051616,-2.2134227766997263,-3.8011514990057305,-4.018695506746957,-3.8752142735374995,G,non-synonymous,-0.9141277185607986,-1.0409699292539003,-0.9397320872594627,0.038518707695783916,-0.033800030757771715,0.0011272390642577124,0.0011272390642577124
114,single,ctaatactgtcactaagagatgtg,7.0,gtg,1.0,,LILSLRDV,,False,False,3.0,1.0,1.0,30.0,18.0,25.0,228.0,272.0,241.0,True,False,True,True,False,False,1.0,both,0.0015752274752834374,0.0014063679513562145,0.001621923560963463,0.00011855224004457565,6.896630995758572e-05,0.00011900568371145406,-2.8026567217938068,-2.8519010389623802,-2.7899696173468254,-3.9260902356140304,-4.161363010315689,-3.924432296207681,V,non-synonymous,-0.642587148481546,-0.7589980713188463,-0.6415311326075145,0.3100592777750365,0.24817182717728226,0.2993281937162059,0.2993281937162059
115,single,ctaatactgtcactaagagatgtt,7.0,gtt,1.0,,LILSLRDV,,False,False,3.0,1.0,1.0,13.0,8.0,8.0,74.0,102.0,57.0,True,False,True,True,False,False,1.0,both,0.0005112580402235718,0.0005273879817585804,0.00038360847707434603,5.1372637352649446e-05,3.065169331448254e-05,3.80818187876653e-05,-3.2913598490632845,-3.2778697712346614,-3.4161118042492022,-4.289268138026856,-4.513545528427051,-4.419282317887776,V,non-synonymous,-0.5707885993810706,-0.7162296706602326,-0.5672862825767319,0.38185782687551184,0.290940227835896,0.3735730437469885,0.3735730437469885
116,single,ctaatactgtcactaagagattag,7.0,tag,1.0,,LILSLRD*,,True,False,3.0,1.0,1.0,4.0,6.0,4.0,192.0,219.0,187.0,True,False,True,True,False,False,1.0,both,0.0013265073476071052,0.0011323330196581285,0.001258505003735135,1.5806965339276754e-05,2.2988769985861906e-05,1.904090939383265e-05,-2.877290340090711,-2.9460258281564604,-2.900145053385195,-4.80115149900573,-4.638484265035352,-4.720312313551756,*,stop,-1.1004197764919397,-0.9809927416607613,-1.0292925326748372,-0.1477733502353572,0.026177156835367255,-0.08843320635111684,-0.08843320635111684
117,single,ctaatactgtcactaagagattat,7.0,tat,1.0,,LILSLRDY,,False,False,3.0,1.0,1.0,6522.0,6261.0,5190.0,1005.0,1294.0,1057.0,True,False,True,True,False,False,1.0,both,0.006943436897630941,0.006690588709760814,0.0071135817590804165,0.025773256985690746,0.0239887814802469,0.02470557993849786,-2.158425507037753,-2.1745356666638975,-2.1479116726142675,-1.5888306958637546,-1.6199918116338787,-1.6072049470312608,Y,non-synonymous,0.3257997033198311,0.3214279800691812,0.3057660728161446,1.2784461295764136,1.3285978785653099,1.246625399139865,1.2784461295764136
118,single,ctaatactgtcactaagagattcg,7.0,tcg,1.0,,LILSLRDS,,False,False,2.0,1.0,1.0,24.0,13.0,9.0,289.0,389.0,256.0,True,False,True,True,False,False,1.0,both,0.001996669913846111,0.0020113129892557623,0.001722873160193554,9.484179203566051e-05,4.980900163603413e-05,4.284204613612346e-05,-2.699693726037713,-2.696520341670871,-2.7637466946098446,-4.023000248622087,-4.302692163112158,-4.368129795440394,S,non-synonymous,-0.7569115167509577,-0.9309787846841506,-0.9072680194695235,0.19573490950562478,0.07619111381197796,0.03359130685419687,0.07619111381197796
119,single,ctaatactgtcactaagagattct,7.0,tct,1.0,,LILSLRDS,,False,False,2.0,1.0,1.0,8.0,7.0,18.0,133.0,205.0,137.0,True,False,True,True,False,False,1.0,both,0.0009188826939153385,0.0010599464339265587,0.0009220063396348316,3.161393067855351e-05,2.6820231650172224e-05,8.568409227224692e-05,-3.036739927827175,-2.9747160819408247,-3.035266092765287,-4.500121503341749,-4.571537475404738,-4.067099799776413,S,non-synonymous,-0.8370323496516424,-0.925559034469108,-0.5834951286243659,0.11561407660494005,0.08161086402702056,0.35736419769935446,0.11561407660494005
120,single,ctaatactgtcactaagagatttg,7.0,ttg,1.0,,LILSLRDL,,False,False,3.0,1.0,1.0,83.0,80.0,75.0,655.0,872.0,653.0,True,False,True,True,False,False,1.0,both,0.0045253245452221555,0.0045086501969949224,0.004394672553149964,0.0003279945307899926,0.0003065169331448254,0.00035701705113436215,-2.3443502688024775,-2.345953458064012,-2.35707347864662,-3.484133397957619,-3.5135455284270516,-3.447311041488019,L,non-synonymous,-0.6519388836466375,-0.6767666025282519,-0.6165221223524131,0.3007075426099449,0.33040329596787665,0.3243372039713073,0.3243372039713073
121,single,ctaatactgtcactaagagatttt,7.0,ttt,1.0,,LILSLRDF,,False,False,3.0,1.0,1.0,65.0,47.0,39.0,602.0,740.0,556.0,True,False,True,True,False,False,1.0,both,0.004159153246143111,0.003826148102954407,0.0037418651447953754,0.0002568631867632472,0.00018007869822258494,0.00018564886658986834,-2.380995077536436,-2.4172382232656027,-2.4269118683396362,-3.5902981336908373,-3.744537657483278,-3.7313076978532194,F,non-synonymous,-0.6917032409526528,-0.7693371267534105,-0.7376272040228167,0.2609431853039297,0.2378327717427181,0.2032321223009037,0.2378327717427181
122,single,ctaatactgtcactaagagcgcca,6.0,gcg,1.0,,LILSLRAP,,False,False,2.0,1.0,1.0,30.0,28.0,26.0,822.0,1210.0,943.0,True,False,True,True,False,False,1.0,both,0.005679109581942919,0.0062562691953713945,0.006346364804931725,0.00011855224004457565,0.0001072809266006889,0.0001237659110599122,-2.24571975125421,-2.203684572680129,-2.1974749671843656,-3.9260902356140304,-3.969477484076776,-3.9073989569089007,A,non-synonymous,-0.9611467564872047,-1.0234993023229495,-0.9669506932588012,-0.008500330230622244,-0.01632940382682091,-0.02609136693508085,-0.01632940382682091
123,single,ctaatactgtcactaagagctcca,6.0,gct,1.0,,LILSLRAP,,False,False,1.0,1.0,1.0,1.0,1.0,2.0,4.0,4.0,2.0,True,False,True,True,False,False,3.0,both,2.763556974181469e-05,2.0681881637591387e-05,1.345994656401214e-05,3.9517413348191884e-06,3.831461664310318e-06,9.520454696916324e-06,-4.558531577466298,-4.684409951668616,-4.8709566642577125,-5.4032114903336925,-5.416635515418995,-5.021342309215737,A,non-synonymous,-0.48314426257712456,-0.42441690008189026,-0.0850420863864014,0.4695021636794579,0.5827529984142383,0.855817239937319,0.5827529984142383
124,single,ctaatactgtcactaagagggcca,6.0,ggg,1.0,,LILSLRGP,,False,False,2.0,1.0,1.0,25.0,30.0,20.0,372.0,528.0,412.0,True,False,True,True,False,False,1.0,both,0.002570107985988766,0.0027300083761620632,0.002772748992186501,9.87935333704797e-05,0.00011494384992930954,9.520454696916325e-05,-2.590048628912363,-2.563836020462767,-2.557089443888559,-4.005271481661655,-3.9395142606993327,-4.021342309215737,G,non-synonymous,-0.8094862813213288,-0.7973787356464874,-0.8280252992195244,0.14316014493525364,0.20979116284964117,0.11283402710419599,0.14316014493525364
125,single,ctaatactgtcactaagaggtcca,6.0,ggt,1.0,,LILSLRGP,,False,False,1.0,1.0,1.0,49.0,30.0,27.0,437.0,626.0,479.0,True,False,True,True,False,False,1.0,both,0.0030191859942932547,0.0032367144762830524,0.0032236572020809076,0.0001936353254061402,0.00011494384992930954,0.00012852613840837039,-2.520110131823839,-2.4898956097861493,-2.4916511465071305,-3.713015410305179,-3.9395142606993327,-3.8910085407207315,G,non-synonymous,-0.682323957651289,-0.8402365125990141,-0.7913273400355377,0.2703224686052935,0.16693338589711448,0.14953198628818265,0.16693338589711448
126,single,ctaatactgtcactaagagtgcca,6.0,gtg,1.0,,LILSLRVP,,False,False,2.0,1.0,1.0,362.0,169.0,151.0,2279.0,3088.0,2290.0,True,False,True,True,False,False,1.0,both,0.01574536586039892,0.015966412624220553,0.015411638815793901,0.001430530363204546,0.0006475170212684437,0.0007187943296171825,-1.802847243613885,-1.7967926513328805,-1.812151177581806,-2.844502919800527,-3.1887488108053215,-3.143395357586549,V,non-synonymous,-0.5958114498331619,-0.806813839204588,-0.7528097684387149,0.35683497642342055,0.20035605929154054,0.18804955788500544,0.20035605929154054
127,single,ctaatactgtcactaagatagcca,6.0,tag,1.0,,LILSLR*P,,True,False,2.0,1.0,1.0,1.0,1.0,1.0,3.0,7.0,3.0,True,False,True,True,False,False,2.0,both,2.072667730636102e-05,3.619329286578493e-05,2.0189919846018212e-05,3.9517413348191884e-06,3.831461664310318e-06,4.760227348458162e-06,-4.683470314074598,-4.441371902982322,-4.694865405202031,-5.4032114903336925,-5.416635515418995,-5.3223723048797185,*,stop,-0.4116811759730857,-0.5652880473511395,-0.3548509964853874,0.5409652502834967,0.4418818511449891,0.586008329838333,0.5409652502834967
128,single,ctaatactgtcactaagatatcca,6.0,tat,1.0,,LILSLRYP,,False,False,1.0,1.0,1.0,480.0,278.0,309.0,655.0,845.0,687.0,True,False,True,True,False,False,1.0,both,0.0045253245452221555,0.0043690474959411805,0.00462349164473817,0.0018968358407132103,0.0010651463426782682,0.0014709102506735721,-2.3443502688024775,-2.3596132340468867,-2.3350299228621436,-2.721970252958106,-2.9725907195009187,-2.832413825454884,Y,non-synonymous,-0.21599297674774728,-0.35529762558943145,-0.28126730329416444,0.7366534495088352,0.6518722729066971,0.659592023029556,0.659592023029556
129,single,ctaatactgtcactaagatcgcca,6.0,tcg,1.0,,LILSLRSP,,False,False,3.0,1.0,1.0,90.0,84.0,72.0,1818.0,2304.0,1834.0,True,False,True,True,False,False,1.0,both,0.012560366447654776,0.01191276382325264,0.012342770999199133,0.00035565672013372694,0.0003218427798020667,0.0003427363690889877,-1.900997689908312,-1.9239874682454046,-1.9085873285876915,-3.4489689808943678,-3.4923562293571133,-3.4650398084484504,S,non-synonymous,-0.8854164003204236,-0.9090671518854931,-0.8801635707024585,0.0672300259361589,0.09810274661063545,0.06069575562126184,0.0672300259361589
130,single,ctaatactgtcactaagatggcca,6.0,tgg,1.0,,LILSLRWP,,False,False,3.0,1.0,1.0,2.0,2.0,1.0,72.0,92.0,75.0,True,False,True,True,False,False,1.0,both,0.0004974402553526644,0.00047568327766460194,0.0005047479961504553,7.903482669638377e-06,7.662923328620635e-06,4.760227348458162e-06,-3.303259072362992,-3.322682115651024,-3.2969253965299936,-5.102181494669711,-5.115605519755014,-5.3223723048797185,W,non-synonymous,-1.0289566898879006,-1.039224838527351,-1.145376814382944,-0.0763102636313181,-0.032054940031222445,-0.20451748805922354,-0.0763102636313181
131,single,ctaatactgtcactaagatgtcca,6.0,tgt,1.0,,LILSLRCP,,False,False,2.0,1.0,1.0,63.0,46.0,44.0,794.0,1036.0,748.0,True,False,True,True,False,False,1.0,both,0.0054856605937502155,0.005356607344136169,0.00503402001494054,0.00024895970409360887,0.0001762472365582746,0.00020945000333215914,-2.2607710663671643,-2.2711101875873645,-2.2980850620572326,-3.6038709408801113,-3.753877683737421,-3.6789196283935315,C,non-synonymous,-0.7682330176837745,-0.8594504417940949,-0.7808528035270724,0.18441340857280797,0.14771945670203368,0.16000652279664795,0.16000652279664795
132,single,ctaatactgtcactaagattgcca,6.0,ttg,1.0,,LILSLRLP,,False,False,3.0,1.0,1.0,35.0,35.0,44.0,1030.0,1485.0,1033.0,True,False,True,True,False,False,1.0,both,0.007116159208517283,0.007678148557955803,0.0069520624003122705,0.00013831094671867158,0.00013410115825086111,0.00020945000333215914,-2.1477543440890883,-2.114743489343348,-2.1578863384020734,-3.8591434459834173,-3.8725674710687197,-3.6789196283935315,L,non-synonymous,-0.9788889412681806,-1.018880304304456,-0.8601342533733866,-0.026242515011598133,-0.011710405808327495,0.08072507295033382,-0.011710405808327495
133,single,ctaatactgtcactaagggatcca,5.0,agg,1.0,,LILSLRDP,,False,False,1.0,0.0,1.0,47.0,57.0,47.0,1387.0,1932.0,1364.0,True,False,True,True,False,False,1.0,both,0.009582633807974243,0.00998934883095664,0.00917968355665628,0.00018573184273650183,0.00021839331486568812,0.00022373068537753362,-2.0185151077209755,-2.0004628209171043,-2.0371722896012336,-3.7311136323979754,-3.660760659746504,-3.6502744469440014,R,synonymous,-0.979580712990908,-0.9623516261293208,-0.9121985881905402,-0.02693428673432552,0.0448182723668078,0.028660738133180153,0.028660738133180153
134,single,ctaatactgtcactaagtgatcca,5.0,agt,1.0,,LILSLSDP,,False,False,1.0,1.0,1.0,43.0,30.0,25.0,708.0,855.0,648.0,True,False,True,True,False,False,1.0,both,0.0048914958443012,0.0044207522000351595,0.004361022686739934,0.00016992487739722509,0.00011494384992930954,0.00011900568371145406,-2.3105583111044914,-2.354503828268406,-2.3604116540511004,-3.7697430347541063,-3.9395142606993327,-3.924432296207681,S,non-synonymous,-0.8346318132252959,-0.9187130955716273,-0.8844433163651992,0.11801461303128657,0.08845680292450131,0.05641600995852114,0.08845680292450131
135,single,ctaatactgtcactaatggatcca,5.0,atg,1.0,,LILSLMDP,,False,False,2.0,1.0,1.0,47.0,26.0,38.0,1140.0,1433.0,1138.0,True,False,True,True,False,False,1.0,both,0.007876137376417187,0.007409284096667115,0.007658709594922908,0.00018573184273650183,9.961800327206827e-05,0.00018088863924141016,-2.103686717457788,-2.1302237525992345,-2.1158443978626416,-3.7311136323979754,-4.001662167448177,-3.7425887082629083,M,non-synonymous,-0.9308638275151919,-1.0847341721534427,-0.9199131354077045,0.021782598741390546,-0.07756427365731411,0.020946190916015905,0.020946190916015905
136,single,ctaatactgtcactaattgatcca,5.0,att,1.0,,LILSLIDP,,False,False,2.0,1.0,1.0,65.0,37.0,33.0,1273.0,1867.0,1428.0,True,False,True,True,False,False,1.0,both,0.008795020070332525,0.00965326825434578,0.00961040184670467,0.0002568631867632472,0.00014176408157948176,0.00015708750249911936,-2.055763165140605,-2.0153256250475007,-2.0172584524815385,-3.5902981336908373,-3.848433791352,-3.8038583650018314,I,non-synonymous,-0.8777310250722214,-1.062516967412218,-1.0103104198601927,0.07491540118436102,-0.055347068916089315,-0.06945109353647227,-0.055347068916089315
137,single,ctaatactgtcactaccggatcca,5.0,ccg,1.0,,LILSLPDP,,False,False,3.0,1.0,1.0,335.0,228.0,231.0,998.0,1276.0,972.0,True,False,True,True,False,False,1.0,both,0.006895074650582765,0.006597520242391653,0.006541534030109901,0.001323833347164428,0.0008735732594627525,0.0010996125174938356,-2.1614610275068893,-2.1806192686114354,-2.184320394995419,-2.8781666832968478,-3.0587006684185414,-2.9587603249875745,P,non-synonymous,-0.4099449037162728,-0.5089587200655914,-0.43794065215369543,0.5427015225403097,0.4982111784305372,0.5029186741700249,0.5029186741700249
138,single,ctaatactgtcactacctgatcca,5.0,cct,1.0,,LILSLPDP,,False,False,3.0,1.0,1.0,273.0,176.0,140.0,680.0,912.0,654.0,True,False,True,True,False,False,1.0,both,0.0046980468561084975,0.0047154690133708365,0.00440140252643197,0.0010788253844056384,0.000674337252918616,0.0006664318287841428,-2.328082656088024,-2.326475104668163,-2.3564089115974265,-2.967048843292937,-3.1711228476048454,-3.1762442692014807,P,non-synonymous,-0.36547909169623977,-0.48957970667159295,-0.4636114658646469,0.5871673345603428,0.5175901918245356,0.47724786045907347,0.5175901918245356
139,single,ctaatactgtcactacgggatcca,5.0,cgg,1.0,,LILSLRDP,,False,False,2.0,0.0,1.0,2.0,1.0,1.0,19.0,17.0,20.0,True,False,True,True,False,False,1.0,both,0.00013126895627361978,8.78979969597634e-05,0.0001345994656401214,7.903482669638377e-06,3.831461664310318e-06,4.760227348458162e-06,-3.8818379678414314,-4.056021021618305,-3.8709566642577125,-5.102181494669711,-5.416635515418995,-5.3223723048797185,R,synonymous,-0.6980182248666517,-0.7886473980881696,-0.8207659336554533,0.2546282013899308,0.21852250040795895,0.12009339266826713,0.21852250040795895
140,single,ctaatactgtcactacgtgatcca,5.0,cgt,1.0,,LILSLRDP,,False,False,2.0,0.0,1.0,5.0,4.0,7.0,151.0,162.0,148.0,True,False,True,True,False,False,1.0,both,0.0010432427577535045,0.0008376162063224512,0.0009960360457368985,1.975870667409594e-05,1.532584665724127e-05,3.3321591439207134e-05,-2.981614621501091,-3.076954928453948,-3.0017249445267367,-4.704241485997674,-4.814575524091032,-4.4772742648654615,R,synonymous,-0.9853167732111137,-1.0071698984961286,-0.8344133697246595,-0.03267034695453119,0.0,0.10644595659906086,0.0
141,single,ctaatactgtcactacttgatcca,5.0,ctt,1.0,,LILSLLDP,,False,False,3.0,1.0,1.0,19.0,23.0,24.0,715.0,974.0,805.0,True,False,True,True,False,False,1.0,both,0.004939858091349376,0.005036038178753503,0.005417628492014887,7.508308536156458e-05,8.81236182791373e-05,0.0001142454563629959,-2.30628552699318,-2.297910986117963,-2.2661907795538254,-4.124457889380864,-4.054907679401402,-3.9421610631681125,L,non-synonymous,-1.0399673673805137,-1.018400786498221,-0.9477500972911997,-0.08732094112393118,-0.011230888002092376,-0.006890770967479365,-0.011230888002092376
142,single,ctaatactgtcactagaggatcca,5.0,gag,1.0,,LILSLEDP,,False,False,3.0,1.0,1.0,14.0,9.0,6.0,254.0,348.0,276.0,True,False,True,True,False,False,1.0,both,0.0017548586786052328,0.0017993237024704508,0.0018574726258336755,5.532437868746863e-05,3.448315497879286e-05,2.8561364090748974e-05,-2.7557578521743227,-2.744890699049998,-2.731077577856476,-4.257083454655454,-4.462393005979671,-4.5442210544960755,E,non-synonymous,-0.8587357649320316,-0.9955088173336257,-1.0253206296010695,0.09391066132455084,0.011661081162502862,-0.08446130327734913,0.011661081162502862
143,single,ctaatactgtcactagatgatcca,5.0,gat,1.0,,LILSLDDP,,False,False,3.0,1.0,1.0,16.0,17.0,16.0,641.0,779.0,618.0,True,False,True,True,False,False,1.0,both,0.004428600051125804,0.004027796448920923,0.0041591234882797515,6.322786135710702e-05,6.51348482932754e-05,7.61636375753306e-05,-2.353733539275443,-2.3949324853240146,-2.380998184832878,-4.1990915076777675,-4.186186594040721,-4.118252322223794,D,non-synonymous,-1.0555171269646721,-1.0382572716891174,-0.9824057107868782,-0.10287070070808968,-0.03108737319298882,-0.04154638446315784,-0.04154638446315784
144,single,ctaatactgtcactagcggatcca,5.0,gcg,1.0,,LILSLADP,,False,False,3.0,1.0,1.0,90.0,72.0,97.0,1177.0,1485.0,1092.0,True,False,True,True,False,False,1.0,both,0.008131766396528973,0.007678148557955803,0.007349130823950629,0.00035565672013372694,0.0002758652398303429,0.00046174205280044176,-2.0898151059508256,-2.114743489343348,-2.1337640215529756,-3.4489689808943678,-3.559303018987727,-3.3356005706134737,A,non-synonymous,-0.7774156655499022,-0.8373041148894247,-0.6796306100629821,0.1752307607066803,0.1698657836067039,0.2612287162607383,0.1752307607066803
145,single,ctaatactgtcactagctgatcca,5.0,gct,1.0,,LILSLADP,,False,False,3.0,1.0,1.0,55.0,60.0,34.0,673.0,766.0,682.0,True,False,True,True,False,False,1.0,both,0.0046496846090603216,0.003960580333598751,0.00458984177832814,0.00021734577341505533,0.00022988769985861907,0.0001618477298475775,-2.3325765045702838,-2.402241173363975,-2.338202285265215,-3.662848800839449,-3.6384842650353515,-3.7908933878374635,A,non-synonymous,-0.7608958349985564,-0.7165585124172011,-0.8214871989423452,0.19175059125802607,0.29061138607892745,0.11937212738137515,0.19175059125802607
146,single,ctaatactgtcactaggggatcca,5.0,ggg,1.0,,LILSLGDP,,False,False,2.0,1.0,1.0,778.0,740.0,602.0,792.0,988.0,678.0,True,False,True,True,False,False,1.0,both,0.005471842808879308,0.005108424764485073,0.004562921885200116,0.0030744547584893285,0.002835281631589635,0.002865656863771814,-2.2618663872047673,-2.2917129984089506,-2.3407569660546304,-2.512231893344004,-2.547403795688019,-2.542775813621894,G,non-synonymous,-0.143205320732399,-0.14820500803717399,-0.11424032055248186,0.8094411055241835,0.8589648904589546,0.8266190057712385,0.8266190057712385
147,single,ctaatactgtcactagtggatcca,5.0,gtg,1.0,,LILSLVDP,,False,False,3.0,1.0,1.0,1.0,5.0,3.0,16.0,24.0,19.0,True,False,True,True,False,False,1.0,both,0.00011054227896725876,0.00012409128982554833,0.00012786949235811534,3.9517413348191884e-06,1.9157308321551588e-05,1.4280682045374487e-05,-3.9564715861383357,-3.906258701284973,-3.893233058968865,-5.4032114903336925,-4.717665511082976,-4.845251050160056,V,non-synonymous,-0.8275135628365515,-0.47031240094371335,-0.5383598698591702,0.12513286342003094,0.5368574975524152,0.4024994564645502,0.4024994564645502
148,single,ctaatactgtcactagttgatcca,5.0,gtt,1.0,,LILSLVDP,,False,False,3.0,1.0,1.0,19.0,15.0,6.0,364.0,572.0,436.0,True,False,True,True,False,False,1.0,both,0.0025148368465051367,0.0029575090741755686,0.0029342683509546467,7.508308536156458e-05,5.747192496465477e-05,2.8561364090748974e-05,-2.599490185145205,-2.5290739142035545,-2.532500170653108,-4.124457889380864,-4.240544256363314,-4.5442210544960755,V,non-synonymous,-0.8722586931370941,-0.9920125343358875,-1.1376148384166118,0.08038773311948832,0.01515736416024105,-0.19675551209289144,0.01515736416024105
149,single,ctaatactgtcactataggatcca,5.0,tag,1.0,,LILSL*DP,,True,False,3.0,1.0,1.0,1.0,1.0,2.0,81.0,95.0,59.0,True,False,True,True,False,False,1.0,both,0.0005596202872717474,0.0004911946888927955,0.00039706842363835816,3.9517413348191884e-06,3.831461664310318e-06,9.520454696916324e-06,-3.2521065499156108,-3.3087463377077313,-3.4011346482795495,-5.4032114903336925,-5.416635515418995,-5.021342309215737,*,stop,-1.2303998169392496,-1.2217871579601987,-0.9162167034207485,-0.27775339068266713,-0.21461725946407006,0.024642622902971922,-0.21461725946407006
150,single,ctaatactgtcactatatgatcca,5.0,tat,1.0,,LILSLYDP,,False,False,3.0,1.0,1.0,43.0,28.0,43.0,1451.0,1859.0,1308.0,True,False,True,True,False,False,1.0,both,0.010024802923843279,0.009611904491070598,0.00880280505286394,0.00016992487739722509,0.0001072809266006889,0.000204689775983701,-1.9989241563565248,-2.01719055322468,-2.0553789159334452,-3.7697430347541063,-3.969477484076776,-3.6889038493001323,Y,non-synonymous,-1.0128818835725812,-1.131596065860799,-0.9237475327946679,-0.060235457315998775,-0.12442616736467049,0.017111793529052455,-0.060235457315998775
151,single,ctaatactgtcactatcggatcca,5.0,tcg,1.0,,LILSLSDP,,False,False,3.0,1.0,1.0,58.0,69.0,44.0,1228.0,1617.0,1251.0,True,False,True,True,False,False,1.0,both,0.008484119910737109,0.008360650651996319,0.008419196575789593,0.0002292009974195129,0.00026437085483741195,0.00020945000333215914,-2.0713932019891117,-2.077759923090178,-2.074729350228274,-3.6397834967707556,-3.5777864246817397,-3.6789196283935315,S,non-synonymous,-0.8970957647531462,-0.8694542083253566,-0.9071589795291515,0.05555066150343624,0.137715690170772,0.0337003467945689,0.05555066150343624
152,single,ctaatactgtcactatctgatcca,5.0,tct,1.0,,LILSLSDP,,False,False,3.0,1.0,1.0,7.0,7.0,8.0,225.0,272.0,192.0,True,False,True,True,False,False,1.0,both,0.0015545007979770762,0.0014063679513562145,0.0012921548701451656,2.7662189343734316e-05,2.6820231650172224e-05,3.80818187876653e-05,-2.808409050682898,-2.8519010389623802,-2.8886854312181445,-4.558113450319436,-4.571537475404738,-4.419282317887776,S,non-synonymous,-1.0008047178731214,-0.9967458140693151,-0.8655424039657977,-0.04815829161653895,0.010424084426813529,0.07531692235792264,0.010424084426813529
153,single,ctaatactgtcactatgggatcca,5.0,tgg,1.0,,LILSLWDP,,False,False,2.0,1.0,1.0,3.0,4.0,1.0,31.0,45.0,35.0,True,False,True,True,False,False,1.0,both,0.00021417566549906386,0.00023267116842290312,0.00023554906487021246,1.1855224004457564e-05,1.532584665724127e-05,4.760227348458162e-06,-3.669229874959988,-3.6332574292212354,-3.627918615571418,-4.926090235614031,-4.814575524091032,-5.3223723048797185,W,non-synonymous,-0.7189053070401911,-0.684722561811848,-0.9582023408160648,0.2337411192163914,0.3224473366842806,-0.017343014492344433,0.2337411192163914
154,single,ctaatactgtcactatgtgatcca,5.0,tgt,1.0,,LILSLCDP,,False,False,2.0,1.0,1.0,4.0,11.0,16.0,290.0,332.0,283.0,True,False,True,True,False,False,1.0,both,0.002003578806281565,0.0017165961759200853,0.001904582438807718,1.5806965339276754e-05,4.21460783074135e-05,7.61636375753306e-05,-2.6981935708953046,-2.7653318592925427,-2.7202002243974035,-4.80115149900573,-4.37524283026077,-4.118252322223794,C,non-synonymous,-1.2028604468153552,-0.9331460925872487,-0.7905892035721008,-0.25021402055877273,0.07402380590887991,0.15027012275161955,0.07402380590887991
155,single,ctaatactgtcactatttgatcca,5.0,ttt,1.0,,LILSLFDP,,False,False,3.0,1.0,1.0,55.0,54.0,39.0,1983.0,2626.0,2016.0,True,False,True,True,False,False,1.0,both,0.013700333699504632,0.013577655295078745,0.013567626136524237,0.00021734577341505533,0.00020689892987275715,0.00018564886658986834,-1.863268854588958,-1.8671752212431185,-1.8674961321482062,-3.662848800839449,-3.6842417555960267,-3.7313076978532194,F,non-synonymous,-1.0293327837384836,-1.0532188220835061,-1.053973098448994,-0.07668635748190111,-0.046048923587377555,-0.11311377212527352,-0.07668635748190111
156,single,ctaatactgtcactgagagatcca,4.0,ctg,1.0,,LILSLRDP,,False,False,1.0,0.0,1.0,35.0,20.0,16.0,833.0,1055.0,753.0,True,False,True,True,False,False,1.0,both,0.005755107398732909,0.005454846281914729,0.005067669881350571,0.00013831094671867158,7.662923328620635e-05,7.61636375753306e-05,-2.2399465673874728,-2.2632174833628675,-2.295191683720993,-3.8591434459834173,-4.115605519755014,-4.118252322223794,L,synonymous,-0.9261563699564769,-1.0736920794291622,-1.0309287189643443,0.02649005630010559,-0.06652218093303364,-0.09006939264062397,-0.06652218093303364
157,single,ctaatactgtcacttagagatcca,4.0,ctt,1.0,,LILSLRDP,,False,False,1.0,0.0,1.0,11.0,12.0,3.0,181.0,225.0,199.0,True,False,True,True,False,False,1.0,both,0.0012505095308171148,0.0011633558421145155,0.001339264683119208,4.346915468301107e-05,4.597753997172381e-05,1.4280682045374487e-05,-2.902912993925076,-2.9342874248852167,-2.8731335835119873,-4.361818805175468,-4.337454269371371,-4.845251050160056,L,synonymous,-0.8344722795091586,-0.8133118425752222,-1.115219368242412,0.11817414674742388,0.19385805592090644,-0.1743600419186917,0.11817414674742388
158,single,ctaatactgtcagagagagatcca,4.0,gag,1.0,,LILSERDP,,False,False,3.0,1.0,1.0,1.0,1.0,1.0,4.0,1.0,3.0,True,False,True,True,False,False,3.0,both,2.763556974181469e-05,5.170470409397847e-06,2.0189919846018212e-05,3.9517413348191884e-06,3.831461664310318e-06,4.760227348458162e-06,-4.558531577466298,-5.286469942996579,-4.694865405202031,-5.4032114903336925,-5.416635515418995,-5.3223723048797185,E,non-synonymous,-0.48314426257712456,-0.07544733683149572,-0.3548509964853874,0.4695021636794579,0.9317225616646329,0.586008329838333,0.586008329838333
159,single,ctaatactgtcagcgagagatcca,4.0,gcg,1.0,,LILSARDP,,False,False,3.0,1.0,1.0,37.0,66.0,33.0,1317.0,1774.0,1359.0,True,False,True,True,False,False,1.0,both,0.009099011337492486,0.00917241450627178,0.00914603369024625,0.00014621442938830996,0.00025287646984448094,0.00015708750249911936,-2.041005793832477,-2.0375163275008714,-2.0387672031891997,-3.835009766266698,-3.5970915798771266,-3.8038583650018314,A,non-synonymous,-1.0261434102058917,-0.9039702064862792,-0.9981473637636147,-0.07349698394930926,0.10319969200984935,-0.0572880374398943,-0.0572880374398943
160,single,ctaatactgtcagctagagatcca,4.0,gct,1.0,,LILSARDP,,False,False,3.0,1.0,1.0,1.0,1.0,1.0,3.0,4.0,2.0,True,False,True,True,False,False,3.0,both,2.072667730636102e-05,2.0681881637591387e-05,1.345994656401214e-05,3.9517413348191884e-06,3.831461664310318e-06,4.760227348458162e-06,-4.683470314074598,-4.684409951668616,-4.8709566642577125,-5.4032114903336925,-5.416635515418995,-5.3223723048797185,A,non-synonymous,-0.4116811759730857,-0.42441690008189026,-0.25527255554653816,0.5409652502834967,0.5827529984142383,0.6855867707771822,0.5827529984142383
161,single,ctaatactgtcaggtagagatcca,4.0,ggt,1.0,,LILSGRDP,,False,False,3.0,1.0,1.0,3.0,2.0,2.0,163.0,191.0,146.0,True,False,True,True,False,False,1.0,both,0.0011261494669789487,0.0009875598481949887,0.0009825760991728862,1.1855224004457564e-05,7.662923328620635e-06,9.520454696916324e-06,-2.9484039643903026,-3.0054365757488513,-3.007633804137257,-4.926090235614031,-5.115605519755014,-5.021342309215737,G,non-synonymous,-1.1312069347969629,-1.2231085695465904,-1.1387388250634833,-0.1785605085403804,-0.21593867105046183,-0.19787949873976296,-0.19787949873976296
162,single,ctaatactgtcatagagagatcca,4.0,tag,1.0,,LILS*RDP,,True,False,3.0,1.0,1.0,26.0,14.0,10.0,634.0,873.0,712.0,True,False,True,True,False,False,1.0,both,0.004380237804077629,0.00451382066740432,0.004791740976788322,0.00010274527470529889,5.364046330034445e-05,4.760227348458162e-05,-2.358502310912528,-2.3454556992910094,-2.3195066662848376,-3.9882381423628748,-4.270507479740757,-4.3223723048797185,*,stop,-0.932184493187075,-1.1158098673459258,-1.1326072558672888,0.0204619330695075,-0.10863996884979721,-0.19174792954356845,-0.10863996884979721
163,single,ctaatactgtcatatagagatcca,4.0,tat,1.0,,LILSYRDP,,False,False,3.0,1.0,1.0,652.0,513.0,499.0,916.0,1280.0,974.0,True,False,True,True,False,False,1.0,both,0.006328545470875564,0.0066182021240292445,0.006554993976673913,0.0025765353503021107,0.001965539833791193,0.002375353446880623,-2.1986960951264103,-2.1792599733487106,-2.1834277030430784,-2.588963894601773,-2.706518150307179,-2.6242717592563287,Y,non-synonymous,-0.2232273377320413,-0.3056124944086619,-0.24929439456726743,0.7294190885245412,0.7015574040874667,0.691564931756453,0.7015574040874667
164,single,ctaatactgtcatcgagagatcca,4.0,tcg,1.0,,LILSSRDP,,False,False,3.0,1.0,1.0,12.0,5.0,10.0,281.0,348.0,254.0,True,False,True,True,False,False,1.0,both,0.001941398774362482,0.0017993237024704508,0.001709413213629542,4.7420896017830255e-05,1.9157308321551588e-05,4.760227348458162e-05,-2.711885248889181,-2.744890699049998,-2.7671529433017557,-4.324030244286068,-4.717665511082976,-4.3223723048797185,S,non-synonymous,-0.9221227983560555,-1.143471372392709,-0.8794662504791124,0.030523627900526984,-0.13630147389658043,0.06139307584460796,0.030523627900526984
165,single,ctaatactgtcatggagagatcca,4.0,tgg,1.0,,LILSWRDP,,False,False,3.0,1.0,1.0,109.0,110.0,108.0,647.0,777.0,538.0,True,False,True,True,False,False,1.0,both,0.004470053405738526,0.004017455508102127,0.003620725625719266,0.0004307398054952915,0.00042146078307413496,0.0005141045536334815,-2.34968728812556,-2.396048924195665,-2.441204384255305,-3.365784992393069,-3.37524283026077,-3.288948549392769,W,non-synonymous,-0.5811926725807011,-0.5675661473257527,-0.47939371171570666,0.3714537536758814,0.43960375117037587,0.4614656146080137,0.43960375117037587
166,single,ctaatactgtcattgagagatcca,4.0,ttg,1.0,,LILSLRDP,,False,False,2.0,0.0,1.0,11.0,6.0,13.0,369.0,492.0,444.0,True,False,True,True,False,False,1.0,both,0.002549381308682405,0.002543871441423741,0.0029881081372106952,4.346915468301107e-05,2.2988769985861906e-05,6.18829555299561e-05,-2.5935652026352,-2.5945048402292183,-2.524603689807074,-4.361818805175468,-4.638484265035352,-4.208428952572882,L,synonymous,-1.011414584192652,-1.1847434100281173,-0.9521920359865683,-0.0587681579360696,-0.17757351153198875,-0.01133270966284794,-0.0587681579360696
167,single,ctaatactgtcatttagagatcca,4.0,ttt,1.0,,LILSFRDP,,False,False,2.0,1.0,1.0,3.0,1.0,1.0,22.0,37.0,27.0,True,False,True,True,False,False,1.0,both,0.00015199563357998078,0.00019130740514772035,0.0001817092786141639,1.1855224004457564e-05,3.831461664310318e-06,4.760227348458162e-06,-3.8181688879720546,-3.718268218929584,-3.740622895762707,-4.926090235614031,-5.416635515418995,-5.3223723048797185,F,non-synonymous,-0.6337144216947544,-0.984417669719912,-0.8944688166833595,0.318932004561828,0.022752228776216632,0.046390509640360844,0.046390509640360844
168,single,ctaatactgtcgctaagagatcca,3.0,tcg,1.0,,LILSLRDP,,False,False,1.0,0.0,1.0,92.0,88.0,64.0,2436.0,3419.0,2547.0,True,False,True,True,False,False,1.0,both,0.016830061972765147,0.01767783832973124,0.01714124194926946,0.0003635602028033653,0.000337168626459308,0.0003046545503013224,-1.7739142848334228,-1.7525708421999842,-1.7659577149580787,-3.4394236629881374,-3.4721528432688267,-3.5161923308958314,S,synonymous,-0.9526464262565825,-0.9967142619170463,-0.9897460854497993,0.0,0.010455636579082328,-0.04888675912607887,0.0
169,single,ctaatactgtctctaagagatcca,3.0,tct,1.0,,LILSLRDP,,False,False,1.0,0.0,1.0,2.0,3.0,5.0,2.0,6.0,4.0,True,False,True,True,False,False,2.0,both,1.3817784870907345e-05,3.102282245638708e-05,2.691989312802428e-05,7.903482669638377e-06,1.1494384992930953e-05,2.380113674229081e-05,-4.8595615731302795,-4.508318692612935,-4.569926668593731,-5.102181494669711,-4.939514260699332,-4.6234023005437,S,synonymous,-0.1387749623176976,-0.24993211845669303,-0.03024011575789666,0.8138714639388849,0.7572377800394355,0.9106192105658237,0.8138714639388849
170,single,ctaatactgttgctaagagatcca,3.0,ttg,1.0,,LILLLRDP,,False,False,2.0,1.0,1.0,2766.0,2699.0,2471.0,537.0,615.0,496.0,True,False,True,True,False,False,1.0,both,0.0037100752378386222,0.0031798393017796757,0.003338066747875011,0.010930516532109875,0.010341115031973547,0.01176252177804012,-2.430617283094705,-2.497594827221162,-2.4765049834314965,-1.961359314560401,-1.9854326308624786,-1.9294995594776392,L,non-synonymous,0.2684085316961222,0.29686247309413544,0.30932794503556593,1.2210549579527048,1.304032371590264,1.2501872713592863,1.2501872713592863
171,single,ctaatactgtttctaagagatcca,3.0,ttt,1.0,,LILFLRDP,,False,False,2.0,1.0,1.0,11405.0,12106.0,10266.0,1446.0,1871.0,1435.0,True,False,True,True,False,False,1.0,both,0.009990258461666011,0.009673950135983371,0.009657511659678712,0.04506960992361284,0.04638367490814071,0.048868493959271495,-2.0004232758357485,-2.014396155496569,-2.0151347588516826,-1.3461162007210254,-1.3336348458424618,-1.3109710449549747,F,non-synonymous,0.37425384987807364,0.3945868855755783,0.398199917313169,1.3269002761346562,1.401756784071707,1.3390592436368893,1.3390592436368893
172,single,ctaatactttcactaagagatcca,2.0,ctt,1.0,,LILSLRDP,,False,False,1.0,0.0,1.0,7.0,10.0,17.0,288.0,342.0,297.0,True,False,True,True,False,False,1.0,both,0.0019897610214106576,0.0017683008800140638,0.0019988020647558028,2.7662189343734316e-05,3.8314616643103176e-05,8.092386492378876e-05,-2.7011990810350297,-2.752443836940444,-2.6992302106044814,-4.558113450319436,-4.416635515418995,-4.091923383501445,L,synonymous,-1.0621272152326235,-0.9646085964334503,-0.787558767010727,-0.10948078897604108,0.042561302062678275,0.15330055931299336,0.042561302062678275
173,single,ctaatagagtcactaagagatcca,2.0,gag,1.0,,LIESLRDP,,False,False,2.0,1.0,1.0,18.0,16.0,18.0,479.0,736.0,559.0,True,False,True,True,False,False,1.0,both,0.003309359476582309,0.0038054662213168155,0.003762055064641393,7.113134402674539e-05,6.130338662896508e-05,8.568409227224692e-05,-2.4802560553796975,-2.41959212865908,-2.4245748520352706,-4.147938985230387,-4.212515532763071,-4.067099799776413,E,non-synonymous,-0.9538896652815998,-1.039224838527351,-0.9288369813263075,-0.0012432390250173286,-0.032054940031222445,0.012022344997412837,-0.0012432390250173286
174,single,ctaatagattcactaagagatcca,2.0,gat,1.0,,LIDSLRDP,,False,False,3.0,1.0,1.0,9.0,10.0,12.0,475.0,616.0,530.0,True,False,True,True,False,False,1.0,both,0.0032817239068404945,0.003185009772189074,0.0035668858394632174,3.556567201337269e-05,3.8314616643103176e-05,5.712272818149795e-05,-2.483897959169394,-2.4968892308321533,-2.447710790320905,-4.448968980894368,-4.416635515418995,-4.243191058832094,D,non-synonymous,-1.1239912009746544,-1.1127346645409337,-1.015332202368294,-0.17134477471807197,-0.10556476604480514,-0.07447287604457364,-0.10556476604480514
175,single,ctaatagcttcactaagagatcca,2.0,gct,1.0,,LIASLRDP,,False,False,3.0,1.0,1.0,16.0,20.0,14.0,610.0,827.0,665.0,True,False,True,True,False,False,1.0,both,0.00421442438562674,0.00427597902857202,0.004475432232534037,6.322786135710702e-05,7.662923328620635e-05,6.664318287841427e-05,-2.3752617337834936,-2.3689644334440323,-2.349165014618589,-4.1990915076777675,-4.115605519755014,-4.17624426920148,A,non-synonymous,-1.0432033220525838,-1.0123984085052902,-1.0332012197467977,-0.09055689579600135,-0.00522851000916158,-0.0923418934230773,-0.09055689579600135
176,single,ctaatagggtcactaagagatcca,2.0,ggg,1.0,,LIGSLRDP,,False,False,2.0,1.0,1.0,24.0,35.0,18.0,904.0,1141.0,853.0,True,False,True,True,False,False,1.0,both,0.00624563876165012,0.005899506737122943,0.005740667209551178,9.484179203566051e-05,0.00013410115825086111,8.568409227224692e-05,-2.2044231383188975,-2.2291842985783643,-2.241037628754171,-4.023000248622087,-3.8725674710687197,-4.067099799776413,G,non-synonymous,-1.040198877127801,-0.9525474474596125,-1.0326260657282669,-0.08755245087121855,0.054622451036516084,-0.0917667394045465,-0.08755245087121855
177,single,ctaataggttcactaagagatcca,2.0,ggt,1.0,,LIGSLRDP,,False,False,3.0,1.0,1.0,4.0,2.0,2.0,72.0,106.0,82.0,True,False,True,True,False,False,1.0,both,0.0004974402553526644,0.0005480698633961718,0.0005518578091244978,1.5806965339276754e-05,7.662923328620635e-06,9.520454696916324e-06,-3.303259072362992,-3.2611640777318085,-3.258172807537977,-4.80115149900573,-5.115605519755014,-5.021342309215737,G,non-synonymous,-0.8567720397581872,-1.0748822865124563,-0.9970606776823691,0.0958743864983953,-0.06771238801632773,-0.05620135135864868,-0.05620135135864868
178,single,ctaatagtgtcactaagagatcca,2.0,gtg,1.0,,LIVSLRDP,,False,False,1.0,1.0,1.0,3.0,1.0,3.0,148.0,204.0,112.0,True,False,True,True,False,False,1.0,both,0.0010225160804471435,0.0010547759635171608,0.0007537570075846799,1.1855224004457564e-05,3.831461664310318e-06,1.4280682045374487e-05,-2.9903298533993032,-2.97683977557068,-3.122768637251512,-4.926090235614031,-5.416635515418995,-4.845251050160056,V,non-synonymous,-1.1072259540496157,-1.4141687971610217,-0.9740523984088475,-0.1545795277930332,-0.40699889866489314,-0.03319307208512712,-0.1545795277930332
179,single,ctaatagtttcactaagagatcca,2.0,gtt,1.0,,LIVSLRDP,,False,False,2.0,1.0,1.0,12.0,27.0,10.0,574.0,829.0,653.0,True,False,True,True,False,False,1.0,both,0.003965704257950408,0.004286319969390815,0.004394672553149964,4.7420896017830255e-05,0.00010344946493637857,4.760227348458162e-05,-2.401679676396287,-2.3679154124463055,-2.35707347864662,-4.324030244286068,-3.985271751260008,-4.3223723048797185,V,non-synonymous,-1.0995557410439236,-0.9374616206121936,-1.1113634722400407,-0.14690931478734115,0.06970827788393497,-0.17050414591632035,-0.14690931478734115
180,single,ctaatatagtcactaagagatcca,2.0,tag,1.0,,LI*SLRDP,,True,False,2.0,1.0,1.0,32.0,27.0,25.0,1267.0,1536.0,1280.0,True,False,True,True,False,False,1.0,both,0.008753566715719804,0.007941842548835093,0.00861436580096777,0.00012645572271421403,0.00010344946493637857,0.00011900568371145406,-2.0578149539108193,-2.100078727301086,-2.0647766902738254,-3.8980615120137867,-3.985271751260008,-3.924432296207681,*,stop,-1.0525934768077403,-1.092706699813356,-1.0516229307187175,-0.09994705055115782,-0.08553680131722752,-0.1107636043949971,-0.09994705055115782
181,single,ctaatatattcactaagagatcca,2.0,tat,1.0,,LIYSLRDP,,False,False,3.0,1.0,1.0,67.0,34.0,38.0,1278.0,1794.0,1418.0,True,False,True,True,False,False,1.0,both,0.008829564532509793,0.009275823914459738,0.009543102113884608,0.0002647666694328856,0.0001302696965865508,0.00018088863924141016,-2.0540607149718793,-2.0326475042885055,-2.0203104290746463,-3.5771366876328665,-3.88515659837674,-3.7425887082629083,Y,non-synonymous,-0.8711766510017057,-1.0737622476049924,-0.9739369621417797,0.08146977525487675,-0.0665923491088638,-0.03307763581805934,-0.03307763581805934
182,single,ctaatatcgtcactaagagatcca,2.0,tcg,1.0,,LISSLRDP,,False,False,2.0,1.0,1.0,11.0,17.0,12.0,521.0,635.0,508.0,True,False,True,True,False,False,1.0,both,0.0035995329588713633,0.0032832487099676328,0.003418826427259084,4.346915468301107e-05,6.51348482932754e-05,5.712272818149795e-05,-2.443753845494736,-2.4836962177046034,-2.4661229476377744,-4.361818805175468,-4.186186594040721,-4.243191058832094,S,non-synonymous,-1.0971044373177266,-0.9868075135794552,-1.0049202493289047,-0.1444580110611441,0.020362384916673415,-0.06406092300518429,-0.06406092300518429
183,single,ctaatatggtcactaagagatcca,2.0,tgg,1.0,,LIWSLRDP,,False,False,2.0,1.0,1.0,2231.0,2218.0,1897.0,233.0,276.0,198.0,True,False,True,True,False,False,1.0,both,0.0016097719374607057,0.0014270498329938058,0.0013325347098372018,0.00881633491798161,0.008498181971440285,0.009030151280025133,-2.7932356477682414,-2.845560860931361,-2.8753214696601628,-2.054711920049855,-2.070673973605854,-2.044304973991056,W,non-synonymous,0.42242451417241744,0.44914450807799566,0.46993432540015573,1.375070940429,1.4563144065741243,1.4107936517238762,1.4107936517238762
184,single,ctaatattgtcactaagagatcca,2.0,ttg,1.0,,LILSLRDP,,False,False,1.0,0.0,1.0,59.0,41.0,25.0,1016.0,1312.0,1136.0,True,False,True,True,False,False,1.0,both,0.007019434714420931,0.006783657177129975,0.007645249648358896,0.0002331527387543321,0.00015708992823672304,0.00011900568371145406,-2.15369786084636,-2.1685361079569376,-2.1166083285466937,-3.6323594786915487,-3.8038516586992595,-3.924432296207681,L,synonymous,-0.8457723050732301,-0.947871244957482,-1.0223124824988739,0.10687412118335238,0.059298653538646606,-0.08145315617515347,0.059298653538646606
185,single,ctaatattttcactaagagatcca,2.0,ttt,1.0,,LIFSLRDP,,False,False,2.0,1.0,1.0,96.0,68.0,50.0,1606.0,2073.0,1584.0,True,False,True,True,False,False,1.0,both,0.011095681251338597,0.010718385158681737,0.010660277678697615,0.00037936716814264204,0.0002605393931731016,0.00023801136742290812,-1.9548460278515984,-1.969870640902718,-1.9722314826682192,-3.4209402572941245,-3.5841266027127587,-3.6234023005436997,F,non-synonymous,-0.838583947081251,-0.9356645618066534,-0.9337261636352657,0.11406247917533152,0.07150533668947523,0.007133162688454653,0.07150533668947523
186,single,ctaatgctgtcactaagagatcca,1.0,atg,1.0,,LMLSLRDP,,False,False,1.0,1.0,1.0,83.0,74.0,80.0,2350.0,3075.0,2315.0,True,False,True,True,False,False,1.0,both,0.01623589722331613,0.01589919650889838,0.015579888147844053,0.0003279945307899926,0.0002835281631589635,0.000380818187876653,-1.7895237065225245,-1.7986248228851434,-1.8074356645677219,-3.484133397957619,-3.547403795688019,-3.419282317887775,M,non-synonymous,-0.9692913697273996,-1.0136375828834274,-0.9114886089795061,-0.01664494347081713,-0.006467684387298833,0.02937071734421426,-0.006467684387298833
187,single,ctaattctgtcactaagagatcca,1.0,att,1.0,,LILSLRDP,,False,False,1.0,0.0,1.0,45.0,56.0,63.0,1769.0,2290.0,1809.0,True,False,True,True,False,False,1.0,both,0.012221830718317547,0.01184037723752107,0.01217452166714898,0.00017782836006686347,0.0002145618532013778,0.00029989432295286425,-1.9128637358845375,-1.926634460656691,-1.9145480930618801,-3.749998976558349,-3.6684474884127947,-3.523031755426137,I,synonymous,-1.0508138498247213,-1.0095999407288037,-0.9095868598633631,-0.09816742356813879,-0.002430042232675067,0.03127246646035731,-0.002430042232675067
188,single,ctacagctgtcactaagagatcca,1.0,cag,1.0,,LQLSLRDP,,False,False,3.0,1.0,1.0,5.0,7.0,8.0,245.0,267.0,210.0,True,False,True,True,False,False,1.0,both,0.0016926786466861497,0.0013805155993092252,0.0014132943892212748,1.975870667409594e-05,2.6820231650172224e-05,3.80818187876653e-05,-2.771425484429728,-2.8599586816320035,-2.8497673651877746,-4.704241485997674,-4.571537475404738,-4.419282317887776,Q,non-synonymous,-1.1055418124065328,-0.9920753956994709,-0.8875503125947773,-0.15289538614995035,0.015094502796657694,0.05330901372894303,0.015094502796657694
189,single,ctaccgctgtcactaagagatcca,1.0,ccg,1.0,,LPLSLRDP,,False,False,3.0,1.0,1.0,1.0,1.0,2.0,14.0,17.0,9.0,True,False,True,True,False,False,2.0,both,9.672449409635142e-05,8.78979969597634e-05,6.056975953805463e-05,3.9517413348191884e-06,3.831461664310318e-06,9.520454696916324e-06,-4.0144635331160226,-4.056021021618305,-4.217744150482369,-5.4032114903336925,-5.416635515418995,-5.021342309215737,P,non-synonymous,-0.7943430374918287,-0.7886473980881696,-0.4544294374242367,0.1583033887647538,0.21852250040795895,0.4864298888994837,0.21852250040795895
190,single,ctacctctgtcactaagagatcca,1.0,cct,1.0,,LPLSLRDP,,False,False,3.0,1.0,1.0,27.0,15.0,13.0,388.0,553.0,340.0,True,False,True,True,False,False,1.0,both,0.0026806502649560247,0.0028592701363970093,0.002288190915882064,0.00010669701604011808,5.747192496465477e-05,6.18829555299561e-05,-2.5717598432000535,-2.5437448116918806,-2.640507742879439,-3.9718477261747056,-4.240544256363314,-4.208428952572882,P,non-synonymous,-0.800829305229554,-0.9835089022016548,-0.8866490614781618,0.1518171210270285,0.023660996294473824,0.054210264845558576,0.054210264845558576
191,single,ctacggctgtcactaagagatcca,1.0,cgg,1.0,,LRLSLRDP,,False,False,3.0,1.0,1.0,2751.0,3057.0,2293.0,126.0,186.0,134.0,True,False,True,True,False,False,1.0,both,0.0008705204468671627,0.0009617074961479995,0.0009018164197888135,0.010871240412087587,0.01171277830779664,0.010915201310014565,-3.060221023676698,-3.0169569987786624,-3.0448818615568864,-1.9637208999440092,-1.9313400766929063,-1.96196825014978,R,non-synonymous,0.6271816526312061,0.6292516835770492,0.6123804763147295,1.5798280788877885,1.6364215820731778,1.55323980263845,1.5798280788877885
192,single,ctacgtctgtcactaagagatcca,1.0,cgt,1.0,,LRLSLRDP,,False,False,3.0,1.0,1.0,3.0,6.0,3.0,88.0,135.0,106.0,True,False,True,True,False,False,1.0,both,0.0006079825343199231,0.0006980135052687094,0.0007133771678926434,1.1855224004457564e-05,2.2988769985861906e-05,1.4280682045374487e-05,-3.216108896644092,-3.156136174501573,-3.1466807946569237,-4.926090235614031,-4.638484265035352,-4.845251050160056,R,non-synonymous,-0.9780837219541815,-0.8592073434370452,-0.9605302317397894,-0.025437295697599005,0.1479625550590834,-0.019670905416068973,-0.019670905416068973
193,single,ctactgctgtcactaagagatcca,1.0,ctg,1.0,,LLLSLRDP,,False,False,2.0,1.0,1.0,20.0,16.0,11.0,308.0,389.0,335.0,True,False,True,True,False,False,1.0,both,0.0021279388701197313,0.0020113129892557623,0.0022545410494720338,7.903482669638376e-05,6.130338662896508e-05,5.2362500833039786e-05,-2.6720408522938164,-2.696520341670871,-2.6469418528848485,-4.102181494669711,-4.212515532763071,-4.280979619721494,L,non-synonymous,-0.8180190336203141,-0.8787100743204165,-0.924037536726002,0.13462739263626833,0.1284598241757121,0.016821789597718406,0.1284598241757121
194,single,ctacttctgtcactaagagatcca,1.0,ctt,1.0,,LLLSLRDP,,False,False,2.0,1.0,1.0,7.0,3.0,3.0,71.0,86.0,74.0,True,False,True,True,False,False,1.0,both,0.0004905313629172107,0.00044466045520821486,0.0004980180228684492,2.7662189343734316e-05,1.1494384992930953e-05,1.4280682045374487e-05,-3.3093332200751853,-3.351971491753011,-3.3027549401907175,-4.558113450319436,-4.939514260699332,-4.845251050160056,L,non-synonymous,-0.7142835934314069,-0.9201809033989357,-0.8722713359464218,0.23836283282517556,0.08698899509719293,0.06858799037729857,0.08698899509719293
195,single,ctagagctgtcactaagagatcca,1.0,gag,1.0,,LELSLRDP,,False,False,3.0,1.0,1.0,2.0,6.0,3.0,4.0,2.0,2.0,True,False,True,True,False,False,3.0,both,2.763556974181469e-05,1.0340940818795693e-05,1.345994656401214e-05,7.903482669638377e-06,2.2988769985861906e-05,1.4280682045374487e-05,-4.558531577466298,-4.985439947332598,-4.8709566642577125,-5.102181494669711,-4.638484265035352,-4.845251050160056,E,non-synonymous,-0.3109596124474111,0.20110449899096178,0.014536354552447875,0.6416868138091714,1.2082743974870904,0.9553956808761682,0.9553956808761682
196,single,ctagatctgtcactaagagatcca,1.0,gat,1.0,,LDLSLRDP,,False,False,3.0,1.0,1.0,19.0,11.0,10.0,361.0,459.0,355.0,True,False,True,True,False,False,1.0,both,0.0024941101691987756,0.002373245917913612,0.002389140515112155,7.508308536156458e-05,4.21460783074135e-05,4.760227348458162e-05,-2.6030843668886026,-2.624657257459318,-2.6217583068666,-4.124457889380864,-4.37524283026077,-4.3223723048797185,D,non-synonymous,-0.8702028749963652,-1.0146847350303105,-0.9616859545957464,0.0824435512602173,-0.007514836534181946,-0.02082662827202597,-0.007514836534181946
197,single,ctagggctgtcactaagagatcca,1.0,ggg,1.0,,LGLSLRDP,,False,False,3.0,1.0,1.0,12.0,12.0,15.0,450.0,630.0,513.0,True,False,True,True,False,False,1.0,both,0.0031090015959541525,0.0032573963579206437,0.003452476293669114,4.7420896017830255e-05,4.597753997172381e-05,7.140341022687243e-05,-2.507379055018917,-2.4871293935429972,-2.4618692948098775,-4.324030244286068,-4.337454269371371,-4.146281045824037,G,non-synonymous,-1.0390972791324373,-1.0724962181342315,-0.9525236912073499,-0.08645085287585486,-0.06532631963810287,-0.011664364883629541,-0.06532631963810287
198,single,ctagtgctgtcactaagagatcca,1.0,gtg,1.0,,LVLSLRDP,,False,False,2.0,1.0,1.0,12.0,11.0,10.0,348.0,498.0,404.0,True,False,True,True,False,False,1.0,both,0.002404294567537878,0.0025748942638801277,0.0027189092059304526,4.7420896017830255e-05,4.21460783074135e-05,4.760227348458162e-05,-2.6190123248476795,-2.5892406002368613,-2.565605294811089,-4.324030244286068,-4.37524283026077,-4.3223723048797185,V,non-synonymous,-0.9752447203005359,-1.035213146784509,-0.9934401110740079,-0.022598294043953415,-0.02804324828838034,-0.05258078475028749,-0.02804324828838034
199,single,ctagttctgtcactaagagatcca,1.0,gtt,1.0,,LVLSLRDP,,False,False,2.0,1.0,1.0,17.0,18.0,8.0,298.0,415.0,344.0,True,False,True,True,False,False,1.0,both,0.002058849945765194,0.0021457452199001065,0.002315110809010088,6.71796026919262e-05,6.896630995758572e-05,3.80818187876653e-05,-2.6863753047180055,-2.6684218462844864,-2.6354282173501637,-4.172762568955418,-4.161363010315689,-4.419282317887776,V,non-synonymous,-0.8501912591317354,-0.8653473631778051,-1.008757681366454,0.10245516712484704,0.14182253531832345,-0.06789835504273367,0.10245516712484704
200,single,ctatagctgtcactaagagatcca,1.0,tag,1.0,,L*LSLRDP,,True,False,3.0,1.0,1.0,10.0,5.0,9.0,196.0,213.0,192.0,True,False,True,True,False,False,1.0,both,0.0013541429173489197,0.0011013101972017414,0.0012921548701451656,3.951741334819188e-05,1.9157308321551588e-05,4.284204613612346e-05,-2.8683354974377844,-2.9580903395578413,-2.8886854312181445,-4.4032114903336925,-4.717665511082976,-4.368129795440394,*,stop,-0.8779260858917137,-1.0198953392650818,-0.8366159912482359,0.07472034036486874,-0.012725440768953211,0.10424333507548444,0.07472034036486874
201,single,ctatatctgtcactaagagatcca,1.0,tat,1.0,,LYLSLRDP,,False,False,3.0,1.0,1.0,2762.0,2553.0,2210.0,275.0,431.0,327.0,True,False,True,True,False,False,1.0,both,0.00189994541974976,0.002228472746450472,0.002200701263215985,0.010914709566770597,0.009781721628984242,0.010520102440092539,-2.721258874963998,-2.6519926728358474,-2.6574389072614077,-1.9619878160910804,-2.0095847006147447,-1.977980031194608,Y,non-synonymous,0.4342916769383359,0.3723562979165823,0.38422949511310134,1.3869381031949184,1.3795261964127108,1.3250888214368217,1.3795261964127108
202,single,ctatcgctgtcactaagagatcca,1.0,tcg,1.0,,LSLSLRDP,,False,False,3.0,1.0,1.0,5.0,2.0,3.0,152.0,225.0,155.0,True,False,True,True,False,False,1.0,both,0.0010501516501889583,0.0011633558421145155,0.001043145858710941,1.975870667409594e-05,7.662923328620635e-06,1.4280682045374487e-05,-2.978747980849488,-2.9342874248852167,-2.9816549617514023,-4.704241485997674,-5.115605519755014,-4.845251050160056,S,non-synonymous,-0.986956448740973,-1.264348460022877,-1.0538512474647699,-0.03431002248439052,-0.25717856152674834,-0.1129919211410495,-0.1129919211410495
203,single,ctatctctgtcactaagagatcca,1.0,tct,1.0,,LSLSLRDP,,False,False,3.0,1.0,1.0,7.0,5.0,2.0,138.0,222.0,172.0,True,False,True,True,False,False,1.0,both,0.0009534271560926068,0.0011478444308863221,0.001157555404505044,2.7662189343734316e-05,1.9157308321551588e-05,9.520454696916324e-06,-3.0207124823930243,-2.94011696854594,-2.936458213014145,-4.558113450319436,-4.717665511082976,-5.021342309215737,S,non-synonymous,-0.8793703338021406,-1.030313170581735,-1.1789881505265907,0.07327609245444189,-0.023143272085606403,-0.2381288242028703,-0.023143272085606403
204,single,ctatgtctgtcactaagagatcca,1.0,tgt,1.0,,LCLSLRDP,,False,False,3.0,1.0,1.0,18.0,17.0,28.0,781.0,955.0,764.0,True,False,True,True,False,False,1.0,both,0.005395844992089318,0.004937799240974944,0.005141699587452638,7.113134402674539e-05,6.51348482932754e-05,0.00013328636575682854,-2.2679405349169603,-2.3064665714128325,-2.288893301346004,-4.147938985230387,-4.186186594040721,-3.8752142735374995,C,non-synonymous,-1.0753309639380664,-1.0895344065009458,-0.8970540053295871,-0.12268453768148391,-0.0823645080048172,0.04380532099413326,-0.0823645080048172
205,single,ctattgctgtcactaagagatcca,1.0,ttg,1.0,,LLLSLRDP,,False,False,2.0,1.0,1.0,37.0,35.0,30.0,988.0,1170.0,949.0,True,False,True,True,False,False,1.0,both,0.006825985726228228,0.006049450378995481,0.006386744644623761,0.00014621442938830996,0.00013410115825086111,0.00014280682045374486,-2.1658346242066324,-2.218284081250417,-2.1947204474944013,-3.835009766266698,-3.8725674710687197,-3.8452510501600563,L,non-synonymous,-0.9547431883221326,-0.9588654957190194,-0.9333641261735448,-0.002096762065550095,0.048304402777109234,0.007495200150175574,0.007495200150175574
206,single,ctatttctgtcactaagagatcca,1.0,ttt,1.0,,LFLSLRDP,,False,False,2.0,1.0,1.0,49.0,39.0,25.0,946.0,1247.0,1000.0,True,False,True,True,False,False,1.0,both,0.006535812243939174,0.006447576600519115,0.006729973282006071,0.0001936353254061402,0.0001494270049081024,0.00011900568371145406,-2.184700432392468,-2.190603489518036,-2.1719866599216937,-3.713015410305179,-3.825570908392496,-3.924432296207681,F,non-synonymous,-0.8741732835608835,-0.9476694587108764,-0.99099640281559,0.07847314269569894,0.05950043978525221,-0.0501370764918696,0.05950043978525221
207,single,ctgatactgtcactaagagatcca,0.0,ctg,1.0,,LILSLRDP,,False,False,1.0,0.0,1.0,38.0,48.0,44.0,1387.0,1976.0,1435.0,True,False,True,True,False,False,1.0,both,0.009582633807974243,0.010216849528970146,0.009657511659678712,0.00015016617072312915,0.00018391015988689525,0.00020945000333215914,-2.0185151077209755,-1.9906830027449696,-2.0151347588516826,-3.8234278937168824,-3.7353942780434077,-3.6789196283935315,L,synonymous,-1.032383088223048,-1.0112798400637673,-0.9408593263237204,-0.07973666196646556,-0.004109941567638664,0.0,-0.004109941567638664
208,single,cttatactgtcactaagagatcca,0.0,ctt,1.0,,LILSLRDP,,False,False,1.0,0.0,1.0,61.0,35.0,37.0,1227.0,1621.0,1324.0,True,False,True,True,False,False,1.0,both,0.008477211018301655,0.00838133253363391,0.008910484625376037,0.00024105622142397049,0.00013410115825086111,0.00017612841189295202,-2.0717470060672563,-2.0766869281480638,-2.050098674818013,-3.617881655322926,-3.8725674710687197,-3.7541705808127235,L,synonymous,-0.8843658687510937,-1.0409388727700954,-0.9636413786614466,0.06828055750548878,-0.033768974273966856,-0.022782052337726233,-0.022782052337726233
209,single,gagatactgtcactaagagatcca,0.0,gag,1.0,,EILSLRDP,,False,False,3.0,1.0,1.0,57.0,37.0,53.0,924.0,1173.0,940.0,True,False,True,True,False,False,1.0,both,0.006383816610359193,0.0060649617902236745,0.0063261748850857065,0.00022524925608469372,0.00014176408157948176,0.0002522920494682826,-2.194919597574154,-2.2171719308810496,-2.1988588063219954,-3.6473366346612015,-3.848433791352,-3.5980964352789298,E,non-synonymous,-0.8307607978456061,-0.945521621092869,-0.7912596135759655,0.12188562841097639,0.06164827740325962,0.14959971274775485,0.12188562841097639
210,single,gatatactgtcactaagagatcca,0.0,gat,1.0,,DILSLRDP,,False,False,3.0,1.0,1.0,42.0,43.0,34.0,631.0,861.0,686.0,True,False,True,True,False,False,1.0,both,0.004359511126771267,0.004451775022491547,0.004616761671456165,0.0001659731360624059,0.00016475285156534366,0.0001618477298475775,-2.3605622095501264,-2.351466791542924,-2.335662544214942,-3.779962199935792,-3.7831670598394087,-3.7908933878374635,D,non-synonymous,-0.8118755415041099,-0.829850553980321,-0.8229234056883858,0.14077088475247257,0.17731934451580755,0.11793592063533453,0.14077088475247257
211,single,gcgatactgtcactaagagatcca,0.0,gcg,1.0,,AILSLRDP,,False,False,3.0,1.0,1.0,60.0,45.0,37.0,243.0,350.0,259.0,True,False,True,True,False,False,1.0,both,0.0016788608618152423,0.0018096646432892464,0.0017430630800395722,0.0002371044800891513,0.0001724157748939643,0.00017612841189295202,-2.7749852951959486,-2.7424018986463032,-2.7586868958404422,-3.625060239950049,-3.7634230016436514,-3.7541705808127235,A,non-synonymous,-0.4862301400352901,-0.5918102739172535,-0.5629394318672866,0.4664162862212924,0.4153596245788751,0.3779198944564338,0.4153596245788751
212,single,gctatactgtcactaagagatcca,0.0,gct,1.0,,AILSLRDP,,False,False,3.0,1.0,1.0,310.0,253.0,207.0,1128.0,1481.0,1190.0,True,False,True,True,False,False,1.0,both,0.007793230667191743,0.007657466676318211,0.008008668205587224,0.0012250398137939483,0.0009693598010705104,0.0009853670611308396,-2.1082824691469373,-2.1159148844753704,-2.096439698529163,-2.9118497964994203,-3.0135149942431774,-3.006401959422801,A,non-synonymous,-0.4596284792506194,-0.5202722698584832,-0.5145776328643692,0.4930179470059631,0.4868976286376454,0.4262816934593512,0.4868976286376454
213,single,gggatactgtcactaagagatcca,0.0,ggg,1.0,,GILSLRDP,,False,False,3.0,1.0,1.0,986.0,838.0,640.0,1953.0,2565.0,1992.0,True,False,True,True,False,False,1.0,both,0.013493066926441023,0.013262256600105478,0.013406106777756093,0.0038964169561317196,0.0032107648746920463,0.003046545503013224,-1.8698893255064062,-1.877382573548744,-1.872697325834014,-2.4093345753924815,-2.4933914967887185,-2.5161923308958314,G,non-synonymous,-0.30855460569932674,-0.3570547254389792,-0.36389216420862064,0.6440918205572557,0.6501151730571494,0.5769671621150998,0.6440918205572557
214,single,ggtatactgtcactaagagatcca,0.0,ggt,1.0,,GILSLRDP,,False,False,3.0,1.0,1.0,530.0,423.0,403.0,1198.0,1645.0,1216.0,True,False,True,True,False,False,1.0,both,0.0082768531376735,0.008505423823459458,0.008183647510919382,0.00209442290745417,0.0016207082840032645,0.0019183716214286393,-2.082134750740968,-2.0703040407105857,-2.0870530849849778,-2.678935620732904,-2.7902951480439526,-2.7170672587386093,G,non-synonymous,-0.34136116160123076,-0.41732549229205623,-0.3562688433724381,0.6112852646553517,0.5898444062040724,0.5845904829512822,0.5898444062040724
215,single,gtgatactgtcactaagagatcca,0.0,gtg,1.0,,VILSLRDP,,False,False,2.0,1.0,1.0,45.0,48.0,59.0,1637.0,2066.0,1546.0,True,False,True,True,False,False,1.0,both,0.011309856916837661,0.010682191865815953,0.010404538693981384,0.00017782836006686347,0.00018391015988689525,0.0002808534135590316,-1.9465428893823191,-1.9713396258129772,-1.9827771703393877,-3.749998976558349,-3.7353942780434077,-3.5515202932375747,V,non-synonymous,-1.0315498783095587,-1.022491762292408,-0.8871138479528244,-0.07890345205297622,-0.015321863796279311,0.05374547837089594,-0.015321863796279311
216,single,tagatactgtcactaagagatcca,0.0,tag,1.0,,*ILSLRDP,,True,False,3.0,1.0,1.0,17.0,21.0,10.0,615.0,833.0,644.0,True,False,True,True,False,False,1.0,both,0.004248968847804009,0.004307001851028406,0.004334102793611909,6.71796026919262e-05,8.046069495051667e-05,4.760227348458162e-05,-2.371716453018844,-2.3658249415897914,-2.3631007925618817,-4.172762568955418,-4.094416220685076,-4.3223723048797185,*,stop,-1.030171410845634,-1.0019362727853558,-1.1079550661331763,-0.07752498458905144,0.0052336257107727935,-0.1670957398094559,-0.07752498458905144
217,single,tatatactgtcactaagagatcca,0.0,tat,1.0,,YILSLRDP,,False,False,3.0,1.0,1.0,355.0,362.0,263.0,291.0,355.0,281.0,True,False,True,True,False,False,1.0,both,0.0020104876987170187,0.0018355169953362357,0.0018911224922437057,0.0014028681738608119,0.001386989122480335,0.0012519397926444968,-2.6966985798083534,-2.7362415899414847,-2.723280340016614,-2.8529831372785988,-2.8579269448858295,-2.902416556389961,Y,non-synonymous,-0.08939242678901951,-0.07053198315874358,-0.10130034413861341,0.863253999467563,0.936637915337385,0.8395589821851069,0.863253999467563
218,single,tctatactgtcactaagagatcca,0.0,tct,1.0,,SILSLRDP,,False,False,3.0,1.0,1.0,7.0,5.0,3.0,162.0,248.0,203.0,True,False,True,True,False,False,1.0,both,0.0011192405745434949,0.0012822766615306661,0.0013661845762472323,2.7662189343734316e-05,1.9157308321551588e-05,1.4280682045374487e-05,-2.9510765542516295,-2.8920182621703625,-2.864490622008481,-4.558113450319436,-4.717665511082976,-4.845251050160056,S,non-synonymous,-0.9192010420245456,-1.0581924264674678,-1.1201069057398954,0.03344538423203691,-0.051022527971339215,-0.17924757941617497,-0.051022527971339215
219,single,tggatactgtcactaagagatcca,0.0,tgg,1.0,,WILSLRDP,,False,False,3.0,1.0,1.0,29.0,25.0,14.0,641.0,764.0,654.0,True,False,True,True,False,False,1.0,both,0.004428600051125804,0.003950239392779955,0.00440140252643197,0.00011460049870975645,9.578654160775794e-05,6.664318287841427e-05,-2.353733539275443,-2.403376584420889,-2.3564089115974265,-3.940813492434737,-4.018695506746957,-4.17624426920148,W,non-synonymous,-0.9077859695006878,-0.9362806812505189,-1.029104843973562,0.04486045675589467,0.0708892172456097,-0.08824551764984156,0.04486045675589467
220,single,tgtatactgtcactaagagatcca,0.0,tgt,1.0,,CILSLRDP,,False,False,3.0,1.0,1.0,1.0,1.0,1.0,5.0,4.0,3.0,True,False,True,True,False,False,2.0,both,3.454446217726836e-05,2.0681881637591387e-05,2.0189919846018212e-05,3.9517413348191884e-06,3.831461664310318e-06,4.760227348458162e-06,-4.461621564458242,-4.684409951668616,-4.694865405202031,-5.4032114903336925,-5.416635515418995,-5.3223723048797185,C,non-synonymous,-0.5385753389622303,-0.42441690008189026,-0.3548509964853874,0.41407108729435216,0.5827529984142383,0.586008329838333,0.5827529984142383
221,ortho,ttgactagagcttttagagattct,0.0,ttg,1.0,,LTRAFRDS,,False,False,13.0,5.0,6.0,7195.0,7021.0,5590.0,512.0,842.0,614.0,True,False,True,True,False,False,1.0,both,0.0035373529269522802,0.004353536084712987,0.0041322035951517275,0.02843277890402406,0.02690069234512274,0.026609670877881127,-2.45132160781843,-2.3611578514969294,-2.3838182887805264,-1.5461806920610688,-1.57023654238432,-1.5749604969932953,L,synonymous,0.5177270509339398,0.4584384742086391,0.45740372508747856,1.4703734771905221,1.4656083727047677,1.3982630514111989,1.4656083727047677
222,ortho,ttgactagagcttttagagattct,1.0,act,2.0,,LTRAFRDS,,False,False,13.0,5.0,6.0,7195.0,7021.0,5590.0,512.0,842.0,614.0,True,False,True,True,False,False,1.0,both,0.0035373529269522802,0.004353536084712987,0.0041322035951517275,0.02843277890402406,0.02690069234512274,0.026609670877881127,-2.45132160781843,-2.3611578514969294,-2.3838182887805264,-1.5461806920610688,-1.57023654238432,-1.5749604969932953,T,non-synonymous,0.5177270509339398,0.4584384742086391,0.45740372508747856,1.4703734771905221,1.4656083727047677,1.3982630514111989,1.4656083727047677
223,ortho,ttgactagagcttttagagattct,2.0,aga,3.0,,LTRAFRDS,,False,False,13.0,5.0,6.0,7195.0,7021.0,5590.0,512.0,842.0,614.0,True,False,True,True,False,False,1.0,both,0.0035373529269522802,0.004353536084712987,0.0041322035951517275,0.02843277890402406,0.02690069234512274,0.026609670877881127,-2.45132160781843,-2.3611578514969294,-2.3838182887805264,-1.5461806920610688,-1.57023654238432,-1.5749604969932953,R,non-synonymous,0.5177270509339398,0.4584384742086391,0.45740372508747856,1.4703734771905221,1.4656083727047677,1.3982630514111989,1.4656083727047677
224,ortho,ttgactagagcttttagagattct,3.0,gct,4.0,,LTRAFRDS,,False,False,13.0,5.0,6.0,7195.0,7021.0,5590.0,512.0,842.0,614.0,True,False,True,True,False,False,1.0,both,0.0035373529269522802,0.004353536084712987,0.0041322035951517275,0.02843277890402406,0.02690069234512274,0.026609670877881127,-2.45132160781843,-2.3611578514969294,-2.3838182887805264,-1.5461806920610688,-1.57023654238432,-1.5749604969932953,A,non-synonymous,0.5177270509339398,0.4584384742086391,0.45740372508747856,1.4703734771905221,1.4656083727047677,1.3982630514111989,1.4656083727047677
225,ortho,ttgactagagcttttagagattct,4.0,ttt,5.0,,LTRAFRDS,,False,False,13.0,5.0,6.0,7195.0,7021.0,5590.0,512.0,842.0,614.0,True,False,True,True,False,False,1.0,both,0.0035373529269522802,0.004353536084712987,0.0041322035951517275,0.02843277890402406,0.02690069234512274,0.026609670877881127,-2.45132160781843,-2.3611578514969294,-2.3838182887805264,-1.5461806920610688,-1.57023654238432,-1.5749604969932953,F,non-synonymous,0.5177270509339398,0.4584384742086391,0.45740372508747856,1.4703734771905221,1.4656083727047677,1.3982630514111989,1.4656083727047677
226,ortho,ttgactagagcttttagagattct,7.0,tct,6.0,,LTRAFRDS,,False,False,13.0,5.0,6.0,7195.0,7021.0,5590.0,512.0,842.0,614.0,True,False,True,True,False,False,1.0,both,0.0035373529269522802,0.004353536084712987,0.0041322035951517275,0.02843277890402406,0.02690069234512274,0.026609670877881127,-2.45132160781843,-2.3611578514969294,-2.3838182887805264,-1.5461806920610688,-1.57023654238432,-1.5749604969932953,S,non-synonymous,0.5177270509339398,0.4584384742086391,0.45740372508747856,1.4703734771905221,1.4656083727047677,1.3982630514111989,1.4656083727047677
227,ortho,ttgactgcttctttgagaagatct,0.0,ttg,1.0,,LTASLRRS,,False,False,15.0,4.0,7.0,640.0,655.0,459.0,32.0,79.0,38.0,True,False,True,True,False,False,1.0,both,0.00022108455793451752,0.0004084671623424299,0.0002557389847162307,0.00252911445428428,0.002509607390123258,0.0021849443529422963,-3.6554415904743545,-3.3888428517061375,-3.5922030633048836,-2.597031516349806,-2.600394215427212,-2.6605596193424574,L,synonymous,0.605394714586262,0.4570052489964331,0.5268381983193361,1.5580411408428445,1.4641751474925617,1.4676975246430564,1.4676975246430564
228,ortho,ttgactgcttctttgagaagatct,1.0,act,2.0,,LTASLRRS,,False,False,15.0,4.0,7.0,640.0,655.0,459.0,32.0,79.0,38.0,True,False,True,True,False,False,1.0,both,0.00022108455793451752,0.0004084671623424299,0.0002557389847162307,0.00252911445428428,0.002509607390123258,0.0021849443529422963,-3.6554415904743545,-3.3888428517061375,-3.5922030633048836,-2.597031516349806,-2.600394215427212,-2.6605596193424574,T,non-synonymous,0.605394714586262,0.4570052489964331,0.5268381983193361,1.5580411408428445,1.4641751474925617,1.4676975246430564,1.4676975246430564
229,ortho,ttgactgcttctttgagaagatct,2.0,gct,3.0,,LTASLRRS,,False,False,15.0,4.0,7.0,640.0,655.0,459.0,32.0,79.0,38.0,True,False,True,True,False,False,1.0,both,0.00022108455793451752,0.0004084671623424299,0.0002557389847162307,0.00252911445428428,0.002509607390123258,0.0021849443529422963,-3.6554415904743545,-3.3888428517061375,-3.5922030633048836,-2.597031516349806,-2.600394215427212,-2.6605596193424574,A,non-synonymous,0.605394714586262,0.4570052489964331,0.5268381983193361,1.5580411408428445,1.4641751474925617,1.4676975246430564,1.4676975246430564
230,ortho,ttgactgcttctttgagaagatct,3.0,tct,4.0,,LTASLRRS,,False,False,15.0,4.0,7.0,640.0,655.0,459.0,32.0,79.0,38.0,True,False,True,True,False,False,1.0,both,0.00022108455793451752,0.0004084671623424299,0.0002557389847162307,0.00252911445428428,0.002509607390123258,0.0021849443529422963,-3.6554415904743545,-3.3888428517061375,-3.5922030633048836,-2.597031516349806,-2.600394215427212,-2.6605596193424574,S,synonymous,0.605394714586262,0.4570052489964331,0.5268381983193361,1.5580411408428445,1.4641751474925617,1.4676975246430564,1.4676975246430564
231,ortho,ttgactgcttctttgagaagatct,4.0,ttg,5.0,,LTASLRRS,,False,False,15.0,4.0,7.0,640.0,655.0,459.0,32.0,79.0,38.0,True,False,True,True,False,False,1.0,both,0.00022108455793451752,0.0004084671623424299,0.0002557389847162307,0.00252911445428428,0.002509607390123258,0.0021849443529422963,-3.6554415904743545,-3.3888428517061375,-3.5922030633048836,-2.597031516349806,-2.600394215427212,-2.6605596193424574,L,synonymous,0.605394714586262,0.4570052489964331,0.5268381983193361,1.5580411408428445,1.4641751474925617,1.4676975246430564,1.4676975246430564
232,ortho,ttgactgcttctttgagaagatct,6.0,aga,6.0,,LTASLRRS,,False,False,15.0,4.0,7.0,640.0,655.0,459.0,32.0,79.0,38.0,True,False,True,True,False,False,1.0,both,0.00022108455793451752,0.0004084671623424299,0.0002557389847162307,0.00252911445428428,0.002509607390123258,0.0021849443529422963,-3.6554415904743545,-3.3888428517061375,-3.5922030633048836,-2.597031516349806,-2.600394215427212,-2.6605596193424574,R,non-synonymous,0.605394714586262,0.4570052489964331,0.5268381983193361,1.5580411408428445,1.4641751474925617,1.4676975246430564,1.4676975246430564
233,ortho,ttgactgcttctttgagaagatct,7.0,tct,7.0,,LTASLRRS,,False,False,15.0,4.0,7.0,640.0,655.0,459.0,32.0,79.0,38.0,True,False,True,True,False,False,1.0,both,0.00022108455793451752,0.0004084671623424299,0.0002557389847162307,0.00252911445428428,0.002509607390123258,0.0021849443529422963,-3.6554415904743545,-3.3888428517061375,-3.5922030633048836,-2.597031516349806,-2.600394215427212,-2.6605596193424574,S,non-synonymous,0.605394714586262,0.4570052489964331,0.5268381983193361,1.5580411408428445,1.4641751474925617,1.4676975246430564,1.4676975246430564
234,ortho,ttgacttcttctttttcttctcca,0.0,ttg,1.0,,LTSSFSSP,,False,False,15.0,5.0,7.0,3886.0,3810.0,2836.0,490.0,835.0,565.0,True,False,True,True,False,False,1.0,both,0.0033853572933722994,0.0043173427918472024,0.0038024349043334297,0.015356466827107364,0.01459786894102231,0.01350000476022735,-2.470395488765747,-2.364783467512977,-2.4199382121022555,-1.8137086940699292,-1.8357105397433757,-1.8696660783686898,L,synonymous,0.37561501384638124,0.30666437097759386,0.31117524778419464,1.3282614401029638,1.3138342694737224,1.252034574107915,1.3138342694737224
235,ortho,ttgacttcttctttttcttctcca,1.0,act,2.0,,LTSSFSSP,,False,False,15.0,5.0,7.0,3886.0,3810.0,2836.0,490.0,835.0,565.0,True,False,True,True,False,False,1.0,both,0.0033853572933722994,0.0043173427918472024,0.0038024349043334297,0.015356466827107364,0.01459786894102231,0.01350000476022735,-2.470395488765747,-2.364783467512977,-2.4199382121022555,-1.8137086940699292,-1.8357105397433757,-1.8696660783686898,T,non-synonymous,0.37561501384638124,0.30666437097759386,0.31117524778419464,1.3282614401029638,1.3138342694737224,1.252034574107915,1.3138342694737224
236,ortho,ttgacttcttctttttcttctcca,2.0,tct,3.0,,LTSSFSSP,,False,False,15.0,5.0,7.0,3886.0,3810.0,2836.0,490.0,835.0,565.0,True,False,True,True,False,False,1.0,both,0.0033853572933722994,0.0043173427918472024,0.0038024349043334297,0.015356466827107364,0.01459786894102231,0.01350000476022735,-2.470395488765747,-2.364783467512977,-2.4199382121022555,-1.8137086940699292,-1.8357105397433757,-1.8696660783686898,S,non-synonymous,0.37561501384638124,0.30666437097759386,0.31117524778419464,1.3282614401029638,1.3138342694737224,1.252034574107915,1.3138342694737224
237,ortho,ttgacttcttctttttcttctcca,3.0,tct,4.0,,LTSSFSSP,,False,False,15.0,5.0,7.0,3886.0,3810.0,2836.0,490.0,835.0,565.0,True,False,True,True,False,False,1.0,both,0.0033853572933722994,0.0043173427918472024,0.0038024349043334297,0.015356466827107364,0.01459786894102231,0.01350000476022735,-2.470395488765747,-2.364783467512977,-2.4199382121022555,-1.8137086940699292,-1.8357105397433757,-1.8696660783686898,S,synonymous,0.37561501384638124,0.30666437097759386,0.31117524778419464,1.3282614401029638,1.3138342694737224,1.252034574107915,1.3138342694737224
238,ortho,ttgacttcttctttttcttctcca,4.0,ttt,5.0,,LTSSFSSP,,False,False,15.0,5.0,7.0,3886.0,3810.0,2836.0,490.0,835.0,565.0,True,False,True,True,False,False,1.0,both,0.0033853572933722994,0.0043173427918472024,0.0038024349043334297,0.015356466827107364,0.01459786894102231,0.01350000476022735,-2.470395488765747,-2.364783467512977,-2.4199382121022555,-1.8137086940699292,-1.8357105397433757,-1.8696660783686898,F,non-synonymous,0.37561501384638124,0.30666437097759386,0.31117524778419464,1.3282614401029638,1.3138342694737224,1.252034574107915,1.3138342694737224
239,ortho,ttgacttcttctttttcttctcca,5.0,tct,6.0,,LTSSFSSP,,False,False,15.0,5.0,7.0,3886.0,3810.0,2836.0,490.0,835.0,565.0,True,False,True,True,False,False,1.0,both,0.0033853572933722994,0.0043173427918472024,0.0038024349043334297,0.015356466827107364,0.01459786894102231,0.01350000476022735,-2.470395488765747,-2.364783467512977,-2.4199382121022555,-1.8137086940699292,-1.8357105397433757,-1.8696660783686898,S,non-synonymous,0.37561501384638124,0.30666437097759386,0.31117524778419464,1.3282614401029638,1.3138342694737224,1.252034574107915,1.3138342694737224
240,ortho,ttgacttcttctttttcttctcca,6.0,tct,7.0,,LTSSFSSP,,False,False,15.0,5.0,7.0,3886.0,3810.0,2836.0,490.0,835.0,565.0,True,False,True,True,False,False,1.0,both,0.0033853572933722994,0.0043173427918472024,0.0038024349043334297,0.015356466827107364,0.01459786894102231,0.01350000476022735,-2.470395488765747,-2.364783467512977,-2.4199382121022555,-1.8137086940699292,-1.8357105397433757,-1.8696660783686898,S,non-synonymous,0.37561501384638124,0.30666437097759386,0.31117524778419464,1.3282614401029638,1.3138342694737224,1.252034574107915,1.3138342694737224
241,ortho,ttgactttgaatttggctgattct,0.0,ttg,1.0,,LTLNLADS,,False,False,15.0,4.0,7.0,2790.0,2638.0,2076.0,347.0,535.0,388.0,True,False,True,True,False,False,1.0,both,0.002397385675102424,0.002766201669027848,0.002611229633418355,0.011025358324145534,0.010107395870450618,0.009882231975399145,-2.6202620940033867,-2.5581161609753504,-2.583154934327487,-1.9576072870600953,-1.9953607242086486,-2.0051449557032983,L,synonymous,0.37902862749154154,0.3261876255090395,0.32686081539285394,1.331675053748124,1.333357524005168,1.2677201417165742,1.331675053748124
242,ortho,ttgactttgaatttggctgattct,1.0,act,2.0,,LTLNLADS,,False,False,15.0,4.0,7.0,2790.0,2638.0,2076.0,347.0,535.0,388.0,True,False,True,True,False,False,1.0,both,0.002397385675102424,0.002766201669027848,0.002611229633418355,0.011025358324145534,0.010107395870450618,0.009882231975399145,-2.6202620940033867,-2.5581161609753504,-2.583154934327487,-1.9576072870600953,-1.9953607242086486,-2.0051449557032983,T,non-synonymous,0.37902862749154154,0.3261876255090395,0.32686081539285394,1.331675053748124,1.333357524005168,1.2677201417165742,1.331675053748124
243,ortho,ttgactttgaatttggctgattct,2.0,ttg,3.0,,LTLNLADS,,False,False,15.0,4.0,7.0,2790.0,2638.0,2076.0,347.0,535.0,388.0,True,False,True,True,False,False,1.0,both,0.002397385675102424,0.002766201669027848,0.002611229633418355,0.011025358324145534,0.010107395870450618,0.009882231975399145,-2.6202620940033867,-2.5581161609753504,-2.583154934327487,-1.9576072870600953,-1.9953607242086486,-2.0051449557032983,L,synonymous,0.37902862749154154,0.3261876255090395,0.32686081539285394,1.331675053748124,1.333357524005168,1.2677201417165742,1.331675053748124
244,ortho,ttgactttgaatttggctgattct,3.0,aat,4.0,,LTLNLADS,,False,False,15.0,4.0,7.0,2790.0,2638.0,2076.0,347.0,535.0,388.0,True,False,True,True,False,False,1.0,both,0.002397385675102424,0.002766201669027848,0.002611229633418355,0.011025358324145534,0.010107395870450618,0.009882231975399145,-2.6202620940033867,-2.5581161609753504,-2.583154934327487,-1.9576072870600953,-1.9953607242086486,-2.0051449557032983,N,non-synonymous,0.37902862749154154,0.3261876255090395,0.32686081539285394,1.331675053748124,1.333357524005168,1.2677201417165742,1.331675053748124
245,ortho,ttgactttgaatttggctgattct,4.0,ttg,5.0,,LTLNLADS,,False,False,15.0,4.0,7.0,2790.0,2638.0,2076.0,347.0,535.0,388.0,True,False,True,True,False,False,1.0,both,0.002397385675102424,0.002766201669027848,0.002611229633418355,0.011025358324145534,0.010107395870450618,0.009882231975399145,-2.6202620940033867,-2.5581161609753504,-2.583154934327487,-1.9576072870600953,-1.9953607242086486,-2.0051449557032983,L,synonymous,0.37902862749154154,0.3261876255090395,0.32686081539285394,1.331675053748124,1.333357524005168,1.2677201417165742,1.331675053748124
246,ortho,ttgactttgaatttggctgattct,5.0,gct,6.0,,LTLNLADS,,False,False,15.0,4.0,7.0,2790.0,2638.0,2076.0,347.0,535.0,388.0,True,False,True,True,False,False,1.0,both,0.002397385675102424,0.002766201669027848,0.002611229633418355,0.011025358324145534,0.010107395870450618,0.009882231975399145,-2.6202620940033867,-2.5581161609753504,-2.583154934327487,-1.9576072870600953,-1.9953607242086486,-2.0051449557032983,A,non-synonymous,0.37902862749154154,0.3261876255090395,0.32686081539285394,1.331675053748124,1.333357524005168,1.2677201417165742,1.331675053748124
247,ortho,ttgactttgaatttggctgattct,7.0,tct,7.0,,LTLNLADS,,False,False,15.0,4.0,7.0,2790.0,2638.0,2076.0,347.0,535.0,388.0,True,False,True,True,False,False,1.0,both,0.002397385675102424,0.002766201669027848,0.002611229633418355,0.011025358324145534,0.010107395870450618,0.009882231975399145,-2.6202620940033867,-2.5581161609753504,-2.583154934327487,-1.9576072870600953,-1.9953607242086486,-2.0051449557032983,S,non-synonymous,0.37902862749154154,0.3261876255090395,0.32686081539285394,1.331675053748124,1.333357524005168,1.2677201417165742,1.331675053748124
248,ortho,ttgactttgaatttgtctgattct,0.0,ttg,1.0,,LTLNLSDS,,False,False,15.0,4.0,7.0,2469.0,2314.0,1825.0,298.0,511.0,352.0,True,False,True,True,False,False,1.0,both,0.002058849945765194,0.0026421103792023,0.0023689505952661366,0.009756849355668576,0.008866002291214075,0.008687414910936147,-2.6863753047180055,-2.578049042861866,-2.625443996443563,-2.0106904004017605,-2.0522721608032644,-2.061109436087225,L,synonymous,0.3864816480862812,0.3047538975218113,0.31912745691951483,1.3391280743428637,1.31192379601794,1.2599867832432352,1.31192379601794
249,ortho,ttgactttgaatttgtctgattct,1.0,act,2.0,,LTLNLSDS,,False,False,15.0,4.0,7.0,2469.0,2314.0,1825.0,298.0,511.0,352.0,True,False,True,True,False,False,1.0,both,0.002058849945765194,0.0026421103792023,0.0023689505952661366,0.009756849355668576,0.008866002291214075,0.008687414910936147,-2.6863753047180055,-2.578049042861866,-2.625443996443563,-2.0106904004017605,-2.0522721608032644,-2.061109436087225,T,non-synonymous,0.3864816480862812,0.3047538975218113,0.31912745691951483,1.3391280743428637,1.31192379601794,1.2599867832432352,1.31192379601794
250,ortho,ttgactttgaatttgtctgattct,2.0,ttg,3.0,,LTLNLSDS,,False,False,15.0,4.0,7.0,2469.0,2314.0,1825.0,298.0,511.0,352.0,True,False,True,True,False,False,1.0,both,0.002058849945765194,0.0026421103792023,0.0023689505952661366,0.009756849355668576,0.008866002291214075,0.008687414910936147,-2.6863753047180055,-2.578049042861866,-2.625443996443563,-2.0106904004017605,-2.0522721608032644,-2.061109436087225,L,synonymous,0.3864816480862812,0.3047538975218113,0.31912745691951483,1.3391280743428637,1.31192379601794,1.2599867832432352,1.31192379601794
251,ortho,ttgactttgaatttgtctgattct,3.0,aat,4.0,,LTLNLSDS,,False,False,15.0,4.0,7.0,2469.0,2314.0,1825.0,298.0,511.0,352.0,True,False,True,True,False,False,1.0,both,0.002058849945765194,0.0026421103792023,0.0023689505952661366,0.009756849355668576,0.008866002291214075,0.008687414910936147,-2.6863753047180055,-2.578049042861866,-2.625443996443563,-2.0106904004017605,-2.0522721608032644,-2.061109436087225,N,non-synonymous,0.3864816480862812,0.3047538975218113,0.31912745691951483,1.3391280743428637,1.31192379601794,1.2599867832432352,1.31192379601794
252,ortho,ttgactttgaatttgtctgattct,4.0,ttg,5.0,,LTLNLSDS,,False,False,15.0,4.0,7.0,2469.0,2314.0,1825.0,298.0,511.0,352.0,True,False,True,True,False,False,1.0,both,0.002058849945765194,0.0026421103792023,0.0023689505952661366,0.009756849355668576,0.008866002291214075,0.008687414910936147,-2.6863753047180055,-2.578049042861866,-2.625443996443563,-2.0106904004017605,-2.0522721608032644,-2.061109436087225,L,synonymous,0.3864816480862812,0.3047538975218113,0.31912745691951483,1.3391280743428637,1.31192379601794,1.2599867832432352,1.31192379601794
253,ortho,ttgactttgaatttgtctgattct,5.0,tct,6.0,,LTLNLSDS,,False,False,15.0,4.0,7.0,2469.0,2314.0,1825.0,298.0,511.0,352.0,True,False,True,True,False,False,1.0,both,0.002058849945765194,0.0026421103792023,0.0023689505952661366,0.009756849355668576,0.008866002291214075,0.008687414910936147,-2.6863753047180055,-2.578049042861866,-2.625443996443563,-2.0106904004017605,-2.0522721608032644,-2.061109436087225,S,non-synonymous,0.3864816480862812,0.3047538975218113,0.31912745691951483,1.3391280743428637,1.31192379601794,1.2599867832432352,1.31192379601794
254,ortho,ttgactttgaatttgtctgattct,7.0,tct,7.0,,LTLNLSDS,,False,False,15.0,4.0,7.0,2469.0,2314.0,1825.0,298.0,511.0,352.0,True,False,True,True,False,False,1.0,both,0.002058849945765194,0.0026421103792023,0.0023689505952661366,0.009756849355668576,0.008866002291214075,0.008687414910936147,-2.6863753047180055,-2.578049042861866,-2.625443996443563,-2.0106904004017605,-2.0522721608032644,-2.061109436087225,S,non-synonymous,0.3864816480862812,0.3047538975218113,0.31912745691951483,1.3391280743428637,1.31192379601794,1.2599867832432352,1.31192379601794
255,ortho,ttgactttgtctattaaagatcca,0.0,ttg,1.0,,LTLSIKDP,,False,False,9.0,3.0,6.0,17.0,26.0,29.0,535.0,795.0,580.0,True,False,True,True,False,False,1.0,both,0.0036962574529677147,0.004110523975471288,0.003903384503563521,6.71796026919262e-05,9.961800327206827e-05,0.0001380465931052867,-2.4322377867730323,-2.386102814340109,-2.4085586663587564,-4.172762568955418,-4.001662167448177,-3.859974306980763,L,synonymous,-0.9955541141378315,-0.9364200411584932,-0.8207659336554533,-0.04290768788124899,0.07074985733763539,0.12009339266826713,0.07074985733763539
256,ortho,ttgactttgtctattaaagatcca,1.0,act,2.0,,LTLSIKDP,,False,False,9.0,3.0,6.0,17.0,26.0,29.0,535.0,795.0,580.0,True,False,True,True,False,False,1.0,both,0.0036962574529677147,0.004110523975471288,0.003903384503563521,6.71796026919262e-05,9.961800327206827e-05,0.0001380465931052867,-2.4322377867730323,-2.386102814340109,-2.4085586663587564,-4.172762568955418,-4.001662167448177,-3.859974306980763,T,non-synonymous,-0.9955541141378315,-0.9364200411584932,-0.8207659336554533,-0.04290768788124899,0.07074985733763539,0.12009339266826713,0.07074985733763539
257,ortho,ttgactttgtctattaaagatcca,2.0,ttg,3.0,,LTLSIKDP,,False,False,9.0,3.0,6.0,17.0,26.0,29.0,535.0,795.0,580.0,True,False,True,True,False,False,1.0,both,0.0036962574529677147,0.004110523975471288,0.003903384503563521,6.71796026919262e-05,9.961800327206827e-05,0.0001380465931052867,-2.4322377867730323,-2.386102814340109,-2.4085586663587564,-4.172762568955418,-4.001662167448177,-3.859974306980763,L,synonymous,-0.9955541141378315,-0.9364200411584932,-0.8207659336554533,-0.04290768788124899,0.07074985733763539,0.12009339266826713,0.07074985733763539
258,ortho,ttgactttgtctattaaagatcca,3.0,tct,4.0,,LTLSIKDP,,False,False,9.0,3.0,6.0,17.0,26.0,29.0,535.0,795.0,580.0,True,False,True,True,False,False,1.0,both,0.0036962574529677147,0.004110523975471288,0.003903384503563521,6.71796026919262e-05,9.961800327206827e-05,0.0001380465931052867,-2.4322377867730323,-2.386102814340109,-2.4085586663587564,-4.172762568955418,-4.001662167448177,-3.859974306980763,S,synonymous,-0.9955541141378315,-0.9364200411584932,-0.8207659336554533,-0.04290768788124899,0.07074985733763539,0.12009339266826713,0.07074985733763539
259,ortho,ttgactttgtctattaaagatcca,4.0,att,5.0,,LTLSIKDP,,False,False,9.0,3.0,6.0,17.0,26.0,29.0,535.0,795.0,580.0,True,False,True,True,False,False,1.0,both,0.0036962574529677147,0.004110523975471288,0.003903384503563521,6.71796026919262e-05,9.961800327206827e-05,0.0001380465931052867,-2.4322377867730323,-2.386102814340109,-2.4085586663587564,-4.172762568955418,-4.001662167448177,-3.859974306980763,I,non-synonymous,-0.9955541141378315,-0.9364200411584932,-0.8207659336554533,-0.04290768788124899,0.07074985733763539,0.12009339266826713,0.07074985733763539
260,ortho,ttgactttgtctattaaagatcca,5.0,aaa,6.0,,LTLSIKDP,,False,False,9.0,3.0,6.0,17.0,26.0,29.0,535.0,795.0,580.0,True,False,True,True,False,False,1.0,both,0.0036962574529677147,0.004110523975471288,0.003903384503563521,6.71796026919262e-05,9.961800327206827e-05,0.0001380465931052867,-2.4322377867730323,-2.386102814340109,-2.4085586663587564,-4.172762568955418,-4.001662167448177,-3.859974306980763,K,non-synonymous,-0.9955541141378315,-0.9364200411584932,-0.8207659336554533,-0.04290768788124899,0.07074985733763539,0.12009339266826713,0.07074985733763539
261,ortho,ttgactttgtctattagagatcca,0.0,ttg,1.0,,LTLSIRDP,,False,False,8.0,2.0,5.0,14.0,21.0,15.0,367.0,596.0,382.0,True,False,True,True,False,False,1.0,both,0.002535563523811498,0.003081600364001117,0.002570849793726319,5.532437868746863e-05,8.046069495051667e-05,7.140341022687243e-05,-2.5959255045421714,-2.5112236832563424,-2.5899232970099852,-4.257083454655454,-4.094416220685076,-4.146281045824037,L,synonymous,-0.9501574745717983,-0.9176593965481277,-0.8801100009228449,0.0024889516847841353,0.08951050194800092,0.06074932540087552,0.06074932540087552
262,ortho,ttgactttgtctattagagatcca,1.0,act,2.0,,LTLSIRDP,,False,False,8.0,2.0,5.0,14.0,21.0,15.0,367.0,596.0,382.0,True,False,True,True,False,False,1.0,both,0.002535563523811498,0.003081600364001117,0.002570849793726319,5.532437868746863e-05,8.046069495051667e-05,7.140341022687243e-05,-2.5959255045421714,-2.5112236832563424,-2.5899232970099852,-4.257083454655454,-4.094416220685076,-4.146281045824037,T,non-synonymous,-0.9501574745717983,-0.9176593965481277,-0.8801100009228449,0.0024889516847841353,0.08951050194800092,0.06074932540087552,0.06074932540087552
263,ortho,ttgactttgtctattagagatcca,2.0,ttg,3.0,,LTLSIRDP,,False,False,8.0,2.0,5.0,14.0,21.0,15.0,367.0,596.0,382.0,True,False,True,True,False,False,1.0,both,0.002535563523811498,0.003081600364001117,0.002570849793726319,5.532437868746863e-05,8.046069495051667e-05,7.140341022687243e-05,-2.5959255045421714,-2.5112236832563424,-2.5899232970099852,-4.257083454655454,-4.094416220685076,-4.146281045824037,L,synonymous,-0.9501574745717983,-0.9176593965481277,-0.8801100009228449,0.0024889516847841353,0.08951050194800092,0.06074932540087552,0.06074932540087552
264,ortho,ttgactttgtctattagagatcca,3.0,tct,4.0,,LTLSIRDP,,False,False,8.0,2.0,5.0,14.0,21.0,15.0,367.0,596.0,382.0,True,False,True,True,False,False,1.0,both,0.002535563523811498,0.003081600364001117,0.002570849793726319,5.532437868746863e-05,8.046069495051667e-05,7.140341022687243e-05,-2.5959255045421714,-2.5112236832563424,-2.5899232970099852,-4.257083454655454,-4.094416220685076,-4.146281045824037,S,synonymous,-0.9501574745717983,-0.9176593965481277,-0.8801100009228449,0.0024889516847841353,0.08951050194800092,0.06074932540087552,0.06074932540087552
265,ortho,ttgactttgtctattagagatcca,4.0,att,5.0,,LTLSIRDP,,False,False,8.0,2.0,5.0,14.0,21.0,15.0,367.0,596.0,382.0,True,False,True,True,False,False,1.0,both,0.002535563523811498,0.003081600364001117,0.002570849793726319,5.532437868746863e-05,8.046069495051667e-05,7.140341022687243e-05,-2.5959255045421714,-2.5112236832563424,-2.5899232970099852,-4.257083454655454,-4.094416220685076,-4.146281045824037,I,non-synonymous,-0.9501574745717983,-0.9176593965481277,-0.8801100009228449,0.0024889516847841353,0.08951050194800092,0.06074932540087552,0.06074932540087552
266,ortho,ttgactttgtctgctaaagatcca,0.0,ttg,1.0,,LTLSAKDP,,False,False,10.0,3.0,6.0,22.0,9.0,19.0,532.0,910.0,581.0,True,False,True,True,False,False,1.0,both,0.003675530775661354,0.004705128072552041,0.003910114476845527,8.693830936602214e-05,3.448315497879286e-05,9.044431962070508e-05,-2.4346799364992124,-2.3274285506754855,-2.407810527531363,-4.060788809511487,-4.462393005979671,-4.04361870392689,L,synonymous,-0.9301099272677649,-1.2374806900543085,-0.9250386916080904,0.0225364989888176,-0.2303107915581799,0.01582063471563,0.01582063471563
267,ortho,ttgactttgtctgctaaagatcca,1.0,act,2.0,,LTLSAKDP,,False,False,10.0,3.0,6.0,22.0,9.0,19.0,532.0,910.0,581.0,True,False,True,True,False,False,1.0,both,0.003675530775661354,0.004705128072552041,0.003910114476845527,8.693830936602214e-05,3.448315497879286e-05,9.044431962070508e-05,-2.4346799364992124,-2.3274285506754855,-2.407810527531363,-4.060788809511487,-4.462393005979671,-4.04361870392689,T,non-synonymous,-0.9301099272677649,-1.2374806900543085,-0.9250386916080904,0.0225364989888176,-0.2303107915581799,0.01582063471563,0.01582063471563
268,ortho,ttgactttgtctgctaaagatcca,2.0,ttg,3.0,,LTLSAKDP,,False,False,10.0,3.0,6.0,22.0,9.0,19.0,532.0,910.0,581.0,True,False,True,True,False,False,1.0,both,0.003675530775661354,0.004705128072552041,0.003910114476845527,8.693830936602214e-05,3.448315497879286e-05,9.044431962070508e-05,-2.4346799364992124,-2.3274285506754855,-2.407810527531363,-4.060788809511487,-4.462393005979671,-4.04361870392689,L,synonymous,-0.9301099272677649,-1.2374806900543085,-0.9250386916080904,0.0225364989888176,-0.2303107915581799,0.01582063471563,0.01582063471563
269,ortho,ttgactttgtctgctaaagatcca,3.0,tct,4.0,,LTLSAKDP,,False,False,10.0,3.0,6.0,22.0,9.0,19.0,532.0,910.0,581.0,True,False,True,True,False,False,1.0,both,0.003675530775661354,0.004705128072552041,0.003910114476845527,8.693830936602214e-05,3.448315497879286e-05,9.044431962070508e-05,-2.4346799364992124,-2.3274285506754855,-2.407810527531363,-4.060788809511487,-4.462393005979671,-4.04361870392689,S,synonymous,-0.9301099272677649,-1.2374806900543085,-0.9250386916080904,0.0225364989888176,-0.2303107915581799,0.01582063471563,0.01582063471563
270,ortho,ttgactttgtctgctaaagatcca,4.0,gct,5.0,,LTLSAKDP,,False,False,10.0,3.0,6.0,22.0,9.0,19.0,532.0,910.0,581.0,True,False,True,True,False,False,1.0,both,0.003675530775661354,0.004705128072552041,0.003910114476845527,8.693830936602214e-05,3.448315497879286e-05,9.044431962070508e-05,-2.4346799364992124,-2.3274285506754855,-2.407810527531363,-4.060788809511487,-4.462393005979671,-4.04361870392689,A,non-synonymous,-0.9301099272677649,-1.2374806900543085,-0.9250386916080904,0.0225364989888176,-0.2303107915581799,0.01582063471563,0.01582063471563
271,ortho,ttgactttgtctgctaaagatcca,5.0,aaa,6.0,,LTLSAKDP,,False,False,10.0,3.0,6.0,22.0,9.0,19.0,532.0,910.0,581.0,True,False,True,True,False,False,1.0,both,0.003675530775661354,0.004705128072552041,0.003910114476845527,8.693830936602214e-05,3.448315497879286e-05,9.044431962070508e-05,-2.4346799364992124,-2.3274285506754855,-2.407810527531363,-4.060788809511487,-4.462393005979671,-4.04361870392689,K,non-synonymous,-0.9301099272677649,-1.2374806900543085,-0.9250386916080904,0.0225364989888176,-0.2303107915581799,0.01582063471563,0.01582063471563
272,ortho,ttgactttgtctgttagagatcca,0.0,ttg,1.0,,LTLSVRDP,,False,False,8.0,2.0,5.0,6.0,13.0,8.0,445.0,582.0,454.0,True,False,True,True,False,False,1.0,both,0.003074457133776884,0.003009213778269547,0.0030554078700307558,2.3710448008915127e-05,4.980900163603413e-05,3.80818187876653e-05,-2.512231557813329,-2.5215469583466903,-2.51493080706459,-4.62506023995005,-4.302692163112158,-4.419282317887776,L,synonymous,-1.2085063703213672,-1.0323978891564516,-1.076898168962219,-0.25585994406478474,-0.025227990660322996,-0.13603884263849864,-0.13603884263849864
273,ortho,ttgactttgtctgttagagatcca,1.0,act,2.0,,LTLSVRDP,,False,False,8.0,2.0,5.0,6.0,13.0,8.0,445.0,582.0,454.0,True,False,True,True,False,False,1.0,both,0.003074457133776884,0.003009213778269547,0.0030554078700307558,2.3710448008915127e-05,4.980900163603413e-05,3.80818187876653e-05,-2.512231557813329,-2.5215469583466903,-2.51493080706459,-4.62506023995005,-4.302692163112158,-4.419282317887776,T,non-synonymous,-1.2085063703213672,-1.0323978891564516,-1.076898168962219,-0.25585994406478474,-0.025227990660322996,-0.13603884263849864,-0.13603884263849864
274,ortho,ttgactttgtctgttagagatcca,2.0,ttg,3.0,,LTLSVRDP,,False,False,8.0,2.0,5.0,6.0,13.0,8.0,445.0,582.0,454.0,True,False,True,True,False,False,1.0,both,0.003074457133776884,0.003009213778269547,0.0030554078700307558,2.3710448008915127e-05,4.980900163603413e-05,3.80818187876653e-05,-2.512231557813329,-2.5215469583466903,-2.51493080706459,-4.62506023995005,-4.302692163112158,-4.419282317887776,L,synonymous,-1.2085063703213672,-1.0323978891564516,-1.076898168962219,-0.25585994406478474,-0.025227990660322996,-0.13603884263849864,-0.13603884263849864
275,ortho,ttgactttgtctgttagagatcca,3.0,tct,4.0,,LTLSVRDP,,False,False,8.0,2.0,5.0,6.0,13.0,8.0,445.0,582.0,454.0,True,False,True,True,False,False,1.0,both,0.003074457133776884,0.003009213778269547,0.0030554078700307558,2.3710448008915127e-05,4.980900163603413e-05,3.80818187876653e-05,-2.512231557813329,-2.5215469583466903,-2.51493080706459,-4.62506023995005,-4.302692163112158,-4.419282317887776,S,synonymous,-1.2085063703213672,-1.0323978891564516,-1.076898168962219,-0.25585994406478474,-0.025227990660322996,-0.13603884263849864,-0.13603884263849864
276,ortho,ttgactttgtctgttagagatcca,4.0,gtt,5.0,,LTLSVRDP,,False,False,8.0,2.0,5.0,6.0,13.0,8.0,445.0,582.0,454.0,True,False,True,True,False,False,1.0,both,0.003074457133776884,0.003009213778269547,0.0030554078700307558,2.3710448008915127e-05,4.980900163603413e-05,3.80818187876653e-05,-2.512231557813329,-2.5215469583466903,-2.51493080706459,-4.62506023995005,-4.302692163112158,-4.419282317887776,V,non-synonymous,-1.2085063703213672,-1.0323978891564516,-1.076898168962219,-0.25585994406478474,-0.025227990660322996,-0.13603884263849864,-0.13603884263849864
277,ortho,ttgactttgtctttgaaagatcca,0.0,ttg,1.0,,LTLSLKDP,,False,False,9.0,2.0,6.0,12.0,11.0,12.0,307.0,428.0,340.0,True,False,True,True,False,False,1.0,both,0.0021210299776842773,0.0022129613352222786,0.002288190915882064,4.7420896017830255e-05,4.21460783074135e-05,5.712272818149795e-05,-2.673453193317074,-2.6550261739834067,-2.640507742879439,-4.324030244286068,-4.37524283026077,-4.243191058832094,L,synonymous,-0.9441053586914562,-0.9970821245123396,-0.9063068023768646,0.008541067565126292,0.010087773983789017,0.03455252394685582,0.010087773983789017
278,ortho,ttgactttgtctttgaaagatcca,1.0,act,2.0,,LTLSLKDP,,False,False,9.0,2.0,6.0,12.0,11.0,12.0,307.0,428.0,340.0,True,False,True,True,False,False,1.0,both,0.0021210299776842773,0.0022129613352222786,0.002288190915882064,4.7420896017830255e-05,4.21460783074135e-05,5.712272818149795e-05,-2.673453193317074,-2.6550261739834067,-2.640507742879439,-4.324030244286068,-4.37524283026077,-4.243191058832094,T,non-synonymous,-0.9441053586914562,-0.9970821245123396,-0.9063068023768646,0.008541067565126292,0.010087773983789017,0.03455252394685582,0.010087773983789017
279,ortho,ttgactttgtctttgaaagatcca,2.0,ttg,3.0,,LTLSLKDP,,False,False,9.0,2.0,6.0,12.0,11.0,12.0,307.0,428.0,340.0,True,False,True,True,False,False,1.0,both,0.0021210299776842773,0.0022129613352222786,0.002288190915882064,4.7420896017830255e-05,4.21460783074135e-05,5.712272818149795e-05,-2.673453193317074,-2.6550261739834067,-2.640507742879439,-4.324030244286068,-4.37524283026077,-4.243191058832094,L,synonymous,-0.9441053586914562,-0.9970821245123396,-0.9063068023768646,0.008541067565126292,0.010087773983789017,0.03455252394685582,0.010087773983789017
280,ortho,ttgactttgtctttgaaagatcca,3.0,tct,4.0,,LTLSLKDP,,False,False,9.0,2.0,6.0,12.0,11.0,12.0,307.0,428.0,340.0,True,False,True,True,False,False,1.0,both,0.0021210299776842773,0.0022129613352222786,0.002288190915882064,4.7420896017830255e-05,4.21460783074135e-05,5.712272818149795e-05,-2.673453193317074,-2.6550261739834067,-2.640507742879439,-4.324030244286068,-4.37524283026077,-4.243191058832094,S,synonymous,-0.9441053586914562,-0.9970821245123396,-0.9063068023768646,0.008541067565126292,0.010087773983789017,0.03455252394685582,0.010087773983789017
281,ortho,ttgactttgtctttgaaagatcca,4.0,ttg,5.0,,LTLSLKDP,,False,False,9.0,2.0,6.0,12.0,11.0,12.0,307.0,428.0,340.0,True,False,True,True,False,False,1.0,both,0.0021210299776842773,0.0022129613352222786,0.002288190915882064,4.7420896017830255e-05,4.21460783074135e-05,5.712272818149795e-05,-2.673453193317074,-2.6550261739834067,-2.640507742879439,-4.324030244286068,-4.37524283026077,-4.243191058832094,L,synonymous,-0.9441053586914562,-0.9970821245123396,-0.9063068023768646,0.008541067565126292,0.010087773983789017,0.03455252394685582,0.010087773983789017
282,ortho,ttgactttgtctttgaaagatcca,5.0,aaa,6.0,,LTLSLKDP,,False,False,9.0,2.0,6.0,12.0,11.0,12.0,307.0,428.0,340.0,True,False,True,True,False,False,1.0,both,0.0021210299776842773,0.0022129613352222786,0.002288190915882064,4.7420896017830255e-05,4.21460783074135e-05,5.712272818149795e-05,-2.673453193317074,-2.6550261739834067,-2.640507742879439,-4.324030244286068,-4.37524283026077,-4.243191058832094,K,non-synonymous,-0.9441053586914562,-0.9970821245123396,-0.9063068023768646,0.008541067565126292,0.010087773983789017,0.03455252394685582,0.010087773983789017
283,ortho,ttgactttgtctttgagagatcca,0.0,ttg,1.0,,LTLSLRDP,,False,False,8.0,1.0,5.0,7.0,5.0,10.0,238.0,426.0,238.0,True,False,True,True,False,False,1.0,both,0.001644316399637974,0.0022026203944034827,0.0016017336411174447,2.7662189343734316e-05,1.9157308321551588e-05,4.760227348458162e-05,-2.7840146117377484,-2.65706034389386,-2.795409702865182,-4.558113450319436,-4.717665511082976,-4.3223723048797185,L,synonymous,-1.0147579716863053,-1.1943801208902791,-0.8634872400591792,-0.06211154542972286,-0.18721022239415053,0.07737208626454117,-0.06211154542972286
284,ortho,ttgactttgtctttgagagatcca,1.0,act,2.0,,LTLSLRDP,,False,False,8.0,1.0,5.0,7.0,5.0,10.0,238.0,426.0,238.0,True,False,True,True,False,False,1.0,both,0.001644316399637974,0.0022026203944034827,0.0016017336411174447,2.7662189343734316e-05,1.9157308321551588e-05,4.760227348458162e-05,-2.7840146117377484,-2.65706034389386,-2.795409702865182,-4.558113450319436,-4.717665511082976,-4.3223723048797185,T,non-synonymous,-1.0147579716863053,-1.1943801208902791,-0.8634872400591792,-0.06211154542972286,-0.18721022239415053,0.07737208626454117,-0.06211154542972286
285,ortho,ttgactttgtctttgagagatcca,2.0,ttg,3.0,,LTLSLRDP,,False,False,8.0,1.0,5.0,7.0,5.0,10.0,238.0,426.0,238.0,True,False,True,True,False,False,1.0,both,0.001644316399637974,0.0022026203944034827,0.0016017336411174447,2.7662189343734316e-05,1.9157308321551588e-05,4.760227348458162e-05,-2.7840146117377484,-2.65706034389386,-2.795409702865182,-4.558113450319436,-4.717665511082976,-4.3223723048797185,L,synonymous,-1.0147579716863053,-1.1943801208902791,-0.8634872400591792,-0.06211154542972286,-0.18721022239415053,0.07737208626454117,-0.06211154542972286
286,ortho,ttgactttgtctttgagagatcca,3.0,tct,4.0,,LTLSLRDP,,False,False,8.0,1.0,5.0,7.0,5.0,10.0,238.0,426.0,238.0,True,False,True,True,False,False,1.0,both,0.001644316399637974,0.0022026203944034827,0.0016017336411174447,2.7662189343734316e-05,1.9157308321551588e-05,4.760227348458162e-05,-2.7840146117377484,-2.65706034389386,-2.795409702865182,-4.558113450319436,-4.717665511082976,-4.3223723048797185,S,synonymous,-1.0147579716863053,-1.1943801208902791,-0.8634872400591792,-0.06211154542972286,-0.18721022239415053,0.07737208626454117,-0.06211154542972286
287,ortho,ttgactttgtctttgagagatcca,4.0,ttg,5.0,,LTLSLRDP,,False,False,8.0,1.0,5.0,7.0,5.0,10.0,238.0,426.0,238.0,True,False,True,True,False,False,1.0,both,0.001644316399637974,0.0022026203944034827,0.0016017336411174447,2.7662189343734316e-05,1.9157308321551588e-05,4.760227348458162e-05,-2.7840146117377484,-2.65706034389386,-2.795409702865182,-4.558113450319436,-4.717665511082976,-4.3223723048797185,L,synonymous,-1.0147579716863053,-1.1943801208902791,-0.8634872400591792,-0.06211154542972286,-0.18721022239415053,0.07737208626454117,-0.06211154542972286
288,ortho,ttgactttgtctttgagagatgct,0.0,ttg,1.0,,LTLSLRDA,,False,False,10.0,2.0,6.0,65.0,38.0,32.0,263.0,413.0,260.0,True,False,True,True,False,False,1.0,both,0.0018170387105243158,0.0021354042790813106,0.0017497930533215784,0.0002568631867632472,0.00014559554324379206,0.0001523272751506612,-2.7406358203045027,-2.670519891340178,-2.757013311950876,-3.5902981336908373,-3.836851918802185,-3.8172223265598126,L,synonymous,-0.4859941210713504,-0.6760362490299564,-0.5995411771727318,0.46665230518523204,0.3311336494661722,0.34131814915098857,0.34131814915098857
289,ortho,ttgactttgtctttgagagatgct,1.0,act,2.0,,LTLSLRDA,,False,False,10.0,2.0,6.0,65.0,38.0,32.0,263.0,413.0,260.0,True,False,True,True,False,False,1.0,both,0.0018170387105243158,0.0021354042790813106,0.0017497930533215784,0.0002568631867632472,0.00014559554324379206,0.0001523272751506612,-2.7406358203045027,-2.670519891340178,-2.757013311950876,-3.5902981336908373,-3.836851918802185,-3.8172223265598126,T,non-synonymous,-0.4859941210713504,-0.6760362490299564,-0.5995411771727318,0.46665230518523204,0.3311336494661722,0.34131814915098857,0.34131814915098857
290,ortho,ttgactttgtctttgagagatgct,2.0,ttg,3.0,,LTLSLRDA,,False,False,10.0,2.0,6.0,65.0,38.0,32.0,263.0,413.0,260.0,True,False,True,True,False,False,1.0,both,0.0018170387105243158,0.0021354042790813106,0.0017497930533215784,0.0002568631867632472,0.00014559554324379206,0.0001523272751506612,-2.7406358203045027,-2.670519891340178,-2.757013311950876,-3.5902981336908373,-3.836851918802185,-3.8172223265598126,L,synonymous,-0.4859941210713504,-0.6760362490299564,-0.5995411771727318,0.46665230518523204,0.3311336494661722,0.34131814915098857,0.34131814915098857
291,ortho,ttgactttgtctttgagagatgct,3.0,tct,4.0,,LTLSLRDA,,False,False,10.0,2.0,6.0,65.0,38.0,32.0,263.0,413.0,260.0,True,False,True,True,False,False,1.0,both,0.0018170387105243158,0.0021354042790813106,0.0017497930533215784,0.0002568631867632472,0.00014559554324379206,0.0001523272751506612,-2.7406358203045027,-2.670519891340178,-2.757013311950876,-3.5902981336908373,-3.836851918802185,-3.8172223265598126,S,synonymous,-0.4859941210713504,-0.6760362490299564,-0.5995411771727318,0.46665230518523204,0.3311336494661722,0.34131814915098857,0.34131814915098857
292,ortho,ttgactttgtctttgagagatgct,4.0,ttg,5.0,,LTLSLRDA,,False,False,10.0,2.0,6.0,65.0,38.0,32.0,263.0,413.0,260.0,True,False,True,True,False,False,1.0,both,0.0018170387105243158,0.0021354042790813106,0.0017497930533215784,0.0002568631867632472,0.00014559554324379206,0.0001523272751506612,-2.7406358203045027,-2.670519891340178,-2.757013311950876,-3.5902981336908373,-3.836851918802185,-3.8172223265598126,L,synonymous,-0.4859941210713504,-0.6760362490299564,-0.5995411771727318,0.46665230518523204,0.3311336494661722,0.34131814915098857,0.34131814915098857
293,ortho,ttgactttgtctttgagagatgct,7.0,gct,6.0,,LTLSLRDA,,False,False,10.0,2.0,6.0,65.0,38.0,32.0,263.0,413.0,260.0,True,False,True,True,False,False,1.0,both,0.0018170387105243158,0.0021354042790813106,0.0017497930533215784,0.0002568631867632472,0.00014559554324379206,0.0001523272751506612,-2.7406358203045027,-2.670519891340178,-2.757013311950876,-3.5902981336908373,-3.836851918802185,-3.8172223265598126,A,non-synonymous,-0.4859941210713504,-0.6760362490299564,-0.5995411771727318,0.46665230518523204,0.3311336494661722,0.34131814915098857,0.34131814915098857
294,ortho,ttgactttgtcttttaaagatcca,0.0,ttg,1.0,,LTLSFKDP,,False,False,9.0,3.0,6.0,15.0,7.0,3.0,235.0,408.0,241.0,True,False,True,True,False,False,1.0,both,0.001623589722331613,0.0021095519270343216,0.001621923560963463,5.927612002228782e-05,2.6820231650172224e-05,1.4280682045374487e-05,-2.7895237065225245,-2.675809779906699,-2.7899696173468254,-4.227120231278011,-4.571537475404738,-4.845251050160056,L,synonymous,-0.8222836867028306,-1.0988128682665752,-1.162248040406085,0.13036273955375188,-0.09164296977044661,-0.2213887140823647,-0.09164296977044661
295,ortho,ttgactttgtcttttaaagatcca,1.0,act,2.0,,LTLSFKDP,,False,False,9.0,3.0,6.0,15.0,7.0,3.0,235.0,408.0,241.0,True,False,True,True,False,False,1.0,both,0.001623589722331613,0.0021095519270343216,0.001621923560963463,5.927612002228782e-05,2.6820231650172224e-05,1.4280682045374487e-05,-2.7895237065225245,-2.675809779906699,-2.7899696173468254,-4.227120231278011,-4.571537475404738,-4.845251050160056,T,non-synonymous,-0.8222836867028306,-1.0988128682665752,-1.162248040406085,0.13036273955375188,-0.09164296977044661,-0.2213887140823647,-0.09164296977044661
296,ortho,ttgactttgtcttttaaagatcca,2.0,ttg,3.0,,LTLSFKDP,,False,False,9.0,3.0,6.0,15.0,7.0,3.0,235.0,408.0,241.0,True,False,True,True,False,False,1.0,both,0.001623589722331613,0.0021095519270343216,0.001621923560963463,5.927612002228782e-05,2.6820231650172224e-05,1.4280682045374487e-05,-2.7895237065225245,-2.675809779906699,-2.7899696173468254,-4.227120231278011,-4.571537475404738,-4.845251050160056,L,synonymous,-0.8222836867028306,-1.0988128682665752,-1.162248040406085,0.13036273955375188,-0.09164296977044661,-0.2213887140823647,-0.09164296977044661
297,ortho,ttgactttgtcttttaaagatcca,3.0,tct,4.0,,LTLSFKDP,,False,False,9.0,3.0,6.0,15.0,7.0,3.0,235.0,408.0,241.0,True,False,True,True,False,False,1.0,both,0.001623589722331613,0.0021095519270343216,0.001621923560963463,5.927612002228782e-05,2.6820231650172224e-05,1.4280682045374487e-05,-2.7895237065225245,-2.675809779906699,-2.7899696173468254,-4.227120231278011,-4.571537475404738,-4.845251050160056,S,synonymous,-0.8222836867028306,-1.0988128682665752,-1.162248040406085,0.13036273955375188,-0.09164296977044661,-0.2213887140823647,-0.09164296977044661
298,ortho,ttgactttgtcttttaaagatcca,4.0,ttt,5.0,,LTLSFKDP,,False,False,9.0,3.0,6.0,15.0,7.0,3.0,235.0,408.0,241.0,True,False,True,True,False,False,1.0,both,0.001623589722331613,0.0021095519270343216,0.001621923560963463,5.927612002228782e-05,2.6820231650172224e-05,1.4280682045374487e-05,-2.7895237065225245,-2.675809779906699,-2.7899696173468254,-4.227120231278011,-4.571537475404738,-4.845251050160056,F,non-synonymous,-0.8222836867028306,-1.0988128682665752,-1.162248040406085,0.13036273955375188,-0.09164296977044661,-0.2213887140823647,-0.09164296977044661
299,ortho,ttgactttgtcttttaaagatcca,5.0,aaa,6.0,,LTLSFKDP,,False,False,9.0,3.0,6.0,15.0,7.0,3.0,235.0,408.0,241.0,True,False,True,True,False,False,1.0,both,0.001623589722331613,0.0021095519270343216,0.001621923560963463,5.927612002228782e-05,2.6820231650172224e-05,1.4280682045374487e-05,-2.7895237065225245,-2.675809779906699,-2.7899696173468254,-4.227120231278011,-4.571537475404738,-4.845251050160056,K,non-synonymous,-0.8222836867028306,-1.0988128682665752,-1.162248040406085,0.13036273955375188,-0.09164296977044661,-0.2213887140823647,-0.09164296977044661
300,ortho,ttgactttgtcttttagagatcca,0.0,ttg,1.0,,LTLSFRDP,,False,False,8.0,2.0,5.0,117.0,61.0,67.0,489.0,703.0,490.0,True,False,True,True,False,False,1.0,both,0.003378448400936846,0.0036348406978066864,0.0032976869081829743,0.000462353736173845,0.00023371916152292938,0.0003189352323466969,-2.4712827096706405,-2.439514617976755,-2.4817905798931803,-3.3350256285875313,-3.631305680408228,-3.4962975021788925,L,synonymous,-0.49404801660274333,-0.6907929650417192,-0.5736969465982258,0.45859840965383913,0.3163769334544094,0.3671623797254946,0.3671623797254946
301,ortho,ttgactttgtcttttagagatcca,1.0,act,2.0,,LTLSFRDP,,False,False,8.0,2.0,5.0,117.0,61.0,67.0,489.0,703.0,490.0,True,False,True,True,False,False,1.0,both,0.003378448400936846,0.0036348406978066864,0.0032976869081829743,0.000462353736173845,0.00023371916152292938,0.0003189352323466969,-2.4712827096706405,-2.439514617976755,-2.4817905798931803,-3.3350256285875313,-3.631305680408228,-3.4962975021788925,T,non-synonymous,-0.49404801660274333,-0.6907929650417192,-0.5736969465982258,0.45859840965383913,0.3163769334544094,0.3671623797254946,0.3671623797254946
302,ortho,ttgactttgtcttttagagatcca,2.0,ttg,3.0,,LTLSFRDP,,False,False,8.0,2.0,5.0,117.0,61.0,67.0,489.0,703.0,490.0,True,False,True,True,False,False,1.0,both,0.003378448400936846,0.0036348406978066864,0.0032976869081829743,0.000462353736173845,0.00023371916152292938,0.0003189352323466969,-2.4712827096706405,-2.439514617976755,-2.4817905798931803,-3.3350256285875313,-3.631305680408228,-3.4962975021788925,L,synonymous,-0.49404801660274333,-0.6907929650417192,-0.5736969465982258,0.45859840965383913,0.3163769334544094,0.3671623797254946,0.3671623797254946
303,ortho,ttgactttgtcttttagagatcca,3.0,tct,4.0,,LTLSFRDP,,False,False,8.0,2.0,5.0,117.0,61.0,67.0,489.0,703.0,490.0,True,False,True,True,False,False,1.0,both,0.003378448400936846,0.0036348406978066864,0.0032976869081829743,0.000462353736173845,0.00023371916152292938,0.0003189352323466969,-2.4712827096706405,-2.439514617976755,-2.4817905798931803,-3.3350256285875313,-3.631305680408228,-3.4962975021788925,S,synonymous,-0.49404801660274333,-0.6907929650417192,-0.5736969465982258,0.45859840965383913,0.3163769334544094,0.3671623797254946,0.3671623797254946
304,ortho,ttgactttgtcttttagagatcca,4.0,ttt,5.0,,LTLSFRDP,,False,False,8.0,2.0,5.0,117.0,61.0,67.0,489.0,703.0,490.0,True,False,True,True,False,False,1.0,both,0.003378448400936846,0.0036348406978066864,0.0032976869081829743,0.000462353736173845,0.00023371916152292938,0.0003189352323466969,-2.4712827096706405,-2.439514617976755,-2.4817905798931803,-3.3350256285875313,-3.631305680408228,-3.4962975021788925,F,non-synonymous,-0.49404801660274333,-0.6907929650417192,-0.5736969465982258,0.45859840965383913,0.3163769334544094,0.3671623797254946,0.3671623797254946
305,ortho,ttgactttgtcttttgaaaatcca,0.0,ttg,1.0,,LTLSFENP,,False,False,11.0,4.0,7.0,3935.0,3827.0,2833.0,704.0,1087.0,859.0,True,False,True,True,False,False,1.0,both,0.004863860274559385,0.00562030133501546,0.005781047049243215,0.015550102152513505,0.014663003789315586,0.013485724078181974,-2.3130189096521483,-2.250240398910284,-2.2379934960904517,-1.8082667536386094,-1.833777053194496,-1.8701257303592815,L,synonymous,0.28871067547176255,0.24139294083248425,0.2080267855406983,1.2413571017283451,1.2485628393286128,1.1488861118644187,1.2413571017283451
306,ortho,ttgactttgtcttttgaaaatcca,1.0,act,2.0,,LTLSFENP,,False,False,11.0,4.0,7.0,3935.0,3827.0,2833.0,704.0,1087.0,859.0,True,False,True,True,False,False,1.0,both,0.004863860274559385,0.00562030133501546,0.005781047049243215,0.015550102152513505,0.014663003789315586,0.013485724078181974,-2.3130189096521483,-2.250240398910284,-2.2379934960904517,-1.8082667536386094,-1.833777053194496,-1.8701257303592815,T,non-synonymous,0.28871067547176255,0.24139294083248425,0.2080267855406983,1.2413571017283451,1.2485628393286128,1.1488861118644187,1.2413571017283451
307,ortho,ttgactttgtcttttgaaaatcca,2.0,ttg,3.0,,LTLSFENP,,False,False,11.0,4.0,7.0,3935.0,3827.0,2833.0,704.0,1087.0,859.0,True,False,True,True,False,False,1.0,both,0.004863860274559385,0.00562030133501546,0.005781047049243215,0.015550102152513505,0.014663003789315586,0.013485724078181974,-2.3130189096521483,-2.250240398910284,-2.2379934960904517,-1.8082667536386094,-1.833777053194496,-1.8701257303592815,L,synonymous,0.28871067547176255,0.24139294083248425,0.2080267855406983,1.2413571017283451,1.2485628393286128,1.1488861118644187,1.2413571017283451
308,ortho,ttgactttgtcttttgaaaatcca,3.0,tct,4.0,,LTLSFENP,,False,False,11.0,4.0,7.0,3935.0,3827.0,2833.0,704.0,1087.0,859.0,True,False,True,True,False,False,1.0,both,0.004863860274559385,0.00562030133501546,0.005781047049243215,0.015550102152513505,0.014663003789315586,0.013485724078181974,-2.3130189096521483,-2.250240398910284,-2.2379934960904517,-1.8082667536386094,-1.833777053194496,-1.8701257303592815,S,synonymous,0.28871067547176255,0.24139294083248425,0.2080267855406983,1.2413571017283451,1.2485628393286128,1.1488861118644187,1.2413571017283451
309,ortho,ttgactttgtcttttgaaaatcca,4.0,ttt,5.0,,LTLSFENP,,False,False,11.0,4.0,7.0,3935.0,3827.0,2833.0,704.0,1087.0,859.0,True,False,True,True,False,False,1.0,both,0.004863860274559385,0.00562030133501546,0.005781047049243215,0.015550102152513505,0.014663003789315586,0.013485724078181974,-2.3130189096521483,-2.250240398910284,-2.2379934960904517,-1.8082667536386094,-1.833777053194496,-1.8701257303592815,F,non-synonymous,0.28871067547176255,0.24139294083248425,0.2080267855406983,1.2413571017283451,1.2485628393286128,1.1488861118644187,1.2413571017283451
310,ortho,ttgactttgtcttttgaaaatcca,5.0,gaa,6.0,,LTLSFENP,,False,False,11.0,4.0,7.0,3935.0,3827.0,2833.0,704.0,1087.0,859.0,True,False,True,True,False,False,1.0,both,0.004863860274559385,0.00562030133501546,0.005781047049243215,0.015550102152513505,0.014663003789315586,0.013485724078181974,-2.3130189096521483,-2.250240398910284,-2.2379934960904517,-1.8082667536386094,-1.833777053194496,-1.8701257303592815,E,non-synonymous,0.28871067547176255,0.24139294083248425,0.2080267855406983,1.2413571017283451,1.2485628393286128,1.1488861118644187,1.2413571017283451
311,ortho,ttgactttgtcttttgaaaatcca,6.0,aat,7.0,,LTLSFENP,,False,False,11.0,4.0,7.0,3935.0,3827.0,2833.0,704.0,1087.0,859.0,True,False,True,True,False,False,1.0,both,0.004863860274559385,0.00562030133501546,0.005781047049243215,0.015550102152513505,0.014663003789315586,0.013485724078181974,-2.3130189096521483,-2.250240398910284,-2.2379934960904517,-1.8082667536386094,-1.833777053194496,-1.8701257303592815,N,non-synonymous,0.28871067547176255,0.24139294083248425,0.2080267855406983,1.2413571017283451,1.2485628393286128,1.1488861118644187,1.2413571017283451
312,ortho,ttgactttgtctttttctgatcca,0.0,ttg,1.0,,LTLSFSDP,,False,False,11.0,3.0,6.0,1216.0,952.0,650.0,287.0,491.0,290.0,True,False,True,True,False,False,1.0,both,0.001982852128975204,0.002538700971014343,0.0019516922517817605,0.004805317463140133,0.0036475515044234225,0.0030941477764978055,-2.7027096720602684,-2.5953884508736103,-2.7095886620227376,-2.3182779153969766,-2.437998567034521,-2.509458948236863,L,synonymous,0.21988920862792333,0.09122725278956188,0.11317202790874459,1.1725356348845057,1.0983971512856905,1.0540313542324649,1.0983971512856905
313,ortho,ttgactttgtctttttctgatcca,1.0,act,2.0,,LTLSFSDP,,False,False,11.0,3.0,6.0,1216.0,952.0,650.0,287.0,491.0,290.0,True,False,True,True,False,False,1.0,both,0.001982852128975204,0.002538700971014343,0.0019516922517817605,0.004805317463140133,0.0036475515044234225,0.0030941477764978055,-2.7027096720602684,-2.5953884508736103,-2.7095886620227376,-2.3182779153969766,-2.437998567034521,-2.509458948236863,T,non-synonymous,0.21988920862792333,0.09122725278956188,0.11317202790874459,1.1725356348845057,1.0983971512856905,1.0540313542324649,1.0983971512856905
314,ortho,ttgactttgtctttttctgatcca,2.0,ttg,3.0,,LTLSFSDP,,False,False,11.0,3.0,6.0,1216.0,952.0,650.0,287.0,491.0,290.0,True,False,True,True,False,False,1.0,both,0.001982852128975204,0.002538700971014343,0.0019516922517817605,0.004805317463140133,0.0036475515044234225,0.0030941477764978055,-2.7027096720602684,-2.5953884508736103,-2.7095886620227376,-2.3182779153969766,-2.437998567034521,-2.509458948236863,L,synonymous,0.21988920862792333,0.09122725278956188,0.11317202790874459,1.1725356348845057,1.0983971512856905,1.0540313542324649,1.0983971512856905
315,ortho,ttgactttgtctttttctgatcca,3.0,tct,4.0,,LTLSFSDP,,False,False,11.0,3.0,6.0,1216.0,952.0,650.0,287.0,491.0,290.0,True,False,True,True,False,False,1.0,both,0.001982852128975204,0.002538700971014343,0.0019516922517817605,0.004805317463140133,0.0036475515044234225,0.0030941477764978055,-2.7027096720602684,-2.5953884508736103,-2.7095886620227376,-2.3182779153969766,-2.437998567034521,-2.509458948236863,S,synonymous,0.21988920862792333,0.09122725278956188,0.11317202790874459,1.1725356348845057,1.0983971512856905,1.0540313542324649,1.0983971512856905
316,ortho,ttgactttgtctttttctgatcca,4.0,ttt,5.0,,LTLSFSDP,,False,False,11.0,3.0,6.0,1216.0,952.0,650.0,287.0,491.0,290.0,True,False,True,True,False,False,1.0,both,0.001982852128975204,0.002538700971014343,0.0019516922517817605,0.004805317463140133,0.0036475515044234225,0.0030941477764978055,-2.7027096720602684,-2.5953884508736103,-2.7095886620227376,-2.3182779153969766,-2.437998567034521,-2.509458948236863,F,non-synonymous,0.21988920862792333,0.09122725278956188,0.11317202790874459,1.1725356348845057,1.0983971512856905,1.0540313542324649,1.0983971512856905
317,ortho,ttgactttgtctttttctgatcca,5.0,tct,6.0,,LTLSFSDP,,False,False,11.0,3.0,6.0,1216.0,952.0,650.0,287.0,491.0,290.0,True,False,True,True,False,False,1.0,both,0.001982852128975204,0.002538700971014343,0.0019516922517817605,0.004805317463140133,0.0036475515044234225,0.0030941477764978055,-2.7027096720602684,-2.5953884508736103,-2.7095886620227376,-2.3182779153969766,-2.437998567034521,-2.509458948236863,S,non-synonymous,0.21988920862792333,0.09122725278956188,0.11317202790874459,1.1725356348845057,1.0983971512856905,1.0540313542324649,1.0983971512856905
318,ortho,ttgactttgttggttactcaacat,0.0,ttg,1.0,,LTLLVTQH,,False,False,15.0,6.0,8.0,316.0,310.0,282.0,326.0,493.0,353.0,True,False,True,True,False,False,1.0,both,0.0022522989339578974,0.0025490419118331387,0.002375680568548143,0.0012487502618028635,0.0011877531159361985,0.0013423841122652018,-2.6473739687263214,-2.5936230237193487,-2.6242119545338713,-2.903524407715289,-2.9252738215847223,-2.8721231965603575,L,synonymous,-0.1465142157033394,-0.19223339160512154,-0.14019216572473456,0.8061322105532431,0.814936506891007,0.8006671605989858,0.8061322105532431
319,ortho,ttgactttgttggttactcaacat,1.0,act,2.0,,LTLLVTQH,,False,False,15.0,6.0,8.0,316.0,310.0,282.0,326.0,493.0,353.0,True,False,True,True,False,False,1.0,both,0.0022522989339578974,0.0025490419118331387,0.002375680568548143,0.0012487502618028635,0.0011877531159361985,0.0013423841122652018,-2.6473739687263214,-2.5936230237193487,-2.6242119545338713,-2.903524407715289,-2.9252738215847223,-2.8721231965603575,T,non-synonymous,-0.1465142157033394,-0.19223339160512154,-0.14019216572473456,0.8061322105532431,0.814936506891007,0.8006671605989858,0.8061322105532431
320,ortho,ttgactttgttggttactcaacat,2.0,ttg,3.0,,LTLLVTQH,,False,False,15.0,6.0,8.0,316.0,310.0,282.0,326.0,493.0,353.0,True,False,True,True,False,False,1.0,both,0.0022522989339578974,0.0025490419118331387,0.002375680568548143,0.0012487502618028635,0.0011877531159361985,0.0013423841122652018,-2.6473739687263214,-2.5936230237193487,-2.6242119545338713,-2.903524407715289,-2.9252738215847223,-2.8721231965603575,L,synonymous,-0.1465142157033394,-0.19223339160512154,-0.14019216572473456,0.8061322105532431,0.814936506891007,0.8006671605989858,0.8061322105532431
321,ortho,ttgactttgttggttactcaacat,3.0,ttg,4.0,,LTLLVTQH,,False,False,15.0,6.0,8.0,316.0,310.0,282.0,326.0,493.0,353.0,True,False,True,True,False,False,1.0,both,0.0022522989339578974,0.0025490419118331387,0.002375680568548143,0.0012487502618028635,0.0011877531159361985,0.0013423841122652018,-2.6473739687263214,-2.5936230237193487,-2.6242119545338713,-2.903524407715289,-2.9252738215847223,-2.8721231965603575,L,non-synonymous,-0.1465142157033394,-0.19223339160512154,-0.14019216572473456,0.8061322105532431,0.814936506891007,0.8006671605989858,0.8061322105532431
322,ortho,ttgactttgttggttactcaacat,4.0,gtt,5.0,,LTLLVTQH,,False,False,15.0,6.0,8.0,316.0,310.0,282.0,326.0,493.0,353.0,True,False,True,True,False,False,1.0,both,0.0022522989339578974,0.0025490419118331387,0.002375680568548143,0.0012487502618028635,0.0011877531159361985,0.0013423841122652018,-2.6473739687263214,-2.5936230237193487,-2.6242119545338713,-2.903524407715289,-2.9252738215847223,-2.8721231965603575,V,non-synonymous,-0.1465142157033394,-0.19223339160512154,-0.14019216572473456,0.8061322105532431,0.814936506891007,0.8006671605989858,0.8061322105532431
323,ortho,ttgactttgttggttactcaacat,5.0,act,6.0,,LTLLVTQH,,False,False,15.0,6.0,8.0,316.0,310.0,282.0,326.0,493.0,353.0,True,False,True,True,False,False,1.0,both,0.0022522989339578974,0.0025490419118331387,0.002375680568548143,0.0012487502618028635,0.0011877531159361985,0.0013423841122652018,-2.6473739687263214,-2.5936230237193487,-2.6242119545338713,-2.903524407715289,-2.9252738215847223,-2.8721231965603575,T,non-synonymous,-0.1465142157033394,-0.19223339160512154,-0.14019216572473456,0.8061322105532431,0.814936506891007,0.8006671605989858,0.8061322105532431
324,ortho,ttgactttgttggttactcaacat,6.0,caa,7.0,,LTLLVTQH,,False,False,15.0,6.0,8.0,316.0,310.0,282.0,326.0,493.0,353.0,True,False,True,True,False,False,1.0,both,0.0022522989339578974,0.0025490419118331387,0.002375680568548143,0.0012487502618028635,0.0011877531159361985,0.0013423841122652018,-2.6473739687263214,-2.5936230237193487,-2.6242119545338713,-2.903524407715289,-2.9252738215847223,-2.8721231965603575,Q,non-synonymous,-0.1465142157033394,-0.19223339160512154,-0.14019216572473456,0.8061322105532431,0.814936506891007,0.8006671605989858,0.8061322105532431
325,ortho,ttgactttgttggttactcaacat,7.0,cat,8.0,,LTLLVTQH,,False,False,15.0,6.0,8.0,316.0,310.0,282.0,326.0,493.0,353.0,True,False,True,True,False,False,1.0,both,0.0022522989339578974,0.0025490419118331387,0.002375680568548143,0.0012487502618028635,0.0011877531159361985,0.0013423841122652018,-2.6473739687263214,-2.5936230237193487,-2.6242119545338713,-2.903524407715289,-2.9252738215847223,-2.8721231965603575,H,non-synonymous,-0.1465142157033394,-0.19223339160512154,-0.14019216572473456,0.8061322105532431,0.814936506891007,0.8006671605989858,0.8061322105532431
326,ortho,ttgattaaatctttgagagatcca,0.0,ttg,1.0,,LIKSLRDP,,False,False,9.0,1.0,5.0,11.0,9.0,6.0,356.0,488.0,371.0,True,False,True,True,False,False,1.0,both,0.0024595657070215072,0.002523189559786149,0.0024968200876242523,4.346915468301107e-05,3.448315497879286e-05,2.8561364090748974e-05,-2.6091415708213854,-2.5980501209938685,-2.602612750306648,-4.361818805175468,-4.462393005979671,-4.5442210544960755,L,synonymous,-1.0025051348186313,-1.0806214192832366,-1.097966638900401,-0.04985870856204888,-0.07345152078710804,-0.15710731257668065,-0.07345152078710804
327,ortho,ttgattaaatctttgagagatcca,1.0,att,2.0,,LIKSLRDP,,False,False,9.0,1.0,5.0,11.0,9.0,6.0,356.0,488.0,371.0,True,False,True,True,False,False,1.0,both,0.0024595657070215072,0.002523189559786149,0.0024968200876242523,4.346915468301107e-05,3.448315497879286e-05,2.8561364090748974e-05,-2.6091415708213854,-2.5980501209938685,-2.602612750306648,-4.361818805175468,-4.462393005979671,-4.5442210544960755,I,synonymous,-1.0025051348186313,-1.0806214192832366,-1.097966638900401,-0.04985870856204888,-0.07345152078710804,-0.15710731257668065,-0.07345152078710804
328,ortho,ttgattaaatctttgagagatcca,2.0,aaa,3.0,,LIKSLRDP,,False,False,9.0,1.0,5.0,11.0,9.0,6.0,356.0,488.0,371.0,True,False,True,True,False,False,1.0,both,0.0024595657070215072,0.002523189559786149,0.0024968200876242523,4.346915468301107e-05,3.448315497879286e-05,2.8561364090748974e-05,-2.6091415708213854,-2.5980501209938685,-2.602612750306648,-4.361818805175468,-4.462393005979671,-4.5442210544960755,K,non-synonymous,-1.0025051348186313,-1.0806214192832366,-1.097966638900401,-0.04985870856204888,-0.07345152078710804,-0.15710731257668065,-0.07345152078710804
329,ortho,ttgattaaatctttgagagatcca,3.0,tct,4.0,,LIKSLRDP,,False,False,9.0,1.0,5.0,11.0,9.0,6.0,356.0,488.0,371.0,True,False,True,True,False,False,1.0,both,0.0024595657070215072,0.002523189559786149,0.0024968200876242523,4.346915468301107e-05,3.448315497879286e-05,2.8561364090748974e-05,-2.6091415708213854,-2.5980501209938685,-2.602612750306648,-4.361818805175468,-4.462393005979671,-4.5442210544960755,S,synonymous,-1.0025051348186313,-1.0806214192832366,-1.097966638900401,-0.04985870856204888,-0.07345152078710804,-0.15710731257668065,-0.07345152078710804
330,ortho,ttgattaaatctttgagagatcca,4.0,ttg,5.0,,LIKSLRDP,,False,False,9.0,1.0,5.0,11.0,9.0,6.0,356.0,488.0,371.0,True,False,True,True,False,False,1.0,both,0.0024595657070215072,0.002523189559786149,0.0024968200876242523,4.346915468301107e-05,3.448315497879286e-05,2.8561364090748974e-05,-2.6091415708213854,-2.5980501209938685,-2.602612750306648,-4.361818805175468,-4.462393005979671,-4.5442210544960755,L,synonymous,-1.0025051348186313,-1.0806214192832366,-1.097966638900401,-0.04985870856204888,-0.07345152078710804,-0.15710731257668065,-0.07345152078710804
331,ortho,ttgattaaatctttgattgatcca,0.0,ttg,1.0,,LIKSLIDP,,False,False,11.0,2.0,6.0,14.0,8.0,20.0,441.0,705.0,496.0,True,False,True,True,False,False,1.0,both,0.0030468215640350694,0.0036451816386254823,0.003338066747875011,5.532437868746863e-05,3.065169331448254e-05,9.520454696916325e-05,-2.516152979326422,-2.43828082600518,-2.4765049834314965,-4.257083454655454,-4.513545528427051,-4.021342309215737,L,synonymous,-0.9957861645431777,-1.202877167166921,-0.8735952779864731,-0.04313973828659523,-0.19570726867079236,0.0672640483372473,-0.04313973828659523
332,ortho,ttgattaaatctttgattgatcca,1.0,att,2.0,,LIKSLIDP,,False,False,11.0,2.0,6.0,14.0,8.0,20.0,441.0,705.0,496.0,True,False,True,True,False,False,1.0,both,0.0030468215640350694,0.0036451816386254823,0.003338066747875011,5.532437868746863e-05,3.065169331448254e-05,9.520454696916325e-05,-2.516152979326422,-2.43828082600518,-2.4765049834314965,-4.257083454655454,-4.513545528427051,-4.021342309215737,I,synonymous,-0.9957861645431777,-1.202877167166921,-0.8735952779864731,-0.04313973828659523,-0.19570726867079236,0.0672640483372473,-0.04313973828659523
333,ortho,ttgattaaatctttgattgatcca,2.0,aaa,3.0,,LIKSLIDP,,False,False,11.0,2.0,6.0,14.0,8.0,20.0,441.0,705.0,496.0,True,False,True,True,False,False,1.0,both,0.0030468215640350694,0.0036451816386254823,0.003338066747875011,5.532437868746863e-05,3.065169331448254e-05,9.520454696916325e-05,-2.516152979326422,-2.43828082600518,-2.4765049834314965,-4.257083454655454,-4.513545528427051,-4.021342309215737,K,non-synonymous,-0.9957861645431777,-1.202877167166921,-0.8735952779864731,-0.04313973828659523,-0.19570726867079236,0.0672640483372473,-0.04313973828659523
334,ortho,ttgattaaatctttgattgatcca,3.0,tct,4.0,,LIKSLIDP,,False,False,11.0,2.0,6.0,14.0,8.0,20.0,441.0,705.0,496.0,True,False,True,True,False,False,1.0,both,0.0030468215640350694,0.0036451816386254823,0.003338066747875011,5.532437868746863e-05,3.065169331448254e-05,9.520454696916325e-05,-2.516152979326422,-2.43828082600518,-2.4765049834314965,-4.257083454655454,-4.513545528427051,-4.021342309215737,S,synonymous,-0.9957861645431777,-1.202877167166921,-0.8735952779864731,-0.04313973828659523,-0.19570726867079236,0.0672640483372473,-0.04313973828659523
335,ortho,ttgattaaatctttgattgatcca,4.0,ttg,5.0,,LIKSLIDP,,False,False,11.0,2.0,6.0,14.0,8.0,20.0,441.0,705.0,496.0,True,False,True,True,False,False,1.0,both,0.0030468215640350694,0.0036451816386254823,0.003338066747875011,5.532437868746863e-05,3.065169331448254e-05,9.520454696916325e-05,-2.516152979326422,-2.43828082600518,-2.4765049834314965,-4.257083454655454,-4.513545528427051,-4.021342309215737,L,synonymous,-0.9957861645431777,-1.202877167166921,-0.8735952779864731,-0.04313973828659523,-0.19570726867079236,0.0672640483372473,-0.04313973828659523
336,ortho,ttgattaaatctttgattgatcca,5.0,att,6.0,,LIKSLIDP,,False,False,11.0,2.0,6.0,14.0,8.0,20.0,441.0,705.0,496.0,True,False,True,True,False,False,1.0,both,0.0030468215640350694,0.0036451816386254823,0.003338066747875011,5.532437868746863e-05,3.065169331448254e-05,9.520454696916325e-05,-2.516152979326422,-2.43828082600518,-2.4765049834314965,-4.257083454655454,-4.513545528427051,-4.021342309215737,I,non-synonymous,-0.9957861645431777,-1.202877167166921,-0.8735952779864731,-0.04313973828659523,-0.19570726867079236,0.0672640483372473,-0.04313973828659523
337,ortho,ttgattttgtctatgagagatcca,0.0,ttg,1.0,,LILSMRDP,,False,False,7.0,1.0,5.0,19.0,18.0,9.0,401.0,550.0,372.0,True,False,True,True,False,False,1.0,both,0.0027704658666169225,0.0028437587251688157,0.002503550060906258,7.508308536156458e-05,6.896630995758572e-05,4.284204613612346e-05,-2.557447196174078,-2.5461072535023352,-2.6014437200397964,-4.124457889380864,-4.161363010315689,-4.368129795440394,L,synonymous,-0.8963066533094132,-0.9362440688834757,-0.9990492768362653,0.0563397729471693,0.07092582961265292,-0.05818995051254494,0.0563397729471693
338,ortho,ttgattttgtctatgagagatcca,1.0,att,2.0,,LILSMRDP,,False,False,7.0,1.0,5.0,19.0,18.0,9.0,401.0,550.0,372.0,True,False,True,True,False,False,1.0,both,0.0027704658666169225,0.0028437587251688157,0.002503550060906258,7.508308536156458e-05,6.896630995758572e-05,4.284204613612346e-05,-2.557447196174078,-2.5461072535023352,-2.6014437200397964,-4.124457889380864,-4.161363010315689,-4.368129795440394,I,synonymous,-0.8963066533094132,-0.9362440688834757,-0.9990492768362653,0.0563397729471693,0.07092582961265292,-0.05818995051254494,0.0563397729471693
339,ortho,ttgattttgtctatgagagatcca,2.0,ttg,3.0,,LILSMRDP,,False,False,7.0,1.0,5.0,19.0,18.0,9.0,401.0,550.0,372.0,True,False,True,True,False,False,1.0,both,0.0027704658666169225,0.0028437587251688157,0.002503550060906258,7.508308536156458e-05,6.896630995758572e-05,4.284204613612346e-05,-2.557447196174078,-2.5461072535023352,-2.6014437200397964,-4.124457889380864,-4.161363010315689,-4.368129795440394,L,synonymous,-0.8963066533094132,-0.9362440688834757,-0.9990492768362653,0.0563397729471693,0.07092582961265292,-0.05818995051254494,0.0563397729471693
340,ortho,ttgattttgtctatgagagatcca,3.0,tct,4.0,,LILSMRDP,,False,False,7.0,1.0,5.0,19.0,18.0,9.0,401.0,550.0,372.0,True,False,True,True,False,False,1.0,both,0.0027704658666169225,0.0028437587251688157,0.002503550060906258,7.508308536156458e-05,6.896630995758572e-05,4.284204613612346e-05,-2.557447196174078,-2.5461072535023352,-2.6014437200397964,-4.124457889380864,-4.161363010315689,-4.368129795440394,S,synonymous,-0.8963066533094132,-0.9362440688834757,-0.9990492768362653,0.0563397729471693,0.07092582961265292,-0.05818995051254494,0.0563397729471693
341,ortho,ttgattttgtctatgagagatcca,4.0,atg,5.0,,LILSMRDP,,False,False,7.0,1.0,5.0,19.0,18.0,9.0,401.0,550.0,372.0,True,False,True,True,False,False,1.0,both,0.0027704658666169225,0.0028437587251688157,0.002503550060906258,7.508308536156458e-05,6.896630995758572e-05,4.284204613612346e-05,-2.557447196174078,-2.5461072535023352,-2.6014437200397964,-4.124457889380864,-4.161363010315689,-4.368129795440394,M,non-synonymous,-0.8963066533094132,-0.9362440688834757,-0.9990492768362653,0.0563397729471693,0.07092582961265292,-0.05818995051254494,0.0563397729471693
342,ortho,ttgattttgtctattagagatcca,0.0,ttg,1.0,,LILSIRDP,,False,False,7.0,1.0,5.0,24.0,20.0,19.0,343.0,510.0,346.0,True,False,True,True,False,False,1.0,both,0.0023697501053606095,0.002636939908792902,0.0023285707555741005,9.484179203566051e-05,7.662923328620635e-05,9.044431962070508e-05,-2.62529744875149,-2.5788997668986426,-2.6329105611289174,-4.023000248622087,-4.115605519755014,-4.04361870392689,L,synonymous,-0.799465073406422,-0.8907144522854299,-0.7977461131965792,0.15318135285016043,0.1164554462106987,0.1431132131271412,0.1431132131271412
343,ortho,ttgattttgtctattagagatcca,1.0,att,2.0,,LILSIRDP,,False,False,7.0,1.0,5.0,24.0,20.0,19.0,343.0,510.0,346.0,True,False,True,True,False,False,1.0,both,0.0023697501053606095,0.002636939908792902,0.0023285707555741005,9.484179203566051e-05,7.662923328620635e-05,9.044431962070508e-05,-2.62529744875149,-2.5788997668986426,-2.6329105611289174,-4.023000248622087,-4.115605519755014,-4.04361870392689,I,synonymous,-0.799465073406422,-0.8907144522854299,-0.7977461131965792,0.15318135285016043,0.1164554462106987,0.1431132131271412,0.1431132131271412
344,ortho,ttgattttgtctattagagatcca,2.0,ttg,3.0,,LILSIRDP,,False,False,7.0,1.0,5.0,24.0,20.0,19.0,343.0,510.0,346.0,True,False,True,True,False,False,1.0,both,0.0023697501053606095,0.002636939908792902,0.0023285707555741005,9.484179203566051e-05,7.662923328620635e-05,9.044431962070508e-05,-2.62529744875149,-2.5788997668986426,-2.6329105611289174,-4.023000248622087,-4.115605519755014,-4.04361870392689,L,synonymous,-0.799465073406422,-0.8907144522854299,-0.7977461131965792,0.15318135285016043,0.1164554462106987,0.1431132131271412,0.1431132131271412
345,ortho,ttgattttgtctattagagatcca,3.0,tct,4.0,,LILSIRDP,,False,False,7.0,1.0,5.0,24.0,20.0,19.0,343.0,510.0,346.0,True,False,True,True,False,False,1.0,both,0.0023697501053606095,0.002636939908792902,0.0023285707555741005,9.484179203566051e-05,7.662923328620635e-05,9.044431962070508e-05,-2.62529744875149,-2.5788997668986426,-2.6329105611289174,-4.023000248622087,-4.115605519755014,-4.04361870392689,S,synonymous,-0.799465073406422,-0.8907144522854299,-0.7977461131965792,0.15318135285016043,0.1164554462106987,0.1431132131271412,0.1431132131271412
346,ortho,ttgattttgtctattagagatcca,4.0,att,5.0,,LILSIRDP,,False,False,7.0,1.0,5.0,24.0,20.0,19.0,343.0,510.0,346.0,True,False,True,True,False,False,1.0,both,0.0023697501053606095,0.002636939908792902,0.0023285707555741005,9.484179203566051e-05,7.662923328620635e-05,9.044431962070508e-05,-2.62529744875149,-2.5788997668986426,-2.6329105611289174,-4.023000248622087,-4.115605519755014,-4.04361870392689,I,non-synonymous,-0.799465073406422,-0.8907144522854299,-0.7977461131965792,0.15318135285016043,0.1164554462106987,0.1431132131271412,0.1431132131271412
347,ortho,ttgattttgtctgctagagatcca,0.0,ttg,1.0,,LILSARDP,,False,False,8.0,1.0,5.0,9.0,4.0,8.0,274.0,352.0,255.0,True,False,True,True,False,False,1.0,both,0.0018930365273143062,0.001820005584108042,0.001716143186911548,3.556567201337269e-05,1.532584665724127e-05,3.80818187876653e-05,-2.722841005973873,-2.7399272795184477,-2.7654464794877387,-4.448968980894368,-4.814575524091032,-4.419282317887776,L,synonymous,-0.9873193559506748,-1.202519852232319,-0.9352332150944263,-0.0346729296940923,-0.19534995373619046,0.0056261112292941284,-0.0346729296940923
348,ortho,ttgattttgtctgctagagatcca,1.0,att,2.0,,LILSARDP,,False,False,8.0,1.0,5.0,9.0,4.0,8.0,274.0,352.0,255.0,True,False,True,True,False,False,1.0,both,0.0018930365273143062,0.001820005584108042,0.001716143186911548,3.556567201337269e-05,1.532584665724127e-05,3.80818187876653e-05,-2.722841005973873,-2.7399272795184477,-2.7654464794877387,-4.448968980894368,-4.814575524091032,-4.419282317887776,I,synonymous,-0.9873193559506748,-1.202519852232319,-0.9352332150944263,-0.0346729296940923,-0.19534995373619046,0.0056261112292941284,-0.0346729296940923
349,ortho,ttgattttgtctgctagagatcca,2.0,ttg,3.0,,LILSARDP,,False,False,8.0,1.0,5.0,9.0,4.0,8.0,274.0,352.0,255.0,True,False,True,True,False,False,1.0,both,0.0018930365273143062,0.001820005584108042,0.001716143186911548,3.556567201337269e-05,1.532584665724127e-05,3.80818187876653e-05,-2.722841005973873,-2.7399272795184477,-2.7654464794877387,-4.448968980894368,-4.814575524091032,-4.419282317887776,L,synonymous,-0.9873193559506748,-1.202519852232319,-0.9352332150944263,-0.0346729296940923,-0.19534995373619046,0.0056261112292941284,-0.0346729296940923
350,ortho,ttgattttgtctgctagagatcca,3.0,tct,4.0,,LILSARDP,,False,False,8.0,1.0,5.0,9.0,4.0,8.0,274.0,352.0,255.0,True,False,True,True,False,False,1.0,both,0.0018930365273143062,0.001820005584108042,0.001716143186911548,3.556567201337269e-05,1.532584665724127e-05,3.80818187876653e-05,-2.722841005973873,-2.7399272795184477,-2.7654464794877387,-4.448968980894368,-4.814575524091032,-4.419282317887776,S,synonymous,-0.9873193559506748,-1.202519852232319,-0.9352332150944263,-0.0346729296940923,-0.19534995373619046,0.0056261112292941284,-0.0346729296940923
351,ortho,ttgattttgtctgctagagatcca,4.0,gct,5.0,,LILSARDP,,False,False,8.0,1.0,5.0,9.0,4.0,8.0,274.0,352.0,255.0,True,False,True,True,False,False,1.0,both,0.0018930365273143062,0.001820005584108042,0.001716143186911548,3.556567201337269e-05,1.532584665724127e-05,3.80818187876653e-05,-2.722841005973873,-2.7399272795184477,-2.7654464794877387,-4.448968980894368,-4.814575524091032,-4.419282317887776,A,non-synonymous,-0.9873193559506748,-1.202519852232319,-0.9352332150944263,-0.0346729296940923,-0.19534995373619046,0.0056261112292941284,-0.0346729296940923
352,ortho,ttgattttgtctttgaaagatcca,0.0,ttg,1.0,,LILSLKDP,,False,False,8.0,1.0,6.0,15.0,14.0,16.0,552.0,804.0,539.0,True,False,True,True,False,False,1.0,both,0.003813708624370427,0.004157058209155869,0.003627455599001272,5.927612002228782e-05,5.364046330034445e-05,7.61636375753306e-05,-2.4186524910650617,-2.381213894248128,-2.4403978947349554,-4.227120231278011,-4.270507479740757,-4.118252322223794,L,synonymous,-1.0344164688060646,-1.0950834914755008,-0.948815568175663,-0.08177004254948217,-0.08791359297937218,-0.007956241851942658,-0.08177004254948217
353,ortho,ttgattttgtctttgaaagatcca,1.0,att,2.0,,LILSLKDP,,False,False,8.0,1.0,6.0,15.0,14.0,16.0,552.0,804.0,539.0,True,False,True,True,False,False,1.0,both,0.003813708624370427,0.004157058209155869,0.003627455599001272,5.927612002228782e-05,5.364046330034445e-05,7.61636375753306e-05,-2.4186524910650617,-2.381213894248128,-2.4403978947349554,-4.227120231278011,-4.270507479740757,-4.118252322223794,I,synonymous,-1.0344164688060646,-1.0950834914755008,-0.948815568175663,-0.08177004254948217,-0.08791359297937218,-0.007956241851942658,-0.08177004254948217
354,ortho,ttgattttgtctttgaaagatcca,2.0,ttg,3.0,,LILSLKDP,,False,False,8.0,1.0,6.0,15.0,14.0,16.0,552.0,804.0,539.0,True,False,True,True,False,False,1.0,both,0.003813708624370427,0.004157058209155869,0.003627455599001272,5.927612002228782e-05,5.364046330034445e-05,7.61636375753306e-05,-2.4186524910650617,-2.381213894248128,-2.4403978947349554,-4.227120231278011,-4.270507479740757,-4.118252322223794,L,synonymous,-1.0344164688060646,-1.0950834914755008,-0.948815568175663,-0.08177004254948217,-0.08791359297937218,-0.007956241851942658,-0.08177004254948217
355,ortho,ttgattttgtctttgaaagatcca,3.0,tct,4.0,,LILSLKDP,,False,False,8.0,1.0,6.0,15.0,14.0,16.0,552.0,804.0,539.0,True,False,True,True,False,False,1.0,both,0.003813708624370427,0.004157058209155869,0.003627455599001272,5.927612002228782e-05,5.364046330034445e-05,7.61636375753306e-05,-2.4186524910650617,-2.381213894248128,-2.4403978947349554,-4.227120231278011,-4.270507479740757,-4.118252322223794,S,synonymous,-1.0344164688060646,-1.0950834914755008,-0.948815568175663,-0.08177004254948217,-0.08791359297937218,-0.007956241851942658,-0.08177004254948217
356,ortho,ttgattttgtctttgaaagatcca,4.0,ttg,5.0,,LILSLKDP,,False,False,8.0,1.0,6.0,15.0,14.0,16.0,552.0,804.0,539.0,True,False,True,True,False,False,1.0,both,0.003813708624370427,0.004157058209155869,0.003627455599001272,5.927612002228782e-05,5.364046330034445e-05,7.61636375753306e-05,-2.4186524910650617,-2.381213894248128,-2.4403978947349554,-4.227120231278011,-4.270507479740757,-4.118252322223794,L,synonymous,-1.0344164688060646,-1.0950834914755008,-0.948815568175663,-0.08177004254948217,-0.08791359297937218,-0.007956241851942658,-0.08177004254948217
357,ortho,ttgattttgtctttgaaagatcca,5.0,aaa,6.0,,LILSLKDP,,False,False,8.0,1.0,6.0,15.0,14.0,16.0,552.0,804.0,539.0,True,False,True,True,False,False,1.0,both,0.003813708624370427,0.004157058209155869,0.003627455599001272,5.927612002228782e-05,5.364046330034445e-05,7.61636375753306e-05,-2.4186524910650617,-2.381213894248128,-2.4403978947349554,-4.227120231278011,-4.270507479740757,-4.118252322223794,K,non-synonymous,-1.0344164688060646,-1.0950834914755008,-0.948815568175663,-0.08177004254948217,-0.08791359297937218,-0.007956241851942658,-0.08177004254948217
358,ortho,ttgattttgtctttgagagatcca,0.0,ttg,1.0,,LILSLRDP,,False,False,7.0,0.0,5.0,16.0,14.0,8.0,430.0,638.0,505.0,True,False,True,True,False,False,1.0,both,0.0029708237472450792,0.0032987601211958264,0.0033986365074130656,6.322786135710702e-05,5.364046330034445e-05,3.80818187876653e-05,-2.527123113214674,-2.4816492642754167,-2.4686952818030323,-4.1990915076777675,-4.270507479740757,-4.419282317887776,L,synonymous,-0.9563408868726662,-1.0368685499112764,-1.1030440523310172,-0.0036944606160836946,-0.029698651415147825,-0.16218472600729683,-0.029698651415147825
359,ortho,ttgattttgtctttgagagatcca,1.0,att,2.0,,LILSLRDP,,False,False,7.0,0.0,5.0,16.0,14.0,8.0,430.0,638.0,505.0,True,False,True,True,False,False,1.0,both,0.0029708237472450792,0.0032987601211958264,0.0033986365074130656,6.322786135710702e-05,5.364046330034445e-05,3.80818187876653e-05,-2.527123113214674,-2.4816492642754167,-2.4686952818030323,-4.1990915076777675,-4.270507479740757,-4.419282317887776,I,synonymous,-0.9563408868726662,-1.0368685499112764,-1.1030440523310172,-0.0036944606160836946,-0.029698651415147825,-0.16218472600729683,-0.029698651415147825
360,ortho,ttgattttgtctttgagagatcca,2.0,ttg,3.0,,LILSLRDP,,False,False,7.0,0.0,5.0,16.0,14.0,8.0,430.0,638.0,505.0,True,False,True,True,False,False,1.0,both,0.0029708237472450792,0.0032987601211958264,0.0033986365074130656,6.322786135710702e-05,5.364046330034445e-05,3.80818187876653e-05,-2.527123113214674,-2.4816492642754167,-2.4686952818030323,-4.1990915076777675,-4.270507479740757,-4.419282317887776,L,synonymous,-0.9563408868726662,-1.0368685499112764,-1.1030440523310172,-0.0036944606160836946,-0.029698651415147825,-0.16218472600729683,-0.029698651415147825
361,ortho,ttgattttgtctttgagagatcca,3.0,tct,4.0,,LILSLRDP,,False,False,7.0,0.0,5.0,16.0,14.0,8.0,430.0,638.0,505.0,True,False,True,True,False,False,1.0,both,0.0029708237472450792,0.0032987601211958264,0.0033986365074130656,6.322786135710702e-05,5.364046330034445e-05,3.80818187876653e-05,-2.527123113214674,-2.4816492642754167,-2.4686952818030323,-4.1990915076777675,-4.270507479740757,-4.419282317887776,S,synonymous,-0.9563408868726662,-1.0368685499112764,-1.1030440523310172,-0.0036944606160836946,-0.029698651415147825,-0.16218472600729683,-0.029698651415147825
362,ortho,ttgattttgtctttgagagatcca,4.0,ttg,5.0,,LILSLRDP,,False,False,7.0,0.0,5.0,16.0,14.0,8.0,430.0,638.0,505.0,True,False,True,True,False,False,1.0,both,0.0029708237472450792,0.0032987601211958264,0.0033986365074130656,6.322786135710702e-05,5.364046330034445e-05,3.80818187876653e-05,-2.527123113214674,-2.4816492642754167,-2.4686952818030323,-4.1990915076777675,-4.270507479740757,-4.419282317887776,L,synonymous,-0.9563408868726662,-1.0368685499112764,-1.1030440523310172,-0.0036944606160836946,-0.029698651415147825,-0.16218472600729683,-0.029698651415147825
363,ortho,ttgattttgtcttttagagatcca,0.0,ttg,1.0,,LILSFRDP,,False,False,7.0,1.0,5.0,31.0,14.0,27.0,243.0,364.0,298.0,True,False,True,True,False,False,1.0,both,0.0016788608618152423,0.0018820512290208162,0.002005532038037809,0.00012250398137939484,5.364046330034445e-05,0.00012852613840837039,-2.7749852951959486,-2.725368559347523,-2.6977703958454384,-3.91184979649942,-4.270507479740757,-3.8910085407207315,L,synonymous,-0.6502694722167562,-0.8956025345937481,-0.6747682694339443,0.30237695403982623,0.11156736390238053,0.2660910568897761,0.2660910568897761
364,ortho,ttgattttgtcttttagagatcca,1.0,att,2.0,,LILSFRDP,,False,False,7.0,1.0,5.0,31.0,14.0,27.0,243.0,364.0,298.0,True,False,True,True,False,False,1.0,both,0.0016788608618152423,0.0018820512290208162,0.002005532038037809,0.00012250398137939484,5.364046330034445e-05,0.00012852613840837039,-2.7749852951959486,-2.725368559347523,-2.6977703958454384,-3.91184979649942,-4.270507479740757,-3.8910085407207315,I,synonymous,-0.6502694722167562,-0.8956025345937481,-0.6747682694339443,0.30237695403982623,0.11156736390238053,0.2660910568897761,0.2660910568897761
365,ortho,ttgattttgtcttttagagatcca,2.0,ttg,3.0,,LILSFRDP,,False,False,7.0,1.0,5.0,31.0,14.0,27.0,243.0,364.0,298.0,True,False,True,True,False,False,1.0,both,0.0016788608618152423,0.0018820512290208162,0.002005532038037809,0.00012250398137939484,5.364046330034445e-05,0.00012852613840837039,-2.7749852951959486,-2.725368559347523,-2.6977703958454384,-3.91184979649942,-4.270507479740757,-3.8910085407207315,L,synonymous,-0.6502694722167562,-0.8956025345937481,-0.6747682694339443,0.30237695403982623,0.11156736390238053,0.2660910568897761,0.2660910568897761
366,ortho,ttgattttgtcttttagagatcca,3.0,tct,4.0,,LILSFRDP,,False,False,7.0,1.0,5.0,31.0,14.0,27.0,243.0,364.0,298.0,True,False,True,True,False,False,1.0,both,0.0016788608618152423,0.0018820512290208162,0.002005532038037809,0.00012250398137939484,5.364046330034445e-05,0.00012852613840837039,-2.7749852951959486,-2.725368559347523,-2.6977703958454384,-3.91184979649942,-4.270507479740757,-3.8910085407207315,S,synonymous,-0.6502694722167562,-0.8956025345937481,-0.6747682694339443,0.30237695403982623,0.11156736390238053,0.2660910568897761,0.2660910568897761
367,ortho,ttgattttgtcttttagagatcca,4.0,ttt,5.0,,LILSFRDP,,False,False,7.0,1.0,5.0,31.0,14.0,27.0,243.0,364.0,298.0,True,False,True,True,False,False,1.0,both,0.0016788608618152423,0.0018820512290208162,0.002005532038037809,0.00012250398137939484,5.364046330034445e-05,0.00012852613840837039,-2.7749852951959486,-2.725368559347523,-2.6977703958454384,-3.91184979649942,-4.270507479740757,-3.8910085407207315,F,non-synonymous,-0.6502694722167562,-0.8956025345937481,-0.6747682694339443,0.30237695403982623,0.11156736390238053,0.2660910568897761,0.2660910568897761
368,ortho,ttggctttgaatttgtctgattct,0.0,ttg,1.0,,LALNLSDS,,False,False,16.0,4.0,7.0,546.0,474.0,355.0,122.0,184.0,156.0,True,False,True,True,False,False,1.0,both,0.0008428848771253481,0.0009513665553292039,0.001049875831992947,0.002157650768811277,0.0018161128288830906,0.0016898807087026477,-3.0742317381195123,-3.0216521199870425,-2.9788620615672325,-2.6660188476289557,-2.74085717374491,-2.7721439518246247,L,synonymous,0.23349166109683356,0.1627560229287136,0.11689772219463664,1.186138087353416,1.1699259214248423,1.057757048518357,1.1699259214248423
369,ortho,ttggctttgaatttgtctgattct,1.0,gct,2.0,,LALNLSDS,,False,False,16.0,4.0,7.0,546.0,474.0,355.0,122.0,184.0,156.0,True,False,True,True,False,False,1.0,both,0.0008428848771253481,0.0009513665553292039,0.001049875831992947,0.002157650768811277,0.0018161128288830906,0.0016898807087026477,-3.0742317381195123,-3.0216521199870425,-2.9788620615672325,-2.6660188476289557,-2.74085717374491,-2.7721439518246247,A,non-synonymous,0.23349166109683356,0.1627560229287136,0.11689772219463664,1.186138087353416,1.1699259214248423,1.057757048518357,1.1699259214248423
370,ortho,ttggctttgaatttgtctgattct,2.0,ttg,3.0,,LALNLSDS,,False,False,16.0,4.0,7.0,546.0,474.0,355.0,122.0,184.0,156.0,True,False,True,True,False,False,1.0,both,0.0008428848771253481,0.0009513665553292039,0.001049875831992947,0.002157650768811277,0.0018161128288830906,0.0016898807087026477,-3.0742317381195123,-3.0216521199870425,-2.9788620615672325,-2.6660188476289557,-2.74085717374491,-2.7721439518246247,L,synonymous,0.23349166109683356,0.1627560229287136,0.11689772219463664,1.186138087353416,1.1699259214248423,1.057757048518357,1.1699259214248423
371,ortho,ttggctttgaatttgtctgattct,3.0,aat,4.0,,LALNLSDS,,False,False,16.0,4.0,7.0,546.0,474.0,355.0,122.0,184.0,156.0,True,False,True,True,False,False,1.0,both,0.0008428848771253481,0.0009513665553292039,0.001049875831992947,0.002157650768811277,0.0018161128288830906,0.0016898807087026477,-3.0742317381195123,-3.0216521199870425,-2.9788620615672325,-2.6660188476289557,-2.74085717374491,-2.7721439518246247,N,non-synonymous,0.23349166109683356,0.1627560229287136,0.11689772219463664,1.186138087353416,1.1699259214248423,1.057757048518357,1.1699259214248423
372,ortho,ttggctttgaatttgtctgattct,4.0,ttg,5.0,,LALNLSDS,,False,False,16.0,4.0,7.0,546.0,474.0,355.0,122.0,184.0,156.0,True,False,True,True,False,False,1.0,both,0.0008428848771253481,0.0009513665553292039,0.001049875831992947,0.002157650768811277,0.0018161128288830906,0.0016898807087026477,-3.0742317381195123,-3.0216521199870425,-2.9788620615672325,-2.6660188476289557,-2.74085717374491,-2.7721439518246247,L,synonymous,0.23349166109683356,0.1627560229287136,0.11689772219463664,1.186138087353416,1.1699259214248423,1.057757048518357,1.1699259214248423
373,ortho,ttggctttgaatttgtctgattct,5.0,tct,6.0,,LALNLSDS,,False,False,16.0,4.0,7.0,546.0,474.0,355.0,122.0,184.0,156.0,True,False,True,True,False,False,1.0,both,0.0008428848771253481,0.0009513665553292039,0.001049875831992947,0.002157650768811277,0.0018161128288830906,0.0016898807087026477,-3.0742317381195123,-3.0216521199870425,-2.9788620615672325,-2.6660188476289557,-2.74085717374491,-2.7721439518246247,S,non-synonymous,0.23349166109683356,0.1627560229287136,0.11689772219463664,1.186138087353416,1.1699259214248423,1.057757048518357,1.1699259214248423
374,ortho,ttggctttgaatttgtctgattct,7.0,tct,7.0,,LALNLSDS,,False,False,16.0,4.0,7.0,546.0,474.0,355.0,122.0,184.0,156.0,True,False,True,True,False,False,1.0,both,0.0008428848771253481,0.0009513665553292039,0.001049875831992947,0.002157650768811277,0.0018161128288830906,0.0016898807087026477,-3.0742317381195123,-3.0216521199870425,-2.9788620615672325,-2.6660188476289557,-2.74085717374491,-2.7721439518246247,S,non-synonymous,0.23349166109683356,0.1627560229287136,0.11689772219463664,1.186138087353416,1.1699259214248423,1.057757048518357,1.1699259214248423
375,ortho,ttggctttgtctattagagatcca,0.0,ttg,1.0,,LALSIRDP,,False,False,9.0,2.0,5.0,14.0,8.0,3.0,322.0,529.0,332.0,True,False,True,True,False,False,1.0,both,0.0022246633642160826,0.002735178846571461,0.0022343511296260155,5.532437868746863e-05,3.065169331448254e-05,1.4280682045374487e-05,-2.6527356970984295,-2.5630142709613932,-2.6508485762176575,-4.257083454655454,-4.513545528427051,-4.845251050160056,L,synonymous,-0.9176628950614568,-1.13057843209722,-1.2409200679202474,0.03498353119512565,-0.1234085336010915,-0.30006074159652707,-0.1234085336010915
376,ortho,ttggctttgtctattagagatcca,1.0,gct,2.0,,LALSIRDP,,False,False,9.0,2.0,5.0,14.0,8.0,3.0,322.0,529.0,332.0,True,False,True,True,False,False,1.0,both,0.0022246633642160826,0.002735178846571461,0.0022343511296260155,5.532437868746863e-05,3.065169331448254e-05,1.4280682045374487e-05,-2.6527356970984295,-2.5630142709613932,-2.6508485762176575,-4.257083454655454,-4.513545528427051,-4.845251050160056,A,non-synonymous,-0.9176628950614568,-1.13057843209722,-1.2409200679202474,0.03498353119512565,-0.1234085336010915,-0.30006074159652707,-0.1234085336010915
377,ortho,ttggctttgtctattagagatcca,2.0,ttg,3.0,,LALSIRDP,,False,False,9.0,2.0,5.0,14.0,8.0,3.0,322.0,529.0,332.0,True,False,True,True,False,False,1.0,both,0.0022246633642160826,0.002735178846571461,0.0022343511296260155,5.532437868746863e-05,3.065169331448254e-05,1.4280682045374487e-05,-2.6527356970984295,-2.5630142709613932,-2.6508485762176575,-4.257083454655454,-4.513545528427051,-4.845251050160056,L,synonymous,-0.9176628950614568,-1.13057843209722,-1.2409200679202474,0.03498353119512565,-0.1234085336010915,-0.30006074159652707,-0.1234085336010915
378,ortho,ttggctttgtctattagagatcca,3.0,tct,4.0,,LALSIRDP,,False,False,9.0,2.0,5.0,14.0,8.0,3.0,322.0,529.0,332.0,True,False,True,True,False,False,1.0,both,0.0022246633642160826,0.002735178846571461,0.0022343511296260155,5.532437868746863e-05,3.065169331448254e-05,1.4280682045374487e-05,-2.6527356970984295,-2.5630142709613932,-2.6508485762176575,-4.257083454655454,-4.513545528427051,-4.845251050160056,S,synonymous,-0.9176628950614568,-1.13057843209722,-1.2409200679202474,0.03498353119512565,-0.1234085336010915,-0.30006074159652707,-0.1234085336010915
379,ortho,ttggctttgtctattagagatcca,4.0,att,5.0,,LALSIRDP,,False,False,9.0,2.0,5.0,14.0,8.0,3.0,322.0,529.0,332.0,True,False,True,True,False,False,1.0,both,0.0022246633642160826,0.002735178846571461,0.0022343511296260155,5.532437868746863e-05,3.065169331448254e-05,1.4280682045374487e-05,-2.6527356970984295,-2.5630142709613932,-2.6508485762176575,-4.257083454655454,-4.513545528427051,-4.845251050160056,I,non-synonymous,-0.9176628950614568,-1.13057843209722,-1.2409200679202474,0.03498353119512565,-0.1234085336010915,-0.30006074159652707,-0.1234085336010915
380,ortho,ttggctttgtcttttaaagatcca,0.0,ttg,1.0,,LALSFKDP,,False,False,10.0,3.0,6.0,12.0,16.0,7.0,385.0,562.0,441.0,True,False,True,True,False,False,1.0,both,0.002659923587649664,0.00290580437008159,0.002967918217364677,4.7420896017830255e-05,6.130338662896508e-05,3.3321591439207134e-05,-2.5751308392857597,-2.536733627427518,-2.5275480704538555,-4.324030244286068,-4.212515532763071,-4.4772742648654615,L,synonymous,-1.0003442729945644,-0.9713265920859092,-1.1025572520652587,-0.04769784673798194,0.03584330641021938,-0.1616979257415383,-0.04769784673798194
381,ortho,ttggctttgtcttttaaagatcca,1.0,gct,2.0,,LALSFKDP,,False,False,10.0,3.0,6.0,12.0,16.0,7.0,385.0,562.0,441.0,True,False,True,True,False,False,1.0,both,0.002659923587649664,0.00290580437008159,0.002967918217364677,4.7420896017830255e-05,6.130338662896508e-05,3.3321591439207134e-05,-2.5751308392857597,-2.536733627427518,-2.5275480704538555,-4.324030244286068,-4.212515532763071,-4.4772742648654615,A,non-synonymous,-1.0003442729945644,-0.9713265920859092,-1.1025572520652587,-0.04769784673798194,0.03584330641021938,-0.1616979257415383,-0.04769784673798194
382,ortho,ttggctttgtcttttaaagatcca,2.0,ttg,3.0,,LALSFKDP,,False,False,10.0,3.0,6.0,12.0,16.0,7.0,385.0,562.0,441.0,True,False,True,True,False,False,1.0,both,0.002659923587649664,0.00290580437008159,0.002967918217364677,4.7420896017830255e-05,6.130338662896508e-05,3.3321591439207134e-05,-2.5751308392857597,-2.536733627427518,-2.5275480704538555,-4.324030244286068,-4.212515532763071,-4.4772742648654615,L,synonymous,-1.0003442729945644,-0.9713265920859092,-1.1025572520652587,-0.04769784673798194,0.03584330641021938,-0.1616979257415383,-0.04769784673798194
383,ortho,ttggctttgtcttttaaagatcca,3.0,tct,4.0,,LALSFKDP,,False,False,10.0,3.0,6.0,12.0,16.0,7.0,385.0,562.0,441.0,True,False,True,True,False,False,1.0,both,0.002659923587649664,0.00290580437008159,0.002967918217364677,4.7420896017830255e-05,6.130338662896508e-05,3.3321591439207134e-05,-2.5751308392857597,-2.536733627427518,-2.5275480704538555,-4.324030244286068,-4.212515532763071,-4.4772742648654615,S,synonymous,-1.0003442729945644,-0.9713265920859092,-1.1025572520652587,-0.04769784673798194,0.03584330641021938,-0.1616979257415383,-0.04769784673798194
384,ortho,ttggctttgtcttttaaagatcca,4.0,ttt,5.0,,LALSFKDP,,False,False,10.0,3.0,6.0,12.0,16.0,7.0,385.0,562.0,441.0,True,False,True,True,False,False,1.0,both,0.002659923587649664,0.00290580437008159,0.002967918217364677,4.7420896017830255e-05,6.130338662896508e-05,3.3321591439207134e-05,-2.5751308392857597,-2.536733627427518,-2.5275480704538555,-4.324030244286068,-4.212515532763071,-4.4772742648654615,F,non-synonymous,-1.0003442729945644,-0.9713265920859092,-1.1025572520652587,-0.04769784673798194,0.03584330641021938,-0.1616979257415383,-0.04769784673798194
385,ortho,ttggctttgtcttttaaagatcca,5.0,aaa,6.0,,LALSFKDP,,False,False,10.0,3.0,6.0,12.0,16.0,7.0,385.0,562.0,441.0,True,False,True,True,False,False,1.0,both,0.002659923587649664,0.00290580437008159,0.002967918217364677,4.7420896017830255e-05,6.130338662896508e-05,3.3321591439207134e-05,-2.5751308392857597,-2.536733627427518,-2.5275480704538555,-4.324030244286068,-4.212515532763071,-4.4772742648654615,K,non-synonymous,-1.0003442729945644,-0.9713265920859092,-1.1025572520652587,-0.04769784673798194,0.03584330641021938,-0.1616979257415383,-0.04769784673798194
386,ortho,ttggctttgtcttttagagatcca,0.0,ttg,1.0,,LALSFRDP,,False,False,9.0,2.0,5.0,91.0,71.0,74.0,143.0,225.0,131.0,True,False,True,True,False,False,1.0,both,0.0009879716182698752,0.0011633558421145155,0.0008816264999427952,0.00035960846146854613,0.00027203377816603256,0.00035225682378590403,-3.005255531329199,-2.9342874248852167,-3.0547153642659297,-3.444170098012599,-3.56537716669992,-3.4531405851487427,L,synonymous,-0.25105256017601146,-0.3657959584511138,-0.2253068240808125,0.701593866080571,0.6413739400450148,0.7155525022429079,0.701593866080571
387,ortho,ttggctttgtcttttagagatcca,1.0,gct,2.0,,LALSFRDP,,False,False,9.0,2.0,5.0,91.0,71.0,74.0,143.0,225.0,131.0,True,False,True,True,False,False,1.0,both,0.0009879716182698752,0.0011633558421145155,0.0008816264999427952,0.00035960846146854613,0.00027203377816603256,0.00035225682378590403,-3.005255531329199,-2.9342874248852167,-3.0547153642659297,-3.444170098012599,-3.56537716669992,-3.4531405851487427,A,non-synonymous,-0.25105256017601146,-0.3657959584511138,-0.2253068240808125,0.701593866080571,0.6413739400450148,0.7155525022429079,0.701593866080571
388,ortho,ttggctttgtcttttagagatcca,2.0,ttg,3.0,,LALSFRDP,,False,False,9.0,2.0,5.0,91.0,71.0,74.0,143.0,225.0,131.0,True,False,True,True,False,False,1.0,both,0.0009879716182698752,0.0011633558421145155,0.0008816264999427952,0.00035960846146854613,0.00027203377816603256,0.00035225682378590403,-3.005255531329199,-2.9342874248852167,-3.0547153642659297,-3.444170098012599,-3.56537716669992,-3.4531405851487427,L,synonymous,-0.25105256017601146,-0.3657959584511138,-0.2253068240808125,0.701593866080571,0.6413739400450148,0.7155525022429079,0.701593866080571
389,ortho,ttggctttgtcttttagagatcca,3.0,tct,4.0,,LALSFRDP,,False,False,9.0,2.0,5.0,91.0,71.0,74.0,143.0,225.0,131.0,True,False,True,True,False,False,1.0,both,0.0009879716182698752,0.0011633558421145155,0.0008816264999427952,0.00035960846146854613,0.00027203377816603256,0.00035225682378590403,-3.005255531329199,-2.9342874248852167,-3.0547153642659297,-3.444170098012599,-3.56537716669992,-3.4531405851487427,S,synonymous,-0.25105256017601146,-0.3657959584511138,-0.2253068240808125,0.701593866080571,0.6413739400450148,0.7155525022429079,0.701593866080571
390,ortho,ttggctttgtcttttagagatcca,4.0,ttt,5.0,,LALSFRDP,,False,False,9.0,2.0,5.0,91.0,71.0,74.0,143.0,225.0,131.0,True,False,True,True,False,False,1.0,both,0.0009879716182698752,0.0011633558421145155,0.0008816264999427952,0.00035960846146854613,0.00027203377816603256,0.00035225682378590403,-3.005255531329199,-2.9342874248852167,-3.0547153642659297,-3.444170098012599,-3.56537716669992,-3.4531405851487427,F,non-synonymous,-0.25105256017601146,-0.3657959584511138,-0.2253068240808125,0.701593866080571,0.6413739400450148,0.7155525022429079,0.701593866080571
391,ortho,ttggctttgtcttttagagatgct,0.0,ttg,1.0,,LALSFRDA,,False,False,11.0,3.0,6.0,1072.0,949.0,724.0,477.0,695.0,489.0,True,False,True,True,False,False,1.0,both,0.0032955416917114016,0.003593476934531504,0.0032909569349009685,0.004236266710926169,0.0036360571194304914,0.0034464046002837096,-2.482073189754147,-2.444485138406465,-2.4826778007980734,-2.3730167049769415,-2.4393693029917025,-2.462633738682572,L,synonymous,0.06237867636519482,0.0029652706973815296,0.011334784396720064,1.0150251026217774,1.01013516919351,0.9521941107204405,1.01013516919351
392,ortho,ttggctttgtcttttagagatgct,1.0,gct,2.0,,LALSFRDA,,False,False,11.0,3.0,6.0,1072.0,949.0,724.0,477.0,695.0,489.0,True,False,True,True,False,False,1.0,both,0.0032955416917114016,0.003593476934531504,0.0032909569349009685,0.004236266710926169,0.0036360571194304914,0.0034464046002837096,-2.482073189754147,-2.444485138406465,-2.4826778007980734,-2.3730167049769415,-2.4393693029917025,-2.462633738682572,A,non-synonymous,0.06237867636519482,0.0029652706973815296,0.011334784396720064,1.0150251026217774,1.01013516919351,0.9521941107204405,1.01013516919351
393,ortho,ttggctttgtcttttagagatgct,2.0,ttg,3.0,,LALSFRDA,,False,False,11.0,3.0,6.0,1072.0,949.0,724.0,477.0,695.0,489.0,True,False,True,True,False,False,1.0,both,0.0032955416917114016,0.003593476934531504,0.0032909569349009685,0.004236266710926169,0.0036360571194304914,0.0034464046002837096,-2.482073189754147,-2.444485138406465,-2.4826778007980734,-2.3730167049769415,-2.4393693029917025,-2.462633738682572,L,synonymous,0.06237867636519482,0.0029652706973815296,0.011334784396720064,1.0150251026217774,1.01013516919351,0.9521941107204405,1.01013516919351
394,ortho,ttggctttgtcttttagagatgct,3.0,tct,4.0,,LALSFRDA,,False,False,11.0,3.0,6.0,1072.0,949.0,724.0,477.0,695.0,489.0,True,False,True,True,False,False,1.0,both,0.0032955416917114016,0.003593476934531504,0.0032909569349009685,0.004236266710926169,0.0036360571194304914,0.0034464046002837096,-2.482073189754147,-2.444485138406465,-2.4826778007980734,-2.3730167049769415,-2.4393693029917025,-2.462633738682572,S,synonymous,0.06237867636519482,0.0029652706973815296,0.011334784396720064,1.0150251026217774,1.01013516919351,0.9521941107204405,1.01013516919351
395,ortho,ttggctttgtcttttagagatgct,4.0,ttt,5.0,,LALSFRDA,,False,False,11.0,3.0,6.0,1072.0,949.0,724.0,477.0,695.0,489.0,True,False,True,True,False,False,1.0,both,0.0032955416917114016,0.003593476934531504,0.0032909569349009685,0.004236266710926169,0.0036360571194304914,0.0034464046002837096,-2.482073189754147,-2.444485138406465,-2.4826778007980734,-2.3730167049769415,-2.4393693029917025,-2.462633738682572,F,non-synonymous,0.06237867636519482,0.0029652706973815296,0.011334784396720064,1.0150251026217774,1.01013516919351,0.9521941107204405,1.01013516919351
396,ortho,ttggctttgtcttttagagatgct,7.0,gct,6.0,,LALSFRDA,,False,False,11.0,3.0,6.0,1072.0,949.0,724.0,477.0,695.0,489.0,True,False,True,True,False,False,1.0,both,0.0032955416917114016,0.003593476934531504,0.0032909569349009685,0.004236266710926169,0.0036360571194304914,0.0034464046002837096,-2.482073189754147,-2.444485138406465,-2.4826778007980734,-2.3730167049769415,-2.4393693029917025,-2.462633738682572,A,non-synonymous,0.06237867636519482,0.0029652706973815296,0.011334784396720064,1.0150251026217774,1.01013516919351,0.9521941107204405,1.01013516919351
397,ortho,ttggttttgtctattaaagatcca,0.0,ttg,1.0,,LVLSIKDP,,False,False,9.0,3.0,6.0,19.0,12.0,17.0,428.0,669.0,412.0,True,False,True,True,False,False,1.0,both,0.0029570059623741716,0.0034590447038871596,0.002772748992186501,7.508308536156458e-05,4.597753997172381e-05,8.092386492378876e-05,-2.5291477997810885,-2.4610438252287556,-2.557089443888559,-4.124457889380864,-4.337454269371371,-4.091923383501445,L,synonymous,-0.9124934843129524,-1.0876160890987188,-0.8679384293479052,0.04015294194363006,-0.08044619060259017,0.07292089697581516,0.04015294194363006
398,ortho,ttggttttgtctattaaagatcca,1.0,gtt,2.0,,LVLSIKDP,,False,False,9.0,3.0,6.0,19.0,12.0,17.0,428.0,669.0,412.0,True,False,True,True,False,False,1.0,both,0.0029570059623741716,0.0034590447038871596,0.002772748992186501,7.508308536156458e-05,4.597753997172381e-05,8.092386492378876e-05,-2.5291477997810885,-2.4610438252287556,-2.557089443888559,-4.124457889380864,-4.337454269371371,-4.091923383501445,V,non-synonymous,-0.9124934843129524,-1.0876160890987188,-0.8679384293479052,0.04015294194363006,-0.08044619060259017,0.07292089697581516,0.04015294194363006
399,ortho,ttggttttgtctattaaagatcca,2.0,ttg,3.0,,LVLSIKDP,,False,False,9.0,3.0,6.0,19.0,12.0,17.0,428.0,669.0,412.0,True,False,True,True,False,False,1.0,both,0.0029570059623741716,0.0034590447038871596,0.002772748992186501,7.508308536156458e-05,4.597753997172381e-05,8.092386492378876e-05,-2.5291477997810885,-2.4610438252287556,-2.557089443888559,-4.124457889380864,-4.337454269371371,-4.091923383501445,L,synonymous,-0.9124934843129524,-1.0876160890987188,-0.8679384293479052,0.04015294194363006,-0.08044619060259017,0.07292089697581516,0.04015294194363006
400,ortho,ttggttttgtctattaaagatcca,3.0,tct,4.0,,LVLSIKDP,,False,False,9.0,3.0,6.0,19.0,12.0,17.0,428.0,669.0,412.0,True,False,True,True,False,False,1.0,both,0.0029570059623741716,0.0034590447038871596,0.002772748992186501,7.508308536156458e-05,4.597753997172381e-05,8.092386492378876e-05,-2.5291477997810885,-2.4610438252287556,-2.557089443888559,-4.124457889380864,-4.337454269371371,-4.091923383501445,S,synonymous,-0.9124934843129524,-1.0876160890987188,-0.8679384293479052,0.04015294194363006,-0.08044619060259017,0.07292089697581516,0.04015294194363006
401,ortho,ttggttttgtctattaaagatcca,4.0,att,5.0,,LVLSIKDP,,False,False,9.0,3.0,6.0,19.0,12.0,17.0,428.0,669.0,412.0,True,False,True,True,False,False,1.0,both,0.0029570059623741716,0.0034590447038871596,0.002772748992186501,7.508308536156458e-05,4.597753997172381e-05,8.092386492378876e-05,-2.5291477997810885,-2.4610438252287556,-2.557089443888559,-4.124457889380864,-4.337454269371371,-4.091923383501445,I,non-synonymous,-0.9124934843129524,-1.0876160890987188,-0.8679384293479052,0.04015294194363006,-0.08044619060259017,0.07292089697581516,0.04015294194363006
402,ortho,ttggttttgtctattaaagatcca,5.0,aaa,6.0,,LVLSIKDP,,False,False,9.0,3.0,6.0,19.0,12.0,17.0,428.0,669.0,412.0,True,False,True,True,False,False,1.0,both,0.0029570059623741716,0.0034590447038871596,0.002772748992186501,7.508308536156458e-05,4.597753997172381e-05,8.092386492378876e-05,-2.5291477997810885,-2.4610438252287556,-2.557089443888559,-4.124457889380864,-4.337454269371371,-4.091923383501445,K,non-synonymous,-0.9124934843129524,-1.0876160890987188,-0.8679384293479052,0.04015294194363006,-0.08044619060259017,0.07292089697581516,0.04015294194363006
403,ortho,ttggttttgtctattagagatcca,0.0,ttg,1.0,,LVLSIRDP,,False,False,8.0,2.0,5.0,35.0,33.0,30.0,664.0,928.0,755.0,True,False,True,True,False,False,1.0,both,0.0045875045771412385,0.004798196539921202,0.0050811298279145834,0.00013831094671867158,0.00012643823492224047,0.00014280682045374486,-2.3384234894262432,-2.318921966777717,-2.2940397082925057,-3.8591434459834173,-3.898121575541108,-3.8452510501600563,L,synonymous,-0.8698290450674856,-0.9153449916839861,-0.8771997418735443,0.08281738118909687,0.0918249068121425,0.06365958445017605,0.08281738118909687
404,ortho,ttggttttgtctattagagatcca,1.0,gtt,2.0,,LVLSIRDP,,False,False,8.0,2.0,5.0,35.0,33.0,30.0,664.0,928.0,755.0,True,False,True,True,False,False,1.0,both,0.0045875045771412385,0.004798196539921202,0.0050811298279145834,0.00013831094671867158,0.00012643823492224047,0.00014280682045374486,-2.3384234894262432,-2.318921966777717,-2.2940397082925057,-3.8591434459834173,-3.898121575541108,-3.8452510501600563,V,non-synonymous,-0.8698290450674856,-0.9153449916839861,-0.8771997418735443,0.08281738118909687,0.0918249068121425,0.06365958445017605,0.08281738118909687
405,ortho,ttggttttgtctattagagatcca,2.0,ttg,3.0,,LVLSIRDP,,False,False,8.0,2.0,5.0,35.0,33.0,30.0,664.0,928.0,755.0,True,False,True,True,False,False,1.0,both,0.0045875045771412385,0.004798196539921202,0.0050811298279145834,0.00013831094671867158,0.00012643823492224047,0.00014280682045374486,-2.3384234894262432,-2.318921966777717,-2.2940397082925057,-3.8591434459834173,-3.898121575541108,-3.8452510501600563,L,synonymous,-0.8698290450674856,-0.9153449916839861,-0.8771997418735443,0.08281738118909687,0.0918249068121425,0.06365958445017605,0.08281738118909687
406,ortho,ttggttttgtctattagagatcca,3.0,tct,4.0,,LVLSIRDP,,False,False,8.0,2.0,5.0,35.0,33.0,30.0,664.0,928.0,755.0,True,False,True,True,False,False,1.0,both,0.0045875045771412385,0.004798196539921202,0.0050811298279145834,0.00013831094671867158,0.00012643823492224047,0.00014280682045374486,-2.3384234894262432,-2.318921966777717,-2.2940397082925057,-3.8591434459834173,-3.898121575541108,-3.8452510501600563,S,synonymous,-0.8698290450674856,-0.9153449916839861,-0.8771997418735443,0.08281738118909687,0.0918249068121425,0.06365958445017605,0.08281738118909687
407,ortho,ttggttttgtctattagagatcca,4.0,att,5.0,,LVLSIRDP,,False,False,8.0,2.0,5.0,35.0,33.0,30.0,664.0,928.0,755.0,True,False,True,True,False,False,1.0,both,0.0045875045771412385,0.004798196539921202,0.0050811298279145834,0.00013831094671867158,0.00012643823492224047,0.00014280682045374486,-2.3384234894262432,-2.318921966777717,-2.2940397082925057,-3.8591434459834173,-3.898121575541108,-3.8452510501600563,I,non-synonymous,-0.8698290450674856,-0.9153449916839861,-0.8771997418735443,0.08281738118909687,0.0918249068121425,0.06365958445017605,0.08281738118909687
408,ortho,ttggttttgtctttgagagatcca,0.0,ttg,1.0,,LVLSLRDP,,False,False,8.0,1.0,5.0,13.0,9.0,6.0,333.0,422.0,375.0,True,False,True,True,False,False,1.0,both,0.002300661181006073,0.0021819385127658914,0.0025237399807522764,5.1372637352649446e-05,3.448315497879286e-05,2.8561364090748974e-05,-2.6381473352879405,-2.661157492034905,-2.597955392193975,-4.289268138026856,-4.462393005979671,-4.5442210544960755,L,synonymous,-0.9444163765621332,-1.0440427526598388,-1.1006003440725993,0.008230049694449293,-0.03687285416371022,-0.15974101774887894,-0.03687285416371022
409,ortho,ttggttttgtctttgagagatcca,1.0,gtt,2.0,,LVLSLRDP,,False,False,8.0,1.0,5.0,13.0,9.0,6.0,333.0,422.0,375.0,True,False,True,True,False,False,1.0,both,0.002300661181006073,0.0021819385127658914,0.0025237399807522764,5.1372637352649446e-05,3.448315497879286e-05,2.8561364090748974e-05,-2.6381473352879405,-2.661157492034905,-2.597955392193975,-4.289268138026856,-4.462393005979671,-4.5442210544960755,V,non-synonymous,-0.9444163765621332,-1.0440427526598388,-1.1006003440725993,0.008230049694449293,-0.03687285416371022,-0.15974101774887894,-0.03687285416371022
410,ortho,ttggttttgtctttgagagatcca,2.0,ttg,3.0,,LVLSLRDP,,False,False,8.0,1.0,5.0,13.0,9.0,6.0,333.0,422.0,375.0,True,False,True,True,False,False,1.0,both,0.002300661181006073,0.0021819385127658914,0.0025237399807522764,5.1372637352649446e-05,3.448315497879286e-05,2.8561364090748974e-05,-2.6381473352879405,-2.661157492034905,-2.597955392193975,-4.289268138026856,-4.462393005979671,-4.5442210544960755,L,synonymous,-0.9444163765621332,-1.0440427526598388,-1.1006003440725993,0.008230049694449293,-0.03687285416371022,-0.15974101774887894,-0.03687285416371022
411,ortho,ttggttttgtctttgagagatcca,3.0,tct,4.0,,LVLSLRDP,,False,False,8.0,1.0,5.0,13.0,9.0,6.0,333.0,422.0,375.0,True,False,True,True,False,False,1.0,both,0.002300661181006073,0.0021819385127658914,0.0025237399807522764,5.1372637352649446e-05,3.448315497879286e-05,2.8561364090748974e-05,-2.6381473352879405,-2.661157492034905,-2.597955392193975,-4.289268138026856,-4.462393005979671,-4.5442210544960755,S,synonymous,-0.9444163765621332,-1.0440427526598388,-1.1006003440725993,0.008230049694449293,-0.03687285416371022,-0.15974101774887894,-0.03687285416371022
412,ortho,ttggttttgtctttgagagatcca,4.0,ttg,5.0,,LVLSLRDP,,False,False,8.0,1.0,5.0,13.0,9.0,6.0,333.0,422.0,375.0,True,False,True,True,False,False,1.0,both,0.002300661181006073,0.0021819385127658914,0.0025237399807522764,5.1372637352649446e-05,3.448315497879286e-05,2.8561364090748974e-05,-2.6381473352879405,-2.661157492034905,-2.597955392193975,-4.289268138026856,-4.462393005979671,-4.5442210544960755,L,synonymous,-0.9444163765621332,-1.0440427526598388,-1.1006003440725993,0.008230049694449293,-0.03687285416371022,-0.15974101774887894,-0.03687285416371022
413,ortho,ttgtctttgtctttgagagatcca,0.0,ttg,1.0,,LSLSLRDP,,False,False,9.0,1.0,5.0,18.0,27.0,9.0,358.0,578.0,396.0,True,False,True,True,False,False,1.0,both,0.002473383491892415,0.0029885318966319557,0.0026650694196744037,7.113134402674539e-05,0.00010344946493637857,4.284204613612346e-05,-2.606708542150386,-2.52454210457605,-2.5742914739961815,-4.147938985230387,-3.985271751260008,-4.368129795440394,L,synonymous,-0.8815607362503973,-0.8466767335026683,-1.0144036921747135,0.07108569000618514,0.16049316499346034,-0.07354436585099311,0.07108569000618514
414,ortho,ttgtctttgtctttgagagatcca,1.0,tct,2.0,,LSLSLRDP,,False,False,9.0,1.0,5.0,18.0,27.0,9.0,358.0,578.0,396.0,True,False,True,True,False,False,1.0,both,0.002473383491892415,0.0029885318966319557,0.0026650694196744037,7.113134402674539e-05,0.00010344946493637857,4.284204613612346e-05,-2.606708542150386,-2.52454210457605,-2.5742914739961815,-4.147938985230387,-3.985271751260008,-4.368129795440394,S,non-synonymous,-0.8815607362503973,-0.8466767335026683,-1.0144036921747135,0.07108569000618514,0.16049316499346034,-0.07354436585099311,0.07108569000618514
415,ortho,ttgtctttgtctttgagagatcca,2.0,ttg,3.0,,LSLSLRDP,,False,False,9.0,1.0,5.0,18.0,27.0,9.0,358.0,578.0,396.0,True,False,True,True,False,False,1.0,both,0.002473383491892415,0.0029885318966319557,0.0026650694196744037,7.113134402674539e-05,0.00010344946493637857,4.284204613612346e-05,-2.606708542150386,-2.52454210457605,-2.5742914739961815,-4.147938985230387,-3.985271751260008,-4.368129795440394,L,synonymous,-0.8815607362503973,-0.8466767335026683,-1.0144036921747135,0.07108569000618514,0.16049316499346034,-0.07354436585099311,0.07108569000618514
416,ortho,ttgtctttgtctttgagagatcca,3.0,tct,4.0,,LSLSLRDP,,False,False,9.0,1.0,5.0,18.0,27.0,9.0,358.0,578.0,396.0,True,False,True,True,False,False,1.0,both,0.002473383491892415,0.0029885318966319557,0.0026650694196744037,7.113134402674539e-05,0.00010344946493637857,4.284204613612346e-05,-2.606708542150386,-2.52454210457605,-2.5742914739961815,-4.147938985230387,-3.985271751260008,-4.368129795440394,S,synonymous,-0.8815607362503973,-0.8466767335026683,-1.0144036921747135,0.07108569000618514,0.16049316499346034,-0.07354436585099311,0.07108569000618514
417,ortho,ttgtctttgtctttgagagatcca,4.0,ttg,5.0,,LSLSLRDP,,False,False,9.0,1.0,5.0,18.0,27.0,9.0,358.0,578.0,396.0,True,False,True,True,False,False,1.0,both,0.002473383491892415,0.0029885318966319557,0.0026650694196744037,7.113134402674539e-05,0.00010344946493637857,4.284204613612346e-05,-2.606708542150386,-2.52454210457605,-2.5742914739961815,-4.147938985230387,-3.985271751260008,-4.368129795440394,L,synonymous,-0.8815607362503973,-0.8466767335026683,-1.0144036921747135,0.07108569000618514,0.16049316499346034,-0.07354436585099311,0.07108569000618514
418,ortho,ttgtctttgtcttttagagatcca,0.0,ttg,1.0,,LSLSFRDP,,False,False,9.0,2.0,5.0,1039.0,955.0,698.0,271.0,436.0,280.0,True,False,True,True,False,False,1.0,both,0.0018723098500079453,0.0022543250984974612,0.0018843925189616997,0.004105859246877137,0.0036590458894163536,0.003322638689223797,-2.727622277919855,-2.646983453727993,-2.7248286285794747,-2.3865959427765153,-2.436632143835249,-2.4785168822565575,L,synonymous,0.19506195743768606,0.12192506693644835,0.13928766149605248,1.1477083836942685,1.129094965432577,1.080146987819773,1.129094965432577
419,ortho,ttgtctttgtcttttagagatcca,1.0,tct,2.0,,LSLSFRDP,,False,False,9.0,2.0,5.0,1039.0,955.0,698.0,271.0,436.0,280.0,True,False,True,True,False,False,1.0,both,0.0018723098500079453,0.0022543250984974612,0.0018843925189616997,0.004105859246877137,0.0036590458894163536,0.003322638689223797,-2.727622277919855,-2.646983453727993,-2.7248286285794747,-2.3865959427765153,-2.436632143835249,-2.4785168822565575,S,non-synonymous,0.19506195743768606,0.12192506693644835,0.13928766149605248,1.1477083836942685,1.129094965432577,1.080146987819773,1.129094965432577
420,ortho,ttgtctttgtcttttagagatcca,2.0,ttg,3.0,,LSLSFRDP,,False,False,9.0,2.0,5.0,1039.0,955.0,698.0,271.0,436.0,280.0,True,False,True,True,False,False,1.0,both,0.0018723098500079453,0.0022543250984974612,0.0018843925189616997,0.004105859246877137,0.0036590458894163536,0.003322638689223797,-2.727622277919855,-2.646983453727993,-2.7248286285794747,-2.3865959427765153,-2.436632143835249,-2.4785168822565575,L,synonymous,0.19506195743768606,0.12192506693644835,0.13928766149605248,1.1477083836942685,1.129094965432577,1.080146987819773,1.129094965432577
421,ortho,ttgtctttgtcttttagagatcca,3.0,tct,4.0,,LSLSFRDP,,False,False,9.0,2.0,5.0,1039.0,955.0,698.0,271.0,436.0,280.0,True,False,True,True,False,False,1.0,both,0.0018723098500079453,0.0022543250984974612,0.0018843925189616997,0.004105859246877137,0.0036590458894163536,0.003322638689223797,-2.727622277919855,-2.646983453727993,-2.7248286285794747,-2.3865959427765153,-2.436632143835249,-2.4785168822565575,S,synonymous,0.19506195743768606,0.12192506693644835,0.13928766149605248,1.1477083836942685,1.129094965432577,1.080146987819773,1.129094965432577
422,ortho,ttgtctttgtcttttagagatcca,4.0,ttt,5.0,,LSLSFRDP,,False,False,9.0,2.0,5.0,1039.0,955.0,698.0,271.0,436.0,280.0,True,False,True,True,False,False,1.0,both,0.0018723098500079453,0.0022543250984974612,0.0018843925189616997,0.004105859246877137,0.0036590458894163536,0.003322638689223797,-2.727622277919855,-2.646983453727993,-2.7248286285794747,-2.3865959427765153,-2.436632143835249,-2.4785168822565575,F,non-synonymous,0.19506195743768606,0.12192506693644835,0.13928766149605248,1.1477083836942685,1.129094965432577,1.080146987819773,1.129094965432577
423,ortho,ttgttgttgccattgggtgaacca,0.0,ttg,1.0,,LLLPLGEP,,False,False,11.0,4.0,7.0,5338.0,5669.0,4036.0,405.0,547.0,434.0,True,False,True,True,False,False,1.0,both,0.0027981014363587372,0.0028282473139406225,0.0029208084043906347,0.021094395245264824,0.021720556174975193,0.019212277578377145,-2.553136545579592,-2.548482616663148,-2.5344969304091833,-1.675832920882204,-1.6631290584280252,-1.7164211473148456,L,synonymous,0.5018045372616787,0.5131738514263638,0.4626164381311129,1.4544509635182612,1.5203437499224925,1.4034757644548332,1.4544509635182612
424,ortho,ttgttgttgccattgggtgaacca,1.0,ttg,2.0,,LLLPLGEP,,False,False,11.0,4.0,7.0,5338.0,5669.0,4036.0,405.0,547.0,434.0,True,False,True,True,False,False,1.0,both,0.0027981014363587372,0.0028282473139406225,0.0029208084043906347,0.021094395245264824,0.021720556174975193,0.019212277578377145,-2.553136545579592,-2.548482616663148,-2.5344969304091833,-1.675832920882204,-1.6631290584280252,-1.7164211473148456,L,non-synonymous,0.5018045372616787,0.5131738514263638,0.4626164381311129,1.4544509635182612,1.5203437499224925,1.4034757644548332,1.4544509635182612
425,ortho,ttgttgttgccattgggtgaacca,2.0,ttg,3.0,,LLLPLGEP,,False,False,11.0,4.0,7.0,5338.0,5669.0,4036.0,405.0,547.0,434.0,True,False,True,True,False,False,1.0,both,0.0027981014363587372,0.0028282473139406225,0.0029208084043906347,0.021094395245264824,0.021720556174975193,0.019212277578377145,-2.553136545579592,-2.548482616663148,-2.5344969304091833,-1.675832920882204,-1.6631290584280252,-1.7164211473148456,L,synonymous,0.5018045372616787,0.5131738514263638,0.4626164381311129,1.4544509635182612,1.5203437499224925,1.4034757644548332,1.4544509635182612
426,ortho,ttgttgttgccattgggtgaacca,3.0,cca,4.0,,LLLPLGEP,,False,False,11.0,4.0,7.0,5338.0,5669.0,4036.0,405.0,547.0,434.0,True,False,True,True,False,False,1.0,both,0.0027981014363587372,0.0028282473139406225,0.0029208084043906347,0.021094395245264824,0.021720556174975193,0.019212277578377145,-2.553136545579592,-2.548482616663148,-2.5344969304091833,-1.675832920882204,-1.6631290584280252,-1.7164211473148456,P,non-synonymous,0.5018045372616787,0.5131738514263638,0.4626164381311129,1.4544509635182612,1.5203437499224925,1.4034757644548332,1.4544509635182612
427,ortho,ttgttgttgccattgggtgaacca,4.0,ttg,5.0,,LLLPLGEP,,False,False,11.0,4.0,7.0,5338.0,5669.0,4036.0,405.0,547.0,434.0,True,False,True,True,False,False,1.0,both,0.0027981014363587372,0.0028282473139406225,0.0029208084043906347,0.021094395245264824,0.021720556174975193,0.019212277578377145,-2.553136545579592,-2.548482616663148,-2.5344969304091833,-1.675832920882204,-1.6631290584280252,-1.7164211473148456,L,synonymous,0.5018045372616787,0.5131738514263638,0.4626164381311129,1.4544509635182612,1.5203437499224925,1.4034757644548332,1.4544509635182612
428,ortho,ttgttgttgccattgggtgaacca,5.0,ggt,6.0,,LLLPLGEP,,False,False,11.0,4.0,7.0,5338.0,5669.0,4036.0,405.0,547.0,434.0,True,False,True,True,False,False,1.0,both,0.0027981014363587372,0.0028282473139406225,0.0029208084043906347,0.021094395245264824,0.021720556174975193,0.019212277578377145,-2.553136545579592,-2.548482616663148,-2.5344969304091833,-1.675832920882204,-1.6631290584280252,-1.7164211473148456,G,non-synonymous,0.5018045372616787,0.5131738514263638,0.4626164381311129,1.4544509635182612,1.5203437499224925,1.4034757644548332,1.4544509635182612
429,ortho,ttgttgttgccattgggtgaacca,6.0,gaa,7.0,,LLLPLGEP,,False,False,11.0,4.0,7.0,5338.0,5669.0,4036.0,405.0,547.0,434.0,True,False,True,True,False,False,1.0,both,0.0027981014363587372,0.0028282473139406225,0.0029208084043906347,0.021094395245264824,0.021720556174975193,0.019212277578377145,-2.553136545579592,-2.548482616663148,-2.5344969304091833,-1.675832920882204,-1.6631290584280252,-1.7164211473148456,E,non-synonymous,0.5018045372616787,0.5131738514263638,0.4626164381311129,1.4544509635182612,1.5203437499224925,1.4034757644548332,1.4544509635182612
430,single,tttatactgtcactaagagatcca,0.0,ttt,1.0,,FILSLRDP,,False,False,2.0,1.0,1.0,34.0,35.0,29.0,1242.0,1610.0,1179.0,True,False,True,True,False,False,1.0,both,0.00858084440483346,0.008324457359130533,0.007934638499485157,0.0001343592053838524,0.00013410115825086111,0.0001380465931052867,-2.0664699729536995,-2.0796440669647294,-2.100472854826605,-3.8717325732914376,-3.8725674710687197,-3.859974306980763,F,non-synonymous,-1.0325831767887266,-1.039224838527351,-0.9949864199661963,-0.07993675053214411,-0.032054940031222445,-0.05412709364247592,-0.05412709364247592
431,WT,ctaatactgtcactaagagatcca,0.0,cta,,,LILSLRDP,True,,,,0.0,,,,,,,,,,,,,,1.0,,0.009990258461666011,0.010294406585111113,0.010485298373365457,0.0006599408029148044,0.0010115058793779238,0.0003284556870436132,,,,,,,L,synonymous,-0.6749833677157875,-0.5840501279637934,-0.8505608562607432,0.277663058540795,0.4231197705323352,0.0902984700629772,0.277663058540795
432,WT,ctaatactgtcactaagagatcca,1.0,ata,,,LILSLRDP,True,,,,0.0,,,,,,,,,,,,,,1.0,,0.009990258461666011,0.010294406585111113,0.010485298373365457,0.0006599408029148044,0.0010115058793779238,0.0003284556870436132,,,,,,,I,synonymous,-0.6749833677157875,-0.5840501279637934,-0.8505608562607432,0.277663058540795,0.4231197705323352,0.0902984700629772,0.277663058540795
433,WT,ctaatactgtcactaagagatcca,2.0,ctg,,,LILSLRDP,True,,,,0.0,,,,,,,,,,,,,,1.0,,0.009990258461666011,0.010294406585111113,0.010485298373365457,0.0006599408029148044,0.0010115058793779238,0.0003284556870436132,,,,,,,L,synonymous,-0.6749833677157875,-0.5840501279637934,-0.8505608562607432,0.277663058540795,0.4231197705323352,0.0902984700629772,0.277663058540795
434,WT,ctaatactgtcactaagagatcca,3.0,tca,,,LILSLRDP,True,,,,0.0,,,,,,,,,,,,,,1.0,,0.009990258461666011,0.010294406585111113,0.010485298373365457,0.0006599408029148044,0.0010115058793779238,0.0003284556870436132,,,,,,,S,synonymous,-0.6749833677157875,-0.5840501279637934,-0.8505608562607432,0.277663058540795,0.4231197705323352,0.0902984700629772,0.277663058540795
435,WT,ctaatactgtcactaagagatcca,4.0,cta,,,LILSLRDP,True,,,,0.0,,,,,,,,,,,,,,1.0,,0.009990258461666011,0.010294406585111113,0.010485298373365457,0.0006599408029148044,0.0010115058793779238,0.0003284556870436132,,,,,,,L,synonymous,-0.6749833677157875,-0.5840501279637934,-0.8505608562607432,0.277663058540795,0.4231197705323352,0.0902984700629772,0.277663058540795
436,WT,ctaatactgtcactaagagatcca,5.0,aga,,,LILSLRDP,True,,,,0.0,,,,,,,,,,,,,,1.0,,0.009990258461666011,0.010294406585111113,0.010485298373365457,0.0006599408029148044,0.0010115058793779238,0.0003284556870436132,,,,,,,R,synonymous,-0.6749833677157875,-0.5840501279637934,-0.8505608562607432,0.277663058540795,0.4231197705323352,0.0902984700629772,0.277663058540795
437,WT,ctaatactgtcactaagagatcca,6.0,gat,,,LILSLRDP,True,,,,0.0,,,,,,,,,,,,,,1.0,,0.009990258461666011,0.010294406585111113,0.010485298373365457,0.0006599408029148044,0.0010115058793779238,0.0003284556870436132,,,,,,,D,synonymous,-0.6749833677157875,-0.5840501279637934,-0.8505608562607432,0.277663058540795,0.4231197705323352,0.0902984700629772,0.277663058540795
438,WT,ctaatactgtcactaagagatcca,7.0,cca,,,LILSLRDP,True,,,,0.0,,,,,,,,,,,,,,1.0,,0.009990258461666011,0.010294406585111113,0.010485298373365457,0.0006599408029148044,0.0010115058793779238,0.0003284556870436132,,,,,,,P,synonymous,-0.6749833677157875,-0.5840501279637934,-0.8505608562607432,0.277663058540795,0.4231197705323352,0.0902984700629772,0.277663058540795
