,Filtered_sequenced_variants,Filtered_sequenced_variants_rc,Usable_variants,Covered_variants_%,Usable_variants_rc,Usable_variants_%rc,Unsequenced_variants,Unexpected_variants,Unexpected_variants_rc
input1,802,181264,242,76.8,177367.0,97.89999999999999,72,560,3897.0
input2,1106,146737,241,76.5,132318.0,90.2,72,865,14419.0
input3,1065,135458,239,75.9,128717.0,95.0,72,826,6741.0
b1,851,185324,237,75.2,172694.0,93.2,72,614,12630.0
b2,836,173327,242,76.8,162774.0,93.89999999999999,72,594,10553.0
b3,817,243523,239,75.9,234527.0,96.3,72,578,8996.0
