,rep_compared,Pearson,replicate1,replicate2
0,"('1', '2')",0.06735136946138792,1,2
1,"('1', '3')",0.2826277214382372,1,3
2,"('2', '3')",0.14896863494991722,2,3
