,total_readcount,WT,WT_%,single_mut_readcount,single_mut_readcount_%,ortho_mut_readcount,ortho_mut_readcount_%,double_mut_readcount,double_mut_readcount_%
input1,177367.0,4158.0,2.3,137696.0,77.60000000000001,35513.0,20.0,0.0,0.0
input2,132318.0,3244.0,2.5,105579.0,79.80000000000001,23495.0,17.8,0.0,0.0
input3,128717.0,3047.0,2.4,99987.0,77.7,25683.0,20.0,0.0,0.0
b1,172694.0,4095.0,2.4,135206.0,78.3,33393.0,19.3,0.0,0.0
b2,162774.0,4105.0,2.5,130624.0,80.2,28045.0,17.2,0.0,0.0
b3,234527.0,5402.0,2.3,183539.0,78.3,45586.0,19.400000000000002,0.0,0.0
