,Total_reads,Reads_no_indels,Reads_no_indels_%,No_indels_acceptable_RC,Acceptable_RC_over_no_indels_%
input1,183699,182184,99.2,179070,98.3
input2,149172,147788,99.1,133827,90.60000000000001
input3,137538,136260,99.1,129999,95.39999999999999
b1,187864,186414,99.2,175300,94.0
b2,175835,174450,99.2,164750,94.39999999999999
b3,246790,244896,99.2,237212,96.89999999999999
