,seq_type,nt_seq,aa_pos,alt_codons,mutated_codon,combination,aa_seq,WT,STOP,STOP_readthrough,Nham_nt,Nham_aa,Nmut_codons,b1,b2,b3,input1,input2,input3,barcode_valid,indel,constant_region,permitted,too_many_substitutions,mixed_substitutions,confidence_score,Location,input1_abundance,input2_abundance,input3_abundance,b1_abundance,b2_abundance,b3_abundance,input1_log10,input2_log10,input3_log10,b1_log10,b2_log10,b3_log10,alt_aa,mutation_type,Log2FC_1,Log2FC_2,Log2FC_3,selcoeff_1,selcoeff_2,selcoeff_3,median_s
0,ortho,aaatggattaaaagatgtattatt,0.0,aaa,1.0,,KWIKRCII,,False,False,12.0,6.0,7.0,185.0,193.0,301.0,316.0,189.0,217.0,True,False,True,True,False,False,1.0,both,0.0017791791002758853,0.0014257587073121054,0.0016826923076923078,0.0010697537253450678,0.0011839256028512363,0.0012821058908719172,-2.7497803316538856,-2.845953967436315,-2.773995290612486,-2.9707161924402072,-2.9266755875508816,-2.8920761043630616,K,non-synonymous,-0.11145498885281044,-0.04097605396972835,-0.05804678768595671,-0.11996520070823954,-0.035615561191410405,-0.06026223582915588,-0.06026223582915588
1,ortho,aaatggattaaaagatgtattatt,2.0,att,2.0,,KWIKRCII,,False,False,12.0,6.0,7.0,185.0,193.0,301.0,316.0,189.0,217.0,True,False,True,True,False,False,1.0,both,0.0017791791002758853,0.0014257587073121054,0.0016826923076923078,0.0010697537253450678,0.0011839256028512363,0.0012821058908719172,-2.7497803316538856,-2.845953967436315,-2.773995290612486,-2.9707161924402072,-2.9266755875508816,-2.8920761043630616,I,non-synonymous,-0.11145498885281044,-0.04097605396972835,-0.05804678768595671,-0.11996520070823954,-0.035615561191410405,-0.06026223582915588,-0.06026223582915588
2,ortho,aaatggattaaaagatgtattatt,3.0,aaa,3.0,,KWIKRCII,,False,False,12.0,6.0,7.0,185.0,193.0,301.0,316.0,189.0,217.0,True,False,True,True,False,False,1.0,both,0.0017791791002758853,0.0014257587073121054,0.0016826923076923078,0.0010697537253450678,0.0011839256028512363,0.0012821058908719172,-2.7497803316538856,-2.845953967436315,-2.773995290612486,-2.9707161924402072,-2.9266755875508816,-2.8920761043630616,K,non-synonymous,-0.11145498885281044,-0.04097605396972835,-0.05804678768595671,-0.11996520070823954,-0.035615561191410405,-0.06026223582915588,-0.06026223582915588
3,ortho,aaatggattaaaagatgtattatt,4.0,aga,4.0,,KWIKRCII,,False,False,12.0,6.0,7.0,185.0,193.0,301.0,316.0,189.0,217.0,True,False,True,True,False,False,1.0,both,0.0017791791002758853,0.0014257587073121054,0.0016826923076923078,0.0010697537253450678,0.0011839256028512363,0.0012821058908719172,-2.7497803316538856,-2.845953967436315,-2.773995290612486,-2.9707161924402072,-2.9266755875508816,-2.8920761043630616,R,synonymous,-0.11145498885281044,-0.04097605396972835,-0.05804678768595671,-0.11996520070823954,-0.035615561191410405,-0.06026223582915588,-0.06026223582915588
4,ortho,aaatggattaaaagatgtattatt,5.0,tgt,5.0,,KWIKRCII,,False,False,12.0,6.0,7.0,185.0,193.0,301.0,316.0,189.0,217.0,True,False,True,True,False,False,1.0,both,0.0017791791002758853,0.0014257587073121054,0.0016826923076923078,0.0010697537253450678,0.0011839256028512363,0.0012821058908719172,-2.7497803316538856,-2.845953967436315,-2.773995290612486,-2.9707161924402072,-2.9266755875508816,-2.8920761043630616,C,non-synonymous,-0.11145498885281044,-0.04097605396972835,-0.05804678768595671,-0.11996520070823954,-0.035615561191410405,-0.06026223582915588,-0.06026223582915588
5,ortho,aaatggattaaaagatgtattatt,6.0,att,6.0,,KWIKRCII,,False,False,12.0,6.0,7.0,185.0,193.0,301.0,316.0,189.0,217.0,True,False,True,True,False,False,1.0,both,0.0017791791002758853,0.0014257587073121054,0.0016826923076923078,0.0010697537253450678,0.0011839256028512363,0.0012821058908719172,-2.7497803316538856,-2.845953967436315,-2.773995290612486,-2.9707161924402072,-2.9266755875508816,-2.8920761043630616,I,non-synonymous,-0.11145498885281044,-0.04097605396972835,-0.05804678768595671,-0.11996520070823954,-0.035615561191410405,-0.06026223582915588,-0.06026223582915588
6,ortho,aaatggattaaaagatgtattatt,7.0,att,7.0,,KWIKRCII,,False,False,12.0,6.0,7.0,185.0,193.0,301.0,316.0,189.0,217.0,True,False,True,True,False,False,1.0,both,0.0017791791002758853,0.0014257587073121054,0.0016826923076923078,0.0010697537253450678,0.0011839256028512363,0.0012821058908719172,-2.7497803316538856,-2.845953967436315,-2.773995290612486,-2.9707161924402072,-2.9266755875508816,-2.8920761043630616,I,non-synonymous,-0.11145498885281044,-0.04097605396972835,-0.05804678768595671,-0.11996520070823954,-0.035615561191410405,-0.06026223582915588,-0.06026223582915588
7,single,aagtgggtgagacgttatacactc,0.0,aag,1.0,,KWVRRYTL,,False,False,2.0,1.0,1.0,1.0,1.0,5.0,10.0,4.0,5.0,True,False,True,True,False,False,2.0,both,5.6303136084679915e-05,3.0174787456340856e-05,3.877171215880893e-05,5.7824525694327994e-06,6.134329548452002e-06,2.1297440047706264e-05,-4.2494674142722895,-4.520355780281596,-4.411485020124997,-5.237887920843221,-5.212232896558656,-4.671672595620887,K,non-synonymous,-0.4986261449348783,-0.3512119060141691,-0.1279043772956729,-0.5071363567903074,-0.3458514132358511,-0.13011982543887204,-0.3458514132358511
8,single,aattgggtgagacgttatacactc,0.0,aat,1.0,,NWVRRYTL,,False,False,1.0,1.0,1.0,1.0,2.0,1.0,3.0,1.0,4.0,True,False,True,True,False,False,3.0,both,1.6890940825403975e-05,7.543696864085214e-06,3.1017369727047146e-05,5.7824525694327994e-06,1.2268659096904004e-05,4.259488009541253e-06,-4.772346159552627,-5.122415771609559,-4.508395033133053,-5.237887920843221,-4.911202900894675,-5.370642599956906,N,non-synonymous,-0.2348507464134283,0.10721625727074001,-0.4238681954706022,-0.2433609582688574,0.11257675004905796,-0.4260836436138014,-0.2433609582688574
9,ortho,aattgggttaatagatgtattgtt,0.0,aat,1.0,,NWVNRCIV,,False,False,11.0,5.0,7.0,513.0,476.0,712.0,550.0,415.0,380.0,True,False,True,True,False,False,1.0,both,0.0030966724846573953,0.0031306341985953634,0.002946650124069479,0.002966398168119026,0.002919940865063153,0.003032755462793372,-2.509104724778046,-2.504367674897466,-2.5306714278442053,-2.5277705557314047,-2.5346259438381624,-2.518162606320049,N,non-synonymous,-0.009416307399943235,-0.01535975689517628,0.00614915229791672,-0.017926519255372347,-0.009999264116858338,0.003933704154717553,-0.009999264116858338
10,ortho,aattgggttaatagatgtattgtt,2.0,gtt,2.0,,NWVNRCIV,,False,False,11.0,5.0,7.0,513.0,476.0,712.0,550.0,415.0,380.0,True,False,True,True,False,False,1.0,both,0.0030966724846573953,0.0031306341985953634,0.002946650124069479,0.002966398168119026,0.002919940865063153,0.003032755462793372,-2.509104724778046,-2.504367674897466,-2.5306714278442053,-2.5277705557314047,-2.5346259438381624,-2.518162606320049,V,synonymous,-0.009416307399943235,-0.01535975689517628,0.00614915229791672,-0.017926519255372347,-0.009999264116858338,0.003933704154717553,-0.009999264116858338
11,ortho,aattgggttaatagatgtattgtt,3.0,aat,3.0,,NWVNRCIV,,False,False,11.0,5.0,7.0,513.0,476.0,712.0,550.0,415.0,380.0,True,False,True,True,False,False,1.0,both,0.0030966724846573953,0.0031306341985953634,0.002946650124069479,0.002966398168119026,0.002919940865063153,0.003032755462793372,-2.509104724778046,-2.504367674897466,-2.5306714278442053,-2.5277705557314047,-2.5346259438381624,-2.518162606320049,N,non-synonymous,-0.009416307399943235,-0.01535975689517628,0.00614915229791672,-0.017926519255372347,-0.009999264116858338,0.003933704154717553,-0.009999264116858338
12,ortho,aattgggttaatagatgtattgtt,4.0,aga,4.0,,NWVNRCIV,,False,False,11.0,5.0,7.0,513.0,476.0,712.0,550.0,415.0,380.0,True,False,True,True,False,False,1.0,both,0.0030966724846573953,0.0031306341985953634,0.002946650124069479,0.002966398168119026,0.002919940865063153,0.003032755462793372,-2.509104724778046,-2.504367674897466,-2.5306714278442053,-2.5277705557314047,-2.5346259438381624,-2.518162606320049,R,synonymous,-0.009416307399943235,-0.01535975689517628,0.00614915229791672,-0.017926519255372347,-0.009999264116858338,0.003933704154717553,-0.009999264116858338
13,ortho,aattgggttaatagatgtattgtt,5.0,tgt,5.0,,NWVNRCIV,,False,False,11.0,5.0,7.0,513.0,476.0,712.0,550.0,415.0,380.0,True,False,True,True,False,False,1.0,both,0.0030966724846573953,0.0031306341985953634,0.002946650124069479,0.002966398168119026,0.002919940865063153,0.003032755462793372,-2.509104724778046,-2.504367674897466,-2.5306714278442053,-2.5277705557314047,-2.5346259438381624,-2.518162606320049,C,non-synonymous,-0.009416307399943235,-0.01535975689517628,0.00614915229791672,-0.017926519255372347,-0.009999264116858338,0.003933704154717553,-0.009999264116858338
14,ortho,aattgggttaatagatgtattgtt,6.0,att,6.0,,NWVNRCIV,,False,False,11.0,5.0,7.0,513.0,476.0,712.0,550.0,415.0,380.0,True,False,True,True,False,False,1.0,both,0.0030966724846573953,0.0031306341985953634,0.002946650124069479,0.002966398168119026,0.002919940865063153,0.003032755462793372,-2.509104724778046,-2.504367674897466,-2.5306714278442053,-2.5277705557314047,-2.5346259438381624,-2.518162606320049,I,non-synonymous,-0.009416307399943235,-0.01535975689517628,0.00614915229791672,-0.017926519255372347,-0.009999264116858338,0.003933704154717553,-0.009999264116858338
15,ortho,aattgggttaatagatgtattgtt,7.0,gtt,7.0,,NWVNRCIV,,False,False,11.0,5.0,7.0,513.0,476.0,712.0,550.0,415.0,380.0,True,False,True,True,False,False,1.0,both,0.0030966724846573953,0.0031306341985953634,0.002946650124069479,0.002966398168119026,0.002919940865063153,0.003032755462793372,-2.509104724778046,-2.504367674897466,-2.5306714278442053,-2.5277705557314047,-2.5346259438381624,-2.518162606320049,V,non-synonymous,-0.009416307399943235,-0.01535975689517628,0.00614915229791672,-0.017926519255372347,-0.009999264116858338,0.003933704154717553,-0.009999264116858338
16,ortho,aattgggttaatagatgtgttatt,0.0,aat,1.0,,NWVNRCVI,,False,False,12.0,5.0,7.0,293.0,238.0,428.0,368.0,200.0,191.0,True,False,True,True,False,False,1.0,both,0.002071955407916221,0.0015087393728170427,0.0014810794044665013,0.0016942586028438102,0.0014599704325315764,0.0018230608680836564,-2.683619595598772,-2.821385775945578,-2.8294216572132878,-2.7710203004891114,-2.8356559395021437,-2.739198830943733,N,non-synonymous,-0.04409082597370576,-0.007243846087588294,0.04435221162989533,-0.052601037829134875,-0.0018833533092703515,0.04213676348669616,-0.0018833533092703515
17,ortho,aattgggttaatagatgtgttatt,2.0,gtt,2.0,,NWVNRCVI,,False,False,12.0,5.0,7.0,293.0,238.0,428.0,368.0,200.0,191.0,True,False,True,True,False,False,1.0,both,0.002071955407916221,0.0015087393728170427,0.0014810794044665013,0.0016942586028438102,0.0014599704325315764,0.0018230608680836564,-2.683619595598772,-2.821385775945578,-2.8294216572132878,-2.7710203004891114,-2.8356559395021437,-2.739198830943733,V,synonymous,-0.04409082597370576,-0.007243846087588294,0.04435221162989533,-0.052601037829134875,-0.0018833533092703515,0.04213676348669616,-0.0018833533092703515
18,ortho,aattgggttaatagatgtgttatt,3.0,aat,3.0,,NWVNRCVI,,False,False,12.0,5.0,7.0,293.0,238.0,428.0,368.0,200.0,191.0,True,False,True,True,False,False,1.0,both,0.002071955407916221,0.0015087393728170427,0.0014810794044665013,0.0016942586028438102,0.0014599704325315764,0.0018230608680836564,-2.683619595598772,-2.821385775945578,-2.8294216572132878,-2.7710203004891114,-2.8356559395021437,-2.739198830943733,N,non-synonymous,-0.04409082597370576,-0.007243846087588294,0.04435221162989533,-0.052601037829134875,-0.0018833533092703515,0.04213676348669616,-0.0018833533092703515
19,ortho,aattgggttaatagatgtgttatt,4.0,aga,4.0,,NWVNRCVI,,False,False,12.0,5.0,7.0,293.0,238.0,428.0,368.0,200.0,191.0,True,False,True,True,False,False,1.0,both,0.002071955407916221,0.0015087393728170427,0.0014810794044665013,0.0016942586028438102,0.0014599704325315764,0.0018230608680836564,-2.683619595598772,-2.821385775945578,-2.8294216572132878,-2.7710203004891114,-2.8356559395021437,-2.739198830943733,R,synonymous,-0.04409082597370576,-0.007243846087588294,0.04435221162989533,-0.052601037829134875,-0.0018833533092703515,0.04213676348669616,-0.0018833533092703515
20,ortho,aattgggttaatagatgtgttatt,5.0,tgt,5.0,,NWVNRCVI,,False,False,12.0,5.0,7.0,293.0,238.0,428.0,368.0,200.0,191.0,True,False,True,True,False,False,1.0,both,0.002071955407916221,0.0015087393728170427,0.0014810794044665013,0.0016942586028438102,0.0014599704325315764,0.0018230608680836564,-2.683619595598772,-2.821385775945578,-2.8294216572132878,-2.7710203004891114,-2.8356559395021437,-2.739198830943733,C,non-synonymous,-0.04409082597370576,-0.007243846087588294,0.04435221162989533,-0.052601037829134875,-0.0018833533092703515,0.04213676348669616,-0.0018833533092703515
21,ortho,aattgggttaatagatgtgttatt,6.0,gtt,6.0,,NWVNRCVI,,False,False,12.0,5.0,7.0,293.0,238.0,428.0,368.0,200.0,191.0,True,False,True,True,False,False,1.0,both,0.002071955407916221,0.0015087393728170427,0.0014810794044665013,0.0016942586028438102,0.0014599704325315764,0.0018230608680836564,-2.683619595598772,-2.821385775945578,-2.8294216572132878,-2.7710203004891114,-2.8356559395021437,-2.739198830943733,V,non-synonymous,-0.04409082597370576,-0.007243846087588294,0.04435221162989533,-0.052601037829134875,-0.0018833533092703515,0.04213676348669616,-0.0018833533092703515
22,ortho,aattgggttaatagatgtgttatt,7.0,att,7.0,,NWVNRCVI,,False,False,12.0,5.0,7.0,293.0,238.0,428.0,368.0,200.0,191.0,True,False,True,True,False,False,1.0,both,0.002071955407916221,0.0015087393728170427,0.0014810794044665013,0.0016942586028438102,0.0014599704325315764,0.0018230608680836564,-2.683619595598772,-2.821385775945578,-2.8294216572132878,-2.7710203004891114,-2.8356559395021437,-2.739198830943733,I,non-synonymous,-0.04409082597370576,-0.007243846087588294,0.04435221162989533,-0.052601037829134875,-0.0018833533092703515,0.04213676348669616,-0.0018833533092703515
23,ortho,aattgggttgatagatgtgttatt,0.0,aat,1.0,,NWVDRCVI,,False,False,13.0,5.0,7.0,296.0,293.0,436.0,366.0,203.0,276.0,True,False,True,True,False,False,1.0,both,0.002060694780699285,0.0015313704634092983,0.0021401985111662533,0.0017116059605521085,0.0017973585576964365,0.0018571367721599865,-2.685986328877879,-2.814919733696346,-2.6695459423957977,-2.7665962097842822,-2.745365276204546,-2.7311561106883193,N,non-synonymous,-0.040665075130283314,0.03530735879649228,-0.030286650680831823,-0.04917528698571243,0.04066785157481022,-0.03250209882403099,-0.03250209882403099
24,ortho,aattgggttgatagatgtgttatt,2.0,gtt,2.0,,NWVDRCVI,,False,False,13.0,5.0,7.0,296.0,293.0,436.0,366.0,203.0,276.0,True,False,True,True,False,False,1.0,both,0.002060694780699285,0.0015313704634092983,0.0021401985111662533,0.0017116059605521085,0.0017973585576964365,0.0018571367721599865,-2.685986328877879,-2.814919733696346,-2.6695459423957977,-2.7665962097842822,-2.745365276204546,-2.7311561106883193,V,synonymous,-0.040665075130283314,0.03530735879649228,-0.030286650680831823,-0.04917528698571243,0.04066785157481022,-0.03250209882403099,-0.03250209882403099
25,ortho,aattgggttgatagatgtgttatt,3.0,gat,3.0,,NWVDRCVI,,False,False,13.0,5.0,7.0,296.0,293.0,436.0,366.0,203.0,276.0,True,False,True,True,False,False,1.0,both,0.002060694780699285,0.0015313704634092983,0.0021401985111662533,0.0017116059605521085,0.0017973585576964365,0.0018571367721599865,-2.685986328877879,-2.814919733696346,-2.6695459423957977,-2.7665962097842822,-2.745365276204546,-2.7311561106883193,D,non-synonymous,-0.040665075130283314,0.03530735879649228,-0.030286650680831823,-0.04917528698571243,0.04066785157481022,-0.03250209882403099,-0.03250209882403099
26,ortho,aattgggttgatagatgtgttatt,4.0,aga,4.0,,NWVDRCVI,,False,False,13.0,5.0,7.0,296.0,293.0,436.0,366.0,203.0,276.0,True,False,True,True,False,False,1.0,both,0.002060694780699285,0.0015313704634092983,0.0021401985111662533,0.0017116059605521085,0.0017973585576964365,0.0018571367721599865,-2.685986328877879,-2.814919733696346,-2.6695459423957977,-2.7665962097842822,-2.745365276204546,-2.7311561106883193,R,synonymous,-0.040665075130283314,0.03530735879649228,-0.030286650680831823,-0.04917528698571243,0.04066785157481022,-0.03250209882403099,-0.03250209882403099
27,ortho,aattgggttgatagatgtgttatt,5.0,tgt,5.0,,NWVDRCVI,,False,False,13.0,5.0,7.0,296.0,293.0,436.0,366.0,203.0,276.0,True,False,True,True,False,False,1.0,both,0.002060694780699285,0.0015313704634092983,0.0021401985111662533,0.0017116059605521085,0.0017973585576964365,0.0018571367721599865,-2.685986328877879,-2.814919733696346,-2.6695459423957977,-2.7665962097842822,-2.745365276204546,-2.7311561106883193,C,non-synonymous,-0.040665075130283314,0.03530735879649228,-0.030286650680831823,-0.04917528698571243,0.04066785157481022,-0.03250209882403099,-0.03250209882403099
28,ortho,aattgggttgatagatgtgttatt,6.0,gtt,6.0,,NWVDRCVI,,False,False,13.0,5.0,7.0,296.0,293.0,436.0,366.0,203.0,276.0,True,False,True,True,False,False,1.0,both,0.002060694780699285,0.0015313704634092983,0.0021401985111662533,0.0017116059605521085,0.0017973585576964365,0.0018571367721599865,-2.685986328877879,-2.814919733696346,-2.6695459423957977,-2.7665962097842822,-2.745365276204546,-2.7311561106883193,V,non-synonymous,-0.040665075130283314,0.03530735879649228,-0.030286650680831823,-0.04917528698571243,0.04066785157481022,-0.03250209882403099,-0.03250209882403099
29,ortho,aattgggttgatagatgtgttatt,7.0,att,7.0,,NWVDRCVI,,False,False,13.0,5.0,7.0,296.0,293.0,436.0,366.0,203.0,276.0,True,False,True,True,False,False,1.0,both,0.002060694780699285,0.0015313704634092983,0.0021401985111662533,0.0017116059605521085,0.0017973585576964365,0.0018571367721599865,-2.685986328877879,-2.814919733696346,-2.6695459423957977,-2.7665962097842822,-2.745365276204546,-2.7311561106883193,I,non-synonymous,-0.040665075130283314,0.03530735879649228,-0.030286650680831823,-0.04917528698571243,0.04066785157481022,-0.03250209882403099,-0.03250209882403099
30,ortho,aattgggtttatagatgtattatt,0.0,aat,1.0,,NWVYRCII,,False,False,12.0,5.0,7.0,129.0,86.0,153.0,86.0,78.0,82.0,True,False,True,True,False,False,1.0,both,0.00048420697032824727,0.0005884083553986466,0.0006358560794044665,0.0007459363814568311,0.0005275523411668721,0.0006517016654598117,-3.314968963028722,-3.2303211689190787,-3.1966411720772987,-3.127298210543972,-3.2777344453150876,-3.1859511691393063,N,non-synonymous,0.09467381868992335,-0.024068012630657352,0.005255047887920436,0.08616360683449424,-0.01870751985233941,0.0030395997447212686,0.0030395997447212686
31,ortho,aattgggtttatagatgtattatt,2.0,gtt,2.0,,NWVYRCII,,False,False,12.0,5.0,7.0,129.0,86.0,153.0,86.0,78.0,82.0,True,False,True,True,False,False,1.0,both,0.00048420697032824727,0.0005884083553986466,0.0006358560794044665,0.0007459363814568311,0.0005275523411668721,0.0006517016654598117,-3.314968963028722,-3.2303211689190787,-3.1966411720772987,-3.127298210543972,-3.2777344453150876,-3.1859511691393063,V,synonymous,0.09467381868992335,-0.024068012630657352,0.005255047887920436,0.08616360683449424,-0.01870751985233941,0.0030395997447212686,0.0030395997447212686
32,ortho,aattgggtttatagatgtattatt,3.0,tat,3.0,,NWVYRCII,,False,False,12.0,5.0,7.0,129.0,86.0,153.0,86.0,78.0,82.0,True,False,True,True,False,False,1.0,both,0.00048420697032824727,0.0005884083553986466,0.0006358560794044665,0.0007459363814568311,0.0005275523411668721,0.0006517016654598117,-3.314968963028722,-3.2303211689190787,-3.1966411720772987,-3.127298210543972,-3.2777344453150876,-3.1859511691393063,Y,non-synonymous,0.09467381868992335,-0.024068012630657352,0.005255047887920436,0.08616360683449424,-0.01870751985233941,0.0030395997447212686,0.0030395997447212686
33,ortho,aattgggtttatagatgtattatt,4.0,aga,4.0,,NWVYRCII,,False,False,12.0,5.0,7.0,129.0,86.0,153.0,86.0,78.0,82.0,True,False,True,True,False,False,1.0,both,0.00048420697032824727,0.0005884083553986466,0.0006358560794044665,0.0007459363814568311,0.0005275523411668721,0.0006517016654598117,-3.314968963028722,-3.2303211689190787,-3.1966411720772987,-3.127298210543972,-3.2777344453150876,-3.1859511691393063,R,synonymous,0.09467381868992335,-0.024068012630657352,0.005255047887920436,0.08616360683449424,-0.01870751985233941,0.0030395997447212686,0.0030395997447212686
34,ortho,aattgggtttatagatgtattatt,5.0,tgt,5.0,,NWVYRCII,,False,False,12.0,5.0,7.0,129.0,86.0,153.0,86.0,78.0,82.0,True,False,True,True,False,False,1.0,both,0.00048420697032824727,0.0005884083553986466,0.0006358560794044665,0.0007459363814568311,0.0005275523411668721,0.0006517016654598117,-3.314968963028722,-3.2303211689190787,-3.1966411720772987,-3.127298210543972,-3.2777344453150876,-3.1859511691393063,C,non-synonymous,0.09467381868992335,-0.024068012630657352,0.005255047887920436,0.08616360683449424,-0.01870751985233941,0.0030395997447212686,0.0030395997447212686
35,ortho,aattgggtttatagatgtattatt,6.0,att,6.0,,NWVYRCII,,False,False,12.0,5.0,7.0,129.0,86.0,153.0,86.0,78.0,82.0,True,False,True,True,False,False,1.0,both,0.00048420697032824727,0.0005884083553986466,0.0006358560794044665,0.0007459363814568311,0.0005275523411668721,0.0006517016654598117,-3.314968963028722,-3.2303211689190787,-3.1966411720772987,-3.127298210543972,-3.2777344453150876,-3.1859511691393063,I,non-synonymous,0.09467381868992335,-0.024068012630657352,0.005255047887920436,0.08616360683449424,-0.01870751985233941,0.0030395997447212686,0.0030395997447212686
36,ortho,aattgggtttatagatgtattatt,7.0,att,7.0,,NWVYRCII,,False,False,12.0,5.0,7.0,129.0,86.0,153.0,86.0,78.0,82.0,True,False,True,True,False,False,1.0,both,0.00048420697032824727,0.0005884083553986466,0.0006358560794044665,0.0007459363814568311,0.0005275523411668721,0.0006517016654598117,-3.314968963028722,-3.2303211689190787,-3.1966411720772987,-3.127298210543972,-3.2777344453150876,-3.1859511691393063,I,non-synonymous,0.09467381868992335,-0.024068012630657352,0.005255047887920436,0.08616360683449424,-0.01870751985233941,0.0030395997447212686,0.0030395997447212686
37,ortho,aattgggtttggagatgtgttatt,0.0,aat,1.0,,NWVWRCVI,,False,False,12.0,5.0,7.0,212.0,187.0,330.0,209.0,193.0,187.0,True,False,True,True,False,False,1.0,both,0.0011767355441698103,0.0014559334947684462,0.0014500620347394542,0.0012258799447197534,0.0011471196255605244,0.0014056310431486134,-2.9293211281612357,-2.836858462601785,-2.8386134179245164,-2.9115520599144697,-2.9403912900221565,-2.8521286600790177,N,non-synonymous,0.008963919647628115,-0.05255552004524411,-0.006643893846495472,0.0004537077921990037,-0.04719502726692616,-0.008859341989694638,-0.008859341989694638
38,ortho,aattgggtttggagatgtgttatt,2.0,gtt,2.0,,NWVWRCVI,,False,False,12.0,5.0,7.0,212.0,187.0,330.0,209.0,193.0,187.0,True,False,True,True,False,False,1.0,both,0.0011767355441698103,0.0014559334947684462,0.0014500620347394542,0.0012258799447197534,0.0011471196255605244,0.0014056310431486134,-2.9293211281612357,-2.836858462601785,-2.8386134179245164,-2.9115520599144697,-2.9403912900221565,-2.8521286600790177,V,synonymous,0.008963919647628115,-0.05255552004524411,-0.006643893846495472,0.0004537077921990037,-0.04719502726692616,-0.008859341989694638,-0.008859341989694638
39,ortho,aattgggtttggagatgtgttatt,3.0,tgg,3.0,,NWVWRCVI,,False,False,12.0,5.0,7.0,212.0,187.0,330.0,209.0,193.0,187.0,True,False,True,True,False,False,1.0,both,0.0011767355441698103,0.0014559334947684462,0.0014500620347394542,0.0012258799447197534,0.0011471196255605244,0.0014056310431486134,-2.9293211281612357,-2.836858462601785,-2.8386134179245164,-2.9115520599144697,-2.9403912900221565,-2.8521286600790177,W,non-synonymous,0.008963919647628115,-0.05255552004524411,-0.006643893846495472,0.0004537077921990037,-0.04719502726692616,-0.008859341989694638,-0.008859341989694638
40,ortho,aattgggtttggagatgtgttatt,4.0,aga,4.0,,NWVWRCVI,,False,False,12.0,5.0,7.0,212.0,187.0,330.0,209.0,193.0,187.0,True,False,True,True,False,False,1.0,both,0.0011767355441698103,0.0014559334947684462,0.0014500620347394542,0.0012258799447197534,0.0011471196255605244,0.0014056310431486134,-2.9293211281612357,-2.836858462601785,-2.8386134179245164,-2.9115520599144697,-2.9403912900221565,-2.8521286600790177,R,synonymous,0.008963919647628115,-0.05255552004524411,-0.006643893846495472,0.0004537077921990037,-0.04719502726692616,-0.008859341989694638,-0.008859341989694638
41,ortho,aattgggtttggagatgtgttatt,5.0,tgt,5.0,,NWVWRCVI,,False,False,12.0,5.0,7.0,212.0,187.0,330.0,209.0,193.0,187.0,True,False,True,True,False,False,1.0,both,0.0011767355441698103,0.0014559334947684462,0.0014500620347394542,0.0012258799447197534,0.0011471196255605244,0.0014056310431486134,-2.9293211281612357,-2.836858462601785,-2.8386134179245164,-2.9115520599144697,-2.9403912900221565,-2.8521286600790177,C,non-synonymous,0.008963919647628115,-0.05255552004524411,-0.006643893846495472,0.0004537077921990037,-0.04719502726692616,-0.008859341989694638,-0.008859341989694638
42,ortho,aattgggtttggagatgtgttatt,6.0,gtt,6.0,,NWVWRCVI,,False,False,12.0,5.0,7.0,212.0,187.0,330.0,209.0,193.0,187.0,True,False,True,True,False,False,1.0,both,0.0011767355441698103,0.0014559334947684462,0.0014500620347394542,0.0012258799447197534,0.0011471196255605244,0.0014056310431486134,-2.9293211281612357,-2.836858462601785,-2.8386134179245164,-2.9115520599144697,-2.9403912900221565,-2.8521286600790177,V,non-synonymous,0.008963919647628115,-0.05255552004524411,-0.006643893846495472,0.0004537077921990037,-0.04719502726692616,-0.008859341989694638,-0.008859341989694638
43,ortho,aattgggtttggagatgtgttatt,7.0,att,7.0,,NWVWRCVI,,False,False,12.0,5.0,7.0,212.0,187.0,330.0,209.0,193.0,187.0,True,False,True,True,False,False,1.0,both,0.0011767355441698103,0.0014559334947684462,0.0014500620347394542,0.0012258799447197534,0.0011471196255605244,0.0014056310431486134,-2.9293211281612357,-2.836858462601785,-2.8386134179245164,-2.9115520599144697,-2.9403912900221565,-2.8521286600790177,I,non-synonymous,0.008963919647628115,-0.05255552004524411,-0.006643893846495472,0.0004537077921990037,-0.04719502726692616,-0.008859341989694638,-0.008859341989694638
44,ortho,aattggttgaaaagagttgttatt,0.0,aat,1.0,,NWLKRVVI,,False,False,12.0,6.0,7.0,609.0,508.0,876.0,694.0,453.0,438.0,True,False,True,True,False,False,1.0,both,0.003907437644276786,0.0034172946794306016,0.0033964019851116627,0.003521513614784575,0.003116239410613617,0.003731311496358138,-2.4081079438174346,-2.466317569596727,-2.4689809139569157,-2.453270628210346,-2.506369184274736,-2.4281384937888246,N,non-synonymous,-0.022783112110727685,-0.020331072670389902,0.02007753179179183,-0.0312933239661568,-0.01497057989207196,0.017862083648592663,-0.01497057989207196
45,ortho,aattggttgaaaagagttgttatt,2.0,ttg,2.0,,NWLKRVVI,,False,False,12.0,6.0,7.0,609.0,508.0,876.0,694.0,453.0,438.0,True,False,True,True,False,False,1.0,both,0.003907437644276786,0.0034172946794306016,0.0033964019851116627,0.003521513614784575,0.003116239410613617,0.003731311496358138,-2.4081079438174346,-2.466317569596727,-2.4689809139569157,-2.453270628210346,-2.506369184274736,-2.4281384937888246,L,non-synonymous,-0.022783112110727685,-0.020331072670389902,0.02007753179179183,-0.0312933239661568,-0.01497057989207196,0.017862083648592663,-0.01497057989207196
46,ortho,aattggttgaaaagagttgttatt,3.0,aaa,3.0,,NWLKRVVI,,False,False,12.0,6.0,7.0,609.0,508.0,876.0,694.0,453.0,438.0,True,False,True,True,False,False,1.0,both,0.003907437644276786,0.0034172946794306016,0.0033964019851116627,0.003521513614784575,0.003116239410613617,0.003731311496358138,-2.4081079438174346,-2.466317569596727,-2.4689809139569157,-2.453270628210346,-2.506369184274736,-2.4281384937888246,K,non-synonymous,-0.022783112110727685,-0.020331072670389902,0.02007753179179183,-0.0312933239661568,-0.01497057989207196,0.017862083648592663,-0.01497057989207196
47,ortho,aattggttgaaaagagttgttatt,4.0,aga,4.0,,NWLKRVVI,,False,False,12.0,6.0,7.0,609.0,508.0,876.0,694.0,453.0,438.0,True,False,True,True,False,False,1.0,both,0.003907437644276786,0.0034172946794306016,0.0033964019851116627,0.003521513614784575,0.003116239410613617,0.003731311496358138,-2.4081079438174346,-2.466317569596727,-2.4689809139569157,-2.453270628210346,-2.506369184274736,-2.4281384937888246,R,synonymous,-0.022783112110727685,-0.020331072670389902,0.02007753179179183,-0.0312933239661568,-0.01497057989207196,0.017862083648592663,-0.01497057989207196
48,ortho,aattggttgaaaagagttgttatt,5.0,gtt,5.0,,NWLKRVVI,,False,False,12.0,6.0,7.0,609.0,508.0,876.0,694.0,453.0,438.0,True,False,True,True,False,False,1.0,both,0.003907437644276786,0.0034172946794306016,0.0033964019851116627,0.003521513614784575,0.003116239410613617,0.003731311496358138,-2.4081079438174346,-2.466317569596727,-2.4689809139569157,-2.453270628210346,-2.506369184274736,-2.4281384937888246,V,non-synonymous,-0.022783112110727685,-0.020331072670389902,0.02007753179179183,-0.0312933239661568,-0.01497057989207196,0.017862083648592663,-0.01497057989207196
49,ortho,aattggttgaaaagagttgttatt,6.0,gtt,6.0,,NWLKRVVI,,False,False,12.0,6.0,7.0,609.0,508.0,876.0,694.0,453.0,438.0,True,False,True,True,False,False,1.0,both,0.003907437644276786,0.0034172946794306016,0.0033964019851116627,0.003521513614784575,0.003116239410613617,0.003731311496358138,-2.4081079438174346,-2.466317569596727,-2.4689809139569157,-2.453270628210346,-2.506369184274736,-2.4281384937888246,V,non-synonymous,-0.022783112110727685,-0.020331072670389902,0.02007753179179183,-0.0312933239661568,-0.01497057989207196,0.017862083648592663,-0.01497057989207196
50,ortho,aattggttgaaaagagttgttatt,7.0,att,7.0,,NWLKRVVI,,False,False,12.0,6.0,7.0,609.0,508.0,876.0,694.0,453.0,438.0,True,False,True,True,False,False,1.0,both,0.003907437644276786,0.0034172946794306016,0.0033964019851116627,0.003521513614784575,0.003116239410613617,0.003731311496358138,-2.4081079438174346,-2.466317569596727,-2.4689809139569157,-2.453270628210346,-2.506369184274736,-2.4281384937888246,I,non-synonymous,-0.022783112110727685,-0.020331072670389902,0.02007753179179183,-0.0312933239661568,-0.01497057989207196,0.017862083648592663,-0.01497057989207196
51,ortho,aattggttgaaaagatgtattatt,0.0,aat,1.0,,NWLKRCII,,False,False,10.0,6.0,7.0,179.0,158.0,233.0,147.0,107.0,139.0,True,False,True,True,False,False,1.0,both,0.0008276561004447948,0.0008071755644571178,0.0010778535980148884,0.001035059009928471,0.0009692240686554163,0.000992460706223112,-3.0821500795241135,-3.0930319939243494,-2.9674402242069204,-2.9850348898633277,-3.013575809604233,-3.0032866789308863,N,non-synonymous,0.04899146902887742,0.040333691176030126,-0.017621588813332166,0.040481257173448304,0.04569418395434807,-0.019837036956531332,0.040481257173448304
52,ortho,aattggttgaaaagatgtattatt,2.0,ttg,2.0,,NWLKRCII,,False,False,10.0,6.0,7.0,179.0,158.0,233.0,147.0,107.0,139.0,True,False,True,True,False,False,1.0,both,0.0008276561004447948,0.0008071755644571178,0.0010778535980148884,0.001035059009928471,0.0009692240686554163,0.000992460706223112,-3.0821500795241135,-3.0930319939243494,-2.9674402242069204,-2.9850348898633277,-3.013575809604233,-3.0032866789308863,L,non-synonymous,0.04899146902887742,0.040333691176030126,-0.017621588813332166,0.040481257173448304,0.04569418395434807,-0.019837036956531332,0.040481257173448304
53,ortho,aattggttgaaaagatgtattatt,3.0,aaa,3.0,,NWLKRCII,,False,False,10.0,6.0,7.0,179.0,158.0,233.0,147.0,107.0,139.0,True,False,True,True,False,False,1.0,both,0.0008276561004447948,0.0008071755644571178,0.0010778535980148884,0.001035059009928471,0.0009692240686554163,0.000992460706223112,-3.0821500795241135,-3.0930319939243494,-2.9674402242069204,-2.9850348898633277,-3.013575809604233,-3.0032866789308863,K,non-synonymous,0.04899146902887742,0.040333691176030126,-0.017621588813332166,0.040481257173448304,0.04569418395434807,-0.019837036956531332,0.040481257173448304
54,ortho,aattggttgaaaagatgtattatt,4.0,aga,4.0,,NWLKRCII,,False,False,10.0,6.0,7.0,179.0,158.0,233.0,147.0,107.0,139.0,True,False,True,True,False,False,1.0,both,0.0008276561004447948,0.0008071755644571178,0.0010778535980148884,0.001035059009928471,0.0009692240686554163,0.000992460706223112,-3.0821500795241135,-3.0930319939243494,-2.9674402242069204,-2.9850348898633277,-3.013575809604233,-3.0032866789308863,R,synonymous,0.04899146902887742,0.040333691176030126,-0.017621588813332166,0.040481257173448304,0.04569418395434807,-0.019837036956531332,0.040481257173448304
55,ortho,aattggttgaaaagatgtattatt,5.0,tgt,5.0,,NWLKRCII,,False,False,10.0,6.0,7.0,179.0,158.0,233.0,147.0,107.0,139.0,True,False,True,True,False,False,1.0,both,0.0008276561004447948,0.0008071755644571178,0.0010778535980148884,0.001035059009928471,0.0009692240686554163,0.000992460706223112,-3.0821500795241135,-3.0930319939243494,-2.9674402242069204,-2.9850348898633277,-3.013575809604233,-3.0032866789308863,C,non-synonymous,0.04899146902887742,0.040333691176030126,-0.017621588813332166,0.040481257173448304,0.04569418395434807,-0.019837036956531332,0.040481257173448304
56,ortho,aattggttgaaaagatgtattatt,6.0,att,6.0,,NWLKRCII,,False,False,10.0,6.0,7.0,179.0,158.0,233.0,147.0,107.0,139.0,True,False,True,True,False,False,1.0,both,0.0008276561004447948,0.0008071755644571178,0.0010778535980148884,0.001035059009928471,0.0009692240686554163,0.000992460706223112,-3.0821500795241135,-3.0930319939243494,-2.9674402242069204,-2.9850348898633277,-3.013575809604233,-3.0032866789308863,I,non-synonymous,0.04899146902887742,0.040333691176030126,-0.017621588813332166,0.040481257173448304,0.04569418395434807,-0.019837036956531332,0.040481257173448304
57,ortho,aattggttgaaaagatgtattatt,7.0,att,7.0,,NWLKRCII,,False,False,10.0,6.0,7.0,179.0,158.0,233.0,147.0,107.0,139.0,True,False,True,True,False,False,1.0,both,0.0008276561004447948,0.0008071755644571178,0.0010778535980148884,0.001035059009928471,0.0009692240686554163,0.000992460706223112,-3.0821500795241135,-3.0930319939243494,-2.9674402242069204,-2.9850348898633277,-3.013575809604233,-3.0032866789308863,I,non-synonymous,0.04899146902887742,0.040333691176030126,-0.017621588813332166,0.040481257173448304,0.04569418395434807,-0.019837036956531332,0.040481257173448304
58,single,acgtgggtgagacgttatacactc,0.0,acg,1.0,,TWVRRYTL,,False,False,3.0,1.0,1.0,980.0,1028.0,1430.0,1027.0,780.0,708.0,True,False,True,True,False,False,1.0,both,0.005782332075896628,0.005884083553986467,0.005490074441687345,0.005666803518044143,0.006306090775808658,0.006091067853643992,-2.2378969706750116,-2.2303211689190783,-2.2604217667712465,-2.2466618451507263,-2.2002397818993984,-2.2153065624918433,T,non-synonymous,-0.0044215954056090094,0.015269967776331194,0.022177969485769222,-0.012931807261038122,0.020630460554649135,0.019962521342570056,0.019962521342570056
59,single,acttgggtgagacgttatacactc,0.0,act,1.0,,TWVRRYTL,,False,False,2.0,1.0,1.0,1.0,3.0,3.0,4.0,3.0,3.0,True,False,True,True,False,False,3.0,both,2.2521254433871968e-05,2.2631090592255642e-05,2.326302729528536e-05,5.7824525694327994e-06,1.8402988645356005e-05,1.277846402862376e-05,-4.647407422944327,-4.645294516889896,-4.633333769741353,-5.237887920843221,-4.735111641838993,-4.893521345237243,T,non-synonymous,-0.2978782940754619,-0.04559313049089636,-0.12790437729567283,-0.306388505930891,-0.040232637712578415,-0.130119825438872,-0.130119825438872
60,ortho,agatggattaaaagatgtattatt,0.0,aga,1.0,,RWIKRCII,,False,False,13.0,6.0,7.0,405.0,318.0,584.0,458.0,275.0,366.0,True,False,True,True,False,False,1.0,both,0.0025786836326783403,0.002074516637623434,0.0028380893300248137,0.0023418932906202838,0.0019507167964077365,0.0024875409975720917,-2.5886019362684203,-2.683083077779296,-2.546973939066605,-2.6304328976285523,-2.709805776574223,-2.604229752844506,R,non-synonymous,-0.021102365706964082,-0.013565024419524844,-0.028146114178826797,-0.029612577562393196,-0.008204531641206901,-0.030361562322025963,-0.029612577562393196
61,ortho,agatggattaaaagatgtattatt,2.0,att,2.0,,RWIKRCII,,False,False,13.0,6.0,7.0,405.0,318.0,584.0,458.0,275.0,366.0,True,False,True,True,False,False,1.0,both,0.0025786836326783403,0.002074516637623434,0.0028380893300248137,0.0023418932906202838,0.0019507167964077365,0.0024875409975720917,-2.5886019362684203,-2.683083077779296,-2.546973939066605,-2.6304328976285523,-2.709805776574223,-2.604229752844506,I,non-synonymous,-0.021102365706964082,-0.013565024419524844,-0.028146114178826797,-0.029612577562393196,-0.008204531641206901,-0.030361562322025963,-0.029612577562393196
62,ortho,agatggattaaaagatgtattatt,3.0,aaa,3.0,,RWIKRCII,,False,False,13.0,6.0,7.0,405.0,318.0,584.0,458.0,275.0,366.0,True,False,True,True,False,False,1.0,both,0.0025786836326783403,0.002074516637623434,0.0028380893300248137,0.0023418932906202838,0.0019507167964077365,0.0024875409975720917,-2.5886019362684203,-2.683083077779296,-2.546973939066605,-2.6304328976285523,-2.709805776574223,-2.604229752844506,K,non-synonymous,-0.021102365706964082,-0.013565024419524844,-0.028146114178826797,-0.029612577562393196,-0.008204531641206901,-0.030361562322025963,-0.029612577562393196
63,ortho,agatggattaaaagatgtattatt,4.0,aga,4.0,,RWIKRCII,,False,False,13.0,6.0,7.0,405.0,318.0,584.0,458.0,275.0,366.0,True,False,True,True,False,False,1.0,both,0.0025786836326783403,0.002074516637623434,0.0028380893300248137,0.0023418932906202838,0.0019507167964077365,0.0024875409975720917,-2.5886019362684203,-2.683083077779296,-2.546973939066605,-2.6304328976285523,-2.709805776574223,-2.604229752844506,R,synonymous,-0.021102365706964082,-0.013565024419524844,-0.028146114178826797,-0.029612577562393196,-0.008204531641206901,-0.030361562322025963,-0.029612577562393196
64,ortho,agatggattaaaagatgtattatt,5.0,tgt,5.0,,RWIKRCII,,False,False,13.0,6.0,7.0,405.0,318.0,584.0,458.0,275.0,366.0,True,False,True,True,False,False,1.0,both,0.0025786836326783403,0.002074516637623434,0.0028380893300248137,0.0023418932906202838,0.0019507167964077365,0.0024875409975720917,-2.5886019362684203,-2.683083077779296,-2.546973939066605,-2.6304328976285523,-2.709805776574223,-2.604229752844506,C,non-synonymous,-0.021102365706964082,-0.013565024419524844,-0.028146114178826797,-0.029612577562393196,-0.008204531641206901,-0.030361562322025963,-0.029612577562393196
65,ortho,agatggattaaaagatgtattatt,6.0,att,6.0,,RWIKRCII,,False,False,13.0,6.0,7.0,405.0,318.0,584.0,458.0,275.0,366.0,True,False,True,True,False,False,1.0,both,0.0025786836326783403,0.002074516637623434,0.0028380893300248137,0.0023418932906202838,0.0019507167964077365,0.0024875409975720917,-2.5886019362684203,-2.683083077779296,-2.546973939066605,-2.6304328976285523,-2.709805776574223,-2.604229752844506,I,non-synonymous,-0.021102365706964082,-0.013565024419524844,-0.028146114178826797,-0.029612577562393196,-0.008204531641206901,-0.030361562322025963,-0.029612577562393196
66,ortho,agatggattaaaagatgtattatt,7.0,att,7.0,,RWIKRCII,,False,False,13.0,6.0,7.0,405.0,318.0,584.0,458.0,275.0,366.0,True,False,True,True,False,False,1.0,both,0.0025786836326783403,0.002074516637623434,0.0028380893300248137,0.0023418932906202838,0.0019507167964077365,0.0024875409975720917,-2.5886019362684203,-2.683083077779296,-2.546973939066605,-2.6304328976285523,-2.709805776574223,-2.604229752844506,I,non-synonymous,-0.021102365706964082,-0.013565024419524844,-0.028146114178826797,-0.029612577562393196,-0.008204531641206901,-0.030361562322025963,-0.029612577562393196
67,single,aggtgggtgagacgttatacactc,0.0,agg,1.0,,RWVRRYTL,,False,False,3.0,1.0,1.0,1360.0,1348.0,1835.0,1441.0,1167.0,1054.0,True,False,True,True,False,False,1.0,both,0.008113281909802376,0.008803494240387445,0.008173076923076924,0.007864135494428607,0.008269076231313299,0.007816160497508199,-2.0908034334583006,-2.0553449155641887,-2.087614413584488,-2.1043490124730035,-2.0825430043593545,-2.107006531368797,R,non-synonymous,-0.006833306067722228,-0.013806342746372376,-0.009532879288794602,-0.01534351792315134,-0.008445849968054434,-0.01174832743199377,-0.01174832743199377
68,single,agttgggtgagacgttatacactc,0.0,agt,1.0,,SWVRRYTL,,False,False,2.0,1.0,1.0,48.0,61.0,73.0,53.0,42.0,30.0,True,False,True,True,False,False,1.0,both,0.00029840662124880357,0.00031683526829157896,0.0002326302729528536,0.00027755772333277437,0.00037419410245557213,0.00031094262469651146,-3.5251915446715003,-3.4991664812116583,-3.633333769741353,-3.556646683467634,-3.4269030615478884,-3.5073197398364493,S,non-synonymous,-0.015868099146101534,0.03668248704593838,0.061946639822390806,-0.024378311001530643,0.042042979824256324,0.059731191679191636,0.042042979824256324
69,single,atgtgggtgagacgttatacactc,0.0,atg,1.0,,MWVRRYTL,,False,False,3.0,1.0,1.0,291.0,301.0,395.0,339.0,273.0,228.0,True,False,True,True,False,False,1.0,both,0.0019086763132706492,0.002059429243895263,0.0017679900744416873,0.0016826936977049447,0.0018464331940840526,0.001682497763768795,-2.7192677160692074,-2.686253124568803,-2.7525201774605614,-2.7739949318573136,-2.7336664009648124,-2.774045504330445,M,non-synonymous,-0.0276081085429042,-0.024068012630657352,-0.010581533434603748,-0.03611832039833331,-0.01870751985233941,-0.012796981577802916,-0.01870751985233941
70,ortho,caatggattaaaagatgtattatt,0.0,caa,1.0,,QWIKRCII,,False,False,12.0,6.0,7.0,695.0,539.0,928.0,791.0,474.0,545.0,True,False,True,True,False,False,1.0,both,0.004453578064298181,0.0035757123135763914,0.004226116625310174,0.004018804535755796,0.003306403626615629,0.003952804872854283,-2.351290930774613,-2.446637429935474,-2.374058522184373,-2.3959031162531073,-2.4806441313719167,-2.4030946237380433,Q,non-synonymous,-0.022505403231094227,-0.017262542939728044,-0.014273719570344246,-0.03101561508652334,-0.011902050161410101,-0.016489167713543414,-0.016489167713543414
71,ortho,caatggattaaaagatgtattatt,2.0,att,2.0,,QWIKRCII,,False,False,12.0,6.0,7.0,695.0,539.0,928.0,791.0,474.0,545.0,True,False,True,True,False,False,1.0,both,0.004453578064298181,0.0035757123135763914,0.004226116625310174,0.004018804535755796,0.003306403626615629,0.003952804872854283,-2.351290930774613,-2.446637429935474,-2.374058522184373,-2.3959031162531073,-2.4806441313719167,-2.4030946237380433,I,non-synonymous,-0.022505403231094227,-0.017262542939728044,-0.014273719570344246,-0.03101561508652334,-0.011902050161410101,-0.016489167713543414,-0.016489167713543414
72,ortho,caatggattaaaagatgtattatt,3.0,aaa,3.0,,QWIKRCII,,False,False,12.0,6.0,7.0,695.0,539.0,928.0,791.0,474.0,545.0,True,False,True,True,False,False,1.0,both,0.004453578064298181,0.0035757123135763914,0.004226116625310174,0.004018804535755796,0.003306403626615629,0.003952804872854283,-2.351290930774613,-2.446637429935474,-2.374058522184373,-2.3959031162531073,-2.4806441313719167,-2.4030946237380433,K,non-synonymous,-0.022505403231094227,-0.017262542939728044,-0.014273719570344246,-0.03101561508652334,-0.011902050161410101,-0.016489167713543414,-0.016489167713543414
73,ortho,caatggattaaaagatgtattatt,4.0,aga,4.0,,QWIKRCII,,False,False,12.0,6.0,7.0,695.0,539.0,928.0,791.0,474.0,545.0,True,False,True,True,False,False,1.0,both,0.004453578064298181,0.0035757123135763914,0.004226116625310174,0.004018804535755796,0.003306403626615629,0.003952804872854283,-2.351290930774613,-2.446637429935474,-2.374058522184373,-2.3959031162531073,-2.4806441313719167,-2.4030946237380433,R,synonymous,-0.022505403231094227,-0.017262542939728044,-0.014273719570344246,-0.03101561508652334,-0.011902050161410101,-0.016489167713543414,-0.016489167713543414
74,ortho,caatggattaaaagatgtattatt,5.0,tgt,5.0,,QWIKRCII,,False,False,12.0,6.0,7.0,695.0,539.0,928.0,791.0,474.0,545.0,True,False,True,True,False,False,1.0,both,0.004453578064298181,0.0035757123135763914,0.004226116625310174,0.004018804535755796,0.003306403626615629,0.003952804872854283,-2.351290930774613,-2.446637429935474,-2.374058522184373,-2.3959031162531073,-2.4806441313719167,-2.4030946237380433,C,non-synonymous,-0.022505403231094227,-0.017262542939728044,-0.014273719570344246,-0.03101561508652334,-0.011902050161410101,-0.016489167713543414,-0.016489167713543414
75,ortho,caatggattaaaagatgtattatt,6.0,att,6.0,,QWIKRCII,,False,False,12.0,6.0,7.0,695.0,539.0,928.0,791.0,474.0,545.0,True,False,True,True,False,False,1.0,both,0.004453578064298181,0.0035757123135763914,0.004226116625310174,0.004018804535755796,0.003306403626615629,0.003952804872854283,-2.351290930774613,-2.446637429935474,-2.374058522184373,-2.3959031162531073,-2.4806441313719167,-2.4030946237380433,I,non-synonymous,-0.022505403231094227,-0.017262542939728044,-0.014273719570344246,-0.03101561508652334,-0.011902050161410101,-0.016489167713543414,-0.016489167713543414
76,ortho,caatggattaaaagatgtattatt,7.0,att,7.0,,QWIKRCII,,False,False,12.0,6.0,7.0,695.0,539.0,928.0,791.0,474.0,545.0,True,False,True,True,False,False,1.0,both,0.004453578064298181,0.0035757123135763914,0.004226116625310174,0.004018804535755796,0.003306403626615629,0.003952804872854283,-2.351290930774613,-2.446637429935474,-2.374058522184373,-2.3959031162531073,-2.4806441313719167,-2.4030946237380433,I,non-synonymous,-0.022505403231094227,-0.017262542939728044,-0.014273719570344246,-0.03101561508652334,-0.011902050161410101,-0.016489167713543414,-0.016489167713543414
77,single,cagtgggtgagacgttatacactc,0.0,cag,1.0,,QWVRRYTL,,False,False,2.0,1.0,1.0,253.0,221.0,374.0,274.0,183.0,180.0,True,False,True,True,False,False,1.0,both,0.0015427059287202297,0.0013804965261275941,0.0013957816377171215,0.001462960500066498,0.0013556868302078925,0.0015930485155684288,-2.8117168514519015,-2.8599646818791293,-2.8551825193577094,-2.834767399667403,-2.867840622873545,-2.797770997756425,Q,non-synonymous,-0.01162825530118261,-0.003997999331424746,0.028222657849876254,-0.020138467156611724,0.0013624934468931971,0.026007209706677088,0.0013624934468931971
78,single,cattgggtgagacgttatacactc,0.0,cat,1.0,,HWVRRYTL,,False,False,1.0,1.0,1.0,3.0,2.0,2.0,2.0,2.0,4.0,True,False,True,True,False,False,3.0,both,1.1260627216935984e-05,1.5087393728170428e-05,3.1017369727047146e-05,1.7347357708298398e-05,1.2268659096904004e-05,8.518976019082506e-06,-4.948437418608308,-4.821385775945577,-4.508395033133053,-4.760766666123558,-4.911202900894675,-5.069612604292924,H,non-synonymous,0.09467381868992335,-0.04559313049089634,-0.27588628638313756,0.08616360683449424,-0.0402326377125784,-0.27810173452633674,-0.0402326377125784
79,single,ccgtgggtgagacgttatacactc,0.0,ccg,1.0,,PWVRRYTL,,False,False,3.0,1.0,1.0,280.0,247.0,426.0,329.0,254.0,222.0,True,False,True,True,False,False,1.0,both,0.0018523731771859693,0.0019160990034776443,0.0017214640198511167,0.0016190867194411838,0.0015151793984676445,0.001814541892064574,-2.7322715163223155,-2.717582054989621,-2.7641020500103766,-2.7907298895010015,-2.8195359432989897,-2.7412330008541863,P,non-synonymous,-0.029490356648282593,-0.05175401613420363,0.011242087505876653,-0.0380005685037117,-0.04639352335588569,0.009026639362677485,-0.0380005685037117
80,single,ccttgggtgagacgttatacactc,0.0,cct,1.0,,PWVRRYTL,,False,False,2.0,1.0,1.0,936.0,944.0,1295.0,938.0,747.0,637.0,True,False,True,True,False,False,1.0,both,0.005281234164742976,0.0056351415574716545,0.004939516129032258,0.0054123756049891,0.00579080709373869,0.0055160369723559225,-2.2772645758932253,-2.24909516979416,-2.306315592125665,-2.266612072105116,-2.2372609022605867,-2.2583728315396345,P,non-synonymous,0.005373843280727205,0.006007332167759626,0.023567954491695603,-0.0031363685747019063,0.011367824946077569,0.021352506348496437,0.011367824946077569
81,ortho,gaatggattagaagatatactttg,0.0,gaa,1.0,,EWIRRYTL,,False,False,8.0,2.0,5.0,525.0,447.0,754.0,616.0,418.0,447.0,True,False,True,True,False,False,1.0,both,0.003468273182816283,0.0031532652891876193,0.0034661910669975186,0.0030357875989522197,0.002742045308158045,0.003211653959194105,-2.4598867021078643,-2.5012394898345236,-2.460147501329079,-2.517728617437264,-2.561925373426719,-2.4932712540871314,E,non-synonymous,-0.029179373621462414,-0.03080547736461628,-0.01628314865588739,-0.037689585476891524,-0.025444984586298337,-0.018498596799086556,-0.025444984586298337
82,ortho,gaatggattagaagatatactttg,2.0,att,2.0,,EWIRRYTL,,False,False,8.0,2.0,5.0,525.0,447.0,754.0,616.0,418.0,447.0,True,False,True,True,False,False,1.0,both,0.003468273182816283,0.0031532652891876193,0.0034661910669975186,0.0030357875989522197,0.002742045308158045,0.003211653959194105,-2.4598867021078643,-2.5012394898345236,-2.460147501329079,-2.517728617437264,-2.561925373426719,-2.4932712540871314,I,non-synonymous,-0.029179373621462414,-0.03080547736461628,-0.01628314865588739,-0.037689585476891524,-0.025444984586298337,-0.018498596799086556,-0.025444984586298337
83,ortho,gaatggattagaagatatactttg,4.0,aga,3.0,,EWIRRYTL,,False,False,8.0,2.0,5.0,525.0,447.0,754.0,616.0,418.0,447.0,True,False,True,True,False,False,1.0,both,0.003468273182816283,0.0031532652891876193,0.0034661910669975186,0.0030357875989522197,0.002742045308158045,0.003211653959194105,-2.4598867021078643,-2.5012394898345236,-2.460147501329079,-2.517728617437264,-2.561925373426719,-2.4932712540871314,R,synonymous,-0.029179373621462414,-0.03080547736461628,-0.01628314865588739,-0.037689585476891524,-0.025444984586298337,-0.018498596799086556,-0.025444984586298337
84,ortho,gaatggattagaagatatactttg,6.0,act,4.0,,EWIRRYTL,,False,False,8.0,2.0,5.0,525.0,447.0,754.0,616.0,418.0,447.0,True,False,True,True,False,False,1.0,both,0.003468273182816283,0.0031532652891876193,0.0034661910669975186,0.0030357875989522197,0.002742045308158045,0.003211653959194105,-2.4598867021078643,-2.5012394898345236,-2.460147501329079,-2.517728617437264,-2.561925373426719,-2.4932712540871314,T,synonymous,-0.029179373621462414,-0.03080547736461628,-0.01628314865588739,-0.037689585476891524,-0.025444984586298337,-0.018498596799086556,-0.025444984586298337
85,ortho,gaatggattagaagatatactttg,7.0,ttg,5.0,,EWIRRYTL,,False,False,8.0,2.0,5.0,525.0,447.0,754.0,616.0,418.0,447.0,True,False,True,True,False,False,1.0,both,0.003468273182816283,0.0031532652891876193,0.0034661910669975186,0.0030357875989522197,0.002742045308158045,0.003211653959194105,-2.4598867021078643,-2.5012394898345236,-2.460147501329079,-2.517728617437264,-2.561925373426719,-2.4932712540871314,L,synonymous,-0.029179373621462414,-0.03080547736461628,-0.01628314865588739,-0.037689585476891524,-0.025444984586298337,-0.018498596799086556,-0.025444984586298337
86,ortho,gaatggattagaagatgtattatt,0.0,gaa,1.0,,EWIRRCII,,False,False,10.0,5.0,6.0,185.0,105.0,205.0,171.0,123.0,131.0,True,False,True,True,False,False,1.0,both,0.0009627836270480266,0.0009278747142824812,0.001015818858560794,0.0010697537253450678,0.0006441046025874602,0.0008731950419559569,-3.016471303880136,-3.032510660170161,-2.993183728805251,-2.9707161924402072,-3.1910435974887172,-3.058888738901151,E,non-synonymous,0.023081972375812988,-0.08047477474219389,-0.032299614558861635,0.014571760520383876,-0.07511428196387594,-0.034515062702060804,-0.034515062702060804
87,ortho,gaatggattagaagatgtattatt,2.0,att,2.0,,EWIRRCII,,False,False,10.0,5.0,6.0,185.0,105.0,205.0,171.0,123.0,131.0,True,False,True,True,False,False,1.0,both,0.0009627836270480266,0.0009278747142824812,0.001015818858560794,0.0010697537253450678,0.0006441046025874602,0.0008731950419559569,-3.016471303880136,-3.032510660170161,-2.993183728805251,-2.9707161924402072,-3.1910435974887172,-3.058888738901151,I,non-synonymous,0.023081972375812988,-0.08047477474219389,-0.032299614558861635,0.014571760520383876,-0.07511428196387594,-0.034515062702060804,-0.034515062702060804
88,ortho,gaatggattagaagatgtattatt,4.0,aga,3.0,,EWIRRCII,,False,False,10.0,5.0,6.0,185.0,105.0,205.0,171.0,123.0,131.0,True,False,True,True,False,False,1.0,both,0.0009627836270480266,0.0009278747142824812,0.001015818858560794,0.0010697537253450678,0.0006441046025874602,0.0008731950419559569,-3.016471303880136,-3.032510660170161,-2.993183728805251,-2.9707161924402072,-3.1910435974887172,-3.058888738901151,R,synonymous,0.023081972375812988,-0.08047477474219389,-0.032299614558861635,0.014571760520383876,-0.07511428196387594,-0.034515062702060804,-0.034515062702060804
89,ortho,gaatggattagaagatgtattatt,5.0,tgt,4.0,,EWIRRCII,,False,False,10.0,5.0,6.0,185.0,105.0,205.0,171.0,123.0,131.0,True,False,True,True,False,False,1.0,both,0.0009627836270480266,0.0009278747142824812,0.001015818858560794,0.0010697537253450678,0.0006441046025874602,0.0008731950419559569,-3.016471303880136,-3.032510660170161,-2.993183728805251,-2.9707161924402072,-3.1910435974887172,-3.058888738901151,C,non-synonymous,0.023081972375812988,-0.08047477474219389,-0.032299614558861635,0.014571760520383876,-0.07511428196387594,-0.034515062702060804,-0.034515062702060804
90,ortho,gaatggattagaagatgtattatt,6.0,att,5.0,,EWIRRCII,,False,False,10.0,5.0,6.0,185.0,105.0,205.0,171.0,123.0,131.0,True,False,True,True,False,False,1.0,both,0.0009627836270480266,0.0009278747142824812,0.001015818858560794,0.0010697537253450678,0.0006441046025874602,0.0008731950419559569,-3.016471303880136,-3.032510660170161,-2.993183728805251,-2.9707161924402072,-3.1910435974887172,-3.058888738901151,I,non-synonymous,0.023081972375812988,-0.08047477474219389,-0.032299614558861635,0.014571760520383876,-0.07511428196387594,-0.034515062702060804,-0.034515062702060804
91,ortho,gaatggattagaagatgtattatt,7.0,att,6.0,,EWIRRCII,,False,False,10.0,5.0,6.0,185.0,105.0,205.0,171.0,123.0,131.0,True,False,True,True,False,False,1.0,both,0.0009627836270480266,0.0009278747142824812,0.001015818858560794,0.0010697537253450678,0.0006441046025874602,0.0008731950419559569,-3.016471303880136,-3.032510660170161,-2.993183728805251,-2.9707161924402072,-3.1910435974887172,-3.058888738901151,I,non-synonymous,0.023081972375812988,-0.08047477474219389,-0.032299614558861635,0.014571760520383876,-0.07511428196387594,-0.034515062702060804,-0.034515062702060804
92,ortho,gaatggattcaaagatgtgttttg,0.0,gaa,1.0,,EWIQRCVL,,False,False,13.0,5.0,7.0,227.0,216.0,394.0,243.0,181.0,168.0,True,False,True,True,False,False,1.0,both,0.001368166206857722,0.0013654091323994236,0.0013027295285359803,0.0013126167332612455,0.0013250151824656324,0.0016782382757592538,-2.8638611406739773,-2.8647371967403745,-2.8851457427351526,-2.8818620636500984,-2.877779145407725,-2.775146378131331,E,non-synonymous,-0.009080882852169646,-0.006620377436742393,0.054074066395202326,-0.01759109470759876,-0.0012598846584244506,0.05185861825200316,-0.0012598846584244506
93,ortho,gaatggattcaaagatgtgttttg,2.0,att,2.0,,EWIQRCVL,,False,False,13.0,5.0,7.0,227.0,216.0,394.0,243.0,181.0,168.0,True,False,True,True,False,False,1.0,both,0.001368166206857722,0.0013654091323994236,0.0013027295285359803,0.0013126167332612455,0.0013250151824656324,0.0016782382757592538,-2.8638611406739773,-2.8647371967403745,-2.8851457427351526,-2.8818620636500984,-2.877779145407725,-2.775146378131331,I,non-synonymous,-0.009080882852169646,-0.006620377436742393,0.054074066395202326,-0.01759109470759876,-0.0012598846584244506,0.05185861825200316,-0.0012598846584244506
94,ortho,gaatggattcaaagatgtgttttg,3.0,caa,3.0,,EWIQRCVL,,False,False,13.0,5.0,7.0,227.0,216.0,394.0,243.0,181.0,168.0,True,False,True,True,False,False,1.0,both,0.001368166206857722,0.0013654091323994236,0.0013027295285359803,0.0013126167332612455,0.0013250151824656324,0.0016782382757592538,-2.8638611406739773,-2.8647371967403745,-2.8851457427351526,-2.8818620636500984,-2.877779145407725,-2.775146378131331,Q,non-synonymous,-0.009080882852169646,-0.006620377436742393,0.054074066395202326,-0.01759109470759876,-0.0012598846584244506,0.05185861825200316,-0.0012598846584244506
95,ortho,gaatggattcaaagatgtgttttg,4.0,aga,4.0,,EWIQRCVL,,False,False,13.0,5.0,7.0,227.0,216.0,394.0,243.0,181.0,168.0,True,False,True,True,False,False,1.0,both,0.001368166206857722,0.0013654091323994236,0.0013027295285359803,0.0013126167332612455,0.0013250151824656324,0.0016782382757592538,-2.8638611406739773,-2.8647371967403745,-2.8851457427351526,-2.8818620636500984,-2.877779145407725,-2.775146378131331,R,synonymous,-0.009080882852169646,-0.006620377436742393,0.054074066395202326,-0.01759109470759876,-0.0012598846584244506,0.05185861825200316,-0.0012598846584244506
96,ortho,gaatggattcaaagatgtgttttg,5.0,tgt,5.0,,EWIQRCVL,,False,False,13.0,5.0,7.0,227.0,216.0,394.0,243.0,181.0,168.0,True,False,True,True,False,False,1.0,both,0.001368166206857722,0.0013654091323994236,0.0013027295285359803,0.0013126167332612455,0.0013250151824656324,0.0016782382757592538,-2.8638611406739773,-2.8647371967403745,-2.8851457427351526,-2.8818620636500984,-2.877779145407725,-2.775146378131331,C,non-synonymous,-0.009080882852169646,-0.006620377436742393,0.054074066395202326,-0.01759109470759876,-0.0012598846584244506,0.05185861825200316,-0.0012598846584244506
97,ortho,gaatggattcaaagatgtgttttg,6.0,gtt,6.0,,EWIQRCVL,,False,False,13.0,5.0,7.0,227.0,216.0,394.0,243.0,181.0,168.0,True,False,True,True,False,False,1.0,both,0.001368166206857722,0.0013654091323994236,0.0013027295285359803,0.0013126167332612455,0.0013250151824656324,0.0016782382757592538,-2.8638611406739773,-2.8647371967403745,-2.8851457427351526,-2.8818620636500984,-2.877779145407725,-2.775146378131331,V,non-synonymous,-0.009080882852169646,-0.006620377436742393,0.054074066395202326,-0.01759109470759876,-0.0012598846584244506,0.05185861825200316,-0.0012598846584244506
98,ortho,gaatggattcaaagatgtgttttg,7.0,ttg,7.0,,EWIQRCVL,,False,False,13.0,5.0,7.0,227.0,216.0,394.0,243.0,181.0,168.0,True,False,True,True,False,False,1.0,both,0.001368166206857722,0.0013654091323994236,0.0013027295285359803,0.0013126167332612455,0.0013250151824656324,0.0016782382757592538,-2.8638611406739773,-2.8647371967403745,-2.8851457427351526,-2.8818620636500984,-2.877779145407725,-2.775146378131331,L,synonymous,-0.009080882852169646,-0.006620377436742393,0.054074066395202326,-0.01759109470759876,-0.0012598846584244506,0.05185861825200316,-0.0012598846584244506
99,ortho,gaatggattgaaagatgtattatt,0.0,gaa,1.0,,EWIERCII,,False,False,12.0,6.0,7.0,853.0,687.0,1109.0,865.0,658.0,657.0,True,False,True,True,False,False,1.0,both,0.0048702212713248125,0.0049637525365680705,0.005094602977667494,0.004932432041726178,0.0042142843997865255,0.00472377220258125,-2.3124513068074752,-2.3041898779956034,-2.2928896549012348,-2.306938889675698,-2.375276159499105,-2.325711053807745,E,non-synonymous,0.0027808359755979012,-0.036084946056095524,-0.01613451595876231,-0.00572937587983121,-0.03072445327777758,-0.018349964101961477,-0.018349964101961477
100,ortho,gaatggattgaaagatgtattatt,2.0,att,2.0,,EWIERCII,,False,False,12.0,6.0,7.0,853.0,687.0,1109.0,865.0,658.0,657.0,True,False,True,True,False,False,1.0,both,0.0048702212713248125,0.0049637525365680705,0.005094602977667494,0.004932432041726178,0.0042142843997865255,0.00472377220258125,-2.3124513068074752,-2.3041898779956034,-2.2928896549012348,-2.306938889675698,-2.375276159499105,-2.325711053807745,I,non-synonymous,0.0027808359755979012,-0.036084946056095524,-0.01613451595876231,-0.00572937587983121,-0.03072445327777758,-0.018349964101961477,-0.018349964101961477
101,ortho,gaatggattgaaagatgtattatt,3.0,gaa,3.0,,EWIERCII,,False,False,12.0,6.0,7.0,853.0,687.0,1109.0,865.0,658.0,657.0,True,False,True,True,False,False,1.0,both,0.0048702212713248125,0.0049637525365680705,0.005094602977667494,0.004932432041726178,0.0042142843997865255,0.00472377220258125,-2.3124513068074752,-2.3041898779956034,-2.2928896549012348,-2.306938889675698,-2.375276159499105,-2.325711053807745,E,non-synonymous,0.0027808359755979012,-0.036084946056095524,-0.01613451595876231,-0.00572937587983121,-0.03072445327777758,-0.018349964101961477,-0.018349964101961477
102,ortho,gaatggattgaaagatgtattatt,4.0,aga,4.0,,EWIERCII,,False,False,12.0,6.0,7.0,853.0,687.0,1109.0,865.0,658.0,657.0,True,False,True,True,False,False,1.0,both,0.0048702212713248125,0.0049637525365680705,0.005094602977667494,0.004932432041726178,0.0042142843997865255,0.00472377220258125,-2.3124513068074752,-2.3041898779956034,-2.2928896549012348,-2.306938889675698,-2.375276159499105,-2.325711053807745,R,synonymous,0.0027808359755979012,-0.036084946056095524,-0.01613451595876231,-0.00572937587983121,-0.03072445327777758,-0.018349964101961477,-0.018349964101961477
103,ortho,gaatggattgaaagatgtattatt,5.0,tgt,5.0,,EWIERCII,,False,False,12.0,6.0,7.0,853.0,687.0,1109.0,865.0,658.0,657.0,True,False,True,True,False,False,1.0,both,0.0048702212713248125,0.0049637525365680705,0.005094602977667494,0.004932432041726178,0.0042142843997865255,0.00472377220258125,-2.3124513068074752,-2.3041898779956034,-2.2928896549012348,-2.306938889675698,-2.375276159499105,-2.325711053807745,C,non-synonymous,0.0027808359755979012,-0.036084946056095524,-0.01613451595876231,-0.00572937587983121,-0.03072445327777758,-0.018349964101961477,-0.018349964101961477
104,ortho,gaatggattgaaagatgtattatt,6.0,att,6.0,,EWIERCII,,False,False,12.0,6.0,7.0,853.0,687.0,1109.0,865.0,658.0,657.0,True,False,True,True,False,False,1.0,both,0.0048702212713248125,0.0049637525365680705,0.005094602977667494,0.004932432041726178,0.0042142843997865255,0.00472377220258125,-2.3124513068074752,-2.3041898779956034,-2.2928896549012348,-2.306938889675698,-2.375276159499105,-2.325711053807745,I,non-synonymous,0.0027808359755979012,-0.036084946056095524,-0.01613451595876231,-0.00572937587983121,-0.03072445327777758,-0.018349964101961477,-0.018349964101961477
105,ortho,gaatggattgaaagatgtattatt,7.0,att,7.0,,EWIERCII,,False,False,12.0,6.0,7.0,853.0,687.0,1109.0,865.0,658.0,657.0,True,False,True,True,False,False,1.0,both,0.0048702212713248125,0.0049637525365680705,0.005094602977667494,0.004932432041726178,0.0042142843997865255,0.00472377220258125,-2.3124513068074752,-2.3041898779956034,-2.2928896549012348,-2.306938889675698,-2.375276159499105,-2.325711053807745,I,non-synonymous,0.0027808359755979012,-0.036084946056095524,-0.01613451595876231,-0.00572937587983121,-0.03072445327777758,-0.018349964101961477,-0.018349964101961477
106,ortho,gaatgggttaaaagatgtattttg,0.0,gaa,1.0,,EWVKRCIL,,False,False,10.0,4.0,7.0,735.0,640.0,1022.0,804.0,523.0,577.0,True,False,True,True,False,False,1.0,both,0.004526772141208266,0.003945353459916567,0.004474255583126551,0.004250102638533108,0.003925970911009281,0.004353196745751161,-2.3442113655238384,-2.4039140827422845,-2.349279211305284,-2.371600581759026,-2.4060529225747684,-2.361191704158211,E,non-synonymous,-0.013816972850471098,-0.0010857217221863474,-0.005856005912230404,-0.02232718470590021,0.004274771056131595,-0.008071454055429571,-0.008071454055429571
107,ortho,gaatgggttaaaagatgtattttg,2.0,gtt,2.0,,EWVKRCIL,,False,False,10.0,4.0,7.0,735.0,640.0,1022.0,804.0,523.0,577.0,True,False,True,True,False,False,1.0,both,0.004526772141208266,0.003945353459916567,0.004474255583126551,0.004250102638533108,0.003925970911009281,0.004353196745751161,-2.3442113655238384,-2.4039140827422845,-2.349279211305284,-2.371600581759026,-2.4060529225747684,-2.361191704158211,V,synonymous,-0.013816972850471098,-0.0010857217221863474,-0.005856005912230404,-0.02232718470590021,0.004274771056131595,-0.008071454055429571,-0.008071454055429571
108,ortho,gaatgggttaaaagatgtattttg,3.0,aaa,3.0,,EWVKRCIL,,False,False,10.0,4.0,7.0,735.0,640.0,1022.0,804.0,523.0,577.0,True,False,True,True,False,False,1.0,both,0.004526772141208266,0.003945353459916567,0.004474255583126551,0.004250102638533108,0.003925970911009281,0.004353196745751161,-2.3442113655238384,-2.4039140827422845,-2.349279211305284,-2.371600581759026,-2.4060529225747684,-2.361191704158211,K,non-synonymous,-0.013816972850471098,-0.0010857217221863474,-0.005856005912230404,-0.02232718470590021,0.004274771056131595,-0.008071454055429571,-0.008071454055429571
109,ortho,gaatgggttaaaagatgtattttg,4.0,aga,4.0,,EWVKRCIL,,False,False,10.0,4.0,7.0,735.0,640.0,1022.0,804.0,523.0,577.0,True,False,True,True,False,False,1.0,both,0.004526772141208266,0.003945353459916567,0.004474255583126551,0.004250102638533108,0.003925970911009281,0.004353196745751161,-2.3442113655238384,-2.4039140827422845,-2.349279211305284,-2.371600581759026,-2.4060529225747684,-2.361191704158211,R,synonymous,-0.013816972850471098,-0.0010857217221863474,-0.005856005912230404,-0.02232718470590021,0.004274771056131595,-0.008071454055429571,-0.008071454055429571
110,ortho,gaatgggttaaaagatgtattttg,5.0,tgt,5.0,,EWVKRCIL,,False,False,10.0,4.0,7.0,735.0,640.0,1022.0,804.0,523.0,577.0,True,False,True,True,False,False,1.0,both,0.004526772141208266,0.003945353459916567,0.004474255583126551,0.004250102638533108,0.003925970911009281,0.004353196745751161,-2.3442113655238384,-2.4039140827422845,-2.349279211305284,-2.371600581759026,-2.4060529225747684,-2.361191704158211,C,non-synonymous,-0.013816972850471098,-0.0010857217221863474,-0.005856005912230404,-0.02232718470590021,0.004274771056131595,-0.008071454055429571,-0.008071454055429571
111,ortho,gaatgggttaaaagatgtattttg,6.0,att,6.0,,EWVKRCIL,,False,False,10.0,4.0,7.0,735.0,640.0,1022.0,804.0,523.0,577.0,True,False,True,True,False,False,1.0,both,0.004526772141208266,0.003945353459916567,0.004474255583126551,0.004250102638533108,0.003925970911009281,0.004353196745751161,-2.3442113655238384,-2.4039140827422845,-2.349279211305284,-2.371600581759026,-2.4060529225747684,-2.361191704158211,I,non-synonymous,-0.013816972850471098,-0.0010857217221863474,-0.005856005912230404,-0.02232718470590021,0.004274771056131595,-0.008071454055429571,-0.008071454055429571
112,ortho,gaatgggttaaaagatgtattttg,7.0,ttg,7.0,,EWVKRCIL,,False,False,10.0,4.0,7.0,735.0,640.0,1022.0,804.0,523.0,577.0,True,False,True,True,False,False,1.0,both,0.004526772141208266,0.003945353459916567,0.004474255583126551,0.004250102638533108,0.003925970911009281,0.004353196745751161,-2.3442113655238384,-2.4039140827422845,-2.349279211305284,-2.371600581759026,-2.4060529225747684,-2.361191704158211,L,synonymous,-0.013816972850471098,-0.0010857217221863474,-0.005856005912230404,-0.02232718470590021,0.004274771056131595,-0.008071454055429571,-0.008071454055429571
113,ortho,gaatgggttcaaagatgtactgct,0.0,gaa,1.0,,EWVQRCTA,,False,False,11.0,4.0,7.0,150.0,144.0,253.0,155.0,104.0,146.0,True,False,True,True,False,False,1.0,both,0.0008726986093125387,0.0007845444738648623,0.0011321339950372208,0.0008673678854149198,0.0008833434549770883,0.001077650466413937,-3.059135716101998,-3.1053824323107784,-2.9461021686765783,-3.0617966617875396,-3.0538704044634057,-2.967522078781087,E,non-synonymous,-0.001342360948849367,0.02614862821346151,-0.01052971210644831,-0.009852572804278478,0.03150912099177945,-0.012745160249647478,-0.009852572804278478
114,ortho,gaatgggttcaaagatgtactgct,2.0,gtt,2.0,,EWVQRCTA,,False,False,11.0,4.0,7.0,150.0,144.0,253.0,155.0,104.0,146.0,True,False,True,True,False,False,1.0,both,0.0008726986093125387,0.0007845444738648623,0.0011321339950372208,0.0008673678854149198,0.0008833434549770883,0.001077650466413937,-3.059135716101998,-3.1053824323107784,-2.9461021686765783,-3.0617966617875396,-3.0538704044634057,-2.967522078781087,V,synonymous,-0.001342360948849367,0.02614862821346151,-0.01052971210644831,-0.009852572804278478,0.03150912099177945,-0.012745160249647478,-0.009852572804278478
115,ortho,gaatgggttcaaagatgtactgct,3.0,caa,3.0,,EWVQRCTA,,False,False,11.0,4.0,7.0,150.0,144.0,253.0,155.0,104.0,146.0,True,False,True,True,False,False,1.0,both,0.0008726986093125387,0.0007845444738648623,0.0011321339950372208,0.0008673678854149198,0.0008833434549770883,0.001077650466413937,-3.059135716101998,-3.1053824323107784,-2.9461021686765783,-3.0617966617875396,-3.0538704044634057,-2.967522078781087,Q,non-synonymous,-0.001342360948849367,0.02614862821346151,-0.01052971210644831,-0.009852572804278478,0.03150912099177945,-0.012745160249647478,-0.009852572804278478
116,ortho,gaatgggttcaaagatgtactgct,4.0,aga,4.0,,EWVQRCTA,,False,False,11.0,4.0,7.0,150.0,144.0,253.0,155.0,104.0,146.0,True,False,True,True,False,False,1.0,both,0.0008726986093125387,0.0007845444738648623,0.0011321339950372208,0.0008673678854149198,0.0008833434549770883,0.001077650466413937,-3.059135716101998,-3.1053824323107784,-2.9461021686765783,-3.0617966617875396,-3.0538704044634057,-2.967522078781087,R,synonymous,-0.001342360948849367,0.02614862821346151,-0.01052971210644831,-0.009852572804278478,0.03150912099177945,-0.012745160249647478,-0.009852572804278478
117,ortho,gaatgggttcaaagatgtactgct,5.0,tgt,5.0,,EWVQRCTA,,False,False,11.0,4.0,7.0,150.0,144.0,253.0,155.0,104.0,146.0,True,False,True,True,False,False,1.0,both,0.0008726986093125387,0.0007845444738648623,0.0011321339950372208,0.0008673678854149198,0.0008833434549770883,0.001077650466413937,-3.059135716101998,-3.1053824323107784,-2.9461021686765783,-3.0617966617875396,-3.0538704044634057,-2.967522078781087,C,non-synonymous,-0.001342360948849367,0.02614862821346151,-0.01052971210644831,-0.009852572804278478,0.03150912099177945,-0.012745160249647478,-0.009852572804278478
118,ortho,gaatgggttcaaagatgtactgct,6.0,act,6.0,,EWVQRCTA,,False,False,11.0,4.0,7.0,150.0,144.0,253.0,155.0,104.0,146.0,True,False,True,True,False,False,1.0,both,0.0008726986093125387,0.0007845444738648623,0.0011321339950372208,0.0008673678854149198,0.0008833434549770883,0.001077650466413937,-3.059135716101998,-3.1053824323107784,-2.9461021686765783,-3.0617966617875396,-3.0538704044634057,-2.967522078781087,T,synonymous,-0.001342360948849367,0.02614862821346151,-0.01052971210644831,-0.009852572804278478,0.03150912099177945,-0.012745160249647478,-0.009852572804278478
119,ortho,gaatgggttcaaagatgtactgct,7.0,gct,7.0,,EWVQRCTA,,False,False,11.0,4.0,7.0,150.0,144.0,253.0,155.0,104.0,146.0,True,False,True,True,False,False,1.0,both,0.0008726986093125387,0.0007845444738648623,0.0011321339950372208,0.0008673678854149198,0.0008833434549770883,0.001077650466413937,-3.059135716101998,-3.1053824323107784,-2.9461021686765783,-3.0617966617875396,-3.0538704044634057,-2.967522078781087,A,non-synonymous,-0.001342360948849367,0.02614862821346151,-0.01052971210644831,-0.009852572804278478,0.03150912099177945,-0.012745160249647478,-0.009852572804278478
120,ortho,gaatggttgaaaagatgtattttg,0.0,gaa,1.0,,EWLKRCIL,,False,False,10.0,5.0,7.0,566.0,384.0,672.0,536.0,320.0,426.0,True,False,True,True,False,False,1.0,both,0.0030178480941388435,0.0024139829965072685,0.003303349875930521,0.003272868154298964,0.0023555825466055687,0.002862375942411722,-2.5203026245795197,-2.617265793289653,-2.4810454253582965,-2.4850714896549495,-2.6279016721911246,-2.54327332690308,E,non-synonymous,0.017772966943051027,-0.005399003975188538,-0.030590319243078923,0.009262755087621916,-3.85111968705951e-05,-0.03280576738627809,-3.85111968705951e-05
121,ortho,gaatggttgaaaagatgtattttg,2.0,ttg,2.0,,EWLKRCIL,,False,False,10.0,5.0,7.0,566.0,384.0,672.0,536.0,320.0,426.0,True,False,True,True,False,False,1.0,both,0.0030178480941388435,0.0024139829965072685,0.003303349875930521,0.003272868154298964,0.0023555825466055687,0.002862375942411722,-2.5203026245795197,-2.617265793289653,-2.4810454253582965,-2.4850714896549495,-2.6279016721911246,-2.54327332690308,L,non-synonymous,0.017772966943051027,-0.005399003975188538,-0.030590319243078923,0.009262755087621916,-3.85111968705951e-05,-0.03280576738627809,-3.85111968705951e-05
122,ortho,gaatggttgaaaagatgtattttg,3.0,aaa,3.0,,EWLKRCIL,,False,False,10.0,5.0,7.0,566.0,384.0,672.0,536.0,320.0,426.0,True,False,True,True,False,False,1.0,both,0.0030178480941388435,0.0024139829965072685,0.003303349875930521,0.003272868154298964,0.0023555825466055687,0.002862375942411722,-2.5203026245795197,-2.617265793289653,-2.4810454253582965,-2.4850714896549495,-2.6279016721911246,-2.54327332690308,K,non-synonymous,0.017772966943051027,-0.005399003975188538,-0.030590319243078923,0.009262755087621916,-3.85111968705951e-05,-0.03280576738627809,-3.85111968705951e-05
123,ortho,gaatggttgaaaagatgtattttg,4.0,aga,4.0,,EWLKRCIL,,False,False,10.0,5.0,7.0,566.0,384.0,672.0,536.0,320.0,426.0,True,False,True,True,False,False,1.0,both,0.0030178480941388435,0.0024139829965072685,0.003303349875930521,0.003272868154298964,0.0023555825466055687,0.002862375942411722,-2.5203026245795197,-2.617265793289653,-2.4810454253582965,-2.4850714896549495,-2.6279016721911246,-2.54327332690308,R,synonymous,0.017772966943051027,-0.005399003975188538,-0.030590319243078923,0.009262755087621916,-3.85111968705951e-05,-0.03280576738627809,-3.85111968705951e-05
124,ortho,gaatggttgaaaagatgtattttg,5.0,tgt,5.0,,EWLKRCIL,,False,False,10.0,5.0,7.0,566.0,384.0,672.0,536.0,320.0,426.0,True,False,True,True,False,False,1.0,both,0.0030178480941388435,0.0024139829965072685,0.003303349875930521,0.003272868154298964,0.0023555825466055687,0.002862375942411722,-2.5203026245795197,-2.617265793289653,-2.4810454253582965,-2.4850714896549495,-2.6279016721911246,-2.54327332690308,C,non-synonymous,0.017772966943051027,-0.005399003975188538,-0.030590319243078923,0.009262755087621916,-3.85111968705951e-05,-0.03280576738627809,-3.85111968705951e-05
125,ortho,gaatggttgaaaagatgtattttg,6.0,att,6.0,,EWLKRCIL,,False,False,10.0,5.0,7.0,566.0,384.0,672.0,536.0,320.0,426.0,True,False,True,True,False,False,1.0,both,0.0030178480941388435,0.0024139829965072685,0.003303349875930521,0.003272868154298964,0.0023555825466055687,0.002862375942411722,-2.5203026245795197,-2.617265793289653,-2.4810454253582965,-2.4850714896549495,-2.6279016721911246,-2.54327332690308,I,non-synonymous,0.017772966943051027,-0.005399003975188538,-0.030590319243078923,0.009262755087621916,-3.85111968705951e-05,-0.03280576738627809,-3.85111968705951e-05
126,ortho,gaatggttgaaaagatgtattttg,7.0,ttg,7.0,,EWLKRCIL,,False,False,10.0,5.0,7.0,566.0,384.0,672.0,536.0,320.0,426.0,True,False,True,True,False,False,1.0,both,0.0030178480941388435,0.0024139829965072685,0.003303349875930521,0.003272868154298964,0.0023555825466055687,0.002862375942411722,-2.5203026245795197,-2.617265793289653,-2.4810454253582965,-2.4850714896549495,-2.6279016721911246,-2.54327332690308,L,synonymous,0.017772966943051027,-0.005399003975188538,-0.030590319243078923,0.009262755087621916,-3.85111968705951e-05,-0.03280576738627809,-3.85111968705951e-05
127,single,gataaggtgagacgttatacactc,1.0,aag,1.0,,DKVRRYTL,,False,False,2.0,1.0,1.0,1126.0,1033.0,1522.0,1126.0,878.0,774.0,True,False,True,True,False,False,1.0,both,0.006339733123134959,0.006623365846666817,0.006001861042183623,0.006511041593181332,0.006336762423550918,0.0064829407505217875,-2.197929023756962,-2.1789212557034565,-2.2217140637781227,-2.1863495303278935,-2.198132575039035,-2.188227947522351,K,non-synonymous,0.005841479542817307,-0.009752084470146735,0.016461281210611252,-0.0026687323126118045,-0.004391591691828792,0.014245833067412086,-0.0026687323126118045
128,single,gataatgtgagacgttatacactc,1.0,aat,1.0,,DNVRRYTL,,False,False,3.0,1.0,1.0,18.0,23.0,27.0,36.0,19.0,16.0,True,False,True,True,False,False,1.0,both,0.0002026912899048477,0.00014333024041761905,0.00012406947890818859,0.00010408414624979038,0.00014108957961439603,0.00011500617625761384,-3.693164913505002,-3.8436621706567298,-3.9063350418050904,-3.982615415739915,-3.850505060541063,-3.939278835797918,N,non-synonymous,-0.1460184072663223,-0.0034736000691186096,-0.016194683579255145,-0.1545286191217514,0.0018868927091993332,-0.01841013172245431,-0.01841013172245431
129,single,gatacggtgagacgttatacactc,1.0,acg,1.0,,DTVRRYTL,,False,False,2.0,1.0,1.0,94.0,92.0,147.0,87.0,83.0,65.0,True,False,True,True,False,False,1.0,both,0.0004898372839367153,0.0006261268397190728,0.0005040322580645161,0.0005435505415266832,0.0005643583184575841,0.0006261447374025642,-3.3099481616536712,-3.203337679233485,-3.2975416678181597,-3.264760067243522,-3.2484450692131004,-3.203325265208729,T,non-synonymous,0.02279593064176156,-0.022897494421135294,0.04631539489858541,0.014285718786332448,-0.01753700164281735,0.04409994675538624,0.014285718786332448
130,single,gatactgtgagacgttatacactc,1.0,act,1.0,,DTVRRYTL,,False,False,3.0,1.0,1.0,32.0,22.0,21.0,20.0,10.0,10.0,True,False,True,True,False,False,2.0,both,0.00011260627216935983,7.543696864085214e-05,7.754342431761787e-05,0.00018503848222184958,0.00013495525006594405,8.944924820036631e-05,-3.948437418608308,-4.122415771609559,-4.110455024461015,-3.732737942523315,-3.8698102157364493,-4.048423305222986,T,non-synonymous,0.10881340230168013,0.12822808655003518,0.030493878912544382,0.10030319044625102,0.1335885793283531,0.028278430769345216,0.10030319044625102
131,single,gatagggtgagacgttatacactc,1.0,agg,1.0,,DRVRRYTL,,False,False,1.0,1.0,1.0,22.0,27.0,37.0,35.0,15.0,17.0,True,False,True,True,False,False,1.0,both,0.00019706097629637972,0.00011315545296127821,0.00013182382133995039,0.0001272139565275216,0.00016562689780820405,0.00015760105635302636,-3.705399369922014,-3.9463245125538777,-3.8800061030827413,-3.895465240021015,-3.780869132399668,-3.80244087588991,R,non-synonymous,-0.09588207798312919,0.0839887576235271,0.03812992247991946,-0.10439228983855829,0.08934925040184505,0.03591447433672029,0.03591447433672029
132,single,gatatggtgagacgttatacactc,1.0,atg,1.0,,DMVRRYTL,,False,False,2.0,1.0,1.0,1187.0,1182.0,1675.0,1344.0,914.0,883.0,True,False,True,True,False,False,1.0,both,0.007567141489780981,0.006894938933773885,0.006847084367245657,0.006863771199916733,0.007250777526270266,0.007134642415981599,-2.1210681455544833,-2.1614695758757274,-2.164494320883447,-2.16343720188863,-2.139615420013419,-2.1466277885840412,M,non-synonymous,-0.021373817200248602,0.011093645900637777,0.008782923949512756,-0.029884029055677712,0.016454138678955718,0.006567475806313589,0.006567475806313589
133,single,gatattgtgagacgttatacactc,1.0,att,1.0,,DIVRRYTL,,False,False,3.0,1.0,1.0,1615.0,1637.0,2323.0,1733.0,1352.0,1239.0,True,False,True,True,False,False,1.0,both,0.009757333483475029,0.01019907816024321,0.009607630272952854,0.00933866089963397,0.010041897470815927,0.009894790646164331,-2.0106688515583726,-1.9914390800039417,-2.017383718084952,-2.0297153941760993,-1.9981842171467141,-2.00459339015667,I,non-synonymous,-0.009608364108877776,-0.0034239786466523582,0.006287536697155749,-0.01811857596430689,0.0019365141316655845,0.004072088553956582,0.0019365141316655845
134,single,gatcctgtgagacgttatacactc,1.0,cct,1.0,,DPVRRYTL,,False,False,3.0,1.0,1.0,4.0,4.0,2.0,4.0,4.0,1.0,True,False,True,True,False,False,3.0,both,2.2521254433871968e-05,3.0174787456340856e-05,7.754342431761787e-06,2.3129810277731198e-05,2.453731819380801e-05,8.518976019082506e-06,-4.647407422944327,-4.520355780281596,-5.110455024461015,-4.6358279295152585,-4.6101729052306935,-5.069612604292924,P,non-synonymous,0.005841479542817307,-0.04559313049089634,0.020077531791791788,-0.0026687323126118045,-0.0402326377125784,0.01786208364859262,-0.0026687323126118045
135,single,gatcgggtgagacgttatacactc,1.0,cgg,1.0,,DRVRRYTL,,False,False,1.0,1.0,1.0,1122.0,1036.0,1568.0,1045.0,857.0,785.0,True,False,True,True,False,False,1.0,both,0.005883677720849051,0.006464948212521028,0.006087158808933003,0.0064879117829036,0.006355165412196274,0.006678877198960685,-2.230351123825217,-2.1894349496863605,-2.2155853677157626,-2.1878950639230785,-2.1968731411494415,-2.1752965416084855,R,non-synonymous,0.021417707683514503,-0.003775788127093875,0.019805393110734294,0.012907495828085392,0.0015847046512240679,0.017589944967535128,0.012907495828085392
136,single,gatcgtgtgagacgttatacactc,1.0,cgt,1.0,,DRVRRYTL,,False,False,2.0,1.0,1.0,3.0,2.0,1.0,2.0,5.0,2.0,True,False,True,True,False,False,2.0,both,1.1260627216935984e-05,3.771848432042607e-05,1.5508684863523573e-05,1.7347357708298398e-05,1.2268659096904004e-05,4.259488009541253e-06,-4.948437418608308,-4.42344576727354,-4.809425028797034,-4.760766666123558,-4.911202900894675,-5.370642599956906,R,non-synonymous,0.09467381868992335,-0.2475961533355405,-0.27588628638313756,0.08616360683449424,-0.24223566055722257,-0.27810173452633674,-0.24223566055722257
137,single,gatctggtgagacgttatacactc,1.0,ctg,1.0,,DLVRRYTL,,False,False,2.0,1.0,1.0,332.0,257.0,369.0,390.0,237.0,221.0,True,False,True,True,False,False,1.0,both,0.002195822307302517,0.0017878561567881957,0.0017137096774193549,0.0019197742530516894,0.0015765226939521645,0.0015717510755207224,-2.6584028072457904,-2.747667425599455,-2.766062750775905,-2.7167498371391847,-2.802299773227361,-2.803616233797845,L,non-synonymous,-0.02943418756564971,-0.027732570551938826,-0.018460738765294173,-0.03794439942107882,-0.022372077773620883,-0.02067618690849334,-0.022372077773620883
138,single,gatgatgtgagacgttatacactc,1.0,gat,1.0,,DDVRRYTL,,False,False,3.0,1.0,1.0,52.0,65.0,85.0,106.0,69.0,72.0,True,False,True,True,False,False,1.0,both,0.0005968132424976071,0.0005205150836218798,0.0005583126550868486,0.00030068753361050556,0.0003987314206493801,0.0003620564808110065,-3.2241615490075195,-3.2835666808723034,-3.253122528029747,-3.521884577208422,-3.3993195399158,-3.4412236742426123,D,non-synonymous,-0.15019162878881526,-0.05875867447388765,-0.092467751118035,-0.15870184064424436,-0.0533981816955697,-0.09468319926123417,-0.09468319926123417
139,single,gatgtggtgagacgttatacactc,1.0,gtg,1.0,,DVVRRYTL,,False,False,2.0,1.0,1.0,134.0,116.0,213.0,131.0,149.0,107.0,True,False,True,True,False,False,1.0,both,0.0007375710827093069,0.0011240108327486968,0.0008297146401985111,0.0007748486443039951,0.0007115822276204323,0.000907270946032287,-3.1321961186165255,-2.949229503197285,-3.0810712467758057,-3.1107831224784133,-3.147774907331737,-3.0422629965181676,V,non-synonymous,0.010802163294743455,-0.10078597510441545,0.019077563844766617,0.002291951439314344,-0.0954254823260975,0.01686211570156745,0.002291951439314344
140,single,gattaggtgagacgttatacactc,1.0,tag,1.0,,D*VRRYTL,,True,False,1.0,1.0,1.0,834.0,862.0,1236.0,923.0,800.0,746.0,True,False,True,True,False,False,1.0,both,0.005196779460615956,0.006034957491268171,0.005784739454094293,0.004822565442906954,0.0052877920707656255,0.005264727179792989,-2.2842657132463775,-2.2193257846176153,-2.237716196988347,-2.316721870205482,-2.2767256307339427,-2.278624129204108,*,stop,-0.01637308040083481,-0.029137413111611832,-0.020109736548866206,-0.02488329225626392,-0.02377692033329389,-0.02232518469206537,-0.02377692033329389
141,single,gattatgtgagacgttatacactc,1.0,tat,1.0,,DYVRRYTL,,False,False,2.0,1.0,1.0,78.0,63.0,46.0,54.0,58.0,38.0,True,False,True,True,False,False,1.0,both,0.00030403693485727155,0.0004375344181169424,0.0002946650124069479,0.00045103130041575836,0.0003864627615524761,0.00019593644843889766,-3.5170736544493213,-3.3589877780466217,-3.5306714278442053,-3.3457933181527406,-3.412892347105074,-3.7078847682753313,Y,non-synonymous,0.08640538437127682,-0.027363134285699097,-0.08711546626747867,0.07789517251584771,-0.022002641507381154,-0.08933091441067784,-0.022002641507381154
142,single,gattcggtgagacgttatacactc,1.0,tcg,1.0,,DSVRRYTL,,False,False,1.0,1.0,1.0,1447.0,1342.0,2006.0,1395.0,1124.0,1048.0,True,False,True,True,False,False,1.0,both,0.007854287483812849,0.00847911527523178,0.008126550868486352,0.00836720886796926,0.008232270254022586,0.008544532947139754,-2.1048932066626733,-2.0716494603765168,-2.0900937418133076,-2.0774193897241835,-2.084480380725682,-2.068311671272506,S,non-synonymous,0.013859651166294944,-0.006513254862359007,0.01070774483916766,0.005349439310865832,-0.001152762084041064,0.008492296695968495,0.005349439310865832
143,single,gattctgtgagacgttatacactc,1.0,tct,1.0,,DSVRRYTL,,False,False,2.0,1.0,1.0,784.0,727.0,1061.0,891.0,678.0,582.0,True,False,True,True,False,False,1.0,both,0.005016609425144981,0.005114626473849775,0.00451302729528536,0.004533442814435315,0.004459657581724606,0.00451931677812327,-2.2995897102354146,-2.2911860777424957,-2.345532039811127,-2.3435718581587826,-2.350698485699618,-2.3449272160555643,S,non-synonymous,-0.02218756968232794,-0.030209795552399474,0.00029732244393839303,-0.030697781537757055,-0.02484930277408153,-0.001918125699260774,-0.02484930277408153
144,single,gattggaagagacgttatacactc,2.0,aag,1.0,,DWKRRYTL,,False,False,2.0,1.0,1.0,1247.0,1264.0,1820.0,1320.0,1072.0,1019.0,True,False,True,True,False,False,1.0,both,0.007432013963177749,0.00808684303829935,0.00790167493796526,0.0072107183540827,0.00775379254924333,0.007752268177365081,-2.12889348306644,-2.0922209862528076,-2.102280840454589,-2.1420214673646782,-2.1104858226122896,-2.1105712119718305,K,non-synonymous,-0.006622643053112942,-0.009271629079695814,-0.004075424448848417,-0.015132854908542053,-0.003911136301377871,-0.006290872592047584,-0.006290872592047584
145,single,gattggacgagacgttatacactc,2.0,acg,1.0,,DWTRRYTL,,False,False,2.0,1.0,1.0,1169.0,990.0,1422.0,1133.0,909.0,829.0,True,False,True,True,False,False,1.0,both,0.006379145318394235,0.0068572204494534595,0.006428349875930521,0.006759687053666942,0.006072986252967482,0.006056991949567662,-2.1952375044088925,-2.1638518883875912,-2.191900493910742,-2.1700734096813807,-2.216597701961106,-2.217743003563158,T,non-synonymous,0.012694471089319419,-0.026774924742566156,-0.012703796860976092,0.004184259233890307,-0.021414431964248214,-0.014919245004175258,-0.014919245004175258
146,ortho,gattggactagaagatatactttg,2.0,act,1.0,,DWTRRYTL,,False,False,8.0,1.0,4.0,827.0,763.0,1207.0,903.0,632.0,702.0,True,False,True,True,False,False,1.0,both,0.005084173188446597,0.004767616418101855,0.005443548387096774,0.004782088274920925,0.004680493445468878,0.005141202027516292,-2.2937796639587837,-2.321698693327174,-2.2641179123312103,-2.3203824112906744,-2.3297083586037752,-2.288935329859556,T,non-synonymous,-0.01342022475109918,-0.004065880692033327,-0.012199876681275038,-0.02193043660652829,0.0012946120862846154,-0.014415324824474204,-0.014415324824474204
147,ortho,gattggactagaagatatactttg,4.0,aga,2.0,,DWTRRYTL,,False,False,8.0,1.0,4.0,827.0,763.0,1207.0,903.0,632.0,702.0,True,False,True,True,False,False,1.0,both,0.005084173188446597,0.004767616418101855,0.005443548387096774,0.004782088274920925,0.004680493445468878,0.005141202027516292,-2.2937796639587837,-2.321698693327174,-2.2641179123312103,-2.3203824112906744,-2.3297083586037752,-2.288935329859556,R,synonymous,-0.01342022475109918,-0.004065880692033327,-0.012199876681275038,-0.02193043660652829,0.0012946120862846154,-0.014415324824474204,-0.014415324824474204
148,ortho,gattggactagaagatatactttg,6.0,act,3.0,,DWTRRYTL,,False,False,8.0,1.0,4.0,827.0,763.0,1207.0,903.0,632.0,702.0,True,False,True,True,False,False,1.0,both,0.005084173188446597,0.004767616418101855,0.005443548387096774,0.004782088274920925,0.004680493445468878,0.005141202027516292,-2.2937796639587837,-2.321698693327174,-2.2641179123312103,-2.3203824112906744,-2.3297083586037752,-2.288935329859556,T,synonymous,-0.01342022475109918,-0.004065880692033327,-0.012199876681275038,-0.02193043660652829,0.0012946120862846154,-0.014415324824474204,-0.014415324824474204
149,ortho,gattggactagaagatatactttg,7.0,ttg,4.0,,DWTRRYTL,,False,False,8.0,1.0,4.0,827.0,763.0,1207.0,903.0,632.0,702.0,True,False,True,True,False,False,1.0,both,0.005084173188446597,0.004767616418101855,0.005443548387096774,0.004782088274920925,0.004680493445468878,0.005141202027516292,-2.2937796639587837,-2.321698693327174,-2.2641179123312103,-2.3203824112906744,-2.3297083586037752,-2.288935329859556,L,synonymous,-0.01342022475109918,-0.004065880692033327,-0.012199876681275038,-0.02193043660652829,0.0012946120862846154,-0.014415324824474204,-0.014415324824474204
150,single,gattggactagacgttatacactc,2.0,act,1.0,,DWTRRYTL,,False,False,3.0,1.0,1.0,154.0,144.0,228.0,103.0,110.0,111.0,True,False,True,True,False,False,1.0,both,0.0005799223016722031,0.0008298066550493735,0.0008607320099255583,0.0008904976956926511,0.0008833434549770883,0.0009711632661754058,-3.2366301895671175,-3.0810230864513337,-3.065132045674358,-3.050367200006758,-3.0538704044634057,-3.012707752956451,T,non-synonymous,0.09396364787162839,0.013783293261224133,0.025771009635914933,0.08545343601619929,0.019143786039542074,0.023555561492715767,0.023555561492715767
151,ortho,gattggatgagacaatctttgttg,2.0,atg,1.0,,DWMRQSLL,,False,False,9.0,4.0,5.0,106.0,73.0,144.0,87.0,76.0,82.0,True,False,True,True,False,False,1.0,both,0.0004898372839367153,0.0005733209616704762,0.0006358560794044665,0.0006129399723598767,0.00044780605703699614,0.0006133662733739404,-3.3099481616536712,-3.2416021793287677,-3.1966411720772987,-3.2125820555784506,-3.3489100364381996,-3.2122801078616554,M,non-synonymous,0.049118048236409716,-0.054471807404897384,-0.007687870334518615,0.0406078363809806,-0.049111314626579444,-0.009903318477717783,-0.009903318477717783
152,ortho,gattggatgagacaatctttgttg,4.0,caa,2.0,,DWMRQSLL,,False,False,9.0,4.0,5.0,106.0,73.0,144.0,87.0,76.0,82.0,True,False,True,True,False,False,1.0,both,0.0004898372839367153,0.0005733209616704762,0.0006358560794044665,0.0006129399723598767,0.00044780605703699614,0.0006133662733739404,-3.3099481616536712,-3.2416021793287677,-3.1966411720772987,-3.2125820555784506,-3.3489100364381996,-3.2122801078616554,Q,non-synonymous,0.049118048236409716,-0.054471807404897384,-0.007687870334518615,0.0406078363809806,-0.049111314626579444,-0.009903318477717783,-0.009903318477717783
153,ortho,gattggatgagacaatctttgttg,5.0,tct,3.0,,DWMRQSLL,,False,False,9.0,4.0,5.0,106.0,73.0,144.0,87.0,76.0,82.0,True,False,True,True,False,False,1.0,both,0.0004898372839367153,0.0005733209616704762,0.0006358560794044665,0.0006129399723598767,0.00044780605703699614,0.0006133662733739404,-3.3099481616536712,-3.2416021793287677,-3.1966411720772987,-3.2125820555784506,-3.3489100364381996,-3.2122801078616554,S,non-synonymous,0.049118048236409716,-0.054471807404897384,-0.007687870334518615,0.0406078363809806,-0.049111314626579444,-0.009903318477717783,-0.009903318477717783
154,ortho,gattggatgagacaatctttgttg,6.0,ttg,4.0,,DWMRQSLL,,False,False,9.0,4.0,5.0,106.0,73.0,144.0,87.0,76.0,82.0,True,False,True,True,False,False,1.0,both,0.0004898372839367153,0.0005733209616704762,0.0006358560794044665,0.0006129399723598767,0.00044780605703699614,0.0006133662733739404,-3.3099481616536712,-3.2416021793287677,-3.1966411720772987,-3.2125820555784506,-3.3489100364381996,-3.2122801078616554,L,non-synonymous,0.049118048236409716,-0.054471807404897384,-0.007687870334518615,0.0406078363809806,-0.049111314626579444,-0.009903318477717783,-0.009903318477717783
155,ortho,gattggatgagacaatctttgttg,7.0,ttg,5.0,,DWMRQSLL,,False,False,9.0,4.0,5.0,106.0,73.0,144.0,87.0,76.0,82.0,True,False,True,True,False,False,1.0,both,0.0004898372839367153,0.0005733209616704762,0.0006358560794044665,0.0006129399723598767,0.00044780605703699614,0.0006133662733739404,-3.3099481616536712,-3.2416021793287677,-3.1966411720772987,-3.2125820555784506,-3.3489100364381996,-3.2122801078616554,L,synonymous,0.049118048236409716,-0.054471807404897384,-0.007687870334518615,0.0406078363809806,-0.049111314626579444,-0.009903318477717783,-0.009903318477717783
156,single,gattggatgagacgttatacactc,2.0,atg,1.0,,DWMRRYTL,,False,False,1.0,1.0,1.0,456.0,443.0,616.0,535.0,364.0,326.0,True,False,True,True,False,False,1.0,both,0.0030122177805303753,0.002745905658527018,0.0025279156327543423,0.0026367983716613563,0.002717507989964237,0.0026238446138774118,-2.521113632251061,-2.5613143879605027,-2.5972374243930765,-2.578923078178786,-2.565829170335586,-2.5810618877924796,M,non-synonymous,-0.02916299385953115,-0.002291801948479463,0.007951655387001223,-0.03767320571496026,0.00306869082983848,0.005736207243802056,0.00306869082983848
157,ortho,gattggattaaaagatctattatt,2.0,att,1.0,,DWIKRSII,,False,False,10.0,5.0,6.0,668.0,548.0,1061.0,728.0,464.0,517.0,True,False,True,True,False,False,1.0,both,0.004098868306964698,0.003500275344935539,0.004008995037220844,0.0038626783163811097,0.003361612592551697,0.00451931677812327,-2.3873360349592523,-2.455897791054678,-2.396964481367073,-2.413111458367675,-2.4734523380742863,-2.3449272160555643,I,non-synonymous,-0.013002866616753898,-0.008911070727627774,0.02558075266719771,-0.02151307847218301,-0.0035505779493098313,0.023365304523998542,-0.0035505779493098313
158,ortho,gattggattaaaagatctattatt,3.0,aaa,2.0,,DWIKRSII,,False,False,10.0,5.0,6.0,668.0,548.0,1061.0,728.0,464.0,517.0,True,False,True,True,False,False,1.0,both,0.004098868306964698,0.003500275344935539,0.004008995037220844,0.0038626783163811097,0.003361612592551697,0.00451931677812327,-2.3873360349592523,-2.455897791054678,-2.396964481367073,-2.413111458367675,-2.4734523380742863,-2.3449272160555643,K,non-synonymous,-0.013002866616753898,-0.008911070727627774,0.02558075266719771,-0.02151307847218301,-0.0035505779493098313,0.023365304523998542,-0.0035505779493098313
159,ortho,gattggattaaaagatctattatt,4.0,aga,3.0,,DWIKRSII,,False,False,10.0,5.0,6.0,668.0,548.0,1061.0,728.0,464.0,517.0,True,False,True,True,False,False,1.0,both,0.004098868306964698,0.003500275344935539,0.004008995037220844,0.0038626783163811097,0.003361612592551697,0.00451931677812327,-2.3873360349592523,-2.455897791054678,-2.396964481367073,-2.413111458367675,-2.4734523380742863,-2.3449272160555643,R,synonymous,-0.013002866616753898,-0.008911070727627774,0.02558075266719771,-0.02151307847218301,-0.0035505779493098313,0.023365304523998542,-0.0035505779493098313
160,ortho,gattggattaaaagatctattatt,5.0,tct,4.0,,DWIKRSII,,False,False,10.0,5.0,6.0,668.0,548.0,1061.0,728.0,464.0,517.0,True,False,True,True,False,False,1.0,both,0.004098868306964698,0.003500275344935539,0.004008995037220844,0.0038626783163811097,0.003361612592551697,0.00451931677812327,-2.3873360349592523,-2.455897791054678,-2.396964481367073,-2.413111458367675,-2.4734523380742863,-2.3449272160555643,S,non-synonymous,-0.013002866616753898,-0.008911070727627774,0.02558075266719771,-0.02151307847218301,-0.0035505779493098313,0.023365304523998542,-0.0035505779493098313
161,ortho,gattggattaaaagatctattatt,6.0,att,5.0,,DWIKRSII,,False,False,10.0,5.0,6.0,668.0,548.0,1061.0,728.0,464.0,517.0,True,False,True,True,False,False,1.0,both,0.004098868306964698,0.003500275344935539,0.004008995037220844,0.0038626783163811097,0.003361612592551697,0.00451931677812327,-2.3873360349592523,-2.455897791054678,-2.396964481367073,-2.413111458367675,-2.4734523380742863,-2.3449272160555643,I,non-synonymous,-0.013002866616753898,-0.008911070727627774,0.02558075266719771,-0.02151307847218301,-0.0035505779493098313,0.023365304523998542,-0.0035505779493098313
162,ortho,gattggattaaaagatctattatt,7.0,att,6.0,,DWIKRSII,,False,False,10.0,5.0,6.0,668.0,548.0,1061.0,728.0,464.0,517.0,True,False,True,True,False,False,1.0,both,0.004098868306964698,0.003500275344935539,0.004008995037220844,0.0038626783163811097,0.003361612592551697,0.00451931677812327,-2.3873360349592523,-2.455897791054678,-2.396964481367073,-2.413111458367675,-2.4734523380742863,-2.3449272160555643,I,non-synonymous,-0.013002866616753898,-0.008911070727627774,0.02558075266719771,-0.02151307847218301,-0.0035505779493098313,0.023365304523998542,-0.0035505779493098313
163,ortho,gattggattaaaagatgtattatg,2.0,att,1.0,,DWIKRCIM,,False,False,10.0,5.0,6.0,310.0,260.0,426.0,364.0,232.0,275.0,True,False,True,True,False,False,1.0,both,0.002049434153482349,0.0017501376724677695,0.0021324441687344915,0.0017925602965241678,0.0015949256825975205,0.001814541892064574,-2.6883660306232335,-2.7569277867186592,-2.6711223306307526,-2.7465262270089483,-2.7972595485878378,-2.7412330008541863,I,non-synonymous,-0.029339936109857752,-0.020473281491378902,-0.03446537214399848,-0.037850147965286865,-0.01511278871306096,-0.03668082028719765,-0.03668082028719765
164,ortho,gattggattaaaagatgtattatg,3.0,aaa,2.0,,DWIKRCIM,,False,False,10.0,5.0,6.0,310.0,260.0,426.0,364.0,232.0,275.0,True,False,True,True,False,False,1.0,both,0.002049434153482349,0.0017501376724677695,0.0021324441687344915,0.0017925602965241678,0.0015949256825975205,0.001814541892064574,-2.6883660306232335,-2.7569277867186592,-2.6711223306307526,-2.7465262270089483,-2.7972595485878378,-2.7412330008541863,K,non-synonymous,-0.029339936109857752,-0.020473281491378902,-0.03446537214399848,-0.037850147965286865,-0.01511278871306096,-0.03668082028719765,-0.03668082028719765
165,ortho,gattggattaaaagatgtattatg,4.0,aga,3.0,,DWIKRCIM,,False,False,10.0,5.0,6.0,310.0,260.0,426.0,364.0,232.0,275.0,True,False,True,True,False,False,1.0,both,0.002049434153482349,0.0017501376724677695,0.0021324441687344915,0.0017925602965241678,0.0015949256825975205,0.001814541892064574,-2.6883660306232335,-2.7569277867186592,-2.6711223306307526,-2.7465262270089483,-2.7972595485878378,-2.7412330008541863,R,synonymous,-0.029339936109857752,-0.020473281491378902,-0.03446537214399848,-0.037850147965286865,-0.01511278871306096,-0.03668082028719765,-0.03668082028719765
166,ortho,gattggattaaaagatgtattatg,5.0,tgt,4.0,,DWIKRCIM,,False,False,10.0,5.0,6.0,310.0,260.0,426.0,364.0,232.0,275.0,True,False,True,True,False,False,1.0,both,0.002049434153482349,0.0017501376724677695,0.0021324441687344915,0.0017925602965241678,0.0015949256825975205,0.001814541892064574,-2.6883660306232335,-2.7569277867186592,-2.6711223306307526,-2.7465262270089483,-2.7972595485878378,-2.7412330008541863,C,non-synonymous,-0.029339936109857752,-0.020473281491378902,-0.03446537214399848,-0.037850147965286865,-0.01511278871306096,-0.03668082028719765,-0.03668082028719765
167,ortho,gattggattaaaagatgtattatg,6.0,att,5.0,,DWIKRCIM,,False,False,10.0,5.0,6.0,310.0,260.0,426.0,364.0,232.0,275.0,True,False,True,True,False,False,1.0,both,0.002049434153482349,0.0017501376724677695,0.0021324441687344915,0.0017925602965241678,0.0015949256825975205,0.001814541892064574,-2.6883660306232335,-2.7569277867186592,-2.6711223306307526,-2.7465262270089483,-2.7972595485878378,-2.7412330008541863,I,non-synonymous,-0.029339936109857752,-0.020473281491378902,-0.03446537214399848,-0.037850147965286865,-0.01511278871306096,-0.03668082028719765,-0.03668082028719765
168,ortho,gattggattaaaagatgtattatg,7.0,atg,6.0,,DWIKRCIM,,False,False,10.0,5.0,6.0,310.0,260.0,426.0,364.0,232.0,275.0,True,False,True,True,False,False,1.0,both,0.002049434153482349,0.0017501376724677695,0.0021324441687344915,0.0017925602965241678,0.0015949256825975205,0.001814541892064574,-2.6883660306232335,-2.7569277867186592,-2.6711223306307526,-2.7465262270089483,-2.7972595485878378,-2.7412330008541863,M,non-synonymous,-0.029339936109857752,-0.020473281491378902,-0.03446537214399848,-0.037850147965286865,-0.01511278871306096,-0.03668082028719765,-0.03668082028719765
169,ortho,gattggattaaaagatgtattgtt,2.0,att,1.0,,DWIKRCIV,,False,False,10.0,5.0,6.0,259.0,251.0,359.0,291.0,211.0,230.0,True,False,True,True,False,False,1.0,both,0.0016384212600641856,0.0015917200383219802,0.0017834987593052108,0.001497655215483095,0.0015397167166614524,0.0015291561954253099,-2.785574425286382,-2.798133316311866,-2.7487271884434223,-2.824588156761969,-2.8125591750776175,-2.8155481513785863,I,non-synonymous,-0.019681164439500017,-0.007322880369672218,-0.0328482005269861,-0.028191376294929127,-0.001962387591354275,-0.03506364867018527,-0.028191376294929127
170,ortho,gattggattaaaagatgtattgtt,3.0,aaa,2.0,,DWIKRCIV,,False,False,10.0,5.0,6.0,259.0,251.0,359.0,291.0,211.0,230.0,True,False,True,True,False,False,1.0,both,0.0016384212600641856,0.0015917200383219802,0.0017834987593052108,0.001497655215483095,0.0015397167166614524,0.0015291561954253099,-2.785574425286382,-2.798133316311866,-2.7487271884434223,-2.824588156761969,-2.8125591750776175,-2.8155481513785863,K,non-synonymous,-0.019681164439500017,-0.007322880369672218,-0.0328482005269861,-0.028191376294929127,-0.001962387591354275,-0.03506364867018527,-0.028191376294929127
171,ortho,gattggattaaaagatgtattgtt,4.0,aga,3.0,,DWIKRCIV,,False,False,10.0,5.0,6.0,259.0,251.0,359.0,291.0,211.0,230.0,True,False,True,True,False,False,1.0,both,0.0016384212600641856,0.0015917200383219802,0.0017834987593052108,0.001497655215483095,0.0015397167166614524,0.0015291561954253099,-2.785574425286382,-2.798133316311866,-2.7487271884434223,-2.824588156761969,-2.8125591750776175,-2.8155481513785863,R,synonymous,-0.019681164439500017,-0.007322880369672218,-0.0328482005269861,-0.028191376294929127,-0.001962387591354275,-0.03506364867018527,-0.028191376294929127
172,ortho,gattggattaaaagatgtattgtt,5.0,tgt,4.0,,DWIKRCIV,,False,False,10.0,5.0,6.0,259.0,251.0,359.0,291.0,211.0,230.0,True,False,True,True,False,False,1.0,both,0.0016384212600641856,0.0015917200383219802,0.0017834987593052108,0.001497655215483095,0.0015397167166614524,0.0015291561954253099,-2.785574425286382,-2.798133316311866,-2.7487271884434223,-2.824588156761969,-2.8125591750776175,-2.8155481513785863,C,non-synonymous,-0.019681164439500017,-0.007322880369672218,-0.0328482005269861,-0.028191376294929127,-0.001962387591354275,-0.03506364867018527,-0.028191376294929127
173,ortho,gattggattaaaagatgtattgtt,6.0,att,5.0,,DWIKRCIV,,False,False,10.0,5.0,6.0,259.0,251.0,359.0,291.0,211.0,230.0,True,False,True,True,False,False,1.0,both,0.0016384212600641856,0.0015917200383219802,0.0017834987593052108,0.001497655215483095,0.0015397167166614524,0.0015291561954253099,-2.785574425286382,-2.798133316311866,-2.7487271884434223,-2.824588156761969,-2.8125591750776175,-2.8155481513785863,I,non-synonymous,-0.019681164439500017,-0.007322880369672218,-0.0328482005269861,-0.028191376294929127,-0.001962387591354275,-0.03506364867018527,-0.028191376294929127
174,ortho,gattggattaaaagatgtattgtt,7.0,gtt,6.0,,DWIKRCIV,,False,False,10.0,5.0,6.0,259.0,251.0,359.0,291.0,211.0,230.0,True,False,True,True,False,False,1.0,both,0.0016384212600641856,0.0015917200383219802,0.0017834987593052108,0.001497655215483095,0.0015397167166614524,0.0015291561954253099,-2.785574425286382,-2.798133316311866,-2.7487271884434223,-2.824588156761969,-2.8125591750776175,-2.8155481513785863,V,non-synonymous,-0.019681164439500017,-0.007322880369672218,-0.0328482005269861,-0.028191376294929127,-0.001962387591354275,-0.03506364867018527,-0.028191376294929127
175,ortho,gattggattaaaagatgtgttatt,2.0,att,1.0,,DWIKRCVI,,False,False,11.0,5.0,6.0,741.0,596.0,974.0,785.0,512.0,547.0,True,False,True,True,False,False,1.0,both,0.004419796182647373,0.0038623727944116296,0.004241625310173697,0.0042847973539497045,0.0036560604108773933,0.0041487413212931805,-2.354597757527037,-2.4131458106337282,-2.3724676981275845,-2.3680697128638926,-2.436986636818419,-2.38208364307829,I,non-synonymous,-0.006796165305853209,-0.012102123062449751,-0.0047270568115533465,-0.01530637716128232,-0.0067416302841318086,-0.0069425049547525135,-0.0069425049547525135
176,ortho,gattggattaaaagatgtgttatt,3.0,aaa,2.0,,DWIKRCVI,,False,False,11.0,5.0,6.0,741.0,596.0,974.0,785.0,512.0,547.0,True,False,True,True,False,False,1.0,both,0.004419796182647373,0.0038623727944116296,0.004241625310173697,0.0042847973539497045,0.0036560604108773933,0.0041487413212931805,-2.354597757527037,-2.4131458106337282,-2.3724676981275845,-2.3680697128638926,-2.436986636818419,-2.38208364307829,K,non-synonymous,-0.006796165305853209,-0.012102123062449751,-0.0047270568115533465,-0.01530637716128232,-0.0067416302841318086,-0.0069425049547525135,-0.0069425049547525135
177,ortho,gattggattaaaagatgtgttatt,4.0,aga,3.0,,DWIKRCVI,,False,False,11.0,5.0,6.0,741.0,596.0,974.0,785.0,512.0,547.0,True,False,True,True,False,False,1.0,both,0.004419796182647373,0.0038623727944116296,0.004241625310173697,0.0042847973539497045,0.0036560604108773933,0.0041487413212931805,-2.354597757527037,-2.4131458106337282,-2.3724676981275845,-2.3680697128638926,-2.436986636818419,-2.38208364307829,R,synonymous,-0.006796165305853209,-0.012102123062449751,-0.0047270568115533465,-0.01530637716128232,-0.0067416302841318086,-0.0069425049547525135,-0.0069425049547525135
178,ortho,gattggattaaaagatgtgttatt,5.0,tgt,4.0,,DWIKRCVI,,False,False,11.0,5.0,6.0,741.0,596.0,974.0,785.0,512.0,547.0,True,False,True,True,False,False,1.0,both,0.004419796182647373,0.0038623727944116296,0.004241625310173697,0.0042847973539497045,0.0036560604108773933,0.0041487413212931805,-2.354597757527037,-2.4131458106337282,-2.3724676981275845,-2.3680697128638926,-2.436986636818419,-2.38208364307829,C,non-synonymous,-0.006796165305853209,-0.012102123062449751,-0.0047270568115533465,-0.01530637716128232,-0.0067416302841318086,-0.0069425049547525135,-0.0069425049547525135
179,ortho,gattggattaaaagatgtgttatt,6.0,gtt,5.0,,DWIKRCVI,,False,False,11.0,5.0,6.0,741.0,596.0,974.0,785.0,512.0,547.0,True,False,True,True,False,False,1.0,both,0.004419796182647373,0.0038623727944116296,0.004241625310173697,0.0042847973539497045,0.0036560604108773933,0.0041487413212931805,-2.354597757527037,-2.4131458106337282,-2.3724676981275845,-2.3680697128638926,-2.436986636818419,-2.38208364307829,V,non-synonymous,-0.006796165305853209,-0.012102123062449751,-0.0047270568115533465,-0.01530637716128232,-0.0067416302841318086,-0.0069425049547525135,-0.0069425049547525135
180,ortho,gattggattaaaagatgtgttatt,7.0,att,6.0,,DWIKRCVI,,False,False,11.0,5.0,6.0,741.0,596.0,974.0,785.0,512.0,547.0,True,False,True,True,False,False,1.0,both,0.004419796182647373,0.0038623727944116296,0.004241625310173697,0.0042847973539497045,0.0036560604108773933,0.0041487413212931805,-2.354597757527037,-2.4131458106337282,-2.3724676981275845,-2.3680697128638926,-2.436986636818419,-2.38208364307829,I,non-synonymous,-0.006796165305853209,-0.012102123062449751,-0.0047270568115533465,-0.01530637716128232,-0.0067416302841318086,-0.0069425049547525135,-0.0069425049547525135
181,ortho,gattggattagaagatatactttg,2.0,att,1.0,,DWIRRYTL,,False,False,7.0,1.0,4.0,919.0,758.0,1184.0,938.0,598.0,685.0,True,False,True,True,False,False,1.0,both,0.005281234164742976,0.004511130724722957,0.005311724565756824,0.005314073911308743,0.0046498217977266176,0.005043233803296843,-2.2772645758932253,-2.3457145876211483,-2.27476445296859,-2.2745724094571096,-2.332563690926602,-2.2972908975700044,I,non-synonymous,0.0013581108067257561,0.006675681830236179,-0.011073668156283254,-0.007152101048703355,0.01203617460855412,-0.013289116299482422,-0.007152101048703355
182,ortho,gattggattagaagatatactttg,4.0,aga,2.0,,DWIRRYTL,,False,False,7.0,1.0,4.0,919.0,758.0,1184.0,938.0,598.0,685.0,True,False,True,True,False,False,1.0,both,0.005281234164742976,0.004511130724722957,0.005311724565756824,0.005314073911308743,0.0046498217977266176,0.005043233803296843,-2.2772645758932253,-2.3457145876211483,-2.27476445296859,-2.2745724094571096,-2.332563690926602,-2.2972908975700044,R,synonymous,0.0013581108067257561,0.006675681830236179,-0.011073668156283254,-0.007152101048703355,0.01203617460855412,-0.013289116299482422,-0.007152101048703355
183,ortho,gattggattagaagatatactttg,6.0,act,3.0,,DWIRRYTL,,False,False,7.0,1.0,4.0,919.0,758.0,1184.0,938.0,598.0,685.0,True,False,True,True,False,False,1.0,both,0.005281234164742976,0.004511130724722957,0.005311724565756824,0.005314073911308743,0.0046498217977266176,0.005043233803296843,-2.2772645758932253,-2.3457145876211483,-2.27476445296859,-2.2745724094571096,-2.332563690926602,-2.2972908975700044,T,synonymous,0.0013581108067257561,0.006675681830236179,-0.011073668156283254,-0.007152101048703355,0.01203617460855412,-0.013289116299482422,-0.007152101048703355
184,ortho,gattggattagaagatatactttg,7.0,ttg,4.0,,DWIRRYTL,,False,False,7.0,1.0,4.0,919.0,758.0,1184.0,938.0,598.0,685.0,True,False,True,True,False,False,1.0,both,0.005281234164742976,0.004511130724722957,0.005311724565756824,0.005314073911308743,0.0046498217977266176,0.005043233803296843,-2.2772645758932253,-2.3457145876211483,-2.27476445296859,-2.2745724094571096,-2.332563690926602,-2.2972908975700044,L,synonymous,0.0013581108067257561,0.006675681830236179,-0.011073668156283254,-0.007152101048703355,0.01203617460855412,-0.013289116299482422,-0.007152101048703355
185,ortho,gattggattagaagatgtattatt,2.0,att,1.0,,DWIRRCII,,False,False,9.0,4.0,5.0,590.0,425.0,787.0,548.0,375.0,462.0,True,False,True,True,False,False,1.0,both,0.0030854118574404595,0.002828886324031955,0.003582506203473945,0.0034116470159653517,0.002607090058092101,0.003352217063508966,-2.5106868557879203,-2.5483845038818402,-2.44581304890489,-2.4670359092010767,-2.583843966508344,-2.474667867597841,I,non-synonymous,0.022020489330867785,-0.017999996187625864,-0.014184603587882342,0.013510277475438674,-0.01263950340930792,-0.01640005173108151,-0.01263950340930792
186,ortho,gattggattagaagatgtattatt,4.0,aga,2.0,,DWIRRCII,,False,False,9.0,4.0,5.0,590.0,425.0,787.0,548.0,375.0,462.0,True,False,True,True,False,False,1.0,both,0.0030854118574404595,0.002828886324031955,0.003582506203473945,0.0034116470159653517,0.002607090058092101,0.003352217063508966,-2.5106868557879203,-2.5483845038818402,-2.44581304890489,-2.4670359092010767,-2.583843966508344,-2.474667867597841,R,synonymous,0.022020489330867785,-0.017999996187625864,-0.014184603587882342,0.013510277475438674,-0.01263950340930792,-0.01640005173108151,-0.01263950340930792
187,ortho,gattggattagaagatgtattatt,5.0,tgt,3.0,,DWIRRCII,,False,False,9.0,4.0,5.0,590.0,425.0,787.0,548.0,375.0,462.0,True,False,True,True,False,False,1.0,both,0.0030854118574404595,0.002828886324031955,0.003582506203473945,0.0034116470159653517,0.002607090058092101,0.003352217063508966,-2.5106868557879203,-2.5483845038818402,-2.44581304890489,-2.4670359092010767,-2.583843966508344,-2.474667867597841,C,non-synonymous,0.022020489330867785,-0.017999996187625864,-0.014184603587882342,0.013510277475438674,-0.01263950340930792,-0.01640005173108151,-0.01263950340930792
188,ortho,gattggattagaagatgtattatt,6.0,att,4.0,,DWIRRCII,,False,False,9.0,4.0,5.0,590.0,425.0,787.0,548.0,375.0,462.0,True,False,True,True,False,False,1.0,both,0.0030854118574404595,0.002828886324031955,0.003582506203473945,0.0034116470159653517,0.002607090058092101,0.003352217063508966,-2.5106868557879203,-2.5483845038818402,-2.44581304890489,-2.4670359092010767,-2.583843966508344,-2.474667867597841,I,non-synonymous,0.022020489330867785,-0.017999996187625864,-0.014184603587882342,0.013510277475438674,-0.01263950340930792,-0.01640005173108151,-0.01263950340930792
189,ortho,gattggattagaagatgtattatt,7.0,att,5.0,,DWIRRCII,,False,False,9.0,4.0,5.0,590.0,425.0,787.0,548.0,375.0,462.0,True,False,True,True,False,False,1.0,both,0.0030854118574404595,0.002828886324031955,0.003582506203473945,0.0034116470159653517,0.002607090058092101,0.003352217063508966,-2.5106868557879203,-2.5483845038818402,-2.44581304890489,-2.4670359092010767,-2.583843966508344,-2.474667867597841,I,non-synonymous,0.022020489330867785,-0.017999996187625864,-0.014184603587882342,0.013510277475438674,-0.01263950340930792,-0.01640005173108151,-0.01263950340930792
190,ortho,gattggattagaagatgtattgtt,2.0,att,1.0,,DWIRRCIV,,False,False,9.0,4.0,5.0,427.0,290.0,505.0,377.0,280.0,296.0,True,False,True,True,False,False,1.0,both,0.0021226282303924327,0.0021122351219438596,0.0022952853598014887,0.002469107247147805,0.0017789555690510806,0.002151041444818333,-2.673126064066497,-2.6752577402673396,-2.6391633134020767,-2.607460045818197,-2.7498348986596994,-2.667351221838244,I,non-synonymous,0.033126380234628716,-0.03785699126029862,-0.013856760335015804,0.024616168379199603,-0.032496498481980676,-0.016072208478214972,-0.016072208478214972
191,ortho,gattggattagaagatgtattgtt,4.0,aga,2.0,,DWIRRCIV,,False,False,9.0,4.0,5.0,427.0,290.0,505.0,377.0,280.0,296.0,True,False,True,True,False,False,1.0,both,0.0021226282303924327,0.0021122351219438596,0.0022952853598014887,0.002469107247147805,0.0017789555690510806,0.002151041444818333,-2.673126064066497,-2.6752577402673396,-2.6391633134020767,-2.607460045818197,-2.7498348986596994,-2.667351221838244,R,synonymous,0.033126380234628716,-0.03785699126029862,-0.013856760335015804,0.024616168379199603,-0.032496498481980676,-0.016072208478214972,-0.016072208478214972
192,ortho,gattggattagaagatgtattgtt,5.0,tgt,3.0,,DWIRRCIV,,False,False,9.0,4.0,5.0,427.0,290.0,505.0,377.0,280.0,296.0,True,False,True,True,False,False,1.0,both,0.0021226282303924327,0.0021122351219438596,0.0022952853598014887,0.002469107247147805,0.0017789555690510806,0.002151041444818333,-2.673126064066497,-2.6752577402673396,-2.6391633134020767,-2.607460045818197,-2.7498348986596994,-2.667351221838244,C,non-synonymous,0.033126380234628716,-0.03785699126029862,-0.013856760335015804,0.024616168379199603,-0.032496498481980676,-0.016072208478214972,-0.016072208478214972
193,ortho,gattggattagaagatgtattgtt,6.0,att,4.0,,DWIRRCIV,,False,False,9.0,4.0,5.0,427.0,290.0,505.0,377.0,280.0,296.0,True,False,True,True,False,False,1.0,both,0.0021226282303924327,0.0021122351219438596,0.0022952853598014887,0.002469107247147805,0.0017789555690510806,0.002151041444818333,-2.673126064066497,-2.6752577402673396,-2.6391633134020767,-2.607460045818197,-2.7498348986596994,-2.667351221838244,I,non-synonymous,0.033126380234628716,-0.03785699126029862,-0.013856760335015804,0.024616168379199603,-0.032496498481980676,-0.016072208478214972,-0.016072208478214972
194,ortho,gattggattagaagatgtattgtt,7.0,gtt,5.0,,DWIRRCIV,,False,False,9.0,4.0,5.0,427.0,290.0,505.0,377.0,280.0,296.0,True,False,True,True,False,False,1.0,both,0.0021226282303924327,0.0021122351219438596,0.0022952853598014887,0.002469107247147805,0.0017789555690510806,0.002151041444818333,-2.673126064066497,-2.6752577402673396,-2.6391633134020767,-2.607460045818197,-2.7498348986596994,-2.667351221838244,V,non-synonymous,0.033126380234628716,-0.03785699126029862,-0.013856760335015804,0.024616168379199603,-0.032496498481980676,-0.016072208478214972,-0.016072208478214972
195,ortho,gattggattagaagatgtgttttg,2.0,att,1.0,,DWIRRCVL,,False,False,10.0,3.0,5.0,1518.0,1275.0,2070.0,1635.0,1100.0,1167.0,True,False,True,True,False,False,1.0,both,0.009205562749845166,0.008298066550493735,0.009049317617866004,0.008777763000398989,0.007821270174276302,0.008817140179750394,-2.0359496572759848,-2.0810230864513337,-2.043384168415645,-2.0566161492837596,-2.1067227117886818,-2.0546722544999874,I,non-synonymous,-0.010425576129449375,-0.013045690031126177,-0.005549056747717542,-0.018935787984878487,-0.007685197252808234,-0.007764504890916709,-0.007764504890916709
196,ortho,gattggattagaagatgtgttttg,4.0,aga,2.0,,DWIRRCVL,,False,False,10.0,3.0,5.0,1518.0,1275.0,2070.0,1635.0,1100.0,1167.0,True,False,True,True,False,False,1.0,both,0.009205562749845166,0.008298066550493735,0.009049317617866004,0.008777763000398989,0.007821270174276302,0.008817140179750394,-2.0359496572759848,-2.0810230864513337,-2.043384168415645,-2.0566161492837596,-2.1067227117886818,-2.0546722544999874,R,synonymous,-0.010425576129449375,-0.013045690031126177,-0.005549056747717542,-0.018935787984878487,-0.007685197252808234,-0.007764504890916709,-0.007764504890916709
197,ortho,gattggattagaagatgtgttttg,5.0,tgt,3.0,,DWIRRCVL,,False,False,10.0,3.0,5.0,1518.0,1275.0,2070.0,1635.0,1100.0,1167.0,True,False,True,True,False,False,1.0,both,0.009205562749845166,0.008298066550493735,0.009049317617866004,0.008777763000398989,0.007821270174276302,0.008817140179750394,-2.0359496572759848,-2.0810230864513337,-2.043384168415645,-2.0566161492837596,-2.1067227117886818,-2.0546722544999874,C,non-synonymous,-0.010425576129449375,-0.013045690031126177,-0.005549056747717542,-0.018935787984878487,-0.007685197252808234,-0.007764504890916709,-0.007764504890916709
198,ortho,gattggattagaagatgtgttttg,6.0,gtt,4.0,,DWIRRCVL,,False,False,10.0,3.0,5.0,1518.0,1275.0,2070.0,1635.0,1100.0,1167.0,True,False,True,True,False,False,1.0,both,0.009205562749845166,0.008298066550493735,0.009049317617866004,0.008777763000398989,0.007821270174276302,0.008817140179750394,-2.0359496572759848,-2.0810230864513337,-2.043384168415645,-2.0566161492837596,-2.1067227117886818,-2.0546722544999874,V,non-synonymous,-0.010425576129449375,-0.013045690031126177,-0.005549056747717542,-0.018935787984878487,-0.007685197252808234,-0.007764504890916709,-0.007764504890916709
199,ortho,gattggattagaagatgtgttttg,7.0,ttg,5.0,,DWIRRCVL,,False,False,10.0,3.0,5.0,1518.0,1275.0,2070.0,1635.0,1100.0,1167.0,True,False,True,True,False,False,1.0,both,0.009205562749845166,0.008298066550493735,0.009049317617866004,0.008777763000398989,0.007821270174276302,0.008817140179750394,-2.0359496572759848,-2.0810230864513337,-2.043384168415645,-2.0566161492837596,-2.1067227117886818,-2.0546722544999874,L,synonymous,-0.010425576129449375,-0.013045690031126177,-0.005549056747717542,-0.018935787984878487,-0.007685197252808234,-0.007764504890916709,-0.007764504890916709
200,single,gattggattagacgttatacactc,2.0,att,1.0,,DWIRRYTL,,False,False,2.0,1.0,1.0,354.0,369.0,511.0,407.0,294.0,306.0,True,False,True,True,False,False,1.0,both,0.0022915376386464727,0.002217846878041053,0.002372828784119107,0.0020469882095792108,0.0022635676033787885,0.0021765983728755803,-2.6398730050470696,-2.6540684411974014,-2.6247335979794353,-2.6888846588174333,-2.6452065303995953,-2.6622216998221924,I,non-synonymous,-0.024724792549258655,0.004498499096158518,-0.018428598341239225,-0.03323500440468777,0.009858991874476461,-0.02064404648443839,-0.02064404648443839
201,ortho,gattggattgatagatgtgttttg,2.0,att,1.0,,DWIDRCVL,,False,False,13.0,4.0,6.0,1054.0,922.0,1401.0,1069.0,713.0,771.0,True,False,True,True,False,False,1.0,both,0.006018805247452283,0.005378655864092757,0.005978598014888338,0.00609470500818217,0.005655851843672746,0.005967542701367296,-2.2204897090635116,-2.2693262417576934,-2.2234006464100586,-2.2150473099666934,-2.2475019755050263,-2.2242044646711308,I,non-synonymous,0.002745514143831508,0.01107847328323915,-0.00039514520993317426,-0.005764697711597603,0.016438966061557092,-0.002610593353132341,-0.002610593353132341
202,ortho,gattggattgatagatgtgttttg,3.0,gat,2.0,,DWIDRCVL,,False,False,13.0,4.0,6.0,1054.0,922.0,1401.0,1069.0,713.0,771.0,True,False,True,True,False,False,1.0,both,0.006018805247452283,0.005378655864092757,0.005978598014888338,0.00609470500818217,0.005655851843672746,0.005967542701367296,-2.2204897090635116,-2.2693262417576934,-2.2234006464100586,-2.2150473099666934,-2.2475019755050263,-2.2242044646711308,D,non-synonymous,0.002745514143831508,0.01107847328323915,-0.00039514520993317426,-0.005764697711597603,0.016438966061557092,-0.002610593353132341,-0.002610593353132341
203,ortho,gattggattgatagatgtgttttg,4.0,aga,3.0,,DWIDRCVL,,False,False,13.0,4.0,6.0,1054.0,922.0,1401.0,1069.0,713.0,771.0,True,False,True,True,False,False,1.0,both,0.006018805247452283,0.005378655864092757,0.005978598014888338,0.00609470500818217,0.005655851843672746,0.005967542701367296,-2.2204897090635116,-2.2693262417576934,-2.2234006464100586,-2.2150473099666934,-2.2475019755050263,-2.2242044646711308,R,synonymous,0.002745514143831508,0.01107847328323915,-0.00039514520993317426,-0.005764697711597603,0.016438966061557092,-0.002610593353132341,-0.002610593353132341
204,ortho,gattggattgatagatgtgttttg,5.0,tgt,4.0,,DWIDRCVL,,False,False,13.0,4.0,6.0,1054.0,922.0,1401.0,1069.0,713.0,771.0,True,False,True,True,False,False,1.0,both,0.006018805247452283,0.005378655864092757,0.005978598014888338,0.00609470500818217,0.005655851843672746,0.005967542701367296,-2.2204897090635116,-2.2693262417576934,-2.2234006464100586,-2.2150473099666934,-2.2475019755050263,-2.2242044646711308,C,non-synonymous,0.002745514143831508,0.01107847328323915,-0.00039514520993317426,-0.005764697711597603,0.016438966061557092,-0.002610593353132341,-0.002610593353132341
205,ortho,gattggattgatagatgtgttttg,6.0,gtt,5.0,,DWIDRCVL,,False,False,13.0,4.0,6.0,1054.0,922.0,1401.0,1069.0,713.0,771.0,True,False,True,True,False,False,1.0,both,0.006018805247452283,0.005378655864092757,0.005978598014888338,0.00609470500818217,0.005655851843672746,0.005967542701367296,-2.2204897090635116,-2.2693262417576934,-2.2234006464100586,-2.2150473099666934,-2.2475019755050263,-2.2242044646711308,V,non-synonymous,0.002745514143831508,0.01107847328323915,-0.00039514520993317426,-0.005764697711597603,0.016438966061557092,-0.002610593353132341,-0.002610593353132341
206,ortho,gattggattgatagatgtgttttg,7.0,ttg,6.0,,DWIDRCVL,,False,False,13.0,4.0,6.0,1054.0,922.0,1401.0,1069.0,713.0,771.0,True,False,True,True,False,False,1.0,both,0.006018805247452283,0.005378655864092757,0.005978598014888338,0.00609470500818217,0.005655851843672746,0.005967542701367296,-2.2204897090635116,-2.2693262417576934,-2.2234006464100586,-2.2150473099666934,-2.2475019755050263,-2.2242044646711308,L,synonymous,0.002745514143831508,0.01107847328323915,-0.00039514520993317426,-0.005764697711597603,0.016438966061557092,-0.002610593353132341,-0.002610593353132341
207,ortho,gattggatttatagatgtattgtt,2.0,att,1.0,,DWIYRCIV,,False,False,12.0,5.0,6.0,275.0,267.0,401.0,306.0,191.0,217.0,True,False,True,True,False,False,1.0,both,0.0017228759641912054,0.0014408461010402757,0.0016826923076923078,0.0015901744565940197,0.0016378659894366846,0.0017080546918260425,-2.76374598779071,-2.8413824043618314,-2.773995290612486,-2.798555227012958,-2.78572163519408,-2.767498227336723,I,non-synonymous,-0.017560134220323657,0.028254619743475273,0.003193860548311163,-0.026070346075752766,0.033615112521793215,0.0009784124051119962,0.0009784124051119962
208,ortho,gattggatttatagatgtattgtt,3.0,tat,2.0,,DWIYRCIV,,False,False,12.0,5.0,6.0,275.0,267.0,401.0,306.0,191.0,217.0,True,False,True,True,False,False,1.0,both,0.0017228759641912054,0.0014408461010402757,0.0016826923076923078,0.0015901744565940197,0.0016378659894366846,0.0017080546918260425,-2.76374598779071,-2.8413824043618314,-2.773995290612486,-2.798555227012958,-2.78572163519408,-2.767498227336723,Y,non-synonymous,-0.017560134220323657,0.028254619743475273,0.003193860548311163,-0.026070346075752766,0.033615112521793215,0.0009784124051119962,0.0009784124051119962
209,ortho,gattggatttatagatgtattgtt,4.0,aga,3.0,,DWIYRCIV,,False,False,12.0,5.0,6.0,275.0,267.0,401.0,306.0,191.0,217.0,True,False,True,True,False,False,1.0,both,0.0017228759641912054,0.0014408461010402757,0.0016826923076923078,0.0015901744565940197,0.0016378659894366846,0.0017080546918260425,-2.76374598779071,-2.8413824043618314,-2.773995290612486,-2.798555227012958,-2.78572163519408,-2.767498227336723,R,synonymous,-0.017560134220323657,0.028254619743475273,0.003193860548311163,-0.026070346075752766,0.033615112521793215,0.0009784124051119962,0.0009784124051119962
210,ortho,gattggatttatagatgtattgtt,5.0,tgt,4.0,,DWIYRCIV,,False,False,12.0,5.0,6.0,275.0,267.0,401.0,306.0,191.0,217.0,True,False,True,True,False,False,1.0,both,0.0017228759641912054,0.0014408461010402757,0.0016826923076923078,0.0015901744565940197,0.0016378659894366846,0.0017080546918260425,-2.76374598779071,-2.8413824043618314,-2.773995290612486,-2.798555227012958,-2.78572163519408,-2.767498227336723,C,non-synonymous,-0.017560134220323657,0.028254619743475273,0.003193860548311163,-0.026070346075752766,0.033615112521793215,0.0009784124051119962,0.0009784124051119962
211,ortho,gattggatttatagatgtattgtt,6.0,att,5.0,,DWIYRCIV,,False,False,12.0,5.0,6.0,275.0,267.0,401.0,306.0,191.0,217.0,True,False,True,True,False,False,1.0,both,0.0017228759641912054,0.0014408461010402757,0.0016826923076923078,0.0015901744565940197,0.0016378659894366846,0.0017080546918260425,-2.76374598779071,-2.8413824043618314,-2.773995290612486,-2.798555227012958,-2.78572163519408,-2.767498227336723,I,non-synonymous,-0.017560134220323657,0.028254619743475273,0.003193860548311163,-0.026070346075752766,0.033615112521793215,0.0009784124051119962,0.0009784124051119962
212,ortho,gattggatttatagatgtattgtt,7.0,gtt,6.0,,DWIYRCIV,,False,False,12.0,5.0,6.0,275.0,267.0,401.0,306.0,191.0,217.0,True,False,True,True,False,False,1.0,both,0.0017228759641912054,0.0014408461010402757,0.0016826923076923078,0.0015901744565940197,0.0016378659894366846,0.0017080546918260425,-2.76374598779071,-2.8413824043618314,-2.773995290612486,-2.798555227012958,-2.78572163519408,-2.767498227336723,V,non-synonymous,-0.017560134220323657,0.028254619743475273,0.003193860548311163,-0.026070346075752766,0.033615112521793215,0.0009784124051119962,0.0009784124051119962
213,ortho,gattggatttatagatgtgttatt,2.0,att,1.0,,DWIYRCVI,,False,False,13.0,5.0,6.0,1142.0,980.0,1522.0,1259.0,884.0,921.0,True,False,True,True,False,False,1.0,both,0.007088564833061202,0.006668628027851329,0.0071417493796526055,0.0066035608342922564,0.006011642957482962,0.0064829407505217875,-2.149441684164427,-2.175963506596486,-2.1461953942641667,-2.1802218169333916,-2.221006820866161,-2.188227947522351,I,non-synonymous,-0.015527580459067727,-0.022864968194023623,-0.020662583677906046,-0.02403779231449684,-0.01750447541570568,-0.02287803182110521,-0.02287803182110521
214,ortho,gattggatttatagatgtgttatt,3.0,tat,2.0,,DWIYRCVI,,False,False,13.0,5.0,6.0,1142.0,980.0,1522.0,1259.0,884.0,921.0,True,False,True,True,False,False,1.0,both,0.007088564833061202,0.006668628027851329,0.0071417493796526055,0.0066035608342922564,0.006011642957482962,0.0064829407505217875,-2.149441684164427,-2.175963506596486,-2.1461953942641667,-2.1802218169333916,-2.221006820866161,-2.188227947522351,Y,non-synonymous,-0.015527580459067727,-0.022864968194023623,-0.020662583677906046,-0.02403779231449684,-0.01750447541570568,-0.02287803182110521,-0.02287803182110521
215,ortho,gattggatttatagatgtgttatt,4.0,aga,3.0,,DWIYRCVI,,False,False,13.0,5.0,6.0,1142.0,980.0,1522.0,1259.0,884.0,921.0,True,False,True,True,False,False,1.0,both,0.007088564833061202,0.006668628027851329,0.0071417493796526055,0.0066035608342922564,0.006011642957482962,0.0064829407505217875,-2.149441684164427,-2.175963506596486,-2.1461953942641667,-2.1802218169333916,-2.221006820866161,-2.188227947522351,R,synonymous,-0.015527580459067727,-0.022864968194023623,-0.020662583677906046,-0.02403779231449684,-0.01750447541570568,-0.02287803182110521,-0.02287803182110521
216,ortho,gattggatttatagatgtgttatt,5.0,tgt,4.0,,DWIYRCVI,,False,False,13.0,5.0,6.0,1142.0,980.0,1522.0,1259.0,884.0,921.0,True,False,True,True,False,False,1.0,both,0.007088564833061202,0.006668628027851329,0.0071417493796526055,0.0066035608342922564,0.006011642957482962,0.0064829407505217875,-2.149441684164427,-2.175963506596486,-2.1461953942641667,-2.1802218169333916,-2.221006820866161,-2.188227947522351,C,non-synonymous,-0.015527580459067727,-0.022864968194023623,-0.020662583677906046,-0.02403779231449684,-0.01750447541570568,-0.02287803182110521,-0.02287803182110521
217,ortho,gattggatttatagatgtgttatt,6.0,gtt,5.0,,DWIYRCVI,,False,False,13.0,5.0,6.0,1142.0,980.0,1522.0,1259.0,884.0,921.0,True,False,True,True,False,False,1.0,both,0.007088564833061202,0.006668628027851329,0.0071417493796526055,0.0066035608342922564,0.006011642957482962,0.0064829407505217875,-2.149441684164427,-2.175963506596486,-2.1461953942641667,-2.1802218169333916,-2.221006820866161,-2.188227947522351,V,non-synonymous,-0.015527580459067727,-0.022864968194023623,-0.020662583677906046,-0.02403779231449684,-0.01750447541570568,-0.02287803182110521,-0.02287803182110521
218,ortho,gattggatttatagatgtgttatt,7.0,att,6.0,,DWIYRCVI,,False,False,13.0,5.0,6.0,1142.0,980.0,1522.0,1259.0,884.0,921.0,True,False,True,True,False,False,1.0,both,0.007088564833061202,0.006668628027851329,0.0071417493796526055,0.0066035608342922564,0.006011642957482962,0.0064829407505217875,-2.149441684164427,-2.175963506596486,-2.1461953942641667,-2.1802218169333916,-2.221006820866161,-2.188227947522351,I,non-synonymous,-0.015527580459067727,-0.022864968194023623,-0.020662583677906046,-0.02403779231449684,-0.01750447541570568,-0.02287803182110521,-0.02287803182110521
219,ortho,gattggatttatagatgtgttttg,2.0,att,1.0,,DWIYRCVL,,False,False,13.0,4.0,6.0,387.0,315.0,426.0,357.0,236.0,255.0,True,False,True,True,False,False,1.0,both,0.0020100219582230732,0.0017803124599241103,0.0019773573200992556,0.0022378091443704933,0.0019323138077623806,0.001814541892064574,-2.6967991981600963,-2.7495037686394523,-2.7039148440270604,-2.6501769558243096,-2.713922342769055,-2.7412330008541863,I,non-synonymous,0.023519411838957824,0.018061907388825803,-0.01834505587631803,0.015009199983528712,0.023422400167143746,-0.020560504019517197,0.015009199983528712
220,ortho,gattggatttatagatgtgttttg,3.0,tat,2.0,,DWIYRCVL,,False,False,13.0,4.0,6.0,387.0,315.0,426.0,357.0,236.0,255.0,True,False,True,True,False,False,1.0,both,0.0020100219582230732,0.0017803124599241103,0.0019773573200992556,0.0022378091443704933,0.0019323138077623806,0.001814541892064574,-2.6967991981600963,-2.7495037686394523,-2.7039148440270604,-2.6501769558243096,-2.713922342769055,-2.7412330008541863,Y,non-synonymous,0.023519411838957824,0.018061907388825803,-0.01834505587631803,0.015009199983528712,0.023422400167143746,-0.020560504019517197,0.015009199983528712
221,ortho,gattggatttatagatgtgttttg,4.0,aga,3.0,,DWIYRCVL,,False,False,13.0,4.0,6.0,387.0,315.0,426.0,357.0,236.0,255.0,True,False,True,True,False,False,1.0,both,0.0020100219582230732,0.0017803124599241103,0.0019773573200992556,0.0022378091443704933,0.0019323138077623806,0.001814541892064574,-2.6967991981600963,-2.7495037686394523,-2.7039148440270604,-2.6501769558243096,-2.713922342769055,-2.7412330008541863,R,synonymous,0.023519411838957824,0.018061907388825803,-0.01834505587631803,0.015009199983528712,0.023422400167143746,-0.020560504019517197,0.015009199983528712
222,ortho,gattggatttatagatgtgttttg,5.0,tgt,4.0,,DWIYRCVL,,False,False,13.0,4.0,6.0,387.0,315.0,426.0,357.0,236.0,255.0,True,False,True,True,False,False,1.0,both,0.0020100219582230732,0.0017803124599241103,0.0019773573200992556,0.0022378091443704933,0.0019323138077623806,0.001814541892064574,-2.6967991981600963,-2.7495037686394523,-2.7039148440270604,-2.6501769558243096,-2.713922342769055,-2.7412330008541863,C,non-synonymous,0.023519411838957824,0.018061907388825803,-0.01834505587631803,0.015009199983528712,0.023422400167143746,-0.020560504019517197,0.015009199983528712
223,ortho,gattggatttatagatgtgttttg,6.0,gtt,5.0,,DWIYRCVL,,False,False,13.0,4.0,6.0,387.0,315.0,426.0,357.0,236.0,255.0,True,False,True,True,False,False,1.0,both,0.0020100219582230732,0.0017803124599241103,0.0019773573200992556,0.0022378091443704933,0.0019323138077623806,0.001814541892064574,-2.6967991981600963,-2.7495037686394523,-2.7039148440270604,-2.6501769558243096,-2.713922342769055,-2.7412330008541863,V,non-synonymous,0.023519411838957824,0.018061907388825803,-0.01834505587631803,0.015009199983528712,0.023422400167143746,-0.020560504019517197,0.015009199983528712
224,ortho,gattggatttatagatgtgttttg,7.0,ttg,6.0,,DWIYRCVL,,False,False,13.0,4.0,6.0,387.0,315.0,426.0,357.0,236.0,255.0,True,False,True,True,False,False,1.0,both,0.0020100219582230732,0.0017803124599241103,0.0019773573200992556,0.0022378091443704933,0.0019323138077623806,0.001814541892064574,-2.6967991981600963,-2.7495037686394523,-2.7039148440270604,-2.6501769558243096,-2.713922342769055,-2.7412330008541863,L,synonymous,0.023519411838957824,0.018061907388825803,-0.01834505587631803,0.015009199983528712,0.023422400167143746,-0.020560504019517197,0.015009199983528712
225,single,gattggcagagacgttatacactc,2.0,cag,1.0,,DWQRRYTL,,False,False,2.0,1.0,1.0,485.0,485.0,672.0,504.0,379.0,355.0,True,False,True,True,False,False,1.0,both,0.0028376780586678676,0.002859061111488296,0.002752791563275434,0.0028044894961749074,0.002975149830999221,0.002862375942411722,-2.5470368778267645,-2.5437765616414865,-2.560226671405921,-2.5521461822409575,-2.526491157956392,-2.54327332690308,Q,non-synonymous,-0.002577478660561345,0.008774447704143151,0.008334014287892835,-0.011087690515990456,0.014134940482461094,0.006118566144693668,0.006118566144693668
226,single,gattggcatagacgttatacactc,2.0,cat,1.0,,DWHRRYTL,,False,False,3.0,1.0,1.0,204.0,240.0,295.0,111.0,130.0,141.0,True,False,True,True,False,False,1.0,both,0.0006249648105399471,0.0009806805923310777,0.001093362282878412,0.001179620324164291,0.0014722390916284804,0.0012565489628146697,-3.2041444354856323,-3.008472419302722,-2.9612359118056357,-2.928257753417322,-2.8320216548470496,-2.900820583978742,H,non-synonymous,0.13917589912803358,0.08957025437638223,0.029699284718285073,0.13066568727260447,0.09493074715470018,0.027483836575085907,0.09493074715470018
227,single,gattggcggagacgttatacactc,2.0,cgg,1.0,,DWRRRYTL,,False,False,2.0,1.0,1.0,1705.0,1651.0,2246.0,1704.0,1430.0,1311.0,True,False,True,True,False,False,1.0,both,0.009594054388829458,0.010787486515641856,0.010165942928039701,0.009859081630882923,0.010127778084494256,0.009566810069429655,-2.017997823841608,-1.967079734144497,-1.992852332770931,-2.0061635375147047,-1.9944858232958618,-2.019232848031466,R,non-synonymous,0.005970014310722065,-0.013911928261247285,-0.012968272488441838,-0.002540197544707046,-0.008551435482929342,-0.015183720631641005,-0.008551435482929342
228,single,gattggcgtagacgttatacactc,2.0,cgt,1.0,,DWRRRYTL,,False,False,3.0,1.0,1.0,43.0,51.0,71.0,22.0,31.0,32.0,True,False,True,True,False,False,1.0,both,0.0001238668993862958,0.00023385460278664162,0.00024813895781637717,0.0002486454604856104,0.0003128508069710521,0.00030242364867742895,-3.9070447334500833,-3.631054077775286,-3.6053050461411096,-3.6044194652636343,-3.5046627204607192,-3.51938425123783,R,non-synonymous,0.15266465014894345,0.06415900809818245,0.04223739641644337,0.14415443829351435,0.0695195008765004,0.0400219482732442,0.0695195008765004
229,single,gattggctgagacgttatacactc,2.0,ctg,1.0,,DWLRRYTL,,False,False,1.0,1.0,1.0,1.0,2.0,1.0,6.0,3.0,1.0,True,False,True,True,False,False,2.0,both,3.378188165080795e-05,2.2631090592255642e-05,7.754342431761787e-06,5.7824525694327994e-06,1.2268659096904004e-05,4.259488009541253e-06,-4.471316163888646,-4.645294516889896,-5.110455024461015,-5.237887920843221,-4.911202900894675,-5.370642599956906,L,non-synonymous,-0.3867106332225679,-0.134980892089612,-0.1279043772956729,-0.395220845077997,-0.12962039931129407,-0.13011982543887204,-0.13011982543887204
230,single,gattggcttagacgttatacactc,2.0,ctt,1.0,,DWLRRYTL,,False,False,2.0,1.0,1.0,1600.0,1572.0,2135.0,1635.0,1215.0,1169.0,True,False,True,True,False,False,1.0,both,0.009205562749845166,0.009165591689863535,0.009064826302729529,0.009251924111092479,0.009643166050166548,0.009094006900370575,-2.0359496572759848,-2.0378394936752278,-2.042640513299175,-2.0337679381872964,-2.0157803548552664,-2.0412447205958624,L,non-synonymous,0.0011006066459483745,0.011197699718236346,0.000686151120824268,-0.007409605209480737,0.01655819249655429,-0.001529297022374899,-0.001529297022374899
231,single,gattgggagagacgttatacactc,2.0,gag,1.0,,DWERRYTL,,False,False,1.0,1.0,1.0,1171.0,985.0,1317.0,1114.0,819.0,779.0,True,False,True,True,False,False,1.0,both,0.006272169359833343,0.00617828773168579,0.006040632754342432,0.006771251958805808,0.0060423146052252215,0.00560974570856583,-2.2025822234345793,-2.2091318698491405,-2.218917566788451,-2.169331025770858,-2.218796666061044,-2.2510568249951213,E,non-synonymous,0.016774152696455942,-0.004906061233945866,-0.015799185644565755,0.00826394084102683,0.00045443154437207686,-0.01801463378776492,0.00045443154437207686
232,single,gattgggatagacgttatacactc,2.0,gat,1.0,,DWDRRYTL,,False,False,2.0,1.0,1.0,20.0,28.0,20.0,14.0,18.0,11.0,True,False,True,True,False,False,1.0,both,7.882439051855188e-05,0.00013578654355353385,8.529776674937965e-05,0.00011564905138865599,0.00017176122735665606,8.518976019082506e-05,-4.103339378594051,-3.8671432665062526,-4.06906233930279,-3.9368579251792397,-3.7650748652164365,-4.069612604292924,D,non-synonymous,0.08398450332376427,0.05181214541927485,-0.00027050215897710106,0.07547429146833516,0.05717263819759279,-0.002485950302176268,0.05717263819759279
233,single,gattgggcgagacgttatacactc,2.0,gcg,1.0,,DWARRYTL,,False,False,1.0,1.0,1.0,347.0,399.0,544.0,388.0,309.0,321.0,True,False,True,True,False,False,1.0,both,0.002184561680085581,0.002331002331002331,0.0024891439205955335,0.0020065110415931815,0.002447597489832349,0.0023171614771904415,-2.660635688678082,-2.632457292184724,-2.6039499920561435,-2.6975584460523474,-2.611260000871907,-2.6350437002587253,A,non-synonymous,-0.018626335701761747,0.010760207136740758,-0.015285208672569498,-0.02713654755719086,0.0161206999150587,-0.017500656815768664,-0.017500656815768664
234,single,gattgggctagacgttatacactc,2.0,gct,1.0,,DWARRYTL,,False,False,2.0,1.0,1.0,480.0,454.0,607.0,492.0,420.0,342.0,True,False,True,True,False,False,1.0,both,0.002770114295366252,0.0031683526829157896,0.002651985111662531,0.002775577233327744,0.0027849856149972088,0.0025855092217915406,-2.5575023115049293,-2.4991664812116583,-2.5764289184048805,-2.556646683467634,-2.5551770437015517,-2.5874539088816477,A,non-synonymous,0.0004316366434109977,-0.028432182458718164,-0.00541972282471234,-0.008078575212018114,-0.02307168968040022,-0.007635170967911507,-0.008078575212018114
235,single,gattgggtgaagcgttatacactc,3.0,aag,1.0,,DWVKRYTL,,False,False,2.0,1.0,1.0,3.0,4.0,10.0,6.0,2.0,7.0,True,False,True,True,False,False,2.0,both,3.378188165080795e-05,1.5087393728170428e-05,5.4280397022332506e-05,1.7347357708298398e-05,2.453731819380801e-05,4.259488009541253e-05,-4.471316163888646,-4.821385775945577,-4.2653569844467585,-4.760766666123558,-4.6101729052306935,-4.370642599956906,K,non-synonymous,-0.14601840726632226,0.10721625727074001,-0.05175685681513133,-0.15452861912175136,0.11257675004905796,-0.0539723049583305,-0.0539723049583305
236,single,gattgggtgaatcgttatacactc,3.0,aat,1.0,,DWVNRYTL,,False,False,2.0,1.0,1.0,137.0,89.0,159.0,123.0,101.0,117.0,True,False,True,True,False,False,1.0,both,0.000692528573841563,0.0007619133832726066,0.0009072580645161291,0.0007921960020122935,0.0005459553298122282,0.0006772585935170592,-3.1595623028328914,-3.1180943978269164,-3.0422691627148537,-3.1011673536868143,-3.2628428899137427,-3.169245475636454,N,non-synonymous,0.02945836127721754,-0.07347748986415903,-0.06241968397062951,0.02094814942178843,-0.06811699708584108,-0.06463513211382868,-0.06463513211382868
237,single,gattgggtgacgcgttatacactc,3.0,acg,1.0,,DWVTRYTL,,False,False,2.0,1.0,1.0,39.0,54.0,42.0,38.0,43.0,28.0,True,False,True,True,False,False,1.0,both,0.0002139519171217837,0.00032437896515566416,0.00021712158808933002,0.00022551565020787918,0.0003312537956164081,0.00017889849640073262,-3.6696838176554794,-3.4889473160299724,-3.6632969931187964,-3.646823313816722,-3.479839136735687,-3.747393309559005,T,non-synonymous,0.011532384065901338,0.004623510353222568,-0.04134050969437873,0.0030221722104722265,0.009984003131540511,-0.0435559578375779,0.0030221722104722265
238,single,gattgggtgactcgttatacactc,3.0,act,1.0,,DWVTRYTL,,False,False,2.0,1.0,1.0,1749.0,1932.0,2541.0,1838.0,1351.0,1318.0,True,False,True,True,False,False,1.0,both,0.01034851641236417,0.010191534463379124,0.010220223325062035,0.010113509543937966,0.011851524687609269,0.010823359032244325,-1.985121907222197,-1.9917604225875283,-1.9905396142030243,-1.9950981113645445,-1.9262257744791809,-1.9656379349065358,T,non-synonymous,-0.005032672004994517,0.03326681592816786,0.012241298524587796,-0.013542883860423629,0.0386273087064858,0.010025850381388628,0.010025850381388628
239,single,gattgggtgagaaagtatacactc,4.0,aag,1.0,,DWVRKYTL,,False,False,3.0,1.0,1.0,1599.0,1527.0,2178.0,1608.0,1158.0,1084.0,True,False,True,True,False,False,1.0,both,0.009053544282416531,0.008735600968610677,0.008405707196029776,0.009246141658523046,0.009367121220486207,0.009277164884780848,-2.043181369859857,-2.0587072122181413,-2.0754257422586475,-2.0340394570969864,-2.028393859502234,-2.0325847245371493,K,non-synonymous,0.004611799014667787,0.015387718620209722,0.02106001289238223,-0.0038984128407613247,0.020748211398527665,0.018844564749183064,0.018844564749183064
240,single,gattgggtgagaaattatacactc,4.0,aat,1.0,,DWVRNYTL,,False,False,2.0,1.0,1.0,90.0,95.0,142.0,97.0,69.0,69.0,True,False,True,True,False,False,1.0,both,0.0005461404200213952,0.0005205150836218798,0.0005350496277915633,0.000520420731248952,0.0005827613071029402,0.0006048472973548579,-3.2626956800060447,-3.2835666808723034,-3.27160593372376,-3.283645411403896,-3.234509291269808,-3.218354255573849,N,non-synonymous,-0.01056846123171988,0.02490260033325446,0.026177740119729856,-0.019078673087148994,0.030263093111572402,0.02396229197653069,0.02396229197653069
241,single,gattgggtgagaacgtatacactc,4.0,acg,1.0,,DWVRTYTL,,False,False,3.0,1.0,1.0,603.0,551.0,753.0,600.0,461.0,466.0,True,False,True,True,False,False,1.0,both,0.003378188165080795,0.0034776442543432836,0.0036135235732009927,0.003486818899367978,0.0033800155811970533,0.0032073944711845637,-2.471316163888646,-2.4587148462199107,-2.4420691077710153,-2.4575706087030698,-2.4710812977068706,-2.4938476237562046,T,non-synonymous,0.006934187571594783,-0.006277480343240102,-0.02545355531199956,-0.001576024283834328,-0.0009169875649221596,-0.027669003455198727,-0.001576024283834328
242,single,gattgggtgagaaggtatacactc,4.0,agg,1.0,,DWVRRYTL,,False,False,2.0,0.0,1.0,1198.0,1067.0,1530.0,1240.0,917.0,887.0,True,False,True,True,False,False,1.0,both,0.006981588874500309,0.006917570024366141,0.006878101736972704,0.0069273781781804935,0.006545329628198286,0.0065170166545981175,-2.1560457291100548,-2.1600464359395377,-2.162531404629289,-2.1594311027899282,-2.184068477134186,-2.1859511691393063,R,synonymous,-0.0017078114182552796,-0.012194111751695323,-0.011512811057007554,-0.01021802327368439,-0.00683361897337738,-0.013728259200206722,-0.01021802327368439
243,single,gattgggtgagaagttatacactc,4.0,agt,1.0,,DWVRSYTL,,False,False,1.0,1.0,1.0,128.0,163.0,164.0,113.0,92.0,87.0,True,False,True,True,False,False,1.0,both,0.0006362254377568831,0.0006940201114958396,0.0006746277915632754,0.0007401539288873983,0.0009998957163976764,0.0006985560335647655,-3.19638897078887,-3.1586279442640035,-3.1709357718423967,-3.1306779511953526,-3.000045292154698,-3.1557987519092072,S,non-synonymous,0.03314908195634896,0.0805000110536796,0.007441135899655522,0.02463887010091985,0.08586050383199754,0.005225687756456355,0.02463887010091985
244,single,gattgggtgagaatgtatacactc,4.0,atg,1.0,,DWVRMYTL,,False,False,3.0,1.0,1.0,848.0,822.0,1234.0,880.0,683.0,573.0,True,False,True,True,False,False,1.0,both,0.0049546759754518326,0.005152344958170201,0.004443238213399503,0.004903519778879014,0.005042418888827545,0.005256208203773907,-2.304984742122121,-2.2879950679280263,-2.3523004024936256,-2.3094920685865072,-2.297361079018605,-2.2793274402596824,M,non-synonymous,-0.0022738002742343404,-0.004754391393333486,0.03587243270999539,-0.010784012129663453,0.000606101384984457,0.03365698456679622,0.000606101384984457
245,single,gattgggtgagaatttatacactc,4.0,att,1.0,,DWVRIYTL,,False,False,2.0,1.0,1.0,786.0,766.0,1088.0,775.0,608.0,643.0,True,False,True,True,False,False,1.0,both,0.004363493046562693,0.00458656769336381,0.004986042183622829,0.00454500771957418,0.004698896434114233,0.004634322954380883,-2.3601657117659793,-2.338512192336824,-2.3022440515367935,-2.342465374803813,-2.3280041269260514,-2.334013704594744,I,non-synonymous,0.008929246939758747,0.005334123061183954,-0.01561749320094249,0.0004190350843296352,0.010694615839501896,-0.017832941344141658,0.0004190350843296352
246,single,gattgggtgagacagtatacactc,4.0,cag,1.0,,DWVRQYTL,,False,False,2.0,1.0,1.0,21.0,18.0,39.0,14.0,22.0,22.0,True,False,True,True,False,False,1.0,both,7.882439051855188e-05,0.0001659613310098747,0.0001705955334987593,0.00012143150395808878,0.00011041793187213604,0.00016612003237210886,-4.103339378594051,-3.7799930907873525,-3.7680323436388092,-3.915668626109302,-3.9569603914553495,-3.779577992930406,Q,non-synonymous,0.09467381868992338,-0.08983245941740439,-0.005675671024265516,0.08616360683449427,-0.08447196663908645,-0.007891119167464683,-0.007891119167464683
247,single,gattgggtgagaccttatacactc,4.0,cct,1.0,,DWVRPYTL,,False,False,1.0,1.0,1.0,196.0,205.0,251.0,194.0,126.0,139.0,True,False,True,True,False,False,1.0,both,0.0010922808400427905,0.0009505058048747369,0.0010778535980148884,0.0011333607036088287,0.0012575375574326603,0.0010691314903948546,-2.9616656843420635,-3.022045226491996,-2.9674402242069204,-2.945631849486745,-2.9004790355029013,-2.970968878475867,P,non-synonymous,0.008088550580730226,0.06170964849062193,-0.0017346344309529809,-0.0004216612746988854,0.06707014126893987,-0.003950082574152148,-0.0004216612746988854
248,single,gattgggtgagacgtaagacactc,5.0,aag,1.0,,DWVRRKTL,,False,False,2.0,1.0,1.0,614.0,572.0,852.0,621.0,531.0,451.0,True,False,True,True,False,False,1.0,both,0.003496424750858623,0.004005703034829248,0.0034972084367245657,0.003550425877631739,0.003508836501714545,0.003629083784129148,-2.4563758140957095,-2.3973212505280896,-2.456278482583055,-2.449719549702053,-2.4548368677656316,-2.440203005190205,K,non-synonymous,0.00335786988656319,-0.029196181056361598,0.007902467755212268,-0.005152341968865921,-0.023835688278043655,0.0056870196120131005,-0.005152341968865921
249,single,gattgggtgagacgtacgacactc,5.0,acg,1.0,,DWVRRTTL,,False,False,3.0,1.0,1.0,391.0,374.0,509.0,363.0,276.0,282.0,True,False,True,True,False,False,1.0,both,0.002043803839873881,0.002082060334487519,0.002186724565756824,0.0022609389546482243,0.002294239251121049,0.002168079396856498,-2.689560789236177,-2.6815066895443413,-2.6602059161416545,-2.6457111634473542,-2.6393612943581752,-2.6639248176201464,T,non-synonymous,0.022120716555923375,0.021393921297328016,-0.001828157155175175,0.013610504700494264,0.02675441407564596,-0.004043605298374342,0.013610504700494264
250,single,gattgggtgagacgtcagacactc,5.0,cag,1.0,,DWVRRQTL,,False,False,2.0,1.0,1.0,918.0,915.0,1224.0,921.0,721.0,627.0,True,False,True,True,False,False,1.0,both,0.00518551883339902,0.005439005439005439,0.00486197270471464,0.005308291458739309,0.005612911536833582,0.0052136133236784935,-2.285207784075441,-2.2644805068901297,-2.313187483630299,-2.2750452396419787,-2.2508118024922075,-2.282861182147363,Q,non-synonymous,0.0051266746489976615,0.006938532307832905,0.0149079628397439,-0.00338353720643145,0.012299025086150848,0.012692514696544734,0.012299025086150848
251,single,gattgggtgagacgtcatacactc,5.0,cat,1.0,,DWVRRHTL,,False,False,1.0,1.0,1.0,2.0,7.0,1.0,4.0,1.0,6.0,True,False,True,True,False,False,2.0,both,2.2521254433871968e-05,7.543696864085214e-06,4.652605459057072e-05,1.1564905138865599e-05,4.2940306839164014e-05,4.259488009541253e-06,-4.647407422944327,-5.122415771609559,-4.3323037740773715,-4.93685792517924,-4.367134856544399,-5.370642599956906,H,non-synonymous,-0.1460184072663223,0.3833970563783424,-0.5104320630718964,-0.1545286191217514,0.3887575491566604,-0.5126475112150956,-0.1545286191217514
252,single,gattgggtgagacgtccgacactc,5.0,ccg,1.0,,DWVRRPTL,,False,False,3.0,1.0,1.0,280.0,306.0,427.0,352.0,246.0,273.0,True,False,True,True,False,False,1.0,both,0.001981870390180733,0.0018557494285649625,0.002116935483870968,0.0016190867194411838,0.0018771048418263125,0.001818801380074115,-2.7029247507941587,-2.7314806645061798,-2.6742923774202594,-2.7907298895010015,-2.7265114700770754,-2.7402147249318816,P,non-synonymous,-0.04429484974037572,0.0025224714125417296,-0.032406454429166835,-0.052805061595804836,0.007882964190859673,-0.034621902572366005,-0.034621902572366005
253,single,gattgggtgagacgtcctacactc,5.0,cct,1.0,,DWVRRPTL,,False,False,2.0,1.0,1.0,38.0,25.0,70.0,43.0,28.0,38.0,True,False,True,True,False,False,1.0,both,0.00024210348516412363,0.000211223512194386,0.0002946650124069479,0.00021973319763844636,0.00015335823871130005,0.0002981641606678877,-3.6159989586927033,-3.6752577402673396,-3.5306714278442053,-3.658104324226411,-3.814292887886618,-3.5255445599426483,P,non-synonymous,-0.021240793728554593,-0.07057727167084682,0.0025202926972051113,-0.029751005583983706,-0.06521677889252887,0.0003048445540059443,-0.029751005583983706
254,single,gattgggtgagacgtcgtacactc,5.0,cgt,1.0,,DWVRRRTL,,False,False,2.0,1.0,1.0,1005.0,1003.0,1378.0,957.0,765.0,758.0,True,False,True,True,False,False,1.0,both,0.005388210123303868,0.005770928101025188,0.005877791563275434,0.005811364832279963,0.006152732537097358,0.005869574477147847,-2.268555476495446,-2.2387543364559415,-2.230785818828962,-2.235721859086713,-2.2109319635382376,-2.2313933823852983,R,non-synonymous,0.01656349697719292,0.01412324297534767,-0.0002986692896178184,0.00805328512176381,0.01948373575366561,-0.0025141174328169856,0.00805328512176381
255,single,gattgggtgagacgtctgacactc,5.0,ctg,1.0,,DWVRRLTL,,False,False,3.0,1.0,1.0,1836.0,1725.0,2334.0,1753.0,1470.0,1221.0,True,False,True,True,False,False,1.0,both,0.00986993975564439,0.011089234390205264,0.009468052109181141,0.010616582917478619,0.010581718471079703,0.009941645014269284,-2.0056854981784946,-1.9550984368613828,-2.023739360516133,-1.9740152439779974,-1.9754437971493626,-2.002541748247554,L,non-synonymous,0.015976617903129594,-0.010327748377827507,0.010420433766679059,0.0074664060477004825,-0.004967255599509564,0.00820498562347989,0.0074664060477004825
256,single,gattgggtgagacgtcttacactc,5.0,ctt,1.0,,DWVRRLTL,,False,False,2.0,1.0,1.0,706.0,813.0,1121.0,834.0,644.0,624.0,True,False,True,True,False,False,1.0,both,0.004695681549462305,0.0048581407804708775,0.004838709677419355,0.004082411514019556,0.004987209922891478,0.004774886058695745,-2.328301363634551,-2.3135299042497466,-2.3152704347785913,-2.3890832197914174,-2.3021423509645875,-2.321036987361932,L,non-synonymous,-0.03066247858679936,0.005780570277623094,-0.002834752258670345,-0.03917269044222847,0.011141063055941036,-0.005050200401869512,-0.005050200401869512
257,single,gattgggtgagacgtgatacactc,5.0,gat,1.0,,DWVRRDTL,,False,False,1.0,1.0,1.0,678.0,656.0,900.0,711.0,546.0,573.0,True,False,True,True,False,False,1.0,both,0.0040031529756207425,0.004118858487790526,0.004443238213399503,0.003920502842075438,0.004024120183784514,0.003833539208587128,-2.3975978135425233,-2.385223128904822,-2.3523004024936256,-2.4066582269761576,-2.395329057182995,-2.4164000905175804,D,non-synonymous,-0.004570685241651324,-0.005129989486743634,-0.03151046188860141,-0.013080897097080435,0.00023050329157430893,-0.03372591003180058,-0.013080897097080435
258,single,gattgggtgagacgtgggacactc,5.0,ggg,1.0,,DWVRRGTL,,False,False,3.0,1.0,1.0,2509.0,2274.0,2912.0,2351.0,1703.0,1523.0,True,False,True,True,False,False,1.0,both,0.013236867293508248,0.01284691575953712,0.0118098635235732,0.014508173496706894,0.013949465393179853,0.012403629083784128,-1.8782147851473503,-1.891201123646958,-1.9277551211249728,-1.8383872595286104,-1.8554424362069395,-1.9064512293159057,G,non-synonymous,0.02009169723771024,0.01815188922557832,0.010472679222364202,0.011581485382281128,0.023512382003896264,0.008257231079165036,0.011581485382281128
259,single,gattgggtgagacgtgttacactc,5.0,gtt,1.0,,DWVRRVTL,,False,False,2.0,1.0,1.0,13.0,14.0,9.0,4.0,12.0,3.0,True,False,True,True,False,False,2.0,both,2.2521254433871968e-05,9.052436236902257e-05,2.326302729528536e-05,7.517188340262639e-05,8.588061367832803e-05,3.8335392085871276e-05,-4.647407422944327,-4.043234525561934,-4.633333769741353,-4.123944568536384,-4.066104860880418,-4.41640009051758,V,non-synonymous,0.2640700626654888,-0.01160948074364586,0.10664139939308595,0.2555598508100597,-0.0062489879653279175,0.10442595124988678,0.10442595124988678
260,single,gattgggtgagacgttagacactc,5.0,tag,1.0,,DWVRR*TL,,True,False,1.0,1.0,1.0,564.0,567.0,853.0,652.0,493.0,469.0,True,False,True,True,False,False,1.0,both,0.0036709644727211306,0.0037190425539940105,0.003636786600496278,0.003261303249160099,0.003478164853972285,0.003633343272138689,-2.4352198185403693,-2.429568852332329,-2.439282181745932,-2.486608816859879,-2.458649837665749,-2.4396935687893824,*,stop,-0.025924085906531134,-0.014762142073261746,-0.00020223180726327197,-0.03443429776196025,-0.009401649294943804,-0.002417679950462439,-0.009401649294943804
261,single,gattgggtgagacgttataatctc,6.0,aat,1.0,,DWVRRYNL,,False,False,2.0,1.0,1.0,1342.0,1266.0,1830.0,1440.0,1022.0,1144.0,True,False,True,True,False,False,1.0,both,0.008107651596193907,0.007709658195095088,0.008870967741935484,0.007760051348178817,0.007766061208340234,0.007794863057460493,-2.09110492217704,-2.112964875810865,-2.0520290000040102,-2.1101354050102477,-2.109799190877319,-2.108191510226476,N,non-synonymous,-0.009600262467531867,0.0016069706790327154,-0.027608662264812178,-0.01811047432296098,0.006967463457350658,-0.029824110408011344,-0.01811047432296098
262,single,gattgggtgagacgttatacaaag,7.0,aag,1.0,,DWVRRYTK,,False,False,3.0,1.0,1.0,842.0,766.0,1163.0,1087.0,736.0,694.0,True,False,True,True,False,False,1.0,both,0.006120150892404707,0.005552160891966717,0.00538151364764268,0.004868825063462417,0.004698896434114233,0.004953784555096478,-2.213237870185995,-2.25553795727206,-2.2690955540061606,-2.3125758293435714,-2.3280041269260514,-2.3050628852284567,K,non-synonymous,-0.05011278427668492,-0.036785407360593755,-0.017681009918352888,-0.05862299613211403,-0.03142491458227581,-0.019896458061552054,-0.03142491458227581
263,single,gattgggtgagacgttatacaaat,7.0,aat,1.0,,DWVRRYTN,,False,False,3.0,1.0,1.0,1275.0,1251.0,1690.0,1361.0,967.0,1019.0,True,False,True,True,False,False,1.0,both,0.007662856821124936,0.0072947548675704015,0.00790167493796526,0.007372627026026819,0.007674046265113454,0.007198534736124718,-2.115609289068955,-2.1369892975265574,-2.102280840454589,-2.132377736073247,-2.114975586865236,-2.1427558953432317,N,non-synonymous,-0.008459138626435343,0.011174639394651041,-0.01989694043488943,-0.016969350481864452,0.016535132172968984,-0.022112388578088595,-0.016969350481864452
264,single,gattgggtgagacgttatacaagg,7.0,agg,1.0,,DWVRRYTR,,False,False,3.0,1.0,1.0,245.0,214.0,332.0,115.0,148.0,143.0,True,False,True,True,False,False,1.0,both,0.000647486064973819,0.0011164671358846116,0.0011088709677419355,0.0014167008795110357,0.0013127465233687284,0.001414150019167696,-3.188769573918678,-2.9521540562146016,-2.9551189869959535,-2.8487218364786884,-2.8818191232094645,-2.849504516252869,R,non-synonymous,0.1715430743153666,0.0357035451801545,0.0519185172007558,0.1630328624599375,0.04106403795847244,0.04970306905755663,0.04970306905755663
265,single,gattgggtgagacgttatacaagt,7.0,agt,1.0,,DWVRRYTS,,False,False,3.0,1.0,1.0,292.0,252.0,331.0,319.0,207.0,209.0,True,False,True,True,False,False,1.0,both,0.0017960700411012893,0.0015615452508656391,0.0016206575682382134,0.0016884761502743773,0.0015458510462099044,0.0014098905311581548,-2.7456767312151085,-2.8064454261526413,-2.7903087383499616,-2.7725050693948026,-2.8108323557771113,-2.8508146061811863,S,non-synonymous,-0.013534028030194606,-0.0022269011052871274,-0.02974379284997555,-0.022044239885623717,0.0031335916730308153,-0.031959240993174716,-0.022044239885623717
266,single,gattgggtgagacgttatacaatg,7.0,atg,1.0,,DWVRRYTM,,False,False,2.0,1.0,1.0,789.0,664.0,1077.0,744.0,557.0,547.0,True,False,True,True,False,False,1.0,both,0.004188953324700186,0.004201839153295464,0.004241625310173697,0.004562355077282479,0.0040731948201721295,0.00458746858627593,-2.377894478726411,-2.37656057643583,-2.3724676981275845,-2.340810917633801,-2.390064817190638,-2.3384268966589237,M,non-synonymous,0.018707455971562585,-0.006855046977548972,0.016733956285946844,0.010197244116133474,-0.0014945541992310296,0.014518508142747678,0.010197244116133474
267,single,gattgggtgagacgttatacaatt,7.0,att,1.0,,DWVRRYTI,,False,False,2.0,1.0,1.0,88.0,68.0,134.0,30.0,34.0,56.0,True,False,True,True,False,False,1.0,both,0.00016890940825403975,0.00025648569337889725,0.00043424317617866005,0.0005088558261100864,0.0004171344092947361,0.0005707713932785279,-3.7723461595526273,-3.5909368545673037,-3.362266997454815,-3.2934052486930523,-3.3797239838524193,-3.2435378015920975,I,non-synonymous,0.2416101835665135,0.10721625727074001,0.058365522775997186,0.2330999717110844,0.11257675004905796,0.05615007463279802,0.11257675004905796
268,single,gattgggtgagacgttatacacag,7.0,cag,1.0,,DWVRRYTQ,,False,False,2.0,1.0,1.0,2583.0,2655.0,3565.0,2682.0,2035.0,1928.0,True,False,True,True,False,False,1.0,both,0.015100501097911154,0.01535142311841341,0.014950372208436724,0.01493607498684492,0.016286644951140065,0.015185074754014568,-1.8210086407567094,-1.81385135804832,-1.8253479948942035,-1.8257635146699038,-1.7881683711411678,-1.8185830657690207,Q,non-synonymous,-0.002398679947680097,0.013037244001268319,0.003325539451900177,-0.010908891803109208,0.01839773677958626,0.0011100913087010102,0.0011100913087010102
269,single,gattgggtgagacgttatacacat,7.0,cat,1.0,,DWVRRYTH,,False,False,2.0,1.0,1.0,325.0,297.0,362.0,336.0,228.0,252.0,True,False,True,True,False,False,1.0,both,0.0018917853724452452,0.0017199628850114287,0.0019540942928039703,0.0018792970850656599,0.0018218958758902445,0.0015419346594539335,-2.7231281368824454,-2.764480924609105,-2.709054483679471,-2.7260045598643465,-2.7394764472414432,-2.8119340294237394,H,non-synonymous,-0.0014510622686726706,0.01269281776862238,-0.05057406838048725,-0.009961274124101782,0.018053310546940322,-0.05278951652368642,-0.009961274124101782
270,single,gattgggtgagacgttatacaccg,7.0,ccg,1.0,,DWVRRYTP,,False,False,2.0,1.0,1.0,130.0,148.0,191.0,169.0,122.0,108.0,True,False,True,True,False,False,1.0,both,0.0009515229998310906,0.0009203310174183961,0.000837468982630273,0.0007517188340262639,0.0009078807731708962,0.0008135622098223794,-3.021580709658616,-3.0360559409348107,-3.0770312689740655,-3.123944568536384,-3.041971181163698,-3.0896092327091775,P,non-synonymous,-0.05163925272043778,-0.003002704882766128,-0.006183141589758432,-0.060149464575866896,0.0023577878955518146,-0.008398589732957599,-0.008398589732957599
271,single,gattgggtgagacgttatacacgg,7.0,cgg,1.0,,DWVRRYTR,,False,False,2.0,1.0,1.0,3323.0,3100.0,4309.0,3171.0,2489.0,2263.0,True,False,True,True,False,False,1.0,both,0.017853724452452,0.018776261494708096,0.017548076923076923,0.019215089888225192,0.019016421600201207,0.01835413383311326,-1.748271172245201,-1.7263908750009656,-1.7557704705062869,-1.7163575795645098,-1.7208712027243829,-1.7362661058685374,R,non-synonymous,0.016099374288176937,0.002801905967440525,0.009588058187576654,0.007589162432747825,0.008162398745758468,0.007372610044377487,0.007589162432747825
272,single,gattgggtgagacgttatacactg,7.0,ctg,1.0,,DWVRRYTL,,False,False,1.0,0.0,1.0,1752.0,1608.0,2321.0,1820.0,1359.0,1218.0,True,False,True,True,False,False,1.0,both,0.010247170767411745,0.010251884038291805,0.009444789081885856,0.010130856901646263,0.00986400191391082,0.009886271670145249,-1.9893960262872148,-1.9891963148770646,-2.024807736164159,-1.9943538190111592,-2.005946852146223,-2.0049674595009876,L,synonymous,-0.0025010459181009905,-0.00850293785219905,0.009753187588378493,-0.011011257773530101,-0.0031424450738811067,0.0075377394451793265,-0.0031424450738811067
273,single,gattgggtgagacgttatacactt,7.0,ctt,1.0,,DWVRRYTL,,False,False,1.0,0.0,1.0,191.0,189.0,269.0,162.0,126.0,133.0,True,False,True,True,False,False,1.0,both,0.0009121108045718146,0.0009505058048747369,0.0010313275434243175,0.0011044484407616646,0.0011593882846574284,0.0011458022745665971,-3.0399523997296587,-3.022045226491996,-2.9866033834939296,-2.9568545535954933,-2.9357710923854112,-2.940890319954497,L,synonymous,0.04192017303851541,0.04379463110781933,0.02247186828635095,0.0334099611830863,0.04915512388613727,0.020256420143151783,0.0334099611830863
274,single,gattgggtgagacgttatacagat,7.0,gat,1.0,,DWVRRYTD,,False,False,3.0,1.0,1.0,473.0,376.0,600.0,517.0,359.0,342.0,True,False,True,True,False,False,1.0,both,0.0029108721355779518,0.0027081871742065918,0.002651985111662531,0.002735100065341714,0.002306507910217953,0.0025556928057247517,-2.535976871178347,-2.5673213230312397,-2.5764289184048805,-2.5630267801054094,-2.6370450516309947,-2.5924913495732618,D,non-synonymous,-0.01364580329877314,-0.035393284500724057,-0.007896054423547468,-0.02215601515420225,-0.030032791722406114,-0.010111502566746634,-0.02215601515420225
275,single,gattgggtgagacgttatacaggt,7.0,ggt,1.0,,DWVRRYTG,,False,False,3.0,1.0,1.0,1095.0,1052.0,1509.0,1133.0,804.0,822.0,True,False,True,True,False,False,1.0,both,0.006379145318394235,0.006065132278724511,0.006374069478908189,0.006331785563528915,0.006453314684971506,0.006427567406397751,-2.1952375044088925,-2.2171597228611075,-2.195583206920965,-2.1984738016670837,-2.1902171567409354,-2.1919533601813153,G,non-synonymous,-0.0016326071899435436,0.013676633866568385,0.001784379158108377,-0.010142819045372654,0.019037126644886326,-0.0004310689850907899,-0.0004310689850907899
276,single,gattgggtgagacgttatacagtg,7.0,gtg,1.0,,DWVRRYTV,,False,False,2.0,1.0,1.0,747.0,706.0,917.0,712.0,543.0,512.0,True,False,True,True,False,False,1.0,both,0.00400878328922921,0.004096227397198271,0.003970223325062035,0.004319492069366301,0.004330836661207114,0.003905950504749329,-2.3969874206354334,-2.387615942020712,-2.4011850634851846,-2.364567319027822,-2.363428195506852,-2.4082732642868843,V,non-synonymous,0.01635489164331706,0.012278227383833001,-0.003484455043482202,0.007844679787887948,0.017638720162150942,-0.005699903186681369,0.007844679787887948
277,single,gattgggtgagacgttatacagtt,7.0,gtt,1.0,,DWVRRYTV,,False,False,2.0,1.0,1.0,951.0,999.0,1417.0,984.0,784.0,756.0,True,False,True,True,False,False,1.0,both,0.005540228590732504,0.0059142583414428075,0.005862282878411911,0.005499112393530592,0.00612819521890355,0.006035694509519956,-2.256472315840948,-2.2280997089251207,-2.231933228959809,-2.259707403905807,-2.212667408332673,-2.219272749709445,V,non-synonymous,-0.0016319971910555649,0.007833772179692314,0.006223705000887658,-0.010142209046484676,0.013194264958010257,0.004008256857688491,0.004008256857688491
278,single,gattgggtgagacgttatacatag,7.0,tag,1.0,,DWVRRYT*,,True,False,3.0,1.0,1.0,986.0,898.0,1369.0,1125.0,918.0,871.0,True,False,True,True,False,False,1.0,both,0.00633410280952649,0.006925113721230226,0.006754032258064516,0.00570149823346074,0.005508627934509898,0.005831239085061976,-2.1983148918249085,-2.1595730904083164,-2.1704368694533525,-2.24401100590201,-2.258956559891351,-2.234239151822915,*,stop,-0.023052210116337162,-0.05044921550702107,-0.031364261652265385,-0.03156242197176627,-0.04508872272870312,-0.033579709795464555,-0.033579709795464555
279,single,gattgggtgagacgttatacatat,7.0,tat,1.0,,DWVRRYTY,,False,False,3.0,1.0,1.0,1324.0,1386.0,1933.0,1342.0,1000.0,1042.0,True,False,True,True,False,False,1.0,both,0.0075558808625640446,0.007543696864085214,0.008080024813895782,0.007655967201929026,0.008502180754154475,0.008233590322443243,-2.121714898439316,-2.122415771609559,-2.09258730549751,-2.11599993573954,-2.0704696662828677,-2.084410745928352,Y,non-synonymous,0.0028830136571348975,0.02636897540414425,0.0040194761726068525,-0.005627198198294214,0.031729468182462195,0.0018040280294076855,0.0018040280294076855
280,single,gattgggtgagacgttatacatcg,7.0,tcg,1.0,,DWVRRYTS,,False,False,3.0,1.0,1.0,616.0,631.0,794.0,667.0,454.0,456.0,True,False,True,True,False,False,1.0,both,0.0037554191768481506,0.003424838376294687,0.0035359801488833746,0.0035619907827706045,0.003870761945073213,0.003382033479575755,-2.4253415803557408,-2.465359918752455,-2.4514901817965806,-2.4483072086787954,-2.412203537314521,-2.4708220975298087,S,non-synonymous,-0.011585415964769192,0.026983337940254874,-0.00950328484778119,-0.020095627820198303,0.032343830718572816,-0.011718732990980356,-0.011718732990980356
281,single,gattgggtgagacgttatacatct,7.0,tct,1.0,,DWVRRYTS,,False,False,3.0,1.0,1.0,852.0,912.0,1195.0,969.0,694.0,665.0,True,False,True,True,False,False,1.0,both,0.005455773886605484,0.005235325623675138,0.005156637717121588,0.004926649589156745,0.0055945085481882255,0.005090088171401798,-2.2631436372215243,-2.281056301154704,-2.287633379157911,-2.307448326076521,-2.2522380582302395,-2.293274694672749,S,non-synonymous,-0.022350281139903564,0.014628768299120219,-0.0027731875616218826,-0.030860492995332674,0.01998926107743816,-0.0049886357048210496,-0.0049886357048210496
282,single,gattgggtgagacgttatacatgg,7.0,tgg,1.0,,DWVRRYTW,,False,False,3.0,1.0,1.0,1229.0,1181.0,1797.0,1425.0,962.0,925.0,True,False,True,True,False,False,1.0,both,0.008023196892066889,0.007257036383249976,0.007172766749379653,0.00710663420783291,0.0072446431967218144,0.007654299953145632,-2.0956525499277605,-2.139240699571746,-2.144313291721983,-2.148336037956767,-2.1399829989451407,-2.1160945228479315,W,non-synonymous,-0.02657711405519194,-0.00037680734285006295,0.013871930871438063,-0.03508732591062105,0.0049836854354678795,0.011656482728238896,0.0049836854354678795
283,single,gattgggtgagacgttatacatgt,7.0,tgt,1.0,,DWVRRYTC,,False,False,3.0,1.0,1.0,1.0,4.0,4.0,2.0,2.0,4.0,True,False,True,True,False,False,3.0,both,1.1260627216935984e-05,1.5087393728170428e-05,3.1017369727047146e-05,5.7824525694327994e-06,2.453731819380801e-05,1.703795203816501e-05,-4.948437418608308,-4.821385775945577,-4.508395033133053,-5.237887920843221,-4.6101729052306935,-4.768582608628943,C,non-synonymous,-0.1460184072663223,0.10721625727074001,-0.1279043772956729,-0.1545286191217514,0.11257675004905796,-0.13011982543887204,-0.13011982543887204
284,single,gattgggtgagacgttatacattg,7.0,ttg,1.0,,DWVRRYTL,,False,False,2.0,0.0,1.0,2834.0,2799.0,3849.0,2617.0,2026.0,1926.0,True,False,True,True,False,False,1.0,both,0.014734530713360734,0.015283529846636643,0.014934863523573202,0.01638747058177255,0.017169988406117154,0.016394769348724282,-1.8316636916324087,-1.8157763305852972,-1.8257987416724997,-1.7854880749317794,-1.7652299980924933,-1.7852946888623142,L,synonymous,0.023294103665759035,0.025658420200899874,0.01991119538572911,0.014783891810329923,0.031018912979217817,0.017695747242529945,0.017695747242529945
285,single,gattgggtgagacgttatacattt,7.0,ttt,1.0,,DWVRRYTF,,False,False,2.0,1.0,1.0,1158.0,1185.0,1591.0,1077.0,823.0,897.0,True,False,True,True,False,False,1.0,both,0.006063847756320027,0.006208462519142131,0.006955645161290323,0.006696080075403181,0.007269180514915622,0.006776845423180133,-2.217251710974308,-2.207015936397289,-2.1576625814169232,-2.1741793614518037,-2.138514546212533,-2.1689724203103236,F,non-synonymous,0.021728605844290812,0.03477279887628829,-0.005559750108043159,0.013218393988861701,0.04013329165460623,-0.007775198251242326,0.013218393988861701
286,single,gattgggtgagacgttatacgctc,6.0,acg,1.0,,DWVRRYTL,,False,False,1.0,0.0,1.0,1234.0,1145.0,1547.0,1141.0,954.0,841.0,True,False,True,True,False,False,1.0,both,0.006424187827261978,0.007196686808337294,0.006521401985111663,0.007135546470680074,0.007023807332977542,0.006589427950760319,-2.192181769854075,-2.142867396905464,-2.1856590286631032,-2.146572761145998,-2.153427409882749,-2.1811522862575377,T,synonymous,0.0230082682777461,-0.005360492778317943,0.002215448143199167,0.014498056422316987,0.0,0.0,0.0
287,single,gattgggtgagacgttatactctc,6.0,act,1.0,,DWVRRYTL,,False,False,1.0,0.0,1.0,11.0,10.0,8.0,4.0,9.0,5.0,True,False,True,True,False,False,2.0,both,2.2521254433871968e-05,6.789327177676693e-05,3.877171215880893e-05,6.36069782637608e-05,6.134329548452002e-05,3.407590407633002e-05,-4.647407422944327,-4.168173262170234,-4.411485020124997,-4.196495235684996,-4.212232896558656,-4.467552612964962,T,synonymous,0.22747059995475669,-0.022365630843683485,-0.027562002278530538,0.21896038809932758,-0.017005138065365542,-0.029777450421729704,-0.017005138065365542
288,single,gattgggtgagacgttatatgctc,6.0,atg,1.0,,DWVRRYML,,False,False,2.0,1.0,1.0,1842.0,1725.0,2492.0,1794.0,1365.0,1391.0,True,False,True,True,False,False,1.0,both,0.010100782613591578,0.010297146219476317,0.010786290322580645,0.010651277632895216,0.010581718471079703,0.010614644119776803,-1.9956449755642163,-1.987283120232784,-1.967127894468969,-1.9725982949823908,-1.9754437971493626,-1.9740945619697732,M,non-synonymous,0.011626304205209693,0.006009898475065154,-0.0034247110640009825,0.003116092349780582,0.011370391253383096,-0.00564015920720015,0.003116092349780582
289,single,gattgggtgagacgttatattctc,6.0,att,1.0,,DWVRRYIL,,False,False,2.0,1.0,1.0,1081.0,1088.0,1635.0,1140.0,850.0,913.0,True,False,True,True,False,False,1.0,both,0.00641855751365351,0.0064121423344724315,0.007079714640198511,0.006250831227556856,0.006674150548715778,0.006964262895599949,-2.192562562935817,-2.1929968458952662,-2.1499842469267163,-2.204062226889911,-2.1756040011964943,-2.1571248429606005,I,non-synonymous,-0.005801208157213384,0.008828987104724385,-0.0035102117673881574,-0.014311420012642496,0.014189479883042328,-0.005725659910587324,-0.005725659910587324
290,single,gattgggtgagacgttatcagctc,6.0,cag,1.0,,DWVRRYQL,,False,False,3.0,1.0,1.0,23.0,48.0,54.0,21.0,24.0,20.0,True,False,True,True,False,False,1.0,both,0.00011823658577782783,0.00018104872473804514,0.00015508684863523573,0.0001329964090969544,0.0002944478183256961,0.00023001235251522768,-3.9272481195383704,-3.7422045298979527,-3.809425028797034,-3.876160084825628,-3.5309916591830683,-3.6382488401339366,Q,non-synonymous,0.025772259510771143,0.10721625727073998,0.08414769143788718,0.017262047655342033,0.11257675004905793,0.08193224329468801,0.08193224329468801
291,single,gattgggtgagacgttatcatctc,6.0,cat,1.0,,DWVRRYHL,,False,False,3.0,1.0,1.0,477.0,430.0,583.0,429.0,408.0,356.0,True,False,True,True,False,False,1.0,both,0.0024154045380327684,0.003077828320546767,0.002760545905707196,0.002758229875619445,0.0026377617058343608,0.0024832815095625505,-2.6170101220875654,-2.511755608519679,-2.55900502648814,-2.559369541803107,-2.578764440979069,-2.604974045197891,H,non-synonymous,0.02907780660961654,-0.03401514403957003,-0.022597692075641423,0.02056759475418743,-0.02865465126125209,-0.02481314021884059,-0.02481314021884059
292,single,gattgggtgagacgttatccgctc,6.0,ccg,1.0,,DWVRRYPL,,False,False,2.0,1.0,1.0,470.0,463.0,738.0,265.0,294.0,259.0,True,False,True,True,False,False,1.0,both,0.0014920331062440177,0.002217846878041053,0.0020083746898263027,0.0027177527076334158,0.002840194580933277,0.003143502151041445,-2.8262215403354816,-2.6540684411974014,-2.6971552603797635,-2.5657900629075034,-2.546651905540702,-2.5025862381338637,P,non-synonymous,0.1313792487573088,0.05452697500450508,0.09564726364800184,0.1228690369018797,0.05988746778282303,0.09343181550480267,0.09343181550480267
293,single,gattgggtgagacgttatcctctc,6.0,cct,1.0,,DWVRRYPL,,False,False,2.0,1.0,1.0,1605.0,1628.0,2250.0,1665.0,1302.0,1224.0,True,False,True,True,False,False,1.0,both,0.009374472158099206,0.009821893317038949,0.009491315136476428,0.009280836373939642,0.009986688504879859,0.00958384802146782,-2.028053176429951,-2.0078047873773857,-2.0226736066514728,-2.03241288410233,-2.000578496005473,-2.018460081845543,P,non-synonymous,-0.0021993313729023077,0.0036682230217408157,0.002071306692855117,-0.010709543228331418,0.009028715800058758,-0.00014414145034405022,-0.00014414145034405022
294,single,gattgggtgagacgttatcgtctc,6.0,cgt,1.0,,DWVRRYRL,,False,False,3.0,1.0,1.0,1305.0,1165.0,1638.0,1265.0,992.0,979.0,True,False,True,True,False,False,1.0,both,0.007122346714712009,0.007483347289172532,0.007591501240694789,0.007546100603109803,0.007146493923946582,0.006977041359628572,-2.1473768887604527,-2.12590409945538,-2.1196723326578777,-2.1222774091689214,-2.145906971196618,-2.1563287025325057,R,non-synonymous,0.012661874845166359,-0.010153893725809784,-0.018019731164327712,0.004151662989737247,-0.004793400947491842,-0.020235179307526878,-0.004793400947491842
295,single,gattgggtgagacgttatctgctc,6.0,ctg,1.0,,DWVRRYLL,,False,False,3.0,1.0,1.0,176.0,203.0,283.0,197.0,158.0,143.0,True,False,True,True,False,False,1.0,both,0.0011091717808681943,0.0011919041045254637,0.0011088709677419355,0.0010177116522201728,0.0012452688983357564,0.0012054351067001747,-2.9550011881106966,-2.9237586846551364,-2.9551189869959535,-2.992375253029071,-2.9047368586454425,-2.918856164432615,L,non-synonymous,-0.018854005746447525,0.00965589352728231,0.01782626910646074,-0.027364217601876635,0.015016386305600253,0.015610820963261572,0.015016386305600253
296,single,gattgggtgagacgttatcttctc,6.0,ctt,1.0,,DWVRRYLL,,False,False,3.0,1.0,1.0,3015.0,2975.0,4105.0,2941.0,2249.0,2255.0,True,False,True,True,False,False,1.0,both,0.016558752322504363,0.016965774247327644,0.01748604218362283,0.01743409449683989,0.018249630406644707,0.017485198279166843,-1.7809723897652203,-1.7704263161739267,-1.757308478247036,-1.758600604367051,-1.7387459264940872,-1.7573294385014457,L,non-synonymous,0.011285841435139329,0.01608165638227656,-1.0303752141536076e-05,0.0027756295797102173,0.021442149160594504,-0.0022257518953407033,0.0027756295797102173
297,single,gattgggtgagacgttatgatctc,6.0,gat,1.0,,DWVRRYDL,,False,False,3.0,1.0,1.0,350.0,310.0,455.0,327.0,265.0,273.0,True,False,True,True,False,False,1.0,both,0.0018411125499690332,0.0019990796689825815,0.002116935483870968,0.00202385839930148,0.0019016421600201207,0.0019380670443412702,-2.7349196616120035,-2.699169897672751,-2.6742923774202594,-2.6938198764929453,-2.720871202724383,-2.712631203299793,D,non-synonymous,0.02073351096555506,-0.011016055497240102,-0.018846801739179964,0.012223299110125948,-0.005655562718922159,-0.02106224988237913,-0.005655562718922159
298,single,gattgggtgagacgttatgggctc,6.0,ggg,1.0,,DWVRRYGL,,False,False,3.0,1.0,1.0,570.0,553.0,720.0,600.0,432.0,435.0,True,False,True,True,False,False,1.0,both,0.003378188165080795,0.0032588770452848122,0.0033731389578163773,0.0032959979645766956,0.0033922842402939572,0.003066831366869702,-2.471316163888646,-2.4869320247946467,-2.471965767506378,-2.4820130651707295,-2.469507765253957,-2.5133101035256367,G,non-synonymous,-0.005396240379045121,0.008844933963274147,-0.020324266226654942,-0.013906452234474231,0.01420542674159209,-0.022539714369854108,-0.013906452234474231
299,single,gattgggtgagacgttatgttctc,6.0,gtt,1.0,,DWVRRYVL,,False,False,3.0,1.0,1.0,694.0,648.0,804.0,664.0,489.0,469.0,True,False,True,True,False,False,1.0,both,0.0037385282360227466,0.0036888677665376695,0.003636786600496278,0.004013022083186363,0.003975045547396897,0.0034246283596711677,-2.427299334904272,-2.433106912485939,-2.439282181745932,-2.396528450388366,-2.4006578906880622,-2.465386551208454,V,non-synonymous,0.015522915014816632,0.016471830800317742,-0.012832523284159564,0.007012703159387521,0.021832323578635685,-0.015047971427358732,0.007012703159387521
300,single,gattgggtgagacgttattagctc,6.0,tag,1.0,,DWVRRY*L,,True,False,3.0,1.0,1.0,468.0,512.0,649.0,545.0,430.0,431.0,True,False,True,True,False,False,1.0,both,0.0030685209166150555,0.003243789651556642,0.00334212158808933,0.00270618780249455,0.003140776728807425,0.0027644077181922734,-2.5130709119956474,-2.4889473160299724,-2.475977754300284,-2.5676420677690968,-2.5029629355828247,-2.558397903156536,*,stop,-0.027529381318034493,-0.007114634002659482,-0.040516530414582086,-0.036039593173463606,-0.0017541412243415391,-0.042731978557781256,-0.036039593173463606
301,single,gattgggtgagacgttattatctc,6.0,tat,1.0,,DWVRRYYL,,False,False,3.0,1.0,1.0,148.0,233.0,268.0,128.0,98.0,132.0,True,False,True,True,False,False,1.0,both,0.000720680141883903,0.0007392822926803509,0.0010235732009925558,0.0008558029802760542,0.0014292987847893165,0.0011415427865570558,-3.142257444624421,-3.131189695917064,-2.989881093255166,-3.0676262054482635,-2.8448769755326366,-2.9425078059281162,Y,non-synonymous,0.03764904393902296,0.14533857801715358,0.023288009830857315,0.029138832083593844,0.1506990707954715,0.02107256168765815,0.029138832083593844
302,single,gattgggtgagacgttattcgctc,6.0,tcg,1.0,,DWVRRYSL,,False,False,2.0,1.0,1.0,780.0,677.0,914.0,618.0,482.0,453.0,True,False,True,True,False,False,1.0,both,0.003479533810033219,0.003636061888489073,0.0035127171215880893,0.004510313004157583,0.004152941104302006,0.0038931720407207053,-2.4584789391834736,-2.4393687333707095,-2.4543568224481835,-2.3457933181527406,-2.3816442278735113,-2.409696404223074,S,non-synonymous,0.05684624755416782,0.029302217290386394,0.021954403364418985,0.048336035698738705,0.03466271006870433,0.01973895522121982,0.03466271006870433
303,single,gattgggtgagacgttattctctc,6.0,tct,1.0,,DWVRRYSL,,False,False,2.0,1.0,1.0,1050.0,935.0,1416.0,986.0,772.0,756.0,True,False,True,True,False,False,1.0,both,0.0055514892179494395,0.005823733979073785,0.005862282878411911,0.006071575197904439,0.0057355981278026215,0.006031435021510414,-2.2555904993310785,-2.2347984712738227,-2.231933228959809,-2.2166986217732827,-2.2414212856861377,-2.219579346603155,S,non-synonymous,0.019619693083058498,-0.003361884962236325,0.006072986486769315,0.011109481227629387,0.001998607816081618,0.003857538343570148,0.003857538343570148
304,single,gattgggtgagacgttattgtctc,6.0,tgt,1.0,,DWVRRYCL,,False,False,3.0,1.0,1.0,75.0,81.0,127.0,90.0,55.0,68.0,True,False,True,True,False,False,1.0,both,0.0005067282247621192,0.00041490332752468673,0.0005272952853598015,0.0004336839427074599,0.0004968806934246121,0.0005409549772117391,-3.2952249048329647,-3.382053082115315,-3.277946111754779,-3.362826657451521,-3.303747877680006,-3.2668388790009484,C,non-synonymous,-0.034102895554011886,0.03974942869701904,0.005460151915975147,-0.042613107409441,0.04510992147533699,0.00324470377277598,0.00324470377277598
305,single,gattgggtgagacgttatttgctc,6.0,ttg,1.0,,DWVRRYLL,,False,False,3.0,1.0,1.0,3616.0,3411.0,4742.0,3503.0,2668.0,2587.0,True,False,True,True,False,False,1.0,both,0.019722988570463375,0.02012658323337935,0.020060483870967743,0.020909348491069003,0.02092419808976978,0.020198492141244622,-1.705027276954597,-1.6962299463650474,-1.6976585957444719,-1.6796594990398952,-1.6793511771512584,-1.6946810503147358,L,non-synonymous,0.012797222662907434,0.008568031182540717,0.001463717448206849,0.004287010807478323,0.01392852396085866,-0.000751730694992318,0.004287010807478323
306,single,gattgggtgagacgttattttctc,6.0,ttt,1.0,,DWVRRYFL,,False,False,3.0,1.0,1.0,473.0,430.0,648.0,437.0,298.0,325.0,True,False,True,True,False,False,1.0,both,0.0024604470469005123,0.0022480216654973935,0.0025201612903225806,0.002735100065341714,0.0026377617058343608,0.002760148230182732,-2.6089859773018675,-2.648199507533304,-2.598571663482141,-2.5630267801054094,-2.578764440979069,-2.559067594086312,F,non-synonymous,0.0231849270325993,0.03524675335405659,0.01941961827765445,0.014674715177170188,0.04060724613237453,0.017204170134455285,0.017204170134455285
307,single,gattgggtgagacgttcgacactc,5.0,tcg,1.0,,DWVRRSTL,,False,False,2.0,1.0,1.0,2484.0,2289.0,3292.0,2466.0,1843.0,1769.0,True,False,True,True,False,False,1.0,both,0.013884353358482067,0.013903033320509049,0.013717431761786601,0.014363612182471073,0.014041480336406632,0.014022234527409805,-1.8574743420125768,-1.856890436390485,-1.8627271915512922,-1.8427363293386785,-1.8525871038841126,-1.853182773416673,S,non-synonymous,0.007434850243123666,0.0021844653858598697,0.004691895282975558,-0.0010753616123054454,0.007544958164177813,0.0024764471397763907,0.0024764471397763907
308,single,gattgggtgagacgttctacactc,5.0,tct,1.0,,DWVRRSTL,,False,False,1.0,1.0,1.0,100.0,109.0,133.0,121.0,90.0,79.0,True,False,True,True,False,False,1.0,both,0.000681267946624627,0.0006789327177676692,0.0006125930521091812,0.0005782452569432799,0.0006686419207812682,0.0005665119052689866,-3.1666820439558396,-3.168173262170234,-3.212827933170574,-3.237887920843221,-3.174806398618032,-3.2467909589898194,S,non-synonymous,-0.0359210595622286,-0.003367124652450966,-0.016695722923003562,-0.044431271417657715,0.0019933681258669767,-0.018911171066202728,-0.018911171066202728
309,single,gattgggtgagacgttggacactc,5.0,tgg,1.0,,DWVRRWTL,,False,False,2.0,1.0,1.0,1364.0,1322.0,1832.0,1446.0,1067.0,1020.0,True,False,True,True,False,False,1.0,both,0.008141433477844715,0.008049124553978923,0.007909429280397022,0.007887265304706337,0.008109583663053546,0.007803382033479576,-2.0892991213137777,-2.094251352185089,-2.101854852699098,-2.103073550522761,-2.091001441409034,-2.1077171306250735,W,non-synonymous,-0.006948753581591987,0.001649725552676229,-0.002881809426245816,-0.015458965437021098,0.007010218330994172,-0.005097257569444983,-0.005097257569444983
310,single,gattgggtgagacgttgtacactc,5.0,tgt,1.0,,DWVRRCTL,,False,False,1.0,1.0,1.0,1444.0,1467.0,1940.0,1413.0,1116.0,973.0,True,False,True,True,False,False,1.0,both,0.007955633128765273,0.008418765700319098,0.007544975186104219,0.008349861510260962,0.008999061447579088,0.008263406738510032,-2.099325252423731,-2.0747515770079987,-2.1223421841926635,-2.0783207276096007,-2.0458027827153726,-2.082840870026679,C,non-synonymous,0.01059610273626713,0.014695039019405767,0.019418263847271168,0.002085890880838019,0.020055531797723708,0.017202815704072002,0.017202815704072002
311,single,gattgggtgagacgtttgacactc,5.0,ttg,1.0,,DWVRRLTL,,False,False,2.0,1.0,1.0,342.0,353.0,486.0,355.0,249.0,248.0,True,False,True,True,False,False,1.0,both,0.001998761331006137,0.001878380519157218,0.0019230769230769232,0.0019775987787460174,0.002165418330603557,0.002070111172637049,-2.6992390612171957,-2.7262164245138227,-2.716003343634799,-2.703861814787086,-2.664458191170833,-2.684006330694612,L,non-synonymous,-0.002332029511948394,0.031349825473593836,0.015729259968068274,-0.010842241367377506,0.036710318251911775,0.013513811824869108,0.013513811824869108
312,single,gattgggtgagacgttttacactc,5.0,ttt,1.0,,DWVRRFTL,,False,False,1.0,1.0,1.0,75.0,73.0,94.0,76.0,55.0,67.0,True,False,True,True,False,False,1.0,both,0.0004279038342435674,0.00041490332752468673,0.0005195409429280397,0.0004336839427074599,0.00044780605703699614,0.0004003918728968778,-3.368653821991498,-3.382053082115315,-3.284380221760189,-3.362826657451521,-3.3489100364381996,-3.3975147463572064,F,non-synonymous,0.0029396158529229736,0.016824132450007353,-0.05561526483977749,-0.005570596002506138,0.022184625228325296,-0.05783071298297666,-0.005570596002506138
313,single,gattgggtgagactgtatacactc,4.0,ctg,1.0,,DWVRLYTL,,False,False,2.0,1.0,1.0,33.0,22.0,28.0,33.0,36.0,28.0,True,False,True,True,False,False,1.0,both,0.00018580034907944373,0.0002715730871070677,0.00021712158808933002,0.00019082093479128238,0.00013495525006594405,0.0001192656642671551,-3.730953474394402,-3.566113270842272,-3.6632969931187964,-3.7193739809653334,-3.8698102157364493,-3.9234845686146858,L,non-synonymous,0.0058414795428173545,-0.1541631893260246,-0.12790437729567283,-0.002668732312611757,-0.14880269654770667,-0.130119825438872,-0.130119825438872
314,single,gattgggtgagactttatacactc,4.0,ctt,1.0,,DWVRLYTL,,False,False,1.0,1.0,1.0,10.0,12.0,14.0,7.0,7.0,5.0,True,False,True,True,False,False,2.0,both,3.941219525927594e-05,5.28058780485965e-05,3.877171215880893e-05,5.7824525694327994e-05,7.361195458142402e-05,5.963283213357755e-05,-4.4043693742580325,-4.277317731595302,-4.411485020124997,-4.237887920843221,-4.133051650511031,-4.2245145642786675,L,non-synonymous,0.08398450332376427,0.07323260752348952,0.09191192039871499,0.07547429146833516,0.07859310030180747,0.08969647225551582,0.07859310030180747
315,single,gattgggtgagagagtatacactc,4.0,gag,1.0,,DWVREYTL,,False,False,3.0,1.0,1.0,815.0,913.0,1236.0,955.0,703.0,694.0,True,False,True,True,False,False,1.0,both,0.005376949496086932,0.0053032188954519055,0.00538151364764268,0.0047126988440877315,0.005600642877736678,0.005264727179792989,-2.269464042688543,-2.275460446589735,-2.2690955540061606,-2.326730312103244,-2.2517621190243564,-2.278624129204108,E,non-synonymous,-0.02888897889433396,0.012029787657049295,-0.004684107128811535,-0.03739919074976307,0.017390280435367236,-0.006899555272010702,-0.006899555272010702
316,single,gattgggtgagagcgtatacactc,4.0,gcg,1.0,,DWVRAYTL,,False,False,3.0,1.0,1.0,744.0,671.0,943.0,762.0,533.0,541.0,True,False,True,True,False,False,1.0,both,0.00429029896965261,0.0040207904285574185,0.004195099255583127,0.004302144711658002,0.004116135127011293,0.0040166971929974015,-2.3675124429326893,-2.3956885625829867,-2.377257759354446,-2.3663149852973424,-2.3855103763896635,-2.3961309072195767,A,non-synonymous,0.0006040786087160753,0.005166669179578216,-0.009277761325451349,-0.007906133246713036,0.010527161957896158,-0.011493209468650515,-0.007906133246713036
317,single,gattgggtgagagcttatacactc,4.0,gct,1.0,,DWVRAYTL,,False,False,2.0,1.0,1.0,95.0,93.0,137.0,130.0,107.0,90.0,True,False,True,True,False,False,1.0,both,0.0007319407691008389,0.0008071755644571178,0.0006978908188585608,0.0005493329940961159,0.0005704926480060362,0.0005835498573071516,-3.135524061965453,-3.0930319939243494,-3.1562125150216906,-3.2601643155543734,-3.2437499480047203,-3.2339220328004985,A,non-synonymous,-0.06287697264230029,-0.07650771889661111,-0.03820085360533466,-0.07138718449772939,-0.07114722611829316,-0.04041630174853383,-0.07114722611829316
318,single,gattgggtgagagtgtatacactc,4.0,gtg,1.0,,DWVRVYTL,,False,False,3.0,1.0,1.0,574.0,600.0,866.0,627.0,516.0,482.0,True,False,True,True,False,False,1.0,both,0.003530206632509431,0.00389254758186797,0.003737593052109181,0.0033191277748544266,0.0036805977290712013,0.003688716616262725,-2.452199873441573,-2.4097660699823473,-2.427407986222166,-2.4789760284452473,-2.434081646175012,-2.4331247079395584,V,non-synonymous,-0.013507703307350148,-0.012343116515272382,-0.0028102561394109274,-0.02201791516277926,-0.006982623736954439,-0.005025704282610094,-0.006982623736954439
319,single,gattgggtgagagtttatacactc,4.0,gtt,1.0,,DWVRVYTL,,False,False,2.0,1.0,1.0,329.0,330.0,416.0,405.0,269.0,263.0,True,False,True,True,False,False,1.0,both,0.002280277011429537,0.0020292544564389225,0.0020393920595533498,0.001902426895343391,0.0020243287509891608,0.0017719470119691614,-2.642012391057621,-2.692663491607151,-2.6904992759712574,-2.7206920228932465,-2.693718956680768,-2.7515492693301624,V,non-synonymous,-0.03969132696689777,-0.0005357770787840743,-0.03001127693969786,-0.04820153882232688,0.004824715699533869,-0.03222672508289703,-0.03222672508289703
320,single,gattgggtgagatagtatacactc,4.0,tag,1.0,,DWVR*YTL,,True,False,3.0,1.0,1.0,346.0,274.0,413.0,382.0,306.0,306.0,True,False,True,True,False,False,1.0,both,0.002150779798434773,0.0023083712404100756,0.002372828784119107,0.0020007285890237484,0.0016808062962758484,0.0017591685479405375,-2.667404051360581,-2.636694345127979,-2.6247335979794353,-2.6988118220504447,-2.7744823337382676,-2.754692548300504,*,stop,-0.01584420347005568,-0.06994418657185282,-0.06388590455610811,-0.02435441532548479,-0.06458369379353487,-0.06610135269930728,-0.06458369379353487
321,single,gattgggtgagatattatacactc,4.0,tat,1.0,,DWVRYYTL,,False,False,2.0,1.0,1.0,208.0,228.0,324.0,197.0,161.0,179.0,True,False,True,True,False,False,1.0,both,0.0011091717808681943,0.0012145351951177194,0.0013880272952853598,0.0012027501344420222,0.0013986271370470564,0.001380074115091366,-2.9550011881106966,-2.915589895577709,-2.857601993481122,-2.9198245858804595,-2.854298049558202,-2.860097589750293,Y,non-synonymous,0.017745456964284603,0.031113077101711788,-0.001226798344161294,0.009235245108855492,0.03647356988002973,-0.003442246487360461,0.009235245108855492
322,single,gattgggtgagatcgtatacactc,4.0,tcg,1.0,,DWVRSYTL,,False,False,3.0,1.0,1.0,230.0,228.0,345.0,281.0,166.0,193.0,True,False,True,True,False,False,1.0,both,0.0015821181239795057,0.0012522536794381455,0.0014965880893300248,0.0013299640909695438,0.0013986271370470564,0.0014695233632917323,-2.8007610943672097,-2.9023076835695036,-2.8248977154532415,-2.876160084825628,-2.854298049558202,-2.832823504883631,S,non-synonymous,-0.038036349604574755,0.02437073675580262,-0.0038962012684060593,-0.04654656146000387,0.02973122953412056,-0.006111649411605226,-0.006111649411605226
323,single,gattgggtgagatcttatacactc,4.0,tct,1.0,,DWVRSYTL,,False,False,2.0,1.0,1.0,827.0,778.0,1079.0,854.0,705.0,621.0,True,False,True,True,False,False,1.0,both,0.004808287821631665,0.005318306289180076,0.004815446650124069,0.004782088274920925,0.004772508388695657,0.004595987562295012,-2.3180095435832846,-2.27422665461816,-2.3173634242844354,-2.3203824112906744,-2.3212532995689665,-2.3376211552739945,S,non-synonymous,-0.001197034935546761,-0.02387175008113789,-0.009958401982510386,-0.009707246790975873,-0.018511257302819946,-0.012173850125709554,-0.012173850125709554
324,single,gattgggtgagatggtatacactc,4.0,tgg,1.0,,DWVRWYTL,,False,False,2.0,1.0,1.0,1585.0,1666.0,2273.0,1771.0,1383.0,1224.0,True,False,True,True,False,False,1.0,both,0.009971285400596813,0.01043293276302985,0.009491315136476428,0.009165187322550988,0.010219793027721035,0.009681816245687268,-2.001248853082215,-1.9815935915002483,-2.0226736066514728,-2.0378586542894506,-1.9905578994878868,-2.0140431642319343,W,non-synonymous,-0.018468459447614886,-0.004550478141808906,0.004242598292225861,-0.026978671303043995,0.0008100146365090368,0.002027150149026694,0.0008100146365090368
325,single,gattgggtgagatgttatacactc,4.0,tgt,1.0,,DWVRCYTL,,False,False,1.0,1.0,1.0,1605.0,1611.0,2150.0,1688.0,1388.0,1267.0,True,False,True,True,False,False,1.0,both,0.00950396937109397,0.010470651247350277,0.009824751861042183,0.009280836373939642,0.009882404902556175,0.009157899220513695,-2.022094971982653,-1.9800263054907228,-2.007678409577574,-2.03241288410233,-2.0051373561394374,-2.0382041400413,C,non-synonymous,-0.005205052616582986,-0.012746916689208417,-0.015005999187382683,-0.013715264472012097,-0.007386423910890474,-0.01722144733058185,-0.013715264472012097
326,single,gattgggtgagattgtatacactc,4.0,ttg,1.0,,DWVRLYTL,,False,False,3.0,1.0,1.0,974.0,1009.0,1408.0,1052.0,763.0,832.0,True,False,True,True,False,False,1.0,both,0.0059230899161083275,0.005755840707297018,0.0064516129032258064,0.005632108802627546,0.00618953851438807,0.005997359117434084,-2.2274516744545694,-2.2398912336546783,-2.1903316981702914,-2.2493289639646052,-2.208341730321745,-2.222039945150812,L,non-synonymous,-0.011036384269138748,0.01601521561947823,-0.015587306878321416,-0.01954659612456786,0.02137570839779617,-0.017802755021520584,-0.017802755021520584
327,single,gattgggtgagattttatacactc,4.0,ttt,1.0,,DWVRFYTL,,False,False,2.0,1.0,1.0,900.0,915.0,1317.0,944.0,701.0,675.0,True,False,True,True,False,False,1.0,both,0.005315016046393784,0.005288131501723734,0.005234181141439206,0.005204207312489519,0.005612911536833582,0.00560974570856583,-2.2744954199742207,-2.2766977536429,-2.2811512516299906,-2.283645411403896,-2.2508118024922075,-2.2510568249951213,F,non-synonymous,-0.0046158744405196675,0.013140273075578827,0.01479397658196038,-0.013126086295948778,0.018500765853896768,0.012578528438761213,0.012578528438761213
328,single,gattgggtgaggcgttatacactc,3.0,agg,1.0,,DWVRRYTL,,False,False,1.0,0.0,1.0,3469.0,3105.0,4413.0,3427.0,2567.0,2463.0,True,False,True,True,False,False,1.0,both,0.019295084736219808,0.019364669850106743,0.01909894540942928,0.02005932796336238,0.019047093247943465,0.01879712058610555,-1.7145533098424226,-1.7129899029381155,-1.718990612621912,-1.6976836210011612,-1.7201712920460566,-1.7259086725097126,R,synonymous,0.008510211855429111,-0.0036454296537527945,-0.0034008162778597817,0.0,0.0017150631245651483,-0.005616264421058949,0.0
329,single,gattgggtgagtcgttatacactc,3.0,agt,1.0,,DWVSRYTL,,False,False,1.0,1.0,1.0,1036.0,1070.0,1379.0,1100.0,812.0,747.0,True,False,True,True,False,False,1.0,both,0.006193344969314791,0.006125481853637193,0.0057924937965260544,0.00599062086193238,0.006563732616843642,0.005873833965157388,-2.2080747291140645,-2.2128597423683836,-2.2371344226456165,-2.2225281654340066,-2.182849118873446,-2.2310783337810554,S,non-synonymous,-0.007291290685860883,0.015234046668642724,0.0029770840271394912,-0.015801502541289994,0.020594539446960665,0.0007616358839403242,0.0007616358839403242
330,single,gattgggtgatgcgttatacactc,3.0,atg,1.0,,DWVMRYTL,,False,False,2.0,1.0,1.0,1842.0,1708.0,2410.0,1884.0,1377.0,1328.0,True,False,True,True,False,False,1.0,both,0.010607510838353696,0.01038767058184534,0.010297766749379652,0.010651277632895216,0.01047743486875602,0.01026536610299442,-1.974386515815431,-1.9834818313526352,-1.9872569494290167,-1.9725982949823908,-1.9797450302056694,-1.9886255573820368,M,non-synonymous,0.0009020995156852779,0.001896881718366113,-0.0006727874982473946,-0.007608112339743834,0.0072573744966840555,-0.0028882356414465615,-0.0028882356414465615
331,single,gattgggtgcagcgttatacactc,3.0,cag,1.0,,DWVQRYTL,,False,False,3.0,1.0,1.0,1670.0,1540.0,2194.0,1667.0,1199.0,1211.0,True,False,True,True,False,False,1.0,both,0.009385732785316143,0.009044892540038171,0.009390508684863524,0.009656695790952775,0.009446867504616083,0.009345316692933509,-2.027531814444284,-2.0435965885107104,-2.027310881317963,-2.0151714496956377,-2.0247121757221924,-2.029405976718213,Q,non-synonymous,0.006235403842427569,0.009586139580829461,-0.0010299180198487608,-0.0022748080130015422,0.014946632359147404,-0.003245366163047928,-0.0022748080130015422
332,single,gattgggtgcatcgttatacactc,3.0,cat,1.0,,DWVHRYTL,,False,False,3.0,1.0,1.0,288.0,262.0,361.0,279.0,216.0,208.0,True,False,True,True,False,False,1.0,both,0.0015708574967625696,0.0016294385226424061,0.0016129032258064516,0.0016653463399966461,0.0016071943416944244,0.0015376751714443924,-2.803863210998692,-2.787962020458628,-2.792391689498254,-2.77849543308399,-2.7939316052389103,-2.8131353980512475,H,non-synonymous,0.012797222662907434,-0.0030302913616765503,-0.010197301390032974,0.004287010807478323,0.0023302014166413925,-0.01241274953323214,0.0023302014166413925
333,single,gattgggtgccgcgttatacactc,3.0,ccg,1.0,,DWVPRYTL,,False,False,3.0,1.0,1.0,355.0,311.0,473.0,361.0,301.0,288.0,True,False,True,True,False,False,1.0,both,0.002032543212656945,0.0022706527560896494,0.0022332506203473945,0.002052770662148644,0.0019077764895685727,0.002014737828513013,-2.6919602123666317,-2.6438492760157155,-2.6510625367017844,-2.6876595677881268,-2.719472507531818,-2.6957814592190936,P,non-synonymous,0.002169535954241225,-0.03838800078059729,-0.021983163212188857,-0.006340675901187887,-0.03302750800227934,-0.024198611355388023,-0.024198611355388023
334,single,gattgggtgcctcgttatacactc,3.0,cct,1.0,,DWVPRYTL,,False,False,3.0,1.0,1.0,1333.0,1261.0,1781.0,1356.0,1060.0,983.0,True,False,True,True,False,False,1.0,both,0.007634705253082597,0.007996318675930326,0.007622518610421836,0.0077080092750539215,0.007735389560597975,0.007586148144992972,-2.117207724741245,-2.0971099063447887,-2.11790150662888,-2.1130577714293617,-2.111517809985574,-2.1199786804936616,P,non-synonymous,0.002093517088939077,-0.007313765956847063,-0.0010211080571522835,-0.006416694766490034,-0.0019532731785291205,-0.0032365562003514505,-0.0032365562003514505
335,single,gattgggtgcggcgttatacactc,3.0,cgg,1.0,,DWVRRYTL,,False,False,2.0,0.0,1.0,120.0,123.0,218.0,151.0,103.0,122.0,True,False,True,True,False,False,1.0,both,0.0008501773548786667,0.000777000777000777,0.0009460297766749379,0.000693894308331936,0.0007545225344595962,0.0009285683860799932,-3.07049046697912,-3.1095785469043866,-3.024095193786267,-3.1587066747955963,-3.1223277851192575,-3.0321861063523006,R,synonymous,-0.04450222079760836,-0.006471791230453746,-0.003977373368193573,-0.053012432653037476,-0.001111298452135803,-0.00619282151139274,-0.00619282151139274
336,single,gattgggtgcgtcgttatacactc,3.0,cgt,1.0,,DWVRRYTL,,False,False,2.0,0.0,1.0,810.0,830.0,1147.0,933.0,648.0,644.0,True,False,True,True,False,False,1.0,both,0.005253082596700636,0.004888315567927218,0.0049937965260545905,0.0046837865812405675,0.005091493525215161,0.0048856327469438176,-2.27958577052579,-2.3108407657389654,-2.3015691571012034,-2.329402901964571,-2.2931548041825818,-2.3110791820556376,R,synonymous,-0.02513112995521525,0.008977779611117417,-0.004674988102506189,-0.03364134181064436,0.01433827238943536,-0.006890436245705356,-0.006890436245705356
337,single,gattgggtgctgcgttatacactc,3.0,ctg,1.0,,DWVLRYTL,,False,False,3.0,1.0,1.0,2187.0,2186.0,3153.0,2299.0,1791.0,1706.0,True,False,True,True,False,False,1.0,both,0.012944090985867913,0.013510761083576617,0.013228908188585608,0.012646223769349532,0.013409644392916076,0.013430165694083571,-1.8879284430030105,-1.8693201857605273,-1.8784759976295111,-1.8980391378055839,-1.8725827389449716,-1.8719186292090007,L,non-synonymous,-0.005100518188873177,-0.0016561431147585298,0.003223505668651616,-0.013610730044302289,0.003704349663559413,0.001008057525452449,0.001008057525452449
338,single,gattgggtgcttcgttatacactc,3.0,ctt,1.0,,DWVLRYTL,,False,False,3.0,1.0,1.0,1.0,2.0,2.0,4.0,5.0,1.0,True,False,True,True,False,False,2.0,both,2.2521254433871968e-05,3.771848432042607e-05,7.754342431761787e-06,5.7824525694327994e-06,1.2268659096904004e-05,8.518976019082506e-06,-4.647407422944327,-4.42344576727354,-5.110455024461015,-5.237887920843221,-4.911202900894675,-5.069612604292924,L,non-synonymous,-0.2978782940754619,-0.2475961533355405,0.020077531791791788,-0.306388505930891,-0.24223566055722257,0.01786208364859262,-0.24223566055722257
339,single,gattgggtggcgcgttatacactc,3.0,gcg,1.0,,DWVARYTL,,False,False,3.0,1.0,1.0,537.0,487.0,714.0,567.0,418.0,419.0,True,False,True,True,False,False,1.0,both,0.003192387816001351,0.0031532652891876193,0.0032490694789081885,0.003105177029785413,0.002987418490096125,0.0030412744388124547,-2.495884355379383,-2.5012394898345236,-2.4882410014947203,-2.5079136351436655,-2.524703935344021,-2.5169443881807307,A,non-synonymous,-0.0060683821868651395,-0.011911064027237107,-0.014110161845176583,-0.014578594042294252,-0.006550571248919165,-0.01632560998837575,-0.014578594042294252
340,single,gattgggtggctcgttatacactc,3.0,gct,1.0,,DWVARYTL,,False,False,3.0,1.0,1.0,143.0,161.0,240.0,200.0,173.0,159.0,True,False,True,True,False,False,1.0,both,0.0011260627216935983,0.001305059557486742,0.001232940446650124,0.0008268907174288903,0.0009876270573007722,0.0010222771222899007,-2.948437418608308,-2.8843696684807636,-2.909057900140564,-3.082551883378159,-3.005407020526806,-2.9904313582452993,A,non-synonymous,-0.0676564054505442,-0.061441198315302724,-0.04000199266796313,-0.07616661730597331,-0.056080705536984785,-0.0422174408111623,-0.056080705536984785
341,single,gattgggtggtgcgttatacactc,3.0,gtg,1.0,,DWVVRYTL,,False,False,3.0,1.0,1.0,199.0,195.0,249.0,187.0,153.0,171.0,True,False,True,True,False,False,1.0,both,0.0010528686447835145,0.0011541856202050378,0.0013259925558312656,0.001150708061317127,0.0011961942619481403,0.001060612514375772,-2.9776258077357904,-2.93772434079196,-2.8774589140688613,-2.939034844433514,-2.9221982851961377,-2.974443252861169,V,non-synonymous,0.019467891583405235,0.007881364263111656,-0.047676071530397074,0.010957679727976124,0.013241857041429599,-0.049891519673596244,0.010957679727976124
342,single,gattgggtggttcgttatacactc,3.0,gtt,1.0,,DWVVRYTL,,False,False,3.0,1.0,1.0,143.0,116.0,232.0,110.0,103.0,89.0,True,False,True,True,False,False,1.0,both,0.0006193344969314791,0.000777000777000777,0.000690136476426799,0.0008268907174288903,0.0007115822276204323,0.0009882012182135707,-3.2080747291140645,-3.1095785469043866,-3.1610650178161026,-3.082551883378159,-3.147774907331737,-3.0051546150660053,V,non-synonymous,0.06332221180607245,-0.01938930517124073,0.07664325608039556,0.054811999950643335,-0.014028812392922786,0.07442780793719639,0.054811999950643335
343,single,gattgggtgtagcgttatacactc,3.0,tag,1.0,,DWV*RYTL,,True,False,3.0,1.0,1.0,169.0,171.0,273.0,154.0,138.0,131.0,True,False,True,True,False,False,1.0,both,0.0008670682957040707,0.0010410301672437595,0.001015818858560794,0.000977234484234143,0.0010489703527852923,0.0011628402266047621,-3.0619466934358264,-2.9825366852083226,-2.993183728805251,-3.0100012162295475,-2.979236786166502,-2.934479952916149,*,stop,0.026204811488611868,0.0016751006860415724,0.02885791101166145,0.017694599633182755,0.007035593464359515,0.026642462868462283,0.017694599633182755
344,single,gattgggtgtatcgttatacactc,3.0,tat,1.0,,DWVYRYTL,,False,False,3.0,1.0,1.0,1313.0,1170.0,1776.0,1331.0,1093.0,945.0,True,False,True,True,False,False,1.0,both,0.007493947412870897,0.008245260672445139,0.007327853598014888,0.007592360223665265,0.007177165571688842,0.007564850704945266,-2.1252893587976143,-2.083795609659856,-2.1350232159517524,-2.119623194753742,-2.144047034812494,-2.121199638514323,Y,non-synonymous,0.0028583963151134653,-0.030584936790211938,0.006795466927131821,-0.005651815540315646,-0.025224444011893995,0.004580018783932654,-0.005651815540315646
345,single,gattgggtgtcgcgttatacactc,3.0,tcg,1.0,,DWVSRYTL,,False,False,3.0,1.0,1.0,495.0,441.0,639.0,537.0,419.0,366.0,True,False,True,True,False,False,1.0,both,0.0030234784077473116,0.0031608089860517045,0.0028380893300248137,0.0028623140218692355,0.002705239330867333,0.0027218128380968607,-2.519493128572734,-2.5002017486432635,-2.546973939066605,-2.543282721909652,-2.567794307090817,-2.565141741798505,S,non-synonymous,-0.012001079637965584,-0.03431145607543559,-0.008931024053802425,-0.020511291493394694,-0.02895096329711765,-0.011146472197001593,-0.020511291493394694
346,single,gattgggtgtctcgttatacactc,3.0,tct,1.0,,DWVSRYTL,,False,False,3.0,1.0,1.0,1755.0,1874.0,2537.0,1856.0,1510.0,1327.0,True,False,True,True,False,False,1.0,both,0.010449862057316593,0.011390982264768673,0.010290012406947891,0.010148204259354563,0.011495733573799051,0.010806321080206158,-1.9808894423894463,-1.9434388243163894,-1.9875841015965798,-1.9936108000413781,-1.939463310006896,-1.9663221327351745,S,non-synonymous,-0.0064175130748011806,0.0020180577232223854,0.01045207051918202,-0.014927724930230292,0.007378550501540328,0.008236622375982851,0.007378550501540328
347,single,gattgggtgtggcgttatacactc,3.0,tgg,1.0,,DWVWRYTL,,False,False,2.0,1.0,1.0,1677.0,1492.0,2036.0,1521.0,1272.0,1180.0,True,False,True,True,False,False,1.0,both,0.008563706998479815,0.009595582411116391,0.009150124069478908,0.009697172958938804,0.009152419686290388,0.008672317587425992,-2.0673382002192913,-2.017928660297164,-2.03857301715489,-2.0133548582371352,-2.0384640734220056,-2.061864826292184,W,non-synonymous,0.027232848291105245,-0.010424223340660241,-0.011449910081668412,0.018722636435676135,-0.005063730562342298,-0.013665358224867578,-0.005063730562342298
348,single,gattgggtgtgtcgttatacactc,3.0,tgt,1.0,,DWVCRYTL,,False,False,2.0,1.0,1.0,630.0,660.0,928.0,701.0,486.0,540.0,True,False,True,True,False,False,1.0,both,0.003946849839536062,0.003666236675945414,0.004187344913151364,0.0036429451187426636,0.0040486575019783215,0.003952804872854283,-2.403749396305631,-2.4357795023472657,-2.378061264638047,-2.4385473713896393,-2.3926889610167867,-2.4030946237380433,C,non-synonymous,-0.017554451827263715,0.02187369808282462,-0.012306030375207376,-0.026064663682692828,0.027234190861142562,-0.014521478518406544,-0.014521478518406544
349,single,gattgggtgttgcgttatacactc,3.0,ttg,1.0,,DWVLRYTL,,False,False,3.0,1.0,1.0,62.0,72.0,78.0,57.0,53.0,57.0,True,False,True,True,False,False,1.0,both,0.0003209278756826755,0.00039981593379651633,0.0004419975186104218,0.00035851205930483357,0.00044167172748854416,0.0003322400647442177,-3.493592558599798,-3.39813990200877,-3.354580168788524,-3.445496231344967,-3.354900400127387,-3.478547997266425,L,non-synonymous,0.024263039956346506,0.021949313705560428,-0.06094075735915823,0.015752828100917396,0.02730980648387837,-0.0631562055023574,0.015752828100917396
350,single,gattgggtgtttcgttatacactc,3.0,ttt,1.0,,DWVFRYTL,,False,False,3.0,1.0,1.0,800.0,768.0,1030.0,761.0,595.0,608.0,True,False,True,True,False,False,1.0,both,0.004284668656044142,0.004488499634130702,0.004714640198511167,0.0046259620555462394,0.004711165093211137,0.004387272649827491,-2.3680827575017167,-2.3478988058810093,-2.3265514451882803,-2.334797933851277,-2.3268716765271433,-2.357805375251733,F,non-synonymous,0.016791115918096178,0.010673829217124169,-0.015363971377916763,0.008280904062667066,0.01603432199544211,-0.01757941952111593,0.008280904062667066
351,ortho,gattgggttaaaagatgtattttg,2.0,gtt,1.0,,DWVKRCIL,,False,False,9.0,3.0,6.0,177.0,145.0,173.0,173.0,108.0,119.0,True,False,True,True,False,False,1.0,both,0.0009740442542649626,0.0008147192613212031,0.0009227667493796526,0.0010234941047896054,0.0008894777845255403,0.0007368914256506367,-3.011421311143494,-3.088992016122609,-3.034908063068485,-2.9899146544814146,-3.0508648943236807,-3.1325964968281097,V,synonymous,0.010849411996776819,0.01935415813416471,-0.0480221942389091,0.0023392001413477075,0.024714650912482653,-0.05023764238210827,0.0023392001413477075
352,ortho,gattgggttaaaagatgtattttg,3.0,aaa,2.0,,DWVKRCIL,,False,False,9.0,3.0,6.0,177.0,145.0,173.0,173.0,108.0,119.0,True,False,True,True,False,False,1.0,both,0.0009740442542649626,0.0008147192613212031,0.0009227667493796526,0.0010234941047896054,0.0008894777845255403,0.0007368914256506367,-3.011421311143494,-3.088992016122609,-3.034908063068485,-2.9899146544814146,-3.0508648943236807,-3.1325964968281097,K,non-synonymous,0.010849411996776819,0.01935415813416471,-0.0480221942389091,0.0023392001413477075,0.024714650912482653,-0.05023764238210827,0.0023392001413477075
353,ortho,gattgggttaaaagatgtattttg,4.0,aga,3.0,,DWVKRCIL,,False,False,9.0,3.0,6.0,177.0,145.0,173.0,173.0,108.0,119.0,True,False,True,True,False,False,1.0,both,0.0009740442542649626,0.0008147192613212031,0.0009227667493796526,0.0010234941047896054,0.0008894777845255403,0.0007368914256506367,-3.011421311143494,-3.088992016122609,-3.034908063068485,-2.9899146544814146,-3.0508648943236807,-3.1325964968281097,R,synonymous,0.010849411996776819,0.01935415813416471,-0.0480221942389091,0.0023392001413477075,0.024714650912482653,-0.05023764238210827,0.0023392001413477075
354,ortho,gattgggttaaaagatgtattttg,5.0,tgt,4.0,,DWVKRCIL,,False,False,9.0,3.0,6.0,177.0,145.0,173.0,173.0,108.0,119.0,True,False,True,True,False,False,1.0,both,0.0009740442542649626,0.0008147192613212031,0.0009227667493796526,0.0010234941047896054,0.0008894777845255403,0.0007368914256506367,-3.011421311143494,-3.088992016122609,-3.034908063068485,-2.9899146544814146,-3.0508648943236807,-3.1325964968281097,C,non-synonymous,0.010849411996776819,0.01935415813416471,-0.0480221942389091,0.0023392001413477075,0.024714650912482653,-0.05023764238210827,0.0023392001413477075
355,ortho,gattgggttaaaagatgtattttg,6.0,att,5.0,,DWVKRCIL,,False,False,9.0,3.0,6.0,177.0,145.0,173.0,173.0,108.0,119.0,True,False,True,True,False,False,1.0,both,0.0009740442542649626,0.0008147192613212031,0.0009227667493796526,0.0010234941047896054,0.0008894777845255403,0.0007368914256506367,-3.011421311143494,-3.088992016122609,-3.034908063068485,-2.9899146544814146,-3.0508648943236807,-3.1325964968281097,I,non-synonymous,0.010849411996776819,0.01935415813416471,-0.0480221942389091,0.0023392001413477075,0.024714650912482653,-0.05023764238210827,0.0023392001413477075
356,ortho,gattgggttaaaagatgtattttg,7.0,ttg,6.0,,DWVKRCIL,,False,False,9.0,3.0,6.0,177.0,145.0,173.0,173.0,108.0,119.0,True,False,True,True,False,False,1.0,both,0.0009740442542649626,0.0008147192613212031,0.0009227667493796526,0.0010234941047896054,0.0008894777845255403,0.0007368914256506367,-3.011421311143494,-3.088992016122609,-3.034908063068485,-2.9899146544814146,-3.0508648943236807,-3.1325964968281097,L,synonymous,0.010849411996776819,0.01935415813416471,-0.0480221942389091,0.0023392001413477075,0.024714650912482653,-0.05023764238210827,0.0023392001413477075
357,ortho,gattgggttaatagatgtattatt,2.0,gtt,1.0,,DWVNRCII,,False,False,10.0,4.0,6.0,604.0,557.0,858.0,700.0,430.0,456.0,True,False,True,True,False,False,1.0,both,0.003941219525927594,0.003243789651556642,0.0035359801488833746,0.0034926013519374108,0.003416821558487765,0.003654640712186395,-2.4043693742580325,-2.4889473160299724,-2.4514901817965806,-2.456850982222089,-2.4663777013849266,-2.4371553121082,V,synonymous,-0.02647527209839723,0.011456828374588994,0.007046810661933072,-0.03498548395382634,0.016817321152906937,0.004831362518733905,0.004831362518733905
358,ortho,gattgggttaatagatgtattatt,3.0,aat,2.0,,DWVNRCII,,False,False,10.0,4.0,6.0,604.0,557.0,858.0,700.0,430.0,456.0,True,False,True,True,False,False,1.0,both,0.003941219525927594,0.003243789651556642,0.0035359801488833746,0.0034926013519374108,0.003416821558487765,0.003654640712186395,-2.4043693742580325,-2.4889473160299724,-2.4514901817965806,-2.456850982222089,-2.4663777013849266,-2.4371553121082,N,non-synonymous,-0.02647527209839723,0.011456828374588994,0.007046810661933072,-0.03498548395382634,0.016817321152906937,0.004831362518733905,0.004831362518733905
359,ortho,gattgggttaatagatgtattatt,4.0,aga,3.0,,DWVNRCII,,False,False,10.0,4.0,6.0,604.0,557.0,858.0,700.0,430.0,456.0,True,False,True,True,False,False,1.0,both,0.003941219525927594,0.003243789651556642,0.0035359801488833746,0.0034926013519374108,0.003416821558487765,0.003654640712186395,-2.4043693742580325,-2.4889473160299724,-2.4514901817965806,-2.456850982222089,-2.4663777013849266,-2.4371553121082,R,synonymous,-0.02647527209839723,0.011456828374588994,0.007046810661933072,-0.03498548395382634,0.016817321152906937,0.004831362518733905,0.004831362518733905
360,ortho,gattgggttaatagatgtattatt,5.0,tgt,4.0,,DWVNRCII,,False,False,10.0,4.0,6.0,604.0,557.0,858.0,700.0,430.0,456.0,True,False,True,True,False,False,1.0,both,0.003941219525927594,0.003243789651556642,0.0035359801488833746,0.0034926013519374108,0.003416821558487765,0.003654640712186395,-2.4043693742580325,-2.4889473160299724,-2.4514901817965806,-2.456850982222089,-2.4663777013849266,-2.4371553121082,C,non-synonymous,-0.02647527209839723,0.011456828374588994,0.007046810661933072,-0.03498548395382634,0.016817321152906937,0.004831362518733905,0.004831362518733905
361,ortho,gattgggttaatagatgtattatt,6.0,att,5.0,,DWVNRCII,,False,False,10.0,4.0,6.0,604.0,557.0,858.0,700.0,430.0,456.0,True,False,True,True,False,False,1.0,both,0.003941219525927594,0.003243789651556642,0.0035359801488833746,0.0034926013519374108,0.003416821558487765,0.003654640712186395,-2.4043693742580325,-2.4889473160299724,-2.4514901817965806,-2.456850982222089,-2.4663777013849266,-2.4371553121082,I,non-synonymous,-0.02647527209839723,0.011456828374588994,0.007046810661933072,-0.03498548395382634,0.016817321152906937,0.004831362518733905,0.004831362518733905
362,ortho,gattgggttaatagatgtattatt,7.0,att,6.0,,DWVNRCII,,False,False,10.0,4.0,6.0,604.0,557.0,858.0,700.0,430.0,456.0,True,False,True,True,False,False,1.0,both,0.003941219525927594,0.003243789651556642,0.0035359801488833746,0.0034926013519374108,0.003416821558487765,0.003654640712186395,-2.4043693742580325,-2.4889473160299724,-2.4514901817965806,-2.456850982222089,-2.4663777013849266,-2.4371553121082,I,non-synonymous,-0.02647527209839723,0.011456828374588994,0.007046810661933072,-0.03498548395382634,0.016817321152906937,0.004831362518733905,0.004831362518733905
363,ortho,gattgggttaatagatgtattgct,2.0,gtt,1.0,,DWVNRCIA,,False,False,11.0,4.0,6.0,291.0,230.0,351.0,359.0,206.0,231.0,True,False,True,True,False,False,1.0,both,0.002021282585440009,0.001554001554001554,0.0017912531017369726,0.0016826936977049447,0.0014108957961439606,0.0014950802913489799,-2.6943729656939706,-2.8085485512404054,-2.746843044568871,-2.7739949318573136,-2.8505050605410625,-2.8253354834910813,V,synonymous,-0.04016670412666522,-0.021298038704439814,-0.03858572610021686,-0.04867691598209433,-0.01593754592612187,-0.04080117424341603,-0.04080117424341603
364,ortho,gattgggttaatagatgtattgct,3.0,aat,2.0,,DWVNRCIA,,False,False,11.0,4.0,6.0,291.0,230.0,351.0,359.0,206.0,231.0,True,False,True,True,False,False,1.0,both,0.002021282585440009,0.001554001554001554,0.0017912531017369726,0.0016826936977049447,0.0014108957961439606,0.0014950802913489799,-2.6943729656939706,-2.8085485512404054,-2.746843044568871,-2.7739949318573136,-2.8505050605410625,-2.8253354834910813,N,non-synonymous,-0.04016670412666522,-0.021298038704439814,-0.03858572610021686,-0.04867691598209433,-0.01593754592612187,-0.04080117424341603,-0.04080117424341603
365,ortho,gattgggttaatagatgtattgct,4.0,aga,3.0,,DWVNRCIA,,False,False,11.0,4.0,6.0,291.0,230.0,351.0,359.0,206.0,231.0,True,False,True,True,False,False,1.0,both,0.002021282585440009,0.001554001554001554,0.0017912531017369726,0.0016826936977049447,0.0014108957961439606,0.0014950802913489799,-2.6943729656939706,-2.8085485512404054,-2.746843044568871,-2.7739949318573136,-2.8505050605410625,-2.8253354834910813,R,synonymous,-0.04016670412666522,-0.021298038704439814,-0.03858572610021686,-0.04867691598209433,-0.01593754592612187,-0.04080117424341603,-0.04080117424341603
366,ortho,gattgggttaatagatgtattgct,5.0,tgt,4.0,,DWVNRCIA,,False,False,11.0,4.0,6.0,291.0,230.0,351.0,359.0,206.0,231.0,True,False,True,True,False,False,1.0,both,0.002021282585440009,0.001554001554001554,0.0017912531017369726,0.0016826936977049447,0.0014108957961439606,0.0014950802913489799,-2.6943729656939706,-2.8085485512404054,-2.746843044568871,-2.7739949318573136,-2.8505050605410625,-2.8253354834910813,C,non-synonymous,-0.04016670412666522,-0.021298038704439814,-0.03858572610021686,-0.04867691598209433,-0.01593754592612187,-0.04080117424341603,-0.04080117424341603
367,ortho,gattgggttaatagatgtattgct,6.0,att,5.0,,DWVNRCIA,,False,False,11.0,4.0,6.0,291.0,230.0,351.0,359.0,206.0,231.0,True,False,True,True,False,False,1.0,both,0.002021282585440009,0.001554001554001554,0.0017912531017369726,0.0016826936977049447,0.0014108957961439606,0.0014950802913489799,-2.6943729656939706,-2.8085485512404054,-2.746843044568871,-2.7739949318573136,-2.8505050605410625,-2.8253354834910813,I,non-synonymous,-0.04016670412666522,-0.021298038704439814,-0.03858572610021686,-0.04867691598209433,-0.01593754592612187,-0.04080117424341603,-0.04080117424341603
368,ortho,gattgggttaatagatgtattgct,7.0,gct,6.0,,DWVNRCIA,,False,False,11.0,4.0,6.0,291.0,230.0,351.0,359.0,206.0,231.0,True,False,True,True,False,False,1.0,both,0.002021282585440009,0.001554001554001554,0.0017912531017369726,0.0016826936977049447,0.0014108957961439606,0.0014950802913489799,-2.6943729656939706,-2.8085485512404054,-2.746843044568871,-2.7739949318573136,-2.8505050605410625,-2.8253354834910813,A,non-synonymous,-0.04016670412666522,-0.021298038704439814,-0.03858572610021686,-0.04867691598209433,-0.01593754592612187,-0.04080117424341603,-0.04080117424341603
369,ortho,gattgggttaatagatgtattttg,2.0,gtt,1.0,,DWVNRCIL,,False,False,10.0,3.0,6.0,560.0,490.0,738.0,572.0,370.0,442.0,True,False,True,True,False,False,1.0,both,0.003220539384043691,0.002791167839711529,0.0034274193548387098,0.0032381734388823675,0.003005821478741481,0.003143502151041445,-2.4920713854792655,-2.554214047542564,-2.4650327551119235,-2.4896998938370207,-2.5220368165301417,-2.5025862381338637,V,synonymous,0.0011963407552319496,0.0163338638730256,-0.018460738765294173,-0.007313871100197162,0.021694356651343543,-0.02067618690849334,-0.007313871100197162
370,ortho,gattgggttaatagatgtattttg,3.0,aat,2.0,,DWVNRCIL,,False,False,10.0,3.0,6.0,560.0,490.0,738.0,572.0,370.0,442.0,True,False,True,True,False,False,1.0,both,0.003220539384043691,0.002791167839711529,0.0034274193548387098,0.0032381734388823675,0.003005821478741481,0.003143502151041445,-2.4920713854792655,-2.554214047542564,-2.4650327551119235,-2.4896998938370207,-2.5220368165301417,-2.5025862381338637,N,non-synonymous,0.0011963407552319496,0.0163338638730256,-0.018460738765294173,-0.007313871100197162,0.021694356651343543,-0.02067618690849334,-0.007313871100197162
371,ortho,gattgggttaatagatgtattttg,4.0,aga,3.0,,DWVNRCIL,,False,False,10.0,3.0,6.0,560.0,490.0,738.0,572.0,370.0,442.0,True,False,True,True,False,False,1.0,both,0.003220539384043691,0.002791167839711529,0.0034274193548387098,0.0032381734388823675,0.003005821478741481,0.003143502151041445,-2.4920713854792655,-2.554214047542564,-2.4650327551119235,-2.4896998938370207,-2.5220368165301417,-2.5025862381338637,R,synonymous,0.0011963407552319496,0.0163338638730256,-0.018460738765294173,-0.007313871100197162,0.021694356651343543,-0.02067618690849334,-0.007313871100197162
372,ortho,gattgggttaatagatgtattttg,5.0,tgt,4.0,,DWVNRCIL,,False,False,10.0,3.0,6.0,560.0,490.0,738.0,572.0,370.0,442.0,True,False,True,True,False,False,1.0,both,0.003220539384043691,0.002791167839711529,0.0034274193548387098,0.0032381734388823675,0.003005821478741481,0.003143502151041445,-2.4920713854792655,-2.554214047542564,-2.4650327551119235,-2.4896998938370207,-2.5220368165301417,-2.5025862381338637,C,non-synonymous,0.0011963407552319496,0.0163338638730256,-0.018460738765294173,-0.007313871100197162,0.021694356651343543,-0.02067618690849334,-0.007313871100197162
373,ortho,gattgggttaatagatgtattttg,6.0,att,5.0,,DWVNRCIL,,False,False,10.0,3.0,6.0,560.0,490.0,738.0,572.0,370.0,442.0,True,False,True,True,False,False,1.0,both,0.003220539384043691,0.002791167839711529,0.0034274193548387098,0.0032381734388823675,0.003005821478741481,0.003143502151041445,-2.4920713854792655,-2.554214047542564,-2.4650327551119235,-2.4896998938370207,-2.5220368165301417,-2.5025862381338637,I,non-synonymous,0.0011963407552319496,0.0163338638730256,-0.018460738765294173,-0.007313871100197162,0.021694356651343543,-0.02067618690849334,-0.007313871100197162
374,ortho,gattgggttaatagatgtattttg,7.0,ttg,6.0,,DWVNRCIL,,False,False,10.0,3.0,6.0,560.0,490.0,738.0,572.0,370.0,442.0,True,False,True,True,False,False,1.0,both,0.003220539384043691,0.002791167839711529,0.0034274193548387098,0.0032381734388823675,0.003005821478741481,0.003143502151041445,-2.4920713854792655,-2.554214047542564,-2.4650327551119235,-2.4896998938370207,-2.5220368165301417,-2.5025862381338637,L,synonymous,0.0011963407552319496,0.0163338638730256,-0.018460738765294173,-0.007313871100197162,0.021694356651343543,-0.02067618690849334,-0.007313871100197162
375,ortho,gattgggttaatagatgtgttatt,2.0,gtt,1.0,,DWVNRCVI,,False,False,11.0,4.0,6.0,1041.0,874.0,1444.0,1183.0,753.0,734.0,True,False,True,True,False,False,1.0,both,0.006660660998817634,0.005680403738656165,0.005691687344913151,0.006019533124779544,0.005361404025347049,0.0061507006857775695,-2.176482669644359,-2.2456207954088585,-2.244758964544945,-2.220437191332685,-2.2707214639242523,-2.211075406723285,V,synonymous,-0.022173633141162965,-0.012741646492021358,0.016558340574376426,-0.030683844996592075,-0.0073811537137034155,0.01434289243117726,-0.0073811537137034155
376,ortho,gattgggttaatagatgtgttatt,3.0,aat,2.0,,DWVNRCVI,,False,False,11.0,4.0,6.0,1041.0,874.0,1444.0,1183.0,753.0,734.0,True,False,True,True,False,False,1.0,both,0.006660660998817634,0.005680403738656165,0.005691687344913151,0.006019533124779544,0.005361404025347049,0.0061507006857775695,-2.176482669644359,-2.2456207954088585,-2.244758964544945,-2.220437191332685,-2.2707214639242523,-2.211075406723285,N,non-synonymous,-0.022173633141162965,-0.012741646492021358,0.016558340574376426,-0.030683844996592075,-0.0073811537137034155,0.01434289243117726,-0.0073811537137034155
377,ortho,gattgggttaatagatgtgttatt,4.0,aga,3.0,,DWVNRCVI,,False,False,11.0,4.0,6.0,1041.0,874.0,1444.0,1183.0,753.0,734.0,True,False,True,True,False,False,1.0,both,0.006660660998817634,0.005680403738656165,0.005691687344913151,0.006019533124779544,0.005361404025347049,0.0061507006857775695,-2.176482669644359,-2.2456207954088585,-2.244758964544945,-2.220437191332685,-2.2707214639242523,-2.211075406723285,R,synonymous,-0.022173633141162965,-0.012741646492021358,0.016558340574376426,-0.030683844996592075,-0.0073811537137034155,0.01434289243117726,-0.0073811537137034155
378,ortho,gattgggttaatagatgtgttatt,5.0,tgt,4.0,,DWVNRCVI,,False,False,11.0,4.0,6.0,1041.0,874.0,1444.0,1183.0,753.0,734.0,True,False,True,True,False,False,1.0,both,0.006660660998817634,0.005680403738656165,0.005691687344913151,0.006019533124779544,0.005361404025347049,0.0061507006857775695,-2.176482669644359,-2.2456207954088585,-2.244758964544945,-2.220437191332685,-2.2707214639242523,-2.211075406723285,C,non-synonymous,-0.022173633141162965,-0.012741646492021358,0.016558340574376426,-0.030683844996592075,-0.0073811537137034155,0.01434289243117726,-0.0073811537137034155
379,ortho,gattgggttaatagatgtgttatt,6.0,gtt,5.0,,DWVNRCVI,,False,False,11.0,4.0,6.0,1041.0,874.0,1444.0,1183.0,753.0,734.0,True,False,True,True,False,False,1.0,both,0.006660660998817634,0.005680403738656165,0.005691687344913151,0.006019533124779544,0.005361404025347049,0.0061507006857775695,-2.176482669644359,-2.2456207954088585,-2.244758964544945,-2.220437191332685,-2.2707214639242523,-2.211075406723285,V,non-synonymous,-0.022173633141162965,-0.012741646492021358,0.016558340574376426,-0.030683844996592075,-0.0073811537137034155,0.01434289243117726,-0.0073811537137034155
380,ortho,gattgggttaatagatgtgttatt,7.0,att,6.0,,DWVNRCVI,,False,False,11.0,4.0,6.0,1041.0,874.0,1444.0,1183.0,753.0,734.0,True,False,True,True,False,False,1.0,both,0.006660660998817634,0.005680403738656165,0.005691687344913151,0.006019533124779544,0.005361404025347049,0.0061507006857775695,-2.176482669644359,-2.2456207954088585,-2.244758964544945,-2.220437191332685,-2.2707214639242523,-2.211075406723285,I,non-synonymous,-0.022173633141162965,-0.012741646492021358,0.016558340574376426,-0.030683844996592075,-0.0073811537137034155,0.01434289243117726,-0.0073811537137034155
381,ortho,gattgggttactagatctattgtt,2.0,gtt,1.0,,DWVTRSIV,,False,False,10.0,4.0,6.0,1314.0,1124.0,1788.0,1385.0,961.0,925.0,True,False,True,True,False,False,1.0,both,0.007797984347728168,0.007249492686385891,0.007172766749379653,0.007598142676234698,0.00689498641246005,0.0076159645610597605,-2.108017640871822,-2.1396923839410134,-2.144313291721983,-2.119292555619459,-2.161466585325613,-2.1182750854970065,V,synonymous,-0.0056878294589288725,-0.011053059264875703,0.012799998411740222,-0.014198041314357984,-0.005692566486557761,0.010584550268541056,-0.005692566486557761
382,ortho,gattgggttactagatctattgtt,3.0,act,2.0,,DWVTRSIV,,False,False,10.0,4.0,6.0,1314.0,1124.0,1788.0,1385.0,961.0,925.0,True,False,True,True,False,False,1.0,both,0.007797984347728168,0.007249492686385891,0.007172766749379653,0.007598142676234698,0.00689498641246005,0.0076159645610597605,-2.108017640871822,-2.1396923839410134,-2.144313291721983,-2.119292555619459,-2.161466585325613,-2.1182750854970065,T,non-synonymous,-0.0056878294589288725,-0.011053059264875703,0.012799998411740222,-0.014198041314357984,-0.005692566486557761,0.010584550268541056,-0.005692566486557761
383,ortho,gattgggttactagatctattgtt,4.0,aga,3.0,,DWVTRSIV,,False,False,10.0,4.0,6.0,1314.0,1124.0,1788.0,1385.0,961.0,925.0,True,False,True,True,False,False,1.0,both,0.007797984347728168,0.007249492686385891,0.007172766749379653,0.007598142676234698,0.00689498641246005,0.0076159645610597605,-2.108017640871822,-2.1396923839410134,-2.144313291721983,-2.119292555619459,-2.161466585325613,-2.1182750854970065,R,synonymous,-0.0056878294589288725,-0.011053059264875703,0.012799998411740222,-0.014198041314357984,-0.005692566486557761,0.010584550268541056,-0.005692566486557761
384,ortho,gattgggttactagatctattgtt,5.0,tct,4.0,,DWVTRSIV,,False,False,10.0,4.0,6.0,1314.0,1124.0,1788.0,1385.0,961.0,925.0,True,False,True,True,False,False,1.0,both,0.007797984347728168,0.007249492686385891,0.007172766749379653,0.007598142676234698,0.00689498641246005,0.0076159645610597605,-2.108017640871822,-2.1396923839410134,-2.144313291721983,-2.119292555619459,-2.161466585325613,-2.1182750854970065,S,non-synonymous,-0.0056878294589288725,-0.011053059264875703,0.012799998411740222,-0.014198041314357984,-0.005692566486557761,0.010584550268541056,-0.005692566486557761
385,ortho,gattgggttactagatctattgtt,6.0,att,5.0,,DWVTRSIV,,False,False,10.0,4.0,6.0,1314.0,1124.0,1788.0,1385.0,961.0,925.0,True,False,True,True,False,False,1.0,both,0.007797984347728168,0.007249492686385891,0.007172766749379653,0.007598142676234698,0.00689498641246005,0.0076159645610597605,-2.108017640871822,-2.1396923839410134,-2.144313291721983,-2.119292555619459,-2.161466585325613,-2.1182750854970065,I,non-synonymous,-0.0056878294589288725,-0.011053059264875703,0.012799998411740222,-0.014198041314357984,-0.005692566486557761,0.010584550268541056,-0.005692566486557761
386,ortho,gattgggttactagatctattgtt,7.0,gtt,6.0,,DWVTRSIV,,False,False,10.0,4.0,6.0,1314.0,1124.0,1788.0,1385.0,961.0,925.0,True,False,True,True,False,False,1.0,both,0.007797984347728168,0.007249492686385891,0.007172766749379653,0.007598142676234698,0.00689498641246005,0.0076159645610597605,-2.108017640871822,-2.1396923839410134,-2.144313291721983,-2.119292555619459,-2.161466585325613,-2.1182750854970065,V,non-synonymous,-0.0056878294589288725,-0.011053059264875703,0.012799998411740222,-0.014198041314357984,-0.005692566486557761,0.010584550268541056,-0.005692566486557761
387,ortho,gattgggttagaagatatactttg,2.0,gtt,1.0,,DWVRRYTL,,False,False,6.0,0.0,4.0,434.0,340.0,644.0,482.0,232.0,329.0,True,False,True,True,False,False,1.0,both,0.002713811159281572,0.0017501376724677695,0.0025511786600496277,0.002509584415133835,0.0020856720464736806,0.002743110278144567,-2.56642037603344,-2.7569277867186592,-2.593259126511041,-2.60039819133071,-2.6807539795164006,-2.561756732597093,V,synonymous,-0.017140707767955822,0.03866748500054159,0.015486112544794324,-0.025650919623384935,0.04402797777885953,0.013270664401595158,0.013270664401595158
388,ortho,gattgggttagaagatatactttg,4.0,aga,2.0,,DWVRRYTL,,False,False,6.0,0.0,4.0,434.0,340.0,644.0,482.0,232.0,329.0,True,False,True,True,False,False,1.0,both,0.002713811159281572,0.0017501376724677695,0.0025511786600496277,0.002509584415133835,0.0020856720464736806,0.002743110278144567,-2.56642037603344,-2.7569277867186592,-2.593259126511041,-2.60039819133071,-2.6807539795164006,-2.561756732597093,R,synonymous,-0.017140707767955822,0.03866748500054159,0.015486112544794324,-0.025650919623384935,0.04402797777885953,0.013270664401595158,0.013270664401595158
389,ortho,gattgggttagaagatatactttg,6.0,act,3.0,,DWVRRYTL,,False,False,6.0,0.0,4.0,434.0,340.0,644.0,482.0,232.0,329.0,True,False,True,True,False,False,1.0,both,0.002713811159281572,0.0017501376724677695,0.0025511786600496277,0.002509584415133835,0.0020856720464736806,0.002743110278144567,-2.56642037603344,-2.7569277867186592,-2.593259126511041,-2.60039819133071,-2.6807539795164006,-2.561756732597093,T,synonymous,-0.017140707767955822,0.03866748500054159,0.015486112544794324,-0.025650919623384935,0.04402797777885953,0.013270664401595158,0.013270664401595158
390,ortho,gattgggttagaagatatactttg,7.0,ttg,4.0,,DWVRRYTL,,False,False,6.0,0.0,4.0,434.0,340.0,644.0,482.0,232.0,329.0,True,False,True,True,False,False,1.0,both,0.002713811159281572,0.0017501376724677695,0.0025511786600496277,0.002509584415133835,0.0020856720464736806,0.002743110278144567,-2.56642037603344,-2.7569277867186592,-2.593259126511041,-2.60039819133071,-2.6807539795164006,-2.561756732597093,L,synonymous,-0.017140707767955822,0.03866748500054159,0.015486112544794324,-0.025650919623384935,0.04402797777885953,0.013270664401595158,0.013270664401595158
391,ortho,gattgggttagaagatgtattttg,2.0,gtt,1.0,,DWVRRCIL,,False,False,8.0,2.0,5.0,586.0,469.0,694.0,551.0,363.0,436.0,True,False,True,True,False,False,1.0,both,0.0031023027982658635,0.0027383619616629324,0.003380893300248139,0.0033885172056876203,0.002877000558223989,0.0029560846786216297,-2.5083158154205045,-2.562509146573446,-2.4709685351924295,-2.46999030482513,-2.541060053843572,-2.5292831295020504,V,synonymous,0.01933397928694316,0.01088802702489891,-0.028666595083206327,0.01082376743151405,0.016248519803216854,-0.030882043226405493,0.01082376743151405
392,ortho,gattgggttagaagatgtattttg,4.0,aga,2.0,,DWVRRCIL,,False,False,8.0,2.0,5.0,586.0,469.0,694.0,551.0,363.0,436.0,True,False,True,True,False,False,1.0,both,0.0031023027982658635,0.0027383619616629324,0.003380893300248139,0.0033885172056876203,0.002877000558223989,0.0029560846786216297,-2.5083158154205045,-2.562509146573446,-2.4709685351924295,-2.46999030482513,-2.541060053843572,-2.5292831295020504,R,synonymous,0.01933397928694316,0.01088802702489891,-0.028666595083206327,0.01082376743151405,0.016248519803216854,-0.030882043226405493,0.01082376743151405
393,ortho,gattgggttagaagatgtattttg,5.0,tgt,3.0,,DWVRRCIL,,False,False,8.0,2.0,5.0,586.0,469.0,694.0,551.0,363.0,436.0,True,False,True,True,False,False,1.0,both,0.0031023027982658635,0.0027383619616629324,0.003380893300248139,0.0033885172056876203,0.002877000558223989,0.0029560846786216297,-2.5083158154205045,-2.562509146573446,-2.4709685351924295,-2.46999030482513,-2.541060053843572,-2.5292831295020504,C,non-synonymous,0.01933397928694316,0.01088802702489891,-0.028666595083206327,0.01082376743151405,0.016248519803216854,-0.030882043226405493,0.01082376743151405
394,ortho,gattgggttagaagatgtattttg,6.0,att,4.0,,DWVRRCIL,,False,False,8.0,2.0,5.0,586.0,469.0,694.0,551.0,363.0,436.0,True,False,True,True,False,False,1.0,both,0.0031023027982658635,0.0027383619616629324,0.003380893300248139,0.0033885172056876203,0.002877000558223989,0.0029560846786216297,-2.5083158154205045,-2.562509146573446,-2.4709685351924295,-2.46999030482513,-2.541060053843572,-2.5292831295020504,I,non-synonymous,0.01933397928694316,0.01088802702489891,-0.028666595083206327,0.01082376743151405,0.016248519803216854,-0.030882043226405493,0.01082376743151405
395,ortho,gattgggttagaagatgtattttg,7.0,ttg,5.0,,DWVRRCIL,,False,False,8.0,2.0,5.0,586.0,469.0,694.0,551.0,363.0,436.0,True,False,True,True,False,False,1.0,both,0.0031023027982658635,0.0027383619616629324,0.003380893300248139,0.0033885172056876203,0.002877000558223989,0.0029560846786216297,-2.5083158154205045,-2.562509146573446,-2.4709685351924295,-2.46999030482513,-2.541060053843572,-2.5292831295020504,L,synonymous,0.01933397928694316,0.01088802702489891,-0.028666595083206327,0.01082376743151405,0.016248519803216854,-0.030882043226405493,0.01082376743151405
396,ortho,gattgggttagaagatttactttg,2.0,gtt,1.0,,DWVRRFTL,,False,False,7.0,1.0,5.0,1209.0,1101.0,1792.0,1386.0,859.0,944.0,True,False,True,True,False,False,1.0,both,0.007803614661336637,0.006480035606249199,0.007320099255583127,0.006990985156444254,0.006753896832845654,0.007633002513097926,-2.1077041839965016,-2.1884226077783167,-2.1354830301629466,-2.1554616199824492,-2.1704455775869036,-2.1173045946307987,V,synonymous,-0.024092080282976533,0.009125532395079313,0.008936250981690737,-0.032602292138405646,0.014486025173397256,0.00672080283849157,0.00672080283849157
397,ortho,gattgggttagaagatttactttg,4.0,aga,2.0,,DWVRRFTL,,False,False,7.0,1.0,5.0,1209.0,1101.0,1792.0,1386.0,859.0,944.0,True,False,True,True,False,False,1.0,both,0.007803614661336637,0.006480035606249199,0.007320099255583127,0.006990985156444254,0.006753896832845654,0.007633002513097926,-2.1077041839965016,-2.1884226077783167,-2.1354830301629466,-2.1554616199824492,-2.1704455775869036,-2.1173045946307987,R,synonymous,-0.024092080282976533,0.009125532395079313,0.008936250981690737,-0.032602292138405646,0.014486025173397256,0.00672080283849157,0.00672080283849157
398,ortho,gattgggttagaagatttactttg,5.0,ttt,3.0,,DWVRRFTL,,False,False,7.0,1.0,5.0,1209.0,1101.0,1792.0,1386.0,859.0,944.0,True,False,True,True,False,False,1.0,both,0.007803614661336637,0.006480035606249199,0.007320099255583127,0.006990985156444254,0.006753896832845654,0.007633002513097926,-2.1077041839965016,-2.1884226077783167,-2.1354830301629466,-2.1554616199824492,-2.1704455775869036,-2.1173045946307987,F,non-synonymous,-0.024092080282976533,0.009125532395079313,0.008936250981690737,-0.032602292138405646,0.014486025173397256,0.00672080283849157,0.00672080283849157
399,ortho,gattgggttagaagatttactttg,6.0,act,4.0,,DWVRRFTL,,False,False,7.0,1.0,5.0,1209.0,1101.0,1792.0,1386.0,859.0,944.0,True,False,True,True,False,False,1.0,both,0.007803614661336637,0.006480035606249199,0.007320099255583127,0.006990985156444254,0.006753896832845654,0.007633002513097926,-2.1077041839965016,-2.1884226077783167,-2.1354830301629466,-2.1554616199824492,-2.1704455775869036,-2.1173045946307987,T,synonymous,-0.024092080282976533,0.009125532395079313,0.008936250981690737,-0.032602292138405646,0.014486025173397256,0.00672080283849157,0.00672080283849157
400,ortho,gattgggttagaagatttactttg,7.0,ttg,5.0,,DWVRRFTL,,False,False,7.0,1.0,5.0,1209.0,1101.0,1792.0,1386.0,859.0,944.0,True,False,True,True,False,False,1.0,both,0.007803614661336637,0.006480035606249199,0.007320099255583127,0.006990985156444254,0.006753896832845654,0.007633002513097926,-2.1077041839965016,-2.1884226077783167,-2.1354830301629466,-2.1554616199824492,-2.1704455775869036,-2.1173045946307987,L,synonymous,-0.024092080282976533,0.009125532395079313,0.008936250981690737,-0.032602292138405646,0.014486025173397256,0.00672080283849157,0.00672080283849157
401,single,gattgggttagacgttatacactc,2.0,gtt,1.0,,DWVRRYTL,,False,False,1.0,0.0,1.0,6.0,5.0,8.0,3.0,5.0,2.0,True,False,True,True,False,False,2.0,both,1.6890940825403975e-05,3.771848432042607e-05,1.5508684863523573e-05,3.4694715416596797e-05,3.067164774226001e-05,3.407590407633002e-05,-4.772346159552627,-4.42344576727354,-4.809425028797034,-4.459736670459577,-4.513262892222636,-4.467552612964962,V,synonymous,0.15770136635195697,-0.04559313049089636,0.16805944087925645,0.14919115449652787,-0.040232637712578415,0.1658439927360573,0.14919115449652787
402,ortho,gattgggttcaaagatgtactgct,2.0,gtt,1.0,,DWVQRCTA,,False,False,10.0,3.0,6.0,219.0,185.0,288.0,214.0,165.0,176.0,True,False,True,True,False,False,1.0,both,0.0012048871122121501,0.0012447099825740602,0.0013647642679900744,0.001266357112705783,0.0011348509664636203,0.0012267325467478808,-2.919053640923099,-2.904931827395653,-2.8649423566468655,-2.8974438060031025,-2.945061168155642,-2.911250112197674,V,synonymous,0.010901462087445586,-0.020370528123904653,-0.02276421011417589,0.0023912502320164748,-0.01501003534558671,-0.024979658257375057,-0.01501003534558671
403,ortho,gattgggttcaaagatgtactgct,3.0,caa,2.0,,DWVQRCTA,,False,False,10.0,3.0,6.0,219.0,185.0,288.0,214.0,165.0,176.0,True,False,True,True,False,False,1.0,both,0.0012048871122121501,0.0012447099825740602,0.0013647642679900744,0.001266357112705783,0.0011348509664636203,0.0012267325467478808,-2.919053640923099,-2.904931827395653,-2.8649423566468655,-2.8974438060031025,-2.945061168155642,-2.911250112197674,Q,non-synonymous,0.010901462087445586,-0.020370528123904653,-0.02276421011417589,0.0023912502320164748,-0.01501003534558671,-0.024979658257375057,-0.01501003534558671
404,ortho,gattgggttcaaagatgtactgct,4.0,aga,3.0,,DWVQRCTA,,False,False,10.0,3.0,6.0,219.0,185.0,288.0,214.0,165.0,176.0,True,False,True,True,False,False,1.0,both,0.0012048871122121501,0.0012447099825740602,0.0013647642679900744,0.001266357112705783,0.0011348509664636203,0.0012267325467478808,-2.919053640923099,-2.904931827395653,-2.8649423566468655,-2.8974438060031025,-2.945061168155642,-2.911250112197674,R,synonymous,0.010901462087445586,-0.020370528123904653,-0.02276421011417589,0.0023912502320164748,-0.01501003534558671,-0.024979658257375057,-0.01501003534558671
405,ortho,gattgggttcaaagatgtactgct,5.0,tgt,4.0,,DWVQRCTA,,False,False,10.0,3.0,6.0,219.0,185.0,288.0,214.0,165.0,176.0,True,False,True,True,False,False,1.0,both,0.0012048871122121501,0.0012447099825740602,0.0013647642679900744,0.001266357112705783,0.0011348509664636203,0.0012267325467478808,-2.919053640923099,-2.904931827395653,-2.8649423566468655,-2.8974438060031025,-2.945061168155642,-2.911250112197674,C,non-synonymous,0.010901462087445586,-0.020370528123904653,-0.02276421011417589,0.0023912502320164748,-0.01501003534558671,-0.024979658257375057,-0.01501003534558671
406,ortho,gattgggttcaaagatgtactgct,6.0,act,5.0,,DWVQRCTA,,False,False,10.0,3.0,6.0,219.0,185.0,288.0,214.0,165.0,176.0,True,False,True,True,False,False,1.0,both,0.0012048871122121501,0.0012447099825740602,0.0013647642679900744,0.001266357112705783,0.0011348509664636203,0.0012267325467478808,-2.919053640923099,-2.904931827395653,-2.8649423566468655,-2.8974438060031025,-2.945061168155642,-2.911250112197674,T,synonymous,0.010901462087445586,-0.020370528123904653,-0.02276421011417589,0.0023912502320164748,-0.01501003534558671,-0.024979658257375057,-0.01501003534558671
407,ortho,gattgggttcaaagatgtactgct,7.0,gct,6.0,,DWVQRCTA,,False,False,10.0,3.0,6.0,219.0,185.0,288.0,214.0,165.0,176.0,True,False,True,True,False,False,1.0,both,0.0012048871122121501,0.0012447099825740602,0.0013647642679900744,0.001266357112705783,0.0011348509664636203,0.0012267325467478808,-2.919053640923099,-2.904931827395653,-2.8649423566468655,-2.8974438060031025,-2.945061168155642,-2.911250112197674,A,non-synonymous,0.010901462087445586,-0.020370528123904653,-0.02276421011417589,0.0023912502320164748,-0.01501003534558671,-0.024979658257375057,-0.01501003534558671
408,ortho,gattgggttcaaagatgtattgtt,2.0,gtt,1.0,,DWVQRCIV,,False,False,10.0,4.0,6.0,681.0,601.0,942.0,817.0,471.0,560.0,True,False,True,True,False,False,1.0,both,0.004599966218118349,0.0035530812229841355,0.004342431761786601,0.003937850199783736,0.0036867320586196533,0.00401243770498786,-2.337245357739874,-2.449394864480663,-2.362266997454815,-2.404740808930436,-2.433358424555916,-2.3965916971640278,V,synonymous,-0.03404926992515294,0.008140446474018993,-0.01687351647672042,-0.042559481780582054,0.013500939252336936,-0.019088964619919588,-0.019088964619919588
409,ortho,gattgggttcaaagatgtattgtt,3.0,caa,2.0,,DWVQRCIV,,False,False,10.0,4.0,6.0,681.0,601.0,942.0,817.0,471.0,560.0,True,False,True,True,False,False,1.0,both,0.004599966218118349,0.0035530812229841355,0.004342431761786601,0.003937850199783736,0.0036867320586196533,0.00401243770498786,-2.337245357739874,-2.449394864480663,-2.362266997454815,-2.404740808930436,-2.433358424555916,-2.3965916971640278,Q,non-synonymous,-0.03404926992515294,0.008140446474018993,-0.01687351647672042,-0.042559481780582054,0.013500939252336936,-0.019088964619919588,-0.019088964619919588
410,ortho,gattgggttcaaagatgtattgtt,4.0,aga,3.0,,DWVQRCIV,,False,False,10.0,4.0,6.0,681.0,601.0,942.0,817.0,471.0,560.0,True,False,True,True,False,False,1.0,both,0.004599966218118349,0.0035530812229841355,0.004342431761786601,0.003937850199783736,0.0036867320586196533,0.00401243770498786,-2.337245357739874,-2.449394864480663,-2.362266997454815,-2.404740808930436,-2.433358424555916,-2.3965916971640278,R,synonymous,-0.03404926992515294,0.008140446474018993,-0.01687351647672042,-0.042559481780582054,0.013500939252336936,-0.019088964619919588,-0.019088964619919588
411,ortho,gattgggttcaaagatgtattgtt,5.0,tgt,4.0,,DWVQRCIV,,False,False,10.0,4.0,6.0,681.0,601.0,942.0,817.0,471.0,560.0,True,False,True,True,False,False,1.0,both,0.004599966218118349,0.0035530812229841355,0.004342431761786601,0.003937850199783736,0.0036867320586196533,0.00401243770498786,-2.337245357739874,-2.449394864480663,-2.362266997454815,-2.404740808930436,-2.433358424555916,-2.3965916971640278,C,non-synonymous,-0.03404926992515294,0.008140446474018993,-0.01687351647672042,-0.042559481780582054,0.013500939252336936,-0.019088964619919588,-0.019088964619919588
412,ortho,gattgggttcaaagatgtattgtt,6.0,att,5.0,,DWVQRCIV,,False,False,10.0,4.0,6.0,681.0,601.0,942.0,817.0,471.0,560.0,True,False,True,True,False,False,1.0,both,0.004599966218118349,0.0035530812229841355,0.004342431761786601,0.003937850199783736,0.0036867320586196533,0.00401243770498786,-2.337245357739874,-2.449394864480663,-2.362266997454815,-2.404740808930436,-2.433358424555916,-2.3965916971640278,I,non-synonymous,-0.03404926992515294,0.008140446474018993,-0.01687351647672042,-0.042559481780582054,0.013500939252336936,-0.019088964619919588,-0.019088964619919588
413,ortho,gattgggttcaaagatgtattgtt,7.0,gtt,6.0,,DWVQRCIV,,False,False,10.0,4.0,6.0,681.0,601.0,942.0,817.0,471.0,560.0,True,False,True,True,False,False,1.0,both,0.004599966218118349,0.0035530812229841355,0.004342431761786601,0.003937850199783736,0.0036867320586196533,0.00401243770498786,-2.337245357739874,-2.449394864480663,-2.362266997454815,-2.404740808930436,-2.433358424555916,-2.3965916971640278,V,non-synonymous,-0.03404926992515294,0.008140446474018993,-0.01687351647672042,-0.042559481780582054,0.013500939252336936,-0.019088964619919588,-0.019088964619919588
414,ortho,gattgggttcaaagatgtattttg,2.0,gtt,1.0,,DWVQRCIL,,False,False,10.0,3.0,6.0,866.0,679.0,1232.0,837.0,603.0,646.0,True,False,True,True,False,False,1.0,both,0.004712572490287709,0.004548849209043384,0.005009305210918114,0.0050076039251288045,0.00416520976339891,0.0052476892277548235,-2.3267419562790295,-2.3420984594694074,-2.300222506465931,-2.300370028825874,-2.380363122278154,-2.2800318921284988,V,synonymous,0.013303783595191396,-0.01942397694891773,0.009925408425534956,0.004793571739762284,-0.014063484170599789,0.007709960282335789,0.004793571739762284
415,ortho,gattgggttcaaagatgtattttg,3.0,caa,2.0,,DWVQRCIL,,False,False,10.0,3.0,6.0,866.0,679.0,1232.0,837.0,603.0,646.0,True,False,True,True,False,False,1.0,both,0.004712572490287709,0.004548849209043384,0.005009305210918114,0.0050076039251288045,0.00416520976339891,0.0052476892277548235,-2.3267419562790295,-2.3420984594694074,-2.300222506465931,-2.300370028825874,-2.380363122278154,-2.2800318921284988,Q,non-synonymous,0.013303783595191396,-0.01942397694891773,0.009925408425534956,0.004793571739762284,-0.014063484170599789,0.007709960282335789,0.004793571739762284
416,ortho,gattgggttcaaagatgtattttg,4.0,aga,3.0,,DWVQRCIL,,False,False,10.0,3.0,6.0,866.0,679.0,1232.0,837.0,603.0,646.0,True,False,True,True,False,False,1.0,both,0.004712572490287709,0.004548849209043384,0.005009305210918114,0.0050076039251288045,0.00416520976339891,0.0052476892277548235,-2.3267419562790295,-2.3420984594694074,-2.300222506465931,-2.300370028825874,-2.380363122278154,-2.2800318921284988,R,synonymous,0.013303783595191396,-0.01942397694891773,0.009925408425534956,0.004793571739762284,-0.014063484170599789,0.007709960282335789,0.004793571739762284
417,ortho,gattgggttcaaagatgtattttg,5.0,tgt,4.0,,DWVQRCIL,,False,False,10.0,3.0,6.0,866.0,679.0,1232.0,837.0,603.0,646.0,True,False,True,True,False,False,1.0,both,0.004712572490287709,0.004548849209043384,0.005009305210918114,0.0050076039251288045,0.00416520976339891,0.0052476892277548235,-2.3267419562790295,-2.3420984594694074,-2.300222506465931,-2.300370028825874,-2.380363122278154,-2.2800318921284988,C,non-synonymous,0.013303783595191396,-0.01942397694891773,0.009925408425534956,0.004793571739762284,-0.014063484170599789,0.007709960282335789,0.004793571739762284
418,ortho,gattgggttcaaagatgtattttg,6.0,att,5.0,,DWVQRCIL,,False,False,10.0,3.0,6.0,866.0,679.0,1232.0,837.0,603.0,646.0,True,False,True,True,False,False,1.0,both,0.004712572490287709,0.004548849209043384,0.005009305210918114,0.0050076039251288045,0.00416520976339891,0.0052476892277548235,-2.3267419562790295,-2.3420984594694074,-2.300222506465931,-2.300370028825874,-2.380363122278154,-2.2800318921284988,I,non-synonymous,0.013303783595191396,-0.01942397694891773,0.009925408425534956,0.004793571739762284,-0.014063484170599789,0.007709960282335789,0.004793571739762284
419,ortho,gattgggttcaaagatgtattttg,7.0,ttg,6.0,,DWVQRCIL,,False,False,10.0,3.0,6.0,866.0,679.0,1232.0,837.0,603.0,646.0,True,False,True,True,False,False,1.0,both,0.004712572490287709,0.004548849209043384,0.005009305210918114,0.0050076039251288045,0.00416520976339891,0.0052476892277548235,-2.3267419562790295,-2.3420984594694074,-2.300222506465931,-2.300370028825874,-2.380363122278154,-2.2800318921284988,L,synonymous,0.013303783595191396,-0.01942397694891773,0.009925408425534956,0.004793571739762284,-0.014063484170599789,0.007709960282335789,0.004793571739762284
420,ortho,gattgggttcaaagatgtgttttt,2.0,gtt,1.0,,DWVQRCVF,,False,False,11.0,4.0,6.0,659.0,562.0,912.0,671.0,445.0,455.0,True,False,True,True,False,False,1.0,both,0.0037779404312820223,0.00335694510451792,0.003528225806451613,0.0038106362432562147,0.003447493206230025,0.003884653064701623,-2.4227448941032974,-2.474055760628627,-2.4524436278039032,-2.4190025062492113,-2.4624965809895945,-2.410647761628489,V,synonymous,0.0018879135106251688,0.005867691556023639,0.020546231796468136,-0.006622298344803943,0.011228184334341581,0.01833078365326897,0.011228184334341581
421,ortho,gattgggttcaaagatgtgttttt,3.0,caa,2.0,,DWVQRCVF,,False,False,11.0,4.0,6.0,659.0,562.0,912.0,671.0,445.0,455.0,True,False,True,True,False,False,1.0,both,0.0037779404312820223,0.00335694510451792,0.003528225806451613,0.0038106362432562147,0.003447493206230025,0.003884653064701623,-2.4227448941032974,-2.474055760628627,-2.4524436278039032,-2.4190025062492113,-2.4624965809895945,-2.410647761628489,Q,non-synonymous,0.0018879135106251688,0.005867691556023639,0.020546231796468136,-0.006622298344803943,0.011228184334341581,0.01833078365326897,0.011228184334341581
422,ortho,gattgggttcaaagatgtgttttt,4.0,aga,3.0,,DWVQRCVF,,False,False,11.0,4.0,6.0,659.0,562.0,912.0,671.0,445.0,455.0,True,False,True,True,False,False,1.0,both,0.0037779404312820223,0.00335694510451792,0.003528225806451613,0.0038106362432562147,0.003447493206230025,0.003884653064701623,-2.4227448941032974,-2.474055760628627,-2.4524436278039032,-2.4190025062492113,-2.4624965809895945,-2.410647761628489,R,synonymous,0.0018879135106251688,0.005867691556023639,0.020546231796468136,-0.006622298344803943,0.011228184334341581,0.01833078365326897,0.011228184334341581
423,ortho,gattgggttcaaagatgtgttttt,5.0,tgt,4.0,,DWVQRCVF,,False,False,11.0,4.0,6.0,659.0,562.0,912.0,671.0,445.0,455.0,True,False,True,True,False,False,1.0,both,0.0037779404312820223,0.00335694510451792,0.003528225806451613,0.0038106362432562147,0.003447493206230025,0.003884653064701623,-2.4227448941032974,-2.474055760628627,-2.4524436278039032,-2.4190025062492113,-2.4624965809895945,-2.410647761628489,C,non-synonymous,0.0018879135106251688,0.005867691556023639,0.020546231796468136,-0.006622298344803943,0.011228184334341581,0.01833078365326897,0.011228184334341581
424,ortho,gattgggttcaaagatgtgttttt,6.0,gtt,5.0,,DWVQRCVF,,False,False,11.0,4.0,6.0,659.0,562.0,912.0,671.0,445.0,455.0,True,False,True,True,False,False,1.0,both,0.0037779404312820223,0.00335694510451792,0.003528225806451613,0.0038106362432562147,0.003447493206230025,0.003884653064701623,-2.4227448941032974,-2.474055760628627,-2.4524436278039032,-2.4190025062492113,-2.4624965809895945,-2.410647761628489,V,non-synonymous,0.0018879135106251688,0.005867691556023639,0.020546231796468136,-0.006622298344803943,0.011228184334341581,0.01833078365326897,0.011228184334341581
425,ortho,gattgggttcaaagatgtgttttt,7.0,ttt,6.0,,DWVQRCVF,,False,False,11.0,4.0,6.0,659.0,562.0,912.0,671.0,445.0,455.0,True,False,True,True,False,False,1.0,both,0.0037779404312820223,0.00335694510451792,0.003528225806451613,0.0038106362432562147,0.003447493206230025,0.003884653064701623,-2.4227448941032974,-2.474055760628627,-2.4524436278039032,-2.4190025062492113,-2.4624965809895945,-2.410647761628489,F,non-synonymous,0.0018879135106251688,0.005867691556023639,0.020546231796468136,-0.006622298344803943,0.011228184334341581,0.01833078365326897,0.011228184334341581
426,ortho,gattgggttgctagatctattgct,2.0,gtt,1.0,,DWVARSIA,,False,False,12.0,4.0,6.0,601.0,512.0,870.0,611.0,439.0,482.0,True,False,True,True,False,False,1.0,both,0.003440121614773943,0.0033116829233334087,0.003737593052109181,0.0034752539942291124,0.003140776728807425,0.00370575456830089,-2.4634262040297354,-2.4799512513674373,-2.427407986222166,-2.4590134488404813,-2.5029629355828247,-2.4311233473382865,V,synonymous,0.002226092127724529,-0.011681232524889488,-0.001826416765213666,-0.006284119727704582,-0.006320739746571545,-0.004041864908412833,-0.006284119727704582
427,ortho,gattgggttgctagatctattgct,3.0,gct,2.0,,DWVARSIA,,False,False,12.0,4.0,6.0,601.0,512.0,870.0,611.0,439.0,482.0,True,False,True,True,False,False,1.0,both,0.003440121614773943,0.0033116829233334087,0.003737593052109181,0.0034752539942291124,0.003140776728807425,0.00370575456830089,-2.4634262040297354,-2.4799512513674373,-2.427407986222166,-2.4590134488404813,-2.5029629355828247,-2.4311233473382865,A,non-synonymous,0.002226092127724529,-0.011681232524889488,-0.001826416765213666,-0.006284119727704582,-0.006320739746571545,-0.004041864908412833,-0.006284119727704582
428,ortho,gattgggttgctagatctattgct,4.0,aga,3.0,,DWVARSIA,,False,False,12.0,4.0,6.0,601.0,512.0,870.0,611.0,439.0,482.0,True,False,True,True,False,False,1.0,both,0.003440121614773943,0.0033116829233334087,0.003737593052109181,0.0034752539942291124,0.003140776728807425,0.00370575456830089,-2.4634262040297354,-2.4799512513674373,-2.427407986222166,-2.4590134488404813,-2.5029629355828247,-2.4311233473382865,R,synonymous,0.002226092127724529,-0.011681232524889488,-0.001826416765213666,-0.006284119727704582,-0.006320739746571545,-0.004041864908412833,-0.006284119727704582
429,ortho,gattgggttgctagatctattgct,5.0,tct,4.0,,DWVARSIA,,False,False,12.0,4.0,6.0,601.0,512.0,870.0,611.0,439.0,482.0,True,False,True,True,False,False,1.0,both,0.003440121614773943,0.0033116829233334087,0.003737593052109181,0.0034752539942291124,0.003140776728807425,0.00370575456830089,-2.4634262040297354,-2.4799512513674373,-2.427407986222166,-2.4590134488404813,-2.5029629355828247,-2.4311233473382865,S,non-synonymous,0.002226092127724529,-0.011681232524889488,-0.001826416765213666,-0.006284119727704582,-0.006320739746571545,-0.004041864908412833,-0.006284119727704582
430,ortho,gattgggttgctagatctattgct,6.0,att,5.0,,DWVARSIA,,False,False,12.0,4.0,6.0,601.0,512.0,870.0,611.0,439.0,482.0,True,False,True,True,False,False,1.0,both,0.003440121614773943,0.0033116829233334087,0.003737593052109181,0.0034752539942291124,0.003140776728807425,0.00370575456830089,-2.4634262040297354,-2.4799512513674373,-2.427407986222166,-2.4590134488404813,-2.5029629355828247,-2.4311233473382865,I,non-synonymous,0.002226092127724529,-0.011681232524889488,-0.001826416765213666,-0.006284119727704582,-0.006320739746571545,-0.004041864908412833,-0.006284119727704582
431,ortho,gattgggttgctagatctattgct,7.0,gct,6.0,,DWVARSIA,,False,False,12.0,4.0,6.0,601.0,512.0,870.0,611.0,439.0,482.0,True,False,True,True,False,False,1.0,both,0.003440121614773943,0.0033116829233334087,0.003737593052109181,0.0034752539942291124,0.003140776728807425,0.00370575456830089,-2.4634262040297354,-2.4799512513674373,-2.427407986222166,-2.4590134488404813,-2.5029629355828247,-2.4311233473382865,A,non-synonymous,0.002226092127724529,-0.011681232524889488,-0.001826416765213666,-0.006284119727704582,-0.006320739746571545,-0.004041864908412833,-0.006284119727704582
432,ortho,gattgggttgctagatgtattgtt,2.0,gtt,1.0,,DWVARCIV,,False,False,11.0,4.0,6.0,132.0,107.0,209.0,172.0,104.0,133.0,True,False,True,True,False,False,1.0,both,0.0009684139406564945,0.0007845444738648623,0.0010313275434243175,0.0007632837391651295,0.0006563732616843642,0.000890232993994122,-3.0139389673647408,-3.1053824323107784,-2.9866033834939296,-3.117313989637371,-3.182849118873446,-3.0504963138458514,V,synonymous,-0.05214935191620273,-0.039323778746544955,-0.0314088228643624,-0.06065956377163184,-0.03396328596822701,-0.03362427100756157,-0.03396328596822701
433,ortho,gattgggttgctagatgtattgtt,3.0,gct,2.0,,DWVARCIV,,False,False,11.0,4.0,6.0,132.0,107.0,209.0,172.0,104.0,133.0,True,False,True,True,False,False,1.0,both,0.0009684139406564945,0.0007845444738648623,0.0010313275434243175,0.0007632837391651295,0.0006563732616843642,0.000890232993994122,-3.0139389673647408,-3.1053824323107784,-2.9866033834939296,-3.117313989637371,-3.182849118873446,-3.0504963138458514,A,non-synonymous,-0.05214935191620273,-0.039323778746544955,-0.0314088228643624,-0.06065956377163184,-0.03396328596822701,-0.03362427100756157,-0.03396328596822701
434,ortho,gattgggttgctagatgtattgtt,4.0,aga,3.0,,DWVARCIV,,False,False,11.0,4.0,6.0,132.0,107.0,209.0,172.0,104.0,133.0,True,False,True,True,False,False,1.0,both,0.0009684139406564945,0.0007845444738648623,0.0010313275434243175,0.0007632837391651295,0.0006563732616843642,0.000890232993994122,-3.0139389673647408,-3.1053824323107784,-2.9866033834939296,-3.117313989637371,-3.182849118873446,-3.0504963138458514,R,synonymous,-0.05214935191620273,-0.039323778746544955,-0.0314088228643624,-0.06065956377163184,-0.03396328596822701,-0.03362427100756157,-0.03396328596822701
435,ortho,gattgggttgctagatgtattgtt,5.0,tgt,4.0,,DWVARCIV,,False,False,11.0,4.0,6.0,132.0,107.0,209.0,172.0,104.0,133.0,True,False,True,True,False,False,1.0,both,0.0009684139406564945,0.0007845444738648623,0.0010313275434243175,0.0007632837391651295,0.0006563732616843642,0.000890232993994122,-3.0139389673647408,-3.1053824323107784,-2.9866033834939296,-3.117313989637371,-3.182849118873446,-3.0504963138458514,C,non-synonymous,-0.05214935191620273,-0.039323778746544955,-0.0314088228643624,-0.06065956377163184,-0.03396328596822701,-0.03362427100756157,-0.03396328596822701
436,ortho,gattgggttgctagatgtattgtt,6.0,att,5.0,,DWVARCIV,,False,False,11.0,4.0,6.0,132.0,107.0,209.0,172.0,104.0,133.0,True,False,True,True,False,False,1.0,both,0.0009684139406564945,0.0007845444738648623,0.0010313275434243175,0.0007632837391651295,0.0006563732616843642,0.000890232993994122,-3.0139389673647408,-3.1053824323107784,-2.9866033834939296,-3.117313989637371,-3.182849118873446,-3.0504963138458514,I,non-synonymous,-0.05214935191620273,-0.039323778746544955,-0.0314088228643624,-0.06065956377163184,-0.03396328596822701,-0.03362427100756157,-0.03396328596822701
437,ortho,gattgggttgctagatgtattgtt,7.0,gtt,6.0,,DWVARCIV,,False,False,11.0,4.0,6.0,132.0,107.0,209.0,172.0,104.0,133.0,True,False,True,True,False,False,1.0,both,0.0009684139406564945,0.0007845444738648623,0.0010313275434243175,0.0007632837391651295,0.0006563732616843642,0.000890232993994122,-3.0139389673647408,-3.1053824323107784,-2.9866033834939296,-3.117313989637371,-3.182849118873446,-3.0504963138458514,V,non-synonymous,-0.05214935191620273,-0.039323778746544955,-0.0314088228643624,-0.06065956377163184,-0.03396328596822701,-0.03362427100756157,-0.03396328596822701
438,ortho,gattgggtttatagatctattttg,2.0,gtt,1.0,,DWVYRSIL,,False,False,11.0,3.0,6.0,882.0,702.0,1155.0,912.0,567.0,649.0,True,False,True,True,False,False,1.0,both,0.005134846010922808,0.004277276121936316,0.0050325682382134,0.005100123166239729,0.004306299343013306,0.004919708651020148,-2.2894725759438734,-2.368832712716652,-2.2982103276606463,-2.292419335711401,-2.3658957844288504,-2.308060615728742,V,synonymous,-0.0014865448998311913,0.0014908488191316908,-0.004842256434157479,-0.009996756755260303,0.0068513415974496335,-0.007057704577356646,-0.007057704577356646
439,ortho,gattgggtttatagatctattttg,3.0,tat,2.0,,DWVYRSIL,,False,False,11.0,3.0,6.0,882.0,702.0,1155.0,912.0,567.0,649.0,True,False,True,True,False,False,1.0,both,0.005134846010922808,0.004277276121936316,0.0050325682382134,0.005100123166239729,0.004306299343013306,0.004919708651020148,-2.2894725759438734,-2.368832712716652,-2.2982103276606463,-2.292419335711401,-2.3658957844288504,-2.308060615728742,Y,non-synonymous,-0.0014865448998311913,0.0014908488191316908,-0.004842256434157479,-0.009996756755260303,0.0068513415974496335,-0.007057704577356646,-0.007057704577356646
440,ortho,gattgggtttatagatctattttg,4.0,aga,3.0,,DWVYRSIL,,False,False,11.0,3.0,6.0,882.0,702.0,1155.0,912.0,567.0,649.0,True,False,True,True,False,False,1.0,both,0.005134846010922808,0.004277276121936316,0.0050325682382134,0.005100123166239729,0.004306299343013306,0.004919708651020148,-2.2894725759438734,-2.368832712716652,-2.2982103276606463,-2.292419335711401,-2.3658957844288504,-2.308060615728742,R,synonymous,-0.0014865448998311913,0.0014908488191316908,-0.004842256434157479,-0.009996756755260303,0.0068513415974496335,-0.007057704577356646,-0.007057704577356646
441,ortho,gattgggtttatagatctattttg,5.0,tct,4.0,,DWVYRSIL,,False,False,11.0,3.0,6.0,882.0,702.0,1155.0,912.0,567.0,649.0,True,False,True,True,False,False,1.0,both,0.005134846010922808,0.004277276121936316,0.0050325682382134,0.005100123166239729,0.004306299343013306,0.004919708651020148,-2.2894725759438734,-2.368832712716652,-2.2982103276606463,-2.292419335711401,-2.3658957844288504,-2.308060615728742,S,non-synonymous,-0.0014865448998311913,0.0014908488191316908,-0.004842256434157479,-0.009996756755260303,0.0068513415974496335,-0.007057704577356646,-0.007057704577356646
442,ortho,gattgggtttatagatctattttg,6.0,att,5.0,,DWVYRSIL,,False,False,11.0,3.0,6.0,882.0,702.0,1155.0,912.0,567.0,649.0,True,False,True,True,False,False,1.0,both,0.005134846010922808,0.004277276121936316,0.0050325682382134,0.005100123166239729,0.004306299343013306,0.004919708651020148,-2.2894725759438734,-2.368832712716652,-2.2982103276606463,-2.292419335711401,-2.3658957844288504,-2.308060615728742,I,non-synonymous,-0.0014865448998311913,0.0014908488191316908,-0.004842256434157479,-0.009996756755260303,0.0068513415974496335,-0.007057704577356646,-0.007057704577356646
443,ortho,gattgggtttatagatctattttg,7.0,ttg,6.0,,DWVYRSIL,,False,False,11.0,3.0,6.0,882.0,702.0,1155.0,912.0,567.0,649.0,True,False,True,True,False,False,1.0,both,0.005134846010922808,0.004277276121936316,0.0050325682382134,0.005100123166239729,0.004306299343013306,0.004919708651020148,-2.2894725759438734,-2.368832712716652,-2.2982103276606463,-2.292419335711401,-2.3658957844288504,-2.308060615728742,L,synonymous,-0.0014865448998311913,0.0014908488191316908,-0.004842256434157479,-0.009996756755260303,0.0068513415974496335,-0.007057704577356646,-0.007057704577356646
444,ortho,gattgggtttatagatctgttttg,2.0,gtt,1.0,,DWVYRSVL,,False,False,12.0,3.0,6.0,348.0,327.0,442.0,409.0,275.0,294.0,True,False,True,True,False,False,1.0,both,0.0023027982658634085,0.002074516637623434,0.002279776674937965,0.002012293494162614,0.002005925762343805,0.001882693700217234,-2.6377441062649476,-2.683083077779296,-2.642107694048858,-2.69630867689664,-2.6976851438983696,-2.7252203306078133,V,synonymous,-0.02954392982512602,-0.007412327063251182,-0.04085694716288504,-0.03805414168055513,-0.002051834284933239,-0.04307239530608421,-0.03805414168055513
445,ortho,gattgggtttatagatctgttttg,3.0,tat,2.0,,DWVYRSVL,,False,False,12.0,3.0,6.0,348.0,327.0,442.0,409.0,275.0,294.0,True,False,True,True,False,False,1.0,both,0.0023027982658634085,0.002074516637623434,0.002279776674937965,0.002012293494162614,0.002005925762343805,0.001882693700217234,-2.6377441062649476,-2.683083077779296,-2.642107694048858,-2.69630867689664,-2.6976851438983696,-2.7252203306078133,Y,non-synonymous,-0.02954392982512602,-0.007412327063251182,-0.04085694716288504,-0.03805414168055513,-0.002051834284933239,-0.04307239530608421,-0.03805414168055513
446,ortho,gattgggtttatagatctgttttg,4.0,aga,3.0,,DWVYRSVL,,False,False,12.0,3.0,6.0,348.0,327.0,442.0,409.0,275.0,294.0,True,False,True,True,False,False,1.0,both,0.0023027982658634085,0.002074516637623434,0.002279776674937965,0.002012293494162614,0.002005925762343805,0.001882693700217234,-2.6377441062649476,-2.683083077779296,-2.642107694048858,-2.69630867689664,-2.6976851438983696,-2.7252203306078133,R,synonymous,-0.02954392982512602,-0.007412327063251182,-0.04085694716288504,-0.03805414168055513,-0.002051834284933239,-0.04307239530608421,-0.03805414168055513
447,ortho,gattgggtttatagatctgttttg,5.0,tct,4.0,,DWVYRSVL,,False,False,12.0,3.0,6.0,348.0,327.0,442.0,409.0,275.0,294.0,True,False,True,True,False,False,1.0,both,0.0023027982658634085,0.002074516637623434,0.002279776674937965,0.002012293494162614,0.002005925762343805,0.001882693700217234,-2.6377441062649476,-2.683083077779296,-2.642107694048858,-2.69630867689664,-2.6976851438983696,-2.7252203306078133,S,non-synonymous,-0.02954392982512602,-0.007412327063251182,-0.04085694716288504,-0.03805414168055513,-0.002051834284933239,-0.04307239530608421,-0.03805414168055513
448,ortho,gattgggtttatagatctgttttg,6.0,gtt,5.0,,DWVYRSVL,,False,False,12.0,3.0,6.0,348.0,327.0,442.0,409.0,275.0,294.0,True,False,True,True,False,False,1.0,both,0.0023027982658634085,0.002074516637623434,0.002279776674937965,0.002012293494162614,0.002005925762343805,0.001882693700217234,-2.6377441062649476,-2.683083077779296,-2.642107694048858,-2.69630867689664,-2.6976851438983696,-2.7252203306078133,V,non-synonymous,-0.02954392982512602,-0.007412327063251182,-0.04085694716288504,-0.03805414168055513,-0.002051834284933239,-0.04307239530608421,-0.03805414168055513
449,ortho,gattgggtttatagatctgttttg,7.0,ttg,6.0,,DWVYRSVL,,False,False,12.0,3.0,6.0,348.0,327.0,442.0,409.0,275.0,294.0,True,False,True,True,False,False,1.0,both,0.0023027982658634085,0.002074516637623434,0.002279776674937965,0.002012293494162614,0.002005925762343805,0.001882693700217234,-2.6377441062649476,-2.683083077779296,-2.642107694048858,-2.69630867689664,-2.6976851438983696,-2.7252203306078133,L,synonymous,-0.02954392982512602,-0.007412327063251182,-0.04085694716288504,-0.03805414168055513,-0.002051834284933239,-0.04307239530608421,-0.03805414168055513
450,ortho,gattgggtttatagatgtattttg,2.0,gtt,1.0,,DWVYRCIL,,False,False,11.0,3.0,6.0,486.0,424.0,602.0,455.0,284.0,330.0,True,False,True,True,False,False,1.0,both,0.0025617926918529363,0.0021424099094002006,0.0025589330024813894,0.0028102719487443405,0.002600955728543649,0.0025642117817438344,-2.5914560176151773,-2.669097431562521,-2.591941084583128,-2.5512516515809276,-2.584867039965923,-2.591046108699081,V,synonymous,0.02028180102692966,0.04275718285949908,0.0004399569538458595,0.011771589171500547,0.04811767563781702,-0.0017754911893533075,0.011771589171500547
451,ortho,gattgggtttatagatgtattttg,3.0,tat,2.0,,DWVYRCIL,,False,False,11.0,3.0,6.0,486.0,424.0,602.0,455.0,284.0,330.0,True,False,True,True,False,False,1.0,both,0.0025617926918529363,0.0021424099094002006,0.0025589330024813894,0.0028102719487443405,0.002600955728543649,0.0025642117817438344,-2.5914560176151773,-2.669097431562521,-2.591941084583128,-2.5512516515809276,-2.584867039965923,-2.591046108699081,Y,non-synonymous,0.02028180102692966,0.04275718285949908,0.0004399569538458595,0.011771589171500547,0.04811767563781702,-0.0017754911893533075,0.011771589171500547
452,ortho,gattgggtttatagatgtattttg,4.0,aga,3.0,,DWVYRCIL,,False,False,11.0,3.0,6.0,486.0,424.0,602.0,455.0,284.0,330.0,True,False,True,True,False,False,1.0,both,0.0025617926918529363,0.0021424099094002006,0.0025589330024813894,0.0028102719487443405,0.002600955728543649,0.0025642117817438344,-2.5914560176151773,-2.669097431562521,-2.591941084583128,-2.5512516515809276,-2.584867039965923,-2.591046108699081,R,synonymous,0.02028180102692966,0.04275718285949908,0.0004399569538458595,0.011771589171500547,0.04811767563781702,-0.0017754911893533075,0.011771589171500547
453,ortho,gattgggtttatagatgtattttg,5.0,tgt,4.0,,DWVYRCIL,,False,False,11.0,3.0,6.0,486.0,424.0,602.0,455.0,284.0,330.0,True,False,True,True,False,False,1.0,both,0.0025617926918529363,0.0021424099094002006,0.0025589330024813894,0.0028102719487443405,0.002600955728543649,0.0025642117817438344,-2.5914560176151773,-2.669097431562521,-2.591941084583128,-2.5512516515809276,-2.584867039965923,-2.591046108699081,C,non-synonymous,0.02028180102692966,0.04275718285949908,0.0004399569538458595,0.011771589171500547,0.04811767563781702,-0.0017754911893533075,0.011771589171500547
454,ortho,gattgggtttatagatgtattttg,6.0,att,5.0,,DWVYRCIL,,False,False,11.0,3.0,6.0,486.0,424.0,602.0,455.0,284.0,330.0,True,False,True,True,False,False,1.0,both,0.0025617926918529363,0.0021424099094002006,0.0025589330024813894,0.0028102719487443405,0.002600955728543649,0.0025642117817438344,-2.5914560176151773,-2.669097431562521,-2.591941084583128,-2.5512516515809276,-2.584867039965923,-2.591046108699081,I,non-synonymous,0.02028180102692966,0.04275718285949908,0.0004399569538458595,0.011771589171500547,0.04811767563781702,-0.0017754911893533075,0.011771589171500547
455,ortho,gattgggtttatagatgtattttg,7.0,ttg,6.0,,DWVYRCIL,,False,False,11.0,3.0,6.0,486.0,424.0,602.0,455.0,284.0,330.0,True,False,True,True,False,False,1.0,both,0.0025617926918529363,0.0021424099094002006,0.0025589330024813894,0.0028102719487443405,0.002600955728543649,0.0025642117817438344,-2.5914560176151773,-2.669097431562521,-2.591941084583128,-2.5512516515809276,-2.584867039965923,-2.591046108699081,L,synonymous,0.02028180102692966,0.04275718285949908,0.0004399569538458595,0.011771589171500547,0.04811767563781702,-0.0017754911893533075,0.011771589171500547
456,ortho,gattgggtttatagatgtgttttg,2.0,gtt,1.0,,DWVYRCVL,,False,False,12.0,3.0,6.0,363.0,273.0,406.0,320.0,203.0,270.0,True,False,True,True,False,False,1.0,both,0.0018017003547097573,0.0015313704634092983,0.002093672456575682,0.002099030282704106,0.0016746719667273965,0.0017293521318737489,-2.7443174359523836,-2.814919733696346,-2.679091260302028,-2.6779812958071085,-2.7760702495178995,-2.762116566379711,V,synonymous,0.033464435036106494,0.01972084502432892,-0.04081401678542652,0.02495422318067738,0.025081337802646864,-0.04302946492862569,0.02495422318067738
457,ortho,gattgggtttatagatgtgttttg,3.0,tat,2.0,,DWVYRCVL,,False,False,12.0,3.0,6.0,363.0,273.0,406.0,320.0,203.0,270.0,True,False,True,True,False,False,1.0,both,0.0018017003547097573,0.0015313704634092983,0.002093672456575682,0.002099030282704106,0.0016746719667273965,0.0017293521318737489,-2.7443174359523836,-2.814919733696346,-2.679091260302028,-2.6779812958071085,-2.7760702495178995,-2.762116566379711,Y,non-synonymous,0.033464435036106494,0.01972084502432892,-0.04081401678542652,0.02495422318067738,0.025081337802646864,-0.04302946492862569,0.02495422318067738
458,ortho,gattgggtttatagatgtgttttg,4.0,aga,3.0,,DWVYRCVL,,False,False,12.0,3.0,6.0,363.0,273.0,406.0,320.0,203.0,270.0,True,False,True,True,False,False,1.0,both,0.0018017003547097573,0.0015313704634092983,0.002093672456575682,0.002099030282704106,0.0016746719667273965,0.0017293521318737489,-2.7443174359523836,-2.814919733696346,-2.679091260302028,-2.6779812958071085,-2.7760702495178995,-2.762116566379711,R,synonymous,0.033464435036106494,0.01972084502432892,-0.04081401678542652,0.02495422318067738,0.025081337802646864,-0.04302946492862569,0.02495422318067738
459,ortho,gattgggtttatagatgtgttttg,5.0,tgt,4.0,,DWVYRCVL,,False,False,12.0,3.0,6.0,363.0,273.0,406.0,320.0,203.0,270.0,True,False,True,True,False,False,1.0,both,0.0018017003547097573,0.0015313704634092983,0.002093672456575682,0.002099030282704106,0.0016746719667273965,0.0017293521318737489,-2.7443174359523836,-2.814919733696346,-2.679091260302028,-2.6779812958071085,-2.7760702495178995,-2.762116566379711,C,non-synonymous,0.033464435036106494,0.01972084502432892,-0.04081401678542652,0.02495422318067738,0.025081337802646864,-0.04302946492862569,0.02495422318067738
460,ortho,gattgggtttatagatgtgttttg,6.0,gtt,5.0,,DWVYRCVL,,False,False,12.0,3.0,6.0,363.0,273.0,406.0,320.0,203.0,270.0,True,False,True,True,False,False,1.0,both,0.0018017003547097573,0.0015313704634092983,0.002093672456575682,0.002099030282704106,0.0016746719667273965,0.0017293521318737489,-2.7443174359523836,-2.814919733696346,-2.679091260302028,-2.6779812958071085,-2.7760702495178995,-2.762116566379711,V,non-synonymous,0.033464435036106494,0.01972084502432892,-0.04081401678542652,0.02495422318067738,0.025081337802646864,-0.04302946492862569,0.02495422318067738
461,ortho,gattgggtttatagatgtgttttg,7.0,ttg,6.0,,DWVYRCVL,,False,False,12.0,3.0,6.0,363.0,273.0,406.0,320.0,203.0,270.0,True,False,True,True,False,False,1.0,both,0.0018017003547097573,0.0015313704634092983,0.002093672456575682,0.002099030282704106,0.0016746719667273965,0.0017293521318737489,-2.7443174359523836,-2.814919733696346,-2.679091260302028,-2.6779812958071085,-2.7760702495178995,-2.762116566379711,L,synonymous,0.033464435036106494,0.01972084502432892,-0.04081401678542652,0.02495422318067738,0.025081337802646864,-0.04302946492862569,0.02495422318067738
462,ortho,gattgggtttttagatctattttg,2.0,gtt,1.0,,DWVFRSIL,,False,False,11.0,3.0,6.0,931.0,790.0,1355.0,861.0,620.0,684.0,True,False,True,True,False,False,1.0,both,0.004847700016890941,0.004677092055732832,0.005303970223325062,0.005383463342141936,0.004846120343277082,0.005771606252928398,-2.314464262818635,-2.330024082111305,-2.2753989227408993,-2.2689382398618783,-2.314605805268214,-2.2387033047464806,V,synonymous,0.022966404652911974,0.007826653418824213,0.018039024961551745,0.014456192797482862,0.013187146197142155,0.01582357681835258,0.014456192797482862
463,ortho,gattgggtttttagatctattttg,3.0,ttt,2.0,,DWVFRSIL,,False,False,11.0,3.0,6.0,931.0,790.0,1355.0,861.0,620.0,684.0,True,False,True,True,False,False,1.0,both,0.004847700016890941,0.004677092055732832,0.005303970223325062,0.005383463342141936,0.004846120343277082,0.005771606252928398,-2.314464262818635,-2.330024082111305,-2.2753989227408993,-2.2689382398618783,-2.314605805268214,-2.2387033047464806,F,non-synonymous,0.022966404652911974,0.007826653418824213,0.018039024961551745,0.014456192797482862,0.013187146197142155,0.01582357681835258,0.014456192797482862
464,ortho,gattgggtttttagatctattttg,4.0,aga,3.0,,DWVFRSIL,,False,False,11.0,3.0,6.0,931.0,790.0,1355.0,861.0,620.0,684.0,True,False,True,True,False,False,1.0,both,0.004847700016890941,0.004677092055732832,0.005303970223325062,0.005383463342141936,0.004846120343277082,0.005771606252928398,-2.314464262818635,-2.330024082111305,-2.2753989227408993,-2.2689382398618783,-2.314605805268214,-2.2387033047464806,R,synonymous,0.022966404652911974,0.007826653418824213,0.018039024961551745,0.014456192797482862,0.013187146197142155,0.01582357681835258,0.014456192797482862
465,ortho,gattgggtttttagatctattttg,5.0,tct,4.0,,DWVFRSIL,,False,False,11.0,3.0,6.0,931.0,790.0,1355.0,861.0,620.0,684.0,True,False,True,True,False,False,1.0,both,0.004847700016890941,0.004677092055732832,0.005303970223325062,0.005383463342141936,0.004846120343277082,0.005771606252928398,-2.314464262818635,-2.330024082111305,-2.2753989227408993,-2.2689382398618783,-2.314605805268214,-2.2387033047464806,S,non-synonymous,0.022966404652911974,0.007826653418824213,0.018039024961551745,0.014456192797482862,0.013187146197142155,0.01582357681835258,0.014456192797482862
466,ortho,gattgggtttttagatctattttg,6.0,att,5.0,,DWVFRSIL,,False,False,11.0,3.0,6.0,931.0,790.0,1355.0,861.0,620.0,684.0,True,False,True,True,False,False,1.0,both,0.004847700016890941,0.004677092055732832,0.005303970223325062,0.005383463342141936,0.004846120343277082,0.005771606252928398,-2.314464262818635,-2.330024082111305,-2.2753989227408993,-2.2689382398618783,-2.314605805268214,-2.2387033047464806,I,non-synonymous,0.022966404652911974,0.007826653418824213,0.018039024961551745,0.014456192797482862,0.013187146197142155,0.01582357681835258,0.014456192797482862
467,ortho,gattgggtttttagatctattttg,7.0,ttg,6.0,,DWVFRSIL,,False,False,11.0,3.0,6.0,931.0,790.0,1355.0,861.0,620.0,684.0,True,False,True,True,False,False,1.0,both,0.004847700016890941,0.004677092055732832,0.005303970223325062,0.005383463342141936,0.004846120343277082,0.005771606252928398,-2.314464262818635,-2.330024082111305,-2.2753989227408993,-2.2689382398618783,-2.314605805268214,-2.2387033047464806,L,synonymous,0.022966404652911974,0.007826653418824213,0.018039024961551745,0.014456192797482862,0.013187146197142155,0.01582357681835258,0.014456192797482862
468,ortho,gattgggtttttagatctgttttg,2.0,gtt,1.0,,DWVFRSVL,,False,False,12.0,3.0,6.0,556.0,430.0,659.0,526.0,338.0,389.0,True,False,True,True,False,False,1.0,both,0.0029615449580541638,0.0025497695400608024,0.003016439205955335,0.0032150436286046366,0.0026377617058343608,0.0028070025982876857,-2.5284816701185506,-2.593499071331904,-2.5205054231353077,-2.4928131292611635,-2.578764440979069,-2.5517571853628955,V,synonymous,0.017993624074911656,0.007479619557992633,-0.015362905701756607,0.009483412219482545,0.012840112336310576,-0.017578353844955773,0.009483412219482545
469,ortho,gattgggtttttagatctgttttg,3.0,ttt,2.0,,DWVFRSVL,,False,False,12.0,3.0,6.0,556.0,430.0,659.0,526.0,338.0,389.0,True,False,True,True,False,False,1.0,both,0.0029615449580541638,0.0025497695400608024,0.003016439205955335,0.0032150436286046366,0.0026377617058343608,0.0028070025982876857,-2.5284816701185506,-2.593499071331904,-2.5205054231353077,-2.4928131292611635,-2.578764440979069,-2.5517571853628955,F,non-synonymous,0.017993624074911656,0.007479619557992633,-0.015362905701756607,0.009483412219482545,0.012840112336310576,-0.017578353844955773,0.009483412219482545
470,ortho,gattgggtttttagatctgttttg,4.0,aga,3.0,,DWVFRSVL,,False,False,12.0,3.0,6.0,556.0,430.0,659.0,526.0,338.0,389.0,True,False,True,True,False,False,1.0,both,0.0029615449580541638,0.0025497695400608024,0.003016439205955335,0.0032150436286046366,0.0026377617058343608,0.0028070025982876857,-2.5284816701185506,-2.593499071331904,-2.5205054231353077,-2.4928131292611635,-2.578764440979069,-2.5517571853628955,R,synonymous,0.017993624074911656,0.007479619557992633,-0.015362905701756607,0.009483412219482545,0.012840112336310576,-0.017578353844955773,0.009483412219482545
471,ortho,gattgggtttttagatctgttttg,5.0,tct,4.0,,DWVFRSVL,,False,False,12.0,3.0,6.0,556.0,430.0,659.0,526.0,338.0,389.0,True,False,True,True,False,False,1.0,both,0.0029615449580541638,0.0025497695400608024,0.003016439205955335,0.0032150436286046366,0.0026377617058343608,0.0028070025982876857,-2.5284816701185506,-2.593499071331904,-2.5205054231353077,-2.4928131292611635,-2.578764440979069,-2.5517571853628955,S,non-synonymous,0.017993624074911656,0.007479619557992633,-0.015362905701756607,0.009483412219482545,0.012840112336310576,-0.017578353844955773,0.009483412219482545
472,ortho,gattgggtttttagatctgttttg,6.0,gtt,5.0,,DWVFRSVL,,False,False,12.0,3.0,6.0,556.0,430.0,659.0,526.0,338.0,389.0,True,False,True,True,False,False,1.0,both,0.0029615449580541638,0.0025497695400608024,0.003016439205955335,0.0032150436286046366,0.0026377617058343608,0.0028070025982876857,-2.5284816701185506,-2.593499071331904,-2.5205054231353077,-2.4928131292611635,-2.578764440979069,-2.5517571853628955,V,non-synonymous,0.017993624074911656,0.007479619557992633,-0.015362905701756607,0.009483412219482545,0.012840112336310576,-0.017578353844955773,0.009483412219482545
473,ortho,gattgggtttttagatctgttttg,7.0,ttg,6.0,,DWVFRSVL,,False,False,12.0,3.0,6.0,556.0,430.0,659.0,526.0,338.0,389.0,True,False,True,True,False,False,1.0,both,0.0029615449580541638,0.0025497695400608024,0.003016439205955335,0.0032150436286046366,0.0026377617058343608,0.0028070025982876857,-2.5284816701185506,-2.593499071331904,-2.5205054231353077,-2.4928131292611635,-2.578764440979069,-2.5517571853628955,L,synonymous,0.017993624074911656,0.007479619557992633,-0.015362905701756607,0.009483412219482545,0.012840112336310576,-0.017578353844955773,0.009483412219482545
474,single,gattggtagagacgttatacactc,2.0,tag,1.0,,DW*RRYTL,,True,False,2.0,1.0,1.0,4.0,3.0,9.0,1.0,49.0,24.0,True,False,True,True,False,False,2.0,both,5.630313608467992e-06,0.00036964114634017547,0.00018610421836228288,2.3129810277731198e-05,1.8402988645356005e-05,3.8335392085871276e-05,-5.2494674142722895,-3.4322196915810452,-3.7302437827494095,-4.6358279295152585,-4.735111641838993,-4.41640009051758,*,stop,0.30956125316109656,-0.6613763548690219,-0.3373043278693081,0.30105104130566746,-0.656015862090704,-0.33951977601250727,-0.33951977601250727
475,single,gattggtatagacgttatacactc,2.0,tat,1.0,,DWYRRYTL,,False,False,3.0,1.0,1.0,51.0,46.0,56.0,26.0,31.0,28.0,True,False,True,True,False,False,1.0,both,0.0001463881538201678,0.00023385460278664162,0.00021712158808933002,0.00029490508104107276,0.00028217915922879207,0.0002385313285343102,-3.8344940663014717,-3.631054077775286,-3.6632969931187964,-3.5303177447452847,-3.5494750648770816,-3.622454572950705,Y,non-synonymous,0.15344710635781336,0.04141128523646613,0.02007753179179183,0.14493689450238426,0.04677177801478408,0.017862083648592663,0.04677177801478408
476,single,gattggtcgagacgttatacactc,2.0,tcg,1.0,,DWSRRYTL,,False,False,2.0,1.0,1.0,1666.0,1625.0,2208.0,1766.0,1318.0,1146.0,True,False,True,True,False,False,1.0,both,0.009943133832554473,0.009942592466864311,0.008886476426799007,0.009633565980675043,0.009968285516234503,0.009404949525067086,-2.0024767150307397,-2.0025003613515677,-2.0512704068296443,-2.016212923772452,-2.0013795312437623,-2.0266435308997437,S,non-synonymous,-0.00692947259326141,0.0005689577949891451,0.012106209239808425,-0.015439684448690521,0.005929450573307088,0.009890761096609257,0.005929450573307088
477,single,gattggtctagacgttatacactc,2.0,tct,1.0,,DWSRRYTL,,False,False,3.0,1.0,1.0,3.0,2.0,3.0,4.0,4.0,1.0,True,False,True,True,False,False,3.0,both,2.2521254433871968e-05,3.0174787456340856e-05,7.754342431761787e-06,1.7347357708298398e-05,1.2268659096904004e-05,1.277846402862376e-05,-4.647407422944327,-4.520355780281596,-5.110455024461015,-4.760766666123558,-4.911202900894675,-4.893521345237243,S,non-synonymous,-0.05718606811921626,-0.19840251825253266,0.10664139939308598,-0.06569627997464537,-0.19304202547421473,0.10442595124988681,-0.06569627997464537
478,single,gattggtggagacgttatacactc,2.0,tgg,1.0,,DWWRRYTL,,False,False,2.0,1.0,1.0,50.0,40.0,79.0,71.0,35.0,45.0,True,False,True,True,False,False,1.0,both,0.0003997522662012274,0.00026402939024298245,0.0003489454094292804,0.00028912262847163996,0.00024537318193808006,0.000336499552753759,-3.3982090655532144,-3.5783477272592834,-3.457242510685672,-3.538917916507202,-3.610172905230693,-3.473015508666464,W,non-synonymous,-0.0709830597837444,-0.016155154075226098,-0.007753773334388072,-0.07949327163917351,-0.010794661296908155,-0.00996922147758724,-0.010794661296908155
479,single,gattggtgtagacgttatacactc,2.0,tgt,1.0,,DWCRRYTL,,False,False,3.0,1.0,1.0,354.0,297.0,501.0,382.0,291.0,255.0,True,False,True,True,False,False,1.0,both,0.002150779798434773,0.002195215787448797,0.0019773573200992556,0.0020469882095792108,0.0018218958758902445,0.002134003492780168,-2.667404051360581,-2.6585227826236517,-2.7039148440270604,-2.6888846588174333,-2.7394764472414432,-2.6708048740896597,C,non-synonymous,-0.010836271016096178,-0.04109384481775657,0.016276373224395572,-0.019346482871525288,-0.03573335203943863,0.014060925081196406,-0.019346482871525288
480,ortho,gattggttgagaagatgtattatt,2.0,ttg,1.0,,DWLRRCII,,False,False,8.0,4.0,5.0,931.0,750.0,1247.0,1004.0,708.0,739.0,True,False,True,True,False,False,1.0,both,0.0056528348629018635,0.005340937379772331,0.00573045905707196,0.005383463342141936,0.004600747161339002,0.005311581547897942,-2.247733701463289,-2.2723825139197897,-2.24181058606619,-2.2689382398618783,-2.3371716331669554,-2.2747761464783625,L,non-synonymous,-0.010697003114082403,-0.03288836922691963,-0.016205383630197478,-0.019207214969511513,-0.027527876448601687,-0.018420831773396644,-0.019207214969511513
481,ortho,gattggttgagaagatgtattatt,4.0,aga,2.0,,DWLRRCII,,False,False,8.0,4.0,5.0,931.0,750.0,1247.0,1004.0,708.0,739.0,True,False,True,True,False,False,1.0,both,0.0056528348629018635,0.005340937379772331,0.00573045905707196,0.005383463342141936,0.004600747161339002,0.005311581547897942,-2.247733701463289,-2.2723825139197897,-2.24181058606619,-2.2689382398618783,-2.3371716331669554,-2.2747761464783625,R,synonymous,-0.010697003114082403,-0.03288836922691963,-0.016205383630197478,-0.019207214969511513,-0.027527876448601687,-0.018420831773396644,-0.019207214969511513
482,ortho,gattggttgagaagatgtattatt,5.0,tgt,3.0,,DWLRRCII,,False,False,8.0,4.0,5.0,931.0,750.0,1247.0,1004.0,708.0,739.0,True,False,True,True,False,False,1.0,both,0.0056528348629018635,0.005340937379772331,0.00573045905707196,0.005383463342141936,0.004600747161339002,0.005311581547897942,-2.247733701463289,-2.2723825139197897,-2.24181058606619,-2.2689382398618783,-2.3371716331669554,-2.2747761464783625,C,non-synonymous,-0.010697003114082403,-0.03288836922691963,-0.016205383630197478,-0.019207214969511513,-0.027527876448601687,-0.018420831773396644,-0.019207214969511513
483,ortho,gattggttgagaagatgtattatt,6.0,att,4.0,,DWLRRCII,,False,False,8.0,4.0,5.0,931.0,750.0,1247.0,1004.0,708.0,739.0,True,False,True,True,False,False,1.0,both,0.0056528348629018635,0.005340937379772331,0.00573045905707196,0.005383463342141936,0.004600747161339002,0.005311581547897942,-2.247733701463289,-2.2723825139197897,-2.24181058606619,-2.2689382398618783,-2.3371716331669554,-2.2747761464783625,I,non-synonymous,-0.010697003114082403,-0.03288836922691963,-0.016205383630197478,-0.019207214969511513,-0.027527876448601687,-0.018420831773396644,-0.019207214969511513
484,ortho,gattggttgagaagatgtattatt,7.0,att,5.0,,DWLRRCII,,False,False,8.0,4.0,5.0,931.0,750.0,1247.0,1004.0,708.0,739.0,True,False,True,True,False,False,1.0,both,0.0056528348629018635,0.005340937379772331,0.00573045905707196,0.005383463342141936,0.004600747161339002,0.005311581547897942,-2.247733701463289,-2.2723825139197897,-2.24181058606619,-2.2689382398618783,-2.3371716331669554,-2.2747761464783625,I,non-synonymous,-0.010697003114082403,-0.03288836922691963,-0.016205383630197478,-0.019207214969511513,-0.027527876448601687,-0.018420831773396644,-0.019207214969511513
485,single,gattggttgagacgttatacactc,2.0,ttg,1.0,,DWLRRYTL,,False,False,1.0,1.0,1.0,1698.0,1552.0,2393.0,1610.0,1319.0,1143.0,True,False,True,True,False,False,1.0,both,0.009064804909633467,0.009950136163728397,0.008863213399503722,0.009818604462896893,0.009520479459197507,0.010192954806832218,-2.04264153824044,-2.0021709760631934,-2.052408794065734,-2.0079502349352873,-2.0213411796364857,-1.991699901343468,L,non-synonymous,0.01750063936838565,-0.009731213212953725,0.029843596894094868,0.008990427512956539,-0.004370720434635782,0.0276281487508957,0.008990427512956539
486,ortho,gattggttgcaaagatgtatgttg,2.0,ttg,1.0,,DWLQRCML,,False,False,10.0,4.0,6.0,148.0,128.0,182.0,165.0,118.0,107.0,True,False,True,True,False,False,1.0,both,0.0009290017453972186,0.0008901562299620552,0.0008297146401985111,0.0008558029802760542,0.0007851941822018563,0.000775226817736508,-3.031983470058383,-3.0505337643034336,-3.0810712467758057,-3.0676262054482635,-3.105022926910787,-3.1105712119718305,L,non-synonymous,-0.017980606052019996,-0.027659886714306702,-0.014501748100193803,-0.02649081790744911,-0.02229939393598876,-0.01671719624339297,-0.02229939393598876
487,ortho,gattggttgcaaagatgtatgttg,3.0,caa,2.0,,DWLQRCML,,False,False,10.0,4.0,6.0,148.0,128.0,182.0,165.0,118.0,107.0,True,False,True,True,False,False,1.0,both,0.0009290017453972186,0.0008901562299620552,0.0008297146401985111,0.0008558029802760542,0.0007851941822018563,0.000775226817736508,-3.031983470058383,-3.0505337643034336,-3.0810712467758057,-3.0676262054482635,-3.105022926910787,-3.1105712119718305,Q,non-synonymous,-0.017980606052019996,-0.027659886714306702,-0.014501748100193803,-0.02649081790744911,-0.02229939393598876,-0.01671719624339297,-0.02229939393598876
488,ortho,gattggttgcaaagatgtatgttg,4.0,aga,3.0,,DWLQRCML,,False,False,10.0,4.0,6.0,148.0,128.0,182.0,165.0,118.0,107.0,True,False,True,True,False,False,1.0,both,0.0009290017453972186,0.0008901562299620552,0.0008297146401985111,0.0008558029802760542,0.0007851941822018563,0.000775226817736508,-3.031983470058383,-3.0505337643034336,-3.0810712467758057,-3.0676262054482635,-3.105022926910787,-3.1105712119718305,R,synonymous,-0.017980606052019996,-0.027659886714306702,-0.014501748100193803,-0.02649081790744911,-0.02229939393598876,-0.01671719624339297,-0.02229939393598876
489,ortho,gattggttgcaaagatgtatgttg,5.0,tgt,4.0,,DWLQRCML,,False,False,10.0,4.0,6.0,148.0,128.0,182.0,165.0,118.0,107.0,True,False,True,True,False,False,1.0,both,0.0009290017453972186,0.0008901562299620552,0.0008297146401985111,0.0008558029802760542,0.0007851941822018563,0.000775226817736508,-3.031983470058383,-3.0505337643034336,-3.0810712467758057,-3.0676262054482635,-3.105022926910787,-3.1105712119718305,C,non-synonymous,-0.017980606052019996,-0.027659886714306702,-0.014501748100193803,-0.02649081790744911,-0.02229939393598876,-0.01671719624339297,-0.02229939393598876
490,ortho,gattggttgcaaagatgtatgttg,6.0,atg,5.0,,DWLQRCML,,False,False,10.0,4.0,6.0,148.0,128.0,182.0,165.0,118.0,107.0,True,False,True,True,False,False,1.0,both,0.0009290017453972186,0.0008901562299620552,0.0008297146401985111,0.0008558029802760542,0.0007851941822018563,0.000775226817736508,-3.031983470058383,-3.0505337643034336,-3.0810712467758057,-3.0676262054482635,-3.105022926910787,-3.1105712119718305,M,non-synonymous,-0.017980606052019996,-0.027659886714306702,-0.014501748100193803,-0.02649081790744911,-0.02229939393598876,-0.01671719624339297,-0.02229939393598876
491,ortho,gattggttgcaaagatgtatgttg,7.0,ttg,6.0,,DWLQRCML,,False,False,10.0,4.0,6.0,148.0,128.0,182.0,165.0,118.0,107.0,True,False,True,True,False,False,1.0,both,0.0009290017453972186,0.0008901562299620552,0.0008297146401985111,0.0008558029802760542,0.0007851941822018563,0.000775226817736508,-3.031983470058383,-3.0505337643034336,-3.0810712467758057,-3.0676262054482635,-3.105022926910787,-3.1105712119718305,L,synonymous,-0.017980606052019996,-0.027659886714306702,-0.014501748100193803,-0.02649081790744911,-0.02229939393598876,-0.01671719624339297,-0.02229939393598876
492,single,gattggtttagacgttatacactc,2.0,ttt,1.0,,DWFRRYTL,,False,False,2.0,1.0,1.0,758.0,763.0,985.0,658.0,617.0,478.0,True,False,True,True,False,False,1.0,both,0.0037047463543719386,0.004654460965140577,0.003706575682382134,0.004383099047630062,0.004680493445468878,0.004195595689398134,-2.431241520658334,-2.332130607576317,-2.4310271278488966,-2.3582187152111675,-2.3297083586037752,-2.3772063694592935,F,non-synonymous,0.0368376411966291,0.0012295863795366837,0.026457491578077995,0.028327429341199986,0.0065900791578546265,0.02424204343487883,0.02424204343487883
493,single,gattgtgtgagacgttatacactc,1.0,tgt,1.0,,DCVRRYTL,,False,False,1.0,1.0,1.0,54.0,66.0,107.0,92.0,80.0,59.0,True,False,True,True,False,False,1.0,both,0.0005179888519790553,0.0006034957491268171,0.0004575062034739454,0.00031225243874937115,0.00040486575019783215,0.0004557652170209141,-3.2856795869267343,-3.2193257846176153,-3.339603012818871,-3.5054941610202524,-3.3926889610167867,-3.3412588222716955,C,non-synonymous,-0.11088933601853354,-0.08800292737452187,-0.0008139715225838398,-0.11939954787396265,-0.08264243459620392,-0.003029419665783007,-0.08264243459620392
494,single,gatttggtgagacgttatacactc,1.0,ttg,1.0,,DLVRRYTL,,False,False,1.0,1.0,1.0,478.0,415.0,639.0,470.0,387.0,318.0,True,False,True,True,False,False,1.0,both,0.0026462473959799563,0.0029194106864009776,0.002465880893300248,0.002764012328188878,0.0025457467626075806,0.0027218128380968607,-2.577369556336572,-2.5347048065906477,-2.608027904476583,-2.558460024231102,-2.594184799846563,-2.565141741798505,L,non-synonymous,0.009539246741231185,-0.030193341143479317,0.021082205487660197,0.001029034885802074,-0.024832848365161374,0.01886675734446103,0.001029034885802074
495,single,gattttgtgagacgttatacactc,1.0,ttt,1.0,,DFVRRYTL,,False,False,2.0,1.0,1.0,375.0,400.0,549.0,433.0,349.0,322.0,True,False,True,True,False,False,1.0,both,0.0024379257924666406,0.0026327502055657395,0.0024968982630272953,0.0021684197135372995,0.002453731819380801,0.002338458917238148,-2.612979517918924,-2.579590344650379,-2.6025991527651846,-2.663856653115502,-2.610172905230693,-2.6310702555068133,F,non-synonymous,-0.025665867532848267,-0.015524374400474817,-0.01399597448167418,-0.03417607938827738,-0.010163881622156874,-0.016211422624873347,-0.016211422624873347
496,ortho,gcttgggttaatagatgtattgct,0.0,gct,1.0,,AWVNRCIA,,False,False,12.0,5.0,7.0,10.0,6.0,16.0,11.0,8.0,13.0,True,False,True,True,False,False,2.0,both,6.19334496931479e-05,6.034957491268171e-05,0.00010080645161290323,5.7824525694327994e-05,3.680597729071201e-05,6.815180815266005e-05,-4.208074729114065,-4.219325784617615,-3.9965116721541785,-4.237887920843221,-4.434081646175012,-4.166522617300981,A,non-synonymous,-0.0150397900097056,-0.10901475665381705,-0.08357487489941266,-0.02355000186513471,-0.1036542638754991,-0.08579032304261183,-0.08579032304261183
497,ortho,gcttgggttaatagatgtattgct,2.0,gtt,2.0,,AWVNRCIA,,False,False,12.0,5.0,7.0,10.0,6.0,16.0,11.0,8.0,13.0,True,False,True,True,False,False,2.0,both,6.19334496931479e-05,6.034957491268171e-05,0.00010080645161290323,5.7824525694327994e-05,3.680597729071201e-05,6.815180815266005e-05,-4.208074729114065,-4.219325784617615,-3.9965116721541785,-4.237887920843221,-4.434081646175012,-4.166522617300981,V,synonymous,-0.0150397900097056,-0.10901475665381705,-0.08357487489941266,-0.02355000186513471,-0.1036542638754991,-0.08579032304261183,-0.08579032304261183
498,ortho,gcttgggttaatagatgtattgct,3.0,aat,3.0,,AWVNRCIA,,False,False,12.0,5.0,7.0,10.0,6.0,16.0,11.0,8.0,13.0,True,False,True,True,False,False,2.0,both,6.19334496931479e-05,6.034957491268171e-05,0.00010080645161290323,5.7824525694327994e-05,3.680597729071201e-05,6.815180815266005e-05,-4.208074729114065,-4.219325784617615,-3.9965116721541785,-4.237887920843221,-4.434081646175012,-4.166522617300981,N,non-synonymous,-0.0150397900097056,-0.10901475665381705,-0.08357487489941266,-0.02355000186513471,-0.1036542638754991,-0.08579032304261183,-0.08579032304261183
499,ortho,gcttgggttaatagatgtattgct,4.0,aga,4.0,,AWVNRCIA,,False,False,12.0,5.0,7.0,10.0,6.0,16.0,11.0,8.0,13.0,True,False,True,True,False,False,2.0,both,6.19334496931479e-05,6.034957491268171e-05,0.00010080645161290323,5.7824525694327994e-05,3.680597729071201e-05,6.815180815266005e-05,-4.208074729114065,-4.219325784617615,-3.9965116721541785,-4.237887920843221,-4.434081646175012,-4.166522617300981,R,synonymous,-0.0150397900097056,-0.10901475665381705,-0.08357487489941266,-0.02355000186513471,-0.1036542638754991,-0.08579032304261183,-0.08579032304261183
500,ortho,gcttgggttaatagatgtattgct,5.0,tgt,5.0,,AWVNRCIA,,False,False,12.0,5.0,7.0,10.0,6.0,16.0,11.0,8.0,13.0,True,False,True,True,False,False,2.0,both,6.19334496931479e-05,6.034957491268171e-05,0.00010080645161290323,5.7824525694327994e-05,3.680597729071201e-05,6.815180815266005e-05,-4.208074729114065,-4.219325784617615,-3.9965116721541785,-4.237887920843221,-4.434081646175012,-4.166522617300981,C,non-synonymous,-0.0150397900097056,-0.10901475665381705,-0.08357487489941266,-0.02355000186513471,-0.1036542638754991,-0.08579032304261183,-0.08579032304261183
501,ortho,gcttgggttaatagatgtattgct,6.0,att,6.0,,AWVNRCIA,,False,False,12.0,5.0,7.0,10.0,6.0,16.0,11.0,8.0,13.0,True,False,True,True,False,False,2.0,both,6.19334496931479e-05,6.034957491268171e-05,0.00010080645161290323,5.7824525694327994e-05,3.680597729071201e-05,6.815180815266005e-05,-4.208074729114065,-4.219325784617615,-3.9965116721541785,-4.237887920843221,-4.434081646175012,-4.166522617300981,I,non-synonymous,-0.0150397900097056,-0.10901475665381705,-0.08357487489941266,-0.02355000186513471,-0.1036542638754991,-0.08579032304261183,-0.08579032304261183
502,ortho,gcttgggttaatagatgtattgct,7.0,gct,7.0,,AWVNRCIA,,False,False,12.0,5.0,7.0,10.0,6.0,16.0,11.0,8.0,13.0,True,False,True,True,False,False,2.0,both,6.19334496931479e-05,6.034957491268171e-05,0.00010080645161290323,5.7824525694327994e-05,3.680597729071201e-05,6.815180815266005e-05,-4.208074729114065,-4.219325784617615,-3.9965116721541785,-4.237887920843221,-4.434081646175012,-4.166522617300981,A,non-synonymous,-0.0150397900097056,-0.10901475665381705,-0.08357487489941266,-0.02355000186513471,-0.1036542638754991,-0.08579032304261183,-0.08579032304261183
503,ortho,gcttgggttaatagatgtgttgtt,0.0,gct,1.0,,AWVNRCVV,,False,False,12.0,5.0,7.0,333.0,303.0,469.0,389.0,244.0,256.0,True,False,True,True,False,False,1.0,both,0.0021901919936940487,0.0018406620348367922,0.0019851116625310174,0.0019255567056211222,0.0018587018531809566,0.001997699876474848,-2.6595178129465817,-2.7350259452708294,-2.702215059149166,-2.7154436873369012,-2.7307902680563507,-2.699469757241822,A,non-synonymous,-0.02821279300052234,0.002150122084919807,0.0013495499555588946,-0.03672300485595145,0.007510614863237749,-0.0008658981876402724,-0.0008658981876402724
504,ortho,gcttgggttaatagatgtgttgtt,2.0,gtt,2.0,,AWVNRCVV,,False,False,12.0,5.0,7.0,333.0,303.0,469.0,389.0,244.0,256.0,True,False,True,True,False,False,1.0,both,0.0021901919936940487,0.0018406620348367922,0.0019851116625310174,0.0019255567056211222,0.0018587018531809566,0.001997699876474848,-2.6595178129465817,-2.7350259452708294,-2.702215059149166,-2.7154436873369012,-2.7307902680563507,-2.699469757241822,V,synonymous,-0.02821279300052234,0.002150122084919807,0.0013495499555588946,-0.03672300485595145,0.007510614863237749,-0.0008658981876402724,-0.0008658981876402724
505,ortho,gcttgggttaatagatgtgttgtt,3.0,aat,3.0,,AWVNRCVV,,False,False,12.0,5.0,7.0,333.0,303.0,469.0,389.0,244.0,256.0,True,False,True,True,False,False,1.0,both,0.0021901919936940487,0.0018406620348367922,0.0019851116625310174,0.0019255567056211222,0.0018587018531809566,0.001997699876474848,-2.6595178129465817,-2.7350259452708294,-2.702215059149166,-2.7154436873369012,-2.7307902680563507,-2.699469757241822,N,non-synonymous,-0.02821279300052234,0.002150122084919807,0.0013495499555588946,-0.03672300485595145,0.007510614863237749,-0.0008658981876402724,-0.0008658981876402724
506,ortho,gcttgggttaatagatgtgttgtt,4.0,aga,4.0,,AWVNRCVV,,False,False,12.0,5.0,7.0,333.0,303.0,469.0,389.0,244.0,256.0,True,False,True,True,False,False,1.0,both,0.0021901919936940487,0.0018406620348367922,0.0019851116625310174,0.0019255567056211222,0.0018587018531809566,0.001997699876474848,-2.6595178129465817,-2.7350259452708294,-2.702215059149166,-2.7154436873369012,-2.7307902680563507,-2.699469757241822,R,synonymous,-0.02821279300052234,0.002150122084919807,0.0013495499555588946,-0.03672300485595145,0.007510614863237749,-0.0008658981876402724,-0.0008658981876402724
507,ortho,gcttgggttaatagatgtgttgtt,5.0,tgt,5.0,,AWVNRCVV,,False,False,12.0,5.0,7.0,333.0,303.0,469.0,389.0,244.0,256.0,True,False,True,True,False,False,1.0,both,0.0021901919936940487,0.0018406620348367922,0.0019851116625310174,0.0019255567056211222,0.0018587018531809566,0.001997699876474848,-2.6595178129465817,-2.7350259452708294,-2.702215059149166,-2.7154436873369012,-2.7307902680563507,-2.699469757241822,C,non-synonymous,-0.02821279300052234,0.002150122084919807,0.0013495499555588946,-0.03672300485595145,0.007510614863237749,-0.0008658981876402724,-0.0008658981876402724
508,ortho,gcttgggttaatagatgtgttgtt,6.0,gtt,6.0,,AWVNRCVV,,False,False,12.0,5.0,7.0,333.0,303.0,469.0,389.0,244.0,256.0,True,False,True,True,False,False,1.0,both,0.0021901919936940487,0.0018406620348367922,0.0019851116625310174,0.0019255567056211222,0.0018587018531809566,0.001997699876474848,-2.6595178129465817,-2.7350259452708294,-2.702215059149166,-2.7154436873369012,-2.7307902680563507,-2.699469757241822,V,non-synonymous,-0.02821279300052234,0.002150122084919807,0.0013495499555588946,-0.03672300485595145,0.007510614863237749,-0.0008658981876402724,-0.0008658981876402724
509,ortho,gcttgggttaatagatgtgttgtt,7.0,gtt,7.0,,AWVNRCVV,,False,False,12.0,5.0,7.0,333.0,303.0,469.0,389.0,244.0,256.0,True,False,True,True,False,False,1.0,both,0.0021901919936940487,0.0018406620348367922,0.0019851116625310174,0.0019255567056211222,0.0018587018531809566,0.001997699876474848,-2.6595178129465817,-2.7350259452708294,-2.702215059149166,-2.7154436873369012,-2.7307902680563507,-2.699469757241822,V,non-synonymous,-0.02821279300052234,0.002150122084919807,0.0013495499555588946,-0.03672300485595145,0.007510614863237749,-0.0008658981876402724,-0.0008658981876402724
510,ortho,ggtgctattttgaatcaacaattt,0.0,ggt,1.0,,GAILNQQF,,False,False,17.0,8.0,8.0,93.0,65.0,143.0,79.0,67.0,55.0,True,False,True,True,False,False,1.0,both,0.00044479477506897134,0.0005054276898937094,0.0004264888337468983,0.0005377680889572503,0.0003987314206493801,0.0006091067853643992,-3.351840322981848,-3.2963409689087326,-3.3700923349667717,-3.2694049722892857,-3.3993195399158,-3.2153065624918433,G,non-synonymous,0.04158596553686265,-0.05227416740796585,0.07609040441267394,0.033075753681433534,-0.046913674629647906,0.07387495626947477,0.033075753681433534
511,ortho,ggtgctattttgaatcaacaattt,1.0,gct,2.0,,GAILNQQF,,False,False,17.0,8.0,8.0,93.0,65.0,143.0,79.0,67.0,55.0,True,False,True,True,False,False,1.0,both,0.00044479477506897134,0.0005054276898937094,0.0004264888337468983,0.0005377680889572503,0.0003987314206493801,0.0006091067853643992,-3.351840322981848,-3.2963409689087326,-3.3700923349667717,-3.2694049722892857,-3.3993195399158,-3.2153065624918433,A,non-synonymous,0.04158596553686265,-0.05227416740796585,0.07609040441267394,0.033075753681433534,-0.046913674629647906,0.07387495626947477,0.033075753681433534
512,ortho,ggtgctattttgaatcaacaattt,2.0,att,3.0,,GAILNQQF,,False,False,17.0,8.0,8.0,93.0,65.0,143.0,79.0,67.0,55.0,True,False,True,True,False,False,1.0,both,0.00044479477506897134,0.0005054276898937094,0.0004264888337468983,0.0005377680889572503,0.0003987314206493801,0.0006091067853643992,-3.351840322981848,-3.2963409689087326,-3.3700923349667717,-3.2694049722892857,-3.3993195399158,-3.2153065624918433,I,non-synonymous,0.04158596553686265,-0.05227416740796585,0.07609040441267394,0.033075753681433534,-0.046913674629647906,0.07387495626947477,0.033075753681433534
513,ortho,ggtgctattttgaatcaacaattt,3.0,ttg,4.0,,GAILNQQF,,False,False,17.0,8.0,8.0,93.0,65.0,143.0,79.0,67.0,55.0,True,False,True,True,False,False,1.0,both,0.00044479477506897134,0.0005054276898937094,0.0004264888337468983,0.0005377680889572503,0.0003987314206493801,0.0006091067853643992,-3.351840322981848,-3.2963409689087326,-3.3700923349667717,-3.2694049722892857,-3.3993195399158,-3.2153065624918433,L,non-synonymous,0.04158596553686265,-0.05227416740796585,0.07609040441267394,0.033075753681433534,-0.046913674629647906,0.07387495626947477,0.033075753681433534
514,ortho,ggtgctattttgaatcaacaattt,4.0,aat,5.0,,GAILNQQF,,False,False,17.0,8.0,8.0,93.0,65.0,143.0,79.0,67.0,55.0,True,False,True,True,False,False,1.0,both,0.00044479477506897134,0.0005054276898937094,0.0004264888337468983,0.0005377680889572503,0.0003987314206493801,0.0006091067853643992,-3.351840322981848,-3.2963409689087326,-3.3700923349667717,-3.2694049722892857,-3.3993195399158,-3.2153065624918433,N,non-synonymous,0.04158596553686265,-0.05227416740796585,0.07609040441267394,0.033075753681433534,-0.046913674629647906,0.07387495626947477,0.033075753681433534
515,ortho,ggtgctattttgaatcaacaattt,5.0,caa,6.0,,GAILNQQF,,False,False,17.0,8.0,8.0,93.0,65.0,143.0,79.0,67.0,55.0,True,False,True,True,False,False,1.0,both,0.00044479477506897134,0.0005054276898937094,0.0004264888337468983,0.0005377680889572503,0.0003987314206493801,0.0006091067853643992,-3.351840322981848,-3.2963409689087326,-3.3700923349667717,-3.2694049722892857,-3.3993195399158,-3.2153065624918433,Q,non-synonymous,0.04158596553686265,-0.05227416740796585,0.07609040441267394,0.033075753681433534,-0.046913674629647906,0.07387495626947477,0.033075753681433534
516,ortho,ggtgctattttgaatcaacaattt,6.0,caa,7.0,,GAILNQQF,,False,False,17.0,8.0,8.0,93.0,65.0,143.0,79.0,67.0,55.0,True,False,True,True,False,False,1.0,both,0.00044479477506897134,0.0005054276898937094,0.0004264888337468983,0.0005377680889572503,0.0003987314206493801,0.0006091067853643992,-3.351840322981848,-3.2963409689087326,-3.3700923349667717,-3.2694049722892857,-3.3993195399158,-3.2153065624918433,Q,non-synonymous,0.04158596553686265,-0.05227416740796585,0.07609040441267394,0.033075753681433534,-0.046913674629647906,0.07387495626947477,0.033075753681433534
517,ortho,ggtgctattttgaatcaacaattt,7.0,ttt,8.0,,GAILNQQF,,False,False,17.0,8.0,8.0,93.0,65.0,143.0,79.0,67.0,55.0,True,False,True,True,False,False,1.0,both,0.00044479477506897134,0.0005054276898937094,0.0004264888337468983,0.0005377680889572503,0.0003987314206493801,0.0006091067853643992,-3.351840322981848,-3.2963409689087326,-3.3700923349667717,-3.2694049722892857,-3.3993195399158,-3.2153065624918433,F,non-synonymous,0.04158596553686265,-0.05227416740796585,0.07609040441267394,0.033075753681433534,-0.046913674629647906,0.07387495626947477,0.033075753681433534
518,ortho,ggtgttattttgaatcaacaattt,0.0,ggt,1.0,,GVILNQQF,,False,False,17.0,8.0,8.0,798.0,770.0,1245.0,897.0,576.0,696.0,True,False,True,True,False,False,1.0,both,0.005050391306795789,0.004345169393713083,0.005397022332506204,0.004614397150407374,0.004723433752308041,0.00530306257187886,-2.2966749712281973,-2.361993288186347,-2.2678457848504534,-2.3358850294924913,-2.3257421713861737,-2.27547324852515,G,non-synonymous,-0.019780204948220435,0.018401857102949296,-0.003749548723831614,-0.02829041680364955,0.02376234988126724,-0.005964996867030781,-0.005964996867030781
519,ortho,ggtgttattttgaatcaacaattt,1.0,gtt,2.0,,GVILNQQF,,False,False,17.0,8.0,8.0,798.0,770.0,1245.0,897.0,576.0,696.0,True,False,True,True,False,False,1.0,both,0.005050391306795789,0.004345169393713083,0.005397022332506204,0.004614397150407374,0.004723433752308041,0.00530306257187886,-2.2966749712281973,-2.361993288186347,-2.2678457848504534,-2.3358850294924913,-2.3257421713861737,-2.27547324852515,V,non-synonymous,-0.019780204948220435,0.018401857102949296,-0.003749548723831614,-0.02829041680364955,0.02376234988126724,-0.005964996867030781,-0.005964996867030781
520,ortho,ggtgttattttgaatcaacaattt,2.0,att,3.0,,GVILNQQF,,False,False,17.0,8.0,8.0,798.0,770.0,1245.0,897.0,576.0,696.0,True,False,True,True,False,False,1.0,both,0.005050391306795789,0.004345169393713083,0.005397022332506204,0.004614397150407374,0.004723433752308041,0.00530306257187886,-2.2966749712281973,-2.361993288186347,-2.2678457848504534,-2.3358850294924913,-2.3257421713861737,-2.27547324852515,I,non-synonymous,-0.019780204948220435,0.018401857102949296,-0.003749548723831614,-0.02829041680364955,0.02376234988126724,-0.005964996867030781,-0.005964996867030781
521,ortho,ggtgttattttgaatcaacaattt,3.0,ttg,4.0,,GVILNQQF,,False,False,17.0,8.0,8.0,798.0,770.0,1245.0,897.0,576.0,696.0,True,False,True,True,False,False,1.0,both,0.005050391306795789,0.004345169393713083,0.005397022332506204,0.004614397150407374,0.004723433752308041,0.00530306257187886,-2.2966749712281973,-2.361993288186347,-2.2678457848504534,-2.3358850294924913,-2.3257421713861737,-2.27547324852515,L,non-synonymous,-0.019780204948220435,0.018401857102949296,-0.003749548723831614,-0.02829041680364955,0.02376234988126724,-0.005964996867030781,-0.005964996867030781
522,ortho,ggtgttattttgaatcaacaattt,4.0,aat,5.0,,GVILNQQF,,False,False,17.0,8.0,8.0,798.0,770.0,1245.0,897.0,576.0,696.0,True,False,True,True,False,False,1.0,both,0.005050391306795789,0.004345169393713083,0.005397022332506204,0.004614397150407374,0.004723433752308041,0.00530306257187886,-2.2966749712281973,-2.361993288186347,-2.2678457848504534,-2.3358850294924913,-2.3257421713861737,-2.27547324852515,N,non-synonymous,-0.019780204948220435,0.018401857102949296,-0.003749548723831614,-0.02829041680364955,0.02376234988126724,-0.005964996867030781,-0.005964996867030781
523,ortho,ggtgttattttgaatcaacaattt,5.0,caa,6.0,,GVILNQQF,,False,False,17.0,8.0,8.0,798.0,770.0,1245.0,897.0,576.0,696.0,True,False,True,True,False,False,1.0,both,0.005050391306795789,0.004345169393713083,0.005397022332506204,0.004614397150407374,0.004723433752308041,0.00530306257187886,-2.2966749712281973,-2.361993288186347,-2.2678457848504534,-2.3358850294924913,-2.3257421713861737,-2.27547324852515,Q,non-synonymous,-0.019780204948220435,0.018401857102949296,-0.003749548723831614,-0.02829041680364955,0.02376234988126724,-0.005964996867030781,-0.005964996867030781
524,ortho,ggtgttattttgaatcaacaattt,6.0,caa,7.0,,GVILNQQF,,False,False,17.0,8.0,8.0,798.0,770.0,1245.0,897.0,576.0,696.0,True,False,True,True,False,False,1.0,both,0.005050391306795789,0.004345169393713083,0.005397022332506204,0.004614397150407374,0.004723433752308041,0.00530306257187886,-2.2966749712281973,-2.361993288186347,-2.2678457848504534,-2.3358850294924913,-2.3257421713861737,-2.27547324852515,Q,non-synonymous,-0.019780204948220435,0.018401857102949296,-0.003749548723831614,-0.02829041680364955,0.02376234988126724,-0.005964996867030781,-0.005964996867030781
525,ortho,ggtgttattttgaatcaacaattt,7.0,ttt,8.0,,GVILNQQF,,False,False,17.0,8.0,8.0,798.0,770.0,1245.0,897.0,576.0,696.0,True,False,True,True,False,False,1.0,both,0.005050391306795789,0.004345169393713083,0.005397022332506204,0.004614397150407374,0.004723433752308041,0.00530306257187886,-2.2966749712281973,-2.361993288186347,-2.2678457848504534,-2.3358850294924913,-2.3257421713861737,-2.27547324852515,F,non-synonymous,-0.019780204948220435,0.018401857102949296,-0.003749548723831614,-0.02829041680364955,0.02376234988126724,-0.005964996867030781,-0.005964996867030781
526,ortho,ggttgggttcaaagatgtattttg,0.0,ggt,1.0,,GWVQRCIL,,False,False,11.0,4.0,7.0,278.0,294.0,515.0,422.0,287.0,287.0,True,False,True,True,False,False,1.0,both,0.0023759923427734927,0.0021650409999924565,0.0022254962779156328,0.0016075218143023183,0.0018034928872448885,0.0021936363249137453,-2.6241549633106156,-2.6645338748755667,-2.652573127727023,-2.7938431249251447,-2.7438855661464983,-2.6588353709157144,G,non-synonymous,-0.08560218379166873,-0.04028064822648611,-0.0030784264544417425,-0.09411239564709784,-0.034920155448168164,-0.0052938745976409095,-0.034920155448168164
527,ortho,ggttgggttcaaagatgtattttg,2.0,gtt,2.0,,GWVQRCIL,,False,False,11.0,4.0,7.0,278.0,294.0,515.0,422.0,287.0,287.0,True,False,True,True,False,False,1.0,both,0.0023759923427734927,0.0021650409999924565,0.0022254962779156328,0.0016075218143023183,0.0018034928872448885,0.0021936363249137453,-2.6241549633106156,-2.6645338748755667,-2.652573127727023,-2.7938431249251447,-2.7438855661464983,-2.6588353709157144,V,synonymous,-0.08560218379166873,-0.04028064822648611,-0.0030784264544417425,-0.09411239564709784,-0.034920155448168164,-0.0052938745976409095,-0.034920155448168164
528,ortho,ggttgggttcaaagatgtattttg,3.0,caa,3.0,,GWVQRCIL,,False,False,11.0,4.0,7.0,278.0,294.0,515.0,422.0,287.0,287.0,True,False,True,True,False,False,1.0,both,0.0023759923427734927,0.0021650409999924565,0.0022254962779156328,0.0016075218143023183,0.0018034928872448885,0.0021936363249137453,-2.6241549633106156,-2.6645338748755667,-2.652573127727023,-2.7938431249251447,-2.7438855661464983,-2.6588353709157144,Q,non-synonymous,-0.08560218379166873,-0.04028064822648611,-0.0030784264544417425,-0.09411239564709784,-0.034920155448168164,-0.0052938745976409095,-0.034920155448168164
529,ortho,ggttgggttcaaagatgtattttg,4.0,aga,4.0,,GWVQRCIL,,False,False,11.0,4.0,7.0,278.0,294.0,515.0,422.0,287.0,287.0,True,False,True,True,False,False,1.0,both,0.0023759923427734927,0.0021650409999924565,0.0022254962779156328,0.0016075218143023183,0.0018034928872448885,0.0021936363249137453,-2.6241549633106156,-2.6645338748755667,-2.652573127727023,-2.7938431249251447,-2.7438855661464983,-2.6588353709157144,R,synonymous,-0.08560218379166873,-0.04028064822648611,-0.0030784264544417425,-0.09411239564709784,-0.034920155448168164,-0.0052938745976409095,-0.034920155448168164
530,ortho,ggttgggttcaaagatgtattttg,5.0,tgt,5.0,,GWVQRCIL,,False,False,11.0,4.0,7.0,278.0,294.0,515.0,422.0,287.0,287.0,True,False,True,True,False,False,1.0,both,0.0023759923427734927,0.0021650409999924565,0.0022254962779156328,0.0016075218143023183,0.0018034928872448885,0.0021936363249137453,-2.6241549633106156,-2.6645338748755667,-2.652573127727023,-2.7938431249251447,-2.7438855661464983,-2.6588353709157144,C,non-synonymous,-0.08560218379166873,-0.04028064822648611,-0.0030784264544417425,-0.09411239564709784,-0.034920155448168164,-0.0052938745976409095,-0.034920155448168164
531,ortho,ggttgggttcaaagatgtattttg,6.0,att,6.0,,GWVQRCIL,,False,False,11.0,4.0,7.0,278.0,294.0,515.0,422.0,287.0,287.0,True,False,True,True,False,False,1.0,both,0.0023759923427734927,0.0021650409999924565,0.0022254962779156328,0.0016075218143023183,0.0018034928872448885,0.0021936363249137453,-2.6241549633106156,-2.6645338748755667,-2.652573127727023,-2.7938431249251447,-2.7438855661464983,-2.6588353709157144,I,non-synonymous,-0.08560218379166873,-0.04028064822648611,-0.0030784264544417425,-0.09411239564709784,-0.034920155448168164,-0.0052938745976409095,-0.034920155448168164
532,ortho,ggttgggttcaaagatgtattttg,7.0,ttg,7.0,,GWVQRCIL,,False,False,11.0,4.0,7.0,278.0,294.0,515.0,422.0,287.0,287.0,True,False,True,True,False,False,1.0,both,0.0023759923427734927,0.0021650409999924565,0.0022254962779156328,0.0016075218143023183,0.0018034928872448885,0.0021936363249137453,-2.6241549633106156,-2.6645338748755667,-2.652573127727023,-2.7938431249251447,-2.7438855661464983,-2.6588353709157144,L,synonymous,-0.08560218379166873,-0.04028064822648611,-0.0030784264544417425,-0.09411239564709784,-0.034920155448168164,-0.0052938745976409095,-0.034920155448168164
533,ortho,ggttggtgtcaaagatatattttg,0.0,ggt,1.0,,GWCQRYIL,,False,False,12.0,4.0,6.0,762.0,665.0,975.0,789.0,508.0,605.0,True,False,True,True,False,False,1.0,both,0.004442317437081246,0.0038321980069552885,0.004691377171215881,0.004406228857907793,0.004079329149720581,0.004153000809302722,-2.3523904110628693,-2.4165520593256398,-2.3286996498085464,-2.3559329495036203,-2.389411251255551,-2.3816379842583686,G,non-synonymous,-0.0017870959518266679,0.013777265801696855,-0.026023704975034437,-0.01029730780725578,0.019137758580014798,-0.028239153118233603,-0.01029730780725578
534,ortho,ggttggtgtcaaagatatattttg,2.0,tgt,2.0,,GWCQRYIL,,False,False,12.0,4.0,6.0,762.0,665.0,975.0,789.0,508.0,605.0,True,False,True,True,False,False,1.0,both,0.004442317437081246,0.0038321980069552885,0.004691377171215881,0.004406228857907793,0.004079329149720581,0.004153000809302722,-2.3523904110628693,-2.4165520593256398,-2.3286996498085464,-2.3559329495036203,-2.389411251255551,-2.3816379842583686,C,non-synonymous,-0.0017870959518266679,0.013777265801696855,-0.026023704975034437,-0.01029730780725578,0.019137758580014798,-0.028239153118233603,-0.01029730780725578
535,ortho,ggttggtgtcaaagatatattttg,3.0,caa,3.0,,GWCQRYIL,,False,False,12.0,4.0,6.0,762.0,665.0,975.0,789.0,508.0,605.0,True,False,True,True,False,False,1.0,both,0.004442317437081246,0.0038321980069552885,0.004691377171215881,0.004406228857907793,0.004079329149720581,0.004153000809302722,-2.3523904110628693,-2.4165520593256398,-2.3286996498085464,-2.3559329495036203,-2.389411251255551,-2.3816379842583686,Q,non-synonymous,-0.0017870959518266679,0.013777265801696855,-0.026023704975034437,-0.01029730780725578,0.019137758580014798,-0.028239153118233603,-0.01029730780725578
536,ortho,ggttggtgtcaaagatatattttg,4.0,aga,4.0,,GWCQRYIL,,False,False,12.0,4.0,6.0,762.0,665.0,975.0,789.0,508.0,605.0,True,False,True,True,False,False,1.0,both,0.004442317437081246,0.0038321980069552885,0.004691377171215881,0.004406228857907793,0.004079329149720581,0.004153000809302722,-2.3523904110628693,-2.4165520593256398,-2.3286996498085464,-2.3559329495036203,-2.389411251255551,-2.3816379842583686,R,synonymous,-0.0017870959518266679,0.013777265801696855,-0.026023704975034437,-0.01029730780725578,0.019137758580014798,-0.028239153118233603,-0.01029730780725578
537,ortho,ggttggtgtcaaagatatattttg,6.0,att,5.0,,GWCQRYIL,,False,False,12.0,4.0,6.0,762.0,665.0,975.0,789.0,508.0,605.0,True,False,True,True,False,False,1.0,both,0.004442317437081246,0.0038321980069552885,0.004691377171215881,0.004406228857907793,0.004079329149720581,0.004153000809302722,-2.3523904110628693,-2.4165520593256398,-2.3286996498085464,-2.3559329495036203,-2.389411251255551,-2.3816379842583686,I,non-synonymous,-0.0017870959518266679,0.013777265801696855,-0.026023704975034437,-0.01029730780725578,0.019137758580014798,-0.028239153118233603,-0.01029730780725578
538,ortho,ggttggtgtcaaagatatattttg,7.0,ttg,6.0,,GWCQRYIL,,False,False,12.0,4.0,6.0,762.0,665.0,975.0,789.0,508.0,605.0,True,False,True,True,False,False,1.0,both,0.004442317437081246,0.0038321980069552885,0.004691377171215881,0.004406228857907793,0.004079329149720581,0.004153000809302722,-2.3523904110628693,-2.4165520593256398,-2.3286996498085464,-2.3559329495036203,-2.389411251255551,-2.3816379842583686,L,synonymous,-0.0017870959518266679,0.013777265801696855,-0.026023704975034437,-0.01029730780725578,0.019137758580014798,-0.028239153118233603,-0.01029730780725578
539,ortho,ggttggttgtatagatgtattttg,0.0,ggt,1.0,,GWLYRCIL,,False,False,12.0,5.0,7.0,612.0,457.0,710.0,657.0,436.0,404.0,True,False,True,True,False,False,1.0,both,0.0036991160407634704,0.0032890518327411532,0.003132754342431762,0.003538860972492873,0.0028033886036425647,0.0030242364867742897,-2.431902044712509,-2.4829292823409728,-2.5040736593504103,-2.4511364986976596,-2.5523166964888055,-2.5193842512378297,G,non-synonymous,-0.00970315931001466,-0.03522256395382216,-0.007526461314135679,-0.01821337116544377,-0.029862071175504216,-0.009741909457334847,-0.01821337116544377
540,ortho,ggttggttgtatagatgtattttg,2.0,ttg,2.0,,GWLYRCIL,,False,False,12.0,5.0,7.0,612.0,457.0,710.0,657.0,436.0,404.0,True,False,True,True,False,False,1.0,both,0.0036991160407634704,0.0032890518327411532,0.003132754342431762,0.003538860972492873,0.0028033886036425647,0.0030242364867742897,-2.431902044712509,-2.4829292823409728,-2.5040736593504103,-2.4511364986976596,-2.5523166964888055,-2.5193842512378297,L,non-synonymous,-0.00970315931001466,-0.03522256395382216,-0.007526461314135679,-0.01821337116544377,-0.029862071175504216,-0.009741909457334847,-0.01821337116544377
541,ortho,ggttggttgtatagatgtattttg,3.0,tat,3.0,,GWLYRCIL,,False,False,12.0,5.0,7.0,612.0,457.0,710.0,657.0,436.0,404.0,True,False,True,True,False,False,1.0,both,0.0036991160407634704,0.0032890518327411532,0.003132754342431762,0.003538860972492873,0.0028033886036425647,0.0030242364867742897,-2.431902044712509,-2.4829292823409728,-2.5040736593504103,-2.4511364986976596,-2.5523166964888055,-2.5193842512378297,Y,non-synonymous,-0.00970315931001466,-0.03522256395382216,-0.007526461314135679,-0.01821337116544377,-0.029862071175504216,-0.009741909457334847,-0.01821337116544377
542,ortho,ggttggttgtatagatgtattttg,4.0,aga,4.0,,GWLYRCIL,,False,False,12.0,5.0,7.0,612.0,457.0,710.0,657.0,436.0,404.0,True,False,True,True,False,False,1.0,both,0.0036991160407634704,0.0032890518327411532,0.003132754342431762,0.003538860972492873,0.0028033886036425647,0.0030242364867742897,-2.431902044712509,-2.4829292823409728,-2.5040736593504103,-2.4511364986976596,-2.5523166964888055,-2.5193842512378297,R,synonymous,-0.00970315931001466,-0.03522256395382216,-0.007526461314135679,-0.01821337116544377,-0.029862071175504216,-0.009741909457334847,-0.01821337116544377
543,ortho,ggttggttgtatagatgtattttg,5.0,tgt,5.0,,GWLYRCIL,,False,False,12.0,5.0,7.0,612.0,457.0,710.0,657.0,436.0,404.0,True,False,True,True,False,False,1.0,both,0.0036991160407634704,0.0032890518327411532,0.003132754342431762,0.003538860972492873,0.0028033886036425647,0.0030242364867742897,-2.431902044712509,-2.4829292823409728,-2.5040736593504103,-2.4511364986976596,-2.5523166964888055,-2.5193842512378297,C,non-synonymous,-0.00970315931001466,-0.03522256395382216,-0.007526461314135679,-0.01821337116544377,-0.029862071175504216,-0.009741909457334847,-0.01821337116544377
544,ortho,ggttggttgtatagatgtattttg,6.0,att,6.0,,GWLYRCIL,,False,False,12.0,5.0,7.0,612.0,457.0,710.0,657.0,436.0,404.0,True,False,True,True,False,False,1.0,both,0.0036991160407634704,0.0032890518327411532,0.003132754342431762,0.003538860972492873,0.0028033886036425647,0.0030242364867742897,-2.431902044712509,-2.4829292823409728,-2.5040736593504103,-2.4511364986976596,-2.5523166964888055,-2.5193842512378297,I,non-synonymous,-0.00970315931001466,-0.03522256395382216,-0.007526461314135679,-0.01821337116544377,-0.029862071175504216,-0.009741909457334847,-0.01821337116544377
545,ortho,ggttggttgtatagatgtattttg,7.0,ttg,7.0,,GWLYRCIL,,False,False,12.0,5.0,7.0,612.0,457.0,710.0,657.0,436.0,404.0,True,False,True,True,False,False,1.0,both,0.0036991160407634704,0.0032890518327411532,0.003132754342431762,0.003538860972492873,0.0028033886036425647,0.0030242364867742897,-2.431902044712509,-2.4829292823409728,-2.5040736593504103,-2.4511364986976596,-2.5523166964888055,-2.5193842512378297,L,synonymous,-0.00970315931001466,-0.03522256395382216,-0.007526461314135679,-0.01821337116544377,-0.029862071175504216,-0.009741909457334847,-0.01821337116544377
546,single,gtgtgggtgagacgttatacactc,0.0,gtg,1.0,,VWVRRYTL,,False,False,2.0,1.0,1.0,450.0,445.0,645.0,449.0,347.0,313.0,True,False,True,True,False,False,1.0,both,0.0025280108102021283,0.002617662811837569,0.0024271091811414393,0.0026021036562447596,0.002729776649061141,0.0027473697661541084,-2.5972210732689662,-2.582086296818685,-2.614910686914567,-2.5846754070678775,-2.563872885577724,-2.561082885321637,V,non-synonymous,0.006328882425953552,0.009245524568551183,0.02646095391302586,-0.0021813294294755594,0.014606017346869126,0.024245505769826693,0.014606017346869126
547,single,gtttgggtgagacgttatacactc,0.0,gtt,1.0,,VWVRRYTL,,False,False,1.0,1.0,1.0,608.0,563.0,840.0,644.0,475.0,433.0,True,False,True,True,False,False,1.0,both,0.0036259219638533867,0.0035832560104404765,0.003357630272952854,0.0035157311622151417,0.003453627535778477,0.003577969928014653,-2.4405815469124774,-2.4457221619846923,-2.47396712810765,-2.4539843415704863,-2.4617245017073093,-2.4463633138950236,V,non-synonymous,-0.006761275982487946,-0.008123136468089202,0.013569628223493698,-0.015271487837917057,-0.0027626436897712596,0.01135418008029453,-0.0027626436897712596
548,single,tagtgggtgagacgttatacactc,0.0,tag,1.0,,*WVRRYTL,,True,False,2.0,1.0,1.0,2.0,3.0,8.0,7.0,3.0,6.0,True,False,True,True,False,False,2.0,both,3.941219525927594e-05,2.2631090592255642e-05,4.652605459057072e-05,1.1564905138865599e-05,1.8402988645356005e-05,3.407590407633002e-05,-4.4043693742580325,-4.645294516889896,-4.3323037740773715,-4.93685792517924,-4.735111641838993,-4.467552612964962,*,stop,-0.26862323434479174,-0.04559313049089636,-0.06648633580950232,-0.27713344620022085,-0.040232637712578415,-0.06870178395270149,-0.06870178395270149
549,single,tattgggtgagacgttatacactc,0.0,tat,1.0,,YWVRRYTL,,False,False,1.0,1.0,1.0,1426.0,1291.0,1989.0,1486.0,1111.0,961.0,True,False,True,True,False,False,1.0,both,0.008366646022183436,0.008381047215998673,0.007451923076923077,0.008245777364011171,0.007919419447051535,0.008472121650977552,-2.077448604847733,-2.076701712668691,-2.12773163679247,-2.0837683953273745,-2.101306654292235,-2.07200781683247,Y,non-synonymous,-0.003188129690461326,-0.012490004715681007,0.02739300859749401,-0.011698341545890438,-0.007129511937363064,0.025177560454294843,-0.007129511937363064
550,single,tcttgggtgagacgttatacactc,0.0,tct,1.0,,SWVRRYTL,,False,False,2.0,1.0,1.0,230.0,222.0,357.0,267.0,213.0,154.0,True,False,True,True,False,False,1.0,both,0.0015032937334609538,0.0016068074320501505,0.0011941687344913152,0.0013299640909695438,0.0013618211597563445,0.0015206372194062274,-2.8229561529077145,-2.794036168170821,-2.9229343036245523,-2.876160084825628,-2.865879922108017,-2.817974383844712,S,non-synonymous,-0.026839661147502986,-0.036469455575101416,0.05159674959443375,-0.035349873002932096,-0.031108962796783473,0.04938130145123458,-0.031108962796783473
551,ortho,tcttggttgaaaagatgtgttatt,0.0,tct,1.0,,SWLKRCVI,,False,False,12.0,6.0,7.0,149.0,68.0,169.0,109.0,112.0,97.0,True,False,True,True,False,False,1.0,both,0.0006137041833230111,0.000844894048777544,0.0007521712158808933,0.0008615854328454871,0.0004171344092947361,0.0007198534736124717,-3.212040916331666,-3.073197748939377,-3.1236832901947706,-3.064701652430947,-3.3797239838524193,-3.1427558953432317,S,non-synonymous,0.07432788845228801,-0.1555993986135049,-0.009375811586201974,0.0658176765968589,-0.15023890583518698,-0.01159125972940114,-0.01159125972940114
552,ortho,tcttggttgaaaagatgtgttatt,2.0,ttg,2.0,,SWLKRCVI,,False,False,12.0,6.0,7.0,149.0,68.0,169.0,109.0,112.0,97.0,True,False,True,True,False,False,1.0,both,0.0006137041833230111,0.000844894048777544,0.0007521712158808933,0.0008615854328454871,0.0004171344092947361,0.0007198534736124717,-3.212040916331666,-3.073197748939377,-3.1236832901947706,-3.064701652430947,-3.3797239838524193,-3.1427558953432317,L,non-synonymous,0.07432788845228801,-0.1555993986135049,-0.009375811586201974,0.0658176765968589,-0.15023890583518698,-0.01159125972940114,-0.01159125972940114
553,ortho,tcttggttgaaaagatgtgttatt,3.0,aaa,3.0,,SWLKRCVI,,False,False,12.0,6.0,7.0,149.0,68.0,169.0,109.0,112.0,97.0,True,False,True,True,False,False,1.0,both,0.0006137041833230111,0.000844894048777544,0.0007521712158808933,0.0008615854328454871,0.0004171344092947361,0.0007198534736124717,-3.212040916331666,-3.073197748939377,-3.1236832901947706,-3.064701652430947,-3.3797239838524193,-3.1427558953432317,K,non-synonymous,0.07432788845228801,-0.1555993986135049,-0.009375811586201974,0.0658176765968589,-0.15023890583518698,-0.01159125972940114,-0.01159125972940114
554,ortho,tcttggttgaaaagatgtgttatt,4.0,aga,4.0,,SWLKRCVI,,False,False,12.0,6.0,7.0,149.0,68.0,169.0,109.0,112.0,97.0,True,False,True,True,False,False,1.0,both,0.0006137041833230111,0.000844894048777544,0.0007521712158808933,0.0008615854328454871,0.0004171344092947361,0.0007198534736124717,-3.212040916331666,-3.073197748939377,-3.1236832901947706,-3.064701652430947,-3.3797239838524193,-3.1427558953432317,R,synonymous,0.07432788845228801,-0.1555993986135049,-0.009375811586201974,0.0658176765968589,-0.15023890583518698,-0.01159125972940114,-0.01159125972940114
555,ortho,tcttggttgaaaagatgtgttatt,5.0,tgt,5.0,,SWLKRCVI,,False,False,12.0,6.0,7.0,149.0,68.0,169.0,109.0,112.0,97.0,True,False,True,True,False,False,1.0,both,0.0006137041833230111,0.000844894048777544,0.0007521712158808933,0.0008615854328454871,0.0004171344092947361,0.0007198534736124717,-3.212040916331666,-3.073197748939377,-3.1236832901947706,-3.064701652430947,-3.3797239838524193,-3.1427558953432317,C,non-synonymous,0.07432788845228801,-0.1555993986135049,-0.009375811586201974,0.0658176765968589,-0.15023890583518698,-0.01159125972940114,-0.01159125972940114
556,ortho,tcttggttgaaaagatgtgttatt,6.0,gtt,6.0,,SWLKRCVI,,False,False,12.0,6.0,7.0,149.0,68.0,169.0,109.0,112.0,97.0,True,False,True,True,False,False,1.0,both,0.0006137041833230111,0.000844894048777544,0.0007521712158808933,0.0008615854328454871,0.0004171344092947361,0.0007198534736124717,-3.212040916331666,-3.073197748939377,-3.1236832901947706,-3.064701652430947,-3.3797239838524193,-3.1427558953432317,V,non-synonymous,0.07432788845228801,-0.1555993986135049,-0.009375811586201974,0.0658176765968589,-0.15023890583518698,-0.01159125972940114,-0.01159125972940114
557,ortho,tcttggttgaaaagatgtgttatt,7.0,att,7.0,,SWLKRCVI,,False,False,12.0,6.0,7.0,149.0,68.0,169.0,109.0,112.0,97.0,True,False,True,True,False,False,1.0,both,0.0006137041833230111,0.000844894048777544,0.0007521712158808933,0.0008615854328454871,0.0004171344092947361,0.0007198534736124717,-3.212040916331666,-3.073197748939377,-3.1236832901947706,-3.064701652430947,-3.3797239838524193,-3.1427558953432317,I,non-synonymous,0.07432788845228801,-0.1555993986135049,-0.009375811586201974,0.0658176765968589,-0.15023890583518698,-0.01159125972940114,-0.01159125972940114
558,single,tggtgggtgagacgttatacactc,0.0,tgg,1.0,,WWVRRYTL,,False,False,3.0,1.0,1.0,271.0,280.0,427.0,304.0,265.0,243.0,True,False,True,True,False,False,1.0,both,0.0017116153369742695,0.0019990796689825815,0.001884305210918114,0.0015670446463162885,0.0017176122735665606,0.001818801380074115,-2.766593830663536,-2.699169897672751,-2.7248487508627033,-2.804918629968815,-2.7650748652164365,-2.7402147249318816,W,non-synonymous,-0.019333620464118767,-0.03345479814590471,-0.007553686378428668,-0.02784383231954788,-0.02809430536758677,-0.009769134521627835,-0.02784383231954788
559,ortho,ttgtggattaaaagaactattatt,0.0,ttg,1.0,,LWIKRTII,,False,False,14.0,6.0,7.0,422.0,338.0,567.0,436.0,280.0,303.0,True,False,True,True,False,False,1.0,both,0.0024548167332920446,0.0021122351219438596,0.002349565756823821,0.002440194984300641,0.0020734033873767766,0.0024151297014098905,-2.6099809250037036,-2.6752577402673396,-2.6290123959587106,-2.612575469881547,-2.683316196281001,-2.6170595410639987,L,non-synonymous,-0.0013088638911265425,-0.004090647933723412,0.005875847297088955,-0.009819075746555654,0.0012698448445945306,0.003660399153889788,0.0012698448445945306
560,ortho,ttgtggattaaaagaactattatt,2.0,att,2.0,,LWIKRTII,,False,False,14.0,6.0,7.0,422.0,338.0,567.0,436.0,280.0,303.0,True,False,True,True,False,False,1.0,both,0.0024548167332920446,0.0021122351219438596,0.002349565756823821,0.002440194984300641,0.0020734033873767766,0.0024151297014098905,-2.6099809250037036,-2.6752577402673396,-2.6290123959587106,-2.612575469881547,-2.683316196281001,-2.6170595410639987,I,non-synonymous,-0.0013088638911265425,-0.004090647933723412,0.005875847297088955,-0.009819075746555654,0.0012698448445945306,0.003660399153889788,0.0012698448445945306
561,ortho,ttgtggattaaaagaactattatt,3.0,aaa,3.0,,LWIKRTII,,False,False,14.0,6.0,7.0,422.0,338.0,567.0,436.0,280.0,303.0,True,False,True,True,False,False,1.0,both,0.0024548167332920446,0.0021122351219438596,0.002349565756823821,0.002440194984300641,0.0020734033873767766,0.0024151297014098905,-2.6099809250037036,-2.6752577402673396,-2.6290123959587106,-2.612575469881547,-2.683316196281001,-2.6170595410639987,K,non-synonymous,-0.0013088638911265425,-0.004090647933723412,0.005875847297088955,-0.009819075746555654,0.0012698448445945306,0.003660399153889788,0.0012698448445945306
562,ortho,ttgtggattaaaagaactattatt,4.0,aga,4.0,,LWIKRTII,,False,False,14.0,6.0,7.0,422.0,338.0,567.0,436.0,280.0,303.0,True,False,True,True,False,False,1.0,both,0.0024548167332920446,0.0021122351219438596,0.002349565756823821,0.002440194984300641,0.0020734033873767766,0.0024151297014098905,-2.6099809250037036,-2.6752577402673396,-2.6290123959587106,-2.612575469881547,-2.683316196281001,-2.6170595410639987,R,synonymous,-0.0013088638911265425,-0.004090647933723412,0.005875847297088955,-0.009819075746555654,0.0012698448445945306,0.003660399153889788,0.0012698448445945306
563,ortho,ttgtggattaaaagaactattatt,5.0,act,5.0,,LWIKRTII,,False,False,14.0,6.0,7.0,422.0,338.0,567.0,436.0,280.0,303.0,True,False,True,True,False,False,1.0,both,0.0024548167332920446,0.0021122351219438596,0.002349565756823821,0.002440194984300641,0.0020734033873767766,0.0024151297014098905,-2.6099809250037036,-2.6752577402673396,-2.6290123959587106,-2.612575469881547,-2.683316196281001,-2.6170595410639987,T,non-synonymous,-0.0013088638911265425,-0.004090647933723412,0.005875847297088955,-0.009819075746555654,0.0012698448445945306,0.003660399153889788,0.0012698448445945306
564,ortho,ttgtggattaaaagaactattatt,6.0,att,6.0,,LWIKRTII,,False,False,14.0,6.0,7.0,422.0,338.0,567.0,436.0,280.0,303.0,True,False,True,True,False,False,1.0,both,0.0024548167332920446,0.0021122351219438596,0.002349565756823821,0.002440194984300641,0.0020734033873767766,0.0024151297014098905,-2.6099809250037036,-2.6752577402673396,-2.6290123959587106,-2.612575469881547,-2.683316196281001,-2.6170595410639987,I,non-synonymous,-0.0013088638911265425,-0.004090647933723412,0.005875847297088955,-0.009819075746555654,0.0012698448445945306,0.003660399153889788,0.0012698448445945306
565,ortho,ttgtggattaaaagaactattatt,7.0,att,7.0,,LWIKRTII,,False,False,14.0,6.0,7.0,422.0,338.0,567.0,436.0,280.0,303.0,True,False,True,True,False,False,1.0,both,0.0024548167332920446,0.0021122351219438596,0.002349565756823821,0.002440194984300641,0.0020734033873767766,0.0024151297014098905,-2.6099809250037036,-2.6752577402673396,-2.6290123959587106,-2.612575469881547,-2.683316196281001,-2.6170595410639987,I,non-synonymous,-0.0013088638911265425,-0.004090647933723412,0.005875847297088955,-0.009819075746555654,0.0012698448445945306,0.003660399153889788,0.0012698448445945306
566,single,ttgtgggtgagacgttatacactc,0.0,ttg,1.0,,LWVRRYTL,,False,False,3.0,1.0,1.0,3590.0,3651.0,4967.0,3909.0,2808.0,2793.0,True,False,True,True,False,False,1.0,both,0.02200889589550138,0.02118270079435128,0.02165787841191067,0.02075900472426375,0.02239643718139826,0.021156876943391405,-1.6574017438400426,-1.6740186681517912,-1.6643840887600103,-1.6827934722649018,-1.649821063608928,-1.674548439961682,L,non-synonymous,-0.01280930491987157,0.012283231534243835,-0.004996645241751207,-0.02131951677530068,0.017643724312561778,-0.007212093384950374,-0.007212093384950374
567,single,ttttgggtgagacgttatacactc,0.0,ttt,1.0,,FWVRRYTL,,False,False,2.0,1.0,1.0,2862.0,2620.0,3930.0,2797.0,2122.0,1924.0,True,False,True,True,False,False,1.0,both,0.015747987162884974,0.016007724745588824,0.014919354838709677,0.016549379253716672,0.016071943416944245,0.016739787877497126,-1.8027749479007622,-1.795670392044237,-1.8262499567592212,-1.7812182914194634,-1.7939316052389103,-1.7762500495814786,F,non-synonymous,0.0108746352868026,0.000882646085098436,0.02457921743658225,0.002364423431373488,0.006243138863416379,0.022363769293383084,0.006243138863416379
568,WT,gattgggtgagacgttatacactc,0.0,gat,,,DWVRRYTL,True,,,,0.0,,,,,,,,,,,,,,1.0,,0.023416474297618377,0.02447929632395652,0.023635235732009926,0.023684925724396746,0.02518755712594392,0.023014013715551392,,,,,,,D,synonymous,0.002497377584894167,0.0062879715975335225,-0.005686447228309974,-0.006012834270534945,0.011648464375851465,-0.007901895371509142,-0.006012834270534945
569,WT,gattgggtgagacgttatacactc,1.0,tgg,,,DWVRRYTL,True,,,,0.0,,,,,,,,,,,,,,1.0,,0.023416474297618377,0.02447929632395652,0.023635235732009926,0.023684925724396746,0.02518755712594392,0.023014013715551392,,,,,,,W,synonymous,0.002497377584894167,0.0062879715975335225,-0.005686447228309974,-0.006012834270534945,0.011648464375851465,-0.007901895371509142,-0.006012834270534945
570,WT,gattgggtgagacgttatacactc,2.0,gtg,,,DWVRRYTL,True,,,,0.0,,,,,,,,,,,,,,1.0,,0.023416474297618377,0.02447929632395652,0.023635235732009926,0.023684925724396746,0.02518755712594392,0.023014013715551392,,,,,,,V,synonymous,0.002497377584894167,0.0062879715975335225,-0.005686447228309974,-0.006012834270534945,0.011648464375851465,-0.007901895371509142,-0.006012834270534945
571,WT,gattgggtgagacgttatacactc,3.0,aga,,,DWVRRYTL,True,,,,0.0,,,,,,,,,,,,,,1.0,,0.023416474297618377,0.02447929632395652,0.023635235732009926,0.023684925724396746,0.02518755712594392,0.023014013715551392,,,,,,,R,synonymous,0.002497377584894167,0.0062879715975335225,-0.005686447228309974,-0.006012834270534945,0.011648464375851465,-0.007901895371509142,-0.006012834270534945
572,WT,gattgggtgagacgttatacactc,4.0,cgt,,,DWVRRYTL,True,,,,0.0,,,,,,,,,,,,,,1.0,,0.023416474297618377,0.02447929632395652,0.023635235732009926,0.023684925724396746,0.02518755712594392,0.023014013715551392,,,,,,,R,synonymous,0.002497377584894167,0.0062879715975335225,-0.005686447228309974,-0.006012834270534945,0.011648464375851465,-0.007901895371509142,-0.006012834270534945
573,WT,gattgggtgagacgttatacactc,5.0,tat,,,DWVRRYTL,True,,,,0.0,,,,,,,,,,,,,,1.0,,0.023416474297618377,0.02447929632395652,0.023635235732009926,0.023684925724396746,0.02518755712594392,0.023014013715551392,,,,,,,Y,synonymous,0.002497377584894167,0.0062879715975335225,-0.005686447228309974,-0.006012834270534945,0.011648464375851465,-0.007901895371509142,-0.006012834270534945
574,WT,gattgggtgagacgttatacactc,6.0,aca,,,DWVRRYTL,True,,,,0.0,,,,,,,,,,,,,,1.0,,0.023416474297618377,0.02447929632395652,0.023635235732009926,0.023684925724396746,0.02518755712594392,0.023014013715551392,,,,,,,T,synonymous,0.002497377584894167,0.0062879715975335225,-0.005686447228309974,-0.006012834270534945,0.011648464375851465,-0.007901895371509142,-0.006012834270534945
575,WT,gattgggtgagacgttatacactc,7.0,ctc,,,DWVRRYTL,True,,,,0.0,,,,,,,,,,,,,,1.0,,0.023416474297618377,0.02447929632395652,0.023635235732009926,0.023684925724396746,0.02518755712594392,0.023014013715551392,,,,,,,L,synonymous,0.002497377584894167,0.0062879715975335225,-0.005686447228309974,-0.006012834270534945,0.011648464375851465,-0.007901895371509142,-0.006012834270534945
