,rep_compared,Pearson,replicate1,replicate2
0,"('1', '2')",0.9216961345413891,1,2
1,"('1', '3')",0.932290684577621,1,3
2,"('2', '3')",0.9622228731165251,2,3
