,seq_type,nt_seq,aa_pos,alt_codons,mutated_codon,combination,aa_seq,WT,STOP,STOP_readthrough,Nham_nt,Nham_aa,Nmut_codons,b1,b2,b3,input1,input2,input3,barcode_valid,indel,constant_region,permitted,too_many_substitutions,mixed_substitutions,confidence_score,Location,input1_abundance,input2_abundance,input3_abundance,b1_abundance,b2_abundance,b3_abundance,input1_log10,input2_log10,input3_log10,b1_log10,b2_log10,b3_log10,alt_aa,mutation_type,Log2FC_1,Log2FC_2,Log2FC_3,selcoeff_1,selcoeff_2,selcoeff_3,median_s
0,single,aagttagttttatctttgagagatcca,0.0,aag,1.0,,KLVLSLRDP,,False,False,3.0,1.0,1.0,3344.0,3547.0,3965.0,1751.0,1309.0,1181.0,True,False,True,True,False,False,1.0,both,0.006993062849703064,0.005858160027567812,0.00646868084919922,0.017974146039936575,0.016666666666666666,0.019212039868011104,-2.155332568548468,-2.2322387688544216,-2.1891842754866357,-1.7453517339883775,-1.7781512503836436,-1.7164265208026328,K,non-synonymous,0.24560630252018475,0.27254134430339577,0.286306175399983,1.3954099751156928,1.3718709995072784,1.5783416559618355,1.3954099751156928
1,single,aatttagttttatctttgagagatcca,0.0,aat,1.0,,NLVLSLRDP,,False,False,2.0,1.0,1.0,6445.0,8088.0,7843.0,3714.0,3317.0,2646.0,True,False,True,True,False,False,1.0,both,0.014832801498456415,0.014844550658092003,0.01449291238525075,0.0346421564675213,0.038003946997462644,0.03800252930260053,-1.8287768152281523,-1.8284329438856954,-1.8388443332486681,-1.4603950810659345,-1.4201712962726418,-1.420187497446165,N,non-synonymous,0.22068562239168493,0.2450368568656029,0.2535421921186508,1.370489294987193,1.3443665120694857,1.5455776726805035,1.370489294987193
2,single,aggttagttttatctttgagagatcca,0.0,agg,1.0,,RLVLSLRDP,,False,False,3.0,1.0,1.0,1185.0,1220.0,1325.0,565.0,424.0,428.0,True,False,True,True,False,False,1.0,both,0.0022564708795443926,0.001897524714811881,0.0023442806125802424,0.006369426751592357,0.005732543933840805,0.006420164646939399,-2.6465702668124753,-2.721812558812445,-2.6299904040869784,-2.1958996524092336,-2.2416526081808383,-2.192453834183429,R,non-synonymous,0.26998223801570614,0.28818990415437223,0.26497592199295444,1.4197859106112143,1.387519559358255,1.557011402554807,1.4197859106112143
3,single,atgttagttttatctttgagagatcca,0.0,atg,1.0,,MLVLSLRDP,,False,False,2.0,1.0,1.0,10.0,7.0,12.0,1315.0,1235.0,911.0,True,False,True,True,False,False,1.0,both,0.005251786206373232,0.0055269882613034746,0.0049898122384593475,5.375043672229837e-05,3.28916455220374e-05,5.814488736850776e-05,-2.2796929618061372,-2.257511457809493,-2.301915796127152,-4.269618002755356,-4.48291439884133,-4.235488466408631,M,non-synonymous,-1.1920999480970407,-1.3356771205870046,-1.1709882928440838,-0.04229627550153259,-0.2363474653831219,0.12104718771776879,-0.04229627550153259
4,single,attttagttttatctttgagagatcca,0.0,att,1.0,,ILVLSLRDP,,False,False,1.0,1.0,1.0,1.0,2.0,3.0,4.0,3.0,3.0,True,False,True,True,False,False,3.0,both,1.5975015076420478e-05,1.34258824161218e-05,1.643187345266525e-05,5.375043672229837e-06,9.397613006296401e-06,1.453622184212694e-05,-4.796558723303951,-4.872057160685515,-4.784312918380488,-5.269618002755356,-5.0269824431916055,-4.8375484577365935,I,non-synonymous,-0.28339456556204734,-0.09298547756385937,-0.03223990197387551,0.8664091070334607,1.0063441776400233,1.259795578587977,1.0063441776400233
5,single,cagttagttttatctttgagagatcca,0.0,cag,1.0,,QLVLSLRDP,,False,False,3.0,1.0,1.0,8.0,16.0,7.0,1201.0,1116.0,960.0,True,False,True,True,False,False,1.0,both,0.004796498276695249,0.0049944282587973095,0.00525819950485288,4.3000349377838694e-05,7.518090405037121e-05,3.391785096496286e-05,-2.319075707229008,-2.3015142208036177,-2.2791629400605817,-4.3665280157634125,-4.123892456199662,-4.469571672441998,Q,non-synonymous,-1.2265626797533808,-1.0937834534116364,-1.326530428147135,-0.07675900715787276,0.005546201792246297,-0.03449494758528249,-0.03449494758528249
6,single,catttagttttatctttgagagatcca,0.0,cat,1.0,,HLVLSLRDP,,False,False,2.0,1.0,1.0,2.0,1.0,5.0,3.0,3.0,5.0,True,False,True,True,False,False,2.0,both,1.1981261307315359e-05,1.34258824161218e-05,2.7386455754442085e-05,1.0750087344459673e-05,4.6988065031482005e-06,2.42270364035449e-05,-4.921497459912252,-4.872057160685515,-4.562464168764132,-4.968588007091375,-5.328012438855587,-4.6156997081202364,H,non-synonymous,-0.028210428881942595,-0.2736623655131293,-0.03223990197387554,1.1215932437135654,0.8256672896907534,1.259795578587977,1.1215932437135654
7,single,ccgttagttttatctttgagagatcca,0.0,ccg,1.0,,PLVLSLRDP,,False,False,3.0,1.0,1.0,743.0,817.0,831.0,561.0,529.0,408.0,True,False,True,True,False,False,1.0,both,0.002240495864467972,0.002367430599376144,0.002234734789562474,0.003993657448466769,0.00383892491307208,0.004026533450269163,-2.6496558533757524,-2.625722743369992,-2.6507740100102706,-2.3986291889947813,-2.415790382323171,-2.3950686886721444,P,non-synonymous,0.15038198294986221,0.12600048573272646,0.15485734894116548,1.3001856555453704,1.225330140936609,1.4468928295030181,1.3001856555453704
8,single,cctttagttttatctttgagagatcca,0.0,cct,1.0,,PLVLSLRDP,,False,False,2.0,1.0,1.0,2.0,3.0,5.0,9.0,3.0,6.0,True,False,True,True,False,False,2.0,both,3.594378392194608e-05,1.34258824161218e-05,3.28637469053305e-05,1.0750087344459673e-05,1.4096419509444601e-05,2.42270364035449e-05,-4.444376205192589,-4.872057160685515,-4.483282922716507,-4.968588007091375,-4.850891184135924,-4.6156997081202364,P,non-synonymous,-0.31403839289207996,0.012703726633461716,-0.08019274779118728,0.8357652797034281,1.1120333818373445,1.2118427327706653,1.1120333818373445
9,single,cggttagttttatctttgagagatcca,0.0,cgg,1.0,,RLVLSLRDP,,False,False,3.0,1.0,1.0,621.0,662.0,732.0,343.0,280.0,215.0,True,False,True,True,False,False,1.0,both,0.0013698575428030561,0.0012530823588380346,0.0011776175974410096,0.003337902120454729,0.0031106099050841086,0.003546838129478973,-2.8633245945891432,-2.9020203840629586,-2.928995713184545,-2.4765264025787763,-2.5071544494158866,-2.450158631397864,R,non-synonymous,0.23171832864600592,0.23699680848033552,0.28998786834849277,1.381522001241514,1.3363264636842183,1.5820233489103455,1.381522001241514
10,single,cgtttagttttatctttgagagatcca,0.0,cgt,1.0,,RLVLSLRDP,,False,False,2.0,1.0,1.0,355.0,392.0,382.0,233.0,185.0,136.0,True,False,True,True,False,False,1.0,both,0.0009305446282014928,0.0008279294156608443,0.0007449115965208246,0.001908140503641592,0.0018419321492340946,0.0018509455812308303,-3.031262793605895,-3.082006687002164,-3.1278952647299327,-2.7193896497002625,-2.734726371835129,-2.7326063495445467,R,non-synonymous,0.18683314748651036,0.20843612760922317,0.23939037776415298,1.3366368200820185,1.307765782813106,1.5314258583260056,1.3366368200820185
11,single,ctgttagttttatctttgagagatcca,0.0,ctg,1.0,,LLVLSLRDP,,False,False,2.0,1.0,1.0,10.0,38.0,34.0,1717.0,1365.0,1175.0,True,False,True,True,False,False,1.0,both,0.00685727522155349,0.006108776499335419,0.006435817102293889,5.375043672229837e-05,0.0001785546471196316,0.0001647438475441053,-2.1638484194709973,-2.214045764028403,-2.191396306492395,-4.269618002755356,-3.748228842238776,-3.7831907954140003,L,non-synonymous,-1.261498679236768,-0.920809979431057,-0.9640044771989793,-0.11169500664125986,0.17851967577282568,0.3280310033628733,0.17851967577282568
12,single,cttttagttttatctttgagagatcca,0.0,ctt,1.0,,LLVLSLRDP,,False,False,1.0,1.0,1.0,20.0,15.0,9.0,1264.0,1125.0,888.0,True,False,True,True,False,False,1.0,both,0.005048104764148871,0.005034705906045675,0.004863834541988914,0.00010750087344459674,7.0482097547223e-05,4.360866552638082e-05,-2.2968716406855476,-2.2980258929577966,-2.3130212073215493,-3.968588007091375,-4.151921179799905,-4.360427203016931,L,non-synonymous,-1.0014713884271462,-1.112699849965581,-1.239926736919106,0.14833228416836186,-0.013370194761698206,0.052108743642746536,0.052108743642746536
13,single,gagttagttttatctttgagagatcca,0.0,gag,1.0,,ELVLSLRDP,,False,False,3.0,1.0,1.0,1.0,18.0,1.0,2.0,13.0,13.0,True,False,True,True,False,False,2.0,both,7.987507538210239e-06,5.817882380319447e-05,7.120478496154942e-05,5.375043672229837e-06,8.457851705666761e-05,4.84540728070898e-06,-5.097588718967932,-4.235235063098341,-4.147490820793314,-5.269618002755356,-4.07273993375228,-5.314669712456255,E,non-synonymous,-0.10305719866529994,0.0975288665583075,-0.7068536077276445,1.0467464739302081,1.19685852176219,0.5851818728342081,1.0467464739302081
14,single,gatttagttttatctttgagagatcca,0.0,gat,1.0,,DLVLSLRDP,,False,False,2.0,1.0,1.0,1.0,4.0,4.0,4.0,4.0,4.0,True,False,True,True,False,False,3.0,both,1.5975015076420478e-05,1.7901176554829066e-05,2.1909164603553667e-05,5.375043672229837e-06,1.8795226012592802e-05,1.938162912283592e-05,-4.796558723303951,-4.7471184240772155,-4.659374181772188,-5.269618002755356,-4.725952447527624,-4.712609721128293,D,non-synonymous,-0.28339456556204734,0.012703726633461716,-0.03223990197387554,0.8664091070334607,1.1120333818373445,1.259795578587977,1.1120333818373445
15,ortho,gctatttgttctgatttgagagaagat,0.0,gct,1.0,,AICSDLRED,,False,False,14.0,7.0,7.0,315.0,433.0,268.0,422.0,375.0,334.0,True,False,True,True,False,False,1.0,both,0.0016853640905623605,0.001678235302015225,0.0018294152443967312,0.0016931387567523987,0.0020345832158631706,0.0012985691512300067,-2.77330626367024,-2.7751471476774587,-2.737687706288586,-2.771307448965756,-2.691524542502221,-2.8865349184274667,A,non-synonymous,0.0011974254589683377,0.05018992221006856,-0.0901431559909956,1.1510010980544765,1.1495195774139513,1.201892324570857,1.1510010980544765
16,ortho,gctatttgttctgatttgagagaagat,1.0,att,2.0,,AICSDLRED,,False,False,14.0,7.0,7.0,315.0,433.0,268.0,422.0,375.0,334.0,True,False,True,True,False,False,1.0,both,0.0016853640905623605,0.001678235302015225,0.0018294152443967312,0.0016931387567523987,0.0020345832158631706,0.0012985691512300067,-2.77330626367024,-2.7751471476774587,-2.737687706288586,-2.771307448965756,-2.691524542502221,-2.8865349184274667,I,non-synonymous,0.0011974254589683377,0.05018992221006856,-0.0901431559909956,1.1510010980544765,1.1495195774139513,1.201892324570857,1.1510010980544765
17,ortho,gctatttgttctgatttgagagaagat,2.0,tgt,3.0,,AICSDLRED,,False,False,14.0,7.0,7.0,315.0,433.0,268.0,422.0,375.0,334.0,True,False,True,True,False,False,1.0,both,0.0016853640905623605,0.001678235302015225,0.0018294152443967312,0.0016931387567523987,0.0020345832158631706,0.0012985691512300067,-2.77330626367024,-2.7751471476774587,-2.737687706288586,-2.771307448965756,-2.691524542502221,-2.8865349184274667,C,non-synonymous,0.0011974254589683377,0.05018992221006856,-0.0901431559909956,1.1510010980544765,1.1495195774139513,1.201892324570857,1.1510010980544765
18,ortho,gctatttgttctgatttgagagaagat,3.0,tct,4.0,,AICSDLRED,,False,False,14.0,7.0,7.0,315.0,433.0,268.0,422.0,375.0,334.0,True,False,True,True,False,False,1.0,both,0.0016853640905623605,0.001678235302015225,0.0018294152443967312,0.0016931387567523987,0.0020345832158631706,0.0012985691512300067,-2.77330626367024,-2.7751471476774587,-2.737687706288586,-2.771307448965756,-2.691524542502221,-2.8865349184274667,S,non-synonymous,0.0011974254589683377,0.05018992221006856,-0.0901431559909956,1.1510010980544765,1.1495195774139513,1.201892324570857,1.1510010980544765
19,ortho,gctatttgttctgatttgagagaagat,4.0,gat,5.0,,AICSDLRED,,False,False,14.0,7.0,7.0,315.0,433.0,268.0,422.0,375.0,334.0,True,False,True,True,False,False,1.0,both,0.0016853640905623605,0.001678235302015225,0.0018294152443967312,0.0016931387567523987,0.0020345832158631706,0.0012985691512300067,-2.77330626367024,-2.7751471476774587,-2.737687706288586,-2.771307448965756,-2.691524542502221,-2.8865349184274667,D,non-synonymous,0.0011974254589683377,0.05018992221006856,-0.0901431559909956,1.1510010980544765,1.1495195774139513,1.201892324570857,1.1510010980544765
20,ortho,gctatttgttctgatttgagagaagat,7.0,gaa,6.0,,AICSDLRED,,False,False,14.0,7.0,7.0,315.0,433.0,268.0,422.0,375.0,334.0,True,False,True,True,False,False,1.0,both,0.0016853640905623605,0.001678235302015225,0.0018294152443967312,0.0016931387567523987,0.0020345832158631706,0.0012985691512300067,-2.77330626367024,-2.7751471476774587,-2.737687706288586,-2.771307448965756,-2.691524542502221,-2.8865349184274667,E,non-synonymous,0.0011974254589683377,0.05018992221006856,-0.0901431559909956,1.1510010980544765,1.1495195774139513,1.201892324570857,1.1510010980544765
21,ortho,gctatttgttctgatttgagagaagat,8.0,gat,7.0,,AICSDLRED,,False,False,14.0,7.0,7.0,315.0,433.0,268.0,422.0,375.0,334.0,True,False,True,True,False,False,1.0,both,0.0016853640905623605,0.001678235302015225,0.0018294152443967312,0.0016931387567523987,0.0020345832158631706,0.0012985691512300067,-2.77330626367024,-2.7751471476774587,-2.737687706288586,-2.771307448965756,-2.691524542502221,-2.8865349184274667,D,non-synonymous,0.0011974254589683377,0.05018992221006856,-0.0901431559909956,1.1510010980544765,1.1495195774139513,1.201892324570857,1.1510010980544765
22,ortho,gctttgactttgtcttttagagatcca,0.0,gct,1.0,,ALTLSFRDP,,False,False,7.0,3.0,5.0,271.0,362.0,307.0,162.0,162.0,137.0,True,False,True,True,False,False,1.0,both,0.0006469881105950294,0.0007249976504705772,0.0007503888876717131,0.0014566368351742857,0.0017009679541396484,0.0014875400351776569,-3.189103700089283,-3.139663400862547,-3.1247136059437435,-2.836648711880951,-2.7693038683224205,-2.827531336979069,A,non-synonymous,0.21114442227897876,0.222288173024423,0.17997614630528275,1.3609480948744868,1.3216178282283058,1.4720116268671353,1.3609480948744868
23,ortho,gctttgactttgtcttttagagatcca,1.0,ttg,2.0,,ALTLSFRDP,,False,False,7.0,3.0,5.0,271.0,362.0,307.0,162.0,162.0,137.0,True,False,True,True,False,False,1.0,both,0.0006469881105950294,0.0007249976504705772,0.0007503888876717131,0.0014566368351742857,0.0017009679541396484,0.0014875400351776569,-3.189103700089283,-3.139663400862547,-3.1247136059437435,-2.836648711880951,-2.7693038683224205,-2.827531336979069,L,synonymous,0.21114442227897876,0.222288173024423,0.17997614630528275,1.3609480948744868,1.3216178282283058,1.4720116268671353,1.3609480948744868
24,ortho,gctttgactttgtcttttagagatcca,2.0,act,3.0,,ALTLSFRDP,,False,False,7.0,3.0,5.0,271.0,362.0,307.0,162.0,162.0,137.0,True,False,True,True,False,False,1.0,both,0.0006469881105950294,0.0007249976504705772,0.0007503888876717131,0.0014566368351742857,0.0017009679541396484,0.0014875400351776569,-3.189103700089283,-3.139663400862547,-3.1247136059437435,-2.836648711880951,-2.7693038683224205,-2.827531336979069,T,non-synonymous,0.21114442227897876,0.222288173024423,0.17997614630528275,1.3609480948744868,1.3216178282283058,1.4720116268671353,1.3609480948744868
25,ortho,gctttgactttgtcttttagagatcca,3.0,ttg,4.0,,ALTLSFRDP,,False,False,7.0,3.0,5.0,271.0,362.0,307.0,162.0,162.0,137.0,True,False,True,True,False,False,1.0,both,0.0006469881105950294,0.0007249976504705772,0.0007503888876717131,0.0014566368351742857,0.0017009679541396484,0.0014875400351776569,-3.189103700089283,-3.139663400862547,-3.1247136059437435,-2.836648711880951,-2.7693038683224205,-2.827531336979069,L,synonymous,0.21114442227897876,0.222288173024423,0.17997614630528275,1.3609480948744868,1.3216178282283058,1.4720116268671353,1.3609480948744868
26,ortho,gctttgactttgtcttttagagatcca,5.0,ttt,5.0,,ALTLSFRDP,,False,False,7.0,3.0,5.0,271.0,362.0,307.0,162.0,162.0,137.0,True,False,True,True,False,False,1.0,both,0.0006469881105950294,0.0007249976504705772,0.0007503888876717131,0.0014566368351742857,0.0017009679541396484,0.0014875400351776569,-3.189103700089283,-3.139663400862547,-3.1247136059437435,-2.836648711880951,-2.7693038683224205,-2.827531336979069,F,non-synonymous,0.21114442227897876,0.222288173024423,0.17997614630528275,1.3609480948744868,1.3216178282283058,1.4720116268671353,1.3609480948744868
27,ortho,gctttggctttgaatattaaagatcca,0.0,gct,1.0,,ALALNIKDP,,False,False,10.0,5.0,7.0,9.0,2.0,2.0,1175.0,858.0,753.0,True,False,True,True,False,False,1.0,both,0.004692660678698515,0.0038398023710108347,0.004124400236618977,4.837539305006853e-05,9.397613006296401e-06,9.69081456141796e-06,-2.328580848024159,-2.4156911275564723,-2.3846391968994496,-4.315375493316032,-5.0269824431916055,-5.013639716792274,A,non-synonymous,-1.1902246289649865,-1.567285636759428,-1.5921453990282932,-0.0404209563694784,-0.4679559815555452,-0.30010991846644064,-0.30010991846644064
28,ortho,gctttggctttgaatattaaagatcca,1.0,ttg,2.0,,ALALNIKDP,,False,False,10.0,5.0,7.0,9.0,2.0,2.0,1175.0,858.0,753.0,True,False,True,True,False,False,1.0,both,0.004692660678698515,0.0038398023710108347,0.004124400236618977,4.837539305006853e-05,9.397613006296401e-06,9.69081456141796e-06,-2.328580848024159,-2.4156911275564723,-2.3846391968994496,-4.315375493316032,-5.0269824431916055,-5.013639716792274,L,synonymous,-1.1902246289649865,-1.567285636759428,-1.5921453990282932,-0.0404209563694784,-0.4679559815555452,-0.30010991846644064,-0.30010991846644064
29,ortho,gctttggctttgaatattaaagatcca,2.0,gct,3.0,,ALALNIKDP,,False,False,10.0,5.0,7.0,9.0,2.0,2.0,1175.0,858.0,753.0,True,False,True,True,False,False,1.0,both,0.004692660678698515,0.0038398023710108347,0.004124400236618977,4.837539305006853e-05,9.397613006296401e-06,9.69081456141796e-06,-2.328580848024159,-2.4156911275564723,-2.3846391968994496,-4.315375493316032,-5.0269824431916055,-5.013639716792274,A,non-synonymous,-1.1902246289649865,-1.567285636759428,-1.5921453990282932,-0.0404209563694784,-0.4679559815555452,-0.30010991846644064,-0.30010991846644064
30,ortho,gctttggctttgaatattaaagatcca,3.0,ttg,4.0,,ALALNIKDP,,False,False,10.0,5.0,7.0,9.0,2.0,2.0,1175.0,858.0,753.0,True,False,True,True,False,False,1.0,both,0.004692660678698515,0.0038398023710108347,0.004124400236618977,4.837539305006853e-05,9.397613006296401e-06,9.69081456141796e-06,-2.328580848024159,-2.4156911275564723,-2.3846391968994496,-4.315375493316032,-5.0269824431916055,-5.013639716792274,L,synonymous,-1.1902246289649865,-1.567285636759428,-1.5921453990282932,-0.0404209563694784,-0.4679559815555452,-0.30010991846644064,-0.30010991846644064
31,ortho,gctttggctttgaatattaaagatcca,4.0,aat,5.0,,ALALNIKDP,,False,False,10.0,5.0,7.0,9.0,2.0,2.0,1175.0,858.0,753.0,True,False,True,True,False,False,1.0,both,0.004692660678698515,0.0038398023710108347,0.004124400236618977,4.837539305006853e-05,9.397613006296401e-06,9.69081456141796e-06,-2.328580848024159,-2.4156911275564723,-2.3846391968994496,-4.315375493316032,-5.0269824431916055,-5.013639716792274,N,non-synonymous,-1.1902246289649865,-1.567285636759428,-1.5921453990282932,-0.0404209563694784,-0.4679559815555452,-0.30010991846644064,-0.30010991846644064
32,ortho,gctttggctttgaatattaaagatcca,5.0,att,6.0,,ALALNIKDP,,False,False,10.0,5.0,7.0,9.0,2.0,2.0,1175.0,858.0,753.0,True,False,True,True,False,False,1.0,both,0.004692660678698515,0.0038398023710108347,0.004124400236618977,4.837539305006853e-05,9.397613006296401e-06,9.69081456141796e-06,-2.328580848024159,-2.4156911275564723,-2.3846391968994496,-4.315375493316032,-5.0269824431916055,-5.013639716792274,I,non-synonymous,-1.1902246289649865,-1.567285636759428,-1.5921453990282932,-0.0404209563694784,-0.4679559815555452,-0.30010991846644064,-0.30010991846644064
33,ortho,gctttggctttgaatattaaagatcca,6.0,aaa,7.0,,ALALNIKDP,,False,False,10.0,5.0,7.0,9.0,2.0,2.0,1175.0,858.0,753.0,True,False,True,True,False,False,1.0,both,0.004692660678698515,0.0038398023710108347,0.004124400236618977,4.837539305006853e-05,9.397613006296401e-06,9.69081456141796e-06,-2.328580848024159,-2.4156911275564723,-2.3846391968994496,-4.315375493316032,-5.0269824431916055,-5.013639716792274,K,non-synonymous,-1.1902246289649865,-1.567285636759428,-1.5921453990282932,-0.0404209563694784,-0.4679559815555452,-0.30010991846644064,-0.30010991846644064
34,single,gtgttagttttatctttgagagatcca,0.0,gtg,1.0,,VLVLSLRDP,,False,False,2.0,1.0,1.0,5325.0,6311.0,6111.0,3049.0,2869.0,2397.0,True,False,True,True,False,False,1.0,both,0.012176955242001509,0.012839618883951147,0.013129066888679534,0.028622107554623882,0.029654167841368293,0.029610283892412576,-1.9144612902665332,-1.8914478671591792,-1.8817661390664966,-1.543298390644581,-1.5279142586808108,-1.528557428736429,V,non-synonymous,0.22235172896955746,0.21819128323064632,0.213906242617122,1.3721554015650654,1.317520938434529,1.5059417231789745,1.3721554015650654
35,single,gttttagttttatctttgagagatcca,0.0,gtt,1.0,,VLVLSLRDP,,False,False,1.0,1.0,1.0,2293.0,2900.0,2809.0,1427.0,1166.0,1036.0,True,False,True,True,False,False,1.0,both,0.0056990866285130054,0.005218192965732673,0.005674473632320399,0.012324975140423015,0.013626538859129782,0.013610749051511524,-2.244194741517267,-2.2824798649821822,-2.246074417690936,-1.9092139480254176,-1.8656144409566302,-1.8661179732546773,V,non-synonymous,0.20067619549360186,0.25020080587139154,0.23010490118313118,1.35047986808911,1.3495304610752743,1.5221403817449837,1.35047986808911
36,ortho,gttttgactttgttggttactcaacat,0.0,gtt,1.0,,VLTLLVTQH,,False,False,15.0,7.0,9.0,232.0,282.0,194.0,312.0,260.0,217.0,True,False,True,True,False,False,1.0,both,0.0012460511759607973,0.0011635764760638892,0.0011885721797427863,0.0012470101319573222,0.0013250634338877925,0.0009400090124575422,-2.904464120613471,-2.93420506743436,-2.924974439251621,-2.904130017864457,-2.8777633305362254,-3.0268679825260296,V,non-synonymous,0.00020015018735035416,0.03387608384577531,-0.06170760898961459,1.1500038227828584,1.133205739049658,1.2303278715722379,1.1500038227828584
37,ortho,gttttgactttgttggttactcaacat,1.0,ttg,2.0,,VLTLLVTQH,,False,False,15.0,7.0,9.0,232.0,282.0,194.0,312.0,260.0,217.0,True,False,True,True,False,False,1.0,both,0.0012460511759607973,0.0011635764760638892,0.0011885721797427863,0.0012470101319573222,0.0013250634338877925,0.0009400090124575422,-2.904464120613471,-2.93420506743436,-2.924974439251621,-2.904130017864457,-2.8777633305362254,-3.0268679825260296,L,synonymous,0.00020015018735035416,0.03387608384577531,-0.06170760898961459,1.1500038227828584,1.133205739049658,1.2303278715722379,1.1500038227828584
38,ortho,gttttgactttgttggttactcaacat,2.0,act,3.0,,VLTLLVTQH,,False,False,15.0,7.0,9.0,232.0,282.0,194.0,312.0,260.0,217.0,True,False,True,True,False,False,1.0,both,0.0012460511759607973,0.0011635764760638892,0.0011885721797427863,0.0012470101319573222,0.0013250634338877925,0.0009400090124575422,-2.904464120613471,-2.93420506743436,-2.924974439251621,-2.904130017864457,-2.8777633305362254,-3.0268679825260296,T,non-synonymous,0.00020015018735035416,0.03387608384577531,-0.06170760898961459,1.1500038227828584,1.133205739049658,1.2303278715722379,1.1500038227828584
39,ortho,gttttgactttgttggttactcaacat,3.0,ttg,4.0,,VLTLLVTQH,,False,False,15.0,7.0,9.0,232.0,282.0,194.0,312.0,260.0,217.0,True,False,True,True,False,False,1.0,both,0.0012460511759607973,0.0011635764760638892,0.0011885721797427863,0.0012470101319573222,0.0013250634338877925,0.0009400090124575422,-2.904464120613471,-2.93420506743436,-2.924974439251621,-2.904130017864457,-2.8777633305362254,-3.0268679825260296,L,synonymous,0.00020015018735035416,0.03387608384577531,-0.06170760898961459,1.1500038227828584,1.133205739049658,1.2303278715722379,1.1500038227828584
40,ortho,gttttgactttgttggttactcaacat,4.0,ttg,5.0,,VLTLLVTQH,,False,False,15.0,7.0,9.0,232.0,282.0,194.0,312.0,260.0,217.0,True,False,True,True,False,False,1.0,both,0.0012460511759607973,0.0011635764760638892,0.0011885721797427863,0.0012470101319573222,0.0013250634338877925,0.0009400090124575422,-2.904464120613471,-2.93420506743436,-2.924974439251621,-2.904130017864457,-2.8777633305362254,-3.0268679825260296,L,non-synonymous,0.00020015018735035416,0.03387608384577531,-0.06170760898961459,1.1500038227828584,1.133205739049658,1.2303278715722379,1.1500038227828584
41,ortho,gttttgactttgttggttactcaacat,5.0,gtt,6.0,,VLTLLVTQH,,False,False,15.0,7.0,9.0,232.0,282.0,194.0,312.0,260.0,217.0,True,False,True,True,False,False,1.0,both,0.0012460511759607973,0.0011635764760638892,0.0011885721797427863,0.0012470101319573222,0.0013250634338877925,0.0009400090124575422,-2.904464120613471,-2.93420506743436,-2.924974439251621,-2.904130017864457,-2.8777633305362254,-3.0268679825260296,V,non-synonymous,0.00020015018735035416,0.03387608384577531,-0.06170760898961459,1.1500038227828584,1.133205739049658,1.2303278715722379,1.1500038227828584
42,ortho,gttttgactttgttggttactcaacat,6.0,act,7.0,,VLTLLVTQH,,False,False,15.0,7.0,9.0,232.0,282.0,194.0,312.0,260.0,217.0,True,False,True,True,False,False,1.0,both,0.0012460511759607973,0.0011635764760638892,0.0011885721797427863,0.0012470101319573222,0.0013250634338877925,0.0009400090124575422,-2.904464120613471,-2.93420506743436,-2.924974439251621,-2.904130017864457,-2.8777633305362254,-3.0268679825260296,T,non-synonymous,0.00020015018735035416,0.03387608384577531,-0.06170760898961459,1.1500038227828584,1.133205739049658,1.2303278715722379,1.1500038227828584
43,ortho,gttttgactttgttggttactcaacat,7.0,caa,8.0,,VLTLLVTQH,,False,False,15.0,7.0,9.0,232.0,282.0,194.0,312.0,260.0,217.0,True,False,True,True,False,False,1.0,both,0.0012460511759607973,0.0011635764760638892,0.0011885721797427863,0.0012470101319573222,0.0013250634338877925,0.0009400090124575422,-2.904464120613471,-2.93420506743436,-2.924974439251621,-2.904130017864457,-2.8777633305362254,-3.0268679825260296,Q,non-synonymous,0.00020015018735035416,0.03387608384577531,-0.06170760898961459,1.1500038227828584,1.133205739049658,1.2303278715722379,1.1500038227828584
44,ortho,gttttgactttgttggttactcaacat,8.0,cat,9.0,,VLTLLVTQH,,False,False,15.0,7.0,9.0,232.0,282.0,194.0,312.0,260.0,217.0,True,False,True,True,False,False,1.0,both,0.0012460511759607973,0.0011635764760638892,0.0011885721797427863,0.0012470101319573222,0.0013250634338877925,0.0009400090124575422,-2.904464120613471,-2.93420506743436,-2.924974439251621,-2.904130017864457,-2.8777633305362254,-3.0268679825260296,H,non-synonymous,0.00020015018735035416,0.03387608384577531,-0.06170760898961459,1.1500038227828584,1.133205739049658,1.2303278715722379,1.1500038227828584
45,single,tagttagttttatctttgagagatcca,0.0,tag,1.0,,*LVLSLRDP,,True,False,2.0,1.0,1.0,1.0,8.0,3.0,583.0,574.0,457.0,True,False,True,True,False,False,1.0,both,0.002328358447388285,0.002568818835617971,0.0025031220559560063,5.375043672229837e-06,3.7590452025185604e-05,1.453622184212694e-05,-2.6329501598729,-2.590266523007204,-2.6015179730303,-5.269618002755356,-4.424922451863643,-4.8375484577365935,*,stop,-1.5795427134029032,-1.1011524713751997,-1.3541593549997708,-0.4297390408073951,-0.0018228161713169655,-0.062123874437918225,-0.062123874437918225
46,single,tatttagttttatctttgagagatcca,0.0,tat,1.0,,YLVLSLRDP,,False,False,1.0,1.0,1.0,2196.0,2126.0,2243.0,1603.0,1387.0,1078.0,True,False,True,True,False,False,1.0,both,0.006401987291875507,0.006207232970386978,0.005904519860657713,0.011803595904216722,0.009989662625693074,0.010868248530630242,-2.193685192277769,-2.207101954331893,-2.2288154122494306,-1.9279856669773021,-2.0004491786683083,-1.9638404388732877,Y,non-synonymous,0.15917202095663158,0.12403209291692036,0.1604711301980529,1.3089756935521397,1.223361748120803,1.4525066107599054,1.3089756935521397
47,ortho,tatttgactagagcttttagagattct,0.0,tat,1.0,,YLTRAFRDS,,False,False,10.0,6.0,7.0,1089.0,1244.0,1016.0,782.0,702.0,573.0,True,False,True,True,False,False,1.0,both,0.0031231154474402035,0.003141656485372501,0.0031384878294590628,0.005853422559058292,0.005845315289916361,0.004922933797200324,-2.505411961572066,-2.5028413032753725,-2.5032795511327603,-2.2325901229995813,-2.2331920585007863,-2.307776004508355,Y,non-synonymous,0.16343876925477493,0.1618422983938291,0.11839863472695315,1.313242441850283,1.2611719535977117,1.4104341152888058,1.313242441850283
48,ortho,tatttgactagagcttttagagattct,1.0,ttg,2.0,,YLTRAFRDS,,False,False,10.0,6.0,7.0,1089.0,1244.0,1016.0,782.0,702.0,573.0,True,False,True,True,False,False,1.0,both,0.0031231154474402035,0.003141656485372501,0.0031384878294590628,0.005853422559058292,0.005845315289916361,0.004922933797200324,-2.505411961572066,-2.5028413032753725,-2.5032795511327603,-2.2325901229995813,-2.2331920585007863,-2.307776004508355,L,synonymous,0.16343876925477493,0.1618422983938291,0.11839863472695315,1.313242441850283,1.2611719535977117,1.4104341152888058,1.313242441850283
49,ortho,tatttgactagagcttttagagattct,2.0,act,3.0,,YLTRAFRDS,,False,False,10.0,6.0,7.0,1089.0,1244.0,1016.0,782.0,702.0,573.0,True,False,True,True,False,False,1.0,both,0.0031231154474402035,0.003141656485372501,0.0031384878294590628,0.005853422559058292,0.005845315289916361,0.004922933797200324,-2.505411961572066,-2.5028413032753725,-2.5032795511327603,-2.2325901229995813,-2.2331920585007863,-2.307776004508355,T,non-synonymous,0.16343876925477493,0.1618422983938291,0.11839863472695315,1.313242441850283,1.2611719535977117,1.4104341152888058,1.313242441850283
50,ortho,tatttgactagagcttttagagattct,3.0,aga,4.0,,YLTRAFRDS,,False,False,10.0,6.0,7.0,1089.0,1244.0,1016.0,782.0,702.0,573.0,True,False,True,True,False,False,1.0,both,0.0031231154474402035,0.003141656485372501,0.0031384878294590628,0.005853422559058292,0.005845315289916361,0.004922933797200324,-2.505411961572066,-2.5028413032753725,-2.5032795511327603,-2.2325901229995813,-2.2331920585007863,-2.307776004508355,R,non-synonymous,0.16343876925477493,0.1618422983938291,0.11839863472695315,1.313242441850283,1.2611719535977117,1.4104341152888058,1.313242441850283
51,ortho,tatttgactagagcttttagagattct,4.0,gct,5.0,,YLTRAFRDS,,False,False,10.0,6.0,7.0,1089.0,1244.0,1016.0,782.0,702.0,573.0,True,False,True,True,False,False,1.0,both,0.0031231154474402035,0.003141656485372501,0.0031384878294590628,0.005853422559058292,0.005845315289916361,0.004922933797200324,-2.505411961572066,-2.5028413032753725,-2.5032795511327603,-2.2325901229995813,-2.2331920585007863,-2.307776004508355,A,non-synonymous,0.16343876925477493,0.1618422983938291,0.11839863472695315,1.313242441850283,1.2611719535977117,1.4104341152888058,1.313242441850283
52,ortho,tatttgactagagcttttagagattct,5.0,ttt,6.0,,YLTRAFRDS,,False,False,10.0,6.0,7.0,1089.0,1244.0,1016.0,782.0,702.0,573.0,True,False,True,True,False,False,1.0,both,0.0031231154474402035,0.003141656485372501,0.0031384878294590628,0.005853422559058292,0.005845315289916361,0.004922933797200324,-2.505411961572066,-2.5028413032753725,-2.5032795511327603,-2.2325901229995813,-2.2331920585007863,-2.307776004508355,F,non-synonymous,0.16343876925477493,0.1618422983938291,0.11839863472695315,1.313242441850283,1.2611719535977117,1.4104341152888058,1.313242441850283
53,ortho,tatttgactagagcttttagagattct,8.0,tct,7.0,,YLTRAFRDS,,False,False,10.0,6.0,7.0,1089.0,1244.0,1016.0,782.0,702.0,573.0,True,False,True,True,False,False,1.0,both,0.0031231154474402035,0.003141656485372501,0.0031384878294590628,0.005853422559058292,0.005845315289916361,0.004922933797200324,-2.505411961572066,-2.5028413032753725,-2.5032795511327603,-2.2325901229995813,-2.2331920585007863,-2.307776004508355,S,non-synonymous,0.16343876925477493,0.1618422983938291,0.11839863472695315,1.313242441850283,1.2611719535977117,1.4104341152888058,1.313242441850283
54,ortho,tatttgactagatcttttagagatcca,0.0,tat,1.0,,YLTRSFRDP,,False,False,7.0,4.0,5.0,529.0,702.0,488.0,829.0,684.0,535.0,True,False,True,True,False,False,1.0,both,0.0033108218745881443,0.00306110119087577,0.002930350765725303,0.0028433981026095836,0.0032985621652100367,0.0023645587529859823,-2.48006418408164,-2.5141223136850614,-2.533080391078922,-2.5461623307201706,-2.481675326725781,-2.6262498904535447,Y,non-synonymous,-0.03959726902050347,0.019474539785321356,-0.05642425272898871,1.1102064035750046,1.118804194989204,1.235611227832864,1.118804194989204
55,ortho,tatttgactagatcttttagagatcca,1.0,ttg,2.0,,YLTRSFRDP,,False,False,7.0,4.0,5.0,529.0,702.0,488.0,829.0,684.0,535.0,True,False,True,True,False,False,1.0,both,0.0033108218745881443,0.00306110119087577,0.002930350765725303,0.0028433981026095836,0.0032985621652100367,0.0023645587529859823,-2.48006418408164,-2.5141223136850614,-2.533080391078922,-2.5461623307201706,-2.481675326725781,-2.6262498904535447,L,synonymous,-0.03959726902050347,0.019474539785321356,-0.05642425272898871,1.1102064035750046,1.118804194989204,1.235611227832864,1.118804194989204
56,ortho,tatttgactagatcttttagagatcca,2.0,act,3.0,,YLTRSFRDP,,False,False,7.0,4.0,5.0,529.0,702.0,488.0,829.0,684.0,535.0,True,False,True,True,False,False,1.0,both,0.0033108218745881443,0.00306110119087577,0.002930350765725303,0.0028433981026095836,0.0032985621652100367,0.0023645587529859823,-2.48006418408164,-2.5141223136850614,-2.533080391078922,-2.5461623307201706,-2.481675326725781,-2.6262498904535447,T,non-synonymous,-0.03959726902050347,0.019474539785321356,-0.05642425272898871,1.1102064035750046,1.118804194989204,1.235611227832864,1.118804194989204
57,ortho,tatttgactagatcttttagagatcca,3.0,aga,4.0,,YLTRSFRDP,,False,False,7.0,4.0,5.0,529.0,702.0,488.0,829.0,684.0,535.0,True,False,True,True,False,False,1.0,both,0.0033108218745881443,0.00306110119087577,0.002930350765725303,0.0028433981026095836,0.0032985621652100367,0.0023645587529859823,-2.48006418408164,-2.5141223136850614,-2.533080391078922,-2.5461623307201706,-2.481675326725781,-2.6262498904535447,R,non-synonymous,-0.03959726902050347,0.019474539785321356,-0.05642425272898871,1.1102064035750046,1.118804194989204,1.235611227832864,1.118804194989204
58,ortho,tatttgactagatcttttagagatcca,5.0,ttt,5.0,,YLTRSFRDP,,False,False,7.0,4.0,5.0,529.0,702.0,488.0,829.0,684.0,535.0,True,False,True,True,False,False,1.0,both,0.0033108218745881443,0.00306110119087577,0.002930350765725303,0.0028433981026095836,0.0032985621652100367,0.0023645587529859823,-2.48006418408164,-2.5141223136850614,-2.533080391078922,-2.5461623307201706,-2.481675326725781,-2.6262498904535447,F,non-synonymous,-0.03959726902050347,0.019474539785321356,-0.05642425272898871,1.1102064035750046,1.118804194989204,1.235611227832864,1.118804194989204
59,ortho,tatttgactttggcttttagagattct,0.0,tat,1.0,,YLTLAFRDS,,False,False,9.0,5.0,7.0,1240.0,1592.0,1316.0,735.0,562.0,543.0,True,False,True,True,False,False,1.0,both,0.002935409020292263,0.002515115305953484,0.00297416909493241,0.006665054153564998,0.007480499953011935,0.006376555981413018,-2.532331375547719,-2.5994420998361165,-2.5266343435113034,-2.176196317593121,-2.126069375453936,-2.1954138231783187,Y,non-synonymous,0.2133490334393186,0.28411624061845403,0.20059000503104396,1.3631527060348267,1.3834458958223368,1.4926254855928964,1.3834458958223368
60,ortho,tatttgactttggcttttagagattct,1.0,ttg,2.0,,YLTLAFRDS,,False,False,9.0,5.0,7.0,1240.0,1592.0,1316.0,735.0,562.0,543.0,True,False,True,True,False,False,1.0,both,0.002935409020292263,0.002515115305953484,0.00297416909493241,0.006665054153564998,0.007480499953011935,0.006376555981413018,-2.532331375547719,-2.5994420998361165,-2.5266343435113034,-2.176196317593121,-2.126069375453936,-2.1954138231783187,L,synonymous,0.2133490334393186,0.28411624061845403,0.20059000503104396,1.3631527060348267,1.3834458958223368,1.4926254855928964,1.3834458958223368
61,ortho,tatttgactttggcttttagagattct,2.0,act,3.0,,YLTLAFRDS,,False,False,9.0,5.0,7.0,1240.0,1592.0,1316.0,735.0,562.0,543.0,True,False,True,True,False,False,1.0,both,0.002935409020292263,0.002515115305953484,0.00297416909493241,0.006665054153564998,0.007480499953011935,0.006376555981413018,-2.532331375547719,-2.5994420998361165,-2.5266343435113034,-2.176196317593121,-2.126069375453936,-2.1954138231783187,T,non-synonymous,0.2133490334393186,0.28411624061845403,0.20059000503104396,1.3631527060348267,1.3834458958223368,1.4926254855928964,1.3834458958223368
62,ortho,tatttgactttggcttttagagattct,3.0,ttg,4.0,,YLTLAFRDS,,False,False,9.0,5.0,7.0,1240.0,1592.0,1316.0,735.0,562.0,543.0,True,False,True,True,False,False,1.0,both,0.002935409020292263,0.002515115305953484,0.00297416909493241,0.006665054153564998,0.007480499953011935,0.006376555981413018,-2.532331375547719,-2.5994420998361165,-2.5266343435113034,-2.176196317593121,-2.126069375453936,-2.1954138231783187,L,synonymous,0.2133490334393186,0.28411624061845403,0.20059000503104396,1.3631527060348267,1.3834458958223368,1.4926254855928964,1.3834458958223368
63,ortho,tatttgactttggcttttagagattct,4.0,gct,5.0,,YLTLAFRDS,,False,False,9.0,5.0,7.0,1240.0,1592.0,1316.0,735.0,562.0,543.0,True,False,True,True,False,False,1.0,both,0.002935409020292263,0.002515115305953484,0.00297416909493241,0.006665054153564998,0.007480499953011935,0.006376555981413018,-2.532331375547719,-2.5994420998361165,-2.5266343435113034,-2.176196317593121,-2.126069375453936,-2.1954138231783187,A,non-synonymous,0.2133490334393186,0.28411624061845403,0.20059000503104396,1.3631527060348267,1.3834458958223368,1.4926254855928964,1.3834458958223368
64,ortho,tatttgactttggcttttagagattct,5.0,ttt,6.0,,YLTLAFRDS,,False,False,9.0,5.0,7.0,1240.0,1592.0,1316.0,735.0,562.0,543.0,True,False,True,True,False,False,1.0,both,0.002935409020292263,0.002515115305953484,0.00297416909493241,0.006665054153564998,0.007480499953011935,0.006376555981413018,-2.532331375547719,-2.5994420998361165,-2.5266343435113034,-2.176196317593121,-2.126069375453936,-2.1954138231783187,F,non-synonymous,0.2133490334393186,0.28411624061845403,0.20059000503104396,1.3631527060348267,1.3834458958223368,1.4926254855928964,1.3834458958223368
65,ortho,tatttgactttggcttttagagattct,8.0,tct,7.0,,YLTLAFRDS,,False,False,9.0,5.0,7.0,1240.0,1592.0,1316.0,735.0,562.0,543.0,True,False,True,True,False,False,1.0,both,0.002935409020292263,0.002515115305953484,0.00297416909493241,0.006665054153564998,0.007480499953011935,0.006376555981413018,-2.532331375547719,-2.5994420998361165,-2.5266343435113034,-2.176196317593121,-2.126069375453936,-2.1954138231783187,S,non-synonymous,0.2133490334393186,0.28411624061845403,0.20059000503104396,1.3631527060348267,1.3834458958223368,1.4926254855928964,1.3834458958223368
66,ortho,tatttgactttgtctattaaagatcca,0.0,tat,1.0,,YLTLSIKDP,,False,False,8.0,4.0,6.0,1042.0,1443.0,884.0,1418.0,1194.0,1001.0,True,False,True,True,False,False,1.0,both,0.00566314284459106,0.005343501201616477,0.005482768442039305,0.00560079550646349,0.006780377784042853,0.0042833400361467384,-2.246942483784866,-2.2721740886118273,-2.261000095620832,-2.251750283791851,-2.168746107762092,-2.3682174474431825,Y,non-synonymous,-0.0028801980078874386,0.062077022143885885,-0.06493175338242708,1.1469234745876207,1.1614066773477685,1.2271037271794254,1.1614066773477685
67,ortho,tatttgactttgtctattaaagatcca,1.0,ttg,2.0,,YLTLSIKDP,,False,False,8.0,4.0,6.0,1042.0,1443.0,884.0,1418.0,1194.0,1001.0,True,False,True,True,False,False,1.0,both,0.00566314284459106,0.005343501201616477,0.005482768442039305,0.00560079550646349,0.006780377784042853,0.0042833400361467384,-2.246942483784866,-2.2721740886118273,-2.261000095620832,-2.251750283791851,-2.168746107762092,-2.3682174474431825,L,synonymous,-0.0028801980078874386,0.062077022143885885,-0.06493175338242708,1.1469234745876207,1.1614066773477685,1.2271037271794254,1.1614066773477685
68,ortho,tatttgactttgtctattaaagatcca,2.0,act,3.0,,YLTLSIKDP,,False,False,8.0,4.0,6.0,1042.0,1443.0,884.0,1418.0,1194.0,1001.0,True,False,True,True,False,False,1.0,both,0.00566314284459106,0.005343501201616477,0.005482768442039305,0.00560079550646349,0.006780377784042853,0.0042833400361467384,-2.246942483784866,-2.2721740886118273,-2.261000095620832,-2.251750283791851,-2.168746107762092,-2.3682174474431825,T,non-synonymous,-0.0028801980078874386,0.062077022143885885,-0.06493175338242708,1.1469234745876207,1.1614066773477685,1.2271037271794254,1.1614066773477685
69,ortho,tatttgactttgtctattaaagatcca,3.0,ttg,4.0,,YLTLSIKDP,,False,False,8.0,4.0,6.0,1042.0,1443.0,884.0,1418.0,1194.0,1001.0,True,False,True,True,False,False,1.0,both,0.00566314284459106,0.005343501201616477,0.005482768442039305,0.00560079550646349,0.006780377784042853,0.0042833400361467384,-2.246942483784866,-2.2721740886118273,-2.261000095620832,-2.251750283791851,-2.168746107762092,-2.3682174474431825,L,synonymous,-0.0028801980078874386,0.062077022143885885,-0.06493175338242708,1.1469234745876207,1.1614066773477685,1.2271037271794254,1.1614066773477685
70,ortho,tatttgactttgtctattaaagatcca,5.0,att,5.0,,YLTLSIKDP,,False,False,8.0,4.0,6.0,1042.0,1443.0,884.0,1418.0,1194.0,1001.0,True,False,True,True,False,False,1.0,both,0.00566314284459106,0.005343501201616477,0.005482768442039305,0.00560079550646349,0.006780377784042853,0.0042833400361467384,-2.246942483784866,-2.2721740886118273,-2.261000095620832,-2.251750283791851,-2.168746107762092,-2.3682174474431825,I,non-synonymous,-0.0028801980078874386,0.062077022143885885,-0.06493175338242708,1.1469234745876207,1.1614066773477685,1.2271037271794254,1.1614066773477685
71,ortho,tatttgactttgtctattaaagatcca,6.0,aaa,6.0,,YLTLSIKDP,,False,False,8.0,4.0,6.0,1042.0,1443.0,884.0,1418.0,1194.0,1001.0,True,False,True,True,False,False,1.0,both,0.00566314284459106,0.005343501201616477,0.005482768442039305,0.00560079550646349,0.006780377784042853,0.0042833400361467384,-2.246942483784866,-2.2721740886118273,-2.261000095620832,-2.251750283791851,-2.168746107762092,-2.3682174474431825,K,non-synonymous,-0.0028801980078874386,0.062077022143885885,-0.06493175338242708,1.1469234745876207,1.1614066773477685,1.2271037271794254,1.1614066773477685
72,ortho,tatttgactttgtctattagagatcca,0.0,tat,1.0,,YLTLSIRDP,,False,False,7.0,3.0,5.0,539.0,840.0,584.0,487.0,406.0,347.0,True,False,True,True,False,False,1.0,both,0.0019449580855541932,0.0018169694203151502,0.0019006200293582806,0.002897148539331882,0.0039469974626444885,0.0028297178519340444,-2.7110897534172795,-2.7406523818279838,-2.7211046983092766,-2.5380292375686175,-2.4037331527937047,-2.548256865343856,Y,non-synonymous,0.10367497655209496,0.20221744898847122,0.10467813905153751,1.253478649147603,1.3015471041923539,1.39671361961339,1.3015471041923539
73,ortho,tatttgactttgtctattagagatcca,1.0,ttg,2.0,,YLTLSIRDP,,False,False,7.0,3.0,5.0,539.0,840.0,584.0,487.0,406.0,347.0,True,False,True,True,False,False,1.0,both,0.0019449580855541932,0.0018169694203151502,0.0019006200293582806,0.002897148539331882,0.0039469974626444885,0.0028297178519340444,-2.7110897534172795,-2.7406523818279838,-2.7211046983092766,-2.5380292375686175,-2.4037331527937047,-2.548256865343856,L,synonymous,0.10367497655209496,0.20221744898847122,0.10467813905153751,1.253478649147603,1.3015471041923539,1.39671361961339,1.3015471041923539
74,ortho,tatttgactttgtctattagagatcca,2.0,act,3.0,,YLTLSIRDP,,False,False,7.0,3.0,5.0,539.0,840.0,584.0,487.0,406.0,347.0,True,False,True,True,False,False,1.0,both,0.0019449580855541932,0.0018169694203151502,0.0019006200293582806,0.002897148539331882,0.0039469974626444885,0.0028297178519340444,-2.7110897534172795,-2.7406523818279838,-2.7211046983092766,-2.5380292375686175,-2.4037331527937047,-2.548256865343856,T,non-synonymous,0.10367497655209496,0.20221744898847122,0.10467813905153751,1.253478649147603,1.3015471041923539,1.39671361961339,1.3015471041923539
75,ortho,tatttgactttgtctattagagatcca,3.0,ttg,4.0,,YLTLSIRDP,,False,False,7.0,3.0,5.0,539.0,840.0,584.0,487.0,406.0,347.0,True,False,True,True,False,False,1.0,both,0.0019449580855541932,0.0018169694203151502,0.0019006200293582806,0.002897148539331882,0.0039469974626444885,0.0028297178519340444,-2.7110897534172795,-2.7406523818279838,-2.7211046983092766,-2.5380292375686175,-2.4037331527937047,-2.548256865343856,L,synonymous,0.10367497655209496,0.20221744898847122,0.10467813905153751,1.253478649147603,1.3015471041923539,1.39671361961339,1.3015471041923539
76,ortho,tatttgactttgtctattagagatcca,5.0,att,5.0,,YLTLSIRDP,,False,False,7.0,3.0,5.0,539.0,840.0,584.0,487.0,406.0,347.0,True,False,True,True,False,False,1.0,both,0.0019449580855541932,0.0018169694203151502,0.0019006200293582806,0.002897148539331882,0.0039469974626444885,0.0028297178519340444,-2.7110897534172795,-2.7406523818279838,-2.7211046983092766,-2.5380292375686175,-2.4037331527937047,-2.548256865343856,I,non-synonymous,0.10367497655209496,0.20221744898847122,0.10467813905153751,1.253478649147603,1.3015471041923539,1.39671361961339,1.3015471041923539
77,ortho,tatttgactttgtctttgagagatcca,0.0,tat,1.0,,YLTLSLRDP,,False,False,5.0,2.0,4.0,1431.0,2028.0,1507.0,1050.0,983.0,717.0,True,False,True,True,False,False,1.0,both,0.004193441457560376,0.004399214138349243,0.003927217755186995,0.007691687494960897,0.00952917958838455,0.007302028772028433,-2.3774294155619757,-2.356624897573042,-2.40591501743235,-2.1139783689955802,-2.020944488194288,-2.1365564601416236,Y,non-synonymous,0.15782502982529478,0.20147391484464966,0.16312586644022892,1.3076287024208029,1.3008035700485323,1.4551613470020814,1.3076287024208029
78,ortho,tatttgactttgtctttgagagatcca,1.0,ttg,2.0,,YLTLSLRDP,,False,False,5.0,2.0,4.0,1431.0,2028.0,1507.0,1050.0,983.0,717.0,True,False,True,True,False,False,1.0,both,0.004193441457560376,0.004399214138349243,0.003927217755186995,0.007691687494960897,0.00952917958838455,0.007302028772028433,-2.3774294155619757,-2.356624897573042,-2.40591501743235,-2.1139783689955802,-2.020944488194288,-2.1365564601416236,L,synonymous,0.15782502982529478,0.20147391484464966,0.16312586644022892,1.3076287024208029,1.3008035700485323,1.4551613470020814,1.3076287024208029
79,ortho,tatttgactttgtctttgagagatcca,2.0,act,3.0,,YLTLSLRDP,,False,False,5.0,2.0,4.0,1431.0,2028.0,1507.0,1050.0,983.0,717.0,True,False,True,True,False,False,1.0,both,0.004193441457560376,0.004399214138349243,0.003927217755186995,0.007691687494960897,0.00952917958838455,0.007302028772028433,-2.3774294155619757,-2.356624897573042,-2.40591501743235,-2.1139783689955802,-2.020944488194288,-2.1365564601416236,T,non-synonymous,0.15782502982529478,0.20147391484464966,0.16312586644022892,1.3076287024208029,1.3008035700485323,1.4551613470020814,1.3076287024208029
80,ortho,tatttgactttgtctttgagagatcca,3.0,ttg,4.0,,YLTLSLRDP,,False,False,5.0,2.0,4.0,1431.0,2028.0,1507.0,1050.0,983.0,717.0,True,False,True,True,False,False,1.0,both,0.004193441457560376,0.004399214138349243,0.003927217755186995,0.007691687494960897,0.00952917958838455,0.007302028772028433,-2.3774294155619757,-2.356624897573042,-2.40591501743235,-2.1139783689955802,-2.020944488194288,-2.1365564601416236,L,synonymous,0.15782502982529478,0.20147391484464966,0.16312586644022892,1.3076287024208029,1.3008035700485323,1.4551613470020814,1.3076287024208029
81,ortho,tatttgactttgtcttttaaagatcca,0.0,tat,1.0,,YLTLSFKDP,,False,False,7.0,4.0,6.0,879.0,1342.0,1039.0,619.0,516.0,462.0,True,False,True,True,False,False,1.0,both,0.002472133583076069,0.0023092517755729496,0.0025305085117104486,0.004724663387890027,0.006305798327224885,0.00503437816465663,-2.606928065611796,-2.6365287137779663,-2.596792197544025,-2.3256291276815846,-2.200259923022613,-2.298054164899078,Y,non-synonymous,0.16851712622622111,0.2618466217933107,0.18091833021387388,1.3183207988217291,1.3611762769971933,1.4729538107757265,1.3611762769971933
82,ortho,tatttgactttgtcttttaaagatcca,1.0,ttg,2.0,,YLTLSFKDP,,False,False,7.0,4.0,6.0,879.0,1342.0,1039.0,619.0,516.0,462.0,True,False,True,True,False,False,1.0,both,0.002472133583076069,0.0023092517755729496,0.0025305085117104486,0.004724663387890027,0.006305798327224885,0.00503437816465663,-2.606928065611796,-2.6365287137779663,-2.596792197544025,-2.3256291276815846,-2.200259923022613,-2.298054164899078,L,synonymous,0.16851712622622111,0.2618466217933107,0.18091833021387388,1.3183207988217291,1.3611762769971933,1.4729538107757265,1.3611762769971933
83,ortho,tatttgactttgtcttttaaagatcca,2.0,act,3.0,,YLTLSFKDP,,False,False,7.0,4.0,6.0,879.0,1342.0,1039.0,619.0,516.0,462.0,True,False,True,True,False,False,1.0,both,0.002472133583076069,0.0023092517755729496,0.0025305085117104486,0.004724663387890027,0.006305798327224885,0.00503437816465663,-2.606928065611796,-2.6365287137779663,-2.596792197544025,-2.3256291276815846,-2.200259923022613,-2.298054164899078,T,non-synonymous,0.16851712622622111,0.2618466217933107,0.18091833021387388,1.3183207988217291,1.3611762769971933,1.4729538107757265,1.3611762769971933
84,ortho,tatttgactttgtcttttaaagatcca,3.0,ttg,4.0,,YLTLSFKDP,,False,False,7.0,4.0,6.0,879.0,1342.0,1039.0,619.0,516.0,462.0,True,False,True,True,False,False,1.0,both,0.002472133583076069,0.0023092517755729496,0.0025305085117104486,0.004724663387890027,0.006305798327224885,0.00503437816465663,-2.606928065611796,-2.6365287137779663,-2.596792197544025,-2.3256291276815846,-2.200259923022613,-2.298054164899078,L,synonymous,0.16851712622622111,0.2618466217933107,0.18091833021387388,1.3183207988217291,1.3611762769971933,1.4729538107757265,1.3611762769971933
85,ortho,tatttgactttgtcttttaaagatcca,5.0,ttt,5.0,,YLTLSFKDP,,False,False,7.0,4.0,6.0,879.0,1342.0,1039.0,619.0,516.0,462.0,True,False,True,True,False,False,1.0,both,0.002472133583076069,0.0023092517755729496,0.0025305085117104486,0.004724663387890027,0.006305798327224885,0.00503437816465663,-2.606928065611796,-2.6365287137779663,-2.596792197544025,-2.3256291276815846,-2.200259923022613,-2.298054164899078,F,non-synonymous,0.16851712622622111,0.2618466217933107,0.18091833021387388,1.3183207988217291,1.3611762769971933,1.4729538107757265,1.3611762769971933
86,ortho,tatttgactttgtcttttaaagatcca,6.0,aaa,6.0,,YLTLSFKDP,,False,False,7.0,4.0,6.0,879.0,1342.0,1039.0,619.0,516.0,462.0,True,False,True,True,False,False,1.0,both,0.002472133583076069,0.0023092517755729496,0.0025305085117104486,0.004724663387890027,0.006305798327224885,0.00503437816465663,-2.606928065611796,-2.6365287137779663,-2.596792197544025,-2.3256291276815846,-2.200259923022613,-2.298054164899078,K,non-synonymous,0.16851712622622111,0.2618466217933107,0.18091833021387388,1.3183207988217291,1.3611762769971933,1.4729538107757265,1.3611762769971933
87,ortho,tatttgactttgtcttttagagatcca,0.0,tat,1.0,,YLTLSFRDP,,False,False,6.0,3.0,5.0,880.0,1288.0,1040.0,527.0,483.0,387.0,True,False,True,True,False,False,1.0,both,0.002104708236318398,0.0021615670689956097,0.002119711675393817,0.004730038431562256,0.006052062776054882,0.005039223571937339,-2.6768080994193673,-2.6652312846536654,-2.673723208081239,-2.3251353306051876,-2.218096575831793,-2.297636373157475,Y,non-synonymous,0.21067581985427375,0.26836829833468057,0.22776143227365905,1.3604794924497818,1.3676979535385634,1.5197969128355115,1.3676979535385634
88,ortho,tatttgactttgtcttttagagatcca,1.0,ttg,2.0,,YLTLSFRDP,,False,False,6.0,3.0,5.0,880.0,1288.0,1040.0,527.0,483.0,387.0,True,False,True,True,False,False,1.0,both,0.002104708236318398,0.0021615670689956097,0.002119711675393817,0.004730038431562256,0.006052062776054882,0.005039223571937339,-2.6768080994193673,-2.6652312846536654,-2.673723208081239,-2.3251353306051876,-2.218096575831793,-2.297636373157475,L,synonymous,0.21067581985427375,0.26836829833468057,0.22776143227365905,1.3604794924497818,1.3676979535385634,1.5197969128355115,1.3676979535385634
89,ortho,tatttgactttgtcttttagagatcca,2.0,act,3.0,,YLTLSFRDP,,False,False,6.0,3.0,5.0,880.0,1288.0,1040.0,527.0,483.0,387.0,True,False,True,True,False,False,1.0,both,0.002104708236318398,0.0021615670689956097,0.002119711675393817,0.004730038431562256,0.006052062776054882,0.005039223571937339,-2.6768080994193673,-2.6652312846536654,-2.673723208081239,-2.3251353306051876,-2.218096575831793,-2.297636373157475,T,non-synonymous,0.21067581985427375,0.26836829833468057,0.22776143227365905,1.3604794924497818,1.3676979535385634,1.5197969128355115,1.3676979535385634
90,ortho,tatttgactttgtcttttagagatcca,3.0,ttg,4.0,,YLTLSFRDP,,False,False,6.0,3.0,5.0,880.0,1288.0,1040.0,527.0,483.0,387.0,True,False,True,True,False,False,1.0,both,0.002104708236318398,0.0021615670689956097,0.002119711675393817,0.004730038431562256,0.006052062776054882,0.005039223571937339,-2.6768080994193673,-2.6652312846536654,-2.673723208081239,-2.3251353306051876,-2.218096575831793,-2.297636373157475,L,synonymous,0.21067581985427375,0.26836829833468057,0.22776143227365905,1.3604794924497818,1.3676979535385634,1.5197969128355115,1.3676979535385634
91,ortho,tatttgactttgtcttttagagatcca,5.0,ttt,5.0,,YLTLSFRDP,,False,False,6.0,3.0,5.0,880.0,1288.0,1040.0,527.0,483.0,387.0,True,False,True,True,False,False,1.0,both,0.002104708236318398,0.0021615670689956097,0.002119711675393817,0.004730038431562256,0.006052062776054882,0.005039223571937339,-2.6768080994193673,-2.6652312846536654,-2.673723208081239,-2.3251353306051876,-2.218096575831793,-2.297636373157475,F,non-synonymous,0.21067581985427375,0.26836829833468057,0.22776143227365905,1.3604794924497818,1.3676979535385634,1.5197969128355115,1.3676979535385634
92,ortho,tatttgactttgtcttttagagatgct,0.0,tat,1.0,,YLTLSFRDA,,False,False,8.0,4.0,6.0,563.0,1039.0,838.0,426.0,326.0,269.0,True,False,True,True,False,False,1.0,both,0.001701339105638781,0.001458945889218569,0.001473391319588984,0.003026149587465398,0.00488205995677098,0.004060451301234125,-2.769209115529195,-2.8359608153372386,-2.8316818930977425,-2.51910960790401,-2.311396891298409,-2.391425693825979,Y,non-synonymous,0.14982655322376365,0.31484097495581626,0.2666229530045117,1.2996302258192718,1.414170630159699,1.5586584335663642,1.414170630159699
93,ortho,tatttgactttgtcttttagagatgct,1.0,ttg,2.0,,YLTLSFRDA,,False,False,8.0,4.0,6.0,563.0,1039.0,838.0,426.0,326.0,269.0,True,False,True,True,False,False,1.0,both,0.001701339105638781,0.001458945889218569,0.001473391319588984,0.003026149587465398,0.00488205995677098,0.004060451301234125,-2.769209115529195,-2.8359608153372386,-2.8316818930977425,-2.51910960790401,-2.311396891298409,-2.391425693825979,L,synonymous,0.14982655322376365,0.31484097495581626,0.2666229530045117,1.2996302258192718,1.414170630159699,1.5586584335663642,1.414170630159699
94,ortho,tatttgactttgtcttttagagatgct,2.0,act,3.0,,YLTLSFRDA,,False,False,8.0,4.0,6.0,563.0,1039.0,838.0,426.0,326.0,269.0,True,False,True,True,False,False,1.0,both,0.001701339105638781,0.001458945889218569,0.001473391319588984,0.003026149587465398,0.00488205995677098,0.004060451301234125,-2.769209115529195,-2.8359608153372386,-2.8316818930977425,-2.51910960790401,-2.311396891298409,-2.391425693825979,T,non-synonymous,0.14982655322376365,0.31484097495581626,0.2666229530045117,1.2996302258192718,1.414170630159699,1.5586584335663642,1.414170630159699
95,ortho,tatttgactttgtcttttagagatgct,3.0,ttg,4.0,,YLTLSFRDA,,False,False,8.0,4.0,6.0,563.0,1039.0,838.0,426.0,326.0,269.0,True,False,True,True,False,False,1.0,both,0.001701339105638781,0.001458945889218569,0.001473391319588984,0.003026149587465398,0.00488205995677098,0.004060451301234125,-2.769209115529195,-2.8359608153372386,-2.8316818930977425,-2.51910960790401,-2.311396891298409,-2.391425693825979,L,synonymous,0.14982655322376365,0.31484097495581626,0.2666229530045117,1.2996302258192718,1.414170630159699,1.5586584335663642,1.414170630159699
96,ortho,tatttgactttgtcttttagagatgct,5.0,ttt,5.0,,YLTLSFRDA,,False,False,8.0,4.0,6.0,563.0,1039.0,838.0,426.0,326.0,269.0,True,False,True,True,False,False,1.0,both,0.001701339105638781,0.001458945889218569,0.001473391319588984,0.003026149587465398,0.00488205995677098,0.004060451301234125,-2.769209115529195,-2.8359608153372386,-2.8316818930977425,-2.51910960790401,-2.311396891298409,-2.391425693825979,F,non-synonymous,0.14982655322376365,0.31484097495581626,0.2666229530045117,1.2996302258192718,1.414170630159699,1.5586584335663642,1.414170630159699
97,ortho,tatttgactttgtcttttagagatgct,8.0,gct,6.0,,YLTLSFRDA,,False,False,8.0,4.0,6.0,563.0,1039.0,838.0,426.0,326.0,269.0,True,False,True,True,False,False,1.0,both,0.001701339105638781,0.001458945889218569,0.001473391319588984,0.003026149587465398,0.00488205995677098,0.004060451301234125,-2.769209115529195,-2.8359608153372386,-2.8316818930977425,-2.51910960790401,-2.311396891298409,-2.391425693825979,A,non-synonymous,0.14982655322376365,0.31484097495581626,0.2666229530045117,1.2996302258192718,1.414170630159699,1.5586584335663642,1.414170630159699
98,ortho,tatttgactttgtcttttagagatgtt,0.0,tat,1.0,,YLTLSFRDV,,False,False,9.0,4.0,6.0,192.0,381.0,275.0,206.0,195.0,163.0,True,False,True,True,False,False,1.0,both,0.0008227132764356546,0.000872682357047917,0.000892798457594812,0.0010320083850681287,0.0017902452776994643,0.0013324870021949695,-3.0847514942627607,-3.0591438040426597,-3.0492465686961925,-2.986316774051807,-2.747087463179967,-2.875337018625993,Y,non-synonymous,0.058969067899386864,0.18729485215434308,0.10532112409115722,1.208772740494895,1.2866245073582259,1.3973566046530097,1.2866245073582259
99,ortho,tatttgactttgtcttttagagatgtt,1.0,ttg,2.0,,YLTLSFRDV,,False,False,9.0,4.0,6.0,192.0,381.0,275.0,206.0,195.0,163.0,True,False,True,True,False,False,1.0,both,0.0008227132764356546,0.000872682357047917,0.000892798457594812,0.0010320083850681287,0.0017902452776994643,0.0013324870021949695,-3.0847514942627607,-3.0591438040426597,-3.0492465686961925,-2.986316774051807,-2.747087463179967,-2.875337018625993,L,synonymous,0.058969067899386864,0.18729485215434308,0.10532112409115722,1.208772740494895,1.2866245073582259,1.3973566046530097,1.2866245073582259
100,ortho,tatttgactttgtcttttagagatgtt,2.0,act,3.0,,YLTLSFRDV,,False,False,9.0,4.0,6.0,192.0,381.0,275.0,206.0,195.0,163.0,True,False,True,True,False,False,1.0,both,0.0008227132764356546,0.000872682357047917,0.000892798457594812,0.0010320083850681287,0.0017902452776994643,0.0013324870021949695,-3.0847514942627607,-3.0591438040426597,-3.0492465686961925,-2.986316774051807,-2.747087463179967,-2.875337018625993,T,non-synonymous,0.058969067899386864,0.18729485215434308,0.10532112409115722,1.208772740494895,1.2866245073582259,1.3973566046530097,1.2866245073582259
101,ortho,tatttgactttgtcttttagagatgtt,3.0,ttg,4.0,,YLTLSFRDV,,False,False,9.0,4.0,6.0,192.0,381.0,275.0,206.0,195.0,163.0,True,False,True,True,False,False,1.0,both,0.0008227132764356546,0.000872682357047917,0.000892798457594812,0.0010320083850681287,0.0017902452776994643,0.0013324870021949695,-3.0847514942627607,-3.0591438040426597,-3.0492465686961925,-2.986316774051807,-2.747087463179967,-2.875337018625993,L,synonymous,0.058969067899386864,0.18729485215434308,0.10532112409115722,1.208772740494895,1.2866245073582259,1.3973566046530097,1.2866245073582259
102,ortho,tatttgactttgtcttttagagatgtt,5.0,ttt,5.0,,YLTLSFRDV,,False,False,9.0,4.0,6.0,192.0,381.0,275.0,206.0,195.0,163.0,True,False,True,True,False,False,1.0,both,0.0008227132764356546,0.000872682357047917,0.000892798457594812,0.0010320083850681287,0.0017902452776994643,0.0013324870021949695,-3.0847514942627607,-3.0591438040426597,-3.0492465686961925,-2.986316774051807,-2.747087463179967,-2.875337018625993,F,non-synonymous,0.058969067899386864,0.18729485215434308,0.10532112409115722,1.208772740494895,1.2866245073582259,1.3973566046530097,1.2866245073582259
103,ortho,tatttgactttgtcttttagagatgtt,8.0,gtt,6.0,,YLTLSFRDV,,False,False,9.0,4.0,6.0,192.0,381.0,275.0,206.0,195.0,163.0,True,False,True,True,False,False,1.0,both,0.0008227132764356546,0.000872682357047917,0.000892798457594812,0.0010320083850681287,0.0017902452776994643,0.0013324870021949695,-3.0847514942627607,-3.0591438040426597,-3.0492465686961925,-2.986316774051807,-2.747087463179967,-2.875337018625993,V,non-synonymous,0.058969067899386864,0.18729485215434308,0.10532112409115722,1.208772740494895,1.2866245073582259,1.3973566046530097,1.2866245073582259
104,ortho,tatttgactttgtctttttctgatcca,0.0,tat,1.0,,YLTLSFSDP,,False,False,9.0,4.0,6.0,1286.0,1778.0,1485.0,701.0,619.0,495.0,True,False,True,True,False,False,1.0,both,0.002799621392142689,0.002770207071859798,0.002711259119689766,0.00691230616248757,0.0083544779625975,0.0071954298118528355,-2.5529006966652554,-2.5574877663850595,-2.5668289741665817,-2.160377034167153,-2.0780806822213913,-2.142943258803024,Y,non-synonymous,0.2351482734584015,0.2877380369902098,0.2567088466979145,1.3849519460539095,1.3870676921940925,1.548744327259767,1.3870676921940925
105,ortho,tatttgactttgtctttttctgatcca,1.0,ttg,2.0,,YLTLSFSDP,,False,False,9.0,4.0,6.0,1286.0,1778.0,1485.0,701.0,619.0,495.0,True,False,True,True,False,False,1.0,both,0.002799621392142689,0.002770207071859798,0.002711259119689766,0.00691230616248757,0.0083544779625975,0.0071954298118528355,-2.5529006966652554,-2.5574877663850595,-2.5668289741665817,-2.160377034167153,-2.0780806822213913,-2.142943258803024,L,synonymous,0.2351482734584015,0.2877380369902098,0.2567088466979145,1.3849519460539095,1.3870676921940925,1.548744327259767,1.3870676921940925
106,ortho,tatttgactttgtctttttctgatcca,2.0,act,3.0,,YLTLSFSDP,,False,False,9.0,4.0,6.0,1286.0,1778.0,1485.0,701.0,619.0,495.0,True,False,True,True,False,False,1.0,both,0.002799621392142689,0.002770207071859798,0.002711259119689766,0.00691230616248757,0.0083544779625975,0.0071954298118528355,-2.5529006966652554,-2.5574877663850595,-2.5668289741665817,-2.160377034167153,-2.0780806822213913,-2.142943258803024,T,non-synonymous,0.2351482734584015,0.2877380369902098,0.2567088466979145,1.3849519460539095,1.3870676921940925,1.548744327259767,1.3870676921940925
107,ortho,tatttgactttgtctttttctgatcca,3.0,ttg,4.0,,YLTLSFSDP,,False,False,9.0,4.0,6.0,1286.0,1778.0,1485.0,701.0,619.0,495.0,True,False,True,True,False,False,1.0,both,0.002799621392142689,0.002770207071859798,0.002711259119689766,0.00691230616248757,0.0083544779625975,0.0071954298118528355,-2.5529006966652554,-2.5574877663850595,-2.5668289741665817,-2.160377034167153,-2.0780806822213913,-2.142943258803024,L,synonymous,0.2351482734584015,0.2877380369902098,0.2567088466979145,1.3849519460539095,1.3870676921940925,1.548744327259767,1.3870676921940925
108,ortho,tatttgactttgtctttttctgatcca,5.0,ttt,5.0,,YLTLSFSDP,,False,False,9.0,4.0,6.0,1286.0,1778.0,1485.0,701.0,619.0,495.0,True,False,True,True,False,False,1.0,both,0.002799621392142689,0.002770207071859798,0.002711259119689766,0.00691230616248757,0.0083544779625975,0.0071954298118528355,-2.5529006966652554,-2.5574877663850595,-2.5668289741665817,-2.160377034167153,-2.0780806822213913,-2.142943258803024,F,non-synonymous,0.2351482734584015,0.2877380369902098,0.2567088466979145,1.3849519460539095,1.3870676921940925,1.548744327259767,1.3870676921940925
109,ortho,tatttgactttgtctttttctgatcca,6.0,tct,6.0,,YLTLSFSDP,,False,False,9.0,4.0,6.0,1286.0,1778.0,1485.0,701.0,619.0,495.0,True,False,True,True,False,False,1.0,both,0.002799621392142689,0.002770207071859798,0.002711259119689766,0.00691230616248757,0.0083544779625975,0.0071954298118528355,-2.5529006966652554,-2.5574877663850595,-2.5668289741665817,-2.160377034167153,-2.0780806822213913,-2.142943258803024,S,non-synonymous,0.2351482734584015,0.2877380369902098,0.2567088466979145,1.3849519460539095,1.3870676921940925,1.548744327259767,1.3870676921940925
110,ortho,tatttgattttgtctattagagatcca,0.0,tat,1.0,,YLILSIRDP,,False,False,6.0,3.0,5.0,147.0,247.0,142.0,131.0,115.0,92.0,True,False,True,True,False,False,1.0,both,0.0005231817437527707,0.0005146588259513356,0.0005039107858817344,0.000790131419817786,0.0011606052062776056,0.0006880478338606752,-3.2813474189761496,-3.2884805750515658,-3.297646345754595,-3.1023006680071803,-2.9353154855959205,-3.162381368073199,Y,non-synonymous,0.10726113705028698,0.2119681434218164,0.08191763761000669,1.257064809645795,1.311297798625699,1.3739531181718592,1.311297798625699
111,ortho,tatttgattttgtctattagagatcca,1.0,ttg,2.0,,YLILSIRDP,,False,False,6.0,3.0,5.0,147.0,247.0,142.0,131.0,115.0,92.0,True,False,True,True,False,False,1.0,both,0.0005231817437527707,0.0005146588259513356,0.0005039107858817344,0.000790131419817786,0.0011606052062776056,0.0006880478338606752,-3.2813474189761496,-3.2884805750515658,-3.297646345754595,-3.1023006680071803,-2.9353154855959205,-3.162381368073199,L,synonymous,0.10726113705028698,0.2119681434218164,0.08191763761000669,1.257064809645795,1.311297798625699,1.3739531181718592,1.311297798625699
112,ortho,tatttgattttgtctattagagatcca,2.0,att,3.0,,YLILSIRDP,,False,False,6.0,3.0,5.0,147.0,247.0,142.0,131.0,115.0,92.0,True,False,True,True,False,False,1.0,both,0.0005231817437527707,0.0005146588259513356,0.0005039107858817344,0.000790131419817786,0.0011606052062776056,0.0006880478338606752,-3.2813474189761496,-3.2884805750515658,-3.297646345754595,-3.1023006680071803,-2.9353154855959205,-3.162381368073199,I,non-synonymous,0.10726113705028698,0.2119681434218164,0.08191763761000669,1.257064809645795,1.311297798625699,1.3739531181718592,1.311297798625699
113,ortho,tatttgattttgtctattagagatcca,3.0,ttg,4.0,,YLILSIRDP,,False,False,6.0,3.0,5.0,147.0,247.0,142.0,131.0,115.0,92.0,True,False,True,True,False,False,1.0,both,0.0005231817437527707,0.0005146588259513356,0.0005039107858817344,0.000790131419817786,0.0011606052062776056,0.0006880478338606752,-3.2813474189761496,-3.2884805750515658,-3.297646345754595,-3.1023006680071803,-2.9353154855959205,-3.162381368073199,L,synonymous,0.10726113705028698,0.2119681434218164,0.08191763761000669,1.257064809645795,1.311297798625699,1.3739531181718592,1.311297798625699
114,ortho,tatttgattttgtctattagagatcca,5.0,att,5.0,,YLILSIRDP,,False,False,6.0,3.0,5.0,147.0,247.0,142.0,131.0,115.0,92.0,True,False,True,True,False,False,1.0,both,0.0005231817437527707,0.0005146588259513356,0.0005039107858817344,0.000790131419817786,0.0011606052062776056,0.0006880478338606752,-3.2813474189761496,-3.2884805750515658,-3.297646345754595,-3.1023006680071803,-2.9353154855959205,-3.162381368073199,I,non-synonymous,0.10726113705028698,0.2119681434218164,0.08191763761000669,1.257064809645795,1.311297798625699,1.3739531181718592,1.311297798625699
115,ortho,tatttgattttgtctttgagagatcca,0.0,tat,1.0,,YLILSLRDP,,False,False,4.0,2.0,4.0,193.0,276.0,175.0,261.0,208.0,205.0,True,False,True,True,False,False,1.0,both,0.0010423697337364362,0.0009308611808511115,0.0011228446859321253,0.0010373834287403585,0.0012968705948689034,0.0008479462741240715,-2.981978207293633,-3.031115080442416,-2.949680312044396,-2.9840606937475824,-2.8871033567903686,-3.071631663769961,Y,non-synonymous,-0.0012475505069688554,0.08643520722999995,-0.07385479085529235,1.1485561220885392,1.1857648624338826,1.2181806897065601,1.1857648624338826
116,ortho,tatttgattttgtctttgagagatcca,1.0,ttg,2.0,,YLILSLRDP,,False,False,4.0,2.0,4.0,193.0,276.0,175.0,261.0,208.0,205.0,True,False,True,True,False,False,1.0,both,0.0010423697337364362,0.0009308611808511115,0.0011228446859321253,0.0010373834287403585,0.0012968705948689034,0.0008479462741240715,-2.981978207293633,-3.031115080442416,-2.949680312044396,-2.9840606937475824,-2.8871033567903686,-3.071631663769961,L,synonymous,-0.0012475505069688554,0.08643520722999995,-0.07385479085529235,1.1485561220885392,1.1857648624338826,1.2181806897065601,1.1857648624338826
117,ortho,tatttgattttgtctttgagagatcca,2.0,att,3.0,,YLILSLRDP,,False,False,4.0,2.0,4.0,193.0,276.0,175.0,261.0,208.0,205.0,True,False,True,True,False,False,1.0,both,0.0010423697337364362,0.0009308611808511115,0.0011228446859321253,0.0010373834287403585,0.0012968705948689034,0.0008479462741240715,-2.981978207293633,-3.031115080442416,-2.949680312044396,-2.9840606937475824,-2.8871033567903686,-3.071631663769961,I,non-synonymous,-0.0012475505069688554,0.08643520722999995,-0.07385479085529235,1.1485561220885392,1.1857648624338826,1.2181806897065601,1.1857648624338826
118,ortho,tatttgattttgtctttgagagatcca,3.0,ttg,4.0,,YLILSLRDP,,False,False,4.0,2.0,4.0,193.0,276.0,175.0,261.0,208.0,205.0,True,False,True,True,False,False,1.0,both,0.0010423697337364362,0.0009308611808511115,0.0011228446859321253,0.0010373834287403585,0.0012968705948689034,0.0008479462741240715,-2.981978207293633,-3.031115080442416,-2.949680312044396,-2.9840606937475824,-2.8871033567903686,-3.071631663769961,L,synonymous,-0.0012475505069688554,0.08643520722999995,-0.07385479085529235,1.1485561220885392,1.1857648624338826,1.2181806897065601,1.1857648624338826
119,ortho,tatttgattttgtcttttagagatcca,0.0,tat,1.0,,YLILSFRDP,,False,False,5.0,3.0,5.0,2648.0,3734.0,2927.0,1681.0,1467.0,1179.0,True,False,True,True,False,False,1.0,both,0.006713500085865706,0.00656525650148356,0.006457726266897443,0.014233115644064608,0.01754534348275538,0.014182507110635184,-2.173051001192443,-2.182748301561895,-2.1899203680050614,-1.8467000219876941,-1.7558381252425268,-1.8482469900224636,Y,non-synonymous,0.19550635193063412,0.25622962230433516,0.20692034581553628,1.3453100245261422,1.355559277508218,1.4989558263773888,1.355559277508218
120,ortho,tatttgattttgtcttttagagatcca,1.0,ttg,2.0,,YLILSFRDP,,False,False,5.0,3.0,5.0,2648.0,3734.0,2927.0,1681.0,1467.0,1179.0,True,False,True,True,False,False,1.0,both,0.006713500085865706,0.00656525650148356,0.006457726266897443,0.014233115644064608,0.01754534348275538,0.014182507110635184,-2.173051001192443,-2.182748301561895,-2.1899203680050614,-1.8467000219876941,-1.7558381252425268,-1.8482469900224636,L,synonymous,0.19550635193063412,0.25622962230433516,0.20692034581553628,1.3453100245261422,1.355559277508218,1.4989558263773888,1.355559277508218
121,ortho,tatttgattttgtcttttagagatcca,2.0,att,3.0,,YLILSFRDP,,False,False,5.0,3.0,5.0,2648.0,3734.0,2927.0,1681.0,1467.0,1179.0,True,False,True,True,False,False,1.0,both,0.006713500085865706,0.00656525650148356,0.006457726266897443,0.014233115644064608,0.01754534348275538,0.014182507110635184,-2.173051001192443,-2.182748301561895,-2.1899203680050614,-1.8467000219876941,-1.7558381252425268,-1.8482469900224636,I,non-synonymous,0.19550635193063412,0.25622962230433516,0.20692034581553628,1.3453100245261422,1.355559277508218,1.4989558263773888,1.355559277508218
122,ortho,tatttgattttgtcttttagagatcca,3.0,ttg,4.0,,YLILSFRDP,,False,False,5.0,3.0,5.0,2648.0,3734.0,2927.0,1681.0,1467.0,1179.0,True,False,True,True,False,False,1.0,both,0.006713500085865706,0.00656525650148356,0.006457726266897443,0.014233115644064608,0.01754534348275538,0.014182507110635184,-2.173051001192443,-2.182748301561895,-2.1899203680050614,-1.8467000219876941,-1.7558381252425268,-1.8482469900224636,L,synonymous,0.19550635193063412,0.25622962230433516,0.20692034581553628,1.3453100245261422,1.355559277508218,1.4989558263773888,1.355559277508218
123,ortho,tatttgattttgtcttttagagatcca,5.0,ttt,5.0,,YLILSFRDP,,False,False,5.0,3.0,5.0,2648.0,3734.0,2927.0,1681.0,1467.0,1179.0,True,False,True,True,False,False,1.0,both,0.006713500085865706,0.00656525650148356,0.006457726266897443,0.014233115644064608,0.01754534348275538,0.014182507110635184,-2.173051001192443,-2.182748301561895,-2.1899203680050614,-1.8467000219876941,-1.7558381252425268,-1.8482469900224636,F,non-synonymous,0.19550635193063412,0.25622962230433516,0.20692034581553628,1.3453100245261422,1.355559277508218,1.4989558263773888,1.355559277508218
124,ortho,tatttggctttgtcttttaaagatcca,0.0,tat,1.0,,YLALSFKDP,,False,False,6.0,4.0,6.0,658.0,835.0,696.0,478.0,493.0,376.0,True,False,True,True,False,False,1.0,both,0.001909014301632247,0.0022063200103826825,0.0020594614727340445,0.0035367787363272327,0.003923503430128747,0.0033724034673734502,-2.7191908180197952,-2.656331496127948,-2.6862463281724893,-2.451392109141401,-2.4063259633719842,-2.472060472845693,Y,non-synonymous,0.16042957417235443,0.15005222827982592,0.1297128020763571,1.3102332467678626,1.2493818834837087,1.4217482826382097,1.3102332467678626
125,ortho,tatttggctttgtcttttaaagatcca,1.0,ttg,2.0,,YLALSFKDP,,False,False,6.0,4.0,6.0,658.0,835.0,696.0,478.0,493.0,376.0,True,False,True,True,False,False,1.0,both,0.001909014301632247,0.0022063200103826825,0.0020594614727340445,0.0035367787363272327,0.003923503430128747,0.0033724034673734502,-2.7191908180197952,-2.656331496127948,-2.6862463281724893,-2.451392109141401,-2.4063259633719842,-2.472060472845693,L,synonymous,0.16042957417235443,0.15005222827982592,0.1297128020763571,1.3102332467678626,1.2493818834837087,1.4217482826382097,1.3102332467678626
126,ortho,tatttggctttgtcttttaaagatcca,2.0,gct,3.0,,YLALSFKDP,,False,False,6.0,4.0,6.0,658.0,835.0,696.0,478.0,493.0,376.0,True,False,True,True,False,False,1.0,both,0.001909014301632247,0.0022063200103826825,0.0020594614727340445,0.0035367787363272327,0.003923503430128747,0.0033724034673734502,-2.7191908180197952,-2.656331496127948,-2.6862463281724893,-2.451392109141401,-2.4063259633719842,-2.472060472845693,A,non-synonymous,0.16042957417235443,0.15005222827982592,0.1297128020763571,1.3102332467678626,1.2493818834837087,1.4217482826382097,1.3102332467678626
127,ortho,tatttggctttgtcttttaaagatcca,3.0,ttg,4.0,,YLALSFKDP,,False,False,6.0,4.0,6.0,658.0,835.0,696.0,478.0,493.0,376.0,True,False,True,True,False,False,1.0,both,0.001909014301632247,0.0022063200103826825,0.0020594614727340445,0.0035367787363272327,0.003923503430128747,0.0033724034673734502,-2.7191908180197952,-2.656331496127948,-2.6862463281724893,-2.451392109141401,-2.4063259633719842,-2.472060472845693,L,synonymous,0.16042957417235443,0.15005222827982592,0.1297128020763571,1.3102332467678626,1.2493818834837087,1.4217482826382097,1.3102332467678626
128,ortho,tatttggctttgtcttttaaagatcca,5.0,ttt,5.0,,YLALSFKDP,,False,False,6.0,4.0,6.0,658.0,835.0,696.0,478.0,493.0,376.0,True,False,True,True,False,False,1.0,both,0.001909014301632247,0.0022063200103826825,0.0020594614727340445,0.0035367787363272327,0.003923503430128747,0.0033724034673734502,-2.7191908180197952,-2.656331496127948,-2.6862463281724893,-2.451392109141401,-2.4063259633719842,-2.472060472845693,F,non-synonymous,0.16042957417235443,0.15005222827982592,0.1297128020763571,1.3102332467678626,1.2493818834837087,1.4217482826382097,1.3102332467678626
129,ortho,tatttggctttgtcttttaaagatcca,6.0,aaa,6.0,,YLALSFKDP,,False,False,6.0,4.0,6.0,658.0,835.0,696.0,478.0,493.0,376.0,True,False,True,True,False,False,1.0,both,0.001909014301632247,0.0022063200103826825,0.0020594614727340445,0.0035367787363272327,0.003923503430128747,0.0033724034673734502,-2.7191908180197952,-2.656331496127948,-2.6862463281724893,-2.451392109141401,-2.4063259633719842,-2.472060472845693,K,non-synonymous,0.16042957417235443,0.15005222827982592,0.1297128020763571,1.3102332467678626,1.2493818834837087,1.4217482826382097,1.3102332467678626
130,ortho,tatttggctttgtcttttagagatcca,0.0,tat,1.0,,YLALSFRDP,,False,False,5.0,3.0,5.0,942.0,1215.0,950.0,547.0,432.0,410.0,True,False,True,True,False,False,1.0,both,0.0021845833117005004,0.0019333270679215391,0.0022456893718642507,0.005063291139240506,0.005709049901325063,0.004603136916673531,-2.660631388298483,-2.7136946685902656,-2.6486503163804147,-2.295567099962479,-2.2434361609212554,-2.3369461071674076,Y,non-synonymous,0.2186982475329026,0.28224710135578973,0.18877075862140705,1.3685019201284108,1.3815767565596724,1.4808062391832597,1.3815767565596724
131,ortho,tatttggctttgtcttttagagatcca,1.0,ttg,2.0,,YLALSFRDP,,False,False,5.0,3.0,5.0,942.0,1215.0,950.0,547.0,432.0,410.0,True,False,True,True,False,False,1.0,both,0.0021845833117005004,0.0019333270679215391,0.0022456893718642507,0.005063291139240506,0.005709049901325063,0.004603136916673531,-2.660631388298483,-2.7136946685902656,-2.6486503163804147,-2.295567099962479,-2.2434361609212554,-2.3369461071674076,L,synonymous,0.2186982475329026,0.28224710135578973,0.18877075862140705,1.3685019201284108,1.3815767565596724,1.4808062391832597,1.3815767565596724
132,ortho,tatttggctttgtcttttagagatcca,2.0,gct,3.0,,YLALSFRDP,,False,False,5.0,3.0,5.0,942.0,1215.0,950.0,547.0,432.0,410.0,True,False,True,True,False,False,1.0,both,0.0021845833117005004,0.0019333270679215391,0.0022456893718642507,0.005063291139240506,0.005709049901325063,0.004603136916673531,-2.660631388298483,-2.7136946685902656,-2.6486503163804147,-2.295567099962479,-2.2434361609212554,-2.3369461071674076,A,non-synonymous,0.2186982475329026,0.28224710135578973,0.18877075862140705,1.3685019201284108,1.3815767565596724,1.4808062391832597,1.3815767565596724
133,ortho,tatttggctttgtcttttagagatcca,3.0,ttg,4.0,,YLALSFRDP,,False,False,5.0,3.0,5.0,942.0,1215.0,950.0,547.0,432.0,410.0,True,False,True,True,False,False,1.0,both,0.0021845833117005004,0.0019333270679215391,0.0022456893718642507,0.005063291139240506,0.005709049901325063,0.004603136916673531,-2.660631388298483,-2.7136946685902656,-2.6486503163804147,-2.295567099962479,-2.2434361609212554,-2.3369461071674076,L,synonymous,0.2186982475329026,0.28224710135578973,0.18877075862140705,1.3685019201284108,1.3815767565596724,1.4808062391832597,1.3815767565596724
134,ortho,tatttggctttgtcttttagagatcca,5.0,ttt,5.0,,YLALSFRDP,,False,False,5.0,3.0,5.0,942.0,1215.0,950.0,547.0,432.0,410.0,True,False,True,True,False,False,1.0,both,0.0021845833117005004,0.0019333270679215391,0.0022456893718642507,0.005063291139240506,0.005709049901325063,0.004603136916673531,-2.660631388298483,-2.7136946685902656,-2.6486503163804147,-2.295567099962479,-2.2434361609212554,-2.3369461071674076,F,non-synonymous,0.2186982475329026,0.28224710135578973,0.18877075862140705,1.3685019201284108,1.3815767565596724,1.4808062391832597,1.3815767565596724
135,single,tcgttagttttatctttgagagatcca,0.0,tcg,1.0,,SLVLSLRDP,,False,False,2.0,1.0,1.0,5.0,167.0,69.0,17.0,29.0,23.0,True,False,True,True,False,False,1.0,both,6.789381407478703e-05,0.00012978353002251073,0.0001259776964704336,2.6875218361149186e-05,0.0007847006860257495,0.00033433310236891963,-4.16816979325364,-3.8867804175062215,-3.8997063370825575,-4.5706479984193376,-3.105295967708003,-3.475820621719,S,non-synonymous,-0.24111171909236856,0.4690435518189923,0.2567088466979145,0.9086919535031395,1.568373207022875,1.548744327259767,1.548744327259767
136,single,tctttagttttatctttgagagatcca,0.0,tct,1.0,,SLVLSLRDP,,False,False,1.0,1.0,1.0,5011.0,5870.0,5837.0,2649.0,2226.0,1803.0,True,False,True,True,False,False,1.0,both,0.010579453734359461,0.009962004752762375,0.009875555945051816,0.026934343841543713,0.027581994173479937,0.028282642297498318,-1.9755367563346828,-2.001653255406488,-2.0054384463777484,-1.5696936000128796,-1.5593743376079718,-1.5484800191460955,S,non-synonymous,0.24312755286298596,0.2654538737814167,0.27673796637124315,1.392931225458494,1.3647835289852994,1.5687734469330956,1.392931225458494
137,ortho,tctttgactttgtcttttagagatgtt,0.0,tct,1.0,,SLTLSFRDV,,False,False,9.0,4.0,6.0,3016.0,3755.0,3337.0,1942.0,1521.0,1354.0,True,False,True,True,False,False,1.0,both,0.0077558698196021425,0.0068069223849737525,0.0074162522183029165,0.01621113171544519,0.01764401841932149,0.016169124095725865,-2.110369489059928,-2.1670492013521794,-2.1298155087510247,-1.79018666555762,-1.7534024975153992,-1.7913135058014629,S,non-synonymous,0.19181120867577725,0.24826894407933284,0.20499973373150115,1.3416148812712854,1.3475985992832156,1.4970352142933536,1.3475985992832156
138,ortho,tctttgactttgtcttttagagatgtt,1.0,ttg,2.0,,SLTLSFRDV,,False,False,9.0,4.0,6.0,3016.0,3755.0,3337.0,1942.0,1521.0,1354.0,True,False,True,True,False,False,1.0,both,0.0077558698196021425,0.0068069223849737525,0.0074162522183029165,0.01621113171544519,0.01764401841932149,0.016169124095725865,-2.110369489059928,-2.1670492013521794,-2.1298155087510247,-1.79018666555762,-1.7534024975153992,-1.7913135058014629,L,synonymous,0.19181120867577725,0.24826894407933284,0.20499973373150115,1.3416148812712854,1.3475985992832156,1.4970352142933536,1.3475985992832156
139,ortho,tctttgactttgtcttttagagatgtt,2.0,act,3.0,,SLTLSFRDV,,False,False,9.0,4.0,6.0,3016.0,3755.0,3337.0,1942.0,1521.0,1354.0,True,False,True,True,False,False,1.0,both,0.0077558698196021425,0.0068069223849737525,0.0074162522183029165,0.01621113171544519,0.01764401841932149,0.016169124095725865,-2.110369489059928,-2.1670492013521794,-2.1298155087510247,-1.79018666555762,-1.7534024975153992,-1.7913135058014629,T,non-synonymous,0.19181120867577725,0.24826894407933284,0.20499973373150115,1.3416148812712854,1.3475985992832156,1.4970352142933536,1.3475985992832156
140,ortho,tctttgactttgtcttttagagatgtt,3.0,ttg,4.0,,SLTLSFRDV,,False,False,9.0,4.0,6.0,3016.0,3755.0,3337.0,1942.0,1521.0,1354.0,True,False,True,True,False,False,1.0,both,0.0077558698196021425,0.0068069223849737525,0.0074162522183029165,0.01621113171544519,0.01764401841932149,0.016169124095725865,-2.110369489059928,-2.1670492013521794,-2.1298155087510247,-1.79018666555762,-1.7534024975153992,-1.7913135058014629,L,synonymous,0.19181120867577725,0.24826894407933284,0.20499973373150115,1.3416148812712854,1.3475985992832156,1.4970352142933536,1.3475985992832156
141,ortho,tctttgactttgtcttttagagatgtt,5.0,ttt,5.0,,SLTLSFRDV,,False,False,9.0,4.0,6.0,3016.0,3755.0,3337.0,1942.0,1521.0,1354.0,True,False,True,True,False,False,1.0,both,0.0077558698196021425,0.0068069223849737525,0.0074162522183029165,0.01621113171544519,0.01764401841932149,0.016169124095725865,-2.110369489059928,-2.1670492013521794,-2.1298155087510247,-1.79018666555762,-1.7534024975153992,-1.7913135058014629,F,non-synonymous,0.19181120867577725,0.24826894407933284,0.20499973373150115,1.3416148812712854,1.3475985992832156,1.4970352142933536,1.3475985992832156
142,ortho,tctttgactttgtcttttagagatgtt,8.0,gtt,6.0,,SLTLSFRDV,,False,False,9.0,4.0,6.0,3016.0,3755.0,3337.0,1942.0,1521.0,1354.0,True,False,True,True,False,False,1.0,both,0.0077558698196021425,0.0068069223849737525,0.0074162522183029165,0.01621113171544519,0.01764401841932149,0.016169124095725865,-2.110369489059928,-2.1670492013521794,-2.1298155087510247,-1.79018666555762,-1.7534024975153992,-1.7913135058014629,V,non-synonymous,0.19181120867577725,0.24826894407933284,0.20499973373150115,1.3416148812712854,1.3475985992832156,1.4970352142933536,1.3475985992832156
143,single,tggttagttttatctttgagagatcca,0.0,tgg,1.0,,WLVLSLRDP,,False,False,2.0,1.0,1.0,1.0,5.0,7.0,3.0,7.0,9.0,True,False,True,True,False,False,2.0,both,1.1981261307315359e-05,3.1327058970950864e-05,4.929562035799575e-05,5.375043672229837e-06,2.3494032515741e-05,3.391785096496286e-05,-4.921497459912252,-4.504080375390921,-4.307191663660825,-5.269618002755356,-4.629042434519568,-4.469571672441998,W,non-synonymous,-0.20854779577868995,-0.0750016818267457,-0.09833873440453265,0.9412558768168181,1.024327973377137,1.19369674615732,1.024327973377137
144,single,tgtttagttttatctttgagagatcca,0.0,tgt,1.0,,CLVLSLRDP,,False,False,1.0,1.0,1.0,2.0,3.0,2.0,2.0,1.0,6.0,True,False,True,True,False,False,2.0,both,7.987507538210239e-06,4.4752941387072664e-06,3.28637469053305e-05,1.0750087344459673e-05,1.4096419509444601e-05,9.69081456141796e-06,-5.097588718967932,-5.349178415405178,-4.483282922716507,-4.968588007091375,-4.850891184135924,-5.013639716792274,C,non-synonymous,0.07728016823144743,0.29906981878005273,-0.32118865064566554,1.2270838408269555,1.3983994739839354,0.970846829916187,1.2270838408269555
145,ortho,ttgcaaattagaccattgattgctcca,0.0,ttg,1.0,,LQIRPLIAP,,False,False,11.0,7.0,7.0,1955.0,2866.0,2212.0,995.0,897.0,751.0,True,False,True,True,False,False,1.0,both,0.003973785000259594,0.004014338842420418,0.0041134456543172005,0.010508210379209331,0.013466779438022743,0.010718040904928264,-2.4007956338861884,-2.3963859723610854,-2.385794236095982,-1.9784712410234708,-1.8707362527942606,-1.9698845898235948,L,non-synonymous,0.2530009304127389,0.31549266468698306,0.25187847043524414,1.402804603008247,1.4148223198908658,1.5439139509970967,1.4148223198908658
146,ortho,ttgcaaattagaccattgattgctcca,1.0,caa,2.0,,LQIRPLIAP,,False,False,11.0,7.0,7.0,1955.0,2866.0,2212.0,995.0,897.0,751.0,True,False,True,True,False,False,1.0,both,0.003973785000259594,0.004014338842420418,0.0041134456543172005,0.010508210379209331,0.013466779438022743,0.010718040904928264,-2.4007956338861884,-2.3963859723610854,-2.385794236095982,-1.9784712410234708,-1.8707362527942606,-1.9698845898235948,Q,non-synonymous,0.2530009304127389,0.31549266468698306,0.25187847043524414,1.402804603008247,1.4148223198908658,1.5439139509970967,1.4148223198908658
147,ortho,ttgcaaattagaccattgattgctcca,2.0,att,3.0,,LQIRPLIAP,,False,False,11.0,7.0,7.0,1955.0,2866.0,2212.0,995.0,897.0,751.0,True,False,True,True,False,False,1.0,both,0.003973785000259594,0.004014338842420418,0.0041134456543172005,0.010508210379209331,0.013466779438022743,0.010718040904928264,-2.4007956338861884,-2.3963859723610854,-2.385794236095982,-1.9784712410234708,-1.8707362527942606,-1.9698845898235948,I,non-synonymous,0.2530009304127389,0.31549266468698306,0.25187847043524414,1.402804603008247,1.4148223198908658,1.5439139509970967,1.4148223198908658
148,ortho,ttgcaaattagaccattgattgctcca,3.0,aga,4.0,,LQIRPLIAP,,False,False,11.0,7.0,7.0,1955.0,2866.0,2212.0,995.0,897.0,751.0,True,False,True,True,False,False,1.0,both,0.003973785000259594,0.004014338842420418,0.0041134456543172005,0.010508210379209331,0.013466779438022743,0.010718040904928264,-2.4007956338861884,-2.3963859723610854,-2.385794236095982,-1.9784712410234708,-1.8707362527942606,-1.9698845898235948,R,non-synonymous,0.2530009304127389,0.31549266468698306,0.25187847043524414,1.402804603008247,1.4148223198908658,1.5439139509970967,1.4148223198908658
149,ortho,ttgcaaattagaccattgattgctcca,4.0,cca,5.0,,LQIRPLIAP,,False,False,11.0,7.0,7.0,1955.0,2866.0,2212.0,995.0,897.0,751.0,True,False,True,True,False,False,1.0,both,0.003973785000259594,0.004014338842420418,0.0041134456543172005,0.010508210379209331,0.013466779438022743,0.010718040904928264,-2.4007956338861884,-2.3963859723610854,-2.385794236095982,-1.9784712410234708,-1.8707362527942606,-1.9698845898235948,P,non-synonymous,0.2530009304127389,0.31549266468698306,0.25187847043524414,1.402804603008247,1.4148223198908658,1.5439139509970967,1.4148223198908658
150,ortho,ttgcaaattagaccattgattgctcca,6.0,att,6.0,,LQIRPLIAP,,False,False,11.0,7.0,7.0,1955.0,2866.0,2212.0,995.0,897.0,751.0,True,False,True,True,False,False,1.0,both,0.003973785000259594,0.004014338842420418,0.0041134456543172005,0.010508210379209331,0.013466779438022743,0.010718040904928264,-2.4007956338861884,-2.3963859723610854,-2.385794236095982,-1.9784712410234708,-1.8707362527942606,-1.9698845898235948,I,non-synonymous,0.2530009304127389,0.31549266468698306,0.25187847043524414,1.402804603008247,1.4148223198908658,1.5439139509970967,1.4148223198908658
151,ortho,ttgcaaattagaccattgattgctcca,7.0,gct,7.0,,LQIRPLIAP,,False,False,11.0,7.0,7.0,1955.0,2866.0,2212.0,995.0,897.0,751.0,True,False,True,True,False,False,1.0,both,0.003973785000259594,0.004014338842420418,0.0041134456543172005,0.010508210379209331,0.013466779438022743,0.010718040904928264,-2.4007956338861884,-2.3963859723610854,-2.385794236095982,-1.9784712410234708,-1.8707362527942606,-1.9698845898235948,A,non-synonymous,0.2530009304127389,0.31549266468698306,0.25187847043524414,1.402804603008247,1.4148223198908658,1.5439139509970967,1.4148223198908658
152,ortho,ttgcaagttaaaccaatgattaaacca,0.0,ttg,1.0,,LQVKPMIKP,,False,False,12.0,7.0,7.0,1048.0,1516.0,1219.0,501.0,494.0,347.0,True,False,True,True,False,False,1.0,both,0.0020008706383216647,0.0022107953045213896,0.0019006200293582806,0.005633045768496869,0.007123390658772672,0.0059065514751842465,-2.698780988764668,-2.6554514664815305,-2.7211046983092766,-2.2492567201076485,-2.1473132375595516,-2.2286660068378734,L,non-synonymous,0.2692954992308519,0.30498234452408757,0.2982251205342744,1.41909917182636,1.4043119997279703,1.5902606010961269,1.41909917182636
153,ortho,ttgcaagttaaaccaatgattaaacca,1.0,caa,2.0,,LQVKPMIKP,,False,False,12.0,7.0,7.0,1048.0,1516.0,1219.0,501.0,494.0,347.0,True,False,True,True,False,False,1.0,both,0.0020008706383216647,0.0022107953045213896,0.0019006200293582806,0.005633045768496869,0.007123390658772672,0.0059065514751842465,-2.698780988764668,-2.6554514664815305,-2.7211046983092766,-2.2492567201076485,-2.1473132375595516,-2.2286660068378734,Q,non-synonymous,0.2692954992308519,0.30498234452408757,0.2982251205342744,1.41909917182636,1.4043119997279703,1.5902606010961269,1.41909917182636
154,ortho,ttgcaagttaaaccaatgattaaacca,3.0,aaa,3.0,,LQVKPMIKP,,False,False,12.0,7.0,7.0,1048.0,1516.0,1219.0,501.0,494.0,347.0,True,False,True,True,False,False,1.0,both,0.0020008706383216647,0.0022107953045213896,0.0019006200293582806,0.005633045768496869,0.007123390658772672,0.0059065514751842465,-2.698780988764668,-2.6554514664815305,-2.7211046983092766,-2.2492567201076485,-2.1473132375595516,-2.2286660068378734,K,non-synonymous,0.2692954992308519,0.30498234452408757,0.2982251205342744,1.41909917182636,1.4043119997279703,1.5902606010961269,1.41909917182636
155,ortho,ttgcaagttaaaccaatgattaaacca,4.0,cca,4.0,,LQVKPMIKP,,False,False,12.0,7.0,7.0,1048.0,1516.0,1219.0,501.0,494.0,347.0,True,False,True,True,False,False,1.0,both,0.0020008706383216647,0.0022107953045213896,0.0019006200293582806,0.005633045768496869,0.007123390658772672,0.0059065514751842465,-2.698780988764668,-2.6554514664815305,-2.7211046983092766,-2.2492567201076485,-2.1473132375595516,-2.2286660068378734,P,non-synonymous,0.2692954992308519,0.30498234452408757,0.2982251205342744,1.41909917182636,1.4043119997279703,1.5902606010961269,1.41909917182636
156,ortho,ttgcaagttaaaccaatgattaaacca,5.0,atg,5.0,,LQVKPMIKP,,False,False,12.0,7.0,7.0,1048.0,1516.0,1219.0,501.0,494.0,347.0,True,False,True,True,False,False,1.0,both,0.0020008706383216647,0.0022107953045213896,0.0019006200293582806,0.005633045768496869,0.007123390658772672,0.0059065514751842465,-2.698780988764668,-2.6554514664815305,-2.7211046983092766,-2.2492567201076485,-2.1473132375595516,-2.2286660068378734,M,non-synonymous,0.2692954992308519,0.30498234452408757,0.2982251205342744,1.41909917182636,1.4043119997279703,1.5902606010961269,1.41909917182636
157,ortho,ttgcaagttaaaccaatgattaaacca,6.0,att,6.0,,LQVKPMIKP,,False,False,12.0,7.0,7.0,1048.0,1516.0,1219.0,501.0,494.0,347.0,True,False,True,True,False,False,1.0,both,0.0020008706383216647,0.0022107953045213896,0.0019006200293582806,0.005633045768496869,0.007123390658772672,0.0059065514751842465,-2.698780988764668,-2.6554514664815305,-2.7211046983092766,-2.2492567201076485,-2.1473132375595516,-2.2286660068378734,I,non-synonymous,0.2692954992308519,0.30498234452408757,0.2982251205342744,1.41909917182636,1.4043119997279703,1.5902606010961269,1.41909917182636
158,ortho,ttgcaagttaaaccaatgattaaacca,7.0,aaa,7.0,,LQVKPMIKP,,False,False,12.0,7.0,7.0,1048.0,1516.0,1219.0,501.0,494.0,347.0,True,False,True,True,False,False,1.0,both,0.0020008706383216647,0.0022107953045213896,0.0019006200293582806,0.005633045768496869,0.007123390658772672,0.0059065514751842465,-2.698780988764668,-2.6554514664815305,-2.7211046983092766,-2.2492567201076485,-2.1473132375595516,-2.2286660068378734,K,non-synonymous,0.2692954992308519,0.30498234452408757,0.2982251205342744,1.41909917182636,1.4043119997279703,1.5902606010961269,1.41909917182636
159,single,ttgttagttttatctttgagagatcca,0.0,ttg,1.0,,LLVLSLRDP,,False,False,1.0,1.0,1.0,15.0,8.0,10.0,727.0,693.0,522.0,True,False,True,True,False,False,1.0,both,0.002903458990139422,0.0031013788381241358,0.0028591459807637536,8.062565508344755e-05,3.7590452025185604e-05,4.84540728070898e-05,-2.537084303772876,-2.508445180793371,-2.543763670097888,-4.093526743699675,-4.424922451863643,-4.314669712456255,L,non-synonymous,-0.9324144948533855,-1.1502612834270363,-1.0724759794141165,0.21738917774212263,-0.05093162822315356,0.21955950114773604,0.21738917774212263
160,single,tttaaggttttatctttgagagatcca,1.0,aag,1.0,,FKVLSLRDP,,False,False,3.0,1.0,1.0,8.0,5.0,13.0,611.0,590.0,455.0,True,False,True,True,False,False,1.0,both,0.002440183552923228,0.002640423541837287,0.0024921674736542295,4.3000349377838694e-05,2.3494032515741e-05,6.299029464921675e-05,-2.6125775043893595,-2.5783264037630333,-2.603422776443038,-4.3665280157634125,-4.629042434519568,-4.200726360149418,K,non-synonymous,-1.0507352139135897,-1.2308308003909094,-0.9673408325355499,0.09906845868191838,-0.1315011451870267,0.32469464802630266,0.09906845868191838
161,single,tttacggttttatctttgagagatcca,1.0,acg,1.0,,FTVLSLRDP,,False,False,3.0,1.0,1.0,1.0,3.0,2.0,7.0,4.0,2.0,True,False,True,True,False,False,2.0,both,2.795627638373584e-05,1.7901176554829066e-05,1.0954582301776834e-05,5.375043672229837e-06,1.4096419509444601e-05,9.69081456141796e-06,-4.553520674617657,-4.7471184240772155,-4.960404177436169,-5.269618002755356,-4.850891184135924,-5.013639716792274,T,non-synonymous,-0.4289908263570444,-0.06228395711848713,-0.03223990197387554,0.7208128462384638,1.0370456980853955,1.259795578587977,1.0370456980853955
162,single,tttactgttttatctttgagagatcca,1.0,act,1.0,,FTVLSLRDP,,False,False,3.0,1.0,1.0,1.0,36.0,15.0,7.0,6.0,9.0,True,False,True,True,False,False,2.0,both,2.795627638373584e-05,2.68517648322436e-05,4.929562035799575e-05,5.375043672229837e-06,0.00016915703411333522,7.26811092106347e-05,-4.553520674617657,-4.571027165021534,-4.307191663660825,-5.269618002755356,-3.771709938088299,-4.138578453400575,T,non-synonymous,-0.4289908263570444,0.4797467067293227,0.10211361500308615,0.7208128462384638,1.5790763619332053,1.3941490955649387,1.3941490955649387
163,single,tttagggttttatctttgagagatcca,1.0,agg,1.0,,FRVLSLRDP,,False,False,3.0,1.0,1.0,416.0,423.0,386.0,479.0,460.0,440.0,True,False,True,True,False,False,1.0,both,0.0019130080554013522,0.0020586353038053425,0.0024100081063909034,0.002236018167647612,0.0019875951508316887,0.0018703272103536663,-2.718283201217351,-2.6864205837236037,-2.6179814966139627,-2.6505246721286135,-2.701672071480544,-2.7280824077845005,R,non-synonymous,0.04059195062507711,-0.009153876305390723,-0.0666780618043166,1.1903956232205852,1.090175778898492,1.225357418757536,1.1903956232205852
164,single,tttagtgttttatctttgagagatcca,1.0,agt,1.0,,FSVLSLRDP,,False,False,3.0,1.0,1.0,1578.0,1377.0,1417.0,1628.0,1478.0,1166.0,True,False,True,True,False,False,1.0,both,0.006501831136103134,0.00661448473700934,0.006386521481935894,0.008481818914778682,0.006470256554835072,0.006865942116764625,-2.1869643140787316,-2.179503981346371,-2.1947356226771553,-2.071511003881955,-2.1890784985986627,-2.163299862208795,S,non-synonymous,0.0691643565767466,-0.005746583415865542,0.01903776778130699,1.2189680291722547,1.093583071788017,1.3110732483431595,1.2189680291722547
165,ortho,tttatggctttgtctttgagagatcca,1.0,atg,1.0,,FMALSLRDP,,False,False,4.0,2.0,3.0,158.0,210.0,142.0,878.0,785.0,628.0,True,False,True,True,False,False,1.0,both,0.003506515809274295,0.0035131058988852044,0.003439738842757926,0.0008492569002123143,0.0009867493656611221,0.0006880478338606752,-2.4551241987258114,-2.4543087586599253,-2.463474529362954,-3.0709609158009337,-3.005793144121667,-3.162381368073199,M,non-synonymous,-0.3689279261048506,-0.33099851826415627,-0.42326401200076186,0.7808757464906575,0.7683311369397264,0.8687714685610908,0.7808757464906575
166,ortho,tttatggctttgtctttgagagatcca,2.0,gct,2.0,,FMALSLRDP,,False,False,4.0,2.0,3.0,158.0,210.0,142.0,878.0,785.0,628.0,True,False,True,True,False,False,1.0,both,0.003506515809274295,0.0035131058988852044,0.003439738842757926,0.0008492569002123143,0.0009867493656611221,0.0006880478338606752,-2.4551241987258114,-2.4543087586599253,-2.463474529362954,-3.0709609158009337,-3.005793144121667,-3.162381368073199,A,non-synonymous,-0.3689279261048506,-0.33099851826415627,-0.42326401200076186,0.7808757464906575,0.7683311369397264,0.8687714685610908,0.7808757464906575
167,ortho,tttatggctttgtctttgagagatcca,3.0,ttg,3.0,,FMALSLRDP,,False,False,4.0,2.0,3.0,158.0,210.0,142.0,878.0,785.0,628.0,True,False,True,True,False,False,1.0,both,0.003506515809274295,0.0035131058988852044,0.003439738842757926,0.0008492569002123143,0.0009867493656611221,0.0006880478338606752,-2.4551241987258114,-2.4543087586599253,-2.463474529362954,-3.0709609158009337,-3.005793144121667,-3.162381368073199,L,synonymous,-0.3689279261048506,-0.33099851826415627,-0.42326401200076186,0.7808757464906575,0.7683311369397264,0.8687714685610908,0.7808757464906575
168,single,tttatggttttatctttgagagatcca,1.0,atg,1.0,,FMVLSLRDP,,False,False,2.0,1.0,1.0,42.0,39.0,26.0,1313.0,1154.0,1016.0,True,False,True,True,False,False,1.0,both,0.005243798698835022,0.0051644894360681854,0.005564927809302631,0.00022575183423365316,0.0001832534536227798,0.0001259805892984335,-2.2803539885424344,-2.286972606585465,-2.25454046515225,-3.646368712357456,-3.736947831829087,-3.8996963644854374,M,non-synonymous,-0.8183353884440294,-0.8702687940539522,-0.9963206077701232,0.33146828415147866,0.22906086114993052,0.29571487279172937,0.29571487279172937
169,single,tttattgttttatctttgagagatcca,1.0,att,1.0,,FIVLSLRDP,,False,False,2.0,1.0,1.0,12.0,23.0,18.0,1432.0,1350.0,1005.0,True,False,True,True,False,False,1.0,both,0.005719055397358531,0.00604164708725481,0.005504677606642859,6.450052406675804e-05,0.00010807254957240861,8.721733105276164e-05,-2.2426756966600774,-2.2188446469101715,-2.259268111343643,-4.190436756707731,-3.9662846028379937,-4.05939720735295,I,non-synonymous,-1.1668408662673335,-1.0488058255419397,-1.0901737128545788,-0.017037193671825435,0.05052382966194302,0.20186176770727382,0.05052382966194302
170,single,tttcaggttttatctttgagagatcca,1.0,cag,1.0,,FQVLSLRDP,,False,False,3.0,1.0,1.0,24.0,43.0,25.0,2241.0,2121.0,1627.0,True,False,True,True,False,False,1.0,both,0.008950002196564572,0.009492098868198112,0.008911552702495454,0.0001290010481335161,0.0002020486796353726,0.0001211351820177245,-2.048176858096853,-2.022637746888616,-2.0500466201632914,-3.8894067610437504,-3.6945439832759996,-3.9167297037842177,Q,non-synonymous,-1.1030214840106272,-1.0034708171428672,-1.130479382009466,0.046782188584880924,0.09585883806101547,0.1615560985523865,0.09585883806101547
171,single,tttcatgttttatctttgagagatcca,1.0,cat,1.0,,FHVLSLRDP,,False,False,3.0,1.0,1.0,1.0,1.0,1.0,6.0,1.0,1.0,True,False,True,True,False,False,2.0,both,2.3962522614630718e-05,4.4752941387072664e-06,5.477291150888417e-06,5.375043672229837e-06,4.6988065031482005e-06,4.84540728070898e-06,-4.620467464248271,-5.349178415405178,-5.261434173100151,-5.269618002755356,-5.328012438855587,-5.314669712456255,H,non-synonymous,-0.3888851626754373,0.012703726633461716,-0.03223990197387554,0.7609185099200708,1.1120333818373445,1.259795578587977,1.1120333818373445
172,single,tttccggttttatctttgagagatcca,1.0,ccg,1.0,,FPVLSLRDP,,False,False,3.0,1.0,1.0,15.0,15.0,11.0,1912.0,1622.0,1435.0,True,False,True,True,False,False,1.0,both,0.007636057206528988,0.007258927092983186,0.007859912801524878,8.062565508344755e-05,7.0482097547223e-05,5.329948008779878e-05,-2.1171308266918327,-2.1391275655300404,-2.1045822720301395,-4.093526743699675,-4.151921179799905,-4.273277027298031,P,non-synonymous,-1.183995086046247,-1.208069931729915,-1.3133802562493697,-0.03419141345073884,-0.10874027652603235,-0.021344775687517137,-0.03419141345073884
173,single,tttcgggttttatctttgagagatcca,1.0,cgg,1.0,,FRVLSLRDP,,False,False,3.0,1.0,1.0,1.0,1.0,2.0,4.0,5.0,1.0,True,False,True,True,False,False,2.0,both,1.5975015076420478e-05,2.2376470693536333e-05,5.477291150888417e-06,5.375043672229837e-06,4.6988065031482005e-06,9.69081456141796e-06,-4.796558723303951,-4.650208411069159,-5.261434173100151,-5.269618002755356,-5.328012438855587,-5.013639716792274,R,non-synonymous,-0.28339456556204734,-0.4068150155927641,0.1500664608203979,0.8664091070334607,0.6925146396111186,1.4421019413822505,0.8664091070334607
174,single,tttcgtgttttatctttgagagatcca,1.0,cgt,1.0,,FRVLSLRDP,,False,False,3.0,1.0,1.0,686.0,680.0,744.0,902.0,839.0,766.0,True,False,True,True,False,False,1.0,both,0.003602365899732818,0.0037547717823753967,0.004195605021580527,0.003687279959149668,0.003195188422140776,0.0036049830168474813,-2.4434121770899724,-2.4254164545764776,-2.3772054034675465,-2.4332938870486047,-2.49550352614935,-2.4430967769103766,R,non-synonymous,0.0060615414073040596,-0.042065954089835385,-0.03990438429693963,1.155865214002812,1.0572637011140473,1.252131096264913,1.155865214002812
175,single,tttctggttttatctttgagagatcca,1.0,ctg,1.0,,FLVLSLRDP,,False,False,2.0,0.0,1.0,6.0,5.0,6.0,326.0,284.0,266.0,True,False,True,True,False,False,1.0,both,0.001301963728728269,0.0012709835353928638,0.0014569594461363187,3.225026203337902e-05,2.3494032515741e-05,2.907244368425388e-05,-2.885401114563975,-2.89586007535814,-2.8365525364690836,-4.4914667523717124,-4.629042434519568,-4.536518462072612,L,synonymous,-0.9621421531324421,-1.0402484782659456,-1.0295140326046306,0.18766151946306597,0.05908117693793713,0.262521447957222,0.18766151946306597
176,single,tttcttgttttatctttgagagatcca,1.0,ctt,1.0,,FLVLSLRDP,,False,False,2.0,0.0,1.0,11.0,15.0,17.0,1549.0,1461.0,1182.0,True,False,True,True,False,False,1.0,both,0.00618632458834383,0.006538404736651317,0.006474158140350108,5.912548039452821e-05,7.0482097547223e-05,8.237192377205266e-05,-2.208567296872708,-2.184528199470881,-2.188816696554914,-4.228225317597131,-4.151921179799905,-4.084220791077982,L,synonymous,-1.2099120178571576,-1.1808206696314254,-1.147873074029409,-0.06010834526164954,-0.0814910144275427,0.1441624065324436,-0.06010834526164954
177,single,tttgaggttttatctttgagagatcca,1.0,gag,1.0,,FEVLSLRDP,,False,False,3.0,1.0,1.0,93.0,94.0,64.0,731.0,658.0,538.0,True,False,True,True,False,False,1.0,both,0.0029194340052158423,0.0029447435432693814,0.002946782639177968,0.0004998790615173748,0.00044168781129593084,0.0003101060659653747,-2.5347013376740533,-2.5309525217912223,-2.5306518974337613,-3.3011350542014215,-3.3548845852558875,-3.5084897384723686,E,non-synonymous,-0.45914573408065024,-0.4945204240529715,-0.5921870337510797,0.6906579385148579,0.6048092311509112,0.6998484468107729,0.6906579385148579
178,single,tttgatgttttatctttgagagatcca,1.0,gat,1.0,,FDVLSLRDP,,False,False,3.0,1.0,1.0,1.0,3.0,3.0,2.0,6.0,8.0,True,False,True,True,False,False,2.0,both,7.987507538210239e-06,2.68517648322436e-05,4.3818329207107334e-05,5.375043672229837e-06,1.4096419509444601e-05,1.453622184212694e-05,-5.097588718967932,-4.571027165021534,-4.358344186108207,-5.269618002755356,-4.850891184135924,-4.8375484577365935,D,non-synonymous,-0.10305719866529994,-0.16797316131580825,-0.2902102416849059,1.0467464739302081,0.9313564938880745,1.0018252388769466,1.0018252388769466
179,single,tttgcggttttatctttgagagatcca,1.0,gcg,1.0,,FAVLSLRDP,,False,False,3.0,1.0,1.0,1.0,13.0,12.0,7.0,16.0,8.0,True,False,True,True,False,False,2.0,both,2.795627638373584e-05,7.160470621931626e-05,4.3818329207107334e-05,5.375043672229837e-06,6.10844845409266e-05,5.814488736850776e-05,-4.553520674617657,-4.145058432749253,-4.358344186108207,-5.269618002755356,-4.21406908654875,-4.235488466408631,A,non-synonymous,-0.4289908263570444,-0.041419892846011906,0.07440248390364101,0.7208128462384638,1.0579097623578708,1.3664379644654936,1.0579097623578708
180,single,tttgctgttttatctttgagagatcca,1.0,gct,1.0,,FAVLSLRDP,,False,False,3.0,1.0,1.0,70.0,85.0,54.0,200.0,217.0,180.0,True,False,True,True,False,False,1.0,both,0.0007987507538210239,0.0009711388280994769,0.000985912407159915,0.0003762530570560886,0.000399398552767597,0.0002616519931582849,-3.0975887189679328,-3.012718681556648,-3.006161667996844,-3.4245199627410994,-3.398593513141294,-3.582275952633287,A,non-synonymous,-0.1958539697291235,-0.2316003877118096,-0.34889978174511066,0.9539497028663846,0.8677292674920731,0.9431356988167419,0.9431356988167419
181,single,tttggggttttatctttgagagatcca,1.0,ggg,1.0,,FGVLSLRDP,,False,False,3.0,1.0,1.0,621.0,598.0,572.0,1209.0,1108.0,921.0,True,False,True,True,False,False,1.0,both,0.004828448306848089,0.004958625905687651,0.005044585149968232,0.003337902120454729,0.0028098862888826237,0.0027715729645655367,-2.316192413771142,-2.304638655012767,-2.2971745429033015,-2.4765264025787763,-2.5513112548671755,-2.5572736836632313,G,non-synonymous,-0.09605092443311271,-0.1480518165166448,-0.1575182838948304,1.0537527481623954,0.9512778386872379,1.1345171966670222,1.0537527481623954
182,single,tttggtgttttatctttgagagatcca,1.0,ggt,1.0,,FGVLSLRDP,,False,False,3.0,1.0,1.0,422.0,407.0,372.0,816.0,773.0,535.0,True,False,True,True,False,False,1.0,both,0.0032589030755897776,0.0034594023692207172,0.002930350765725303,0.0022682684296809912,0.0019124142467813175,0.0018024915084237406,-2.4869285558780527,-2.4609989214868526,-2.533080391078922,-2.6443055517936824,-2.7184180296303664,-2.744126772574358,G,non-synonymous,-0.09427948530824985,-0.15450182383141026,-0.12781150963531449,1.0555241872872583,0.9448278313724725,1.164223970926538,1.0555241872872583
183,single,tttgtggttttatctttgagagatcca,1.0,gtg,1.0,,FVVLSLRDP,,False,False,2.0,1.0,1.0,14.0,17.0,14.0,2041.0,1989.0,1520.0,True,False,True,True,False,False,1.0,both,0.008151251442743548,0.008901360041888753,0.008325482549350394,7.525061141121772e-05,7.987971055351941e-05,6.783570192992571e-05,-2.0887757099158435,-2.050543632280742,-2.079590585155378,-4.123489967077118,-4.097563517477313,-4.168541676778018,V,non-synonymous,-1.2189317237785156,-1.2286123899773265,-1.265086805482147,-0.06912805118300747,-0.12928273477344376,0.026948675079705664,-0.06912805118300747
184,single,tttgttgttttatctttgagagatcca,1.0,gtt,1.0,,FVVLSLRDP,,False,False,2.0,1.0,1.0,1.0,1.0,2.0,4.0,7.0,6.0,True,False,True,True,False,False,2.0,both,1.5975015076420478e-05,3.1327058970950864e-05,3.28637469053305e-05,5.375043672229837e-06,4.6988065031482005e-06,9.69081456141796e-06,-4.796558723303951,-4.504080375390921,-4.483282922716507,-5.269618002755356,-5.328012438855587,-5.013639716792274,V,non-synonymous,-0.28339456556204734,-0.4945204240529715,-0.32118865064566554,0.8664091070334607,0.6048092311509112,0.970846829916187,0.8664091070334607
185,single,ttttatgttttatctttgagagatcca,1.0,tat,1.0,,FYVLSLRDP,,False,False,2.0,1.0,1.0,55.0,45.0,28.0,334.0,284.0,238.0,True,False,True,True,False,False,1.0,both,0.00133391375888111,0.0012709835353928638,0.0013035952939114432,0.000295627401972641,0.00021144629264166902,0.00013567140385985143,-2.8748722478203494,-2.89586007535814,-2.8848572160436383,-3.5292553132611126,-3.674799925080243,-3.867511681114036,Y,non-synonymous,-0.39201980089431077,-0.4675162939727634,-0.5951040228246982,0.7577838717011973,0.6318133612311193,0.6969314577371544,0.6969314577371544
186,single,ttttcggttttatctttgagagatcca,1.0,tcg,1.0,,FSVLSLRDP,,False,False,2.0,1.0,1.0,1108.0,917.0,1031.0,1131.0,1007.0,795.0,True,False,True,True,False,False,1.0,both,0.00451693551285789,0.004506621197678217,0.004354446464956291,0.005955548388830659,0.004308805563386899,0.004995614906410958,-2.3451561097064584,-2.3461489448515596,-2.36106704444368,-2.2250782423629456,-2.3656431031855654,-2.301411047172739,S,non-synonymous,0.07193477969377356,-0.011700308646019418,0.036128186685655504,1.2217384522892816,1.0876293465578633,1.3281636672475081,1.2217384522892816
187,single,ttttctgttttatctttgagagatcca,1.0,tct,1.0,,FSVLSLRDP,,False,False,2.0,1.0,1.0,4.0,115.0,72.0,28.0,60.0,43.0,True,False,True,True,False,False,1.0,both,0.00011182510553494335,0.000268517648322436,0.00023552351948820193,2.1500174688919347e-05,0.0005403627478620431,0.00034886932421104654,-3.9514606832896946,-3.571027165021534,-3.627965717520564,-4.667558011427394,-3.2673145985019745,-3.457337216024987,S,non-synonymous,-0.4289908263570444,0.1822869552544241,0.10333409276402493,0.7208128462384638,1.2816166104583069,1.3953695733258775,1.2816166104583069
188,single,ttttgggttttatctttgagagatcca,1.0,tgg,1.0,,FWVLSLRDP,,False,False,2.0,1.0,1.0,3.0,3.0,1.0,5.0,5.0,6.0,True,False,True,True,False,False,2.0,both,1.9968768845525598e-05,2.2376470693536333e-05,3.28637469053305e-05,1.612513101668951e-05,1.4096419509444601e-05,4.84540728070898e-06,-4.699648710295895,-4.650208411069159,-4.483282922716507,-4.792496748035694,-4.850891184135924,-5.314669712456255,W,non-synonymous,-0.055622266513983144,-0.12044892344617308,-0.503495013439939,1.094181406081525,0.9788807317577096,0.7885404671219136,0.9788807317577096
189,single,ttttgtgttttatctttgagagatcca,1.0,tgt,1.0,,FCVLSLRDP,,False,False,2.0,1.0,1.0,12.0,26.0,22.0,2497.0,2346.0,1868.0,True,False,True,True,False,False,1.0,both,0.009972403161455484,0.010499040049407247,0.010231579869859562,6.450052406675804e-05,0.0001221689690818532,0.00010659896017559756,-2.001200172280566,-1.9788504076256672,-1.9900573012060758,-4.190436756707731,-3.9130390908847685,-3.9722470316340495,C,non-synonymous,-1.3115010691170883,-1.1608915956270085,-1.2004312039583347,-0.16169739652158022,-0.061561940423125794,0.09160427660351789,-0.061561940423125794
190,single,tttttaaagttatctttgagagatcca,2.0,aag,1.0,,FLKLSLRDP,,False,False,3.0,1.0,1.0,890.0,704.0,608.0,897.0,809.0,669.0,True,False,True,True,False,False,1.0,both,0.003582397130887292,0.003620512958214179,0.0036643077799443508,0.004783788868284555,0.003307959778216333,0.0029460076266710597,-2.445826271587822,-2.4412298937929053,-2.4360080553323273,-2.3202279961104435,-2.4804397797134743,-2.5307661331835205,K,non-synonymous,0.075241878260017,-0.02353360218920512,-0.057386309561358574,1.2250455508555251,1.0757960530146775,1.234649171000494,1.2250455508555251
191,single,tttttaaatttatctttgagagatcca,2.0,aat,1.0,,FLNLSLRDP,,False,False,2.0,1.0,1.0,8.0,16.0,11.0,1531.0,1343.0,1113.0,True,False,True,True,False,False,1.0,both,0.006114437020499938,0.006010320028283859,0.006096225050938808,4.3000349377838694e-05,7.518090405037121e-05,5.329948008779878e-05,-2.2136435239336527,-2.221102402736462,-2.214939008765442,-4.3665280157634125,-4.123892456199662,-4.273277027298031,N,non-synonymous,-1.2897237022279746,-1.14204627523001,-1.246547264275655,-0.13992002963246652,-0.042716620026127305,0.04548821628619759,-0.042716620026127305
192,single,tttttaactttatctttgagagatcca,2.0,act,1.0,,FLTLSLRDP,,False,False,2.0,1.0,1.0,1.0,1.0,1.0,6.0,4.0,5.0,True,False,True,True,False,False,2.0,both,2.3962522614630718e-05,1.7901176554829066e-05,2.7386455754442085e-05,5.375043672229837e-06,4.6988065031482005e-06,4.84540728070898e-06,-4.620467464248271,-4.7471184240772155,-4.562464168764132,-5.269618002755356,-5.328012438855587,-5.314669712456255,T,non-synonymous,-0.3888851626754373,-0.3486500492650782,-0.4555421676226272,0.7609185099200708,0.7506796059388046,0.8364933129392254,0.7609185099200708
193,single,tttttaaggttatctttgagagatcca,2.0,agg,1.0,,FLRLSLRDP,,False,False,3.0,1.0,1.0,43.0,31.0,23.0,39.0,30.0,11.0,True,False,True,True,False,False,1.0,both,0.00015575639699509967,0.000134258824161218,6.0250202659772584e-05,0.00023112687790588298,0.0001456630015975942,0.00011144436745630654,-3.807554107605415,-3.8720571606855154,-4.220041487941925,-3.63614954717577,-3.8366507450213136,-3.9529418764386626,R,non-synonymous,0.10268294703920458,0.02125077596183095,0.1617578293801558,1.2524866196347126,1.1205804311657137,1.4537933099420084,1.2524866196347126
194,single,tttttaagtttatctttgagagatcca,2.0,agt,1.0,,FLSLSLRDP,,False,False,2.0,1.0,1.0,333.0,231.0,209.0,700.0,611.0,501.0,True,False,True,True,False,False,1.0,both,0.0027956276383735838,0.00273440471875014,0.0027441228665950968,0.0017898895428525357,0.0010854243022272343,0.0010126901216681767,-2.553520674617657,-2.5631372051626236,-2.5615964472329047,-2.7471737692490366,-2.964400458963442,-2.9945234263452014,S,non-synonymous,-0.11601132671247687,-0.24083645148125224,-0.26218431403618025,1.0337923458830311,0.8584932037226305,1.0298511665256722,1.0298511665256722
195,single,tttttaatgttatctttgagagatcca,2.0,atg,1.0,,FLMLSLRDP,,False,False,2.0,1.0,1.0,3.0,8.0,7.0,940.0,807.0,691.0,True,False,True,True,False,False,1.0,both,0.0037541285429588123,0.003611562369936764,0.003784808185263896,1.612513101668951e-05,3.7590452025185604e-05,3.391785096496286e-05,-2.4254908610322152,-2.4423048806831074,-2.421956125725952,-4.792496748035694,-4.424922451863643,-4.469571672441998,M,non-synonymous,-1.4179969280130507,-1.1899584025317123,-1.2400536428253202,-0.2681932554175426,-0.09062874732782955,0.05198183773653242,-0.09062874732782955
196,single,tttttaattttatctttgagagatcca,2.0,att,1.0,,FLILSLRDP,,False,False,1.0,1.0,1.0,10.0,9.0,7.0,1882.0,1537.0,1306.0,True,False,True,True,False,False,1.0,both,0.007516244593455835,0.0068785270911930685,0.0071533422430602725,5.375043672229837e-05,4.2289258528333806e-05,3.391785096496286e-05,-2.123999095540676,-2.1625045479054323,-2.145490996161095,-4.269618002755356,-4.3737699294162615,-4.469571672441998,I,non-synonymous,-1.2853711246864612,-1.32719181914115,-1.4074833107534162,-0.1355674520909531,-0.22786216393726733,-0.11544783019156357,-0.1355674520909531
197,single,tttttacagttatctttgagagatcca,2.0,cag,1.0,,FLQLSLRDP,,False,False,3.0,1.0,1.0,31.0,28.0,21.0,4605.0,4002.0,3415.0,True,False,True,True,False,False,1.0,both,0.018391236106729075,0.01791012714310648,0.018704949280283944,0.00016662635383912495,0.0001315665820881496,0.00010175355289488858,-1.7353890800990461,-1.746901331104985,-1.7280434650825989,-3.7782563089210837,-3.8808544075133673,-3.992450417722336,Q,non-synonymous,-1.2238159062947551,-1.2807893114598667,-1.3713443888250014,-0.07401223369924703,-0.18145965625598404,-0.07930890826314885,-0.07930890826314885
198,single,tttttacatttatctttgagagatcca,2.0,cat,1.0,,FLHLSLRDP,,False,False,2.0,1.0,1.0,1.0,2.0,2.0,2.0,5.0,1.0,True,False,True,True,False,False,2.0,both,7.987507538210239e-06,2.2376470693536333e-05,5.477291150888417e-06,5.375043672229837e-06,9.397613006296401e-06,9.69081456141796e-06,-5.097588718967932,-4.650208411069159,-5.261434173100151,-5.269618002755356,-5.0269824431916055,-5.013639716792274,H,non-synonymous,-0.10305719866529994,-0.22613812764349417,0.1500664608203979,1.0467464739302081,0.8731915275603885,1.4421019413822505,1.0467464739302081
199,single,tttttaccgttatctttgagagatcca,2.0,ccg,1.0,,FLPLSLRDP,,False,False,3.0,1.0,1.0,16.0,98.0,76.0,961.0,858.0,638.0,True,False,True,True,False,False,1.0,both,0.00383799737211002,0.0038398023710108347,0.0034945117542668097,8.600069875567739e-05,0.00046048303730852365,0.00036825095333388246,-2.4158953269633687,-2.4156911275564723,-2.456613494378988,-4.065498020099431,-3.3367863631630916,-3.4338561201754643,P,non-synonymous,-0.9882237995910632,-0.5528373353865617,-0.5918265662646643,0.16157987300444487,0.546492319817321,0.7002089142971882,0.546492319817321
200,single,tttttacctttatctttgagagatcca,2.0,cct,1.0,,FLPLSLRDP,,False,False,2.0,1.0,1.0,1.0,1.0,1.0,6.0,2.0,1.0,True,False,True,True,False,False,2.0,both,2.3962522614630718e-05,8.950588277414533e-06,5.477291150888417e-06,5.375043672229837e-06,4.6988065031482005e-06,4.84540728070898e-06,-4.620467464248271,-5.048148419741197,-5.261434173100151,-5.269618002755356,-5.328012438855587,-5.314669712456255,P,non-synonymous,-0.3888851626754373,-0.16797316131580825,-0.03223990197387554,0.7609185099200708,0.9313564938880745,1.259795578587977,0.9313564938880745
201,single,tttttacggttatctttgagagatcca,2.0,cgg,1.0,,FLRLSLRDP,,False,False,3.0,1.0,1.0,24.0,8.0,12.0,20.0,13.0,11.0,True,False,True,True,False,False,1.0,both,7.987507538210239e-05,5.817882380319447e-05,6.0250202659772584e-05,0.0001290010481335161,3.7590452025185604e-05,5.814488736850776e-05,-4.097588718967932,-4.235235063098341,-4.220041487941925,-3.8894067610437504,-4.424922451863643,-4.235488466408631,R,non-synonymous,0.12471510038276425,-0.11384954183633461,-0.00935482344281036,1.2745187729782723,0.9854801133675481,1.2826806571190421,1.2745187729782723
202,single,tttttactgttatctttgagagatcca,2.0,ctg,1.0,,FLLLSLRDP,,False,False,2.0,1.0,1.0,17.0,43.0,25.0,2632.0,2258.0,1945.0,True,False,True,True,False,False,1.0,both,0.010511559920284675,0.010105214165201009,0.010653331288477971,9.137574242790722e-05,0.0002020486796353726,0.0001211351820177245,-1.978332829689996,-1.9954544778162286,-1.9725145674384237,-4.039169081377082,-3.6945439832759996,-3.9167297037842177,L,non-synonymous,-1.2345805686734754,-1.0197860964539989,-1.1774334621205453,-0.08477689607796735,0.07954355874988384,0.11460201844130724,0.07954355874988384
203,single,tttttacttttatctttgagagatcca,2.0,ctt,1.0,,FLLLSLRDP,,False,False,1.0,1.0,1.0,1.0,2.0,1.0,10.0,6.0,2.0,True,False,True,True,False,False,2.0,both,3.9937537691051196e-05,2.68517648322436e-05,1.0954582301776834e-05,5.375043672229837e-06,9.397613006296401e-06,4.84540728070898e-06,-4.398618714631914,-4.571027165021534,-4.960404177436169,-5.269618002755356,-5.0269824431916055,-5.314669712456255,L,non-synonymous,-0.5217875974208679,-0.2736623655131293,-0.214546264768149,0.6280160751746402,0.8256672896907534,1.0774892157937035,0.8256672896907534
204,single,tttttagagttatctttgagagatcca,2.0,gag,1.0,,FLELSLRDP,,False,False,2.0,1.0,1.0,3.0,3.0,8.0,242.0,267.0,243.0,True,False,True,True,False,False,1.0,both,0.0009664884121234389,0.0011949035350348402,0.0013309817496658853,1.612513101668951e-05,1.4096419509444601e-05,3.876325824567184e-05,-3.0148033486514825,-2.9226671540406026,-2.875827899501838,-4.792496748035694,-4.850891184135924,-4.411579725464312,E,non-synonymous,-1.0649588127839684,-1.1573116368625955,-0.9300645569500051,0.08484485981153966,-0.05798198165871282,0.36197092361184746,0.08484485981153966
205,single,tttttagatttatctttgagagatcca,2.0,gat,1.0,,FLDLSLRDP,,False,False,1.0,1.0,1.0,2.0,3.0,3.0,679.0,635.0,539.0,True,False,True,True,False,False,1.0,both,0.002711758809222376,0.0028418117780791142,0.0029522599303288565,1.0750087344459673e-05,1.4096419509444601e-05,1.453622184212694e-05,-2.5667489403514123,-2.546404690113202,-2.529845407913412,-4.968588007091375,-4.850891184135924,-4.8375484577365935,D,non-synonymous,-1.4388643631683518,-1.3831427235108864,-1.3975648788572028,-0.28906069057284367,-0.2838130683070037,-0.10552939829535024,-0.2838130683070037
206,single,tttttagctttatctttgagagatcca,2.0,gct,1.0,,FLALSLRDP,,False,False,1.0,1.0,1.0,1.0,1.0,1.0,2.0,13.0,7.0,True,False,True,True,False,False,2.0,both,7.987507538210239e-06,5.817882380319447e-05,3.834103805621891e-05,5.375043672229837e-06,4.6988065031482005e-06,4.84540728070898e-06,-5.097588718967932,-4.235235063098341,-4.416336133085894,-5.269618002755356,-5.328012438855587,-5.314669712456255,A,non-synonymous,-0.10305719866529994,-0.6558802056841444,-0.5440385668867983,1.0467464739302081,0.4434494495197383,0.7479969136750543,0.7479969136750543
207,single,tttttagtgttatctttgagagatcca,2.0,gtg,1.0,,FLVLSLRDP,,False,False,1.0,0.0,1.0,1.0,5.0,1.0,206.0,234.0,186.0,True,False,True,True,False,False,1.0,both,0.0008227132764356546,0.0010472188284575005,0.0010187761540652455,5.375043672229837e-06,2.3494032515741e-05,4.84540728070898e-06,-3.0847514942627607,-2.9799625579950346,-2.991921228882234,-5.269618002755356,-4.629042434519568,-5.314669712456255,V,synonymous,-1.3088830974912349,-0.9897705357003707,-1.4066765233553795,-0.1590794248957268,0.10955911950351205,-0.11464104279352694,-0.11464104279352694
208,single,tttttagttaattctttgagagatcca,3.0,aat,1.0,,FLVNSLRDP,,False,False,3.0,1.0,1.0,1.0,5.0,3.0,2.0,10.0,15.0,True,False,True,True,False,False,2.0,both,7.987507538210239e-06,4.4752941387072666e-05,8.215936726332625e-05,5.375043672229837e-06,2.3494032515741e-05,1.453622184212694e-05,-5.097588718967932,-4.349178415405178,-4.085342914044469,-5.269618002755356,-4.629042434519568,-4.8375484577365935,N,non-synonymous,-0.10305719866529994,-0.16797316131580825,-0.4555421676226271,1.0467464739302081,0.9313564938880745,0.8364933129392255,0.9313564938880745
209,single,tttttagttacgtctttgagagatcca,3.0,acg,1.0,,FLVTSLRDP,,False,False,3.0,1.0,1.0,1.0,2.0,1.0,34.0,42.0,27.0,True,False,True,True,False,False,1.0,both,0.00013578762814957406,0.00018796235382570519,0.00014788686107398725,5.375043672229837e-06,9.397613006296401e-06,4.84540728070898e-06,-3.8671397975896586,-3.7259291250072772,-3.8300704089411632,-5.269618002755356,-5.0269824431916055,-5.314669712456255,T,non-synonymous,-0.8401794847446838,-0.7808865161995625,-0.8990861479892455,0.30962418785082424,0.3184431390043202,0.3929493325726071,0.3184431390043202
210,single,tttttagttacttctttgagagatcca,3.0,act,1.0,,FLVTSLRDP,,False,False,3.0,1.0,1.0,5.0,6.0,3.0,743.0,679.0,534.0,True,False,True,True,False,False,1.0,both,0.002967359050445104,0.003038724720182234,0.0029248734745744146,2.6875218361149186e-05,2.8192839018889203e-05,1.453622184212694e-05,-2.5276299008713385,-2.517308641124676,-2.533892916071594,-4.5706479984193376,-4.549861188471943,-4.8375484577365935,T,non-synonymous,-1.2239062868853237,-1.219929157019902,-1.3951136729929143,-0.07410261428981557,-0.1205995018160193,-0.10307819243106175,-0.10307819243106175
211,single,tttttagttaggtctttgagagatcca,3.0,agg,1.0,,FLVRSLRDP,,False,False,3.0,1.0,1.0,1.0,1.0,1.0,2.0,1.0,5.0,True,False,True,True,False,False,2.0,both,7.987507538210239e-06,4.4752941387072664e-06,2.7386455754442085e-05,5.375043672229837e-06,4.6988065031482005e-06,4.84540728070898e-06,-5.097588718967932,-5.349178415405178,-4.562464168764132,-5.269618002755356,-5.328012438855587,-5.314669712456255,R,non-synonymous,-0.10305719866529994,0.012703726633461716,-0.4555421676226272,1.0467464739302081,1.1120333818373445,0.8364933129392254,1.0467464739302081
212,single,tttttagttagttctttgagagatcca,3.0,agt,1.0,,FLVSSLRDP,,False,False,3.0,1.0,1.0,1.0,1.0,2.0,4.0,2.0,4.0,True,False,True,True,False,False,3.0,both,1.5975015076420478e-05,8.950588277414533e-06,2.1909164603553667e-05,5.375043672229837e-06,4.6988065031482005e-06,9.69081456141796e-06,-4.796558723303951,-5.048148419741197,-4.659374181772188,-5.269618002755356,-5.328012438855587,-5.013639716792274,S,non-synonymous,-0.28339456556204734,-0.16797316131580825,-0.214546264768149,0.8664091070334607,0.9313564938880745,1.0774892157937035,0.9313564938880745
213,single,tttttagttatgtctttgagagatcca,3.0,atg,1.0,,FLVMSLRDP,,False,False,2.0,1.0,1.0,16.0,18.0,12.0,2348.0,2380.0,1853.0,True,False,True,True,False,False,1.0,both,0.00937733384985882,0.010651200050123294,0.010149420502596236,8.600069875567739e-05,8.457851705666761e-05,5.814488736850776e-05,-2.027920622056337,-1.9726014583486657,-1.9935587537812527,-4.065498020099431,-4.07273993375228,-4.235488466408631,M,non-synonymous,-1.2206469391893349,-1.2604939357006772,-1.3577319783299318,-0.07084326659382678,-0.16116428049679454,-0.06569649776807918,-0.07084326659382678
214,single,tttttagttatttctttgagagatcca,3.0,att,1.0,,FLVISLRDP,,False,False,2.0,1.0,1.0,7.0,8.0,3.0,1002.0,841.0,752.0,True,False,True,True,False,False,1.0,both,0.004001741276643329,0.003763722370652811,0.004118922945468089,3.762530570560886e-05,3.7590452025185604e-05,1.453622184212694e-05,-2.3977509931006873,-2.4243824196072654,-2.385216332508508,-4.424519962741099,-4.424922451863643,-4.8375484577365935,I,non-synonymous,-1.2141719581359272,-1.200715385351423,-1.4851534948461493,-0.06436828554041907,-0.10138573014754027,-0.19311801428429676,-0.10138573014754027
215,single,tttttagttcagtctttgagagatcca,3.0,cag,1.0,,FLVQSLRDP,,False,False,3.0,1.0,1.0,10.0,63.0,43.0,1149.0,1039.0,858.0,True,False,True,True,False,False,1.0,both,0.004588823080701783,0.00464983061011685,0.004699515807462262,5.375043672229837e-05,0.00029602480969833663,0.00020835251307048613,-2.3382986859436286,-2.3325628678480004,-2.327946885251445,-4.269618002755356,-3.5286718894020046,-3.681201256876669,Q,non-synonymous,-1.1569911478835577,-0.7178994079502014,-0.8195425239344797,-0.007187475288049638,0.38143024725368135,0.4724929566273729,0.38143024725368135
216,single,tttttagttccttctttgagagatcca,3.0,cct,1.0,,FLVPSLRDP,,False,False,3.0,1.0,1.0,1.0,1.0,1.0,45.0,35.0,30.0,True,False,True,True,False,False,1.0,both,0.00017971891960973037,0.00015663529485475432,0.0001643187345266525,5.375043672229837e-06,4.6988065031482005e-06,4.84540728070898e-06,-3.74540620085657,-3.805110371054902,-3.784312918380488,-5.269618002755356,-5.328012438855587,-5.314669712456255,P,non-synonymous,-0.9131061585443953,-0.9140391662791972,-0.9267972790886906,0.23669751405111283,0.18529048892468547,0.365238201473162,0.23669751405111283
217,single,tttttagttcgttctttgagagatcca,3.0,cgt,1.0,,FLVRSLRDP,,False,False,3.0,1.0,1.0,5.0,15.0,12.0,2366.0,2010.0,1612.0,True,False,True,True,False,False,1.0,both,0.009449221417702713,0.008995341218801606,0.008829393335232128,2.6875218361149186e-05,7.0482097547223e-05,5.814488736850776e-05,-2.0246039743400024,-2.0459823579846885,-2.0540691356310785,-4.5706479984193376,-4.151921179799905,-4.235488466408631,R,non-synonymous,-1.5252529047576369,-1.2639752782704248,-1.321086368971295,-0.3754492321621288,-0.16464562306654207,-0.029050888409442477,-0.16464562306654207
218,single,tttttagttctgtctttgagagatcca,3.0,ctg,1.0,,FLVLSLRDP,,False,False,2.0,0.0,1.0,13.0,21.0,7.0,1453.0,1276.0,1050.0,True,False,True,True,False,False,1.0,both,0.005802924226509739,0.0057104753209904725,0.0057511557084328375,6.987556773898788e-05,9.86749365661122e-05,3.391785096496286e-05,-2.2363531003338926,-2.243327741020034,-2.2402448740302123,-4.155674650448519,-4.005793144121667,-4.469571672441998,L,synonymous,-1.149803672595508,-1.0578240332770938,-1.3500995447374422,0.0,0.04150562192678886,-0.058064064175589625,0.0
219,single,tttttagttctttctttgagagatcca,3.0,ctt,1.0,,FLVLSLRDP,,False,False,2.0,0.0,1.0,12.0,13.0,7.0,1329.0,1277.0,1060.0,True,False,True,True,False,False,1.0,both,0.005307698759140704,0.005714950615129179,0.005805928619941721,6.450052406675804e-05,6.10844845409266e-05,3.391785096496286e-05,-2.275093733689182,-2.2429875181417622,-2.23612830783538,-4.190436756707731,-4.21406908654875,-4.469571672441998,L,synonymous,-1.1474202652574736,-1.1830345440773362,-1.3525925727445895,0.002383407338034438,-0.08370488887345351,-0.06055709218273697,-0.06055709218273697
220,single,tttttagttgattctttgagagatcca,3.0,gat,1.0,,FLVDSLRDP,,False,False,3.0,1.0,1.0,6.0,10.0,8.0,1169.0,1017.0,850.0,True,False,True,True,False,False,1.0,both,0.004668698156083885,0.00455137413906529,0.0046556974782551545,3.225026203337902e-05,4.6988065031482e-05,3.876325824567184e-05,-2.3308042034700738,-2.341857462482433,-2.3320152473858577,-4.4914667523717124,-4.328012438855587,-4.411579725464312,D,non-synonymous,-1.2943832854991413,-1.1920815376704816,-1.2594021913279283,-0.1445796129036332,-0.09275188246659893,0.03263328923392428,-0.09275188246659893
221,single,tttttagttgcgtctttgagagatcca,3.0,gcg,1.0,,FLVASLRDP,,False,False,3.0,1.0,1.0,1.0,1.0,1.0,1.0,7.0,2.0,True,False,True,True,False,False,2.0,both,3.9937537691051194e-06,3.1327058970950864e-05,1.0954582301776834e-05,5.375043672229837e-06,4.6988065031482005e-06,4.84540728070898e-06,-5.398618714631914,-4.504080375390921,-4.960404177436169,-5.269618002755356,-5.328012438855587,-5.314669712456255,A,non-synonymous,0.07728016823144743,-0.4945204240529715,-0.214546264768149,1.2270838408269555,0.6048092311509112,1.0774892157937035,1.0774892157937035
222,single,tttttagttgtgtctttgagagatcca,3.0,gtg,1.0,,FLVVSLRDP,,False,False,2.0,1.0,1.0,1.0,3.0,1.0,35.0,26.0,19.0,True,False,True,True,False,False,1.0,both,0.00013978138191867917,0.00011635764760638894,0.00010406853186687992,5.375043672229837e-06,1.4096419509444601e-05,4.84540728070898e-06,-3.8545506702816383,-3.93420506743436,-3.9826805721473213,-5.269618002755356,-4.850891184135924,-5.314669712456255,V,non-synonymous,-0.8477212251126123,-0.5501910014868233,-0.8066641163634978,0.3020824474828958,0.5491386537170594,0.4853713641983548,0.4853713641983548
223,single,tttttagtttagtctttgagagatcca,3.0,tag,1.0,,FLV*SLRDP,,True,False,2.0,1.0,1.0,1.0,1.0,3.0,73.0,71.0,66.0,True,False,True,True,False,False,1.0,both,0.00029154402514467375,0.00031774588384821594,0.0003615012159586355,5.375043672229837e-06,4.6988065031482005e-06,1.453622184212694e-05,-3.535295854511458,-3.4979200666861026,-3.441890237558282,-5.269618002755356,-5.328012438855587,-4.8375484577365935,*,stop,-1.0389764942697959,-1.0984134445936313,-0.8452226604974208,0.1108271783257122,0.0009162106102513778,0.4468128200644318,0.1108271783257122
224,single,tttttagtttattctttgagagatcca,3.0,tat,1.0,,FLVYSLRDP,,False,False,2.0,1.0,1.0,7.0,456.0,163.0,35.0,53.0,43.0,True,False,True,True,False,False,1.0,both,0.00013978138191867917,0.00023719058935148512,0.00023552351948820193,3.762530570560886e-05,0.0021426557654355793,0.0007898013867555637,-3.8545506702816383,-3.6249025458043884,-3.627965717520564,-4.424519962741099,-2.6690475961911515,-3.1024821080522975,Y,non-synonymous,-0.34145023052412043,0.5736999638394837,0.31823740799936684,0.8083534420713876,1.6730296190433664,1.6102728885612194,1.6102728885612194
225,single,tttttagtttcttctttgagagatcca,3.0,tct,1.0,,FLVSSLRDP,,False,False,2.0,1.0,1.0,1.0,4.0,3.0,470.0,422.0,390.0,True,False,True,True,False,False,1.0,both,0.0018770642714794061,0.0018885741265344666,0.0021361435488464827,5.375043672229837e-06,1.8795226012592802e-05,1.453622184212694e-05,-2.7265208566961965,-2.7238659644435037,-2.670369566073651,-5.269618002755356,-4.725952447527624,-4.8375484577365935,S,non-synonymous,-1.5234875251264406,-1.2016435583805156,-1.3124622361706697,-0.3736838525309325,-0.10231390317663291,-0.020426755608817126,-0.10231390317663291
226,single,tttttagtttggtctttgagagatcca,3.0,tgg,1.0,,FLVWSLRDP,,False,False,2.0,1.0,1.0,1.0,34.0,36.0,1.0,18.0,15.0,True,False,True,True,False,False,2.0,both,3.9937537691051194e-06,8.05552944967308e-05,8.215936726332625e-05,5.375043672229837e-06,0.00015975942110703882,0.00017443466210552327,-5.398618714631914,-4.093905910301872,-4.085342914044469,-5.269618002755356,-3.7965335218133314,-3.7583672116889684,W,non-synonymous,0.07728016823144743,0.17848160810567182,0.1980193066377097,1.2270838408269555,1.2778112633095544,1.4900547871995622,1.2778112633095544
227,single,tttttagttttaaagttgagagatcca,4.0,aag,1.0,,FLVLKLRDP,,False,False,3.0,1.0,1.0,791.0,749.0,800.0,294.0,277.0,248.0,True,False,True,True,False,False,1.0,both,0.0011741636081169051,0.0012396564764219128,0.0013583682054203272,0.004251659544733801,0.003519406070858002,0.003876325824567184,-2.9302713842197567,-2.906698646340729,-2.866982492273934,-2.37144151925768,-2.45353062115612,-2.411579725464312,K,non-synonymous,0.3347769585826164,0.2719894684510614,0.27579584499673415,1.4845806311781244,1.3713191236549442,1.5678313255585867,1.4845806311781244
228,single,tttttagttttaaatttgagagatcca,4.0,aat,1.0,,FLVLNLRDP,,False,False,2.0,1.0,1.0,3624.0,4261.0,4140.0,1799.0,1640.0,1360.0,True,False,True,True,False,False,1.0,both,0.00718476303062011,0.0073394823874799175,0.007449115965208247,0.019479158268160927,0.020021614509914482,0.020059986142135177,-2.1435875512863625,-2.1343345673574796,-2.1278952647299327,-1.710429813750581,-1.6985009046551331,-1.6976693713353566,N,non-synonymous,0.2594908380005727,0.2615854598373294,0.2605485132193645,1.4092945105960808,1.360915115041212,1.5525839937812171,1.4092945105960808
229,single,tttttagttttaacgttgagagatcca,4.0,acg,1.0,,FLVLTLRDP,,False,False,2.0,1.0,1.0,1552.0,1387.0,1545.0,1746.0,1703.0,1333.0,True,False,True,True,False,False,1.0,both,0.0069730940808575385,0.007621425918218475,0.00730122910413426,0.008342067779300707,0.006517244619866554,0.007486154248695374,-2.156574475262363,-2.1179637674425766,-2.1366040236862913,-2.078726285833187,-2.1859359777823015,-2.125741228695402,T,non-synonymous,0.0466363409014148,-0.040796623619272505,0.006578602375490114,1.1964400134969229,1.0585330315846102,1.2986140829373427,1.1964400134969229
230,single,tttttagttttaactttgagagatcca,4.0,act,1.0,,FLVLTLRDP,,False,False,1.0,1.0,1.0,1.0,3.0,7.0,4.0,2.0,3.0,True,False,True,True,False,False,3.0,both,1.5975015076420478e-05,8.950588277414533e-06,1.643187345266525e-05,5.375043672229837e-06,1.4096419509444601e-05,3.391785096496286e-05,-4.796558723303951,-5.048148419741197,-4.784312918380488,-5.269618002755356,-4.850891184135924,-4.469571672441998,T,non-synonymous,-0.28339456556204734,0.1183929308307828,0.19061001426725735,0.8664091070334607,1.2177225860346654,1.48264549482911,1.2177225860346654
231,single,tttttagttttaaggttgagagatcca,4.0,agg,1.0,,FLVLRLRDP,,False,False,3.0,1.0,1.0,520.0,567.0,612.0,222.0,182.0,147.0,True,False,True,True,False,False,1.0,both,0.0008866133367413366,0.0008145035332447225,0.0008051617991805972,0.002795022709559515,0.00266422328728503,0.0029653892557938957,-3.052265740181275,-3.089107027420103,-3.094116838351974,-2.5536146591205573,-2.57442937996268,-2.5279182903106943,R,non-synonymous,0.2987257889711559,0.30890727495294973,0.3428947261057118,1.448529461566664,1.4082369301568325,1.6349302066675644,1.448529461566664
232,single,tttttagttttaatgttgagagatcca,4.0,atg,1.0,,FLVLMLRDP,,False,False,3.0,1.0,1.0,3001.0,2807.0,2805.0,2674.0,2317.0,1960.0,True,False,True,True,False,False,1.0,both,0.01067929757858709,0.010369256519384737,0.010735490655741297,0.01613050606036174,0.013189549854336999,0.013591367422388688,-1.9714573117059482,-1.984252381615202,-1.9691781017436742,-1.792352007330504,-1.8797700262211472,-1.8667368468640753,M,non-synonymous,0.1072962145086754,0.06270985313795488,0.062039307863616326,1.2570998871041834,1.1620395083418376,1.354074788425469,1.2570998871041834
233,single,tttttagttttaattttgagagatcca,4.0,att,1.0,,FLVLILRDP,,False,False,2.0,1.0,1.0,844.0,826.0,872.0,568.0,574.0,453.0,True,False,True,True,False,False,1.0,both,0.002268452140851708,0.002568818835617971,0.002481212891352453,0.0045365368593619825,0.0038812141716004136,0.00422519514877823,-2.644270378920895,-2.590266523007204,-2.6053359710873183,-2.343275556129701,-2.4110323915352043,-2.3741532275236885,I,non-synonymous,0.18031629596243498,0.10757554248779469,0.1400062642492657,1.330119968557943,1.2069051976916774,1.4320417448111182,1.330119968557943
234,single,tttttagttttacagttgagagatcca,4.0,cag,1.0,,FLVLQLRDP,,False,False,3.0,1.0,1.0,2519.0,3146.0,3103.0,1385.0,1226.0,939.0,True,False,True,True,False,False,1.0,both,0.005531348970210591,0.0054867106140551085,0.005143176390684223,0.013539735010346958,0.014782445258904238,0.015035298792039966,-2.2571689412314466,-2.2606879452227813,-2.2887685808340397,-1.8683898352572434,-1.8302537205683183,-1.8228879368720898,Q,non-synonymous,0.2329050303482706,0.25834474071558644,0.2821413378079497,1.3827087029437788,1.357674395919469,1.5741768183698022,1.3827087029437788
235,single,tttttagttttacatttgagagatcca,4.0,cat,1.0,,FLVLHLRDP,,False,False,2.0,1.0,1.0,5.0,11.0,12.0,4.0,5.0,4.0,True,False,True,True,False,False,2.0,both,1.5975015076420478e-05,2.2376470693536333e-05,2.1909164603553667e-05,2.6875218361149186e-05,5.1686871534630204e-05,5.814488736850776e-05,-4.796558723303951,-4.650208411069159,-4.659374181772188,-4.5706479984193376,-4.286619753697361,-4.235488466408631,H,non-synonymous,0.13533583319352058,0.21822432333592842,0.2567088466979145,1.2851395057890287,1.3175539785398112,1.548744327259767,1.3175539785398112
236,single,tttttagttttaccgttgagagatcca,4.0,ccg,1.0,,FLVLPLRDP,,False,False,2.0,1.0,1.0,3.0,13.0,10.0,1.0,5.0,5.0,True,False,True,True,False,False,2.0,both,3.9937537691051194e-06,2.2376470693536333e-05,2.7386455754442085e-05,1.612513101668951e-05,6.10844845409266e-05,4.84540728070898e-05,-5.398618714631914,-4.650208411069159,-4.562464168764132,-4.792496748035694,-4.21406908654875,-4.314669712456255,P,non-synonymous,0.3631081322415848,0.2617689167248421,0.1500664608203979,1.5129118048370929,1.3610985719287247,1.4421019413822505,1.4421019413822505
237,single,tttttagttttacctttgagagatcca,4.0,cct,1.0,,FLVLPLRDP,,False,False,1.0,1.0,1.0,3883.0,4516.0,4510.0,1765.0,1539.0,1330.0,True,False,True,True,False,False,1.0,both,0.007048975402470536,0.006887477679470483,0.0072847972306815945,0.020871294579268458,0.021219810168217272,0.0218527868359975,-2.1518740049080725,-2.161939795573699,-2.1375825321330644,-1.6804506122093088,-1.673258505602656,-1.6604931705782948,P,non-synonymous,0.2824145585402824,0.29330437478914423,0.28892943389594256,1.4322182311357905,1.3926340299930269,1.580964914457795,1.4322182311357905
238,single,tttttagttttacggttgagagatcca,4.0,cgg,1.0,,FLVLRLRDP,,False,False,3.0,1.0,1.0,4473.0,5614.0,5523.0,2179.0,1925.0,1491.0,True,False,True,True,False,False,1.0,both,0.008702389462880055,0.008614941217011488,0.008166641105974629,0.02404257034588406,0.026379099708673998,0.026761184411355696,-2.060361484385658,-2.0647476815606582,-2.0879565296471556,-1.6190191045826994,-1.578740030557166,-1.5724946692325783,R,non-synonymous,0.2643939933562341,0.2916996683641534,0.3121681503003623,1.4141976659517421,1.391029323568036,1.604203630862215,1.4141976659517421
239,single,tttttagttttacgtttgagagatcca,4.0,cgt,1.0,,FLVLRLRDP,,False,False,2.0,1.0,1.0,2090.0,2566.0,2356.0,893.0,834.0,651.0,True,False,True,True,False,False,1.0,both,0.003566422115810872,0.0037323953116818603,0.003565716539228359,0.01123384127496036,0.012057137487078283,0.011415779553350356,-2.4477672557433676,-2.4280123647674388,-2.4478531845319584,-1.9494717166443023,-1.9187557868166767,-1.9424944263411914,R,non-synonymous,0.29851279524259283,0.3056535727241742,0.3060496244195808,1.4483164678381009,1.404983227928057,1.5980851049814333,1.4483164678381009
240,single,tttttagttttactgttgagagatcca,4.0,ctg,1.0,,FLVLLLRDP,,False,False,3.0,1.0,1.0,1808.0,2043.0,1977.0,1301.0,1097.0,882.0,True,False,True,True,False,False,1.0,both,0.005195873653605761,0.0049093976701618715,0.004830970795083584,0.009718078959391545,0.009599661685931774,0.009579370193961654,-2.2843414180703276,-2.3089717878304663,-2.3159655879683307,-2.012419576616012,-2.0177440722231386,-2.018663043142583,L,non-synonymous,0.16289960999210004,0.17479360229351015,0.18004898640454192,1.3127032825876082,1.2741232574973929,1.4720844669663946,1.3127032825876082
241,single,tttttagttttacttttgagagatcca,4.0,ctt,1.0,,FLVLLLRDP,,False,False,2.0,1.0,1.0,1569.0,1767.0,2028.0,1268.0,1100.0,964.0,True,False,True,True,False,False,1.0,both,0.005064079779225292,0.0049228235525779936,0.005280108669456433,0.008433443521728614,0.00830279109106287,0.009826485965277812,-2.2954994610862,-2.3077857302469527,-2.2773571391973197,-2.0739950591684195,-2.080775889348822,-2.007601761794957,L,non-synonymous,0.13269614713903705,0.13625031451389233,0.16336618412377538,1.2824998197345452,1.235579969717775,1.455401664685628,1.2824998197345452
242,single,tttttagttttagagttgagagatcca,4.0,gag,1.0,,FLVLELRDP,,False,False,3.0,1.0,1.0,1.0,19.0,9.0,3.0,6.0,12.0,True,False,True,True,False,False,2.0,both,1.1981261307315359e-05,2.68517648322436e-05,6.5727493810661e-05,5.375043672229837e-06,8.92773235598158e-05,4.360866552638082e-05,-4.921497459912252,-4.571027165021534,-4.1822529270525255,-5.269618002755356,-4.049258837902758,-4.360427203016931,E,non-synonymous,-0.20854779577868995,0.31316306990066833,-0.10790387889063245,0.9412558768168181,1.412492725104551,1.1841316016712202,1.1841316016712202
243,single,tttttagttttagcgttgagagatcca,4.0,gcg,1.0,,FLVLALRDP,,False,False,2.0,1.0,1.0,6.0,8.0,7.0,430.0,334.0,283.0,True,False,True,True,False,False,1.0,both,0.0017173141207152015,0.001494748242328227,0.0015500733957014218,3.225026203337902e-05,3.7590452025185604e-05,3.391785096496286e-05,-2.7651502590523274,-2.825431948593613,-2.80964773757586,-4.4914667523717124,-4.424922451863643,-4.469571672441998,A,non-synonymous,-1.0341805644615842,-0.9600072105698764,-1.0052642575140316,0.11562310813392385,0.13932244463400634,0.286771223047821,0.13932244463400634
244,single,tttttagttttagggttgagagatcca,4.0,ggg,1.0,,FLVLGLRDP,,False,False,3.0,1.0,1.0,206.0,243.0,162.0,3207.0,2862.0,2302.0,True,False,True,True,False,False,1.0,both,0.012807968337520119,0.012808291824980196,0.012608724229345135,0.0011072589964793464,0.0011418099802650127,0.0007849559794748548,-1.8925197547034736,-1.89250878598142,-1.8993288538063773,-2.955750782386203,-2.942406165257274,-3.1051546979136244,G,non-synonymous,-0.6369474361261077,-0.6301438191740727,-0.7302585355909429,0.5128562364694004,0.46918583602981,0.5617769449709097,0.5128562364694004
245,single,tttttagttttagtgttgagagatcca,4.0,gtg,1.0,,FLVLVLRDP,,False,False,3.0,1.0,1.0,873.0,901.0,626.0,2210.0,2067.0,1636.0,True,False,True,True,False,False,1.0,both,0.008826195829722314,0.00925043298470792,0.00896084832285345,0.0046924131258566475,0.004233624659336528,0.0030332249577238214,-2.0542264409468034,-2.0338379387778893,-2.0476508737648462,-2.328603759049787,-2.3732876478765235,-2.5180953792458256,V,non-synonymous,-0.16437060690162886,-0.2037362320653434,-0.28490525172289327,0.9854330656938792,0.8955934231385393,1.0071302288389594,0.9854330656938792
246,single,tttttagttttagttttgagagatcca,4.0,gtt,1.0,,FLVLVLRDP,,False,False,2.0,1.0,1.0,1414.0,1329.0,971.0,3566.0,3337.0,2675.0,True,False,True,True,False,False,1.0,both,0.014241725940628856,0.014934056540866148,0.014651753828626515,0.007600311752532989,0.006244713842683958,0.0047048904695684195,-1.846437375792578,-1.825822208750385,-1.8341103867429032,-2.119168593294476,-2.2044874579128546,-2.3274504825482505,V,non-synonymous,-0.16338448109249745,-0.22727322784662948,-0.29877101877662715,0.9864191915030106,0.8720564273572532,0.9932644617852254,0.9864191915030106
247,single,tttttagttttatagttgagagatcca,4.0,tag,1.0,,FLVL*LRDP,,True,False,2.0,1.0,1.0,1.0,1.0,1.0,1.0,4.0,1.0,True,False,True,True,False,False,3.0,both,3.9937537691051194e-06,1.7901176554829066e-05,5.477291150888417e-06,5.375043672229837e-06,4.6988065031482005e-06,4.84540728070898e-06,-5.398618714631914,-4.7471184240772155,-5.261434173100151,-5.269618002755356,-5.328012438855587,-5.314669712456255,*,stop,0.07728016823144743,-0.3486500492650782,-0.03223990197387554,1.2270838408269555,0.7506796059388046,1.259795578587977,1.2270838408269555
248,single,tttttagttttatatttgagagatcca,4.0,tat,1.0,,FLVLYLRDP,,False,False,1.0,1.0,1.0,167.0,141.0,192.0,80.0,48.0,68.0,True,False,True,True,False,False,1.0,both,0.00031950030152840957,0.0002148141186579488,0.0003724557982604123,0.0008976322932623828,0.0006625317169438962,0.0009303181978961241,-3.4955287276399702,-3.6679371780295904,-3.428925260393914,-3.046901531607773,-3.1787933262002066,-3.031368483752706,Y,non-synonymous,0.26875809193787165,0.29358200239520643,0.24076381422991217,1.4185617645333797,1.3929116575990892,1.5327992947917648,1.4185617645333797
249,single,tttttagttttatcgttgagagatcca,4.0,tcg,1.0,,FLVLSLRDP,,False,False,1.0,0.0,1.0,19.0,15.0,5.0,1366.0,1249.0,1024.0,True,False,True,True,False,False,1.0,both,0.0054554676485975935,0.005589642379245376,0.005608746138509739,0.0001021258297723669,7.0482097547223e-05,2.42270364035449e-05,-2.2631680152864,-2.2526159770310423,-2.2511342164603385,-3.9908644018025274,-4.151921179799905,-4.6156997081202364,S,synonymous,-1.0350072139957953,-1.1399546830714555,-1.4320012642678583,0.11479645859971277,-0.04062502786757283,-0.13996578370600576,-0.04062502786757283
250,single,tttttagttttatctaatagagatcca,5.0,aat,1.0,,FLVLSNRDP,,False,False,3.0,1.0,1.0,19.0,15.0,14.0,812.0,681.0,556.0,True,False,True,True,False,False,1.0,both,0.0032429280605133573,0.0030476753084596486,0.0030453738798939594,0.0001021258297723669,7.0482097547223e-05,6.783570192992571e-05,-2.4890626853907385,-2.5160313034923925,-2.516359381518093,-3.9908644018025274,-4.151921179799905,-4.168541676778018,N,non-synonymous,-0.8996809987036223,-0.9818539552081014,-1.000575853770212,0.2501226738918858,0.11747569999578134,0.2914596267916405,0.2501226738918858
251,single,tttttagttttatctacgagagatcca,5.0,acg,1.0,,FLVLSTRDP,,False,False,2.0,1.0,1.0,6.0,4.0,5.0,696.0,675.0,559.0,True,False,True,True,False,False,1.0,both,0.002779652623297163,0.003020823543627405,0.003061805753346625,3.225026203337902e-05,1.8795226012592802e-05,2.42270364035449e-05,-2.556009475021352,-2.5198746425741527,-2.514022365213727,-4.4914667523717124,-4.725952447527624,-4.6156997081202364,T,non-synonymous,-1.1594700666577942,-1.324078258360223,-1.2727939330673927,-0.009666394062286088,-0.22474860315634038,0.019241547494459832,-0.009666394062286088
252,single,tttttagttttatctaggagagatcca,5.0,agg,1.0,,FLVLSRRDP,,False,False,2.0,1.0,1.0,544.0,539.0,651.0,320.0,296.0,220.0,True,False,True,True,False,False,1.0,both,0.0012780012061136383,0.001324687065057351,0.0012050040531954517,0.002924023757693031,0.00253265670519688,0.003154360139741546,-2.8934687363120077,-2.8778867043462393,-2.919011492277944,-2.5340191030571764,-2.5964236736688475,-2.5010887238880635,R,non-synonymous,0.21533468865851604,0.16893288106852183,0.25309763455970763,1.3651383612540242,1.2682625362724045,1.5451331151215602,1.3651383612540242
253,single,tttttagttttatctagtagagatcca,5.0,agt,1.0,,FLVLSSRDP,,False,False,3.0,1.0,1.0,2.0,7.0,7.0,8.0,5.0,3.0,True,False,True,True,False,False,2.0,both,3.1950030152840955e-05,2.2376470693536333e-05,1.643187345266525e-05,1.0750087344459673e-05,3.28916455220374e-05,3.391785096496286e-05,-4.495528727639971,-4.650208411069159,-4.784312918380488,-4.968588007091375,-4.48291439884133,-4.469571672441998,S,non-synonymous,-0.28339456556204734,0.10040913509366911,0.19061001426725735,0.8664091070334607,1.1997387902975518,1.48264549482911,1.1997387902975518
254,single,tttttagttttatctatgagagatcca,5.0,atg,1.0,,FLVLSMRDP,,False,False,1.0,1.0,1.0,27.0,78.0,55.0,2354.0,2144.0,1808.0,True,False,True,True,False,False,1.0,both,0.009401296372473451,0.009595030633388379,0.009902942400806258,0.0001451261791502056,0.0003665069072455596,0.0002664974004389939,-2.026812256124498,-2.0179536343844453,-2.0042357469608056,-3.838254238596369,-3.435917836165106,-3.5743070229620115,M,non-synonymous,-1.0851765010482242,-0.8510559176540374,-0.9508487120168806,0.06462717154728392,0.24827373754984527,0.341186768544972,0.24827373754984527
255,single,tttttagttttatctattagagatcca,5.0,att,1.0,,FLVLSIRDP,,False,False,2.0,1.0,1.0,6.0,21.0,10.0,1772.0,1486.0,1093.0,True,False,True,True,False,False,1.0,both,0.007076931678854272,0.006650287090118998,0.00598667922792104,3.225026203337902e-05,9.86749365661122e-05,4.84540728070898e-05,-2.150154997080882,-2.1771596059806213,-2.2228140111504477,-4.4914667523717124,-4.005793144121667,-4.314669712456255,I,non-synonymous,-1.4026044019375783,-1.0975378587846116,-1.2668458621685328,-0.2528007293420702,0.0017917964192710745,0.02518961839331979,0.0017917964192710745
256,single,tttttagttttatctcagagagatcca,5.0,cag,1.0,,FLVLSQRDP,,False,False,2.0,1.0,1.0,2.0,61.0,35.0,9.0,15.0,9.0,True,False,True,True,False,False,2.0,both,3.594378392194608e-05,6.7129412080609e-05,4.929562035799575e-05,1.0750087344459673e-05,0.0002866271966920402,0.0001695892548248143,-4.444376205192589,-4.173087156349497,-4.307191663660825,-4.968588007091375,-3.542682603844819,-3.77060166810598,Q,non-synonymous,-0.31403839289207996,0.3783660576560461,0.324963531244219,0.8357652797034281,1.4776957128599288,1.6169990118060715,1.4776957128599288
257,single,tttttagttttatctcatagagatcca,5.0,cat,1.0,,FLVLSHRDP,,False,False,3.0,1.0,1.0,7735.0,8323.0,8911.0,4385.0,3901.0,3168.0,True,False,True,True,False,False,1.0,both,0.017512610277525948,0.017458122435097048,0.017352058366014503,0.04157596280469779,0.039108166525702474,0.04317742427839772,-1.7566491169298546,-1.7580024650933863,-1.7606490001826944,-1.38115768471997,-1.4077325442226378,-1.3647432687883432,H,non-synonymous,0.22494481331556335,0.2102304758885398,0.23976392698246576,1.3747484859110715,1.3095601310924225,1.5317994075443184,1.3747484859110715
258,single,tttttagttttatctccgagagatcca,5.0,ccg,1.0,,FLVLSPRDP,,False,False,2.0,1.0,1.0,4.0,15.0,13.0,1843.0,1786.0,1329.0,True,False,True,True,False,False,1.0,both,0.007360488196460736,0.007992875331731177,0.007279319939530706,2.1500174688919347e-05,7.0482097547223e-05,6.299029464921675e-05,-2.13309337941284,-2.09729696085265,-2.1379091921574185,-4.667558011427394,-4.151921179799905,-4.200726360149418,P,non-synonymous,-1.5183160642257765,-1.2331764778648835,-1.2492598758363607,-0.3685123916302684,-0.13384682266100079,0.04277560472549191,-0.13384682266100079
259,single,tttttagttttatctcctagagatcca,5.0,cct,1.0,,FLVLSPRDP,,False,False,3.0,1.0,1.0,1.0,2.0,1.0,151.0,131.0,138.0,True,False,True,True,False,False,1.0,both,0.000603056819134873,0.0005862635321706519,0.0007558661788226015,5.375043672229837e-06,9.397613006296401e-06,4.84540728070898e-06,-3.2196417673387443,-3.2319071197494136,-3.1215550866989137,-5.269618002755356,-5.0269824431916055,-5.314669712456255,P,non-synonymous,-1.2280746829913742,-1.077396364965868,-1.328169140523242,-0.07827101039586615,0.021933290238014713,-0.03613365996138951,-0.03613365996138951
260,single,tttttagttttatctcggagagatcca,5.0,cgg,1.0,,FLVLSRRDP,,False,False,2.0,1.0,1.0,759.0,758.0,815.0,443.0,374.0,321.0,True,False,True,True,False,False,1.0,both,0.001769232919713568,0.0016737600078765176,0.0017582104594351818,0.004079658147222446,0.003561695329386336,0.003949006933777819,-2.7522149884088445,-2.7763068132046973,-2.7549291406952783,-2.389376226859876,-2.448343233223533,-2.4035121037162788,R,non-synonymous,0.21736500617319365,0.19684230756140672,0.2128211897763637,1.3671686787687016,1.2961719627652895,1.5048566703382162,1.3671686787687016
261,single,tttttagttttatctcgtagagatcca,5.0,cgt,1.0,,FLVLSRRDP,,False,False,3.0,1.0,1.0,449.0,361.0,493.0,422.0,276.0,263.0,True,False,True,True,False,False,1.0,both,0.0016853640905623605,0.0012351811822832056,0.0014405275726836536,0.002413394608831197,0.0016962691476365003,0.0023887857893895273,-2.77330626367024,-2.90826933333996,-2.8414784246103926,-2.617371661752033,-2.7705052369499286,-2.6218227931790254,R,non-synonymous,0.09341539355902344,0.08268540864837268,0.13302534568093682,1.2432190661545315,1.1820150638522553,1.4250608262427895,1.2432190661545315
262,single,tttttagttttatctctgagagatcca,5.0,ctg,1.0,,FLVLSLRDP,,False,False,1.0,0.0,1.0,2.0,9.0,15.0,802.0,631.0,581.0,True,False,True,True,False,False,1.0,both,0.003202990522822306,0.002823910601524285,0.0031823061586661702,1.0750087344459673e-05,4.2289258528333806e-05,7.26811092106347e-05,-2.4944443463477506,-2.5491490561610433,-2.4972580407098195,-4.968588007091375,-4.3737699294162615,-4.138578453400575,L,synonymous,-1.4821797147445233,-1.0951294748547789,-0.993997803965188,-0.33237604214901517,0.004200180349103855,0.2980376765966646,0.004200180349103855
263,single,tttttagttttatctcttagagatcca,5.0,ctt,1.0,,FLVLSLRDP,,False,False,2.0,0.0,1.0,9.0,23.0,14.0,1622.0,1555.0,1146.0,True,False,True,True,False,False,1.0,both,0.006477868613488504,0.0069590823856898,0.0062769756589181255,4.837539305006853e-05,0.00010807254957240861,6.783570192992571e-05,-2.188567864756777,-2.1574480220423213,-2.202249555468779,-4.315375493316032,-3.9662846028379937,-4.168541676778018,L,synonymous,-1.2741018940132922,-1.0856558114951473,-1.190803474704414,-0.12429822141778413,0.013673843708735367,0.10123200585743852,0.013673843708735367
264,single,tttttagttttatctgatagagatcca,5.0,gat,1.0,,FLVLSDRDP,,False,False,3.0,1.0,1.0,9.0,10.0,13.0,1371.0,1141.0,956.0,True,False,True,True,False,False,1.0,both,0.005475436417443119,0.0051063106122649915,0.005236290340249326,4.837539305006853e-05,4.6988065031482e-05,6.299029464921675e-05,-2.2615812598424014,-2.291892770986963,-2.28097628082405,-4.315375493316032,-4.328012438855587,-4.200726360149418,D,non-synonymous,-1.230361922556657,-1.2220701271691294,-1.1626172124936252,-0.08055824996114902,-0.12274047196524673,0.12941826806822743,-0.08055824996114902
265,single,tttttagttttatctgcgagagatcca,5.0,gcg,1.0,,FLVLSARDP,,False,False,2.0,1.0,1.0,20.0,13.0,13.0,2051.0,1842.0,1527.0,True,False,True,True,False,False,1.0,both,0.0081911889804346,0.008243491803498785,0.008363823587406612,0.00010750087344459674,6.10844845409266e-05,6.299029464921675e-05,-2.0866530542635475,-2.0838887895443476,-2.0775951360437293,-3.968588007091375,-4.21406908654875,-4.200726360149418,A,non-synonymous,-1.127406567293562,-1.2785249057479817,-1.2857865886352076,0.022397105301946052,-0.17919525054409902,0.006248891926645017,0.006248891926645017
266,single,tttttagttttatctgctagagatcca,5.0,gct,1.0,,FLVLSARDP,,False,False,3.0,1.0,1.0,2.0,10.0,2.0,944.0,809.0,688.0,True,False,True,True,False,False,1.0,both,0.003770103558035233,0.003620512958214179,0.003768376311811231,1.0750087344459673e-05,4.6988065031482e-05,9.69081456141796e-06,-2.4236467203338448,-2.4412298937929053,-2.423845734864639,-4.968588007091375,-4.328012438855587,-5.013639716792274,A,non-synonymous,-1.5245922903741618,-1.1324386386380216,-1.5684015813451957,-0.3747886177786537,-0.03310898343413893,-0.2763661007833431,-0.2763661007833431
267,single,tttttagttttatctgtgagagatcca,5.0,gtg,1.0,,FLVLSVRDP,,False,False,1.0,1.0,1.0,2.0,6.0,4.0,266.0,214.0,189.0,True,False,True,True,False,False,1.0,both,0.0010623385025819619,0.0009577129456833551,0.0010352080275179108,1.0750087344459673e-05,2.8192839018889203e-05,1.938162912283592e-05,-2.973737078000847,-3.0187646420559866,-2.9849723689269063,-4.968588007091375,-4.549861188471943,-4.712609721128293,V,non-synonymous,-1.195050888899708,-0.9189574565356499,-1.0462720873136215,-0.04524721630419992,0.18037219866823284,0.24576339324823104,0.18037219866823284
268,single,tttttagttttatctgttagagatcca,5.0,gtt,1.0,,FLVLSVRDP,,False,False,2.0,1.0,1.0,3.0,2.0,2.0,376.0,356.0,287.0,True,False,True,True,False,False,1.0,both,0.001501651417183525,0.0015932047133797869,0.0015719825603049756,1.612513101668951e-05,9.397613006296401e-06,9.69081456141796e-06,-2.8234308697042527,-2.7977284174323023,-2.8035522763661582,-4.792496748035694,-5.0269824431916055,-5.013639716792274,V,non-synonymous,-1.1796038961542301,-1.3379885248118655,-1.3384480235356162,-0.029800223558722028,-0.23865886960798277,-0.046412542973763626,-0.046412542973763626
269,single,tttttagttttatcttagagagatcca,5.0,tag,1.0,,FLVLS*RDP,,True,False,1.0,1.0,1.0,6.0,3.0,5.0,494.0,417.0,370.0,True,False,True,True,False,False,1.0,both,0.001972914361937929,0.0018661976558409302,0.002026597725828714,3.225026203337902e-05,1.4096419509444601e-05,2.42270364035449e-05,-2.704891765708267,-2.72904236043142,-2.6932324490331556,-4.4914667523717124,-4.850891184135924,-4.6156997081202364,*,stop,-1.0702794854307853,-1.273524391880459,-1.1642627600023492,0.07952418716472276,-0.17419473667657637,0.1277727205595034,0.07952418716472276
270,single,tttttagttttatcttatagagatcca,5.0,tat,1.0,,FLVLSYRDP,,False,False,2.0,1.0,1.0,5.0,9.0,4.0,555.0,541.0,375.0,True,False,True,True,False,False,1.0,both,0.0022165333418533413,0.002421134129040631,0.002053984181583156,2.6875218361149186e-05,4.2289258528333806e-05,1.938162912283592e-05,-2.6543257315092377,-2.6159811502986083,-2.6874029053724318,-4.5706479984193376,-4.3737699294162615,-4.712609721128293,Y,non-synonymous,-1.1480068987076133,-1.0550171439979352,-1.2264827220033736,0.001796773887894787,0.04431251120594748,0.06555275855847897,0.04431251120594748
271,single,tttttagttttatcttcgagagatcca,5.0,tcg,1.0,,FLVLSSRDP,,False,False,1.0,1.0,1.0,1.0,4.0,1.0,3.0,4.0,2.0,True,False,True,True,False,False,3.0,both,1.1981261307315359e-05,1.7901176554829066e-05,1.0954582301776834e-05,5.375043672229837e-06,1.8795226012592802e-05,4.84540728070898e-06,-4.921497459912252,-4.7471184240772155,-4.960404177436169,-5.269618002755356,-4.725952447527624,-5.314669712456255,S,non-synonymous,-0.20854779577868995,0.012703726633461716,-0.214546264768149,0.9412558768168181,1.1120333818373445,1.0774892157937035,1.0774892157937035
272,single,tttttagttttatcttctagagatcca,5.0,tct,1.0,,FLVLSSRDP,,False,False,2.0,1.0,1.0,13.0,15.0,7.0,1379.0,1264.0,1085.0,True,False,True,True,False,False,1.0,both,0.00550738644759596,0.005656771791325985,0.005942860898713932,6.987556773898788e-05,7.0482097547223e-05,3.391785096496286e-05,-2.259054448456064,-2.247431341458811,-2.2260044349156023,-4.155674650448519,-4.151921179799905,-4.469571672441998,S,non-synonymous,-1.1362040266986633,-1.1430664786859608,-1.3587236775380678,0.013599645896844814,-0.04373682348207808,-0.0666881969762152,-0.04373682348207808
273,single,tttttagttttatctttgaaggatcca,6.0,aag,1.0,,FLVLSLKDP,,False,False,2.0,1.0,1.0,3.0,10.0,3.0,347.0,321.0,292.0,True,False,True,True,False,False,1.0,both,0.0013858325578794766,0.0014365694185250325,0.0015993690160594177,1.612513101668951e-05,4.6988065031482e-05,1.453622184212694e-05,-2.85828923984104,-2.8426733830003057,-2.796051321651732,-4.792496748035694,-4.328012438855587,-4.8375484577365935,K,non-synonymous,-1.1587213702421035,-0.8914940106533361,-1.2363482805547164,-0.008917697646595446,0.2078356445505466,0.05568720000713623,0.05568720000713623
274,single,tttttagttttatctttgaatgatcca,6.0,aat,1.0,,FLVLSLNDP,,False,False,2.0,1.0,1.0,26.0,27.0,20.0,526.0,389.0,366.0,True,False,True,True,False,False,1.0,both,0.002100714482549293,0.0017408894199571266,0.0020046885612251607,0.00013975113547797576,0.0001268677755850014,9.69081456141796e-05,-2.6776329704781747,-2.75922881407947,-2.6979530877057396,-3.8546446547845385,-3.896648674696599,-4.013639716792274,N,non-synonymous,-0.7051097598640815,-0.6826744300172224,-0.7967911749019234,0.44469391273142655,0.4166552251866603,0.49524430565992916,0.44469391273142655
275,single,tttttagttttatctttgacggatcca,6.0,acg,1.0,,FLVLSLTDP,,False,False,2.0,1.0,1.0,23.0,18.0,19.0,1732.0,1734.0,1271.0,True,False,True,True,False,False,1.0,both,0.006917181528090067,0.007760160036518401,0.006961637052779177,0.00012362600446128624,8.457851705666761e-05,9.206273833347062e-05,-2.160070826950586,-2.110129322264986,-2.157288622546142,-3.9078901667377637,-4.07273993375228,-4.035916111503426,T,non-synonymous,-1.0470622266502092,-1.1779503127507316,-1.1377130169427854,0.10274144594529888,-0.07862065754684888,0.1543224636190672,0.10274144594529888
276,single,tttttagttttatctttgactgatcca,6.0,act,1.0,,FLVLSLTDP,,False,False,2.0,1.0,1.0,9.0,15.0,10.0,1454.0,1210.0,1004.0,True,False,True,True,False,False,1.0,both,0.005806917980278844,0.005415105907835793,0.00549920031549197,4.837539305006853e-05,7.0482097547223e-05,4.84540728070898e-05,-2.236054308108895,-2.2663930450887277,-2.2597004602911497,-4.315375493316032,-4.151921179799905,-4.314669712456255,T,non-synonymous,-1.2456542964955635,-1.1316857470266022,-1.2445071102962988,-0.09585062390005539,-0.03235609182271948,0.04752837026555379,-0.03235609182271948
277,single,tttttagttttatctttgagaaagcca,7.0,aag,1.0,,FLVLSLRKP,,False,False,2.0,1.0,1.0,2.0,3.0,1.0,3.0,7.0,9.0,True,False,True,True,False,False,2.0,both,1.1981261307315359e-05,3.1327058970950864e-05,4.929562035799575e-05,1.0750087344459673e-05,1.4096419509444601e-05,4.84540728070898e-06,-4.921497459912252,-4.504080375390921,-4.307191663660825,-4.968588007091375,-4.850891184135924,-5.314669712456255,K,non-synonymous,-0.028210428881942595,-0.2081543319063804,-0.6101373993174556,1.1215932437135654,0.8911753232975023,0.681898081244397,0.8911753232975023
278,single,tttttagttttatctttgagaaatcca,7.0,aat,1.0,,FLVLSLRNP,,False,False,1.0,1.0,1.0,337.0,306.0,265.0,672.0,549.0,468.0,True,False,True,True,False,False,1.0,both,0.0026838025328386403,0.002456936482150289,0.002563372258615779,0.0018113897175414551,0.0014378347899633493,0.0012840329293878796,-2.5712494415780887,-2.6096060709550857,-2.5911883200260264,-2.7419881018840178,-2.842291012374006,-2.8914238385194477,N,non-synonymous,-0.10228402773994259,-0.13965648504727737,-0.1818252205646814,1.0475196448555655,0.9596731701566054,1.1102102599971713,1.0475196448555655
279,single,tttttagttttatctttgagaacgcca,7.0,acg,1.0,,FLVLSLRTP,,False,False,3.0,1.0,1.0,4.0,14.0,6.0,5.0,4.0,5.0,True,False,True,True,False,False,2.0,both,1.9968768845525598e-05,1.7901176554829066e-05,2.7386455754442085e-05,2.1500174688919347e-05,6.57832910440748e-05,2.907244368425388e-05,-4.699648710295895,-4.7471184240772155,-4.562464168764132,-4.667558011427394,-4.1818844031773486,-4.536518462072612,T,non-synonymous,0.01922450326937422,0.3392509893706249,0.015712943843436255,1.1690281758648824,1.4385806445745075,1.3077484244052888,1.3077484244052888
280,single,tttttagttttatctttgagaactcca,7.0,act,1.0,,FLVLSLRTP,,False,False,2.0,1.0,1.0,3300.0,3992.0,4053.0,1610.0,1435.0,1176.0,True,False,True,True,False,False,1.0,both,0.006429943568259242,0.006422047089044928,0.006441294393444778,0.017737644118358462,0.018757635560567615,0.019638435708713497,-2.1917928386000645,-2.1923265143351665,-2.191026851360031,-1.751104062877469,-1.726821906240253,-1.7068931087145625,T,non-synonymous,0.2640024402201895,0.2793938316051239,0.2931955718665105,1.4138061128156976,1.3787234868090066,1.585231052428363,1.4138061128156976
281,single,tttttagttttatctttgagaaggcca,7.0,agg,1.0,,FLVLSLRRP,,False,False,3.0,1.0,1.0,5833.0,6777.0,6756.0,2847.0,2648.0,2217.0,True,False,True,True,False,False,1.0,both,0.011370216980642275,0.011850578879296842,0.012143154481519619,0.03135262974011664,0.03184381167183535,0.03273557158846987,-1.9442312474849588,-1.9262604346375154,-1.9156684799856623,-1.503726026325341,-1.496974953215561,-1.4849800715572845,R,non-synonymous,0.26389247859827125,0.257655270047241,0.2608286163146193,1.4136961511937793,1.3569849252511237,1.5528640968764718,1.4136961511937793
282,single,tttttagttttatctttgagaagtcca,7.0,agt,1.0,,FLVLSLRSP,,False,False,2.0,1.0,1.0,7.0,3.0,6.0,2.0,5.0,4.0,True,False,True,True,False,False,2.0,both,7.987507538210239e-06,2.2376470693536333e-05,2.1909164603553667e-05,3.762530570560886e-05,1.4096419509444601e-05,2.907244368425388e-05,-5.097588718967932,-4.650208411069159,-4.659374181772188,-4.424519962741099,-4.850891184135924,-4.536518462072612,S,non-synonymous,0.4032137959231918,-0.12044892344617308,0.07440248390364101,1.5530174685187,0.9788807317577096,1.3664379644654936,1.3664379644654936
283,single,tttttagttttatctttgagaatgcca,7.0,atg,1.0,,FLVLSLRMP,,False,False,3.0,1.0,1.0,36.0,44.0,36.0,37.0,44.0,45.0,True,False,True,True,False,False,1.0,both,0.00014776888945688943,0.00019691294210311973,0.00024647810178997874,0.00019350157220027412,0.00020674748613852081,0.00017443466210552327,-3.830416990564919,-3.70572573891899,-3.6082216593248067,-3.713315501988069,-3.684559762369399,-3.7583672116889684,M,non-synonymous,0.0701517271162935,0.012703726633461716,-0.09092944203408025,1.2199553997118016,1.1120333818373445,1.2011060385277723,1.2011060385277723
284,single,tttttagttttatctttgagaattcca,7.0,att,1.0,,FLVLSLRIP,,False,False,2.0,1.0,1.0,1.0,2.0,2.0,4.0,6.0,4.0,True,False,True,True,False,False,2.0,both,1.5975015076420478e-05,2.68517648322436e-05,2.1909164603553667e-05,5.375043672229837e-06,9.397613006296401e-06,9.69081456141796e-06,-4.796558723303951,-4.571027165021534,-4.659374181772188,-5.269618002755356,-5.0269824431916055,-5.013639716792274,I,non-synonymous,-0.28339456556204734,-0.2736623655131293,-0.214546264768149,0.8664091070334607,0.8256672896907534,1.0774892157937035,0.8664091070334607
285,single,tttttagttttatctttgagacagcca,7.0,cag,1.0,,FLVLSLRQP,,False,False,2.0,1.0,1.0,871.0,798.0,597.0,2262.0,2069.0,1616.0,True,False,True,True,False,False,1.0,both,0.00903387102571578,0.009259383572985334,0.008851302499835682,0.004681663038512188,0.0037496475895122637,0.002892708146583261,-2.0441261140424776,-2.0334179247394433,-2.052992816661583,-2.3295998477476934,-2.426009547504857,-2.538695381326886,Q,non-synonymous,-0.17101811180320764,-0.23563177642730807,-0.2941456640182141,0.9787855607923004,0.8636978787765747,0.9978898165436385,0.9787855607923004
286,single,tttttagttttatctttgagacatcca,7.0,cat,1.0,,FLVLSLRHP,,False,False,1.0,1.0,1.0,626.0,851.0,922.0,427.0,375.0,329.0,True,False,True,True,False,False,1.0,both,0.0017053328594078862,0.001678235302015225,0.001802028788642289,0.003364777338815878,0.003998684334179118,0.00446746551281368,-2.76819083960689,-2.7751471476774587,-2.744238275150176,-2.4730436695449267,-2.3980828787709987,-2.349938791402626,H,non-synonymous,0.17681315570762426,0.2263123264929755,0.2387911695481466,1.3266168283031323,1.325641981696858,1.5308266501099992,1.3266168283031323
287,single,tttttagttttatctttgagaccgcca,7.0,ccg,1.0,,FLVLSLRPP,,False,False,3.0,1.0,1.0,4205.0,4324.0,4700.0,2162.0,1968.0,1648.0,True,False,True,True,False,False,1.0,both,0.008634495648805269,0.008807378864975901,0.00902657581666411,0.022602058641726465,0.020317639319612817,0.022773414219332207,-2.063763025014622,-2.055153321309855,-2.0444769657390536,-1.6458520026214254,-1.6921267535743136,-1.6425718545205379,P,non-synonymous,0.25035702242656716,0.2178869595924805,0.2433972031692866,1.4001606950220753,1.3172166147963633,1.5354326837311392,1.4001606950220753
288,single,tttttagttttatctttgagacctcca,7.0,cct,1.0,,FLVLSLRPP,,False,False,2.0,1.0,1.0,262.0,231.0,288.0,171.0,118.0,111.0,True,False,True,True,False,False,1.0,both,0.0006829318945169755,0.0005280847083674574,0.0006079793177486142,0.0014082614421242173,0.0010854243022272343,0.0013954772968441862,-3.16562260423976,-3.277296408099052,-3.216111194313493,-2.851316711435611,-2.964400458963442,-2.8552772246970246,P,non-synonymous,0.18829052893353776,0.1877987813708074,0.21852416543508157,1.3380942015290458,1.2871284365746902,1.5105596459969342,1.3380942015290458
289,single,tttttagttttatctttgagacgtcca,7.0,cgt,1.0,,FLVLSLRRP,,False,False,2.0,1.0,1.0,1999.0,2342.0,2246.0,988.0,792.0,669.0,True,False,True,True,False,False,1.0,both,0.003945828723875858,0.003544432957856155,0.0036643077799443508,0.010744712300787444,0.011004604830373086,0.010882784752472369,-2.4038617700442857,-2.450453233815684,-2.4360080553323273,-1.9688052086372394,-1.958425548119242,-1.9632599605308165,R,non-synonymous,0.26062836217449853,0.29531286688036684,0.2863003252917961,1.4104320347700066,1.3946425220842495,1.5783358058536487,1.4104320347700066
290,single,tttttagttttatctttgagactgcca,7.0,ctg,1.0,,FLVLSLRLP,,False,False,3.0,1.0,1.0,504.0,467.0,329.0,2816.0,2573.0,2158.0,True,False,True,True,False,False,1.0,both,0.011246410613800016,0.011514931818893797,0.011819994303617203,0.0027090220108038376,0.0021943426369702094,0.0015941389953532544,-1.9489860641618393,-1.938738629194831,-1.9273827327532584,-2.5671874663098313,-2.658695558289474,-2.797473814506281,L,non-synonymous,-0.37034453270792583,-0.4321150027571741,-0.5269346666409561,0.7794591398875823,0.6672146524467086,0.7651008139208965,0.7651008139208965
291,single,tttttagttttatctttgagacttcca,7.0,ctt,1.0,,FLVLSLRLP,,False,False,2.0,1.0,1.0,173.0,151.0,130.0,896.0,843.0,640.0,True,False,True,True,False,False,1.0,both,0.0035784033771181873,0.0037726729589302255,0.003505466336568587,0.0009298825552957618,0.0007095197819753783,0.0006299029464921674,-2.4463107049697888,-2.423350840780435,-2.455254199116263,-3.031571899626561,-3.149035491562417,-3.2007263601494187,L,non-synonymous,-0.35061111620603735,-0.435552756284776,-0.45146437298574726,0.7991925563894707,0.6637768989191066,0.8405711075761053,0.7991925563894707
292,single,tttttagttttatctttgagagagcca,7.0,gag,1.0,,FLVLSLREP,,False,False,1.0,1.0,1.0,1199.0,1157.0,1064.0,1857.0,1686.0,1247.0,True,False,True,True,False,False,1.0,both,0.007416400749228207,0.007545345917860451,0.006830182065157855,0.0064446773630035745,0.005436519124142468,0.005155513346674355,-2.1298068108921333,-2.1223208451164544,-2.165567719621608,-2.1907988196565076,-2.264679079903837,-2.287728084497226,E,non-synonymous,-0.03653834641312009,-0.08544279043888432,-0.07398137102242273,1.113265326182388,1.0138868647649983,1.21805410953943,1.113265326182388
293,single,tttttagttttatctttgagagataag,8.0,aag,1.0,,FLVLSLRDK,,False,False,3.0,1.0,1.0,378.0,304.0,321.0,227.0,217.0,140.0,True,False,True,True,False,False,1.0,both,0.0009065821055868621,0.0009711388280994769,0.0007668207611243783,0.0020317665081028783,0.0014284371769570528,0.0015553757371075826,-3.042592857438791,-3.012718681556648,-3.1153061374219124,-2.692126202918131,-2.845138855246833,-2.8081646800513833,K,non-synonymous,0.20995327565933378,0.10058067945671982,0.18600751673615787,1.359756948254842,1.1999103346606026,1.4780429972980105,1.359756948254842
294,single,tttttagttttatctttgagagataat,8.0,aat,1.0,,FLVLSLRDN,,False,False,3.0,1.0,1.0,3267.0,3042.0,3506.0,2147.0,1764.0,1495.0,True,False,True,True,False,False,1.0,both,0.008574589342268691,0.007894418860679618,0.008188550270578182,0.017560267677174876,0.014293769382576826,0.016987997926165684,-2.066786670195665,-2.102679834609377,-2.086792980439702,-1.755468868279919,-1.8448532291386068,-1.7698578006984793,N,non-synonymous,0.18650046000145618,0.15474640194653771,0.1919386795084254,1.3363041325969642,1.2540760571504204,1.483974160070278,1.3363041325969642
295,single,tttttagttttatctttgagagatacg,8.0,acg,1.0,,FLVLSLRDT,,False,False,2.0,1.0,1.0,1132.0,1306.0,1356.0,687.0,671.0,507.0,True,False,True,True,False,False,1.0,both,0.002743708839375217,0.0030029223670725758,0.002776986613500427,0.006084549436964176,0.00613664129311155,0.006570372272641377,-2.5616619775723635,-2.5224558952361855,-2.5564262137668146,-2.2157715759031036,-2.212069261916531,-2.182410022925211,T,non-synonymous,0.20721179008858528,0.18629270098334044,0.22650743235106824,1.3570154626840933,1.285622356187223,1.5185429129129209,1.3570154626840933
296,single,tttttagttttatctttgagagatact,8.0,act,1.0,,FLVLSLRDT,,False,False,2.0,1.0,1.0,1411.0,1451.0,1534.0,758.0,699.0,556.0,True,False,True,True,False,False,1.0,both,0.0030272653569816807,0.0031282306029563793,0.0030453738798939594,0.0075841866215163,0.006817968236068039,0.007432854768607575,-2.5189495089998606,-2.504701239659496,-2.516359381518093,-2.1200909890010085,-2.1663450264178503,-2.128844352843293,T,non-synonymous,0.23894328238710144,0.20307992063036398,0.23468244501680494,1.3887469549826095,1.3024095758342467,1.5267179255786576,1.3887469549826095
297,single,tttttagttttatctttgagagatagg,8.0,agg,1.0,,FLVLSLRDR,,False,False,3.0,1.0,1.0,1703.0,986.0,965.0,2051.0,1692.0,1470.0,True,False,True,True,False,False,1.0,both,0.0081911889804346,0.007572197682692695,0.008051617991805973,0.009153699373807412,0.004633023212104126,0.0046758180258841655,-2.0866530542635475,-2.120778056702173,-2.094116838351974,-2.0384033547927554,-2.3341355239143753,-2.330142399112463,R,non-synonymous,0.02890483965536322,-0.12805621948607535,-0.14293911612965543,1.1787085122508714,0.9712734357178073,1.1490963644321972,1.1490963644321972
298,single,tttttagttttatctttgagagatagt,8.0,agt,1.0,,FLVLSLRDS,,False,False,3.0,1.0,1.0,3.0,1.0,3.0,4.0,4.0,4.0,True,False,True,True,False,False,3.0,both,1.5975015076420478e-05,1.7901176554829066e-05,2.1909164603553667e-05,1.612513101668951e-05,4.6988065031482005e-06,1.453622184212694e-05,-4.796558723303951,-4.7471184240772155,-4.659374181772188,-4.792496748035694,-5.328012438855587,-4.8375484577365935,S,non-synonymous,0.0024333984480900545,-0.3486500492650782,-0.10790387889063245,1.152237071043598,0.7506796059388046,1.1841316016712202,1.152237071043598
299,single,tttttagttttatctttgagagatatg,8.0,atg,1.0,,FLVLSLRDM,,False,False,3.0,1.0,1.0,4295.0,4826.0,4808.0,2327.0,1996.0,1698.0,True,False,True,True,False,False,1.0,both,0.009293465020707613,0.008932687100859704,0.00930044037420853,0.02308581257222715,0.022676440184193215,0.023296718205648777,-2.0318223313451838,-2.0490178784538253,-2.0314964871922165,-1.6366548345880954,-1.6444251212828194,-1.6327052534615722,M,non-synonymous,0.23673210934068764,0.24283480485469328,0.2415114120947173,1.3865357819361956,1.342164460058576,1.5335468926565698,1.3865357819361956
300,single,tttttagttttatctttgagagatatt,8.0,att,1.0,,FLVLSLRDI,,False,False,3.0,1.0,1.0,3066.0,3135.0,3415.0,1856.0,1540.0,1282.0,True,False,True,True,False,False,1.0,both,0.007412406995459102,0.0068919529736091905,0.0070218872554389505,0.01647988389905668,0.014730758387369609,0.016547065863621167,-2.130040742749071,-2.1616576945687145,-2.1535461479173517,-1.783045852237,-1.8317748936888512,-1.7812790044387041,I,non-synonymous,0.2078734537518359,0.19799421555814722,0.22544819417650663,1.357677126347344,1.29732387076203,1.5174836747383593,1.357677126347344
301,single,tttttagttttatctttgagagatcag,8.0,cag,1.0,,FLVLSLRDQ,,False,False,2.0,1.0,1.0,1.0,2.0,1.0,2.0,3.0,4.0,True,False,True,True,False,False,3.0,both,7.987507538210239e-06,1.34258824161218e-05,2.1909164603553667e-05,5.375043672229837e-06,9.397613006296401e-06,4.84540728070898e-06,-5.097588718967932,-4.872057160685515,-4.659374181772188,-5.269618002755356,-5.0269824431916055,-5.314669712456255,Q,non-synonymous,-0.10305719866529994,-0.09298547756385937,-0.39685262756242246,1.0467464739302081,1.0063441776400233,0.8951828529994301,1.0063441776400233
302,single,tttttagttttatctttgagagatcat,8.0,cat,1.0,,FLVLSLRDH,,False,False,2.0,1.0,1.0,1.0,1.0,4.0,19.0,9.0,4.0,True,False,True,True,False,False,2.0,both,7.588132161299728e-05,4.02776472483654e-05,2.1909164603553667e-05,5.375043672229837e-06,4.6988065031482005e-06,1.938162912283592e-05,-4.119865113679085,-4.394935905965853,-4.659374181772188,-5.269618002755356,-5.328012438855587,-4.712609721128293,H,non-synonymous,-0.6887798943112162,-0.5600284576597203,-0.03223990197387554,0.46102377828429186,0.5393011975441624,1.259795578587977,0.5393011975441624
303,single,tttttagttttatctttgagagatccg,8.0,ccg,1.0,,FLVLSLRDP,,False,False,1.0,0.0,1.0,27.0,12.0,9.0,1787.0,1669.0,1347.0,True,False,True,True,False,False,1.0,both,0.007136837985390849,0.0074692659175024274,0.007377911180246697,0.0001451261791502056,5.6385678037778406e-05,4.360866552638082e-05,-2.14649416212627,-2.126722078725931,-2.1320665773771648,-3.838254238596369,-4.248831192807962,-4.360427203016931,P,synonymous,-1.0134789290307324,-1.2736806170276274,-1.3495144221701398,0.13632474356477564,-0.17435096182374465,-0.05747894160828726,-0.05747894160828726
304,single,tttttagttttatctttgagagatcct,8.0,cct,1.0,,FLVLSLRDP,,False,False,1.0,0.0,1.0,7.0,17.0,7.0,1108.0,1136.0,842.0,True,False,True,True,False,False,1.0,both,0.004425079176168472,0.005083934141571455,0.004611879149048047,3.762530570560886e-05,7.987971055351941e-05,3.391785096496286e-05,-2.354078954239503,-2.2938000840301775,-2.336122081600501,-4.424519962741099,-4.097563517477313,-4.469571672441998,P,synonymous,-1.2403344688779778,-1.082610930625319,-1.2920354805618526,-0.09053079628246974,0.016718724578563604,0.0,0.0
305,single,tttttagttttatctttgagagatcgg,8.0,cgg,1.0,,FLVLSLRDR,,False,False,2.0,1.0,1.0,1.0,110.0,69.0,16.0,24.0,12.0,True,False,True,True,False,False,1.0,both,6.390006030568191e-05,0.0001074070593289744,6.5727493810661e-05,5.375043672229837e-06,0.000516868715346302,0.00033433310236891963,-4.194498731975989,-3.9689671736935717,-4.1822529270525255,-5.269618002755356,-3.2866197536973614,-3.475820621719,R,non-synonymous,-0.6440692993555421,0.4095419397432491,0.42782149952088067,0.505734373239966,1.5088715949471319,1.7198569800827332,1.5088715949471319
306,single,tttttagttttatctttgagagatcgt,8.0,cgt,1.0,,FLVLSLRDR,,False,False,2.0,1.0,1.0,1.0,7.0,1.0,2.0,4.0,11.0,True,False,True,True,False,False,2.0,both,7.987507538210239e-06,1.7901176554829066e-05,6.0250202659772584e-05,5.375043672229837e-06,3.28916455220374e-05,4.84540728070898e-06,-5.097588718967932,-4.7471184240772155,-4.220041487941925,-5.269618002755356,-4.48291439884133,-5.314669712456255,R,non-synonymous,-0.10305719866529994,0.158574101421355,-0.6629162977031473,1.0467464739302081,1.2579037566252378,0.6291191828587053,1.0467464739302081
307,single,tttttagttttatctttgagagatctg,8.0,ctg,1.0,,FLVLSLRDL,,False,False,2.0,1.0,1.0,1469.0,1562.0,1589.0,909.0,830.0,639.0,True,False,True,True,False,False,1.0,both,0.0036303221761165537,0.003714494135127031,0.003499989045417698,0.00789593915450563,0.007339535757917489,0.007699352169046569,-2.4400548314099466,-2.430100323029104,-2.4559333149417504,-2.1025962069651,-2.134331409314305,-2.1135458152488757,L,non-synonymous,0.202160584146278,0.17751920955337555,0.20735282408503827,1.351964256741786,1.2768488647572582,1.4993883046468908,1.351964256741786
308,single,tttttagttttatctttgagagatctt,8.0,ctt,1.0,,FLVLSLRDL,,False,False,2.0,1.0,1.0,3.0,5.0,7.0,4.0,1.0,2.0,True,False,True,True,False,False,3.0,both,1.5975015076420478e-05,4.4752941387072664e-06,1.0954582301776834e-05,1.612513101668951e-05,2.3494032515741e-05,3.391785096496286e-05,-4.796558723303951,-5.349178415405178,-4.960404177436169,-4.792496748035694,-4.629042434519568,-4.469571672441998,L,non-synonymous,0.0024333984480900545,0.4322224688596875,0.2972524001447739,1.152237071043598,1.53155212406357,1.5892878807066264,1.53155212406357
309,single,tttttagttttatctttgagagatgag,8.0,gag,1.0,,FLVLSLRDE,,False,False,3.0,1.0,1.0,1.0,3.0,4.0,3.0,1.0,4.0,True,False,True,True,False,False,3.0,both,1.1981261307315359e-05,4.4752941387072664e-06,2.1909164603553667e-05,5.375043672229837e-06,1.4096419509444601e-05,1.938162912283592e-05,-4.921497459912252,-5.349178415405178,-4.659374181772188,-5.269618002755356,-4.850891184135924,-4.712609721128293,E,non-synonymous,-0.20854779577868995,0.29906981878005273,-0.03223990197387554,0.9412558768168181,1.3983994739839354,1.259795578587977,1.259795578587977
310,single,tttttagttttatctttgagagatgat,8.0,gat,1.0,,FLVLSLRDD,,False,False,3.0,1.0,1.0,1336.0,1491.0,1725.0,840.0,706.0,569.0,True,False,True,True,False,False,1.0,both,0.0033547531660483004,0.00315955766192733,0.0031165786648555092,0.007181058346099062,0.007005920496193967,0.008358327559222991,-2.4743394285700324,-2.500373714353374,-2.5063219067050793,-2.1438115446158297,-2.1545347954025917,-2.0778806130469625,D,non-synonymous,0.19800860092623201,0.2075710078988769,0.2594677442206474,1.3478122735217402,1.3069006631027595,1.5515032247825,1.3478122735217402
311,single,tttttagttttatctttgagagatggg,8.0,ggg,1.0,,FLVLSLRDG,,False,False,3.0,1.0,1.0,246.0,210.0,194.0,133.0,168.0,126.0,True,False,True,True,False,False,1.0,both,0.0005311692512909809,0.0007518494153028207,0.0006901386850119405,0.00132226074336854,0.0009867493656611221,0.0009400090124575422,-3.274767073664828,-3.1238691336793147,-3.1610636279825877,-2.8786828956519774,-3.005793144121667,-3.0268679825260296,G,non-synonymous,0.23728126353239248,0.07086869296114766,0.08127004078797259,1.3870849361279005,1.1701983481650304,1.373305521349825,1.373305521349825
312,single,tttttagttttatctttgagagatggt,8.0,ggt,1.0,,FLVLSLRDG,,False,False,3.0,1.0,1.0,1222.0,1183.0,1350.0,731.0,774.0,658.0,True,False,True,True,False,False,1.0,both,0.0029194340052158423,0.0034638776633594244,0.003604057577284578,0.006568303367464861,0.005558688093224321,0.006541299828957123,-2.5347013376740533,-2.460437454722285,-2.443208279486195,-2.182546796848821,-2.255027694227656,-2.1843359439612495,G,non-synonymous,0.2109644339364891,0.1232860406442715,0.15677532005910488,1.3607681065319972,1.2226156958481542,1.4488108006209575,1.3607681065319972
313,single,tttttagttttatctttgagagatgtg,8.0,gtg,1.0,,FLVLSLRDV,,False,False,3.0,1.0,1.0,74.0,65.0,97.0,39.0,43.0,22.0,True,False,True,True,False,False,1.0,both,0.00015575639699509967,0.00019243764796441246,0.00012050040531954517,0.00039775323174500793,0.00030542242270463303,0.0004700045062287711,-3.807554107605415,-3.715709959825591,-3.919011492277944,-3.40038628302438,-3.5150990822127306,-3.3278979781900104,V,non-synonymous,0.24392111891727422,0.12040577210890999,0.3579834445209302,1.3937247915127824,1.2197354273127927,1.6500189250827828,1.3937247915127824
314,single,tttttagttttatctttgagagatgtt,8.0,gtt,1.0,,FLVLSLRDV,,False,False,3.0,1.0,1.0,2204.0,2318.0,2561.0,1656.0,1378.0,1109.0,True,False,True,True,False,False,1.0,both,0.006613656241638078,0.006166955323138613,0.006074315886335254,0.011846596253594561,0.010891833474297528,0.012409088045895697,-2.1795583821830524,-2.2099291978335707,-2.2165026269509904,-1.9264064125756089,-1.9628990072280093,-1.9062601339878258,V,non-synonymous,0.15165518480321405,0.1482664409228778,0.18788553064816693,1.301458857398722,1.2475960961267605,1.4799210112100196,1.301458857398722
315,single,tttttagttttatctttgagagattag,8.0,tag,1.0,,FLVLSLRD*,,True,False,3.0,1.0,1.0,5.0,2.0,4.0,147.0,184.0,120.0,True,False,True,True,False,False,1.0,both,0.0005870818040584526,0.000823454121522137,0.00065727493810661,2.6875218361149186e-05,9.397613006296401e-06,1.938162912283592e-05,-3.231301379883738,-3.084360592395641,-3.1822529270525255,-4.5706479984193376,-5.0269824431916055,-4.712609721128293,*,stop,-0.8023593862001056,-1.1659531459311714,-0.9267972790886906,0.3474442863954025,-0.06662349072728868,0.365238201473162,0.3474442863954025
316,single,tttttagttttatctttgagagattat,8.0,tat,1.0,,FLVLSLRDY,,False,False,3.0,1.0,1.0,20.0,25.0,25.0,8.0,15.0,13.0,True,False,True,True,False,False,2.0,both,3.1950030152840955e-05,6.7129412080609e-05,7.120478496154942e-05,0.00010750087344459674,0.00011747016257870501,0.0001211351820177245,-4.495528727639971,-4.173087156349497,-4.147490820793314,-3.968588007091375,-3.930072430183549,-3.9167297037842177,Y,non-synonymous,0.31567320009026795,0.14585637671309645,0.1397509235698589,1.465476872685776,1.2451860319169792,1.4317864041317114,1.4317864041317114
317,single,tttttagttttatctttgagagattcg,8.0,tcg,1.0,,FLVLSLRDS,,False,False,2.0,1.0,1.0,373.0,418.0,475.0,307.0,304.0,199.0,True,False,True,True,False,False,1.0,both,0.0012260824071152717,0.001360489418167009,0.0010899809390267948,0.0020048912897417293,0.001964101118315948,0.0023015684583367656,-2.9114803391547275,-2.866304831796424,-2.962581096690444,-2.697909170946669,-2.7068361570805513,-2.637976102831389,S,non-synonymous,0.1279436025461565,0.09571240171434443,0.1965835851167388,1.2777472751416645,1.1950420569182272,1.4886190656785914,1.2777472751416645
318,single,tttttagttttatctttgagagattgt,8.0,tgt,1.0,,FLVLSLRDC,,False,False,3.0,1.0,1.0,2.0,12.0,9.0,3.0,1.0,4.0,True,False,True,True,False,False,3.0,both,1.1981261307315359e-05,4.4752941387072664e-06,2.1909164603553667e-05,1.0750087344459673e-05,5.6385678037778406e-05,4.360866552638082e-05,-4.921497459912252,-5.349178415405178,-4.659374181772188,-4.968588007091375,-4.248831192807962,-4.360427203016931,C,non-synonymous,-0.028210428881942595,0.6604235946785927,0.18104486978115755,1.1215932437135654,1.7597532498824755,1.47308035034301,1.47308035034301
319,single,tttttagttttatctttgagagatttg,8.0,ttg,1.0,,FLVLSLRDL,,False,False,3.0,1.0,1.0,2071.0,2104.0,2425.0,1331.0,1158.0,1055.0,True,False,True,True,False,False,1.0,both,0.005315686266678914,0.005182390612623015,0.0057785421641872795,0.011131715445187993,0.009886288882623814,0.011750112655719276,-2.274440659157239,-2.2854698560137603,-2.238181713466439,-1.9534379038619039,-2.004966703373885,-1.929957969517973,L,non-synonymous,0.1923024033830133,0.16835676646490325,0.18666295882620454,1.3421060759785215,1.267686421668786,1.4786984393880571,1.3421060759785215
320,single,tttttagttttatctttgagagatttt,8.0,ttt,1.0,,FLVLSLRDF,,False,False,3.0,1.0,1.0,3016.0,2653.0,3218.0,1958.0,1656.0,1441.0,True,False,True,True,False,False,1.0,both,0.007819769879907824,0.0074110870936992335,0.007892776548430208,0.01621113171544519,0.012465933652852175,0.015592520629321498,-2.106806027164795,-2.1301180829563164,-2.1027701922861612,-1.79018666555762,-1.9042751888732572,-1.8070836726932447,F,non-synonymous,0.18967645352027274,0.1355499181348394,0.17907030757975775,1.339480126115781,1.2348795733387221,1.4711057881416103,1.339480126115781
321,single,tttttagttttatctttgagagctcca,7.0,gct,1.0,,FLVLSLRAP,,False,False,1.0,1.0,1.0,59.0,78.0,97.0,235.0,190.0,157.0,True,False,True,True,False,False,1.0,both,0.0009385321357397031,0.0008503058863543806,0.0008599347106894815,0.00031712757666156036,0.0003665069072455596,0.0004700045062287711,-3.0275508523601777,-3.0704248144523487,-3.0655345206909166,-3.498765991113212,-3.435917836165106,-3.3278979781900104,A,non-synonymous,-0.28228980031432616,-0.21936731449163446,-0.15888957364959624,0.8675138722811819,0.8799623407122482,1.1331459069122563,0.8799623407122482
322,single,tttttagttttatctttgagaggtcca,7.0,ggt,1.0,,FLVLSLRGP,,False,False,1.0,1.0,1.0,1.0,251.0,140.0,21.0,32.0,22.0,True,False,True,True,False,False,1.0,both,8.386882915120751e-05,0.00014320941243863253,0.00012050040531954517,5.375043672229837e-06,0.0011794004322901984,0.0006783570192992572,-4.076399419897995,-3.8440284370852718,-3.919011492277944,-5.269618002755356,-2.9283387173745483,-3.1685416767780175,G,non-synonymous,-0.7148187903671818,0.5495929683670008,0.4544909956528007,0.4349848822283263,1.6489226235708836,1.7465264762146533,1.6489226235708836
323,single,tttttagttttatctttgagagtgcca,7.0,gtg,1.0,,FLVLSLRVP,,False,False,2.0,1.0,1.0,11521.0,12322.0,13160.0,6310.0,5696.0,4472.0,True,False,True,True,False,False,1.0,both,0.025200586283053304,0.02549127541407659,0.024494446026773,0.061925878147759954,0.05789869373179213,0.06376555981413018,-1.5985893553877797,-1.5936084347763777,-1.6109323782217835,-1.208127826130541,-1.2373312343981955,-1.1954138231783187,V,non-synonymous,0.23391291590532007,0.21383601879814443,0.2516416222125003,1.3837165885008282,1.3131656740020272,1.5436771027743528,1.3837165885008282
324,single,tttttagttttatctttgagagttcca,7.0,gtt,1.0,,FLVLSLRVP,,False,False,1.0,1.0,1.0,4655.0,4820.0,5260.0,2433.0,2268.0,1858.0,True,False,True,True,False,False,1.0,both,0.009716802920232756,0.01014996710658808,0.010176806958350678,0.025020828294229892,0.022648247345174326,0.025486842296529234,-2.0124766057010954,-1.9935353651843086,-1.9923884634425273,-1.6016983174379948,-1.6449654006167367,-1.5936839683025164,V,non-synonymous,0.2460840313282583,0.20921016954388405,0.24145888245581082,1.3958877039237665,1.3085398247477666,1.5334943630176634,1.3958877039237665
325,single,tttttagttttatctttgagatagcca,7.0,tag,1.0,,FLVLSLR*P,,True,False,2.0,1.0,1.0,7.0,5.0,10.0,668.0,571.0,512.0,True,False,True,True,False,False,1.0,both,0.00266782751776222,0.002555392953201849,0.0028043730692548694,3.762530570560886e-05,2.3494032515741e-05,4.84540728070898e-05,-2.573842252156368,-2.5925423071593294,-2.5521642121243198,-4.424519962741099,-4.629042434519568,-4.314669712456255,*,stop,-1.1086813610225372,-1.2222984772934555,-1.0673885386793114,0.04112231157297086,-0.12296882208957283,0.2246469418825412,0.04112231157297086
326,single,tttttagttttatctttgagatatcca,7.0,tat,1.0,,FLVLSLRYP,,False,False,1.0,1.0,1.0,4352.0,5073.0,5048.0,2493.0,2339.0,1823.0,True,False,True,True,False,False,1.0,both,0.009956428146379063,0.010467712990436296,0.009985101768069583,0.02339219006154425,0.02383704539047082,0.02445961595301893,-2.0018964361281406,-1.9801481935960246,-2.000647504445174,-1.6309291160652328,-1.6227475765381822,-1.6115503662201776,Y,non-synonymous,0.2222345635601133,0.2145102885801428,0.23564058421154632,1.3720382361556214,1.3138399437840256,1.527676064773399,1.3720382361556214
327,single,tttttagttttatctttgagatcgcca,7.0,tcg,1.0,,FLVLSLRSP,,False,False,3.0,1.0,1.0,1007.0,1277.0,1316.0,600.0,483.0,391.0,True,False,True,True,False,False,1.0,both,0.002396252261463072,0.0021615670689956097,0.002141620839997371,0.005412668977935446,0.006000375904520252,0.006376555981413018,-2.62046746424827,-2.6652312846536654,-2.6692574157042834,-2.2665885322017383,-2.221821541592171,-2.1954138231783187,S,non-synonymous,0.2119974611325434,0.2661325901627483,0.2869637681661652,1.3618011337280516,1.365462245366631,1.5789992487280178,1.365462245366631
328,single,tttttagttttatctttgagatctcca,7.0,tct,1.0,,FLVLSLRSP,,False,False,2.0,1.0,1.0,1.0,1.0,1.0,10.0,4.0,4.0,True,False,True,True,False,False,2.0,both,3.9937537691051196e-05,1.7901176554829066e-05,2.1909164603553667e-05,5.375043672229837e-06,4.6988065031482005e-06,4.84540728070898e-06,-4.398618714631914,-4.7471184240772155,-4.659374181772188,-5.269618002755356,-5.328012438855587,-5.314669712456255,S,non-synonymous,-0.5217875974208679,-0.3486500492650782,-0.39685262756242246,0.6280160751746402,0.7506796059388046,0.8951828529994301,0.7506796059388046
329,single,tttttagttttatctttgagatggcca,7.0,tgg,1.0,,FLVLSLRWP,,False,False,3.0,1.0,1.0,64.0,50.0,38.0,51.0,38.0,25.0,True,False,True,True,False,False,1.0,both,0.0002036814422243611,0.00017006117727087612,0.0001369322787722104,0.00034400279502270955,0.00023494032515741003,0.00018412547666694123,-3.6910485385339777,-3.7693948187883675,-3.8634941644281127,-3.4634380287714692,-3.6290424345195675,-3.7348861158394455,W,non-synonymous,0.13635411952241033,0.08423888772284574,0.07788614391251684,1.2861577921179184,1.1835685429267284,1.3699216244743695,1.2861577921179184
330,single,tttttagttttatctttgagatgtcca,7.0,tgt,1.0,,FLVLSLRCP,,False,False,2.0,1.0,1.0,823.0,842.0,896.0,414.0,358.0,298.0,True,False,True,True,False,False,1.0,both,0.0016534140604095196,0.0016021553016572015,0.0016322327629647482,0.004423660942245155,0.003956395075650785,0.004341484923515246,-2.781618373511015,-2.7952953887613035,-2.7872179090238953,-2.3542181675430864,-2.4027003473559367,-2.3623617027941304,C,non-synonymous,0.2560416864285462,0.2356338282800687,0.25729658434031494,1.4058453590240543,1.3349634834839514,1.5493320649021676,1.4058453590240543
331,single,tttttagttttatctttgagattgcca,7.0,ttg,1.0,,FLVLSLRLP,,False,False,3.0,1.0,1.0,281.0,303.0,246.0,1824.0,1593.0,1246.0,True,False,True,True,False,False,1.0,both,0.007284606874847738,0.007129143562960676,0.006824704774006967,0.0015103872718965842,0.0014237383704539047,0.0011919701910544092,-2.1375938806395167,-2.146962639604046,-2.1659161307769996,-2.8209116828502765,-2.8465698103532815,-2.9237346053528763,L,non-synonymous,-0.4093536690008507,-0.4199011667231329,-0.45894140699668223,0.7404500035946574,0.6794284884807498,0.8330940735651704,0.7404500035946574
332,single,tttttagttttatctttgagatttcca,7.0,ttt,1.0,,FLVLSLRFP,,False,False,2.0,1.0,1.0,497.0,505.0,574.0,298.0,287.0,221.0,True,False,True,True,False,False,1.0,both,0.0011901386231933256,0.0012844094178089856,0.00121048134434634,0.002671396705098229,0.002372897284089841,0.0027812637791269543,-2.9244024505556587,-2.891296518671185,-2.9170418994150396,-2.5732616140220244,-2.624721060736925,-2.555757820058282,F,non-synonymous,0.21035715637148925,0.15999742496417474,0.21879675577754704,1.3601608289669973,1.2593270801680574,1.5108322363393996,1.3601608289669973
333,single,tttttagttttatctttgagtgatcca,6.0,agt,1.0,,FLVLSLSDP,,False,False,1.0,1.0,1.0,1.0,2.0,7.0,1.0,7.0,12.0,True,False,True,True,False,False,2.0,both,3.9937537691051194e-06,3.1327058970950864e-05,6.5727493810661e-05,5.375043672229837e-06,9.397613006296401e-06,3.391785096496286e-05,-5.398618714631914,-4.504080375390921,-4.1822529270525255,-5.269618002755356,-5.0269824431916055,-4.469571672441998,S,non-synonymous,0.07728016823144743,-0.3138435361037015,-0.17400271132128955,1.2270838408269555,0.7854861191001812,1.118032769240563,1.118032769240563
334,single,tttttagttttatctttgatggatcca,6.0,atg,1.0,,FLVLSLMDP,,False,False,2.0,1.0,1.0,1.0,7.0,5.0,272.0,283.0,195.0,True,False,True,True,False,False,1.0,both,0.0010863010251965924,0.0012665082412541564,0.0010680717744232413,5.375043672229837e-06,3.28916455220374e-05,2.42270364035449e-05,-2.9640498105977153,-2.8973919798808874,-2.9713995617376323,-5.269618002755356,-4.48291439884133,-4.6156997081202364,M,non-synonymous,-1.381191585434926,-0.951623627405339,-0.9958023563994344,-0.23138791283941784,0.1477060277985437,0.2962331241624182,0.1477060277985437
335,single,tttttagttttatctttgattgatcca,6.0,att,1.0,,FLVLSLIDP,,False,False,2.0,1.0,1.0,1.0,1.0,1.0,2.0,8.0,3.0,True,False,True,True,False,False,2.0,both,7.987507538210239e-06,3.580235310965813e-05,1.643187345266525e-05,5.375043672229837e-06,4.6988065031482005e-06,4.84540728070898e-06,-5.097588718967932,-4.446088428413234,-4.784312918380488,-5.269618002755356,-5.328012438855587,-5.314669712456255,I,non-synonymous,-0.10305719866529994,-0.5293269372143481,-0.32118865064566554,1.0467464739302081,0.5700027179895346,0.970846829916187,0.970846829916187
336,single,tttttagttttatctttgcaggatcca,6.0,cag,1.0,,FLVLSLQDP,,False,False,3.0,1.0,1.0,26.0,12.0,13.0,584.0,580.0,482.0,True,False,True,True,False,False,1.0,both,0.00233235220115739,0.0025956706004502147,0.0026400543347282167,0.00013975113547797576,5.6385678037778406e-05,6.299029464921675e-05,-2.6322058675195144,-2.5857504218422402,-2.578387134861301,-3.8546446547845385,-4.248831192807962,-4.200726360149418,Q,non-synonymous,-0.7323236729335839,-0.9981738113625203,-0.9825026330960571,0.4174799996619242,0.10115584384136245,0.30953284746579546,0.30953284746579546
337,single,tttttagttttatctttgcatgatcca,6.0,cat,1.0,,FLVLSLHDP,,False,False,3.0,1.0,1.0,13.0,14.0,10.0,1095.0,1007.0,819.0,True,False,True,True,False,False,1.0,both,0.004373160377170106,0.004506621197678217,0.004485901452577613,6.987556773898788e-05,6.57832910440748e-05,4.84540728070898e-05,-2.3592045954557768,-2.3461489448515596,-2.348150271339732,-4.155674650448519,-4.1818844031773486,-4.314669712456255,H,non-synonymous,-1.0762073019057945,-1.1018004002453494,-1.1909411415411222,0.07359637068971359,-0.0024707450414667154,0.1010943390207304,0.07359637068971359
338,single,tttttagttttatctttgcctgatcca,6.0,cct,1.0,,FLVLSLPDP,,False,False,3.0,1.0,1.0,9.0,8.0,11.0,868.0,776.0,594.0,True,False,True,True,False,False,1.0,both,0.003466578271583244,0.003472828251636839,0.0032535109436277196,4.837539305006853e-05,3.7590452025185604e-05,5.329948008779878e-05,-2.460098989455422,-2.459316694146989,-2.4876477281189566,-4.315375493316032,-4.424922451863643,-4.273277027298031,P,non-synonymous,-1.1114363498350144,-1.1797479864293297,-1.081392510783519,0.038367322760493705,-0.08041833122544695,0.21064296977833363,0.038367322760493705
339,single,tttttagttttatctttgcgggatcca,6.0,cgg,1.0,,FLVLSLRDP,,False,False,2.0,0.0,1.0,7.0,2.0,2.0,475.0,460.0,429.0,True,False,True,True,False,False,1.0,both,0.0018970330403249318,0.0020586353038053425,0.002349757903731131,3.762530570560886e-05,9.397613006296401e-06,9.69081456141796e-06,-2.721925105007047,-2.6864205837236037,-2.628976880915426,-4.424519962741099,-5.0269824431916055,-5.013639716792274,R,synonymous,-1.0199696972338603,-1.4047950002081273,-1.4441723893344327,0.12983397536164776,-0.3054653450042446,-0.15213690877258013,-0.15213690877258013
340,single,tttttagttttatctttgcgtgatcca,6.0,cgt,1.0,,FLVLSLRDP,,False,False,2.0,0.0,1.0,8.0,8.0,7.0,1343.0,1243.0,992.0,True,False,True,True,False,False,1.0,both,0.005363611311908175,0.005562790614413132,0.005433472821681309,4.3000349377838694e-05,3.7590452025185604e-05,3.391785096496286e-05,-2.2705427019631985,-2.2547072867635327,-2.2649225009459717,-4.3665280157634125,-4.424922451863643,-4.469571672441998,R,synonymous,-1.2556372387783612,-1.302553658633678,-1.3351545609477604,-0.10583356618285311,-0.20322400342979519,-0.04311908038590784,-0.10583356618285311
341,single,tttttagttttatctttgctggatcca,6.0,ctg,1.0,,FLVLSLLDP,,False,False,3.0,1.0,1.0,17.0,127.0,69.0,2132.0,1972.0,1676.0,True,False,True,True,False,False,1.0,both,0.008514683035732116,0.00882528004153073,0.009179939968888986,9.137574242790722e-05,0.0005967484258998214,0.00033433310236891963,-2.069831514277379,-2.0542715047999853,-2.0371601588058925,-4.039169081377082,-3.2242087178996295,-3.475820621719,L,non-synonymous,-1.1797666561375857,-0.7021912028821042,-0.8712651897400145,-0.029962983542077604,0.39713845232177847,0.42077029082183803,0.39713845232177847
342,single,tttttagttttatctttgcttgatcca,6.0,ctt,1.0,,FLVLSLLDP,,False,False,3.0,1.0,1.0,1.0,2.0,1.0,3.0,4.0,4.0,True,False,True,True,False,False,3.0,both,1.1981261307315359e-05,1.7901176554829066e-05,2.1909164603553667e-05,5.375043672229837e-06,9.397613006296401e-06,4.84540728070898e-06,-4.921497459912252,-4.7471184240772155,-4.659374181772188,-5.269618002755356,-5.0269824431916055,-5.314669712456255,L,non-synonymous,-0.20854779577868995,-0.16797316131580825,-0.39685262756242246,0.9412558768168181,0.9313564938880745,0.8951828529994301,0.9313564938880745
343,single,tttttagttttatctttgggggatcca,6.0,ggg,1.0,,FLVLSLGDP,,False,False,2.0,1.0,1.0,1941.0,2240.0,2137.0,1195.0,1154.0,852.0,True,False,True,True,False,False,1.0,both,0.004772535754080618,0.0051644894360681854,0.004666652060556931,0.010432959767798114,0.01052532656705197,0.01035463535887509,-2.3212508093477573,-2.286972606585465,-2.33099457833345,-1.9815924673669936,-1.9777644205214235,-1.984865190292186,G,non-synonymous,0.2034783640155862,0.18558540209012933,0.20961894395549363,1.3532820366110943,1.284915057294012,1.5016544245173462,1.3532820366110943
344,single,tttttagttttatctttgggtgatcca,6.0,ggt,1.0,,FLVLSLGDP,,False,False,2.0,1.0,1.0,2.0,2.0,4.0,3.0,4.0,3.0,True,False,True,True,False,False,3.0,both,1.1981261307315359e-05,1.7901176554829066e-05,1.643187345266525e-05,1.0750087344459673e-05,9.397613006296401e-06,1.938162912283592e-05,-4.921497459912252,-4.7471184240772155,-4.784312918380488,-4.968588007091375,-5.0269824431916055,-4.712609721128293,G,non-synonymous,-0.028210428881942595,-0.16797316131580825,0.043424074942881384,1.1215932437135654,0.9313564938880745,1.335459555504734,1.1215932437135654
345,single,tttttagttttatctttggtggatcca,6.0,gtg,1.0,,FLVLSLVDP,,False,False,3.0,1.0,1.0,33.0,30.0,22.0,2372.0,2323.0,1694.0,True,False,True,True,False,False,1.0,both,0.009473183940317344,0.010396108284216981,0.009278531209604977,0.00017737644118358462,0.000140964195094446,0.00010659896017559756,-2.023504029939689,-1.983129205604942,-2.032520767105462,-3.751104062877469,-3.850891184135924,-3.9722470316340495,V,non-synonymous,-1.0349494916729023,-1.1210225777222333,-1.1747149626160702,0.1148541809226058,-0.021692922518350644,0.11732051794578235,0.1148541809226058
346,single,tttttagttttatctttgtaggatcca,6.0,tag,1.0,,FLVLSL*DP,,True,False,3.0,1.0,1.0,1.0,7.0,3.0,158.0,190.0,171.0,True,False,True,True,False,False,1.0,both,0.0006310130955186089,0.0008503058863543806,0.0009366167868019192,5.375043672229837e-06,3.28916455220374e-05,1.453622184212694e-05,-3.1999616276774914,-3.0704248144523487,-3.0284380627079965,-5.269618002755356,-4.48291439884133,-4.8375484577365935,*,stop,-1.2398644202859668,-0.8477700762186685,-1.0956128650352877,-0.09006074769045869,0.2515595789852142,0.19642261552656493,0.19642261552656493
347,single,tttttagttttatctttgtcggatcca,6.0,tcg,1.0,,FLVLSLSDP,,False,False,3.0,1.0,1.0,298.0,349.0,229.0,1943.0,1923.0,1426.0,True,False,True,True,False,False,1.0,both,0.007759863573371248,0.008605990628734074,0.0078106171811668824,0.0016017630143244914,0.0016398834695987219,0.0011095982672823565,-2.1101459140321315,-2.0651991311666977,-2.1073146475843036,-2.795401738679101,-2.7851870118964066,-2.9548342301163677,S,non-synonymous,-0.4105146757714949,-0.43213357979328715,-0.5132651719558484,0.7392889968240132,0.6671960754105956,0.7787703086060042,0.7392889968240132
348,single,tttttagttttatctttgtctgatcca,6.0,tct,1.0,,FLVLSLSDP,,False,False,3.0,1.0,1.0,1.0,1.0,1.0,4.0,3.0,2.0,True,False,True,True,False,False,3.0,both,1.5975015076420478e-05,1.34258824161218e-05,1.0954582301776834e-05,5.375043672229837e-06,4.6988065031482005e-06,4.84540728070898e-06,-4.796558723303951,-4.872057160685515,-4.960404177436169,-5.269618002755356,-5.328012438855587,-5.314669712456255,S,non-synonymous,-0.28339456556204734,-0.2736623655131293,-0.214546264768149,0.8664091070334607,0.8256672896907534,1.0774892157937035,0.8664091070334607
349,single,tttttagttttatctttgtgggatcca,6.0,tgg,1.0,,FLVLSLWDP,,False,False,2.0,1.0,1.0,9.0,32.0,12.0,2064.0,1935.0,1455.0,True,False,True,True,False,False,1.0,both,0.008243107779432967,0.00865969415839856,0.007969458624542645,4.837539305006853e-05,0.00015036180810074242,5.814488736850776e-05,-2.08390902167674,-2.0624974460502474,-2.0985711797782245,-4.315375493316032,-3.8228624605356805,-4.235488466408631,W,non-synonymous,-1.3367996332930059,-1.05656338920798,-1.2941355470524312,-0.1869959606974978,0.04276626599590272,-0.0021000664905785893,-0.0021000664905785893
350,single,tttttagttttatctttgtgtgatcca,6.0,tgt,1.0,,FLVLSLCDP,,False,False,2.0,1.0,1.0,2.0,1.0,1.0,25.0,16.0,17.0,True,False,True,True,False,False,1.0,both,9.984384422762799e-05,7.160470621931626e-05,9.311394956510308e-05,1.0750087344459673e-05,4.6988065031482005e-06,4.84540728070898e-06,-4.000678705959876,-4.145058432749253,-4.0309852517218765,-4.968588007091375,-5.328012438855587,-5.314669712456255,C,non-synonymous,-0.579843262382941,-0.710003825163618,-0.7774103856189717,0.569960410212567,0.38932583004026466,0.5146250949428809,0.5146250949428809
351,single,tttttagttttatctttgttggatcca,6.0,ttg,1.0,,FLVLSLLDP,,False,False,3.0,1.0,1.0,2.0,72.0,31.0,23.0,35.0,17.0,True,False,True,True,False,False,1.0,both,9.185633668941776e-05,0.00015663529485475432,9.311394956510308e-05,1.0750087344459673e-05,0.00033831406822667045,0.00015020762570197837,-4.036890878614321,-3.805110371054902,-4.0309852517218765,-4.968588007091375,-3.4706799424243178,-3.823308018621983,L,non-synonymous,-0.558149717021427,0.20072368186179465,0.125771124296469,0.5916539555740811,1.3000533370656773,1.4178066048583216,1.3000533370656773
352,single,tttttagttttatcttttagagatcca,5.0,ttt,1.0,,FLVLSFRDP,,False,False,1.0,1.0,1.0,1.0,8.0,1.0,52.0,35.0,32.0,True,False,True,True,False,False,1.0,both,0.00020767519599346621,0.00015663529485475432,0.00017527331682842934,5.375043672229837e-06,3.7590452025185604e-05,4.84540728070898e-06,-3.6826153709971146,-3.805110371054902,-3.7562841947802443,-5.269618002755356,-4.424922451863643,-5.314669712456255,F,non-synonymous,-0.9507221206917539,-0.3720085024313875,-0.9437717159452428,0.1990815519037542,0.7273211527724952,0.3482637646166098,0.3482637646166098
353,single,tttttagttttatggttgagagatcca,4.0,tgg,1.0,,FLVLWLRDP,,False,False,2.0,1.0,1.0,5.0,2.0,6.0,8.0,2.0,5.0,True,False,True,True,False,False,2.0,both,3.1950030152840955e-05,8.950588277414533e-06,2.7386455754442085e-05,2.6875218361149186e-05,9.397613006296401e-06,2.907244368425388e-05,-4.495528727639971,-5.048148419741197,-4.562464168764132,-4.5706479984193376,-5.0269824431916055,-4.536518462072612,W,non-synonymous,-0.04500153370322679,0.012703726633461716,0.015712943843436255,1.1048021388922813,1.1120333818373445,1.3077484244052888,1.1120333818373445
354,single,tttttagttttatgtttgagagatcca,4.0,tgt,1.0,,FLVLCLRDP,,False,False,1.0,1.0,1.0,2.0,12.0,5.0,2.0,21.0,24.0,True,False,True,True,False,False,2.0,both,7.987507538210239e-06,9.398117691285259e-05,0.000131454987621322,1.0750087344459673e-05,5.6385678037778406e-05,2.42270364035449e-05,-5.097588718967932,-4.0269591206712585,-3.8812229313885442,-4.968588007091375,-4.248831192807962,-4.6156997081202364,C,non-synonymous,0.07728016823144743,-0.1331666481544316,-0.4448054733797342,1.2270838408269555,0.9661630070494511,0.8472300071821184,0.9661630070494511
355,single,tttttagttttattgttgagagatcca,4.0,ttg,1.0,,FLVLLLRDP,,False,False,2.0,1.0,1.0,1080.0,1306.0,1249.0,881.0,811.0,583.0,True,False,True,True,False,False,1.0,both,0.00351849707058161,0.003629463546491593,0.003193260740967947,0.0058050471660082235,0.00613664129311155,0.006051913693605516,-2.453642806219866,-2.4401575611940216,-2.495765618341136,-2.236194247268407,-2.212069261916531,-2.21810727408212,L,non-synonymous,0.13026642235536648,0.1368976005205104,0.16815228904246418,1.2800700949508745,1.2362272557243932,1.4601877696043168,1.2800700949508745
356,single,tttttagttttatttttgagagatcca,4.0,ttt,1.0,,FLVLFLRDP,,False,False,1.0,1.0,1.0,2517.0,2799.0,2902.0,1472.0,1286.0,1074.0,True,False,True,True,False,False,1.0,both,0.005878805548122736,0.005755228262377544,0.0058826106960541595,0.0135289849230025,0.013151959402311814,0.01406137192861746,-2.230710904630434,-2.2399374468169744,-2.2304298917366134,-1.8687347872069937,-1.881009540389424,-1.8519723043545384,F,non-synonymous,0.21684822388436042,0.215426960985855,0.22919718041831483,1.3666518964798686,1.3147566161897377,1.5212326609801674,1.3666518964798686
357,single,tttttagttttgtctttgagagatcca,3.0,ttg,1.0,,FLVLSLRDP,,False,False,1.0,0.0,1.0,4.0,61.0,38.0,1076.0,1067.0,786.0,True,False,True,True,False,False,1.0,both,0.004297279055557109,0.004775138846000653,0.004305150844598296,2.1500174688919347e-05,0.0002866271966920402,0.00018412547666694123,-2.3668064433015434,-2.321013995980708,-2.3660116270607423,-4.667558011427394,-3.542682603844819,-3.7348861158394455,L,synonymous,-1.3783061012382138,-0.7332401599626209,-0.8290022016599174,-0.22850242864270576,0.3660894952412618,0.46303327890193513,0.3660894952412618
358,single,tttttagttttttctttgagagatcca,3.0,ttt,1.0,,FLVFSLRDP,,False,False,1.0,1.0,1.0,1.0,10.0,13.0,2.0,7.0,8.0,True,False,True,True,False,False,2.0,both,7.987507538210239e-06,3.1327058970950864e-05,4.3818329207107334e-05,5.375043672229837e-06,4.6988065031482e-05,6.299029464921675e-05,-5.097588718967932,-4.504080375390921,-4.358344186108207,-5.269618002755356,-4.328012438855587,-4.200726360149418,F,non-synonymous,-0.10305719866529994,0.10567520612252423,0.0954547153970731,1.0467464739302081,1.2050048613264068,1.3874901959589256,1.2050048613264068
359,single,tttttatagttatctttgagagatcca,2.0,tag,1.0,,FL*LSLRDP,,True,False,3.0,1.0,1.0,7.0,12.0,2.0,257.0,297.0,196.0,True,False,True,True,False,False,1.0,both,0.0010263947186600157,0.0013291623591960581,0.0010735490655741297,3.762530570560886e-05,5.6385678037778406e-05,9.69081456141796e-06,-2.9886855913006194,-2.8764219660879653,-2.9691781017436742,-4.424519962741099,-4.248831192807962,-5.013639716792274,*,stop,-0.860162088745645,-0.8237140206898729,-1.2381435945939945,0.28964158384986305,0.27561563451400983,0.0538918859678581,0.27561563451400983
360,single,tttttatatttatctttgagagatcca,2.0,tat,1.0,,FLYLSLRDP,,False,False,2.0,1.0,1.0,1.0,2.0,2.0,36.0,53.0,34.0,True,False,True,True,False,False,1.0,both,0.00014377513568778432,0.00023719058935148512,0.00018622789913020615,5.375043672229837e-06,9.397613006296401e-06,9.69081456141796e-06,-3.8423162138646267,-3.6249025458043884,-3.7299552560578952,-5.269618002755356,-5.0269824431916055,-5.013639716792274,Y,non-synonymous,-0.8550504935823221,-0.8415222275687149,-0.7774103856189717,0.294753179013186,0.25780742763516784,0.5146250949428809,0.294753179013186
361,single,tttttatcgttatctttgagagatcca,2.0,tcg,1.0,,FLSLSLRDP,,False,False,3.0,1.0,1.0,2422.0,2247.0,2020.0,5304.0,4634.0,3847.0,True,False,True,True,False,False,1.0,both,0.021182869991333553,0.020738513038769474,0.021071139057467738,0.013018355774140665,0.010558218212574006,0.00978772270703214,-1.6740151992351973,-1.683222385951221,-1.676311986793335,-1.8854438639483229,-1.9764093664364575,-2.0093183430096317,S,non-synonymous,-0.12666009776454476,-0.17596954451158733,-0.20167152265096097,1.0231435748309634,0.9233601106922954,1.0903639579108917,1.0231435748309634
362,single,tttttatctttatctttgagagatcca,2.0,tct,1.0,,FLSLSLRDP,,False,False,2.0,1.0,1.0,948.0,931.0,898.0,2488.0,2010.0,1564.0,True,False,True,True,False,False,1.0,both,0.009936459377533537,0.008995341218801606,0.008566483359989484,0.005095541401273885,0.004374588854430974,0.004351175738076664,-2.0027683386131327,-2.0459823579846885,-2.067197424376321,-2.2928096654172903,-2.359062757874244,-2.361393375788951,S,non-synonymous,-0.17375440959539953,-0.18790948790730763,-0.1781676066284937,0.9760492630001085,0.911420167296575,1.113867873933359,0.9760492630001085
363,single,tttttatggttatctttgagagatcca,2.0,tgg,1.0,,FLWLSLRDP,,False,False,3.0,1.0,1.0,18.0,5.0,7.0,20.0,7.0,4.0,True,False,True,True,False,False,2.0,both,7.987507538210239e-05,3.1327058970950864e-05,2.1909164603553667e-05,9.675078610013706e-05,2.3494032515741e-05,3.391785096496286e-05,-4.097588718967932,-4.504080375390921,-4.659374181772188,-4.014345497652051,-4.629042434519568,-4.469571672441998,W,non-synonymous,0.04986833059940685,-0.0750016818267457,0.11494603735050041,1.1996720031949148,1.024327973377137,1.406981517912353,1.1996720031949148
364,single,tttttatgtttatctttgagagatcca,2.0,tgt,1.0,,FLCLSLRDP,,False,False,2.0,1.0,1.0,4.0,7.0,14.0,563.0,496.0,473.0,True,False,True,True,False,False,1.0,both,0.0022484833720061823,0.002219745892798804,0.0025907587143702213,2.1500174688919347e-05,3.28916455220374e-05,6.783570192992571e-05,-2.6481103197805678,-2.6536967389149804,-2.5865730323623386,-4.667558011427394,-4.48291439884133,-4.168541676778018,C,non-synonymous,-1.2097860164865901,-1.0978884461276408,-0.9580538609844509,-0.059982343891082035,0.0014412090762419005,0.3339816195774017,0.0014412090762419005
365,single,tttttattgttatctttgagagatcca,2.0,ttg,1.0,,FLLLSLRDP,,False,False,2.0,1.0,1.0,7.0,17.0,15.0,1623.0,1380.0,1159.0,True,False,True,True,False,False,1.0,both,0.006481862367257609,0.0061759059114160275,0.0063481804438796745,3.762530570560886e-05,7.987971055351941e-05,7.26811092106347e-05,-2.188300194805682,-2.209299329003941,-2.1973507371365546,-4.424519962741099,-4.097563517477313,-4.138578453400575,L,non-synonymous,-1.3396471798846095,-1.1333279145385962,-1.175624254742239,-0.18984350728910138,-0.033998259334713454,0.1164112258196135,-0.033998259334713454
366,single,tttttatttttatctttgagagatcca,2.0,ttt,1.0,,FLFLSLRDP,,False,False,1.0,1.0,1.0,1.0,3.0,4.0,5.0,17.0,11.0,True,False,True,True,False,False,2.0,both,1.9968768845525598e-05,7.608000035802354e-05,6.0250202659772584e-05,5.375043672229837e-06,1.4096419509444601e-05,1.938162912283592e-05,-4.699648710295895,-4.118729494026904,-4.220041487941925,-5.269618002755356,-4.850891184135924,-4.712609721128293,F,non-synonymous,-0.34145023052412055,-0.4394402469853394,-0.29830357211460035,0.8083534420713876,0.6598894082185434,0.9937319084472522,0.8083534420713876
367,ortho,tttttgactcattcttttagagatcca,1.0,ttg,1.0,,FLTHSFRDP,,False,False,7.0,3.0,4.0,1691.0,2326.0,2013.0,867.0,722.0,559.0,True,False,True,True,False,False,1.0,both,0.0034625845178141387,0.0032311623681466465,0.003061805753346625,0.009089198849740654,0.010929423926322714,0.009753804856067177,-2.4605996171557036,-2.4906412178355386,-2.514022365213727,-2.0414743951576146,-1.9614027284631568,-2.010825937567601,L,synonymous,0.25108441027092576,0.31764662864198406,0.30474009838420035,1.4008880828664338,1.4169762838458668,1.596775578946053,1.4169762838458668
368,ortho,tttttgactcattcttttagagatcca,2.0,act,2.0,,FLTHSFRDP,,False,False,7.0,3.0,4.0,1691.0,2326.0,2013.0,867.0,722.0,559.0,True,False,True,True,False,False,1.0,both,0.0034625845178141387,0.0032311623681466465,0.003061805753346625,0.009089198849740654,0.010929423926322714,0.009753804856067177,-2.4605996171557036,-2.4906412178355386,-2.514022365213727,-2.0414743951576146,-1.9614027284631568,-2.010825937567601,T,non-synonymous,0.25108441027092576,0.31764662864198406,0.30474009838420035,1.4008880828664338,1.4169762838458668,1.596775578946053,1.4169762838458668
369,ortho,tttttgactcattcttttagagatcca,3.0,cat,3.0,,FLTHSFRDP,,False,False,7.0,3.0,4.0,1691.0,2326.0,2013.0,867.0,722.0,559.0,True,False,True,True,False,False,1.0,both,0.0034625845178141387,0.0032311623681466465,0.003061805753346625,0.009089198849740654,0.010929423926322714,0.009753804856067177,-2.4605996171557036,-2.4906412178355386,-2.514022365213727,-2.0414743951576146,-1.9614027284631568,-2.010825937567601,H,non-synonymous,0.25108441027092576,0.31764662864198406,0.30474009838420035,1.4008880828664338,1.4169762838458668,1.596775578946053,1.4169762838458668
370,ortho,tttttgactcattcttttagagatcca,5.0,ttt,4.0,,FLTHSFRDP,,False,False,7.0,3.0,4.0,1691.0,2326.0,2013.0,867.0,722.0,559.0,True,False,True,True,False,False,1.0,both,0.0034625845178141387,0.0032311623681466465,0.003061805753346625,0.009089198849740654,0.010929423926322714,0.009753804856067177,-2.4605996171557036,-2.4906412178355386,-2.514022365213727,-2.0414743951576146,-1.9614027284631568,-2.010825937567601,F,non-synonymous,0.25108441027092576,0.31764662864198406,0.30474009838420035,1.4008880828664338,1.4169762838458668,1.596775578946053,1.4169762838458668
371,ortho,tttttgacttcttctttttcttctcca,1.0,ttg,1.0,,FLTSSFSSP,,False,False,11.0,5.0,6.0,985.0,1283.0,1126.0,649.0,487.0,352.0,True,False,True,True,False,False,1.0,both,0.0025919461961492227,0.002179468245550439,0.0019280064851127227,0.00529441801714639,0.0060285687435391415,0.005455928598078311,-2.586374017831545,-2.6616494541905436,-2.7148915096220194,-2.2761817722577447,-2.219785782480658,-2.263131321940928,L,synonymous,0.1858261754785707,0.26520464489357304,0.2735898676467093,1.3356298480740787,1.3645343000974557,1.5656253482085618,1.3645343000974557
372,ortho,tttttgacttcttctttttcttctcca,2.0,act,2.0,,FLTSSFSSP,,False,False,11.0,5.0,6.0,985.0,1283.0,1126.0,649.0,487.0,352.0,True,False,True,True,False,False,1.0,both,0.0025919461961492227,0.002179468245550439,0.0019280064851127227,0.00529441801714639,0.0060285687435391415,0.005455928598078311,-2.586374017831545,-2.6616494541905436,-2.7148915096220194,-2.2761817722577447,-2.219785782480658,-2.263131321940928,T,non-synonymous,0.1858261754785707,0.26520464489357304,0.2735898676467093,1.3356298480740787,1.3645343000974557,1.5656253482085618,1.3645343000974557
373,ortho,tttttgacttcttctttttcttctcca,3.0,tct,3.0,,FLTSSFSSP,,False,False,11.0,5.0,6.0,985.0,1283.0,1126.0,649.0,487.0,352.0,True,False,True,True,False,False,1.0,both,0.0025919461961492227,0.002179468245550439,0.0019280064851127227,0.00529441801714639,0.0060285687435391415,0.005455928598078311,-2.586374017831545,-2.6616494541905436,-2.7148915096220194,-2.2761817722577447,-2.219785782480658,-2.263131321940928,S,non-synonymous,0.1858261754785707,0.26520464489357304,0.2735898676467093,1.3356298480740787,1.3645343000974557,1.5656253482085618,1.3645343000974557
374,ortho,tttttgacttcttctttttcttctcca,5.0,ttt,4.0,,FLTSSFSSP,,False,False,11.0,5.0,6.0,985.0,1283.0,1126.0,649.0,487.0,352.0,True,False,True,True,False,False,1.0,both,0.0025919461961492227,0.002179468245550439,0.0019280064851127227,0.00529441801714639,0.0060285687435391415,0.005455928598078311,-2.586374017831545,-2.6616494541905436,-2.7148915096220194,-2.2761817722577447,-2.219785782480658,-2.263131321940928,F,non-synonymous,0.1858261754785707,0.26520464489357304,0.2735898676467093,1.3356298480740787,1.3645343000974557,1.5656253482085618,1.3645343000974557
375,ortho,tttttgacttcttctttttcttctcca,6.0,tct,5.0,,FLTSSFSSP,,False,False,11.0,5.0,6.0,985.0,1283.0,1126.0,649.0,487.0,352.0,True,False,True,True,False,False,1.0,both,0.0025919461961492227,0.002179468245550439,0.0019280064851127227,0.00529441801714639,0.0060285687435391415,0.005455928598078311,-2.586374017831545,-2.6616494541905436,-2.7148915096220194,-2.2761817722577447,-2.219785782480658,-2.263131321940928,S,non-synonymous,0.1858261754785707,0.26520464489357304,0.2735898676467093,1.3356298480740787,1.3645343000974557,1.5656253482085618,1.3645343000974557
376,ortho,tttttgacttcttctttttcttctcca,7.0,tct,6.0,,FLTSSFSSP,,False,False,11.0,5.0,6.0,985.0,1283.0,1126.0,649.0,487.0,352.0,True,False,True,True,False,False,1.0,both,0.0025919461961492227,0.002179468245550439,0.0019280064851127227,0.00529441801714639,0.0060285687435391415,0.005455928598078311,-2.586374017831545,-2.6616494541905436,-2.7148915096220194,-2.2761817722577447,-2.219785782480658,-2.263131321940928,S,non-synonymous,0.1858261754785707,0.26520464489357304,0.2735898676467093,1.3356298480740787,1.3645343000974557,1.5656253482085618,1.3645343000974557
377,ortho,tttttgactttgaatttggctgattct,1.0,ttg,1.0,,FLTLNLADS,,False,False,11.0,4.0,6.0,1062.0,1295.0,1196.0,532.0,396.0,386.0,True,False,True,True,False,False,1.0,both,0.0021246770051639237,0.0017722164789280776,0.0021142343842429287,0.005708296379908087,0.006084954421576919,0.00579510710772794,-2.6727070823368657,-2.7514832294796654,-2.6748468684283955,-2.243493486009906,-2.2157426704383156,-2.2369385328038636,L,synonymous,0.2571280301391865,0.32154914244439514,0.2652010665213408,1.4069317027346946,1.4208787976482777,1.5572365470831935,1.4208787976482777
378,ortho,tttttgactttgaatttggctgattct,2.0,act,2.0,,FLTLNLADS,,False,False,11.0,4.0,6.0,1062.0,1295.0,1196.0,532.0,396.0,386.0,True,False,True,True,False,False,1.0,both,0.0021246770051639237,0.0017722164789280776,0.0021142343842429287,0.005708296379908087,0.006084954421576919,0.00579510710772794,-2.6727070823368657,-2.7514832294796654,-2.6748468684283955,-2.243493486009906,-2.2157426704383156,-2.2369385328038636,T,non-synonymous,0.2571280301391865,0.32154914244439514,0.2652010665213408,1.4069317027346946,1.4208787976482777,1.5572365470831935,1.4208787976482777
379,ortho,tttttgactttgaatttggctgattct,3.0,ttg,3.0,,FLTLNLADS,,False,False,11.0,4.0,6.0,1062.0,1295.0,1196.0,532.0,396.0,386.0,True,False,True,True,False,False,1.0,both,0.0021246770051639237,0.0017722164789280776,0.0021142343842429287,0.005708296379908087,0.006084954421576919,0.00579510710772794,-2.6727070823368657,-2.7514832294796654,-2.6748468684283955,-2.243493486009906,-2.2157426704383156,-2.2369385328038636,L,synonymous,0.2571280301391865,0.32154914244439514,0.2652010665213408,1.4069317027346946,1.4208787976482777,1.5572365470831935,1.4208787976482777
380,ortho,tttttgactttgaatttggctgattct,4.0,aat,4.0,,FLTLNLADS,,False,False,11.0,4.0,6.0,1062.0,1295.0,1196.0,532.0,396.0,386.0,True,False,True,True,False,False,1.0,both,0.0021246770051639237,0.0017722164789280776,0.0021142343842429287,0.005708296379908087,0.006084954421576919,0.00579510710772794,-2.6727070823368657,-2.7514832294796654,-2.6748468684283955,-2.243493486009906,-2.2157426704383156,-2.2369385328038636,N,non-synonymous,0.2571280301391865,0.32154914244439514,0.2652010665213408,1.4069317027346946,1.4208787976482777,1.5572365470831935,1.4208787976482777
381,ortho,tttttgactttgaatttggctgattct,6.0,gct,5.0,,FLTLNLADS,,False,False,11.0,4.0,6.0,1062.0,1295.0,1196.0,532.0,396.0,386.0,True,False,True,True,False,False,1.0,both,0.0021246770051639237,0.0017722164789280776,0.0021142343842429287,0.005708296379908087,0.006084954421576919,0.00579510710772794,-2.6727070823368657,-2.7514832294796654,-2.6748468684283955,-2.243493486009906,-2.2157426704383156,-2.2369385328038636,A,non-synonymous,0.2571280301391865,0.32154914244439514,0.2652010665213408,1.4069317027346946,1.4208787976482777,1.5572365470831935,1.4208787976482777
382,ortho,tttttgactttgaatttggctgattct,8.0,tct,6.0,,FLTLNLADS,,False,False,11.0,4.0,6.0,1062.0,1295.0,1196.0,532.0,396.0,386.0,True,False,True,True,False,False,1.0,both,0.0021246770051639237,0.0017722164789280776,0.0021142343842429287,0.005708296379908087,0.006084954421576919,0.00579510710772794,-2.6727070823368657,-2.7514832294796654,-2.6748468684283955,-2.243493486009906,-2.2157426704383156,-2.2369385328038636,S,non-synonymous,0.2571280301391865,0.32154914244439514,0.2652010665213408,1.4069317027346946,1.4208787976482777,1.5572365470831935,1.4208787976482777
383,ortho,tttttgactttgaatttgtctgattct,1.0,ttg,1.0,,FLTLNLSDS,,False,False,11.0,4.0,6.0,804.0,1029.0,917.0,357.0,308.0,315.0,True,False,True,True,False,False,1.0,both,0.0014257700955705277,0.0013783905947218381,0.0017253467125298513,0.0043215351124727885,0.004835071891739498,0.004443238476410135,-2.845950498519721,-2.8606276989047332,-2.7631236193105497,-2.364361954006905,-2.3155970640931534,-2.3523003767862343,L,synonymous,0.288504173325043,0.32712500532568667,0.24879810043766698,1.4383078459205512,1.4264546605295694,1.5408335809995195,1.4383078459205512
384,ortho,tttttgactttgaatttgtctgattct,2.0,act,2.0,,FLTLNLSDS,,False,False,11.0,4.0,6.0,804.0,1029.0,917.0,357.0,308.0,315.0,True,False,True,True,False,False,1.0,both,0.0014257700955705277,0.0013783905947218381,0.0017253467125298513,0.0043215351124727885,0.004835071891739498,0.004443238476410135,-2.845950498519721,-2.8606276989047332,-2.7631236193105497,-2.364361954006905,-2.3155970640931534,-2.3523003767862343,T,non-synonymous,0.288504173325043,0.32712500532568667,0.24879810043766698,1.4383078459205512,1.4264546605295694,1.5408335809995195,1.4383078459205512
385,ortho,tttttgactttgaatttgtctgattct,3.0,ttg,3.0,,FLTLNLSDS,,False,False,11.0,4.0,6.0,804.0,1029.0,917.0,357.0,308.0,315.0,True,False,True,True,False,False,1.0,both,0.0014257700955705277,0.0013783905947218381,0.0017253467125298513,0.0043215351124727885,0.004835071891739498,0.004443238476410135,-2.845950498519721,-2.8606276989047332,-2.7631236193105497,-2.364361954006905,-2.3155970640931534,-2.3523003767862343,L,synonymous,0.288504173325043,0.32712500532568667,0.24879810043766698,1.4383078459205512,1.4264546605295694,1.5408335809995195,1.4383078459205512
386,ortho,tttttgactttgaatttgtctgattct,4.0,aat,4.0,,FLTLNLSDS,,False,False,11.0,4.0,6.0,804.0,1029.0,917.0,357.0,308.0,315.0,True,False,True,True,False,False,1.0,both,0.0014257700955705277,0.0013783905947218381,0.0017253467125298513,0.0043215351124727885,0.004835071891739498,0.004443238476410135,-2.845950498519721,-2.8606276989047332,-2.7631236193105497,-2.364361954006905,-2.3155970640931534,-2.3523003767862343,N,non-synonymous,0.288504173325043,0.32712500532568667,0.24879810043766698,1.4383078459205512,1.4264546605295694,1.5408335809995195,1.4383078459205512
387,ortho,tttttgactttgaatttgtctgattct,6.0,tct,5.0,,FLTLNLSDS,,False,False,11.0,4.0,6.0,804.0,1029.0,917.0,357.0,308.0,315.0,True,False,True,True,False,False,1.0,both,0.0014257700955705277,0.0013783905947218381,0.0017253467125298513,0.0043215351124727885,0.004835071891739498,0.004443238476410135,-2.845950498519721,-2.8606276989047332,-2.7631236193105497,-2.364361954006905,-2.3155970640931534,-2.3523003767862343,S,non-synonymous,0.288504173325043,0.32712500532568667,0.24879810043766698,1.4383078459205512,1.4264546605295694,1.5408335809995195,1.4383078459205512
388,ortho,tttttgactttgaatttgtctgattct,8.0,tct,6.0,,FLTLNLSDS,,False,False,11.0,4.0,6.0,804.0,1029.0,917.0,357.0,308.0,315.0,True,False,True,True,False,False,1.0,both,0.0014257700955705277,0.0013783905947218381,0.0017253467125298513,0.0043215351124727885,0.004835071891739498,0.004443238476410135,-2.845950498519721,-2.8606276989047332,-2.7631236193105497,-2.364361954006905,-2.3155970640931534,-2.3523003767862343,S,non-synonymous,0.288504173325043,0.32712500532568667,0.24879810043766698,1.4383078459205512,1.4264546605295694,1.5408335809995195,1.4383078459205512
389,ortho,tttttgactttgtctattaaagatcca,1.0,ttg,1.0,,FLTLSIKDP,,False,False,7.0,3.0,5.0,8.0,15.0,4.0,886.0,776.0,603.0,True,False,True,True,False,False,1.0,both,0.003538465839427136,0.003472828251636839,0.003302806563985715,4.3000349377838694e-05,7.0482097547223e-05,1.938162912283592e-05,-2.4511849927448632,-2.459316694146989,-2.481116860959999,-4.3665280157634125,-4.151921179799905,-4.712609721128293,L,synonymous,-1.1474202652574736,-1.0158938159043227,-1.3514113304269237,0.002383407338034438,0.08343583929956,-0.05937584986507116,0.002383407338034438
390,ortho,tttttgactttgtctattaaagatcca,2.0,act,2.0,,FLTLSIKDP,,False,False,7.0,3.0,5.0,8.0,15.0,4.0,886.0,776.0,603.0,True,False,True,True,False,False,1.0,both,0.003538465839427136,0.003472828251636839,0.003302806563985715,4.3000349377838694e-05,7.0482097547223e-05,1.938162912283592e-05,-2.4511849927448632,-2.459316694146989,-2.481116860959999,-4.3665280157634125,-4.151921179799905,-4.712609721128293,T,non-synonymous,-1.1474202652574736,-1.0158938159043227,-1.3514113304269237,0.002383407338034438,0.08343583929956,-0.05937584986507116,0.002383407338034438
391,ortho,tttttgactttgtctattaaagatcca,3.0,ttg,3.0,,FLTLSIKDP,,False,False,7.0,3.0,5.0,8.0,15.0,4.0,886.0,776.0,603.0,True,False,True,True,False,False,1.0,both,0.003538465839427136,0.003472828251636839,0.003302806563985715,4.3000349377838694e-05,7.0482097547223e-05,1.938162912283592e-05,-2.4511849927448632,-2.459316694146989,-2.481116860959999,-4.3665280157634125,-4.151921179799905,-4.712609721128293,L,synonymous,-1.1474202652574736,-1.0158938159043227,-1.3514113304269237,0.002383407338034438,0.08343583929956,-0.05937584986507116,0.002383407338034438
392,ortho,tttttgactttgtctattaaagatcca,5.0,att,4.0,,FLTLSIKDP,,False,False,7.0,3.0,5.0,8.0,15.0,4.0,886.0,776.0,603.0,True,False,True,True,False,False,1.0,both,0.003538465839427136,0.003472828251636839,0.003302806563985715,4.3000349377838694e-05,7.0482097547223e-05,1.938162912283592e-05,-2.4511849927448632,-2.459316694146989,-2.481116860959999,-4.3665280157634125,-4.151921179799905,-4.712609721128293,I,non-synonymous,-1.1474202652574736,-1.0158938159043227,-1.3514113304269237,0.002383407338034438,0.08343583929956,-0.05937584986507116,0.002383407338034438
393,ortho,tttttgactttgtctattaaagatcca,6.0,aaa,5.0,,FLTLSIKDP,,False,False,7.0,3.0,5.0,8.0,15.0,4.0,886.0,776.0,603.0,True,False,True,True,False,False,1.0,both,0.003538465839427136,0.003472828251636839,0.003302806563985715,4.3000349377838694e-05,7.0482097547223e-05,1.938162912283592e-05,-2.4511849927448632,-2.459316694146989,-2.481116860959999,-4.3665280157634125,-4.151921179799905,-4.712609721128293,K,non-synonymous,-1.1474202652574736,-1.0158938159043227,-1.3514113304269237,0.002383407338034438,0.08343583929956,-0.05937584986507116,0.002383407338034438
394,ortho,tttttgactttgtctattagagatcca,1.0,ttg,1.0,,FLTLSIRDP,,False,False,6.0,2.0,4.0,5.0,2.0,2.0,752.0,652.0,539.0,True,False,True,True,False,False,1.0,both,0.00300330283436705,0.002917891778437138,0.0029522599303288565,2.6875218361149186e-05,9.397613006296401e-06,9.69081456141796e-06,-2.5224008740402715,-2.5349308196732574,-2.529845407913412,-4.5706479984193376,-5.0269824431916055,-5.013639716792274,L,synonymous,-1.227038828305547,-1.495718494607462,-1.5042072647347193,-0.0772351557100388,-0.3963888394035793,-0.21217178417286675,-0.21217178417286675
395,ortho,tttttgactttgtctattagagatcca,2.0,act,2.0,,FLTLSIRDP,,False,False,6.0,2.0,4.0,5.0,2.0,2.0,752.0,652.0,539.0,True,False,True,True,False,False,1.0,both,0.00300330283436705,0.002917891778437138,0.0029522599303288565,2.6875218361149186e-05,9.397613006296401e-06,9.69081456141796e-06,-2.5224008740402715,-2.5349308196732574,-2.529845407913412,-4.5706479984193376,-5.0269824431916055,-5.013639716792274,T,non-synonymous,-1.227038828305547,-1.495718494607462,-1.5042072647347193,-0.0772351557100388,-0.3963888394035793,-0.21217178417286675,-0.21217178417286675
396,ortho,tttttgactttgtctattagagatcca,3.0,ttg,3.0,,FLTLSIRDP,,False,False,6.0,2.0,4.0,5.0,2.0,2.0,752.0,652.0,539.0,True,False,True,True,False,False,1.0,both,0.00300330283436705,0.002917891778437138,0.0029522599303288565,2.6875218361149186e-05,9.397613006296401e-06,9.69081456141796e-06,-2.5224008740402715,-2.5349308196732574,-2.529845407913412,-4.5706479984193376,-5.0269824431916055,-5.013639716792274,L,synonymous,-1.227038828305547,-1.495718494607462,-1.5042072647347193,-0.0772351557100388,-0.3963888394035793,-0.21217178417286675,-0.21217178417286675
397,ortho,tttttgactttgtctattagagatcca,5.0,att,4.0,,FLTLSIRDP,,False,False,6.0,2.0,4.0,5.0,2.0,2.0,752.0,652.0,539.0,True,False,True,True,False,False,1.0,both,0.00300330283436705,0.002917891778437138,0.0029522599303288565,2.6875218361149186e-05,9.397613006296401e-06,9.69081456141796e-06,-2.5224008740402715,-2.5349308196732574,-2.529845407913412,-4.5706479984193376,-5.0269824431916055,-5.013639716792274,I,non-synonymous,-1.227038828305547,-1.495718494607462,-1.5042072647347193,-0.0772351557100388,-0.3963888394035793,-0.21217178417286675,-0.21217178417286675
398,ortho,tttttgactttgtctgctaaagatcca,1.0,ttg,1.0,,FLTLSAKDP,,False,False,8.0,3.0,5.0,1.0,3.0,5.0,453.0,402.0,319.0,True,False,True,True,False,False,1.0,both,0.001809170457404619,0.0017990682437603212,0.0017472558771334048,5.375043672229837e-06,1.4096419509444601e-05,2.42270364035449e-05,-2.742520512619082,-2.7449523623207077,-2.757643490042969,-5.269618002755356,-4.850891184135924,-4.6156997081202364,L,synonymous,-1.5139026470015118,-1.2639752782704248,-1.1252548777998084,-0.3640989744060037,-0.16464562306654207,0.1667806027620442,-0.16464562306654207
399,ortho,tttttgactttgtctgctaaagatcca,2.0,act,2.0,,FLTLSAKDP,,False,False,8.0,3.0,5.0,1.0,3.0,5.0,453.0,402.0,319.0,True,False,True,True,False,False,1.0,both,0.001809170457404619,0.0017990682437603212,0.0017472558771334048,5.375043672229837e-06,1.4096419509444601e-05,2.42270364035449e-05,-2.742520512619082,-2.7449523623207077,-2.757643490042969,-5.269618002755356,-4.850891184135924,-4.6156997081202364,T,non-synonymous,-1.5139026470015118,-1.2639752782704248,-1.1252548777998084,-0.3640989744060037,-0.16464562306654207,0.1667806027620442,-0.16464562306654207
400,ortho,tttttgactttgtctgctaaagatcca,3.0,ttg,3.0,,FLTLSAKDP,,False,False,8.0,3.0,5.0,1.0,3.0,5.0,453.0,402.0,319.0,True,False,True,True,False,False,1.0,both,0.001809170457404619,0.0017990682437603212,0.0017472558771334048,5.375043672229837e-06,1.4096419509444601e-05,2.42270364035449e-05,-2.742520512619082,-2.7449523623207077,-2.757643490042969,-5.269618002755356,-4.850891184135924,-4.6156997081202364,L,synonymous,-1.5139026470015118,-1.2639752782704248,-1.1252548777998084,-0.3640989744060037,-0.16464562306654207,0.1667806027620442,-0.16464562306654207
401,ortho,tttttgactttgtctgctaaagatcca,5.0,gct,4.0,,FLTLSAKDP,,False,False,8.0,3.0,5.0,1.0,3.0,5.0,453.0,402.0,319.0,True,False,True,True,False,False,1.0,both,0.001809170457404619,0.0017990682437603212,0.0017472558771334048,5.375043672229837e-06,1.4096419509444601e-05,2.42270364035449e-05,-2.742520512619082,-2.7449523623207077,-2.757643490042969,-5.269618002755356,-4.850891184135924,-4.6156997081202364,A,non-synonymous,-1.5139026470015118,-1.2639752782704248,-1.1252548777998084,-0.3640989744060037,-0.16464562306654207,0.1667806027620442,-0.16464562306654207
402,ortho,tttttgactttgtctgctaaagatcca,6.0,aaa,5.0,,FLTLSAKDP,,False,False,8.0,3.0,5.0,1.0,3.0,5.0,453.0,402.0,319.0,True,False,True,True,False,False,1.0,both,0.001809170457404619,0.0017990682437603212,0.0017472558771334048,5.375043672229837e-06,1.4096419509444601e-05,2.42270364035449e-05,-2.742520512619082,-2.7449523623207077,-2.757643490042969,-5.269618002755356,-4.850891184135924,-4.6156997081202364,K,non-synonymous,-1.5139026470015118,-1.2639752782704248,-1.1252548777998084,-0.3640989744060037,-0.16464562306654207,0.1667806027620442,-0.16464562306654207
403,ortho,tttttgactttgtctgttagagatcca,1.0,ttg,1.0,,FLTLSVRDP,,False,False,6.0,2.0,4.0,4.0,4.0,1.0,675.0,545.0,451.0,True,False,True,True,False,False,1.0,both,0.002695783794145956,0.0024390353055954604,0.002470258309050676,2.1500174688919347e-05,1.8795226012592802e-05,4.84540728070898e-06,-2.569314941800889,-2.612781913128535,-2.60725763122219,-4.667558011427394,-4.725952447527624,-5.314669712456255,L,synonymous,-1.2569897875166058,-1.2683157205619502,-1.6396321171462387,-0.10718611492109775,-0.16898606535806748,-0.3475966365843861,-0.16898606535806748
404,ortho,tttttgactttgtctgttagagatcca,2.0,act,2.0,,FLTLSVRDP,,False,False,6.0,2.0,4.0,4.0,4.0,1.0,675.0,545.0,451.0,True,False,True,True,False,False,1.0,both,0.002695783794145956,0.0024390353055954604,0.002470258309050676,2.1500174688919347e-05,1.8795226012592802e-05,4.84540728070898e-06,-2.569314941800889,-2.612781913128535,-2.60725763122219,-4.667558011427394,-4.725952447527624,-5.314669712456255,T,non-synonymous,-1.2569897875166058,-1.2683157205619502,-1.6396321171462387,-0.10718611492109775,-0.16898606535806748,-0.3475966365843861,-0.16898606535806748
405,ortho,tttttgactttgtctgttagagatcca,3.0,ttg,3.0,,FLTLSVRDP,,False,False,6.0,2.0,4.0,4.0,4.0,1.0,675.0,545.0,451.0,True,False,True,True,False,False,1.0,both,0.002695783794145956,0.0024390353055954604,0.002470258309050676,2.1500174688919347e-05,1.8795226012592802e-05,4.84540728070898e-06,-2.569314941800889,-2.612781913128535,-2.60725763122219,-4.667558011427394,-4.725952447527624,-5.314669712456255,L,synonymous,-1.2569897875166058,-1.2683157205619502,-1.6396321171462387,-0.10718611492109775,-0.16898606535806748,-0.3475966365843861,-0.16898606535806748
406,ortho,tttttgactttgtctgttagagatcca,5.0,gtt,4.0,,FLTLSVRDP,,False,False,6.0,2.0,4.0,4.0,4.0,1.0,675.0,545.0,451.0,True,False,True,True,False,False,1.0,both,0.002695783794145956,0.0024390353055954604,0.002470258309050676,2.1500174688919347e-05,1.8795226012592802e-05,4.84540728070898e-06,-2.569314941800889,-2.612781913128535,-2.60725763122219,-4.667558011427394,-4.725952447527624,-5.314669712456255,V,non-synonymous,-1.2569897875166058,-1.2683157205619502,-1.6396321171462387,-0.10718611492109775,-0.16898606535806748,-0.3475966365843861,-0.16898606535806748
407,ortho,tttttgactttgtctttgaaagatcca,1.0,ttg,1.0,,FLTLSLKDP,,False,False,5.0,2.0,4.0,1.0,2.0,3.0,96.0,98.0,82.0,True,False,True,True,False,False,1.0,both,0.0003834003618340915,0.0004385788255933121,0.00044913787437285017,5.375043672229837e-06,9.397613006296401e-06,1.453622184212694e-05,-3.4163474815923456,-3.357952339712683,-3.347620320716434,-5.269618002755356,-5.0269824431916055,-4.8375484577365935,L,synonymous,-1.1102346302624269,-1.0017445747394047,-0.9023133355394503,0.03956904233308123,0.097585080464478,0.3897221450224023,0.097585080464478
408,ortho,tttttgactttgtctttgaaagatcca,2.0,act,2.0,,FLTLSLKDP,,False,False,5.0,2.0,4.0,1.0,2.0,3.0,96.0,98.0,82.0,True,False,True,True,False,False,1.0,both,0.0003834003618340915,0.0004385788255933121,0.00044913787437285017,5.375043672229837e-06,9.397613006296401e-06,1.453622184212694e-05,-3.4163474815923456,-3.357952339712683,-3.347620320716434,-5.269618002755356,-5.0269824431916055,-4.8375484577365935,T,non-synonymous,-1.1102346302624269,-1.0017445747394047,-0.9023133355394503,0.03956904233308123,0.097585080464478,0.3897221450224023,0.097585080464478
409,ortho,tttttgactttgtctttgaaagatcca,3.0,ttg,3.0,,FLTLSLKDP,,False,False,5.0,2.0,4.0,1.0,2.0,3.0,96.0,98.0,82.0,True,False,True,True,False,False,1.0,both,0.0003834003618340915,0.0004385788255933121,0.00044913787437285017,5.375043672229837e-06,9.397613006296401e-06,1.453622184212694e-05,-3.4163474815923456,-3.357952339712683,-3.347620320716434,-5.269618002755356,-5.0269824431916055,-4.8375484577365935,L,synonymous,-1.1102346302624269,-1.0017445747394047,-0.9023133355394503,0.03956904233308123,0.097585080464478,0.3897221450224023,0.097585080464478
410,ortho,tttttgactttgtctttgaaagatcca,6.0,aaa,4.0,,FLTLSLKDP,,False,False,5.0,2.0,4.0,1.0,2.0,3.0,96.0,98.0,82.0,True,False,True,True,False,False,1.0,both,0.0003834003618340915,0.0004385788255933121,0.00044913787437285017,5.375043672229837e-06,9.397613006296401e-06,1.453622184212694e-05,-3.4163474815923456,-3.357952339712683,-3.347620320716434,-5.269618002755356,-5.0269824431916055,-4.8375484577365935,K,non-synonymous,-1.1102346302624269,-1.0017445747394047,-0.9023133355394503,0.03956904233308123,0.097585080464478,0.3897221450224023,0.097585080464478
411,ortho,tttttgactttgtctttgagagatcca,1.0,ttg,1.0,,FLTLSLRDP,,False,False,4.0,1.0,3.0,16.0,16.0,6.0,670.0,609.0,576.0,True,False,True,True,False,False,1.0,both,0.00267581502530043,0.0027254541304727255,0.003154919702911728,8.600069875567739e-05,7.518090405037121e-05,2.907244368425388e-05,-2.5725439119310876,-2.5645611227723024,-2.5010116896769383,-4.065498020099431,-4.123892456199662,-4.536518462072612,L,synonymous,-0.8943806818018549,-0.93590385231883,-1.2327204646170327,0.25542299079365316,0.1634258028850527,0.059315015944819915,0.1634258028850527
412,ortho,tttttgactttgtctttgagagatcca,2.0,act,2.0,,FLTLSLRDP,,False,False,4.0,1.0,3.0,16.0,16.0,6.0,670.0,609.0,576.0,True,False,True,True,False,False,1.0,both,0.00267581502530043,0.0027254541304727255,0.003154919702911728,8.600069875567739e-05,7.518090405037121e-05,2.907244368425388e-05,-2.5725439119310876,-2.5645611227723024,-2.5010116896769383,-4.065498020099431,-4.123892456199662,-4.536518462072612,T,non-synonymous,-0.8943806818018549,-0.93590385231883,-1.2327204646170327,0.25542299079365316,0.1634258028850527,0.059315015944819915,0.1634258028850527
413,ortho,tttttgactttgtctttgagagatcca,3.0,ttg,3.0,,FLTLSLRDP,,False,False,4.0,1.0,3.0,16.0,16.0,6.0,670.0,609.0,576.0,True,False,True,True,False,False,1.0,both,0.00267581502530043,0.0027254541304727255,0.003154919702911728,8.600069875567739e-05,7.518090405037121e-05,2.907244368425388e-05,-2.5725439119310876,-2.5645611227723024,-2.5010116896769383,-4.065498020099431,-4.123892456199662,-4.536518462072612,L,synonymous,-0.8943806818018549,-0.93590385231883,-1.2327204646170327,0.25542299079365316,0.1634258028850527,0.059315015944819915,0.1634258028850527
414,ortho,tttttgactttgtctttgagagatgct,1.0,ttg,1.0,,FLTLSLRDA,,False,False,6.0,2.0,4.0,1663.0,2336.0,1941.0,1148.0,1014.0,836.0,True,False,True,True,False,False,1.0,both,0.0045848293269326774,0.004537948256649168,0.004579015402142716,0.00893869762691822,0.010976411991354197,0.00940493553185613,-2.338676826569959,-2.3431404604078607,-2.339227895661134,-2.048725753535837,-1.9595396004152246,-2.0266441770678925,L,synonymous,0.1737003414710428,0.23023555989914227,0.18930339709087338,1.3235040140665508,1.329565215103025,1.4813388776527259,1.329565215103025
415,ortho,tttttgactttgtctttgagagatgct,2.0,act,2.0,,FLTLSLRDA,,False,False,6.0,2.0,4.0,1663.0,2336.0,1941.0,1148.0,1014.0,836.0,True,False,True,True,False,False,1.0,both,0.0045848293269326774,0.004537948256649168,0.004579015402142716,0.00893869762691822,0.010976411991354197,0.00940493553185613,-2.338676826569959,-2.3431404604078607,-2.339227895661134,-2.048725753535837,-1.9595396004152246,-2.0266441770678925,T,non-synonymous,0.1737003414710428,0.23023555989914227,0.18930339709087338,1.3235040140665508,1.329565215103025,1.4813388776527259,1.329565215103025
416,ortho,tttttgactttgtctttgagagatgct,3.0,ttg,3.0,,FLTLSLRDA,,False,False,6.0,2.0,4.0,1663.0,2336.0,1941.0,1148.0,1014.0,836.0,True,False,True,True,False,False,1.0,both,0.0045848293269326774,0.004537948256649168,0.004579015402142716,0.00893869762691822,0.010976411991354197,0.00940493553185613,-2.338676826569959,-2.3431404604078607,-2.339227895661134,-2.048725753535837,-1.9595396004152246,-2.0266441770678925,L,synonymous,0.1737003414710428,0.23023555989914227,0.18930339709087338,1.3235040140665508,1.329565215103025,1.4813388776527259,1.329565215103025
417,ortho,tttttgactttgtctttgagagatgct,8.0,gct,4.0,,FLTLSLRDA,,False,False,6.0,2.0,4.0,1663.0,2336.0,1941.0,1148.0,1014.0,836.0,True,False,True,True,False,False,1.0,both,0.0045848293269326774,0.004537948256649168,0.004579015402142716,0.00893869762691822,0.010976411991354197,0.00940493553185613,-2.338676826569959,-2.3431404604078607,-2.339227895661134,-2.048725753535837,-1.9595396004152246,-2.0266441770678925,A,non-synonymous,0.1737003414710428,0.23023555989914227,0.18930339709087338,1.3235040140665508,1.329565215103025,1.4813388776527259,1.329565215103025
418,ortho,tttttgactttgtctttggttgatcca,1.0,ttg,1.0,,FLTLSLVDP,,False,False,7.0,2.0,4.0,19.0,9.0,10.0,1251.0,1086.0,956.0,True,False,True,True,False,False,1.0,both,0.004996185965150505,0.004860169434636091,0.005236290340249326,0.0001021258297723669,4.2289258528333806e-05,4.84540728070898e-05,-2.301361404938494,-2.3133485901523496,-2.28097628082405,-3.9908644018025274,-4.3737699294162615,-4.314669712456255,L,synonymous,-1.0121267853942273,-1.2366558841465427,-1.231622289804369,0.1376768872012808,-0.13732622894266,0.06041319075748364,0.06041319075748364
419,ortho,tttttgactttgtctttggttgatcca,2.0,act,2.0,,FLTLSLVDP,,False,False,7.0,2.0,4.0,19.0,9.0,10.0,1251.0,1086.0,956.0,True,False,True,True,False,False,1.0,both,0.004996185965150505,0.004860169434636091,0.005236290340249326,0.0001021258297723669,4.2289258528333806e-05,4.84540728070898e-05,-2.301361404938494,-2.3133485901523496,-2.28097628082405,-3.9908644018025274,-4.3737699294162615,-4.314669712456255,T,non-synonymous,-1.0121267853942273,-1.2366558841465427,-1.231622289804369,0.1376768872012808,-0.13732622894266,0.06041319075748364,0.06041319075748364
420,ortho,tttttgactttgtctttggttgatcca,3.0,ttg,3.0,,FLTLSLVDP,,False,False,7.0,2.0,4.0,19.0,9.0,10.0,1251.0,1086.0,956.0,True,False,True,True,False,False,1.0,both,0.004996185965150505,0.004860169434636091,0.005236290340249326,0.0001021258297723669,4.2289258528333806e-05,4.84540728070898e-05,-2.301361404938494,-2.3133485901523496,-2.28097628082405,-3.9908644018025274,-4.3737699294162615,-4.314669712456255,L,synonymous,-1.0121267853942273,-1.2366558841465427,-1.231622289804369,0.1376768872012808,-0.13732622894266,0.06041319075748364,0.06041319075748364
421,ortho,tttttgactttgtctttggttgatcca,6.0,gtt,4.0,,FLTLSLVDP,,False,False,7.0,2.0,4.0,19.0,9.0,10.0,1251.0,1086.0,956.0,True,False,True,True,False,False,1.0,both,0.004996185965150505,0.004860169434636091,0.005236290340249326,0.0001021258297723669,4.2289258528333806e-05,4.84540728070898e-05,-2.301361404938494,-2.3133485901523496,-2.28097628082405,-3.9908644018025274,-4.3737699294162615,-4.314669712456255,V,non-synonymous,-1.0121267853942273,-1.2366558841465427,-1.231622289804369,0.1376768872012808,-0.13732622894266,0.06041319075748364,0.06041319075748364
422,ortho,tttttgactttgtcttttaaagatcca,1.0,ttg,1.0,,FLTLSFKDP,,False,False,6.0,3.0,5.0,3.0,4.0,6.0,300.0,310.0,233.0,True,False,True,True,False,False,1.0,both,0.001198126130731536,0.0013873411829992525,0.001276208838157001,1.612513101668951e-05,1.8795226012592802e-05,2.907244368425388e-05,-2.9214974599122514,-2.857816721570905,-2.8940782520741313,-4.792496748035694,-4.725952447527624,-4.536518462072612,L,synonymous,-1.120855363073183,-1.1212468992939502,-0.9946759628768539,0.028948309522325077,-0.021917244090067456,0.2973595176849987,0.028948309522325077
423,ortho,tttttgactttgtcttttaaagatcca,2.0,act,2.0,,FLTLSFKDP,,False,False,6.0,3.0,5.0,3.0,4.0,6.0,300.0,310.0,233.0,True,False,True,True,False,False,1.0,both,0.001198126130731536,0.0013873411829992525,0.001276208838157001,1.612513101668951e-05,1.8795226012592802e-05,2.907244368425388e-05,-2.9214974599122514,-2.857816721570905,-2.8940782520741313,-4.792496748035694,-4.725952447527624,-4.536518462072612,T,non-synonymous,-1.120855363073183,-1.1212468992939502,-0.9946759628768539,0.028948309522325077,-0.021917244090067456,0.2973595176849987,0.028948309522325077
424,ortho,tttttgactttgtcttttaaagatcca,3.0,ttg,3.0,,FLTLSFKDP,,False,False,6.0,3.0,5.0,3.0,4.0,6.0,300.0,310.0,233.0,True,False,True,True,False,False,1.0,both,0.001198126130731536,0.0013873411829992525,0.001276208838157001,1.612513101668951e-05,1.8795226012592802e-05,2.907244368425388e-05,-2.9214974599122514,-2.857816721570905,-2.8940782520741313,-4.792496748035694,-4.725952447527624,-4.536518462072612,L,synonymous,-1.120855363073183,-1.1212468992939502,-0.9946759628768539,0.028948309522325077,-0.021917244090067456,0.2973595176849987,0.028948309522325077
425,ortho,tttttgactttgtcttttaaagatcca,5.0,ttt,4.0,,FLTLSFKDP,,False,False,6.0,3.0,5.0,3.0,4.0,6.0,300.0,310.0,233.0,True,False,True,True,False,False,1.0,both,0.001198126130731536,0.0013873411829992525,0.001276208838157001,1.612513101668951e-05,1.8795226012592802e-05,2.907244368425388e-05,-2.9214974599122514,-2.857816721570905,-2.8940782520741313,-4.792496748035694,-4.725952447527624,-4.536518462072612,F,non-synonymous,-1.120855363073183,-1.1212468992939502,-0.9946759628768539,0.028948309522325077,-0.021917244090067456,0.2973595176849987,0.028948309522325077
426,ortho,tttttgactttgtcttttaaagatcca,6.0,aaa,5.0,,FLTLSFKDP,,False,False,6.0,3.0,5.0,3.0,4.0,6.0,300.0,310.0,233.0,True,False,True,True,False,False,1.0,both,0.001198126130731536,0.0013873411829992525,0.001276208838157001,1.612513101668951e-05,1.8795226012592802e-05,2.907244368425388e-05,-2.9214974599122514,-2.857816721570905,-2.8940782520741313,-4.792496748035694,-4.725952447527624,-4.536518462072612,K,non-synonymous,-1.120855363073183,-1.1212468992939502,-0.9946759628768539,0.028948309522325077,-0.021917244090067456,0.2973595176849987,0.028948309522325077
427,ortho,tttttgactttgtcttttagagatact,1.0,ttg,1.0,,FLTLSFRDT,,False,False,7.0,3.0,5.0,32.0,25.0,14.0,812.0,601.0,520.0,True,False,True,True,False,False,1.0,both,0.0032429280605133573,0.002689651777363067,0.0028481913984619764,0.00017200139751135477,0.00011747016257870501,6.783570192992571e-05,-2.4890626853907385,-2.570303943402438,-2.545430829465351,-3.7644680244354505,-3.930072430183549,-4.168541676778018,L,synonymous,-0.7640542267625492,-0.8161271038163689,-0.9829699340520202,0.3857494458329589,0.2832025513875138,0.3090655465098324,0.3090655465098324
428,ortho,tttttgactttgtcttttagagatact,2.0,act,2.0,,FLTLSFRDT,,False,False,7.0,3.0,5.0,32.0,25.0,14.0,812.0,601.0,520.0,True,False,True,True,False,False,1.0,both,0.0032429280605133573,0.002689651777363067,0.0028481913984619764,0.00017200139751135477,0.00011747016257870501,6.783570192992571e-05,-2.4890626853907385,-2.570303943402438,-2.545430829465351,-3.7644680244354505,-3.930072430183549,-4.168541676778018,T,non-synonymous,-0.7640542267625492,-0.8161271038163689,-0.9829699340520202,0.3857494458329589,0.2832025513875138,0.3090655465098324,0.3090655465098324
429,ortho,tttttgactttgtcttttagagatact,3.0,ttg,3.0,,FLTLSFRDT,,False,False,7.0,3.0,5.0,32.0,25.0,14.0,812.0,601.0,520.0,True,False,True,True,False,False,1.0,both,0.0032429280605133573,0.002689651777363067,0.0028481913984619764,0.00017200139751135477,0.00011747016257870501,6.783570192992571e-05,-2.4890626853907385,-2.570303943402438,-2.545430829465351,-3.7644680244354505,-3.930072430183549,-4.168541676778018,L,synonymous,-0.7640542267625492,-0.8161271038163689,-0.9829699340520202,0.3857494458329589,0.2832025513875138,0.3090655465098324,0.3090655465098324
430,ortho,tttttgactttgtcttttagagatact,5.0,ttt,4.0,,FLTLSFRDT,,False,False,7.0,3.0,5.0,32.0,25.0,14.0,812.0,601.0,520.0,True,False,True,True,False,False,1.0,both,0.0032429280605133573,0.002689651777363067,0.0028481913984619764,0.00017200139751135477,0.00011747016257870501,6.783570192992571e-05,-2.4890626853907385,-2.570303943402438,-2.545430829465351,-3.7644680244354505,-3.930072430183549,-4.168541676778018,F,non-synonymous,-0.7640542267625492,-0.8161271038163689,-0.9829699340520202,0.3857494458329589,0.2832025513875138,0.3090655465098324,0.3090655465098324
431,ortho,tttttgactttgtcttttagagatact,8.0,act,5.0,,FLTLSFRDT,,False,False,7.0,3.0,5.0,32.0,25.0,14.0,812.0,601.0,520.0,True,False,True,True,False,False,1.0,both,0.0032429280605133573,0.002689651777363067,0.0028481913984619764,0.00017200139751135477,0.00011747016257870501,6.783570192992571e-05,-2.4890626853907385,-2.570303943402438,-2.545430829465351,-3.7644680244354505,-3.930072430183549,-4.168541676778018,T,non-synonymous,-0.7640542267625492,-0.8161271038163689,-0.9829699340520202,0.3857494458329589,0.2832025513875138,0.3090655465098324,0.3090655465098324
432,ortho,tttttgactttgtcttttagagatcca,1.0,ttg,1.0,,FLTLSFRDP,,False,False,5.0,2.0,4.0,1.0,2.0,2.0,202.0,169.0,132.0,True,False,True,True,False,False,1.0,both,0.0008067382613592342,0.000756324709441528,0.000723002431917271,5.375043672229837e-06,9.397613006296401e-06,9.69081456141796e-06,-3.09326734518529,-3.121291710791504,-3.1408602418943006,-5.269618002755356,-5.0269824431916055,-5.013639716792274,L,synonymous,-1.3037815257064467,-1.1437872500524806,-1.1341714091692108,-0.1539778531109386,-0.0444575948485979,0.1578640713926418,-0.0444575948485979
433,ortho,tttttgactttgtcttttagagatcca,2.0,act,2.0,,FLTLSFRDP,,False,False,5.0,2.0,4.0,1.0,2.0,2.0,202.0,169.0,132.0,True,False,True,True,False,False,1.0,both,0.0008067382613592342,0.000756324709441528,0.000723002431917271,5.375043672229837e-06,9.397613006296401e-06,9.69081456141796e-06,-3.09326734518529,-3.121291710791504,-3.1408602418943006,-5.269618002755356,-5.0269824431916055,-5.013639716792274,T,non-synonymous,-1.3037815257064467,-1.1437872500524806,-1.1341714091692108,-0.1539778531109386,-0.0444575948485979,0.1578640713926418,-0.0444575948485979
434,ortho,tttttgactttgtcttttagagatcca,3.0,ttg,3.0,,FLTLSFRDP,,False,False,5.0,2.0,4.0,1.0,2.0,2.0,202.0,169.0,132.0,True,False,True,True,False,False,1.0,both,0.0008067382613592342,0.000756324709441528,0.000723002431917271,5.375043672229837e-06,9.397613006296401e-06,9.69081456141796e-06,-3.09326734518529,-3.121291710791504,-3.1408602418943006,-5.269618002755356,-5.0269824431916055,-5.013639716792274,L,synonymous,-1.3037815257064467,-1.1437872500524806,-1.1341714091692108,-0.1539778531109386,-0.0444575948485979,0.1578640713926418,-0.0444575948485979
435,ortho,tttttgactttgtcttttagagatcca,5.0,ttt,4.0,,FLTLSFRDP,,False,False,5.0,2.0,4.0,1.0,2.0,2.0,202.0,169.0,132.0,True,False,True,True,False,False,1.0,both,0.0008067382613592342,0.000756324709441528,0.000723002431917271,5.375043672229837e-06,9.397613006296401e-06,9.69081456141796e-06,-3.09326734518529,-3.121291710791504,-3.1408602418943006,-5.269618002755356,-5.0269824431916055,-5.013639716792274,F,non-synonymous,-1.3037815257064467,-1.1437872500524806,-1.1341714091692108,-0.1539778531109386,-0.0444575948485979,0.1578640713926418,-0.0444575948485979
436,ortho,tttttgactttgtcttttgaaaatcca,1.0,ttg,1.0,,FLTLSFENP,,False,False,8.0,4.0,6.0,15.0,29.0,7.0,1021.0,833.0,731.0,True,False,True,True,False,False,1.0,both,0.004077622598256327,0.003727920017543153,0.004003899831299433,8.062565508344755e-05,0.0001362653885912978,3.391785096496286e-05,-2.3895929725450036,-2.42853341399839,-2.39751679614229,-4.093526743699675,-3.86561444095663,-4.469571672441998,L,synonymous,-1.0207717971051526,-0.8625297525884495,-1.2548543116945488,0.12903187549035544,0.23679990261543316,0.03718116886730383,0.12903187549035544
437,ortho,tttttgactttgtcttttgaaaatcca,2.0,act,2.0,,FLTLSFENP,,False,False,8.0,4.0,6.0,15.0,29.0,7.0,1021.0,833.0,731.0,True,False,True,True,False,False,1.0,both,0.004077622598256327,0.003727920017543153,0.004003899831299433,8.062565508344755e-05,0.0001362653885912978,3.391785096496286e-05,-2.3895929725450036,-2.42853341399839,-2.39751679614229,-4.093526743699675,-3.86561444095663,-4.469571672441998,T,non-synonymous,-1.0207717971051526,-0.8625297525884495,-1.2548543116945488,0.12903187549035544,0.23679990261543316,0.03718116886730383,0.12903187549035544
438,ortho,tttttgactttgtcttttgaaaatcca,3.0,ttg,3.0,,FLTLSFENP,,False,False,8.0,4.0,6.0,15.0,29.0,7.0,1021.0,833.0,731.0,True,False,True,True,False,False,1.0,both,0.004077622598256327,0.003727920017543153,0.004003899831299433,8.062565508344755e-05,0.0001362653885912978,3.391785096496286e-05,-2.3895929725450036,-2.42853341399839,-2.39751679614229,-4.093526743699675,-3.86561444095663,-4.469571672441998,L,synonymous,-1.0207717971051526,-0.8625297525884495,-1.2548543116945488,0.12903187549035544,0.23679990261543316,0.03718116886730383,0.12903187549035544
439,ortho,tttttgactttgtcttttgaaaatcca,5.0,ttt,4.0,,FLTLSFENP,,False,False,8.0,4.0,6.0,15.0,29.0,7.0,1021.0,833.0,731.0,True,False,True,True,False,False,1.0,both,0.004077622598256327,0.003727920017543153,0.004003899831299433,8.062565508344755e-05,0.0001362653885912978,3.391785096496286e-05,-2.3895929725450036,-2.42853341399839,-2.39751679614229,-4.093526743699675,-3.86561444095663,-4.469571672441998,F,non-synonymous,-1.0207717971051526,-0.8625297525884495,-1.2548543116945488,0.12903187549035544,0.23679990261543316,0.03718116886730383,0.12903187549035544
440,ortho,tttttgactttgtcttttgaaaatcca,6.0,gaa,5.0,,FLTLSFENP,,False,False,8.0,4.0,6.0,15.0,29.0,7.0,1021.0,833.0,731.0,True,False,True,True,False,False,1.0,both,0.004077622598256327,0.003727920017543153,0.004003899831299433,8.062565508344755e-05,0.0001362653885912978,3.391785096496286e-05,-2.3895929725450036,-2.42853341399839,-2.39751679614229,-4.093526743699675,-3.86561444095663,-4.469571672441998,E,non-synonymous,-1.0207717971051526,-0.8625297525884495,-1.2548543116945488,0.12903187549035544,0.23679990261543316,0.03718116886730383,0.12903187549035544
441,ortho,tttttgactttgtcttttgaaaatcca,7.0,aat,6.0,,FLTLSFENP,,False,False,8.0,4.0,6.0,15.0,29.0,7.0,1021.0,833.0,731.0,True,False,True,True,False,False,1.0,both,0.004077622598256327,0.003727920017543153,0.004003899831299433,8.062565508344755e-05,0.0001362653885912978,3.391785096496286e-05,-2.3895929725450036,-2.42853341399839,-2.39751679614229,-4.093526743699675,-3.86561444095663,-4.469571672441998,N,non-synonymous,-1.0207717971051526,-0.8625297525884495,-1.2548543116945488,0.12903187549035544,0.23679990261543316,0.03718116886730383,0.12903187549035544
442,ortho,tttttgattaaatctttgattgatcca,1.0,ttg,1.0,,FLIKSLIDP,,False,False,6.0,3.0,4.0,1.0,5.0,2.0,307.0,254.0,250.0,True,False,True,True,False,False,1.0,both,0.0012260824071152717,0.0011367247112316456,0.0013693227877221042,5.375043672229837e-06,2.3494032515741e-05,9.69081456141796e-06,-2.9114803391547275,-2.9443446987852395,-2.8634941644281127,-5.269618002755356,-4.629042434519568,-5.013639716792274,L,synonymous,-1.4126842612338,-1.0111482191542958,-1.3021466989201307,-0.2628805886382919,0.08818143604958695,-0.010111218358278107,-0.010111218358278107
443,ortho,tttttgattaaatctttgattgatcca,2.0,att,2.0,,FLIKSLIDP,,False,False,6.0,3.0,4.0,1.0,5.0,2.0,307.0,254.0,250.0,True,False,True,True,False,False,1.0,both,0.0012260824071152717,0.0011367247112316456,0.0013693227877221042,5.375043672229837e-06,2.3494032515741e-05,9.69081456141796e-06,-2.9114803391547275,-2.9443446987852395,-2.8634941644281127,-5.269618002755356,-4.629042434519568,-5.013639716792274,I,non-synonymous,-1.4126842612338,-1.0111482191542958,-1.3021466989201307,-0.2628805886382919,0.08818143604958695,-0.010111218358278107,-0.010111218358278107
444,ortho,tttttgattaaatctttgattgatcca,3.0,aaa,3.0,,FLIKSLIDP,,False,False,6.0,3.0,4.0,1.0,5.0,2.0,307.0,254.0,250.0,True,False,True,True,False,False,1.0,both,0.0012260824071152717,0.0011367247112316456,0.0013693227877221042,5.375043672229837e-06,2.3494032515741e-05,9.69081456141796e-06,-2.9114803391547275,-2.9443446987852395,-2.8634941644281127,-5.269618002755356,-4.629042434519568,-5.013639716792274,K,non-synonymous,-1.4126842612338,-1.0111482191542958,-1.3021466989201307,-0.2628805886382919,0.08818143604958695,-0.010111218358278107,-0.010111218358278107
445,ortho,tttttgattaaatctttgattgatcca,6.0,att,4.0,,FLIKSLIDP,,False,False,6.0,3.0,4.0,1.0,5.0,2.0,307.0,254.0,250.0,True,False,True,True,False,False,1.0,both,0.0012260824071152717,0.0011367247112316456,0.0013693227877221042,5.375043672229837e-06,2.3494032515741e-05,9.69081456141796e-06,-2.9114803391547275,-2.9443446987852395,-2.8634941644281127,-5.269618002755356,-4.629042434519568,-5.013639716792274,I,non-synonymous,-1.4126842612338,-1.0111482191542958,-1.3021466989201307,-0.2628805886382919,0.08818143604958695,-0.010111218358278107,-0.010111218358278107
446,ortho,tttttgattttgtctttgagagatcca,1.0,ttg,1.0,,FLILSLRDP,,False,False,3.0,1.0,3.0,3.0,10.0,8.0,735.0,562.0,553.0,True,False,True,True,False,False,1.0,both,0.002935409020292263,0.002515115305953484,0.0030289420064412943,1.612513101668951e-05,4.6988065031482e-05,3.876325824567184e-05,-2.532331375547719,-2.5994420998361165,-2.5187090417954523,-4.792496748035694,-4.328012438855587,-4.411579725464312,L,synonymous,-1.353992219701104,-1.037480363930461,-1.1463388185567094,-0.20418854710559597,0.06184929127342165,0.1456966620051432,0.06184929127342165
447,ortho,tttttgattttgtctttgagagatcca,2.0,att,2.0,,FLILSLRDP,,False,False,3.0,1.0,3.0,3.0,10.0,8.0,735.0,562.0,553.0,True,False,True,True,False,False,1.0,both,0.002935409020292263,0.002515115305953484,0.0030289420064412943,1.612513101668951e-05,4.6988065031482e-05,3.876325824567184e-05,-2.532331375547719,-2.5994420998361165,-2.5187090417954523,-4.792496748035694,-4.328012438855587,-4.411579725464312,I,non-synonymous,-1.353992219701104,-1.037480363930461,-1.1463388185567094,-0.20418854710559597,0.06184929127342165,0.1456966620051432,0.06184929127342165
448,ortho,tttttgattttgtctttgagagatcca,3.0,ttg,3.0,,FLILSLRDP,,False,False,3.0,1.0,3.0,3.0,10.0,8.0,735.0,562.0,553.0,True,False,True,True,False,False,1.0,both,0.002935409020292263,0.002515115305953484,0.0030289420064412943,1.612513101668951e-05,4.6988065031482e-05,3.876325824567184e-05,-2.532331375547719,-2.5994420998361165,-2.5187090417954523,-4.792496748035694,-4.328012438855587,-4.411579725464312,L,synonymous,-1.353992219701104,-1.037480363930461,-1.1463388185567094,-0.20418854710559597,0.06184929127342165,0.1456966620051432,0.06184929127342165
449,ortho,tttttggctttgaatattaaagatcca,1.0,ttg,1.0,,FLALNIKDP,,False,False,8.0,4.0,6.0,23.0,11.0,14.0,608.0,561.0,453.0,True,False,True,True,False,False,1.0,both,0.002428202291615913,0.0025106400118147763,0.002481212891352453,0.00012362600446128624,5.1686871534630204e-05,6.783570192992571e-05,-2.614715135359179,-2.6002155541490164,-2.6053359710873183,-3.9078901667377637,-4.286619753697361,-4.168541676778018,L,synonymous,-0.7746994766453315,-1.0121724312785214,-0.9466908633976554,0.37510419595017663,0.0871572239253613,0.3453446171641972,0.3453446171641972
450,ortho,tttttggctttgaatattaaagatcca,2.0,gct,2.0,,FLALNIKDP,,False,False,8.0,4.0,6.0,23.0,11.0,14.0,608.0,561.0,453.0,True,False,True,True,False,False,1.0,both,0.002428202291615913,0.0025106400118147763,0.002481212891352453,0.00012362600446128624,5.1686871534630204e-05,6.783570192992571e-05,-2.614715135359179,-2.6002155541490164,-2.6053359710873183,-3.9078901667377637,-4.286619753697361,-4.168541676778018,A,non-synonymous,-0.7746994766453315,-1.0121724312785214,-0.9466908633976554,0.37510419595017663,0.0871572239253613,0.3453446171641972,0.3453446171641972
451,ortho,tttttggctttgaatattaaagatcca,3.0,ttg,3.0,,FLALNIKDP,,False,False,8.0,4.0,6.0,23.0,11.0,14.0,608.0,561.0,453.0,True,False,True,True,False,False,1.0,both,0.002428202291615913,0.0025106400118147763,0.002481212891352453,0.00012362600446128624,5.1686871534630204e-05,6.783570192992571e-05,-2.614715135359179,-2.6002155541490164,-2.6053359710873183,-3.9078901667377637,-4.286619753697361,-4.168541676778018,L,synonymous,-0.7746994766453315,-1.0121724312785214,-0.9466908633976554,0.37510419595017663,0.0871572239253613,0.3453446171641972,0.3453446171641972
452,ortho,tttttggctttgaatattaaagatcca,4.0,aat,4.0,,FLALNIKDP,,False,False,8.0,4.0,6.0,23.0,11.0,14.0,608.0,561.0,453.0,True,False,True,True,False,False,1.0,both,0.002428202291615913,0.0025106400118147763,0.002481212891352453,0.00012362600446128624,5.1686871534630204e-05,6.783570192992571e-05,-2.614715135359179,-2.6002155541490164,-2.6053359710873183,-3.9078901667377637,-4.286619753697361,-4.168541676778018,N,non-synonymous,-0.7746994766453315,-1.0121724312785214,-0.9466908633976554,0.37510419595017663,0.0871572239253613,0.3453446171641972,0.3453446171641972
453,ortho,tttttggctttgaatattaaagatcca,5.0,att,5.0,,FLALNIKDP,,False,False,8.0,4.0,6.0,23.0,11.0,14.0,608.0,561.0,453.0,True,False,True,True,False,False,1.0,both,0.002428202291615913,0.0025106400118147763,0.002481212891352453,0.00012362600446128624,5.1686871534630204e-05,6.783570192992571e-05,-2.614715135359179,-2.6002155541490164,-2.6053359710873183,-3.9078901667377637,-4.286619753697361,-4.168541676778018,I,non-synonymous,-0.7746994766453315,-1.0121724312785214,-0.9466908633976554,0.37510419595017663,0.0871572239253613,0.3453446171641972,0.3453446171641972
454,ortho,tttttggctttgaatattaaagatcca,6.0,aaa,6.0,,FLALNIKDP,,False,False,8.0,4.0,6.0,23.0,11.0,14.0,608.0,561.0,453.0,True,False,True,True,False,False,1.0,both,0.002428202291615913,0.0025106400118147763,0.002481212891352453,0.00012362600446128624,5.1686871534630204e-05,6.783570192992571e-05,-2.614715135359179,-2.6002155541490164,-2.6053359710873183,-3.9078901667377637,-4.286619753697361,-4.168541676778018,K,non-synonymous,-0.7746994766453315,-1.0121724312785214,-0.9466908633976554,0.37510419595017663,0.0871572239253613,0.3453446171641972,0.3453446171641972
455,ortho,tttttggctttgaatttgtctgattct,1.0,ttg,1.0,,FLALNLSDS,,False,False,10.0,4.0,6.0,2390.0,3248.0,2630.0,1052.0,1012.0,867.0,True,False,True,True,False,False,1.0,both,0.004201428965098586,0.004528997668371754,0.004748811427820257,0.01284635437662931,0.015261723522225355,0.012743421148264617,-2.3766029748141935,-2.3439979029013975,-2.3234150756239402,-1.8912201018072188,-1.8163964182864487,-1.8947139639664976,L,synonymous,0.29077723321818993,0.31666410553999624,0.2596250922428639,1.440580905813698,1.4159937607438788,1.5516605728047166,1.440580905813698
456,ortho,tttttggctttgaatttgtctgattct,2.0,gct,2.0,,FLALNLSDS,,False,False,10.0,4.0,6.0,2390.0,3248.0,2630.0,1052.0,1012.0,867.0,True,False,True,True,False,False,1.0,both,0.004201428965098586,0.004528997668371754,0.004748811427820257,0.01284635437662931,0.015261723522225355,0.012743421148264617,-2.3766029748141935,-2.3439979029013975,-2.3234150756239402,-1.8912201018072188,-1.8163964182864487,-1.8947139639664976,A,non-synonymous,0.29077723321818993,0.31666410553999624,0.2596250922428639,1.440580905813698,1.4159937607438788,1.5516605728047166,1.440580905813698
457,ortho,tttttggctttgaatttgtctgattct,3.0,ttg,3.0,,FLALNLSDS,,False,False,10.0,4.0,6.0,2390.0,3248.0,2630.0,1052.0,1012.0,867.0,True,False,True,True,False,False,1.0,both,0.004201428965098586,0.004528997668371754,0.004748811427820257,0.01284635437662931,0.015261723522225355,0.012743421148264617,-2.3766029748141935,-2.3439979029013975,-2.3234150756239402,-1.8912201018072188,-1.8163964182864487,-1.8947139639664976,L,synonymous,0.29077723321818993,0.31666410553999624,0.2596250922428639,1.440580905813698,1.4159937607438788,1.5516605728047166,1.440580905813698
458,ortho,tttttggctttgaatttgtctgattct,4.0,aat,4.0,,FLALNLSDS,,False,False,10.0,4.0,6.0,2390.0,3248.0,2630.0,1052.0,1012.0,867.0,True,False,True,True,False,False,1.0,both,0.004201428965098586,0.004528997668371754,0.004748811427820257,0.01284635437662931,0.015261723522225355,0.012743421148264617,-2.3766029748141935,-2.3439979029013975,-2.3234150756239402,-1.8912201018072188,-1.8163964182864487,-1.8947139639664976,N,non-synonymous,0.29077723321818993,0.31666410553999624,0.2596250922428639,1.440580905813698,1.4159937607438788,1.5516605728047166,1.440580905813698
459,ortho,tttttggctttgaatttgtctgattct,6.0,tct,5.0,,FLALNLSDS,,False,False,10.0,4.0,6.0,2390.0,3248.0,2630.0,1052.0,1012.0,867.0,True,False,True,True,False,False,1.0,both,0.004201428965098586,0.004528997668371754,0.004748811427820257,0.01284635437662931,0.015261723522225355,0.012743421148264617,-2.3766029748141935,-2.3439979029013975,-2.3234150756239402,-1.8912201018072188,-1.8163964182864487,-1.8947139639664976,S,non-synonymous,0.29077723321818993,0.31666410553999624,0.2596250922428639,1.440580905813698,1.4159937607438788,1.5516605728047166,1.440580905813698
460,ortho,tttttggctttgaatttgtctgattct,8.0,tct,6.0,,FLALNLSDS,,False,False,10.0,4.0,6.0,2390.0,3248.0,2630.0,1052.0,1012.0,867.0,True,False,True,True,False,False,1.0,both,0.004201428965098586,0.004528997668371754,0.004748811427820257,0.01284635437662931,0.015261723522225355,0.012743421148264617,-2.3766029748141935,-2.3439979029013975,-2.3234150756239402,-1.8912201018072188,-1.8163964182864487,-1.8947139639664976,S,non-synonymous,0.29077723321818993,0.31666410553999624,0.2596250922428639,1.440580905813698,1.4159937607438788,1.5516605728047166,1.440580905813698
461,ortho,tttttggctttgtctattagagatcca,1.0,ttg,1.0,,FLALSIRDP,,False,False,5.0,2.0,4.0,1.0,4.0,3.0,677.0,570.0,527.0,True,False,True,True,False,False,1.0,both,0.002703771301684166,0.002550917659063142,0.0028865324365181955,5.375043672229837e-06,1.8795226012592802e-05,1.453622184212694e-05,-2.5680300459467698,-2.593303559732686,-2.539623557887604,-5.269618002755356,-4.725952447527624,-4.8375484577365935,L,synonymous,-1.6184342609985236,-1.2800065431531527,-1.3916431468626222,-0.4686305884030155,-0.18067688794926995,-0.09960766630076967,-0.18067688794926995
462,ortho,tttttggctttgtctattagagatcca,2.0,gct,2.0,,FLALSIRDP,,False,False,5.0,2.0,4.0,1.0,4.0,3.0,677.0,570.0,527.0,True,False,True,True,False,False,1.0,both,0.002703771301684166,0.002550917659063142,0.0028865324365181955,5.375043672229837e-06,1.8795226012592802e-05,1.453622184212694e-05,-2.5680300459467698,-2.593303559732686,-2.539623557887604,-5.269618002755356,-4.725952447527624,-4.8375484577365935,A,non-synonymous,-1.6184342609985236,-1.2800065431531527,-1.3916431468626222,-0.4686305884030155,-0.18067688794926995,-0.09960766630076967,-0.18067688794926995
463,ortho,tttttggctttgtctattagagatcca,3.0,ttg,3.0,,FLALSIRDP,,False,False,5.0,2.0,4.0,1.0,4.0,3.0,677.0,570.0,527.0,True,False,True,True,False,False,1.0,both,0.002703771301684166,0.002550917659063142,0.0028865324365181955,5.375043672229837e-06,1.8795226012592802e-05,1.453622184212694e-05,-2.5680300459467698,-2.593303559732686,-2.539623557887604,-5.269618002755356,-4.725952447527624,-4.8375484577365935,L,synonymous,-1.6184342609985236,-1.2800065431531527,-1.3916431468626222,-0.4686305884030155,-0.18067688794926995,-0.09960766630076967,-0.18067688794926995
464,ortho,tttttggctttgtctattagagatcca,5.0,att,4.0,,FLALSIRDP,,False,False,5.0,2.0,4.0,1.0,4.0,3.0,677.0,570.0,527.0,True,False,True,True,False,False,1.0,both,0.002703771301684166,0.002550917659063142,0.0028865324365181955,5.375043672229837e-06,1.8795226012592802e-05,1.453622184212694e-05,-2.5680300459467698,-2.593303559732686,-2.539623557887604,-5.269618002755356,-4.725952447527624,-4.8375484577365935,I,non-synonymous,-1.6184342609985236,-1.2800065431531527,-1.3916431468626222,-0.4686305884030155,-0.18067688794926995,-0.09960766630076967,-0.18067688794926995
465,ortho,tttttggctttgtcttttaaagatcca,1.0,ttg,1.0,,FLALSFKDP,,False,False,5.0,3.0,5.0,9.0,5.0,5.0,972.0,744.0,644.0,True,False,True,True,False,False,1.0,both,0.0038819286635701764,0.0033296188391982065,0.0035273755011721404,4.837539305006853e-05,2.3494032515741e-05,2.42270364035449e-05,-2.4109524497056394,-2.477605479859299,-2.452548305740338,-4.315375493316032,-4.629042434519568,-4.6156997081202364,L,synonymous,-1.1408784575924593,-1.2912830587851694,-1.3100231539098965,0.00892521500304877,-0.19195340358128665,-0.017987673348043964,-0.017987673348043964
466,ortho,tttttggctttgtcttttaaagatcca,2.0,gct,2.0,,FLALSFKDP,,False,False,5.0,3.0,5.0,9.0,5.0,5.0,972.0,744.0,644.0,True,False,True,True,False,False,1.0,both,0.0038819286635701764,0.0033296188391982065,0.0035273755011721404,4.837539305006853e-05,2.3494032515741e-05,2.42270364035449e-05,-2.4109524497056394,-2.477605479859299,-2.452548305740338,-4.315375493316032,-4.629042434519568,-4.6156997081202364,A,non-synonymous,-1.1408784575924593,-1.2912830587851694,-1.3100231539098965,0.00892521500304877,-0.19195340358128665,-0.017987673348043964,-0.017987673348043964
467,ortho,tttttggctttgtcttttaaagatcca,3.0,ttg,3.0,,FLALSFKDP,,False,False,5.0,3.0,5.0,9.0,5.0,5.0,972.0,744.0,644.0,True,False,True,True,False,False,1.0,both,0.0038819286635701764,0.0033296188391982065,0.0035273755011721404,4.837539305006853e-05,2.3494032515741e-05,2.42270364035449e-05,-2.4109524497056394,-2.477605479859299,-2.452548305740338,-4.315375493316032,-4.629042434519568,-4.6156997081202364,L,synonymous,-1.1408784575924593,-1.2912830587851694,-1.3100231539098965,0.00892521500304877,-0.19195340358128665,-0.017987673348043964,-0.017987673348043964
468,ortho,tttttggctttgtcttttaaagatcca,5.0,ttt,4.0,,FLALSFKDP,,False,False,5.0,3.0,5.0,9.0,5.0,5.0,972.0,744.0,644.0,True,False,True,True,False,False,1.0,both,0.0038819286635701764,0.0033296188391982065,0.0035273755011721404,4.837539305006853e-05,2.3494032515741e-05,2.42270364035449e-05,-2.4109524497056394,-2.477605479859299,-2.452548305740338,-4.315375493316032,-4.629042434519568,-4.6156997081202364,F,non-synonymous,-1.1408784575924593,-1.2912830587851694,-1.3100231539098965,0.00892521500304877,-0.19195340358128665,-0.017987673348043964,-0.017987673348043964
469,ortho,tttttggctttgtcttttaaagatcca,6.0,aaa,5.0,,FLALSFKDP,,False,False,5.0,3.0,5.0,9.0,5.0,5.0,972.0,744.0,644.0,True,False,True,True,False,False,1.0,both,0.0038819286635701764,0.0033296188391982065,0.0035273755011721404,4.837539305006853e-05,2.3494032515741e-05,2.42270364035449e-05,-2.4109524497056394,-2.477605479859299,-2.452548305740338,-4.315375493316032,-4.629042434519568,-4.6156997081202364,K,non-synonymous,-1.1408784575924593,-1.2912830587851694,-1.3100231539098965,0.00892521500304877,-0.19195340358128665,-0.017987673348043964,-0.017987673348043964
470,ortho,tttttggctttgtcttttagagatcca,1.0,ttg,1.0,,FLALSFRDP,,False,False,4.0,2.0,4.0,36.0,46.0,20.0,1280.0,1180.0,961.0,True,False,True,True,False,False,1.0,both,0.005112004824454553,0.005280847083674574,0.005263676796003768,0.00019350157220027412,0.00021614509914481722,9.69081456141796e-05,-2.2914087449840457,-2.277296408099052,-2.278710785431605,-3.713315501988069,-3.6652546071740124,-4.013639716792274,L,synonymous,-0.85181850388433,-0.8330464459510418,-1.0506879305674581,0.2979851687111781,0.2662832092528409,0.24134754999439445,0.2662832092528409
471,ortho,tttttggctttgtcttttagagatcca,2.0,gct,2.0,,FLALSFRDP,,False,False,4.0,2.0,4.0,36.0,46.0,20.0,1280.0,1180.0,961.0,True,False,True,True,False,False,1.0,both,0.005112004824454553,0.005280847083674574,0.005263676796003768,0.00019350157220027412,0.00021614509914481722,9.69081456141796e-05,-2.2914087449840457,-2.277296408099052,-2.278710785431605,-3.713315501988069,-3.6652546071740124,-4.013639716792274,A,non-synonymous,-0.85181850388433,-0.8330464459510418,-1.0506879305674581,0.2979851687111781,0.2662832092528409,0.24134754999439445,0.2662832092528409
472,ortho,tttttggctttgtcttttagagatcca,3.0,ttg,3.0,,FLALSFRDP,,False,False,4.0,2.0,4.0,36.0,46.0,20.0,1280.0,1180.0,961.0,True,False,True,True,False,False,1.0,both,0.005112004824454553,0.005280847083674574,0.005263676796003768,0.00019350157220027412,0.00021614509914481722,9.69081456141796e-05,-2.2914087449840457,-2.277296408099052,-2.278710785431605,-3.713315501988069,-3.6652546071740124,-4.013639716792274,L,synonymous,-0.85181850388433,-0.8330464459510418,-1.0506879305674581,0.2979851687111781,0.2662832092528409,0.24134754999439445,0.2662832092528409
473,ortho,tttttggctttgtcttttagagatcca,5.0,ttt,4.0,,FLALSFRDP,,False,False,4.0,2.0,4.0,36.0,46.0,20.0,1280.0,1180.0,961.0,True,False,True,True,False,False,1.0,both,0.005112004824454553,0.005280847083674574,0.005263676796003768,0.00019350157220027412,0.00021614509914481722,9.69081456141796e-05,-2.2914087449840457,-2.277296408099052,-2.278710785431605,-3.713315501988069,-3.6652546071740124,-4.013639716792274,F,non-synonymous,-0.85181850388433,-0.8330464459510418,-1.0506879305674581,0.2979851687111781,0.2662832092528409,0.24134754999439445,0.2662832092528409
474,ortho,tttttggctttgtcttttagagatgct,1.0,ttg,1.0,,FLALSFRDA,,False,False,6.0,3.0,5.0,2392.0,3388.0,2930.0,1428.0,1198.0,1104.0,True,False,True,True,False,False,1.0,both,0.005703080382282111,0.005361402378171305,0.006046929430580812,0.01285710446397377,0.015919556432666102,0.01419704333247731,-2.2438905071917583,-2.2707215973518853,-2.2184650997069704,-1.8908568274389832,-1.798069037196917,-1.847802092102146,L,synonymous,0.21149109772951002,0.2836840011962724,0.22447671565012423,1.361294770325018,1.3830136564001552,1.5165121962119767,1.3830136564001552
475,ortho,tttttggctttgtcttttagagatgct,2.0,gct,2.0,,FLALSFRDA,,False,False,6.0,3.0,5.0,2392.0,3388.0,2930.0,1428.0,1198.0,1104.0,True,False,True,True,False,False,1.0,both,0.005703080382282111,0.005361402378171305,0.006046929430580812,0.01285710446397377,0.015919556432666102,0.01419704333247731,-2.2438905071917583,-2.2707215973518853,-2.2184650997069704,-1.8908568274389832,-1.798069037196917,-1.847802092102146,A,non-synonymous,0.21149109772951002,0.2836840011962724,0.22447671565012423,1.361294770325018,1.3830136564001552,1.5165121962119767,1.3830136564001552
476,ortho,tttttggctttgtcttttagagatgct,3.0,ttg,3.0,,FLALSFRDA,,False,False,6.0,3.0,5.0,2392.0,3388.0,2930.0,1428.0,1198.0,1104.0,True,False,True,True,False,False,1.0,both,0.005703080382282111,0.005361402378171305,0.006046929430580812,0.01285710446397377,0.015919556432666102,0.01419704333247731,-2.2438905071917583,-2.2707215973518853,-2.2184650997069704,-1.8908568274389832,-1.798069037196917,-1.847802092102146,L,synonymous,0.21149109772951002,0.2836840011962724,0.22447671565012423,1.361294770325018,1.3830136564001552,1.5165121962119767,1.3830136564001552
477,ortho,tttttggctttgtcttttagagatgct,5.0,ttt,4.0,,FLALSFRDA,,False,False,6.0,3.0,5.0,2392.0,3388.0,2930.0,1428.0,1198.0,1104.0,True,False,True,True,False,False,1.0,both,0.005703080382282111,0.005361402378171305,0.006046929430580812,0.01285710446397377,0.015919556432666102,0.01419704333247731,-2.2438905071917583,-2.2707215973518853,-2.2184650997069704,-1.8908568274389832,-1.798069037196917,-1.847802092102146,F,non-synonymous,0.21149109772951002,0.2836840011962724,0.22447671565012423,1.361294770325018,1.3830136564001552,1.5165121962119767,1.3830136564001552
478,ortho,tttttggctttgtcttttagagatgct,8.0,gct,5.0,,FLALSFRDA,,False,False,6.0,3.0,5.0,2392.0,3388.0,2930.0,1428.0,1198.0,1104.0,True,False,True,True,False,False,1.0,both,0.005703080382282111,0.005361402378171305,0.006046929430580812,0.01285710446397377,0.015919556432666102,0.01419704333247731,-2.2438905071917583,-2.2707215973518853,-2.2184650997069704,-1.8908568274389832,-1.798069037196917,-1.847802092102146,A,non-synonymous,0.21149109772951002,0.2836840011962724,0.22447671565012423,1.361294770325018,1.3830136564001552,1.5165121962119767,1.3830136564001552
479,single,tttttggttttatctttgagagatcca,1.0,ttg,1.0,,FLVLSLRDP,,False,False,1.0,0.0,1.0,14.0,16.0,10.0,1223.0,1140.0,920.0,True,False,True,True,False,False,1.0,both,0.004884360859615561,0.005101835318126284,0.005039107858817343,7.525061141121772e-05,7.518090405037121e-05,4.84540728070898e-05,-2.3111922575956285,-2.292273564068705,-2.297646345754595,-4.123489967077118,-4.123892456199662,-4.314669712456255,L,synonymous,-1.085689139515885,-1.0993296552038827,-1.2215267546457254,0.06411453307962311,0.0,0.07050872591612722,0.06411453307962311
480,ortho,tttttggttttgtctttgagagatcca,1.0,ttg,1.0,,FLVLSLRDP,,False,False,2.0,0.0,2.0,1.0,1.0,1.0,85.0,73.0,40.0,True,False,True,True,False,False,1.0,both,0.00033946907037393515,0.00032669647212563044,0.00021909164603553668,5.375043672229837e-06,4.6988065031482005e-06,4.84540728070898e-06,-3.469199788917621,-3.4858555552847217,-3.659374181772188,-5.269618002755356,-5.328012438855587,-5.314669712456255,L,synonymous,-1.0785725166035045,-1.1056545116169425,-1.0024612560054476,0.07123115599200358,-0.006324856413059798,0.289574224556405,0.07123115599200358
481,ortho,tttttggttttgtctttgagagatcca,3.0,ttg,2.0,,FLVLSLRDP,,False,False,2.0,0.0,2.0,1.0,1.0,1.0,85.0,73.0,40.0,True,False,True,True,False,False,1.0,both,0.00033946907037393515,0.00032669647212563044,0.00021909164603553668,5.375043672229837e-06,4.6988065031482005e-06,4.84540728070898e-06,-3.469199788917621,-3.4858555552847217,-3.659374181772188,-5.269618002755356,-5.328012438855587,-5.314669712456255,L,synonymous,-1.0785725166035045,-1.1056545116169425,-1.0024612560054476,0.07123115599200358,-0.006324856413059798,0.289574224556405,0.07123115599200358
482,ortho,tttttgtctttgtcttttagagatcca,1.0,ttg,1.0,,FLSLSFRDP,,False,False,5.0,2.0,4.0,846.0,1126.0,810.0,1361.0,1124.0,930.0,True,False,True,True,False,False,1.0,both,0.005435498879752068,0.005030230611906968,0.005093880770326228,0.004547286946706442,0.005290856122544874,0.003924779897374274,-2.264760589428579,-2.2984121041721353,-2.2929512245462154,-2.3422476397163328,-2.276474048340259,-2.4061846935776057,L,synonymous,-0.04641999408287318,0.013167125244838266,-0.06857516587394616,1.103383678512635,1.112496780448721,1.2234603146879064,1.112496780448721
483,ortho,tttttgtctttgtcttttagagatcca,2.0,tct,2.0,,FLSLSFRDP,,False,False,5.0,2.0,4.0,846.0,1126.0,810.0,1361.0,1124.0,930.0,True,False,True,True,False,False,1.0,both,0.005435498879752068,0.005030230611906968,0.005093880770326228,0.004547286946706442,0.005290856122544874,0.003924779897374274,-2.264760589428579,-2.2984121041721353,-2.2929512245462154,-2.3422476397163328,-2.276474048340259,-2.4061846935776057,S,non-synonymous,-0.04641999408287318,0.013167125244838266,-0.06857516587394616,1.103383678512635,1.112496780448721,1.2234603146879064,1.112496780448721
484,ortho,tttttgtctttgtcttttagagatcca,3.0,ttg,3.0,,FLSLSFRDP,,False,False,5.0,2.0,4.0,846.0,1126.0,810.0,1361.0,1124.0,930.0,True,False,True,True,False,False,1.0,both,0.005435498879752068,0.005030230611906968,0.005093880770326228,0.004547286946706442,0.005290856122544874,0.003924779897374274,-2.264760589428579,-2.2984121041721353,-2.2929512245462154,-2.3422476397163328,-2.276474048340259,-2.4061846935776057,L,synonymous,-0.04641999408287318,0.013167125244838266,-0.06857516587394616,1.103383678512635,1.112496780448721,1.2234603146879064,1.112496780448721
485,ortho,tttttgtctttgtcttttagagatcca,5.0,ttt,4.0,,FLSLSFRDP,,False,False,5.0,2.0,4.0,846.0,1126.0,810.0,1361.0,1124.0,930.0,True,False,True,True,False,False,1.0,both,0.005435498879752068,0.005030230611906968,0.005093880770326228,0.004547286946706442,0.005290856122544874,0.003924779897374274,-2.264760589428579,-2.2984121041721353,-2.2929512245462154,-2.3422476397163328,-2.276474048340259,-2.4061846935776057,F,non-synonymous,-0.04641999408287318,0.013167125244838266,-0.06857516587394616,1.103383678512635,1.112496780448721,1.2234603146879064,1.112496780448721
486,single,ttttttgttttatctttgagagatcca,1.0,ttt,1.0,,FFVLSLRDP,,False,False,1.0,1.0,1.0,1.0,4.0,1.0,41.0,42.0,34.0,True,False,True,True,False,False,1.0,both,0.0001637439045333099,0.00018796235382570519,0.00018622789913020615,5.375043672229837e-06,1.8795226012592802e-05,4.84540728070898e-06,-3.7858348579121786,-3.7259291250072772,-3.7299552560578952,-5.269618002755356,-4.725952447527624,-5.314669712456255,F,non-synonymous,-0.8888866532937684,-0.6002096282502926,-0.9597167484132451,0.2609170193017397,0.49912002695359015,0.3323187321486075,0.3323187321486075
487,WT,tttttagttttatctttgagagatcca,0.0,ttt,,,FLVLSLRDP,True,,,,0.0,,,,,,,,,,,,,,1.0,,0.021035101101876664,0.020966753039843543,0.021251889665447058,0.0003493778386949394,0.0010384362371957522,0.0005766034664043687,,,,,,,F,synonymous,-1.0661304997453103,-0.7833461339801259,-0.9486982124657795,0.08367317285019782,0.31598352122375684,0.3433372680960731,0.31598352122375684
488,WT,tttttagttttatctttgagagatcca,1.0,tta,,,FLVLSLRDP,True,,,,0.0,,,,,,,,,,,,,,1.0,,0.021035101101876664,0.020966753039843543,0.021251889665447058,0.0003493778386949394,0.0010384362371957522,0.0005766034664043687,,,,,,,L,synonymous,-1.0661304997453103,-0.7833461339801259,-0.9486982124657795,0.08367317285019782,0.31598352122375684,0.3433372680960731,0.31598352122375684
489,WT,tttttagttttatctttgagagatcca,2.0,gtt,,,FLVLSLRDP,True,,,,0.0,,,,,,,,,,,,,,1.0,,0.021035101101876664,0.020966753039843543,0.021251889665447058,0.0003493778386949394,0.0010384362371957522,0.0005766034664043687,,,,,,,V,synonymous,-1.0661304997453103,-0.7833461339801259,-0.9486982124657795,0.08367317285019782,0.31598352122375684,0.3433372680960731,0.31598352122375684
490,WT,tttttagttttatctttgagagatcca,3.0,tta,,,FLVLSLRDP,True,,,,0.0,,,,,,,,,,,,,,1.0,,0.021035101101876664,0.020966753039843543,0.021251889665447058,0.0003493778386949394,0.0010384362371957522,0.0005766034664043687,,,,,,,L,synonymous,-1.0661304997453103,-0.7833461339801259,-0.9486982124657795,0.08367317285019782,0.31598352122375684,0.3433372680960731,0.31598352122375684
491,WT,tttttagttttatctttgagagatcca,4.0,tct,,,FLVLSLRDP,True,,,,0.0,,,,,,,,,,,,,,1.0,,0.021035101101876664,0.020966753039843543,0.021251889665447058,0.0003493778386949394,0.0010384362371957522,0.0005766034664043687,,,,,,,S,synonymous,-1.0661304997453103,-0.7833461339801259,-0.9486982124657795,0.08367317285019782,0.31598352122375684,0.3433372680960731,0.31598352122375684
492,WT,tttttagttttatctttgagagatcca,5.0,ttg,,,FLVLSLRDP,True,,,,0.0,,,,,,,,,,,,,,1.0,,0.021035101101876664,0.020966753039843543,0.021251889665447058,0.0003493778386949394,0.0010384362371957522,0.0005766034664043687,,,,,,,L,synonymous,-1.0661304997453103,-0.7833461339801259,-0.9486982124657795,0.08367317285019782,0.31598352122375684,0.3433372680960731,0.31598352122375684
493,WT,tttttagttttatctttgagagatcca,6.0,aga,,,FLVLSLRDP,True,,,,0.0,,,,,,,,,,,,,,1.0,,0.021035101101876664,0.020966753039843543,0.021251889665447058,0.0003493778386949394,0.0010384362371957522,0.0005766034664043687,,,,,,,R,synonymous,-1.0661304997453103,-0.7833461339801259,-0.9486982124657795,0.08367317285019782,0.31598352122375684,0.3433372680960731,0.31598352122375684
494,WT,tttttagttttatctttgagagatcca,7.0,gat,,,FLVLSLRDP,True,,,,0.0,,,,,,,,,,,,,,1.0,,0.021035101101876664,0.020966753039843543,0.021251889665447058,0.0003493778386949394,0.0010384362371957522,0.0005766034664043687,,,,,,,D,synonymous,-1.0661304997453103,-0.7833461339801259,-0.9486982124657795,0.08367317285019782,0.31598352122375684,0.3433372680960731,0.31598352122375684
495,WT,tttttagttttatctttgagagatcca,8.0,cca,,,FLVLSLRDP,True,,,,0.0,,,,,,,,,,,,,,1.0,,0.021035101101876664,0.020966753039843543,0.021251889665447058,0.0003493778386949394,0.0010384362371957522,0.0005766034664043687,,,,,,,P,synonymous,-1.0661304997453103,-0.7833461339801259,-0.9486982124657795,0.08367317285019782,0.31598352122375684,0.3433372680960731,0.31598352122375684
