,Filtered_sequenced_variants,Filtered_sequenced_variants_rc,Usable_variants,Covered_variants_%,Usable_variants_rc,Usable_variants_%rc,Unsequenced_variants,Unexpected_variants,Unexpected_variants_rc
input1,699,278176,225,65.0,265618.0,95.5,116,474,12558.0
input2,732,223275,228,65.9,212178.0,95.0,116,504,11097.0
input3,679,215798,224,64.7,205873.0,95.39999999999999,116,455,9925.0
b1,404,115847,214,61.8,110523.0,95.39999999999999,116,190,5324.0
b2,475,294337,220,63.6,280878.0,95.39999999999999,116,255,13459.0
b3,406,173026,215,62.1,165177.0,95.5,116,191,7849.0
