,rep_compared,Pearson,replicate1,replicate2
0,"('1', '2')",0.13780802461115949,1,2
1,"('1', '3')",-0.10507074928923808,1,3
2,"('2', '3')",0.24535909533124597,2,3
