,seq_type,nt_seq,aa_pos,alt_codons,mutated_codon,combination,aa_seq,WT,STOP,STOP_readthrough,Nham_nt,Nham_aa,Nmut_codons,b1,b2,b3,input1,input2,input3,barcode_valid,indel,constant_region,permitted,too_many_substitutions,mixed_substitutions,confidence_score,Location,input1_abundance,input2_abundance,input3_abundance,b1_abundance,b2_abundance,b3_abundance,input1_log10,input2_log10,input3_log10,b1_log10,b2_log10,b3_log10,alt_aa,mutation_type,Log2FC_1,Log2FC_2,Log2FC_3,selcoeff_1,selcoeff_2,selcoeff_3,median_s
0,single,aagtgggtgagacgttatacattg,0.0,aag,1.0,,KWVRRYTL,,False,False,2.0,1.0,1.0,16.0,60.0,37.0,41.0,36.0,39.0,True,False,True,True,False,False,1.0,both,0.00015422346604074508,0.00016948514180256864,0.00018922577546178366,0.00014446561266963424,0.00021344109737182862,0.0002236906539626497,-3.8118495407037134,-3.7708683689417035,-3.7230197063148847,-3.840235516264462,-3.6707219549051087,-3.6503521608172775,K,non-synonymous,-0.02228184514761175,0.07993617403027328,0.0619872303514073,0.03932019924560522,0.2517999165429713,0.24449316236719526,0.24449316236719526
1,ortho,aatcaacaatttattattcaattg,0.0,aat,1.0,,NQQFIIQL,,False,False,16.0,7.0,7.0,619.0,1634.0,851.0,1334.0,1091.0,1184.0,True,False,True,True,False,False,1.0,both,0.0050179049682525356,0.005136341380738955,0.00574470046530133,0.005589013390156474,0.0058127125517594665,0.005144885041140943,-2.299477567842919,-2.289346119120649,-2.2407326109544825,-2.252664849900269,-2.2356211530923558,-2.2886243247996845,N,non-synonymous,0.03674609420784825,0.04288289576338577,-0.04085282745849681,0.09834813860106523,0.21474663827608376,0.14165310455729116,0.14165310455729116
2,ortho,aatcaacaatttattattcaattg,1.0,caa,2.0,,NQQFIIQL,,False,False,16.0,7.0,7.0,619.0,1634.0,851.0,1334.0,1091.0,1184.0,True,False,True,True,False,False,1.0,both,0.0050179049682525356,0.005136341380738955,0.00574470046530133,0.005589013390156474,0.0058127125517594665,0.005144885041140943,-2.299477567842919,-2.289346119120649,-2.2407326109544825,-2.252664849900269,-2.2356211530923558,-2.2886243247996845,Q,non-synonymous,0.03674609420784825,0.04288289576338577,-0.04085282745849681,0.09834813860106523,0.21474663827608376,0.14165310455729116,0.14165310455729116
3,ortho,aatcaacaatttattattcaattg,2.0,caa,3.0,,NQQFIIQL,,False,False,16.0,7.0,7.0,619.0,1634.0,851.0,1334.0,1091.0,1184.0,True,False,True,True,False,False,1.0,both,0.0050179049682525356,0.005136341380738955,0.00574470046530133,0.005589013390156474,0.0058127125517594665,0.005144885041140943,-2.299477567842919,-2.289346119120649,-2.2407326109544825,-2.252664849900269,-2.2356211530923558,-2.2886243247996845,Q,non-synonymous,0.03674609420784825,0.04288289576338577,-0.04085282745849681,0.09834813860106523,0.21474663827608376,0.14165310455729116,0.14165310455729116
4,ortho,aatcaacaatttattattcaattg,3.0,ttt,4.0,,NQQFIIQL,,False,False,16.0,7.0,7.0,619.0,1634.0,851.0,1334.0,1091.0,1184.0,True,False,True,True,False,False,1.0,both,0.0050179049682525356,0.005136341380738955,0.00574470046530133,0.005589013390156474,0.0058127125517594665,0.005144885041140943,-2.299477567842919,-2.289346119120649,-2.2407326109544825,-2.252664849900269,-2.2356211530923558,-2.2886243247996845,F,non-synonymous,0.03674609420784825,0.04288289576338577,-0.04085282745849681,0.09834813860106523,0.21474663827608376,0.14165310455729116,0.14165310455729116
5,ortho,aatcaacaatttattattcaattg,4.0,att,5.0,,NQQFIIQL,,False,False,16.0,7.0,7.0,619.0,1634.0,851.0,1334.0,1091.0,1184.0,True,False,True,True,False,False,1.0,both,0.0050179049682525356,0.005136341380738955,0.00574470046530133,0.005589013390156474,0.0058127125517594665,0.005144885041140943,-2.299477567842919,-2.289346119120649,-2.2407326109544825,-2.252664849900269,-2.2356211530923558,-2.2886243247996845,I,non-synonymous,0.03674609420784825,0.04288289576338577,-0.04085282745849681,0.09834813860106523,0.21474663827608376,0.14165310455729116,0.14165310455729116
6,ortho,aatcaacaatttattattcaattg,5.0,att,6.0,,NQQFIIQL,,False,False,16.0,7.0,7.0,619.0,1634.0,851.0,1334.0,1091.0,1184.0,True,False,True,True,False,False,1.0,both,0.0050179049682525356,0.005136341380738955,0.00574470046530133,0.005589013390156474,0.0058127125517594665,0.005144885041140943,-2.299477567842919,-2.289346119120649,-2.2407326109544825,-2.252664849900269,-2.2356211530923558,-2.2886243247996845,I,non-synonymous,0.03674609420784825,0.04288289576338577,-0.04085282745849681,0.09834813860106523,0.21474663827608376,0.14165310455729116,0.14165310455729116
7,ortho,aatcaacaatttattattcaattg,6.0,caa,7.0,,NQQFIIQL,,False,False,16.0,7.0,7.0,619.0,1634.0,851.0,1334.0,1091.0,1184.0,True,False,True,True,False,False,1.0,both,0.0050179049682525356,0.005136341380738955,0.00574470046530133,0.005589013390156474,0.0058127125517594665,0.005144885041140943,-2.299477567842919,-2.289346119120649,-2.2407326109544825,-2.252664849900269,-2.2356211530923558,-2.2886243247996845,Q,non-synonymous,0.03674609420784825,0.04288289576338577,-0.04085282745849681,0.09834813860106523,0.21474663827608376,0.14165310455729116,0.14165310455729116
8,single,aattgggtgagacgttatacattg,0.0,aat,1.0,,NWVRRYTL,,False,False,1.0,1.0,1.0,2924.0,8000.0,4628.0,6968.0,5681.0,5436.0,True,False,True,True,False,False,1.0,both,0.02621046613102224,0.026745696960566456,0.02637516193359631,0.026401090715375657,0.028458812982910482,0.02797946882538224,-1.5815252554238421,-1.5727460804317324,-1.578804865280927,-1.5783781306345643,-1.545783218296809,-1.5531605346045605,N,non-synonymous,0.002470365940562188,0.021521569800631413,0.02187525424119265,0.06407241033377915,0.1933853123133294,0.20438118625698062,0.1933853123133294
9,ortho,aattgggttaatagatgtgttatt,0.0,aat,1.0,,NWVNRCVI,,False,False,12.0,5.0,7.0,640.0,1674.0,989.0,1754.0,1256.0,1276.0,True,False,True,True,False,False,1.0,both,0.006597755108182119,0.005913148280667395,0.006191079217672717,0.005778624506785369,0.005955006616674019,0.005979190723488123,-2.1806038083934274,-2.2281812303078135,-2.2082336389562403,-2.2381755249365,-2.2251177516315113,-2.223357593287093,N,non-synonymous,-0.04519147387235708,0.002445247460557691,-0.012901110592232826,0.01641057052085989,0.17430898997325567,0.16960482142355515,0.16960482142355515
10,ortho,aattgggttaatagatgtgttatt,2.0,gtt,2.0,,NWVNRCVI,,False,False,12.0,5.0,7.0,640.0,1674.0,989.0,1754.0,1256.0,1276.0,True,False,True,True,False,False,1.0,both,0.006597755108182119,0.005913148280667395,0.006191079217672717,0.005778624506785369,0.005955006616674019,0.005979190723488123,-2.1806038083934274,-2.2281812303078135,-2.2082336389562403,-2.2381755249365,-2.2251177516315113,-2.223357593287093,V,synonymous,-0.04519147387235708,0.002445247460557691,-0.012901110592232826,0.01641057052085989,0.17430898997325567,0.16960482142355515,0.16960482142355515
11,ortho,aattgggttaatagatgtgttatt,3.0,aat,3.0,,NWVNRCVI,,False,False,12.0,5.0,7.0,640.0,1674.0,989.0,1754.0,1256.0,1276.0,True,False,True,True,False,False,1.0,both,0.006597755108182119,0.005913148280667395,0.006191079217672717,0.005778624506785369,0.005955006616674019,0.005979190723488123,-2.1806038083934274,-2.2281812303078135,-2.2082336389562403,-2.2381755249365,-2.2251177516315113,-2.223357593287093,N,non-synonymous,-0.04519147387235708,0.002445247460557691,-0.012901110592232826,0.01641057052085989,0.17430898997325567,0.16960482142355515,0.16960482142355515
12,ortho,aattgggttaatagatgtgttatt,4.0,aga,4.0,,NWVNRCVI,,False,False,12.0,5.0,7.0,640.0,1674.0,989.0,1754.0,1256.0,1276.0,True,False,True,True,False,False,1.0,both,0.006597755108182119,0.005913148280667395,0.006191079217672717,0.005778624506785369,0.005955006616674019,0.005979190723488123,-2.1806038083934274,-2.2281812303078135,-2.2082336389562403,-2.2381755249365,-2.2251177516315113,-2.223357593287093,R,synonymous,-0.04519147387235708,0.002445247460557691,-0.012901110592232826,0.01641057052085989,0.17430898997325567,0.16960482142355515,0.16960482142355515
13,ortho,aattgggttaatagatgtgttatt,5.0,tgt,5.0,,NWVNRCVI,,False,False,12.0,5.0,7.0,640.0,1674.0,989.0,1754.0,1256.0,1276.0,True,False,True,True,False,False,1.0,both,0.006597755108182119,0.005913148280667395,0.006191079217672717,0.005778624506785369,0.005955006616674019,0.005979190723488123,-2.1806038083934274,-2.2281812303078135,-2.2082336389562403,-2.2381755249365,-2.2251177516315113,-2.223357593287093,C,non-synonymous,-0.04519147387235708,0.002445247460557691,-0.012901110592232826,0.01641057052085989,0.17430898997325567,0.16960482142355515,0.16960482142355515
14,ortho,aattgggttaatagatgtgttatt,6.0,gtt,6.0,,NWVNRCVI,,False,False,12.0,5.0,7.0,640.0,1674.0,989.0,1754.0,1256.0,1276.0,True,False,True,True,False,False,1.0,both,0.006597755108182119,0.005913148280667395,0.006191079217672717,0.005778624506785369,0.005955006616674019,0.005979190723488123,-2.1806038083934274,-2.2281812303078135,-2.2082336389562403,-2.2381755249365,-2.2251177516315113,-2.223357593287093,V,non-synonymous,-0.04519147387235708,0.002445247460557691,-0.012901110592232826,0.01641057052085989,0.17430898997325567,0.16960482142355515,0.16960482142355515
15,ortho,aattgggttaatagatgtgttatt,7.0,att,7.0,,NWVNRCVI,,False,False,12.0,5.0,7.0,640.0,1674.0,989.0,1754.0,1256.0,1276.0,True,False,True,True,False,False,1.0,both,0.006597755108182119,0.005913148280667395,0.006191079217672717,0.005778624506785369,0.005955006616674019,0.005979190723488123,-2.1806038083934274,-2.2281812303078135,-2.2082336389562403,-2.2381755249365,-2.2251177516315113,-2.223357593287093,I,non-synonymous,-0.04519147387235708,0.002445247460557691,-0.012901110592232826,0.01641057052085989,0.17430898997325567,0.16960482142355515,0.16960482142355515
16,ortho,aattgggttcaaagatgtgttgtt,0.0,aat,1.0,,NWVQRCVV,,False,False,12.0,5.0,7.0,132.0,370.0,248.0,366.0,263.0,273.0,True,False,True,True,False,False,1.0,both,0.001376726550510066,0.0012381831192798765,0.0013245804282324856,0.0011918413045244824,0.00131622010045961,0.0014993319508847872,-2.8611523120290383,-2.907215121219233,-2.8779216663006277,-2.923781567714537,-2.8806714812217575,-2.824102204058056,N,non-synonymous,-0.04916143797517109,0.021186949594219146,0.04590934481926331,0.012440606418045876,0.19305069210691714,0.22841527683505128,0.19305069210691714
17,ortho,aattgggttcaaagatgtgttgtt,2.0,gtt,2.0,,NWVQRCVV,,False,False,12.0,5.0,7.0,132.0,370.0,248.0,366.0,263.0,273.0,True,False,True,True,False,False,1.0,both,0.001376726550510066,0.0012381831192798765,0.0013245804282324856,0.0011918413045244824,0.00131622010045961,0.0014993319508847872,-2.8611523120290383,-2.907215121219233,-2.8779216663006277,-2.923781567714537,-2.8806714812217575,-2.824102204058056,V,synonymous,-0.04916143797517109,0.021186949594219146,0.04590934481926331,0.012440606418045876,0.19305069210691714,0.22841527683505128,0.19305069210691714
18,ortho,aattgggttcaaagatgtgttgtt,3.0,caa,3.0,,NWVQRCVV,,False,False,12.0,5.0,7.0,132.0,370.0,248.0,366.0,263.0,273.0,True,False,True,True,False,False,1.0,both,0.001376726550510066,0.0012381831192798765,0.0013245804282324856,0.0011918413045244824,0.00131622010045961,0.0014993319508847872,-2.8611523120290383,-2.907215121219233,-2.8779216663006277,-2.923781567714537,-2.8806714812217575,-2.824102204058056,Q,non-synonymous,-0.04916143797517109,0.021186949594219146,0.04590934481926331,0.012440606418045876,0.19305069210691714,0.22841527683505128,0.19305069210691714
19,ortho,aattgggttcaaagatgtgttgtt,4.0,aga,4.0,,NWVQRCVV,,False,False,12.0,5.0,7.0,132.0,370.0,248.0,366.0,263.0,273.0,True,False,True,True,False,False,1.0,both,0.001376726550510066,0.0012381831192798765,0.0013245804282324856,0.0011918413045244824,0.00131622010045961,0.0014993319508847872,-2.8611523120290383,-2.907215121219233,-2.8779216663006277,-2.923781567714537,-2.8806714812217575,-2.824102204058056,R,synonymous,-0.04916143797517109,0.021186949594219146,0.04590934481926331,0.012440606418045876,0.19305069210691714,0.22841527683505128,0.19305069210691714
20,ortho,aattgggttcaaagatgtgttgtt,5.0,tgt,5.0,,NWVQRCVV,,False,False,12.0,5.0,7.0,132.0,370.0,248.0,366.0,263.0,273.0,True,False,True,True,False,False,1.0,both,0.001376726550510066,0.0012381831192798765,0.0013245804282324856,0.0011918413045244824,0.00131622010045961,0.0014993319508847872,-2.8611523120290383,-2.907215121219233,-2.8779216663006277,-2.923781567714537,-2.8806714812217575,-2.824102204058056,C,non-synonymous,-0.04916143797517109,0.021186949594219146,0.04590934481926331,0.012440606418045876,0.19305069210691714,0.22841527683505128,0.19305069210691714
21,ortho,aattgggttcaaagatgtgttgtt,6.0,gtt,6.0,,NWVQRCVV,,False,False,12.0,5.0,7.0,132.0,370.0,248.0,366.0,263.0,273.0,True,False,True,True,False,False,1.0,both,0.001376726550510066,0.0012381831192798765,0.0013245804282324856,0.0011918413045244824,0.00131622010045961,0.0014993319508847872,-2.8611523120290383,-2.907215121219233,-2.8779216663006277,-2.923781567714537,-2.8806714812217575,-2.824102204058056,V,non-synonymous,-0.04916143797517109,0.021186949594219146,0.04590934481926331,0.012440606418045876,0.19305069210691714,0.22841527683505128,0.19305069210691714
22,ortho,aattgggttcaaagatgtgttgtt,7.0,gtt,7.0,,NWVQRCVV,,False,False,12.0,5.0,7.0,132.0,370.0,248.0,366.0,263.0,273.0,True,False,True,True,False,False,1.0,both,0.001376726550510066,0.0012381831192798765,0.0013245804282324856,0.0011918413045244824,0.00131622010045961,0.0014993319508847872,-2.8611523120290383,-2.907215121219233,-2.8779216663006277,-2.923781567714537,-2.8806714812217575,-2.824102204058056,V,non-synonymous,-0.04916143797517109,0.021186949594219146,0.04590934481926331,0.012440606418045876,0.19305069210691714,0.22841527683505128,0.19305069210691714
23,ortho,aattgggttgaaagatgtattgtt,0.0,aat,1.0,,NWVERCIV,,False,False,11.0,5.0,7.0,20.0,74.0,30.0,71.0,30.0,45.0,True,False,True,True,False,False,1.0,both,0.00026706990460714395,0.0001412376181688072,0.000218337433225135,0.0001805820158370428,0.000263244020091922,0.00018137080051025653,-3.573375048704374,-3.8500496149893286,-3.66087179956604,-3.743325503256406,-3.5796414855577763,-3.74143263016461,N,non-synonymous,-0.1334042475655092,0.21583789595843803,-0.06872039958716787,-0.07180220317229223,0.38770163847113603,0.11378553242862009,0.11378553242862009
24,ortho,aattgggttgaaagatgtattgtt,2.0,gtt,2.0,,NWVERCIV,,False,False,11.0,5.0,7.0,20.0,74.0,30.0,71.0,30.0,45.0,True,False,True,True,False,False,1.0,both,0.00026706990460714395,0.0001412376181688072,0.000218337433225135,0.0001805820158370428,0.000263244020091922,0.00018137080051025653,-3.573375048704374,-3.8500496149893286,-3.66087179956604,-3.743325503256406,-3.5796414855577763,-3.74143263016461,V,synonymous,-0.1334042475655092,0.21583789595843803,-0.06872039958716787,-0.07180220317229223,0.38770163847113603,0.11378553242862009,0.11378553242862009
25,ortho,aattgggttgaaagatgtattgtt,3.0,gaa,3.0,,NWVERCIV,,False,False,11.0,5.0,7.0,20.0,74.0,30.0,71.0,30.0,45.0,True,False,True,True,False,False,1.0,both,0.00026706990460714395,0.0001412376181688072,0.000218337433225135,0.0001805820158370428,0.000263244020091922,0.00018137080051025653,-3.573375048704374,-3.8500496149893286,-3.66087179956604,-3.743325503256406,-3.5796414855577763,-3.74143263016461,E,non-synonymous,-0.1334042475655092,0.21583789595843803,-0.06872039958716787,-0.07180220317229223,0.38770163847113603,0.11378553242862009,0.11378553242862009
26,ortho,aattgggttgaaagatgtattgtt,4.0,aga,4.0,,NWVERCIV,,False,False,11.0,5.0,7.0,20.0,74.0,30.0,71.0,30.0,45.0,True,False,True,True,False,False,1.0,both,0.00026706990460714395,0.0001412376181688072,0.000218337433225135,0.0001805820158370428,0.000263244020091922,0.00018137080051025653,-3.573375048704374,-3.8500496149893286,-3.66087179956604,-3.743325503256406,-3.5796414855577763,-3.74143263016461,R,synonymous,-0.1334042475655092,0.21583789595843803,-0.06872039958716787,-0.07180220317229223,0.38770163847113603,0.11378553242862009,0.11378553242862009
27,ortho,aattgggttgaaagatgtattgtt,5.0,tgt,5.0,,NWVERCIV,,False,False,11.0,5.0,7.0,20.0,74.0,30.0,71.0,30.0,45.0,True,False,True,True,False,False,1.0,both,0.00026706990460714395,0.0001412376181688072,0.000218337433225135,0.0001805820158370428,0.000263244020091922,0.00018137080051025653,-3.573375048704374,-3.8500496149893286,-3.66087179956604,-3.743325503256406,-3.5796414855577763,-3.74143263016461,C,non-synonymous,-0.1334042475655092,0.21583789595843803,-0.06872039958716787,-0.07180220317229223,0.38770163847113603,0.11378553242862009,0.11378553242862009
28,ortho,aattgggttgaaagatgtattgtt,6.0,att,6.0,,NWVERCIV,,False,False,11.0,5.0,7.0,20.0,74.0,30.0,71.0,30.0,45.0,True,False,True,True,False,False,1.0,both,0.00026706990460714395,0.0001412376181688072,0.000218337433225135,0.0001805820158370428,0.000263244020091922,0.00018137080051025653,-3.573375048704374,-3.8500496149893286,-3.66087179956604,-3.743325503256406,-3.5796414855577763,-3.74143263016461,I,non-synonymous,-0.1334042475655092,0.21583789595843803,-0.06872039958716787,-0.07180220317229223,0.38770163847113603,0.11378553242862009,0.11378553242862009
29,ortho,aattgggttgaaagatgtattgtt,7.0,gtt,7.0,,NWVERCIV,,False,False,11.0,5.0,7.0,20.0,74.0,30.0,71.0,30.0,45.0,True,False,True,True,False,False,1.0,both,0.00026706990460714395,0.0001412376181688072,0.000218337433225135,0.0001805820158370428,0.000263244020091922,0.00018137080051025653,-3.573375048704374,-3.8500496149893286,-3.66087179956604,-3.743325503256406,-3.5796414855577763,-3.74143263016461,V,non-synonymous,-0.1334042475655092,0.21583789595843803,-0.06872039958716787,-0.07180220317229223,0.38770163847113603,0.11378553242862009,0.11378553242862009
30,ortho,aattgggttgatagatgtgttatt,0.0,aat,1.0,,NWVDRCVI,,False,False,13.0,5.0,7.0,676.0,1773.0,979.0,1725.0,1460.0,1370.0,True,False,True,True,False,False,1.0,both,0.0064886702175679335,0.006873564084215284,0.006647161855965221,0.006103672135292046,0.0063071844273375356,0.005918733789984704,-2.187844298014156,-2.162818013924554,-2.1773637461849766,-2.214408802978751,-2.200164469687835,-2.2277711930811344,N,non-synonymous,-0.020852064244800576,-0.02980968231390327,-0.042998810552660714,0.040749980148416395,0.1420540601987947,0.13950712146312724,0.13950712146312724
31,ortho,aattgggttgatagatgtgttatt,2.0,gtt,2.0,,NWVDRCVI,,False,False,13.0,5.0,7.0,676.0,1773.0,979.0,1725.0,1460.0,1370.0,True,False,True,True,False,False,1.0,both,0.0064886702175679335,0.006873564084215284,0.006647161855965221,0.006103672135292046,0.0063071844273375356,0.005918733789984704,-2.187844298014156,-2.162818013924554,-2.1773637461849766,-2.214408802978751,-2.200164469687835,-2.2277711930811344,V,synonymous,-0.020852064244800576,-0.02980968231390327,-0.042998810552660714,0.040749980148416395,0.1420540601987947,0.13950712146312724,0.13950712146312724
32,ortho,aattgggttgatagatgtgttatt,3.0,gat,3.0,,NWVDRCVI,,False,False,13.0,5.0,7.0,676.0,1773.0,979.0,1725.0,1460.0,1370.0,True,False,True,True,False,False,1.0,both,0.0064886702175679335,0.006873564084215284,0.006647161855965221,0.006103672135292046,0.0063071844273375356,0.005918733789984704,-2.187844298014156,-2.162818013924554,-2.1773637461849766,-2.214408802978751,-2.200164469687835,-2.2277711930811344,D,non-synonymous,-0.020852064244800576,-0.02980968231390327,-0.042998810552660714,0.040749980148416395,0.1420540601987947,0.13950712146312724,0.13950712146312724
33,ortho,aattgggttgatagatgtgttatt,4.0,aga,4.0,,NWVDRCVI,,False,False,13.0,5.0,7.0,676.0,1773.0,979.0,1725.0,1460.0,1370.0,True,False,True,True,False,False,1.0,both,0.0064886702175679335,0.006873564084215284,0.006647161855965221,0.006103672135292046,0.0063071844273375356,0.005918733789984704,-2.187844298014156,-2.162818013924554,-2.1773637461849766,-2.214408802978751,-2.200164469687835,-2.2277711930811344,R,synonymous,-0.020852064244800576,-0.02980968231390327,-0.042998810552660714,0.040749980148416395,0.1420540601987947,0.13950712146312724,0.13950712146312724
34,ortho,aattgggttgatagatgtgttatt,5.0,tgt,5.0,,NWVDRCVI,,False,False,13.0,5.0,7.0,676.0,1773.0,979.0,1725.0,1460.0,1370.0,True,False,True,True,False,False,1.0,both,0.0064886702175679335,0.006873564084215284,0.006647161855965221,0.006103672135292046,0.0063071844273375356,0.005918733789984704,-2.187844298014156,-2.162818013924554,-2.1773637461849766,-2.214408802978751,-2.200164469687835,-2.2277711930811344,C,non-synonymous,-0.020852064244800576,-0.02980968231390327,-0.042998810552660714,0.040749980148416395,0.1420540601987947,0.13950712146312724,0.13950712146312724
35,ortho,aattgggttgatagatgtgttatt,6.0,gtt,6.0,,NWVDRCVI,,False,False,13.0,5.0,7.0,676.0,1773.0,979.0,1725.0,1460.0,1370.0,True,False,True,True,False,False,1.0,both,0.0064886702175679335,0.006873564084215284,0.006647161855965221,0.006103672135292046,0.0063071844273375356,0.005918733789984704,-2.187844298014156,-2.162818013924554,-2.1773637461849766,-2.214408802978751,-2.200164469687835,-2.2277711930811344,V,non-synonymous,-0.020852064244800576,-0.02980968231390327,-0.042998810552660714,0.040749980148416395,0.1420540601987947,0.13950712146312724,0.13950712146312724
36,ortho,aattgggttgatagatgtgttatt,7.0,att,7.0,,NWVDRCVI,,False,False,13.0,5.0,7.0,676.0,1773.0,979.0,1725.0,1460.0,1370.0,True,False,True,True,False,False,1.0,both,0.0064886702175679335,0.006873564084215284,0.006647161855965221,0.006103672135292046,0.0063071844273375356,0.005918733789984704,-2.187844298014156,-2.162818013924554,-2.1773637461849766,-2.214408802978751,-2.200164469687835,-2.2277711930811344,I,non-synonymous,-0.020852064244800576,-0.02980968231390327,-0.042998810552660714,0.040749980148416395,0.1420540601987947,0.13950712146312724,0.13950712146312724
37,ortho,aattgggtttatagatgtattatt,0.0,aat,1.0,,NWVYRCII,,False,False,12.0,5.0,7.0,1176.0,3000.0,1580.0,2798.0,1936.0,1910.0,True,False,True,True,False,False,1.0,both,0.0105248111702928,0.009114534292493691,0.009267211054666841,0.010618222531218116,0.010672054868591432,0.009552195493540177,-1.9777856872676403,-2.040265516736616,-2.033050946093656,-1.9739481771802674,-1.97175195056909,-2.01989679792985,N,non-synonymous,0.003012290535382415,0.05468705396281828,0.011220816758332058,0.06461433492859939,0.22655079647551626,0.19372674877412002,0.19372674877412002
38,ortho,aattgggtttatagatgtattatt,2.0,gtt,2.0,,NWVYRCII,,False,False,12.0,5.0,7.0,1176.0,3000.0,1580.0,2798.0,1936.0,1910.0,True,False,True,True,False,False,1.0,both,0.0105248111702928,0.009114534292493691,0.009267211054666841,0.010618222531218116,0.010672054868591432,0.009552195493540177,-1.9777856872676403,-2.040265516736616,-2.033050946093656,-1.9739481771802674,-1.97175195056909,-2.01989679792985,V,synonymous,0.003012290535382415,0.05468705396281828,0.011220816758332058,0.06461433492859939,0.22655079647551626,0.19372674877412002,0.19372674877412002
39,ortho,aattgggtttatagatgtattatt,3.0,tat,3.0,,NWVYRCII,,False,False,12.0,5.0,7.0,1176.0,3000.0,1580.0,2798.0,1936.0,1910.0,True,False,True,True,False,False,1.0,both,0.0105248111702928,0.009114534292493691,0.009267211054666841,0.010618222531218116,0.010672054868591432,0.009552195493540177,-1.9777856872676403,-2.040265516736616,-2.033050946093656,-1.9739481771802674,-1.97175195056909,-2.01989679792985,Y,non-synonymous,0.003012290535382415,0.05468705396281828,0.011220816758332058,0.06461433492859939,0.22655079647551626,0.19372674877412002,0.19372674877412002
40,ortho,aattgggtttatagatgtattatt,4.0,aga,4.0,,NWVYRCII,,False,False,12.0,5.0,7.0,1176.0,3000.0,1580.0,2798.0,1936.0,1910.0,True,False,True,True,False,False,1.0,both,0.0105248111702928,0.009114534292493691,0.009267211054666841,0.010618222531218116,0.010672054868591432,0.009552195493540177,-1.9777856872676403,-2.040265516736616,-2.033050946093656,-1.9739481771802674,-1.97175195056909,-2.01989679792985,R,synonymous,0.003012290535382415,0.05468705396281828,0.011220816758332058,0.06461433492859939,0.22655079647551626,0.19372674877412002,0.19372674877412002
41,ortho,aattgggtttatagatgtattatt,5.0,tgt,5.0,,NWVYRCII,,False,False,12.0,5.0,7.0,1176.0,3000.0,1580.0,2798.0,1936.0,1910.0,True,False,True,True,False,False,1.0,both,0.0105248111702928,0.009114534292493691,0.009267211054666841,0.010618222531218116,0.010672054868591432,0.009552195493540177,-1.9777856872676403,-2.040265516736616,-2.033050946093656,-1.9739481771802674,-1.97175195056909,-2.01989679792985,C,non-synonymous,0.003012290535382415,0.05468705396281828,0.011220816758332058,0.06461433492859939,0.22655079647551626,0.19372674877412002,0.19372674877412002
42,ortho,aattgggtttatagatgtattatt,6.0,att,6.0,,NWVYRCII,,False,False,12.0,5.0,7.0,1176.0,3000.0,1580.0,2798.0,1936.0,1910.0,True,False,True,True,False,False,1.0,both,0.0105248111702928,0.009114534292493691,0.009267211054666841,0.010618222531218116,0.010672054868591432,0.009552195493540177,-1.9777856872676403,-2.040265516736616,-2.033050946093656,-1.9739481771802674,-1.97175195056909,-2.01989679792985,I,non-synonymous,0.003012290535382415,0.05468705396281828,0.011220816758332058,0.06461433492859939,0.22655079647551626,0.19372674877412002,0.19372674877412002
43,ortho,aattgggtttatagatgtattatt,7.0,att,7.0,,NWVYRCII,,False,False,12.0,5.0,7.0,1176.0,3000.0,1580.0,2798.0,1936.0,1910.0,True,False,True,True,False,False,1.0,both,0.0105248111702928,0.009114534292493691,0.009267211054666841,0.010618222531218116,0.010672054868591432,0.009552195493540177,-1.9777856872676403,-2.040265516736616,-2.033050946093656,-1.9739481771802674,-1.97175195056909,-2.01989679792985,I,non-synonymous,0.003012290535382415,0.05468705396281828,0.011220816758332058,0.06461433492859939,0.22655079647551626,0.19372674877412002,0.19372674877412002
44,ortho,aattgggtttatagatgtattttg,0.0,aat,1.0,,NWVYRCIL,,False,False,10.0,4.0,6.0,400.0,1064.0,561.0,1028.0,748.0,783.0,True,False,True,True,False,False,1.0,both,0.003866871294875267,0.003521524613008926,0.003799071338117349,0.003611640316740856,0.0037850221267270944,0.003391633969541797,-2.412640282764192,-2.4532692718445297,-2.4203225512834403,-2.4422955075924246,-2.421931577329723,-2.469591023628111,N,non-synonymous,-0.023278154595256773,0.025013530704431925,-0.042027236827362126,0.0383238897979602,0.19687727321712992,0.14047869518842585,0.14047869518842585
45,ortho,aattgggtttatagatgtattttg,2.0,gtt,2.0,,NWVYRCIL,,False,False,10.0,4.0,6.0,400.0,1064.0,561.0,1028.0,748.0,783.0,True,False,True,True,False,False,1.0,both,0.003866871294875267,0.003521524613008926,0.003799071338117349,0.003611640316740856,0.0037850221267270944,0.003391633969541797,-2.412640282764192,-2.4532692718445297,-2.4203225512834403,-2.4422955075924246,-2.421931577329723,-2.469591023628111,V,synonymous,-0.023278154595256773,0.025013530704431925,-0.042027236827362126,0.0383238897979602,0.19687727321712992,0.14047869518842585,0.14047869518842585
46,ortho,aattgggtttatagatgtattttg,3.0,tat,3.0,,NWVYRCIL,,False,False,10.0,4.0,6.0,400.0,1064.0,561.0,1028.0,748.0,783.0,True,False,True,True,False,False,1.0,both,0.003866871294875267,0.003521524613008926,0.003799071338117349,0.003611640316740856,0.0037850221267270944,0.003391633969541797,-2.412640282764192,-2.4532692718445297,-2.4203225512834403,-2.4422955075924246,-2.421931577329723,-2.469591023628111,Y,non-synonymous,-0.023278154595256773,0.025013530704431925,-0.042027236827362126,0.0383238897979602,0.19687727321712992,0.14047869518842585,0.14047869518842585
47,ortho,aattgggtttatagatgtattttg,4.0,aga,4.0,,NWVYRCIL,,False,False,10.0,4.0,6.0,400.0,1064.0,561.0,1028.0,748.0,783.0,True,False,True,True,False,False,1.0,both,0.003866871294875267,0.003521524613008926,0.003799071338117349,0.003611640316740856,0.0037850221267270944,0.003391633969541797,-2.412640282764192,-2.4532692718445297,-2.4203225512834403,-2.4422955075924246,-2.421931577329723,-2.469591023628111,R,synonymous,-0.023278154595256773,0.025013530704431925,-0.042027236827362126,0.0383238897979602,0.19687727321712992,0.14047869518842585,0.14047869518842585
48,ortho,aattgggtttatagatgtattttg,5.0,tgt,5.0,,NWVYRCIL,,False,False,10.0,4.0,6.0,400.0,1064.0,561.0,1028.0,748.0,783.0,True,False,True,True,False,False,1.0,both,0.003866871294875267,0.003521524613008926,0.003799071338117349,0.003611640316740856,0.0037850221267270944,0.003391633969541797,-2.412640282764192,-2.4532692718445297,-2.4203225512834403,-2.4422955075924246,-2.421931577329723,-2.469591023628111,C,non-synonymous,-0.023278154595256773,0.025013530704431925,-0.042027236827362126,0.0383238897979602,0.19687727321712992,0.14047869518842585,0.14047869518842585
49,ortho,aattgggtttatagatgtattttg,6.0,att,6.0,,NWVYRCIL,,False,False,10.0,4.0,6.0,400.0,1064.0,561.0,1028.0,748.0,783.0,True,False,True,True,False,False,1.0,both,0.003866871294875267,0.003521524613008926,0.003799071338117349,0.003611640316740856,0.0037850221267270944,0.003391633969541797,-2.412640282764192,-2.4532692718445297,-2.4203225512834403,-2.4422955075924246,-2.421931577329723,-2.469591023628111,I,non-synonymous,-0.023278154595256773,0.025013530704431925,-0.042027236827362126,0.0383238897979602,0.19687727321712992,0.14047869518842585,0.14047869518842585
50,ortho,aattgggtttatagatgtgttatt,0.0,aat,1.0,,NWVYRCVI,,False,False,13.0,5.0,7.0,222.0,692.0,341.0,623.0,435.0,472.0,True,False,True,True,False,False,1.0,both,0.0023434443742288828,0.0020479454634477045,0.0022901170773836385,0.002004460375791175,0.0024616873230217566,0.0020615814324665823,-2.6301453507642796,-2.688681612754354,-2.6401423147072958,-2.6980025244697483,-2.6087671108319945,-2.6857995058917745,N,non-synonymous,-0.05326514262030789,0.06378720191492832,-0.03894672384721912,0.008336901772909078,0.2356509444276263,0.14355920816856885,0.14355920816856885
51,ortho,aattgggtttatagatgtgttatt,2.0,gtt,2.0,,NWVYRCVI,,False,False,13.0,5.0,7.0,222.0,692.0,341.0,623.0,435.0,472.0,True,False,True,True,False,False,1.0,both,0.0023434443742288828,0.0020479454634477045,0.0022901170773836385,0.002004460375791175,0.0024616873230217566,0.0020615814324665823,-2.6301453507642796,-2.688681612754354,-2.6401423147072958,-2.6980025244697483,-2.6087671108319945,-2.6857995058917745,V,synonymous,-0.05326514262030789,0.06378720191492832,-0.03894672384721912,0.008336901772909078,0.2356509444276263,0.14355920816856885,0.14355920816856885
52,ortho,aattgggtttatagatgtgttatt,3.0,tat,3.0,,NWVYRCVI,,False,False,13.0,5.0,7.0,222.0,692.0,341.0,623.0,435.0,472.0,True,False,True,True,False,False,1.0,both,0.0023434443742288828,0.0020479454634477045,0.0022901170773836385,0.002004460375791175,0.0024616873230217566,0.0020615814324665823,-2.6301453507642796,-2.688681612754354,-2.6401423147072958,-2.6980025244697483,-2.6087671108319945,-2.6857995058917745,Y,non-synonymous,-0.05326514262030789,0.06378720191492832,-0.03894672384721912,0.008336901772909078,0.2356509444276263,0.14355920816856885,0.14355920816856885
53,ortho,aattgggtttatagatgtgttatt,4.0,aga,4.0,,NWVYRCVI,,False,False,13.0,5.0,7.0,222.0,692.0,341.0,623.0,435.0,472.0,True,False,True,True,False,False,1.0,both,0.0023434443742288828,0.0020479454634477045,0.0022901170773836385,0.002004460375791175,0.0024616873230217566,0.0020615814324665823,-2.6301453507642796,-2.688681612754354,-2.6401423147072958,-2.6980025244697483,-2.6087671108319945,-2.6857995058917745,R,synonymous,-0.05326514262030789,0.06378720191492832,-0.03894672384721912,0.008336901772909078,0.2356509444276263,0.14355920816856885,0.14355920816856885
54,ortho,aattgggtttatagatgtgttatt,5.0,tgt,5.0,,NWVYRCVI,,False,False,13.0,5.0,7.0,222.0,692.0,341.0,623.0,435.0,472.0,True,False,True,True,False,False,1.0,both,0.0023434443742288828,0.0020479454634477045,0.0022901170773836385,0.002004460375791175,0.0024616873230217566,0.0020615814324665823,-2.6301453507642796,-2.688681612754354,-2.6401423147072958,-2.6980025244697483,-2.6087671108319945,-2.6857995058917745,C,non-synonymous,-0.05326514262030789,0.06378720191492832,-0.03894672384721912,0.008336901772909078,0.2356509444276263,0.14355920816856885,0.14355920816856885
55,ortho,aattgggtttatagatgtgttatt,6.0,gtt,6.0,,NWVYRCVI,,False,False,13.0,5.0,7.0,222.0,692.0,341.0,623.0,435.0,472.0,True,False,True,True,False,False,1.0,both,0.0023434443742288828,0.0020479454634477045,0.0022901170773836385,0.002004460375791175,0.0024616873230217566,0.0020615814324665823,-2.6301453507642796,-2.688681612754354,-2.6401423147072958,-2.6980025244697483,-2.6087671108319945,-2.6857995058917745,V,non-synonymous,-0.05326514262030789,0.06378720191492832,-0.03894672384721912,0.008336901772909078,0.2356509444276263,0.14355920816856885,0.14355920816856885
56,ortho,aattgggtttatagatgtgttatt,7.0,att,7.0,,NWVYRCVI,,False,False,13.0,5.0,7.0,222.0,692.0,341.0,623.0,435.0,472.0,True,False,True,True,False,False,1.0,both,0.0023434443742288828,0.0020479454634477045,0.0022901170773836385,0.002004460375791175,0.0024616873230217566,0.0020615814324665823,-2.6301453507642796,-2.688681612754354,-2.6401423147072958,-2.6980025244697483,-2.6087671108319945,-2.6857995058917745,I,non-synonymous,-0.05326514262030789,0.06378720191492832,-0.03894672384721912,0.008336901772909078,0.2356509444276263,0.14355920816856885,0.14355920816856885
57,ortho,aattgggtttatagatgtgttttg,0.0,aat,1.0,,NWVYRCVL,,False,False,11.0,4.0,6.0,1423.0,3757.0,2048.0,3031.0,2209.0,2125.0,True,False,True,True,False,False,1.0,both,0.011401251843158497,0.010399796617829837,0.01031037879118693,0.012848410426805594,0.013364970047099335,0.012381579981500178,-1.9430474610558268,-1.982975153837556,-1.9867253789550532,-1.8911505988361028,-1.8740320102253678,-1.9072239325804792,N,non-synonymous,0.0407369422675686,0.08695766264787796,0.06781671839807857,0.10233898666078556,0.25882140516057595,0.25032265041386653,0.25032265041386653
58,ortho,aattgggtttatagatgtgttttg,2.0,gtt,2.0,,NWVYRCVL,,False,False,11.0,4.0,6.0,1423.0,3757.0,2048.0,3031.0,2209.0,2125.0,True,False,True,True,False,False,1.0,both,0.011401251843158497,0.010399796617829837,0.01031037879118693,0.012848410426805594,0.013364970047099335,0.012381579981500178,-1.9430474610558268,-1.982975153837556,-1.9867253789550532,-1.8911505988361028,-1.8740320102253678,-1.9072239325804792,V,synonymous,0.0407369422675686,0.08695766264787796,0.06781671839807857,0.10233898666078556,0.25882140516057595,0.25032265041386653,0.25032265041386653
59,ortho,aattgggtttatagatgtgttttg,3.0,tat,3.0,,NWVYRCVL,,False,False,11.0,4.0,6.0,1423.0,3757.0,2048.0,3031.0,2209.0,2125.0,True,False,True,True,False,False,1.0,both,0.011401251843158497,0.010399796617829837,0.01031037879118693,0.012848410426805594,0.013364970047099335,0.012381579981500178,-1.9430474610558268,-1.982975153837556,-1.9867253789550532,-1.8911505988361028,-1.8740320102253678,-1.9072239325804792,Y,non-synonymous,0.0407369422675686,0.08695766264787796,0.06781671839807857,0.10233898666078556,0.25882140516057595,0.25032265041386653,0.25032265041386653
60,ortho,aattgggtttatagatgtgttttg,4.0,aga,4.0,,NWVYRCVL,,False,False,11.0,4.0,6.0,1423.0,3757.0,2048.0,3031.0,2209.0,2125.0,True,False,True,True,False,False,1.0,both,0.011401251843158497,0.010399796617829837,0.01031037879118693,0.012848410426805594,0.013364970047099335,0.012381579981500178,-1.9430474610558268,-1.982975153837556,-1.9867253789550532,-1.8911505988361028,-1.8740320102253678,-1.9072239325804792,R,synonymous,0.0407369422675686,0.08695766264787796,0.06781671839807857,0.10233898666078556,0.25882140516057595,0.25032265041386653,0.25032265041386653
61,ortho,aattgggtttatagatgtgttttg,5.0,tgt,5.0,,NWVYRCVL,,False,False,11.0,4.0,6.0,1423.0,3757.0,2048.0,3031.0,2209.0,2125.0,True,False,True,True,False,False,1.0,both,0.011401251843158497,0.010399796617829837,0.01031037879118693,0.012848410426805594,0.013364970047099335,0.012381579981500178,-1.9430474610558268,-1.982975153837556,-1.9867253789550532,-1.8911505988361028,-1.8740320102253678,-1.9072239325804792,C,non-synonymous,0.0407369422675686,0.08695766264787796,0.06781671839807857,0.10233898666078556,0.25882140516057595,0.25032265041386653,0.25032265041386653
62,ortho,aattgggtttatagatgtgttttg,6.0,gtt,6.0,,NWVYRCVL,,False,False,11.0,4.0,6.0,1423.0,3757.0,2048.0,3031.0,2209.0,2125.0,True,False,True,True,False,False,1.0,both,0.011401251843158497,0.010399796617829837,0.01031037879118693,0.012848410426805594,0.013364970047099335,0.012381579981500178,-1.9430474610558268,-1.982975153837556,-1.9867253789550532,-1.8911505988361028,-1.8740320102253678,-1.9072239325804792,V,non-synonymous,0.0407369422675686,0.08695766264787796,0.06781671839807857,0.10233898666078556,0.25882140516057595,0.25032265041386653,0.25032265041386653
63,ortho,aattgggtttggagatgtgttatt,0.0,aat,1.0,,NWVWRCVI,,False,False,12.0,5.0,7.0,2538.0,6815.0,3809.0,4911.0,3634.0,3638.0,True,False,True,True,False,False,1.0,both,0.018472961993319492,0.017108583480848177,0.017651368490512024,0.02291585780972073,0.024243351309816866,0.023028045971452235,-1.733463463291845,-1.7667859467369755,-1.753221618613919,-1.639863881161701,-1.6154073451180602,-1.637742912223326,N,non-synonymous,0.07347189426136566,0.12082935130405457,0.09850621931288325,0.13507393865458261,0.29269309381675257,0.2810121513286712,0.2810121513286712
64,ortho,aattgggtttggagatgtgttatt,2.0,gtt,2.0,,NWVWRCVI,,False,False,12.0,5.0,7.0,2538.0,6815.0,3809.0,4911.0,3634.0,3638.0,True,False,True,True,False,False,1.0,both,0.018472961993319492,0.017108583480848177,0.017651368490512024,0.02291585780972073,0.024243351309816866,0.023028045971452235,-1.733463463291845,-1.7667859467369755,-1.753221618613919,-1.639863881161701,-1.6154073451180602,-1.637742912223326,V,synonymous,0.07347189426136566,0.12082935130405457,0.09850621931288325,0.13507393865458261,0.29269309381675257,0.2810121513286712,0.2810121513286712
65,ortho,aattgggtttggagatgtgttatt,3.0,tgg,3.0,,NWVWRCVI,,False,False,12.0,5.0,7.0,2538.0,6815.0,3809.0,4911.0,3634.0,3638.0,True,False,True,True,False,False,1.0,both,0.018472961993319492,0.017108583480848177,0.017651368490512024,0.02291585780972073,0.024243351309816866,0.023028045971452235,-1.733463463291845,-1.7667859467369755,-1.753221618613919,-1.639863881161701,-1.6154073451180602,-1.637742912223326,W,non-synonymous,0.07347189426136566,0.12082935130405457,0.09850621931288325,0.13507393865458261,0.29269309381675257,0.2810121513286712,0.2810121513286712
66,ortho,aattgggtttggagatgtgttatt,4.0,aga,4.0,,NWVWRCVI,,False,False,12.0,5.0,7.0,2538.0,6815.0,3809.0,4911.0,3634.0,3638.0,True,False,True,True,False,False,1.0,both,0.018472961993319492,0.017108583480848177,0.017651368490512024,0.02291585780972073,0.024243351309816866,0.023028045971452235,-1.733463463291845,-1.7667859467369755,-1.753221618613919,-1.639863881161701,-1.6154073451180602,-1.637742912223326,R,synonymous,0.07347189426136566,0.12082935130405457,0.09850621931288325,0.13507393865458261,0.29269309381675257,0.2810121513286712,0.2810121513286712
67,ortho,aattgggtttggagatgtgttatt,5.0,tgt,5.0,,NWVWRCVI,,False,False,12.0,5.0,7.0,2538.0,6815.0,3809.0,4911.0,3634.0,3638.0,True,False,True,True,False,False,1.0,both,0.018472961993319492,0.017108583480848177,0.017651368490512024,0.02291585780972073,0.024243351309816866,0.023028045971452235,-1.733463463291845,-1.7667859467369755,-1.753221618613919,-1.639863881161701,-1.6154073451180602,-1.637742912223326,C,non-synonymous,0.07347189426136566,0.12082935130405457,0.09850621931288325,0.13507393865458261,0.29269309381675257,0.2810121513286712,0.2810121513286712
68,ortho,aattgggtttggagatgtgttatt,6.0,gtt,6.0,,NWVWRCVI,,False,False,12.0,5.0,7.0,2538.0,6815.0,3809.0,4911.0,3634.0,3638.0,True,False,True,True,False,False,1.0,both,0.018472961993319492,0.017108583480848177,0.017651368490512024,0.02291585780972073,0.024243351309816866,0.023028045971452235,-1.733463463291845,-1.7667859467369755,-1.753221618613919,-1.639863881161701,-1.6154073451180602,-1.637742912223326,V,non-synonymous,0.07347189426136566,0.12082935130405457,0.09850621931288325,0.13507393865458261,0.29269309381675257,0.2810121513286712,0.2810121513286712
69,ortho,aattgggtttggagatgtgttatt,7.0,att,7.0,,NWVWRCVI,,False,False,12.0,5.0,7.0,2538.0,6815.0,3809.0,4911.0,3634.0,3638.0,True,False,True,True,False,False,1.0,both,0.018472961993319492,0.017108583480848177,0.017651368490512024,0.02291585780972073,0.024243351309816866,0.023028045971452235,-1.733463463291845,-1.7667859467369755,-1.753221618613919,-1.639863881161701,-1.6154073451180602,-1.637742912223326,I,non-synonymous,0.07347189426136566,0.12082935130405457,0.09850621931288325,0.13507393865458261,0.29269309381675257,0.2810121513286712,0.2810121513286712
70,ortho,aattggttgaaaagagttgttatt,0.0,aat,1.0,,NWLKRVVI,,False,False,12.0,6.0,7.0,304.0,739.0,364.0,769.0,533.0,590.0,True,False,True,True,False,False,1.0,both,0.0028926303752520237,0.002509321682799141,0.002862646346729548,0.0027448466407230506,0.002628882849296356,0.002200632379524446,-2.538707057622018,-2.600443660682419,-2.5432323016992395,-2.5614819153116333,-2.5802287668939266,-2.657452501235216,N,non-synonymous,-0.017877344085387412,0.016135388205611792,-0.09743268154906183,0.04372470030782956,0.18799913071830976,0.08507325046672613,0.08507325046672613
71,ortho,aattggttgaaaagagttgttatt,2.0,ttg,2.0,,NWLKRVVI,,False,False,12.0,6.0,7.0,304.0,739.0,364.0,769.0,533.0,590.0,True,False,True,True,False,False,1.0,both,0.0028926303752520237,0.002509321682799141,0.002862646346729548,0.0027448466407230506,0.002628882849296356,0.002200632379524446,-2.538707057622018,-2.600443660682419,-2.5432323016992395,-2.5614819153116333,-2.5802287668939266,-2.657452501235216,L,non-synonymous,-0.017877344085387412,0.016135388205611792,-0.09743268154906183,0.04372470030782956,0.18799913071830976,0.08507325046672613,0.08507325046672613
72,ortho,aattggttgaaaagagttgttatt,3.0,aaa,3.0,,NWLKRVVI,,False,False,12.0,6.0,7.0,304.0,739.0,364.0,769.0,533.0,590.0,True,False,True,True,False,False,1.0,both,0.0028926303752520237,0.002509321682799141,0.002862646346729548,0.0027448466407230506,0.002628882849296356,0.002200632379524446,-2.538707057622018,-2.600443660682419,-2.5432323016992395,-2.5614819153116333,-2.5802287668939266,-2.657452501235216,K,non-synonymous,-0.017877344085387412,0.016135388205611792,-0.09743268154906183,0.04372470030782956,0.18799913071830976,0.08507325046672613,0.08507325046672613
73,ortho,aattggttgaaaagagttgttatt,4.0,aga,4.0,,NWLKRVVI,,False,False,12.0,6.0,7.0,304.0,739.0,364.0,769.0,533.0,590.0,True,False,True,True,False,False,1.0,both,0.0028926303752520237,0.002509321682799141,0.002862646346729548,0.0027448466407230506,0.002628882849296356,0.002200632379524446,-2.538707057622018,-2.600443660682419,-2.5432323016992395,-2.5614819153116333,-2.5802287668939266,-2.657452501235216,R,synonymous,-0.017877344085387412,0.016135388205611792,-0.09743268154906183,0.04372470030782956,0.18799913071830976,0.08507325046672613,0.08507325046672613
74,ortho,aattggttgaaaagagttgttatt,5.0,gtt,5.0,,NWLKRVVI,,False,False,12.0,6.0,7.0,304.0,739.0,364.0,769.0,533.0,590.0,True,False,True,True,False,False,1.0,both,0.0028926303752520237,0.002509321682799141,0.002862646346729548,0.0027448466407230506,0.002628882849296356,0.002200632379524446,-2.538707057622018,-2.600443660682419,-2.5432323016992395,-2.5614819153116333,-2.5802287668939266,-2.657452501235216,V,non-synonymous,-0.017877344085387412,0.016135388205611792,-0.09743268154906183,0.04372470030782956,0.18799913071830976,0.08507325046672613,0.08507325046672613
75,ortho,aattggttgaaaagagttgttatt,6.0,gtt,6.0,,NWLKRVVI,,False,False,12.0,6.0,7.0,304.0,739.0,364.0,769.0,533.0,590.0,True,False,True,True,False,False,1.0,both,0.0028926303752520237,0.002509321682799141,0.002862646346729548,0.0027448466407230506,0.002628882849296356,0.002200632379524446,-2.538707057622018,-2.600443660682419,-2.5432323016992395,-2.5614819153116333,-2.5802287668939266,-2.657452501235216,V,non-synonymous,-0.017877344085387412,0.016135388205611792,-0.09743268154906183,0.04372470030782956,0.18799913071830976,0.08507325046672613,0.08507325046672613
76,ortho,aattggttgaaaagagttgttatt,7.0,att,7.0,,NWLKRVVI,,False,False,12.0,6.0,7.0,304.0,739.0,364.0,769.0,533.0,590.0,True,False,True,True,False,False,1.0,both,0.0028926303752520237,0.002509321682799141,0.002862646346729548,0.0027448466407230506,0.002628882849296356,0.002200632379524446,-2.538707057622018,-2.600443660682419,-2.5432323016992395,-2.5614819153116333,-2.5802287668939266,-2.657452501235216,I,non-synonymous,-0.017877344085387412,0.016135388205611792,-0.09743268154906183,0.04372470030782956,0.18799913071830976,0.08507325046672613,0.08507325046672613
77,ortho,aattggttgaaaagatgtattatt,0.0,aat,1.0,,NWLKRCII,,False,False,10.0,6.0,7.0,404.0,1020.0,551.0,1079.0,800.0,724.0,True,False,True,True,False,False,1.0,both,0.004058710240438145,0.003766336484501525,0.003512806703444394,0.0036477567199082643,0.0036284986553210864,0.003331177036038378,-2.391611952740538,-2.4240808827170475,-2.4543457471442367,-2.437974133809782,-2.440273033526835,-2.477402286032487,N,non-synonymous,-0.0363924409460451,-0.01292446262312135,-0.01966780324538739,0.025209603447171866,0.15893927988957662,0.16283812877040058,0.15893927988957662
78,ortho,aattggttgaaaagatgtattatt,2.0,ttg,2.0,,NWLKRCII,,False,False,10.0,6.0,7.0,404.0,1020.0,551.0,1079.0,800.0,724.0,True,False,True,True,False,False,1.0,both,0.004058710240438145,0.003766336484501525,0.003512806703444394,0.0036477567199082643,0.0036284986553210864,0.003331177036038378,-2.391611952740538,-2.4240808827170475,-2.4543457471442367,-2.437974133809782,-2.440273033526835,-2.477402286032487,L,non-synonymous,-0.0363924409460451,-0.01292446262312135,-0.01966780324538739,0.025209603447171866,0.15893927988957662,0.16283812877040058,0.15893927988957662
79,ortho,aattggttgaaaagatgtattatt,3.0,aaa,3.0,,NWLKRCII,,False,False,10.0,6.0,7.0,404.0,1020.0,551.0,1079.0,800.0,724.0,True,False,True,True,False,False,1.0,both,0.004058710240438145,0.003766336484501525,0.003512806703444394,0.0036477567199082643,0.0036284986553210864,0.003331177036038378,-2.391611952740538,-2.4240808827170475,-2.4543457471442367,-2.437974133809782,-2.440273033526835,-2.477402286032487,K,non-synonymous,-0.0363924409460451,-0.01292446262312135,-0.01966780324538739,0.025209603447171866,0.15893927988957662,0.16283812877040058,0.15893927988957662
80,ortho,aattggttgaaaagatgtattatt,4.0,aga,4.0,,NWLKRCII,,False,False,10.0,6.0,7.0,404.0,1020.0,551.0,1079.0,800.0,724.0,True,False,True,True,False,False,1.0,both,0.004058710240438145,0.003766336484501525,0.003512806703444394,0.0036477567199082643,0.0036284986553210864,0.003331177036038378,-2.391611952740538,-2.4240808827170475,-2.4543457471442367,-2.437974133809782,-2.440273033526835,-2.477402286032487,R,synonymous,-0.0363924409460451,-0.01292446262312135,-0.01966780324538739,0.025209603447171866,0.15893927988957662,0.16283812877040058,0.15893927988957662
81,ortho,aattggttgaaaagatgtattatt,5.0,tgt,5.0,,NWLKRCII,,False,False,10.0,6.0,7.0,404.0,1020.0,551.0,1079.0,800.0,724.0,True,False,True,True,False,False,1.0,both,0.004058710240438145,0.003766336484501525,0.003512806703444394,0.0036477567199082643,0.0036284986553210864,0.003331177036038378,-2.391611952740538,-2.4240808827170475,-2.4543457471442367,-2.437974133809782,-2.440273033526835,-2.477402286032487,C,non-synonymous,-0.0363924409460451,-0.01292446262312135,-0.01966780324538739,0.025209603447171866,0.15893927988957662,0.16283812877040058,0.15893927988957662
82,ortho,aattggttgaaaagatgtattatt,6.0,att,6.0,,NWLKRCII,,False,False,10.0,6.0,7.0,404.0,1020.0,551.0,1079.0,800.0,724.0,True,False,True,True,False,False,1.0,both,0.004058710240438145,0.003766336484501525,0.003512806703444394,0.0036477567199082643,0.0036284986553210864,0.003331177036038378,-2.391611952740538,-2.4240808827170475,-2.4543457471442367,-2.437974133809782,-2.440273033526835,-2.477402286032487,I,non-synonymous,-0.0363924409460451,-0.01292446262312135,-0.01966780324538739,0.025209603447171866,0.15893927988957662,0.16283812877040058,0.15893927988957662
83,ortho,aattggttgaaaagatgtattatt,7.0,att,7.0,,NWLKRCII,,False,False,10.0,6.0,7.0,404.0,1020.0,551.0,1079.0,800.0,724.0,True,False,True,True,False,False,1.0,both,0.004058710240438145,0.003766336484501525,0.003512806703444394,0.0036477567199082643,0.0036284986553210864,0.003331177036038378,-2.391611952740538,-2.4240808827170475,-2.4543457471442367,-2.437974133809782,-2.440273033526835,-2.477402286032487,I,non-synonymous,-0.0363924409460451,-0.01292446262312135,-0.01966780324538739,0.025209603447171866,0.15893927988957662,0.16283812877040058,0.15893927988957662
84,single,acgtgggtgagacgttatacattg,0.0,acg,1.0,,TWVRRYTL,,False,False,3.0,1.0,1.0,433.0,1059.0,545.0,1099.0,896.0,875.0,True,False,True,True,False,False,1.0,both,0.004133941199482411,0.004218296862641709,0.004245450090488736,0.003909600642871976,0.003767235368612775,0.0032949028759363267,-2.3836357049999584,-2.374862860046866,-2.3720762603190706,-2.4078676025670216,-2.4239772451812676,-2.48215738260763,T,non-synonymous,-0.019021061582561692,-0.039202762028591284,-0.0939019453308366,0.042580982810655275,0.13266098048410668,0.08860398668495137,0.08860398668495137
85,single,acttgggtgagacgttatacattg,0.0,act,1.0,,TWVRRYTL,,False,False,2.0,1.0,1.0,431.0,1031.0,641.0,1081.0,927.0,885.0,True,False,True,True,False,False,1.0,both,0.004066233336342572,0.0043642424014161425,0.004293969520094322,0.003891542441288272,0.0036676295231725885,0.0038752894375691477,-2.3908077034701387,-2.360091135564494,-2.367141042643558,-2.4098782287596556,-2.435614540005236,-2.411695855365455,T,non-synonymous,-0.014969592659418851,-0.060282258319582394,-0.038006367499325726,0.04663245173379812,0.11158148419311559,0.14449956451646223,0.11158148419311559
86,ortho,agatggattaaaagatgtattatt,0.0,aga,1.0,,RWIKRCII,,False,False,13.0,6.0,7.0,1020.0,2722.0,1335.0,2241.0,1642.0,1676.0,True,False,True,True,False,False,1.0,both,0.008429628960909994,0.0077304056344393805,0.00813185640189614,0.009209682807689181,0.009683111117435292,0.008071000622706414,-2.0741915408883878,-2.111797716925569,-2.0898102990471257,-2.0357553271584696,-2.0139850844214364,-2.0930726191836784,R,non-synonymous,0.030170876479397618,0.07807336577575717,-0.00278284051566283,0.09177292087261459,0.24993710828845517,0.17972309150012514,0.17972309150012514
87,ortho,agatggattaaaagatgtattatt,2.0,att,2.0,,RWIKRCII,,False,False,13.0,6.0,7.0,1020.0,2722.0,1335.0,2241.0,1642.0,1676.0,True,False,True,True,False,False,1.0,both,0.008429628960909994,0.0077304056344393805,0.00813185640189614,0.009209682807689181,0.009683111117435292,0.008071000622706414,-2.0741915408883878,-2.111797716925569,-2.0898102990471257,-2.0357553271584696,-2.0139850844214364,-2.0930726191836784,I,non-synonymous,0.030170876479397618,0.07807336577575717,-0.00278284051566283,0.09177292087261459,0.24993710828845517,0.17972309150012514,0.17972309150012514
88,ortho,agatggattaaaagatgtattatt,3.0,aaa,3.0,,RWIKRCII,,False,False,13.0,6.0,7.0,1020.0,2722.0,1335.0,2241.0,1642.0,1676.0,True,False,True,True,False,False,1.0,both,0.008429628960909994,0.0077304056344393805,0.00813185640189614,0.009209682807689181,0.009683111117435292,0.008071000622706414,-2.0741915408883878,-2.111797716925569,-2.0898102990471257,-2.0357553271584696,-2.0139850844214364,-2.0930726191836784,K,non-synonymous,0.030170876479397618,0.07807336577575717,-0.00278284051566283,0.09177292087261459,0.24993710828845517,0.17972309150012514,0.17972309150012514
89,ortho,agatggattaaaagatgtattatt,4.0,aga,4.0,,RWIKRCII,,False,False,13.0,6.0,7.0,1020.0,2722.0,1335.0,2241.0,1642.0,1676.0,True,False,True,True,False,False,1.0,both,0.008429628960909994,0.0077304056344393805,0.00813185640189614,0.009209682807689181,0.009683111117435292,0.008071000622706414,-2.0741915408883878,-2.111797716925569,-2.0898102990471257,-2.0357553271584696,-2.0139850844214364,-2.0930726191836784,R,synonymous,0.030170876479397618,0.07807336577575717,-0.00278284051566283,0.09177292087261459,0.24993710828845517,0.17972309150012514,0.17972309150012514
90,ortho,agatggattaaaagatgtattatt,5.0,tgt,5.0,,RWIKRCII,,False,False,13.0,6.0,7.0,1020.0,2722.0,1335.0,2241.0,1642.0,1676.0,True,False,True,True,False,False,1.0,both,0.008429628960909994,0.0077304056344393805,0.00813185640189614,0.009209682807689181,0.009683111117435292,0.008071000622706414,-2.0741915408883878,-2.111797716925569,-2.0898102990471257,-2.0357553271584696,-2.0139850844214364,-2.0930726191836784,C,non-synonymous,0.030170876479397618,0.07807336577575717,-0.00278284051566283,0.09177292087261459,0.24993710828845517,0.17972309150012514,0.17972309150012514
91,ortho,agatggattaaaagatgtattatt,6.0,att,6.0,,RWIKRCII,,False,False,13.0,6.0,7.0,1020.0,2722.0,1335.0,2241.0,1642.0,1676.0,True,False,True,True,False,False,1.0,both,0.008429628960909994,0.0077304056344393805,0.00813185640189614,0.009209682807689181,0.009683111117435292,0.008071000622706414,-2.0741915408883878,-2.111797716925569,-2.0898102990471257,-2.0357553271584696,-2.0139850844214364,-2.0930726191836784,I,non-synonymous,0.030170876479397618,0.07807336577575717,-0.00278284051566283,0.09177292087261459,0.24993710828845517,0.17972309150012514,0.17972309150012514
92,ortho,agatggattaaaagatgtattatt,7.0,att,7.0,,RWIKRCII,,False,False,13.0,6.0,7.0,1020.0,2722.0,1335.0,2241.0,1642.0,1676.0,True,False,True,True,False,False,1.0,both,0.008429628960909994,0.0077304056344393805,0.00813185640189614,0.009209682807689181,0.009683111117435292,0.008071000622706414,-2.0741915408883878,-2.111797716925569,-2.0898102990471257,-2.0357553271584696,-2.0139850844214364,-2.0930726191836784,I,non-synonymous,0.030170876479397618,0.07807336577575717,-0.00278284051566283,0.09177292087261459,0.24993710828845517,0.17972309150012514,0.17972309150012514
93,single,aggtgggtgagacgttatacattg,0.0,agg,1.0,,RWVRRYTL,,False,False,3.0,1.0,1.0,377.0,941.0,479.0,1127.0,945.0,902.0,True,False,True,True,False,False,1.0,both,0.004239264542144384,0.004448984972317427,0.004376452550423817,0.0034039709985282567,0.0033474678771148454,0.0028958871148137624,-2.3727094813773424,-2.351739061199728,-2.358877775799442,-2.468014148714594,-2.4752835818614956,-2.5382183714697093,R,non-synonymous,-0.07481031733112946,-0.09861238067393036,-0.15298200508970725,-0.01320827293791249,0.07325136183876763,0.029523926926080718,0.029523926926080718
94,single,agttgggtgagacgttatacattg,0.0,agt,1.0,,SWVRRYTL,,False,False,2.0,1.0,1.0,1.0,2.0,1.0,1.0,4.0,2.0,True,False,True,True,False,False,3.0,both,3.761547952213295e-06,1.8831682422507626e-05,9.703885921117111e-06,9.02910079185214e-06,7.11470324572762e-06,6.045693350341884e-06,-5.424633397423449,-4.725110878381028,-5.013054317677402,-5.044355498920387,-5.147843209624772,-5.2185538848842725,S,non-synonymous,0.2985028021802808,-0.3374220187871631,-0.17529626083195873,0.3601048465734978,-0.16555827627446512,0.0072096711838292304,0.0072096711838292304
95,single,atgtgggtgagacgttatacattg,0.0,atg,1.0,,MWVRRYTL,,False,False,3.0,1.0,1.0,370.0,723.0,440.0,1010.0,945.0,825.0,True,False,True,True,False,False,1.0,both,0.0037991634317354277,0.004448984972317427,0.0040028529424608085,0.0033407672929852915,0.002571965223330535,0.002660105074150429,-2.4203120236408067,-2.351739061199728,-2.3976303647914587,-2.476153774853392,-2.5897349079942216,-2.5751012083980847,M,non-synonymous,-0.04383352090991075,-0.18996663645784748,-0.1513870599037199,0.017768523483306216,-0.018102893945149495,0.03111887211206807,0.017768523483306216
96,single,atttgggtgagacgttatacattg,0.0,att,1.0,,IWVRRYTL,,False,False,2.0,1.0,1.0,274.0,622.0,346.0,743.0,606.0,564.0,True,False,True,True,False,False,1.0,both,0.002794830128494478,0.0028529998870099054,0.0027364958297550254,0.002473973616967486,0.00221267270942129,0.002091809899218292,-2.553644583662874,-2.5446982455427047,-2.562805209358041,-2.606604936099999,-2.6550828205979338,-2.679477786091496,I,non-synonymous,-0.04157173916540374,-0.08810820324178789,-0.09952462051861985,0.020030305227813225,0.08375553927091009,0.08298131149716811,0.08298131149716811
97,ortho,caatgggttcaaagatctattttt,0.0,caa,1.0,,QWVQRSIF,,False,False,11.0,5.0,7.0,61.0,187.0,93.0,181.0,137.0,152.0,True,False,True,True,False,False,1.0,both,0.0006808401793506064,0.0006449851229708862,0.0007374953300049005,0.0005507751483029806,0.0006652247534755326,0.0005622494815817952,-3.1669548225542647,-3.190450302552584,-3.132240725396611,-3.25902566390962,-3.1770315987522535,-3.2500709363303373,Q,non-synonymous,-0.07227189445365148,0.010710716430165627,-0.10051211139014345,-0.010669850060434513,0.18257445894286362,0.08199382062564452,0.08199382062564452
98,ortho,caatgggttcaaagatctattttt,2.0,gtt,2.0,,QWVQRSIF,,False,False,11.0,5.0,7.0,61.0,187.0,93.0,181.0,137.0,152.0,True,False,True,True,False,False,1.0,both,0.0006808401793506064,0.0006449851229708862,0.0007374953300049005,0.0005507751483029806,0.0006652247534755326,0.0005622494815817952,-3.1669548225542647,-3.190450302552584,-3.132240725396611,-3.25902566390962,-3.1770315987522535,-3.2500709363303373,V,synonymous,-0.07227189445365148,0.010710716430165627,-0.10051211139014345,-0.010669850060434513,0.18257445894286362,0.08199382062564452,0.08199382062564452
99,ortho,caatgggttcaaagatctattttt,3.0,caa,3.0,,QWVQRSIF,,False,False,11.0,5.0,7.0,61.0,187.0,93.0,181.0,137.0,152.0,True,False,True,True,False,False,1.0,both,0.0006808401793506064,0.0006449851229708862,0.0007374953300049005,0.0005507751483029806,0.0006652247534755326,0.0005622494815817952,-3.1669548225542647,-3.190450302552584,-3.132240725396611,-3.25902566390962,-3.1770315987522535,-3.2500709363303373,Q,non-synonymous,-0.07227189445365148,0.010710716430165627,-0.10051211139014345,-0.010669850060434513,0.18257445894286362,0.08199382062564452,0.08199382062564452
100,ortho,caatgggttcaaagatctattttt,4.0,aga,4.0,,QWVQRSIF,,False,False,11.0,5.0,7.0,61.0,187.0,93.0,181.0,137.0,152.0,True,False,True,True,False,False,1.0,both,0.0006808401793506064,0.0006449851229708862,0.0007374953300049005,0.0005507751483029806,0.0006652247534755326,0.0005622494815817952,-3.1669548225542647,-3.190450302552584,-3.132240725396611,-3.25902566390962,-3.1770315987522535,-3.2500709363303373,R,synonymous,-0.07227189445365148,0.010710716430165627,-0.10051211139014345,-0.010669850060434513,0.18257445894286362,0.08199382062564452,0.08199382062564452
101,ortho,caatgggttcaaagatctattttt,5.0,tct,5.0,,QWVQRSIF,,False,False,11.0,5.0,7.0,61.0,187.0,93.0,181.0,137.0,152.0,True,False,True,True,False,False,1.0,both,0.0006808401793506064,0.0006449851229708862,0.0007374953300049005,0.0005507751483029806,0.0006652247534755326,0.0005622494815817952,-3.1669548225542647,-3.190450302552584,-3.132240725396611,-3.25902566390962,-3.1770315987522535,-3.2500709363303373,S,non-synonymous,-0.07227189445365148,0.010710716430165627,-0.10051211139014345,-0.010669850060434513,0.18257445894286362,0.08199382062564452,0.08199382062564452
102,ortho,caatgggttcaaagatctattttt,6.0,att,6.0,,QWVQRSIF,,False,False,11.0,5.0,7.0,61.0,187.0,93.0,181.0,137.0,152.0,True,False,True,True,False,False,1.0,both,0.0006808401793506064,0.0006449851229708862,0.0007374953300049005,0.0005507751483029806,0.0006652247534755326,0.0005622494815817952,-3.1669548225542647,-3.190450302552584,-3.132240725396611,-3.25902566390962,-3.1770315987522535,-3.2500709363303373,I,non-synonymous,-0.07227189445365148,0.010710716430165627,-0.10051211139014345,-0.010669850060434513,0.18257445894286362,0.08199382062564452,0.08199382062564452
103,ortho,caatgggttcaaagatctattttt,7.0,ttt,7.0,,QWVQRSIF,,False,False,11.0,5.0,7.0,61.0,187.0,93.0,181.0,137.0,152.0,True,False,True,True,False,False,1.0,both,0.0006808401793506064,0.0006449851229708862,0.0007374953300049005,0.0005507751483029806,0.0006652247534755326,0.0005622494815817952,-3.1669548225542647,-3.190450302552584,-3.132240725396611,-3.25902566390962,-3.1770315987522535,-3.2500709363303373,F,non-synonymous,-0.07227189445365148,0.010710716430165627,-0.10051211139014345,-0.010669850060434513,0.18257445894286362,0.08199382062564452,0.08199382062564452
104,single,cagtgggtgagacgttatacattg,0.0,cag,1.0,,QWVRRYTL,,False,False,2.0,1.0,1.0,3.0,5.0,1.0,5.0,3.0,5.0,True,False,True,True,False,False,2.0,both,1.8807739761066475e-05,1.4123761816880721e-05,2.4259714802792778e-05,2.7087302375556417e-05,1.7786758114319052e-05,6.045693350341884e-06,-4.72566339308743,-4.850049614989328,-4.615114309005365,-4.5672342442007245,-4.749903200952733,-5.2185538848842725,Q,non-synonymous,0.12436048762202181,0.07993617403027321,-0.5147490222356986,0.18596253201523877,0.2517999165429712,-0.33224309021991066,0.18596253201523877
105,ortho,cattgggttcaaagatgtattgtt,0.0,cat,1.0,,HWVQRCIV,,False,False,11.0,5.0,7.0,720.0,1876.0,1213.0,1838.0,1387.0,1500.0,True,False,True,True,False,False,1.0,both,0.006913725136168036,0.00652988588000452,0.007277914440837833,0.00650095257013354,0.006673591644492508,0.007333426033964705,-2.1602878903733567,-2.185094408635706,-2.1379930542857024,-2.1870230024891186,-2.1756403712457066,-2.1346930840176994,H,non-synonymous,-0.020985983972704337,0.007546147162289265,0.002814957017672111,0.040616060420512634,0.17940988967498725,0.18532088903346008,0.17940988967498725
106,ortho,cattgggttcaaagatgtattgtt,2.0,gtt,2.0,,HWVQRCIV,,False,False,11.0,5.0,7.0,720.0,1876.0,1213.0,1838.0,1387.0,1500.0,True,False,True,True,False,False,1.0,both,0.006913725136168036,0.00652988588000452,0.007277914440837833,0.00650095257013354,0.006673591644492508,0.007333426033964705,-2.1602878903733567,-2.185094408635706,-2.1379930542857024,-2.1870230024891186,-2.1756403712457066,-2.1346930840176994,V,synonymous,-0.020985983972704337,0.007546147162289265,0.002814957017672111,0.040616060420512634,0.17940988967498725,0.18532088903346008,0.17940988967498725
107,ortho,cattgggttcaaagatgtattgtt,3.0,caa,3.0,,HWVQRCIV,,False,False,11.0,5.0,7.0,720.0,1876.0,1213.0,1838.0,1387.0,1500.0,True,False,True,True,False,False,1.0,both,0.006913725136168036,0.00652988588000452,0.007277914440837833,0.00650095257013354,0.006673591644492508,0.007333426033964705,-2.1602878903733567,-2.185094408635706,-2.1379930542857024,-2.1870230024891186,-2.1756403712457066,-2.1346930840176994,Q,non-synonymous,-0.020985983972704337,0.007546147162289265,0.002814957017672111,0.040616060420512634,0.17940988967498725,0.18532088903346008,0.17940988967498725
108,ortho,cattgggttcaaagatgtattgtt,4.0,aga,4.0,,HWVQRCIV,,False,False,11.0,5.0,7.0,720.0,1876.0,1213.0,1838.0,1387.0,1500.0,True,False,True,True,False,False,1.0,both,0.006913725136168036,0.00652988588000452,0.007277914440837833,0.00650095257013354,0.006673591644492508,0.007333426033964705,-2.1602878903733567,-2.185094408635706,-2.1379930542857024,-2.1870230024891186,-2.1756403712457066,-2.1346930840176994,R,synonymous,-0.020985983972704337,0.007546147162289265,0.002814957017672111,0.040616060420512634,0.17940988967498725,0.18532088903346008,0.17940988967498725
109,ortho,cattgggttcaaagatgtattgtt,5.0,tgt,5.0,,HWVQRCIV,,False,False,11.0,5.0,7.0,720.0,1876.0,1213.0,1838.0,1387.0,1500.0,True,False,True,True,False,False,1.0,both,0.006913725136168036,0.00652988588000452,0.007277914440837833,0.00650095257013354,0.006673591644492508,0.007333426033964705,-2.1602878903733567,-2.185094408635706,-2.1379930542857024,-2.1870230024891186,-2.1756403712457066,-2.1346930840176994,C,non-synonymous,-0.020985983972704337,0.007546147162289265,0.002814957017672111,0.040616060420512634,0.17940988967498725,0.18532088903346008,0.17940988967498725
110,ortho,cattgggttcaaagatgtattgtt,6.0,att,6.0,,HWVQRCIV,,False,False,11.0,5.0,7.0,720.0,1876.0,1213.0,1838.0,1387.0,1500.0,True,False,True,True,False,False,1.0,both,0.006913725136168036,0.00652988588000452,0.007277914440837833,0.00650095257013354,0.006673591644492508,0.007333426033964705,-2.1602878903733567,-2.185094408635706,-2.1379930542857024,-2.1870230024891186,-2.1756403712457066,-2.1346930840176994,I,non-synonymous,-0.020985983972704337,0.007546147162289265,0.002814957017672111,0.040616060420512634,0.17940988967498725,0.18532088903346008,0.17940988967498725
111,ortho,cattgggttcaaagatgtattgtt,7.0,gtt,7.0,,HWVQRCIV,,False,False,11.0,5.0,7.0,720.0,1876.0,1213.0,1838.0,1387.0,1500.0,True,False,True,True,False,False,1.0,both,0.006913725136168036,0.00652988588000452,0.007277914440837833,0.00650095257013354,0.006673591644492508,0.007333426033964705,-2.1602878903733567,-2.185094408635706,-2.1379930542857024,-2.1870230024891186,-2.1756403712457066,-2.1346930840176994,V,non-synonymous,-0.020985983972704337,0.007546147162289265,0.002814957017672111,0.040616060420512634,0.17940988967498725,0.18532088903346008,0.17940988967498725
112,single,ccgtgggtgagacgttatacattg,0.0,ccg,1.0,,PWVRRYTL,,False,False,3.0,1.0,1.0,753.0,1807.0,1038.0,1966.0,1643.0,1636.0,True,False,True,True,False,False,1.0,both,0.0073952032740513375,0.007735113555045007,0.007937778683473798,0.006798912896264661,0.0064281343825149054,0.006275429697654876,-2.131049883927332,-2.1115333062739294,-2.1003010140060794,-2.1675605227196866,-2.1919150527278206,-2.202356531371833,P,non-synonymous,-0.028659377870265703,-0.06416015326367679,-0.08705590398386798,0.03294266652295126,0.1077035892490212,0.09545002803191999,0.09545002803191999
113,single,ccttgggtgagacgttatacattg,0.0,cct,1.0,,PWVRRYTL,,False,False,2.0,1.0,1.0,3.0,2.0,1.0,3.0,4.0,3.0,True,False,True,True,False,False,3.0,both,1.1284643856639884e-05,1.8831682422507626e-05,1.4555828881675667e-05,2.7087302375556417e-05,7.11470324572762e-06,6.045693350341884e-06,-4.947512142703786,-4.725110878381028,-4.836963058621722,-4.5672342442007245,-5.147843209624772,-5.2185538848842725,P,non-synonymous,0.29850280218028075,-0.3374220187871631,-0.32550650067435577,0.3601048465734977,-0.16555827627446512,-0.1430005686585678,-0.1430005686585678
114,single,cgttgggtgagacgttatacattg,0.0,cgt,1.0,,RWVRRYTL,,False,False,2.0,1.0,1.0,191.0,479.0,295.0,555.0,507.0,418.0,True,False,True,True,False,False,1.0,both,0.0020876591134783786,0.0023869157470528418,0.002028112157513476,0.0017245582512437586,0.0017039714273517652,0.0017834795383508558,-2.680340414300773,-2.622162910375655,-2.6929080315663487,-2.7633221316726595,-2.7685376918741893,-2.7487318689061095,R,non-synonymous,-0.06513729896674711,-0.11683533674240679,-0.04761912681354022,-0.0035352545735301416,0.055028405770291194,0.13488680520224774,0.055028405770291194
115,single,ctgtgggtgagacgttatacattg,0.0,ctg,1.0,,LWVRRYTL,,False,False,3.0,1.0,1.0,288.0,718.0,423.0,726.0,684.0,638.0,True,False,True,True,False,False,1.0,both,0.002730883813306852,0.0032202176942488043,0.0030955396088363585,0.002600381028053416,0.0025541784652162156,0.002557328287194617,-2.563696776723355,-2.4921147679888747,-2.509263634620221,-2.584963011161156,-2.592748761046452,-2.5922135175092302,L,non-synonymous,-0.016693135721257895,-0.08032535622765609,-0.07075832083020565,0.04490890867195907,0.09153838628504189,0.11174761118558231,0.09153838628504189
116,single,ctttgggtgagacgttatacattg,0.0,ctt,1.0,,LWVRRYTL,,False,False,2.0,1.0,1.0,120.0,254.0,182.0,324.0,252.0,258.0,True,False,True,True,False,False,1.0,both,0.0012187415365171076,0.0011863959926179805,0.0012518012838241073,0.0010834920950222567,0.0009035673122074078,0.001100316189762223,-2.914088387216837,-2.925770328927447,-2.9024646073781533,-2.9651742528727625,-3.0440394886688145,-2.9584824968991974,L,non-synonymous,-0.040100342697082354,-0.09440162412650668,-0.04778465816841152,0.021501701696134613,0.0774621183861913,0.13472127384737645,0.0774621183861913
117,ortho,gaatggattagaagatatactttg,0.0,gaa,1.0,,EWIRRYTL,,False,False,6.0,2.0,4.0,234.0,611.0,286.0,550.0,417.0,410.0,True,False,True,True,False,False,1.0,both,0.0020688513737173123,0.0019632028925464203,0.001989296613829008,0.0021128095852934008,0.002173541841569788,0.0017290682981977788,-2.684270707929205,-2.707034814735233,-2.7013004566216483,-2.675139641510244,-2.662831995046198,-2.7621878517552294,E,non-synonymous,0.0071675186059548405,0.03528238450954766,-0.051938468016189454,0.06876956299917181,0.20714612702224564,0.1305674639995985,0.1305674639995985
118,ortho,gaatggattagaagatatactttg,2.0,att,2.0,,EWIRRYTL,,False,False,6.0,2.0,4.0,234.0,611.0,286.0,550.0,417.0,410.0,True,False,True,True,False,False,1.0,both,0.0020688513737173123,0.0019632028925464203,0.001989296613829008,0.0021128095852934008,0.002173541841569788,0.0017290682981977788,-2.684270707929205,-2.707034814735233,-2.7013004566216483,-2.675139641510244,-2.662831995046198,-2.7621878517552294,I,non-synonymous,0.0071675186059548405,0.03528238450954766,-0.051938468016189454,0.06876956299917181,0.20714612702224564,0.1305674639995985,0.1305674639995985
119,ortho,gaatggattagaagatatactttg,4.0,aga,3.0,,EWIRRYTL,,False,False,6.0,2.0,4.0,234.0,611.0,286.0,550.0,417.0,410.0,True,False,True,True,False,False,1.0,both,0.0020688513737173123,0.0019632028925464203,0.001989296613829008,0.0021128095852934008,0.002173541841569788,0.0017290682981977788,-2.684270707929205,-2.707034814735233,-2.7013004566216483,-2.675139641510244,-2.662831995046198,-2.7621878517552294,R,synonymous,0.0071675186059548405,0.03528238450954766,-0.051938468016189454,0.06876956299917181,0.20714612702224564,0.1305674639995985,0.1305674639995985
120,ortho,gaatggattagaagatatactttg,6.0,act,4.0,,EWIRRYTL,,False,False,6.0,2.0,4.0,234.0,611.0,286.0,550.0,417.0,410.0,True,False,True,True,False,False,1.0,both,0.0020688513737173123,0.0019632028925464203,0.001989296613829008,0.0021128095852934008,0.002173541841569788,0.0017290682981977788,-2.684270707929205,-2.707034814735233,-2.7013004566216483,-2.675139641510244,-2.662831995046198,-2.7621878517552294,T,synonymous,0.0071675186059548405,0.03528238450954766,-0.051938468016189454,0.06876956299917181,0.20714612702224564,0.1305674639995985,0.1305674639995985
121,ortho,gaatggattcaaagatgtgttttg,0.0,gaa,1.0,,EWIQRCVL,,False,False,11.0,5.0,6.0,198.0,454.0,245.0,443.0,357.0,348.0,True,False,True,True,False,False,1.0,both,0.0016663657428304896,0.0016807276562088057,0.0016884761502743773,0.0017877619567867235,0.00161503763678017,0.0014811948708337616,-2.7782296712003793,-2.7745026535967976,-2.7725050693948026,-2.747690308658856,-2.7918173524316483,-2.82938780051974,E,non-synonymous,0.023972167016093057,-0.01382047268151451,-0.04852238964607329,0.08557421140931003,0.15804326983118347,0.13398354236971466,0.13398354236971466
122,ortho,gaatggattcaaagatgtgttttg,2.0,att,2.0,,EWIQRCVL,,False,False,11.0,5.0,6.0,198.0,454.0,245.0,443.0,357.0,348.0,True,False,True,True,False,False,1.0,both,0.0016663657428304896,0.0016807276562088057,0.0016884761502743773,0.0017877619567867235,0.00161503763678017,0.0014811948708337616,-2.7782296712003793,-2.7745026535967976,-2.7725050693948026,-2.747690308658856,-2.7918173524316483,-2.82938780051974,I,non-synonymous,0.023972167016093057,-0.01382047268151451,-0.04852238964607329,0.08557421140931003,0.15804326983118347,0.13398354236971466,0.13398354236971466
123,ortho,gaatggattcaaagatgtgttttg,3.0,caa,3.0,,EWIQRCVL,,False,False,11.0,5.0,6.0,198.0,454.0,245.0,443.0,357.0,348.0,True,False,True,True,False,False,1.0,both,0.0016663657428304896,0.0016807276562088057,0.0016884761502743773,0.0017877619567867235,0.00161503763678017,0.0014811948708337616,-2.7782296712003793,-2.7745026535967976,-2.7725050693948026,-2.747690308658856,-2.7918173524316483,-2.82938780051974,Q,non-synonymous,0.023972167016093057,-0.01382047268151451,-0.04852238964607329,0.08557421140931003,0.15804326983118347,0.13398354236971466,0.13398354236971466
124,ortho,gaatggattcaaagatgtgttttg,4.0,aga,4.0,,EWIQRCVL,,False,False,11.0,5.0,6.0,198.0,454.0,245.0,443.0,357.0,348.0,True,False,True,True,False,False,1.0,both,0.0016663657428304896,0.0016807276562088057,0.0016884761502743773,0.0017877619567867235,0.00161503763678017,0.0014811948708337616,-2.7782296712003793,-2.7745026535967976,-2.7725050693948026,-2.747690308658856,-2.7918173524316483,-2.82938780051974,R,synonymous,0.023972167016093057,-0.01382047268151451,-0.04852238964607329,0.08557421140931003,0.15804326983118347,0.13398354236971466,0.13398354236971466
125,ortho,gaatggattcaaagatgtgttttg,5.0,tgt,5.0,,EWIQRCVL,,False,False,11.0,5.0,6.0,198.0,454.0,245.0,443.0,357.0,348.0,True,False,True,True,False,False,1.0,both,0.0016663657428304896,0.0016807276562088057,0.0016884761502743773,0.0017877619567867235,0.00161503763678017,0.0014811948708337616,-2.7782296712003793,-2.7745026535967976,-2.7725050693948026,-2.747690308658856,-2.7918173524316483,-2.82938780051974,C,non-synonymous,0.023972167016093057,-0.01382047268151451,-0.04852238964607329,0.08557421140931003,0.15804326983118347,0.13398354236971466,0.13398354236971466
126,ortho,gaatggattcaaagatgtgttttg,6.0,gtt,6.0,,EWIQRCVL,,False,False,11.0,5.0,6.0,198.0,454.0,245.0,443.0,357.0,348.0,True,False,True,True,False,False,1.0,both,0.0016663657428304896,0.0016807276562088057,0.0016884761502743773,0.0017877619567867235,0.00161503763678017,0.0014811948708337616,-2.7782296712003793,-2.7745026535967976,-2.7725050693948026,-2.747690308658856,-2.7918173524316483,-2.82938780051974,V,non-synonymous,0.023972167016093057,-0.01382047268151451,-0.04852238964607329,0.08557421140931003,0.15804326983118347,0.13398354236971466,0.13398354236971466
127,ortho,gaatgggttaaaagatgtattttg,0.0,gaa,1.0,,EWVKRCIL,,False,False,8.0,4.0,6.0,165.0,427.0,237.0,408.0,300.0,328.0,True,False,True,True,False,False,1.0,both,0.0015347115645030242,0.001412376181688072,0.0015914372910632063,0.001489801630655603,0.001518989142962847,0.0014328293240310265,-2.8139732343335693,-2.8500496149893286,-2.7982104696297045,-2.826871554706481,-2.8184453302637285,-2.8438055388741685,E,non-synonymous,-0.010124660912162195,0.025226321164177716,-0.038893732281600556,0.051477383481054774,0.1970900636768757,0.1436121997341874,0.1436121997341874
128,ortho,gaatgggttaaaagatgtattttg,2.0,gtt,2.0,,EWVKRCIL,,False,False,8.0,4.0,6.0,165.0,427.0,237.0,408.0,300.0,328.0,True,False,True,True,False,False,1.0,both,0.0015347115645030242,0.001412376181688072,0.0015914372910632063,0.001489801630655603,0.001518989142962847,0.0014328293240310265,-2.8139732343335693,-2.8500496149893286,-2.7982104696297045,-2.826871554706481,-2.8184453302637285,-2.8438055388741685,V,synonymous,-0.010124660912162195,0.025226321164177716,-0.038893732281600556,0.051477383481054774,0.1970900636768757,0.1436121997341874,0.1436121997341874
129,ortho,gaatgggttaaaagatgtattttg,3.0,aaa,3.0,,EWVKRCIL,,False,False,8.0,4.0,6.0,165.0,427.0,237.0,408.0,300.0,328.0,True,False,True,True,False,False,1.0,both,0.0015347115645030242,0.001412376181688072,0.0015914372910632063,0.001489801630655603,0.001518989142962847,0.0014328293240310265,-2.8139732343335693,-2.8500496149893286,-2.7982104696297045,-2.826871554706481,-2.8184453302637285,-2.8438055388741685,K,non-synonymous,-0.010124660912162195,0.025226321164177716,-0.038893732281600556,0.051477383481054774,0.1970900636768757,0.1436121997341874,0.1436121997341874
130,ortho,gaatgggttaaaagatgtattttg,4.0,aga,4.0,,EWVKRCIL,,False,False,8.0,4.0,6.0,165.0,427.0,237.0,408.0,300.0,328.0,True,False,True,True,False,False,1.0,both,0.0015347115645030242,0.001412376181688072,0.0015914372910632063,0.001489801630655603,0.001518989142962847,0.0014328293240310265,-2.8139732343335693,-2.8500496149893286,-2.7982104696297045,-2.826871554706481,-2.8184453302637285,-2.8438055388741685,R,synonymous,-0.010124660912162195,0.025226321164177716,-0.038893732281600556,0.051477383481054774,0.1970900636768757,0.1436121997341874,0.1436121997341874
131,ortho,gaatgggttaaaagatgtattttg,5.0,tgt,5.0,,EWVKRCIL,,False,False,8.0,4.0,6.0,165.0,427.0,237.0,408.0,300.0,328.0,True,False,True,True,False,False,1.0,both,0.0015347115645030242,0.001412376181688072,0.0015914372910632063,0.001489801630655603,0.001518989142962847,0.0014328293240310265,-2.8139732343335693,-2.8500496149893286,-2.7982104696297045,-2.826871554706481,-2.8184453302637285,-2.8438055388741685,C,non-synonymous,-0.010124660912162195,0.025226321164177716,-0.038893732281600556,0.051477383481054774,0.1970900636768757,0.1436121997341874,0.1436121997341874
132,ortho,gaatgggttaaaagatgtattttg,6.0,att,6.0,,EWVKRCIL,,False,False,8.0,4.0,6.0,165.0,427.0,237.0,408.0,300.0,328.0,True,False,True,True,False,False,1.0,both,0.0015347115645030242,0.001412376181688072,0.0015914372910632063,0.001489801630655603,0.001518989142962847,0.0014328293240310265,-2.8139732343335693,-2.8500496149893286,-2.7982104696297045,-2.826871554706481,-2.8184453302637285,-2.8438055388741685,I,non-synonymous,-0.010124660912162195,0.025226321164177716,-0.038893732281600556,0.051477383481054774,0.1970900636768757,0.1436121997341874,0.1436121997341874
133,ortho,gaatgggttcaaagatgtactgct,0.0,gaa,1.0,,EWVQRCTA,,False,False,11.0,4.0,7.0,33.0,78.0,31.0,67.0,52.0,63.0,True,False,True,True,False,False,1.0,both,0.00025202371279829075,0.00024481187149259917,0.000305672406515189,0.0002979603261311206,0.0002774734265833772,0.0001874164938605984,-3.598558594722623,-3.611167526074192,-3.514743763887802,-3.5258415590424996,-3.556778602598272,-3.72719219105,E,non-synonymous,0.057079938124738,0.043412861999248896,-0.18122381184226174,0.11868198251795498,0.21527660451194688,0.0012821201735262189,0.11868198251795498
134,ortho,gaatgggttcaaagatgtactgct,2.0,gtt,2.0,,EWVQRCTA,,False,False,11.0,4.0,7.0,33.0,78.0,31.0,67.0,52.0,63.0,True,False,True,True,False,False,1.0,both,0.00025202371279829075,0.00024481187149259917,0.000305672406515189,0.0002979603261311206,0.0002774734265833772,0.0001874164938605984,-3.598558594722623,-3.611167526074192,-3.514743763887802,-3.5258415590424996,-3.556778602598272,-3.72719219105,V,synonymous,0.057079938124738,0.043412861999248896,-0.18122381184226174,0.11868198251795498,0.21527660451194688,0.0012821201735262189,0.11868198251795498
135,ortho,gaatgggttcaaagatgtactgct,3.0,caa,3.0,,EWVQRCTA,,False,False,11.0,4.0,7.0,33.0,78.0,31.0,67.0,52.0,63.0,True,False,True,True,False,False,1.0,both,0.00025202371279829075,0.00024481187149259917,0.000305672406515189,0.0002979603261311206,0.0002774734265833772,0.0001874164938605984,-3.598558594722623,-3.611167526074192,-3.514743763887802,-3.5258415590424996,-3.556778602598272,-3.72719219105,Q,non-synonymous,0.057079938124738,0.043412861999248896,-0.18122381184226174,0.11868198251795498,0.21527660451194688,0.0012821201735262189,0.11868198251795498
136,ortho,gaatgggttcaaagatgtactgct,4.0,aga,4.0,,EWVQRCTA,,False,False,11.0,4.0,7.0,33.0,78.0,31.0,67.0,52.0,63.0,True,False,True,True,False,False,1.0,both,0.00025202371279829075,0.00024481187149259917,0.000305672406515189,0.0002979603261311206,0.0002774734265833772,0.0001874164938605984,-3.598558594722623,-3.611167526074192,-3.514743763887802,-3.5258415590424996,-3.556778602598272,-3.72719219105,R,synonymous,0.057079938124738,0.043412861999248896,-0.18122381184226174,0.11868198251795498,0.21527660451194688,0.0012821201735262189,0.11868198251795498
137,ortho,gaatgggttcaaagatgtactgct,5.0,tgt,5.0,,EWVQRCTA,,False,False,11.0,4.0,7.0,33.0,78.0,31.0,67.0,52.0,63.0,True,False,True,True,False,False,1.0,both,0.00025202371279829075,0.00024481187149259917,0.000305672406515189,0.0002979603261311206,0.0002774734265833772,0.0001874164938605984,-3.598558594722623,-3.611167526074192,-3.514743763887802,-3.5258415590424996,-3.556778602598272,-3.72719219105,C,non-synonymous,0.057079938124738,0.043412861999248896,-0.18122381184226174,0.11868198251795498,0.21527660451194688,0.0012821201735262189,0.11868198251795498
138,ortho,gaatgggttcaaagatgtactgct,6.0,act,6.0,,EWVQRCTA,,False,False,11.0,4.0,7.0,33.0,78.0,31.0,67.0,52.0,63.0,True,False,True,True,False,False,1.0,both,0.00025202371279829075,0.00024481187149259917,0.000305672406515189,0.0002979603261311206,0.0002774734265833772,0.0001874164938605984,-3.598558594722623,-3.611167526074192,-3.514743763887802,-3.5258415590424996,-3.556778602598272,-3.72719219105,T,synonymous,0.057079938124738,0.043412861999248896,-0.18122381184226174,0.11868198251795498,0.21527660451194688,0.0012821201735262189,0.11868198251795498
139,ortho,gaatgggttcaaagatgtactgct,7.0,gct,7.0,,EWVQRCTA,,False,False,11.0,4.0,7.0,33.0,78.0,31.0,67.0,52.0,63.0,True,False,True,True,False,False,1.0,both,0.00025202371279829075,0.00024481187149259917,0.000305672406515189,0.0002979603261311206,0.0002774734265833772,0.0001874164938605984,-3.598558594722623,-3.611167526074192,-3.514743763887802,-3.5258415590424996,-3.556778602598272,-3.72719219105,A,non-synonymous,0.057079938124738,0.043412861999248896,-0.18122381184226174,0.11868198251795498,0.21527660451194688,0.0012821201735262189,0.11868198251795498
140,ortho,gaatgggttcaaagatgtgttgtt,0.0,gaa,1.0,,EWVQRCVV,,False,False,12.0,5.0,7.0,235.0,642.0,404.0,592.0,438.0,417.0,True,False,True,True,False,False,1.0,both,0.0022268363877102704,0.0020620692252645853,0.0020232602145529178,0.002121838686085253,0.0022838197418785663,0.002442460113538121,-2.6523116907005293,-2.6856967592048915,-2.693948258367626,-2.673287636648651,-2.6413381772198994,-2.6121725197736674,E,non-synonymous,-0.01646527097300122,0.03540671289530923,0.06975674643568508,0.04513677342021575,0.2072704554080072,0.25226267845147304,0.2072704554080072
141,ortho,gaatgggttcaaagatgtgttgtt,2.0,gtt,2.0,,EWVQRCVV,,False,False,12.0,5.0,7.0,235.0,642.0,404.0,592.0,438.0,417.0,True,False,True,True,False,False,1.0,both,0.0022268363877102704,0.0020620692252645853,0.0020232602145529178,0.002121838686085253,0.0022838197418785663,0.002442460113538121,-2.6523116907005293,-2.6856967592048915,-2.693948258367626,-2.673287636648651,-2.6413381772198994,-2.6121725197736674,V,synonymous,-0.01646527097300122,0.03540671289530923,0.06975674643568508,0.04513677342021575,0.2072704554080072,0.25226267845147304,0.2072704554080072
142,ortho,gaatgggttcaaagatgtgttgtt,3.0,caa,3.0,,EWVQRCVV,,False,False,12.0,5.0,7.0,235.0,642.0,404.0,592.0,438.0,417.0,True,False,True,True,False,False,1.0,both,0.0022268363877102704,0.0020620692252645853,0.0020232602145529178,0.002121838686085253,0.0022838197418785663,0.002442460113538121,-2.6523116907005293,-2.6856967592048915,-2.693948258367626,-2.673287636648651,-2.6413381772198994,-2.6121725197736674,Q,non-synonymous,-0.01646527097300122,0.03540671289530923,0.06975674643568508,0.04513677342021575,0.2072704554080072,0.25226267845147304,0.2072704554080072
143,ortho,gaatgggttcaaagatgtgttgtt,4.0,aga,4.0,,EWVQRCVV,,False,False,12.0,5.0,7.0,235.0,642.0,404.0,592.0,438.0,417.0,True,False,True,True,False,False,1.0,both,0.0022268363877102704,0.0020620692252645853,0.0020232602145529178,0.002121838686085253,0.0022838197418785663,0.002442460113538121,-2.6523116907005293,-2.6856967592048915,-2.693948258367626,-2.673287636648651,-2.6413381772198994,-2.6121725197736674,R,synonymous,-0.01646527097300122,0.03540671289530923,0.06975674643568508,0.04513677342021575,0.2072704554080072,0.25226267845147304,0.2072704554080072
144,ortho,gaatgggttcaaagatgtgttgtt,5.0,tgt,5.0,,EWVQRCVV,,False,False,12.0,5.0,7.0,235.0,642.0,404.0,592.0,438.0,417.0,True,False,True,True,False,False,1.0,both,0.0022268363877102704,0.0020620692252645853,0.0020232602145529178,0.002121838686085253,0.0022838197418785663,0.002442460113538121,-2.6523116907005293,-2.6856967592048915,-2.693948258367626,-2.673287636648651,-2.6413381772198994,-2.6121725197736674,C,non-synonymous,-0.01646527097300122,0.03540671289530923,0.06975674643568508,0.04513677342021575,0.2072704554080072,0.25226267845147304,0.2072704554080072
145,ortho,gaatgggttcaaagatgtgttgtt,6.0,gtt,6.0,,EWVQRCVV,,False,False,12.0,5.0,7.0,235.0,642.0,404.0,592.0,438.0,417.0,True,False,True,True,False,False,1.0,both,0.0022268363877102704,0.0020620692252645853,0.0020232602145529178,0.002121838686085253,0.0022838197418785663,0.002442460113538121,-2.6523116907005293,-2.6856967592048915,-2.693948258367626,-2.673287636648651,-2.6413381772198994,-2.6121725197736674,V,non-synonymous,-0.01646527097300122,0.03540671289530923,0.06975674643568508,0.04513677342021575,0.2072704554080072,0.25226267845147304,0.2072704554080072
146,ortho,gaatgggttcaaagatgtgttgtt,7.0,gtt,7.0,,EWVQRCVV,,False,False,12.0,5.0,7.0,235.0,642.0,404.0,592.0,438.0,417.0,True,False,True,True,False,False,1.0,both,0.0022268363877102704,0.0020620692252645853,0.0020232602145529178,0.002121838686085253,0.0022838197418785663,0.002442460113538121,-2.6523116907005293,-2.6856967592048915,-2.693948258367626,-2.673287636648651,-2.6413381772198994,-2.6121725197736674,V,non-synonymous,-0.01646527097300122,0.03540671289530923,0.06975674643568508,0.04513677342021575,0.2072704554080072,0.25226267845147304,0.2072704554080072
147,ortho,gaatgggttgaaagatgtattgtt,0.0,gaa,1.0,,EWVERCIV,,False,False,11.0,5.0,7.0,333.0,964.0,477.0,875.0,564.0,572.0,True,False,True,True,False,False,1.0,both,0.003291354458186633,0.0026552672215735752,0.0027753113734394937,0.0030066905636867624,0.003429286964440713,0.0028837957281130787,-2.4826253444011357,-2.5758917657256486,-2.5566882845483594,-2.5219112654140674,-2.4647961713859217,-2.5400355058441586,E,non-synonymous,-0.03083786240208956,0.08867573390987299,0.014205235947625511,0.030764181991127407,0.26053947642257097,0.19671116796341348,0.19671116796341348
148,ortho,gaatgggttgaaagatgtattgtt,2.0,gtt,2.0,,EWVERCIV,,False,False,11.0,5.0,7.0,333.0,964.0,477.0,875.0,564.0,572.0,True,False,True,True,False,False,1.0,both,0.003291354458186633,0.0026552672215735752,0.0027753113734394937,0.0030066905636867624,0.003429286964440713,0.0028837957281130787,-2.4826253444011357,-2.5758917657256486,-2.5566882845483594,-2.5219112654140674,-2.4647961713859217,-2.5400355058441586,V,synonymous,-0.03083786240208956,0.08867573390987299,0.014205235947625511,0.030764181991127407,0.26053947642257097,0.19671116796341348,0.19671116796341348
149,ortho,gaatgggttgaaagatgtattgtt,3.0,gaa,3.0,,EWVERCIV,,False,False,11.0,5.0,7.0,333.0,964.0,477.0,875.0,564.0,572.0,True,False,True,True,False,False,1.0,both,0.003291354458186633,0.0026552672215735752,0.0027753113734394937,0.0030066905636867624,0.003429286964440713,0.0028837957281130787,-2.4826253444011357,-2.5758917657256486,-2.5566882845483594,-2.5219112654140674,-2.4647961713859217,-2.5400355058441586,E,non-synonymous,-0.03083786240208956,0.08867573390987299,0.014205235947625511,0.030764181991127407,0.26053947642257097,0.19671116796341348,0.19671116796341348
150,ortho,gaatgggttgaaagatgtattgtt,4.0,aga,4.0,,EWVERCIV,,False,False,11.0,5.0,7.0,333.0,964.0,477.0,875.0,564.0,572.0,True,False,True,True,False,False,1.0,both,0.003291354458186633,0.0026552672215735752,0.0027753113734394937,0.0030066905636867624,0.003429286964440713,0.0028837957281130787,-2.4826253444011357,-2.5758917657256486,-2.5566882845483594,-2.5219112654140674,-2.4647961713859217,-2.5400355058441586,R,synonymous,-0.03083786240208956,0.08867573390987299,0.014205235947625511,0.030764181991127407,0.26053947642257097,0.19671116796341348,0.19671116796341348
151,ortho,gaatgggttgaaagatgtattgtt,5.0,tgt,5.0,,EWVERCIV,,False,False,11.0,5.0,7.0,333.0,964.0,477.0,875.0,564.0,572.0,True,False,True,True,False,False,1.0,both,0.003291354458186633,0.0026552672215735752,0.0027753113734394937,0.0030066905636867624,0.003429286964440713,0.0028837957281130787,-2.4826253444011357,-2.5758917657256486,-2.5566882845483594,-2.5219112654140674,-2.4647961713859217,-2.5400355058441586,C,non-synonymous,-0.03083786240208956,0.08867573390987299,0.014205235947625511,0.030764181991127407,0.26053947642257097,0.19671116796341348,0.19671116796341348
152,ortho,gaatgggttgaaagatgtattgtt,6.0,att,6.0,,EWVERCIV,,False,False,11.0,5.0,7.0,333.0,964.0,477.0,875.0,564.0,572.0,True,False,True,True,False,False,1.0,both,0.003291354458186633,0.0026552672215735752,0.0027753113734394937,0.0030066905636867624,0.003429286964440713,0.0028837957281130787,-2.4826253444011357,-2.5758917657256486,-2.5566882845483594,-2.5219112654140674,-2.4647961713859217,-2.5400355058441586,I,non-synonymous,-0.03083786240208956,0.08867573390987299,0.014205235947625511,0.030764181991127407,0.26053947642257097,0.19671116796341348,0.19671116796341348
153,ortho,gaatgggttgaaagatgtattgtt,7.0,gtt,7.0,,EWVERCIV,,False,False,11.0,5.0,7.0,333.0,964.0,477.0,875.0,564.0,572.0,True,False,True,True,False,False,1.0,both,0.003291354458186633,0.0026552672215735752,0.0027753113734394937,0.0030066905636867624,0.003429286964440713,0.0028837957281130787,-2.4826253444011357,-2.5758917657256486,-2.5566882845483594,-2.5219112654140674,-2.4647961713859217,-2.5400355058441586,V,non-synonymous,-0.03083786240208956,0.08867573390987299,0.014205235947625511,0.030764181991127407,0.26053947642257097,0.19671116796341348,0.19671116796341348
154,single,gataaggtgagacgttatacattg,1.0,aag,1.0,,DKVRRYTL,,False,False,2.0,1.0,1.0,353.0,842.0,438.0,863.0,737.0,755.0,True,False,True,True,False,False,1.0,both,0.0032462158827600736,0.0034697374863470304,0.0036632169352217095,0.0031872725795238054,0.0029952900664513282,0.002648013687449745,-2.4886226017082396,-2.4597033818499394,-2.4361373617121953,-2.4965807935325643,-2.523561113789103,-2.5770797743801728,K,non-synonymous,-0.006246859386781068,-0.05097079932989158,-0.12022739643271323,0.0553551850064359,0.1208929431828064,0.06227853558307474,0.06227853558307474
155,single,gataatgtgagacgttatacattg,1.0,aat,1.0,,DNVRRYTL,,False,False,3.0,1.0,1.0,681.0,1791.0,912.0,2125.0,1686.0,1623.0,True,False,True,True,False,False,1.0,both,0.007993289398453252,0.007937554141086964,0.007874703424986536,0.006148817639251307,0.0063712167565490845,0.005513672335511798,-2.0972744630371185,-2.1003132994202676,-2.103765793515152,-2.211208387007602,-2.195777619439721,-2.258559046555856,N,non-synonymous,-0.08943353190511664,-0.07619895901582897,-0.13204250903718498,-0.027831487511899677,0.09566478349686901,0.050463422978602984,0.050463422978602984
156,single,gatacggtgagacgttatacattg,1.0,acg,1.0,,DTVRRYTL,,False,False,2.0,1.0,1.0,88.0,201.0,129.0,206.0,177.0,197.0,True,False,True,True,False,False,1.0,both,0.0007748788781559387,0.0008333019471959624,0.0009558327632300355,0.0007945608696829883,0.0007150276761956259,0.000779894442194103,-3.1107661770542956,-3.0791976033471844,-3.019618087179791,-3.0998728267702185,-3.1456771478682635,-3.1079641745850233,T,non-synonymous,0.008550840313698196,-0.05306351197306413,-0.07536141799111766,0.07015288470691516,0.11880023053963384,0.1071445140246703,0.1071445140246703
157,single,gatagggtgagacgttatacattg,1.0,agg,1.0,,DRVRRYTL,,False,False,1.0,1.0,1.0,941.0,2691.0,1265.0,2051.0,1843.0,1728.0,True,False,True,True,False,False,1.0,both,0.007714934849989467,0.00867669767617039,0.008384157435845184,0.008496383845132863,0.009572833217126514,0.0076478020881824834,-2.112667737055083,-2.061645534489917,-2.076540575198509,-2.07076587549313,-2.0189595075249978,-2.116463359372436,R,non-synonymous,0.03289127015282568,0.0340716910630656,-0.034055131515900616,0.09449331454604265,0.20593543357576358,0.14845080049988735,0.14845080049988735
158,single,gatagtgtgagacgttatacattg,1.0,agt,1.0,,DSVRRYTL,,False,False,2.0,1.0,1.0,287.0,569.0,359.0,720.0,552.0,550.0,True,False,True,True,False,False,1.0,both,0.0027083145255935724,0.0025987721743060523,0.002668568628307206,0.002591351927261564,0.002024133073409508,0.0021704039127727363,-2.567300900992181,-2.5852317919797922,-2.5737216238471397,-2.5864736021863948,-2.693760938893681,-2.663459436305953,S,non-synonymous,-0.015049796620752247,-0.08662721335080083,-0.07654859420425916,0.04655224777246472,0.08523652916189715,0.1059573378115288,0.08523652916189715
159,single,gatatggtgagacgttatacattg,1.0,atg,1.0,,DMVRRYTL,,False,False,2.0,1.0,1.0,805.0,1994.0,1125.0,2065.0,1752.0,1685.0,True,False,True,True,False,False,1.0,both,0.007767596521320454,0.008248276901058341,0.008175523888541167,0.007268426137440972,0.007093359135990438,0.006801405019134619,-2.1097133414310294,-2.083636767876929,-2.087484408134026,-2.1385596185525184,-2.1491480513131154,-2.167401362436891,M,non-synonymous,-0.02264316329486646,-0.05229065268166262,-0.06817115703347527,0.03895888109835051,0.11957308983103536,0.11433477498231269,0.11433477498231269
160,single,gatcaggtgagacgttatacattg,1.0,cag,1.0,,DQVRRYTL,,False,False,2.0,1.0,1.0,3.0,6.0,3.0,3.0,2.0,4.0,True,False,True,True,False,False,3.0,both,1.1284643856639884e-05,9.415841211253813e-06,1.9407771842234222e-05,2.7087302375556417e-05,2.1344109737182863e-05,1.8137080051025653e-05,-4.947512142703786,-5.0261408740450095,-4.712024322013421,-4.5672342442007245,-4.670721954905109,-4.74143263016461,Q,non-synonymous,0.29850280218028075,0.2836929194852352,-0.025086020989561728,0.3601048465734977,0.45555666199793315,0.15741991102622624,0.3601048465734977
161,single,gatcatgtgagacgttatacattg,1.0,cat,1.0,,DHVRRYTL,,False,False,3.0,1.0,1.0,3.0,4.0,6.0,11.0,7.0,6.0,True,False,True,True,False,False,2.0,both,4.1377027474346244e-05,3.295544423938835e-05,2.9111657763351334e-05,2.7087302375556417e-05,1.422940649145524e-05,3.6274160102051305e-05,-4.383240712265224,-4.482072829694734,-4.53593306295774,-4.5672342442007245,-4.8468132139607905,-4.440402634500629,H,non-synonymous,-0.14442749652817832,-0.291133248384772,0.08148984025522911,-0.08282545213496136,-0.11926950587207402,0.26399577227101706,-0.08282545213496136
162,single,gatccggtgagacgttatacattg,1.0,ccg,1.0,,DPVRRYTL,,False,False,2.0,1.0,1.0,2075.0,5507.0,2939.0,4561.0,3967.0,3563.0,True,False,True,True,False,False,1.0,both,0.017156420210044838,0.01867632104252194,0.017287472768470133,0.01873538414309319,0.019590335387111003,0.017768292756654796,-1.7655733251825108,-1.7287086692348403,-1.762268490990368,-1.7273373978722755,-1.7079581288074699,-1.7503542988116598,P,non-synonymous,0.03001365972357404,0.016562937642663794,0.010163103349305229,0.09161570411679101,0.18842668015536176,0.1926690353650932,0.18842668015536176
163,single,gatcctgtgagacgttatacattg,1.0,cct,1.0,,DPVRRYTL,,False,False,3.0,1.0,1.0,5.0,9.0,7.0,2.0,2.0,4.0,True,False,True,True,False,False,3.0,both,7.52309590442659e-06,9.415841211253813e-06,1.9407771842234222e-05,4.51455039592607e-05,3.2016164605774296e-05,4.231985345239319e-05,-5.123603401759468,-5.0261408740450095,-4.712024322013421,-4.345385494584368,-4.494630695849428,-4.373455844870016,P,non-synonymous,0.6108696479944663,0.424247742785661,0.2888073628839517,0.6724716923876832,0.596111485298359,0.47131329489973967,0.596111485298359
164,single,gatcgtgtgagacgttatacattg,1.0,cgt,1.0,,DRVRRYTL,,False,False,2.0,1.0,1.0,228.0,521.0,353.0,652.0,535.0,476.0,True,False,True,True,False,False,1.0,both,0.002452529264843068,0.002518737524010395,0.0023095248492258726,0.0020586349805422877,0.001853380195512045,0.002134129752670685,-2.6103858016915287,-2.5988170876877623,-2.63647736062089,-2.686420651919933,-2.732035481989228,-2.6707791794964497,R,non-synonymous,-0.0596842886370214,-0.10633399960805616,-0.029260307796987132,0.0019177557561955647,0.06552974290464182,0.15324562421880084,0.06552974290464182
165,single,gatctggtgagacgttatacattg,1.0,ctg,1.0,,DLVRRYTL,,False,False,2.0,1.0,1.0,490.0,1244.0,729.0,1309.0,1040.0,992.0,True,False,True,True,False,False,1.0,both,0.004923866269447203,0.004896237429851983,0.004813127416874087,0.004424259388007549,0.00442534541884258,0.004407310452399234,-2.3076937508726934,-2.3101375304102105,-2.317572641187205,-2.3541594188918733,-2.3540528249339525,-2.355826356566298,L,non-synonymous,-0.036473674024976886,-0.03505288391412388,-0.03263137416797815,0.02512837036824008,0.13681085859857411,0.14987455784780981,0.13681085859857411
166,single,gatcttgtgagacgttatacattg,1.0,ctt,1.0,,DLVRRYTL,,False,False,3.0,1.0,1.0,254.0,635.0,354.0,741.0,562.0,567.0,True,False,True,True,False,False,1.0,both,0.0027873070325900515,0.0026458513803623218,0.002751051658636701,0.0022933916011304433,0.0022589182805185194,0.0021401754460210268,-2.554815189444121,-2.5774345541399297,-2.560501254448477,-2.639521782300449,-2.646099479996777,-2.6695506228584844,L,non-synonymous,-0.06649125660547563,-0.05480786821845706,-0.0930218335161632,-0.004889212212258659,0.11705587429424091,0.08948409849962477,0.08948409849962477
167,single,gatgcggtgagacgttatacattg,1.0,gcg,1.0,,DAVRRYTL,,False,False,2.0,1.0,1.0,403.0,976.0,591.0,907.0,809.0,802.0,True,False,True,True,False,False,1.0,both,0.0034117239926574586,0.0038087077699521677,0.0038912582543679615,0.0036387276191164122,0.003471975183915079,0.0035730047700520532,-2.4670261103633537,-2.4192223480967185,-2.4099099450572203,-2.4390504527792776,-2.459423387622061,-2.446966404003017,A,non-synonymous,0.021959762096496183,-0.03208819130080253,-0.03161008454257234,0.08356180648971315,0.13977555121189544,0.15089584747321563,0.13977555121189544
168,single,gatggtgtgagacgttatacattg,1.0,ggt,1.0,,DGVRRYTL,,False,False,2.0,1.0,1.0,5.0,11.0,5.0,14.0,14.0,10.0,True,False,True,True,False,False,2.0,both,5.2661671330986125e-05,6.59108884787767e-05,4.8519429605585556e-05,4.51455039592607e-05,3.913086785150191e-05,3.022846675170942e-05,-4.278505361745211,-4.181042834030753,-4.314084313341383,-4.345385494584368,-4.407480520130528,-4.519583880548254,G,non-synonymous,-0.05249820497395301,-0.18074099264772248,-0.17529626083195873,0.00910383941926396,-0.008877250135024495,0.0072096711838292304,0.0072096711838292304
169,single,gattatgtgagacgttatacattg,1.0,tat,1.0,,DYVRRYTL,,False,False,2.0,1.0,1.0,13.0,64.0,18.0,55.0,62.0,37.0,True,False,True,True,False,False,1.0,both,0.00020688513737173123,0.0002918910775488682,0.00017952188954066655,0.00011737831029407781,0.00022767050386328385,0.00010882248030615391,-3.684270707929205,-3.534779180210737,-3.7458825892743888,-3.93041214661355,-3.6426932313048654,-3.9632813797809665,Y,non-synonymous,-0.1932110950154816,-0.08613624812786497,-0.1854465953537998,-0.13160905062226463,0.08572749438483301,-0.002940663338011823,-0.002940663338011823
170,single,gattcggtgagacgttatacattg,1.0,tcg,1.0,,DSVRRYTL,,False,False,1.0,1.0,1.0,277.0,613.0,425.0,712.0,596.0,575.0,True,False,True,True,False,False,1.0,both,0.002678222141975866,0.0028059206809536363,0.0027898672023211695,0.0025010609193430425,0.0021806565448155156,0.0025694196738953005,-2.5721534037865927,-2.5519246099687547,-2.554416468651753,-2.6018757298559385,-2.6614127307703375,-2.590164954833961,S,non-synonymous,-0.02333082636130198,-0.08739265966572492,-0.030494351123550523,0.03827121803191499,0.08447108284697306,0.15201158089223743,0.08447108284697306
171,single,gattctgtgagacgttatacattg,1.0,tct,1.0,,DSVRRYTL,,False,False,2.0,1.0,1.0,123.0,316.0,173.0,348.0,291.0,235.0,True,False,True,True,False,False,1.0,both,0.0013090186873702266,0.00137000489623743,0.0011402065957312605,0.0011105793973978132,0.001124123112824964,0.001045904949609146,-2.883054153476868,-2.863277880723084,-2.9430164510696475,-2.954450387480989,-2.9491861226703486,-2.980507781755477,S,non-synonymous,-0.056043162117078854,-0.06857136368779053,-0.03198104099277483,0.0055588822761381135,0.10329237882490745,0.15052489102301314,0.10329237882490745
172,single,gattggaagagacgttatacattg,2.0,aag,1.0,,DWKRRYTL,,False,False,2.0,1.0,1.0,267.0,683.0,426.0,888.0,646.0,739.0,True,False,True,True,False,False,1.0,both,0.0033402545815654056,0.0030413167112349816,0.0035855858478527724,0.002410769911424521,0.0024296711584159826,0.0025754653672456426,-2.476220431644848,-2.516938351713907,-2.445439874946558,-2.6178442375558117,-2.6144525016072198,-2.589144285781553,K,non-synonymous,-0.11116897165539198,-0.07783511902320986,-0.12258344981853664,-0.049566927262175015,0.09402862348948812,0.059922482197251326,0.059922482197251326
173,single,gattggaatagacgttatacattg,2.0,aat,1.0,,DWNRRYTL,,False,False,3.0,1.0,1.0,79.0,226.0,133.0,227.0,223.0,173.0,True,False,True,True,False,False,1.0,both,0.000853871385152418,0.0010498662950548002,0.0008393861321766301,0.0007132989625563191,0.0008039614667672212,0.0008040772155954706,-3.0686075402303263,-2.97886600666083,-3.0760382102125883,-3.1467284076299458,-3.0947647661413513,-3.0947022439171867,N,non-synonymous,-0.0613217279240664,-0.09250958705663043,-0.015920886671085727,0.0002803164691505683,0.07935415545606755,0.16658504534470223,0.07935415545606755
174,single,gattggacgagacgttatacattg,2.0,acg,1.0,,DWTRRYTL,,False,False,2.0,1.0,1.0,157.0,542.0,295.0,601.0,505.0,470.0,True,False,True,True,False,False,1.0,both,0.00226069031928019,0.002377499905841588,0.002280413191462521,0.0014175688243207858,0.0019280845795921853,0.0017834795383508558,-2.6457589254207097,-2.6238794915903294,-2.6419864554056662,-2.8484558465111536,-2.7148739187503654,-2.7487318689061095,T,non-synonymous,-0.15910890213969547,-0.07263112149569058,-0.09105650246334641,-0.0975068577464785,0.0992326210170074,0.09144942955244155,0.09144942955244155
175,single,gattggaggagacgttatacattg,2.0,agg,1.0,,DWRRRYTL,,False,False,2.0,1.0,1.0,8.0,29.0,35.0,40.0,20.0,21.0,True,False,True,True,False,False,1.0,both,0.0001504619180885318,9.415841211253813e-05,0.00010189080217172966,7.223280633481712e-05,0.0001031631970630505,0.00021159926726196593,-3.822573406095487,-4.0261408740450095,-3.9918650186074642,-4.141265511928443,-3.9864752073897964,-3.674485840533997,R,non-synonymous,-0.25016044055767345,0.031660860384070504,0.2707323618165719,-0.18855839616445647,0.2035246028967685,0.45323829383235986,0.2035246028967685
176,single,gattggagtagacgttatacattg,2.0,agt,1.0,,DWSRRYTL,,False,False,3.0,1.0,1.0,292.0,692.0,359.0,1468.0,1167.0,1008.0,True,False,True,True,False,False,1.0,both,0.005521952393849117,0.0054941433467666,0.004890758504243024,0.002636497431220825,0.0024616873230217566,0.0021704039127727363,-2.2579073418433975,-2.260100013663621,-2.310623781231877,-2.5789726474719687,-2.6087671108319945,-2.663459436305953,S,non-synonymous,-0.2520233066140844,-0.278303661953356,-0.3009776218186243,-0.19042126222086742,-0.106439919440658,-0.11847168980283634,-0.11847168980283634
177,single,gattggatgagacgttatacattg,2.0,atg,1.0,,DWMRRYTL,,False,False,1.0,1.0,1.0,592.0,1512.0,953.0,2120.0,1690.0,1676.0,True,False,True,True,False,False,1.0,both,0.007974481658692184,0.007956385823509472,0.00813185640189614,0.005345227668776467,0.0053787156537700815,0.005761545762875815,-2.0982975364946976,-2.0992841650953173,-2.0898102990471257,-2.272033792197467,-2.2693214141235645,-2.239460984245946,M,non-synonymous,-0.136375948672623,-0.1357225544289997,-0.1276557702911635,-0.07477390427940604,0.03614118808369829,0.05485016172462445,0.03614118808369829
178,ortho,gattggatgtggagatgtgttatt,2.0,atg,1.0,,DWMWRCVI,,False,False,11.0,5.0,6.0,201.0,507.0,325.0,551.0,388.0,370.0,True,False,True,True,False,False,1.0,both,0.0020726129216695256,0.0018266731949832399,0.0017952188954066656,0.00181484925916228,0.0018035772727919518,0.001964850338861112,-2.683481798571664,-2.7383391441147835,-2.7458825892743888,-2.741159441499898,-2.7438652459554165,-2.706670523905398,M,non-synonymous,-0.04527462180948425,-0.004410896213222579,0.03344887063320592,0.016327422583732716,0.1674528462994754,0.2159548026489939,0.1674528462994754
179,ortho,gattggatgtggagatgtgttatt,3.0,tgg,2.0,,DWMWRCVI,,False,False,11.0,5.0,6.0,201.0,507.0,325.0,551.0,388.0,370.0,True,False,True,True,False,False,1.0,both,0.0020726129216695256,0.0018266731949832399,0.0017952188954066656,0.00181484925916228,0.0018035772727919518,0.001964850338861112,-2.683481798571664,-2.7383391441147835,-2.7458825892743888,-2.741159441499898,-2.7438652459554165,-2.706670523905398,W,non-synonymous,-0.04527462180948425,-0.004410896213222579,0.03344887063320592,0.016327422583732716,0.1674528462994754,0.2159548026489939,0.1674528462994754
180,ortho,gattggatgtggagatgtgttatt,4.0,aga,3.0,,DWMWRCVI,,False,False,11.0,5.0,6.0,201.0,507.0,325.0,551.0,388.0,370.0,True,False,True,True,False,False,1.0,both,0.0020726129216695256,0.0018266731949832399,0.0017952188954066656,0.00181484925916228,0.0018035772727919518,0.001964850338861112,-2.683481798571664,-2.7383391441147835,-2.7458825892743888,-2.741159441499898,-2.7438652459554165,-2.706670523905398,R,synonymous,-0.04527462180948425,-0.004410896213222579,0.03344887063320592,0.016327422583732716,0.1674528462994754,0.2159548026489939,0.1674528462994754
181,ortho,gattggatgtggagatgtgttatt,5.0,tgt,4.0,,DWMWRCVI,,False,False,11.0,5.0,6.0,201.0,507.0,325.0,551.0,388.0,370.0,True,False,True,True,False,False,1.0,both,0.0020726129216695256,0.0018266731949832399,0.0017952188954066656,0.00181484925916228,0.0018035772727919518,0.001964850338861112,-2.683481798571664,-2.7383391441147835,-2.7458825892743888,-2.741159441499898,-2.7438652459554165,-2.706670523905398,C,non-synonymous,-0.04527462180948425,-0.004410896213222579,0.03344887063320592,0.016327422583732716,0.1674528462994754,0.2159548026489939,0.1674528462994754
182,ortho,gattggatgtggagatgtgttatt,6.0,gtt,5.0,,DWMWRCVI,,False,False,11.0,5.0,6.0,201.0,507.0,325.0,551.0,388.0,370.0,True,False,True,True,False,False,1.0,both,0.0020726129216695256,0.0018266731949832399,0.0017952188954066656,0.00181484925916228,0.0018035772727919518,0.001964850338861112,-2.683481798571664,-2.7383391441147835,-2.7458825892743888,-2.741159441499898,-2.7438652459554165,-2.706670523905398,V,non-synonymous,-0.04527462180948425,-0.004410896213222579,0.03344887063320592,0.016327422583732716,0.1674528462994754,0.2159548026489939,0.1674528462994754
183,ortho,gattggatgtggagatgtgttatt,7.0,att,6.0,,DWMWRCVI,,False,False,11.0,5.0,6.0,201.0,507.0,325.0,551.0,388.0,370.0,True,False,True,True,False,False,1.0,both,0.0020726129216695256,0.0018266731949832399,0.0017952188954066656,0.00181484925916228,0.0018035772727919518,0.001964850338861112,-2.683481798571664,-2.7383391441147835,-2.7458825892743888,-2.741159441499898,-2.7438652459554165,-2.706670523905398,I,non-synonymous,-0.04527462180948425,-0.004410896213222579,0.03344887063320592,0.016327422583732716,0.1674528462994754,0.2159548026489939,0.1674528462994754
184,ortho,gattggattaaaagatgtattatg,2.0,att,1.0,,DWIKRCIM,,False,False,9.0,5.0,6.0,652.0,1721.0,926.0,1487.0,1101.0,1104.0,True,False,True,True,False,False,1.0,both,0.00559342180494117,0.005183420586795225,0.005356545028456646,0.0058869737162875945,0.0061222021429486176,0.005598312042416584,-2.2523224289014947,-2.2853835507372393,-2.2711152399482035,-2.230107903188467,-2.213092334961192,-2.251942898202338,I,non-synonymous,0.01743750609895447,0.05770234771484194,0.01635448611947409,0.07903955049217144,0.22956609022753993,0.19886041813526206,0.19886041813526206
185,ortho,gattggattaaaagatgtattatg,3.0,aaa,2.0,,DWIKRCIM,,False,False,9.0,5.0,6.0,652.0,1721.0,926.0,1487.0,1101.0,1104.0,True,False,True,True,False,False,1.0,both,0.00559342180494117,0.005183420586795225,0.005356545028456646,0.0058869737162875945,0.0061222021429486176,0.005598312042416584,-2.2523224289014947,-2.2853835507372393,-2.2711152399482035,-2.230107903188467,-2.213092334961192,-2.251942898202338,K,non-synonymous,0.01743750609895447,0.05770234771484194,0.01635448611947409,0.07903955049217144,0.22956609022753993,0.19886041813526206,0.19886041813526206
186,ortho,gattggattaaaagatgtattatg,4.0,aga,3.0,,DWIKRCIM,,False,False,9.0,5.0,6.0,652.0,1721.0,926.0,1487.0,1101.0,1104.0,True,False,True,True,False,False,1.0,both,0.00559342180494117,0.005183420586795225,0.005356545028456646,0.0058869737162875945,0.0061222021429486176,0.005598312042416584,-2.2523224289014947,-2.2853835507372393,-2.2711152399482035,-2.230107903188467,-2.213092334961192,-2.251942898202338,R,synonymous,0.01743750609895447,0.05770234771484194,0.01635448611947409,0.07903955049217144,0.22956609022753993,0.19886041813526206,0.19886041813526206
187,ortho,gattggattaaaagatgtattatg,5.0,tgt,4.0,,DWIKRCIM,,False,False,9.0,5.0,6.0,652.0,1721.0,926.0,1487.0,1101.0,1104.0,True,False,True,True,False,False,1.0,both,0.00559342180494117,0.005183420586795225,0.005356545028456646,0.0058869737162875945,0.0061222021429486176,0.005598312042416584,-2.2523224289014947,-2.2853835507372393,-2.2711152399482035,-2.230107903188467,-2.213092334961192,-2.251942898202338,C,non-synonymous,0.01743750609895447,0.05770234771484194,0.01635448611947409,0.07903955049217144,0.22956609022753993,0.19886041813526206,0.19886041813526206
188,ortho,gattggattaaaagatgtattatg,6.0,att,5.0,,DWIKRCIM,,False,False,9.0,5.0,6.0,652.0,1721.0,926.0,1487.0,1101.0,1104.0,True,False,True,True,False,False,1.0,both,0.00559342180494117,0.005183420586795225,0.005356545028456646,0.0058869737162875945,0.0061222021429486176,0.005598312042416584,-2.2523224289014947,-2.2853835507372393,-2.2711152399482035,-2.230107903188467,-2.213092334961192,-2.251942898202338,I,non-synonymous,0.01743750609895447,0.05770234771484194,0.01635448611947409,0.07903955049217144,0.22956609022753993,0.19886041813526206,0.19886041813526206
189,ortho,gattggattaaaagatgtattatg,7.0,atg,6.0,,DWIKRCIM,,False,False,9.0,5.0,6.0,652.0,1721.0,926.0,1487.0,1101.0,1104.0,True,False,True,True,False,False,1.0,both,0.00559342180494117,0.005183420586795225,0.005356545028456646,0.0058869737162875945,0.0061222021429486176,0.005598312042416584,-2.2523224289014947,-2.2853835507372393,-2.2711152399482035,-2.230107903188467,-2.213092334961192,-2.251942898202338,M,non-synonymous,0.01743750609895447,0.05770234771484194,0.01635448611947409,0.07903955049217144,0.22956609022753993,0.19886041813526206,0.19886041813526206
190,ortho,gattggattaaaagatgtgttatt,2.0,att,1.0,,DWIKRCVI,,False,False,11.0,5.0,6.0,484.0,1260.0,744.0,995.0,782.0,837.0,True,False,True,True,False,False,1.0,both,0.003742740212452228,0.003681593913600241,0.004061076257987511,0.004370084783256435,0.004482263044808401,0.0044979958526543615,-2.4268103166777237,-2.433964116649143,-2.3913588553481238,-2.359510137275975,-2.3485026601711896,-2.3469809493383935,I,non-synonymous,0.052827924572366194,0.06821474262079916,0.03785546165762294,0.11442996896558316,0.24007848513349714,0.2203613936734109,0.2203613936734109
191,ortho,gattggattaaaagatgtgttatt,3.0,aaa,2.0,,DWIKRCVI,,False,False,11.0,5.0,6.0,484.0,1260.0,744.0,995.0,782.0,837.0,True,False,True,True,False,False,1.0,both,0.003742740212452228,0.003681593913600241,0.004061076257987511,0.004370084783256435,0.004482263044808401,0.0044979958526543615,-2.4268103166777237,-2.433964116649143,-2.3913588553481238,-2.359510137275975,-2.3485026601711896,-2.3469809493383935,K,non-synonymous,0.052827924572366194,0.06821474262079916,0.03785546165762294,0.11442996896558316,0.24007848513349714,0.2203613936734109,0.2203613936734109
192,ortho,gattggattaaaagatgtgttatt,4.0,aga,3.0,,DWIKRCVI,,False,False,11.0,5.0,6.0,484.0,1260.0,744.0,995.0,782.0,837.0,True,False,True,True,False,False,1.0,both,0.003742740212452228,0.003681593913600241,0.004061076257987511,0.004370084783256435,0.004482263044808401,0.0044979958526543615,-2.4268103166777237,-2.433964116649143,-2.3913588553481238,-2.359510137275975,-2.3485026601711896,-2.3469809493383935,R,synonymous,0.052827924572366194,0.06821474262079916,0.03785546165762294,0.11442996896558316,0.24007848513349714,0.2203613936734109,0.2203613936734109
193,ortho,gattggattaaaagatgtgttatt,5.0,tgt,4.0,,DWIKRCVI,,False,False,11.0,5.0,6.0,484.0,1260.0,744.0,995.0,782.0,837.0,True,False,True,True,False,False,1.0,both,0.003742740212452228,0.003681593913600241,0.004061076257987511,0.004370084783256435,0.004482263044808401,0.0044979958526543615,-2.4268103166777237,-2.433964116649143,-2.3913588553481238,-2.359510137275975,-2.3485026601711896,-2.3469809493383935,C,non-synonymous,0.052827924572366194,0.06821474262079916,0.03785546165762294,0.11442996896558316,0.24007848513349714,0.2203613936734109,0.2203613936734109
194,ortho,gattggattaaaagatgtgttatt,6.0,gtt,5.0,,DWIKRCVI,,False,False,11.0,5.0,6.0,484.0,1260.0,744.0,995.0,782.0,837.0,True,False,True,True,False,False,1.0,both,0.003742740212452228,0.003681593913600241,0.004061076257987511,0.004370084783256435,0.004482263044808401,0.0044979958526543615,-2.4268103166777237,-2.433964116649143,-2.3913588553481238,-2.359510137275975,-2.3485026601711896,-2.3469809493383935,V,non-synonymous,0.052827924572366194,0.06821474262079916,0.03785546165762294,0.11442996896558316,0.24007848513349714,0.2203613936734109,0.2203613936734109
195,ortho,gattggattaaaagatgtgttatt,7.0,att,6.0,,DWIKRCVI,,False,False,11.0,5.0,6.0,484.0,1260.0,744.0,995.0,782.0,837.0,True,False,True,True,False,False,1.0,both,0.003742740212452228,0.003681593913600241,0.004061076257987511,0.004370084783256435,0.004482263044808401,0.0044979958526543615,-2.4268103166777237,-2.433964116649143,-2.3913588553481238,-2.359510137275975,-2.3485026601711896,-2.3469809493383935,I,non-synonymous,0.052827924572366194,0.06821474262079916,0.03785546165762294,0.11442996896558316,0.24007848513349714,0.2203613936734109,0.2203613936734109
196,ortho,gattggattagaagatgtattgtt,2.0,att,1.0,,DWIRRCIV,,False,False,9.0,4.0,5.0,164.0,411.0,226.0,321.0,302.0,251.0,True,False,True,True,False,False,1.0,both,0.0012074568926604677,0.0014217920228993257,0.0012178376831001975,0.001480772529863751,0.001462071516997026,0.0013663266971772657,-2.918128365018577,-2.8471639267518403,-2.9144105918603453,-2.829511650872689,-2.8350313834126832,-2.8644454457368713,I,non-synonymous,0.06956054400396201,0.009684112058513668,0.04262151695215163,0.13116258839717898,0.18154785457121164,0.2251274489679396,0.18154785457121164
197,ortho,gattggattagaagatgtattgtt,4.0,aga,2.0,,DWIRRCIV,,False,False,9.0,4.0,5.0,164.0,411.0,226.0,321.0,302.0,251.0,True,False,True,True,False,False,1.0,both,0.0012074568926604677,0.0014217920228993257,0.0012178376831001975,0.001480772529863751,0.001462071516997026,0.0013663266971772657,-2.918128365018577,-2.8471639267518403,-2.9144105918603453,-2.829511650872689,-2.8350313834126832,-2.8644454457368713,R,synonymous,0.06956054400396201,0.009684112058513668,0.04262151695215163,0.13116258839717898,0.18154785457121164,0.2251274489679396,0.18154785457121164
198,ortho,gattggattagaagatgtattgtt,5.0,tgt,3.0,,DWIRRCIV,,False,False,9.0,4.0,5.0,164.0,411.0,226.0,321.0,302.0,251.0,True,False,True,True,False,False,1.0,both,0.0012074568926604677,0.0014217920228993257,0.0012178376831001975,0.001480772529863751,0.001462071516997026,0.0013663266971772657,-2.918128365018577,-2.8471639267518403,-2.9144105918603453,-2.829511650872689,-2.8350313834126832,-2.8644454457368713,C,non-synonymous,0.06956054400396201,0.009684112058513668,0.04262151695215163,0.13116258839717898,0.18154785457121164,0.2251274489679396,0.18154785457121164
199,ortho,gattggattagaagatgtattgtt,6.0,att,4.0,,DWIRRCIV,,False,False,9.0,4.0,5.0,164.0,411.0,226.0,321.0,302.0,251.0,True,False,True,True,False,False,1.0,both,0.0012074568926604677,0.0014217920228993257,0.0012178376831001975,0.001480772529863751,0.001462071516997026,0.0013663266971772657,-2.918128365018577,-2.8471639267518403,-2.9144105918603453,-2.829511650872689,-2.8350313834126832,-2.8644454457368713,I,non-synonymous,0.06956054400396201,0.009684112058513668,0.04262151695215163,0.13116258839717898,0.18154785457121164,0.2251274489679396,0.18154785457121164
200,ortho,gattggattagaagatgtattgtt,7.0,gtt,5.0,,DWIRRCIV,,False,False,9.0,4.0,5.0,164.0,411.0,226.0,321.0,302.0,251.0,True,False,True,True,False,False,1.0,both,0.0012074568926604677,0.0014217920228993257,0.0012178376831001975,0.001480772529863751,0.001462071516997026,0.0013663266971772657,-2.918128365018577,-2.8471639267518403,-2.9144105918603453,-2.829511650872689,-2.8350313834126832,-2.8644454457368713,V,non-synonymous,0.06956054400396201,0.009684112058513668,0.04262151695215163,0.13116258839717898,0.18154785457121164,0.2251274489679396,0.18154785457121164
201,ortho,gattggattagaagatgtgttttg,2.0,att,1.0,,DWIRRCVL,,False,False,8.0,3.0,4.0,325.0,857.0,531.0,813.0,607.0,699.0,True,False,True,True,False,False,1.0,both,0.0030581384851494087,0.0028577078076155323,0.0033915081294304305,0.002934457757351945,0.0030486503407942856,0.0032102631690315406,-2.514542851829381,-2.5439821786337333,-2.4696071375957023,-2.5324721379415127,-2.5158923833655544,-2.493459363802803,I,non-synonymous,-0.014073765965970916,0.022421080022010736,-0.020346544391569358,0.04752827842724605,0.19428482253470872,0.1621593876242186,0.1621593876242186
202,ortho,gattggattagaagatgtgttttg,4.0,aga,2.0,,DWIRRCVL,,False,False,8.0,3.0,4.0,325.0,857.0,531.0,813.0,607.0,699.0,True,False,True,True,False,False,1.0,both,0.0030581384851494087,0.0028577078076155323,0.0033915081294304305,0.002934457757351945,0.0030486503407942856,0.0032102631690315406,-2.514542851829381,-2.5439821786337333,-2.4696071375957023,-2.5324721379415127,-2.5158923833655544,-2.493459363802803,R,synonymous,-0.014073765965970916,0.022421080022010736,-0.020346544391569358,0.04752827842724605,0.19428482253470872,0.1621593876242186,0.1621593876242186
203,ortho,gattggattagaagatgtgttttg,5.0,tgt,3.0,,DWIRRCVL,,False,False,8.0,3.0,4.0,325.0,857.0,531.0,813.0,607.0,699.0,True,False,True,True,False,False,1.0,both,0.0030581384851494087,0.0028577078076155323,0.0033915081294304305,0.002934457757351945,0.0030486503407942856,0.0032102631690315406,-2.514542851829381,-2.5439821786337333,-2.4696071375957023,-2.5324721379415127,-2.5158923833655544,-2.493459363802803,C,non-synonymous,-0.014073765965970916,0.022421080022010736,-0.020346544391569358,0.04752827842724605,0.19428482253470872,0.1621593876242186,0.1621593876242186
204,ortho,gattggattagaagatgtgttttg,6.0,gtt,4.0,,DWIRRCVL,,False,False,8.0,3.0,4.0,325.0,857.0,531.0,813.0,607.0,699.0,True,False,True,True,False,False,1.0,both,0.0030581384851494087,0.0028577078076155323,0.0033915081294304305,0.002934457757351945,0.0030486503407942856,0.0032102631690315406,-2.514542851829381,-2.5439821786337333,-2.4696071375957023,-2.5324721379415127,-2.5158923833655544,-2.493459363802803,V,non-synonymous,-0.014073765965970916,0.022421080022010736,-0.020346544391569358,0.04752827842724605,0.19428482253470872,0.1621593876242186,0.1621593876242186
205,single,gattggattagacgttatacattg,2.0,att,1.0,,DWIRRYTL,,False,False,2.0,1.0,1.0,150.0,351.0,226.0,495.0,366.0,398.0,True,False,True,True,False,False,1.0,both,0.001861966236345581,0.0017230989416594478,0.0019310732983023051,0.0013543651187778209,0.0012486304196251974,0.0013663266971772657,-2.7300281984898804,-2.7636897843145802,-2.7142012412676957,-2.868264239864706,-2.903566088822928,-2.8644454457368713,I,non-synonymous,-0.10850971322584606,-0.1116482974198662,-0.12816205704514155,-0.04690766883262909,0.060215445092831776,0.05434387497064641,0.05434387497064641
206,ortho,gattggattcaaagatgtgttttt,2.0,att,1.0,,DWIQRCVF,,False,False,11.0,5.0,6.0,101.0,328.0,181.0,287.0,207.0,168.0,True,False,True,True,False,False,1.0,both,0.0010795642622852156,0.0009745395653647697,0.0008151264173738373,0.0009119391799770661,0.0011668113322993298,0.001094270496411881,-2.966751500689457,-3.0112005242520734,-3.088775031615521,-3.0400341251377445,-2.9329993615770733,-2.960875310015088,I,non-synonymous,-0.05752390248039334,0.062419626394952646,0.10910165535986044,0.00407814191282363,0.2342833689076506,0.2916075873756484,0.2342833689076506
207,ortho,gattggattcaaagatgtgttttt,3.0,caa,2.0,,DWIQRCVF,,False,False,11.0,5.0,6.0,101.0,328.0,181.0,287.0,207.0,168.0,True,False,True,True,False,False,1.0,both,0.0010795642622852156,0.0009745395653647697,0.0008151264173738373,0.0009119391799770661,0.0011668113322993298,0.001094270496411881,-2.966751500689457,-3.0112005242520734,-3.088775031615521,-3.0400341251377445,-2.9329993615770733,-2.960875310015088,Q,non-synonymous,-0.05752390248039334,0.062419626394952646,0.10910165535986044,0.00407814191282363,0.2342833689076506,0.2916075873756484,0.2342833689076506
208,ortho,gattggattcaaagatgtgttttt,4.0,aga,3.0,,DWIQRCVF,,False,False,11.0,5.0,6.0,101.0,328.0,181.0,287.0,207.0,168.0,True,False,True,True,False,False,1.0,both,0.0010795642622852156,0.0009745395653647697,0.0008151264173738373,0.0009119391799770661,0.0011668113322993298,0.001094270496411881,-2.966751500689457,-3.0112005242520734,-3.088775031615521,-3.0400341251377445,-2.9329993615770733,-2.960875310015088,R,synonymous,-0.05752390248039334,0.062419626394952646,0.10910165535986044,0.00407814191282363,0.2342833689076506,0.2916075873756484,0.2342833689076506
209,ortho,gattggattcaaagatgtgttttt,5.0,tgt,4.0,,DWIQRCVF,,False,False,11.0,5.0,6.0,101.0,328.0,181.0,287.0,207.0,168.0,True,False,True,True,False,False,1.0,both,0.0010795642622852156,0.0009745395653647697,0.0008151264173738373,0.0009119391799770661,0.0011668113322993298,0.001094270496411881,-2.966751500689457,-3.0112005242520734,-3.088775031615521,-3.0400341251377445,-2.9329993615770733,-2.960875310015088,C,non-synonymous,-0.05752390248039334,0.062419626394952646,0.10910165535986044,0.00407814191282363,0.2342833689076506,0.2916075873756484,0.2342833689076506
210,ortho,gattggattcaaagatgtgttttt,6.0,gtt,5.0,,DWIQRCVF,,False,False,11.0,5.0,6.0,101.0,328.0,181.0,287.0,207.0,168.0,True,False,True,True,False,False,1.0,both,0.0010795642622852156,0.0009745395653647697,0.0008151264173738373,0.0009119391799770661,0.0011668113322993298,0.001094270496411881,-2.966751500689457,-3.0112005242520734,-3.088775031615521,-3.0400341251377445,-2.9329993615770733,-2.960875310015088,V,non-synonymous,-0.05752390248039334,0.062419626394952646,0.10910165535986044,0.00407814191282363,0.2342833689076506,0.2916075873756484,0.2342833689076506
211,ortho,gattggattcaaagatgtgttttt,7.0,ttt,6.0,,DWIQRCVF,,False,False,11.0,5.0,6.0,101.0,328.0,181.0,287.0,207.0,168.0,True,False,True,True,False,False,1.0,both,0.0010795642622852156,0.0009745395653647697,0.0008151264173738373,0.0009119391799770661,0.0011668113322993298,0.001094270496411881,-2.966751500689457,-3.0112005242520734,-3.088775031615521,-3.0400341251377445,-2.9329993615770733,-2.960875310015088,F,non-synonymous,-0.05752390248039334,0.062419626394952646,0.10910165535986044,0.00407814191282363,0.2342833689076506,0.2916075873756484,0.2342833689076506
212,ortho,gattggattgaaagatgttgtgtt,2.0,att,1.0,,DWIERCCV,,False,False,12.0,5.0,6.0,2.0,1.0,1.0,7.0,1.0,1.0,True,False,True,True,False,False,2.0,both,2.6330835665493063e-05,4.707920605626906e-06,4.851942960558556e-06,1.805820158370428e-05,3.55735162286381e-06,6.045693350341884e-06,-4.579535357409192,-5.327170869708991,-5.314084313341383,-4.743325503256406,-5.448873205288752,-5.2185538848842725,I,non-synonymous,-0.12856865386436983,-0.09714196130117682,0.08148984025522911,-0.06696660947115286,0.07472178121152116,0.26399577227101706,0.07472178121152116
213,ortho,gattggattgaaagatgttgtgtt,3.0,gaa,2.0,,DWIERCCV,,False,False,12.0,5.0,6.0,2.0,1.0,1.0,7.0,1.0,1.0,True,False,True,True,False,False,2.0,both,2.6330835665493063e-05,4.707920605626906e-06,4.851942960558556e-06,1.805820158370428e-05,3.55735162286381e-06,6.045693350341884e-06,-4.579535357409192,-5.327170869708991,-5.314084313341383,-4.743325503256406,-5.448873205288752,-5.2185538848842725,E,non-synonymous,-0.12856865386436983,-0.09714196130117682,0.08148984025522911,-0.06696660947115286,0.07472178121152116,0.26399577227101706,0.07472178121152116
214,ortho,gattggattgaaagatgttgtgtt,4.0,aga,3.0,,DWIERCCV,,False,False,12.0,5.0,6.0,2.0,1.0,1.0,7.0,1.0,1.0,True,False,True,True,False,False,2.0,both,2.6330835665493063e-05,4.707920605626906e-06,4.851942960558556e-06,1.805820158370428e-05,3.55735162286381e-06,6.045693350341884e-06,-4.579535357409192,-5.327170869708991,-5.314084313341383,-4.743325503256406,-5.448873205288752,-5.2185538848842725,R,synonymous,-0.12856865386436983,-0.09714196130117682,0.08148984025522911,-0.06696660947115286,0.07472178121152116,0.26399577227101706,0.07472178121152116
215,ortho,gattggattgaaagatgttgtgtt,5.0,tgt,4.0,,DWIERCCV,,False,False,12.0,5.0,6.0,2.0,1.0,1.0,7.0,1.0,1.0,True,False,True,True,False,False,2.0,both,2.6330835665493063e-05,4.707920605626906e-06,4.851942960558556e-06,1.805820158370428e-05,3.55735162286381e-06,6.045693350341884e-06,-4.579535357409192,-5.327170869708991,-5.314084313341383,-4.743325503256406,-5.448873205288752,-5.2185538848842725,C,non-synonymous,-0.12856865386436983,-0.09714196130117682,0.08148984025522911,-0.06696660947115286,0.07472178121152116,0.26399577227101706,0.07472178121152116
216,ortho,gattggattgaaagatgttgtgtt,6.0,tgt,5.0,,DWIERCCV,,False,False,12.0,5.0,6.0,2.0,1.0,1.0,7.0,1.0,1.0,True,False,True,True,False,False,2.0,both,2.6330835665493063e-05,4.707920605626906e-06,4.851942960558556e-06,1.805820158370428e-05,3.55735162286381e-06,6.045693350341884e-06,-4.579535357409192,-5.327170869708991,-5.314084313341383,-4.743325503256406,-5.448873205288752,-5.2185538848842725,C,non-synonymous,-0.12856865386436983,-0.09714196130117682,0.08148984025522911,-0.06696660947115286,0.07472178121152116,0.26399577227101706,0.07472178121152116
217,ortho,gattggattgaaagatgttgtgtt,7.0,gtt,6.0,,DWIERCCV,,False,False,12.0,5.0,6.0,2.0,1.0,1.0,7.0,1.0,1.0,True,False,True,True,False,False,2.0,both,2.6330835665493063e-05,4.707920605626906e-06,4.851942960558556e-06,1.805820158370428e-05,3.55735162286381e-06,6.045693350341884e-06,-4.579535357409192,-5.327170869708991,-5.314084313341383,-4.743325503256406,-5.448873205288752,-5.2185538848842725,V,non-synonymous,-0.12856865386436983,-0.09714196130117682,0.08148984025522911,-0.06696660947115286,0.07472178121152116,0.26399577227101706,0.07472178121152116
218,ortho,gattggattgatagatgtattgct,2.0,att,1.0,,DWIDRCIA,,False,False,13.0,5.0,6.0,872.0,2271.0,1299.0,2055.0,1477.0,1527.0,True,False,True,True,False,False,1.0,both,0.007729981041798321,0.006953598734510941,0.007408916900772914,0.007873375890495065,0.008078745535523714,0.007853355662094108,-2.111821571211361,-2.1577903743970417,-2.1302452762849624,-2.10383901398782,-2.092656071069017,-2.1049447338112444,I,non-synonymous,0.006265985241769912,0.051989749770441046,0.021581994322149887,0.06786802963498688,0.22385349228313903,0.20408792633793785,0.20408792633793785
219,ortho,gattggattgatagatgtattgct,3.0,gat,2.0,,DWIDRCIA,,False,False,13.0,5.0,6.0,872.0,2271.0,1299.0,2055.0,1477.0,1527.0,True,False,True,True,False,False,1.0,both,0.007729981041798321,0.006953598734510941,0.007408916900772914,0.007873375890495065,0.008078745535523714,0.007853355662094108,-2.111821571211361,-2.1577903743970417,-2.1302452762849624,-2.10383901398782,-2.092656071069017,-2.1049447338112444,D,non-synonymous,0.006265985241769912,0.051989749770441046,0.021581994322149887,0.06786802963498688,0.22385349228313903,0.20408792633793785,0.20408792633793785
220,ortho,gattggattgatagatgtattgct,4.0,aga,3.0,,DWIDRCIA,,False,False,13.0,5.0,6.0,872.0,2271.0,1299.0,2055.0,1477.0,1527.0,True,False,True,True,False,False,1.0,both,0.007729981041798321,0.006953598734510941,0.007408916900772914,0.007873375890495065,0.008078745535523714,0.007853355662094108,-2.111821571211361,-2.1577903743970417,-2.1302452762849624,-2.10383901398782,-2.092656071069017,-2.1049447338112444,R,synonymous,0.006265985241769912,0.051989749770441046,0.021581994322149887,0.06786802963498688,0.22385349228313903,0.20408792633793785,0.20408792633793785
221,ortho,gattggattgatagatgtattgct,5.0,tgt,4.0,,DWIDRCIA,,False,False,13.0,5.0,6.0,872.0,2271.0,1299.0,2055.0,1477.0,1527.0,True,False,True,True,False,False,1.0,both,0.007729981041798321,0.006953598734510941,0.007408916900772914,0.007873375890495065,0.008078745535523714,0.007853355662094108,-2.111821571211361,-2.1577903743970417,-2.1302452762849624,-2.10383901398782,-2.092656071069017,-2.1049447338112444,C,non-synonymous,0.006265985241769912,0.051989749770441046,0.021581994322149887,0.06786802963498688,0.22385349228313903,0.20408792633793785,0.20408792633793785
222,ortho,gattggattgatagatgtattgct,6.0,att,5.0,,DWIDRCIA,,False,False,13.0,5.0,6.0,872.0,2271.0,1299.0,2055.0,1477.0,1527.0,True,False,True,True,False,False,1.0,both,0.007729981041798321,0.006953598734510941,0.007408916900772914,0.007873375890495065,0.008078745535523714,0.007853355662094108,-2.111821571211361,-2.1577903743970417,-2.1302452762849624,-2.10383901398782,-2.092656071069017,-2.1049447338112444,I,non-synonymous,0.006265985241769912,0.051989749770441046,0.021581994322149887,0.06786802963498688,0.22385349228313903,0.20408792633793785,0.20408792633793785
223,ortho,gattggattgatagatgtattgct,7.0,gct,6.0,,DWIDRCIA,,False,False,13.0,5.0,6.0,872.0,2271.0,1299.0,2055.0,1477.0,1527.0,True,False,True,True,False,False,1.0,both,0.007729981041798321,0.006953598734510941,0.007408916900772914,0.007873375890495065,0.008078745535523714,0.007853355662094108,-2.111821571211361,-2.1577903743970417,-2.1302452762849624,-2.10383901398782,-2.092656071069017,-2.1049447338112444,A,non-synonymous,0.006265985241769912,0.051989749770441046,0.021581994322149887,0.06786802963498688,0.22385349228313903,0.20408792633793785,0.20408792633793785
224,ortho,gattggatttatagatctattgtt,2.0,att,1.0,,DWIYRSIV,,False,False,12.0,5.0,6.0,188.0,450.0,319.0,531.0,395.0,350.0,True,False,True,True,False,False,1.0,both,0.0019973819626252593,0.001859628639222628,0.0016981800361954944,0.0016974709488682023,0.0016008082302887148,0.001928576178759061,-2.69953887634198,-2.7305737740825307,-2.770016268991108,-2.770197649656707,-2.7956606915134086,-2.714763201827091,I,non-synonymous,-0.055464285240067586,-0.05195192667555243,0.047132245605164554,0.006137759153149382,0.11991181583714555,0.2296381776209525,0.11991181583714555
225,ortho,gattggatttatagatctattgtt,3.0,tat,2.0,,DWIYRSIV,,False,False,12.0,5.0,6.0,188.0,450.0,319.0,531.0,395.0,350.0,True,False,True,True,False,False,1.0,both,0.0019973819626252593,0.001859628639222628,0.0016981800361954944,0.0016974709488682023,0.0016008082302887148,0.001928576178759061,-2.69953887634198,-2.7305737740825307,-2.770016268991108,-2.770197649656707,-2.7956606915134086,-2.714763201827091,Y,non-synonymous,-0.055464285240067586,-0.05195192667555243,0.047132245605164554,0.006137759153149382,0.11991181583714555,0.2296381776209525,0.11991181583714555
226,ortho,gattggatttatagatctattgtt,4.0,aga,3.0,,DWIYRSIV,,False,False,12.0,5.0,6.0,188.0,450.0,319.0,531.0,395.0,350.0,True,False,True,True,False,False,1.0,both,0.0019973819626252593,0.001859628639222628,0.0016981800361954944,0.0016974709488682023,0.0016008082302887148,0.001928576178759061,-2.69953887634198,-2.7305737740825307,-2.770016268991108,-2.770197649656707,-2.7956606915134086,-2.714763201827091,R,synonymous,-0.055464285240067586,-0.05195192667555243,0.047132245605164554,0.006137759153149382,0.11991181583714555,0.2296381776209525,0.11991181583714555
227,ortho,gattggatttatagatctattgtt,5.0,tct,4.0,,DWIYRSIV,,False,False,12.0,5.0,6.0,188.0,450.0,319.0,531.0,395.0,350.0,True,False,True,True,False,False,1.0,both,0.0019973819626252593,0.001859628639222628,0.0016981800361954944,0.0016974709488682023,0.0016008082302887148,0.001928576178759061,-2.69953887634198,-2.7305737740825307,-2.770016268991108,-2.770197649656707,-2.7956606915134086,-2.714763201827091,S,non-synonymous,-0.055464285240067586,-0.05195192667555243,0.047132245605164554,0.006137759153149382,0.11991181583714555,0.2296381776209525,0.11991181583714555
228,ortho,gattggatttatagatctattgtt,6.0,att,5.0,,DWIYRSIV,,False,False,12.0,5.0,6.0,188.0,450.0,319.0,531.0,395.0,350.0,True,False,True,True,False,False,1.0,both,0.0019973819626252593,0.001859628639222628,0.0016981800361954944,0.0016974709488682023,0.0016008082302887148,0.001928576178759061,-2.69953887634198,-2.7305737740825307,-2.770016268991108,-2.770197649656707,-2.7956606915134086,-2.714763201827091,I,non-synonymous,-0.055464285240067586,-0.05195192667555243,0.047132245605164554,0.006137759153149382,0.11991181583714555,0.2296381776209525,0.11991181583714555
229,ortho,gattggatttatagatctattgtt,7.0,gtt,6.0,,DWIYRSIV,,False,False,12.0,5.0,6.0,188.0,450.0,319.0,531.0,395.0,350.0,True,False,True,True,False,False,1.0,both,0.0019973819626252593,0.001859628639222628,0.0016981800361954944,0.0016974709488682023,0.0016008082302887148,0.001928576178759061,-2.69953887634198,-2.7305737740825307,-2.770016268991108,-2.770197649656707,-2.7956606915134086,-2.714763201827091,V,non-synonymous,-0.055464285240067586,-0.05195192667555243,0.047132245605164554,0.006137759153149382,0.11991181583714555,0.2296381776209525,0.11991181583714555
230,ortho,gattggatttatagatctattttg,2.0,att,1.0,,DWIYRSIL,,False,False,10.0,4.0,5.0,105.0,243.0,142.0,258.0,220.0,171.0,True,False,True,True,False,False,1.0,both,0.0009704793716710301,0.0010357425332379194,0.000829682246255513,0.0009480555831444746,0.0008644364443559059,0.0008584884557485475,-3.013013691460219,-2.9847481888867846,-3.0810882029492297,-3.023166199850449,-3.0632669316904404,-3.066265540501216,I,non-synonymous,-0.007969309327657659,-0.06267311665395986,0.01264410109484774,0.05363273506555931,0.10919062585873812,0.1951500331106357,0.10919062585873812
231,ortho,gattggatttatagatctattttg,3.0,tat,2.0,,DWIYRSIL,,False,False,10.0,4.0,5.0,105.0,243.0,142.0,258.0,220.0,171.0,True,False,True,True,False,False,1.0,both,0.0009704793716710301,0.0010357425332379194,0.000829682246255513,0.0009480555831444746,0.0008644364443559059,0.0008584884557485475,-3.013013691460219,-2.9847481888867846,-3.0810882029492297,-3.023166199850449,-3.0632669316904404,-3.066265540501216,Y,non-synonymous,-0.007969309327657659,-0.06267311665395986,0.01264410109484774,0.05363273506555931,0.10919062585873812,0.1951500331106357,0.10919062585873812
232,ortho,gattggatttatagatctattttg,4.0,aga,3.0,,DWIYRSIL,,False,False,10.0,4.0,5.0,105.0,243.0,142.0,258.0,220.0,171.0,True,False,True,True,False,False,1.0,both,0.0009704793716710301,0.0010357425332379194,0.000829682246255513,0.0009480555831444746,0.0008644364443559059,0.0008584884557485475,-3.013013691460219,-2.9847481888867846,-3.0810882029492297,-3.023166199850449,-3.0632669316904404,-3.066265540501216,R,synonymous,-0.007969309327657659,-0.06267311665395986,0.01264410109484774,0.05363273506555931,0.10919062585873812,0.1951500331106357,0.10919062585873812
233,ortho,gattggatttatagatctattttg,5.0,tct,4.0,,DWIYRSIL,,False,False,10.0,4.0,5.0,105.0,243.0,142.0,258.0,220.0,171.0,True,False,True,True,False,False,1.0,both,0.0009704793716710301,0.0010357425332379194,0.000829682246255513,0.0009480555831444746,0.0008644364443559059,0.0008584884557485475,-3.013013691460219,-2.9847481888867846,-3.0810882029492297,-3.023166199850449,-3.0632669316904404,-3.066265540501216,S,non-synonymous,-0.007969309327657659,-0.06267311665395986,0.01264410109484774,0.05363273506555931,0.10919062585873812,0.1951500331106357,0.10919062585873812
234,ortho,gattggatttatagatctattttg,6.0,att,5.0,,DWIYRSIL,,False,False,10.0,4.0,5.0,105.0,243.0,142.0,258.0,220.0,171.0,True,False,True,True,False,False,1.0,both,0.0009704793716710301,0.0010357425332379194,0.000829682246255513,0.0009480555831444746,0.0008644364443559059,0.0008584884557485475,-3.013013691460219,-2.9847481888867846,-3.0810882029492297,-3.023166199850449,-3.0632669316904404,-3.066265540501216,I,non-synonymous,-0.007969309327657659,-0.06267311665395986,0.01264410109484774,0.05363273506555931,0.10919062585873812,0.1951500331106357,0.10919062585873812
235,ortho,gattggatttatagatgtattgtt,2.0,att,1.0,,DWIYRCIV,,False,False,12.0,5.0,6.0,308.0,784.0,478.0,727.0,571.0,585.0,True,False,True,True,False,False,1.0,both,0.002734645361259065,0.002688222665812964,0.002838386631926755,0.002780963043890459,0.0027889636723252274,0.0028898414214634204,-2.563098986564411,-2.570534761463143,-2.5469284472592033,-2.555804782419943,-2.554557142604314,-2.5391259882721533,I,non-synonymous,0.005725655856861007,0.012753224705799421,0.006655692293247768,0.06732770025007798,0.1846169672184974,0.18916162430903574,0.1846169672184974
236,ortho,gattggatttatagatgtattgtt,3.0,tat,2.0,,DWIYRCIV,,False,False,12.0,5.0,6.0,308.0,784.0,478.0,727.0,571.0,585.0,True,False,True,True,False,False,1.0,both,0.002734645361259065,0.002688222665812964,0.002838386631926755,0.002780963043890459,0.0027889636723252274,0.0028898414214634204,-2.563098986564411,-2.570534761463143,-2.5469284472592033,-2.555804782419943,-2.554557142604314,-2.5391259882721533,Y,non-synonymous,0.005725655856861007,0.012753224705799421,0.006655692293247768,0.06732770025007798,0.1846169672184974,0.18916162430903574,0.1846169672184974
237,ortho,gattggatttatagatgtattgtt,4.0,aga,3.0,,DWIYRCIV,,False,False,12.0,5.0,6.0,308.0,784.0,478.0,727.0,571.0,585.0,True,False,True,True,False,False,1.0,both,0.002734645361259065,0.002688222665812964,0.002838386631926755,0.002780963043890459,0.0027889636723252274,0.0028898414214634204,-2.563098986564411,-2.570534761463143,-2.5469284472592033,-2.555804782419943,-2.554557142604314,-2.5391259882721533,R,synonymous,0.005725655856861007,0.012753224705799421,0.006655692293247768,0.06732770025007798,0.1846169672184974,0.18916162430903574,0.1846169672184974
238,ortho,gattggatttatagatgtattgtt,5.0,tgt,4.0,,DWIYRCIV,,False,False,12.0,5.0,6.0,308.0,784.0,478.0,727.0,571.0,585.0,True,False,True,True,False,False,1.0,both,0.002734645361259065,0.002688222665812964,0.002838386631926755,0.002780963043890459,0.0027889636723252274,0.0028898414214634204,-2.563098986564411,-2.570534761463143,-2.5469284472592033,-2.555804782419943,-2.554557142604314,-2.5391259882721533,C,non-synonymous,0.005725655856861007,0.012753224705799421,0.006655692293247768,0.06732770025007798,0.1846169672184974,0.18916162430903574,0.1846169672184974
239,ortho,gattggatttatagatgtattgtt,6.0,att,5.0,,DWIYRCIV,,False,False,12.0,5.0,6.0,308.0,784.0,478.0,727.0,571.0,585.0,True,False,True,True,False,False,1.0,both,0.002734645361259065,0.002688222665812964,0.002838386631926755,0.002780963043890459,0.0027889636723252274,0.0028898414214634204,-2.563098986564411,-2.570534761463143,-2.5469284472592033,-2.555804782419943,-2.554557142604314,-2.5391259882721533,I,non-synonymous,0.005725655856861007,0.012753224705799421,0.006655692293247768,0.06732770025007798,0.1846169672184974,0.18916162430903574,0.1846169672184974
240,ortho,gattggatttatagatgtattgtt,7.0,gtt,6.0,,DWIYRCIV,,False,False,12.0,5.0,6.0,308.0,784.0,478.0,727.0,571.0,585.0,True,False,True,True,False,False,1.0,both,0.002734645361259065,0.002688222665812964,0.002838386631926755,0.002780963043890459,0.0027889636723252274,0.0028898414214634204,-2.563098986564411,-2.570534761463143,-2.5469284472592033,-2.555804782419943,-2.554557142604314,-2.5391259882721533,V,non-synonymous,0.005725655856861007,0.012753224705799421,0.006655692293247768,0.06732770025007798,0.1846169672184974,0.18916162430903574,0.1846169672184974
241,ortho,gattggatttatagatgtgttttg,2.0,att,1.0,,DWIYRCVL,,False,False,11.0,4.0,5.0,3.0,1.0,2.0,3.0,3.0,6.0,True,False,True,True,False,False,2.0,both,1.1284643856639884e-05,1.4123761816880721e-05,2.9111657763351334e-05,2.7087302375556417e-05,3.55735162286381e-06,1.2091386700683768e-05,-4.947512142703786,-4.850049614989328,-4.53593306295774,-4.5672342442007245,-5.448873205288752,-4.917523889220291,I,non-synonymous,0.29850280218028075,-0.4779768420875889,-0.32550650067435577,0.3601048465734977,-0.3061130995748909,-0.1430005686585678,-0.1430005686585678
242,ortho,gattggatttatagatgtgttttg,3.0,tat,2.0,,DWIYRCVL,,False,False,11.0,4.0,5.0,3.0,1.0,2.0,3.0,3.0,6.0,True,False,True,True,False,False,2.0,both,1.1284643856639884e-05,1.4123761816880721e-05,2.9111657763351334e-05,2.7087302375556417e-05,3.55735162286381e-06,1.2091386700683768e-05,-4.947512142703786,-4.850049614989328,-4.53593306295774,-4.5672342442007245,-5.448873205288752,-4.917523889220291,Y,non-synonymous,0.29850280218028075,-0.4779768420875889,-0.32550650067435577,0.3601048465734977,-0.3061130995748909,-0.1430005686585678,-0.1430005686585678
243,ortho,gattggatttatagatgtgttttg,4.0,aga,3.0,,DWIYRCVL,,False,False,11.0,4.0,5.0,3.0,1.0,2.0,3.0,3.0,6.0,True,False,True,True,False,False,2.0,both,1.1284643856639884e-05,1.4123761816880721e-05,2.9111657763351334e-05,2.7087302375556417e-05,3.55735162286381e-06,1.2091386700683768e-05,-4.947512142703786,-4.850049614989328,-4.53593306295774,-4.5672342442007245,-5.448873205288752,-4.917523889220291,R,synonymous,0.29850280218028075,-0.4779768420875889,-0.32550650067435577,0.3601048465734977,-0.3061130995748909,-0.1430005686585678,-0.1430005686585678
244,ortho,gattggatttatagatgtgttttg,5.0,tgt,4.0,,DWIYRCVL,,False,False,11.0,4.0,5.0,3.0,1.0,2.0,3.0,3.0,6.0,True,False,True,True,False,False,2.0,both,1.1284643856639884e-05,1.4123761816880721e-05,2.9111657763351334e-05,2.7087302375556417e-05,3.55735162286381e-06,1.2091386700683768e-05,-4.947512142703786,-4.850049614989328,-4.53593306295774,-4.5672342442007245,-5.448873205288752,-4.917523889220291,C,non-synonymous,0.29850280218028075,-0.4779768420875889,-0.32550650067435577,0.3601048465734977,-0.3061130995748909,-0.1430005686585678,-0.1430005686585678
245,ortho,gattggatttatagatgtgttttg,6.0,gtt,5.0,,DWIYRCVL,,False,False,11.0,4.0,5.0,3.0,1.0,2.0,3.0,3.0,6.0,True,False,True,True,False,False,2.0,both,1.1284643856639884e-05,1.4123761816880721e-05,2.9111657763351334e-05,2.7087302375556417e-05,3.55735162286381e-06,1.2091386700683768e-05,-4.947512142703786,-4.850049614989328,-4.53593306295774,-4.5672342442007245,-5.448873205288752,-4.917523889220291,V,non-synonymous,0.29850280218028075,-0.4779768420875889,-0.32550650067435577,0.3601048465734977,-0.3061130995748909,-0.1430005686585678,-0.1430005686585678
246,single,gattggcagagacgttatacattg,2.0,cag,1.0,,DWQRRYTL,,False,False,2.0,1.0,1.0,216.0,497.0,354.0,848.0,698.0,683.0,True,False,True,True,False,False,1.0,both,0.003189792663476874,0.0032861285827275807,0.0033138770420614934,0.001950285771040062,0.0017680037565633137,0.0021401754460210268,-2.496237545166735,-2.48331544708583,-2.479663609659851,-2.709901747769456,-2.75251681655542,-2.6695506228584844,Q,non-synonymous,-0.16771777548364122,-0.21487466851529757,-0.16197836251772146,-0.10611573109042426,-0.04301092600259959,0.0205275694980665,-0.04301092600259959
247,single,gattggccgagacgttatacattg,2.0,ccg,1.0,,DWPRRYTL,,False,False,2.0,1.0,1.0,271.0,727.0,420.0,602.0,506.0,479.0,True,False,True,True,False,False,1.0,both,0.0022644518672324033,0.002382207826447215,0.002324080678107548,0.00244688631459193,0.00258619462982199,0.0025391912071435914,-2.6450369061656245,-2.623020352869192,-2.6337487999268205,-2.6113862080459813,-2.587338794429715,-2.5953045944863717,P,non-synonymous,0.026414439870360577,0.028480772801781636,0.03279386694562819,0.08801648426357754,0.2003445153144796,0.21529979896141616,0.2003445153144796
248,single,gattggcgtagacgttatacattg,2.0,cgt,1.0,,DWRRRYTL,,False,False,3.0,1.0,1.0,121.0,269.0,155.0,325.0,259.0,250.0,True,False,True,True,False,False,1.0,both,0.0012225030844693209,0.0012193514368573689,0.001212985740139639,0.0010925211958141088,0.000956927586550365,0.000937082469302992,-2.912750036444575,-2.913871105627739,-2.916144304669346,-2.961570128603937,-3.0191209252863445,-3.0282221867139807,R,non-synonymous,-0.0383218019496652,-0.08400967704955296,-0.09560523124903705,0.023280242443551764,0.08785406546314502,0.08690070076675091,0.08690070076675091
249,single,gattggcttagacgttatacattg,2.0,ctt,1.0,,DWLRRYTL,,False,False,2.0,1.0,1.0,2.0,3.0,2.0,1.0,5.0,5.0,True,False,True,True,False,False,2.0,both,3.761547952213295e-06,2.3539603028134534e-05,2.4259714802792778e-05,1.805820158370428e-05,1.0672054868591431e-05,1.2091386700683768e-05,-5.424633397423449,-4.628200865372972,-4.615114309005365,-4.743325503256406,-4.97175195056909,-4.917523889220291,L,non-synonymous,0.5347991991040495,-0.2742200966326269,-0.25796292114851077,0.5964012434972664,-0.10235635411992894,-0.07545698913272281,-0.07545698913272281
250,single,gattggggtagacgttatacattg,2.0,ggt,1.0,,DWGRRYTL,,False,False,2.0,1.0,1.0,76.0,176.0,107.0,196.0,172.0,147.0,True,False,True,True,False,False,1.0,both,0.0007372633986338058,0.0008097623441678279,0.0007132356152021077,0.0006862116601807626,0.0006260938856240306,0.0006468891884865816,-3.132377326066973,-3.091642422801442,-3.1467669785932073,-3.163541906639596,-3.2033605374746026,-3.189170107199063,G,non-synonymous,-0.024462937936494664,-0.08917262532819727,-0.0361709272346078,0.037139106456722304,0.08269111718450071,0.14633500478118017,0.08269111718450071
251,single,gattgggtgaagcgttatacattg,3.0,aag,1.0,,DWVKRYTL,,False,False,2.0,1.0,1.0,856.0,2280.0,1301.0,2597.0,2030.0,2007.0,True,False,True,True,False,False,1.0,both,0.009768740031897927,0.009557078829422621,0.009737849521841022,0.007728910277825431,0.008110761700129488,0.00786544704879479,-2.0101614477941463,-2.0196748317957782,-2.011536940853898,-2.1118817342432337,-2.0909383582882985,-2.104276588322686,K,non-synonymous,-0.07984631939736299,-0.05688205324691432,-0.07910923440431022,-0.01824427500414602,0.11498168926578367,0.10339669761147774,0.10339669761147774
252,single,gattgggtgaatcgttatacattg,3.0,aat,1.0,,DWVNRYTL,,False,False,2.0,1.0,1.0,1.0,3.0,1.0,5.0,3.0,1.0,True,False,True,True,False,False,2.0,both,1.8807739761066475e-05,1.4123761816880721e-05,4.851942960558556e-06,9.02910079185214e-06,1.0672054868591431e-05,6.045693350341884e-06,-4.72566339308743,-4.850049614989328,-5.314084313341383,-5.044355498920387,-4.97175195056909,-5.2185538848842725,N,non-synonymous,-0.25016044055767345,-0.09714196130117682,0.08148984025522911,-0.18855839616445647,0.07472178121152116,0.26399577227101706,0.07472178121152116
253,single,gattgggtgacgcgttatacattg,3.0,acg,1.0,,DWVTRYTL,,False,False,2.0,1.0,1.0,555.0,1244.0,771.0,1194.0,960.0,889.0,True,False,True,True,False,False,1.0,both,0.004491288254942674,0.00451960378140183,0.004313377291936556,0.005011150939477937,0.00442534541884258,0.004661229573113592,-2.3476290706300986,-2.3448996366694224,-2.36518255237117,-2.300062515797711,-2.3540528249339525,-2.3314995068333153,T,non-synonymous,0.03733782574118079,-0.007306011474139841,0.02873247869312834,0.09893987013439776,0.16455773103855814,0.2112384107089163,0.16455773103855814
254,single,gattgggtgactcgttatacattg,3.0,act,1.0,,DWVTRYTL,,False,False,2.0,1.0,1.0,1667.0,4427.0,2951.0,3420.0,2844.0,2791.0,True,False,True,True,False,False,1.0,both,0.012864493996569469,0.013389326202402923,0.013541772802918928,0.015051511020017517,0.01574839563441809,0.0178408410768589,-1.890607291367314,-1.8732412776512624,-1.8683244768527525,-1.8224198990923817,-1.8027636833099046,-1.7485846753843128,T,non-synonymous,0.053524350869603395,0.05625472764753354,0.10214103978646658,0.11512639526282037,0.2281184701602315,0.2846469718022545,0.2281184701602315
255,single,gattgggtgagaaagtatacattg,4.0,aag,1.0,,DWVRKYTL,,False,False,3.0,1.0,1.0,488.0,1311.0,854.0,1204.0,1045.0,987.0,True,False,True,True,False,False,1.0,both,0.004528903734464807,0.004919777032880117,0.004788867702071295,0.0044062011864238445,0.004663687977574455,0.0051630221211919685,-2.3440069105016432,-2.3080545792619183,-2.3197671606717467,-2.3559356769176762,-2.3312705135986684,-2.287096014195267,K,non-synonymous,-0.009363600187538177,-0.018530797984835628,0.027869303533154244,0.05223844420567879,0.15333294452786236,0.21037523554894222,0.15333294452786236
256,single,gattgggtgagaaattatacattg,4.0,aat,1.0,,DWVRNYTL,,False,False,2.0,1.0,1.0,1522.0,4117.0,2493.0,3331.0,2756.0,2559.0,True,False,True,True,False,False,1.0,both,0.012529716228822485,0.012975029189107755,0.012416122036069344,0.013742291405198956,0.014645616631330308,0.015071913522402317,-1.9020587647322722,-1.8868916564734028,-1.9060140274541981,-1.8619408464858331,-1.8342923382912664,-1.821831606380499,N,non-synonymous,0.0314909466507034,0.041984411449266186,0.07180970667030986,0.09309299104392037,0.21384815396196416,0.25431563868609786,0.21384815396196416
257,single,gattgggtgagaacgtatacattg,4.0,acg,1.0,,DWVRTYTL,,False,False,3.0,1.0,1.0,2153.0,5063.0,3084.0,4845.0,3968.0,3747.0,True,False,True,True,False,False,1.0,both,0.018224699828473412,0.018681028963127566,0.01818023027321291,0.019439654004857657,0.01801087126655947,0.01864491829245437,-1.739339616036665,-1.7285992062268498,-1.7404006202475857,-1.7113114690968998,-1.7444652779019116,-1.729439515505353,T,non-synonymous,0.022000964122223816,-0.01266418851633642,0.009350095973518867,0.08360300851544078,0.15919955399636157,0.19185602798930684,0.15919955399636157
258,single,gattgggtgagaacttatacattg,4.0,act,1.0,,DWVRTYTL,,False,False,2.0,1.0,1.0,247.0,670.0,412.0,554.0,487.0,442.0,True,False,True,True,False,False,1.0,both,0.0020838975655261653,0.0022927573349403037,0.0021445587885668815,0.0022301878955874785,0.002383425587318753,0.002490825660340856,-2.6811236326950194,-2.6396419084943568,-2.668662043992292,-2.6516585456607213,-2.622798402587926,-2.603656668851138,T,non-synonymous,0.023128904101043873,0.013444369749718365,0.05545120776216458,0.08473094849426084,0.18530811226241634,0.23795713977795255,0.18530811226241634
259,single,gattgggtgagaaggtatacattg,4.0,agg,1.0,,DWVRRYTL,,False,False,2.0,0.0,1.0,285.0,703.0,388.0,819.0,749.0,635.0,True,False,True,True,False,False,1.0,both,0.0030807077728626886,0.003526232533614553,0.0030809837799546827,0.0025732937256778598,0.0025008181908732587,0.002345729019932651,-2.5113494956630307,-2.4526890520095246,-2.5113105880494078,-2.589510638911877,-2.6019178802689287,-2.6297221592900653,R,synonymous,-0.061353342840162695,-0.11911341709867451,-0.101008026244789,0.000248701553054273,0.05275032541402347,0.08149790577099897,0.05275032541402347
260,single,gattgggtgagaagttatacattg,4.0,agt,1.0,,DWVRSYTL,,False,False,1.0,1.0,1.0,222.0,567.0,256.0,711.0,610.0,476.0,True,False,True,True,False,False,1.0,both,0.0026744605940236528,0.002871831569432413,0.0023095248492258726,0.002004460375791175,0.0020170183701637805,0.0015476974976875223,-2.5727637966936827,-2.541841034698224,-2.63647736062089,-2.6980025244697483,-2.695290146395846,-2.810313919572423,S,non-synonymous,-0.09830734662679315,-0.12248201810770513,-0.1482869243681758,-0.03670530223357618,0.04938172440499285,0.034219007647612154,0.034219007647612154
261,single,gattgggtgagaatgtatacattg,4.0,atg,1.0,,DWVRMYTL,,False,False,3.0,1.0,1.0,94.0,275.0,169.0,280.0,257.0,249.0,True,False,True,True,False,False,1.0,both,0.0010532334266197226,0.001209935595646115,0.0012081337971790805,0.0008487354744341011,0.0009782716962875478,0.0010217221762077785,-2.97747536608123,-2.9172377463776966,-2.9178849662456474,-3.0712276453206884,-3.0095405114584897,-2.9906671802705986,M,non-synonymous,-0.07359175532927063,-0.07367542776197249,-0.0620850454677689,-0.011989710936053666,0.0981883147507255,0.12042088654801907,0.0981883147507255
262,single,gattgggtgagaatttatacattg,4.0,att,1.0,,DWVRIYTL,,False,False,2.0,1.0,1.0,531.0,1218.0,793.0,1360.0,1144.0,1006.0,True,False,True,True,False,False,1.0,both,0.005115705215010081,0.005385861172837182,0.004881054618321907,0.004794452520473486,0.004332854276648121,0.004794234826821114,-2.2910944890532314,-2.2687448452519856,-2.311486332621475,-2.319260977838918,-2.363225916991896,-2.3192806975666684,I,non-synonymous,-0.022109556887748426,-0.0754141370494648,-0.006648787873488269,0.03949248750546854,0.09644960546323318,0.1758571441422997,0.09644960546323318
263,single,gattgggtgagacagtatacattg,4.0,cag,1.0,,DWVRQYTL,,False,False,2.0,1.0,1.0,2003.0,5258.0,3025.0,4067.0,3197.0,3158.0,True,False,True,True,False,False,1.0,both,0.01529821552165147,0.01505122217618922,0.015322435869443918,0.018085288886079836,0.018704554833017913,0.018288222384784197,-1.8153592250188615,-1.822428233437303,-1.814672187669108,-1.7426745496268108,-1.7280526235184086,-1.7378285058957847,Q,non-synonymous,0.057054536604673384,0.07532995815440018,0.06554957884589753,0.11865658099789035,0.24719370066709817,0.24805551086168548,0.24719370066709817
264,single,gattgggtgagacattatacattg,4.0,cat,1.0,,DWVRHYTL,,False,False,1.0,1.0,1.0,841.0,2170.0,1302.0,2154.0,1732.0,1614.0,True,False,True,True,False,False,1.0,both,0.008102374289067437,0.008154118488945802,0.007831035938341509,0.007593473765947649,0.007719453021614468,0.007871492742145133,-2.091387698461486,-2.088622982027663,-2.106180782955332,-2.119559503122475,-2.112413471440223,-2.103942900652099,H,non-synonymous,-0.02211372963531009,-0.01898940386675093,0.0019089694702072073,0.03948831475790687,0.15287433864594704,0.18441490148599518,0.15287433864594704
265,single,gattgggtgagaccgtatacattg,4.0,ccg,1.0,,DWVRPYTL,,False,False,2.0,1.0,1.0,552.0,1387.0,873.0,1549.0,1197.0,1234.0,True,False,True,True,False,False,1.0,both,0.0058266377779783935,0.005635380964935407,0.005987297613329258,0.004984063637102381,0.004934046700912105,0.005277890294848465,-2.234581979664243,-2.2490767193025802,-2.2227691536441605,-2.302416421191188,-2.3067967442154673,-2.2775396411787026,P,non-synonymous,-0.05324729877764507,-0.0460717240937082,-0.04672059313430828,0.008354745615571896,0.1257920184189898,0.1357853388814797,0.1257920184189898
266,single,gattgggtgagaccttatacattg,4.0,cct,1.0,,DWVRPYTL,,False,False,1.0,1.0,1.0,355.0,1008.0,651.0,1302.0,1043.0,990.0,True,False,True,True,False,False,1.0,both,0.00489753543378171,0.004910361191668863,0.00480342353095297,0.0032053307811075096,0.0035858104358467207,0.003935746371072566,-2.310022413191276,-2.3088865612824603,-2.3184491187438336,-2.494127145865293,-2.445412673179246,-2.4049728963160804,P,non-synonymous,-0.1445147846198143,-0.10897419688207848,-0.07380694221220674,-0.08291274022659732,0.0628895456306195,0.10869898980358123,0.0628895456306195
267,single,gattgggtgagacggtatacattg,4.0,cgg,1.0,,DWVRRYTL,,False,False,1.0,0.0,1.0,450.0,1045.0,765.0,1366.0,1101.0,977.0,True,False,True,True,False,False,1.0,both,0.00513827450272336,0.005183420586795225,0.004740348272465709,0.004063095356333463,0.003717432445892682,0.004624955413011541,-2.2891826980779353,-2.2853835507372393,-2.3241897496226107,-2.391142985145043,-2.4297569148416795,-2.334892449730655,R,synonymous,-0.08003471019600297,-0.11523781924105088,-0.009129670369851942,-0.018432665802786005,0.0566259232716471,0.17337626164593603,0.0566259232716471
268,single,gattgggtgagacgtaatacattg,5.0,aat,1.0,,DWVRRNTL,,False,False,1.0,1.0,1.0,411.0,964.0,617.0,1238.0,1011.0,867.0,True,False,True,True,False,False,1.0,both,0.004656796364840059,0.004759707732288803,0.0042066345468042676,0.0037109604254512295,0.003429286964440713,0.0037301927971609425,-2.33191275273935,-2.32241971411799,-2.3760652158651734,-2.430513677044318,-2.4647961713859217,-2.4282687208510305,N,non-synonymous,-0.07739774601274045,-0.11364390203551744,-0.04453089293921093,-0.015795701619523483,0.05821984047718054,0.13797503907657704,0.05821984047718054
269,single,gattgggtgagacgtaggacattg,5.0,agg,1.0,,DWVRRRTL,,False,False,3.0,1.0,1.0,347.0,865.0,459.0,1305.0,1203.0,1124.0,True,False,True,True,False,False,1.0,both,0.00490882007763835,0.005663628488569169,0.0054535838876678166,0.0031330979747726923,0.003077109153777196,0.0027749732478069247,-2.3090228857491493,-2.246905242369146,-2.2633180021083414,-2.5040260241295136,-2.5118570978239383,-2.556741199347011,R,non-synonymous,-0.1530695932359557,-0.21148273586250302,-0.2502973121374905,-0.09146754884273874,-0.03961899334980504,-0.06779138012170255,-0.06779138012170255
270,single,gattgggtgagacgtagtacattg,5.0,agt,1.0,,DWVRRSTL,,False,False,2.0,1.0,1.0,293.0,664.0,394.0,762.0,618.0,626.0,True,False,True,True,False,False,1.0,both,0.0028662995395865305,0.0029094949342774283,0.003037316293309656,0.002645526532012677,0.00236208147758157,0.002382003180034702,-2.5426784260838486,-2.536182394620175,-2.5175099801309537,-2.5774878785662776,-2.626705125920735,-2.6230576630586984,S,non-synonymous,-0.027324015277429333,-0.07225461712780919,-0.09003480838519363,0.03427802911578763,0.0996091253848888,0.09247112363059433,0.09247112363059433
271,single,gattgggtgagacgtatgacattg,5.0,atg,1.0,,DWVRRMTL,,False,False,3.0,1.0,1.0,404.0,950.0,561.0,1119.0,888.0,890.0,True,False,True,True,False,False,1.0,both,0.004209172158526677,0.004180633497796693,0.004318229234897115,0.0036477567199082643,0.00337948404172062,0.003391633969541797,-2.375803310895099,-2.37875790393039,-2.364694306696471,-2.437974133809782,-2.4711495999999045,-2.469591023628111,M,non-synonymous,-0.04880158675258244,-0.07374641186119858,-0.0894795181400762,0.012800457640634526,0.0981173306514994,0.09302641387571177,0.09302641387571177
272,single,gattgggtgagacgtattacattg,5.0,att,1.0,,DWVRRITL,,False,False,2.0,1.0,1.0,35.0,66.0,50.0,119.0,99.0,98.0,True,False,True,True,False,False,1.0,both,0.0004476242063133821,0.00046608413995706375,0.00047549041013473847,0.0003160185277148249,0.0002347852071090115,0.0003022846675170942,-3.3490864360309183,-3.331535675111441,-3.3228582376488887,-3.5002874545701115,-3.6293292697468837,-3.5195838805482533,I,non-synonymous,-0.11868669702901054,-0.23769678460160248,-0.167811884369112,-0.05708465263579357,-0.0658330420889045,0.01469404764667595,-0.05708465263579357
273,single,gattgggtgagacgtcatacattg,5.0,cat,1.0,,DWVRRHTL,,False,False,1.0,1.0,1.0,2.0,1.0,1.0,1.0,7.0,1.0,True,False,True,True,False,False,2.0,both,3.761547952213295e-06,3.295544423938835e-05,4.851942960558556e-06,1.805820158370428e-05,3.55735162286381e-06,6.045693350341884e-06,-5.424633397423449,-4.482072829694734,-5.314084313341383,-4.743325503256406,-5.448873205288752,-5.2185538848842725,H,non-synonymous,0.5347991991040495,-0.7716933633567447,0.08148984025522911,0.5964012434972664,-0.5998296208440467,0.26399577227101706,0.26399577227101706
274,single,gattgggtgagacgtccgacattg,5.0,ccg,1.0,,DWVRRPTL,,False,False,3.0,1.0,1.0,4.0,17.0,9.0,7.0,9.0,12.0,True,False,True,True,False,False,2.0,both,2.6330835665493063e-05,4.237128545064216e-05,5.822331552670267e-05,3.611640316740856e-05,6.047497758868478e-05,5.4411240153076954e-05,-4.579535357409192,-4.3729283602696665,-4.234903067293759,-4.442295507592425,-4.218424283910479,-4.264311375444947,P,non-synonymous,0.10772774305939885,0.12332408359346364,-0.025086020989561728,0.16932978745261582,0.2951878261061616,0.15741991102622624,0.16932978745261582
275,single,gattgggtgagacgtcgtacattg,5.0,cgt,1.0,,DWVRRRTL,,False,False,2.0,1.0,1.0,302.0,851.0,469.0,1323.0,1021.0,1096.0,True,False,True,True,False,False,1.0,both,0.004976527940778189,0.004806786938345072,0.005317729484772177,0.002726788439139346,0.0030273062310571027,0.0028354301813103434,-2.303073553235948,-2.318145127622081,-2.2742737591930333,-2.5643485559632366,-2.5189436452041645,-2.547381042169189,R,non-synonymous,-0.205090331993428,-0.16027598592393993,-0.23296733011365345,-0.14348828760021104,0.011587756588758047,-0.050461398097865484,-0.050461398097865484
276,single,gattgggtgagacgtctgacattg,5.0,ctg,1.0,,DWVRRLTL,,False,False,3.0,1.0,1.0,186.0,470.0,301.0,519.0,454.0,427.0,True,False,True,True,False,False,1.0,both,0.0019522433871987,0.0021373959549546157,0.002071779644158503,0.0016794127472844979,0.001671955262745991,0.001819753698452907,-2.709466039574991,-2.670115016851887,-2.6836564383163597,-2.7748425547024707,-2.776775347353035,-2.739987389290429,L,non-synonymous,-0.05131792575680552,-0.08513553703431355,-0.048051707402976054,0.010284118636411446,0.08672820547838443,0.13445422461281192,0.08672820547838443
277,single,gattgggtgagacgtcttacattg,5.0,ctt,1.0,,DWVRRLTL,,False,False,2.0,1.0,1.0,1523.0,3711.0,2231.0,2860.0,2440.0,2272.0,True,False,True,True,False,False,1.0,both,0.010758027143330023,0.011487326277729653,0.011023614406389038,0.01375132050599081,0.0132013318724476,0.013487941864612742,-1.968267364294406,-1.9397810433702616,-1.9576759863024025,-1.8616555955843446,-1.8793822509399694,-1.8700543146004347,L,non-synonymous,0.08368593555034887,0.04820989777189577,0.0747434733122246,0.14528797994356585,0.22007364028459375,0.25724940532801255,0.22007364028459375
278,single,gattgggtgagacgtgagacattg,5.0,gag,1.0,,DWVRRETL,,False,False,2.0,1.0,1.0,206.0,446.0,308.0,686.0,553.0,537.0,True,False,True,True,False,False,1.0,both,0.0025804218952183203,0.0026034800949116792,0.0026054933698199446,0.0018599947631215408,0.0015865788237972595,0.0018620735519053002,-2.5883092817166973,-2.584445738404293,-2.584110027641828,-2.730488278551234,-2.7995383465766106,-2.730003168383828,E,non-synonymous,-0.11160477412270288,-0.17168543002653058,-0.12445049106774156,-0.05000272972948591,0.00017831248616739792,0.058055440948046405,0.00017831248616739792
279,single,gattgggtgagacgtgcgacattg,5.0,gcg,1.0,,DWVRRATL,,False,False,3.0,1.0,1.0,713.0,1720.0,1066.0,2032.0,1720.0,1495.0,True,False,True,True,False,False,1.0,both,0.007643465438897415,0.008097623441678279,0.007253654726035041,0.006437748864590575,0.0061186447913257535,0.006444709111464449,-2.1167096938115675,-2.091642422801442,-2.139443120680935,-2.1912659690685214,-2.2133447583812034,-2.190796680193719,A,non-synonymous,-0.05852366696021895,-0.09714196130117682,-0.04380586823299896,0.0030783774329980196,0.07472178121152116,0.138700063782789,0.07472178121152116
280,single,gattgggtgagacgtgctacattg,5.0,gct,1.0,,DWVRRATL,,False,False,2.0,1.0,1.0,7.0,3.0,1.0,5.0,3.0,4.0,True,False,True,True,False,False,2.0,both,1.8807739761066475e-05,1.4123761816880721e-05,1.9407771842234222e-05,6.320370554296498e-05,1.0672054868591431e-05,6.045693350341884e-06,-4.72566339308743,-4.850049614989328,-4.712024322013421,-4.19925745890613,-4.97175195056909,-5.2185538848842725,A,non-synonymous,0.4132074124107459,-0.09714196130117682,-0.43208236191914656,0.47480945680396286,0.07472178121152116,-0.2495764299033586,0.07472178121152116
281,single,gattgggtgagacgtgggacattg,5.0,ggg,1.0,,DWVRRGTL,,False,False,3.0,1.0,1.0,29.0,67.0,39.0,90.0,49.0,51.0,True,False,True,True,False,False,1.0,both,0.00033853931569919655,0.00023068810967571843,0.00024744909098848634,0.00026184392296371207,0.0002383425587318753,0.00023578204066333349,-3.470390887984124,-3.6369747896804774,-3.606514137243447,-3.581957501021431,-3.622798402587926,-3.627489277857773,G,non-synonymous,-0.08757528836804321,0.011315493986001436,-0.01789231855858118,-0.02597324397482624,0.1831792364986994,0.1646136134572068,0.1646136134572068
282,single,gattgggtgagacgtgtgacattg,5.0,gtg,1.0,,DWVRRVTL,,False,False,3.0,1.0,1.0,298.0,771.0,515.0,874.0,784.0,662.0,True,False,True,True,False,False,1.0,both,0.0032875929102344197,0.003691009754811495,0.003211986239889764,0.0026906720359719375,0.0027427181012279977,0.0031135320754260704,-2.483121964789046,-2.4328548070245524,-2.4932263239016836,-2.570139234844132,-2.5618188272377953,-2.5067466558430813,V,non-synonymous,-0.06830504494678702,-0.10293818767831729,-0.011533180661874778,-0.0067030005535700515,0.06892555483438069,0.17097275135391318,0.06892555483438069
283,single,gattgggtgagacgttagacattg,5.0,tag,1.0,,DWVRR*TL,,True,False,1.0,1.0,1.0,684.0,1769.0,958.0,1375.0,1078.0,1111.0,True,False,True,True,False,False,1.0,both,0.00517212843429328,0.005075138412865806,0.005390508629180555,0.006175904941626864,0.00629295502084608,0.005791774229627525,-2.2863306992571677,-2.294552108858271,-2.2683702544005158,-2.209299397200271,-2.2011453723790293,-2.237188375805728,*,stop,0.060466463105255046,0.0745566100856706,0.0265989208526163,0.122068507498472,0.24642035259836859,0.20910485286840427,0.20910485286840427
284,single,gattgggtgagacgttataagttg,6.0,aag,1.0,,DWVRRYKL,,False,False,2.0,1.0,1.0,619.0,1454.0,748.0,1471.0,1328.0,1253.0,True,False,True,True,False,False,1.0,both,0.005533237037705757,0.006252118564272532,0.00607948452957987,0.005589013390156474,0.00517238925964398,0.004522178626055729,-2.257020724695919,-2.203972794676992,-2.2161332423472335,-2.252664849900269,-2.2863087987657336,-2.344652287019811,K,non-synonymous,0.0034191859100048956,-0.06572002817185135,-0.10962995340091954,0.06502123030322186,0.10614371434084663,0.07287597861486843,0.07287597861486843
285,single,gattgggtgagacgttatacaaag,7.0,aag,1.0,,DWVRRYTK,,False,False,2.0,1.0,1.0,21.0,30.0,14.0,40.0,51.0,31.0,True,False,True,True,False,False,1.0,both,0.0001504619180885318,0.00024010395088697225,0.00015041023177731521,0.00018961111662889492,0.00010672054868591431,8.463970690478638e-05,-3.822573406095487,-3.6196006936110545,-3.822722619507111,-3.7221362041864676,-3.97175195056909,-4.072425849206034,K,non-synonymous,0.07883914981913509,-0.2810846941647929,-0.21300308841926197,0.14044119421235207,-0.10922095165209494,-0.030497156403474,-0.030497156403474
286,single,gattgggtgagacgttatacaaat,7.0,aat,1.0,,DWVRRYTN,,False,False,3.0,1.0,1.0,422.0,973.0,684.0,1222.0,997.0,961.0,True,False,True,True,False,False,1.0,both,0.004596611597604646,0.004693796843810026,0.004662717185096772,0.003810280534161603,0.0034613031290464877,0.004135254251633849,-2.3375621915169136,-2.3284757113973353,-2.331360925672838,-2.4190430479587133,-2.4607603650204006,-2.383497783164156,N,non-synonymous,-0.06395918371188354,-0.10558869426601497,-0.04447404096260885,-0.0023571393186665734,0.06627504824668301,0.13803189105317912,0.06627504824668301
287,single,gattgggtgagacgttatacaacg,7.0,acg,1.0,,DWVRRYTT,,False,False,2.0,1.0,1.0,551.0,1366.0,916.0,1557.0,1305.0,1200.0,True,False,True,True,False,False,1.0,both,0.0058567301615961,0.0061438363903431135,0.005822331552670267,0.004975034536310529,0.004859342316831965,0.005537855108913165,-2.2323447848553286,-2.211560358034691,-2.2349030672937586,-2.303203900068602,-2.3134225059432385,-2.256658411216422,T,non-synonymous,-0.05562154554455952,-0.08130566092301336,-0.018557851457259193,0.005980498848657451,0.09055808158968462,0.16394808055852877,0.09055808158968462
288,single,gattgggtgagacgttatacaagt,7.0,agt,1.0,,DWVRRYTS,,False,False,3.0,1.0,1.0,2100.0,4484.0,2930.0,3461.0,2684.0,2653.0,True,False,True,True,False,False,1.0,both,0.013018717462610213,0.012636058905502618,0.012872204674361848,0.018961111662889493,0.015951164676921325,0.01771388151650172,-1.8854317981293214,-1.8983883582120364,-1.8903470633590544,-1.7221362041864678,-1.797207601365817,-1.751686264530163,S,non-synonymous,0.12818045057972935,0.08076177929664759,0.11828112287072762,0.1897824949729463,0.25262552180934555,0.3007870548865156,0.25262552180934555
289,single,gattgggtgagacgttatacaatg,7.0,atg,1.0,,DWVRRYTM,,False,False,1.0,1.0,1.0,300.0,802.0,463.0,892.0,762.0,745.0,True,False,True,True,False,False,1.0,both,0.003355300773374259,0.003587435501487703,0.003614697505616124,0.0027087302375556417,0.002852996001536776,0.002799156021208292,-2.474268543047326,-2.4452158983693906,-2.4419280405930905,-2.5672342442007245,-2.544698837004589,-2.552972893866319,M,non-synonymous,-0.07297432327827125,-0.07940659256037211,-0.0947240319189329,-0.01137227888505428,0.09245714995232587,0.08778190009685506,0.08778190009685506
290,single,gattgggtgagacgttatacaatt,7.0,att,1.0,,DWVRRYTI,,False,False,2.0,1.0,1.0,325.0,779.0,513.0,922.0,680.0,687.0,True,False,True,True,False,False,1.0,both,0.0034681472119406577,0.0032013860118262965,0.0033332848139037276,0.002934457757351945,0.002771176914210908,0.0031014406887253866,-2.4599024763698196,-2.4946619570027546,-2.477127576281833,-2.5324721379415127,-2.557335747616188,-2.508436519772456,I,non-synonymous,-0.05696425539768934,-0.05002578556414042,-0.026707310380757836,0.004637788995527629,0.12183795694855756,0.15579862163503014,0.12183795694855756
291,single,gattgggtgagacgttatacacat,7.0,cat,1.0,,DWVRRYTH,,False,False,3.0,1.0,1.0,278.0,722.0,438.0,721.0,539.0,546.0,True,False,True,True,False,False,1.0,both,0.0027120760735457857,0.002537569206432903,0.0026491608564649712,0.0025100900201348946,0.002568407871707671,0.002648013687449745,-2.56669813270402,-2.595582104522252,-2.5768916706366465,-2.600310703002311,-2.5903360077191135,-2.5770797743801728,H,non-synonymous,-0.02638451106945069,0.004187398131720759,-0.00016045718897057194,0.03521753332376627,0.17605114064441874,0.1823454748268174,0.17605114064441874
292,single,gattgggtgagacgttatacagat,7.0,gat,1.0,,DWVRRYTD,,False,False,3.0,1.0,1.0,1.0,2.0,4.0,4.0,5.0,1.0,True,False,True,True,False,False,2.0,both,1.504619180885318e-05,2.3539603028134534e-05,4.851942960558556e-06,9.02910079185214e-06,7.11470324572762e-06,2.4182773401367536e-05,-4.822573406095486,-4.628200865372972,-5.314084313341383,-5.044355498920387,-5.147843209624772,-4.61649389355631,D,non-synonymous,-0.17408999166725656,-0.41477491993305265,0.5950620424296048,-0.11248794727403959,-0.24291117742035467,0.7775679744453927,-0.11248794727403959
293,single,gattgggtgagacgttatacaggg,7.0,ggg,1.0,,DWVRRYTG,,False,False,2.0,1.0,1.0,403.0,961.0,613.0,1181.0,989.0,972.0,True,False,True,True,False,False,1.0,both,0.0044423881315639015,0.004656133478965011,0.004716088557662916,0.0036387276191164122,0.0034186149095721216,0.003706010023759575,-2.3523834998099344,-2.3319745781118115,-2.326418048415109,-2.4390504527792776,-2.4661498176202072,-2.4310934103658575,G,non-synonymous,-0.06803006017339529,-0.10709774682473878,-0.0892906968155631,-0.00642801578017832,0.0647659956879592,0.09321523520022486,0.0647659956879592
294,single,gattgggtgagacgttatacagtg,7.0,gtg,1.0,,DWVRRYTV,,False,False,1.0,1.0,1.0,1.0,3.0,1.0,3.0,4.0,1.0,True,False,True,True,False,False,3.0,both,1.1284643856639884e-05,1.8831682422507626e-05,4.851942960558556e-06,9.02910079185214e-06,1.0672054868591431e-05,6.045693350341884e-06,-4.947512142703786,-4.725110878381028,-5.314084313341383,-5.044355498920387,-4.97175195056909,-5.2185538848842725,V,non-synonymous,-0.07601812599941454,-0.1968671954867374,0.08148984025522911,-0.014416081606197576,-0.025003452974039414,0.26399577227101706,-0.014416081606197576
295,single,gattgggtgagacgttatacatag,7.0,tag,1.0,,DWVRRYT*,,True,False,1.0,1.0,1.0,1327.0,3731.0,2196.0,2976.0,2398.0,2255.0,True,False,True,True,False,False,1.0,both,0.011194366705786765,0.011289593612293322,0.010941131376059543,0.011981616750787788,0.013272478904904876,0.013276342597350776,-1.951000470549608,-1.947321690946161,-1.9609377671274042,-1.9214845760559516,-1.8770479562479234,-1.8769215491062181,*,stop,0.023168785906033933,0.05609200829240774,0.07166793131749334,0.0847708302992509,0.22795575080510572,0.2541738633332813,0.22795575080510572
296,single,gattgggtgagacgttatacatat,7.0,tat,1.0,,DWVRRYTY,,False,False,2.0,1.0,1.0,254.0,530.0,371.0,769.0,537.0,603.0,True,False,True,True,False,False,1.0,both,0.0028926303752520237,0.002528153365221649,0.002925721605216809,0.0022933916011304433,0.0018853963601178196,0.002242952232976839,-2.538707057622018,-2.5971965840094353,-2.533767001201232,-2.639521782300449,-2.7245973356879634,-2.6491799752692264,Y,non-synonymous,-0.07913548995617704,-0.10169039756172495,-0.09845014800079271,-0.017533445562960076,0.07017334495097304,0.08405578401499525,0.07017334495097304
297,single,gattgggtgagacgttatacatgg,7.0,tgg,1.0,,DWVRRYTW,,False,False,1.0,1.0,1.0,229.0,562.0,313.0,531.0,478.0,475.0,True,False,True,True,False,False,1.0,both,0.0019973819626252593,0.0022503860494896616,0.002304672906265314,0.00206766408133414,0.001999231612049461,0.0018923020186570098,-2.69953887634198,-2.647742973096872,-2.637390703716517,-2.684520016580499,-2.6991368897196915,-2.7230095473378237,W,non-synonymous,0.011789198746502024,-0.04102226827370811,-0.07303501096166559,0.073391243139719,0.13084147423898987,0.10947092105412237,0.10947092105412237
298,single,gattgggtgagacgttatacattt,7.0,ttt,1.0,,DWVRRYTF,,False,False,1.0,1.0,1.0,713.0,1642.0,1078.0,1908.0,1631.0,1411.0,True,False,True,True,False,False,1.0,both,0.007177033492822967,0.007678618507777485,0.006846091517348122,0.006437748864590575,0.005841171364742377,0.006517257431668551,-2.144055027055373,-2.114716908668715,-2.164557299587036,-2.1912659690685214,-2.2335000525053306,-2.1859351240335525,F,non-synonymous,-0.037058684030731766,-0.09481188267127601,-0.01823581791986926,0.024543360362485202,0.07705185984142197,0.1642701140959187,0.07705185984142197
299,single,gattgggtgagacgttatacgttg,6.0,acg,1.0,,DWVRRYTL,,False,False,1.0,0.0,1.0,434.0,1017.0,548.0,1249.0,993.0,954.0,True,False,True,True,False,False,1.0,both,0.004698173392314405,0.0046749651613875185,0.004628753584372862,0.003918629743663828,0.0036178266004524952,0.0033130399559873525,-2.3280709590493136,-2.3302216212136098,-2.3345359386372886,-2.4068657694078763,-2.441552252366008,-2.4797733263999033,T,synonymous,-0.06185074594627124,-0.088863338665789,-0.12389111740638505,-0.000248701553054273,0.08300040384690899,0.05861481460940292,0.05861481460940292
300,single,gattgggtgagacgttatactttg,6.0,act,1.0,,DWVRRYTL,,False,False,1.0,0.0,1.0,15.0,27.0,18.0,50.0,39.0,43.0,True,False,True,True,False,False,1.0,both,0.00018807739761066475,0.00018360890361944937,0.0002086335473040179,0.0001354365118777821,9.604849381732287e-05,0.00010882248030615391,-3.72566339308743,-3.7361062626824917,-3.680615857761797,-3.868264239864706,-4.017509441129765,-3.9632813797809665,T,synonymous,-0.11193590930174686,-0.22461406792672145,-0.24112074662519087,-0.050333864908529896,-0.05275032541402347,-0.058614814609402904,-0.05275032541402347
301,single,gattgggtgagacgttatatgttg,6.0,atg,1.0,,DWVRRYML,,False,False,2.0,1.0,1.0,2240.0,5544.0,3083.0,4269.0,3518.0,3356.0,True,False,True,True,False,False,1.0,both,0.016058048207998554,0.016562464690595458,0.016283120575634514,0.020225185773748794,0.019721957397156965,0.018638872599104028,-1.7943072426195024,-1.7808750345875486,-1.7882623611847208,-1.6941074805862242,-1.7050499836850022,-1.7295803601577642,M,non-synonymous,0.07865276909983233,0.06052303043607179,0.05005721178871076,0.1402548134930493,0.23238677294876978,0.23256314380449872,0.23238677294876978
302,single,gattgggtgagacgttatattttg,6.0,att,1.0,,DWVRRYIL,,False,False,2.0,1.0,1.0,424.0,927.0,533.0,1023.0,850.0,792.0,True,False,True,True,False,False,1.0,both,0.003848063555114201,0.004001732514782871,0.003842738824762376,0.0038283387357453073,0.003297664954394752,0.0032223545557322243,-2.4147577637112887,-2.3977519439946984,-2.4153591317518903,-2.4169896423276542,-2.4817934711442553,-2.4918266758577,I,non-synonymous,-0.0017519346344710045,-0.06708136486586631,-0.06522872402576649,0.05985010975874596,0.10478237764683167,0.11727720799002148,0.10478237764683167
303,single,gattgggtgagacgttatcagttg,6.0,cag,1.0,,DWVRRYQL,,False,False,3.0,1.0,1.0,1096.0,2533.0,1487.0,3030.0,2389.0,2216.0,True,False,True,True,False,False,1.0,both,0.011397490295206283,0.01124722232684268,0.01075190560059776,0.009895894467869945,0.009010771660714031,0.00898994601195838,-1.943190768921144,-1.948954719959113,-1.9685145572849914,-2.0045449447720367,-2.0452380154982044,-2.0462429163623184,Q,non-synonymous,-0.04816055176765869,-0.07685265960305511,-0.06630423067092332,0.013441492625558278,0.09501108290964287,0.11620170134486464,0.09501108290964287
304,single,gattgggtgagacgttatccgttg,6.0,ccg,1.0,,DWVRRYPL,,False,False,2.0,1.0,1.0,1.0,1.0,2.0,3.0,7.0,2.0,True,False,True,True,False,False,2.0,both,1.1284643856639884e-05,3.295544423938835e-05,9.703885921117111e-06,9.02910079185214e-06,3.55735162286381e-06,1.2091386700683768e-05,-4.947512142703786,-4.482072829694734,-5.013054317677402,-5.044355498920387,-5.448873205288752,-4.917523889220291,P,non-synonymous,-0.07601812599941454,-0.7716933633567447,0.08148984025522911,-0.014416081606197576,-0.5998296208440467,0.26399577227101706,-0.014416081606197576
305,single,gattgggtgagacgttatctgttg,6.0,ctg,1.0,,DWVRRYLL,,False,False,3.0,1.0,1.0,151.0,406.0,239.0,471.0,418.0,423.0,True,False,True,True,False,False,1.0,both,0.0017716890854924618,0.001967910813152047,0.002052371872316269,0.001363394219569673,0.001444284758882707,0.0014449207107317102,-2.751612490294553,-2.7059945879339558,-2.6877439459663415,-2.865378551627218,-2.8403471717115583,-2.8401559839361346,L,non-synonymous,-0.089301766509422,-0.1072393017920631,-0.13001127313804942,-0.027699722116205028,0.06462444072063488,0.05249465887773855,0.05249465887773855
306,single,gattgggtgagacgttatgctttg,6.0,gct,1.0,,DWVRRYAL,,False,False,2.0,1.0,1.0,34.0,88.0,49.0,103.0,74.0,73.0,True,False,True,True,False,False,1.0,both,0.00038743943907796935,0.0003483861248163911,0.00035419183612077457,0.00030698942692297275,0.0003130469428120153,0.0002962389741667523,-3.411796172718277,-3.4579391499780145,-3.450761453220928,-3.512876581878132,-3.504390533138584,-3.5283578048557587,A,non-synonymous,-0.07934404155097938,-0.03707717229808473,-0.06619162502709637,-0.01774199715776241,0.13478657021461327,0.1163143069886916,0.1163143069886916
307,single,gattgggtgagacgttatgttttg,6.0,gtt,1.0,,DWVRRYVL,,False,False,3.0,1.0,1.0,332.0,846.0,554.0,1086.0,854.0,853.0,True,False,True,True,False,False,1.0,both,0.004085041076103638,0.004020564197205379,0.004138707345356448,0.0029976614628949103,0.0030095194729427835,0.0033493141160894037,-2.388803572170621,-2.395712999019986,-2.3831352821738605,-2.523217415216351,-2.521502842249729,-2.4750441201558426,V,non-synonymous,-0.10550944180272348,-0.10040458159569486,-0.07840053317208709,-0.04390739740950651,0.07145916091700312,0.10410539884370087,0.07145916091700312
308,single,gattgggtgagacgttattagttg,6.0,tag,1.0,,DWVRRY*L,,True,False,3.0,1.0,1.0,2483.0,6291.0,3475.0,5176.0,4198.0,4014.0,True,False,True,True,False,False,1.0,both,0.019469772200656012,0.019763850702421756,0.019475699043682043,0.022419257266168863,0.022379299059436232,0.021008784392438046,-1.7106391297628052,-1.7041284354626094,-1.7105069451899169,-1.6493787793658228,-1.650153520103746,-1.6775990759581396,*,stop,0.048086902573166126,0.043082403587798565,0.028071233952870134,0.1096889469663831,0.21494614610049656,0.2105771659686581,0.2105771659686581
309,single,gattgggtgagacgttattatttg,6.0,tat,1.0,,DWVRRYYL,,False,False,3.0,1.0,1.0,4.0,3.0,2.0,1.0,6.0,2.0,True,False,True,True,False,False,2.0,both,3.761547952213295e-06,2.8247523633761442e-05,9.703885921117111e-06,3.611640316740856e-05,1.0672054868591431e-05,1.2091386700683768e-05,-5.424633397423449,-4.549019619325347,-5.013054317677402,-4.442295507592425,-4.97175195056909,-4.917523889220291,Y,non-synonymous,0.7710955960278182,-0.3374220187871631,0.08148984025522911,0.8326976404210351,-0.16555827627446512,0.26399577227101706,0.26399577227101706
310,single,gattgggtgagacgttattcgttg,6.0,tcg,1.0,,DWVRRYSL,,False,False,2.0,1.0,1.0,899.0,2313.0,1411.0,3061.0,2419.0,2409.0,True,False,True,True,False,False,1.0,both,0.011514098281724896,0.011388459945011488,0.01168833059198556,0.008117161611875073,0.008228154303683993,0.008530473317332398,-1.9387700678261144,-1.9435350013471113,-1.9322475133430403,-2.0905958071871584,-2.084697572518133,-2.0690268711299247,S,non-synonymous,-0.1191770776602197,-0.11267498656081992,-0.11667620669439498,-0.05757503326700274,0.05918875595187806,0.06582972532139299,0.05918875595187806
311,single,gattgggtgagacgttattctttg,6.0,tct,1.0,,DWVRRYSL,,False,False,2.0,1.0,1.0,182.0,464.0,283.0,484.0,346.0,399.0,True,False,True,True,False,False,1.0,both,0.0018205892088712346,0.0016289405295469097,0.0019359252412628637,0.0016432963441170895,0.001650611153008808,0.0017109312181467532,-2.7397880357790365,-2.7880947709162145,-2.7131114176546354,-2.7842841109353125,-2.7823552247338714,-2.7667674493599823,S,non-synonymous,-0.0349276231210311,0.004581266008375443,-0.045769934491199614,0.026674421272185868,0.17644500852107342,0.13673599752458834,0.13673599752458834
312,single,gattgggtgagacgttattggttg,6.0,tgg,1.0,,DWVRRYWL,,False,False,3.0,1.0,1.0,269.0,629.0,384.0,701.0,657.0,536.0,True,False,True,True,False,False,1.0,both,0.0026368451145015195,0.0030931038378968776,0.002600641426859386,0.0024288281130082257,0.0022375741707813365,0.0023215462465312835,-2.5789153794567903,-2.50960550014921,-2.5849195236486135,-2.614603218917979,-2.6502225598434834,-2.6342226605167416,W,non-synonymous,-0.02801351360376005,-0.1122395630785079,-0.04205680653122171,0.03358853078945692,0.059624179434190086,0.14044912548456626,0.059624179434190086
313,single,gattgggtgagacgttattgtttg,6.0,tgt,1.0,,DWVRRYCL,,False,False,3.0,1.0,1.0,142.0,278.0,163.0,396.0,358.0,363.0,True,False,True,True,False,False,1.0,both,0.0014895729890764648,0.0016854355768144327,0.0017612552946827556,0.0012821323124430038,0.0009889437511561392,0.000985448016105727,-2.8269382114979367,-2.7732878430651167,-2.7541776883052713,-2.8920671545373304,-3.0048284093706763,-3.0063662804803144,C,non-synonymous,-0.051123591659751465,-0.18481407628341032,-0.21512316465493267,0.010478452733465503,-0.012950333770712336,-0.032617232639144705,-0.012950333770712336
314,single,gattgggtgagacgttatttgttg,6.0,ttg,1.0,,DWVRRYLL,,False,False,3.0,1.0,1.0,1.0,1.0,2.0,3.0,5.0,5.0,True,False,True,True,False,False,2.0,both,1.1284643856639884e-05,2.3539603028134534e-05,2.4259714802792778e-05,9.02910079185214e-06,3.55735162286381e-06,1.2091386700683768e-05,-4.947512142703786,-4.628200865372972,-4.615114309005365,-5.044355498920387,-5.448873205288752,-4.917523889220291,L,non-synonymous,-0.07601812599941454,-0.655054977419039,-0.25796292114851077,-0.014416081606197576,-0.48319123490634097,-0.07545698913272281,-0.07545698913272281
315,single,gattgggtgagacgttattttttg,6.0,ttt,1.0,,DWVRRYFL,,False,False,3.0,1.0,1.0,1.0,1.0,2.0,4.0,6.0,3.0,True,False,True,True,False,False,2.0,both,1.504619180885318e-05,2.8247523633761442e-05,1.4555828881675667e-05,9.02910079185214e-06,3.55735162286381e-06,1.2091386700683768e-05,-4.822573406095486,-4.549019619325347,-4.836963058621722,-5.044355498920387,-5.448873205288752,-4.917523889220291,F,non-synonymous,-0.17408999166725656,-0.7182568995735752,-0.06872039958716791,-0.11248794727403959,-0.5463931570608772,0.11378553242862005,-0.11248794727403959
316,single,gattgggtgagacgttcgacattg,5.0,tcg,1.0,,DWVRRSTL,,False,False,2.0,1.0,1.0,2.0,1.0,5.0,9.0,3.0,5.0,True,False,True,True,False,False,2.0,both,3.385393156991965e-05,1.4123761816880721e-05,2.4259714802792778e-05,1.805820158370428e-05,3.55735162286381e-06,3.022846675170942e-05,-4.4703908879841245,-4.850049614989328,-4.615114309005365,-4.743325503256406,-5.448873205288752,-4.519583880548254,S,non-synonymous,-0.21424265725534114,-0.4779768420875889,0.08148984025522911,-0.15264061286212416,-0.3061130995748909,0.26399577227101706,-0.15264061286212416
317,single,gattgggtgagacgttgtacattg,5.0,tgt,1.0,,DWVRRCTL,,False,False,1.0,1.0,1.0,471.0,1269.0,675.0,1267.0,1111.0,1004.0,True,False,True,True,False,False,1.0,both,0.004765881255454244,0.005230499792851493,0.00487135073240079,0.004252706472962358,0.004514279209414176,0.004080843011480772,-2.321856782540008,-2.2814568107681232,-2.312350600532383,-2.371334591791491,-2.3454115831940476,-2.389250112053247,C,non-synonymous,-0.038838083321295666,-0.05104825637428317,-0.0655972030142602,0.0227639610719213,0.12081548613841481,0.11690872900152777,0.11690872900152777
318,single,gattgggtgagacgtttgacattg,5.0,ttg,1.0,,DWVRRLTL,,False,False,2.0,1.0,1.0,690.0,1564.0,910.0,1764.0,1335.0,1353.0,True,False,True,True,False,False,1.0,both,0.006635370587704252,0.00628507400851192,0.006564678825635726,0.006230079546377976,0.0055636979381589995,0.005501580948811115,-2.178134816627648,-2.201689604008397,-2.182786516743761,-2.205506408183132,-2.2546364565649233,-2.2595124925631787,L,non-synonymous,-0.02148559464436029,-0.042261810979743526,-0.06544917272885449,0.040116449748856677,0.12960193153295446,0.11705675928693347,0.11705675928693347
319,single,gattgggtgagacgttttacattg,5.0,ttt,1.0,,DWVRRFTL,,False,False,1.0,1.0,1.0,4.0,2.0,1.0,2.0,1.0,4.0,True,False,True,True,False,False,3.0,both,7.52309590442659e-06,4.707920605626906e-06,1.9407771842234222e-05,3.611640316740856e-05,7.11470324572762e-06,6.045693350341884e-06,-5.123603401759468,-5.327170869708991,-4.712024322013421,-4.442295507592425,-5.147843209624772,-5.2185538848842725,F,non-synonymous,0.5347991991040495,0.1431380961848095,-0.43208236191914656,0.5964012434972664,0.3150018386975075,-0.2495764299033586,0.3150018386975075
320,single,gattgggtgagactgtatacattg,4.0,ctg,1.0,,DWVRLYTL,,False,False,2.0,1.0,1.0,444.0,1066.0,670.0,1342.0,1128.0,1140.0,True,False,True,True,False,False,1.0,both,0.0050479973518702415,0.0053105344431471505,0.005531214975036753,0.00400892075158235,0.003792136829972822,0.004050614544729062,-2.296880881590476,-2.2748617700616673,-2.257179462004911,-2.396972528805767,-2.421116000598199,-2.392479082183446,L,non-synonymous,-0.07856790333126344,-0.11673911379951989,-0.11541395357492756,-0.016965858938046474,0.055124628713178095,0.0670919784408604,0.055124628713178095
321,single,gattgggtgagactttatacattg,4.0,ctt,1.0,,DWVRLYTL,,False,False,1.0,1.0,1.0,141.0,339.0,227.0,474.0,309.0,372.0,True,False,True,True,False,False,1.0,both,0.0017829737293491017,0.0014547474671387142,0.0018049227813277827,0.0012731032116511517,0.0012059422001508317,0.0013723723905276076,-2.748855055749364,-2.837212390284156,-2.743541373459486,-2.895136386265007,-2.9186735070856704,-2.8625280276911496,L,non-synonymous,-0.11482494049079664,-0.06502169919900257,-0.10149858639224665,-0.05322289609757967,0.10684204331369541,0.08100734562354131,0.08100734562354131
322,single,gattgggtgagagtgtatacattg,4.0,gtg,1.0,,DWVRVYTL,,False,False,3.0,1.0,1.0,1.0,5.0,7.0,13.0,4.0,5.0,True,False,True,True,False,False,2.0,both,4.890012337877283e-05,1.8831682422507626e-05,2.4259714802792778e-05,9.02910079185214e-06,1.7786758114319052e-05,4.231985345239319e-05,-4.310690045116612,-4.725110878381028,-4.615114309005365,-5.044355498920387,-4.749903200952733,-4.373455844870016,V,non-synonymous,-0.5758977702500654,-0.01978906015528734,0.20614070256739964,-0.5142957258568485,0.15207468235741065,0.3886466345831876,0.15207468235741065
323,single,gattgggtgagagtttatacattg,4.0,gtt,1.0,,DWVRVYTL,,False,False,2.0,1.0,1.0,500.0,1273.0,698.0,1226.0,940.0,1003.0,True,False,True,True,False,False,1.0,both,0.0046116577894135,0.004425445369289292,0.004866498789440231,0.00451455039592607,0.004528508615905631,0.004219893958538635,-2.336142927241053,-2.3540430161092925,-2.3127833803209654,-2.3453854945843684,-2.344044801635097,-2.374698462261111,V,non-synonymous,-0.0072550423313581126,0.00798050554170844,-0.05281511051692887,0.05434700206185886,0.1798442480544064,0.12969082149885908,0.12969082149885908
324,single,gattgggtgagatagtatacattg,4.0,tag,1.0,,DWVR*YTL,,True,False,3.0,1.0,1.0,2410.0,6364.0,3723.0,5084.0,4121.0,3958.0,True,False,True,True,False,False,1.0,both,0.019123709789052392,0.01940134081578848,0.019203990237890763,0.021760132908363657,0.02263898572790529,0.022508116343322834,-1.7184278555414785,-1.7121682551844026,-1.7166085234710062,-1.6623384563455188,-1.6451430343142086,-1.6476608486658801,*,stop,0.04402791458170314,0.05349906705535708,0.05881408778943842,0.10562995897492011,0.22536280956805504,0.24132001980522638,0.22536280956805504
325,single,gattgggtgagatattatacattg,4.0,tat,1.0,,DWVRYYTL,,False,False,2.0,1.0,1.0,3.0,4.0,1.0,3.0,6.0,1.0,True,False,True,True,False,False,2.0,both,1.1284643856639884e-05,2.8247523633761442e-05,4.851942960558556e-06,2.7087302375556417e-05,1.422940649145524e-05,6.045693350341884e-06,-4.947512142703786,-4.549019619325347,-5.314084313341383,-4.5672342442007245,-4.8468132139607905,-5.2185538848842725,Y,non-synonymous,0.29850280218028075,-0.23769678460160257,0.08148984025522911,0.3601048465734977,-0.06583304208890459,0.26399577227101706,0.26399577227101706
326,single,gattgggtgagatcgtatacattg,4.0,tcg,1.0,,DWVRSYTL,,False,False,3.0,1.0,1.0,751.0,1823.0,1075.0,2359.0,1802.0,1770.0,True,False,True,True,False,False,1.0,both,0.008873491619271163,0.008483672931339685,0.008587939040188643,0.006780854694680957,0.006485052008480726,0.006499120351617526,-2.0519054565378534,-2.0714160830659467,-2.066111046979577,-2.1687155619162186,-2.1880865366337763,-2.1871454206326484,S,non-synonymous,-0.09169121822664933,-0.09312554793206079,-0.1032453421771111,-0.03008917383343236,0.07873819458063719,0.07926058983867687,0.07873819458063719
327,single,gattgggtgagatcttatacattg,4.0,tct,1.0,,DWVRSYTL,,False,False,2.0,1.0,1.0,975.0,2635.0,1589.0,2975.0,2543.0,2510.0,True,False,True,True,False,False,1.0,both,0.011190605157834552,0.011972242100109224,0.012178376831001975,0.008803373272055836,0.00937362152624614,0.009606606733693254,-1.9511464273588808,-1.921824509533282,-1.9144105918603453,-2.05535088322185,-2.028092585740187,-2.0174299876768926,S,non-synonymous,-0.08179629212534252,-0.08482244237355747,-0.08787811636424973,-0.020194247732125553,0.0870413001391405,0.09462781565153823,0.0870413001391405
328,single,gattgggtgagatggtatacattg,4.0,tgg,1.0,,DWVRWYTL,,False,False,2.0,1.0,1.0,6992.0,17375.0,11775.0,13491.0,11083.0,10460.0,True,False,True,True,False,False,1.0,both,0.05074704342330956,0.052177884072163006,0.050751323367442494,0.06313147273663015,0.06180898444725871,0.07118803920027568,-1.2945892551358447,-1.282513536474125,-1.2945526288101281,-1.1997540792940404,-1.2089483920266009,-1.1475929690833386,W,non-synonymous,0.07444178545603877,0.058719188756680196,0.1253602583858969,0.13604382984925573,0.23058293126937818,0.30786619040168484,0.23058293126937818
329,single,gattgggtgagatgttatacattg,4.0,tgt,1.0,,DWVRCYTL,,False,False,1.0,1.0,1.0,536.0,1373.0,853.0,1361.0,1076.0,1011.0,True,False,True,True,False,False,1.0,both,0.0051194667629622945,0.005065722571654552,0.0049053143331247,0.004839598024432747,0.004884243778192012,0.005156976427841627,-2.2907752722201145,-2.2953585983786207,-2.3093331577503826,-2.315190709227617,-2.3112026680519975,-2.2876048537167493,C,non-synonymous,-0.01916513263559281,-0.012646626670986117,0.018534785756904197,0.04243691175762416,0.15921711584171186,0.20104071777269217,0.15921711584171186
330,single,gattgggtgagattgtatacattg,4.0,ttg,1.0,,DWVRLYTL,,False,False,3.0,1.0,1.0,13.0,18.0,15.0,8.0,7.0,9.0,True,False,True,True,False,False,2.0,both,3.009238361770636e-05,3.295544423938835e-05,4.3667486645027004e-05,0.00011737831029407781,6.403232921154859e-05,9.068540025512827e-05,-4.521543410431505,-4.482072829694734,-4.359841803902059,-3.93041214661355,-4.1936007001854465,-4.042462625828591,L,non-synonymous,0.4640141838393209,0.23025645570206582,0.270732361816572,0.5256162282325378,0.4021201982147638,0.45323829383236,0.45323829383236
331,single,gattgggtgagattttatacattg,4.0,ttt,1.0,,DWVRFYTL,,False,False,2.0,1.0,1.0,1223.0,3143.0,1983.0,2976.0,2411.0,2349.0,True,False,True,True,False,False,1.0,both,0.011194366705786765,0.011350796580166472,0.011397214014352047,0.011042590268435166,0.011180756150660956,0.011988609913727955,-1.951000470549608,-1.9449736593315372,-1.9432012965637777,-1.9569290418841017,-1.9515288242711724,-1.9212311706789698,F,non-synonymous,-0.004653689218432961,-0.005232287251147564,0.018741065832695046,0.056948355174784006,0.1666314552615504,0.20124699784848302,0.1666314552615504
332,single,gattgggtgaggcgttatacattg,3.0,agg,1.0,,DWVRRYTL,,False,False,1.0,0.0,1.0,1.0,1.0,1.0,2.0,2.0,5.0,True,False,True,True,False,False,2.0,both,7.52309590442659e-06,9.415841211253813e-06,2.4259714802792778e-05,9.02910079185214e-06,3.55735162286381e-06,6.045693350341884e-06,-5.123603401759468,-5.0261408740450095,-4.615114309005365,-5.044355498920387,-5.448873205288752,-5.2185538848842725,R,synonymous,0.062206405256512116,-0.3374220187871631,-0.5147490222356986,0.12380844964972909,-0.16555827627446512,-0.33224309021991066,-0.16555827627446512
333,single,gattgggtgagtcgttatacattg,3.0,agt,1.0,,DWVSRYTL,,False,False,1.0,1.0,1.0,582.0,1571.0,937.0,1643.0,1314.0,1296.0,True,False,True,True,False,False,1.0,both,0.006180223285486443,0.006186207675793755,0.006288118076883888,0.005254936660857945,0.005588599399519046,0.0056648146692703455,-2.2089958339883875,-2.208575504485229,-2.2014793118068092,-2.2794325142704985,-2.252697020248779,-2.246814293996494,S,non-synonymous,-0.05528995117321405,-0.035217488279368735,-0.03867187153117055,0.0063120932200029164,0.13664625423332924,0.14383406048461742,0.13664625423332924
334,single,gattgggtgatgcgttatacattg,3.0,atg,1.0,,DWVMRYTL,,False,False,2.0,1.0,1.0,63.0,141.0,107.0,190.0,122.0,160.0,True,False,True,True,False,False,1.0,both,0.000714694110920526,0.0005743663138864827,0.0007763108736893689,0.0005688333498866848,0.0005015865788237972,0.0006468891884865816,-3.14587979647062,-3.240811039034243,-3.1099643306854587,-3.2450149494668055,-3.2996540926333724,-3.189170107199063,M,non-synonymous,-0.07781709397369536,-0.046968117812525474,-0.06756450462569331,-0.016215049580478397,0.12489562470017251,0.11494142739009465,0.11494142739009465
335,single,gattgggtgattcgttatacattg,3.0,att,1.0,,DWVIRYTL,,False,False,2.0,1.0,1.0,99.0,219.0,143.0,222.0,162.0,179.0,True,False,True,True,False,False,1.0,both,0.0008350636453913514,0.0007626831381115589,0.0008684977899399815,0.0008938809783933618,0.0007790600054071744,0.0008645341490988894,-3.0782804229728105,-3.11765585516636,-3.0612312823614904,-3.048720304322837,-3.108429090448634,-3.0632178474192107,I,non-synonymous,0.023203500083840825,0.007364739689461199,-0.0016945895860072519,0.08480554447705779,0.17922848220215917,0.18081134242978072,0.17922848220215917
336,single,gattgggtgcagcgttatacattg,3.0,cag,1.0,,DWVQRYTL,,False,False,3.0,1.0,1.0,1.0,5.0,2.0,3.0,6.0,3.0,True,False,True,True,False,False,2.0,both,1.1284643856639884e-05,2.8247523633761442e-05,1.4555828881675667e-05,9.02910079185214e-06,1.7786758114319052e-05,1.2091386700683768e-05,-4.947512142703786,-4.549019619325347,-4.836963058621722,-5.044355498920387,-4.749903200952733,-4.917523889220291,Q,non-synonymous,-0.07601812599941454,-0.1603438834557131,-0.06872039958716791,-0.014416081606197576,0.011519859056984882,0.11378553242862005,0.011519859056984882
337,single,gattgggtgcatcgttatacattg,3.0,cat,1.0,,DWVHRYTL,,False,False,3.0,1.0,1.0,6.0,4.0,1.0,5.0,2.0,6.0,True,False,True,True,False,False,2.0,both,1.8807739761066475e-05,9.415841211253813e-06,2.9111657763351334e-05,5.4174604751112835e-05,1.422940649145524e-05,6.045693350341884e-06,-4.72566339308743,-5.0261408740450095,-4.53593306295774,-4.266204248536743,-4.8468132139607905,-5.2185538848842725,H,non-synonymous,0.36065688454579053,0.1431380961848095,-0.5822926017615435,0.4222589289390075,0.3150018386975075,-0.39978666974575555,0.3150018386975075
338,single,gattgggtgcctcgttatacattg,3.0,cct,1.0,,DWVPRYTL,,False,False,3.0,1.0,1.0,263.0,641.0,452.0,786.0,658.0,607.0,True,False,True,True,False,False,1.0,both,0.0029565766904396497,0.0030978117585025045,0.002945129377059043,0.0023746535082571126,0.0022802623902557022,0.0027326533943545315,-2.529210851384041,-2.5089449760950355,-2.530895622266126,-2.624399750430629,-2.6420151757699353,-2.56341545007289,P,non-synonymous,-0.07471944389540586,-0.10621571168358596,-0.027740224930431608,-0.01311739950218889,0.06564803082911203,0.15476570708535636,0.06564803082911203
339,single,gattgggtgcggcgttatacattg,3.0,cgg,1.0,,DWVRRYTL,,False,False,2.0,0.0,1.0,1.0,1.0,1.0,3.0,6.0,5.0,True,False,True,True,False,False,2.0,both,1.1284643856639884e-05,2.8247523633761442e-05,2.4259714802792778e-05,9.02910079185214e-06,3.55735162286381e-06,6.045693350341884e-06,-4.947512142703786,-4.549019619325347,-4.615114309005365,-5.044355498920387,-5.448873205288752,-5.2185538848842725,R,synonymous,-0.07601812599941454,-0.7182568995735752,-0.5147490222356986,-0.014416081606197576,-0.5463931570608772,-0.33224309021991066,-0.33224309021991066
340,single,gattgggtgctgcgttatacattg,3.0,ctg,1.0,,DWVLRYTL,,False,False,3.0,1.0,1.0,17.0,27.0,20.0,43.0,30.0,22.0,True,False,True,True,False,False,1.0,both,0.00016174656194517168,0.0001412376181688072,0.00010674274513228823,0.00015349471346148637,9.604849381732287e-05,0.00012091386700683767,-3.7911649418438627,-3.8500496149893286,-3.971661632519177,-3.813906577542113,-4.017509441129765,-3.9175238892202913,L,non-synonymous,-0.017851266163016986,-0.1336652733322012,0.04618084650573375,0.04375077823019998,0.03819846918049677,0.22868677852152172,0.04375077823019998
341,single,gattgggtggagcgttatacattg,3.0,gag,1.0,,DWVERYTL,,False,False,3.0,1.0,1.0,10.0,13.0,9.0,19.0,21.0,19.0,True,False,True,True,False,False,1.0,both,7.14694110920526e-05,9.886633271816504e-05,9.218691625061256e-05,9.02910079185214e-05,4.6245571097229534e-05,5.4411240153076954e-05,-4.14587979647062,-4.004951574975071,-4.0353307123885545,-4.044355498920387,-4.334929852981916,-4.264311375444947,E,non-synonymous,0.07969247602194043,-0.26338637594478803,-0.1953262217637723,0.1412945204151574,-0.09152263343209005,-0.012820289747984326,-0.012820289747984326
342,single,gattgggtggatcgttatacattg,3.0,gat,1.0,,DWVDRYTL,,False,False,3.0,1.0,1.0,14.0,48.0,59.0,46.0,43.0,32.0,True,False,True,True,False,False,1.0,both,0.00017303120580181155,0.00020244058604195698,0.00015526217473787378,0.00012640741108592996,0.0001707528778974629,0.00035669590767017115,-3.761875565741875,-3.6937024141294046,-3.8089343350214775,-3.898227463242149,-3.7676319679131653,-3.4477018732421283,D,non-synonymous,-0.1070307363290073,-0.059010057764821024,0.30814030755256255,-0.04542869193579033,0.11285368474787696,0.4906462395683505,0.11285368474787696
343,single,gattgggtggctcgttatacattg,3.0,gct,1.0,,DWVARYTL,,False,False,3.0,1.0,1.0,221.0,531.0,383.0,557.0,457.0,429.0,True,False,True,True,False,False,1.0,both,0.002095182209382805,0.0021515197167714965,0.0020814835300796202,0.001995431274999323,0.0018889537117406834,0.0023155005531809414,-2.6787782022497204,-2.667254669639141,-2.6816270211566593,-2.6999632252352765,-2.7237786842072835,-2.6353551109156497,A,non-synonymous,-0.01662938800896748,-0.045117076920574505,0.039471094548027136,0.044972656384249486,0.12674666559212347,0.2219770265638151,0.12674666559212347
344,single,gattgggtggggcgttatacattg,3.0,ggg,1.0,,DWVGRYTL,,False,False,2.0,1.0,1.0,1.0,5.0,8.0,6.0,21.0,2.0,True,False,True,True,False,False,2.0,both,2.256928771327977e-05,9.886633271816504e-05,9.703885921117111e-06,9.02910079185214e-06,1.7786758114319052e-05,4.836554680273507e-05,-4.646482147039805,-4.004951574975071,-5.013054317677402,-5.044355498920387,-4.749903200952733,-4.315463897892329,G,non-synonymous,-0.31231452292318324,-0.5946152280252944,0.5950620424296048,-0.25071247852996625,-0.42275148551259645,0.7775679744453927,-0.25071247852996625
345,single,gattgggtggttcgttatacattg,3.0,gtt,1.0,,DWVVRYTL,,False,False,3.0,1.0,1.0,385.0,1003.0,712.0,1158.0,882.0,813.0,True,False,True,True,False,False,1.0,both,0.0043558725286629955,0.0041523859741629315,0.003944629626934106,0.0034762038048630735,0.003568023677732402,0.004304533665443421,-2.3609248380320316,-2.3817022845771714,-2.4039937677473153,-2.4588947694118866,-2.447572272268334,-2.366073891247416,V,non-synonymous,-0.07690244203361453,-0.0525769679334571,0.03234660127021327,-0.015300397640397562,0.11928677457924089,0.21485253328600123,0.11928677457924089
346,single,gattgggtgtagcgttatacattg,3.0,tag,1.0,,DWV*RYTL,,True,False,3.0,1.0,1.0,5391.0,14782.0,8224.0,11246.0,9075.0,8925.0,True,False,True,True,False,False,1.0,both,0.042302368270590716,0.042724379496064176,0.04330359092298511,0.048675882368874886,0.052584771689172846,0.04971978211321165,-1.373635318250065,-1.3693242360008409,-1.3634760885571529,-1.312686167091751,-1.2791400073462345,-1.3034707832330719,*,stop,0.04784262373091817,0.07198442666041244,0.05118602338856789,0.10944466812413514,0.24384816917311042,0.23369195540435586,0.23369195540435586
347,single,gattgggtgtatcgttatacattg,3.0,tat,1.0,,DWVYRYTL,,False,False,3.0,1.0,1.0,221.0,514.0,312.0,470.0,435.0,384.0,True,False,True,True,False,False,1.0,both,0.0017679275375402485,0.0020479454634477045,0.0018631460968544854,0.001995431274999323,0.0018284787341519984,0.0018862563253066679,-2.7525355394877318,-2.688681612754354,-2.729753088973853,-2.6999632252352765,-2.7379100862934767,-2.7243992908658297,Y,non-synonymous,0.041267144851790116,-0.03929382660301841,0.0045669234361011505,0.10286918924500708,0.13256991590967956,0.18707285545188912,0.13256991590967956
348,single,gattgggtgtcgcgttatacattg,3.0,tcg,1.0,,DWVSRYTL,,False,False,3.0,1.0,1.0,372.0,921.0,665.0,823.0,720.0,676.0,True,False,True,True,False,False,1.0,both,0.0030957539646715416,0.0033897028360513727,0.003279913441337584,0.0033588254945689957,0.0032763208446575692,0.004020386077977353,-2.5092335622111794,-2.4698383732777227,-2.484137617399748,-2.4738125590384894,-2.4846135750919034,-2.395732239581168,S,non-synonymous,0.027804057886891227,-0.011793463749178314,0.07541199419380364,0.0894061022801082,0.16007027876351967,0.2579179262095916,0.16007027876351967
349,single,gattgggtgtctcgttatacattg,3.0,tct,1.0,,DWVSRYTL,,False,False,3.0,1.0,1.0,1.0,3.0,2.0,3.0,5.0,4.0,True,False,True,True,False,False,2.0,both,1.1284643856639884e-05,2.3539603028134534e-05,1.9407771842234222e-05,9.02910079185214e-06,1.0672054868591431e-05,1.2091386700683768e-05,-4.947512142703786,-4.628200865372972,-4.712024322013421,-5.044355498920387,-4.97175195056909,-4.917523889220291,S,non-synonymous,-0.07601812599941454,-0.2742200966326269,-0.17529626083195873,-0.014416081606197576,-0.10235635411992894,0.0072096711838292304,-0.014416081606197576
350,single,gattgggtgtggcgttatacattg,3.0,tgg,1.0,,DWVWRYTL,,False,False,2.0,1.0,1.0,395.0,993.0,663.0,1120.0,935.0,909.0,True,False,True,True,False,False,1.0,both,0.0042129337064788904,0.004401905766261158,0.0044104161511477275,0.003566494812781595,0.003532450161503764,0.004008294691276669,-2.3754153747532674,-2.356359258836473,-2.355520430119416,-2.447758403293927,-2.451923956793371,-2.3970403564794993,W,non-synonymous,-0.05678635761531379,-0.0762790799902399,-0.03541753367107596,0.004815686777903179,0.09558466252245808,0.147088398344712,0.09558466252245808
351,single,gattgggtgtgtcgttatacattg,3.0,tgt,1.0,,DWVCRYTL,,False,False,2.0,1.0,1.0,149.0,360.0,179.0,413.0,323.0,342.0,True,False,True,True,False,False,1.0,both,0.0015535193042640907,0.0015206583556174908,0.001659364492511026,0.0013453360179859688,0.0012806465842309716,0.0010821791097111973,-2.808683345767048,-2.8179683473778883,-2.7800582072852484,-2.871169230508113,-2.8925707045214653,-2.965700853904379,C,non-synonymous,-0.04904889757029031,-0.059547084746523864,-0.1583578118708288,0.012553146822926659,0.11231665776617411,0.02414812014495915,0.02414812014495915
352,single,gattgggtgttgcgttatacattg,3.0,ttg,1.0,,DWVLRYTL,,False,False,3.0,1.0,1.0,53.0,98.0,104.0,162.0,138.0,127.0,True,False,True,True,False,False,1.0,both,0.0006093707682585538,0.0006496930435765131,0.0006161967559909366,0.0004785423419681634,0.0003486204590406534,0.0006287521084355559,-3.215118382880818,-3.1872917833077543,-3.210280592385427,-3.320079629319598,-3.4576471295962574,-3.201520545585492,L,non-synonymous,-0.08239034218302997,-0.21579576481925306,0.007472538602456925,-0.020788297789813004,-0.043932022306555074,0.18997847061824488,-0.020788297789813004
353,ortho,gattgggttaaaagatgtattttg,2.0,gtt,1.0,,DWVKRCIL,,False,False,7.0,3.0,5.0,561.0,1393.0,778.0,1242.0,963.0,966.0,True,False,True,True,False,False,1.0,both,0.0046718425566489126,0.004533727543218711,0.004686976899899564,0.005065325544229051,0.004955390810649288,0.004703549426565986,-2.3305118015828876,-2.3435445825844563,-2.3291071869258904,-2.2953926376642255,-2.3049220888647888,-2.3275742878945835,V,synonymous,0.027567126254813914,0.0308282069723467,0.001307601140349528,0.08916917064803088,0.20269194948504468,0.1838135331561375,0.1838135331561375
354,ortho,gattgggttaaaagatgtattttg,3.0,aaa,2.0,,DWVKRCIL,,False,False,7.0,3.0,5.0,561.0,1393.0,778.0,1242.0,963.0,966.0,True,False,True,True,False,False,1.0,both,0.0046718425566489126,0.004533727543218711,0.004686976899899564,0.005065325544229051,0.004955390810649288,0.004703549426565986,-2.3305118015828876,-2.3435445825844563,-2.3291071869258904,-2.2953926376642255,-2.3049220888647888,-2.3275742878945835,K,non-synonymous,0.027567126254813914,0.0308282069723467,0.001307601140349528,0.08916917064803088,0.20269194948504468,0.1838135331561375,0.1838135331561375
355,ortho,gattgggttaaaagatgtattttg,4.0,aga,3.0,,DWVKRCIL,,False,False,7.0,3.0,5.0,561.0,1393.0,778.0,1242.0,963.0,966.0,True,False,True,True,False,False,1.0,both,0.0046718425566489126,0.004533727543218711,0.004686976899899564,0.005065325544229051,0.004955390810649288,0.004703549426565986,-2.3305118015828876,-2.3435445825844563,-2.3291071869258904,-2.2953926376642255,-2.3049220888647888,-2.3275742878945835,R,synonymous,0.027567126254813914,0.0308282069723467,0.001307601140349528,0.08916917064803088,0.20269194948504468,0.1838135331561375,0.1838135331561375
356,ortho,gattgggttaaaagatgtattttg,5.0,tgt,4.0,,DWVKRCIL,,False,False,7.0,3.0,5.0,561.0,1393.0,778.0,1242.0,963.0,966.0,True,False,True,True,False,False,1.0,both,0.0046718425566489126,0.004533727543218711,0.004686976899899564,0.005065325544229051,0.004955390810649288,0.004703549426565986,-2.3305118015828876,-2.3435445825844563,-2.3291071869258904,-2.2953926376642255,-2.3049220888647888,-2.3275742878945835,C,non-synonymous,0.027567126254813914,0.0308282069723467,0.001307601140349528,0.08916917064803088,0.20269194948504468,0.1838135331561375,0.1838135331561375
357,ortho,gattgggttaaaagatgtattttg,6.0,att,5.0,,DWVKRCIL,,False,False,7.0,3.0,5.0,561.0,1393.0,778.0,1242.0,963.0,966.0,True,False,True,True,False,False,1.0,both,0.0046718425566489126,0.004533727543218711,0.004686976899899564,0.005065325544229051,0.004955390810649288,0.004703549426565986,-2.3305118015828876,-2.3435445825844563,-2.3291071869258904,-2.2953926376642255,-2.3049220888647888,-2.3275742878945835,I,non-synonymous,0.027567126254813914,0.0308282069723467,0.001307601140349528,0.08916917064803088,0.20269194948504468,0.1838135331561375,0.1838135331561375
358,ortho,gattgggttaatagatgtattatt,2.0,gtt,1.0,,DWVNRCII,,False,False,10.0,4.0,6.0,16.0,35.0,12.0,23.0,27.0,22.0,True,False,True,True,False,False,1.0,both,8.651560290090578e-05,0.00012711385635192648,0.00010674274513228823,0.00014446561266963424,0.00012450730680023335,7.254832020410261e-05,-4.062905561405856,-3.895807105550004,-3.971661632519177,-3.840235516264462,-3.904805160938477,-4.139372638836647,V,synonymous,0.17478699839764816,-0.007182185486983087,-0.14306167505560907,0.23638904279086514,0.16468155702571488,0.03944425696017889,0.16468155702571488
359,ortho,gattgggttaatagatgtattatt,3.0,aat,2.0,,DWVNRCII,,False,False,10.0,4.0,6.0,16.0,35.0,12.0,23.0,27.0,22.0,True,False,True,True,False,False,1.0,both,8.651560290090578e-05,0.00012711385635192648,0.00010674274513228823,0.00014446561266963424,0.00012450730680023335,7.254832020410261e-05,-4.062905561405856,-3.895807105550004,-3.971661632519177,-3.840235516264462,-3.904805160938477,-4.139372638836647,N,non-synonymous,0.17478699839764816,-0.007182185486983087,-0.14306167505560907,0.23638904279086514,0.16468155702571488,0.03944425696017889,0.16468155702571488
360,ortho,gattgggttaatagatgtattatt,4.0,aga,3.0,,DWVNRCII,,False,False,10.0,4.0,6.0,16.0,35.0,12.0,23.0,27.0,22.0,True,False,True,True,False,False,1.0,both,8.651560290090578e-05,0.00012711385635192648,0.00010674274513228823,0.00014446561266963424,0.00012450730680023335,7.254832020410261e-05,-4.062905561405856,-3.895807105550004,-3.971661632519177,-3.840235516264462,-3.904805160938477,-4.139372638836647,R,synonymous,0.17478699839764816,-0.007182185486983087,-0.14306167505560907,0.23638904279086514,0.16468155702571488,0.03944425696017889,0.16468155702571488
361,ortho,gattgggttaatagatgtattatt,5.0,tgt,4.0,,DWVNRCII,,False,False,10.0,4.0,6.0,16.0,35.0,12.0,23.0,27.0,22.0,True,False,True,True,False,False,1.0,both,8.651560290090578e-05,0.00012711385635192648,0.00010674274513228823,0.00014446561266963424,0.00012450730680023335,7.254832020410261e-05,-4.062905561405856,-3.895807105550004,-3.971661632519177,-3.840235516264462,-3.904805160938477,-4.139372638836647,C,non-synonymous,0.17478699839764816,-0.007182185486983087,-0.14306167505560907,0.23638904279086514,0.16468155702571488,0.03944425696017889,0.16468155702571488
362,ortho,gattgggttaatagatgtattatt,6.0,att,5.0,,DWVNRCII,,False,False,10.0,4.0,6.0,16.0,35.0,12.0,23.0,27.0,22.0,True,False,True,True,False,False,1.0,both,8.651560290090578e-05,0.00012711385635192648,0.00010674274513228823,0.00014446561266963424,0.00012450730680023335,7.254832020410261e-05,-4.062905561405856,-3.895807105550004,-3.971661632519177,-3.840235516264462,-3.904805160938477,-4.139372638836647,I,non-synonymous,0.17478699839764816,-0.007182185486983087,-0.14306167505560907,0.23638904279086514,0.16468155702571488,0.03944425696017889,0.16468155702571488
363,ortho,gattgggttaatagatgtattatt,7.0,att,6.0,,DWVNRCII,,False,False,10.0,4.0,6.0,16.0,35.0,12.0,23.0,27.0,22.0,True,False,True,True,False,False,1.0,both,8.651560290090578e-05,0.00012711385635192648,0.00010674274513228823,0.00014446561266963424,0.00012450730680023335,7.254832020410261e-05,-4.062905561405856,-3.895807105550004,-3.971661632519177,-3.840235516264462,-3.904805160938477,-4.139372638836647,I,non-synonymous,0.17478699839764816,-0.007182185486983087,-0.14306167505560907,0.23638904279086514,0.16468155702571488,0.03944425696017889,0.16468155702571488
364,ortho,gattgggttaatagatgtattgtt,2.0,gtt,1.0,,DWVNRCIV,,False,False,10.0,4.0,6.0,344.0,861.0,505.0,842.0,627.0,609.0,True,False,True,True,False,False,1.0,both,0.003167223375763594,0.0029518662197280704,0.0029548332629801602,0.003106010672397136,0.003062879747285741,0.0030530751419226513,-2.4993213059237998,-2.5299033288782744,-2.529467020708508,-2.507797056348857,-2.5138700538350975,-2.515262506765611,V,synonymous,-0.006653121999515731,0.012797649086649224,0.012116804988784763,0.054948922393701236,0.1846613915993472,0.19462273700457272,0.1846613915993472
365,ortho,gattgggttaatagatgtattgtt,3.0,aat,2.0,,DWVNRCIV,,False,False,10.0,4.0,6.0,344.0,861.0,505.0,842.0,627.0,609.0,True,False,True,True,False,False,1.0,both,0.003167223375763594,0.0029518662197280704,0.0029548332629801602,0.003106010672397136,0.003062879747285741,0.0030530751419226513,-2.4993213059237998,-2.5299033288782744,-2.529467020708508,-2.507797056348857,-2.5138700538350975,-2.515262506765611,N,non-synonymous,-0.006653121999515731,0.012797649086649224,0.012116804988784763,0.054948922393701236,0.1846613915993472,0.19462273700457272,0.1846613915993472
366,ortho,gattgggttaatagatgtattgtt,4.0,aga,3.0,,DWVNRCIV,,False,False,10.0,4.0,6.0,344.0,861.0,505.0,842.0,627.0,609.0,True,False,True,True,False,False,1.0,both,0.003167223375763594,0.0029518662197280704,0.0029548332629801602,0.003106010672397136,0.003062879747285741,0.0030530751419226513,-2.4993213059237998,-2.5299033288782744,-2.529467020708508,-2.507797056348857,-2.5138700538350975,-2.515262506765611,R,synonymous,-0.006653121999515731,0.012797649086649224,0.012116804988784763,0.054948922393701236,0.1846613915993472,0.19462273700457272,0.1846613915993472
367,ortho,gattgggttaatagatgtattgtt,5.0,tgt,4.0,,DWVNRCIV,,False,False,10.0,4.0,6.0,344.0,861.0,505.0,842.0,627.0,609.0,True,False,True,True,False,False,1.0,both,0.003167223375763594,0.0029518662197280704,0.0029548332629801602,0.003106010672397136,0.003062879747285741,0.0030530751419226513,-2.4993213059237998,-2.5299033288782744,-2.529467020708508,-2.507797056348857,-2.5138700538350975,-2.515262506765611,C,non-synonymous,-0.006653121999515731,0.012797649086649224,0.012116804988784763,0.054948922393701236,0.1846613915993472,0.19462273700457272,0.1846613915993472
368,ortho,gattgggttaatagatgtattgtt,6.0,att,5.0,,DWVNRCIV,,False,False,10.0,4.0,6.0,344.0,861.0,505.0,842.0,627.0,609.0,True,False,True,True,False,False,1.0,both,0.003167223375763594,0.0029518662197280704,0.0029548332629801602,0.003106010672397136,0.003062879747285741,0.0030530751419226513,-2.4993213059237998,-2.5299033288782744,-2.529467020708508,-2.507797056348857,-2.5138700538350975,-2.515262506765611,I,non-synonymous,-0.006653121999515731,0.012797649086649224,0.012116804988784763,0.054948922393701236,0.1846613915993472,0.19462273700457272,0.1846613915993472
369,ortho,gattgggttaatagatgtattgtt,7.0,gtt,6.0,,DWVNRCIV,,False,False,10.0,4.0,6.0,344.0,861.0,505.0,842.0,627.0,609.0,True,False,True,True,False,False,1.0,both,0.003167223375763594,0.0029518662197280704,0.0029548332629801602,0.003106010672397136,0.003062879747285741,0.0030530751419226513,-2.4993213059237998,-2.5299033288782744,-2.529467020708508,-2.507797056348857,-2.5138700538350975,-2.515262506765611,V,non-synonymous,-0.006653121999515731,0.012797649086649224,0.012116804988784763,0.054948922393701236,0.1846613915993472,0.19462273700457272,0.1846613915993472
370,ortho,gattgggttaatagatgtattttg,2.0,gtt,1.0,,DWVNRCIL,,False,False,8.0,3.0,5.0,613.0,1433.0,868.0,1436.0,1000.0,1172.0,True,False,True,True,False,False,1.0,both,0.005401582859378291,0.004707920605626907,0.005686477149774627,0.005534838785405362,0.00509768487556384,0.005247661828096755,-2.2674789575171674,-2.327170869708991,-2.2451567016593117,-2.256895024401972,-2.292627014891408,-2.2800341597077805,V,synonymous,0.008307960324307688,0.027572665650971585,-0.029751342381492296,0.06991000471752465,0.19943640816366956,0.15275458963429567,0.15275458963429567
371,ortho,gattgggttaatagatgtattttg,3.0,aat,2.0,,DWVNRCIL,,False,False,8.0,3.0,5.0,613.0,1433.0,868.0,1436.0,1000.0,1172.0,True,False,True,True,False,False,1.0,both,0.005401582859378291,0.004707920605626907,0.005686477149774627,0.005534838785405362,0.00509768487556384,0.005247661828096755,-2.2674789575171674,-2.327170869708991,-2.2451567016593117,-2.256895024401972,-2.292627014891408,-2.2800341597077805,N,non-synonymous,0.008307960324307688,0.027572665650971585,-0.029751342381492296,0.06991000471752465,0.19943640816366956,0.15275458963429567,0.15275458963429567
372,ortho,gattgggttaatagatgtattttg,4.0,aga,3.0,,DWVNRCIL,,False,False,8.0,3.0,5.0,613.0,1433.0,868.0,1436.0,1000.0,1172.0,True,False,True,True,False,False,1.0,both,0.005401582859378291,0.004707920605626907,0.005686477149774627,0.005534838785405362,0.00509768487556384,0.005247661828096755,-2.2674789575171674,-2.327170869708991,-2.2451567016593117,-2.256895024401972,-2.292627014891408,-2.2800341597077805,R,synonymous,0.008307960324307688,0.027572665650971585,-0.029751342381492296,0.06991000471752465,0.19943640816366956,0.15275458963429567,0.15275458963429567
373,ortho,gattgggttaatagatgtattttg,5.0,tgt,4.0,,DWVNRCIL,,False,False,8.0,3.0,5.0,613.0,1433.0,868.0,1436.0,1000.0,1172.0,True,False,True,True,False,False,1.0,both,0.005401582859378291,0.004707920605626907,0.005686477149774627,0.005534838785405362,0.00509768487556384,0.005247661828096755,-2.2674789575171674,-2.327170869708991,-2.2451567016593117,-2.256895024401972,-2.292627014891408,-2.2800341597077805,C,non-synonymous,0.008307960324307688,0.027572665650971585,-0.029751342381492296,0.06991000471752465,0.19943640816366956,0.15275458963429567,0.15275458963429567
374,ortho,gattgggttaatagatgtattttg,6.0,att,5.0,,DWVNRCIL,,False,False,8.0,3.0,5.0,613.0,1433.0,868.0,1436.0,1000.0,1172.0,True,False,True,True,False,False,1.0,both,0.005401582859378291,0.004707920605626907,0.005686477149774627,0.005534838785405362,0.00509768487556384,0.005247661828096755,-2.2674789575171674,-2.327170869708991,-2.2451567016593117,-2.256895024401972,-2.292627014891408,-2.2800341597077805,I,non-synonymous,0.008307960324307688,0.027572665650971585,-0.029751342381492296,0.06991000471752465,0.19943640816366956,0.15275458963429567,0.15275458963429567
375,ortho,gattgggttaatagatgtgttatt,2.0,gtt,1.0,,DWVNRCVI,,False,False,11.0,4.0,6.0,75.0,190.0,94.0,152.0,95.0,115.0,True,False,True,True,False,False,1.0,both,0.0005717552887364208,0.0004472524575345561,0.0005579734404642339,0.0006771825593889104,0.000675896808344124,0.000568295174932137,-3.2427898094786767,-3.349447264420143,-3.253386472987772,-3.169294235528687,-3.1701196043359237,-3.2454260312845737,V,synonymous,0.057691059244515244,0.1431380961848095,0.006790455493936314,0.11929310363773221,0.3150018386975075,0.18929638750972427,0.18929638750972427
376,ortho,gattgggttaatagatgtgttatt,3.0,aat,2.0,,DWVNRCVI,,False,False,11.0,4.0,6.0,75.0,190.0,94.0,152.0,95.0,115.0,True,False,True,True,False,False,1.0,both,0.0005717552887364208,0.0004472524575345561,0.0005579734404642339,0.0006771825593889104,0.000675896808344124,0.000568295174932137,-3.2427898094786767,-3.349447264420143,-3.253386472987772,-3.169294235528687,-3.1701196043359237,-3.2454260312845737,N,non-synonymous,0.057691059244515244,0.1431380961848095,0.006790455493936314,0.11929310363773221,0.3150018386975075,0.18929638750972427,0.18929638750972427
377,ortho,gattgggttaatagatgtgttatt,4.0,aga,3.0,,DWVNRCVI,,False,False,11.0,4.0,6.0,75.0,190.0,94.0,152.0,95.0,115.0,True,False,True,True,False,False,1.0,both,0.0005717552887364208,0.0004472524575345561,0.0005579734404642339,0.0006771825593889104,0.000675896808344124,0.000568295174932137,-3.2427898094786767,-3.349447264420143,-3.253386472987772,-3.169294235528687,-3.1701196043359237,-3.2454260312845737,R,synonymous,0.057691059244515244,0.1431380961848095,0.006790455493936314,0.11929310363773221,0.3150018386975075,0.18929638750972427,0.18929638750972427
378,ortho,gattgggttaatagatgtgttatt,5.0,tgt,4.0,,DWVNRCVI,,False,False,11.0,4.0,6.0,75.0,190.0,94.0,152.0,95.0,115.0,True,False,True,True,False,False,1.0,both,0.0005717552887364208,0.0004472524575345561,0.0005579734404642339,0.0006771825593889104,0.000675896808344124,0.000568295174932137,-3.2427898094786767,-3.349447264420143,-3.253386472987772,-3.169294235528687,-3.1701196043359237,-3.2454260312845737,C,non-synonymous,0.057691059244515244,0.1431380961848095,0.006790455493936314,0.11929310363773221,0.3150018386975075,0.18929638750972427,0.18929638750972427
379,ortho,gattgggttaatagatgtgttatt,6.0,gtt,5.0,,DWVNRCVI,,False,False,11.0,4.0,6.0,75.0,190.0,94.0,152.0,95.0,115.0,True,False,True,True,False,False,1.0,both,0.0005717552887364208,0.0004472524575345561,0.0005579734404642339,0.0006771825593889104,0.000675896808344124,0.000568295174932137,-3.2427898094786767,-3.349447264420143,-3.253386472987772,-3.169294235528687,-3.1701196043359237,-3.2454260312845737,V,non-synonymous,0.057691059244515244,0.1431380961848095,0.006790455493936314,0.11929310363773221,0.3150018386975075,0.18929638750972427,0.18929638750972427
380,ortho,gattgggttaatagatgtgttatt,7.0,att,6.0,,DWVNRCVI,,False,False,11.0,4.0,6.0,75.0,190.0,94.0,152.0,95.0,115.0,True,False,True,True,False,False,1.0,both,0.0005717552887364208,0.0004472524575345561,0.0005579734404642339,0.0006771825593889104,0.000675896808344124,0.000568295174932137,-3.2427898094786767,-3.349447264420143,-3.253386472987772,-3.169294235528687,-3.1701196043359237,-3.2454260312845737,I,non-synonymous,0.057691059244515244,0.1431380961848095,0.006790455493936314,0.11929310363773221,0.3150018386975075,0.18929638750972427,0.18929638750972427
381,ortho,gattgggttaatagatgtgttgct,2.0,gtt,1.0,,DWVNRCVA,,False,False,12.0,4.0,6.0,924.0,2489.0,1188.0,1727.0,1213.0,1242.0,True,False,True,True,False,False,1.0,both,0.00649619331347236,0.005710707694625438,0.006026113157013726,0.008342889131671376,0.008854248189308024,0.007182283700206158,-2.1873410598559904,-2.243310068842418,-2.219962717500822,-2.0786835277002806,-2.052848308680159,-2.1437374442390977,V,synonymous,0.08529177728747812,0.1520252577479123,0.06502206094781454,0.1468938216806951,0.3238890002606103,0.2475279929636025,0.2475279929636025
382,ortho,gattgggttaatagatgtgttgct,3.0,aat,2.0,,DWVNRCVA,,False,False,12.0,4.0,6.0,924.0,2489.0,1188.0,1727.0,1213.0,1242.0,True,False,True,True,False,False,1.0,both,0.00649619331347236,0.005710707694625438,0.006026113157013726,0.008342889131671376,0.008854248189308024,0.007182283700206158,-2.1873410598559904,-2.243310068842418,-2.219962717500822,-2.0786835277002806,-2.052848308680159,-2.1437374442390977,N,non-synonymous,0.08529177728747812,0.1520252577479123,0.06502206094781454,0.1468938216806951,0.3238890002606103,0.2475279929636025,0.2475279929636025
383,ortho,gattgggttaatagatgtgttgct,4.0,aga,3.0,,DWVNRCVA,,False,False,12.0,4.0,6.0,924.0,2489.0,1188.0,1727.0,1213.0,1242.0,True,False,True,True,False,False,1.0,both,0.00649619331347236,0.005710707694625438,0.006026113157013726,0.008342889131671376,0.008854248189308024,0.007182283700206158,-2.1873410598559904,-2.243310068842418,-2.219962717500822,-2.0786835277002806,-2.052848308680159,-2.1437374442390977,R,synonymous,0.08529177728747812,0.1520252577479123,0.06502206094781454,0.1468938216806951,0.3238890002606103,0.2475279929636025,0.2475279929636025
384,ortho,gattgggttaatagatgtgttgct,5.0,tgt,4.0,,DWVNRCVA,,False,False,12.0,4.0,6.0,924.0,2489.0,1188.0,1727.0,1213.0,1242.0,True,False,True,True,False,False,1.0,both,0.00649619331347236,0.005710707694625438,0.006026113157013726,0.008342889131671376,0.008854248189308024,0.007182283700206158,-2.1873410598559904,-2.243310068842418,-2.219962717500822,-2.0786835277002806,-2.052848308680159,-2.1437374442390977,C,non-synonymous,0.08529177728747812,0.1520252577479123,0.06502206094781454,0.1468938216806951,0.3238890002606103,0.2475279929636025,0.2475279929636025
385,ortho,gattgggttaatagatgtgttgct,6.0,gtt,5.0,,DWVNRCVA,,False,False,12.0,4.0,6.0,924.0,2489.0,1188.0,1727.0,1213.0,1242.0,True,False,True,True,False,False,1.0,both,0.00649619331347236,0.005710707694625438,0.006026113157013726,0.008342889131671376,0.008854248189308024,0.007182283700206158,-2.1873410598559904,-2.243310068842418,-2.219962717500822,-2.0786835277002806,-2.052848308680159,-2.1437374442390977,V,non-synonymous,0.08529177728747812,0.1520252577479123,0.06502206094781454,0.1468938216806951,0.3238890002606103,0.2475279929636025,0.2475279929636025
386,ortho,gattgggttaatagatgtgttgct,7.0,gct,6.0,,DWVNRCVA,,False,False,12.0,4.0,6.0,924.0,2489.0,1188.0,1727.0,1213.0,1242.0,True,False,True,True,False,False,1.0,both,0.00649619331347236,0.005710707694625438,0.006026113157013726,0.008342889131671376,0.008854248189308024,0.007182283700206158,-2.1873410598559904,-2.243310068842418,-2.219962717500822,-2.0786835277002806,-2.052848308680159,-2.1437374442390977,A,non-synonymous,0.08529177728747812,0.1520252577479123,0.06502206094781454,0.1468938216806951,0.3238890002606103,0.2475279929636025,0.2475279929636025
387,ortho,gattgggttactagatgtgttgtt,2.0,gtt,1.0,,DWVTRCVV,,False,False,11.0,4.0,6.0,501.0,1341.0,763.0,1267.0,896.0,944.0,True,False,True,True,False,False,1.0,both,0.004765881255454244,0.004218296862641709,0.004580234154767277,0.004523579496717922,0.00477040852626037,0.0046128640263108575,-2.321856782540008,-2.374862860046866,-2.3391123190433145,-2.3445177730531412,-2.3214444274371537,-2.336029346929392,V,synonymous,-0.0177879629475671,0.04263822291184618,0.002629852175191251,0.04381408144564987,0.21450196542454417,0.1851357841909792,0.1851357841909792
388,ortho,gattgggttactagatgtgttgtt,3.0,act,2.0,,DWVTRCVV,,False,False,11.0,4.0,6.0,501.0,1341.0,763.0,1267.0,896.0,944.0,True,False,True,True,False,False,1.0,both,0.004765881255454244,0.004218296862641709,0.004580234154767277,0.004523579496717922,0.00477040852626037,0.0046128640263108575,-2.321856782540008,-2.374862860046866,-2.3391123190433145,-2.3445177730531412,-2.3214444274371537,-2.336029346929392,T,non-synonymous,-0.0177879629475671,0.04263822291184618,0.002629852175191251,0.04381408144564987,0.21450196542454417,0.1851357841909792,0.1851357841909792
389,ortho,gattgggttactagatgtgttgtt,4.0,aga,3.0,,DWVTRCVV,,False,False,11.0,4.0,6.0,501.0,1341.0,763.0,1267.0,896.0,944.0,True,False,True,True,False,False,1.0,both,0.004765881255454244,0.004218296862641709,0.004580234154767277,0.004523579496717922,0.00477040852626037,0.0046128640263108575,-2.321856782540008,-2.374862860046866,-2.3391123190433145,-2.3445177730531412,-2.3214444274371537,-2.336029346929392,R,synonymous,-0.0177879629475671,0.04263822291184618,0.002629852175191251,0.04381408144564987,0.21450196542454417,0.1851357841909792,0.1851357841909792
390,ortho,gattgggttactagatgtgttgtt,5.0,tgt,4.0,,DWVTRCVV,,False,False,11.0,4.0,6.0,501.0,1341.0,763.0,1267.0,896.0,944.0,True,False,True,True,False,False,1.0,both,0.004765881255454244,0.004218296862641709,0.004580234154767277,0.004523579496717922,0.00477040852626037,0.0046128640263108575,-2.321856782540008,-2.374862860046866,-2.3391123190433145,-2.3445177730531412,-2.3214444274371537,-2.336029346929392,C,non-synonymous,-0.0177879629475671,0.04263822291184618,0.002629852175191251,0.04381408144564987,0.21450196542454417,0.1851357841909792,0.1851357841909792
391,ortho,gattgggttactagatgtgttgtt,6.0,gtt,5.0,,DWVTRCVV,,False,False,11.0,4.0,6.0,501.0,1341.0,763.0,1267.0,896.0,944.0,True,False,True,True,False,False,1.0,both,0.004765881255454244,0.004218296862641709,0.004580234154767277,0.004523579496717922,0.00477040852626037,0.0046128640263108575,-2.321856782540008,-2.374862860046866,-2.3391123190433145,-2.3445177730531412,-2.3214444274371537,-2.336029346929392,V,non-synonymous,-0.0177879629475671,0.04263822291184618,0.002629852175191251,0.04381408144564987,0.21450196542454417,0.1851357841909792,0.1851357841909792
392,ortho,gattgggttactagatgtgttgtt,7.0,gtt,6.0,,DWVTRCVV,,False,False,11.0,4.0,6.0,501.0,1341.0,763.0,1267.0,896.0,944.0,True,False,True,True,False,False,1.0,both,0.004765881255454244,0.004218296862641709,0.004580234154767277,0.004523579496717922,0.00477040852626037,0.0046128640263108575,-2.321856782540008,-2.374862860046866,-2.3391123190433145,-2.3445177730531412,-2.3214444274371537,-2.336029346929392,V,non-synonymous,-0.0177879629475671,0.04263822291184618,0.002629852175191251,0.04381408144564987,0.21450196542454417,0.1851357841909792,0.1851357841909792
393,ortho,gattgggttagaagatatactttg,2.0,gtt,1.0,,DWVRRYTL,,False,False,4.0,0.0,3.0,479.0,1301.0,857.0,1188.0,905.0,844.0,True,False,True,True,False,False,1.0,both,0.004468718967229395,0.0042606681480923505,0.004095039858711421,0.004324939279297175,0.0046281144613458175,0.005181159201242995,-2.349816956778274,-2.3705222905037875,-2.3877418667157286,-2.364019985505824,-2.334595908727166,-2.285573062961074,V,synonymous,-0.011148804312082426,0.028676189093746786,0.08715254010163363,0.05045324008113454,0.20053993160644476,0.2696584721174216,0.20053993160644476
394,ortho,gattgggttagaagatatactttg,4.0,aga,2.0,,DWVRRYTL,,False,False,4.0,0.0,3.0,479.0,1301.0,857.0,1188.0,905.0,844.0,True,False,True,True,False,False,1.0,both,0.004468718967229395,0.0042606681480923505,0.004095039858711421,0.004324939279297175,0.0046281144613458175,0.005181159201242995,-2.349816956778274,-2.3705222905037875,-2.3877418667157286,-2.364019985505824,-2.334595908727166,-2.285573062961074,R,synonymous,-0.011148804312082426,0.028676189093746786,0.08715254010163363,0.05045324008113454,0.20053993160644476,0.2696584721174216,0.20053993160644476
395,ortho,gattgggttagaagatatactttg,6.0,act,3.0,,DWVRRYTL,,False,False,4.0,0.0,3.0,479.0,1301.0,857.0,1188.0,905.0,844.0,True,False,True,True,False,False,1.0,both,0.004468718967229395,0.0042606681480923505,0.004095039858711421,0.004324939279297175,0.0046281144613458175,0.005181159201242995,-2.349816956778274,-2.3705222905037875,-2.3877418667157286,-2.364019985505824,-2.334595908727166,-2.285573062961074,T,synonymous,-0.011148804312082426,0.028676189093746786,0.08715254010163363,0.05045324008113454,0.20053993160644476,0.2696584721174216,0.20053993160644476
396,single,gattgggttagacgttatacattg,2.0,gtt,1.0,,DWVRRYTL,,False,False,1.0,0.0,1.0,1.0,1.0,2.0,1.0,3.0,5.0,True,False,True,True,False,False,2.0,both,3.761547952213295e-06,1.4123761816880721e-05,2.4259714802792778e-05,9.02910079185214e-06,3.55735162286381e-06,1.2091386700683768e-05,-5.424633397423449,-4.850049614989328,-4.615114309005365,-5.044355498920387,-5.448873205288752,-4.917523889220291,V,synonymous,0.2985028021802808,-0.4779768420875889,-0.25796292114851077,0.3601048465734978,-0.3061130995748909,-0.07545698913272281,-0.07545698913272281
397,ortho,gattgggttcaaagatctattttg,2.0,gtt,1.0,,DWVQRSIL,,False,False,8.0,3.0,5.0,519.0,1265.0,817.0,1251.0,901.0,937.0,True,False,True,True,False,False,1.0,both,0.004705696488218832,0.004241836465669843,0.0045462705540433666,0.0046861033109712605,0.00450004980292272,0.004939331467229319,-2.327376087730029,-2.372446078729928,-2.342344722453605,-2.329188141071929,-2.346782679776916,-2.306331828351857,V,synonymous,-0.0014223887383057712,0.020484347289426663,0.030719897679486532,0.06017965565491119,0.19234808980212464,0.21322582969527448,0.19234808980212464
398,ortho,gattgggttcaaagatctattttg,3.0,caa,2.0,,DWVQRSIL,,False,False,8.0,3.0,5.0,519.0,1265.0,817.0,1251.0,901.0,937.0,True,False,True,True,False,False,1.0,both,0.004705696488218832,0.004241836465669843,0.0045462705540433666,0.0046861033109712605,0.00450004980292272,0.004939331467229319,-2.327376087730029,-2.372446078729928,-2.342344722453605,-2.329188141071929,-2.346782679776916,-2.306331828351857,Q,non-synonymous,-0.0014223887383057712,0.020484347289426663,0.030719897679486532,0.06017965565491119,0.19234808980212464,0.21322582969527448,0.19234808980212464
399,ortho,gattgggttcaaagatctattttg,4.0,aga,3.0,,DWVQRSIL,,False,False,8.0,3.0,5.0,519.0,1265.0,817.0,1251.0,901.0,937.0,True,False,True,True,False,False,1.0,both,0.004705696488218832,0.004241836465669843,0.0045462705540433666,0.0046861033109712605,0.00450004980292272,0.004939331467229319,-2.327376087730029,-2.372446078729928,-2.342344722453605,-2.329188141071929,-2.346782679776916,-2.306331828351857,R,synonymous,-0.0014223887383057712,0.020484347289426663,0.030719897679486532,0.06017965565491119,0.19234808980212464,0.21322582969527448,0.19234808980212464
400,ortho,gattgggttcaaagatctattttg,5.0,tct,4.0,,DWVQRSIL,,False,False,8.0,3.0,5.0,519.0,1265.0,817.0,1251.0,901.0,937.0,True,False,True,True,False,False,1.0,both,0.004705696488218832,0.004241836465669843,0.0045462705540433666,0.0046861033109712605,0.00450004980292272,0.004939331467229319,-2.327376087730029,-2.372446078729928,-2.342344722453605,-2.329188141071929,-2.346782679776916,-2.306331828351857,S,non-synonymous,-0.0014223887383057712,0.020484347289426663,0.030719897679486532,0.06017965565491119,0.19234808980212464,0.21322582969527448,0.19234808980212464
401,ortho,gattgggttcaaagatctattttg,6.0,att,5.0,,DWVQRSIL,,False,False,8.0,3.0,5.0,519.0,1265.0,817.0,1251.0,901.0,937.0,True,False,True,True,False,False,1.0,both,0.004705696488218832,0.004241836465669843,0.0045462705540433666,0.0046861033109712605,0.00450004980292272,0.004939331467229319,-2.327376087730029,-2.372446078729928,-2.342344722453605,-2.329188141071929,-2.346782679776916,-2.306331828351857,I,non-synonymous,-0.0014223887383057712,0.020484347289426663,0.030719897679486532,0.06017965565491119,0.19234808980212464,0.21322582969527448,0.19234808980212464
402,ortho,gattgggttcaaagatctattttt,2.0,gtt,1.0,,DWVQRSIF,,False,False,9.0,4.0,6.0,939.0,2238.0,1165.0,1539.0,1098.0,1009.0,True,False,True,True,False,False,1.0,both,0.005789022298456261,0.005169296824978344,0.004895610447203583,0.008478325643549159,0.007961352931969208,0.0070432327531482946,-2.2373947775919705,-2.2865685295949176,-2.310193147104473,-2.071689906654276,-2.0990131230964213,-2.1522279595222344,V,synonymous,0.13007163578144473,0.14970542638405424,0.1347482483839491,0.1916736801746617,0.32156916889675224,0.3172541803997371,0.3172541803997371
403,ortho,gattgggttcaaagatctattttt,3.0,caa,2.0,,DWVQRSIF,,False,False,9.0,4.0,6.0,939.0,2238.0,1165.0,1539.0,1098.0,1009.0,True,False,True,True,False,False,1.0,both,0.005789022298456261,0.005169296824978344,0.004895610447203583,0.008478325643549159,0.007961352931969208,0.0070432327531482946,-2.2373947775919705,-2.2865685295949176,-2.310193147104473,-2.071689906654276,-2.0990131230964213,-2.1522279595222344,Q,non-synonymous,0.13007163578144473,0.14970542638405424,0.1347482483839491,0.1916736801746617,0.32156916889675224,0.3172541803997371,0.3172541803997371
404,ortho,gattgggttcaaagatctattttt,4.0,aga,3.0,,DWVQRSIF,,False,False,9.0,4.0,6.0,939.0,2238.0,1165.0,1539.0,1098.0,1009.0,True,False,True,True,False,False,1.0,both,0.005789022298456261,0.005169296824978344,0.004895610447203583,0.008478325643549159,0.007961352931969208,0.0070432327531482946,-2.2373947775919705,-2.2865685295949176,-2.310193147104473,-2.071689906654276,-2.0990131230964213,-2.1522279595222344,R,synonymous,0.13007163578144473,0.14970542638405424,0.1347482483839491,0.1916736801746617,0.32156916889675224,0.3172541803997371,0.3172541803997371
405,ortho,gattgggttcaaagatctattttt,5.0,tct,4.0,,DWVQRSIF,,False,False,9.0,4.0,6.0,939.0,2238.0,1165.0,1539.0,1098.0,1009.0,True,False,True,True,False,False,1.0,both,0.005789022298456261,0.005169296824978344,0.004895610447203583,0.008478325643549159,0.007961352931969208,0.0070432327531482946,-2.2373947775919705,-2.2865685295949176,-2.310193147104473,-2.071689906654276,-2.0990131230964213,-2.1522279595222344,S,non-synonymous,0.13007163578144473,0.14970542638405424,0.1347482483839491,0.1916736801746617,0.32156916889675224,0.3172541803997371,0.3172541803997371
406,ortho,gattgggttcaaagatctattttt,6.0,att,5.0,,DWVQRSIF,,False,False,9.0,4.0,6.0,939.0,2238.0,1165.0,1539.0,1098.0,1009.0,True,False,True,True,False,False,1.0,both,0.005789022298456261,0.005169296824978344,0.004895610447203583,0.008478325643549159,0.007961352931969208,0.0070432327531482946,-2.2373947775919705,-2.2865685295949176,-2.310193147104473,-2.071689906654276,-2.0990131230964213,-2.1522279595222344,I,non-synonymous,0.13007163578144473,0.14970542638405424,0.1347482483839491,0.1916736801746617,0.32156916889675224,0.3172541803997371,0.3172541803997371
407,ortho,gattgggttcaaagatctattttt,7.0,ttt,6.0,,DWVQRSIF,,False,False,9.0,4.0,6.0,939.0,2238.0,1165.0,1539.0,1098.0,1009.0,True,False,True,True,False,False,1.0,both,0.005789022298456261,0.005169296824978344,0.004895610447203583,0.008478325643549159,0.007961352931969208,0.0070432327531482946,-2.2373947775919705,-2.2865685295949176,-2.310193147104473,-2.071689906654276,-2.0990131230964213,-2.1522279595222344,F,non-synonymous,0.13007163578144473,0.14970542638405424,0.1347482483839491,0.1916736801746617,0.32156916889675224,0.3172541803997371,0.3172541803997371
408,ortho,gattgggttcaaagatgtgttttt,2.0,gtt,1.0,,DWVQRCVF,,False,False,10.0,4.0,6.0,14.0,45.0,23.0,34.0,26.0,29.0,True,False,True,True,False,False,1.0,both,0.00012789263037525203,0.00012240593574629958,0.0001407063458561981,0.00012640741108592996,0.00016008082302887145,0.00013905094705786333,-3.893154480381194,-3.912197521738173,-3.8516863154424277,-3.898227463242149,-3.795660691513409,-3.8568260488666795,V,synonymous,-0.003982086798545424,0.09301889070515434,-0.004384320917023751,0.05761995759467154,0.2648826332178523,0.1781216110987642,0.1781216110987642
409,ortho,gattgggttcaaagatgtgttttt,3.0,caa,2.0,,DWVQRCVF,,False,False,10.0,4.0,6.0,14.0,45.0,23.0,34.0,26.0,29.0,True,False,True,True,False,False,1.0,both,0.00012789263037525203,0.00012240593574629958,0.0001407063458561981,0.00012640741108592996,0.00016008082302887145,0.00013905094705786333,-3.893154480381194,-3.912197521738173,-3.8516863154424277,-3.898227463242149,-3.795660691513409,-3.8568260488666795,Q,non-synonymous,-0.003982086798545424,0.09301889070515434,-0.004384320917023751,0.05761995759467154,0.2648826332178523,0.1781216110987642,0.1781216110987642
410,ortho,gattgggttcaaagatgtgttttt,4.0,aga,3.0,,DWVQRCVF,,False,False,10.0,4.0,6.0,14.0,45.0,23.0,34.0,26.0,29.0,True,False,True,True,False,False,1.0,both,0.00012789263037525203,0.00012240593574629958,0.0001407063458561981,0.00012640741108592996,0.00016008082302887145,0.00013905094705786333,-3.893154480381194,-3.912197521738173,-3.8516863154424277,-3.898227463242149,-3.795660691513409,-3.8568260488666795,R,synonymous,-0.003982086798545424,0.09301889070515434,-0.004384320917023751,0.05761995759467154,0.2648826332178523,0.1781216110987642,0.1781216110987642
411,ortho,gattgggttcaaagatgtgttttt,5.0,tgt,4.0,,DWVQRCVF,,False,False,10.0,4.0,6.0,14.0,45.0,23.0,34.0,26.0,29.0,True,False,True,True,False,False,1.0,both,0.00012789263037525203,0.00012240593574629958,0.0001407063458561981,0.00012640741108592996,0.00016008082302887145,0.00013905094705786333,-3.893154480381194,-3.912197521738173,-3.8516863154424277,-3.898227463242149,-3.795660691513409,-3.8568260488666795,C,non-synonymous,-0.003982086798545424,0.09301889070515434,-0.004384320917023751,0.05761995759467154,0.2648826332178523,0.1781216110987642,0.1781216110987642
412,ortho,gattgggttcaaagatgtgttttt,6.0,gtt,5.0,,DWVQRCVF,,False,False,10.0,4.0,6.0,14.0,45.0,23.0,34.0,26.0,29.0,True,False,True,True,False,False,1.0,both,0.00012789263037525203,0.00012240593574629958,0.0001407063458561981,0.00012640741108592996,0.00016008082302887145,0.00013905094705786333,-3.893154480381194,-3.912197521738173,-3.8516863154424277,-3.898227463242149,-3.795660691513409,-3.8568260488666795,V,non-synonymous,-0.003982086798545424,0.09301889070515434,-0.004384320917023751,0.05761995759467154,0.2648826332178523,0.1781216110987642,0.1781216110987642
413,ortho,gattgggttcaaagatgtgttttt,7.0,ttt,6.0,,DWVQRCVF,,False,False,10.0,4.0,6.0,14.0,45.0,23.0,34.0,26.0,29.0,True,False,True,True,False,False,1.0,both,0.00012789263037525203,0.00012240593574629958,0.0001407063458561981,0.00012640741108592996,0.00016008082302887145,0.00013905094705786333,-3.893154480381194,-3.912197521738173,-3.8516863154424277,-3.898227463242149,-3.795660691513409,-3.8568260488666795,F,non-synonymous,-0.003982086798545424,0.09301889070515434,-0.004384320917023751,0.05761995759467154,0.2648826332178523,0.1781216110987642,0.1781216110987642
414,ortho,gattgggttgaaagatgtattgtt,2.0,gtt,1.0,,DWVERCIV,,False,False,10.0,4.0,6.0,378.0,1111.0,634.0,1020.0,766.0,790.0,True,False,True,True,False,False,1.0,both,0.0038367789112575606,0.0036062671839102107,0.003833034938841259,0.003413000099320109,0.003952217653001694,0.0038329695841167544,-2.4160332256615313,-2.442942100076387,-2.4164572220509424,-2.4668636990831616,-2.403159146347885,-2.4164646270025396,V,synonymous,-0.03989987010087762,0.03175447811359289,-6.316608566746073e-06,0.021702174292339345,0.20361822062629087,0.1824996154072212,0.1824996154072212
415,ortho,gattgggttgaaagatgtattgtt,3.0,gaa,2.0,,DWVERCIV,,False,False,10.0,4.0,6.0,378.0,1111.0,634.0,1020.0,766.0,790.0,True,False,True,True,False,False,1.0,both,0.0038367789112575606,0.0036062671839102107,0.003833034938841259,0.003413000099320109,0.003952217653001694,0.0038329695841167544,-2.4160332256615313,-2.442942100076387,-2.4164572220509424,-2.4668636990831616,-2.403159146347885,-2.4164646270025396,E,non-synonymous,-0.03989987010087762,0.03175447811359289,-6.316608566746073e-06,0.021702174292339345,0.20361822062629087,0.1824996154072212,0.1824996154072212
416,ortho,gattgggttgaaagatgtattgtt,4.0,aga,3.0,,DWVERCIV,,False,False,10.0,4.0,6.0,378.0,1111.0,634.0,1020.0,766.0,790.0,True,False,True,True,False,False,1.0,both,0.0038367789112575606,0.0036062671839102107,0.003833034938841259,0.003413000099320109,0.003952217653001694,0.0038329695841167544,-2.4160332256615313,-2.442942100076387,-2.4164572220509424,-2.4668636990831616,-2.403159146347885,-2.4164646270025396,R,synonymous,-0.03989987010087762,0.03175447811359289,-6.316608566746073e-06,0.021702174292339345,0.20361822062629087,0.1824996154072212,0.1824996154072212
417,ortho,gattgggttgaaagatgtattgtt,5.0,tgt,4.0,,DWVERCIV,,False,False,10.0,4.0,6.0,378.0,1111.0,634.0,1020.0,766.0,790.0,True,False,True,True,False,False,1.0,both,0.0038367789112575606,0.0036062671839102107,0.003833034938841259,0.003413000099320109,0.003952217653001694,0.0038329695841167544,-2.4160332256615313,-2.442942100076387,-2.4164572220509424,-2.4668636990831616,-2.403159146347885,-2.4164646270025396,C,non-synonymous,-0.03989987010087762,0.03175447811359289,-6.316608566746073e-06,0.021702174292339345,0.20361822062629087,0.1824996154072212,0.1824996154072212
418,ortho,gattgggttgaaagatgtattgtt,6.0,att,5.0,,DWVERCIV,,False,False,10.0,4.0,6.0,378.0,1111.0,634.0,1020.0,766.0,790.0,True,False,True,True,False,False,1.0,both,0.0038367789112575606,0.0036062671839102107,0.003833034938841259,0.003413000099320109,0.003952217653001694,0.0038329695841167544,-2.4160332256615313,-2.442942100076387,-2.4164572220509424,-2.4668636990831616,-2.403159146347885,-2.4164646270025396,I,non-synonymous,-0.03989987010087762,0.03175447811359289,-6.316608566746073e-06,0.021702174292339345,0.20361822062629087,0.1824996154072212,0.1824996154072212
419,ortho,gattgggttgaaagatgtattgtt,7.0,gtt,6.0,,DWVERCIV,,False,False,10.0,4.0,6.0,378.0,1111.0,634.0,1020.0,766.0,790.0,True,False,True,True,False,False,1.0,both,0.0038367789112575606,0.0036062671839102107,0.003833034938841259,0.003413000099320109,0.003952217653001694,0.0038329695841167544,-2.4160332256615313,-2.442942100076387,-2.4164572220509424,-2.4668636990831616,-2.403159146347885,-2.4164646270025396,V,non-synonymous,-0.03989987010087762,0.03175447811359289,-6.316608566746073e-06,0.021702174292339345,0.20361822062629087,0.1824996154072212,0.1824996154072212
420,ortho,gattgggttgaaagatgtgttgtt,2.0,gtt,1.0,,DWVERCVV,,False,False,11.0,4.0,6.0,299.0,864.0,430.0,814.0,589.0,617.0,True,False,True,True,False,False,1.0,both,0.003061900033101622,0.002772965236714248,0.002993648806664629,0.0026997011367637896,0.003073551802154332,0.00259964814064701,-2.5140089925342477,-2.5570555749218893,-2.5237991493081418,-2.5686843105959576,-2.5123594628098593,-2.585085429304686,V,synonymous,-0.04291791796410965,0.03567612710484353,-0.05227872676189009,0.018684126429107314,0.2075398696175415,0.13022720525389786,0.13022720525389786
421,ortho,gattgggttgaaagatgtgttgtt,3.0,gaa,2.0,,DWVERCVV,,False,False,11.0,4.0,6.0,299.0,864.0,430.0,814.0,589.0,617.0,True,False,True,True,False,False,1.0,both,0.003061900033101622,0.002772965236714248,0.002993648806664629,0.0026997011367637896,0.003073551802154332,0.00259964814064701,-2.5140089925342477,-2.5570555749218893,-2.5237991493081418,-2.5686843105959576,-2.5123594628098593,-2.585085429304686,E,non-synonymous,-0.04291791796410965,0.03567612710484353,-0.05227872676189009,0.018684126429107314,0.2075398696175415,0.13022720525389786,0.13022720525389786
422,ortho,gattgggttgaaagatgtgttgtt,4.0,aga,3.0,,DWVERCVV,,False,False,11.0,4.0,6.0,299.0,864.0,430.0,814.0,589.0,617.0,True,False,True,True,False,False,1.0,both,0.003061900033101622,0.002772965236714248,0.002993648806664629,0.0026997011367637896,0.003073551802154332,0.00259964814064701,-2.5140089925342477,-2.5570555749218893,-2.5237991493081418,-2.5686843105959576,-2.5123594628098593,-2.585085429304686,R,synonymous,-0.04291791796410965,0.03567612710484353,-0.05227872676189009,0.018684126429107314,0.2075398696175415,0.13022720525389786,0.13022720525389786
423,ortho,gattgggttgaaagatgtgttgtt,5.0,tgt,4.0,,DWVERCVV,,False,False,11.0,4.0,6.0,299.0,864.0,430.0,814.0,589.0,617.0,True,False,True,True,False,False,1.0,both,0.003061900033101622,0.002772965236714248,0.002993648806664629,0.0026997011367637896,0.003073551802154332,0.00259964814064701,-2.5140089925342477,-2.5570555749218893,-2.5237991493081418,-2.5686843105959576,-2.5123594628098593,-2.585085429304686,C,non-synonymous,-0.04291791796410965,0.03567612710484353,-0.05227872676189009,0.018684126429107314,0.2075398696175415,0.13022720525389786,0.13022720525389786
424,ortho,gattgggttgaaagatgtgttgtt,6.0,gtt,5.0,,DWVERCVV,,False,False,11.0,4.0,6.0,299.0,864.0,430.0,814.0,589.0,617.0,True,False,True,True,False,False,1.0,both,0.003061900033101622,0.002772965236714248,0.002993648806664629,0.0026997011367637896,0.003073551802154332,0.00259964814064701,-2.5140089925342477,-2.5570555749218893,-2.5237991493081418,-2.5686843105959576,-2.5123594628098593,-2.585085429304686,V,non-synonymous,-0.04291791796410965,0.03567612710484353,-0.05227872676189009,0.018684126429107314,0.2075398696175415,0.13022720525389786,0.13022720525389786
425,ortho,gattgggttgaaagatgtgttgtt,7.0,gtt,6.0,,DWVERCVV,,False,False,11.0,4.0,6.0,299.0,864.0,430.0,814.0,589.0,617.0,True,False,True,True,False,False,1.0,both,0.003061900033101622,0.002772965236714248,0.002993648806664629,0.0026997011367637896,0.003073551802154332,0.00259964814064701,-2.5140089925342477,-2.5570555749218893,-2.5237991493081418,-2.5686843105959576,-2.5123594628098593,-2.585085429304686,V,non-synonymous,-0.04291791796410965,0.03567612710484353,-0.05227872676189009,0.018684126429107314,0.2075398696175415,0.13022720525389786,0.13022720525389786
426,ortho,gattgggttgctagatctattgct,2.0,gtt,1.0,,DWVARSIA,,False,False,12.0,4.0,6.0,126.0,312.0,173.0,370.0,262.0,252.0,True,False,True,True,False,False,1.0,both,0.0013917727423189191,0.0012334751986742495,0.001222689626060756,0.0011376666997733695,0.0011098937063335089,0.001045904949609146,-2.856431673356454,-2.9088695783892455,-2.9126837725598396,-2.943984953802824,-2.9547186112703097,-2.980507781755477,V,synonymous,-0.06872579147038449,-0.03659638047710049,-0.05785557297383038,-0.007123747077167522,0.1352673620355975,0.12465035904195759,0.12465035904195759
427,ortho,gattgggttgctagatctattgct,3.0,gct,2.0,,DWVARSIA,,False,False,12.0,4.0,6.0,126.0,312.0,173.0,370.0,262.0,252.0,True,False,True,True,False,False,1.0,both,0.0013917727423189191,0.0012334751986742495,0.001222689626060756,0.0011376666997733695,0.0011098937063335089,0.001045904949609146,-2.856431673356454,-2.9088695783892455,-2.9126837725598396,-2.943984953802824,-2.9547186112703097,-2.980507781755477,A,non-synonymous,-0.06872579147038449,-0.03659638047710049,-0.05785557297383038,-0.007123747077167522,0.1352673620355975,0.12465035904195759,0.12465035904195759
428,ortho,gattgggttgctagatctattgct,4.0,aga,3.0,,DWVARSIA,,False,False,12.0,4.0,6.0,126.0,312.0,173.0,370.0,262.0,252.0,True,False,True,True,False,False,1.0,both,0.0013917727423189191,0.0012334751986742495,0.001222689626060756,0.0011376666997733695,0.0011098937063335089,0.001045904949609146,-2.856431673356454,-2.9088695783892455,-2.9126837725598396,-2.943984953802824,-2.9547186112703097,-2.980507781755477,R,synonymous,-0.06872579147038449,-0.03659638047710049,-0.05785557297383038,-0.007123747077167522,0.1352673620355975,0.12465035904195759,0.12465035904195759
429,ortho,gattgggttgctagatctattgct,5.0,tct,4.0,,DWVARSIA,,False,False,12.0,4.0,6.0,126.0,312.0,173.0,370.0,262.0,252.0,True,False,True,True,False,False,1.0,both,0.0013917727423189191,0.0012334751986742495,0.001222689626060756,0.0011376666997733695,0.0011098937063335089,0.001045904949609146,-2.856431673356454,-2.9088695783892455,-2.9126837725598396,-2.943984953802824,-2.9547186112703097,-2.980507781755477,S,non-synonymous,-0.06872579147038449,-0.03659638047710049,-0.05785557297383038,-0.007123747077167522,0.1352673620355975,0.12465035904195759,0.12465035904195759
430,ortho,gattgggttgctagatctattgct,6.0,att,5.0,,DWVARSIA,,False,False,12.0,4.0,6.0,126.0,312.0,173.0,370.0,262.0,252.0,True,False,True,True,False,False,1.0,both,0.0013917727423189191,0.0012334751986742495,0.001222689626060756,0.0011376666997733695,0.0011098937063335089,0.001045904949609146,-2.856431673356454,-2.9088695783892455,-2.9126837725598396,-2.943984953802824,-2.9547186112703097,-2.980507781755477,I,non-synonymous,-0.06872579147038449,-0.03659638047710049,-0.05785557297383038,-0.007123747077167522,0.1352673620355975,0.12465035904195759,0.12465035904195759
431,ortho,gattgggttgctagatctattgct,7.0,gct,6.0,,DWVARSIA,,False,False,12.0,4.0,6.0,126.0,312.0,173.0,370.0,262.0,252.0,True,False,True,True,False,False,1.0,both,0.0013917727423189191,0.0012334751986742495,0.001222689626060756,0.0011376666997733695,0.0011098937063335089,0.001045904949609146,-2.856431673356454,-2.9088695783892455,-2.9126837725598396,-2.943984953802824,-2.9547186112703097,-2.980507781755477,A,non-synonymous,-0.06872579147038449,-0.03659638047710049,-0.05785557297383038,-0.007123747077167522,0.1352673620355975,0.12465035904195759,0.12465035904195759
432,ortho,gattgggttgctagatgtattatt,2.0,gtt,1.0,,DWVARCII,,False,False,11.0,4.0,6.0,1171.0,2849.0,1747.0,2229.0,1489.0,1556.0,True,False,True,True,False,False,1.0,both,0.008384490385483435,0.007010093781778464,0.007549623246629112,0.010573077027258855,0.010134894773538995,0.010561826283047271,-2.0765233289432112,-2.154276171956815,-2.1220747206877135,-1.975798603848024,-1.9941807560492757,-1.9762609799013413,V,synonymous,0.07906484391574438,0.12778705209312516,0.1243827609234838,0.14066688830896135,0.2996507946058231,0.3068886929392718,0.2996507946058231
433,ortho,gattgggttgctagatgtattatt,3.0,gct,2.0,,DWVARCII,,False,False,11.0,4.0,6.0,1171.0,2849.0,1747.0,2229.0,1489.0,1556.0,True,False,True,True,False,False,1.0,both,0.008384490385483435,0.007010093781778464,0.007549623246629112,0.010573077027258855,0.010134894773538995,0.010561826283047271,-2.0765233289432112,-2.154276171956815,-2.1220747206877135,-1.975798603848024,-1.9941807560492757,-1.9762609799013413,A,non-synonymous,0.07906484391574438,0.12778705209312516,0.1243827609234838,0.14066688830896135,0.2996507946058231,0.3068886929392718,0.2996507946058231
434,ortho,gattgggttgctagatgtattatt,4.0,aga,3.0,,DWVARCII,,False,False,11.0,4.0,6.0,1171.0,2849.0,1747.0,2229.0,1489.0,1556.0,True,False,True,True,False,False,1.0,both,0.008384490385483435,0.007010093781778464,0.007549623246629112,0.010573077027258855,0.010134894773538995,0.010561826283047271,-2.0765233289432112,-2.154276171956815,-2.1220747206877135,-1.975798603848024,-1.9941807560492757,-1.9762609799013413,R,synonymous,0.07906484391574438,0.12778705209312516,0.1243827609234838,0.14066688830896135,0.2996507946058231,0.3068886929392718,0.2996507946058231
435,ortho,gattgggttgctagatgtattatt,5.0,tgt,4.0,,DWVARCII,,False,False,11.0,4.0,6.0,1171.0,2849.0,1747.0,2229.0,1489.0,1556.0,True,False,True,True,False,False,1.0,both,0.008384490385483435,0.007010093781778464,0.007549623246629112,0.010573077027258855,0.010134894773538995,0.010561826283047271,-2.0765233289432112,-2.154276171956815,-2.1220747206877135,-1.975798603848024,-1.9941807560492757,-1.9762609799013413,C,non-synonymous,0.07906484391574438,0.12778705209312516,0.1243827609234838,0.14066688830896135,0.2996507946058231,0.3068886929392718,0.2996507946058231
436,ortho,gattgggttgctagatgtattatt,6.0,att,5.0,,DWVARCII,,False,False,11.0,4.0,6.0,1171.0,2849.0,1747.0,2229.0,1489.0,1556.0,True,False,True,True,False,False,1.0,both,0.008384490385483435,0.007010093781778464,0.007549623246629112,0.010573077027258855,0.010134894773538995,0.010561826283047271,-2.0765233289432112,-2.154276171956815,-2.1220747206877135,-1.975798603848024,-1.9941807560492757,-1.9762609799013413,I,non-synonymous,0.07906484391574438,0.12778705209312516,0.1243827609234838,0.14066688830896135,0.2996507946058231,0.3068886929392718,0.2996507946058231
437,ortho,gattgggttgctagatgtattatt,7.0,att,6.0,,DWVARCII,,False,False,11.0,4.0,6.0,1171.0,2849.0,1747.0,2229.0,1489.0,1556.0,True,False,True,True,False,False,1.0,both,0.008384490385483435,0.007010093781778464,0.007549623246629112,0.010573077027258855,0.010134894773538995,0.010561826283047271,-2.0765233289432112,-2.154276171956815,-2.1220747206877135,-1.975798603848024,-1.9941807560492757,-1.9762609799013413,I,non-synonymous,0.07906484391574438,0.12778705209312516,0.1243827609234838,0.14066688830896135,0.2996507946058231,0.3068886929392718,0.2996507946058231
438,ortho,gattgggttgctagatgtattgtt,2.0,gtt,1.0,,DWVARCIV,,False,False,11.0,4.0,6.0,692.0,1673.0,984.0,1358.0,993.0,1041.0,True,False,True,True,False,False,1.0,both,0.005108182119105654,0.0046749651613875185,0.005050872621941456,0.00624813774796168,0.005951449265051155,0.005948962256736414,-2.2917336274789664,-2.3302216212136098,-2.2966335838308476,-2.204249404463629,-2.225377264326358,-2.2255587864529307,V,synonymous,0.06867158417420464,0.08368603947385436,0.06062857644461928,0.1302736285674216,0.2555497819865523,0.24313450846040724,0.24313450846040724
439,ortho,gattgggttgctagatgtattgtt,3.0,gct,2.0,,DWVARCIV,,False,False,11.0,4.0,6.0,692.0,1673.0,984.0,1358.0,993.0,1041.0,True,False,True,True,False,False,1.0,both,0.005108182119105654,0.0046749651613875185,0.005050872621941456,0.00624813774796168,0.005951449265051155,0.005948962256736414,-2.2917336274789664,-2.3302216212136098,-2.2966335838308476,-2.204249404463629,-2.225377264326358,-2.2255587864529307,A,non-synonymous,0.06867158417420464,0.08368603947385436,0.06062857644461928,0.1302736285674216,0.2555497819865523,0.24313450846040724,0.24313450846040724
440,ortho,gattgggttgctagatgtattgtt,4.0,aga,3.0,,DWVARCIV,,False,False,11.0,4.0,6.0,692.0,1673.0,984.0,1358.0,993.0,1041.0,True,False,True,True,False,False,1.0,both,0.005108182119105654,0.0046749651613875185,0.005050872621941456,0.00624813774796168,0.005951449265051155,0.005948962256736414,-2.2917336274789664,-2.3302216212136098,-2.2966335838308476,-2.204249404463629,-2.225377264326358,-2.2255587864529307,R,synonymous,0.06867158417420464,0.08368603947385436,0.06062857644461928,0.1302736285674216,0.2555497819865523,0.24313450846040724,0.24313450846040724
441,ortho,gattgggttgctagatgtattgtt,5.0,tgt,4.0,,DWVARCIV,,False,False,11.0,4.0,6.0,692.0,1673.0,984.0,1358.0,993.0,1041.0,True,False,True,True,False,False,1.0,both,0.005108182119105654,0.0046749651613875185,0.005050872621941456,0.00624813774796168,0.005951449265051155,0.005948962256736414,-2.2917336274789664,-2.3302216212136098,-2.2966335838308476,-2.204249404463629,-2.225377264326358,-2.2255587864529307,C,non-synonymous,0.06867158417420464,0.08368603947385436,0.06062857644461928,0.1302736285674216,0.2555497819865523,0.24313450846040724,0.24313450846040724
442,ortho,gattgggttgctagatgtattgtt,6.0,att,5.0,,DWVARCIV,,False,False,11.0,4.0,6.0,692.0,1673.0,984.0,1358.0,993.0,1041.0,True,False,True,True,False,False,1.0,both,0.005108182119105654,0.0046749651613875185,0.005050872621941456,0.00624813774796168,0.005951449265051155,0.005948962256736414,-2.2917336274789664,-2.3302216212136098,-2.2966335838308476,-2.204249404463629,-2.225377264326358,-2.2255587864529307,I,non-synonymous,0.06867158417420464,0.08368603947385436,0.06062857644461928,0.1302736285674216,0.2555497819865523,0.24313450846040724,0.24313450846040724
443,ortho,gattgggttgctagatgtattgtt,7.0,gtt,6.0,,DWVARCIV,,False,False,11.0,4.0,6.0,692.0,1673.0,984.0,1358.0,993.0,1041.0,True,False,True,True,False,False,1.0,both,0.005108182119105654,0.0046749651613875185,0.005050872621941456,0.00624813774796168,0.005951449265051155,0.005948962256736414,-2.2917336274789664,-2.3302216212136098,-2.2966335838308476,-2.204249404463629,-2.225377264326358,-2.2255587864529307,V,non-synonymous,0.06867158417420464,0.08368603947385436,0.06062857644461928,0.1302736285674216,0.2555497819865523,0.24313450846040724,0.24313450846040724
444,ortho,gattgggtttatagatctattatt,2.0,gtt,1.0,,DWVYRSII,,False,False,11.0,4.0,6.0,232.0,581.0,367.0,534.0,377.0,356.0,True,False,True,True,False,False,1.0,both,0.0020086666064818995,0.0017748860683213438,0.0017272916939588458,0.0020947513837096966,0.0020668212928838738,0.002218769459575471,-2.6970921403948926,-2.750829519503198,-2.7626343153685085,-2.6788675140294873,-2.684697072898422,-2.653887820632183,V,synonymous,0.014305596144758022,0.052786460820408866,0.09276347471170164,0.075907640537975,0.22465020333310684,0.2752694067274896,0.22465020333310684
445,ortho,gattgggtttatagatctattatt,3.0,tat,2.0,,DWVYRSII,,False,False,11.0,4.0,6.0,232.0,581.0,367.0,534.0,377.0,356.0,True,False,True,True,False,False,1.0,both,0.0020086666064818995,0.0017748860683213438,0.0017272916939588458,0.0020947513837096966,0.0020668212928838738,0.002218769459575471,-2.6970921403948926,-2.750829519503198,-2.7626343153685085,-2.6788675140294873,-2.684697072898422,-2.653887820632183,Y,non-synonymous,0.014305596144758022,0.052786460820408866,0.09276347471170164,0.075907640537975,0.22465020333310684,0.2752694067274896,0.22465020333310684
446,ortho,gattgggtttatagatctattatt,4.0,aga,3.0,,DWVYRSII,,False,False,11.0,4.0,6.0,232.0,581.0,367.0,534.0,377.0,356.0,True,False,True,True,False,False,1.0,both,0.0020086666064818995,0.0017748860683213438,0.0017272916939588458,0.0020947513837096966,0.0020668212928838738,0.002218769459575471,-2.6970921403948926,-2.750829519503198,-2.7626343153685085,-2.6788675140294873,-2.684697072898422,-2.653887820632183,R,synonymous,0.014305596144758022,0.052786460820408866,0.09276347471170164,0.075907640537975,0.22465020333310684,0.2752694067274896,0.22465020333310684
447,ortho,gattgggtttatagatctattatt,5.0,tct,4.0,,DWVYRSII,,False,False,11.0,4.0,6.0,232.0,581.0,367.0,534.0,377.0,356.0,True,False,True,True,False,False,1.0,both,0.0020086666064818995,0.0017748860683213438,0.0017272916939588458,0.0020947513837096966,0.0020668212928838738,0.002218769459575471,-2.6970921403948926,-2.750829519503198,-2.7626343153685085,-2.6788675140294873,-2.684697072898422,-2.653887820632183,S,non-synonymous,0.014305596144758022,0.052786460820408866,0.09276347471170164,0.075907640537975,0.22465020333310684,0.2752694067274896,0.22465020333310684
448,ortho,gattgggtttatagatctattatt,6.0,att,5.0,,DWVYRSII,,False,False,11.0,4.0,6.0,232.0,581.0,367.0,534.0,377.0,356.0,True,False,True,True,False,False,1.0,both,0.0020086666064818995,0.0017748860683213438,0.0017272916939588458,0.0020947513837096966,0.0020668212928838738,0.002218769459575471,-2.6970921403948926,-2.750829519503198,-2.7626343153685085,-2.6788675140294873,-2.684697072898422,-2.653887820632183,I,non-synonymous,0.014305596144758022,0.052786460820408866,0.09276347471170164,0.075907640537975,0.22465020333310684,0.2752694067274896,0.22465020333310684
449,ortho,gattgggtttatagatctattatt,7.0,att,6.0,,DWVYRSII,,False,False,11.0,4.0,6.0,232.0,581.0,367.0,534.0,377.0,356.0,True,False,True,True,False,False,1.0,both,0.0020086666064818995,0.0017748860683213438,0.0017272916939588458,0.0020947513837096966,0.0020668212928838738,0.002218769459575471,-2.6970921403948926,-2.750829519503198,-2.7626343153685085,-2.6788675140294873,-2.684697072898422,-2.653887820632183,I,non-synonymous,0.014305596144758022,0.052786460820408866,0.09276347471170164,0.075907640537975,0.22465020333310684,0.2752694067274896,0.22465020333310684
450,ortho,gattgggtttatagatctattttg,2.0,gtt,1.0,,DWVYRSIL,,False,False,9.0,3.0,5.0,289.0,814.0,470.0,715.0,607.0,573.0,True,False,True,True,False,False,1.0,both,0.0026895067858325058,0.0028577078076155323,0.0027801633164000524,0.002609410128845268,0.0028956842210111416,0.0028414758746606854,-2.5703273556223682,-2.5439821786337333,-2.5559296913739935,-2.5834576561638394,-2.5382488003995514,-2.546456026948555,V,synonymous,-0.010306755981683024,0.00457634279487527,0.008081272251461128,0.05129528841153394,0.17644008530757324,0.1905872042672491,0.17644008530757324
451,ortho,gattgggtttatagatctattttg,3.0,tat,2.0,,DWVYRSIL,,False,False,9.0,3.0,5.0,289.0,814.0,470.0,715.0,607.0,573.0,True,False,True,True,False,False,1.0,both,0.0026895067858325058,0.0028577078076155323,0.0027801633164000524,0.002609410128845268,0.0028956842210111416,0.0028414758746606854,-2.5703273556223682,-2.5439821786337333,-2.5559296913739935,-2.5834576561638394,-2.5382488003995514,-2.546456026948555,Y,non-synonymous,-0.010306755981683024,0.00457634279487527,0.008081272251461128,0.05129528841153394,0.17644008530757324,0.1905872042672491,0.17644008530757324
452,ortho,gattgggtttatagatctattttg,4.0,aga,3.0,,DWVYRSIL,,False,False,9.0,3.0,5.0,289.0,814.0,470.0,715.0,607.0,573.0,True,False,True,True,False,False,1.0,both,0.0026895067858325058,0.0028577078076155323,0.0027801633164000524,0.002609410128845268,0.0028956842210111416,0.0028414758746606854,-2.5703273556223682,-2.5439821786337333,-2.5559296913739935,-2.5834576561638394,-2.5382488003995514,-2.546456026948555,R,synonymous,-0.010306755981683024,0.00457634279487527,0.008081272251461128,0.05129528841153394,0.17644008530757324,0.1905872042672491,0.17644008530757324
453,ortho,gattgggtttatagatctattttg,5.0,tct,4.0,,DWVYRSIL,,False,False,9.0,3.0,5.0,289.0,814.0,470.0,715.0,607.0,573.0,True,False,True,True,False,False,1.0,both,0.0026895067858325058,0.0028577078076155323,0.0027801633164000524,0.002609410128845268,0.0028956842210111416,0.0028414758746606854,-2.5703273556223682,-2.5439821786337333,-2.5559296913739935,-2.5834576561638394,-2.5382488003995514,-2.546456026948555,S,non-synonymous,-0.010306755981683024,0.00457634279487527,0.008081272251461128,0.05129528841153394,0.17644008530757324,0.1905872042672491,0.17644008530757324
454,ortho,gattgggtttatagatctattttg,6.0,att,5.0,,DWVYRSIL,,False,False,9.0,3.0,5.0,289.0,814.0,470.0,715.0,607.0,573.0,True,False,True,True,False,False,1.0,both,0.0026895067858325058,0.0028577078076155323,0.0027801633164000524,0.002609410128845268,0.0028956842210111416,0.0028414758746606854,-2.5703273556223682,-2.5439821786337333,-2.5559296913739935,-2.5834576561638394,-2.5382488003995514,-2.546456026948555,I,non-synonymous,-0.010306755981683024,0.00457634279487527,0.008081272251461128,0.05129528841153394,0.17644008530757324,0.1905872042672491,0.17644008530757324
455,ortho,gattgggtttatagatctgttatt,2.0,gtt,1.0,,DWVYRSVI,,False,False,12.0,4.0,6.0,650.0,1625.0,961.0,1680.0,1206.0,1163.0,True,False,True,True,False,False,1.0,both,0.006319400559718335,0.00567775225038605,0.0056428096631296,0.00586891551470389,0.005780696387153692,0.00580991130967855,-2.1993241156975865,-2.2458235619048583,-2.2485045986129353,-2.2314421422775315,-2.2380198399738593,-2.235830497215727,V,synonymous,-0.025211354570839534,0.006228876793654006,0.01081132488273886,0.036390689822377434,0.17809261930635198,0.19331725689852683,0.17809261930635198
456,ortho,gattgggtttatagatctgttatt,3.0,tat,2.0,,DWVYRSVI,,False,False,12.0,4.0,6.0,650.0,1625.0,961.0,1680.0,1206.0,1163.0,True,False,True,True,False,False,1.0,both,0.006319400559718335,0.00567775225038605,0.0056428096631296,0.00586891551470389,0.005780696387153692,0.00580991130967855,-2.1993241156975865,-2.2458235619048583,-2.2485045986129353,-2.2314421422775315,-2.2380198399738593,-2.235830497215727,Y,non-synonymous,-0.025211354570839534,0.006228876793654006,0.01081132488273886,0.036390689822377434,0.17809261930635198,0.19331725689852683,0.17809261930635198
457,ortho,gattgggtttatagatctgttatt,4.0,aga,3.0,,DWVYRSVI,,False,False,12.0,4.0,6.0,650.0,1625.0,961.0,1680.0,1206.0,1163.0,True,False,True,True,False,False,1.0,both,0.006319400559718335,0.00567775225038605,0.0056428096631296,0.00586891551470389,0.005780696387153692,0.00580991130967855,-2.1993241156975865,-2.2458235619048583,-2.2485045986129353,-2.2314421422775315,-2.2380198399738593,-2.235830497215727,R,synonymous,-0.025211354570839534,0.006228876793654006,0.01081132488273886,0.036390689822377434,0.17809261930635198,0.19331725689852683,0.17809261930635198
458,ortho,gattgggtttatagatctgttatt,5.0,tct,4.0,,DWVYRSVI,,False,False,12.0,4.0,6.0,650.0,1625.0,961.0,1680.0,1206.0,1163.0,True,False,True,True,False,False,1.0,both,0.006319400559718335,0.00567775225038605,0.0056428096631296,0.00586891551470389,0.005780696387153692,0.00580991130967855,-2.1993241156975865,-2.2458235619048583,-2.2485045986129353,-2.2314421422775315,-2.2380198399738593,-2.235830497215727,S,non-synonymous,-0.025211354570839534,0.006228876793654006,0.01081132488273886,0.036390689822377434,0.17809261930635198,0.19331725689852683,0.17809261930635198
459,ortho,gattgggtttatagatctgttatt,6.0,gtt,5.0,,DWVYRSVI,,False,False,12.0,4.0,6.0,650.0,1625.0,961.0,1680.0,1206.0,1163.0,True,False,True,True,False,False,1.0,both,0.006319400559718335,0.00567775225038605,0.0056428096631296,0.00586891551470389,0.005780696387153692,0.00580991130967855,-2.1993241156975865,-2.2458235619048583,-2.2485045986129353,-2.2314421422775315,-2.2380198399738593,-2.235830497215727,V,non-synonymous,-0.025211354570839534,0.006228876793654006,0.01081132488273886,0.036390689822377434,0.17809261930635198,0.19331725689852683,0.17809261930635198
460,ortho,gattgggtttatagatctgttatt,7.0,att,6.0,,DWVYRSVI,,False,False,12.0,4.0,6.0,650.0,1625.0,961.0,1680.0,1206.0,1163.0,True,False,True,True,False,False,1.0,both,0.006319400559718335,0.00567775225038605,0.0056428096631296,0.00586891551470389,0.005780696387153692,0.00580991130967855,-2.1993241156975865,-2.2458235619048583,-2.2485045986129353,-2.2314421422775315,-2.2380198399738593,-2.235830497215727,I,non-synonymous,-0.025211354570839534,0.006228876793654006,0.01081132488273886,0.036390689822377434,0.17809261930635198,0.19331725689852683,0.17809261930635198
461,ortho,gattgggtttatagatctgttttg,2.0,gtt,1.0,,DWVYRSVL,,False,False,10.0,3.0,5.0,1164.0,2881.0,1584.0,1995.0,1441.0,1508.0,True,False,True,True,False,False,1.0,both,0.007504288164665523,0.0067841135927083724,0.007316729984522302,0.01050987332171589,0.010248730025470637,0.009576378266941543,-2.124690497400682,-2.168506888895002,-2.1356829718076282,-1.9784025186065175,-1.9893299470083394,-2.018798707630798,V,synonymous,0.11483015912110921,0.143017793963453,0.09970519519229579,0.17643220351432617,0.31488153647615097,0.2822111272080837,0.2822111272080837
462,ortho,gattgggtttatagatctgttttg,3.0,tat,2.0,,DWVYRSVL,,False,False,10.0,3.0,5.0,1164.0,2881.0,1584.0,1995.0,1441.0,1508.0,True,False,True,True,False,False,1.0,both,0.007504288164665523,0.0067841135927083724,0.007316729984522302,0.01050987332171589,0.010248730025470637,0.009576378266941543,-2.124690497400682,-2.168506888895002,-2.1356829718076282,-1.9784025186065175,-1.9893299470083394,-2.018798707630798,Y,non-synonymous,0.11483015912110921,0.143017793963453,0.09970519519229579,0.17643220351432617,0.31488153647615097,0.2822111272080837,0.2822111272080837
463,ortho,gattgggtttatagatctgttttg,4.0,aga,3.0,,DWVYRSVL,,False,False,10.0,3.0,5.0,1164.0,2881.0,1584.0,1995.0,1441.0,1508.0,True,False,True,True,False,False,1.0,both,0.007504288164665523,0.0067841135927083724,0.007316729984522302,0.01050987332171589,0.010248730025470637,0.009576378266941543,-2.124690497400682,-2.168506888895002,-2.1356829718076282,-1.9784025186065175,-1.9893299470083394,-2.018798707630798,R,synonymous,0.11483015912110921,0.143017793963453,0.09970519519229579,0.17643220351432617,0.31488153647615097,0.2822111272080837,0.2822111272080837
464,ortho,gattgggtttatagatctgttttg,5.0,tct,4.0,,DWVYRSVL,,False,False,10.0,3.0,5.0,1164.0,2881.0,1584.0,1995.0,1441.0,1508.0,True,False,True,True,False,False,1.0,both,0.007504288164665523,0.0067841135927083724,0.007316729984522302,0.01050987332171589,0.010248730025470637,0.009576378266941543,-2.124690497400682,-2.168506888895002,-2.1356829718076282,-1.9784025186065175,-1.9893299470083394,-2.018798707630798,S,non-synonymous,0.11483015912110921,0.143017793963453,0.09970519519229579,0.17643220351432617,0.31488153647615097,0.2822111272080837,0.2822111272080837
465,ortho,gattgggtttatagatctgttttg,6.0,gtt,5.0,,DWVYRSVL,,False,False,10.0,3.0,5.0,1164.0,2881.0,1584.0,1995.0,1441.0,1508.0,True,False,True,True,False,False,1.0,both,0.007504288164665523,0.0067841135927083724,0.007316729984522302,0.01050987332171589,0.010248730025470637,0.009576378266941543,-2.124690497400682,-2.168506888895002,-2.1356829718076282,-1.9784025186065175,-1.9893299470083394,-2.018798707630798,V,non-synonymous,0.11483015912110921,0.143017793963453,0.09970519519229579,0.17643220351432617,0.31488153647615097,0.2822111272080837,0.2822111272080837
466,ortho,gattgggtttatagatgtattttg,2.0,gtt,1.0,,DWVYRCIL,,False,False,9.0,3.0,5.0,1593.0,4112.0,2260.0,3391.0,2655.0,2644.0,True,False,True,True,False,False,1.0,both,0.012755409105955283,0.012499529207939437,0.01282853718771682,0.014383357561420458,0.014627829873215988,0.013663266971772657,-1.8943056076453628,-1.903106344291503,-1.891822862527781,-1.8421397231192556,-1.8348200993015331,-1.8644454457368715,V,synonymous,0.04094811392024815,0.05450560777340949,0.023353619960928475,0.10255015831346512,0.22636935028610747,0.20585955197671643,0.20585955197671643
467,ortho,gattgggtttatagatgtattttg,3.0,tat,2.0,,DWVYRCIL,,False,False,9.0,3.0,5.0,1593.0,4112.0,2260.0,3391.0,2655.0,2644.0,True,False,True,True,False,False,1.0,both,0.012755409105955283,0.012499529207939437,0.01282853718771682,0.014383357561420458,0.014627829873215988,0.013663266971772657,-1.8943056076453628,-1.903106344291503,-1.891822862527781,-1.8421397231192556,-1.8348200993015331,-1.8644454457368715,Y,non-synonymous,0.04094811392024815,0.05450560777340949,0.023353619960928475,0.10255015831346512,0.22636935028610747,0.20585955197671643,0.20585955197671643
468,ortho,gattgggtttatagatgtattttg,4.0,aga,3.0,,DWVYRCIL,,False,False,9.0,3.0,5.0,1593.0,4112.0,2260.0,3391.0,2655.0,2644.0,True,False,True,True,False,False,1.0,both,0.012755409105955283,0.012499529207939437,0.01282853718771682,0.014383357561420458,0.014627829873215988,0.013663266971772657,-1.8943056076453628,-1.903106344291503,-1.891822862527781,-1.8421397231192556,-1.8348200993015331,-1.8644454457368715,R,synonymous,0.04094811392024815,0.05450560777340949,0.023353619960928475,0.10255015831346512,0.22636935028610747,0.20585955197671643,0.20585955197671643
469,ortho,gattgggtttatagatgtattttg,5.0,tgt,4.0,,DWVYRCIL,,False,False,9.0,3.0,5.0,1593.0,4112.0,2260.0,3391.0,2655.0,2644.0,True,False,True,True,False,False,1.0,both,0.012755409105955283,0.012499529207939437,0.01282853718771682,0.014383357561420458,0.014627829873215988,0.013663266971772657,-1.8943056076453628,-1.903106344291503,-1.891822862527781,-1.8421397231192556,-1.8348200993015331,-1.8644454457368715,C,non-synonymous,0.04094811392024815,0.05450560777340949,0.023353619960928475,0.10255015831346512,0.22636935028610747,0.20585955197671643,0.20585955197671643
470,ortho,gattgggtttatagatgtattttg,6.0,att,5.0,,DWVYRCIL,,False,False,9.0,3.0,5.0,1593.0,4112.0,2260.0,3391.0,2655.0,2644.0,True,False,True,True,False,False,1.0,both,0.012755409105955283,0.012499529207939437,0.01282853718771682,0.014383357561420458,0.014627829873215988,0.013663266971772657,-1.8943056076453628,-1.903106344291503,-1.891822862527781,-1.8421397231192556,-1.8348200993015331,-1.8644454457368715,I,non-synonymous,0.04094811392024815,0.05450560777340949,0.023353619960928475,0.10255015831346512,0.22636935028610747,0.20585955197671643,0.20585955197671643
471,ortho,gattgggtttatagatgtgttttg,2.0,gtt,1.0,,DWVYRCVL,,False,False,10.0,3.0,5.0,208.0,594.0,315.0,597.0,438.0,454.0,True,False,True,True,False,False,1.0,both,0.002245644127471337,0.0020620692252645853,0.0022027821040935844,0.001878052964705245,0.0021130668639811035,0.0019043934053576935,-2.64865906629408,-2.6856967592048915,-2.6570284604842795,-2.7262921639576256,-2.675086760307559,-2.7202433310946716,V,synonymous,-0.060938848367800086,0.008468827630795272,-0.05392386270002507,0.0006631960254168817,0.18033257014349324,0.12858206931576288,0.12858206931576288
472,ortho,gattgggtttatagatgtgttttg,3.0,tat,2.0,,DWVYRCVL,,False,False,10.0,3.0,5.0,208.0,594.0,315.0,597.0,438.0,454.0,True,False,True,True,False,False,1.0,both,0.002245644127471337,0.0020620692252645853,0.0022027821040935844,0.001878052964705245,0.0021130668639811035,0.0019043934053576935,-2.64865906629408,-2.6856967592048915,-2.6570284604842795,-2.7262921639576256,-2.675086760307559,-2.7202433310946716,Y,non-synonymous,-0.060938848367800086,0.008468827630795272,-0.05392386270002507,0.0006631960254168817,0.18033257014349324,0.12858206931576288,0.12858206931576288
473,ortho,gattgggtttatagatgtgttttg,4.0,aga,3.0,,DWVYRCVL,,False,False,10.0,3.0,5.0,208.0,594.0,315.0,597.0,438.0,454.0,True,False,True,True,False,False,1.0,both,0.002245644127471337,0.0020620692252645853,0.0022027821040935844,0.001878052964705245,0.0021130668639811035,0.0019043934053576935,-2.64865906629408,-2.6856967592048915,-2.6570284604842795,-2.7262921639576256,-2.675086760307559,-2.7202433310946716,R,synonymous,-0.060938848367800086,0.008468827630795272,-0.05392386270002507,0.0006631960254168817,0.18033257014349324,0.12858206931576288,0.12858206931576288
474,ortho,gattgggtttatagatgtgttttg,5.0,tgt,4.0,,DWVYRCVL,,False,False,10.0,3.0,5.0,208.0,594.0,315.0,597.0,438.0,454.0,True,False,True,True,False,False,1.0,both,0.002245644127471337,0.0020620692252645853,0.0022027821040935844,0.001878052964705245,0.0021130668639811035,0.0019043934053576935,-2.64865906629408,-2.6856967592048915,-2.6570284604842795,-2.7262921639576256,-2.675086760307559,-2.7202433310946716,C,non-synonymous,-0.060938848367800086,0.008468827630795272,-0.05392386270002507,0.0006631960254168817,0.18033257014349324,0.12858206931576288,0.12858206931576288
475,ortho,gattgggtttatagatgtgttttg,6.0,gtt,5.0,,DWVYRCVL,,False,False,10.0,3.0,5.0,208.0,594.0,315.0,597.0,438.0,454.0,True,False,True,True,False,False,1.0,both,0.002245644127471337,0.0020620692252645853,0.0022027821040935844,0.001878052964705245,0.0021130668639811035,0.0019043934053576935,-2.64865906629408,-2.6856967592048915,-2.6570284604842795,-2.7262921639576256,-2.675086760307559,-2.7202433310946716,V,non-synonymous,-0.060938848367800086,0.008468827630795272,-0.05392386270002507,0.0006631960254168817,0.18033257014349324,0.12858206931576288,0.12858206931576288
476,ortho,gattgggtttctagatgtattgtt,2.0,gtt,1.0,,DWVSRCIV,,False,False,11.0,4.0,6.0,1.0,2.0,1.0,2.0,4.0,4.0,True,False,True,True,False,False,3.0,both,7.52309590442659e-06,1.8831682422507626e-05,1.9407771842234222e-05,9.02910079185214e-06,7.11470324572762e-06,6.045693350341884e-06,-5.123603401759468,-4.725110878381028,-4.712024322013421,-5.044355498920387,-5.147843209624772,-5.2185538848842725,V,synonymous,0.062206405256512116,-0.3374220187871631,-0.43208236191914656,0.12380844964972909,-0.16555827627446512,-0.2495764299033586,-0.16555827627446512
477,ortho,gattgggtttctagatgtattgtt,3.0,tct,2.0,,DWVSRCIV,,False,False,11.0,4.0,6.0,1.0,2.0,1.0,2.0,4.0,4.0,True,False,True,True,False,False,3.0,both,7.52309590442659e-06,1.8831682422507626e-05,1.9407771842234222e-05,9.02910079185214e-06,7.11470324572762e-06,6.045693350341884e-06,-5.123603401759468,-4.725110878381028,-4.712024322013421,-5.044355498920387,-5.147843209624772,-5.2185538848842725,S,non-synonymous,0.062206405256512116,-0.3374220187871631,-0.43208236191914656,0.12380844964972909,-0.16555827627446512,-0.2495764299033586,-0.16555827627446512
478,ortho,gattgggtttctagatgtattgtt,4.0,aga,3.0,,DWVSRCIV,,False,False,11.0,4.0,6.0,1.0,2.0,1.0,2.0,4.0,4.0,True,False,True,True,False,False,3.0,both,7.52309590442659e-06,1.8831682422507626e-05,1.9407771842234222e-05,9.02910079185214e-06,7.11470324572762e-06,6.045693350341884e-06,-5.123603401759468,-4.725110878381028,-4.712024322013421,-5.044355498920387,-5.147843209624772,-5.2185538848842725,R,synonymous,0.062206405256512116,-0.3374220187871631,-0.43208236191914656,0.12380844964972909,-0.16555827627446512,-0.2495764299033586,-0.16555827627446512
479,ortho,gattgggtttctagatgtattgtt,5.0,tgt,4.0,,DWVSRCIV,,False,False,11.0,4.0,6.0,1.0,2.0,1.0,2.0,4.0,4.0,True,False,True,True,False,False,3.0,both,7.52309590442659e-06,1.8831682422507626e-05,1.9407771842234222e-05,9.02910079185214e-06,7.11470324572762e-06,6.045693350341884e-06,-5.123603401759468,-4.725110878381028,-4.712024322013421,-5.044355498920387,-5.147843209624772,-5.2185538848842725,C,non-synonymous,0.062206405256512116,-0.3374220187871631,-0.43208236191914656,0.12380844964972909,-0.16555827627446512,-0.2495764299033586,-0.16555827627446512
480,ortho,gattgggtttctagatgtattgtt,6.0,att,5.0,,DWVSRCIV,,False,False,11.0,4.0,6.0,1.0,2.0,1.0,2.0,4.0,4.0,True,False,True,True,False,False,3.0,both,7.52309590442659e-06,1.8831682422507626e-05,1.9407771842234222e-05,9.02910079185214e-06,7.11470324572762e-06,6.045693350341884e-06,-5.123603401759468,-4.725110878381028,-4.712024322013421,-5.044355498920387,-5.147843209624772,-5.2185538848842725,I,non-synonymous,0.062206405256512116,-0.3374220187871631,-0.43208236191914656,0.12380844964972909,-0.16555827627446512,-0.2495764299033586,-0.16555827627446512
481,ortho,gattgggtttctagatgtattgtt,7.0,gtt,6.0,,DWVSRCIV,,False,False,11.0,4.0,6.0,1.0,2.0,1.0,2.0,4.0,4.0,True,False,True,True,False,False,3.0,both,7.52309590442659e-06,1.8831682422507626e-05,1.9407771842234222e-05,9.02910079185214e-06,7.11470324572762e-06,6.045693350341884e-06,-5.123603401759468,-4.725110878381028,-4.712024322013421,-5.044355498920387,-5.147843209624772,-5.2185538848842725,V,non-synonymous,0.062206405256512116,-0.3374220187871631,-0.43208236191914656,0.12380844964972909,-0.16555827627446512,-0.2495764299033586,-0.16555827627446512
482,ortho,gattgggtttggagatgtattatt,2.0,gtt,1.0,,DWVWRCII,,False,False,10.0,4.0,6.0,229.0,599.0,377.0,571.0,384.0,431.0,True,False,True,True,False,False,1.0,both,0.0021478438807137914,0.0018078415125607323,0.0020911874160007373,0.00206766408133414,0.0021308536220954223,0.0022792263930788903,-2.667997289177601,-2.7428396453414603,-2.6796070431806522,-2.684520016580499,-2.671446382899441,-2.6422125346784795,V,synonymous,-0.012969674148407793,0.05698560758320139,0.03189844925308724,0.048632370244809174,0.22884935009589938,0.2144043812688752,0.2144043812688752
483,ortho,gattgggtttggagatgtattatt,3.0,tgg,2.0,,DWVWRCII,,False,False,10.0,4.0,6.0,229.0,599.0,377.0,571.0,384.0,431.0,True,False,True,True,False,False,1.0,both,0.0021478438807137914,0.0018078415125607323,0.0020911874160007373,0.00206766408133414,0.0021308536220954223,0.0022792263930788903,-2.667997289177601,-2.7428396453414603,-2.6796070431806522,-2.684520016580499,-2.671446382899441,-2.6422125346784795,W,non-synonymous,-0.012969674148407793,0.05698560758320139,0.03189844925308724,0.048632370244809174,0.22884935009589938,0.2144043812688752,0.2144043812688752
484,ortho,gattgggtttggagatgtattatt,4.0,aga,3.0,,DWVWRCII,,False,False,10.0,4.0,6.0,229.0,599.0,377.0,571.0,384.0,431.0,True,False,True,True,False,False,1.0,both,0.0021478438807137914,0.0018078415125607323,0.0020911874160007373,0.00206766408133414,0.0021308536220954223,0.0022792263930788903,-2.667997289177601,-2.7428396453414603,-2.6796070431806522,-2.684520016580499,-2.671446382899441,-2.6422125346784795,R,synonymous,-0.012969674148407793,0.05698560758320139,0.03189844925308724,0.048632370244809174,0.22884935009589938,0.2144043812688752,0.2144043812688752
485,ortho,gattgggtttggagatgtattatt,5.0,tgt,4.0,,DWVWRCII,,False,False,10.0,4.0,6.0,229.0,599.0,377.0,571.0,384.0,431.0,True,False,True,True,False,False,1.0,both,0.0021478438807137914,0.0018078415125607323,0.0020911874160007373,0.00206766408133414,0.0021308536220954223,0.0022792263930788903,-2.667997289177601,-2.7428396453414603,-2.6796070431806522,-2.684520016580499,-2.671446382899441,-2.6422125346784795,C,non-synonymous,-0.012969674148407793,0.05698560758320139,0.03189844925308724,0.048632370244809174,0.22884935009589938,0.2144043812688752,0.2144043812688752
486,ortho,gattgggtttggagatgtattatt,6.0,att,5.0,,DWVWRCII,,False,False,10.0,4.0,6.0,229.0,599.0,377.0,571.0,384.0,431.0,True,False,True,True,False,False,1.0,both,0.0021478438807137914,0.0018078415125607323,0.0020911874160007373,0.00206766408133414,0.0021308536220954223,0.0022792263930788903,-2.667997289177601,-2.7428396453414603,-2.6796070431806522,-2.684520016580499,-2.671446382899441,-2.6422125346784795,I,non-synonymous,-0.012969674148407793,0.05698560758320139,0.03189844925308724,0.048632370244809174,0.22884935009589938,0.2144043812688752,0.2144043812688752
487,ortho,gattgggtttggagatgtattatt,7.0,att,6.0,,DWVWRCII,,False,False,10.0,4.0,6.0,229.0,599.0,377.0,571.0,384.0,431.0,True,False,True,True,False,False,1.0,both,0.0021478438807137914,0.0018078415125607323,0.0020911874160007373,0.00206766408133414,0.0021308536220954223,0.0022792263930788903,-2.667997289177601,-2.7428396453414603,-2.6796070431806522,-2.684520016580499,-2.671446382899441,-2.6422125346784795,I,non-synonymous,-0.012969674148407793,0.05698560758320139,0.03189844925308724,0.048632370244809174,0.22884935009589938,0.2144043812688752,0.2144043812688752
488,ortho,gattgggtttttagatctattttg,2.0,gtt,1.0,,DWVFRSIL,,False,False,9.0,3.0,5.0,140.0,333.0,271.0,329.0,263.0,277.0,True,False,True,True,False,False,1.0,both,0.001237549276278174,0.0012381831192798765,0.00134398820007472,0.0012640741108592996,0.0011845980904136488,0.0016383828979426506,-2.907437499473475,-2.907215121219233,-2.871604544276935,-2.898227463242149,-2.9264289717824328,-2.7855845940098667,V,synonymous,0.007229506721412879,-0.015336362436805247,0.0733771649435574,0.06883155111462985,0.15652738007589273,0.25588309695934536,0.15652738007589273
489,ortho,gattgggtttttagatctattttg,3.0,ttt,2.0,,DWVFRSIL,,False,False,9.0,3.0,5.0,140.0,333.0,271.0,329.0,263.0,277.0,True,False,True,True,False,False,1.0,both,0.001237549276278174,0.0012381831192798765,0.00134398820007472,0.0012640741108592996,0.0011845980904136488,0.0016383828979426506,-2.907437499473475,-2.907215121219233,-2.871604544276935,-2.898227463242149,-2.9264289717824328,-2.7855845940098667,F,non-synonymous,0.007229506721412879,-0.015336362436805247,0.0733771649435574,0.06883155111462985,0.15652738007589273,0.25588309695934536,0.15652738007589273
490,ortho,gattgggtttttagatctattttg,4.0,aga,3.0,,DWVFRSIL,,False,False,9.0,3.0,5.0,140.0,333.0,271.0,329.0,263.0,277.0,True,False,True,True,False,False,1.0,both,0.001237549276278174,0.0012381831192798765,0.00134398820007472,0.0012640741108592996,0.0011845980904136488,0.0016383828979426506,-2.907437499473475,-2.907215121219233,-2.871604544276935,-2.898227463242149,-2.9264289717824328,-2.7855845940098667,R,synonymous,0.007229506721412879,-0.015336362436805247,0.0733771649435574,0.06883155111462985,0.15652738007589273,0.25588309695934536,0.15652738007589273
491,ortho,gattgggtttttagatctattttg,5.0,tct,4.0,,DWVFRSIL,,False,False,9.0,3.0,5.0,140.0,333.0,271.0,329.0,263.0,277.0,True,False,True,True,False,False,1.0,both,0.001237549276278174,0.0012381831192798765,0.00134398820007472,0.0012640741108592996,0.0011845980904136488,0.0016383828979426506,-2.907437499473475,-2.907215121219233,-2.871604544276935,-2.898227463242149,-2.9264289717824328,-2.7855845940098667,S,non-synonymous,0.007229506721412879,-0.015336362436805247,0.0733771649435574,0.06883155111462985,0.15652738007589273,0.25588309695934536,0.15652738007589273
492,ortho,gattgggtttttagatctattttg,6.0,att,5.0,,DWVFRSIL,,False,False,9.0,3.0,5.0,140.0,333.0,271.0,329.0,263.0,277.0,True,False,True,True,False,False,1.0,both,0.001237549276278174,0.0012381831192798765,0.00134398820007472,0.0012640741108592996,0.0011845980904136488,0.0016383828979426506,-2.907437499473475,-2.907215121219233,-2.871604544276935,-2.898227463242149,-2.9264289717824328,-2.7855845940098667,I,non-synonymous,0.007229506721412879,-0.015336362436805247,0.0733771649435574,0.06883155111462985,0.15652738007589273,0.25588309695934536,0.15652738007589273
493,single,gattggtagagacgttatacattg,2.0,tag,1.0,,DW*RRYTL,,True,False,2.0,1.0,1.0,1.0,2.0,2.0,4.0,5.0,2.0,True,False,True,True,False,False,2.0,both,1.504619180885318e-05,2.3539603028134534e-05,9.703885921117111e-06,9.02910079185214e-06,7.11470324572762e-06,1.2091386700683768e-05,-4.822573406095486,-4.628200865372972,-5.013054317677402,-5.044355498920387,-5.147843209624772,-4.917523889220291,*,stop,-0.17408999166725656,-0.41477491993305265,0.08148984025522911,-0.11248794727403959,-0.24291117742035467,0.26399577227101706,-0.11248794727403959
494,single,gattggtatagacgttatacattg,2.0,tat,1.0,,DWYRRYTL,,False,False,3.0,1.0,1.0,18.0,59.0,30.0,62.0,26.0,25.0,True,False,True,True,False,False,1.0,both,0.00023321597303722428,0.00012240593574629958,0.00012129857401396389,0.0001625238142533385,0.00020988374574896482,0.00018137080051025653,-3.6322417079251954,-3.912197521738173,-3.916144304669346,-3.789082993817081,-3.6780211936466083,-3.74143263016461,Y,non-synonymous,-0.123114079257776,0.18691792308466926,0.1490334197810741,-0.06151203486455903,0.35878166559736724,0.33153935179686206,0.33153935179686206
495,single,gattggtctagacgttatacattg,2.0,tct,1.0,,DWSRRYTL,,False,False,3.0,1.0,1.0,192.0,474.0,280.0,943.0,752.0,683.0,True,False,True,True,False,False,1.0,both,0.003547139718937137,0.003540356295431434,0.0033138770420614934,0.0017335873520356107,0.0016861846692374461,0.0016927941380957274,-2.450121704686121,-2.4509530291173487,-2.479663609659851,-2.7610542702168375,-2.7730948636146673,-2.771395853542053,S,non-synonymous,-0.24406951459808654,-0.257131381013797,-0.2488548867121774,-0.1824674702048696,-0.08526763850109903,-0.06634895469638943,-0.08526763850109903
496,single,gattggtggagacgttatacattg,2.0,tgg,1.0,,DWWRRYTL,,False,False,2.0,1.0,1.0,18.0,37.0,19.0,38.0,24.0,35.0,True,False,True,True,False,False,1.0,both,0.0001429388221841052,0.00011299009453504577,0.00016981800361954945,0.0001625238142533385,0.000131622010045961,0.0001148681736564958,-3.8448498008066387,-3.946959627997385,-3.770016268991108,-3.789082993817081,-3.8806714812217575,-3.939800283931443,W,non-synonymous,0.04377469271960818,0.05291073961834116,-0.14483000316062583,0.10537673711282515,0.22477448213103915,0.03767592885516213,0.10537673711282515
497,ortho,gattggttgagaagatgtattatt,2.0,ttg,1.0,,DWLRRCII,,False,False,8.0,4.0,5.0,3.0,13.0,11.0,14.0,10.0,9.0,True,False,True,True,False,False,2.0,both,5.2661671330986125e-05,4.707920605626907e-05,4.3667486645027004e-05,2.7087302375556417e-05,4.6245571097229534e-05,6.650262685376072e-05,-4.278505361745211,-4.327170869708991,-4.359841803902059,-4.5672342442007245,-4.334929852981916,-4.177161199726047,L,non-synonymous,-0.22664051953221193,-0.0061931667066566585,0.15583111572367023,-0.16503847513899494,0.16567057580604133,0.33833704773945816,0.16567057580604133
498,ortho,gattggttgagaagatgtattatt,4.0,aga,2.0,,DWLRRCII,,False,False,8.0,4.0,5.0,3.0,13.0,11.0,14.0,10.0,9.0,True,False,True,True,False,False,2.0,both,5.2661671330986125e-05,4.707920605626907e-05,4.3667486645027004e-05,2.7087302375556417e-05,4.6245571097229534e-05,6.650262685376072e-05,-4.278505361745211,-4.327170869708991,-4.359841803902059,-4.5672342442007245,-4.334929852981916,-4.177161199726047,R,synonymous,-0.22664051953221193,-0.0061931667066566585,0.15583111572367023,-0.16503847513899494,0.16567057580604133,0.33833704773945816,0.16567057580604133
499,ortho,gattggttgagaagatgtattatt,5.0,tgt,3.0,,DWLRRCII,,False,False,8.0,4.0,5.0,3.0,13.0,11.0,14.0,10.0,9.0,True,False,True,True,False,False,2.0,both,5.2661671330986125e-05,4.707920605626907e-05,4.3667486645027004e-05,2.7087302375556417e-05,4.6245571097229534e-05,6.650262685376072e-05,-4.278505361745211,-4.327170869708991,-4.359841803902059,-4.5672342442007245,-4.334929852981916,-4.177161199726047,C,non-synonymous,-0.22664051953221193,-0.0061931667066566585,0.15583111572367023,-0.16503847513899494,0.16567057580604133,0.33833704773945816,0.16567057580604133
500,ortho,gattggttgagaagatgtattatt,6.0,att,4.0,,DWLRRCII,,False,False,8.0,4.0,5.0,3.0,13.0,11.0,14.0,10.0,9.0,True,False,True,True,False,False,2.0,both,5.2661671330986125e-05,4.707920605626907e-05,4.3667486645027004e-05,2.7087302375556417e-05,4.6245571097229534e-05,6.650262685376072e-05,-4.278505361745211,-4.327170869708991,-4.359841803902059,-4.5672342442007245,-4.334929852981916,-4.177161199726047,I,non-synonymous,-0.22664051953221193,-0.0061931667066566585,0.15583111572367023,-0.16503847513899494,0.16567057580604133,0.33833704773945816,0.16567057580604133
501,ortho,gattggttgagaagatgtattatt,7.0,att,5.0,,DWLRRCII,,False,False,8.0,4.0,5.0,3.0,13.0,11.0,14.0,10.0,9.0,True,False,True,True,False,False,2.0,both,5.2661671330986125e-05,4.707920605626907e-05,4.3667486645027004e-05,2.7087302375556417e-05,4.6245571097229534e-05,6.650262685376072e-05,-4.278505361745211,-4.327170869708991,-4.359841803902059,-4.5672342442007245,-4.334929852981916,-4.177161199726047,I,non-synonymous,-0.22664051953221193,-0.0061931667066566585,0.15583111572367023,-0.16503847513899494,0.16567057580604133,0.33833704773945816,0.16567057580604133
502,single,gattggttgagacgttatacattg,2.0,ttg,1.0,,DWLRRYTL,,False,False,1.0,1.0,1.0,990.0,2420.0,1464.0,2768.0,2148.0,2230.0,True,False,True,True,False,False,1.0,both,0.0104119647317264,0.010112613460886596,0.010819832802045579,0.008938809783933618,0.00860879092733042,0.008850895064900518,-1.9824673116387288,-1.995136592681473,-1.9657794502932229,-2.048720304322837,-2.065057839308321,-2.0530128081618995,L,non-synonymous,-0.05200592526382836,-0.055810654755296715,-0.07441223191872434,0.009596119129388604,0.11605308775740127,0.10809370009706362,0.10809370009706362
503,ortho,gattggttgcaaagatgtatgttg,2.0,ttg,1.0,,DWLQRCML,,False,False,8.0,4.0,5.0,479.0,1291.0,737.0,1182.0,884.0,929.0,True,False,True,True,False,False,1.0,both,0.004446149679516114,0.004161801815374185,0.004507455010358898,0.004324939279297175,0.004592540945117179,0.004455675999201969,-2.3520159208782125,-2.380718604695918,-2.346068599347742,-2.364019985505824,-2.337946963022332,-2.3510863970252207,L,non-synonymous,-0.00942270624456583,0.03414002813052181,-0.004280306681073881,0.05217933814865114,0.20600377064321979,0.1782256253347141,0.1782256253347141
504,ortho,gattggttgcaaagatgtatgttg,3.0,caa,2.0,,DWLQRCML,,False,False,8.0,4.0,5.0,479.0,1291.0,737.0,1182.0,884.0,929.0,True,False,True,True,False,False,1.0,both,0.004446149679516114,0.004161801815374185,0.004507455010358898,0.004324939279297175,0.004592540945117179,0.004455675999201969,-2.3520159208782125,-2.380718604695918,-2.346068599347742,-2.364019985505824,-2.337946963022332,-2.3510863970252207,Q,non-synonymous,-0.00942270624456583,0.03414002813052181,-0.004280306681073881,0.05217933814865114,0.20600377064321979,0.1782256253347141,0.1782256253347141
505,ortho,gattggttgcaaagatgtatgttg,4.0,aga,3.0,,DWLQRCML,,False,False,8.0,4.0,5.0,479.0,1291.0,737.0,1182.0,884.0,929.0,True,False,True,True,False,False,1.0,both,0.004446149679516114,0.004161801815374185,0.004507455010358898,0.004324939279297175,0.004592540945117179,0.004455675999201969,-2.3520159208782125,-2.380718604695918,-2.346068599347742,-2.364019985505824,-2.337946963022332,-2.3510863970252207,R,synonymous,-0.00942270624456583,0.03414002813052181,-0.004280306681073881,0.05217933814865114,0.20600377064321979,0.1782256253347141,0.1782256253347141
506,ortho,gattggttgcaaagatgtatgttg,5.0,tgt,4.0,,DWLQRCML,,False,False,8.0,4.0,5.0,479.0,1291.0,737.0,1182.0,884.0,929.0,True,False,True,True,False,False,1.0,both,0.004446149679516114,0.004161801815374185,0.004507455010358898,0.004324939279297175,0.004592540945117179,0.004455675999201969,-2.3520159208782125,-2.380718604695918,-2.346068599347742,-2.364019985505824,-2.337946963022332,-2.3510863970252207,C,non-synonymous,-0.00942270624456583,0.03414002813052181,-0.004280306681073881,0.05217933814865114,0.20600377064321979,0.1782256253347141,0.1782256253347141
507,ortho,gattggttgcaaagatgtatgttg,6.0,atg,5.0,,DWLQRCML,,False,False,8.0,4.0,5.0,479.0,1291.0,737.0,1182.0,884.0,929.0,True,False,True,True,False,False,1.0,both,0.004446149679516114,0.004161801815374185,0.004507455010358898,0.004324939279297175,0.004592540945117179,0.004455675999201969,-2.3520159208782125,-2.380718604695918,-2.346068599347742,-2.364019985505824,-2.337946963022332,-2.3510863970252207,M,non-synonymous,-0.00942270624456583,0.03414002813052181,-0.004280306681073881,0.05217933814865114,0.20600377064321979,0.1782256253347141,0.1782256253347141
508,single,gattggtttagacgttatacattg,2.0,ttt,1.0,,DWFRRYTL,,False,False,2.0,1.0,1.0,478.0,1215.0,571.0,1387.0,1220.0,1130.0,True,False,True,True,False,False,1.0,both,0.00521726700971984,0.005743663138864826,0.005482695545431168,0.0043159101785053226,0.00432218222177953,0.0034520909030452155,-2.282556936350164,-2.240811039034243,-2.261005869857964,-2.3649276023082684,-2.3642969273544217,-2.4619177766384244,F,non-synonymous,-0.06465764826916948,-0.09856558074498505,-0.17138287196381202,-0.003055603875952509,0.07329816176771294,0.011123060051975941,0.011123060051975941
509,single,gatttggtgagacgttatacattg,1.0,ttg,1.0,,DLVRRYTL,,False,False,1.0,1.0,1.0,1097.0,2818.0,1716.0,3454.0,2726.0,2722.0,True,False,True,True,False,False,1.0,both,0.01299238662694472,0.012833791570938948,0.013206988738640388,0.009904923568661798,0.010024616873230217,0.010374409789186674,-1.8863110641920091,-1.8916450182103361,-1.8791961924740677,-2.004148871345676,-1.9989322165154149,-1.9840366013715858,L,non-synonymous,-0.09249792264186991,-0.08563589857347632,-0.08943148598131997,-0.030895878248652947,0.08622784393922166,0.09307444603446799,0.08622784393922166
510,single,gattttgtgagacgttatacattg,1.0,ttt,1.0,,DFVRRYTL,,False,False,2.0,1.0,1.0,145.0,321.0,188.0,410.0,340.0,353.0,True,False,True,True,False,False,1.0,both,0.001542234660407451,0.0016006930059131483,0.0017127358650771702,0.0013092196148185601,0.0011419098709392831,0.001136590349864274,-2.8118495407037134,-2.795691952666736,-2.766309607953561,-2.8829874966854123,-2.94236817288388,-2.9443960356205925,F,non-synonymous,-0.05584042429366571,-0.11707594303971755,-0.15191216847442623,0.005761620099551258,0.05478779947298043,0.03059376354136173,0.03059376354136173
511,single,gcttgggtgagacgttatacattg,0.0,gct,1.0,,AWVRRYTL,,False,False,1.0,1.0,1.0,6.0,18.0,13.0,30.0,28.0,20.0,True,False,True,True,False,False,1.0,both,0.00011284643856639884,0.0001318217769575534,9.703885921117111e-05,5.4174604751112835e-05,6.403232921154859e-05,7.859401355444449e-05,-3.9475121427037867,-3.880012838366772,-4.013054317677402,-4.266204248536743,-4.1936007001854465,-4.104610532577436,A,non-synonymous,-0.25016044055767345,-0.25030365926990683,-0.07809973688045091,-0.18855839616445647,-0.07843991675720885,0.10440619513533705,-0.07843991675720885
512,single,gggtgggtgagacgttatacattg,0.0,ggg,1.0,,GWVRRYTL,,False,False,2.0,1.0,1.0,661.0,1475.0,745.0,1640.0,1250.0,1262.0,True,False,True,True,False,False,1.0,both,0.006168938641629804,0.005884900757033633,0.006123152016224897,0.005968235623414264,0.00524709364372412,0.0045040415460047036,-2.2097895493757513,-2.2302608567009345,-2.213024958433268,-2.224154039434747,-2.280081184974571,-2.3463976121359793,G,non-synonymous,-0.011275544940633625,-0.03976624095268627,-0.11377020306707201,0.05032649945258334,0.1320975015600117,0.06873572894871595,0.06873572894871595
513,ortho,ggttgggttcaaagatgtgttttg,0.0,ggt,1.0,,GWVQRCVL,,False,False,10.0,4.0,6.0,160.0,382.0,274.0,359.0,271.0,243.0,True,False,True,True,False,False,1.0,both,0.0013503957148445728,0.0012758464841248916,0.001179022139415729,0.0014446561266963423,0.0013589083199339756,0.0016565199779936762,-2.86953894884513,-2.8942015788345854,-2.9284780397430716,-2.840235516264462,-2.8668098423770436,-2.7808033220638846,G,non-synonymous,0.023002011879372442,0.021863894314391702,0.12597022066969701,0.0846040562725894,0.19372763682708968,0.308476152685485,0.19372763682708968
514,ortho,ggttgggttcaaagatgtgttttg,2.0,gtt,2.0,,GWVQRCVL,,False,False,10.0,4.0,6.0,160.0,382.0,274.0,359.0,271.0,243.0,True,False,True,True,False,False,1.0,both,0.0013503957148445728,0.0012758464841248916,0.001179022139415729,0.0014446561266963423,0.0013589083199339756,0.0016565199779936762,-2.86953894884513,-2.8942015788345854,-2.9284780397430716,-2.840235516264462,-2.8668098423770436,-2.7808033220638846,V,synonymous,0.023002011879372442,0.021863894314391702,0.12597022066969701,0.0846040562725894,0.19372763682708968,0.308476152685485,0.19372763682708968
515,ortho,ggttgggttcaaagatgtgttttg,3.0,caa,3.0,,GWVQRCVL,,False,False,10.0,4.0,6.0,160.0,382.0,274.0,359.0,271.0,243.0,True,False,True,True,False,False,1.0,both,0.0013503957148445728,0.0012758464841248916,0.001179022139415729,0.0014446561266963423,0.0013589083199339756,0.0016565199779936762,-2.86953894884513,-2.8942015788345854,-2.9284780397430716,-2.840235516264462,-2.8668098423770436,-2.7808033220638846,Q,non-synonymous,0.023002011879372442,0.021863894314391702,0.12597022066969701,0.0846040562725894,0.19372763682708968,0.308476152685485,0.19372763682708968
516,ortho,ggttgggttcaaagatgtgttttg,4.0,aga,4.0,,GWVQRCVL,,False,False,10.0,4.0,6.0,160.0,382.0,274.0,359.0,271.0,243.0,True,False,True,True,False,False,1.0,both,0.0013503957148445728,0.0012758464841248916,0.001179022139415729,0.0014446561266963423,0.0013589083199339756,0.0016565199779936762,-2.86953894884513,-2.8942015788345854,-2.9284780397430716,-2.840235516264462,-2.8668098423770436,-2.7808033220638846,R,synonymous,0.023002011879372442,0.021863894314391702,0.12597022066969701,0.0846040562725894,0.19372763682708968,0.308476152685485,0.19372763682708968
517,ortho,ggttgggttcaaagatgtgttttg,5.0,tgt,5.0,,GWVQRCVL,,False,False,10.0,4.0,6.0,160.0,382.0,274.0,359.0,271.0,243.0,True,False,True,True,False,False,1.0,both,0.0013503957148445728,0.0012758464841248916,0.001179022139415729,0.0014446561266963423,0.0013589083199339756,0.0016565199779936762,-2.86953894884513,-2.8942015788345854,-2.9284780397430716,-2.840235516264462,-2.8668098423770436,-2.7808033220638846,C,non-synonymous,0.023002011879372442,0.021863894314391702,0.12597022066969701,0.0846040562725894,0.19372763682708968,0.308476152685485,0.19372763682708968
518,ortho,ggttgggttcaaagatgtgttttg,6.0,gtt,6.0,,GWVQRCVL,,False,False,10.0,4.0,6.0,160.0,382.0,274.0,359.0,271.0,243.0,True,False,True,True,False,False,1.0,both,0.0013503957148445728,0.0012758464841248916,0.001179022139415729,0.0014446561266963423,0.0013589083199339756,0.0016565199779936762,-2.86953894884513,-2.8942015788345854,-2.9284780397430716,-2.840235516264462,-2.8668098423770436,-2.7808033220638846,V,non-synonymous,0.023002011879372442,0.021863894314391702,0.12597022066969701,0.0846040562725894,0.19372763682708968,0.308476152685485,0.19372763682708968
519,ortho,ggttgggttgaaagatgtgttttg,0.0,ggt,1.0,,GWVERCVL,,False,False,10.0,4.0,6.0,214.0,633.0,344.0,468.0,337.0,329.0,True,False,True,True,False,False,1.0,both,0.001760404441635822,0.0015865692440962676,0.0015962892340237649,0.0019322275694563578,0.0022518035772727918,0.002079718512517608,-2.754387544349325,-2.7995409688376522,-2.7968884153914093,-2.713941725571196,-2.6474694952713973,-2.681995442312742,G,non-synonymous,0.03174833533390334,0.12138239689331538,0.0980065741758114,0.0933503797271203,0.29324613940601335,0.2805125061915994,0.2805125061915994
520,ortho,ggttgggttgaaagatgtgttttg,2.0,gtt,2.0,,GWVERCVL,,False,False,10.0,4.0,6.0,214.0,633.0,344.0,468.0,337.0,329.0,True,False,True,True,False,False,1.0,both,0.001760404441635822,0.0015865692440962676,0.0015962892340237649,0.0019322275694563578,0.0022518035772727918,0.002079718512517608,-2.754387544349325,-2.7995409688376522,-2.7968884153914093,-2.713941725571196,-2.6474694952713973,-2.681995442312742,V,synonymous,0.03174833533390334,0.12138239689331538,0.0980065741758114,0.0933503797271203,0.29324613940601335,0.2805125061915994,0.2805125061915994
521,ortho,ggttgggttgaaagatgtgttttg,3.0,gaa,3.0,,GWVERCVL,,False,False,10.0,4.0,6.0,214.0,633.0,344.0,468.0,337.0,329.0,True,False,True,True,False,False,1.0,both,0.001760404441635822,0.0015865692440962676,0.0015962892340237649,0.0019322275694563578,0.0022518035772727918,0.002079718512517608,-2.754387544349325,-2.7995409688376522,-2.7968884153914093,-2.713941725571196,-2.6474694952713973,-2.681995442312742,E,non-synonymous,0.03174833533390334,0.12138239689331538,0.0980065741758114,0.0933503797271203,0.29324613940601335,0.2805125061915994,0.2805125061915994
522,ortho,ggttgggttgaaagatgtgttttg,4.0,aga,4.0,,GWVERCVL,,False,False,10.0,4.0,6.0,214.0,633.0,344.0,468.0,337.0,329.0,True,False,True,True,False,False,1.0,both,0.001760404441635822,0.0015865692440962676,0.0015962892340237649,0.0019322275694563578,0.0022518035772727918,0.002079718512517608,-2.754387544349325,-2.7995409688376522,-2.7968884153914093,-2.713941725571196,-2.6474694952713973,-2.681995442312742,R,synonymous,0.03174833533390334,0.12138239689331538,0.0980065741758114,0.0933503797271203,0.29324613940601335,0.2805125061915994,0.2805125061915994
523,ortho,ggttgggttgaaagatgtgttttg,5.0,tgt,5.0,,GWVERCVL,,False,False,10.0,4.0,6.0,214.0,633.0,344.0,468.0,337.0,329.0,True,False,True,True,False,False,1.0,both,0.001760404441635822,0.0015865692440962676,0.0015962892340237649,0.0019322275694563578,0.0022518035772727918,0.002079718512517608,-2.754387544349325,-2.7995409688376522,-2.7968884153914093,-2.713941725571196,-2.6474694952713973,-2.681995442312742,C,non-synonymous,0.03174833533390334,0.12138239689331538,0.0980065741758114,0.0933503797271203,0.29324613940601335,0.2805125061915994,0.2805125061915994
524,ortho,ggttgggttgaaagatgtgttttg,6.0,gtt,6.0,,GWVERCVL,,False,False,10.0,4.0,6.0,214.0,633.0,344.0,468.0,337.0,329.0,True,False,True,True,False,False,1.0,both,0.001760404441635822,0.0015865692440962676,0.0015962892340237649,0.0019322275694563578,0.0022518035772727918,0.002079718512517608,-2.754387544349325,-2.7995409688376522,-2.7968884153914093,-2.713941725571196,-2.6474694952713973,-2.681995442312742,V,non-synonymous,0.03174833533390334,0.12138239689331538,0.0980065741758114,0.0933503797271203,0.29324613940601335,0.2805125061915994,0.2805125061915994
525,single,gtgtgggtgagacgttatacattg,0.0,gtg,1.0,,VWVRRYTL,,False,False,2.0,1.0,1.0,3.0,2.0,1.0,7.0,2.0,2.0,True,False,True,True,False,False,2.0,both,2.6330835665493063e-05,9.415841211253813e-06,9.703885921117111e-06,2.7087302375556417e-05,7.11470324572762e-06,6.045693350341884e-06,-4.579535357409192,-5.0261408740450095,-5.013054317677402,-4.5672342442007245,-5.147843209624772,-5.2185538848842725,V,non-synonymous,0.00965587739155675,-0.09714196130117682,-0.17529626083195873,0.07125792178477372,0.07472178121152116,0.0072096711838292304,0.07125792178477372
526,single,gtttgggtgagacgttatacattg,0.0,gtt,1.0,,VWVRRYTL,,False,False,1.0,1.0,1.0,79.0,170.0,110.0,225.0,158.0,152.0,True,False,True,True,False,False,1.0,both,0.0008463482892479914,0.0007438514556890513,0.0007374953300049005,0.0007132989625563191,0.0006047497758868477,0.0006650262685376073,-3.0724508793120866,-3.128513782754568,-3.132240725396611,-3.1467284076299458,-3.2184242839104784,-3.177161199726047,V,non-synonymous,-0.05830486186335008,-0.07176593926689834,-0.03831828597877902,0.003297182529866889,0.10009780324579964,0.14418764603700895,0.10009780324579964
527,single,tagtgggtgagacgttatacattg,0.0,tag,1.0,,*WVRRYTL,,True,False,2.0,1.0,1.0,616.0,1546.0,853.0,1387.0,1166.0,1054.0,True,False,True,True,False,False,1.0,both,0.00521726700971984,0.005489435426160973,0.0051139478804287175,0.005561926087780918,0.0054996656089474506,0.005156976427841627,-2.282556936350164,-2.260472319285996,-2.2912437024648558,-2.2547747867559615,-2.2596637157064463,-2.2876048537167493,*,stop,0.02180786613449336,0.0006454217764875339,0.003104028820819833,0.08340991052771032,0.1725091642891855,0.1856099608366078,0.1725091642891855
528,single,tattgggtgagacgttatacattg,0.0,tat,1.0,,YWVRRYTL,,False,False,1.0,1.0,1.0,1810.0,4421.0,2712.0,3774.0,3331.0,3086.0,True,False,True,True,False,False,1.0,both,0.014196081971652974,0.015682083537343225,0.014973095976283702,0.016342672433252374,0.015727051524680905,0.01639592036612719,-1.8478315015945366,-1.8045962370178141,-1.8246883916142542,-1.7866769240512026,-1.8033526903828785,-1.7852641996892467,Y,non-synonymous,0.048003875152080336,0.000992590310709088,0.03362981988092621,0.1096059195452973,0.17285633282340707,0.2161357518967142,0.17285633282340707
529,single,tcgtgggtgagacgttatacattg,0.0,tcg,1.0,,SWVRRYTL,,False,False,3.0,1.0,1.0,2.0,22.0,4.0,17.0,25.0,10.0,True,False,True,True,False,False,2.0,both,6.394631518762601e-05,0.00011769801514067266,4.8519429605585556e-05,1.805820158370428e-05,7.826173570300382e-05,2.4182773401367536e-05,-4.194184476045175,-3.9292308610369533,-4.314084313341383,-4.743325503256406,-4.106450524466546,-4.61649389355631,S,non-synonymous,-0.431053542843196,-0.1414555078559063,-0.25796292114851077,-0.36945149844997904,0.030408234656791683,-0.07545698913272281,-0.07545698913272281
530,ortho,tcttggttgaaaagatgtgttatt,0.0,tct,1.0,,SWLKRCVI,,False,False,12.0,6.0,7.0,998.0,2560.0,1338.0,2176.0,1676.0,1708.0,True,False,True,True,False,False,1.0,both,0.00818512834401613,0.007890474935030695,0.008287118576634013,0.009011042590268435,0.009106820154531355,0.00808913770275744,-2.086974506397307,-2.102896855414733,-2.0815964469883976,-2.045224957633016,-2.040633239976903,-2.092097771452468,S,non-synonymous,0.03277171075405723,0.0496983865800099,-0.008957891918485875,0.0943737551472742,0.2215621290927079,0.1735480400973021,0.1735480400973021
531,ortho,tcttggttgaaaagatgtgttatt,2.0,ttg,2.0,,SWLKRCVI,,False,False,12.0,6.0,7.0,998.0,2560.0,1338.0,2176.0,1676.0,1708.0,True,False,True,True,False,False,1.0,both,0.00818512834401613,0.007890474935030695,0.008287118576634013,0.009011042590268435,0.009106820154531355,0.00808913770275744,-2.086974506397307,-2.102896855414733,-2.0815964469883976,-2.045224957633016,-2.040633239976903,-2.092097771452468,L,non-synonymous,0.03277171075405723,0.0496983865800099,-0.008957891918485875,0.0943737551472742,0.2215621290927079,0.1735480400973021,0.1735480400973021
532,ortho,tcttggttgaaaagatgtgttatt,3.0,aaa,3.0,,SWLKRCVI,,False,False,12.0,6.0,7.0,998.0,2560.0,1338.0,2176.0,1676.0,1708.0,True,False,True,True,False,False,1.0,both,0.00818512834401613,0.007890474935030695,0.008287118576634013,0.009011042590268435,0.009106820154531355,0.00808913770275744,-2.086974506397307,-2.102896855414733,-2.0815964469883976,-2.045224957633016,-2.040633239976903,-2.092097771452468,K,non-synonymous,0.03277171075405723,0.0496983865800099,-0.008957891918485875,0.0943737551472742,0.2215621290927079,0.1735480400973021,0.1735480400973021
533,ortho,tcttggttgaaaagatgtgttatt,4.0,aga,4.0,,SWLKRCVI,,False,False,12.0,6.0,7.0,998.0,2560.0,1338.0,2176.0,1676.0,1708.0,True,False,True,True,False,False,1.0,both,0.00818512834401613,0.007890474935030695,0.008287118576634013,0.009011042590268435,0.009106820154531355,0.00808913770275744,-2.086974506397307,-2.102896855414733,-2.0815964469883976,-2.045224957633016,-2.040633239976903,-2.092097771452468,R,synonymous,0.03277171075405723,0.0496983865800099,-0.008957891918485875,0.0943737551472742,0.2215621290927079,0.1735480400973021,0.1735480400973021
534,ortho,tcttggttgaaaagatgtgttatt,5.0,tgt,5.0,,SWLKRCVI,,False,False,12.0,6.0,7.0,998.0,2560.0,1338.0,2176.0,1676.0,1708.0,True,False,True,True,False,False,1.0,both,0.00818512834401613,0.007890474935030695,0.008287118576634013,0.009011042590268435,0.009106820154531355,0.00808913770275744,-2.086974506397307,-2.102896855414733,-2.0815964469883976,-2.045224957633016,-2.040633239976903,-2.092097771452468,C,non-synonymous,0.03277171075405723,0.0496983865800099,-0.008957891918485875,0.0943737551472742,0.2215621290927079,0.1735480400973021,0.1735480400973021
535,ortho,tcttggttgaaaagatgtgttatt,6.0,gtt,6.0,,SWLKRCVI,,False,False,12.0,6.0,7.0,998.0,2560.0,1338.0,2176.0,1676.0,1708.0,True,False,True,True,False,False,1.0,both,0.00818512834401613,0.007890474935030695,0.008287118576634013,0.009011042590268435,0.009106820154531355,0.00808913770275744,-2.086974506397307,-2.102896855414733,-2.0815964469883976,-2.045224957633016,-2.040633239976903,-2.092097771452468,V,non-synonymous,0.03277171075405723,0.0496983865800099,-0.008957891918485875,0.0943737551472742,0.2215621290927079,0.1735480400973021,0.1735480400973021
536,ortho,tcttggttgaaaagatgtgttatt,7.0,att,7.0,,SWLKRCVI,,False,False,12.0,6.0,7.0,998.0,2560.0,1338.0,2176.0,1676.0,1708.0,True,False,True,True,False,False,1.0,both,0.00818512834401613,0.007890474935030695,0.008287118576634013,0.009011042590268435,0.009106820154531355,0.00808913770275744,-2.086974506397307,-2.102896855414733,-2.0815964469883976,-2.045224957633016,-2.040633239976903,-2.092097771452468,I,non-synonymous,0.03277171075405723,0.0496983865800099,-0.008957891918485875,0.0943737551472742,0.2215621290927079,0.1735480400973021,0.1735480400973021
537,single,tgttgggtgagacgttatacattg,0.0,tgt,1.0,,CWVRRYTL,,False,False,2.0,1.0,1.0,71.0,205.0,112.0,241.0,180.0,165.0,True,False,True,True,False,False,1.0,both,0.0009065330564834041,0.0008474257090128432,0.0008005705884921617,0.0006410661562215019,0.0007292570826870811,0.000677117655238291,-3.0426163548485805,-3.0718983646056848,-3.0966003691274775,-3.1930971502013117,-3.1371193442329983,-3.1693358622140906,C,non-synonymous,-0.1181213508960893,-0.052058934192179135,-0.06204519134104468,-0.05651930650287233,0.11980480832051885,0.12046074067474329,0.11980480832051885
538,ortho,ttgtggattaaaagaactattatt,0.0,ttg,1.0,,LWIKRTII,,False,False,14.0,6.0,7.0,158.0,425.0,201.0,445.0,286.0,291.0,True,False,True,True,False,False,1.0,both,0.0016738888387349163,0.0013464652932092954,0.0014119154015225397,0.0014265979251126381,0.0015118744397171193,0.0012151843634187187,-2.7762733864425173,-2.870804836579948,-2.8501913243554764,-2.8456984119659645,-2.820484275238441,-2.9153578274637835,L,non-synonymous,-0.05449584301839086,0.04016552352264845,-0.05558865394047687,0.007106201374826107,0.21202926603534644,0.12691727807531109,0.12691727807531109
539,ortho,ttgtggattaaaagaactattatt,2.0,att,2.0,,LWIKRTII,,False,False,14.0,6.0,7.0,158.0,425.0,201.0,445.0,286.0,291.0,True,False,True,True,False,False,1.0,both,0.0016738888387349163,0.0013464652932092954,0.0014119154015225397,0.0014265979251126381,0.0015118744397171193,0.0012151843634187187,-2.7762733864425173,-2.870804836579948,-2.8501913243554764,-2.8456984119659645,-2.820484275238441,-2.9153578274637835,I,non-synonymous,-0.05449584301839086,0.04016552352264845,-0.05558865394047687,0.007106201374826107,0.21202926603534644,0.12691727807531109,0.12691727807531109
540,ortho,ttgtggattaaaagaactattatt,3.0,aaa,3.0,,LWIKRTII,,False,False,14.0,6.0,7.0,158.0,425.0,201.0,445.0,286.0,291.0,True,False,True,True,False,False,1.0,both,0.0016738888387349163,0.0013464652932092954,0.0014119154015225397,0.0014265979251126381,0.0015118744397171193,0.0012151843634187187,-2.7762733864425173,-2.870804836579948,-2.8501913243554764,-2.8456984119659645,-2.820484275238441,-2.9153578274637835,K,non-synonymous,-0.05449584301839086,0.04016552352264845,-0.05558865394047687,0.007106201374826107,0.21202926603534644,0.12691727807531109,0.12691727807531109
541,ortho,ttgtggattaaaagaactattatt,4.0,aga,4.0,,LWIKRTII,,False,False,14.0,6.0,7.0,158.0,425.0,201.0,445.0,286.0,291.0,True,False,True,True,False,False,1.0,both,0.0016738888387349163,0.0013464652932092954,0.0014119154015225397,0.0014265979251126381,0.0015118744397171193,0.0012151843634187187,-2.7762733864425173,-2.870804836579948,-2.8501913243554764,-2.8456984119659645,-2.820484275238441,-2.9153578274637835,R,synonymous,-0.05449584301839086,0.04016552352264845,-0.05558865394047687,0.007106201374826107,0.21202926603534644,0.12691727807531109,0.12691727807531109
542,ortho,ttgtggattaaaagaactattatt,5.0,act,5.0,,LWIKRTII,,False,False,14.0,6.0,7.0,158.0,425.0,201.0,445.0,286.0,291.0,True,False,True,True,False,False,1.0,both,0.0016738888387349163,0.0013464652932092954,0.0014119154015225397,0.0014265979251126381,0.0015118744397171193,0.0012151843634187187,-2.7762733864425173,-2.870804836579948,-2.8501913243554764,-2.8456984119659645,-2.820484275238441,-2.9153578274637835,T,non-synonymous,-0.05449584301839086,0.04016552352264845,-0.05558865394047687,0.007106201374826107,0.21202926603534644,0.12691727807531109,0.12691727807531109
543,ortho,ttgtggattaaaagaactattatt,6.0,att,6.0,,LWIKRTII,,False,False,14.0,6.0,7.0,158.0,425.0,201.0,445.0,286.0,291.0,True,False,True,True,False,False,1.0,both,0.0016738888387349163,0.0013464652932092954,0.0014119154015225397,0.0014265979251126381,0.0015118744397171193,0.0012151843634187187,-2.7762733864425173,-2.870804836579948,-2.8501913243554764,-2.8456984119659645,-2.820484275238441,-2.9153578274637835,I,non-synonymous,-0.05449584301839086,0.04016552352264845,-0.05558865394047687,0.007106201374826107,0.21202926603534644,0.12691727807531109,0.12691727807531109
544,ortho,ttgtggattaaaagaactattatt,7.0,att,7.0,,LWIKRTII,,False,False,14.0,6.0,7.0,158.0,425.0,201.0,445.0,286.0,291.0,True,False,True,True,False,False,1.0,both,0.0016738888387349163,0.0013464652932092954,0.0014119154015225397,0.0014265979251126381,0.0015118744397171193,0.0012151843634187187,-2.7762733864425173,-2.870804836579948,-2.8501913243554764,-2.8456984119659645,-2.820484275238441,-2.9153578274637835,I,non-synonymous,-0.05449584301839086,0.04016552352264845,-0.05558865394047687,0.007106201374826107,0.21202926603534644,0.12691727807531109,0.12691727807531109
545,single,ttgtgggtgagacgttatacattg,0.0,ttg,1.0,,LWVRRYTL,,False,False,3.0,1.0,1.0,213.0,458.0,324.0,644.0,499.0,532.0,True,False,True,True,False,False,1.0,both,0.002422436881225362,0.0023492523822078266,0.0025812336550171517,0.0019231984686645057,0.0016292670432716252,0.0019588046455107705,-2.615747530063637,-2.629070324085601,-2.5881726810463355,-2.7159758954816495,-2.7880077272848833,-2.70800887467766,L,non-synonymous,-0.07867522160240652,-0.12686273437024922,-0.10222326470770082,-0.01707317720918955,0.045001008142448756,0.08028266730808714,0.045001008142448756
546,single,ttttgggtgagacgttatacattg,0.0,ttt,1.0,,FWVRRYTL,,False,False,2.0,1.0,1.0,1550.0,3809.0,2314.0,4306.0,3486.0,3423.0,True,False,True,True,False,False,1.0,both,0.01619722548223045,0.016411811231215396,0.016608200753991935,0.013995106227370817,0.013549952331488254,0.01398973441269112,-1.7905593719359807,-1.7848434869350167,-1.7796774142035066,-1.8540238007500955,-1.8680622326278062,-1.8541905302685415,F,non-synonymous,-0.04981701517326475,-0.06642462640598475,-0.06356154811746845,0.011785029219952219,0.10543911610671323,0.11894438389831952,0.10543911610671323
547,WT,gattgggtgagacgttatacattg,0.0,gat,,,DWVRRYTL,True,,,,0.0,,,,,,,,,,,,,,1.0,,0.0034643856639884445,0.003582727580882076,0.0034351756160754575,0.0027629048423067548,0.003390156096589211,0.002557328287194617,,,,,,,D,synonymous,-0.07713037377242488,-0.01915191781194023,-0.10932577935817403,-0.015528329379207909,0.15271182470075775,0.07318015265761393,0.07318015265761393
548,WT,gattgggtgagacgttatacattg,1.0,tgg,,,DWVRRYTL,True,,,,0.0,,,,,,,,,,,,,,1.0,,0.0034643856639884445,0.003582727580882076,0.0034351756160754575,0.0027629048423067548,0.003390156096589211,0.002557328287194617,,,,,,,W,synonymous,-0.07713037377242488,-0.01915191781194023,-0.10932577935817403,-0.015528329379207909,0.15271182470075775,0.07318015265761393,0.07318015265761393
549,WT,gattgggtgagacgttatacattg,2.0,gtg,,,DWVRRYTL,True,,,,0.0,,,,,,,,,,,,,,1.0,,0.0034643856639884445,0.003582727580882076,0.0034351756160754575,0.0027629048423067548,0.003390156096589211,0.002557328287194617,,,,,,,V,synonymous,-0.07713037377242488,-0.01915191781194023,-0.10932577935817403,-0.015528329379207909,0.15271182470075775,0.07318015265761393,0.07318015265761393
550,WT,gattgggtgagacgttatacattg,3.0,aga,,,DWVRRYTL,True,,,,0.0,,,,,,,,,,,,,,1.0,,0.0034643856639884445,0.003582727580882076,0.0034351756160754575,0.0027629048423067548,0.003390156096589211,0.002557328287194617,,,,,,,R,synonymous,-0.07713037377242488,-0.01915191781194023,-0.10932577935817403,-0.015528329379207909,0.15271182470075775,0.07318015265761393,0.07318015265761393
551,WT,gattgggtgagacgttatacattg,4.0,cgt,,,DWVRRYTL,True,,,,0.0,,,,,,,,,,,,,,1.0,,0.0034643856639884445,0.003582727580882076,0.0034351756160754575,0.0027629048423067548,0.003390156096589211,0.002557328287194617,,,,,,,R,synonymous,-0.07713037377242488,-0.01915191781194023,-0.10932577935817403,-0.015528329379207909,0.15271182470075775,0.07318015265761393,0.07318015265761393
552,WT,gattgggtgagacgttatacattg,5.0,tat,,,DWVRRYTL,True,,,,0.0,,,,,,,,,,,,,,1.0,,0.0034643856639884445,0.003582727580882076,0.0034351756160754575,0.0027629048423067548,0.003390156096589211,0.002557328287194617,,,,,,,Y,synonymous,-0.07713037377242488,-0.01915191781194023,-0.10932577935817403,-0.015528329379207909,0.15271182470075775,0.07318015265761393,0.07318015265761393
553,WT,gattgggtgagacgttatacattg,6.0,aca,,,DWVRRYTL,True,,,,0.0,,,,,,,,,,,,,,1.0,,0.0034643856639884445,0.003582727580882076,0.0034351756160754575,0.0027629048423067548,0.003390156096589211,0.002557328287194617,,,,,,,T,synonymous,-0.07713037377242488,-0.01915191781194023,-0.10932577935817403,-0.015528329379207909,0.15271182470075775,0.07318015265761393,0.07318015265761393
554,WT,gattgggtgagacgttatacattg,7.0,ttg,,,DWVRRYTL,True,,,,0.0,,,,,,,,,,,,,,1.0,,0.0034643856639884445,0.003582727580882076,0.0034351756160754575,0.0027629048423067548,0.003390156096589211,0.002557328287194617,,,,,,,L,synonymous,-0.07713037377242488,-0.01915191781194023,-0.10932577935817403,-0.015528329379207909,0.15271182470075775,0.07318015265761393,0.07318015265761393
