,rep_compared,Pearson,replicate1,replicate2
0,"('1', '2')",0.8987772015574655,1,2
1,"('1', '3')",0.8015334643079989,1,3
2,"('2', '3')",0.8427503849039324,2,3
