,seq_type,nt_seq,aa_pos,alt_codons,mutated_codon,combination,aa_seq,WT,STOP,STOP_readthrough,Nham_nt,Nham_aa,Nmut_codons,b1,b2,b3,input1,input2,input3,barcode_valid,indel,constant_region,permitted,too_many_substitutions,mixed_substitutions,confidence_score,Location,input1_abundance,input2_abundance,input3_abundance,b1_abundance,b2_abundance,b3_abundance
0,single,aagttagttttatctttgagagatcca,0.0,aag,1.0,,KLVLSLRDP,,False,False,3.0,1.0,1.0,1242.0,995.0,1191.0,1751.0,1309.0,1181.0,True,False,True,True,False,False,1.0,both,0.006993062849703064,0.005858160027567812,0.00646868084919922,0.007476162958682462,0.0069590639184775385,0.006570889470025489
1,single,aatttagttttatctttgagagatcca,0.0,aat,1.0,,NLVLSLRDP,,False,False,2.0,1.0,1.0,2429.0,2189.0,2591.0,3714.0,3317.0,2646.0,True,False,True,True,False,False,1.0,both,0.014832801498456415,0.014844550658092003,0.01449291238525075,0.01462125589906578,0.015309940620650586,0.014294856941088197
2,single,aggttagttttatctttgagagatcca,0.0,agg,1.0,,RLVLSLRDP,,False,False,3.0,1.0,1.0,380.0,300.0,387.0,565.0,424.0,428.0,True,False,True,True,False,False,1.0,both,0.0022564708795443926,0.001897524714811881,0.0023442806125802424,0.0022873928537031686,0.002098210226676645,0.00213512529378662
3,single,atgttagttttatctttgagagatcca,0.0,atg,1.0,,MLVLSLRDP,,False,False,2.0,1.0,1.0,933.0,817.0,986.0,1315.0,1235.0,911.0,True,False,True,True,False,False,1.0,both,0.005251786206373232,0.0055269882613034746,0.0049898122384593475,0.005616151401329096,0.005714125850649396,0.005439879947477021
4,single,attttagttttatctttgagagatcca,0.0,att,1.0,,ILVLSLRDP,,False,False,1.0,1.0,1.0,2.0,3.0,1.0,4.0,3.0,3.0,True,False,True,True,False,False,3.0,both,1.5975015076420478e-05,1.34258824161218e-05,1.643187345266525e-05,1.2038909756332467e-05,2.098210226676645e-05,5.517119622187649e-06
5,single,cagttagttttatctttgagagatcca,0.0,cag,1.0,,QLVLSLRDP,,False,False,3.0,1.0,1.0,920.0,758.0,906.0,1201.0,1116.0,960.0,True,False,True,True,False,False,1.0,both,0.004796498276695249,0.0049944282587973095,0.00525819950485288,0.005537898487912934,0.00530147783940299,0.00499851037770201
6,single,catttagttttatctttgagagatcca,0.0,cat,1.0,,HLVLSLRDP,,False,False,2.0,1.0,1.0,4.0,1.0,1.0,3.0,3.0,5.0,True,False,True,True,False,False,2.0,both,1.1981261307315359e-05,1.34258824161218e-05,2.7386455754442085e-05,2.4077819512664933e-05,6.99403408892215e-06,5.517119622187649e-06
7,single,ccgttagttttatctttgagagatcca,0.0,ccg,1.0,,PLVLSLRDP,,False,False,3.0,1.0,1.0,381.0,297.0,330.0,561.0,529.0,408.0,True,False,True,True,False,False,1.0,both,0.002240495864467972,0.002367430599376144,0.002234734789562474,0.002293412308581335,0.002077228124409878,0.0018206494753219239
8,single,cctttagttttatctttgagagatcca,0.0,cct,1.0,,PLVLSLRDP,,False,False,2.0,1.0,1.0,1.0,1.0,1.0,9.0,3.0,6.0,True,False,True,True,False,False,2.0,both,3.594378392194608e-05,1.34258824161218e-05,3.28637469053305e-05,6.019454878166233e-06,6.99403408892215e-06,5.517119622187649e-06
9,single,cggttagttttatctttgagagatcca,0.0,cgg,1.0,,RLVLSLRDP,,False,False,3.0,1.0,1.0,226.0,193.0,219.0,343.0,280.0,215.0,True,False,True,True,False,False,1.0,both,0.0013698575428030561,0.0012530823588380346,0.0011776175974410096,0.0013603968024655686,0.0013498485791619747,0.001208249197259095
10,single,cgtttagttttatctttgagagatcca,0.0,cgt,1.0,,RLVLSLRDP,,False,False,2.0,1.0,1.0,157.0,129.0,126.0,233.0,185.0,136.0,True,False,True,True,False,False,1.0,both,0.0009305446282014928,0.0008279294156608443,0.0007449115965208246,0.0009450544158720987,0.0009022303974709573,0.0006951570723956437
11,single,ctgttagttttatctttgagagatcca,0.0,ctg,1.0,,LLVLSLRDP,,False,False,2.0,1.0,1.0,1151.0,959.0,1179.0,1717.0,1365.0,1175.0,True,False,True,True,False,False,1.0,both,0.00685727522155349,0.006108776499335419,0.006435817102293889,0.006928392564769335,0.006707278691276341,0.006504684034559238
12,single,cttttagttttatctttgagagatcca,0.0,ctt,1.0,,LLVLSLRDP,,False,False,1.0,1.0,1.0,738.0,746.0,911.0,1264.0,1125.0,888.0,True,False,True,True,False,False,1.0,both,0.005048104764148871,0.005034705906045675,0.004863834541988914,0.0044423577000866805,0.005217549430335923,0.005026095975812947
13,single,gagttagttttatctttgagagatcca,0.0,gag,1.0,,ELVLSLRDP,,False,False,3.0,1.0,1.0,4.0,1.0,4.0,2.0,13.0,13.0,True,False,True,True,False,False,2.0,both,7.987507538210239e-06,5.817882380319447e-05,7.120478496154942e-05,2.4077819512664933e-05,6.99403408892215e-06,2.2068478488750594e-05
14,single,gatttagttttatctttgagagatcca,0.0,gat,1.0,,DLVLSLRDP,,False,False,2.0,1.0,1.0,1.0,1.0,1.0,4.0,4.0,4.0,True,False,True,True,False,False,3.0,both,1.5975015076420478e-05,1.7901176554829066e-05,2.1909164603553667e-05,6.019454878166233e-06,6.99403408892215e-06,5.517119622187649e-06
15,ortho,gctatttgttctgatttgagagaagat,0.0,gct,1.0,,AICSDLRED,,False,False,14.0,7.0,7.0,215.0,193.0,307.0,422.0,375.0,334.0,True,False,True,True,False,False,1.0,both,0.0016853640905623605,0.001678235302015225,0.0018294152443967312,0.0012941827988057401,0.0013498485791619747,0.001693755724011608
16,ortho,gctatttgttctgatttgagagaagat,1.0,att,2.0,,AICSDLRED,,False,False,14.0,7.0,7.0,215.0,193.0,307.0,422.0,375.0,334.0,True,False,True,True,False,False,1.0,both,0.0016853640905623605,0.001678235302015225,0.0018294152443967312,0.0012941827988057401,0.0013498485791619747,0.001693755724011608
17,ortho,gctatttgttctgatttgagagaagat,2.0,tgt,3.0,,AICSDLRED,,False,False,14.0,7.0,7.0,215.0,193.0,307.0,422.0,375.0,334.0,True,False,True,True,False,False,1.0,both,0.0016853640905623605,0.001678235302015225,0.0018294152443967312,0.0012941827988057401,0.0013498485791619747,0.001693755724011608
18,ortho,gctatttgttctgatttgagagaagat,3.0,tct,4.0,,AICSDLRED,,False,False,14.0,7.0,7.0,215.0,193.0,307.0,422.0,375.0,334.0,True,False,True,True,False,False,1.0,both,0.0016853640905623605,0.001678235302015225,0.0018294152443967312,0.0012941827988057401,0.0013498485791619747,0.001693755724011608
19,ortho,gctatttgttctgatttgagagaagat,4.0,gat,5.0,,AICSDLRED,,False,False,14.0,7.0,7.0,215.0,193.0,307.0,422.0,375.0,334.0,True,False,True,True,False,False,1.0,both,0.0016853640905623605,0.001678235302015225,0.0018294152443967312,0.0012941827988057401,0.0013498485791619747,0.001693755724011608
20,ortho,gctatttgttctgatttgagagaagat,7.0,gaa,6.0,,AICSDLRED,,False,False,14.0,7.0,7.0,215.0,193.0,307.0,422.0,375.0,334.0,True,False,True,True,False,False,1.0,both,0.0016853640905623605,0.001678235302015225,0.0018294152443967312,0.0012941827988057401,0.0013498485791619747,0.001693755724011608
21,ortho,gctatttgttctgatttgagagaagat,8.0,gat,7.0,,AICSDLRED,,False,False,14.0,7.0,7.0,215.0,193.0,307.0,422.0,375.0,334.0,True,False,True,True,False,False,1.0,both,0.0016853640905623605,0.001678235302015225,0.0018294152443967312,0.0012941827988057401,0.0013498485791619747,0.001693755724011608
22,ortho,gctttgactttgtcttttagagatcca,0.0,gct,1.0,,ALTLSFRDP,,False,False,7.0,3.0,5.0,117.0,105.0,120.0,162.0,162.0,137.0,True,False,True,True,False,False,1.0,both,0.0006469881105950294,0.0007249976504705772,0.0007503888876717131,0.0007042762207454493,0.0007343735793368257,0.0006620543546625178
23,ortho,gctttgactttgtcttttagagatcca,1.0,ttg,2.0,,ALTLSFRDP,,False,False,7.0,3.0,5.0,117.0,105.0,120.0,162.0,162.0,137.0,True,False,True,True,False,False,1.0,both,0.0006469881105950294,0.0007249976504705772,0.0007503888876717131,0.0007042762207454493,0.0007343735793368257,0.0006620543546625178
24,ortho,gctttgactttgtcttttagagatcca,2.0,act,3.0,,ALTLSFRDP,,False,False,7.0,3.0,5.0,117.0,105.0,120.0,162.0,162.0,137.0,True,False,True,True,False,False,1.0,both,0.0006469881105950294,0.0007249976504705772,0.0007503888876717131,0.0007042762207454493,0.0007343735793368257,0.0006620543546625178
25,ortho,gctttgactttgtcttttagagatcca,3.0,ttg,4.0,,ALTLSFRDP,,False,False,7.0,3.0,5.0,117.0,105.0,120.0,162.0,162.0,137.0,True,False,True,True,False,False,1.0,both,0.0006469881105950294,0.0007249976504705772,0.0007503888876717131,0.0007042762207454493,0.0007343735793368257,0.0006620543546625178
26,ortho,gctttgactttgtcttttagagatcca,5.0,ttt,5.0,,ALTLSFRDP,,False,False,7.0,3.0,5.0,117.0,105.0,120.0,162.0,162.0,137.0,True,False,True,True,False,False,1.0,both,0.0006469881105950294,0.0007249976504705772,0.0007503888876717131,0.0007042762207454493,0.0007343735793368257,0.0006620543546625178
27,ortho,gctttggctttgaatattaaagatcca,0.0,gct,1.0,,ALALNIKDP,,False,False,10.0,5.0,7.0,898.0,777.0,992.0,1175.0,858.0,753.0,True,False,True,True,False,False,1.0,both,0.004692660678698515,0.0038398023710108347,0.004124400236618977,0.005405470480593278,0.00543436448709251,0.005472982665210147
28,ortho,gctttggctttgaatattaaagatcca,1.0,ttg,2.0,,ALALNIKDP,,False,False,10.0,5.0,7.0,898.0,777.0,992.0,1175.0,858.0,753.0,True,False,True,True,False,False,1.0,both,0.004692660678698515,0.0038398023710108347,0.004124400236618977,0.005405470480593278,0.00543436448709251,0.005472982665210147
29,ortho,gctttggctttgaatattaaagatcca,2.0,gct,3.0,,ALALNIKDP,,False,False,10.0,5.0,7.0,898.0,777.0,992.0,1175.0,858.0,753.0,True,False,True,True,False,False,1.0,both,0.004692660678698515,0.0038398023710108347,0.004124400236618977,0.005405470480593278,0.00543436448709251,0.005472982665210147
30,ortho,gctttggctttgaatattaaagatcca,3.0,ttg,4.0,,ALALNIKDP,,False,False,10.0,5.0,7.0,898.0,777.0,992.0,1175.0,858.0,753.0,True,False,True,True,False,False,1.0,both,0.004692660678698515,0.0038398023710108347,0.004124400236618977,0.005405470480593278,0.00543436448709251,0.005472982665210147
31,ortho,gctttggctttgaatattaaagatcca,4.0,aat,5.0,,ALALNIKDP,,False,False,10.0,5.0,7.0,898.0,777.0,992.0,1175.0,858.0,753.0,True,False,True,True,False,False,1.0,both,0.004692660678698515,0.0038398023710108347,0.004124400236618977,0.005405470480593278,0.00543436448709251,0.005472982665210147
32,ortho,gctttggctttgaatattaaagatcca,5.0,att,6.0,,ALALNIKDP,,False,False,10.0,5.0,7.0,898.0,777.0,992.0,1175.0,858.0,753.0,True,False,True,True,False,False,1.0,both,0.004692660678698515,0.0038398023710108347,0.004124400236618977,0.005405470480593278,0.00543436448709251,0.005472982665210147
33,ortho,gctttggctttgaatattaaagatcca,6.0,aaa,7.0,,ALALNIKDP,,False,False,10.0,5.0,7.0,898.0,777.0,992.0,1175.0,858.0,753.0,True,False,True,True,False,False,1.0,both,0.004692660678698515,0.0038398023710108347,0.004124400236618977,0.005405470480593278,0.00543436448709251,0.005472982665210147
34,single,gtgttagttttatctttgagagatcca,0.0,gtg,1.0,,VLVLSLRDP,,False,False,2.0,1.0,1.0,1967.0,1797.0,2114.0,3049.0,2869.0,2397.0,True,False,True,True,False,False,1.0,both,0.012176955242001509,0.012839618883951147,0.013129066888679534,0.01184026774535298,0.012568279257793103,0.01166319088130469
35,single,gttttagttttatctttgagagatcca,0.0,gtt,1.0,,VLVLSLRDP,,False,False,1.0,1.0,1.0,846.0,821.0,995.0,1427.0,1166.0,1036.0,True,False,True,True,False,False,1.0,both,0.0056990866285130054,0.005218192965732673,0.005674473632320399,0.0050924588269286334,0.005742101987005085,0.00548953402407671
36,ortho,gttttgactttgttggttactcaacat,0.0,gtt,1.0,,VLTLLVTQH,,False,False,15.0,7.0,9.0,162.0,123.0,178.0,312.0,260.0,217.0,True,False,True,True,False,False,1.0,both,0.0012460511759607973,0.0011635764760638892,0.0011885721797427863,0.0009751516902629298,0.0008602661929374243,0.0009820472927494013
37,ortho,gttttgactttgttggttactcaacat,1.0,ttg,2.0,,VLTLLVTQH,,False,False,15.0,7.0,9.0,162.0,123.0,178.0,312.0,260.0,217.0,True,False,True,True,False,False,1.0,both,0.0012460511759607973,0.0011635764760638892,0.0011885721797427863,0.0009751516902629298,0.0008602661929374243,0.0009820472927494013
38,ortho,gttttgactttgttggttactcaacat,2.0,act,3.0,,VLTLLVTQH,,False,False,15.0,7.0,9.0,162.0,123.0,178.0,312.0,260.0,217.0,True,False,True,True,False,False,1.0,both,0.0012460511759607973,0.0011635764760638892,0.0011885721797427863,0.0009751516902629298,0.0008602661929374243,0.0009820472927494013
39,ortho,gttttgactttgttggttactcaacat,3.0,ttg,4.0,,VLTLLVTQH,,False,False,15.0,7.0,9.0,162.0,123.0,178.0,312.0,260.0,217.0,True,False,True,True,False,False,1.0,both,0.0012460511759607973,0.0011635764760638892,0.0011885721797427863,0.0009751516902629298,0.0008602661929374243,0.0009820472927494013
40,ortho,gttttgactttgttggttactcaacat,4.0,ttg,5.0,,VLTLLVTQH,,False,False,15.0,7.0,9.0,162.0,123.0,178.0,312.0,260.0,217.0,True,False,True,True,False,False,1.0,both,0.0012460511759607973,0.0011635764760638892,0.0011885721797427863,0.0009751516902629298,0.0008602661929374243,0.0009820472927494013
41,ortho,gttttgactttgttggttactcaacat,5.0,gtt,6.0,,VLTLLVTQH,,False,False,15.0,7.0,9.0,162.0,123.0,178.0,312.0,260.0,217.0,True,False,True,True,False,False,1.0,both,0.0012460511759607973,0.0011635764760638892,0.0011885721797427863,0.0009751516902629298,0.0008602661929374243,0.0009820472927494013
42,ortho,gttttgactttgttggttactcaacat,6.0,act,7.0,,VLTLLVTQH,,False,False,15.0,7.0,9.0,162.0,123.0,178.0,312.0,260.0,217.0,True,False,True,True,False,False,1.0,both,0.0012460511759607973,0.0011635764760638892,0.0011885721797427863,0.0009751516902629298,0.0008602661929374243,0.0009820472927494013
43,ortho,gttttgactttgttggttactcaacat,7.0,caa,8.0,,VLTLLVTQH,,False,False,15.0,7.0,9.0,162.0,123.0,178.0,312.0,260.0,217.0,True,False,True,True,False,False,1.0,both,0.0012460511759607973,0.0011635764760638892,0.0011885721797427863,0.0009751516902629298,0.0008602661929374243,0.0009820472927494013
44,ortho,gttttgactttgttggttactcaacat,8.0,cat,9.0,,VLTLLVTQH,,False,False,15.0,7.0,9.0,162.0,123.0,178.0,312.0,260.0,217.0,True,False,True,True,False,False,1.0,both,0.0012460511759607973,0.0011635764760638892,0.0011885721797427863,0.0009751516902629298,0.0008602661929374243,0.0009820472927494013
45,single,tagttagttttatctttgagagatcca,0.0,tag,1.0,,*LVLSLRDP,,True,False,2.0,1.0,1.0,171.0,217.0,196.0,583.0,574.0,457.0,True,False,True,True,False,False,1.0,both,0.002328358447388285,0.002568818835617971,0.0025031220559560063,0.001029326784166426,0.0015177053972961064,0.001081355445948779
46,single,tatttagttttatctttgagagatcca,0.0,tat,1.0,,YLVLSLRDP,,False,False,1.0,1.0,1.0,959.0,687.0,1045.0,1603.0,1387.0,1078.0,True,False,True,True,False,False,1.0,both,0.006401987291875507,0.006207232970386978,0.005904519860657713,0.005772657228161417,0.004804901419089517,0.0057653900051860925
47,ortho,tatttgactagagcttttagagattct,0.0,tat,1.0,,YLTRAFRDS,,False,False,10.0,6.0,7.0,552.0,440.0,599.0,782.0,702.0,573.0,True,False,True,True,False,False,1.0,both,0.0031231154474402035,0.003141656485372501,0.0031384878294590628,0.0033227390927477608,0.0030773749991257456,0.0033047546536904013
48,ortho,tatttgactagagcttttagagattct,1.0,ttg,2.0,,YLTRAFRDS,,False,False,10.0,6.0,7.0,552.0,440.0,599.0,782.0,702.0,573.0,True,False,True,True,False,False,1.0,both,0.0031231154474402035,0.003141656485372501,0.0031384878294590628,0.0033227390927477608,0.0030773749991257456,0.0033047546536904013
49,ortho,tatttgactagagcttttagagattct,2.0,act,3.0,,YLTRAFRDS,,False,False,10.0,6.0,7.0,552.0,440.0,599.0,782.0,702.0,573.0,True,False,True,True,False,False,1.0,both,0.0031231154474402035,0.003141656485372501,0.0031384878294590628,0.0033227390927477608,0.0030773749991257456,0.0033047546536904013
50,ortho,tatttgactagagcttttagagattct,3.0,aga,4.0,,YLTRAFRDS,,False,False,10.0,6.0,7.0,552.0,440.0,599.0,782.0,702.0,573.0,True,False,True,True,False,False,1.0,both,0.0031231154474402035,0.003141656485372501,0.0031384878294590628,0.0033227390927477608,0.0030773749991257456,0.0033047546536904013
51,ortho,tatttgactagagcttttagagattct,4.0,gct,5.0,,YLTRAFRDS,,False,False,10.0,6.0,7.0,552.0,440.0,599.0,782.0,702.0,573.0,True,False,True,True,False,False,1.0,both,0.0031231154474402035,0.003141656485372501,0.0031384878294590628,0.0033227390927477608,0.0030773749991257456,0.0033047546536904013
52,ortho,tatttgactagagcttttagagattct,5.0,ttt,6.0,,YLTRAFRDS,,False,False,10.0,6.0,7.0,552.0,440.0,599.0,782.0,702.0,573.0,True,False,True,True,False,False,1.0,both,0.0031231154474402035,0.003141656485372501,0.0031384878294590628,0.0033227390927477608,0.0030773749991257456,0.0033047546536904013
53,ortho,tatttgactagagcttttagagattct,8.0,tct,7.0,,YLTRAFRDS,,False,False,10.0,6.0,7.0,552.0,440.0,599.0,782.0,702.0,573.0,True,False,True,True,False,False,1.0,both,0.0031231154474402035,0.003141656485372501,0.0031384878294590628,0.0033227390927477608,0.0030773749991257456,0.0033047546536904013
54,ortho,tatttgactagatcttttagagatcca,0.0,tat,1.0,,YLTRSFRDP,,False,False,7.0,4.0,5.0,572.0,502.0,697.0,829.0,684.0,535.0,True,False,True,True,False,False,1.0,both,0.0033108218745881443,0.00306110119087577,0.002930350765725303,0.0034431281903110856,0.003511005112638919,0.0038454323766647907
55,ortho,tatttgactagatcttttagagatcca,1.0,ttg,2.0,,YLTRSFRDP,,False,False,7.0,4.0,5.0,572.0,502.0,697.0,829.0,684.0,535.0,True,False,True,True,False,False,1.0,both,0.0033108218745881443,0.00306110119087577,0.002930350765725303,0.0034431281903110856,0.003511005112638919,0.0038454323766647907
56,ortho,tatttgactagatcttttagagatcca,2.0,act,3.0,,YLTRSFRDP,,False,False,7.0,4.0,5.0,572.0,502.0,697.0,829.0,684.0,535.0,True,False,True,True,False,False,1.0,both,0.0033108218745881443,0.00306110119087577,0.002930350765725303,0.0034431281903110856,0.003511005112638919,0.0038454323766647907
57,ortho,tatttgactagatcttttagagatcca,3.0,aga,4.0,,YLTRSFRDP,,False,False,7.0,4.0,5.0,572.0,502.0,697.0,829.0,684.0,535.0,True,False,True,True,False,False,1.0,both,0.0033108218745881443,0.00306110119087577,0.002930350765725303,0.0034431281903110856,0.003511005112638919,0.0038454323766647907
58,ortho,tatttgactagatcttttagagatcca,5.0,ttt,5.0,,YLTRSFRDP,,False,False,7.0,4.0,5.0,572.0,502.0,697.0,829.0,684.0,535.0,True,False,True,True,False,False,1.0,both,0.0033108218745881443,0.00306110119087577,0.002930350765725303,0.0034431281903110856,0.003511005112638919,0.0038454323766647907
59,ortho,tatttgactttggcttttagagattct,0.0,tat,1.0,,YLTLAFRDS,,False,False,9.0,5.0,7.0,443.0,372.0,608.0,735.0,562.0,543.0,True,False,True,True,False,False,1.0,both,0.002935409020292263,0.002515115305953484,0.00297416909493241,0.002666618511027641,0.0026017806810790397,0.0033544087302900902
60,ortho,tatttgactttggcttttagagattct,1.0,ttg,2.0,,YLTLAFRDS,,False,False,9.0,5.0,7.0,443.0,372.0,608.0,735.0,562.0,543.0,True,False,True,True,False,False,1.0,both,0.002935409020292263,0.002515115305953484,0.00297416909493241,0.002666618511027641,0.0026017806810790397,0.0033544087302900902
61,ortho,tatttgactttggcttttagagattct,2.0,act,3.0,,YLTLAFRDS,,False,False,9.0,5.0,7.0,443.0,372.0,608.0,735.0,562.0,543.0,True,False,True,True,False,False,1.0,both,0.002935409020292263,0.002515115305953484,0.00297416909493241,0.002666618511027641,0.0026017806810790397,0.0033544087302900902
62,ortho,tatttgactttggcttttagagattct,3.0,ttg,4.0,,YLTLAFRDS,,False,False,9.0,5.0,7.0,443.0,372.0,608.0,735.0,562.0,543.0,True,False,True,True,False,False,1.0,both,0.002935409020292263,0.002515115305953484,0.00297416909493241,0.002666618511027641,0.0026017806810790397,0.0033544087302900902
63,ortho,tatttgactttggcttttagagattct,4.0,gct,5.0,,YLTLAFRDS,,False,False,9.0,5.0,7.0,443.0,372.0,608.0,735.0,562.0,543.0,True,False,True,True,False,False,1.0,both,0.002935409020292263,0.002515115305953484,0.00297416909493241,0.002666618511027641,0.0026017806810790397,0.0033544087302900902
64,ortho,tatttgactttggcttttagagattct,5.0,ttt,6.0,,YLTLAFRDS,,False,False,9.0,5.0,7.0,443.0,372.0,608.0,735.0,562.0,543.0,True,False,True,True,False,False,1.0,both,0.002935409020292263,0.002515115305953484,0.00297416909493241,0.002666618511027641,0.0026017806810790397,0.0033544087302900902
65,ortho,tatttgactttggcttttagagattct,8.0,tct,7.0,,YLTLAFRDS,,False,False,9.0,5.0,7.0,443.0,372.0,608.0,735.0,562.0,543.0,True,False,True,True,False,False,1.0,both,0.002935409020292263,0.002515115305953484,0.00297416909493241,0.002666618511027641,0.0026017806810790397,0.0033544087302900902
66,ortho,tatttgactttgtctattaaagatcca,0.0,tat,1.0,,YLTLSIKDP,,False,False,8.0,4.0,6.0,986.0,742.0,999.0,1418.0,1194.0,1001.0,True,False,True,True,False,False,1.0,both,0.00566314284459106,0.005343501201616477,0.005482768442039305,0.005935182509871906,0.0051895732939802345,0.005511602502565461
67,ortho,tatttgactttgtctattaaagatcca,1.0,ttg,2.0,,YLTLSIKDP,,False,False,8.0,4.0,6.0,986.0,742.0,999.0,1418.0,1194.0,1001.0,True,False,True,True,False,False,1.0,both,0.00566314284459106,0.005343501201616477,0.005482768442039305,0.005935182509871906,0.0051895732939802345,0.005511602502565461
68,ortho,tatttgactttgtctattaaagatcca,2.0,act,3.0,,YLTLSIKDP,,False,False,8.0,4.0,6.0,986.0,742.0,999.0,1418.0,1194.0,1001.0,True,False,True,True,False,False,1.0,both,0.00566314284459106,0.005343501201616477,0.005482768442039305,0.005935182509871906,0.0051895732939802345,0.005511602502565461
69,ortho,tatttgactttgtctattaaagatcca,3.0,ttg,4.0,,YLTLSIKDP,,False,False,8.0,4.0,6.0,986.0,742.0,999.0,1418.0,1194.0,1001.0,True,False,True,True,False,False,1.0,both,0.00566314284459106,0.005343501201616477,0.005482768442039305,0.005935182509871906,0.0051895732939802345,0.005511602502565461
70,ortho,tatttgactttgtctattaaagatcca,5.0,att,5.0,,YLTLSIKDP,,False,False,8.0,4.0,6.0,986.0,742.0,999.0,1418.0,1194.0,1001.0,True,False,True,True,False,False,1.0,both,0.00566314284459106,0.005343501201616477,0.005482768442039305,0.005935182509871906,0.0051895732939802345,0.005511602502565461
71,ortho,tatttgactttgtctattaaagatcca,6.0,aaa,6.0,,YLTLSIKDP,,False,False,8.0,4.0,6.0,986.0,742.0,999.0,1418.0,1194.0,1001.0,True,False,True,True,False,False,1.0,both,0.00566314284459106,0.005343501201616477,0.005482768442039305,0.005935182509871906,0.0051895732939802345,0.005511602502565461
72,ortho,tatttgactttgtctattagagatcca,0.0,tat,1.0,,YLTLSIRDP,,False,False,7.0,3.0,5.0,348.0,293.0,386.0,487.0,406.0,347.0,True,False,True,True,False,False,1.0,both,0.0019449580855541932,0.0018169694203151502,0.0019006200293582806,0.002094770297601849,0.00204925198805419,0.0021296081741644323
73,ortho,tatttgactttgtctattagagatcca,1.0,ttg,2.0,,YLTLSIRDP,,False,False,7.0,3.0,5.0,348.0,293.0,386.0,487.0,406.0,347.0,True,False,True,True,False,False,1.0,both,0.0019449580855541932,0.0018169694203151502,0.0019006200293582806,0.002094770297601849,0.00204925198805419,0.0021296081741644323
74,ortho,tatttgactttgtctattagagatcca,2.0,act,3.0,,YLTLSIRDP,,False,False,7.0,3.0,5.0,348.0,293.0,386.0,487.0,406.0,347.0,True,False,True,True,False,False,1.0,both,0.0019449580855541932,0.0018169694203151502,0.0019006200293582806,0.002094770297601849,0.00204925198805419,0.0021296081741644323
75,ortho,tatttgactttgtctattagagatcca,3.0,ttg,4.0,,YLTLSIRDP,,False,False,7.0,3.0,5.0,348.0,293.0,386.0,487.0,406.0,347.0,True,False,True,True,False,False,1.0,both,0.0019449580855541932,0.0018169694203151502,0.0019006200293582806,0.002094770297601849,0.00204925198805419,0.0021296081741644323
76,ortho,tatttgactttgtctattagagatcca,5.0,att,5.0,,YLTLSIRDP,,False,False,7.0,3.0,5.0,348.0,293.0,386.0,487.0,406.0,347.0,True,False,True,True,False,False,1.0,both,0.0019449580855541932,0.0018169694203151502,0.0019006200293582806,0.002094770297601849,0.00204925198805419,0.0021296081741644323
77,ortho,tatttgactttgtctttgagagatcca,0.0,tat,1.0,,YLTLSLRDP,,False,False,5.0,2.0,4.0,766.0,640.0,810.0,1050.0,983.0,717.0,True,False,True,True,False,False,1.0,both,0.004193441457560376,0.004399214138349243,0.003927217755186995,0.004610902436675335,0.004476181816910176,0.004468866893971995
78,ortho,tatttgactttgtctttgagagatcca,1.0,ttg,2.0,,YLTLSLRDP,,False,False,5.0,2.0,4.0,766.0,640.0,810.0,1050.0,983.0,717.0,True,False,True,True,False,False,1.0,both,0.004193441457560376,0.004399214138349243,0.003927217755186995,0.004610902436675335,0.004476181816910176,0.004468866893971995
79,ortho,tatttgactttgtctttgagagatcca,2.0,act,3.0,,YLTLSLRDP,,False,False,5.0,2.0,4.0,766.0,640.0,810.0,1050.0,983.0,717.0,True,False,True,True,False,False,1.0,both,0.004193441457560376,0.004399214138349243,0.003927217755186995,0.004610902436675335,0.004476181816910176,0.004468866893971995
80,ortho,tatttgactttgtctttgagagatcca,3.0,ttg,4.0,,YLTLSLRDP,,False,False,5.0,2.0,4.0,766.0,640.0,810.0,1050.0,983.0,717.0,True,False,True,True,False,False,1.0,both,0.004193441457560376,0.004399214138349243,0.003927217755186995,0.004610902436675335,0.004476181816910176,0.004468866893971995
81,ortho,tatttgactttgtcttttaaagatcca,0.0,tat,1.0,,YLTLSFKDP,,False,False,7.0,4.0,6.0,446.0,355.0,427.0,619.0,516.0,462.0,True,False,True,True,False,False,1.0,both,0.002472133583076069,0.0023092517755729496,0.0025305085117104486,0.00268467687566214,0.002482882101567363,0.0023558100786741257
82,ortho,tatttgactttgtcttttaaagatcca,1.0,ttg,2.0,,YLTLSFKDP,,False,False,7.0,4.0,6.0,446.0,355.0,427.0,619.0,516.0,462.0,True,False,True,True,False,False,1.0,both,0.002472133583076069,0.0023092517755729496,0.0025305085117104486,0.00268467687566214,0.002482882101567363,0.0023558100786741257
83,ortho,tatttgactttgtcttttaaagatcca,2.0,act,3.0,,YLTLSFKDP,,False,False,7.0,4.0,6.0,446.0,355.0,427.0,619.0,516.0,462.0,True,False,True,True,False,False,1.0,both,0.002472133583076069,0.0023092517755729496,0.0025305085117104486,0.00268467687566214,0.002482882101567363,0.0023558100786741257
84,ortho,tatttgactttgtcttttaaagatcca,3.0,ttg,4.0,,YLTLSFKDP,,False,False,7.0,4.0,6.0,446.0,355.0,427.0,619.0,516.0,462.0,True,False,True,True,False,False,1.0,both,0.002472133583076069,0.0023092517755729496,0.0025305085117104486,0.00268467687566214,0.002482882101567363,0.0023558100786741257
85,ortho,tatttgactttgtcttttaaagatcca,5.0,ttt,5.0,,YLTLSFKDP,,False,False,7.0,4.0,6.0,446.0,355.0,427.0,619.0,516.0,462.0,True,False,True,True,False,False,1.0,both,0.002472133583076069,0.0023092517755729496,0.0025305085117104486,0.00268467687566214,0.002482882101567363,0.0023558100786741257
86,ortho,tatttgactttgtcttttaaagatcca,6.0,aaa,6.0,,YLTLSFKDP,,False,False,7.0,4.0,6.0,446.0,355.0,427.0,619.0,516.0,462.0,True,False,True,True,False,False,1.0,both,0.002472133583076069,0.0023092517755729496,0.0025305085117104486,0.00268467687566214,0.002482882101567363,0.0023558100786741257
87,ortho,tatttgactttgtcttttagagatcca,0.0,tat,1.0,,YLTLSFRDP,,False,False,6.0,3.0,5.0,387.0,324.0,438.0,527.0,483.0,387.0,True,False,True,True,False,False,1.0,both,0.002104708236318398,0.0021615670689956097,0.002119711675393817,0.002329529037850332,0.0022660670448107763,0.00241649839451819
88,ortho,tatttgactttgtcttttagagatcca,1.0,ttg,2.0,,YLTLSFRDP,,False,False,6.0,3.0,5.0,387.0,324.0,438.0,527.0,483.0,387.0,True,False,True,True,False,False,1.0,both,0.002104708236318398,0.0021615670689956097,0.002119711675393817,0.002329529037850332,0.0022660670448107763,0.00241649839451819
89,ortho,tatttgactttgtcttttagagatcca,2.0,act,3.0,,YLTLSFRDP,,False,False,6.0,3.0,5.0,387.0,324.0,438.0,527.0,483.0,387.0,True,False,True,True,False,False,1.0,both,0.002104708236318398,0.0021615670689956097,0.002119711675393817,0.002329529037850332,0.0022660670448107763,0.00241649839451819
90,ortho,tatttgactttgtcttttagagatcca,3.0,ttg,4.0,,YLTLSFRDP,,False,False,6.0,3.0,5.0,387.0,324.0,438.0,527.0,483.0,387.0,True,False,True,True,False,False,1.0,both,0.002104708236318398,0.0021615670689956097,0.002119711675393817,0.002329529037850332,0.0022660670448107763,0.00241649839451819
91,ortho,tatttgactttgtcttttagagatcca,5.0,ttt,5.0,,YLTLSFRDP,,False,False,6.0,3.0,5.0,387.0,324.0,438.0,527.0,483.0,387.0,True,False,True,True,False,False,1.0,both,0.002104708236318398,0.0021615670689956097,0.002119711675393817,0.002329529037850332,0.0022660670448107763,0.00241649839451819
92,ortho,tatttgactttgtcttttagagatgct,0.0,tat,1.0,,YLTLSFRDA,,False,False,8.0,4.0,6.0,260.0,178.0,259.0,426.0,326.0,269.0,True,False,True,True,False,False,1.0,both,0.001701339105638781,0.001458945889218569,0.001473391319588984,0.0015650582683232207,0.0012449380678281425,0.0014289339821466009
93,ortho,tatttgactttgtcttttagagatgct,1.0,ttg,2.0,,YLTLSFRDA,,False,False,8.0,4.0,6.0,260.0,178.0,259.0,426.0,326.0,269.0,True,False,True,True,False,False,1.0,both,0.001701339105638781,0.001458945889218569,0.001473391319588984,0.0015650582683232207,0.0012449380678281425,0.0014289339821466009
94,ortho,tatttgactttgtcttttagagatgct,2.0,act,3.0,,YLTLSFRDA,,False,False,8.0,4.0,6.0,260.0,178.0,259.0,426.0,326.0,269.0,True,False,True,True,False,False,1.0,both,0.001701339105638781,0.001458945889218569,0.001473391319588984,0.0015650582683232207,0.0012449380678281425,0.0014289339821466009
95,ortho,tatttgactttgtcttttagagatgct,3.0,ttg,4.0,,YLTLSFRDA,,False,False,8.0,4.0,6.0,260.0,178.0,259.0,426.0,326.0,269.0,True,False,True,True,False,False,1.0,both,0.001701339105638781,0.001458945889218569,0.001473391319588984,0.0015650582683232207,0.0012449380678281425,0.0014289339821466009
96,ortho,tatttgactttgtcttttagagatgct,5.0,ttt,5.0,,YLTLSFRDA,,False,False,8.0,4.0,6.0,260.0,178.0,259.0,426.0,326.0,269.0,True,False,True,True,False,False,1.0,both,0.001701339105638781,0.001458945889218569,0.001473391319588984,0.0015650582683232207,0.0012449380678281425,0.0014289339821466009
97,ortho,tatttgactttgtcttttagagatgct,8.0,gct,6.0,,YLTLSFRDA,,False,False,8.0,4.0,6.0,260.0,178.0,259.0,426.0,326.0,269.0,True,False,True,True,False,False,1.0,both,0.001701339105638781,0.001458945889218569,0.001473391319588984,0.0015650582683232207,0.0012449380678281425,0.0014289339821466009
98,ortho,tatttgactttgtcttttagagatgtt,0.0,tat,1.0,,YLTLSFRDV,,False,False,9.0,4.0,6.0,104.0,99.0,136.0,206.0,195.0,163.0,True,False,True,True,False,False,1.0,both,0.0008227132764356546,0.000872682357047917,0.000892798457594812,0.0006260233073292883,0.0006924093748032928,0.0007503282686175201
99,ortho,tatttgactttgtcttttagagatgtt,1.0,ttg,2.0,,YLTLSFRDV,,False,False,9.0,4.0,6.0,104.0,99.0,136.0,206.0,195.0,163.0,True,False,True,True,False,False,1.0,both,0.0008227132764356546,0.000872682357047917,0.000892798457594812,0.0006260233073292883,0.0006924093748032928,0.0007503282686175201
100,ortho,tatttgactttgtcttttagagatgtt,2.0,act,3.0,,YLTLSFRDV,,False,False,9.0,4.0,6.0,104.0,99.0,136.0,206.0,195.0,163.0,True,False,True,True,False,False,1.0,both,0.0008227132764356546,0.000872682357047917,0.000892798457594812,0.0006260233073292883,0.0006924093748032928,0.0007503282686175201
101,ortho,tatttgactttgtcttttagagatgtt,3.0,ttg,4.0,,YLTLSFRDV,,False,False,9.0,4.0,6.0,104.0,99.0,136.0,206.0,195.0,163.0,True,False,True,True,False,False,1.0,both,0.0008227132764356546,0.000872682357047917,0.000892798457594812,0.0006260233073292883,0.0006924093748032928,0.0007503282686175201
102,ortho,tatttgactttgtcttttagagatgtt,5.0,ttt,5.0,,YLTLSFRDV,,False,False,9.0,4.0,6.0,104.0,99.0,136.0,206.0,195.0,163.0,True,False,True,True,False,False,1.0,both,0.0008227132764356546,0.000872682357047917,0.000892798457594812,0.0006260233073292883,0.0006924093748032928,0.0007503282686175201
103,ortho,tatttgactttgtcttttagagatgtt,8.0,gtt,6.0,,YLTLSFRDV,,False,False,9.0,4.0,6.0,104.0,99.0,136.0,206.0,195.0,163.0,True,False,True,True,False,False,1.0,both,0.0008227132764356546,0.000872682357047917,0.000892798457594812,0.0006260233073292883,0.0006924093748032928,0.0007503282686175201
104,ortho,tatttgactttgtctttttctgatcca,0.0,tat,1.0,,YLTLSFSDP,,False,False,9.0,4.0,6.0,519.0,390.0,545.0,701.0,619.0,495.0,True,False,True,True,False,False,1.0,both,0.002799621392142689,0.002770207071859798,0.002711259119689766,0.003124097081768275,0.0027276732946796382,0.003006830194092268
105,ortho,tatttgactttgtctttttctgatcca,1.0,ttg,2.0,,YLTLSFSDP,,False,False,9.0,4.0,6.0,519.0,390.0,545.0,701.0,619.0,495.0,True,False,True,True,False,False,1.0,both,0.002799621392142689,0.002770207071859798,0.002711259119689766,0.003124097081768275,0.0027276732946796382,0.003006830194092268
106,ortho,tatttgactttgtctttttctgatcca,2.0,act,3.0,,YLTLSFSDP,,False,False,9.0,4.0,6.0,519.0,390.0,545.0,701.0,619.0,495.0,True,False,True,True,False,False,1.0,both,0.002799621392142689,0.002770207071859798,0.002711259119689766,0.003124097081768275,0.0027276732946796382,0.003006830194092268
107,ortho,tatttgactttgtctttttctgatcca,3.0,ttg,4.0,,YLTLSFSDP,,False,False,9.0,4.0,6.0,519.0,390.0,545.0,701.0,619.0,495.0,True,False,True,True,False,False,1.0,both,0.002799621392142689,0.002770207071859798,0.002711259119689766,0.003124097081768275,0.0027276732946796382,0.003006830194092268
108,ortho,tatttgactttgtctttttctgatcca,5.0,ttt,5.0,,YLTLSFSDP,,False,False,9.0,4.0,6.0,519.0,390.0,545.0,701.0,619.0,495.0,True,False,True,True,False,False,1.0,both,0.002799621392142689,0.002770207071859798,0.002711259119689766,0.003124097081768275,0.0027276732946796382,0.003006830194092268
109,ortho,tatttgactttgtctttttctgatcca,6.0,tct,6.0,,YLTLSFSDP,,False,False,9.0,4.0,6.0,519.0,390.0,545.0,701.0,619.0,495.0,True,False,True,True,False,False,1.0,both,0.002799621392142689,0.002770207071859798,0.002711259119689766,0.003124097081768275,0.0027276732946796382,0.003006830194092268
110,ortho,tatttgattttgtctattagagatcca,0.0,tat,1.0,,YLILSIRDP,,False,False,6.0,3.0,5.0,72.0,77.0,96.0,131.0,115.0,92.0,True,False,True,True,False,False,1.0,both,0.0005231817437527707,0.0005146588259513356,0.0005039107858817344,0.0004334007512279688,0.0005385406248470055,0.0005296434837300143
111,ortho,tatttgattttgtctattagagatcca,1.0,ttg,2.0,,YLILSIRDP,,False,False,6.0,3.0,5.0,72.0,77.0,96.0,131.0,115.0,92.0,True,False,True,True,False,False,1.0,both,0.0005231817437527707,0.0005146588259513356,0.0005039107858817344,0.0004334007512279688,0.0005385406248470055,0.0005296434837300143
112,ortho,tatttgattttgtctattagagatcca,2.0,att,3.0,,YLILSIRDP,,False,False,6.0,3.0,5.0,72.0,77.0,96.0,131.0,115.0,92.0,True,False,True,True,False,False,1.0,both,0.0005231817437527707,0.0005146588259513356,0.0005039107858817344,0.0004334007512279688,0.0005385406248470055,0.0005296434837300143
113,ortho,tatttgattttgtctattagagatcca,3.0,ttg,4.0,,YLILSIRDP,,False,False,6.0,3.0,5.0,72.0,77.0,96.0,131.0,115.0,92.0,True,False,True,True,False,False,1.0,both,0.0005231817437527707,0.0005146588259513356,0.0005039107858817344,0.0004334007512279688,0.0005385406248470055,0.0005296434837300143
114,ortho,tatttgattttgtctattagagatcca,5.0,att,5.0,,YLILSIRDP,,False,False,6.0,3.0,5.0,72.0,77.0,96.0,131.0,115.0,92.0,True,False,True,True,False,False,1.0,both,0.0005231817437527707,0.0005146588259513356,0.0005039107858817344,0.0004334007512279688,0.0005385406248470055,0.0005296434837300143
115,ortho,tatttgattttgtctttgagagatcca,0.0,tat,1.0,,YLILSLRDP,,False,False,4.0,2.0,4.0,154.0,183.0,257.0,261.0,208.0,205.0,True,False,True,True,False,False,1.0,both,0.0010423697337364362,0.0009308611808511115,0.0011228446859321253,0.0009269960512375999,0.0012799082382727533,0.0014178997429022257
116,ortho,tatttgattttgtctttgagagatcca,1.0,ttg,2.0,,YLILSLRDP,,False,False,4.0,2.0,4.0,154.0,183.0,257.0,261.0,208.0,205.0,True,False,True,True,False,False,1.0,both,0.0010423697337364362,0.0009308611808511115,0.0011228446859321253,0.0009269960512375999,0.0012799082382727533,0.0014178997429022257
117,ortho,tatttgattttgtctttgagagatcca,2.0,att,3.0,,YLILSLRDP,,False,False,4.0,2.0,4.0,154.0,183.0,257.0,261.0,208.0,205.0,True,False,True,True,False,False,1.0,both,0.0010423697337364362,0.0009308611808511115,0.0011228446859321253,0.0009269960512375999,0.0012799082382727533,0.0014178997429022257
118,ortho,tatttgattttgtctttgagagatcca,3.0,ttg,4.0,,YLILSLRDP,,False,False,4.0,2.0,4.0,154.0,183.0,257.0,261.0,208.0,205.0,True,False,True,True,False,False,1.0,both,0.0010423697337364362,0.0009308611808511115,0.0011228446859321253,0.0009269960512375999,0.0012799082382727533,0.0014178997429022257
119,ortho,tatttgattttgtcttttagagatcca,0.0,tat,1.0,,YLILSFRDP,,False,False,5.0,3.0,5.0,1134.0,916.0,1250.0,1681.0,1467.0,1179.0,True,False,True,True,False,False,1.0,both,0.006713500085865706,0.00656525650148356,0.006457726266897443,0.006826061831840508,0.006406535225452689,0.00689639952773456
120,ortho,tatttgattttgtcttttagagatcca,1.0,ttg,2.0,,YLILSFRDP,,False,False,5.0,3.0,5.0,1134.0,916.0,1250.0,1681.0,1467.0,1179.0,True,False,True,True,False,False,1.0,both,0.006713500085865706,0.00656525650148356,0.006457726266897443,0.006826061831840508,0.006406535225452689,0.00689639952773456
121,ortho,tatttgattttgtcttttagagatcca,2.0,att,3.0,,YLILSFRDP,,False,False,5.0,3.0,5.0,1134.0,916.0,1250.0,1681.0,1467.0,1179.0,True,False,True,True,False,False,1.0,both,0.006713500085865706,0.00656525650148356,0.006457726266897443,0.006826061831840508,0.006406535225452689,0.00689639952773456
122,ortho,tatttgattttgtcttttagagatcca,3.0,ttg,4.0,,YLILSFRDP,,False,False,5.0,3.0,5.0,1134.0,916.0,1250.0,1681.0,1467.0,1179.0,True,False,True,True,False,False,1.0,both,0.006713500085865706,0.00656525650148356,0.006457726266897443,0.006826061831840508,0.006406535225452689,0.00689639952773456
123,ortho,tatttgattttgtcttttagagatcca,5.0,ttt,5.0,,YLILSFRDP,,False,False,5.0,3.0,5.0,1134.0,916.0,1250.0,1681.0,1467.0,1179.0,True,False,True,True,False,False,1.0,both,0.006713500085865706,0.00656525650148356,0.006457726266897443,0.006826061831840508,0.006406535225452689,0.00689639952773456
124,ortho,tatttggctttgtcttttaaagatcca,0.0,tat,1.0,,YLALSFKDP,,False,False,6.0,4.0,6.0,384.0,314.0,379.0,478.0,493.0,376.0,True,False,True,True,False,False,1.0,both,0.001909014301632247,0.0022063200103826825,0.0020594614727340445,0.0023114706732158337,0.002196126703921555,0.0020909883368091186
125,ortho,tatttggctttgtcttttaaagatcca,1.0,ttg,2.0,,YLALSFKDP,,False,False,6.0,4.0,6.0,384.0,314.0,379.0,478.0,493.0,376.0,True,False,True,True,False,False,1.0,both,0.001909014301632247,0.0022063200103826825,0.0020594614727340445,0.0023114706732158337,0.002196126703921555,0.0020909883368091186
126,ortho,tatttggctttgtcttttaaagatcca,2.0,gct,3.0,,YLALSFKDP,,False,False,6.0,4.0,6.0,384.0,314.0,379.0,478.0,493.0,376.0,True,False,True,True,False,False,1.0,both,0.001909014301632247,0.0022063200103826825,0.0020594614727340445,0.0023114706732158337,0.002196126703921555,0.0020909883368091186
127,ortho,tatttggctttgtcttttaaagatcca,3.0,ttg,4.0,,YLALSFKDP,,False,False,6.0,4.0,6.0,384.0,314.0,379.0,478.0,493.0,376.0,True,False,True,True,False,False,1.0,both,0.001909014301632247,0.0022063200103826825,0.0020594614727340445,0.0023114706732158337,0.002196126703921555,0.0020909883368091186
128,ortho,tatttggctttgtcttttaaagatcca,5.0,ttt,5.0,,YLALSFKDP,,False,False,6.0,4.0,6.0,384.0,314.0,379.0,478.0,493.0,376.0,True,False,True,True,False,False,1.0,both,0.001909014301632247,0.0022063200103826825,0.0020594614727340445,0.0023114706732158337,0.002196126703921555,0.0020909883368091186
129,ortho,tatttggctttgtcttttaaagatcca,6.0,aaa,6.0,,YLALSFKDP,,False,False,6.0,4.0,6.0,384.0,314.0,379.0,478.0,493.0,376.0,True,False,True,True,False,False,1.0,both,0.001909014301632247,0.0022063200103826825,0.0020594614727340445,0.0023114706732158337,0.002196126703921555,0.0020909883368091186
130,ortho,tatttggctttgtcttttagagatcca,0.0,tat,1.0,,YLALSFRDP,,False,False,5.0,3.0,5.0,377.0,272.0,378.0,547.0,432.0,410.0,True,False,True,True,False,False,1.0,both,0.0021845833117005004,0.0019333270679215391,0.0022456893718642507,0.00226933448906867,0.0019023772721868247,0.002085471217186931
131,ortho,tatttggctttgtcttttagagatcca,1.0,ttg,2.0,,YLALSFRDP,,False,False,5.0,3.0,5.0,377.0,272.0,378.0,547.0,432.0,410.0,True,False,True,True,False,False,1.0,both,0.0021845833117005004,0.0019333270679215391,0.0022456893718642507,0.00226933448906867,0.0019023772721868247,0.002085471217186931
132,ortho,tatttggctttgtcttttagagatcca,2.0,gct,3.0,,YLALSFRDP,,False,False,5.0,3.0,5.0,377.0,272.0,378.0,547.0,432.0,410.0,True,False,True,True,False,False,1.0,both,0.0021845833117005004,0.0019333270679215391,0.0022456893718642507,0.00226933448906867,0.0019023772721868247,0.002085471217186931
133,ortho,tatttggctttgtcttttagagatcca,3.0,ttg,4.0,,YLALSFRDP,,False,False,5.0,3.0,5.0,377.0,272.0,378.0,547.0,432.0,410.0,True,False,True,True,False,False,1.0,both,0.0021845833117005004,0.0019333270679215391,0.0022456893718642507,0.00226933448906867,0.0019023772721868247,0.002085471217186931
134,ortho,tatttggctttgtcttttagagatcca,5.0,ttt,5.0,,YLALSFRDP,,False,False,5.0,3.0,5.0,377.0,272.0,378.0,547.0,432.0,410.0,True,False,True,True,False,False,1.0,both,0.0021845833117005004,0.0019333270679215391,0.0022456893718642507,0.00226933448906867,0.0019023772721868247,0.002085471217186931
135,single,tcgttagttttatctttgagagatcca,0.0,tcg,1.0,,SLVLSLRDP,,False,False,2.0,1.0,1.0,19.0,12.0,20.0,17.0,29.0,23.0,True,False,True,True,False,False,1.0,both,6.789381407478703e-05,0.00012978353002251073,0.0001259776964704336,0.00011436964268515843,8.39284090670658e-05,0.00011034239244375296
136,single,tctttagttttatctttgagagatcca,0.0,tct,1.0,,SLVLSLRDP,,False,False,1.0,1.0,1.0,1599.0,1526.0,1908.0,2649.0,2226.0,1803.0,True,False,True,True,False,False,1.0,both,0.010579453734359461,0.009962004752762375,0.009875555945051816,0.009625108350187808,0.0106728960196952,0.010526664239134034
137,ortho,tctttgactttgtcttttagagatgtt,0.0,tct,1.0,,SLTLSFRDV,,False,False,9.0,4.0,6.0,1238.0,1121.0,1408.0,1942.0,1521.0,1354.0,True,False,True,True,False,False,1.0,both,0.0077558698196021425,0.0068069223849737525,0.0074162522183029165,0.007452085139169797,0.007840312213681729,0.007768104428040209
138,ortho,tctttgactttgtcttttagagatgtt,1.0,ttg,2.0,,SLTLSFRDV,,False,False,9.0,4.0,6.0,1238.0,1121.0,1408.0,1942.0,1521.0,1354.0,True,False,True,True,False,False,1.0,both,0.0077558698196021425,0.0068069223849737525,0.0074162522183029165,0.007452085139169797,0.007840312213681729,0.007768104428040209
139,ortho,tctttgactttgtcttttagagatgtt,2.0,act,3.0,,SLTLSFRDV,,False,False,9.0,4.0,6.0,1238.0,1121.0,1408.0,1942.0,1521.0,1354.0,True,False,True,True,False,False,1.0,both,0.0077558698196021425,0.0068069223849737525,0.0074162522183029165,0.007452085139169797,0.007840312213681729,0.007768104428040209
140,ortho,tctttgactttgtcttttagagatgtt,3.0,ttg,4.0,,SLTLSFRDV,,False,False,9.0,4.0,6.0,1238.0,1121.0,1408.0,1942.0,1521.0,1354.0,True,False,True,True,False,False,1.0,both,0.0077558698196021425,0.0068069223849737525,0.0074162522183029165,0.007452085139169797,0.007840312213681729,0.007768104428040209
141,ortho,tctttgactttgtcttttagagatgtt,5.0,ttt,5.0,,SLTLSFRDV,,False,False,9.0,4.0,6.0,1238.0,1121.0,1408.0,1942.0,1521.0,1354.0,True,False,True,True,False,False,1.0,both,0.0077558698196021425,0.0068069223849737525,0.0074162522183029165,0.007452085139169797,0.007840312213681729,0.007768104428040209
142,ortho,tctttgactttgtcttttagagatgtt,8.0,gtt,6.0,,SLTLSFRDV,,False,False,9.0,4.0,6.0,1238.0,1121.0,1408.0,1942.0,1521.0,1354.0,True,False,True,True,False,False,1.0,both,0.0077558698196021425,0.0068069223849737525,0.0074162522183029165,0.007452085139169797,0.007840312213681729,0.007768104428040209
143,single,tggttagttttatctttgagagatcca,0.0,tgg,1.0,,WLVLSLRDP,,False,False,2.0,1.0,1.0,2.0,1.0,3.0,3.0,7.0,9.0,True,False,True,True,False,False,2.0,both,1.1981261307315359e-05,3.1327058970950864e-05,4.929562035799575e-05,1.2038909756332467e-05,6.99403408892215e-06,1.6551358866562946e-05
144,single,tgtttagttttatctttgagagatcca,0.0,tgt,1.0,,CLVLSLRDP,,False,False,1.0,1.0,1.0,1.0,1.0,1.0,2.0,1.0,6.0,True,False,True,True,False,False,2.0,both,7.987507538210239e-06,4.4752941387072664e-06,3.28637469053305e-05,6.019454878166233e-06,6.99403408892215e-06,5.517119622187649e-06
145,ortho,ttgcaaattagaccattgattgctcca,0.0,ttg,1.0,,LQIRPLIAP,,False,False,11.0,7.0,7.0,769.0,627.0,756.0,995.0,897.0,751.0,True,False,True,True,False,False,1.0,both,0.003973785000259594,0.004014338842420418,0.0041134456543172005,0.004628960801309833,0.004385259373754188,0.004170942434373862
146,ortho,ttgcaaattagaccattgattgctcca,1.0,caa,2.0,,LQIRPLIAP,,False,False,11.0,7.0,7.0,769.0,627.0,756.0,995.0,897.0,751.0,True,False,True,True,False,False,1.0,both,0.003973785000259594,0.004014338842420418,0.0041134456543172005,0.004628960801309833,0.004385259373754188,0.004170942434373862
147,ortho,ttgcaaattagaccattgattgctcca,2.0,att,3.0,,LQIRPLIAP,,False,False,11.0,7.0,7.0,769.0,627.0,756.0,995.0,897.0,751.0,True,False,True,True,False,False,1.0,both,0.003973785000259594,0.004014338842420418,0.0041134456543172005,0.004628960801309833,0.004385259373754188,0.004170942434373862
148,ortho,ttgcaaattagaccattgattgctcca,3.0,aga,4.0,,LQIRPLIAP,,False,False,11.0,7.0,7.0,769.0,627.0,756.0,995.0,897.0,751.0,True,False,True,True,False,False,1.0,both,0.003973785000259594,0.004014338842420418,0.0041134456543172005,0.004628960801309833,0.004385259373754188,0.004170942434373862
149,ortho,ttgcaaattagaccattgattgctcca,4.0,cca,5.0,,LQIRPLIAP,,False,False,11.0,7.0,7.0,769.0,627.0,756.0,995.0,897.0,751.0,True,False,True,True,False,False,1.0,both,0.003973785000259594,0.004014338842420418,0.0041134456543172005,0.004628960801309833,0.004385259373754188,0.004170942434373862
150,ortho,ttgcaaattagaccattgattgctcca,6.0,att,6.0,,LQIRPLIAP,,False,False,11.0,7.0,7.0,769.0,627.0,756.0,995.0,897.0,751.0,True,False,True,True,False,False,1.0,both,0.003973785000259594,0.004014338842420418,0.0041134456543172005,0.004628960801309833,0.004385259373754188,0.004170942434373862
151,ortho,ttgcaaattagaccattgattgctcca,7.0,gct,7.0,,LQIRPLIAP,,False,False,11.0,7.0,7.0,769.0,627.0,756.0,995.0,897.0,751.0,True,False,True,True,False,False,1.0,both,0.003973785000259594,0.004014338842420418,0.0041134456543172005,0.004628960801309833,0.004385259373754188,0.004170942434373862
152,ortho,ttgcaagttaaaccaatgattaaacca,0.0,ttg,1.0,,LQVKPMIKP,,False,False,12.0,7.0,7.0,358.0,301.0,420.0,501.0,494.0,347.0,True,False,True,True,False,False,1.0,both,0.0020008706383216647,0.0022107953045213896,0.0019006200293582806,0.0021549648463835116,0.002105204260765567,0.0023171902413188124
153,ortho,ttgcaagttaaaccaatgattaaacca,1.0,caa,2.0,,LQVKPMIKP,,False,False,12.0,7.0,7.0,358.0,301.0,420.0,501.0,494.0,347.0,True,False,True,True,False,False,1.0,both,0.0020008706383216647,0.0022107953045213896,0.0019006200293582806,0.0021549648463835116,0.002105204260765567,0.0023171902413188124
154,ortho,ttgcaagttaaaccaatgattaaacca,3.0,aaa,3.0,,LQVKPMIKP,,False,False,12.0,7.0,7.0,358.0,301.0,420.0,501.0,494.0,347.0,True,False,True,True,False,False,1.0,both,0.0020008706383216647,0.0022107953045213896,0.0019006200293582806,0.0021549648463835116,0.002105204260765567,0.0023171902413188124
155,ortho,ttgcaagttaaaccaatgattaaacca,4.0,cca,4.0,,LQVKPMIKP,,False,False,12.0,7.0,7.0,358.0,301.0,420.0,501.0,494.0,347.0,True,False,True,True,False,False,1.0,both,0.0020008706383216647,0.0022107953045213896,0.0019006200293582806,0.0021549648463835116,0.002105204260765567,0.0023171902413188124
156,ortho,ttgcaagttaaaccaatgattaaacca,5.0,atg,5.0,,LQVKPMIKP,,False,False,12.0,7.0,7.0,358.0,301.0,420.0,501.0,494.0,347.0,True,False,True,True,False,False,1.0,both,0.0020008706383216647,0.0022107953045213896,0.0019006200293582806,0.0021549648463835116,0.002105204260765567,0.0023171902413188124
157,ortho,ttgcaagttaaaccaatgattaaacca,6.0,att,6.0,,LQVKPMIKP,,False,False,12.0,7.0,7.0,358.0,301.0,420.0,501.0,494.0,347.0,True,False,True,True,False,False,1.0,both,0.0020008706383216647,0.0022107953045213896,0.0019006200293582806,0.0021549648463835116,0.002105204260765567,0.0023171902413188124
158,ortho,ttgcaagttaaaccaatgattaaacca,7.0,aaa,7.0,,LQVKPMIKP,,False,False,12.0,7.0,7.0,358.0,301.0,420.0,501.0,494.0,347.0,True,False,True,True,False,False,1.0,both,0.0020008706383216647,0.0022107953045213896,0.0019006200293582806,0.0021549648463835116,0.002105204260765567,0.0023171902413188124
159,single,ttgttagttttatctttgagagatcca,0.0,ttg,1.0,,LLVLSLRDP,,False,False,1.0,1.0,1.0,540.0,458.0,522.0,727.0,693.0,522.0,True,False,True,True,False,False,1.0,both,0.002903458990139422,0.0031013788381241358,0.0028591459807637536,0.0032505056342097658,0.0032032676127263446,0.002879936442781952
160,single,tttaaggttttatctttgagagatcca,1.0,aag,1.0,,FKVLSLRDP,,False,False,3.0,1.0,1.0,58.0,67.0,76.0,611.0,590.0,455.0,True,False,True,True,False,False,1.0,both,0.002440183552923228,0.002640423541837287,0.0024921674736542295,0.00034912838293364154,0.000468600283957784,0.0004193010912862613
161,single,tttacggttttatctttgagagatcca,1.0,acg,1.0,,FTVLSLRDP,,False,False,3.0,1.0,1.0,1.0,3.0,1.0,7.0,4.0,2.0,True,False,True,True,False,False,2.0,both,2.795627638373584e-05,1.7901176554829066e-05,1.0954582301776834e-05,6.019454878166233e-06,2.098210226676645e-05,5.517119622187649e-06
162,single,tttactgttttatctttgagagatcca,1.0,act,1.0,,FTVLSLRDP,,False,False,3.0,1.0,1.0,4.0,4.0,4.0,7.0,6.0,9.0,True,False,True,True,False,False,2.0,both,2.795627638373584e-05,2.68517648322436e-05,4.929562035799575e-05,2.4077819512664933e-05,2.79761363556886e-05,2.2068478488750594e-05
163,single,tttagggttttatctttgagagatcca,1.0,agg,1.0,,FRVLSLRDP,,False,False,3.0,1.0,1.0,325.0,274.0,385.0,479.0,460.0,440.0,True,False,True,True,False,False,1.0,both,0.0019130080554013522,0.0020586353038053425,0.0024100081063909034,0.001956322835404026,0.001916365340364669,0.0021240910545422447
164,single,tttagtgttttatctttgagagatcca,1.0,agt,1.0,,FSVLSLRDP,,False,False,3.0,1.0,1.0,1114.0,981.0,1213.0,1628.0,1478.0,1166.0,True,False,True,True,False,False,1.0,both,0.006501831136103134,0.00661448473700934,0.006386521481935894,0.0067056727342771835,0.006861147441232628,0.006692266101713617
165,ortho,tttatggctttgtctttgagagatcca,1.0,atg,1.0,,FMALSLRDP,,False,False,4.0,2.0,3.0,633.0,483.0,643.0,878.0,785.0,628.0,True,False,True,True,False,False,1.0,both,0.003506515809274295,0.0035131058988852044,0.003439738842757926,0.0038103149378792256,0.0033781184649493983,0.003547507917066658
166,ortho,tttatggctttgtctttgagagatcca,2.0,gct,2.0,,FMALSLRDP,,False,False,4.0,2.0,3.0,633.0,483.0,643.0,878.0,785.0,628.0,True,False,True,True,False,False,1.0,both,0.003506515809274295,0.0035131058988852044,0.003439738842757926,0.0038103149378792256,0.0033781184649493983,0.003547507917066658
167,ortho,tttatggctttgtctttgagagatcca,3.0,ttg,3.0,,FMALSLRDP,,False,False,4.0,2.0,3.0,633.0,483.0,643.0,878.0,785.0,628.0,True,False,True,True,False,False,1.0,both,0.003506515809274295,0.0035131058988852044,0.003439738842757926,0.0038103149378792256,0.0033781184649493983,0.003547507917066658
168,single,tttatggttttatctttgagagatcca,1.0,atg,1.0,,FMVLSLRDP,,False,False,2.0,1.0,1.0,906.0,817.0,1006.0,1313.0,1154.0,1016.0,True,False,True,True,False,False,1.0,both,0.005243798698835022,0.0051644894360681854,0.005564927809302631,0.005453626119618607,0.005714125850649396,0.005550222339920774
169,single,tttattgttttatctttgagagatcca,1.0,att,1.0,,FIVLSLRDP,,False,False,2.0,1.0,1.0,901.0,812.0,1044.0,1432.0,1350.0,1005.0,True,False,True,True,False,False,1.0,both,0.005719055397358531,0.00604164708725481,0.005504677606642859,0.005423528845227776,0.005679155680204786,0.005759872885563904
170,single,tttcaggttttatctttgagagatcca,1.0,cag,1.0,,FQVLSLRDP,,False,False,3.0,1.0,1.0,1448.0,1355.0,1561.0,2241.0,2121.0,1627.0,True,False,True,True,False,False,1.0,both,0.008950002196564572,0.009492098868198112,0.008911552702495454,0.008716170663584705,0.009476916190489513,0.008612223730234918
171,single,tttcatgttttatctttgagagatcca,1.0,cat,1.0,,FHVLSLRDP,,False,False,3.0,1.0,1.0,3.0,2.0,1.0,6.0,1.0,1.0,True,False,True,True,False,False,2.0,both,2.3962522614630718e-05,4.4752941387072664e-06,5.477291150888417e-06,1.80583646344987e-05,1.39880681778443e-05,5.517119622187649e-06
172,single,tttccggttttatctttgagagatcca,1.0,ccg,1.0,,FPVLSLRDP,,False,False,3.0,1.0,1.0,1067.0,954.0,1108.0,1912.0,1622.0,1435.0,True,False,True,True,False,False,1.0,both,0.007636057206528988,0.007258927092983186,0.007859912801524878,0.006422758355003371,0.00667230852083173,0.006112968541383914
173,single,tttcgggttttatctttgagagatcca,1.0,cgg,1.0,,FRVLSLRDP,,False,False,3.0,1.0,1.0,2.0,1.0,1.0,4.0,5.0,1.0,True,False,True,True,False,False,2.0,both,1.5975015076420478e-05,2.2376470693536333e-05,5.477291150888417e-06,1.2038909756332467e-05,6.99403408892215e-06,5.517119622187649e-06
174,single,tttcgtgttttatctttgagagatcca,1.0,cgt,1.0,,FRVLSLRDP,,False,False,3.0,1.0,1.0,671.0,514.0,672.0,902.0,839.0,766.0,True,False,True,True,False,False,1.0,both,0.003602365899732818,0.0037547717823753967,0.004195605021580527,0.004039054223249542,0.0035949335217059846,0.0037075043861100995
175,single,tttctggttttatctttgagagatcca,1.0,ctg,1.0,,FLVLSLRDP,,False,False,2.0,0.0,1.0,204.0,157.0,260.0,326.0,284.0,266.0,True,False,True,True,False,False,1.0,both,0.001301963728728269,0.0012709835353928638,0.0014569594461363187,0.0012279687951459116,0.0010980633519607774,0.0014344511017687885
176,single,tttcttgttttatctttgagagatcca,1.0,ctt,1.0,,FLVLSLRDP,,False,False,2.0,0.0,1.0,1079.0,1056.0,1177.0,1549.0,1461.0,1182.0,True,False,True,True,False,False,1.0,both,0.00618632458834383,0.006538404736651317,0.006474158140350108,0.006494991813541366,0.00738569999790179,0.006493649795314862
177,single,tttgaggttttatctttgagagatcca,1.0,gag,1.0,,FEVLSLRDP,,False,False,3.0,1.0,1.0,563.0,474.0,538.0,731.0,658.0,538.0,True,False,True,True,False,False,1.0,both,0.0029194340052158423,0.0029447435432693814,0.002946782639177968,0.0033889530964075895,0.0033151721581490988,0.002968210356736955
178,single,tttgatgttttatctttgagagatcca,1.0,gat,1.0,,FDVLSLRDP,,False,False,3.0,1.0,1.0,2.0,3.0,2.0,2.0,6.0,8.0,True,False,True,True,False,False,2.0,both,7.987507538210239e-06,2.68517648322436e-05,4.3818329207107334e-05,1.2038909756332467e-05,2.098210226676645e-05,1.1034239244375297e-05
179,single,tttgcggttttatctttgagagatcca,1.0,gcg,1.0,,FAVLSLRDP,,False,False,3.0,1.0,1.0,4.0,6.0,8.0,7.0,16.0,8.0,True,False,True,True,False,False,2.0,both,2.795627638373584e-05,7.160470621931626e-05,4.3818329207107334e-05,2.4077819512664933e-05,4.19642045335329e-05,4.413695697750119e-05
180,single,tttgctgttttatctttgagagatcca,1.0,gct,1.0,,FAVLSLRDP,,False,False,3.0,1.0,1.0,178.0,120.0,138.0,200.0,217.0,180.0,True,False,True,True,False,False,1.0,both,0.0007987507538210239,0.0009711388280994769,0.000985912407159915,0.0010714629683135895,0.000839284090670658,0.0007613625078618955
181,single,tttggggttttatctttgagagatcca,1.0,ggg,1.0,,FGVLSLRDP,,False,False,3.0,1.0,1.0,881.0,653.0,869.0,1209.0,1108.0,921.0,True,False,True,True,False,False,1.0,both,0.004828448306848089,0.004958625905687651,0.005044585149968232,0.005303139747664451,0.004567104260066164,0.004794376951681066
182,single,tttggtgttttatctttgagagatcca,1.0,ggt,1.0,,FGVLSLRDP,,False,False,3.0,1.0,1.0,505.0,440.0,556.0,816.0,773.0,535.0,True,False,True,True,False,False,1.0,both,0.0032589030755897776,0.0034594023692207172,0.002930350765725303,0.003039824713473948,0.0030773749991257456,0.0030675185099363323
183,single,tttgtggttttatctttgagagatcca,1.0,gtg,1.0,,FVVLSLRDP,,False,False,2.0,1.0,1.0,1269.0,1342.0,1287.0,2041.0,1989.0,1520.0,True,False,True,True,False,False,1.0,both,0.008151251442743548,0.008901360041888753,0.008325482549350394,0.00763868824039295,0.009385993747333524,0.007100532953755503
184,single,tttgttgttttatctttgagagatcca,1.0,gtt,1.0,,FVVLSLRDP,,False,False,2.0,1.0,1.0,7.0,5.0,6.0,4.0,7.0,6.0,True,False,True,True,False,False,2.0,both,1.5975015076420478e-05,3.1327058970950864e-05,3.28637469053305e-05,4.2136184147163634e-05,3.497017044461075e-05,3.310271773312589e-05
185,single,ttttatgttttatctttgagagatcca,1.0,tat,1.0,,FYVLSLRDP,,False,False,2.0,1.0,1.0,150.0,209.0,167.0,334.0,284.0,238.0,True,False,True,True,False,False,1.0,both,0.00133391375888111,0.0012709835353928638,0.0013035952939114432,0.000902918231724935,0.0014617531245847291,0.0009213589769053373
186,single,ttttcggttttatctttgagagatcca,1.0,tcg,1.0,,FSVLSLRDP,,False,False,2.0,1.0,1.0,656.0,607.0,736.0,1131.0,1007.0,795.0,True,False,True,True,False,False,1.0,both,0.00451693551285789,0.004506621197678217,0.004354446464956291,0.003948762400077049,0.004245378691975745,0.004060600041930109
187,single,ttttctgttttatctttgagagatcca,1.0,tct,1.0,,FSVLSLRDP,,False,False,2.0,1.0,1.0,17.0,27.0,14.0,28.0,60.0,43.0,True,False,True,True,False,False,1.0,both,0.00011182510553494335,0.000268517648322436,0.00023552351948820193,0.00010233073292882597,0.00018883892040089803,7.723967471062707e-05
188,single,ttttgggttttatctttgagagatcca,1.0,tgg,1.0,,FWVLSLRDP,,False,False,2.0,1.0,1.0,3.0,2.0,3.0,5.0,5.0,6.0,True,False,True,True,False,False,2.0,both,1.9968768845525598e-05,2.2376470693536333e-05,3.28637469053305e-05,1.80583646344987e-05,1.39880681778443e-05,1.6551358866562946e-05
189,single,ttttgtgttttatctttgagagatcca,1.0,tgt,1.0,,FCVLSLRDP,,False,False,2.0,1.0,1.0,1630.0,1521.0,1917.0,2497.0,2346.0,1868.0,True,False,True,True,False,False,1.0,both,0.009972403161455484,0.010499040049407247,0.010231579869859562,0.00981171145141096,0.01063792584925059,0.010576318315733722
190,single,tttttaaagttatctttgagagatcca,2.0,aag,1.0,,FLKLSLRDP,,False,False,3.0,1.0,1.0,480.0,427.0,555.0,897.0,809.0,669.0,True,False,True,True,False,False,1.0,both,0.003582397130887292,0.003620512958214179,0.0036643077799443508,0.002889338341519792,0.0029864525559697578,0.0030620013903141447
191,single,tttttaaatttatctttgagagatcca,2.0,aat,1.0,,FLNLSLRDP,,False,False,2.0,1.0,1.0,1048.0,791.0,1208.0,1531.0,1343.0,1113.0,True,False,True,True,False,False,1.0,both,0.006114437020499938,0.006010320028283859,0.006096225050938808,0.006308388712318212,0.00553228096433742,0.006664680503602679
192,single,tttttaactttatctttgagagatcca,2.0,act,1.0,,FLTLSLRDP,,False,False,2.0,1.0,1.0,3.0,4.0,1.0,6.0,4.0,5.0,True,False,True,True,False,False,2.0,both,2.3962522614630718e-05,1.7901176554829066e-05,2.7386455754442085e-05,1.80583646344987e-05,2.79761363556886e-05,5.517119622187649e-06
193,single,tttttaaggttatctttgagagatcca,2.0,agg,1.0,,FLRLSLRDP,,False,False,3.0,1.0,1.0,20.0,20.0,19.0,39.0,30.0,11.0,True,False,True,True,False,False,1.0,both,0.00015575639699509967,0.000134258824161218,6.0250202659772584e-05,0.00012038909756332466,0.000139880681778443,0.00010482527282156532
194,single,tttttaagtttatctttgagagatcca,2.0,agt,1.0,,FLSLSLRDP,,False,False,2.0,1.0,1.0,466.0,380.0,548.0,700.0,611.0,501.0,True,False,True,True,False,False,1.0,both,0.0027956276383735838,0.00273440471875014,0.0027441228665950968,0.002805065973225465,0.0026577329537904168,0.0030233815529588314
195,single,tttttaatgttatctttgagagatcca,2.0,atg,1.0,,FLMLSLRDP,,False,False,2.0,1.0,1.0,722.0,556.0,756.0,940.0,807.0,691.0,True,False,True,True,False,False,1.0,both,0.0037541285429588123,0.003611562369936764,0.003784808185263896,0.004346046422036021,0.003888682953440715,0.004170942434373862
196,single,tttttaattttatctttgagagatcca,2.0,att,1.0,,FLILSLRDP,,False,False,1.0,1.0,1.0,1233.0,1014.0,1375.0,1882.0,1537.0,1306.0,True,False,True,True,False,False,1.0,both,0.007516244593455835,0.0068785270911930685,0.0071533422430602725,0.007421987864778966,0.00709195056616706,0.007586039480508016
197,single,tttttacagttatctttgagagatcca,2.0,cag,1.0,,FLQLSLRDP,,False,False,3.0,1.0,1.0,3210.0,2706.0,3528.0,4605.0,4002.0,3415.0,True,False,True,True,False,False,1.0,both,0.018391236106729075,0.01791012714310648,0.018704949280283944,0.01932245015891361,0.018925856244623337,0.019464398027078025
198,single,tttttacatttatctttgagagatcca,2.0,cat,1.0,,FLHLSLRDP,,False,False,2.0,1.0,1.0,4.0,1.0,1.0,2.0,5.0,1.0,True,False,True,True,False,False,2.0,both,7.987507538210239e-06,2.2376470693536333e-05,5.477291150888417e-06,2.4077819512664933e-05,6.99403408892215e-06,5.517119622187649e-06
199,single,tttttaccgttatctttgagagatcca,2.0,ccg,1.0,,FLPLSLRDP,,False,False,3.0,1.0,1.0,616.0,524.0,657.0,961.0,858.0,638.0,True,False,True,True,False,False,1.0,both,0.00383799737211002,0.0038398023710108347,0.0034945117542668097,0.0037079842049503996,0.003664873862595206,0.003624747591777285
200,single,tttttacctttatctttgagagatcca,2.0,cct,1.0,,FLPLSLRDP,,False,False,2.0,1.0,1.0,5.0,3.0,1.0,6.0,2.0,1.0,True,False,True,True,False,False,2.0,both,2.3962522614630718e-05,8.950588277414533e-06,5.477291150888417e-06,3.0097274390831166e-05,2.098210226676645e-05,5.517119622187649e-06
201,single,tttttacggttatctttgagagatcca,2.0,cgg,1.0,,FLRLSLRDP,,False,False,3.0,1.0,1.0,11.0,6.0,9.0,20.0,13.0,11.0,True,False,True,True,False,False,1.0,both,7.987507538210239e-05,5.817882380319447e-05,6.0250202659772584e-05,6.621400365982857e-05,4.19642045335329e-05,4.9654076599688834e-05
202,single,tttttactgttatctttgagagatcca,2.0,ctg,1.0,,FLLLSLRDP,,False,False,2.0,1.0,1.0,1855.0,1527.0,1906.0,2632.0,2258.0,1945.0,True,False,True,True,False,False,1.0,both,0.010511559920284675,0.010105214165201009,0.010653331288477971,0.011166088798998363,0.010679890053784122,0.010515629999889657
203,single,tttttacttttatctttgagagatcca,2.0,ctt,1.0,,FLLLSLRDP,,False,False,1.0,1.0,1.0,1.0,2.0,2.0,10.0,6.0,2.0,True,False,True,True,False,False,2.0,both,3.9937537691051196e-05,2.68517648322436e-05,1.0954582301776834e-05,6.019454878166233e-06,1.39880681778443e-05,1.1034239244375297e-05
204,single,tttttagagttatctttgagagatcca,2.0,gag,1.0,,FLELSLRDP,,False,False,2.0,1.0,1.0,145.0,170.0,211.0,242.0,267.0,243.0,True,False,True,True,False,False,1.0,both,0.0009664884121234389,0.0011949035350348402,0.0013309817496658853,0.0008728209573341039,0.0011889857951167654,0.0011641122402815938
205,single,tttttagatttatctttgagagatcca,2.0,gat,1.0,,FLDLSLRDP,,False,False,1.0,1.0,1.0,549.0,416.0,482.0,679.0,635.0,539.0,True,False,True,True,False,False,1.0,both,0.002711758809222376,0.0028418117780791142,0.0029522599303288565,0.003304680728113262,0.0029095181809916143,0.0026592516578944464
206,single,tttttagctttatctttgagagatcca,2.0,gct,1.0,,FLALSLRDP,,False,False,1.0,1.0,1.0,4.0,4.0,3.0,2.0,13.0,7.0,True,False,True,True,False,False,2.0,both,7.987507538210239e-06,5.817882380319447e-05,3.834103805621891e-05,2.4077819512664933e-05,2.79761363556886e-05,1.6551358866562946e-05
207,single,tttttagtgttatctttgagagatcca,2.0,gtg,1.0,,FLVLSLRDP,,False,False,1.0,0.0,1.0,168.0,147.0,175.0,206.0,234.0,186.0,True,False,True,True,False,False,1.0,both,0.0008227132764356546,0.0010472188284575005,0.0010187761540652455,0.0010112684195319273,0.001028123011071556,0.0009654959338828385
208,single,tttttagttaattctttgagagatcca,3.0,aat,1.0,,FLVNSLRDP,,False,False,3.0,1.0,1.0,4.0,1.0,3.0,2.0,10.0,15.0,True,False,True,True,False,False,2.0,both,7.987507538210239e-06,4.4752941387072666e-05,8.215936726332625e-05,2.4077819512664933e-05,6.99403408892215e-06,1.6551358866562946e-05
209,single,tttttagttacgtctttgagagatcca,3.0,acg,1.0,,FLVTSLRDP,,False,False,3.0,1.0,1.0,29.0,28.0,54.0,34.0,42.0,27.0,True,False,True,True,False,False,1.0,both,0.00013578762814957406,0.00018796235382570519,0.00014788686107398725,0.00017456419146682077,0.0001958329544898202,0.000297924459598133
210,single,tttttagttacttctttgagagatcca,3.0,act,1.0,,FLVTSLRDP,,False,False,3.0,1.0,1.0,495.0,436.0,562.0,743.0,679.0,534.0,True,False,True,True,False,False,1.0,both,0.002967359050445104,0.003038724720182234,0.0029248734745744146,0.0029796301646922855,0.0030493988627700573,0.0031006212276694584
211,single,tttttagttaggtctttgagagatcca,3.0,agg,1.0,,FLVRSLRDP,,False,False,3.0,1.0,1.0,1.0,1.0,1.0,2.0,1.0,5.0,True,False,True,True,False,False,2.0,both,7.987507538210239e-06,4.4752941387072664e-06,2.7386455754442085e-05,6.019454878166233e-06,6.99403408892215e-06,5.517119622187649e-06
212,single,tttttagttagttctttgagagatcca,3.0,agt,1.0,,FLVSSLRDP,,False,False,3.0,1.0,1.0,5.0,3.0,5.0,4.0,2.0,4.0,True,False,True,True,False,False,3.0,both,1.5975015076420478e-05,8.950588277414533e-06,2.1909164603553667e-05,3.0097274390831166e-05,2.098210226676645e-05,2.758559811093824e-05
213,single,tttttagttatgtctttgagagatcca,3.0,atg,1.0,,FLVMSLRDP,,False,False,2.0,1.0,1.0,1736.0,1445.0,1910.0,2348.0,2380.0,1853.0,True,False,True,True,False,False,1.0,both,0.00937733384985882,0.010651200050123294,0.010149420502596236,0.010449773668496582,0.010106379258492506,0.010537698478378408
214,single,tttttagttatttctttgagagatcca,3.0,att,1.0,,FLVISLRDP,,False,False,2.0,1.0,1.0,644.0,503.0,712.0,1002.0,841.0,752.0,True,False,True,True,False,False,1.0,both,0.004001741276643329,0.003763722370652811,0.004118922945468089,0.0038765289415390544,0.003517999146727841,0.003928189170997605
215,single,tttttagttcagtctttgagagatcca,3.0,cag,1.0,,FLVQSLRDP,,False,False,3.0,1.0,1.0,736.0,686.0,927.0,1149.0,1039.0,858.0,True,False,True,True,False,False,1.0,both,0.004588823080701783,0.00464983061011685,0.004699515807462262,0.004430318790330348,0.0047979073850005945,0.00511436988976795
216,single,tttttagttccttctttgagagatcca,3.0,cct,1.0,,FLVPSLRDP,,False,False,3.0,1.0,1.0,22.0,27.0,30.0,45.0,35.0,30.0,True,False,True,True,False,False,1.0,both,0.00017971891960973037,0.00015663529485475432,0.0001643187345266525,0.00013242800731965714,0.00018883892040089803,0.00016551358866562945
217,single,tttttagttcgttctttgagagatcca,3.0,cgt,1.0,,FLVRSLRDP,,False,False,3.0,1.0,1.0,1606.0,1375.0,1707.0,2366.0,2010.0,1612.0,True,False,True,True,False,False,1.0,both,0.009449221417702713,0.008995341218801606,0.008829393335232128,0.00966724453433497,0.009616796872267956,0.009417723195074315
218,single,tttttagttctgtctttgagagatcca,3.0,ctg,1.0,,FLVLSLRDP,,False,False,2.0,0.0,1.0,954.0,819.0,1008.0,1453.0,1276.0,1050.0,True,False,True,True,False,False,1.0,both,0.005802924226509739,0.0057104753209904725,0.0057511557084328375,0.005742559953770586,0.00572811391882724,0.0055612565791651495
219,single,tttttagttctttctttgagagatcca,3.0,ctt,1.0,,FLVLSLRDP,,False,False,2.0,0.0,1.0,922.0,800.0,972.0,1329.0,1277.0,1060.0,True,False,True,True,False,False,1.0,both,0.005307698759140704,0.005714950615129179,0.005805928619941721,0.005549937397669267,0.005595227271137719,0.005362640272766394
220,single,tttttagttgattctttgagagatcca,3.0,gat,1.0,,FLVDSLRDP,,False,False,3.0,1.0,1.0,877.0,655.0,790.0,1169.0,1017.0,850.0,True,False,True,True,False,False,1.0,both,0.004668698156083885,0.00455137413906529,0.0046556974782551545,0.005279061928151786,0.004581092328244008,0.0043585245015282425
221,single,tttttagttgcgtctttgagagatcca,3.0,gcg,1.0,,FLVASLRDP,,False,False,3.0,1.0,1.0,1.0,1.0,1.0,1.0,7.0,2.0,True,False,True,True,False,False,2.0,both,3.9937537691051194e-06,3.1327058970950864e-05,1.0954582301776834e-05,6.019454878166233e-06,6.99403408892215e-06,5.517119622187649e-06
222,single,tttttagttgtgtctttgagagatcca,3.0,gtg,1.0,,FLVVSLRDP,,False,False,2.0,1.0,1.0,11.0,18.0,15.0,35.0,26.0,19.0,True,False,True,True,False,False,1.0,both,0.00013978138191867917,0.00011635764760638894,0.00010406853186687992,6.621400365982857e-05,0.0001258926136005987,8.275679433281473e-05
223,single,tttttagtttagtctttgagagatcca,3.0,tag,1.0,,FLV*SLRDP,,True,False,2.0,1.0,1.0,28.0,20.0,28.0,73.0,71.0,66.0,True,False,True,True,False,False,1.0,both,0.00029154402514467375,0.00031774588384821594,0.0003615012159586355,0.00016854473658865454,0.000139880681778443,0.00015447934942125415
224,single,tttttagtttattctttgagagatcca,3.0,tat,1.0,,FLVYSLRDP,,False,False,2.0,1.0,1.0,47.0,55.0,46.0,35.0,53.0,43.0,True,False,True,True,False,False,1.0,both,0.00013978138191867917,0.00023719058935148512,0.00023552351948820193,0.000282914379273813,0.0003846718748907182,0.0002537875026206318
225,single,tttttagtttcttctttgagagatcca,3.0,tct,1.0,,FLVSSLRDP,,False,False,2.0,1.0,1.0,389.0,236.0,274.0,470.0,422.0,390.0,True,False,True,True,False,False,1.0,both,0.0018770642714794061,0.0018885741265344666,0.0021361435488464827,0.0023415679476066647,0.0016505920449856272,0.0015116907764794157
226,single,tttttagtttggtctttgagagatcca,3.0,tgg,1.0,,FLVWSLRDP,,False,False,2.0,1.0,1.0,7.0,8.0,8.0,1.0,18.0,15.0,True,False,True,True,False,False,2.0,both,3.9937537691051194e-06,8.05552944967308e-05,8.215936726332625e-05,4.2136184147163634e-05,5.59522727113772e-05,4.413695697750119e-05
227,single,tttttagttttaaagttgagagatcca,4.0,aag,1.0,,FLVLKLRDP,,False,False,3.0,1.0,1.0,233.0,199.0,257.0,294.0,277.0,248.0,True,False,True,True,False,False,1.0,both,0.0011741636081169051,0.0012396564764219128,0.0013583682054203272,0.0014025329866127324,0.0013918127836955077,0.0014178997429022257
228,single,tttttagttttaaatttgagagatcca,4.0,aat,1.0,,FLVLNLRDP,,False,False,2.0,1.0,1.0,1245.0,1096.0,1347.0,1799.0,1640.0,1360.0,True,False,True,True,False,False,1.0,both,0.00718476303062011,0.0073394823874799175,0.007449115965208247,0.007494221323316961,0.007665461361458676,0.007431560131086762
229,single,tttttagttttaacgttgagagatcca,4.0,acg,1.0,,FLVLTLRDP,,False,False,2.0,1.0,1.0,1082.0,975.0,1183.0,1746.0,1703.0,1333.0,True,False,True,True,False,False,1.0,both,0.0069730940808575385,0.007621425918218475,0.00730122910413426,0.006513050178175864,0.006819183236699096,0.006526752513047988
230,single,tttttagttttaactttgagagatcca,4.0,act,1.0,,FLVLTLRDP,,False,False,1.0,1.0,1.0,4.0,1.0,1.0,4.0,2.0,3.0,True,False,True,True,False,False,3.0,both,1.5975015076420478e-05,8.950588277414533e-06,1.643187345266525e-05,2.4077819512664933e-05,6.99403408892215e-06,5.517119622187649e-06
231,single,tttttagttttaaggttgagagatcca,4.0,agg,1.0,,FLVLRLRDP,,False,False,3.0,1.0,1.0,154.0,126.0,219.0,222.0,182.0,147.0,True,False,True,True,False,False,1.0,both,0.0008866133367413366,0.0008145035332447225,0.0008051617991805972,0.0009269960512375999,0.0008812482952041908,0.001208249197259095
232,single,tttttagttttaatgttgagagatcca,4.0,atg,1.0,,FLVLMLRDP,,False,False,3.0,1.0,1.0,1801.0,1585.0,1945.0,2674.0,2317.0,1960.0,True,False,True,True,False,False,1.0,both,0.01067929757858709,0.010369256519384737,0.010735490655741297,0.010841038235577386,0.011085544030941606,0.010730797665154976
233,single,tttttagttttaattttgagagatcca,4.0,att,1.0,,FLVLILRDP,,False,False,2.0,1.0,1.0,365.0,316.0,400.0,568.0,574.0,453.0,True,False,True,True,False,False,1.0,both,0.002268452140851708,0.002568818835617971,0.002481212891352453,0.002197101030530675,0.002210114772099399,0.0022068478488750593
234,single,tttttagttttacagttgagagatcca,4.0,cag,1.0,,FLVLQLRDP,,False,False,3.0,1.0,1.0,856.0,769.0,981.0,1385.0,1226.0,939.0,True,False,True,True,False,False,1.0,both,0.005531348970210591,0.0054867106140551085,0.005143176390684223,0.0051526533757102954,0.005378412214381133,0.005412294349366083
235,single,tttttagttttacatttgagagatcca,4.0,cat,1.0,,FLVLHLRDP,,False,False,2.0,1.0,1.0,3.0,2.0,3.0,4.0,5.0,4.0,True,False,True,True,False,False,2.0,both,1.5975015076420478e-05,2.2376470693536333e-05,2.1909164603553667e-05,1.80583646344987e-05,1.39880681778443e-05,1.6551358866562946e-05
236,single,tttttagttttaccgttgagagatcca,4.0,ccg,1.0,,FLVLPLRDP,,False,False,2.0,1.0,1.0,2.0,4.0,5.0,1.0,5.0,5.0,True,False,True,True,False,False,2.0,both,3.9937537691051194e-06,2.2376470693536333e-05,2.7386455754442085e-05,1.2038909756332467e-05,2.79761363556886e-05,2.758559811093824e-05
237,single,tttttagttttacctttgagagatcca,4.0,cct,1.0,,FLVLPLRDP,,False,False,1.0,1.0,1.0,1283.0,1052.0,1423.0,1765.0,1539.0,1330.0,True,False,True,True,False,False,1.0,both,0.007048975402470536,0.006887477679470483,0.0072847972306815945,0.007722960608687277,0.007357723861546101,0.007850861222373023
238,single,tttttagttttacggttgagagatcca,4.0,cgg,1.0,,FLVLRLRDP,,False,False,3.0,1.0,1.0,1538.0,1283.0,1525.0,2179.0,1925.0,1491.0,True,False,True,True,False,False,1.0,both,0.008702389462880055,0.008614941217011488,0.008166641105974629,0.009257921602619667,0.008973345736087117,0.008413607423836164
239,single,tttttagttttacgtttgagagatcca,4.0,cgt,1.0,,FLVLRLRDP,,False,False,2.0,1.0,1.0,652.0,631.0,658.0,893.0,834.0,651.0,True,False,True,True,False,False,1.0,both,0.003566422115810872,0.0037323953116818603,0.003565716539228359,0.003924684580564384,0.004413235510109876,0.0036302647113994726
240,single,tttttagttttactgttgagagatcca,4.0,ctg,1.0,,FLVLLLRDP,,False,False,3.0,1.0,1.0,895.0,772.0,843.0,1301.0,1097.0,882.0,True,False,True,True,False,False,1.0,both,0.005195873653605761,0.0049093976701618715,0.004830970795083584,0.0053874121159587784,0.005399394316647899,0.004650931841504187
241,single,tttttagttttacttttgagagatcca,4.0,ctt,1.0,,FLVLLLRDP,,False,False,2.0,1.0,1.0,763.0,702.0,795.0,1268.0,1100.0,964.0,True,False,True,True,False,False,1.0,both,0.005064079779225292,0.0049228235525779936,0.005280108669456433,0.004592844072040836,0.004909811930423349,0.00438611009963918
242,single,tttttagttttagagttgagagatcca,4.0,gag,1.0,,FLVLELRDP,,False,False,3.0,1.0,1.0,3.0,8.0,4.0,3.0,6.0,12.0,True,False,True,True,False,False,2.0,both,1.1981261307315359e-05,2.68517648322436e-05,6.5727493810661e-05,1.80583646344987e-05,5.59522727113772e-05,2.2068478488750594e-05
243,single,tttttagttttagcgttgagagatcca,4.0,gcg,1.0,,FLVLALRDP,,False,False,2.0,1.0,1.0,297.0,294.0,337.0,430.0,334.0,283.0,True,False,True,True,False,False,1.0,both,0.0017173141207152015,0.001494748242328227,0.0015500733957014218,0.0017877780988153713,0.002056246022143112,0.0018592693126772374
244,single,tttttagttttagggttgagagatcca,4.0,ggg,1.0,,FLVLGLRDP,,False,False,3.0,1.0,1.0,2256.0,1921.0,2346.0,3207.0,2862.0,2302.0,True,False,True,True,False,False,1.0,both,0.012807968337520119,0.012808291824980196,0.012608724229345135,0.013579890205143023,0.013435539484819448,0.012943162633652222
245,single,tttttagttttagtgttgagagatcca,4.0,gtg,1.0,,FLVLVLRDP,,False,False,3.0,1.0,1.0,1359.0,1257.0,1648.0,2210.0,2067.0,1636.0,True,False,True,True,False,False,1.0,both,0.008826195829722314,0.00925043298470792,0.00896084832285345,0.008180439179427911,0.008791500849775142,0.009092213137365244
246,single,tttttagttttagttttgagagatcca,4.0,gtt,1.0,,FLVLVLRDP,,False,False,2.0,1.0,1.0,2315.0,2152.0,2625.0,3566.0,3337.0,2675.0,True,False,True,True,False,False,1.0,both,0.014241725940628856,0.014934056540866148,0.014651753828626515,0.01393503804295483,0.015051161359360465,0.014482439008242576
247,single,tttttagttttatagttgagagatcca,4.0,tag,1.0,,FLVL*LRDP,,True,False,2.0,1.0,1.0,2.0,2.0,2.0,1.0,4.0,1.0,True,False,True,True,False,False,3.0,both,3.9937537691051194e-06,1.7901176554829066e-05,5.477291150888417e-06,1.2038909756332467e-05,1.39880681778443e-05,1.1034239244375297e-05
248,single,tttttagttttatatttgagagatcca,4.0,tat,1.0,,FLVLYLRDP,,False,False,1.0,1.0,1.0,57.0,28.0,47.0,80.0,48.0,68.0,True,False,True,True,False,False,1.0,both,0.00031950030152840957,0.0002148141186579488,0.0003724557982604123,0.0003431089280554753,0.0001958329544898202,0.00025930462224281947
249,single,tttttagttttatcgttgagagatcca,4.0,tcg,1.0,,FLVLSLRDP,,False,False,1.0,0.0,1.0,907.0,920.0,955.0,1366.0,1249.0,1024.0,True,False,True,True,False,False,1.0,both,0.0054554676485975935,0.005589642379245376,0.005608746138509739,0.005459645574496774,0.006434511361808377,0.005268849239189204
250,single,tttttagttttatctaatagagatcca,5.0,aat,1.0,,FLVLSNRDP,,False,False,3.0,1.0,1.0,482.0,452.0,501.0,812.0,681.0,556.0,True,False,True,True,False,False,1.0,both,0.0032429280605133573,0.0030476753084596486,0.0030453738798939594,0.0029013772512761246,0.0031613034081928114,0.002764076930716012
251,single,tttttagttttatctacgagagatcca,5.0,acg,1.0,,FLVLSTRDP,,False,False,2.0,1.0,1.0,467.0,430.0,540.0,696.0,675.0,559.0,True,False,True,True,False,False,1.0,both,0.002779652623297163,0.003020823543627405,0.003061805753346625,0.0028110854281036307,0.003007434658236524,0.00297924459598133
252,single,tttttagttttatctaggagagatcca,5.0,agg,1.0,,FLVLSRRDP,,False,False,2.0,1.0,1.0,207.0,170.0,258.0,320.0,296.0,220.0,True,False,True,True,False,False,1.0,both,0.0012780012061136383,0.001324687065057351,0.0012050040531954517,0.0012460271597804103,0.0011889857951167654,0.0014234168625244133
253,single,tttttagttttatctagtagagatcca,5.0,agt,1.0,,FLVLSSRDP,,False,False,3.0,1.0,1.0,4.0,5.0,1.0,8.0,5.0,3.0,True,False,True,True,False,False,2.0,both,3.1950030152840955e-05,2.2376470693536333e-05,1.643187345266525e-05,2.4077819512664933e-05,3.497017044461075e-05,5.517119622187649e-06
254,single,tttttagttttatctatgagagatcca,5.0,atg,1.0,,FLVLSMRDP,,False,False,1.0,1.0,1.0,1577.0,1355.0,1634.0,2354.0,2144.0,1808.0,True,False,True,True,False,False,1.0,both,0.009401296372473451,0.009595030633388379,0.009902942400806258,0.00949268034286815,0.009476916190489513,0.009014973462654617
255,single,tttttagttttatctattagagatcca,5.0,att,1.0,,FLVLSIRDP,,False,False,2.0,1.0,1.0,1120.0,938.0,1312.0,1772.0,1486.0,1093.0,True,False,True,True,False,False,1.0,both,0.007076931678854272,0.006650287090118998,0.00598667922792104,0.006741789463546181,0.006560403975408976,0.007238460944310195
256,single,tttttagttttatctcagagagatcca,5.0,cag,1.0,,FLVLSQRDP,,False,False,2.0,1.0,1.0,15.0,14.0,11.0,9.0,15.0,9.0,True,False,True,True,False,False,2.0,both,3.594378392194608e-05,6.7129412080609e-05,4.929562035799575e-05,9.02918231724935e-05,9.79164772449101e-05,6.068831584406413e-05
257,single,tttttagttttatctcatagagatcca,5.0,cat,1.0,,FLVLSHRDP,,False,False,3.0,1.0,1.0,3025.0,2395.0,3203.0,4385.0,3901.0,3168.0,True,False,True,True,False,False,1.0,both,0.017512610277525948,0.017458122435097048,0.017352058366014503,0.018208851006452857,0.016750711642968548,0.017671334149867036
258,single,tttttagttttatctccgagagatcca,5.0,ccg,1.0,,FLVLSPRDP,,False,False,2.0,1.0,1.0,1222.0,993.0,1250.0,1843.0,1786.0,1329.0,True,False,True,True,False,False,1.0,both,0.007360488196460736,0.007992875331731177,0.007279319939530706,0.007355773861119137,0.006945075850299695,0.00689639952773456
259,single,tttttagttttatctcctagagatcca,5.0,cct,1.0,,FLVLSPRDP,,False,False,3.0,1.0,1.0,82.0,64.0,92.0,151.0,131.0,138.0,True,False,True,True,False,False,1.0,both,0.000603056819134873,0.0005862635321706519,0.0007558661788226015,0.0004935953000096312,0.0004476181816910176,0.0005075750052412636
260,single,tttttagttttatctcggagagatcca,5.0,cgg,1.0,,FLVLSRRDP,,False,False,2.0,1.0,1.0,294.0,269.0,293.0,443.0,374.0,321.0,True,False,True,True,False,False,1.0,both,0.001769232919713568,0.0016737600078765176,0.0017582104594351818,0.0017697197341808727,0.0018813951699200582,0.001616516049300981
261,single,tttttagttttatctcgtagagatcca,5.0,cgt,1.0,,FLVLSRRDP,,False,False,3.0,1.0,1.0,368.0,288.0,392.0,422.0,276.0,263.0,True,False,True,True,False,False,1.0,both,0.0016853640905623605,0.0012351811822832056,0.0014405275726836536,0.002215159395165174,0.002014281817609579,0.002162710891897558
262,single,tttttagttttatctctgagagatcca,5.0,ctg,1.0,,FLVLSLRDP,,False,False,1.0,0.0,1.0,481.0,454.0,589.0,802.0,631.0,581.0,True,False,True,True,False,False,1.0,both,0.003202990522822306,0.002823910601524285,0.0031823061586661702,0.0028953577963979583,0.003175291476370656,0.0032495834574685248
263,single,tttttagttttatctcttagagatcca,5.0,ctt,1.0,,FLVLSLRDP,,False,False,2.0,0.0,1.0,935.0,835.0,1082.0,1622.0,1555.0,1146.0,True,False,True,True,False,False,1.0,both,0.006477868613488504,0.0069590823856898,0.0062769756589181255,0.005628190311085428,0.005840018464249995,0.005969523431207035
264,single,tttttagttttatctgatagagatcca,5.0,gat,1.0,,FLVLSDRDP,,False,False,3.0,1.0,1.0,993.0,755.0,1034.0,1371.0,1141.0,956.0,True,False,True,True,False,False,1.0,both,0.005475436417443119,0.0051063106122649915,0.005236290340249326,0.005977318694019069,0.005280495737136223,0.005704701689342028
265,single,tttttagttttatctgcgagagatcca,5.0,gcg,1.0,,FLVLSARDP,,False,False,2.0,1.0,1.0,1369.0,1245.0,1525.0,2051.0,1842.0,1527.0,True,False,True,True,False,False,1.0,both,0.0081911889804346,0.008243491803498785,0.008363823587406612,0.008240633728209573,0.008707572440708076,0.008413607423836164
266,single,tttttagttttatctgctagagatcca,5.0,gct,1.0,,FLVLSARDP,,False,False,3.0,1.0,1.0,649.0,555.0,717.0,944.0,809.0,688.0,True,False,True,True,False,False,1.0,both,0.003770103558035233,0.003620512958214179,0.003768376311811231,0.003906626215929886,0.003881688919351793,0.003955774769108544
267,single,tttttagttttatctgtgagagatcca,5.0,gtg,1.0,,FLVLSVRDP,,False,False,1.0,1.0,1.0,226.0,161.0,196.0,266.0,214.0,189.0,True,False,True,True,False,False,1.0,both,0.0010623385025819619,0.0009577129456833551,0.0010352080275179108,0.0013603968024655686,0.0011260394883164662,0.001081355445948779
268,single,tttttagttttatctgttagagatcca,5.0,gtt,1.0,,FLVLSVRDP,,False,False,2.0,1.0,1.0,227.0,209.0,289.0,376.0,356.0,287.0,True,False,True,True,False,False,1.0,both,0.001501651417183525,0.0015932047133797869,0.0015719825603049756,0.001366416257343735,0.0014617531245847291,0.0015944475708122303
269,single,tttttagttttatcttagagagatcca,5.0,tag,1.0,,FLVLS*RDP,,True,False,1.0,1.0,1.0,121.0,142.0,165.0,494.0,417.0,370.0,True,False,True,True,False,False,1.0,both,0.001972914361937929,0.0018661976558409302,0.002026597725828714,0.0007283540402581142,0.0009931528406269452,0.0009103247376609619
270,single,tttttagttttatcttatagagatcca,5.0,tat,1.0,,FLVLSYRDP,,False,False,2.0,1.0,1.0,359.0,302.0,403.0,555.0,541.0,375.0,True,False,True,True,False,False,1.0,both,0.0022165333418533413,0.002421134129040631,0.002053984181583156,0.002160984301261678,0.002112198294854489,0.002223399207741622
271,single,tttttagttttatcttcgagagatcca,5.0,tcg,1.0,,FLVLSSRDP,,False,False,1.0,1.0,1.0,1.0,2.0,1.0,3.0,4.0,2.0,True,False,True,True,False,False,3.0,both,1.1981261307315359e-05,1.7901176554829066e-05,1.0954582301776834e-05,6.019454878166233e-06,1.39880681778443e-05,5.517119622187649e-06
272,single,tttttagttttatcttctagagatcca,5.0,tct,1.0,,FLVLSSRDP,,False,False,2.0,1.0,1.0,908.0,793.0,1068.0,1379.0,1264.0,1085.0,True,False,True,True,False,False,1.0,both,0.00550738644759596,0.005656771791325985,0.005942860898713932,0.00546566502937494,0.005546269032515264,0.005892283756496408
273,single,tttttagttttatctttgaaggatcca,6.0,aag,1.0,,FLVLSLKDP,,False,False,2.0,1.0,1.0,270.0,212.0,275.0,347.0,321.0,292.0,True,False,True,True,False,False,1.0,both,0.0013858325578794766,0.0014365694185250325,0.0015993690160594177,0.0016252528171048829,0.0014827352268514957,0.0015172078961016033
274,single,tttttagttttatctttgaatgatcca,6.0,aat,1.0,,FLVLSLNDP,,False,False,2.0,1.0,1.0,328.0,276.0,302.0,526.0,389.0,366.0,True,False,True,True,False,False,1.0,both,0.002100714482549293,0.0017408894199571266,0.0020046885612251607,0.0019743812000385247,0.0019303534085425133,0.0016661701259006697
275,single,tttttagttttatctttgacggatcca,6.0,acg,1.0,,FLVLSLTDP,,False,False,2.0,1.0,1.0,1153.0,1095.0,1243.0,1732.0,1734.0,1271.0,True,False,True,True,False,False,1.0,both,0.006917181528090067,0.007760160036518401,0.006961637052779177,0.0069404314745256665,0.007658467327369753,0.0068577796903792464
276,single,tttttagttttatctttgactgatcca,6.0,act,1.0,,FLVLSLTDP,,False,False,2.0,1.0,1.0,938.0,752.0,891.0,1454.0,1210.0,1004.0,True,False,True,True,False,False,1.0,both,0.005806917980278844,0.005415105907835793,0.00549920031549197,0.005646248675719927,0.005259513634869456,0.004915753583369194
277,single,tttttagttttatctttgagaaagcca,7.0,aag,1.0,,FLVLSLRKP,,False,False,2.0,1.0,1.0,1.0,2.0,2.0,3.0,7.0,9.0,True,False,True,True,False,False,2.0,both,1.1981261307315359e-05,3.1327058970950864e-05,4.929562035799575e-05,6.019454878166233e-06,1.39880681778443e-05,1.1034239244375297e-05
278,single,tttttagttttatctttgagaaatcca,7.0,aat,1.0,,FLVLSLRNP,,False,False,1.0,1.0,1.0,426.0,333.0,506.0,672.0,549.0,468.0,True,False,True,True,False,False,1.0,both,0.0026838025328386403,0.002456936482150289,0.002563372258615779,0.0025642877780988156,0.0023290133516110758,0.00279166252882695
279,single,tttttagttttatctttgagaacgcca,7.0,acg,1.0,,FLVLSLRTP,,False,False,3.0,1.0,1.0,4.0,1.0,1.0,5.0,4.0,5.0,True,False,True,True,False,False,2.0,both,1.9968768845525598e-05,1.7901176554829066e-05,2.7386455754442085e-05,2.4077819512664933e-05,6.99403408892215e-06,5.517119622187649e-06
280,single,tttttagttttatctttgagaactcca,7.0,act,1.0,,FLVLSLRTP,,False,False,2.0,1.0,1.0,1070.0,982.0,1270.0,1610.0,1435.0,1176.0,True,False,True,True,False,False,1.0,both,0.006429943568259242,0.006422047089044928,0.006441294393444778,0.0064408167196378695,0.006868141475321551,0.007006741920178313
281,single,tttttagttttatctttgagaaggcca,7.0,agg,1.0,,FLVLSLRRP,,False,False,3.0,1.0,1.0,2071.0,1682.0,2239.0,2847.0,2648.0,2217.0,True,False,True,True,False,False,1.0,both,0.011370216980642275,0.011850578879296842,0.012143154481519619,0.01246629105268227,0.011763965337567055,0.012352830834078144
282,single,tttttagttttatctttgagaagtcca,7.0,agt,1.0,,FLVLSLRSP,,False,False,2.0,1.0,1.0,2.0,1.0,1.0,2.0,5.0,4.0,True,False,True,True,False,False,2.0,both,7.987507538210239e-06,2.2376470693536333e-05,2.1909164603553667e-05,1.2038909756332467e-05,6.99403408892215e-06,5.517119622187649e-06
283,single,tttttagttttatctttgagaatgcca,7.0,atg,1.0,,FLVLSLRMP,,False,False,3.0,1.0,1.0,37.0,25.0,47.0,37.0,44.0,45.0,True,False,True,True,False,False,1.0,both,0.00014776888945688943,0.00019691294210311973,0.00024647810178997874,0.00022271983049215063,0.00017485085222305373,0.00025930462224281947
284,single,tttttagttttatctttgagaattcca,7.0,att,1.0,,FLVLSLRIP,,False,False,2.0,1.0,1.0,1.0,1.0,1.0,4.0,6.0,4.0,True,False,True,True,False,False,2.0,both,1.5975015076420478e-05,2.68517648322436e-05,2.1909164603553667e-05,6.019454878166233e-06,6.99403408892215e-06,5.517119622187649e-06
285,single,tttttagttttatctttgagacagcca,7.0,cag,1.0,,FLVLSLRQP,,False,False,2.0,1.0,1.0,1542.0,1380.0,1764.0,2262.0,2069.0,1616.0,True,False,True,True,False,False,1.0,both,0.00903387102571578,0.009259383572985334,0.008851302499835682,0.009281999422132332,0.009651767042712566,0.009732199013539012
286,single,tttttagttttatctttgagacatcca,7.0,cat,1.0,,FLVLSLRHP,,False,False,1.0,1.0,1.0,278.0,241.0,303.0,427.0,375.0,329.0,True,False,True,True,False,False,1.0,both,0.0017053328594078862,0.001678235302015225,0.001802028788642289,0.001673408456130213,0.001685562215430238,0.0016716872455228575
287,single,tttttagttttatctttgagaccgcca,7.0,ccg,1.0,,FLVLSLRPP,,False,False,3.0,1.0,1.0,1621.0,1404.0,1723.0,2162.0,1968.0,1648.0,True,False,True,True,False,False,1.0,both,0.008634495648805269,0.008807378864975901,0.00902657581666411,0.009757536357507464,0.009819623860846697,0.009505997109029317
288,single,tttttagttttatctttgagacctcca,7.0,cct,1.0,,FLVLSLRPP,,False,False,2.0,1.0,1.0,107.0,89.0,107.0,171.0,118.0,111.0,True,False,True,True,False,False,1.0,both,0.0006829318945169755,0.0005280847083674574,0.0006079793177486142,0.0006440816719637869,0.0006224690339140713,0.0005903317995740783
289,single,tttttagttttatctttgagacgtcca,7.0,cgt,1.0,,FLVLSLRRP,,False,False,2.0,1.0,1.0,703.0,570.0,776.0,988.0,792.0,669.0,True,False,True,True,False,False,1.0,both,0.003945828723875858,0.003544432957856155,0.0036643077799443508,0.004231676779350862,0.003986599430685626,0.004281284826817615
290,single,tttttagttttatctttgagactgcca,7.0,ctg,1.0,,FLVLSLRLP,,False,False,3.0,1.0,1.0,1886.0,1775.0,2167.0,2816.0,2573.0,2158.0,True,False,True,True,False,False,1.0,both,0.011246410613800016,0.011514931818893797,0.011819994303617203,0.011352691900221515,0.012414410507836815,0.011955598221280634
291,single,tttttagttttatctttgagacttcca,7.0,ctt,1.0,,FLVLSLRLP,,False,False,2.0,1.0,1.0,570.0,571.0,721.0,896.0,843.0,640.0,True,False,True,True,False,False,1.0,both,0.0035784033771181873,0.0037726729589302255,0.003505466336568587,0.003431089280554753,0.003993593464774547,0.003977843247597294
292,single,tttttagttttatctttgagagagcca,7.0,gag,1.0,,FLVLSLREP,,False,False,1.0,1.0,1.0,1119.0,1023.0,1233.0,1857.0,1686.0,1247.0,True,False,True,True,False,False,1.0,both,0.007416400749228207,0.007545345917860451,0.006830182065157855,0.006735770008668015,0.007154896872967359,0.00680260849415737
293,single,tttttagttttatctttgagagataag,8.0,aag,1.0,,FLVLSLRDK,,False,False,3.0,1.0,1.0,140.0,134.0,136.0,227.0,217.0,140.0,True,False,True,True,False,False,1.0,both,0.0009065821055868621,0.0009711388280994769,0.0007668207611243783,0.0008427236829432727,0.000937200567915568,0.0007503282686175201
294,single,tttttagttttatctttgagagataat,8.0,aat,1.0,,FLVLSLRDN,,False,False,3.0,1.0,1.0,1314.0,1015.0,1471.0,2147.0,1764.0,1495.0,True,False,True,True,False,False,1.0,both,0.008574589342268691,0.007894418860679618,0.008188550270578182,0.00790956370991043,0.0070989446002559815,0.00811568296423803
295,single,tttttagttttatctttgagagatacg,8.0,acg,1.0,,FLVLSLRDT,,False,False,2.0,1.0,1.0,470.0,419.0,533.0,687.0,671.0,507.0,True,False,True,True,False,False,1.0,both,0.002743708839375217,0.0030029223670725758,0.002776986613500427,0.0028291437927381296,0.0029305002832583807,0.0029406247586260164
296,single,tttttagttttatctttgagagatact,8.0,act,1.0,,FLVLSLRDT,,False,False,2.0,1.0,1.0,469.0,446.0,528.0,758.0,699.0,556.0,True,False,True,True,False,False,1.0,both,0.0030272653569816807,0.0031282306029563793,0.0030453738798939594,0.0028231243378599633,0.0031193392036592787,0.0029130391605150783
297,single,tttttagttttatctttgagagatagg,8.0,agg,1.0,,FLVLSLRDR,,False,False,3.0,1.0,1.0,1478.0,1175.0,1530.0,2051.0,1692.0,1470.0,True,False,True,True,False,False,1.0,both,0.0081911889804346,0.007572197682692695,0.008051617991805973,0.008896754309929693,0.008217990054483525,0.008441193021947102
298,single,tttttagttttatctttgagagatagt,8.0,agt,1.0,,FLVLSLRDS,,False,False,3.0,1.0,1.0,2.0,1.0,2.0,4.0,4.0,4.0,True,False,True,True,False,False,3.0,both,1.5975015076420478e-05,1.7901176554829066e-05,2.1909164603553667e-05,1.2038909756332467e-05,6.99403408892215e-06,1.1034239244375297e-05
299,single,tttttagttttatctttgagagatatg,8.0,atg,1.0,,FLVLSLRDM,,False,False,3.0,1.0,1.0,1580.0,1282.0,1623.0,2327.0,1996.0,1698.0,True,False,True,True,False,False,1.0,both,0.009293465020707613,0.008932687100859704,0.00930044037420853,0.009510738707502648,0.008966351701998195,0.008954285146810553
300,single,tttttagttttatctttgagagatatt,8.0,att,1.0,,FLVLSLRDI,,False,False,3.0,1.0,1.0,1076.0,834.0,1287.0,1856.0,1540.0,1282.0,True,False,True,True,False,False,1.0,both,0.007412406995459102,0.0068919529736091905,0.0070218872554389505,0.006476933448906867,0.005833024430161073,0.007100532953755503
301,single,tttttagttttatctttgagagatcag,8.0,cag,1.0,,FLVLSLRDQ,,False,False,2.0,1.0,1.0,1.0,2.0,2.0,2.0,3.0,4.0,True,False,True,True,False,False,3.0,both,7.987507538210239e-06,1.34258824161218e-05,2.1909164603553667e-05,6.019454878166233e-06,1.39880681778443e-05,1.1034239244375297e-05
302,single,tttttagttttatctttgagagatcat,8.0,cat,1.0,,FLVLSLRDH,,False,False,2.0,1.0,1.0,3.0,4.0,2.0,19.0,9.0,4.0,True,False,True,True,False,False,2.0,both,7.588132161299728e-05,4.02776472483654e-05,2.1909164603553667e-05,1.80583646344987e-05,2.79761363556886e-05,1.1034239244375297e-05
303,WT,tttttagttttatctttgagagatcca,,,,,FLVLSLRDP,True,False,False,0.0,0.0,0.0,3390.0,3007.0,3967.0,5267.0,4685.0,3880.0,True,False,True,True,False,False,1.0,both,0.021035101101876664,0.020966753039843543,0.021251889665447058,0.020405952036983532,0.0210310605053889,0.0218864135412184
304,single,tttttagttttatctttgagagatccg,8.0,ccg,1.0,,FLVLSLRDP,,False,False,1.0,0.0,1.0,1200.0,1015.0,1455.0,1787.0,1669.0,1347.0,True,False,True,True,False,False,1.0,both,0.007136837985390849,0.0074692659175024274,0.007377911180246697,0.00722334585379948,0.0070989446002559815,0.008027409050283029
305,single,tttttagttttatctttgagagatcct,8.0,cct,1.0,,FLVLSLRDP,,False,False,1.0,0.0,1.0,713.0,679.0,907.0,1108.0,1136.0,842.0,True,False,True,True,False,False,1.0,both,0.004425079176168472,0.005083934141571455,0.004611879149048047,0.004291871328132525,0.004748949146378139,0.005004027497324197
306,single,tttttagttttatctttgagagatcgg,8.0,cgg,1.0,,FLVLSLRDR,,False,False,2.0,1.0,1.0,14.0,11.0,5.0,16.0,24.0,12.0,True,False,True,True,False,False,1.0,both,6.390006030568191e-05,0.0001074070593289744,6.5727493810661e-05,8.427236829432727e-05,7.693437497814365e-05,2.758559811093824e-05
307,single,tttttagttttatctttgagagatcgt,8.0,cgt,1.0,,FLVLSLRDR,,False,False,2.0,1.0,1.0,3.0,1.0,3.0,2.0,4.0,11.0,True,False,True,True,False,False,2.0,both,7.987507538210239e-06,1.7901176554829066e-05,6.0250202659772584e-05,1.80583646344987e-05,6.99403408892215e-06,1.6551358866562946e-05
308,single,tttttagttttatctttgagagatctg,8.0,ctg,1.0,,FLVLSLRDL,,False,False,2.0,1.0,1.0,670.0,531.0,600.0,909.0,830.0,639.0,True,False,True,True,False,False,1.0,both,0.0036303221761165537,0.003714494135127031,0.003499989045417698,0.0040330347683713765,0.0037138321012176612,0.003310271773312589
309,single,tttttagttttatctttgagagatctt,8.0,ctt,1.0,,FLVLSLRDL,,False,False,2.0,1.0,1.0,2.0,2.0,2.0,4.0,1.0,2.0,True,False,True,True,False,False,3.0,both,1.5975015076420478e-05,4.4752941387072664e-06,1.0954582301776834e-05,1.2038909756332467e-05,1.39880681778443e-05,1.1034239244375297e-05
310,single,tttttagttttatctttgagagatgag,8.0,gag,1.0,,FLVLSLRDE,,False,False,3.0,1.0,1.0,1.0,1.0,1.0,3.0,1.0,4.0,True,False,True,True,False,False,3.0,both,1.1981261307315359e-05,4.4752941387072664e-06,2.1909164603553667e-05,6.019454878166233e-06,6.99403408892215e-06,5.517119622187649e-06
311,single,tttttagttttatctttgagagatgat,8.0,gat,1.0,,FLVLSLRDD,,False,False,3.0,1.0,1.0,540.0,380.0,532.0,840.0,706.0,569.0,True,False,True,True,False,False,1.0,both,0.0033547531660483004,0.00315955766192733,0.0031165786648555092,0.0032505056342097658,0.0026577329537904168,0.0029351076390038288
312,single,tttttagttttatctttgagagatggg,8.0,ggg,1.0,,FLVLSLRDG,,False,False,3.0,1.0,1.0,92.0,104.0,82.0,133.0,168.0,126.0,True,False,True,True,False,False,1.0,both,0.0005311692512909809,0.0007518494153028207,0.0006901386850119405,0.0005537898487912935,0.0007273795452479036,0.00045240380901938717
313,single,tttttagttttatctttgagagatggt,8.0,ggt,1.0,,FLVLSLRDG,,False,False,3.0,1.0,1.0,526.0,429.0,565.0,731.0,774.0,658.0,True,False,True,True,False,False,1.0,both,0.0029194340052158423,0.0034638776633594244,0.003604057577284578,0.0031662332659154386,0.003000440624147602,0.0031171725865360212
314,single,tttttagttttatctttgagagatgtg,8.0,gtg,1.0,,FLVLSLRDV,,False,False,3.0,1.0,1.0,19.0,23.0,38.0,39.0,43.0,22.0,True,False,True,True,False,False,1.0,both,0.00015575639699509967,0.00019243764796441246,0.00012050040531954517,0.00011436964268515843,0.00016086278404520943,0.00020965054564313064
315,single,tttttagttttatctttgagagatgtt,8.0,gtt,1.0,,FLVLSLRDV,,False,False,3.0,1.0,1.0,1084.0,859.0,1186.0,1656.0,1378.0,1109.0,True,False,True,True,False,False,1.0,both,0.006613656241638078,0.006166955323138613,0.006074315886335254,0.006525089087932197,0.006007875282384127,0.00654330387191455
316,single,tttttagttttatctttgagagattag,8.0,tag,1.0,,FLVLSLRD*,,True,False,3.0,1.0,1.0,55.0,49.0,60.0,147.0,184.0,120.0,True,False,True,True,False,False,1.0,both,0.0005870818040584526,0.000823454121522137,0.00065727493810661,0.00033107001829914284,0.0003427076703571853,0.0003310271773312589
317,single,tttttagttttatctttgagagattat,8.0,tat,1.0,,FLVLSLRDY,,False,False,3.0,1.0,1.0,8.0,10.0,28.0,8.0,15.0,13.0,True,False,True,True,False,False,2.0,both,3.1950030152840955e-05,6.7129412080609e-05,7.120478496154942e-05,4.8155639025329867e-05,6.99403408892215e-05,0.00015447934942125415
318,single,tttttagttttatctttgagagattcg,8.0,tcg,1.0,,FLVLSLRDS,,False,False,2.0,1.0,1.0,190.0,188.0,237.0,307.0,304.0,199.0,True,False,True,True,False,False,1.0,both,0.0012260824071152717,0.001360489418167009,0.0010899809390267948,0.0011436964268515843,0.001314878408717364,0.0013075573504584726
319,single,tttttagttttatctttgagagattgt,8.0,tgt,1.0,,FLVLSLRDC,,False,False,3.0,1.0,1.0,10.0,6.0,3.0,3.0,1.0,4.0,True,False,True,True,False,False,3.0,both,1.1981261307315359e-05,4.4752941387072664e-06,2.1909164603553667e-05,6.019454878166233e-05,4.19642045335329e-05,1.6551358866562946e-05
320,single,tttttagttttatctttgagagatttg,8.0,ttg,1.0,,FLVLSLRDL,,False,False,3.0,1.0,1.0,888.0,748.0,1000.0,1331.0,1158.0,1055.0,True,False,True,True,False,False,1.0,both,0.005315686266678914,0.005182390612623015,0.0057785421641872795,0.005345275931811615,0.005231537498513768,0.005517119622187649
321,single,tttttagttttatctttgagagatttt,8.0,ttt,1.0,,FLVLSLRDF,,False,False,3.0,1.0,1.0,1244.0,939.0,1419.0,1958.0,1656.0,1441.0,True,False,True,True,False,False,1.0,both,0.007819769879907824,0.0074110870936992335,0.007892776548430208,0.007488201868438794,0.0065673980094978985,0.007828792743884273
322,single,tttttagttttatctttgagagctcca,7.0,gct,1.0,,FLVLSLRAP,,False,False,1.0,1.0,1.0,88.0,56.0,89.0,235.0,190.0,157.0,True,False,True,True,False,False,1.0,both,0.0009385321357397031,0.0008503058863543806,0.0008599347106894815,0.0005297120292786286,0.0003916659089796404,0.0004910236463747007
323,single,tttttagttttatctttgagaggtcca,7.0,ggt,1.0,,FLVLSLRGP,,False,False,1.0,1.0,1.0,12.0,15.0,11.0,21.0,32.0,22.0,True,False,True,True,False,False,1.0,both,8.386882915120751e-05,0.00014320941243863253,0.00012050040531954517,7.22334585379948e-05,0.00010491051133383225,6.068831584406413e-05
324,single,tttttagttttatctttgagagtgcca,7.0,gtg,1.0,,FLVLSLRVP,,False,False,2.0,1.0,1.0,4369.0,3872.0,4663.0,6310.0,5696.0,4472.0,True,False,True,True,False,False,1.0,both,0.025200586283053304,0.02549127541407659,0.024494446026773,0.026298998362708274,0.027080899992306562,0.025726328798261006
325,single,tttttagttttatctttgagagttcca,7.0,gtt,1.0,,FLVLSLRVP,,False,False,1.0,1.0,1.0,1611.0,1523.0,1780.0,2433.0,2268.0,1858.0,True,False,True,True,False,False,1.0,both,0.009716802920232756,0.01014996710658808,0.010176806958350678,0.009697341808725802,0.010651913917428434,0.009820472927494014
326,single,tttttagttttatctttgagatagcca,7.0,tag,1.0,,FLVLSLR*P,,True,False,2.0,1.0,1.0,188.0,170.0,169.0,668.0,571.0,512.0,True,False,True,True,False,False,1.0,both,0.00266782751776222,0.002555392953201849,0.0028043730692548694,0.001131657517095252,0.0011889857951167654,0.0009323932161497126
327,single,tttttagttttatctttgagatatcca,7.0,tat,1.0,,FLVLSLRYP,,False,False,1.0,1.0,1.0,1696.0,1334.0,1772.0,2493.0,2339.0,1823.0,True,False,True,True,False,False,1.0,both,0.009956428146379063,0.010467712990436296,0.009985101768069583,0.010208995473369932,0.009330041474622148,0.009776335970516513
328,single,tttttagttttatctttgagatcgcca,7.0,tcg,1.0,,FLVLSLRSP,,False,False,3.0,1.0,1.0,392.0,349.0,390.0,600.0,483.0,391.0,True,False,True,True,False,False,1.0,both,0.002396252261463072,0.0021615670689956097,0.002141620839997371,0.0023596263122411636,0.00244091789703383,0.0021516766526531827
329,single,tttttagttttatctttgagatctcca,7.0,tct,1.0,,FLVLSLRSP,,False,False,2.0,1.0,1.0,1.0,1.0,1.0,10.0,4.0,4.0,True,False,True,True,False,False,2.0,both,3.9937537691051196e-05,1.7901176554829066e-05,2.1909164603553667e-05,6.019454878166233e-06,6.99403408892215e-06,5.517119622187649e-06
330,single,tttttagttttatctttgagatggcca,7.0,tgg,1.0,,FLVLSLRWP,,False,False,3.0,1.0,1.0,41.0,30.0,39.0,51.0,38.0,25.0,True,False,True,True,False,False,1.0,both,0.0002036814422243611,0.00017006117727087612,0.0001369322787722104,0.0002467976500048156,0.0002098210226676645,0.00021516766526531828
331,single,tttttagttttatctttgagatgtcca,7.0,tgt,1.0,,FLVLSLRCP,,False,False,2.0,1.0,1.0,329.0,226.0,263.0,414.0,358.0,298.0,True,False,True,True,False,False,1.0,both,0.0016534140604095196,0.0016021553016572015,0.0016322327629647482,0.0019804006549166905,0.0015806517040964057,0.0014510024606353515
332,single,tttttagttttatctttgagattgcca,7.0,ttg,1.0,,FLVLSLRLP,,False,False,3.0,1.0,1.0,1165.0,1143.0,1464.0,1824.0,1593.0,1246.0,True,False,True,True,False,False,1.0,both,0.007284606874847738,0.007129143562960676,0.006824704774006967,0.007012664933063662,0.007994180963638017,0.008077063126882717
333,single,tttttagttttatctttgagatttcca,7.0,ttt,1.0,,FLVLSLRFP,,False,False,2.0,1.0,1.0,192.0,144.0,215.0,298.0,287.0,221.0,True,False,True,True,False,False,1.0,both,0.0011901386231933256,0.0012844094178089856,0.00121048134434634,0.0011557353366079169,0.0010071409088047896,0.0011861807187703445
334,single,tttttagttttatctttgagtgatcca,6.0,agt,1.0,,FLVLSLSDP,,False,False,1.0,1.0,1.0,4.0,2.0,3.0,1.0,7.0,12.0,True,False,True,True,False,False,2.0,both,3.9937537691051194e-06,3.1327058970950864e-05,6.5727493810661e-05,2.4077819512664933e-05,1.39880681778443e-05,1.6551358866562946e-05
335,single,tttttagttttatctttgatggatcca,6.0,atg,1.0,,FLVLSLMDP,,False,False,2.0,1.0,1.0,181.0,130.0,176.0,272.0,283.0,195.0,True,False,True,True,False,False,1.0,both,0.0010863010251965924,0.0012665082412541564,0.0010680717744232413,0.0010895213329480881,0.0009092244315598794,0.0009710130535050261
336,single,tttttagttttatctttgattgatcca,6.0,att,1.0,,FLVLSLIDP,,False,False,2.0,1.0,1.0,1.0,2.0,2.0,2.0,8.0,3.0,True,False,True,True,False,False,2.0,both,7.987507538210239e-06,3.580235310965813e-05,1.643187345266525e-05,6.019454878166233e-06,1.39880681778443e-05,1.1034239244375297e-05
337,single,tttttagttttatctttgcaggatcca,6.0,cag,1.0,,FLVLSLQDP,,False,False,3.0,1.0,1.0,366.0,429.0,463.0,584.0,580.0,482.0,True,False,True,True,False,False,1.0,both,0.00233235220115739,0.0025956706004502147,0.0026400543347282167,0.0022031204854088414,0.003000440624147602,0.002554426385072881
338,single,tttttagttttatctttgcatgatcca,6.0,cat,1.0,,FLVLSLHDP,,False,False,3.0,1.0,1.0,707.0,690.0,765.0,1095.0,1007.0,819.0,True,False,True,True,False,False,1.0,both,0.004373160377170106,0.004506621197678217,0.004485901452577613,0.004255754598863527,0.004825883521356283,0.004220596510973551
339,single,tttttagttttatctttgcctgatcca,6.0,cct,1.0,,FLVLSLPDP,,False,False,3.0,1.0,1.0,462.0,411.0,462.0,868.0,776.0,594.0,True,False,True,True,False,False,1.0,both,0.003466578271583244,0.003472828251636839,0.0032535109436277196,0.0027809881537127997,0.0028745480105470036,0.0025489092654506934
340,single,tttttagttttatctttgcgggatcca,6.0,cgg,1.0,,FLVLSLRDP,,False,False,2.0,0.0,1.0,346.0,267.0,437.0,475.0,460.0,429.0,True,False,True,True,False,False,1.0,both,0.0018970330403249318,0.0020586353038053425,0.002349757903731131,0.0020827313878455165,0.0018674071017422138,0.002410981274896002
341,single,tttttagttttatctttgcgtgatcca,6.0,cgt,1.0,,FLVLSLRDP,,False,False,2.0,0.0,1.0,819.0,732.0,919.0,1343.0,1243.0,992.0,True,False,True,True,False,False,1.0,both,0.005363611311908175,0.005562790614413132,0.005433472821681309,0.004929933545218145,0.005119632953091013,0.005070232932790449
342,single,tttttagttttatctttgctggatcca,6.0,ctg,1.0,,FLVLSLLDP,,False,False,3.0,1.0,1.0,1525.0,1323.0,1634.0,2132.0,1972.0,1676.0,True,False,True,True,False,False,1.0,both,0.008514683035732116,0.00882528004153073,0.009179939968888986,0.009179668689203505,0.009253107099644003,0.009014973462654617
343,single,tttttagttttatctttgcttgatcca,6.0,ctt,1.0,,FLVLSLLDP,,False,False,3.0,1.0,1.0,3.0,2.0,3.0,3.0,4.0,4.0,True,False,True,True,False,False,3.0,both,1.1981261307315359e-05,1.7901176554829066e-05,2.1909164603553667e-05,1.80583646344987e-05,1.39880681778443e-05,1.6551358866562946e-05
344,single,tttttagttttatctttgggggatcca,6.0,ggg,1.0,,FLVLSLGDP,,False,False,2.0,1.0,1.0,775.0,681.0,861.0,1195.0,1154.0,852.0,True,False,True,True,False,False,1.0,both,0.004772535754080618,0.0051644894360681854,0.004666652060556931,0.004665077530578831,0.004762937214555984,0.004750239994703565
345,single,tttttagttttatctttgggtgatcca,6.0,ggt,1.0,,FLVLSLGDP,,False,False,2.0,1.0,1.0,3.0,2.0,1.0,3.0,4.0,3.0,True,False,True,True,False,False,3.0,both,1.1981261307315359e-05,1.7901176554829066e-05,1.643187345266525e-05,1.80583646344987e-05,1.39880681778443e-05,5.517119622187649e-06
346,single,tttttagttttatctttggtggatcca,6.0,gtg,1.0,,FLVLSLVDP,,False,False,3.0,1.0,1.0,1470.0,1284.0,1745.0,2372.0,2323.0,1694.0,True,False,True,True,False,False,1.0,both,0.009473183940317344,0.010396108284216981,0.009278531209604977,0.008848598670904363,0.00898033977017604,0.009627373740717446
347,single,tttttagttttatctttgtaggatcca,6.0,tag,1.0,,FLVLSL*DP,,True,False,3.0,1.0,1.0,39.0,67.0,93.0,158.0,190.0,171.0,True,False,True,True,False,False,1.0,both,0.0006310130955186089,0.0008503058863543806,0.0009366167868019192,0.0002347587402484831,0.000468600283957784,0.0005130921248634513
348,single,tttttagttttatctttgtcggatcca,6.0,tcg,1.0,,FLVLSLSDP,,False,False,3.0,1.0,1.0,1321.0,1260.0,1480.0,1943.0,1923.0,1426.0,True,False,True,True,False,False,1.0,both,0.007759863573371248,0.008605990628734074,0.0078106171811668824,0.007951699894057595,0.008812482952041909,0.00816533704083772
349,single,tttttagttttatctttgtctgatcca,6.0,tct,1.0,,FLVLSLSDP,,False,False,3.0,1.0,1.0,2.0,3.0,1.0,4.0,3.0,2.0,True,False,True,True,False,False,3.0,both,1.5975015076420478e-05,1.34258824161218e-05,1.0954582301776834e-05,1.2038909756332467e-05,2.098210226676645e-05,5.517119622187649e-06
350,single,tttttagttttatctttgtgggatcca,6.0,tgg,1.0,,FLVLSLWDP,,False,False,2.0,1.0,1.0,1223.0,1155.0,1363.0,2064.0,1935.0,1455.0,True,False,True,True,False,False,1.0,both,0.008243107779432967,0.00865969415839856,0.007969458624542645,0.007361793315997303,0.008078109372705082,0.007519834045041765
351,single,tttttagttttatctttgtgtgatcca,6.0,tgt,1.0,,FLVLSLCDP,,False,False,2.0,1.0,1.0,20.0,12.0,12.0,25.0,16.0,17.0,True,False,True,True,False,False,1.0,both,9.984384422762799e-05,7.160470621931626e-05,9.311394956510308e-05,0.00012038909756332466,8.39284090670658e-05,6.620543546625178e-05
352,single,tttttagttttatctttgttggatcca,6.0,ttg,1.0,,FLVLSLLDP,,False,False,3.0,1.0,1.0,16.0,8.0,10.0,23.0,35.0,17.0,True,False,True,True,False,False,1.0,both,9.185633668941776e-05,0.00015663529485475432,9.311394956510308e-05,9.631127805065973e-05,5.59522727113772e-05,5.517119622187648e-05
353,single,tttttagttttatcttttagagatcca,5.0,ttt,1.0,,FLVLSFRDP,,False,False,1.0,1.0,1.0,18.0,20.0,26.0,52.0,35.0,32.0,True,False,True,True,False,False,1.0,both,0.00020767519599346621,0.00015663529485475432,0.00017527331682842934,0.0001083501878069922,0.000139880681778443,0.00014344511017687884
354,single,tttttagttttatggttgagagatcca,4.0,tgg,1.0,,FLVLWLRDP,,False,False,2.0,1.0,1.0,5.0,4.0,7.0,8.0,2.0,5.0,True,False,True,True,False,False,2.0,both,3.1950030152840955e-05,8.950588277414533e-06,2.7386455754442085e-05,3.0097274390831166e-05,2.79761363556886e-05,3.861983735531354e-05
355,single,tttttagttttatgtttgagagatcca,4.0,tgt,1.0,,FLVLCLRDP,,False,False,1.0,1.0,1.0,8.0,11.0,11.0,2.0,21.0,24.0,True,False,True,True,False,False,2.0,both,7.987507538210239e-06,9.398117691285259e-05,0.000131454987621322,4.8155639025329867e-05,7.693437497814365e-05,6.068831584406413e-05
356,single,tttttagttttattgttgagagatcca,4.0,ttg,1.0,,FLVLLLRDP,,False,False,2.0,1.0,1.0,542.0,466.0,621.0,881.0,811.0,583.0,True,False,True,True,False,False,1.0,both,0.00351849707058161,0.003629463546491593,0.003193260740967947,0.0032625445439660983,0.0032592198854377217,0.0034261312853785296
357,single,tttttagttttatttttgagagatcca,4.0,ttt,1.0,,FLVLFLRDP,,False,False,1.0,1.0,1.0,932.0,807.0,977.0,1472.0,1286.0,1074.0,True,False,True,True,False,False,1.0,both,0.005878805548122736,0.005755228262377544,0.0058826106960541595,0.00561013194645093,0.0056441855097601745,0.005390225870877332
358,single,tttttagttttgtctttgagagatcca,3.0,ttg,1.0,,FLVLSLRDP,,False,False,1.0,0.0,1.0,754.0,668.0,774.0,1076.0,1067.0,786.0,True,False,True,True,False,False,1.0,both,0.004297279055557109,0.004775138846000653,0.004305150844598296,0.00453866897813734,0.0046720147713999955,0.00427025058757324
359,single,tttttagttttttctttgagagatcca,3.0,ttt,1.0,,FLVFSLRDP,,False,False,1.0,1.0,1.0,2.0,4.0,4.0,2.0,7.0,8.0,True,False,True,True,False,False,2.0,both,7.987507538210239e-06,3.1327058970950864e-05,4.3818329207107334e-05,1.2038909756332467e-05,2.79761363556886e-05,2.2068478488750594e-05
360,single,tttttatagttatctttgagagatcca,2.0,tag,1.0,,FL*LSLRDP,,True,False,3.0,1.0,1.0,79.0,79.0,97.0,257.0,297.0,196.0,True,False,True,True,False,False,1.0,both,0.0010263947186600157,0.0013291623591960581,0.0010735490655741297,0.0004755369353751324,0.0005525286930248498,0.0005351606033522019
361,single,tttttatatttatctttgagagatcca,2.0,tat,1.0,,FLYLSLRDP,,False,False,2.0,1.0,1.0,12.0,18.0,16.0,36.0,53.0,34.0,True,False,True,True,False,False,1.0,both,0.00014377513568778432,0.00023719058935148512,0.00018622789913020615,7.22334585379948e-05,0.0001258926136005987,8.827391395500238e-05
362,single,tttttatcgttatctttgagagatcca,2.0,tcg,1.0,,FLSLSLRDP,,False,False,3.0,1.0,1.0,3620.0,3253.0,4101.0,5304.0,4634.0,3847.0,True,False,True,True,False,False,1.0,both,0.021182869991333553,0.020738513038769474,0.021071139057467738,0.021790426658961765,0.02275159289126375,0.022625707570591545
363,single,tttttatctttatctttgagagatcca,2.0,tct,1.0,,FLSLSLRDP,,False,False,2.0,1.0,1.0,1496.0,1293.0,1621.0,2488.0,2010.0,1564.0,True,False,True,True,False,False,1.0,both,0.009936459377533537,0.008995341218801606,0.008566483359989484,0.009005104497736685,0.00904328607697634,0.008943250907566178
364,single,tttttatggttatctttgagagatcca,2.0,tgg,1.0,,FLWLSLRDP,,False,False,3.0,1.0,1.0,15.0,11.0,19.0,20.0,7.0,4.0,True,False,True,True,False,False,2.0,both,7.987507538210239e-05,3.1327058970950864e-05,2.1909164603553667e-05,9.02918231724935e-05,7.693437497814365e-05,0.00010482527282156532
365,single,tttttatgtttatctttgagagatcca,2.0,tgt,1.0,,FLCLSLRDP,,False,False,2.0,1.0,1.0,391.0,329.0,385.0,563.0,496.0,473.0,True,False,True,True,False,False,1.0,both,0.0022484833720061823,0.002219745892798804,0.0025907587143702213,0.0023536068573629973,0.002301037215255387,0.0021240910545422447
366,single,tttttattgttatctttgagagatcca,2.0,ttg,1.0,,FLLLSLRDP,,False,False,2.0,1.0,1.0,1068.0,924.0,1181.0,1623.0,1380.0,1159.0,True,False,True,True,False,False,1.0,both,0.006481862367257609,0.0061759059114160275,0.0063481804438796745,0.006428777809881537,0.006462487498164066,0.006515718273803613
367,single,tttttatttttatctttgagagatcca,2.0,ttt,1.0,,FLFLSLRDP,,False,False,1.0,1.0,1.0,2.0,2.0,5.0,5.0,17.0,11.0,True,False,True,True,False,False,2.0,both,1.9968768845525598e-05,7.608000035802354e-05,6.0250202659772584e-05,1.2038909756332467e-05,1.39880681778443e-05,2.758559811093824e-05
368,ortho,tttttgactcattcttttagagatcca,1.0,ttg,1.0,,FLTHSFRDP,,False,False,7.0,3.0,4.0,632.0,509.0,579.0,867.0,722.0,559.0,True,False,True,True,False,False,1.0,both,0.0034625845178141387,0.0032311623681466465,0.003061805753346625,0.0038042954830010594,0.003559963351261374,0.0031944122612466482
369,ortho,tttttgactcattcttttagagatcca,2.0,act,2.0,,FLTHSFRDP,,False,False,7.0,3.0,4.0,632.0,509.0,579.0,867.0,722.0,559.0,True,False,True,True,False,False,1.0,both,0.0034625845178141387,0.0032311623681466465,0.003061805753346625,0.0038042954830010594,0.003559963351261374,0.0031944122612466482
370,ortho,tttttgactcattcttttagagatcca,3.0,cat,3.0,,FLTHSFRDP,,False,False,7.0,3.0,4.0,632.0,509.0,579.0,867.0,722.0,559.0,True,False,True,True,False,False,1.0,both,0.0034625845178141387,0.0032311623681466465,0.003061805753346625,0.0038042954830010594,0.003559963351261374,0.0031944122612466482
371,ortho,tttttgactcattcttttagagatcca,5.0,ttt,4.0,,FLTHSFRDP,,False,False,7.0,3.0,4.0,632.0,509.0,579.0,867.0,722.0,559.0,True,False,True,True,False,False,1.0,both,0.0034625845178141387,0.0032311623681466465,0.003061805753346625,0.0038042954830010594,0.003559963351261374,0.0031944122612466482
372,ortho,tttttgacttcttctttttcttctcca,1.0,ttg,1.0,,FLTSSFSSP,,False,False,11.0,5.0,6.0,364.0,281.0,415.0,649.0,487.0,352.0,True,False,True,True,False,False,1.0,both,0.0025919461961492227,0.002179468245550439,0.0019280064851127227,0.002191081575652509,0.001965323578987124,0.002289604643207874
373,ortho,tttttgacttcttctttttcttctcca,2.0,act,2.0,,FLTSSFSSP,,False,False,11.0,5.0,6.0,364.0,281.0,415.0,649.0,487.0,352.0,True,False,True,True,False,False,1.0,both,0.0025919461961492227,0.002179468245550439,0.0019280064851127227,0.002191081575652509,0.001965323578987124,0.002289604643207874
374,ortho,tttttgacttcttctttttcttctcca,3.0,tct,3.0,,FLTSSFSSP,,False,False,11.0,5.0,6.0,364.0,281.0,415.0,649.0,487.0,352.0,True,False,True,True,False,False,1.0,both,0.0025919461961492227,0.002179468245550439,0.0019280064851127227,0.002191081575652509,0.001965323578987124,0.002289604643207874
375,ortho,tttttgacttcttctttttcttctcca,5.0,ttt,4.0,,FLTSSFSSP,,False,False,11.0,5.0,6.0,364.0,281.0,415.0,649.0,487.0,352.0,True,False,True,True,False,False,1.0,both,0.0025919461961492227,0.002179468245550439,0.0019280064851127227,0.002191081575652509,0.001965323578987124,0.002289604643207874
376,ortho,tttttgacttcttctttttcttctcca,6.0,tct,5.0,,FLTSSFSSP,,False,False,11.0,5.0,6.0,364.0,281.0,415.0,649.0,487.0,352.0,True,False,True,True,False,False,1.0,both,0.0025919461961492227,0.002179468245550439,0.0019280064851127227,0.002191081575652509,0.001965323578987124,0.002289604643207874
377,ortho,tttttgacttcttctttttcttctcca,7.0,tct,6.0,,FLTSSFSSP,,False,False,11.0,5.0,6.0,364.0,281.0,415.0,649.0,487.0,352.0,True,False,True,True,False,False,1.0,both,0.0025919461961492227,0.002179468245550439,0.0019280064851127227,0.002191081575652509,0.001965323578987124,0.002289604643207874
378,ortho,tttttgactttgaatttggctgattct,1.0,ttg,1.0,,FLTLNLADS,,False,False,11.0,4.0,6.0,337.0,245.0,365.0,532.0,396.0,386.0,True,False,True,True,False,False,1.0,both,0.0021246770051639237,0.0017722164789280776,0.0021142343842429287,0.0020285562939420204,0.0017135383517859267,0.0020137486620984916
379,ortho,tttttgactttgaatttggctgattct,2.0,act,2.0,,FLTLNLADS,,False,False,11.0,4.0,6.0,337.0,245.0,365.0,532.0,396.0,386.0,True,False,True,True,False,False,1.0,both,0.0021246770051639237,0.0017722164789280776,0.0021142343842429287,0.0020285562939420204,0.0017135383517859267,0.0020137486620984916
380,ortho,tttttgactttgaatttggctgattct,3.0,ttg,3.0,,FLTLNLADS,,False,False,11.0,4.0,6.0,337.0,245.0,365.0,532.0,396.0,386.0,True,False,True,True,False,False,1.0,both,0.0021246770051639237,0.0017722164789280776,0.0021142343842429287,0.0020285562939420204,0.0017135383517859267,0.0020137486620984916
381,ortho,tttttgactttgaatttggctgattct,4.0,aat,4.0,,FLTLNLADS,,False,False,11.0,4.0,6.0,337.0,245.0,365.0,532.0,396.0,386.0,True,False,True,True,False,False,1.0,both,0.0021246770051639237,0.0017722164789280776,0.0021142343842429287,0.0020285562939420204,0.0017135383517859267,0.0020137486620984916
382,ortho,tttttgactttgaatttggctgattct,6.0,gct,5.0,,FLTLNLADS,,False,False,11.0,4.0,6.0,337.0,245.0,365.0,532.0,396.0,386.0,True,False,True,True,False,False,1.0,both,0.0021246770051639237,0.0017722164789280776,0.0021142343842429287,0.0020285562939420204,0.0017135383517859267,0.0020137486620984916
383,ortho,tttttgactttgaatttggctgattct,8.0,tct,6.0,,FLTLNLADS,,False,False,11.0,4.0,6.0,337.0,245.0,365.0,532.0,396.0,386.0,True,False,True,True,False,False,1.0,both,0.0021246770051639237,0.0017722164789280776,0.0021142343842429287,0.0020285562939420204,0.0017135383517859267,0.0020137486620984916
384,ortho,tttttgactttgaatttgtctgattct,1.0,ttg,1.0,,FLTLNLSDS,,False,False,11.0,4.0,6.0,252.0,228.0,309.0,357.0,308.0,315.0,True,False,True,True,False,False,1.0,both,0.0014257700955705277,0.0013783905947218381,0.0017253467125298513,0.0015169026292978908,0.00159463977227425,0.0017047899632559834
385,ortho,tttttgactttgaatttgtctgattct,2.0,act,2.0,,FLTLNLSDS,,False,False,11.0,4.0,6.0,252.0,228.0,309.0,357.0,308.0,315.0,True,False,True,True,False,False,1.0,both,0.0014257700955705277,0.0013783905947218381,0.0017253467125298513,0.0015169026292978908,0.00159463977227425,0.0017047899632559834
386,ortho,tttttgactttgaatttgtctgattct,3.0,ttg,3.0,,FLTLNLSDS,,False,False,11.0,4.0,6.0,252.0,228.0,309.0,357.0,308.0,315.0,True,False,True,True,False,False,1.0,both,0.0014257700955705277,0.0013783905947218381,0.0017253467125298513,0.0015169026292978908,0.00159463977227425,0.0017047899632559834
387,ortho,tttttgactttgaatttgtctgattct,4.0,aat,4.0,,FLTLNLSDS,,False,False,11.0,4.0,6.0,252.0,228.0,309.0,357.0,308.0,315.0,True,False,True,True,False,False,1.0,both,0.0014257700955705277,0.0013783905947218381,0.0017253467125298513,0.0015169026292978908,0.00159463977227425,0.0017047899632559834
388,ortho,tttttgactttgaatttgtctgattct,6.0,tct,5.0,,FLTLNLSDS,,False,False,11.0,4.0,6.0,252.0,228.0,309.0,357.0,308.0,315.0,True,False,True,True,False,False,1.0,both,0.0014257700955705277,0.0013783905947218381,0.0017253467125298513,0.0015169026292978908,0.00159463977227425,0.0017047899632559834
389,ortho,tttttgactttgaatttgtctgattct,8.0,tct,6.0,,FLTLNLSDS,,False,False,11.0,4.0,6.0,252.0,228.0,309.0,357.0,308.0,315.0,True,False,True,True,False,False,1.0,both,0.0014257700955705277,0.0013783905947218381,0.0017253467125298513,0.0015169026292978908,0.00159463977227425,0.0017047899632559834
390,ortho,tttttgactttgtctattaaagatcca,1.0,ttg,1.0,,FLTLSIKDP,,False,False,7.0,3.0,5.0,585.0,481.0,673.0,886.0,776.0,603.0,True,False,True,True,False,False,1.0,both,0.003538465839427136,0.003472828251636839,0.003302806563985715,0.0035213811037272465,0.003364130396771554,0.003713021505732287
391,ortho,tttttgactttgtctattaaagatcca,2.0,act,2.0,,FLTLSIKDP,,False,False,7.0,3.0,5.0,585.0,481.0,673.0,886.0,776.0,603.0,True,False,True,True,False,False,1.0,both,0.003538465839427136,0.003472828251636839,0.003302806563985715,0.0035213811037272465,0.003364130396771554,0.003713021505732287
392,ortho,tttttgactttgtctattaaagatcca,3.0,ttg,3.0,,FLTLSIKDP,,False,False,7.0,3.0,5.0,585.0,481.0,673.0,886.0,776.0,603.0,True,False,True,True,False,False,1.0,both,0.003538465839427136,0.003472828251636839,0.003302806563985715,0.0035213811037272465,0.003364130396771554,0.003713021505732287
393,ortho,tttttgactttgtctattaaagatcca,5.0,att,4.0,,FLTLSIKDP,,False,False,7.0,3.0,5.0,585.0,481.0,673.0,886.0,776.0,603.0,True,False,True,True,False,False,1.0,both,0.003538465839427136,0.003472828251636839,0.003302806563985715,0.0035213811037272465,0.003364130396771554,0.003713021505732287
394,ortho,tttttgactttgtctattaaagatcca,6.0,aaa,5.0,,FLTLSIKDP,,False,False,7.0,3.0,5.0,585.0,481.0,673.0,886.0,776.0,603.0,True,False,True,True,False,False,1.0,both,0.003538465839427136,0.003472828251636839,0.003302806563985715,0.0035213811037272465,0.003364130396771554,0.003713021505732287
395,ortho,tttttgactttgtctattagagatcca,1.0,ttg,1.0,,FLTLSIRDP,,False,False,6.0,2.0,4.0,507.0,421.0,605.0,752.0,652.0,539.0,True,False,True,True,False,False,1.0,both,0.00300330283436705,0.002917891778437138,0.0029522599303288565,0.0030518636232302805,0.002944488351436225,0.0033378573714235274
396,ortho,tttttgactttgtctattagagatcca,2.0,act,2.0,,FLTLSIRDP,,False,False,6.0,2.0,4.0,507.0,421.0,605.0,752.0,652.0,539.0,True,False,True,True,False,False,1.0,both,0.00300330283436705,0.002917891778437138,0.0029522599303288565,0.0030518636232302805,0.002944488351436225,0.0033378573714235274
397,ortho,tttttgactttgtctattagagatcca,3.0,ttg,3.0,,FLTLSIRDP,,False,False,6.0,2.0,4.0,507.0,421.0,605.0,752.0,652.0,539.0,True,False,True,True,False,False,1.0,both,0.00300330283436705,0.002917891778437138,0.0029522599303288565,0.0030518636232302805,0.002944488351436225,0.0033378573714235274
398,ortho,tttttgactttgtctattagagatcca,5.0,att,4.0,,FLTLSIRDP,,False,False,6.0,2.0,4.0,507.0,421.0,605.0,752.0,652.0,539.0,True,False,True,True,False,False,1.0,both,0.00300330283436705,0.002917891778437138,0.0029522599303288565,0.0030518636232302805,0.002944488351436225,0.0033378573714235274
399,ortho,tttttgactttgtctgctaaagatcca,1.0,ttg,1.0,,FLTLSAKDP,,False,False,8.0,3.0,5.0,316.0,237.0,338.0,453.0,402.0,319.0,True,False,True,True,False,False,1.0,both,0.001809170457404619,0.0017990682437603212,0.0017472558771334048,0.0019021477415005297,0.0016575860790745494,0.0018647864322994252
400,ortho,tttttgactttgtctgctaaagatcca,2.0,act,2.0,,FLTLSAKDP,,False,False,8.0,3.0,5.0,316.0,237.0,338.0,453.0,402.0,319.0,True,False,True,True,False,False,1.0,both,0.001809170457404619,0.0017990682437603212,0.0017472558771334048,0.0019021477415005297,0.0016575860790745494,0.0018647864322994252
401,ortho,tttttgactttgtctgctaaagatcca,3.0,ttg,3.0,,FLTLSAKDP,,False,False,8.0,3.0,5.0,316.0,237.0,338.0,453.0,402.0,319.0,True,False,True,True,False,False,1.0,both,0.001809170457404619,0.0017990682437603212,0.0017472558771334048,0.0019021477415005297,0.0016575860790745494,0.0018647864322994252
402,ortho,tttttgactttgtctgctaaagatcca,5.0,gct,4.0,,FLTLSAKDP,,False,False,8.0,3.0,5.0,316.0,237.0,338.0,453.0,402.0,319.0,True,False,True,True,False,False,1.0,both,0.001809170457404619,0.0017990682437603212,0.0017472558771334048,0.0019021477415005297,0.0016575860790745494,0.0018647864322994252
403,ortho,tttttgactttgtctgctaaagatcca,6.0,aaa,5.0,,FLTLSAKDP,,False,False,8.0,3.0,5.0,316.0,237.0,338.0,453.0,402.0,319.0,True,False,True,True,False,False,1.0,both,0.001809170457404619,0.0017990682437603212,0.0017472558771334048,0.0019021477415005297,0.0016575860790745494,0.0018647864322994252
404,ortho,tttttgactttgtctgttagagatcca,1.0,ttg,1.0,,FLTLSVRDP,,False,False,6.0,2.0,4.0,492.0,335.0,496.0,675.0,545.0,451.0,True,False,True,True,False,False,1.0,both,0.002695783794145956,0.0024390353055954604,0.002470258309050676,0.0029615718000577866,0.00234300141978892,0.0027364913326050734
405,ortho,tttttgactttgtctgttagagatcca,2.0,act,2.0,,FLTLSVRDP,,False,False,6.0,2.0,4.0,492.0,335.0,496.0,675.0,545.0,451.0,True,False,True,True,False,False,1.0,both,0.002695783794145956,0.0024390353055954604,0.002470258309050676,0.0029615718000577866,0.00234300141978892,0.0027364913326050734
406,ortho,tttttgactttgtctgttagagatcca,3.0,ttg,3.0,,FLTLSVRDP,,False,False,6.0,2.0,4.0,492.0,335.0,496.0,675.0,545.0,451.0,True,False,True,True,False,False,1.0,both,0.002695783794145956,0.0024390353055954604,0.002470258309050676,0.0029615718000577866,0.00234300141978892,0.0027364913326050734
407,ortho,tttttgactttgtctgttagagatcca,5.0,gtt,4.0,,FLTLSVRDP,,False,False,6.0,2.0,4.0,492.0,335.0,496.0,675.0,545.0,451.0,True,False,True,True,False,False,1.0,both,0.002695783794145956,0.0024390353055954604,0.002470258309050676,0.0029615718000577866,0.00234300141978892,0.0027364913326050734
408,ortho,tttttgactttgtctttgaaagatcca,1.0,ttg,1.0,,FLTLSLKDP,,False,False,5.0,2.0,4.0,63.0,51.0,69.0,96.0,98.0,82.0,True,False,True,True,False,False,1.0,both,0.0003834003618340915,0.0004385788255933121,0.00044913787437285017,0.0003792256573244727,0.0003566957385350296,0.00038068125393094773
409,ortho,tttttgactttgtctttgaaagatcca,2.0,act,2.0,,FLTLSLKDP,,False,False,5.0,2.0,4.0,63.0,51.0,69.0,96.0,98.0,82.0,True,False,True,True,False,False,1.0,both,0.0003834003618340915,0.0004385788255933121,0.00044913787437285017,0.0003792256573244727,0.0003566957385350296,0.00038068125393094773
410,ortho,tttttgactttgtctttgaaagatcca,3.0,ttg,3.0,,FLTLSLKDP,,False,False,5.0,2.0,4.0,63.0,51.0,69.0,96.0,98.0,82.0,True,False,True,True,False,False,1.0,both,0.0003834003618340915,0.0004385788255933121,0.00044913787437285017,0.0003792256573244727,0.0003566957385350296,0.00038068125393094773
411,ortho,tttttgactttgtctttgaaagatcca,6.0,aaa,4.0,,FLTLSLKDP,,False,False,5.0,2.0,4.0,63.0,51.0,69.0,96.0,98.0,82.0,True,False,True,True,False,False,1.0,both,0.0003834003618340915,0.0004385788255933121,0.00044913787437285017,0.0003792256573244727,0.0003566957385350296,0.00038068125393094773
412,ortho,tttttgactttgtctttgagagatcca,1.0,ttg,1.0,,FLTLSLRDP,,False,False,4.0,1.0,3.0,526.0,364.0,553.0,670.0,609.0,576.0,True,False,True,True,False,False,1.0,both,0.00267581502530043,0.0027254541304727255,0.003154919702911728,0.0031662332659154386,0.0025458284083676626,0.0030509671510697695
413,ortho,tttttgactttgtctttgagagatcca,2.0,act,2.0,,FLTLSLRDP,,False,False,4.0,1.0,3.0,526.0,364.0,553.0,670.0,609.0,576.0,True,False,True,True,False,False,1.0,both,0.00267581502530043,0.0027254541304727255,0.003154919702911728,0.0031662332659154386,0.0025458284083676626,0.0030509671510697695
414,ortho,tttttgactttgtctttgagagatcca,3.0,ttg,3.0,,FLTLSLRDP,,False,False,4.0,1.0,3.0,526.0,364.0,553.0,670.0,609.0,576.0,True,False,True,True,False,False,1.0,both,0.00267581502530043,0.0027254541304727255,0.003154919702911728,0.0031662332659154386,0.0025458284083676626,0.0030509671510697695
415,ortho,tttttgactttgtctttgagagatgct,1.0,ttg,1.0,,FLTLSLRDA,,False,False,6.0,2.0,4.0,782.0,689.0,855.0,1148.0,1014.0,836.0,True,False,True,True,False,False,1.0,both,0.0045848293269326774,0.004537948256649168,0.004579015402142716,0.0047072137147259946,0.004818889487267361,0.004717137276970439
416,ortho,tttttgactttgtctttgagagatgct,2.0,act,2.0,,FLTLSLRDA,,False,False,6.0,2.0,4.0,782.0,689.0,855.0,1148.0,1014.0,836.0,True,False,True,True,False,False,1.0,both,0.0045848293269326774,0.004537948256649168,0.004579015402142716,0.0047072137147259946,0.004818889487267361,0.004717137276970439
417,ortho,tttttgactttgtctttgagagatgct,3.0,ttg,3.0,,FLTLSLRDA,,False,False,6.0,2.0,4.0,782.0,689.0,855.0,1148.0,1014.0,836.0,True,False,True,True,False,False,1.0,both,0.0045848293269326774,0.004537948256649168,0.004579015402142716,0.0047072137147259946,0.004818889487267361,0.004717137276970439
418,ortho,tttttgactttgtctttgagagatgct,8.0,gct,4.0,,FLTLSLRDA,,False,False,6.0,2.0,4.0,782.0,689.0,855.0,1148.0,1014.0,836.0,True,False,True,True,False,False,1.0,both,0.0045848293269326774,0.004537948256649168,0.004579015402142716,0.0047072137147259946,0.004818889487267361,0.004717137276970439
419,ortho,tttttgactttgtctttggttgatcca,1.0,ttg,1.0,,FLTLSLVDP,,False,False,7.0,2.0,4.0,901.0,776.0,993.0,1251.0,1086.0,956.0,True,False,True,True,False,False,1.0,both,0.004996185965150505,0.004860169434636091,0.005236290340249326,0.005423528845227776,0.005427370453003588,0.005478499784832335
420,ortho,tttttgactttgtctttggttgatcca,2.0,act,2.0,,FLTLSLVDP,,False,False,7.0,2.0,4.0,901.0,776.0,993.0,1251.0,1086.0,956.0,True,False,True,True,False,False,1.0,both,0.004996185965150505,0.004860169434636091,0.005236290340249326,0.005423528845227776,0.005427370453003588,0.005478499784832335
421,ortho,tttttgactttgtctttggttgatcca,3.0,ttg,3.0,,FLTLSLVDP,,False,False,7.0,2.0,4.0,901.0,776.0,993.0,1251.0,1086.0,956.0,True,False,True,True,False,False,1.0,both,0.004996185965150505,0.004860169434636091,0.005236290340249326,0.005423528845227776,0.005427370453003588,0.005478499784832335
422,ortho,tttttgactttgtctttggttgatcca,6.0,gtt,4.0,,FLTLSLVDP,,False,False,7.0,2.0,4.0,901.0,776.0,993.0,1251.0,1086.0,956.0,True,False,True,True,False,False,1.0,both,0.004996185965150505,0.004860169434636091,0.005236290340249326,0.005423528845227776,0.005427370453003588,0.005478499784832335
423,ortho,tttttgactttgtcttttaaagatcca,1.0,ttg,1.0,,FLTLSFKDP,,False,False,6.0,3.0,5.0,237.0,168.0,269.0,300.0,310.0,233.0,True,False,True,True,False,False,1.0,both,0.001198126130731536,0.0013873411829992525,0.001276208838157001,0.0014266108061253974,0.001174997726938921,0.0014841051783684774
424,ortho,tttttgactttgtcttttaaagatcca,2.0,act,2.0,,FLTLSFKDP,,False,False,6.0,3.0,5.0,237.0,168.0,269.0,300.0,310.0,233.0,True,False,True,True,False,False,1.0,both,0.001198126130731536,0.0013873411829992525,0.001276208838157001,0.0014266108061253974,0.001174997726938921,0.0014841051783684774
425,ortho,tttttgactttgtcttttaaagatcca,3.0,ttg,3.0,,FLTLSFKDP,,False,False,6.0,3.0,5.0,237.0,168.0,269.0,300.0,310.0,233.0,True,False,True,True,False,False,1.0,both,0.001198126130731536,0.0013873411829992525,0.001276208838157001,0.0014266108061253974,0.001174997726938921,0.0014841051783684774
426,ortho,tttttgactttgtcttttaaagatcca,5.0,ttt,4.0,,FLTLSFKDP,,False,False,6.0,3.0,5.0,237.0,168.0,269.0,300.0,310.0,233.0,True,False,True,True,False,False,1.0,both,0.001198126130731536,0.0013873411829992525,0.001276208838157001,0.0014266108061253974,0.001174997726938921,0.0014841051783684774
427,ortho,tttttgactttgtcttttaaagatcca,6.0,aaa,5.0,,FLTLSFKDP,,False,False,6.0,3.0,5.0,237.0,168.0,269.0,300.0,310.0,233.0,True,False,True,True,False,False,1.0,both,0.001198126130731536,0.0013873411829992525,0.001276208838157001,0.0014266108061253974,0.001174997726938921,0.0014841051783684774
428,ortho,tttttgactttgtcttttagagatact,1.0,ttg,1.0,,FLTLSFRDT,,False,False,7.0,3.0,5.0,511.0,355.0,489.0,812.0,601.0,520.0,True,False,True,True,False,False,1.0,both,0.0032429280605133573,0.002689651777363067,0.0028481913984619764,0.003075941442742945,0.002482882101567363,0.00269787149524976
429,ortho,tttttgactttgtcttttagagatact,2.0,act,2.0,,FLTLSFRDT,,False,False,7.0,3.0,5.0,511.0,355.0,489.0,812.0,601.0,520.0,True,False,True,True,False,False,1.0,both,0.0032429280605133573,0.002689651777363067,0.0028481913984619764,0.003075941442742945,0.002482882101567363,0.00269787149524976
430,ortho,tttttgactttgtcttttagagatact,3.0,ttg,3.0,,FLTLSFRDT,,False,False,7.0,3.0,5.0,511.0,355.0,489.0,812.0,601.0,520.0,True,False,True,True,False,False,1.0,both,0.0032429280605133573,0.002689651777363067,0.0028481913984619764,0.003075941442742945,0.002482882101567363,0.00269787149524976
431,ortho,tttttgactttgtcttttagagatact,5.0,ttt,4.0,,FLTLSFRDT,,False,False,7.0,3.0,5.0,511.0,355.0,489.0,812.0,601.0,520.0,True,False,True,True,False,False,1.0,both,0.0032429280605133573,0.002689651777363067,0.0028481913984619764,0.003075941442742945,0.002482882101567363,0.00269787149524976
432,ortho,tttttgactttgtcttttagagatact,8.0,act,5.0,,FLTLSFRDT,,False,False,7.0,3.0,5.0,511.0,355.0,489.0,812.0,601.0,520.0,True,False,True,True,False,False,1.0,both,0.0032429280605133573,0.002689651777363067,0.0028481913984619764,0.003075941442742945,0.002482882101567363,0.00269787149524976
433,ortho,tttttgactttgtcttttagagatcca,1.0,ttg,1.0,,FLTLSFRDP,,False,False,5.0,2.0,4.0,100.0,97.0,154.0,202.0,169.0,132.0,True,False,True,True,False,False,1.0,both,0.0008067382613592342,0.000756324709441528,0.000723002431917271,0.0006019454878166234,0.0006784213066254485,0.0008496364218168978
434,ortho,tttttgactttgtcttttagagatcca,2.0,act,2.0,,FLTLSFRDP,,False,False,5.0,2.0,4.0,100.0,97.0,154.0,202.0,169.0,132.0,True,False,True,True,False,False,1.0,both,0.0008067382613592342,0.000756324709441528,0.000723002431917271,0.0006019454878166234,0.0006784213066254485,0.0008496364218168978
435,ortho,tttttgactttgtcttttagagatcca,3.0,ttg,3.0,,FLTLSFRDP,,False,False,5.0,2.0,4.0,100.0,97.0,154.0,202.0,169.0,132.0,True,False,True,True,False,False,1.0,both,0.0008067382613592342,0.000756324709441528,0.000723002431917271,0.0006019454878166234,0.0006784213066254485,0.0008496364218168978
436,ortho,tttttgactttgtcttttagagatcca,5.0,ttt,4.0,,FLTLSFRDP,,False,False,5.0,2.0,4.0,100.0,97.0,154.0,202.0,169.0,132.0,True,False,True,True,False,False,1.0,both,0.0008067382613592342,0.000756324709441528,0.000723002431917271,0.0006019454878166234,0.0006784213066254485,0.0008496364218168978
437,ortho,tttttgactttgtcttttgaaaatcca,1.0,ttg,1.0,,FLTLSFENP,,False,False,8.0,4.0,6.0,669.0,591.0,803.0,1021.0,833.0,731.0,True,False,True,True,False,False,1.0,both,0.004077622598256327,0.003727920017543153,0.004003899831299433,0.00402701531349321,0.00413347414655299,0.004430247056616682
438,ortho,tttttgactttgtcttttgaaaatcca,2.0,act,2.0,,FLTLSFENP,,False,False,8.0,4.0,6.0,669.0,591.0,803.0,1021.0,833.0,731.0,True,False,True,True,False,False,1.0,both,0.004077622598256327,0.003727920017543153,0.004003899831299433,0.00402701531349321,0.00413347414655299,0.004430247056616682
439,ortho,tttttgactttgtcttttgaaaatcca,3.0,ttg,3.0,,FLTLSFENP,,False,False,8.0,4.0,6.0,669.0,591.0,803.0,1021.0,833.0,731.0,True,False,True,True,False,False,1.0,both,0.004077622598256327,0.003727920017543153,0.004003899831299433,0.00402701531349321,0.00413347414655299,0.004430247056616682
440,ortho,tttttgactttgtcttttgaaaatcca,5.0,ttt,4.0,,FLTLSFENP,,False,False,8.0,4.0,6.0,669.0,591.0,803.0,1021.0,833.0,731.0,True,False,True,True,False,False,1.0,both,0.004077622598256327,0.003727920017543153,0.004003899831299433,0.00402701531349321,0.00413347414655299,0.004430247056616682
441,ortho,tttttgactttgtcttttgaaaatcca,6.0,gaa,5.0,,FLTLSFENP,,False,False,8.0,4.0,6.0,669.0,591.0,803.0,1021.0,833.0,731.0,True,False,True,True,False,False,1.0,both,0.004077622598256327,0.003727920017543153,0.004003899831299433,0.00402701531349321,0.00413347414655299,0.004430247056616682
442,ortho,tttttgactttgtcttttgaaaatcca,7.0,aat,6.0,,FLTLSFENP,,False,False,8.0,4.0,6.0,669.0,591.0,803.0,1021.0,833.0,731.0,True,False,True,True,False,False,1.0,both,0.004077622598256327,0.003727920017543153,0.004003899831299433,0.00402701531349321,0.00413347414655299,0.004430247056616682
443,ortho,tttttgattaaatctttgattgatcca,1.0,ttg,1.0,,FLIKSLIDP,,False,False,6.0,3.0,4.0,212.0,141.0,259.0,307.0,254.0,250.0,True,False,True,True,False,False,1.0,both,0.0012260824071152717,0.0011367247112316456,0.0013693227877221042,0.0012761244341712415,0.000986158806538023,0.0014289339821466009
444,ortho,tttttgattaaatctttgattgatcca,2.0,att,2.0,,FLIKSLIDP,,False,False,6.0,3.0,4.0,212.0,141.0,259.0,307.0,254.0,250.0,True,False,True,True,False,False,1.0,both,0.0012260824071152717,0.0011367247112316456,0.0013693227877221042,0.0012761244341712415,0.000986158806538023,0.0014289339821466009
445,ortho,tttttgattaaatctttgattgatcca,3.0,aaa,3.0,,FLIKSLIDP,,False,False,6.0,3.0,4.0,212.0,141.0,259.0,307.0,254.0,250.0,True,False,True,True,False,False,1.0,both,0.0012260824071152717,0.0011367247112316456,0.0013693227877221042,0.0012761244341712415,0.000986158806538023,0.0014289339821466009
446,ortho,tttttgattaaatctttgattgatcca,6.0,att,4.0,,FLIKSLIDP,,False,False,6.0,3.0,4.0,212.0,141.0,259.0,307.0,254.0,250.0,True,False,True,True,False,False,1.0,both,0.0012260824071152717,0.0011367247112316456,0.0013693227877221042,0.0012761244341712415,0.000986158806538023,0.0014289339821466009
447,ortho,tttttgattttgtctttgagagatcca,1.0,ttg,1.0,,FLILSLRDP,,False,False,3.0,1.0,3.0,476.0,346.0,460.0,735.0,562.0,553.0,True,False,True,True,False,False,1.0,both,0.002935409020292263,0.002515115305953484,0.0030289420064412943,0.002865260522007127,0.0024199357947670636,0.002537875026206318
448,ortho,tttttgattttgtctttgagagatcca,2.0,att,2.0,,FLILSLRDP,,False,False,3.0,1.0,3.0,476.0,346.0,460.0,735.0,562.0,553.0,True,False,True,True,False,False,1.0,both,0.002935409020292263,0.002515115305953484,0.0030289420064412943,0.002865260522007127,0.0024199357947670636,0.002537875026206318
449,ortho,tttttgattttgtctttgagagatcca,3.0,ttg,3.0,,FLILSLRDP,,False,False,3.0,1.0,3.0,476.0,346.0,460.0,735.0,562.0,553.0,True,False,True,True,False,False,1.0,both,0.002935409020292263,0.002515115305953484,0.0030289420064412943,0.002865260522007127,0.0024199357947670636,0.002537875026206318
450,ortho,tttttggctttgaatattaaagatcca,1.0,ttg,1.0,,FLALNIKDP,,False,False,8.0,4.0,6.0,440.0,338.0,461.0,608.0,561.0,453.0,True,False,True,True,False,False,1.0,both,0.002428202291615913,0.0025106400118147763,0.002481212891352453,0.0026485601463931427,0.0023639835220556865,0.0025433921458285057
451,ortho,tttttggctttgaatattaaagatcca,2.0,gct,2.0,,FLALNIKDP,,False,False,8.0,4.0,6.0,440.0,338.0,461.0,608.0,561.0,453.0,True,False,True,True,False,False,1.0,both,0.002428202291615913,0.0025106400118147763,0.002481212891352453,0.0026485601463931427,0.0023639835220556865,0.0025433921458285057
452,ortho,tttttggctttgaatattaaagatcca,3.0,ttg,3.0,,FLALNIKDP,,False,False,8.0,4.0,6.0,440.0,338.0,461.0,608.0,561.0,453.0,True,False,True,True,False,False,1.0,both,0.002428202291615913,0.0025106400118147763,0.002481212891352453,0.0026485601463931427,0.0023639835220556865,0.0025433921458285057
453,ortho,tttttggctttgaatattaaagatcca,4.0,aat,4.0,,FLALNIKDP,,False,False,8.0,4.0,6.0,440.0,338.0,461.0,608.0,561.0,453.0,True,False,True,True,False,False,1.0,both,0.002428202291615913,0.0025106400118147763,0.002481212891352453,0.0026485601463931427,0.0023639835220556865,0.0025433921458285057
454,ortho,tttttggctttgaatattaaagatcca,5.0,att,5.0,,FLALNIKDP,,False,False,8.0,4.0,6.0,440.0,338.0,461.0,608.0,561.0,453.0,True,False,True,True,False,False,1.0,both,0.002428202291615913,0.0025106400118147763,0.002481212891352453,0.0026485601463931427,0.0023639835220556865,0.0025433921458285057
455,ortho,tttttggctttgaatattaaagatcca,6.0,aaa,6.0,,FLALNIKDP,,False,False,8.0,4.0,6.0,440.0,338.0,461.0,608.0,561.0,453.0,True,False,True,True,False,False,1.0,both,0.002428202291615913,0.0025106400118147763,0.002481212891352453,0.0026485601463931427,0.0023639835220556865,0.0025433921458285057
456,ortho,tttttggctttgaatttgtctgattct,1.0,ttg,1.0,,FLALNLSDS,,False,False,10.0,4.0,6.0,769.0,544.0,823.0,1052.0,1012.0,867.0,True,False,True,True,False,False,1.0,both,0.004201428965098586,0.004528997668371754,0.004748811427820257,0.004628960801309833,0.0038047545443736495,0.004540589449060435
457,ortho,tttttggctttgaatttgtctgattct,2.0,gct,2.0,,FLALNLSDS,,False,False,10.0,4.0,6.0,769.0,544.0,823.0,1052.0,1012.0,867.0,True,False,True,True,False,False,1.0,both,0.004201428965098586,0.004528997668371754,0.004748811427820257,0.004628960801309833,0.0038047545443736495,0.004540589449060435
458,ortho,tttttggctttgaatttgtctgattct,3.0,ttg,3.0,,FLALNLSDS,,False,False,10.0,4.0,6.0,769.0,544.0,823.0,1052.0,1012.0,867.0,True,False,True,True,False,False,1.0,both,0.004201428965098586,0.004528997668371754,0.004748811427820257,0.004628960801309833,0.0038047545443736495,0.004540589449060435
459,ortho,tttttggctttgaatttgtctgattct,4.0,aat,4.0,,FLALNLSDS,,False,False,10.0,4.0,6.0,769.0,544.0,823.0,1052.0,1012.0,867.0,True,False,True,True,False,False,1.0,both,0.004201428965098586,0.004528997668371754,0.004748811427820257,0.004628960801309833,0.0038047545443736495,0.004540589449060435
460,ortho,tttttggctttgaatttgtctgattct,6.0,tct,5.0,,FLALNLSDS,,False,False,10.0,4.0,6.0,769.0,544.0,823.0,1052.0,1012.0,867.0,True,False,True,True,False,False,1.0,both,0.004201428965098586,0.004528997668371754,0.004748811427820257,0.004628960801309833,0.0038047545443736495,0.004540589449060435
461,ortho,tttttggctttgaatttgtctgattct,8.0,tct,6.0,,FLALNLSDS,,False,False,10.0,4.0,6.0,769.0,544.0,823.0,1052.0,1012.0,867.0,True,False,True,True,False,False,1.0,both,0.004201428965098586,0.004528997668371754,0.004748811427820257,0.004628960801309833,0.0038047545443736495,0.004540589449060435
462,ortho,tttttggctttgtctattagagatcca,1.0,ttg,1.0,,FLALSIRDP,,False,False,5.0,2.0,4.0,439.0,375.0,489.0,677.0,570.0,527.0,True,False,True,True,False,False,1.0,both,0.002703771301684166,0.002550917659063142,0.0028865324365181955,0.0026425406915149764,0.002622762783345806,0.00269787149524976
463,ortho,tttttggctttgtctattagagatcca,2.0,gct,2.0,,FLALSIRDP,,False,False,5.0,2.0,4.0,439.0,375.0,489.0,677.0,570.0,527.0,True,False,True,True,False,False,1.0,both,0.002703771301684166,0.002550917659063142,0.0028865324365181955,0.0026425406915149764,0.002622762783345806,0.00269787149524976
464,ortho,tttttggctttgtctattagagatcca,3.0,ttg,3.0,,FLALSIRDP,,False,False,5.0,2.0,4.0,439.0,375.0,489.0,677.0,570.0,527.0,True,False,True,True,False,False,1.0,both,0.002703771301684166,0.002550917659063142,0.0028865324365181955,0.0026425406915149764,0.002622762783345806,0.00269787149524976
465,ortho,tttttggctttgtctattagagatcca,5.0,att,4.0,,FLALSIRDP,,False,False,5.0,2.0,4.0,439.0,375.0,489.0,677.0,570.0,527.0,True,False,True,True,False,False,1.0,both,0.002703771301684166,0.002550917659063142,0.0028865324365181955,0.0026425406915149764,0.002622762783345806,0.00269787149524976
466,ortho,tttttggctttgtcttttaaagatcca,1.0,ttg,1.0,,FLALSFKDP,,False,False,5.0,3.0,5.0,614.0,484.0,695.0,972.0,744.0,644.0,True,False,True,True,False,False,1.0,both,0.0038819286635701764,0.0033296188391982065,0.0035273755011721404,0.003695945295194067,0.0033851124990383202,0.0038343981374204155
467,ortho,tttttggctttgtcttttaaagatcca,2.0,gct,2.0,,FLALSFKDP,,False,False,5.0,3.0,5.0,614.0,484.0,695.0,972.0,744.0,644.0,True,False,True,True,False,False,1.0,both,0.0038819286635701764,0.0033296188391982065,0.0035273755011721404,0.003695945295194067,0.0033851124990383202,0.0038343981374204155
468,ortho,tttttggctttgtcttttaaagatcca,3.0,ttg,3.0,,FLALSFKDP,,False,False,5.0,3.0,5.0,614.0,484.0,695.0,972.0,744.0,644.0,True,False,True,True,False,False,1.0,both,0.0038819286635701764,0.0033296188391982065,0.0035273755011721404,0.003695945295194067,0.0033851124990383202,0.0038343981374204155
469,ortho,tttttggctttgtcttttaaagatcca,5.0,ttt,4.0,,FLALSFKDP,,False,False,5.0,3.0,5.0,614.0,484.0,695.0,972.0,744.0,644.0,True,False,True,True,False,False,1.0,both,0.0038819286635701764,0.0033296188391982065,0.0035273755011721404,0.003695945295194067,0.0033851124990383202,0.0038343981374204155
470,ortho,tttttggctttgtcttttaaagatcca,6.0,aaa,5.0,,FLALSFKDP,,False,False,5.0,3.0,5.0,614.0,484.0,695.0,972.0,744.0,644.0,True,False,True,True,False,False,1.0,both,0.0038819286635701764,0.0033296188391982065,0.0035273755011721404,0.003695945295194067,0.0033851124990383202,0.0038343981374204155
471,ortho,tttttggctttgtcttttagagatcca,1.0,ttg,1.0,,FLALSFRDP,,False,False,4.0,2.0,4.0,915.0,745.0,979.0,1280.0,1180.0,961.0,True,False,True,True,False,False,1.0,both,0.005112004824454553,0.005280847083674574,0.005263676796003768,0.005507801213522103,0.005210555396247001,0.0054012601101217075
472,ortho,tttttggctttgtcttttagagatcca,2.0,gct,2.0,,FLALSFRDP,,False,False,4.0,2.0,4.0,915.0,745.0,979.0,1280.0,1180.0,961.0,True,False,True,True,False,False,1.0,both,0.005112004824454553,0.005280847083674574,0.005263676796003768,0.005507801213522103,0.005210555396247001,0.0054012601101217075
473,ortho,tttttggctttgtcttttagagatcca,3.0,ttg,3.0,,FLALSFRDP,,False,False,4.0,2.0,4.0,915.0,745.0,979.0,1280.0,1180.0,961.0,True,False,True,True,False,False,1.0,both,0.005112004824454553,0.005280847083674574,0.005263676796003768,0.005507801213522103,0.005210555396247001,0.0054012601101217075
474,ortho,tttttggctttgtcttttagagatcca,5.0,ttt,4.0,,FLALSFRDP,,False,False,4.0,2.0,4.0,915.0,745.0,979.0,1280.0,1180.0,961.0,True,False,True,True,False,False,1.0,both,0.005112004824454553,0.005280847083674574,0.005263676796003768,0.005507801213522103,0.005210555396247001,0.0054012601101217075
475,ortho,tttttggctttgtcttttagagatgct,1.0,ttg,1.0,,FLALSFRDA,,False,False,6.0,3.0,5.0,1024.0,829.0,1079.0,1428.0,1198.0,1104.0,True,False,True,True,False,False,1.0,both,0.005703080382282111,0.005361402378171305,0.006046929430580812,0.006163921795242223,0.005798054259716462,0.005952972072340472
476,ortho,tttttggctttgtcttttagagatgct,2.0,gct,2.0,,FLALSFRDA,,False,False,6.0,3.0,5.0,1024.0,829.0,1079.0,1428.0,1198.0,1104.0,True,False,True,True,False,False,1.0,both,0.005703080382282111,0.005361402378171305,0.006046929430580812,0.006163921795242223,0.005798054259716462,0.005952972072340472
477,ortho,tttttggctttgtcttttagagatgct,3.0,ttg,3.0,,FLALSFRDA,,False,False,6.0,3.0,5.0,1024.0,829.0,1079.0,1428.0,1198.0,1104.0,True,False,True,True,False,False,1.0,both,0.005703080382282111,0.005361402378171305,0.006046929430580812,0.006163921795242223,0.005798054259716462,0.005952972072340472
478,ortho,tttttggctttgtcttttagagatgct,5.0,ttt,4.0,,FLALSFRDA,,False,False,6.0,3.0,5.0,1024.0,829.0,1079.0,1428.0,1198.0,1104.0,True,False,True,True,False,False,1.0,both,0.005703080382282111,0.005361402378171305,0.006046929430580812,0.006163921795242223,0.005798054259716462,0.005952972072340472
479,ortho,tttttggctttgtcttttagagatgct,8.0,gct,5.0,,FLALSFRDA,,False,False,6.0,3.0,5.0,1024.0,829.0,1079.0,1428.0,1198.0,1104.0,True,False,True,True,False,False,1.0,both,0.005703080382282111,0.005361402378171305,0.006046929430580812,0.006163921795242223,0.005798054259716462,0.005952972072340472
480,single,tttttggttttatctttgagagatcca,1.0,ttg,1.0,,FLVLSLRDP,,False,False,1.0,0.0,1.0,851.0,746.0,959.0,1223.0,1140.0,920.0,True,False,True,True,False,False,1.0,both,0.004884360859615561,0.005101835318126284,0.005039107858817343,0.0051225561013194644,0.005217549430335923,0.005290917717677954
481,ortho,tttttggttttgtctttgagagatcca,1.0,ttg,1.0,,FLVLSLRDP,,False,False,2.0,0.0,2.0,42.0,45.0,56.0,85.0,73.0,40.0,True,False,True,True,False,False,1.0,both,0.00033946907037393515,0.00032669647212563044,0.00021909164603553668,0.0002528171048829818,0.00031473153400149673,0.0003089586988425083
482,ortho,tttttggttttgtctttgagagatcca,3.0,ttg,2.0,,FLVLSLRDP,,False,False,2.0,0.0,2.0,42.0,45.0,56.0,85.0,73.0,40.0,True,False,True,True,False,False,1.0,both,0.00033946907037393515,0.00032669647212563044,0.00021909164603553668,0.0002528171048829818,0.00031473153400149673,0.0003089586988425083
483,ortho,tttttgtctttgtcttttagagatcca,1.0,ttg,1.0,,FLSLSFRDP,,False,False,5.0,2.0,4.0,949.0,740.0,1009.0,1361.0,1124.0,930.0,True,False,True,True,False,False,1.0,both,0.005435498879752068,0.005030230611906968,0.005093880770326228,0.005712462679379755,0.005175585225802391,0.005566773698787337
484,ortho,tttttgtctttgtcttttagagatcca,2.0,tct,2.0,,FLSLSFRDP,,False,False,5.0,2.0,4.0,949.0,740.0,1009.0,1361.0,1124.0,930.0,True,False,True,True,False,False,1.0,both,0.005435498879752068,0.005030230611906968,0.005093880770326228,0.005712462679379755,0.005175585225802391,0.005566773698787337
485,ortho,tttttgtctttgtcttttagagatcca,3.0,ttg,3.0,,FLSLSFRDP,,False,False,5.0,2.0,4.0,949.0,740.0,1009.0,1361.0,1124.0,930.0,True,False,True,True,False,False,1.0,both,0.005435498879752068,0.005030230611906968,0.005093880770326228,0.005712462679379755,0.005175585225802391,0.005566773698787337
486,ortho,tttttgtctttgtcttttagagatcca,5.0,ttt,4.0,,FLSLSFRDP,,False,False,5.0,2.0,4.0,949.0,740.0,1009.0,1361.0,1124.0,930.0,True,False,True,True,False,False,1.0,both,0.005435498879752068,0.005030230611906968,0.005093880770326228,0.005712462679379755,0.005175585225802391,0.005566773698787337
487,single,ttttttgttttatctttgagagatcca,1.0,ttt,1.0,,FFVLSLRDP,,False,False,1.0,1.0,1.0,30.0,18.0,42.0,41.0,42.0,34.0,True,False,True,True,False,False,1.0,both,0.0001637439045333099,0.00018796235382570519,0.00018622789913020615,0.000180583646344987,0.0001258926136005987,0.00023171902413188122
