,rep_compared,Pearson,replicate1,replicate2
0,"('1', '2')",0.16291546926380923,1,2
1,"('1', '3')",0.18345365715002412,1,3
2,"('2', '3')",0.49246682104763206,2,3
