,rep_compared,Pearson,replicate1,replicate2
0,"('1', '2')",0.9745532039639653,1,2
1,"('1', '3')",0.9694468294793779,1,3
2,"('2', '3')",0.9795030898183706,2,3
