,rep_compared,Pearson,replicate1,replicate2
0,"('1', '2')",0.14677414947811032,1,2
1,"('1', '3')",-0.0753766938400282,1,3
2,"('2', '3')",0.1504085574199213,2,3
